purple	darkorange	lightcyan	turquoise	sienna3	salmon	darkgreen	yellowgreen	violet	brown	tan	paleturquoise	darkred	midnightblue	darkmagenta	saddlebrown	greenyellow	steelblue	blue	darkgrey	green	cyan	lightyellow	orange	magenta	black	darkturquoise	skyblue	pink	yellow	white	red	lightgreen	royalblue	darkolivegreen	grey60	grey	Probe	Module
-0.121225153954911	0.217187662331775	0.236630087463697	0.265141810707149	0.177328269175248	-0.172920826948545	0.210001661415959	0.507103801748952	0.101146035328336	0.286823536657564	0.200828982696134	0.01398285283539	-0.140566250763549	0.0687538616818245	0.109806134971897	0.0936290791306852	-0.0454908083015172	0.0803918389908878	0.182385180602287	0.257206166146551	0.266634787857485	-0.0105710141497551	0.132083949034875	0.301881683993344	-0.351005173947643	-0.31373208562233	-0.284488662251046	-0.146628257015608	-0.00493321064920668	0.046483067559194	-0.0573790238642029	0.0258794293967542	-0.105529832090417	-0.0566644154067386	0.00469056117324541	0.0770796053366114	0.318544271966895	1,2-Dioleoyl-sn-glycero-3-phospho-(1'-myo-inositol)	grey
-0.166947482143633	-0.474015331124791	-0.354150139136805	-0.269149638829034	-0.0714044241019483	-0.291682200912163	-0.338856920717694	-0.387225720137687	-0.240798648197438	-0.417454647545393	-0.378592037875371	0.445916510699093	0.766930514690935	0.468435300151605	0.0734790662062867	0.207000421863793	0.259658945562497	0.210530739494536	-0.0125946165738244	0.0756956478795871	-0.260566400637839	-0.0617461209745659	-0.446808888317348	-0.431057045624363	0.914968283634185	0.664817677750334	0.560993042954917	0.43056618710262	-0.0885446479176379	-0.0594796090712181	0.26826404332215	0.262266573287577	0.0782587869311293	0.0549052198959428	0.203103263394938	0.0707105154673788	0.0608339799688476	13-HODE	magenta
0.0897326510950822	0.00917019360474687	-0.00387944729721796	0.0123897305334234	0.109286016572704	-0.00711284985894031	0.128705179293598	0.129923869523144	-0.301212782446407	-0.269147667348084	-0.303161076469255	-0.17718412823985	-0.0440755990875451	-0.00425885406305712	-0.145664538476062	0.0294759882681644	0.0748986378785916	0.0224388713680063	-0.0358017305532886	0.134822850841307	0.164143183273977	-0.0411874335463621	-0.133611250863152	-0.261099654020092	0.093278128127699	-0.0533988388368824	0.00223883703042513	-0.210073231568708	-0.125849722494264	-0.195946760368859	0.062015942859505	-0.0479824083091426	0.00317831530698231	0.0834996532878792	-0.0362372019391808	0.0592536510073833	0.21178346734918	16,16-dimethylprostaglandin A1	grey
-0.103197999765431	-0.340799899092389	-0.448502662816373	-0.397140193765488	-0.0545300049816394	-0.379637005289022	-0.583906711959803	-0.465881417058158	0.106205764081969	-0.271430690555086	-0.161514043988394	0.585273401811169	0.682667113967608	0.355901061063062	0.0297712194850991	0.101474084988647	0.0631443874177619	0.00494531523195442	-0.225898971050565	0.0101847284475189	-0.415449239597873	-0.336644415077501	-0.545724501823922	-0.51197986851804	0.877652255522009	0.57155410512217	0.53316844596259	0.61669847698293	-0.172063486362586	0.0773914114586229	0.352961531784286	0.396910449163397	0.185379563246528	0.194910514594985	0.194334670472212	0.0781047277799745	-0.0625885136308077	4-HDoHE	magenta
0.026600292029861	-0.036004625616165	-0.187932166392074	-0.217216934638313	0.219423796136238	-0.213294151533067	-0.24892424412179	0.0503579181086766	0.00296849927443066	-0.033624883524651	-0.0910967836441991	0.148611108106232	0.00319467344156026	-0.0918643375887642	-0.014697120580876	0.125397874770002	-0.0526573654921517	-0.157718275001159	-0.103314319089093	0.23850984386125	0.0794787396024286	-0.369968193954862	-0.347455971349802	-0.275166079265735	0.0895981750805783	0.0564948656815879	-0.00787811012294777	0.287550765071397	-0.112820923759451	0.106563704304626	0.630877876947307	-0.00621712746246466	-0.000781678553294306	0.274958807865183	-0.0703524607075538	0.0327345236727566	-0.0973514919025412	4-methyl-2-oxopentanoic acid	white
-0.177417695307049	-0.438002587222849	-0.496015535543524	-0.493427038798697	-0.135866117817113	-0.294299888725458	-0.60712030587973	-0.529989490354601	0.0521450638292526	-0.0778478094114831	-0.0416576220450357	0.683806441661948	0.694094806961412	0.389731285236493	0.128710453677439	0.121192578114371	0.216865813490393	0.0674995540789606	-0.0996504734436623	0.123590483756248	-0.279096447088118	-0.180424547230263	-0.468308433173679	-0.259607440701082	0.924565117175124	0.688399327929255	0.550674526467076	0.677539967378372	-0.102348170829645	0.103644731517915	0.211062560667091	0.239776946609394	0.0641203682605137	0.0847058288784543	0.171142848296532	-0.0651147573373899	-0.195871099091184	5-HETE	magenta
-0.114465308547043	-0.592313421060161	-0.571709120313056	-0.426734438677354	-0.122270905802524	-0.212188583155294	-0.317434478283159	-0.353107975876309	-0.151400904818262	-0.389046942666825	-0.325016188429276	0.403374332890031	0.676166392891332	0.458864748031412	0.0472876283001483	0.269148906666381	0.366917729662692	0.155742877532831	0.082600609135184	0.189438604430847	-0.0859089511670992	0.0498272910520189	-0.237459548686257	-0.327281348244793	0.760426444282497	0.776987991113301	0.713534452320683	0.449372958685563	-0.0324410748379142	0.0298614804248097	0.213036816486625	0.305186503279	0.199184457907301	0.134300808145157	0.225038739060232	-0.0151083995700425	0.0457001920108268	8,15-DiHETE	magenta
-0.0989259601751176	0.153278961602765	0.33126371280625	0.35936852226601	0.0981698767065461	0.0362243203063614	0.629209242208178	0.467381970863325	-0.430735272115307	-0.287065340268735	-0.419792177229358	-0.713200118813092	-0.241043410142401	-0.166169052186229	0.018962078332582	0.345039520490604	0.229589117805737	0.415139723044335	0.410915254801215	0.0763105749425317	0.255744178811591	0.246510680408568	0.209429702989337	-0.0982812858235794	-0.416803781671709	-0.154867684887964	-0.084495519032746	-0.639684507710601	0.0445546419005185	-0.245806821703039	-0.204856069496021	-0.0198105077183226	-0.0881939600990335	-0.124406222066522	0.0327381529941607	0.208094513840496	0.478942475607084	acylcarnitine 08:0	grey
-0.133704034824211	0.133327652116701	0.313964431213342	0.317729692699915	0.00814621231544836	-0.109723382571675	0.549220396414236	0.38102989493476	-0.233947262981292	-0.159793340140656	-0.255663586606374	-0.284720769373995	-0.0793776094749422	0.0228675627875452	0.0529988409279117	0.457044902895744	0.305974921576948	0.422363153045699	0.494829617547311	0.175948461537956	0.271477703990859	0.226974823912729	0.148873558017786	0.162730354569303	-0.27285710522135	-0.0249309705876091	0.019562517355026	-0.435428479234526	-0.0202475962739379	-0.324147162154373	-0.303404383684556	-0.128915407569165	-0.131447531705604	-0.168348365145995	0.177120385051395	0.0709044759384508	0.552298428891078	acylcarnitine 08:1	grey
-0.141434006778622	-0.00418911341131096	-0.127877554539926	0.0243821359944475	0.283871448415669	-0.0212981704118319	0.322659105757194	0.144658343993273	-0.238927907246919	-0.11423393237755	-0.239579720021441	-0.205743776304208	0.0729078782337352	0.0222961772285515	0.16983457496833	0.130660801353288	0.0626793636169515	-0.00677581157120279	0.0392374073450714	-0.00964992723149032	0.0289593519117401	0.0190802813878342	0.0152775359033419	-0.0326632392632905	-0.0090583167834625	-0.0350430004139157	0.0628573265170405	-0.288723969513416	-0.0718872109174824	-0.187347980089646	-0.0252948209907051	0.223563223510751	0.0937868596474301	-0.0124530172375073	0.0435929471290124	-0.0759222356833941	0.385714627395567	acylcarnitine 10:0	grey
-0.132021302736117	0.0340896169760425	0.132215384446874	0.298099323551687	0.108063780378153	0.0274037674849653	0.563796902071937	0.400070647676072	-0.392112044363247	-0.214306361180144	-0.400282443101295	-0.482592704147886	-0.149760751375698	-0.0873035815718813	-0.0505808917914785	0.181447695902421	0.152754862095399	0.220745308980266	0.177944160646516	0.0305015994884551	0.146511550934538	0.103089486728622	0.123871943968457	-0.0412290283966806	-0.234779702438394	-0.119044886106178	-0.0529425168709744	-0.519483452121585	0.0120250176596396	-0.17743300193367	-0.0823843039132064	0.139723898133568	-0.0162423546400246	-0.160832252463194	0.0521800360606239	0.147371844363393	0.581748704772753	acylcarnitine 10:1	grey
0.0458455699904669	0.125692932649243	0.136637848526214	0.0385934540557535	-0.118668625397685	-0.161748103287107	0.162416546111511	0.0441234287911541	0.06628736001803	-0.0518777916595496	-0.0197210507460125	-0.360738466390034	-0.130351866192148	-0.21344747425831	-0.2474362380689	0.174936893743006	-0.083400704462557	0.0189309336921781	0.0236979170470463	-0.226600145741932	-0.0764666818454589	-0.0791806058808824	0.0512032510184438	0.0122722600712004	-0.187706928511076	-0.0464631872601081	0.102706718078746	-0.302348117756797	0.107746455910499	0.104770290753933	-0.350169102303071	0.22117989630311	0.177244491439669	-0.00891082919712852	0.0587379589789443	0.164104374210143	0.33353566398389	acylcarnitine 12:1	grey
-0.412956024572394	-0.366575848447568	-0.257775076559698	-0.194151215477157	-0.12920921453184	-0.213758715844525	-0.0134140237299382	-0.1132793908925	-0.342398276351885	-0.344323121828272	-0.303696691593081	-0.000359435759223694	0.394720214931885	0.114094418023541	0.217727250582733	0.226709749744424	0.210571380487388	0.154446636526775	0.109743829243177	0.0699243000724555	-0.112788109314283	0.00141326794899387	-0.141078983318192	-0.2061858134251	0.43541010507924	0.323199740608248	0.191434657425001	0.0478987145225855	0.0954294773017313	-0.00475358387809522	0.0595741442572865	0.326569567345009	-0.0481016661839006	-0.0550267718443477	-0.00907207243314792	0.0457828306548565	0.299196878634467	acylcarnitine 14:1	grey
0.11293113090866	-0.0354077247765223	-0.00571987346619277	0.0352268684918704	0.147710657478725	0.201015675585409	0.030388576620988	-0.149753312396767	0.0660975136983096	0.0167921224280112	-0.0224929921345595	0.103830627172278	0.115518948959483	0.234393599572977	0.774757332902634	0.203345226249492	0.229784598968456	0.0621686865113341	0.0588178478325255	0.0863488257615886	0.106893228066596	0.217538675141063	-0.0283735930779175	-0.0870809806031533	0.086113945981021	0.205655517785342	0.200991565536905	-0.0306309376913878	-0.234843536270775	-0.203503675022951	-0.0327033323593381	-0.073420013103417	0.0798763979322916	0.0185568763397578	0.146740319168164	-0.0678180131917806	-0.182314991180263	acylcarnitine 16:0	darkmagenta
0.117084460714382	0.083082752064625	0.103612873759135	-0.0865863219853584	-0.028243437538568	-0.0299433685054215	-0.0823960881182835	-0.212795799473522	0.093859029324234	0.188681377335763	0.194863347882297	0.168464187708019	0.0623887397094858	0.136340972999377	0.80640630949878	0.169758394563973	0.0889580401848047	-0.195237193154105	0.103198381313637	0.00109210073541586	0.0494720066179452	0.0667600567334606	0.105493100040948	0.210641457777667	0.0632498774154554	0.0406572076865042	0.084831908424672	0.0646242746341455	-0.114123697429418	-0.13099825501791	-0.136488728776831	-0.247489086618855	0.0319689540649447	0.0733205660973894	0.32433989217583	-0.0683595080622541	-0.256084907099635	acylcarnitine 18:0 Isomer A	darkmagenta
-0.157255719084586	0.132941645140246	0.190374090170056	-0.0145362704824405	0.0289937207138201	-0.0470026832601212	0.0986360022581666	0.0050427685896836	0.116701371887718	0.200632555134578	0.137301360508445	-0.00597821586843833	-0.0655915926778215	0.0348068017833813	0.923527803607861	0.19617795432298	0.137027369775765	0.00100255302648162	0.219948806631713	0.0901645612732529	0.135498669769825	0.149630888938829	0.248208060841028	0.21280834056122	-0.0655048220985146	-0.0255057125302465	-0.0231834675668414	0.0346431908023377	0.0897632774307186	0.0339068541603383	-0.186475705662855	-0.155992705702889	-0.153911738318531	-0.0981955213675182	0.0850854749133824	-0.162240847310537	-0.233357576867309	acylcarnitine 18:1	darkmagenta
-0.337268200415102	0.00105351892120167	-0.0885659518432061	-0.219808536295278	-0.00697520616883425	-0.330096112981405	-0.300950987779048	-0.201826332598423	0.368983672124661	0.356852774068152	0.29908315549691	0.557770865725568	0.149814962861171	0.142890575410945	0.705478005015423	0.137105145997096	-0.060543661629699	-0.0849687198139775	0.0563715874980036	0.303462716703504	-0.0439465542008454	-0.124420223384782	-0.00276860980043573	0.232870814812954	0.291899243742409	0.0682399351728688	-0.0252797218035387	0.539504425937003	0.0614400796236751	0.266650434337615	0.0183140045277393	0.00393713798869377	-0.196029718018155	-0.111667935518036	-0.0447210243488374	-0.062139856539698	-0.307847266211957	acylcarnitine 18:2 Isomer A	darkmagenta
-0.182766856348624	-0.0243961373525487	0.138059347309782	-0.0219702680059989	0.0159706252127676	-0.145904296777843	0.154573734170432	0.0601108150596948	-0.107445379461048	0.00394684868290345	-0.0357524307519713	0.0160227943332441	0.131024268973108	0.165001437831677	0.842741654905248	0.381565522296094	0.222793622831473	0.0781776808725902	0.392442291817777	0.112500734931178	0.154017995148269	0.203463790536364	0.307643231441014	0.19998753776443	0.000664520241259607	0.0706562518063691	0.090342914635936	0.0400582010654219	0.119425857072636	-0.032184659796664	-0.236698896011492	-0.0703760508311312	-0.110551194223862	-0.104556882437189	0.138910429295304	-0.109050724527233	0.0592219841859056	acylcarnitine 20:1	darkmagenta
-0.119252830572603	-0.44147395884047	0.0832055560949985	-0.049724484209256	-0.128516438265931	0.00575486127976926	0.114451826776603	-0.119392769797792	-0.346520524394658	-0.322408516065334	-0.167608359329999	-0.0727303963489014	0.208428654028238	0.213458999852728	0.0270598565638716	0.249961741077983	0.388917620548138	0.504457807607348	0.334777878676924	0.0166547655456701	-0.0810976900811852	0.811456099250451	0.289265455392257	0.0838911465985608	0.0547747035644342	0.33959700003833	0.2117177858834	0.0212535335605818	0.324873698775824	-0.0222759423961956	-0.405581580987931	-0.196768338225369	-0.3262221176654	-0.291561356127871	0.0539826309535178	0.0813276651679897	0.0447132267425413	C16 Lactosyl Ceramide (d18:1/16:0)	cyan
0.239542849472879	0.343534368266622	0.406760174532752	0.577612297857439	0.159196832448524	0.472552964227864	0.537215849461726	0.8559007146957	-0.153830140183293	0.065633204748137	-0.137731839420646	-0.538947777317929	-0.27555888134451	-0.0395152144210345	-0.138840248294654	-0.0777388254237563	0.0877275205603652	0.181310301878436	0.192860979793387	0.00926401999942508	0.43292211254518	0.139786480636793	0.266710312566783	0.0189578775407659	-0.531412641510021	-0.340410833036532	-0.126778801753133	-0.703596203475374	-0.20591160110023	-0.397093684029097	-0.122631686711109	-0.157463982664762	-0.00869158288959784	-0.195193940633845	-0.0900445205974039	-0.189251573859826	0.197868686428503	CE 18:1	yellowgreen
0.228805838914471	0.58701527857201	0.603205783624225	0.666178018895173	0.282233865493095	0.314445747507111	0.444613178477783	0.864073783813866	0.0416287369590484	0.33585441071627	0.149634154245266	-0.491865775376969	-0.539498434126969	-0.193612331854157	-0.0468474254133077	-0.145011096250797	-0.0410939145589574	0.0806170965430713	0.134090890092393	0.118636340559284	0.448127510053429	0.101771595324216	0.380691811081292	0.283326271868979	-0.701158061955951	-0.59961072289688	-0.369762193091819	-0.581142782416895	-0.171009591402078	-0.256445787081275	-0.229209086981225	-0.335928559729433	-0.140249403375642	-0.231763063259585	-0.145111246010669	-0.177754407779756	0.064668496192636	CE 18:2	yellowgreen
-0.0304692855091528	0.309046446400823	0.283898966214827	0.377506676053171	0.211793421594617	0.0733578822957441	0.361926770255638	0.803020170856241	0.0509521428644893	0.243810976573223	0.127101436994506	-0.118740128151034	-0.164428583905433	0.0506440449154697	-0.0656844104875348	0.00316634226467815	-0.045334247797944	0.00937377789937604	0.166064128780112	0.24050164414279	0.394080399733653	-0.0688276944504592	0.20962482328179	0.213857162283729	-0.392731447499519	-0.349617763769515	-0.243868179629272	-0.288538292543277	-0.162589391717287	-0.173459540645405	0.0784499802910069	-0.0193769709635263	-0.0745381800092659	-0.0358178787843929	-0.0919814384660515	-0.0837117220686049	0.325571787877103	CE_13-HODE	yellowgreen
0.0399570454038935	-0.0853916165675635	-0.223670634137215	-0.240742831154308	-0.13228063580065	-0.123430419014629	-0.0784483266520554	-0.291656862740234	-0.174929425407795	-0.245120238623571	-0.209411401188123	0.0614582815868105	0.297719672545859	0.172484401420459	0.189467782501316	0.0414574440682326	0.23275026197269	-0.00229859858521011	0.120659963753119	-0.245448401872353	-0.188998540068783	0.034144978885812	-0.0176257710079593	0.00786473530585783	0.297823894554584	0.309443551905955	0.390196023639797	0.0739451015455604	-0.161898545346778	-0.148390347006928	0.10523847759525	0.0359559791421485	0.247167634571245	0.260094438155058	0.867584784257077	0.123528728478698	0.0456155404130945	Cer 18:0;2O/24:0	darkolivegreen
-0.218985526351403	-0.0805265788497198	0.160241797804593	0.256160894429584	-0.0764321524157672	0.101070768153669	0.351849149835482	0.232082124676309	-0.292972328713376	-0.259457058980095	-0.386834618767039	-0.241054348875789	0.124837195289504	0.161403761717182	-0.0433173652583479	0.396861492871595	0.518417819218204	0.818031986162013	0.551975129798499	0.0598991420321112	0.112405123644916	0.404843348207702	0.0844126560086757	-0.0993321649366817	-0.0513595506538248	0.243830394134865	0.166741878866947	-0.23223454324402	0.146781680346507	-0.114152738138669	-0.276017608793314	0.0552237359592078	-0.183227185238546	-0.340994209143864	0.0497689090894609	0.10310010653113	0.332746298519667	Cer 18:0;2O/24:1	steelblue
-0.205280707384687	-0.271252420041621	-0.35576235884951	-0.277292811864511	0.116945930661699	-0.295530805425105	0.00300949847359735	-0.153780058042775	-0.229939403610968	-0.581480289323952	-0.481806522843155	-0.128730736080945	0.199946126520202	0.0768902298273278	-0.272924326440714	0.270313125321098	0.132092918807535	0.166446443205831	0.173859442822303	-0.0411051728196203	-0.114975477336286	-0.130317978071703	-0.182003186978766	-0.390786927370119	0.127464746134683	0.255138223838952	0.243671514081054	0.177124553388599	0.129697610088854	0.155000184788594	0.304176546808756	0.46074815628333	0.199964208448482	0.238322903348657	0.19558794653841	0.352662757573533	0.387777472822658	Cer 18:0;3O/16:0;(2OH)	grey
0.0230187039323743	-0.25913134748416	-0.14402093895162	-0.00823815454326447	0.16344887772679	-0.285718219104404	0.00958102840653693	0.0465144524943998	-0.0300716051270749	-0.220643719624625	-0.112077839833248	0.0453755606373588	0.242258275356692	0.227519074553113	-0.233611538242859	0.0902717404609257	-0.0696746737315917	0.0547741873283236	-0.119876965708949	-0.00535659234100076	-0.237032426884762	-0.0990235014611455	-0.119378807650538	-0.285388571011418	0.0694717384917266	0.101730434887145	0.149112323264564	0.145989219079996	-0.00386538170230103	0.109850889122079	0.112693721955731	0.627316438518109	0.269919040812673	0.110751724221434	-0.108072317252052	0.372997699874582	0.405404986071622	Cer 18:0;3O/24:0;(2OH)	red
0.232652252643855	0.15807020583652	0.38213573037532	0.617181037010324	0.156135356171712	0.440275675790804	0.522217683977941	0.414155255018838	-0.346619241852961	-0.309263854332066	-0.467921098381923	-0.474354461131753	-0.124963392647801	0.0754130623844474	-0.00666999946396045	0.190044628736805	0.33909680198859	0.438851923926853	0.32450511790583	-0.0718501067690104	0.227480496996672	0.472950689423134	0.132321109409014	-0.244372694224894	-0.245126321806581	0.0619662964634713	0.198214964887738	-0.526859247437421	-0.139348551672318	-0.404783306458201	-0.246926624967062	-0.207802716094209	-0.0579979866984924	-0.331676423163554	0.0995119162116658	0.0230499201289429	0.285126114983866	Cer 18:1;2O_26:0;(2OH)	turquoise
-0.374514153633659	-0.116274351520515	-0.189580145249944	-0.0969099874500011	-0.241905435998773	-0.17989595950797	-0.0234688177235398	-0.0582511921243118	-0.186499066698338	-0.177215150430872	-0.177173127160452	-0.0450935151298498	0.19124426909223	0.102871137827989	-0.0789317986997898	0.238890252006188	0.557638821566419	0.762347648029742	0.337311363016093	0.166250949650278	-0.0633313249080165	0.302922365330618	-0.102470495833425	0.0389502251443369	0.29782151376591	0.3952956888542	0.147664436298487	0.156205785231859	0.352490557763103	0.257564973758541	-0.139476328021225	-0.0981134538328866	-0.411931859317254	-0.36026727530782	0.088871789877906	-0.0753047405013957	0.135025658335569	Cer 18:1;2O/24:2	steelblue
-0.453899429467491	-0.281222422500638	-0.541069861488277	-0.449033428040771	-0.146950317555397	-0.261113587811984	-0.00508189975150079	-0.211058968815244	-0.132154316136765	-0.288884898390915	-0.180845637500523	-0.0798956721567369	0.266010361735649	0.058074482797836	0.0122073242037256	0.321974080605557	0.430044076323952	0.356860053207745	0.454837909769627	0.166615312599328	0.135787080463822	0.149901905979178	-0.0798012295061739	-0.0848986228367637	0.194417352625072	0.507154384057073	0.342074106635403	0.138206388785612	0.25933719747001	0.222239002854715	0.123314948289	0.269208765378108	-0.00304439466918697	0.0460295570226325	0.228066712499104	0.018013683778738	0.218859410512675	Cer 18:1;2O/26:0	black
-0.288603008784068	-0.38021796757952	-0.259327414212559	-0.303056833277606	-0.377712567590569	-0.0186799735410864	0.0050055050697128	-0.191227953067266	-0.309559826742688	-0.199665602558767	-0.181391240707277	-0.027860903280735	0.215771242284242	0.137069596947006	0.115844784479084	0.282802575253223	0.78289333209283	0.486191484947471	0.321193028621082	0.263854926861168	0.226574495189347	0.358985250014976	-0.00287828891821473	0.0655897684150974	0.319366310850631	0.583281910032166	0.243451617130566	0.132922196599179	0.266630498629553	0.153081106103577	-0.0298866709612993	-0.178301922036655	-0.28516536101703	-0.0394259396861527	0.203683178042965	-0.1990377496116	0.0329045085086146	Cer 18:2;2O/22:0	greenyellow
-0.263069268846976	-0.310071087696028	-0.273139177177655	-0.2072797972089	-0.118456690288572	-0.0485412220197366	0.14929526009112	-0.140383788759979	-0.266793281861941	-0.286000111736587	-0.315867409651812	-0.163068908039468	0.120995236036038	0.0232936703643978	0.0641473038219339	0.435929232805575	0.736989581271248	0.546415726175316	0.278999497613758	0.354921070163881	0.244426776114633	0.360565842402323	-0.091273180324789	-0.0647972447979429	0.250461518451505	0.559473065268604	0.344255300079688	-0.034563981668173	0.190513568635401	0.138271269209282	-0.102867440213819	0.0505081630425001	-0.162426097790462	-0.0085809103188617	0.155898419871296	-0.0926693880565997	0.289713334996937	Cer 18:2;2O/23:0	greenyellow
-0.350327702375524	-0.13569064692545	-0.0739280632062058	0.052267503723591	0.0638199400938625	-0.128072397520792	0.0493476155104974	0.182513437486752	-0.179822315785275	-0.17465970290346	-0.232206000104856	-0.0723293292238554	0.16401594723354	0.125752907460991	-0.03807983832012	0.43938008049793	0.506809343779743	0.734437054287788	0.3692864182746	0.273044138219436	0.0737000290048551	0.251884121327122	-0.0879148865617791	-0.203207093731164	0.149381152923382	0.289114944178066	0.217019292776786	0.106438234818859	0.144584167093237	0.0827685290806441	-0.0516814839468371	0.239751860925118	-0.195840661531467	-0.2659187474451	-0.0664823020411846	0.0578943565513108	0.333183061876025	Cer 18:2;2O/24:1	steelblue
0.0312983505258896	-0.127024101850374	-0.247616683168276	-0.167665784776529	0.185990666379771	-0.227622320473993	0.0829754871319174	-0.0853336078247126	-0.183467416075115	-0.364479610328393	-0.232096577002164	-0.166837516739884	0.165250970525928	0.0854427157770758	-0.0867119839290565	0.13661083990545	0.102023449973063	-0.114076227198665	0.063203401825799	-0.114930933303234	-0.12674850065395	-0.00725466539290614	-0.0506497991637769	-0.213611910565333	-0.0507525241280035	0.0525436384127563	0.273130254401619	-0.135377592395675	-0.117723679760796	-0.104318477301458	0.137622096153864	0.561212030422822	0.409918372928136	0.406884635842371	0.429326180587596	0.356724431584267	0.496144960251854	Cer 20:0;2O/24:0	grey
-0.15492112523288	-0.336090401626721	-0.338771978223393	-0.265299560947948	0.061116134267251	-0.417052166110357	-0.384501261688917	-0.146405300603196	0.110298244959281	-0.18022446164885	-0.100684535952737	0.236809716958229	0.323488220332173	0.10472428720189	-0.11480310567575	0.0987990811485659	-0.0896157770464861	0.0391794056559286	-0.169070082405028	0.146279988359187	-0.254753389507418	-0.339586102218113	-0.367302198374379	-0.406281670744251	0.386998083839848	0.265499227626562	0.353748715791268	0.316496458550158	-0.0538271930074408	0.202221635496608	0.170874465383236	0.823105426521721	0.292225989535968	0.140505313232339	-0.0948918143289791	0.323361915105511	0.207315298794539	Cer 20:0;2O/25:0	red
-0.268774178759172	-0.185332271832963	-0.443563872771267	-0.333852012238206	-0.00416261588894784	-0.222209691931325	-0.234903795165608	-0.0578208183432682	0.279625383108473	-0.0908866069539147	-0.0603808624054242	0.215438255147977	0.313144005708152	0.160006715674038	-0.0946934465081087	0.0864626360318524	0.0109058471220272	0.0158457782427702	-0.17916069248262	-0.0225291793740928	-0.162980761303109	-0.374369410968397	-0.216399808711806	-0.251225535268528	0.433641139870366	0.228955862704885	0.259577468864947	0.29066477128068	-0.0101689311142815	0.225346337046681	0.0755155567527004	0.648955696259923	0.22709773976453	0.0848107496344533	0.0110066012069633	0.046476361739517	0.232251275091405	Cer 20:0;2O/26:0	red
-0.150261804150062	-0.23798130705935	-0.152706192321627	-0.184738935296303	0.169959245303522	-0.352248843254217	-0.167717446227124	-0.0940440865972089	0.105713207044075	-0.184953496348983	-0.116233946234897	0.164510594436292	0.201594558571583	0.0761522626792375	-0.248197324771488	0.100561148667509	-0.079253591996929	0.16368598165259	-0.0912376960530177	0.000736054078288534	-0.27024078021012	-0.14102820613904	-0.186364585480518	-0.336794311959434	0.130497882106876	0.0870656748621728	0.202000984188619	0.224560282786505	0.0332671259219545	0.145807555004911	0.0317359172210721	0.678771942495751	0.195497571315291	0.112074878761523	-0.132482723017301	0.405089872683109	0.302813140836028	Cer 20:0;3O/24:0;(2OH)	red
-0.0664094574795989	-0.340858240347109	-0.249820799960027	-0.17627289393732	0.115508880146463	-0.14799588735737	-0.0438726790473771	0.0179586771400704	0.00563053014624537	-0.129616981786234	-0.154135464111292	0.192120126580708	0.393884427772307	0.25569354195338	-0.0128095529175299	0.117002858580634	0.0150252119236239	0.0276959232039839	-0.0286462681667925	0.0266579833391806	-0.18861452087426	-0.215262397720446	-0.0831592577597954	-0.220577235206275	0.22931450173301	0.270828233623166	0.378997906797182	0.156546041108985	-0.214057539083179	-0.0282914720637803	0.150140368451736	0.774100107209207	0.3645729198143	0.245430641047159	0.11957390701765	0.254825721226361	0.329355233860629	Cer 22:0;2O/26:0	red
0.552866906890687	0.430052701891921	0.581212485217392	0.862105923674753	0.298251544628171	0.507453784200238	0.424511508964343	0.564076534759742	-0.153380397789225	-0.00965665425186966	-0.1990241934679	-0.369603124658526	-0.227227982733829	0.0613730725912763	-0.0900923972817813	-0.102557366534245	-0.0408905036493168	0.071279303336258	-0.0687743598786228	-0.172055241150403	0.172141826258785	0.151704461020519	0.0774378693959343	-0.156963556213941	-0.386626702786254	-0.260264418656405	0.000819526658331006	-0.584974989179723	-0.37910801146057	-0.460210406532355	-0.107903501811907	-0.261844852038953	0.112283594168722	-0.165260737561262	-0.0540129406837212	-0.0145110226797576	0.139830917361848	Cer 58:11;2O	turquoise
-0.0871211157893786	-0.530778475921472	-0.309364724108673	-0.24993824224724	-0.175727975053412	0.0864511446305782	0.0140708660340312	-0.162297958788799	-0.298744113367494	-0.461777302725484	-0.419197404316454	0.0295046272268348	0.495271752965003	0.324740558993062	0.0201945213753743	0.440656161897257	0.588446046480334	0.406107051931654	0.346512016525069	0.203156978032572	0.160961904539455	0.298890097415471	-0.151322029387813	-0.255204488230726	0.449211095772029	0.803638505539124	0.701501684468298	0.054439531028288	-0.11699555234799	-0.210023780475461	0.0597999075802712	0.267680765629935	0.0886408627045741	0.118803304598103	0.36181669502735	-0.0145281035976383	0.249268486359927	Cer d32:1	black
-0.139094643907088	-0.605180828499433	-0.47852303773706	-0.459908275975884	-0.175586289825514	-0.144642775577212	-0.124482567105474	-0.270079573407187	-0.233272116277728	-0.434198126884788	-0.32987600239855	0.251303322263814	0.529980776649788	0.320882690400478	-0.0518198462451793	0.347134048400962	0.449641384447184	0.162946118980585	0.102702221988613	0.246260589911707	0.100206081623524	0.0937010064897996	-0.347088537834547	-0.349819498144845	0.508444946792887	0.792741560938075	0.631176246767878	0.19885489744528	-0.097644613694656	-0.0509231232310008	0.192179044481406	0.377377056104115	0.179666769066132	0.289523854851918	0.23823214452684	0.130147774795383	0.278589366463069	Cer d33:1	black
-0.0483273700318694	-0.316000678954239	-0.153035388778478	-0.0496879844252433	-0.046752612803393	-0.109647256419933	0.203286836503813	-0.0499820833978983	-0.355160069147735	-0.335538733648663	-0.375010714373476	-0.0999279966186111	0.279156468627441	0.246575735297036	0.0901936156780931	0.429694286979309	0.527473063651483	0.311962338898431	0.383624635581276	0.175868912771845	0.119763559189021	0.301407564060007	0.0969350001064371	0.0275700018256358	0.0696639223458665	0.355471667654824	0.327507951491862	-0.072034202141948	-0.0110434437363741	-0.0869194805755249	-0.00145769567768886	0.207585610506997	0.157806969669556	0.0962048659460443	0.443161361278459	0.0930920549201775	0.435317482949932	Cer d34:0	grey
-0.232091425641604	-0.593377158108904	-0.194134235547262	-0.221758565932306	-0.248176668782345	-0.104575183442325	-0.0501378888595493	-0.158793772893477	-0.367026559760396	-0.429484623431799	-0.39113489429117	0.112656786142962	0.560450768829742	0.409316224693276	0.20838013471106	0.541259021957578	0.645012856834862	0.497003885128568	0.378581569775418	0.277791913953655	0.0597461766570915	0.396281182148771	-0.0696282849731854	-0.228287860849283	0.496610767517257	0.811742663144453	0.656504095152269	0.161728121583324	-0.0029270574409401	-0.0948473022375037	-0.13282531316173	0.202290579577079	-0.0715910595007729	-0.0281955297209451	0.251200736714233	0.14696781097861	0.28014851406919	Cer d34:1	black
-0.19904892256818	-0.526290153718568	-0.288947678175145	-0.294697882683879	-0.18158117730146	-0.0669529985144448	-0.11752895348333	-0.228896317301488	-0.237835255949595	-0.323268358376368	-0.282827473020069	0.161298562353037	0.509153714041151	0.344942618182413	0.184745589351797	0.400217575983244	0.601433144876376	0.399177759113787	0.256673452112661	0.268137525982488	0.1440055425234	0.297629659457932	-0.229525302808274	-0.188584766252666	0.532075874234314	0.882253225680884	0.657196264117393	0.205932425324656	0.0111512799398132	-0.0248733322225199	0.0813602795734566	0.124569467934352	-0.0205207828709958	0.10318258201949	0.25864873274844	-0.0205316287738177	0.0693207577419424	Cer d34:2	black
-0.123887370135606	-0.410464765755056	-0.356095407104047	-0.201400436648207	0.0962708791617991	-0.283848082615597	-0.179554226449024	-0.111728473187653	-0.188122244435239	-0.517800884493548	-0.367128468301503	0.104297425677667	0.528730037225148	0.338862317055524	-0.248441809668781	0.275413758388631	0.201210125100671	0.237137288718469	0.0606897467631653	0.106611900974937	-0.139938284398227	-0.0283130605126538	-0.275301003721679	-0.41998103182004	0.391160861481779	0.452178841612088	0.465583386698508	0.227221427972894	-0.0447323152884976	0.0756339800609729	0.314903590781472	0.631813106848439	0.283083806386322	0.164368166093012	0.303054934683388	0.417872589709364	0.472973663239602	Cer d34:2 Isomer A	black
-0.107937499123107	-0.683050140021892	-0.411005078189453	-0.378891402429537	-0.230128610673664	-0.088278271442052	-0.0123267554174911	-0.313544227012584	-0.374517931941365	-0.52359460318287	-0.409376663055041	0.0759083101635833	0.54379699766021	0.357797701962309	0.0499085752599683	0.468702695379694	0.570909085176751	0.296915550878442	0.219298658963539	0.29014634356081	0.0539038305952918	0.305848714311998	-0.195055354743462	-0.282534246733308	0.497131292868507	0.844468669173687	0.668617350564062	0.128691894324191	0.0471804213519065	-0.0842332912282689	0.152322883548582	0.280449603748522	0.0934095489359304	0.174122696248474	0.223669068246116	0.108034533047293	0.254006021237169	Cer d34:2 Isomer B	black
-0.220047725763859	-0.255662519118067	-0.225173380687157	-0.161922054483032	-0.139844911326294	-0.0140845687574157	-0.00782901909324084	0.0056681434067388	-0.207989568837867	-0.137659596801412	-0.183178249005776	0.0903405986834002	0.256522525415366	0.213970691546867	0.166387173445598	0.35762639615771	0.853924216374016	0.529535339663311	0.344126852502522	0.453668591911895	0.283478633638289	0.345154060890084	-0.121564064776967	-0.0517924437503228	0.304075937727934	0.448646906009205	0.26163215939387	0.0810561841219175	-0.0490317982131612	-0.0666829317936584	-0.0337296342700513	-0.100819715303076	-0.167423195173945	-0.0941163056007486	0.284368143269991	-0.100079903478605	0.0624756453482284	Cer d36:1	greenyellow
-0.217916733426239	-0.32775899924306	-0.279684784290416	-0.29826950584695	-0.132269727403789	-0.0498108474656474	-0.0989202673611338	-0.0840783108631671	-0.143084420569941	-0.0923147374372852	-0.127324988968388	0.150958240189759	0.296042058350362	0.17642040379754	0.0861155169618747	0.165722467843555	0.576447500180981	0.275479060884315	0.169652434678951	0.447199312427388	0.205423978769254	0.11747694767428	-0.11999766160845	-0.0620369392922402	0.381466651241507	0.391031651997719	0.150160118459025	0.183738719829417	-0.0393102181403891	0.0900126097971514	0.0407917440697693	0.0975884764929442	-0.0335485321813551	0.0571127471959442	0.083843355292257	-0.0578339503112166	0.00172361634944349	Cer d36:2	greenyellow
-0.199709937006374	-0.251945441660512	-0.05931682757202	-0.0185581847294907	0.0202195102615793	0.048188440813524	0.327427156682275	0.104138593247004	-0.406276175538808	-0.362671494821356	-0.387115126276374	-0.156305669194133	0.242326019001407	0.252674515959061	0.119611129267144	0.524560664319121	0.884809102314731	0.602961867964925	0.569509304413888	0.298745599400071	0.384777794073813	0.507661855836317	0.0479481443219223	-0.0435518260444323	0.140089621907011	0.546763547600256	0.382204146351653	-0.105157809386895	0.00292595732937502	-0.178212152984578	-0.0588467645101047	-0.103070996829421	-0.144920079585822	-0.0926708624363787	0.367454797022845	-0.037706414726064	0.329982307557053	Cer d38:1	greenyellow
-0.392913206066501	-0.0476709682463766	-0.0263188135969523	-0.0244898762623506	-0.196268033434334	0.0399507152453856	0.39182029209852	0.174653915208189	-0.175724263803789	-0.185141703408145	-0.134030461249456	-0.21835530608224	0.0999340789273106	0.0710058468869388	0.294718236754007	0.323583648455703	0.616269676290177	0.274521658080574	0.349472020396448	0.318489735267408	0.320867668824823	0.34234481164219	0.225117638165392	0.128755776686828	-0.0310355501532326	0.232154457675927	0.0606917475963035	-0.243882618261482	0.093560464360336	-0.0299644023925683	-0.216488096124051	-0.0100695698208832	-0.31722314128546	-0.210428145786411	0.156723315543664	-0.113574789543634	0.291974311880502	Cer d39:1	greenyellow
0.258309945636888	-0.0719056648431082	0.128944905262797	0.0874104388547717	0.0789973494590688	0.10565696654943	0.0852513415387111	-0.0342036218495455	-0.218070831040562	-0.283895577345969	-0.270055320205412	-0.0248637660789762	0.295773225041295	0.290701047366871	0.102341166921722	-0.0360341034365048	0.201654116371203	0.0997923854822437	0.114378748558812	-0.32939155375069	-0.173627904936237	0.199370252905468	0.0646818454164193	-0.0466008118739994	0.126088944123145	0.200615643917035	0.432255674164694	-0.120040262089167	-0.38306992566873	-0.421622431248486	-0.0277109811991497	0.0728876436439072	0.306451409013425	0.240148738617981	0.891255958878278	0.210667243927318	0.120884124480254	Cer d40:0	darkolivegreen
-0.170195991827694	-0.296096162285717	-0.121505725435705	-0.122168823716403	-0.0614212051306174	-0.118788028312117	0.158046806277852	-0.0280509912572226	-0.39975585069025	-0.316368212093042	-0.336943324804687	-0.0607117871817541	0.314784779156093	0.300398280960465	0.198870678425709	0.425456686012907	0.839393385496204	0.589533003518198	0.539759292560627	0.21342150754785	0.165390855575511	0.492699885863533	0.100284234661952	0.0362330887600722	0.216402662552338	0.451270432092577	0.370392469185563	0.0303732163571652	0.0445970604311832	-0.10827513617239	-0.190434345495965	-0.027050179672719	-0.16349229299439	-0.138863578277463	0.495607410545419	0.0113338081170335	0.265688707282559	Cer d40:1	greenyellow
-0.221868855154998	-0.464946072845781	-0.0959565384600507	-0.16167110504656	-0.15605014087129	0.0834075350665186	0.218486361348375	0.0899538665412976	-0.405197610563555	-0.329968232627735	-0.373493625870716	-0.11335589879075	0.249404627570119	0.307095041808108	0.0495341252300465	0.347533604655657	0.790386535255674	0.503135651294115	0.414717818316589	0.25102387967384	0.340633486346993	0.380986597805837	0.172328749679909	-0.0641403235094094	0.156827464278817	0.424671571449817	0.233927767808906	-0.0211350305739517	0.0519965337589732	-0.0746872105214122	-0.0548717431029752	-0.0991099603777919	-0.273058322211479	-0.0863162719494242	0.0875141195419533	-0.0222849939475594	0.167609544828743	Cer d40:2	greenyellow
0.0383738538674583	0.100625109713259	0.249028642461425	0.422477013051836	0.304726564538318	0.430375296144414	0.608970792792301	0.647147249490719	-0.257179546833871	-0.0738077976671018	-0.276427341010722	-0.345235548901463	-0.0401893958062169	0.196861092863815	0.0429206476296735	0.279482757492165	0.645380280922211	0.478527152544239	0.452463686349982	0.326374794163359	0.65847534414703	0.417009294991683	0.219081869819616	0.0529017293300377	-0.283184726362271	0.0707698832165247	0.152141579784717	-0.573601712297973	-0.311186681939068	-0.507472773790271	-0.121084828200692	-0.153732046988815	-0.0962755476819975	-0.129828393485757	0.150186365884718	-0.212379240443561	0.295651899008478	Cer d41:1	greenyellow
-0.209844659256715	-0.103198015488285	-0.116680440302382	-0.0595798526615486	0.152516371652313	0.146229791756503	0.0627656976798586	0.0415315585344894	-0.112362122242283	-0.0180370154348679	-0.146306436841275	0.0625831811024292	0.135041323883654	0.180129283018879	0.103384443337654	0.289717880441809	0.677776683853383	0.531082223561396	0.279819643408543	0.435566887112851	0.337670747530848	0.248998389448989	-0.212800868585969	-0.171652158054609	0.113581436535319	0.33225752702127	0.13475674260187	0.0530859897277164	-0.0669260110141596	-0.0276858552689514	0.0870010433870818	-0.0426961646451705	-0.22657469671094	-0.00493930127319384	-0.075379359585583	-0.169843831583908	-0.011878903779967	Cer d41:2	greenyellow
0.228794624590077	0.0172376855586846	0.135731049775814	0.177767082612463	0.115942629277956	0.105670242053472	0.150892789592963	-0.0138841022868905	-0.257483378508627	-0.347682331662573	-0.363903647832444	-0.127815879432777	0.273718817250362	0.286731228205658	0.178133303058663	0.0531555565661492	0.332726045714385	0.234915243160898	0.1618006338285	-0.279536439880796	-0.155986080335056	0.216599405577168	0.0288500904689995	-0.142043540726692	0.0889365166691705	0.200831764694149	0.428181714009264	-0.19641075190913	-0.402842088021709	-0.476497694071788	-0.0156277589737391	0.0865417818630812	0.350876092240489	0.230681163947292	0.906167296688034	0.258240373029668	0.159606146664256	Cer d42:0	darkolivegreen
-0.167405040858825	-0.139996273488499	0.0170516624854414	0.10322043498276	0.0611880599702159	0.0727434004775016	0.350541396791678	0.141199626489611	-0.345052106943734	-0.365874973377163	-0.388673632161089	-0.286028148587096	0.225833331166307	0.250388118269979	0.18486247655287	0.394637255654403	0.778213521594687	0.731426704579327	0.594355890822931	0.170799408970664	0.259567130650185	0.598616546232885	0.126407162260096	-0.0340920831536577	0.0582489632012617	0.43980892106685	0.392988654614442	-0.201349964803302	-0.0233335099063142	-0.233068407847708	-0.152026326604029	-0.028189272636284	-0.0937393486372751	-0.157797174201895	0.426620678123378	0.00231719587224696	0.185173039568878	Cer d42:1	greenyellow
-0.205178216820325	-0.202315103134213	0.0664398574495135	0.112776836445966	-0.0723935498819843	0.033299475406641	0.186961187996347	0.141404076984168	-0.396085477794305	-0.350949809916157	-0.391168868604236	-0.280031590391902	0.15726420019218	0.180501138553947	0.0536146197184393	0.243176309069468	0.592294088714196	0.848743207308746	0.454512266638456	0.0423908015936269	0.00773894796984066	0.542545297237528	0.159344892439966	-0.0359817090128216	0.161572448903182	0.284010888161155	0.205291468868025	-0.120352684734211	0.20083701317351	-0.0725785665021906	-0.307379552252259	-0.114613995900173	-0.319917234330705	-0.336860216224995	0.181029588640761	-0.0122901394616406	0.151101388058744	Cer d42:2 Isomer A	steelblue
-0.337560411399576	-0.0881711383804626	0.051729893307479	0.0808487412071615	-0.00717201706538722	-0.07070118067526	0.135729890800941	0.181083918605487	-0.0858855265535374	-0.0238620698589001	-0.131786024254129	-0.0454592325639122	0.169410947553116	0.157214624930779	-0.00893440805837871	0.358869861715432	0.546033228515605	0.87636207166442	0.445794170174571	0.2599500180876	0.0723766784091122	0.398505393886115	-0.0338702224426636	0.0604013229358829	0.149019230635538	0.309020958961042	0.189331033775734	0.00981167595634029	0.150005769067416	0.0228314828399147	-0.180908505640144	-0.0547604946824948	-0.373965538766311	-0.40586487183663	0.0684415313801416	-0.0689482577375917	0.115845902807301	Cer d42:3	steelblue
-0.0920588646594641	-0.0731709168883507	-0.0701563488940834	0.127535996940606	0.337521585840433	0.0107369984536931	0.307163043950025	0.24209718378503	-0.25492110471258	-0.307879587880442	-0.391170967120291	-0.156221138800505	0.208887155865891	0.296310932719047	0.0563309252690344	0.4362705482089	0.628332018640638	0.486959424094137	0.334876772131596	0.193365317879604	0.280048897711036	0.260043492209889	-0.0941309672950226	-0.306340585976338	0.0515011670604872	0.268263508330286	0.405391911886042	-0.248350169396116	-0.264464104853286	-0.288896965039317	-0.0570686842177992	0.361014308933398	0.150518227501351	-0.0457825004682316	0.211838844080832	0.137438392497316	0.481449271899392	Cer d43:1	greenyellow
-0.06956649228852	-0.21529238692953	-0.1630069783045	0.086587223130646	0.0404681252559433	0.0332885080982297	-0.0704279574146995	0.110965404094665	-0.164571294013609	-0.259674381052574	-0.300817923824593	0.0328798903698029	0.245149043431686	0.223141852325563	-0.0921724697097352	0.0701183456349196	0.0352769901126389	0.037399114432709	-0.0543977572104327	0.117624893944216	0.0560616797068607	-0.0541492979047857	-0.0251906948103916	-0.310657321904643	0.173773185864784	0.239610846718918	0.314672936025318	-0.0144744537915719	-0.0963401742626929	-0.0818907429963608	0.173653536750867	0.386596949273399	0.18149105657627	0.0790999328760129	-0.116859552028441	0.151066580512204	0.23205677452603	Cer d43:2	grey
-0.117573407388632	-0.0856312576218448	0.0431291229097534	0.177363301752248	0.160851622350541	-0.0712650035992706	0.372948610688618	0.153959748669921	-0.298067588477784	-0.430533369247375	-0.486840331487935	-0.288737138592889	0.12901243479574	0.0593108697325794	0.0672752981062378	0.503310596716436	0.633890505546879	0.740982842517113	0.427267524971454	0.199973200316129	0.160477955572846	0.320230103835352	-0.14659639994201	-0.16584361273483	0.0551481618630985	0.299995467183506	0.273708926692805	-0.311599050665668	-0.093161486815359	-0.311150946403713	-0.0578065755490002	0.146183113417345	0.0579907027520832	-0.0998576892809362	0.283947990573589	0.163207523146529	0.432568936075388	Cer d44:1	steelblue
-0.335578587726684	-0.279673108137911	-0.411898275597801	-0.267631204583972	-0.0997916108506018	-0.282970948571842	-0.241683219896065	-0.111047009856065	0.0439026236809339	-0.240241490482438	-0.126667233972676	0.10499323340739	0.319666078489095	0.114470153262356	-0.0667286196980193	0.105873625304671	0.0199239762061843	0.118388075496266	-0.04282684905944	0.088146346806779	-0.223249998618059	-0.239089917520232	-0.249774547870857	-0.28976966050575	0.417581890791973	0.372991466094081	0.320056196620757	0.31953307702419	0.0734555378313952	0.247425121921532	0.200587232689626	0.693075856293998	0.096276777573936	-0.0280097768930842	-0.0890483374558227	0.153958076820305	0.209902929587461	Cer d44:2	red
-0.126389288476215	-0.271663933514931	-0.328209189894257	-0.227865634209249	0.0530858093310074	-0.230071803215147	-0.0290143244659238	-0.193330836527622	-0.122421923600657	-0.467318334572673	-0.272007487992464	-0.0280046093243841	0.358053127102228	0.192405057739118	-0.110772049383943	0.22603842634328	0.0930826806220989	-0.0382321653697593	-0.0395317299162509	-0.107635823749938	-0.213312524338895	-0.184515651497732	-0.238075414211243	-0.406940801380618	0.272446426911723	0.312142873434145	0.344512144434605	0.101112766458687	-0.0694529901183962	0.045850380453636	0.184783327689322	0.712929196122993	0.314902108163333	0.257878731720985	0.193141779256399	0.259528598305419	0.495164294358486	Cer d46:1	red
-0.0160918171528488	-0.340868475333038	-0.289224804274676	-0.161666130358972	-0.0586831698702107	-0.041210834711436	-0.114378910813552	-0.0542331622876677	-0.113895652451267	-0.283138172126641	-0.202044140636627	-0.0978699968754171	0.148964162762611	0.0414788520686116	-0.173193708173769	0.0407970221885674	0.0272423412281044	0.000770563556825271	-0.0706302228433618	0.061375023187413	-0.0533478080511021	-0.142177655385794	-0.183225455096848	-0.362105629294272	0.107461651584767	0.229805189066793	0.298147916110184	0.0345746076566861	-0.0127285723584397	0.0899329599906273	0.261647234461784	0.603027185522343	0.282593680921931	0.173949161116305	0.016360951623497	0.268771292426403	0.286272344525901	Cer d46:2	grey
-0.0872372280981552	-0.101758441900227	-0.23117044742402	-0.0694358610845789	0.0809391755744043	-0.216177935901267	-0.0285495750964128	-0.123299796489211	-0.169552851951016	-0.424655647592997	-0.35047619150858	0.0210760971696204	0.357909941903474	0.213808002800549	-0.176577841338542	0.175839676521828	0.0883626505495531	0.123841113484153	0.0386943135589413	-0.00858683928724602	-0.150916519991126	-0.0991673483206545	-0.20999433089555	-0.362385239654467	0.208442042761183	0.21122827967507	0.375303683394854	-0.00785701343314526	-0.180479210737268	-0.146379384473015	0.13783169843214	0.495594173884231	0.231625897675203	0.109112276466431	0.329594931971885	0.327863055641255	0.461426746764511	Cer-NDS d39:0	grey
0.21311966956852	-0.173296483334855	-0.139867020765346	-0.0934727578464197	-0.0373045447361993	-0.12263256911924	-0.0838573663729344	-0.244924705815697	-0.205034359883543	-0.261667121058114	-0.264521446478574	0.226300266876536	0.453896039693514	0.324751703353639	0.115348239068527	0.0743571852852976	0.235720068830778	0.0489447422035305	0.0571959083660077	-0.218852062993962	-0.315826140818373	0.0990897918484901	-0.0968670661810541	-0.0928637450422237	0.374370693195945	0.379192576351924	0.491101443442413	0.144517505874487	-0.297309636270837	-0.276494675636785	0.0946866775908245	0.11964682368029	0.411635731436005	0.259001265062449	0.890583191485836	0.239626068350695	0.125322909151251	Cer-NDS d40:0	darkolivegreen
0.278892489290345	-0.0573838688116975	-0.0159625349039222	0.163963027205811	0.145812514167096	0.00388736776930745	0.145065313352366	-0.0085261123865321	-0.276666931537386	-0.399870996103251	-0.434312182886928	0.058425771560145	0.401574300645036	0.389411894791093	0.0962921478684368	0.164465632897228	0.205112899496154	-0.0417517812357483	-0.071336304871749	-0.0846180957940014	-0.106417895765973	-0.00930055063202464	-0.171498873205083	-0.282842616058413	0.240170675307511	0.288038439657268	0.517027690642813	-0.162697371809063	-0.422600333619338	-0.367812991837956	0.136002148991485	0.235919492287342	0.364571936708324	0.204407798608505	0.624896759336577	0.292471764105078	0.435117258695995	Cer-NDS d41:0	darkolivegreen
-0.0631756330120847	-0.409474209236793	-0.431496105417527	-0.335021447324306	0.074639335308012	-0.258364720317899	-0.182305373435897	-0.226138768096989	-0.138401932246447	-0.387992331571157	-0.253014791633323	0.19563290499521	0.431901793112191	0.263715672040998	-0.0433034663779802	0.151991207971906	0.0329836970153835	0.00205018922029191	-0.0482437552827055	0.04827080565452	-0.229469761736507	-0.237302583537552	-0.311470739103067	-0.266285326150988	0.344020181833947	0.332928197917603	0.31811450219963	0.226476852289497	-0.0481076743272183	0.0821142684284626	0.254446270911262	0.652741816989707	0.283033011305847	0.212664459129107	0.16819569626735	0.239607329198188	0.283156183011914	Cer-NDS d43:0	red
0.0315709958103852	-0.00553502621385774	0.320341632523044	0.363782977478403	0.312492508264613	0.0123270599370503	0.37829240703689	0.726014322580322	-0.183086245958661	-0.159443486545891	-0.300777880296643	-0.223283225119652	0.0375318062193153	0.158599962048992	-0.0612602606494495	0.272374463902857	0.324851151012064	0.337142988417635	0.217519302031131	0.272393535416693	0.356956805673038	0.0492610661263747	0.100235557268782	-0.0661745828821236	-0.150824991110516	-0.0240768238486275	0.15856154901693	-0.317296571018349	-0.291592875122483	-0.29030362177934	0.0505636623341193	0.180607435423608	-0.0412274520652763	-0.151086651584186	0.0578244585331145	0.10195904062327	0.427461995573527	Cer-NP t42:0	yellowgreen
-0.119520405391525	-0.0714205289055049	-0.0864153493238069	0.0626425876942696	0.142863618750249	-0.296634671319314	0.308297995540945	0.285943190727432	-0.3742908346121	-0.463327802283954	-0.46526985135025	-0.283560792938286	0.256022172510976	0.0882242246560486	-0.138095877837251	0.542162774939633	0.303632145520818	0.230838133858632	0.261792780704346	0.108758228700185	0.146771859254271	-0.0183075461770353	-0.222486853048397	-0.363778407538067	0.112474458580434	0.330004221137824	0.368000966338214	-0.223898044264692	0.0195295410643315	0.00872796058990926	0.20391300296927	0.338175203762571	0.0885354300691584	0.0410144193361687	0.1399572492748	0.19423838294171	0.77343185109105	Cholesterol	grey
-0.169161400135349	-0.452259938185129	-0.350037046918804	-0.351248491720671	0.153078107758917	-0.161369508906982	0.056448520162839	-0.0541603067871125	-0.154522659317209	-0.371770918155322	-0.194447549788218	0.151871267221175	0.405790702147872	0.364412436141304	-0.136215132930849	0.209566938573827	0.100666248024926	0.0133610971371799	0.129964779587244	0.173337112227702	0.0523485351453078	0.0709996032321635	0.0870494354162226	-0.157048910348968	0.113004628994728	0.203416827982009	0.269336435115027	0.161757846339866	-0.0693636325435467	-0.0647858972211861	0.22917682491689	0.556174442050923	0.203685260237811	0.218597295507487	0.169903157791006	0.241070050934407	0.368375851217555	cholesterol 3-sulfate	grey
-0.188354474727326	-0.200036755349355	-0.296703106234875	-0.256575523316738	0.218894180548747	-0.173026981759396	0.00500597223268202	-0.0334419755799261	-0.0815023104774991	-0.117227034081295	-0.0966304259637975	0.0771082036381848	0.241783912681068	0.122371525630641	0.116594474864629	0.208199602658563	0.0170383304315038	-0.126274809717555	0.0829700224534286	0.195315263330755	0.301044057647671	-0.21008842749869	-0.199075638898353	-0.137201003542358	0.200373565659568	0.198235216522683	0.165244176495686	0.136904957694602	0.0580179425947944	0.135166060336596	0.343709625624023	0.333246051600132	0.120590682974463	0.0618734453411924	-0.0578059562777445	-0.0537249869978103	0.293785109516997	cis-13-docosenoic acid	red
0.0713046159588982	0.424896725474575	0.575621397759771	0.486548059845432	0.162841372906075	-0.0717872998125153	0.265383004384193	0.324281580401894	0.0134340280723344	0.240533379321957	0.153605081689783	-0.163854224175345	-0.272092067222198	-0.118803965502204	0.250949097506202	0.0558034078559819	-0.136227048174497	-0.0188096727699809	0.109905744729625	0.0313340465665881	0.135906242747037	0.128519794868576	0.194900591527503	0.371246152428851	-0.325756307772994	-0.380995683077721	-0.238354690306672	-0.290753400207088	0.0776821628997097	-0.0337994002570185	-0.295094221997514	-0.365189604080208	-0.317308953072883	-0.325750777583902	-0.0507070562102217	-0.0406118631449348	0.156624406788605	DG 18:1_18:2	lightcyan
0.237140221592929	0.179056859644593	0.5324770409408	0.482555122929259	0.217687795401355	0.0579871481277426	0.487731249120516	0.247600637945131	-0.2370476386707	-0.267748979862912	-0.291368363931441	-0.399614976706826	0.0275475656509202	0.0743276848893506	0.200631868612939	0.343453997612349	0.141886692283592	0.182816943979523	0.262466738971811	-0.212589394329107	0.0892532145821387	0.233915938039584	0.150480333499385	-0.0332636922410788	-0.153260184434455	0.0600031905115806	0.361949521392189	-0.452179205326095	-0.0926561959488194	-0.371581227238228	-0.192357473435632	-0.142410527528309	-0.0413320728510593	-0.228562541544537	0.175704451329316	0.0200292970643861	0.303269249201786	DG 34:1	turquoise
-0.224109016610411	0.114288309069908	0.0393509770811781	0.0272714475337114	-0.0887598499960393	-0.264534590754339	0.137672659848511	0.161679543601169	-0.101506889582594	-0.137485332216499	-0.0847377457796156	-0.0159229305568066	0.279629827577052	0.110384961806194	-0.0896173663438943	0.167922846356727	-0.0178199544110379	0.118550535421315	0.0841475924568988	-0.049030860360788	-0.177554366793836	-0.201634508906923	-0.173342161907118	-0.138642478763273	0.156988495100298	0.100293372731582	0.174891197216258	-0.0546935839873504	-0.00569497660334597	-0.120086024375786	-0.0783724406612246	0.266290256827824	-0.0621784158102116	-0.170377334717669	0.00599683421434793	0.099675252748262	0.409254702907469	docosanamide	grey
0.306117975207125	-0.191844959447946	-0.435856804450182	-0.271964307664946	0.1972362327456	0.0859520206304896	-0.299950023175888	-0.237557598307285	-0.0379393507666802	-0.205151353351086	-0.243247787087911	0.259185886406299	0.221238268504572	0.103039505619832	-0.204707372561776	-0.18196973794514	-0.1551374176895	-0.361987385282554	-0.474691031240843	-0.000791490660440559	-0.162266265341445	-0.52434827438644	-0.561944994932402	-0.506340953714006	0.290498313485999	0.129228855883497	0.11480113775584	0.168280802953237	-0.383904269529958	-0.0959655676681815	0.75518374410225	0.377426476991276	0.493604265343938	0.582754545565238	0.0589109597815743	0.176537462390739	-0.0208969740056498	FA 14:0 (myristic acid)	white
0.157688297674726	-0.212445793388685	-0.41813437367094	-0.261065919995047	0.202890498098404	-0.0449442173363346	-0.223796946987896	-0.172606377943145	-0.156830104375446	-0.10760754946999	-0.0815500686829135	0.227550088762721	0.200048100559709	0.1032273615671	-0.0361566692234285	0.043208883822925	-0.0631891902186935	-0.249329819846993	-0.0503448877078712	0.309481585592209	0.134759938848274	-0.196578603826598	-0.353678184468461	-0.137241850934571	0.184224407399857	0.142162410037528	0.039844696778389	0.220320703928142	-0.10410965965324	-0.0215823089548869	0.800908182824157	0.138417534693417	0.226344514226604	0.314578388161625	0.00804574712254997	-0.0638275785104386	-0.0650135223926247	FA 14:1 (physeteric acid)	white
-0.0590957388897096	-0.105815463437556	-0.364929045009304	-0.258948720797645	0.290971023617511	-0.17292428257892	-0.112880166416274	0.014185014214657	0.0775098060091595	-0.105189782928662	-0.0649153361591854	0.0645229288875123	0.0703251045260801	-0.0396096147804562	-0.317656731097851	0.0921903784553782	-0.0578048444935116	-0.178011473963353	-0.164734777121378	0.146049851071785	-0.0136768972197579	-0.416844366333911	-0.303888431963606	-0.316784336203009	-0.0390463917211499	-0.0453785552208554	-0.00802559233598054	0.0883582042935758	-0.215099678207432	0.0922193983111051	0.577471544685514	0.67076806959722	0.342239188181017	0.417937664256399	-0.0274689987796995	0.334121090365949	0.299168928385634	FA 15:0 (pentadecylic acid)	red
-0.0549104746001568	-0.220222373536525	-0.408394967524961	-0.207932822166315	0.192443643134511	-0.122938122452928	-0.0488640569696367	0.00962842819278826	-0.131386191541891	-0.221961329800036	-0.168310361649849	0.0477064014386786	0.171501900306215	0.0542666982883755	-0.277461954362859	0.110620322556068	-0.0853973043826613	-0.0941609752065572	0.105839838763539	0.237835494092675	0.132840676999514	-0.236919640917358	-0.234678448325963	-0.178042111427058	0.105552897402438	0.137901378345611	0.099738460183957	0.175057936349608	0.0107102404286997	0.056684724820783	0.810732350139594	0.356280187019725	0.197906658480041	0.151121369324425	0.00540143516076729	0.049113751565002	0.130269353755422	FA 15:1	white
0.0427335886298822	-0.0246804767596089	-0.353366915667985	-0.0130236107228089	0.357636135779986	0.0640804504919924	-0.20793860552758	-0.0144628322793881	-0.0381836338204026	-0.15214604811551	-0.180688459880173	0.160511865142444	0.201429485590489	0.062021541689362	-0.167948453144578	-0.0313902816502982	-0.105960739547623	-0.0730467373731612	-0.133660872942093	0.113937645064082	-0.00429761660790755	-0.293373312322963	-0.455566560867574	-0.445403750644724	0.263008664749637	0.0508541946209798	0.0647231205893539	0.144673822355276	-0.244423368284432	-0.100297066719709	0.807841218549845	0.322270180565758	0.256481465958818	0.164763705937677	-0.0582446676737632	-0.0522765990703073	0.00786803909506254	FA 16:1 (palmitoleic acid)	white
-0.0093523573764367	-0.35233342778816	-0.271858383804937	-0.126238670327167	0.219275350786874	-0.219526090889339	0.281452002344156	0.140820366295386	-0.34731916755878	-0.487555213499533	-0.505971004984245	-0.297106587317217	0.18109420460265	0.0377940452564302	-0.232979674532997	0.481768572173155	0.330509257295827	0.174603446599712	0.189786299292589	0.214889482895839	0.159979805803148	-0.0422241149752617	-0.190700425343637	-0.355465361791806	0.031703613469868	0.321507102685584	0.387018365251079	-0.218504852327802	-0.148860678556099	-0.114512524242047	0.279935726166268	0.570140025380356	0.292368785244415	0.286701033610166	0.20600221127837	0.329569080561783	0.686384762619964	FA 17:0 (margaric acid)	grey
-0.136710095362287	-0.185851102981394	-0.0571961421439417	-0.0987781319802615	-0.164507727533865	-0.132024072556827	-0.137213571556799	-0.260335635398539	-0.20281510798546	-0.298801497977213	-0.280223960403875	0.108671963630069	0.402286141941993	0.115876494097187	0.0912164987305043	0.0147699545184864	0.111208052523944	0.210952462269478	-0.215509417711605	-0.17217183985555	-0.384877285383577	-0.129592173937877	-0.337996167030073	-0.275521434964668	0.640842902441339	0.29292817216782	0.220004937589965	0.0935334821935566	-0.00495687382300233	-0.101312208075089	0.015779326902666	0.144584816211724	-0.0589051542131454	-0.0724343855055179	0.0849126340364237	0.0607152477389221	0.0711913233457029	FA 18:1 (oleic acid)	magenta
-0.329506884451614	-0.367186453385315	-0.396560209589675	-0.360061975906282	-0.178086931958521	-0.26323745658875	-0.394694692244638	-0.431717782379287	-0.117417607980208	-0.193991801648854	-0.191958220965569	0.522914257470727	0.650217633100439	0.355377649951368	0.115871950914457	0.0883959005033488	0.202535733294999	0.188062418321669	-0.0627460117036564	0.106782360703985	-0.274237487792298	-0.138029712694708	-0.43863876819491	-0.202038423441907	0.906744242368227	0.539799062525286	0.347800946607887	0.486212709595146	-0.000979460502726176	0.0565173383137001	0.183703452556313	0.176707336864892	-0.0814681344027643	-0.0645513700643303	0.148763936266267	-0.015659101624845	-0.0373774863588419	FA 18:2 (linoleic acid)	magenta
-0.263528731390587	-0.21842492518933	-0.261180666194516	-0.238456826147874	-0.0440970338456797	-0.28314391504682	-0.292426216818759	-0.367802492398816	-0.0114931479359464	-0.0171987449710771	-0.0615310758886976	0.503459106036022	0.425233067659807	0.244425674023794	0.17987169848039	0.0527046154656875	-0.0823445495572083	-0.0412983791001703	-0.0948062020451182	0.164672429648701	-0.200664441733612	-0.234683792194273	-0.302189860433169	-0.0695107711860028	0.627250039561797	0.248272753727687	0.152678039297354	0.414879662120303	-0.0133206077271051	0.0704341615636415	0.256868723661833	0.12482958425918	-0.0342907639020193	-0.0189495172874049	0.0452322815669058	0.0600015570117309	-0.0592558011278988	FA 18:3 (linolenic acid)	magenta
0.318283243776504	-0.220100598848135	-0.272291079713574	0.0407706527324313	0.137098516076274	-0.0636769509430084	-0.119781760581321	-0.0762652901786328	-0.315128469841459	-0.424745709383442	-0.501913384923253	0.124003560937499	0.36370716227163	0.287882925905132	-0.130313963662193	0.191625804966253	0.177651077960553	0.00212664203815679	-0.103908748573534	0.0570485163099774	-0.203288995054348	-0.2570013700299	-0.424420315371167	-0.537415999211268	0.369464650140344	0.234866674506644	0.333085404889021	0.0926540227490487	-0.423494805752312	-0.274351577259042	0.58641367960475	0.392066926991918	0.480917440626085	0.356195091444651	0.280550605842705	0.303228695142706	0.262839992779082	FA 19:1	white
-0.0467695072897683	-0.236645871183819	-0.361362400902689	-0.182475213700419	-0.106471853724532	-0.228673835653595	-0.406046793401068	-0.354974465765466	-0.186288821528103	-0.354051097099365	-0.303200140296798	0.285500997602819	0.470239571719842	0.194199873282399	-0.0697947206374864	0.0487597004877025	0.153369538246944	0.181050757066168	-0.0800933214132998	-0.166977612528739	-0.399398632658343	-0.144172828457065	-0.433889103795196	-0.364868699314568	0.756478405131806	0.442224588111147	0.380785909840123	0.360050991928862	-0.0567036328481381	0.0266484167181844	0.277904632765311	0.129056360819611	0.135071661624593	0.0281820116685511	0.259417505388351	0.0566247598955429	0.0196446587930963	FA 20:2 (eicosadienoic acid)	magenta
-0.2288858150708	-0.430756798740028	-0.517757682904812	-0.439371815831003	-0.244388896696454	-0.118849287227963	-0.551640588427316	-0.512143980327592	-0.0598187309576766	-0.207508009046792	-0.190958324858364	0.557919842038482	0.657470956073	0.365212526360961	0.0653898825004528	-0.00374539823133138	0.252152269027427	0.189340347320679	-0.106916686723804	-0.0531807531677779	-0.350277230870216	-0.110066654870548	-0.421275393270552	-0.298176898644932	0.936425446254495	0.669487047604618	0.468936645748737	0.591477163883753	0.0132755244023429	0.125664487136203	0.15566191770058	0.177649090463708	0.0137622809184803	0.0260730674803105	0.191156099393574	-0.109386179376269	-0.179890868427099	FA 20:3 (homo-gamma-linolenic acid)	magenta
-0.196747356667582	-0.481226151753284	-0.532859771633999	-0.51802032640518	-0.148057612895491	-0.289575556704283	-0.590463730966627	-0.522022742804518	0.00145419836120027	-0.147151647561728	-0.109568063252249	0.661106911230282	0.726199409902432	0.417079597480508	0.0660438493285749	0.110386457528072	0.236605793841558	0.0993715907776826	-0.0816588960882007	0.121828280562517	-0.300716264775095	-0.167425494209951	-0.467006834759074	-0.291066607929775	0.937418541149294	0.715502194102248	0.572090159412465	0.666774152352728	-0.102469408732792	0.134412408905973	0.262494341729806	0.293301395141352	0.0813795732613956	0.107789416461637	0.226721079266792	0.0258990320921087	-0.156143837797245	FA 20:4 (arachidonic acid)	magenta
-0.0373160110126819	-0.228435848663811	-0.454394559556916	-0.388017025936526	0.052012192866935	-0.198397841275964	-0.5717045119367	-0.454215844495175	0.368568435046064	0.0329026136465022	0.0833308264294666	0.702938923736559	0.494852903413416	0.355655221615518	0.127807990515652	-0.00386107517794054	-0.00273117391131921	-0.0870962985793786	-0.20879355579438	0.169208295737646	-0.254209910542901	-0.28501953205092	-0.393979150149891	-0.280754297123357	0.711907284840067	0.317083145606815	0.319328090728869	0.648664575745126	-0.145018608660286	0.174512219933545	0.266098453032813	0.315756163028464	0.183406515191273	0.139743729212787	-0.0159460408369813	-0.0662263662034727	-0.291768212710866	FA 20:5 (eicosapentaenoic acid)	magenta
-0.095849903840978	-0.250406249814976	-0.438946387891227	-0.31054227736376	0.26014826987605	-0.165865958993619	-0.121495269045205	-0.0819233699958419	-0.0131917695974563	-0.171732115111739	-0.15952771295535	0.0766396344744639	0.243066143389667	0.0994370623241861	-0.179431272352893	0.0982238118875369	-0.0301072660932185	-0.135023735146877	-0.13107754277715	0.0678606880363334	-0.0708570368387	-0.333290203151304	-0.368101417621668	-0.424263742115874	0.159792817401988	0.144579080743905	0.223246970118174	0.11197121614381	-0.218648105050311	0.0359937047230586	0.41416542173454	0.841510501019374	0.474778433241246	0.34589761333617	0.0511655726146478	0.398473417242058	0.370445340954511	FA 22:0 (behenic acid)	red
0.0520583182460266	-0.198477208558725	-0.0463895864946034	0.198317690236718	0.115498503356514	-0.102546753600635	0.0981969529455657	0.115004282158742	-0.359230429623167	-0.475415215968397	-0.441457369991794	0.00344107492019018	0.400270887183701	0.31083454673579	-0.275864714095473	0.278866342805704	0.227234048551809	0.205726634171757	0.0988038475884176	0.201996589849761	0.00783237341528645	-0.0379168955279477	-0.289020015309278	-0.485541688714945	0.268744929304863	0.284602368059174	0.372871062298203	-0.125876385215561	-0.322669741540285	-0.232187030733664	0.285682835381399	0.464686407565135	0.138107249108617	-0.0321369084997513	0.0699682632206148	0.406439983210937	0.51818513052706	FA 22:1 (erucic acid)	grey
0.123048410826671	-0.0962969798763057	-0.270771143392902	0.00403440780478407	0.0976279201831959	-0.220018245064615	-0.166824960033265	0.0935820719580601	-0.0887467392524059	-0.279200819606095	-0.26301705728376	0.101907930450421	0.27378719645507	0.176143409664029	-0.282420645211709	0.0395367433608732	-0.0358137897683886	0.00632162409424871	-0.117261019060455	0.00282392798378329	-0.14017655318835	-0.232354308852705	-0.270536157843176	-0.407627851617347	0.24841132925688	0.0868143789269685	0.223160254670036	0.0912189887370736	-0.0802827542805872	-0.00461993994457941	0.266578831721546	0.422976366848138	0.324960815344518	0.16482050678224	-0.00227088643901587	0.0785250442894275	0.341140969581473	FA 22:2 (docosadienoic acid)	grey
-0.100076617495121	-0.564538036333843	-0.516669370187632	-0.490235478103916	-0.151125401457981	-0.200991204023137	-0.53288298689696	-0.477059709944768	-0.119120359684639	-0.258776970629142	-0.198162919846171	0.538622973219018	0.732082423516717	0.456197043620164	0.0634478033609345	0.108197499293678	0.333285812961957	0.140562042538845	-0.103317668400147	0.0945566212946526	-0.275450249514714	-0.0663289650961683	-0.452363672095015	-0.345125791624025	0.88466901865243	0.745913951788238	0.583047728753293	0.561545715109181	-0.121710489157763	0.0983186397421355	0.256899441462563	0.332319391355218	0.136391313491673	0.184585502350702	0.276197292661058	0.0572611506023792	-0.0772011029622765	FA 22:4	magenta
-0.0993885904226727	-0.30194422358609	-0.523231018820939	-0.473219427828898	0.00483036562489243	-0.307281393160308	-0.578159046189832	-0.517437408954924	0.212503364195001	-0.235748523062971	-0.0924684687026707	0.611838682945989	0.632965291341523	0.347176194739839	-0.0191653050661228	0.0309448400237171	0.0281661786867148	-0.0419275101487598	-0.248512777421555	-0.0367779534334348	-0.442354982137498	-0.380063789330574	-0.540529874934288	-0.434459227587707	0.833031026847183	0.50152668261388	0.450973787068124	0.647036537079507	-0.162255457328288	0.128793430654192	0.321086838631137	0.447170240501361	0.213795448031649	0.191027821360432	0.168369827831777	0.0399328061539515	-0.0887173610222018	FA 22:6 (docosahexaenoic acid)	magenta
0.00372203200458021	-0.252384105711264	-0.299889894496914	-0.182736197341849	0.217805847841816	-0.2734272506736	-0.111026460987419	0.0124683181689519	0.0414936302684866	-0.245991329009544	-0.235575541300676	0.020904760329288	0.173404055562861	0.048190867568357	-0.28507800774222	0.0746282818164712	0.0466169017271429	0.0542043920440093	-0.22870717994884	-0.0390238680385724	-0.207983943826215	-0.293886972069681	-0.324776497738645	-0.43816831483796	0.138712562019035	0.132534295115505	0.244356319137597	0.0622952442079053	-0.241371871670995	0.0394313359659354	0.337589008756128	0.762062368198004	0.488607363479598	0.447856444715644	0.212515315586515	0.526975010145256	0.388749223859518	FA 23:0	red
0.00287422891476186	-0.376417811502898	-0.187927837495166	-0.086046338519727	0.226895633539413	-0.253652924507722	-0.0467216129699477	-0.122335702387362	-0.300746439123523	-0.639077209460677	-0.473640177774427	0.145782678838737	0.571200947403565	0.446901396959694	-0.184655210756637	0.359669176843265	0.268197464633393	0.225481928426847	0.0385920706073994	0.0346905089206671	-0.180308686346671	0.093347385772994	-0.294695187895002	-0.623970794483287	0.36117930940506	0.413350750979922	0.435520461297106	0.100831897748723	-0.219249778840957	-0.18473168757297	0.176982227135777	0.534846603674163	0.281162546126209	0.192382839099166	0.149709170916016	0.521393094997434	0.53294689542184	FA 24:1 (nervonic acid)	grey
-0.106673033052632	0.0650553097827654	-0.249212622925422	-0.038704959866432	0.383689375150965	-0.236904480678967	-0.0359896311456113	0.137831093820069	0.252142204539339	0.0340646419038263	0.0177135853764331	-0.00707926260831566	-0.00477080387797175	-0.0501460288096836	-0.105588924450233	0.132691534185113	-0.126121248872676	-0.121644156226303	-0.147041872717737	0.228113789339407	0.0434920392169907	-0.373816585205937	-0.242368011785922	-0.265849811399793	-0.0659657523928116	-0.125728720769994	0.0193538121428175	0.00435605920236559	-0.206169794789718	0.130060960561919	0.407868315199444	0.747945360641102	0.388999967035586	0.225315549817197	-0.107580872300474	0.261719562251465	0.318471663336255	FA 28:0 (montanic acid)	red
-0.0669835816425904	0.0743813850616289	-0.3330554736964	-0.0412799498521711	0.341108680858195	-0.152510056666709	0.00318942386034671	0.143634378394433	0.135540584325548	-0.031213557162241	-0.0825520319263603	-0.0419089330001157	0.045663338407458	0.00406212312430429	0.0339473625849205	0.157496804058749	0.0397465737101311	-0.148770842715895	-0.0135973727375443	0.282616945531682	0.224434865449354	-0.370388892392423	-0.284334648083561	-0.227811931515999	0.0244775015078094	-0.0277560966665407	0.123100379489165	-0.0583728474176863	-0.232196352002584	0.0586010229676375	0.417717094347533	0.682624562478973	0.419406239635535	0.20017791275616	0.0645232280331229	0.104170253246472	0.380585598783382	FA 30:0	red
-0.0331986503389563	0.240246337761337	-0.0366234189376487	0.179919251760999	0.492961259511053	-0.033990742272047	0.215024654963414	0.411014313617892	0.164927082755912	0.00139595965467599	-0.134623286991065	-0.143524821617319	-0.091740755523975	-0.0449058724292095	0.00977980801180479	0.0164604460622991	-0.148138698607039	-0.141647807538765	-0.035695324016381	0.151705990276302	0.268546954293354	-0.366146049771622	-0.140364139899286	-0.259769997545952	-0.184554015449537	-0.237349275045252	-0.000474217071000081	-0.181609725568441	-0.279652950951435	-0.0741952840780673	0.33288577635758	0.550322456932555	0.419225186719536	0.177976829183167	-0.0250381741101816	0.150449199266257	0.307406806169009	FA 32:0	red
-0.0984330831588392	-0.163803135743854	-0.251765179099487	-0.248767763171457	0.0587094272146488	-0.0498827222879277	-0.0999500432052138	-0.00387703390076833	0.206458097206482	0.083796704253448	0.0537520377013087	0.0844923205589457	0.114411132415888	0.0532004297836112	-0.254901945315471	-0.0986949477894586	-0.131791645494785	-0.0841118548010721	-0.256182932420508	-0.148089591854987	-0.183470999546257	-0.31486146625769	-0.106612484359477	-0.11843779817378	0.0150658342132556	-0.0556992457840456	0.0214233835054734	-0.022898054494519	-0.0439615632497683	0.0662027347443401	0.00571197669886654	0.555734307301076	0.177812506114526	0.23303211223672	-0.1022409521129	0.122668297102776	0.192040105051735	FAHFA 18:0/20:2	grey
-0.126420145971445	-0.132183964075775	0.0118774008912596	-0.103587646940363	-0.2740027892378	0.00435559803091799	-0.132448300516731	-0.313180497399745	-0.14827760803224	-0.170234520962843	-0.157146075620758	0.101640657282727	0.293410673055504	0.0662988180852634	0.0782535216216174	-0.0835036924508526	0.119089555371003	0.196511898055772	-0.169581227379762	-0.212562289745239	-0.326969445890772	-0.12027215060862	-0.280038654631194	-0.110347751742461	0.558552185978086	0.219630040922352	0.0959352316583327	0.0572430723727231	0.0811987464576101	-0.0531599052654298	-0.101886642226441	-0.0476235403945117	-0.179511439803758	-0.134829055896172	0.0377103820543685	-0.0544817406936167	-0.0943653359985968	FAHFA 38:4	magenta
-0.0401383704305745	-0.40046643203707	-0.0111862964894409	-0.016361145715521	0.0236373822984684	-0.00433987062218928	0.119065079421317	-0.0292966765627208	-0.400929492597457	-0.481499903140478	-0.378402499453872	-0.107157419197562	0.252223837403151	0.266023562279898	-0.114260338666351	0.256331315245772	0.385139481353424	0.534498340399312	0.245667033223193	-0.0432578962455479	-0.133181190822215	0.669046229570686	0.116061318781367	-0.208356087947902	0.125953037893438	0.34183230340805	0.290171066671367	-0.000538214345123119	0.20218688984542	-0.0650049189386773	-0.299176304400298	-0.0536208623886187	-0.180866639278903	-0.246310006544037	0.0903914467447428	0.169724054649451	0.225119743282166	GlcCer d34:1	cyan
0.029777001447853	-0.00116831614703968	0.258891372573756	0.214949795813511	0.0883154346137108	-0.0933563006648382	0.375039529924481	0.287269555062766	-0.167551796418164	-0.208760726375171	-0.0249327324000352	-0.173685552540384	0.111179075242957	0.166378568738386	-0.231489832967173	0.304930300696165	0.0453451598476374	0.0669273654654461	0.25588254311385	-0.00611036234359415	0.204309861939156	0.186160464739553	0.1617390520772	0.112282254118078	-0.292055281203631	0.0647320573654491	0.158940678150123	-0.271691064690775	0.00458680035315432	-0.152933197196203	-0.138713164648285	0.177340911135347	-0.00191035612125037	-0.180654521009714	0.0371541412637053	0.154848098880615	0.560452161179101	GlcCer d40:1	grey
-0.0330038228759241	-0.0913729913011026	0.0856430079604683	0.084400017068104	0.152597561850334	-0.0407310782474525	0.24052837864112	0.209637019943235	-0.0151938218066092	-0.165364307884246	-0.0092391279255876	0.0229383566099143	0.262721213169977	0.243637672275771	-0.0234972882251126	0.420524555567281	0.0150717975209184	-0.0986279485675919	0.187369214136959	0.193754283573202	0.290420167787591	-0.0254134688681765	-0.0460962813856778	-0.0451739334376179	-0.0603234467046877	0.229327919329983	0.284064548082417	-0.152217261878875	-0.229682936930347	-0.21870859357516	0.119221130545238	0.395884171958846	0.120490787140889	0.0906645555519515	-0.00301093381297883	0.108355802000567	0.51706856329908	GlcCer d41:1	grey
0.0300832402783318	-0.0804576905138376	0.132657544677384	0.108582594069174	0.31889637877041	-0.254710269915614	0.309246769016373	0.103388227611039	-0.324715030758566	-0.40235009624614	-0.217900269847586	-0.117971086527435	0.301225031587999	0.282150141262093	-0.0877277567868139	0.403885982431572	0.197391332676137	0.068242105461354	0.313124163845366	0.0822857357703421	0.158009132990112	0.25878026402383	0.0652598317490296	-0.0388001492949676	-0.126764472033375	0.185684657267222	0.308953269005181	-0.224744642176037	-0.12732324954768	-0.213696447767907	-0.0472176465393054	0.24370055955877	0.0874708378702378	0.0334912976087342	0.253203560111465	0.259179844122338	0.637055390485683	GlcCer d42:1	grey
-0.0359947379798842	0.033972110135201	0.309447845518652	0.247987159104485	0.130871157519628	-0.0850276944758207	0.302745292591354	0.212044483284815	-0.0237834118849417	-0.180609634875659	-0.0391664968737437	-0.251762526715511	-0.00211090685104579	-0.0202724825014448	-0.229172973524504	0.412314910753014	0.137026219733927	0.34621322216098	0.305873834426288	0.10857740918471	0.21895152915418	0.281310255864205	0.0555948569005024	0.0562956732723732	-0.203440303201055	0.142563010583763	0.155843260885289	-0.215866216703964	0.146690234026724	0.0335274973988823	-0.191573710419143	0.101356890068933	-0.0630520055178545	-0.151194363797195	-0.0888541258745729	0.0458156034377645	0.403107236173642	GlcCer d42:2	grey
-0.309484148054806	-0.217885602133149	-0.164518041287478	-0.0160473003282539	0.0339223419549465	0.0854070114938843	0.328177859036708	0.0990340010024785	-0.255670892311148	-0.198842546265975	-0.22639669367005	-0.0625700521502675	0.306420253589121	0.312421850433194	0.122028404019194	0.561049325149038	0.422464735928637	0.41327275481662	0.656694310674379	0.340015776869879	0.460986520201827	0.408896917654876	0.120265082650854	0.132565866130971	0.0474959720715492	0.394156765948947	0.250635231815826	-0.102670268698197	0.140758777850578	-0.166750593267195	0.130168618445896	-0.0856027674106975	-0.129921914651662	-0.200344756650282	0.0308628507197648	-0.253238913189882	0.182913138762754	GlcCerd14:14E/20:02OH	blue
-0.277483526214606	-0.145730956606545	0.0875080605334019	-0.0252682224939646	0.102883027999387	-0.215070251372518	0.382495929173359	0.116633150739363	-0.13604458163524	-0.11218327750804	-0.0680622466455231	-0.116498042426664	0.171795908399033	0.212444976075324	0.41847872686457	0.830952155781036	0.438501690214551	0.37181904226799	0.664819313989244	0.410359960933656	0.378834697119124	0.389263209366249	0.215175622736344	0.152568506063661	-0.125122244751641	0.316630755715177	0.292023178259826	-0.0808437627004621	0.109796685392622	-0.0681446831931855	-0.0652360958772	0.0242601455022699	-0.198453472085697	-0.200887617305031	0.0306594030347318	0.0208724726963419	0.354171525824466	Hex3Cer 18:1;2O/16:0	saddlebrown
0.069139436156471	-0.0527191610624074	0.182820001142698	0.160728975337698	0.12559289115091	-0.0216511221801943	0.321454702111834	0.267313605391286	-0.34377402843571	-0.287020759159124	-0.187312070282818	-0.270647882982727	0.158694085273755	0.153483337746069	-0.0902250387889775	0.393787246261033	0.313529267577859	0.0900461297577907	0.26314814135867	0.0911385549002387	0.347940662163103	0.266738956686907	0.0297219800828247	-0.0322289334879439	-0.0656212873068388	0.256322098802812	0.355705838046938	-0.297528631439714	-0.0899134232974363	-0.225384837002574	-0.12135769016846	0.0733981589954103	-0.025771562955266	-0.123467708449311	0.245867081038776	-0.0489583498053072	0.584318166897405	HexCer 18:1;2O/24:0	grey
-0.0616674406697854	-0.326442185893988	0.0571652994221503	-0.0182566507168135	-0.153451495835349	0.145506778314356	0.119745029519608	-0.122131096122485	-0.337648640668815	-0.285133896607817	-0.165927451860481	-0.0658974800661237	0.192093240431958	0.201663468612398	-0.0793253246568639	0.057441124165687	0.219726569638806	0.395451088497362	0.239900884841201	-0.113277832981596	-0.143864811183421	0.67744320899902	0.238332393507218	0.133128625348115	0.0567494999469294	0.270703363730558	0.146088740110212	-0.0155570223769604	0.349862611446985	-0.0695282412196267	-0.352112786863844	-0.211402854639456	-0.290170297009518	-0.313400810448058	-0.00710985392379853	-0.0562281024041646	-0.0118049115486243	lactosylceramide d18:1/24:1 15Z	cyan
-0.102100951860442	-0.0650831648228857	0.11349897937768	0.180062656891765	-0.0673032443625195	-0.0313931943231246	0.138169463238684	0.163055020152447	-0.0697346054036368	0.0204424768662568	-0.0270792741789373	-0.0424669457865828	0.12292908402286	0.115516123863025	0.00355831380838301	0.388821906504608	0.370227266827389	0.502016035236731	0.430567106078221	0.0889023630179279	0.110177123492445	0.413569336811115	0.121751413548868	0.159527850251241	-0.0017953902189099	0.235703494746232	0.217074604676785	-0.0673393845396012	0.031577601299813	-0.0523753924615935	-0.235024391464473	-0.0944736159537444	-0.208049053980269	-0.355588395301918	0.213543921286538	-0.0680209580563794	0.164189795228535	LNAPE 18:2_N-19:0	grey
-0.183039421528435	-0.121329237559521	0.0473550531393029	-0.0176669945444485	0.158764491034914	-0.294791807895462	0.290686511222962	0.203351914579447	0.00713356241072942	-0.134364053609697	-0.0595228496232132	0.033595075860561	0.242648848894843	0.283787036336419	-0.030676511493356	0.398085787352689	0.0545436313837051	-0.0130443906836522	0.130770158225106	0.0672742276877314	0.0459932440212701	0.0293460677776109	0.171645092194554	0.0552289501489828	-0.0520354982121066	0.0331034399963757	0.114651065107945	-0.0106586001615901	0.0993828303858515	0.0562664771125089	-0.0357706313747376	0.316703226544999	0.0667927307832126	0.0635769744843739	-0.0503998707203238	0.18302045894704	0.57471087549786	LNAPE 18:2/N-20:0	grey
0.365583952174522	-0.179891289798949	-0.207221835175123	0.127086279375871	0.292218082798341	0.628970978288336	0.0559310613468537	0.0236465923727512	-0.086616128706373	-0.126459198421764	-0.27363535743205	0.212868298693548	0.387783006958261	0.613649569033476	0.00610173976353998	-0.154323804287058	-0.012466595390439	-0.151611724578759	-0.117727904741787	-0.204846260216124	0.0912017526823634	0.0384692394672526	-0.0475410083278311	-0.301435270411884	0.180284694274158	0.219203408729951	0.358239725227141	-0.108370974181791	-0.47015367521849	-0.466017442085122	0.26585344672897	0.104742048595561	0.419777693772844	0.225439153440692	0.0987714372663941	-0.0612418618975686	-0.059824280160002	LPC 14:0	midnightblue
0.129580084341575	-0.365445693955803	-0.257217861584894	-0.117307437245482	0.313133997826161	0.29123565954583	0.0865267373772192	-0.067345979476429	-0.241158707899429	-0.212580121268132	-0.275592084181599	0.366145368980777	0.617976434551713	0.814481978725303	0.0792945660997861	0.186636611956132	0.377226231916097	0.053765814106801	0.141414791553333	0.055667638389277	0.21086350686533	0.265567446744991	0.0170988178586955	-0.226624540076567	0.284316885764818	0.421843912892142	0.556433394781171	0.0501457943189368	-0.417906883232775	-0.44043084474951	0.0931012682662639	0.152866897904981	0.258537369755523	0.152530914720547	0.273746185365275	0.037864508685721	0.191427902591674	LPC 15:0	midnightblue
0.0747550994859246	-0.298411281781553	-0.0416949775493452	0.0771704791655467	0.295810281475391	0.104074981112274	0.0844407104734648	0.0331624455583716	-0.05595232814743	-0.188083516980462	-0.242920453060335	0.474226561540298	0.751190207093931	0.920686867192299	0.236635217881467	0.309378910203722	0.277079866839166	0.215154908616966	0.240478140703055	0.0900044202851188	0.0993252233932005	0.224945108226054	0.010858728552172	-0.20324530937888	0.389981954511692	0.513177649124585	0.6851104184722	0.158765706714307	-0.386131447994397	-0.384719057762106	0.146070036378317	0.159233354771337	0.162734754895976	0.0470296573171794	0.285182830673818	0.0559377234657203	0.105989069787182	LPC 16:0	midnightblue
0.0435167854171524	-0.262416862556355	0.0169897024495137	0.126709570398798	0.105630621093089	0.361446538902457	0.0977095091204683	0.0789534078285343	-0.0699765405495709	0.0415681413148639	-0.16403375241889	0.417737475094734	0.464373850237811	0.74274474708623	0.13252578573006	0.071404127102633	0.184090460215938	0.204749500762486	0.0818157199117056	0.018841435241119	0.0314836497276287	0.277867906888618	0.139238249258124	-0.0850901154629948	0.195067811426902	0.222522932325032	0.287397481165467	0.116652466289843	-0.18747800112842	-0.243802453758134	-0.0664794166936551	0.000790099768875177	0.0231789672440608	-0.0965383621018455	-0.00400700634073976	0.00906660967013375	0.00978364274385708	LPC 16:1	midnightblue
0.12671893325446	-0.284145685284883	-0.0648940450127754	0.0597402159108912	0.376166927516763	-0.00184820319215847	0.171459367334415	0.094187065717332	-0.1945847184316	-0.274510006359966	-0.369544868359629	0.374058195275867	0.681740385239232	0.881053042579375	0.117792248614236	0.362830497948483	0.397348231610036	0.192132015614201	0.246471305188905	0.165604966457091	0.139090870474349	0.190625228131594	0.0789059895486626	-0.177904757645735	0.303823946629293	0.367698646043236	0.569448858212543	0.0658972016865523	-0.371508745834149	-0.392575432095168	0.0994791638059803	0.190638793207975	0.224279818099358	0.185486358889427	0.334611319221669	0.0895724733927378	0.336504232190456	LPC 17:0	midnightblue
0.0831654454918722	-0.323922792415455	0.0425633005131808	0.0718277916580813	0.289894386532404	-0.087343564707204	0.145462098641091	0.0517685713410258	-0.0911402348828912	-0.199907343500854	-0.27620611353342	0.459877601098083	0.713281211416954	0.884891885649701	0.250850046462545	0.420450080418234	0.238896540105902	0.131433031468829	0.305793840320204	0.146722636930848	0.107841869602012	0.211114406630972	0.159461631513609	-0.0849941337153444	0.340962559302792	0.41744381780486	0.641182015102167	0.177135689119136	-0.295125846845511	-0.332233203584185	0.11863352498391	0.121634606801603	0.164364320164456	0.10669522861802	0.263366570144764	0.121856047649285	0.168653395434685	LPC 18:0	midnightblue
0.0766184332110299	-0.379228538621712	0.0235499711604915	-0.0663526961875205	0.041067166079466	0.0790582862533719	0.0522675151919425	-0.0748626196873566	-0.0363812537489229	-0.0243187012669639	-0.0605314079626634	0.574937700474465	0.627031878118486	0.839532318593182	0.23535550769405	0.146793859907177	0.111389227017324	0.0185050303484048	0.11985190908085	0.0310226194587664	0.00328919859659372	0.267691641968288	0.263234936465188	0.0689617029230681	0.287939117343236	0.325919280212079	0.407177584081014	0.281861947381633	-0.165975876809277	-0.27440853841539	0.0169229185720607	-0.0240664363646073	0.0931845407304866	0.074319742487902	0.132385922476263	0.0177156013619037	-0.0906901980547362	LPC 18:1	midnightblue
-0.0719154600700654	-0.330753563722027	-0.0994059839235391	-0.268110298397628	-0.00452935671529494	-0.307530553497646	-0.215414450602006	-0.271379285857273	0.133091627073331	0.134443100025846	0.174210832370636	0.760539141618657	0.467489703090328	0.536554099236622	0.13408300105795	0.0728207638201603	-0.115942436277853	-0.215209228129703	-0.0735387291380045	0.112883092536015	-0.0812361643791252	-0.0334439138614661	0.0950738323009876	0.176523941229002	0.352333523341387	0.162862608972979	0.146906509101873	0.537634121139595	-0.0345153764984653	0.0245890042327969	0.0495659278250382	-0.0223841339190203	0.0370325595577889	0.129494711931229	0.0751141886871347	0.0383236167256786	-0.0943181870602005	LPC 18:2	paleturquoise
-0.0917036122833378	-0.364476986823721	-0.0953185991359581	-0.182868603945599	0.0752820471492917	-0.2843499541123	0.0577133582237067	-0.155385949012022	-0.149719564318966	-0.326700016434902	-0.321632663334971	0.331323229523788	0.727443268372971	0.644612455418582	0.0863266366445879	0.29582769723722	-0.0313759100635208	0.0837482997298174	0.0985301231255638	-0.200751207492406	-0.30550835017549	-0.0341137542051142	-0.021322796811602	-0.208992664404729	0.435325442775799	0.394905013075289	0.538270240137285	0.153679923665472	-0.101298773978291	-0.16065729475945	0.0523630611488843	0.360657296041131	0.190261716616258	0.0891700120289264	0.200160044659471	0.383775291765564	0.307962019839848	LPC 20:0	darkred
0.0685244940866611	-0.381397725354138	-0.102561847181918	-0.0999746736758749	0.101257996306921	-0.257581672756608	0.0197067518995225	0.0216127143033047	-0.170015950942819	-0.442066860289503	-0.301867325802332	0.242329443366179	0.661855256296883	0.638272626835362	-0.0736175798119424	0.246405797838385	0.10210655132854	0.106439779065654	0.116264037316423	-0.121362710456116	-0.203186751660754	0.0249914707606297	-0.0048516711605896	-0.191003637206966	0.402019913432106	0.347427676263595	0.5390130316668	0.164871984883319	-0.127652548211095	-0.162468429805043	0.137635083635809	0.366036528981591	0.215122526427835	0.0675921939267011	0.297372116844713	0.273831549627748	0.42721117834988	LPC 20:1	midnightblue
-0.0760199708888437	-0.483270437707114	-0.301929557087884	-0.263308948611714	0.034559743158915	-0.192293556901151	-0.238033268292809	-0.312920037663581	-0.138680324469382	-0.360674776761599	-0.247101189903301	0.544304470730616	0.861613835206044	0.706433087788205	-0.00193210973303796	0.142472522092316	0.174643673887105	0.00460635536727796	-0.0819143192563284	-0.124624032072008	-0.3489554834664	0.0042760568166862	-0.179317564726253	-0.347647157812666	0.672856194798127	0.535262503011122	0.591035294884091	0.388434443213703	-0.245359260107244	-0.143411068546979	0.167120936697391	0.357227465746873	0.17517939749898	0.16941495726086	0.341933460903884	0.256336239520314	0.223183417638194	LPC 20:2	darkred
-0.0337844852239916	-0.340094812231603	-0.346198723080964	-0.342273386632273	-0.0741266584443744	0.0279789483200062	-0.496371180887313	-0.421180059161983	0.162191554571613	0.197222311395972	0.10072137373589	0.852581546715737	0.573869870962587	0.527140415141653	0.11417515262853	-0.109644609725519	0.114941847170974	0.0518447005222262	-0.164512042759802	-0.0234944157953547	-0.234664075989306	-0.0475254540952312	-0.259047722487829	-0.0774283366268057	0.632664720406551	0.399759416474107	0.266415249869584	0.615196137676898	-0.148272323591968	0.00225053324528502	0.126032746936704	0.0209364298189876	0.0956201150591056	0.115687490706177	0.103911848294889	-0.112525623587033	-0.346548085450467	LPC 20:3	paleturquoise
-0.116222825249419	-0.190283571199672	-0.348307749392194	-0.449749640331216	-0.00976578886549097	-0.325254547929128	-0.718329464442085	-0.428627463873026	0.37151675933327	0.363562506736514	0.369106510309053	0.932556533952573	0.450639623334937	0.337499871319057	0.211883266004787	-0.117345241003764	-0.122331337217404	-0.254162523473151	-0.296782966514532	0.155540064227804	-0.244765089807299	-0.301822266662632	-0.313724589045995	-0.0224566540052646	0.610847918517763	0.23378768270487	0.169144752815501	0.788926107844153	-0.193199187467053	0.170593210448818	0.254317103634872	0.0843455316561454	0.0368150691381529	0.169679908314591	0.0215768929581774	-0.0143946272144662	-0.457958539597438	LPC 20:4	paleturquoise
-0.0925111185605137	-0.221004614021144	-0.349435065552775	-0.341643177653355	0.182463574215906	-0.123621740916208	-0.437765472361965	-0.338807439127471	0.481850706903485	0.214513313539832	0.212748928312256	0.859523563356375	0.407786181932465	0.430001189901425	0.131731050981417	-0.0041011238137643	-0.152521673263893	-0.249353666501883	-0.199112711886107	0.188119976470679	-0.114117540425798	-0.220309098700353	-0.198605846374055	-0.144576712385018	0.407616015301023	0.162491569085554	0.157281949962684	0.64383346952562	-0.219317759934246	0.108136616805395	0.285507305369805	0.199940963948393	0.126460481226582	0.180543624024585	-0.144867735854391	-0.0137621655891981	-0.331323054562898	LPC 20:5	paleturquoise
-0.0781099985864224	-0.0625682088003739	-0.341445615980181	-0.376977650132266	0.0750764419522175	-0.290840788121428	-0.649196997411425	-0.412259014411718	0.587286203041628	0.321079077370514	0.380517303925374	0.899832099576543	0.403908696234242	0.317249732532742	0.13675930785403	-0.183291267639705	-0.262619149163511	-0.273100020387775	-0.398994209954561	0.048392226540995	-0.3665571170768	-0.383944574034933	-0.318907573030562	-0.0517771493682365	0.584269667464289	0.112220999093167	0.121627436807645	0.747154731653001	-0.14689445227957	0.231495904797939	0.142209959295056	0.18226242041941	0.0956044910752104	0.0697970446226709	-0.0343060173195471	-0.0375195387138545	-0.37661523082729	LPC 22:6	paleturquoise
-0.0825883796073004	-0.0944199001134736	0.285430417611937	0.272924987152222	-0.0199848123634774	0.0480596347395769	0.397292120643622	0.271880571548627	-0.32334372135955	-0.102197094671528	-0.051325959244032	-0.163704899529619	0.164825338655092	0.271684775836036	0.0903365011300487	0.422500287419415	0.334126173365681	0.352275751416315	0.4742905982387	0.191071434772	0.31342544689182	0.723192567619234	0.341565317987109	0.23652975446568	-0.213763055656251	0.150996274541745	0.112666606617631	-0.258291041024485	0.0573476877848972	-0.239735666037113	-0.297425745662908	-0.237814569838611	-0.153308064682421	-0.207453631629779	0.206832913261164	0.0164064244125603	0.415859229317745	LPC 32:0	cyan
-0.142897419432992	-0.476192900089048	-0.25441437276261	-0.234892171260993	-0.0422884755366719	-0.0771421339997867	-0.116252516688749	-0.185348678582445	-0.237040115009401	-0.338261278118183	-0.208897008381643	0.417160908533983	0.9313024948024	0.721811027457115	0.0813373350852831	0.324826821170839	0.325535946518948	0.20807676703026	0.26696040513001	0.0416033204907917	-0.0893253802911921	0.198947490644142	-0.124306955196142	-0.155827214647344	0.649578780040043	0.673325143407552	0.660501679640568	0.248674381683886	-0.125143009270263	-0.209614197873033	0.126353680452337	0.220818574002372	-0.0252814132674145	-0.0823643137828158	0.310525769326643	-0.0536054930210824	0.190665850336014	LPC O-16:0	darkred
-0.0022970747555124	-0.27340174371139	-0.339484312742228	-0.293958130563189	0.13449025538208	0.140624704776195	-0.014425881533915	-0.200262021540182	-0.186793536377717	-0.243272591013901	-0.109183391367274	0.0722970066919755	0.268172116533828	0.210477160865856	-0.0689198826647553	0.109510446843213	0.17912333736024	-0.027107031955881	0.00414465669198869	-0.0434309407341066	0.0550290024762959	0.0865271684656736	-0.202755926773988	-0.213312319492167	0.162633656992766	0.35101109378149	0.27424538945627	0.101495442947403	-0.112261122853167	-0.147653360978912	0.268557610372148	0.380571009466204	0.325712471918242	0.28651675461308	0.200717821043912	0.0384561161632629	0.229271637898433	LPC O-20:1	grey
0.108830393490677	-0.375939516505554	-0.0609955436091554	-0.0868740252936183	0.0460926366537124	-0.0275081962763395	0.0681496334999463	-0.0750528719554237	-0.280783015952198	-0.349006170005112	-0.170002362401197	0.10905619515139	0.494965348992089	0.596590911684232	0.093120561508195	0.17276626081274	0.334426609860165	0.146867174399938	0.122355186016521	-0.157896040278722	-0.156336471477342	0.31090213992362	0.171964159117138	-0.0285001222276939	0.187928087690398	0.233233569603751	0.267001413692313	0.0420220679502507	-0.00977391208250115	-0.065375263891755	-0.037442151050268	0.205747819047698	0.0245806499949558	0.0823911492085742	0.336183040223061	0.188268640531433	0.318064140867371	LPC O-22:0	midnightblue
0.174240021388909	-0.0867162972565853	0.231232553127812	0.119115647047045	0.0759086972137137	-0.0878449088920156	0.118144772375647	-0.163602375211086	-0.15159440748674	-0.257573088824265	0.0078657529692356	-0.0690202651982	0.0366921887404618	0.187753137427108	0.201334555116275	0.211386257840484	0.123069526696928	-0.0360531323683751	0.144975426453101	-0.0785182559104701	-0.00252794634734209	0.343779609396535	0.272091967562327	0.0915024921555458	-0.172218025816266	-0.0567614134278609	0.0306669008520378	-0.0603580702118319	0.0234174940373785	-0.12987187403547	-0.261929731204656	-0.0436591299818151	0.0358830751129114	0.108244416364512	0.189953718099591	0.192874287234859	0.208286360922849	LPC O-24:0	grey
-0.0511069153108078	-0.173624389727427	0.144923409161041	0.13545122712807	0.139417886881658	-0.0583058461770386	0.0961002014398323	0.0747103340854186	-0.256979045400635	-0.449688121535571	-0.253114463958962	0.0357334490928078	0.500186741100699	0.505216479266974	0.119787202014294	0.176670199010445	0.145439810413227	0.224906745024097	0.113814132974605	-0.166825772039358	-0.0744735908524012	0.195421945583067	-0.0149340023653404	-0.263904063614571	0.251535135253784	0.285908172701752	0.28555320590218	0.0337638613047434	-0.00966491214634535	-0.151919453239718	0.131251791370703	0.0588059875687635	-0.025391504473528	-0.0322495323316344	0.172336458789436	0.147142792426724	0.229071913130385	LPC O-24:1	midnightblue
-0.172950135287578	-0.513420557409441	-0.20940081784588	-0.191171155230649	-0.0593780953478388	0.115131010030952	0.0333849297612495	-0.0989720327083388	-0.189534833740302	-0.241505249405994	-0.221399955338353	0.285359282146794	0.748762682368693	0.659122030231872	0.122258622490217	0.319807926810143	0.44484147520032	0.331848373311205	0.300395295406002	0.00167776049149314	0.0821762109677531	0.255287969704631	-0.0788286645901625	-0.169852101089106	0.46622578158495	0.746442592738526	0.669477323975967	0.131004439094407	-0.106956717666727	-0.183010656156105	0.0847318197233678	0.281017695578173	0.071991393090293	0.0140418157349559	0.266505705900047	0.0183441097097402	0.195946172971651	LPC P-16:0 or LPC O-16:1	darkred
-0.11176912573913	-0.409150686542208	-0.232613399466224	-0.221984453324279	-0.0296515302910134	-0.137674927372362	-0.0878987482213681	-0.214002392799147	-0.226412606689804	-0.343522337306945	-0.207318962723617	0.384931457925586	0.849452228594333	0.642585387665332	0.0687842740917715	0.419025971849321	0.395054257009713	0.189170711793264	0.272442642914821	0.163995718855938	0.00995533455279456	0.183087446294629	-0.207756273206042	-0.228131142305967	0.587889682675114	0.686169142926944	0.68500777647791	0.196647014067553	-0.213354631325807	-0.26581024554206	0.11950490153279	0.301643911126804	0.105191689177289	0.0098234208215374	0.343391253179981	0.0925827132621737	0.263792050330248	LPC p-18:0	darkred
-0.0721366636116792	-0.420235235078291	-0.21073435691893	-0.22357465045961	0.0212659402256413	-0.0820861182934171	-0.079987646492631	-0.156414414543459	-0.180635861304161	-0.321237397198512	-0.221617931590401	0.431194523808726	0.879361232510125	0.734438824614656	0.113301274284478	0.231568579439457	0.0522454479594292	0.0149562925440723	0.134808740788259	-0.112810689269491	-0.200224467258314	0.104375709653055	-0.00672903458763914	-0.154437613338071	0.570614865746928	0.49649538724441	0.554893256177994	0.254988987644357	-0.0812430136351758	-0.166165685564745	0.151451370422709	0.248996335765558	0.106918421830476	-0.022109711996505	0.234323760530106	0.000469464047993881	0.181636978284854	LPC P-18:0 or LPC O-18:1	darkred
-0.473454998677654	-0.471666684171668	-0.570244207095237	-0.607853154912361	-0.338785943294603	-0.299185656320393	-0.278646196631145	-0.524986493947683	-0.196772711898422	-0.368800591587028	-0.186271330622485	0.342182179739711	0.606883865997753	0.21898514270262	0.0353401607929473	0.344710102710184	0.239529764999611	0.12370059167323	0.240126566873662	0.0413457554382337	-0.174196752155184	0.00859396572999277	-0.298592960108088	-0.120481579663345	0.600041728595896	0.696942160861931	0.340632136983087	0.504894032552697	0.39339017115164	0.320159102086286	0.196972418049953	0.19924164391839	-0.23447718595091	-0.10955559275245	0.0807500158627075	-0.110024063807551	0.159987635978827	LPE 16:0	black
-0.247992220486082	-0.379063331196689	-0.260955473549049	-0.206875841898004	-0.363173587970093	-0.0898490965308728	-0.115011321443973	-0.30385620375868	-0.280990916519559	-0.369706057563087	-0.268001909849583	0.166979441713532	0.507272828574144	0.223360328965324	-0.0242883807010396	0.240303062902278	0.28161469908669	0.248380601527445	0.146064949707724	-0.0694632423370036	-0.162141928782411	0.211724227566017	-0.151053466237885	-0.152290514079052	0.620684850699561	0.690020538627832	0.366246651801993	0.29182057776452	0.292331021112186	0.179758592096775	-0.0414272366867941	-0.0610068978952459	-0.16428724490346	-0.17316749546171	0.0375429221607285	-0.179212342896743	0.0895787056518027	LPE 18:0	black
-0.40926226126402	-0.554265256759965	-0.488093856520423	-0.605716222356537	-0.305426423137237	-0.323174084395235	-0.425635642741494	-0.540978135715386	-0.0753198024730101	-0.158305634881764	-0.0193299910558491	0.478051041851691	0.472735134451792	0.216862248138485	0.219489557185099	0.166873077371203	0.133124334305553	0.0707001282929861	0.157570406236832	0.0366607489313249	-0.256221850944108	0.123185762751035	0.0161704223442248	0.00946446699015784	0.602793440523616	0.511961267493947	0.253636726397771	0.757977129434469	0.479341148700014	0.393983938807995	0.0703268931083507	0.0362237917735019	-0.237235214729169	-0.154173645348389	-0.0733035530486637	-0.174219818491978	-0.225796931393705	LPE 18:1	skyblue
-0.315148635958807	-0.492248309893691	-0.377053731920907	-0.494613917037477	-0.182241822315574	-0.372345905271247	-0.505962213368378	-0.427666949243088	0.00544643547309318	-0.0735478943964948	0.0483218859597395	0.660442412510498	0.461554813655761	0.354698377801065	0.0658574833997209	-0.0272899318613966	0.130537930532728	0.0495142519347866	-0.0244082179883025	0.11312070701029	-0.241407050511332	0.0621307195285494	-0.023214849972578	-0.00838420502576833	0.557894163339891	0.347613003112711	0.153931143749676	0.820760422027668	0.257013343001075	0.291864914194872	0.0968223207825629	0.00451628552766276	-0.176676829384267	-0.0184663874239623	-0.0266975907847941	0.0270799501683031	-0.271018353695062	LPE 18:2	skyblue
-0.271913639188229	-0.319376569889989	-0.506860311804008	-0.653260819288539	-0.110681370197366	-0.475335815071158	-0.80156518828756	-0.564081969275967	0.323484708459538	0.207848104895267	0.300449623082961	0.810823991503229	0.366477278074975	0.139028405444401	0.133636762407433	-0.0436816114108355	-0.102529656575387	-0.183369962305616	-0.220195604869341	0.166344605340819	-0.300710030152217	-0.309041775191758	-0.302638274583234	-0.0697599976963775	0.640301555680715	0.260010196045229	0.090373616671587	0.943540537136335	0.123278186019725	0.439936704790803	0.288900232677413	0.124607296057716	-0.0430880285344773	0.118711325366896	-0.0791799348043648	-0.029891294705273	-0.438718427738827	LPE 20:4	skyblue
-0.289892271274386	-0.223476922695779	-0.506114778271989	-0.608500105358329	-0.0711551458542544	-0.359535356215273	-0.751656118272877	-0.574337921060436	0.422841444033219	0.110391833640085	0.253105556180042	0.746528255865901	0.387520904911143	0.156854574688976	0.0816016444724336	-0.0835718006872628	-0.170818705837047	-0.228574028523513	-0.310135037165755	0.038131785405299	-0.358436264778381	-0.406850749307994	-0.364901534646642	-0.188321986668118	0.628817734749857	0.253936052896337	0.106385567273544	0.888006011503553	0.0288776127544713	0.407686091384566	0.331216751280985	0.300240736290186	0.0532880572931545	0.168160879130101	-0.0233432055444766	-0.0233503059598988	-0.348498925695241	LPE 22:6	skyblue
-0.253434208597983	-0.494023959251719	-0.3456247515749	-0.286067685524138	-0.134808230280985	-0.0277939576844063	0.0343640140035858	-0.227721024334896	-0.236627085629198	-0.276737439738822	-0.283249425295211	0.0736506276322806	0.501026300471101	0.327621440776216	0.0117926002018515	0.526399325167945	0.435192422573103	0.391915519123022	0.418589036476231	0.135127676512544	0.121054452660244	0.341548745752566	-0.0682992665827443	-0.0929276393671614	0.465478517509016	0.784277856089973	0.60177001777146	0.19131427311175	0.303827609307239	0.186113389450861	0.122834115907018	0.0489439759386782	-0.105877535042629	-0.130417897905816	0.0800381765951935	-0.207759488035725	0.129867453063475	LPE O-16:1	black
-0.355395190246986	-0.445015105986683	-0.463108749838101	-0.475604138488802	-0.251914562635622	-0.16102820753059	-0.186505705877192	-0.338643237712906	-0.0548156561494737	-0.200574167167368	-0.117803325933012	0.307446663459166	0.554792439620256	0.218856824702683	-0.0485133994872346	0.292017240729077	0.303273669014476	0.232373600246957	0.214266492172197	0.119046512752545	-0.0286328061683441	0.0622635738903572	-0.230566587155032	-0.0314975165370708	0.655719957100841	0.762245732289134	0.482101051164991	0.371008212898999	0.321243435096493	0.27719478399531	0.105993043077775	0.114550679131986	-0.152209637947776	-0.136771138347326	-0.00723887894520075	-0.258636228118567	0.0490905358372478	LPE O-18:1	black
-0.00191105733555567	-0.385340621651619	-0.286868428094883	-0.130497545131727	0.284104184300989	-0.111158637060538	-0.130908113426742	-0.111609446757129	-0.19221806986719	-0.433189031004133	-0.453039691921875	0.424714859867358	0.725476993985103	0.582716121348563	0.10149688147127	0.250416340884089	0.243642864035717	0.168979902099759	0.0145573910162782	0.0544503413962586	-0.158405894867514	-0.0148866362854195	-0.341046900343625	-0.463359042471056	0.570101482889566	0.484614383733267	0.492916323961819	0.294464083368694	-0.405156717497854	-0.306408233524269	0.46466461299843	0.318314654934939	0.2131949629378	0.242081517011266	0.290711119089756	0.193063569599721	0.148111956538941	LPI 18:0	darkred
-0.227415056973766	-0.579870176499825	-0.518172997308891	-0.478778666703138	-0.0983450657810804	-0.368198243618902	-0.324454723082973	-0.447335807847752	-0.123561460860241	-0.380888469198942	-0.280433680818768	0.598426894412654	0.764852303158543	0.46246641141068	0.0633162758845418	0.320784063889888	0.189817694679969	0.0609784762104957	0.0393186193428038	0.0896077043976797	-0.231334221401692	-0.0663893970043509	-0.321726030681726	-0.363556410063735	0.770635759394974	0.690536240428767	0.538940914731469	0.59675277246093	-0.0369826135709299	0.0331944375138517	0.337104319958957	0.273074903313396	0.131755505289068	0.158722023229572	0.190448219127916	0.0956915624065123	0.063454502552516	LPS 18:0	darkred
-0.337718747526156	0.192987278903626	-0.0548117149046111	-0.175160108850903	-0.23970788485413	-0.21225226960414	-0.21525867114959	-0.139760362705394	0.356312677260572	0.474330476313745	0.466674592523135	0.134596906419559	-0.223761529532914	-0.211639198507625	0.115823888675457	-0.0563591384027023	-0.0744026101858302	-0.0344537144577085	0.0248275246555211	0.207757893531743	0.135885722463308	0.0108849037724749	0.0967191028199467	0.391903973837901	0.00176013101301523	-0.0517177720771293	-0.303059463153685	0.285997949026889	0.517584285324414	0.685875567191702	-0.173315783512312	-0.308367215012294	-0.358528312627484	-0.283802538475496	-0.317198542881233	-0.271165116138479	-0.34443123879793	MG 20:4	yellow
-0.246645520993194	-0.190772276970297	-0.150058625122927	-0.0426231579040283	0.0734553373449706	-0.305787632146538	0.179350556032855	0.0499124944869563	-0.21591016192688	-0.325879815546522	-0.290048540800467	-0.0725935943092788	0.255612127839822	0.191548154211334	0.0629521967019483	0.761163491200304	0.288798012514259	0.345931470943473	0.456708661521775	0.354206880886186	0.18799144261283	0.182081035660449	-0.0139682019122076	-0.106435141788023	0.115428174203488	0.329909391367159	0.289475545843835	-0.0105194245905894	0.191994161359144	0.107332815666387	0.179564417736113	0.15534363502388	-0.150888032280676	-0.184248177663698	-0.0848616606607374	0.0833411318660969	0.437750635932762	MGDG 16:0_20:5	saddlebrown
-0.51270994327114	0.192912929374902	0.0238403522984535	-0.0882906075312869	-0.201409202124979	-0.261875112239406	-0.129059586654543	0.0872715295726236	0.449486670348097	0.556562503027297	0.522470366087198	0.194488902347681	-0.182851449830729	-0.216412139433265	0.0449884853159919	0.202474643289949	0.0635698861231195	0.367821901689715	0.24682679881956	0.442888085152889	0.192128279800191	-0.0318021114027918	-0.0556243778065085	0.49249353753295	-0.0138580845109713	-0.00610709195316959	-0.228155894735761	0.251119754386329	0.369175361724993	0.450800569395085	-0.203242250330384	-0.153746938100828	-0.535087681270538	-0.426906745847998	-0.331025834187784	-0.324237404310476	-0.136253883451476	N-docosanoyl-4-sphingenyl-1-O-phosphorylcholine	grey
-0.103235930111425	0.0521571147701452	0.266840914880671	0.282154633902967	0.166985236727963	0.227023232132265	0.844875727983568	0.40425650232468	-0.31324020488851	-0.21435435471677	-0.315492882163513	-0.489736899125475	-0.0979960893007326	0.0124889583777802	-0.00149832634420592	0.278934281024809	0.206195569122393	0.213280235062642	0.485578480786302	0.00515897839718256	0.375363363649419	0.309846071451497	0.324033420604269	0.18792037806372	-0.45653905389317	-0.10084799806186	-0.035121601615249	-0.611144124963483	0.0357998292782801	-0.334824875703565	-0.0896336954124426	0.0120390973827446	-0.0432153353923379	-0.112369348670169	0.182390143886033	0.00207193426799867	0.51926462209582	OxPC 36:3+1O	darkgreen
0.0360134820003449	-0.334928307017541	-0.127373425314939	-0.0233345296659097	0.224678950241003	0.0278717438421382	0.299507775783141	0.10447266524787	-0.402144436841257	-0.464750156853781	-0.451637746040153	-0.128456681172755	0.434381568112409	0.36527103399064	-0.0821364939138899	0.419578829612954	0.371221421309661	0.310843561309384	0.385726275958662	0.0713817688539182	0.19871642803684	0.222846230660897	-0.110146901410327	-0.243684196603432	0.182849542564102	0.478732426987578	0.512802863614429	-0.107164262743506	-0.0879290874435368	-0.23853135708061	0.214051258478546	0.227387026069529	0.164730802892221	-0.0345703749090016	0.229113863890939	0.0824618509109679	0.468378210776416	PA 18:1_18:1	grey
-0.228308148853291	-0.58244077865858	-0.521372340278509	-0.437434902643016	-0.132236897047104	-0.241089202731072	-0.205646617994035	-0.377772683073326	-0.227811719189889	-0.403206014650752	-0.347554467678907	0.24781833010649	0.638972675847142	0.35218248457367	0.0294699302732809	0.373891985704515	0.249640522998634	0.135260177411562	0.17083303921582	0.136615792039486	-0.0907894275616198	-0.0654354203932033	-0.39274045557247	-0.40143111979022	0.564838534094695	0.670647557228568	0.518418242118178	0.326848768651164	0.0681120274994514	0.165982040470963	0.261538794468853	0.569937939928424	0.145892538119669	0.0943246885205892	0.060581281931738	0.193055489179752	0.284462521547108	palmitoyl ethanolamide	black
0.440000948478278	0.0585844440709016	0.150019367241473	0.388020659554587	0.0952381216560158	0.834696141092267	0.287377637628267	0.294370921510177	-0.0854486871292326	-0.0496765331319004	-0.235930261300362	-0.310146423610272	-0.171005613835516	0.0862911861886582	-0.181870840753048	-0.334996571740552	-0.185472134361182	-0.14041958624129	-0.171688315818573	-0.311484733279595	0.16058339434983	0.142705422881468	0.227110407757709	-0.144844743062182	-0.27072668620365	-0.0816493283324464	0.0367383650735905	-0.408010639044165	-0.202369353579527	-0.322085444987805	0.0983153449859598	-0.197880289729612	0.232038837593128	0.093104622394661	-0.10544714287121	-0.215525713885392	-0.184682907372996	PC 14:0_16:1	salmon
0.344759398633541	0.0274095650161251	-0.0135823794006174	0.224026784585056	0.131811681236869	0.927768113776191	0.322290214123973	0.10516219011158	-0.130321293012287	-0.0128366487805238	-0.152774662839717	-0.19654987514165	-0.0917098597882778	0.176108796933686	-0.0810703857410336	-0.243388171104164	0.0744291636664324	-0.086684850108735	-0.0369847650479928	-0.183462837550823	0.278538645296564	0.300332786988597	0.189592101986396	-0.000228632670103715	-0.276704869500064	0.00576553153179204	0.0197140415187955	-0.410920713423046	-0.247094048801527	-0.413924093723584	0.0283238608797221	-0.271556406969915	0.115735659073864	0.0554989801951818	0.0187935125103169	-0.319430667319776	-0.140819682852175	PC 16:0_14:0	salmon
-0.113841856024511	-0.000174817418452354	0.101882638653425	0.230618055460966	0.275546831840371	-0.0603129649976415	0.468739894620112	0.380146166810587	-0.102557556167337	-0.102075839495473	-0.133624983970164	-0.0595188606590833	0.187037306427705	0.222048396850466	-0.0143392390712315	0.409429383703977	0.246842175490593	0.234682871509566	0.218360522298953	0.196250447706988	0.221924662439631	0.142182716988201	-0.0641438677161666	0.0201938224205445	-0.112522143454248	0.195878771722619	0.228883167692374	-0.229395166443281	-0.141822582018999	-0.165357840864264	0.0266265605629741	0.286028262495103	0.0181486917254849	-0.108384988191601	0.197701831913594	0.106715969665941	0.638586771381928	PC 16:0_18:2	grey
-0.0454980995316648	0.339367898767004	-0.0815806934355689	-0.0911770495539913	0.264041815044462	-0.396756297395647	-0.36347026983705	-0.0359043287904642	0.707570446207617	0.250946676610268	0.388766088318813	0.289628055302797	-0.0784774141701259	-0.151957474589419	-0.0660343733862057	-0.0881691918316614	-0.384329875751007	-0.224490898932728	-0.352598173459128	-0.0195757285996549	-0.274108363360781	-0.580581075343441	-0.333441331450519	-0.0714518591207339	0.0375178025920342	-0.286517737582763	-0.141052484945652	0.320706432648389	-0.102737014367097	0.32760513837632	0.12516052011597	0.403080353812437	0.0817715122482124	-0.00653448163386775	-0.164957670046898	0.0978772819452386	-0.0268646427292886	PC 16:0_22:6	violet
0.328303412831248	0.42010546801845	0.163476461378005	0.300108787860739	0.840259963142264	0.0591445343090103	0.0966665421421818	0.298973790806464	0.0627454228146942	0.165695012407985	0.0052738177606629	-0.141093758745128	-0.298530187882094	-0.0529156634067225	0.036559437118606	-0.0661546104968687	-0.0639667367285094	-0.13110040927894	-0.133712747331037	0.18623717259258	0.251354554984778	-0.133791335062273	-0.11507654185793	-0.150934461597676	-0.352366430605132	-0.456447516162386	-0.144512286686026	-0.21107817052331	-0.411065962943574	-0.196494613229555	0.275538258905311	0.0587595959367182	0.254577668078302	0.22262568181469	-0.0369398989436915	0.0736854284683325	0.0280087277054267	PC 16:0_5-oxovaleryl	sienna3
0.246012664043362	0.151181236639101	0.21117176242918	0.454030354532872	0.810924688556546	0.207162513053585	0.512078368538178	0.388698208672842	-0.177217519435054	-0.349240306144592	-0.468287570482988	-0.178960477628146	0.102548581634285	0.319936360311026	-0.0217692218258864	0.184111407137357	0.113527905806363	0.150363917303701	0.0905234000462319	-0.012230223411838	0.16975769407353	0.0936181040096698	0.0305912931988566	-0.280779383109123	-0.175542770022369	-0.0830362910871829	0.237833547037632	-0.340274447905456	-0.432550023375979	-0.460951661386678	0.129844895977588	0.223876700545192	0.242498910800428	0.0463172765754805	0.134350973426181	0.146433469191134	0.470403693231829	PC 16:0_azealic acid (PCPAz-PC)	sienna3
0.298937445829632	0.421237584671889	0.219164642213996	0.4041391143823	0.821847376130289	0.165966194173225	0.287649175622301	0.406644927055292	-0.0578979781726776	0.10236656782357	-0.122791655391676	-0.214845835279226	-0.18061032033196	0.0946986246226849	0.0433492305790318	0.0500508420767555	0.14095222106698	0.0687868484929472	0.0666666257177164	0.179083955970354	0.350841987743245	-0.00996540293666837	-0.0929067225211803	-0.101259207700697	-0.314707582177004	-0.258453828222069	0.0456958330674406	-0.383479450709207	-0.445723440514028	-0.292937089114131	0.163648599559998	-0.00854865698877534	0.165343730722244	0.107624968626209	0.0776586437513841	0.0206498053503863	0.158437048742526	PC 16:0_glutaric acid	sienna3
0.272035402790239	0.0799271306098425	0.0421032323828266	0.263520582542648	0.906140944737682	0.0606345801723281	0.0760663720924993	0.143323286079047	0.0471387860513919	-0.169991291838209	-0.255349861921926	0.251752881423251	0.216557558490687	0.421542228714734	0.0603309838158142	0.0614240709649935	-0.0342391835448154	0.00391600627680736	-0.111200331837291	0.126314829494416	0.0810270745174459	-0.0214658675772638	-0.155289975716933	-0.377925232485603	0.042468423417369	-0.0789429226791057	0.240579197314801	0.0752708986935466	-0.540017164237943	-0.414996960931945	0.33977489813792	0.257900797687943	0.362058687263164	0.221027791926681	0.0444627104602848	0.135020989094711	0.10893532876591	PC 16:0/9:0 CHO	sienna3
0.0738509823421147	-0.054207919541581	0.297744399900928	0.256301812611053	-0.0253755926904654	0.249573165075929	0.686047706845767	0.305540355229444	-0.063971649976819	-0.0539633855363198	-0.0848330708975047	-0.238664859308154	0.00561072837097722	0.191339264388592	-0.033981640558762	0.216840193331061	-0.0205667021713149	0.00658477863193319	0.320732338081965	-0.116664106215699	0.162906936411388	0.294621902262781	0.585743458671971	0.348134003021135	-0.356415333273183	-0.0938367843836096	0.0156506847589553	-0.336645732185765	0.192874865032016	-0.179139150491958	-0.166130372720549	-0.140033582747328	-0.00271875479592898	-0.155172065191793	-0.103519806737244	-0.181465979108064	0.171503459134743	PC 18:0_18:1	darkgreen
-0.00158104868631395	0.270462309044902	0.302884953732868	0.295804573365434	-0.142846811733766	0.0679822876919318	0.520448776719356	0.277711012785177	-0.206420662434392	-0.0514456768986323	-0.0381986271732946	-0.572988224598626	-0.320620380405586	-0.253617492734184	-0.113775685276547	0.0383420265642668	-0.0722200707529837	0.0496725075816833	0.167378494408927	-0.152139191484394	0.0714347589951682	0.171554917484023	0.343334083160904	0.30094698930379	-0.506414477410278	-0.354090898204185	-0.288263433418733	-0.646060691197253	0.27381638184851	-0.040883030368569	-0.448460498846861	-0.1431188919434	-0.173489048979445	-0.185239074470981	-0.0309860909604498	-0.0308724967441947	0.443211427828514	PC 19:1	grey
-0.0365696221094349	0.267880278252793	0.302553463287204	0.26086663643246	-0.160154139386141	0.0402741842502428	0.400494435106806	0.254203624572082	-0.0696792568084016	0.10641144923203	0.108736693803057	-0.433109181310696	-0.348657921825997	-0.293798301347384	-0.137709521031068	-0.0236699315586067	-0.157647343654831	-0.0245125026696023	0.104835310537855	-0.121244925727788	0.0316327303566866	0.0654956298513927	0.372607320164547	0.402995012226383	-0.490333600328549	-0.411486370165768	-0.356584703626448	-0.502709406642045	0.231433005386356	0.0060930800228063	-0.41393358043545	-0.124324407361033	-0.172150915233206	-0.135661065775972	-0.0347218926027277	-0.067788974325561	0.32919212170318	PC 19:2	grey
-0.0911356330985178	0.0874048001915376	0.0999078993365971	-0.0143359907199653	-0.186145989176254	-0.115816525465262	-0.0545364376855728	0.126306259091932	0.0746296219214681	0.206818635142533	0.193509561865084	-0.0621390008733041	-0.123743415840571	-0.188437295381436	-0.137736678177403	-0.163096467491401	-0.250219151529795	-0.159243605450248	-0.144745138022891	-0.0947145240311121	-0.0911604980136624	-0.170284676545351	0.197318709563791	0.208929207672873	-0.126689302193658	-0.298983307516735	-0.212564079045931	-0.129740634589622	0.0301495903906752	0.0531171424158454	-0.249515913453492	-0.018672359975825	-0.0381010986890356	0.045518861862849	0.0155580179472782	-0.00372753037221712	0.106941624305032	PC 21:4	grey
0.12100657260933	0.324186128960626	0.390999891948368	0.58640984691676	0.466198496676912	0.404568150175125	0.857609049079216	0.611139585809301	-0.293426229112927	-0.228427002717554	-0.373430004449811	-0.605482384532521	-0.218197795749295	0.0328325795117996	-0.0825974296751192	0.214160486521976	0.17471286302218	0.202970342718442	0.338070095847683	0.0278574158311862	0.440902754080041	0.272666415247546	0.256325706446649	-0.0051429300883949	-0.550661670477495	-0.17745422169688	0.0119518403427791	-0.741936823654033	-0.183424656718682	-0.388679454113414	-0.111374468592996	-0.046006096694743	-0.0192960352807925	-0.155218304257776	0.0344082351549736	-0.0103007875733812	0.551281332830311	PC 24:0	darkgreen
0.372319954341294	-0.0397785096486465	-0.0704749795941028	0.0723218799155546	-0.0720746556730386	0.781289416605452	0.140017520377229	0.0698345318873435	-0.0805053291632293	-0.0296878826139547	-0.0927389023223171	-0.170430127039827	-0.111746542571876	0.0444022096738847	-0.155494823454687	-0.413910719749534	-0.251161493983845	-0.310416986786782	-0.199016558193751	-0.391479672751386	0.0697776633005309	0.0854093218226919	0.21381986617903	-0.00670172024498706	-0.166063150298369	-0.0767789361511303	-0.0435660207012625	-0.302138228999735	-0.150808191648317	-0.298872051004505	0.120425159164726	-0.283351255903337	0.19129547361736	0.15876982843386	-0.016988800131845	-0.30541393603007	-0.280883453924876	PC 28:0	salmon
0.268546596494912	-0.0686082563347727	-0.11265408036055	0.130593103060335	0.0872140208815477	0.86383074710002	0.312590344550697	0.16619358977016	-0.216201962110194	-0.0958501963598432	-0.196231805810049	-0.197339192800693	0.0313900156987119	0.249413222876956	-0.121512355664003	-0.222123843601033	0.224787691836851	-0.0845952702868257	0.00244647523541963	-0.152179868951953	0.317838679730699	0.274161054030128	0.20000800403769	-0.0798044377713077	-0.161308159666402	0.0550563655621946	0.0888167400919212	-0.388033960478966	-0.327843202019466	-0.46315968875189	0.0360696692645492	-0.10096874776276	0.205696542695935	0.0888838917473292	0.127816877352943	-0.305472904573268	-0.0111431322067999	PC 29:0	salmon
0.165897692356352	-0.288530723685475	-0.222779110392316	0.00630413911803862	0.308163543404305	0.139878567311225	0.180519122081499	0.00774046785029788	-0.2018974263854	-0.378019770603203	-0.395308281723386	0.0939969769679686	0.380103710752841	0.432703875859533	-0.0818141312573682	0.241459557735651	0.312888056556876	0.130835259667803	-0.0358517283304698	0.21592032577537	0.1110222173937	0.134007695307673	-0.145206627744284	-0.377401190684281	0.175003978331633	0.25473678320016	0.363132707870339	-0.114076685273314	-0.374424971578673	-0.286511669794497	0.287426500474427	0.361056150582287	0.257345436789863	0.137277484047515	0.0296346435447036	0.176933425945232	0.33059359745776	PC 30:0	grey
0.134681707510992	0.0205201691902952	-0.100300233807483	-0.0489302975640888	0.64494259948424	-0.214216054939603	-0.155929040324362	-0.130477503437203	0.225508733122199	-0.049575082648379	-0.0199164582403404	0.467566768942153	0.359986561196947	0.384684969040753	-0.0922162512178546	0.0981851193373749	-0.156852777371443	-0.0621404820058031	-0.206965149498337	-0.0036320503238927	-0.137688319146771	-0.176043764145303	-0.298159740328872	-0.263794157010571	0.172129755030141	0.00957934534309499	0.201160195604494	0.290898462883226	-0.324996166446541	-0.160848590806636	0.245423863050504	0.286459789411179	0.274819022191516	0.228855266572749	-0.0522109854436475	0.141442737324383	0.0590134638113897	PC 30:6	sienna3
-0.0206667140662539	-0.177643510005709	-0.187216884696551	-0.0874639620366177	-0.126024874585512	0.591007754444871	0.14800114856555	-0.152833093148737	0.0304898782494573	0.171637132455414	0.071161842697166	0.0790523488625373	-0.0547822242693286	0.19937032282205	0.0881221096408596	-0.086324396456184	0.303290002689548	0.0178847014942406	0.0868331733589472	0.0768761031428316	0.366429219157638	0.401574177665486	0.370317615724671	0.277540415696097	-0.0670294463356012	0.21143472464068	0.0490976380007773	0.00517958613970588	0.0589897499666217	-0.0410770274256113	-0.194227843918814	-0.311052652367597	-0.0262211443798269	0.0198143357136787	0.00757879463794633	-0.422573681344105	-0.267827235640998	PC 31:0	lightyellow
0.226726349338546	-0.137512495865509	0.0311538137299792	0.250926351842525	-0.0574992656786583	0.876652509015482	0.269690758492525	0.12167301683973	-0.221428406619259	-0.0199143662255113	-0.231910498837064	-0.2306108197851	-0.120549371131786	0.0949022269590301	-0.126738329696684	-0.189677957004996	0.22593524111459	0.148858059311832	-0.0122616672022207	-0.0966033762377542	0.240492186854216	0.31814392105302	0.174393350827331	-0.0986550928475248	-0.138790432041645	0.130580479888083	0.0820906208697309	-0.32265869066297	-0.184590079691067	-0.341450395352294	-0.051935973914114	-0.186056681620904	0.0942152990890272	-0.0367886480301186	-0.0414344445712738	-0.239515745633753	-0.179234412953306	PC 31:1	salmon
-0.0351214981854674	-0.00656838711727083	0.307223509395184	0.362907890890729	0.155037382885943	0.182784286575959	0.589304929667943	0.243993734079239	-0.214492170439926	-0.189727182813651	-0.208445639784339	-0.239762847916636	0.169358978809295	0.370071458782925	0.273146085660346	0.491289776340314	0.298282046707271	0.389322076317305	0.479374691585465	0.0731510125155732	0.216290220352874	0.642804004907385	0.402810138421759	0.139788203720538	-0.215935614865297	0.239792986537336	0.358955310879346	-0.367867319234725	0.0464910939536764	-0.287178180464961	-0.249010417627326	-0.117863945826208	-0.129010880839709	-0.237836490950472	0.1753572605997	0.016460760618733	0.399664769823369	PC 32:0	cyan
0.287066302660804	0.121362924208201	0.2518847329285	0.450773007254426	0.0428696924600404	0.91374862908457	0.370040789318581	0.275311979603836	-0.0723829348421206	0.134969410272514	-0.107952113741749	-0.255016888865313	-0.209128835909296	0.0741588346855672	0.00492851817134905	-0.264455279859328	0.0221551857133674	0.0934041430185786	-0.0331959835138156	-0.179543002478041	0.160896943261507	0.273183366980527	0.240612108663863	0.0487188467727421	-0.294135831549731	-0.134557339667101	-0.0892317372214817	-0.428341340962927	-0.170588108740172	-0.385433173458506	-0.154389773181116	-0.237153893808641	0.00240881592814562	-0.182292190444761	-0.154830278307222	-0.300523387919428	-0.216750621753734	PC 32:1	salmon
0.130442769151685	0.286626361187051	0.0403731009201575	0.337883130209762	0.0987066665417562	0.828847370165103	0.293338942088328	0.312945188516294	0.0530879506485725	0.232335547766077	0.0120585208904889	-0.210140637016881	-0.224899370047379	0.00273677354907059	-0.0747451363783325	-0.364790422009098	-0.155826631414216	-0.10814986465289	-0.0275417532637016	-0.262670497674891	0.214805304688073	0.0222517542659784	0.178804309052908	0.207273201509878	-0.25994676822059	-0.217258127915407	-0.174216997549433	-0.403688248019515	-0.16373658387955	-0.311424068262736	0.0193102648965274	-0.218055700835946	0.0404072993537421	-0.136428382587748	-0.0533030097578366	-0.447762819472895	-0.15830160706484	PC 32:2	salmon
-0.0381296177216079	-0.085403083791994	0.111858094894076	0.0942641902579585	0.0112460837280652	0.416006675284983	0.446781980489178	0.122848131159268	-0.0991742292832797	0.118583365705423	0.018244912112266	-0.129650319076413	-0.0891664797647949	0.222319343336413	0.182144161555006	0.144346458788983	0.30663276512666	0.0467856248583885	0.299319230511378	0.123645457057964	0.405289738728739	0.539327671005642	0.685048788610032	0.40444905408096	-0.32465587574493	0.00299350013942505	0.0213887318293616	-0.25815837181967	0.0950277250004216	-0.173075045823317	-0.37719799847687	-0.332402847582227	-0.157113047880102	-0.124367388043377	-0.039298261217922	-0.265974592919202	0.0309245786855982	PC 33:0	lightyellow
0.248419468778347	0.0662728580198447	0.169343280083862	0.356722970382109	0.0782206616170228	0.889637113612044	0.439120373745728	0.342440431208969	-0.125177434784051	0.153953110120859	-0.103440477048066	-0.248237083522942	-0.224061225887355	0.117620760802969	-0.0495791178792705	-0.238674394183325	0.167439183235283	0.0417240660972348	0.0408014338429208	-0.0849868624981539	0.340965958776343	0.307234128249235	0.396224703584778	0.134408069632406	-0.370449921854005	-0.183666258757802	-0.120261184195045	-0.434756896897165	-0.195481400797708	-0.408811474470991	-0.190162868488434	-0.218576336773037	0.0631030550710858	-0.0985674729997636	-0.0839546448162537	-0.354322670995701	-0.0897283273986248	PC 33:1	salmon
-0.0726137213865956	0.299765803368329	0.0254357388044786	0.152425912911637	0.0655373505922585	0.547099228957611	0.205056133162673	0.272013406041795	0.233752409261278	0.546483216893747	0.334990297720544	0.0378304516054847	-0.302896940386352	-0.0235462530614528	0.0592809860143153	-0.281617133030823	0.134377465802419	-0.0121011560440494	0.0374296657897709	0.0970746193559832	0.422246015386663	0.121687788816125	0.331522206994943	0.50675690140004	-0.257734827814087	-0.250188072741774	-0.268644946005133	-0.168333514479417	-0.128735416005549	-0.180983296053944	-0.274211427830695	-0.327004246649499	-0.0732727050643651	-0.155717250478771	0.0147396148530399	-0.542489633220732	-0.22343552158341	PC 33:2	brown
-0.214287970014454	-0.233135402576601	-0.190021951072854	-0.240362985408921	-0.0762101521124627	-0.434896968782007	-0.0274600611221231	-0.180725505766861	-0.132796879569219	-0.258024049271446	-0.186592733593994	0.00707818931763065	0.22238881065236	-0.028342209727591	0.239410131183494	0.668970942975773	0.279062899043499	0.267427382705237	0.366407093240761	0.235681826829755	0.00451037212700065	0.0435538411274569	-0.229949095448932	-0.145113515686187	0.208555083675281	0.454070555595678	0.318681940097637	0.20018726155968	0.267848397732582	0.224633122569815	0.137665582700421	0.22892514937356	-0.0107891234565328	0.0602285836511647	0.100488156816595	0.0617862162527279	0.266954806993651	PC 33:3	saddlebrown
-0.185406181396191	-0.129192250615204	0.234224038634017	-0.0129338141142465	-0.0276316855024813	-0.0890792836633841	0.357521682667901	0.094883733782085	-0.0292824911130912	0.0730179661928328	0.114538916823189	0.075289751804699	0.114231588197995	0.305259230976964	0.393568231580929	0.392862167117069	0.158010018430704	0.000863128677825585	0.518927058474112	0.0890987488095887	0.265422493493098	0.48845121254548	0.724863966266484	0.508328519659878	-0.205766629880806	0.0607514579947485	0.14527718417145	-0.0035145778055871	0.222381929114463	-0.0404993460081267	-0.258252933577846	-0.342833403408292	-0.280689375606492	-0.148239679895155	0.13129634171771	-0.039202271421933	0.0670718822429083	PC 34:0	lightyellow
0.130310388279455	0.0903257647231703	0.294430362005102	0.380539738791484	0.0811345996845201	0.618626333981727	0.682204916691655	0.437966677083416	-0.207587558263716	-0.109730753046234	-0.280462181924651	-0.400767161482622	-0.0215645053970182	0.169564383348103	0.100931241157952	0.0945366908862201	0.147532535006056	0.15877072518453	0.178681491973075	-0.188268135380248	0.189242603507317	0.271674577141274	0.287044588569177	0.007772671440006	-0.310984044557999	-0.0335737196817189	0.065128417346717	-0.549390792204879	-0.0460532669764986	-0.38103083414243	-0.219514353949002	-0.0379750572419316	-0.0481336808452489	-0.211185929036909	-0.0862424302539326	-0.183614785525139	0.273404015864225	PC 34:1	darkgreen
-0.0917106579811611	0.128625907130208	0.0894945098093519	0.258741917230513	0.280358014444453	0.11122682025683	0.3986955141367	0.391507944041172	0.134491224242573	0.136208589699115	0.0422598082552575	0.0356530412416281	0.0486827447658892	0.166137741231816	-0.0176629423424408	0.225335171344936	0.132051926795445	0.191161237678186	0.104924293634016	0.196264485358051	0.254835498314597	0.0523401716916434	-0.0652870124167204	0.147721122750474	-0.148466394634997	0.026018257190185	0.0281256150798588	-0.230578884312925	-0.127092358856532	-0.117743935532385	-0.0479693408250357	0.168666314648487	-0.014672865214876	-0.154514925517964	0.0681669035861502	-0.0645961077087608	0.44722509781181	PC 34:2	grey
-0.000251586142616995	0.277654642935304	0.106647130726192	0.256117045521102	-0.0462066397350868	0.663081975743511	0.125268624587857	0.168606173063768	0.35540137685646	0.589423815360772	0.340836269537857	0.115695328123622	-0.271584929266422	0.000852824347952942	0.0876553082506644	-0.350542493441056	-0.146525822295235	-0.10235059708051	-0.087129841351058	-0.0951801109761189	0.237392069372641	0.0766430709804714	0.271245861734404	0.444763661895547	-0.219181398378505	-0.206806793317515	-0.210173288266563	-0.114048521436376	-0.0509856024073549	-0.120319549784578	-0.246395241127986	-0.36588805290949	-0.127178652363437	-0.238157465945162	-0.129624065304565	-0.531030946985963	-0.395772234349716	PC 34:3 Isomer B	salmon
0.173981700527355	0.380934109940145	-0.0594936914087591	0.111581157732129	0.14174135286745	0.51107283398072	-0.163990362023453	0.126097198946833	0.259917968709345	0.474327980785522	0.255349042547416	-0.0272407825300771	-0.287172225697903	-0.176143162985521	-0.0490026037310264	-0.5306331061147	-0.281245778752279	-0.30605951146935	-0.31408176015615	-0.275729565969054	0.0412238129719541	-0.281914377064281	-0.072428100316068	0.106749989906698	-0.0714288606220309	-0.226627856897342	-0.130067842450263	-0.10734591896075	-0.198631823747396	0.015563429139229	0.0709562735711449	-0.157496088658019	0.0737877799678356	-0.0129613529169904	-0.0213711283569554	-0.332371061935737	-0.396869918654343	PC 34:4	brown
0.084210690030771	0.0752712230952564	0.323592227131373	0.325857169975465	0.0128601727171951	0.551617454524025	0.491715784680926	0.476568260023492	-0.0189481927207776	0.311221613826577	0.0817558460758405	-0.28513110748257	-0.386689754543449	0.031605327680208	0.0558477723528653	-0.139088496197188	0.0122543598375353	0.00158118612716401	0.168104502957443	0.052529386292557	0.374449518744417	0.316619120261411	0.750450580628658	0.418025131258289	-0.577914354816409	-0.39949199786197	-0.256518419315241	-0.363193876058974	0.0253291215925057	-0.229227277813991	-0.354450510244264	-0.265655073263885	-0.0786330953378306	-0.177550943928021	-0.207693927335395	-0.255191939615513	-0.106610006753386	PC 35:1	lightyellow
-0.0539244577223869	-0.23441163746633	-0.0567778494933813	-0.101273428957451	0.139446191319231	-0.0393984766587031	0.171430323592369	0.129194857900721	-0.13926615978154	0.032425572262252	-0.00520025640075303	0.162266948206688	0.152654757898923	0.247779595334398	-0.0192193806631033	0.206761456863529	0.151771182165575	-0.155242427569095	0.16788561291461	0.289870633041948	0.280563611193075	0.197275912168484	0.305467427906972	0.124822226433912	-0.0921493527250166	0.0401665054789744	0.0633510834514397	0.0729132257054173	-0.0254063191620696	-0.045922381713961	0.0185845904082567	0.0545942860321349	0.0632597857592131	0.144023547909414	0.039335983615632	0.0331714900578617	0.20138904092879	PC 35:2	grey
-0.250854353458467	0.251260923502464	0.192851852412089	0.0974466355053274	-0.0674349968620137	0.208665664024146	0.162613228551704	0.227849240258149	0.418530943202332	0.686567388252477	0.518294841503601	0.140916929710232	-0.341139274842163	-0.0832618360524688	0.193555821621793	-0.170608603354709	0.00205167113343904	0.00735662392981437	0.10812085260145	0.180090304364023	0.328057694125582	0.127233874683724	0.511657921507378	0.677504460941143	-0.288876858824654	-0.306393910454051	-0.318049741390328	0.00833555381816512	0.0802353142218586	0.0321560644054729	-0.445161812962705	-0.364803309601503	-0.238353412256816	-0.205967600727448	-0.121992649207682	-0.429510777899067	-0.315271975852256	PC 35:2 Isomer B	brown
-0.0612079430805909	0.205605491355855	0.0231968281818777	0.144019400325666	-0.0549573837843722	0.532243078651074	0.047169501182604	0.123823251110509	0.291677669053649	0.616326070488134	0.323252279319445	0.213725964265421	-0.205808399046091	0.0198422607209069	0.0681660623133846	-0.330831715190624	-0.00261876525713124	-0.0060003012383856	-0.148312852277453	-0.0663382689673278	0.16214441270401	0.07459837016125	0.246065783686932	0.36886618657176	-0.107287561173425	-0.157299007457562	-0.206611549687896	0.0224731553806317	-0.0136016964648515	-0.0479347205147122	-0.273201678948823	-0.322335228932438	-0.0786199374675527	-0.187219922390641	-0.148960783659003	-0.522881404286088	-0.374742507464553	PC 35:3	brown
0.0381390338050219	0.271259383926865	-0.030102364725325	-0.0803878666012598	-0.012265992956527	-0.273209999738579	-0.414836318297946	-0.12029369573733	0.370419369173939	0.43421148321026	0.38035709993106	0.250866605235029	-0.11588280595316	-0.20004125141104	0.056993320491718	-0.227989922811369	-0.359444374133244	-0.195372079771712	-0.341364183272999	-0.0907207571341602	-0.419722374967288	-0.440985782458378	-0.298956647912971	0.00989147930626339	0.0774252277295173	-0.25868759204273	-0.13128342831205	0.229513628971476	-0.0770976613467771	0.29341832097792	0.0653604730551482	0.17358063538955	-0.0360883757740932	-0.0503912657349527	-0.0193893563060695	0.149625130665506	-0.192920094263073	PC 35:4	brown
-0.141839564833267	-0.23508220041516	0.132542781919473	-0.0970842455315489	-0.350623699452147	-0.0492787212382052	0.224869631324426	-0.113028045852988	-0.0766072150458547	-0.0598115861535668	0.0403902873062671	0.0156676196746245	0.151375502194044	0.114504753130737	0.137736265640723	0.176482703074185	0.012657462781956	0.07582244386393	0.375650294325651	-0.194186053035726	-0.132652557446526	0.401026000482962	0.633931807930209	0.462150030566024	-0.031482365571186	0.162873209695231	0.171768224022354	0.0693774976036286	0.338642899652672	-0.0281466184802903	-0.367349295144553	-0.213999346279485	-0.181771901654117	-0.200868145888407	0.175042851081522	-0.033820535641435	-0.0354442551048778	PC 36:0	lightyellow
0.0105842285212226	-0.0369623413042414	0.335139119868988	0.240361911715741	-0.0812000502837922	0.189294233296264	0.695626550014232	0.378575117381157	0.00399608864561655	0.0361804649319708	-0.0356421419047939	-0.262766530713883	-0.145246109054415	0.0861528691047202	0.00555815834120928	0.270980140177974	0.0093846580328476	0.0613115511870412	0.327844334750829	0.00205939354615886	0.2000001660334	0.305828288594891	0.609005564173807	0.411562355168308	-0.451346885818625	-0.156765233021822	-0.0573025158538049	-0.33894605448864	0.219636195584102	-0.112561268107987	-0.299950563362714	-0.115445907908739	-0.0999628685459313	-0.195130820077948	-0.177427027782835	-0.122899391631098	0.220955751982483	PC 36:1	darkgreen
-0.120975656941218	0.301901953109081	0.445607244727114	0.281445656265554	-0.128392057526107	0.190108516287074	0.347380037615598	0.316320841044089	0.357455624164397	0.622082012492691	0.489445394749545	0.0221180271505245	-0.354434109298311	-0.0935095880789045	0.23555842111531	-0.11190321584176	-0.193786566778981	-0.0872632500594558	0.148896016417535	0.0423672631498689	0.236251615192919	0.163055198739549	0.588497227314567	0.832585993528846	-0.40870994397774	-0.363388312704182	-0.34798261007216	-0.135813168328007	0.206794380462694	0.0244300838091156	-0.458077648290497	-0.440840395179687	-0.323240430192593	-0.313351495257575	-0.151095609580742	-0.402503900163084	-0.213137168861273	PC 36:2	orange
-0.0648630634991897	0.131985226927336	0.0585063504563764	0.185664363555566	-0.140390363852878	0.183365489214388	-0.0806058214248416	0.0355276184015354	0.27723295523384	0.422545351528291	0.202426505418371	0.278187399282941	-0.0352907683758199	0.0211646340101477	0.00904364577393899	-0.169633923291862	-0.0893296663695982	0.0849883282603561	-0.196515058308472	-0.19884345727558	-0.173909714423541	-0.114122017403599	0.0109044332046398	0.20965825389806	0.132638297822177	-0.0113377333983506	-0.0320699990508512	0.147447490107854	0.119384095543646	0.148221440685029	-0.187796734325295	-0.0945095526305158	-0.0811996871617097	-0.268286713861654	-0.118052911320864	-0.276052086732477	-0.149903726733295	PC 36:3 Isomer B	grey
-0.153932207305185	0.108008084248116	0.06460166499792	0.00959031215704658	-0.239459606128107	0.0856536177799583	0.0238778181708494	-0.104146160420795	0.392490476845773	0.501741061837712	0.448077784429555	0.402433220838723	-0.020328817723727	0.156649006583282	0.21161881695275	-0.142231683402922	-0.23321915964432	-0.138725662067539	-0.0154485603641974	0.0368342739076855	0.00871648199021533	0.0170933250192538	0.316101882014414	0.666237600664911	0.00135575541264565	-0.064689789758109	-0.158746175821723	0.213149055975019	0.175293152805529	0.129497764440436	-0.197484815509521	-0.289227943993156	-0.206566361073989	-0.204895419340375	-0.0763898439457065	-0.30778512077523	-0.301862470782053	PC 36:4 Isomer A	orange
-0.0131995873608874	0.372091048532022	0.0264233521838324	-0.0739556836837024	0.023570991288573	-0.128320120916378	-0.385388933354431	0.0280737531053918	0.476828643579554	0.732613709457639	0.601380873708214	0.207498638761954	-0.322677517244914	-0.347420616317957	0.112453862465076	-0.276618391014991	-0.323615160753258	-0.352779400740547	-0.392431689838571	0.0276897362217678	-0.0318707257028381	-0.413436271164548	-0.215144491704316	0.18942031134403	-0.0387872825232131	-0.242998100685213	-0.247408678806175	0.184126170163094	-0.0571137936929996	0.347375070648598	0.0299539790321778	-0.0573528872013609	-0.0808338222067315	0.0367448607174895	-0.177331605485983	-0.147435065612791	-0.320870769457191	PC 36:4 Isomer B	brown
-0.0254923109677618	0.480157289677522	0.148869482680216	0.0184277025163663	-0.0774123187484259	0.012138276583352	-0.337432014575276	0.0331885019798172	0.581364671256294	0.910316877906267	0.789567101370756	0.217829856122827	-0.4189784834092	-0.366708573545333	0.165989925923371	-0.382922597688833	-0.350094466722059	-0.285856312851906	-0.282500429348604	0.111594571128914	0.0676940281907553	-0.270944839520209	-0.06269850547164	0.454869864327765	-0.133054333210787	-0.363742578353877	-0.395408676289159	0.13056054567491	0.00994937226196209	0.292742437856732	-0.119581290219998	-0.314004735699597	-0.198824537890102	-0.110669806343848	-0.2253645531885	-0.333149610256227	-0.573347720046028	PC 36:4 Isomer C	brown
-0.148592521180744	0.349995934037331	-0.108203029987515	-0.173006602540837	-0.00847768415682699	0.101753933801824	-0.282756715335403	-0.191429566989627	0.854499702662137	0.690166682239388	0.657628903632097	0.425023021738673	-0.19972259766491	-0.122318397017948	0.271314906530677	-0.261978189794686	-0.276867654745797	-0.296671091822881	-0.239567120322489	0.0751319329988998	0.0367695786239203	-0.26855968139436	0.00318416088521316	0.338043358829158	0.0182048941614243	-0.22315744658329	-0.258107588392138	0.289589295880563	0.0216168575909248	0.28698747177769	-0.119854787628734	-0.195494615550954	-0.135382395361667	-0.0542195915223869	-0.226108641138108	-0.437558582482256	-0.608427909030507	PC 36:5 Isomer D	violet
-0.119071241135126	0.209004805049885	0.104939845401072	0.0970279933049332	-0.147492316886208	0.300694815393494	-0.108762355755857	0.192013834921812	0.224070417419559	0.604749974040539	0.328146629928873	0.127924327272911	-0.299056485251997	-0.175002558655624	0.066735267895973	-0.289858152901813	0.0275236368358022	0.0604863585749651	-0.110432695155676	-0.0425328048217098	0.116898398963628	-0.0334861545845156	0.190194840619608	0.324579746375325	-0.0927718774264532	-0.256268363653649	-0.317566057330614	0.0514852466065511	0.0891917793202378	0.0725230168682291	-0.275581189333723	-0.332035179786273	-0.178526989348901	-0.162216406909729	-0.198216656853126	-0.418413119501677	-0.346381032323531	PC 37:3	brown
-0.14378606664005	0.335160921613963	0.031404940807109	-0.163194823495925	-0.0597781103829738	-0.0847586859354184	-0.333673545243586	0.0066689785618339	0.602681432490333	0.889447443384845	0.787828469959449	0.243587527540274	-0.412220014109658	-0.340818048155197	0.187182311474462	-0.295785056277504	-0.264410889062548	-0.318906792394364	-0.222555742190782	0.200175160193787	0.164527100196313	-0.261538320835088	0.103582879836503	0.477192751529432	-0.154610511300087	-0.368386204260271	-0.39669901063031	0.228400128162681	0.0760585425430968	0.364126007736413	-0.113528315781364	-0.22705236325462	-0.166345151763649	0.0274738775143334	-0.254977835084848	-0.375865912265619	-0.52772030203183	PC 37:4	brown
-0.0653420726100898	0.0765624111678822	0.525988422592021	0.265587918553156	-0.208047249869763	0.0784760925894164	0.544864264177802	0.358159644748486	-0.0691410880402007	0.00294511307992098	0.0794142265113827	-0.367784235233919	-0.181276881056485	-0.00574561284079412	0.227006947594528	0.122019608134373	-0.0741957193488519	0.0504322766112976	0.427248743481016	-0.209510163498861	0.0827237902434371	0.42134545829229	0.821257950552023	0.527362065817128	-0.500353130930198	-0.257576869090815	-0.101102939323345	-0.337565993454551	0.325959333503549	-0.095469463424213	-0.499811290425976	-0.304675143993229	-0.264249193004589	-0.340108127406822	0.0600626965167556	-0.0136850086454118	0.121030986931622	PC 38:1	lightyellow
-0.0230073251191766	-0.0810304839217656	-0.0226770569609202	0.0442477252870457	0.092105369363179	-0.185791242082809	0.128425643419111	0.108030002440493	-0.10375017660104	-0.191650712386509	-0.021542663295682	-0.117820251924544	0.0473390744913344	-0.0207820140485365	-0.394917485206158	0.134312478391113	-0.0948147026682847	0.111173914021111	0.0349005049776681	-0.010255938736297	-0.0724096939582435	-0.0565217693060145	-0.0434216637965853	-0.0133069051904059	-0.0761654505265023	-0.0964265155765333	-0.09178768684011	-0.0680646588492982	0.113812330965605	0.0467202482389371	0.122010055817476	0.198925662230693	-0.0365752823231332	-0.129611979284521	-0.230680785874526	0.0775347847127465	0.402743538771596	PC 38:2	grey
-0.138800899340023	-0.0242850610844391	0.0087686534370818	0.128111166232699	0.061313102077009	0.037473439697286	-0.0154486580349604	0.116599413851293	0.11230845742283	0.151894545695108	-0.0977776363110869	0.220775605172319	0.14327176483634	0.203884087590402	0.0906853214869623	0.070383577780618	0.214083306209755	0.347797719204014	0.0362965996991197	0.0521797107096431	0.0178431811191175	0.0503500933745981	-0.0165040882313481	0.00224659391287539	0.197453649227103	0.112875761539515	0.121144620930505	0.14588721314833	0.0338813980037479	0.0187070866269791	-0.0604723117416419	0.071582790384669	0.0300567879081693	-0.0380341213051206	-0.0231301789587059	-0.0580122932638744	0.0114918882726274	PC 38:3	grey
-0.235455661873613	0.136947366628216	-0.064759706084414	-0.255772835435279	0.00273302209894379	-0.547806702916672	-0.418626138926815	-0.0250329073254648	0.467040773194145	0.554830871814928	0.534609577105208	0.420924080752229	-0.0627664115470848	-0.147476373697583	0.245675359815995	0.0147803222570123	-0.140806951935288	-0.168580740607592	-0.137274021959985	0.302883416487048	-0.0629945269020247	-0.312226543785151	-0.126264590873644	0.285050203936963	0.082652651500992	-0.174141481295883	-0.256229345755037	0.42203124592604	0.028663247593803	0.404075357338146	0.0361545385794403	0.0541289988503035	-0.136196208898755	0.0533616274288678	-0.136105515491048	0.0794425032630578	-0.216071177455765	PC 38:4 Isomer B	brown
-0.0862512784789662	0.392078528323825	0.178244441904729	-0.0285747214050792	-0.00354009425819664	-0.231555031202459	-0.331185351131652	0.060493852922891	0.605799771262966	0.860738955983358	0.756175067859005	0.247364012914206	-0.367355527118635	-0.344232834436152	0.150305932545721	-0.189242266891628	-0.370647177622446	-0.262041153891336	-0.192938447514079	0.232703024165937	0.0865322590811518	-0.324904047654442	-0.0556927370169329	0.447554727250645	-0.169382108268511	-0.358221123187247	-0.354627371883359	0.207907260242655	0.0518361074365324	0.371318214686828	-0.0393765695563883	-0.14531864972061	-0.152535557530255	-0.00835197971429789	-0.260771093222594	-0.180734240222468	-0.423606263902345	PC 38:4 Isomer C	brown
-0.0374777320168238	0.342931905203727	0.157280847126916	0.0423235249959805	-0.0313121528453707	0.169274702467957	-0.162834073779647	0.0386313038214379	0.772957625752056	0.884795450943173	0.772422563502929	0.32856219046775	-0.294623958876134	-0.0685204586944301	0.228680966920173	-0.296431320090306	-0.38978193300678	-0.277992437411476	-0.198913701889994	0.108221795633789	0.106478817023194	-0.174169089552937	0.194459814206436	0.537124998230231	-0.212127760584067	-0.374867661912456	-0.318175321695442	0.166105839918524	0.0284391904290493	0.253375733438438	-0.250779793112327	-0.123910454925067	-0.0914570548185679	-0.145042835263312	-0.332917104371369	-0.315364127906534	-0.521771222285099	PC 38:5 Isomer A	brown
-0.175444781354464	0.293459453183321	0.00218796685567549	-0.161566509157388	-0.125435820312087	0.158578208246068	-0.18469072171395	-0.0542047667943387	0.818665929011237	0.813687956447029	0.727100990619874	0.343954812395432	-0.247065365589035	-0.099031013161915	0.258718558984389	-0.229889578923229	-0.216037308553177	-0.26773127071428	-0.137233930753229	0.0638755051983447	0.158858488220015	-0.220068404081941	0.200610478459325	0.548147278296742	-0.148665450874855	-0.226505881441978	-0.264659072314982	0.22572568923144	0.0848316715003722	0.337793554598651	-0.198970733009608	-0.152270803267052	-0.115635091761491	-0.041606989552132	-0.194098529212085	-0.370023750037442	-0.555812168427789	PC 38:5 Isomer B	violet
-0.213067415831948	0.223889069248628	-0.0934452070144689	-0.226817145732205	-0.0960068682488851	0.019515001237504	-0.287439472481079	-0.225888339956499	0.767591042275203	0.824641321171077	0.77605314485618	0.512806304384693	-0.110841741273784	-0.00584627969816477	0.279322479714208	-0.197426641600319	-0.291598131450656	-0.299267600353459	-0.148437771534148	0.119230722182336	0.0347579434205711	-0.213967980305961	0.0820346707853412	0.560099828226795	0.0479294161283728	-0.140482544975887	-0.21471048914228	0.372152993560609	0.100767657883833	0.349457186707138	-0.147871943219441	-0.150585634286548	-0.167455465238402	-0.0980077771593363	-0.230090730865413	-0.387939188390594	-0.569817350705073	PC 38:6 Isomer A	brown
-0.1936387102494	0.0319257247163417	0.318316936700357	0.162637956076442	-0.0381124331112919	0.0387982393281673	0.593520630183502	0.263800182482816	-0.00150453852990985	-0.140459890393807	-0.0892564441433942	-0.429434078594845	-0.0511254545702062	0.0639098074294872	0.170421208434327	0.40679686947456	0.0206798132442099	0.114365654615193	0.470986871679937	-0.18120403488393	0.146582881621504	0.292013298103971	0.596894971141074	0.289441407395181	-0.39467454217769	-0.0335279392463641	0.147402000643996	-0.38519806095217	0.218059617937887	-0.114579467452648	-0.347738647236515	0.0060449184641125	-0.146707240618268	-0.135584835184636	0.0752773654324557	-0.0505407471261003	0.311739178151311	PC 40:1	lightyellow
0.00133219046193535	0.315440473017327	0.307050827492316	0.129257176750973	-0.361325726719157	0.204736374482483	-0.202480118483631	0.0546493255708705	0.429383970777559	0.735477560491422	0.605155005485968	0.0898678083907872	-0.368793409524518	-0.280853012597281	0.117563012925753	-0.382681697760143	-0.294007870157222	-0.141815255639766	-0.204417714485032	-0.0177730143153181	0.0282067384284859	-0.100379803322337	0.173048739031753	0.509807771442936	-0.167194212784978	-0.270335395219351	-0.355923245213913	0.046648943907161	0.144452826517042	0.261643784492062	-0.260360691699166	-0.420884540107334	-0.338744006521273	-0.253779649495787	-0.264742945490328	-0.27442634354011	-0.600076979850083	PC 40:4	brown
-0.171091526049729	0.299729358550684	0.000829417302825668	-0.0648240356237901	-0.102761802736971	-0.0191401077277175	-0.214610064446732	-0.128709660475618	0.835662030733834	0.668503467572925	0.60883654139134	0.432040136218656	-0.190750803232249	-0.076238162662113	0.177723580643316	-0.256080707158534	-0.444871096138996	-0.240170697526644	-0.222748293455392	0.0119259257510622	-0.0856052993900598	-0.272406516924547	0.123283604837487	0.389928002416464	-0.048941893129887	-0.273722202877154	-0.259684765905718	0.321481523885938	0.154999836374099	0.405390431472314	-0.223624771359256	-0.083923386641272	-0.151179054357251	-0.203316364635982	-0.372818902403864	-0.224911222207747	-0.482502775116321	PC 40:5 Isomer A	brown
-0.193243397198808	0.158148316545908	0.256611880125554	0.101429588023992	-0.31512168070788	0.127253226397989	-0.0756047038584329	0.152485773232258	0.296707216007958	0.552779157107872	0.442797752626699	0.0201044727629322	-0.22223127678626	-0.215569298029553	0.0193628550509435	-0.153599847328358	-0.0646425549024664	-0.0192091657791905	-0.0646861983909755	0.093540976266274	0.203137341007613	-0.0818782692512278	0.0822630349245164	0.357709956545918	-0.123099109386458	-0.0855648984414684	-0.20436013180206	0.0493110966076469	0.173250140799554	0.237377824462178	-0.21161107237523	-0.150973278827679	-0.266368077138182	-0.271664244088994	-0.286002384360808	-0.205882422376696	-0.27597040488134	PC 40:5 Isomer B	brown
-0.137725325744784	0.43940951165496	0.02278049000728	-0.0680239534185088	0.0158856648049765	-0.177454976615274	-0.375316465626667	-0.0893760551203743	0.93543856672405	0.640450746961747	0.688377855655222	0.358076321787226	-0.30826849930776	-0.285578026483682	0.0563974571096149	-0.284781911474076	-0.475337986806778	-0.237553713190097	-0.316525172007092	0.0596272002059931	-0.105042932027367	-0.433331344005317	-0.0735055648662496	0.302342707961476	-0.0422183938807692	-0.379961054226936	-0.358654299736533	0.367529971784038	0.10488820771398	0.465936293411528	-0.125912933860302	0.0237011142062065	-0.0971385505851116	-0.14506698667388	-0.320261923382101	-0.2508479259146	-0.435963007095894	PC 40:6 Isomer B	violet
-0.167314210610849	0.311147486098299	0.0394551438898141	-0.030305611656046	0.0147086551214108	-0.103245400823804	-0.167308768500458	-0.000597031108095927	0.808713647212661	0.534448649532782	0.615990738782122	0.329540981142165	-0.120523327739928	-0.0439108697102992	0.0060865699676636	-0.174007588514754	-0.35381446294567	-0.123528542862987	-0.203884805568595	-0.00523711884885253	-0.141440198905956	-0.290154823995313	0.0662952201644402	0.382049840925956	-0.0711644999750928	-0.300905966637477	-0.256956032108645	0.276964191448663	0.082773413625006	0.29617371903316	-0.199251529791937	0.225808957039224	0.0173657931094533	-0.140918382670806	-0.237804180668394	-0.187525961437635	-0.164171931435411	PC 40:7 Isomer B	violet
0.0122576467190417	0.365116841719255	0.41881994290605	0.27179036917479	0.0313022433679986	0.103389662696965	0.399601557616837	0.3788056542001	0.0775953804803036	0.23347929422474	0.10949858195019	-0.415161720207447	-0.365950881583756	-0.290439029216921	0.0187998006333258	-0.0355309615716054	-0.0163550522347181	0.172209786564769	0.0827589525037489	-0.0372396592900629	0.0639149458669462	0.0653899617332778	0.260487079581234	0.267557665268203	-0.466154169836157	-0.341791761867634	-0.207221782125944	-0.522957708536341	0.0133206578896218	-0.152383779457273	-0.449543679369114	-0.186224379329061	-0.292015681467204	-0.167812176351608	-0.107603764987826	-0.127171848939562	0.0758024259435518	PC 42:2	grey
-0.020238044940304	-0.260082221629505	0.0479235346598336	0.0895011795123709	0.206949903520608	-0.0841995740605335	0.297593018589087	0.0584307658653151	-0.354944070955799	-0.535943087024539	-0.469889698657601	-0.113874018193287	0.37912269556463	0.350139379719869	0.0261390201406707	0.480378465218289	0.461167928335864	0.358878066547291	0.420307174068558	0.0273681830057176	0.120926365954189	0.334662525264505	-0.0023049471482903	-0.33265100457178	0.0971796944118721	0.39866247318478	0.475058677908263	-0.0961795513009803	-0.172892050786596	-0.295044279447446	0.223486298784765	0.227636245739021	0.157478543351572	0.110861993253806	0.393336789700636	0.393498951049648	0.449035165385731	PC O-18:0_16:0	grey
0.0283116603897342	-0.185117735522882	0.0731786595025591	-0.0356932427646103	-0.0508756618912392	0.449030818521449	0.254189456782301	-0.0113100894363307	-0.105781542456005	0.10782791092754	0.209831173009153	-0.0837562938515722	-0.126338345437472	0.0649945145204782	0.0875505860108794	0.0374317780270273	0.254856067967679	-0.0399868581825535	0.248382154520228	0.155642335147282	0.483369619839702	0.612873875419546	0.49762675274541	0.358223576977005	-0.391398547971446	-0.00712409243372285	-0.152866639680143	-0.18712224904506	0.0456116981756646	-0.13836321670663	-0.176098634043832	-0.403824708573255	-0.161767962916827	-0.00854051119805243	0.00437472228705077	-0.238680638134872	-0.125053745880804	PC O-30:0	cyan
-0.0506230882049092	-0.0225715217353758	-0.0697292357639264	-0.198243896966879	0.0577158224273215	0.177804504173331	0.182158480196756	-0.0295294088711986	0.0867531807896437	0.179347656590208	0.355887452420904	-0.0809813215339977	-0.132446722436911	-0.0640842873788261	0.11525112494221	0.116931141481788	0.0969378668088912	-0.196190825165956	0.22161741560456	0.181934253330681	0.392485992555652	0.313220969342155	0.303863472742615	0.501921861860796	-0.289545240329865	0.0016792912306104	-0.0914127606909326	-0.0451350399913875	0.128828317635284	0.0186215772215872	0.0305016203966081	-0.233036587365753	-0.0543886918032159	0.0918424415501706	0.115088454730109	-0.321238948663919	-0.0381073104391439	PC O-30:1	grey
-0.0775248127449989	-0.0186247266234065	0.152356233515761	0.135444515694981	-0.29178673881032	0.175341221283679	0.621029614876187	0.258340482200335	-0.487399374158197	-0.274473130476487	-0.256861345391576	-0.643911998923442	-0.14031691474631	-0.172282566608017	-0.188790257505774	0.192584084660322	0.175370991210071	0.131121305622842	0.337657604673196	-0.218076130456198	0.108629718196404	0.297574622170579	0.262266777099801	0.1600465214791	-0.341424041630608	0.0140228540592592	-0.0946327915829595	-0.607288659917107	0.374450425090982	0.0210188831626584	-0.290640755430537	-0.147917726652556	-0.259323912102662	-0.303070999957209	0.00214958088520172	-0.0204463881154222	0.53333020515585	PC O-31:7	grey
-0.0993190362874987	-0.0984704673177619	0.22684974606228	0.200605094440295	-0.0585688597031511	0.246956370960008	0.333555124698372	0.0709958171543163	-0.19235076358439	0.0663416190507285	0.0867576242243257	-0.150777749464194	-0.0611206522703289	0.168873246542547	0.224508086048474	0.25271914825822	0.323042804813523	0.37000707810288	0.45569484803338	0.162849685786259	0.32349847911077	0.880032579076428	0.554850226673092	0.404070206340012	-0.301882149800204	0.120111553669565	0.0670276286595432	-0.178650186103183	0.19109641876916	-0.103682797123499	-0.384927375443779	-0.385366788948332	-0.232636137527144	-0.263238857311461	0.123788356283253	-0.128856826188032	0.00497363427109449	PC O-32:0	cyan
-0.23671842763463	0.150360138033726	0.276797002804267	0.107877949452889	-0.175669229308249	0.0881455266325358	0.295242335381557	0.158568179592691	0.109146685833623	0.320731494811969	0.445653637795706	-0.253802752000913	-0.289456570323341	-0.152575780570126	0.167543700704984	0.152935493631375	0.10751796006881	0.0838102156909813	0.361725637427245	0.160538064951586	0.349420128095056	0.470676301102766	0.563602976672872	0.791249332649943	-0.390762492406983	-0.142976150125353	-0.246596239073372	-0.169919924790901	0.403356321121291	0.175508091844759	-0.405030844427028	-0.428065083325103	-0.431655928221943	-0.326664491853681	-0.0526632065048734	-0.383395958882357	-0.0427259366921298	PC O-32:1	orange
0.0471823883184979	-0.265310147987225	0.13193471413604	0.201046803632008	-0.0270489249513176	0.524116208416803	0.50883115291772	0.232764092946229	-0.345040861853455	-0.0594933980811106	-0.108575476686229	-0.278197191404073	-0.0909260176375629	0.16426699179503	-0.0879115226122611	0.100718442012187	0.420119417690433	0.298463907030722	0.320925373705203	0.122010128147766	0.417071503151949	0.765356633648748	0.557836271076387	0.250557680027639	-0.353690674399846	0.0803974482254102	0.0112405051042423	-0.381252136092383	0.048499592801936	-0.290620529861004	-0.318557908828016	-0.255796193068977	-0.0806252648224284	-0.124430785159952	-0.032308106818424	-0.124255384210242	0.140614521661223	PC O-33:0	cyan
-0.0968140864211117	-0.240144832738696	0.20610806894776	0.11663838226883	-0.0124543109927257	0.0887512710754271	0.396111059644063	0.226957640903967	-0.341855312494881	-0.162171935309965	-0.0647309216828765	-0.253985126890847	0.0315138292470177	0.140091801635002	0.138139277329189	0.314783276825328	0.440502779873631	0.274555044796054	0.452962788171515	0.0728799329700754	0.290359429429569	0.760485593886478	0.539395654298716	0.260172491583311	-0.255782100442371	0.160113848496963	0.183461646916054	-0.202854732803037	0.129610525106264	-0.14090717546577	-0.212221586387855	-0.202505753953924	-0.255991694087955	-0.266196487372357	0.241051053325862	-0.000982103951141825	0.21650999294519	PC O-34:0	cyan
0.0780660179421101	-0.0253365369790819	0.386207495178279	0.240981182548958	-0.191082868686887	0.324692068650266	0.329820223657395	0.323472869878031	-0.0685242625800366	0.209402327839829	0.257887089974967	-0.352077772503102	-0.433427730473023	-0.198519012915562	-0.0856231592488455	-0.221208934427473	0.0285217838026839	0.0271284215974609	0.133143025154667	-0.0873382461715389	0.168446013938287	0.52533772691594	0.706850178961839	0.473029045878063	-0.568986374619907	-0.370319976341373	-0.367054980173017	-0.279969172203667	0.187779192630258	-0.0562544900154581	-0.367379593833669	-0.352296721877217	-0.199419803276735	-0.203326045848469	-0.0854757868337789	-0.0867336769844315	-0.174288528699163	PC O-36:1	lightyellow
-0.23960362711306	-0.0801299491649105	0.0637972956999488	0.0349133410937632	-0.0159674142425024	0.086571188426399	0.334191012793808	0.314893477068788	-0.221578010686882	0.042182951334174	-0.0234323127854237	-0.0872553899401569	0.0701422740371406	0.198742509501523	0.201071097846074	0.385236663179321	0.501366413024973	0.316791991137909	0.790053426823254	0.371965887725089	0.598337025411753	0.463217714718039	0.456630585702922	0.357618808165037	-0.196088086011684	0.131596071057842	0.110430161564719	-0.044717518537805	0.16416933162241	-0.0628633856582346	-0.129511407823994	-0.2868142975638	-0.3100062493851	-0.303415676210298	0.153693800514971	-0.287072246937626	0.141548857586882	PC O-37:0	blue
0.156252683514976	0.0471095217264082	0.274137644788957	0.247253713715245	0.0234673134328885	0.0939941859128564	0.139823186988711	0.0377734656060922	-0.057671338372594	-0.235666259138413	-0.0375534891320918	-0.292507130730244	-0.12925947382928	-0.0919378633794289	-0.107721263157604	-0.152905946629387	-0.154272250128705	0.0503122912477205	-0.079688468342122	-0.367406075910934	-0.291293597007474	0.276919160027177	0.220279364949913	-0.131682630078213	-0.271002232932511	-0.276039677412382	-0.163191460764057	-0.210301193578468	0.0822636326089813	-0.0791322810429864	-0.136068648141163	-0.0515798501220616	-0.0000656400605094927	-0.0578595206769185	0.0373753098166067	0.207825281559786	0.0580834334792775	PC O-40:2 or PC 40:2e	grey
0.306798422364506	0.268953509402874	0.581064339763981	0.56500129623428	0.156453760653618	0.321637995208351	0.401896039803377	0.392089994541449	-0.09733629358909	0.0626328747508243	0.0351955470142236	-0.388413209822429	-0.337498249120385	-0.0484706083364432	0.0857484189897009	-0.0794924850517285	-0.0732052836297803	0.0486945060702136	0.0407336588141063	-0.154415512734388	0.0334138219269412	0.356270957599253	0.41857285373224	0.161194567175764	-0.467018852987563	-0.506843579001787	-0.280780321438778	-0.44378256840214	-0.0777395369630072	-0.372778011107582	-0.279049978392997	-0.327547864736196	-0.0620119902438444	-0.22162236712453	-0.0933089180357967	-0.00916911196157348	-0.0433972011611522	PC O-42:2 or PC 42:2e	grey
-0.0677459511059382	-0.054808448433713	0.0582458717386897	0.0317339184636783	0.000818717215414101	0.100737858584033	0.423861581363777	0.255873644854392	-0.111452545050237	-0.090623351983225	0.0368825460602217	-0.11806420792143	0.168287846971806	0.340738527277717	0.192435227234131	0.330345760004978	0.167248684475896	0.0561471608312829	0.330654755995827	0.0767099572505974	0.252368597440931	0.504658518706494	0.429628631125707	0.218110239210646	-0.300166929909966	0.0106378991060029	0.0265942539747222	-0.201157144885174	0.1173702003662	-0.103029908709712	-0.144164962032903	-0.0206557730190738	-0.0164693289262298	-0.198529195707998	0.06071421758668	-0.00912693216034292	0.336590155847496	PC P-34:0 or PC O-34:1	grey
-0.319570176983313	0.176813634983753	0.143220023561752	-0.083364748838148	-0.318935601799235	-0.00671648350709167	0.0718841601556173	0.111751220787363	0.369516667033531	0.583670963288929	0.682150692710507	-0.00611610140220151	-0.246101100366308	-0.226123416954004	0.171589346812028	-0.0541782896119149	-0.124807846096371	-0.0502703566154545	0.201628345128322	0.123841209338049	0.194658586762391	0.173651853672604	0.522215911948736	0.890018643493668	-0.282312988132796	-0.273265843669323	-0.368976332418861	-0.0214756966048624	0.351914602345519	0.224980109284489	-0.377126874536346	-0.330572696805885	-0.401062294641505	-0.314705803057259	-0.0839726022358367	-0.44699297747558	-0.241223411264491	PC P-34:1 or PC O-34:2	orange
-0.129053192441361	0.106665900135736	0.175133000251197	0.10177771395639	0.0193449433213979	-0.142192800178131	0.267118551920098	0.119810982723753	0.06364762777671	0.054259864122861	0.152792595427642	-0.124532614259022	-0.0376325683396618	-0.056608777556469	0.071956496173073	0.236743003304923	-0.0297093630304945	0.149280636123428	0.233274492011636	0.0928627354188221	0.0684176506478167	0.172132018766849	0.314539699349608	0.422082431505702	-0.110854336189999	-0.0435784555443505	0.0379474911036626	-0.0875842611234029	0.210408207358257	0.0460803538202029	-0.114635320002419	-0.142739376414104	-0.205326873077328	-0.14822992780846	0.106241296415958	-0.168778440939554	0.149870561971241	PC P-34:1 or PC O-34:2 Isomer A	grey
-0.41888760531646	0.190914618256231	0.0379488479632251	-0.140345339049884	-0.225382435050428	-0.036621601320444	0.101398492954575	0.00240039970994807	0.41043298338174	0.575014118509432	0.662686845631777	0.0457607326071042	-0.298276946870157	-0.248276121938554	0.183665143168425	-0.0132134105001358	-0.0505039073508495	-0.0551525748997736	0.223596584005549	0.188089814836044	0.259174442462171	0.137963593383467	0.44321228010703	0.907957088350912	-0.255120963802577	-0.151709039806341	-0.350685863414092	0.0861748037510665	0.402591642097693	0.363820775553381	-0.344796999506727	-0.287517698205159	-0.433731413345672	-0.300302299618047	-0.132713805609038	-0.474986740307112	-0.225293715213857	PC P-34:2 or PC O-34:3	orange
-0.0700258167003964	0.116334157655344	0.352959745005838	0.134045944245133	-0.191756456771991	0.170357447151441	0.254838157388254	0.245725923062075	0.121860795235134	0.353689807553899	0.466782755362841	-0.201917090957682	-0.364222855242644	-0.158946409176802	0.112487591424909	-0.211552737739211	-0.25039406068635	-0.0829563681520215	0.129405402529033	-0.0551339580164308	0.108483389336861	0.412428198222732	0.716665134942119	0.715898964276289	-0.549660665865054	-0.463972600670829	-0.481121239730534	-0.198532079209713	0.332782374917976	0.0433539339400185	-0.428143078405244	-0.332079749163142	-0.263022193880887	-0.230835092128455	-0.15025299199466	-0.218894077641807	-0.187724062746495	PC P-36:1 or PC O-36:2 A	lightyellow
-0.120804360858917	-0.0359393911941424	0.181170581871528	0.0244122510761333	-0.328455621900645	0.0436894825176849	0.330677039023987	0.150190437599687	0.0693524617485033	0.229974646894537	0.325992513823809	-0.178514463613984	-0.22015254986031	-0.106120848934877	0.110378663478453	0.0973480501817938	0.130369509841111	0.0330232858877789	0.386706108912847	0.0331969035932861	0.245496109346448	0.394056873169843	0.623124527472063	0.781223558806933	-0.34563171328307	-0.0762273441592215	-0.168608042940661	-0.13724645342741	0.369895523352795	0.113690812773789	-0.271914371381463	-0.358287726123593	-0.288289423430098	-0.231622077047967	0.128366339147265	-0.308778953949659	-0.0978785516191978	PC P-36:1 or PC O-36:2 B	orange
-0.274178944179649	0.259976291145914	0.250504986083372	-0.0199973233776465	-0.268485572962836	0.00315808396141205	0.254051103534332	0.135283153613828	0.284042648947819	0.508514604016235	0.596904412493713	-0.0741961981226646	-0.354946270249988	-0.21681179383715	0.168800761854591	-0.074386985768882	-0.141022954206625	-0.158141669696369	0.23932937789708	0.0545955939260844	0.208607689433682	0.173849577800753	0.582041060613856	0.914200906936598	-0.422168594108899	-0.346495440530594	-0.441736269613012	-0.0749147769895064	0.424950194432651	0.278576259728877	-0.479283262066819	-0.398507431694577	-0.441005946923816	-0.367536736323702	-0.115522737703746	-0.340301649086156	-0.183684642117165	PC P-36:2 or PC O-36:3	orange
-0.251111030863539	0.271893115652389	0.0194291237160874	-0.242182227286352	-0.311204624434699	-0.128605863137233	-0.391647126972276	-0.154786952214335	0.673026536295848	0.854413875513552	0.916521273266683	0.290874886951598	-0.291717240850531	-0.355008128421537	0.165698930190089	-0.260567076484234	-0.380031615798875	-0.318022607374117	-0.198270516422107	0.0479540333556808	-0.02426729623765	-0.216852502490486	0.121774494712285	0.622654105281882	-0.0929609633474206	-0.293655760634721	-0.412294737991347	0.280672199485104	0.236960429858182	0.458016938865819	-0.220269532129883	-0.211749042428776	-0.276661585602692	-0.132009406408578	-0.255961551388686	-0.349123122643828	-0.521189042475271	PC P-36:3 or PC O-36:4	tan
-0.316795213321913	0.227294662948797	0.118020218876576	-0.145926910453446	-0.231521617213419	-0.0529139687090348	-0.139220684999021	-0.033579144977413	0.517388540503176	0.728799276033743	0.773377290136807	0.10844671300205	-0.306793962833185	-0.336972540765593	0.0719873146926919	-0.0774574042042309	-0.212753510012483	-0.192221084121306	-0.0142998185822043	0.160385378550665	0.165799675830539	-0.099435881519279	0.134340149128314	0.632216761852423	-0.200167201044735	-0.151136739722517	-0.348386278508655	0.151936545140293	0.284346941074026	0.473629377097511	-0.126050924406718	-0.172755019107976	-0.359760834677991	-0.162157118962683	-0.266991028419215	-0.31256769027639	-0.339480635865936	PC P-36:4 or PC O-36:5	tan
-0.130610665752915	0.176941586832409	0.077669610138245	-0.194592357953127	-0.365166409904916	0.00181170057171271	-0.329264105578848	-0.138925546872333	0.565290928378721	0.808692578517834	0.887092331698789	0.25682879671698	-0.367484902794123	-0.338838089068559	0.0961411628170121	-0.311572213844795	-0.303860253345026	-0.377230862051997	-0.212108267668398	0.113368721434021	0.093179868545654	-0.105333825460713	0.206750112566575	0.609835498647064	-0.201423750339645	-0.302093497323662	-0.469695165067376	0.246306128519362	0.184462713058726	0.357181716027424	-0.189539625337322	-0.324209272615541	-0.24394792579037	-0.0688436710366098	-0.280190525455314	-0.285885327563791	-0.592092573050955	PC P-38:3 or PC O-38:4 Isomer B	tan
-0.166105037794603	0.264394761613847	0.0842846421803651	-0.158336707121479	-0.201578765313197	-0.114832733408206	-0.344591925190243	-0.0488503593687898	0.731582746338615	0.771187023789539	0.885929640486895	0.329572549289141	-0.213143718971793	-0.183940542767648	0.150533356511927	-0.268570422296165	-0.48762969554813	-0.354815070106903	-0.210686379036224	0.0983679557415852	-0.0196152068580557	-0.252084299520912	0.128574416943707	0.536149847352584	-0.142302487042147	-0.327462882109086	-0.371749184130019	0.284417175019228	0.131491413812667	0.379917073717178	-0.142014288976831	-0.00722309813896183	-0.0937596290473547	-0.0309197150244295	-0.250870050165512	-0.219736708881492	-0.43497438685596	PC P-38:4 or PC O-38:5 Isomer A	tan
-0.135462215175922	0.301573468510324	0.0636132896893165	-0.107524520652104	-0.132356074604982	-0.0398420646460644	-0.366873687079173	-0.029217601815577	0.699544199351137	0.68239646842324	0.852245267873079	0.357488937863864	-0.280895734509147	-0.211300645337027	0.0619023757131581	-0.477068381948513	-0.424337096439197	-0.393959155453277	-0.379964847081297	0.090971923121886	0.0519168719474799	-0.157377666495327	0.103344426226248	0.433166966556769	-0.0955183735998048	-0.321533151015373	-0.414818879166181	0.334410421878751	0.0735439925346957	0.344213805323243	-0.168673303083576	-0.22606507850617	-0.175960924200902	-0.161662712843085	-0.287066385576799	-0.264548862900696	-0.550627422265716	PC P-40:4 or PC O-40:5	tan
-0.254649202251497	0.276130995551101	0.0377505616192398	-0.178555573401371	-0.0836964191952291	-0.315947945043889	-0.204319937970305	-0.0108267437950304	0.750774082488579	0.549917563728136	0.705124326043991	0.285316155641896	-0.239570341632225	-0.252775097928212	0.0224971465222767	-0.0846310378396365	-0.327925073949455	-0.215891490250763	-0.13905345421693	0.127722206306645	0.0116224994106156	-0.309353617371386	0.0138974035377628	0.406873962197138	-0.137135765995841	-0.30971034751949	-0.28591923139157	0.29970797467402	0.141410940914542	0.350167927674083	-0.160622577736329	0.119674385141207	-0.11872150325414	-0.140420560894504	-0.209754796412056	-0.135542005696898	-0.138044247890629	PC P-40:5 or PC O-40:6	tan
0.00826442408010731	0.235882409989753	0.333083519926399	0.322874281172752	0.201456068864224	0.0691953096293398	0.343849858058613	0.358541577823929	-0.0133831516750189	-0.0618416062318909	0.0196399672832464	-0.285669404269211	-0.249886196307962	-0.0732872764066172	-0.108196493017552	-0.0894966670764484	-0.167549226986325	0.0768079312895465	0.119457505577752	-0.17553640199654	-0.00723263853930816	0.283261943246454	0.40922125121382	0.247741207208495	-0.453182872840441	-0.526127870737085	-0.404539013931595	-0.235780782935318	0.157232400196084	-0.0898580517188168	-0.165045784941365	-0.203496230613665	-0.134848276221569	-0.266083660144033	0.00515030780384071	-0.049252111345833	0.131480538695773	PC P-42:2 or PC O-42:3	grey
-0.0844936296774926	0.289575389990873	0.166838848948132	-0.0164328175336329	-0.0251107516936668	-0.196850087976906	-0.328547060839563	0.0357557110286195	0.599397349095814	0.608184403303244	0.815371835608594	0.236882101089312	-0.289732976192686	-0.197902434673934	0.140914151712764	-0.179444052060933	-0.260754923442585	-0.210296977307266	-0.216301659807888	0.122702944489655	0.0423402900985824	-0.00594705592878598	0.114484159647961	0.39869801146699	-0.191388012462604	-0.322405894621093	-0.382351516251832	0.249990441449779	0.0531411607418453	0.31245769732596	-0.268477553277629	-0.152007065380334	-0.146131463083003	-0.146193982657	-0.223965439218485	-0.143219376743575	-0.309233609089689	PC P-42:4 or PC O-42:5	tan
-0.110635612495972	0.180289492396145	0.389972652228131	0.194198374960319	-0.0728021878169304	-0.208646222781775	0.038576336151341	0.159170261623386	0.264243125998615	0.328042383193644	0.434267120256009	-0.0623606318408894	-0.190671728536625	-0.124739526732834	-0.122686226342915	-0.105616642668915	-0.172911056552939	0.0702844666845388	-0.0703964389386537	0.014666497303012	-0.0933446397235101	0.106127383293393	0.166609653507739	0.299321439820239	-0.294928428300379	-0.342179273506315	-0.368718209555225	-0.0562385531373504	0.107168189231788	0.266674347384619	-0.375938675794229	0.0222410125307177	-0.173314651386894	-0.195322954021518	-0.0682073130654991	0.29560413589267	0.0965741175384349	PC P-42:5 or PC O-42:6 Isomer A	grey
-0.147881309364711	0.198801401157109	0.0367648628514192	-0.160118420177503	-0.0241870518714684	-0.128369201841059	-0.368542459849059	-0.185230422596629	0.518993030785655	0.507395177337258	0.723438988828056	0.242546211346291	-0.176077337960075	-0.142840808384192	0.136384983492251	-0.36043809784771	-0.405556501761885	-0.301724758190893	-0.269579104115488	-0.149921891233651	-0.152621847102755	-0.0915257791594253	0.151052763742794	0.286347987463772	-0.0720050216901054	-0.32301399054502	-0.301159901562022	0.282458737892037	0.127922879269989	0.292748551731137	-0.306477266610905	-0.101652597124443	-0.178214988692419	-0.122068774147467	-0.283158197834125	-0.14082455736319	-0.438865360062802	PC P-44:4 or PC O-44:5	tan
-0.46504862906208	-0.0929892859200906	-0.260677709063067	-0.349323711192985	-0.339883723208178	-0.266961074659939	-0.0682535182080511	-0.171297683452711	0.0874392226157149	0.0706201990544734	0.147138852456633	-0.114156385090631	-0.215719668786742	-0.330516135199059	-0.17245205719849	-0.0245568139055313	-0.117076908052147	0.176342071845748	0.0747225695618009	-0.0993397815120952	-0.19657921578449	0.0193548523245773	0.127385746938859	0.326289739061527	-0.0820844533661623	0.0064095335123414	-0.251637062979831	0.247163952760883	0.810365909216776	0.709995029476061	-0.148096052146772	-0.00799627004567737	-0.405716625732671	-0.299336219635333	-0.206443719752297	-0.145565397521484	-0.0134519534077366	PE 16:1_18:1	pink
-0.479345844032957	-0.165841547659208	-0.234014393818444	-0.369440334459053	-0.469063384310377	-0.14062167393991	0.0733409589941311	-0.168843748718122	-0.0890501694495731	-0.0582444778253063	0.072373693986812	-0.268012469186062	-0.18902843870242	-0.289246494901302	0.00470735390630346	0.0546376909448667	-0.0274395558767152	0.110160545031025	0.262000834779466	-0.0947901375008738	-0.0172374867184547	0.124499200665037	0.287023979465941	0.310009391581342	-0.116487816466206	0.0392949776839901	-0.299562020672679	0.123615869221829	0.91957908313088	0.629849730023154	-0.210902491234237	-0.140203557927858	-0.441268009529807	-0.318432787739034	-0.369619372790296	-0.247646014703836	0.0183344554719203	PE 34:1	pink
-0.549446133247984	-0.132859657864197	-0.183827999031615	-0.324161142741441	-0.527096444102418	-0.146684613343392	-0.0124246859984942	-0.19249687133254	0.0870144765510397	0.131174347363448	0.245254706263961	-0.130688659338533	-0.188010474342978	-0.29068878698976	-0.0881927160029331	0.013146781476029	0.0327059049243208	0.235738787437131	0.215220642676279	0.00643577604601587	0.00207495923099405	0.164264103176758	0.215191702910475	0.407889198242061	-0.0787428054107818	0.117927814944366	-0.263872502039422	0.20857504939598	0.911094535810667	0.709390860386684	-0.298058274224529	-0.168513738668057	-0.536075748044153	-0.409831492641223	-0.369693534891949	-0.295575639710503	-0.0852557742069876	PE 34:2	pink
-0.498452585698342	-0.0995866557236702	-0.0225974144071139	-0.265834080427991	-0.604802545013052	-0.0971044934361012	0.0925855199987403	-0.150625972210365	0.0135710782030606	0.117547691973535	0.265654826778837	-0.246691749518066	-0.332841470633938	-0.397142356714666	0.0489487347953206	-0.00774493413411911	-0.06064092950666	0.101498601570419	0.263250341696442	-0.0607243241405275	0.0293409878608197	0.299147864410004	0.439643522824682	0.508555813882118	-0.206994099135572	-0.027093934168188	-0.367262192843688	0.0773635165241339	0.898286586457131	0.577881311513404	-0.349953413689789	-0.391106576714939	-0.57552065849433	-0.384319046548029	-0.34340225178127	-0.287570268203084	-0.199761676762927	PE 36:1	pink
-0.514896579354086	-0.112475762829702	-0.0999089336152376	-0.321259873536959	-0.610762900167436	-0.160698810475319	0.044046657453496	-0.234546602793496	0.10284651478321	0.139246542383732	0.297637984064074	-0.116792143962804	-0.212186317592772	-0.278815686142553	0.0444687987069355	0.0333106933454837	-0.115814788310811	0.046809072723248	0.239971016432012	-0.0613727834441586	-0.0274428812011413	0.175148248447632	0.38592778063087	0.518781233014208	-0.118316194763093	0.0466682431157556	-0.313245668130443	0.217115348973333	0.924665090331782	0.668265832028681	-0.299843402347343	-0.261668993429044	-0.449921372791174	-0.320245006607237	-0.333451285786472	-0.272642983299306	-0.147450929890632	PE 36:2	pink
-0.500271743953424	-0.270014271846492	-0.213147480685424	-0.397991615135224	-0.547714101218451	-0.228192182658939	-0.03571754463225	-0.223950879807884	0.070747844797529	0.000731641900274558	0.100920499153845	-0.0433581187281068	-0.0804969291557463	-0.19730488436714	-0.0974425589078755	0.0538810096462364	-0.121573162851577	0.0550314625271116	0.107458593368661	-0.111780908996527	-0.174907522488979	0.0175799834277959	0.262265946527213	0.305336832937804	0.0550510861446985	0.130840796535359	-0.154826401016562	0.31293724759544	0.857799711004705	0.670150520843296	-0.194001349083145	-0.00429422807411007	-0.368592611421412	-0.224514075109805	-0.276629465775663	-0.132048211596521	-0.00258865657232182	PE 36:3	pink
-0.454607408689113	-0.135772893478987	-0.240244606307849	-0.42613477160429	-0.415756398613003	-0.307999253511522	-0.394334558953199	-0.28996117348194	0.376230053436651	0.319746508887514	0.424319072578995	0.121459655926132	-0.169283840382809	-0.2603631851708	-0.0389670288720003	-0.0801263186199314	-0.130517586851229	0.00773323288469438	-0.0560826530349808	0.143983299456822	-0.0893529525667026	-0.121748924563172	0.00842477520210205	0.218577866865961	0.0451822292675633	0.0778967648212782	-0.261516177270259	0.497429257717164	0.664182061395153	0.895313185394427	-0.0452441788245482	0.071442283524432	-0.32845195017678	-0.142481050779219	-0.413833216269209	-0.0572808594342211	-0.315290177316253	PE 36:4	yellow
-0.456419673062528	0.0439999208682034	-0.269574654728962	-0.454022063126968	-0.310110559993719	-0.399419284972918	-0.241263088347822	-0.186486043215164	0.347004681259704	0.303986146975367	0.387109827359515	0.0376880738128825	-0.198488402293219	-0.391308596246627	0.062702199929673	0.00819145729571242	-0.248585875751121	-0.155190636358501	-0.0256325799226541	0.0306371172912853	-0.117915426143308	-0.313911140924147	-0.0414180049447501	0.246324066098502	-0.00893975166246714	-0.0576166128157994	-0.276944465662495	0.357523889818269	0.659578131565247	0.817416284692807	0.0325577185277588	0.169052845756453	-0.246337487216248	-0.123812614419634	-0.357065494031006	-0.113007672690453	-0.0906660539889634	PE 38:4	yellow
-0.432958777935167	-0.199726393449673	-0.448984494375262	-0.520916571782799	-0.344797137031232	-0.170913137722302	-0.354884798439508	-0.294564532736823	0.178761519038814	0.243280287236418	0.267765995388706	0.130287895019724	-0.157481741952147	-0.24382279450282	-0.0617108761044048	-0.219342035279373	-0.0351994670055621	-0.0256327328854342	-0.0365589298986994	0.0891038893456714	-0.112933873548855	-0.0609337294190554	0.0257747735979244	0.0784163829028717	0.0679613970537201	0.0176266653055939	-0.265796004336043	0.48433153668472	0.572864569517014	0.740369872425529	0.0118143745034546	0.106257335606012	-0.21580485304253	-0.0941055705215046	-0.295473273470862	-0.0845311512331665	-0.254344473477025	PE 38:5	yellow
-0.299667049531502	0.128602336824182	-0.270472707259555	-0.404801371146447	-0.258422981894678	-0.265835545061747	-0.494454021174784	-0.323286091784916	0.542975559450957	0.227936896520752	0.422380501681692	0.0914014607868176	-0.290993198709118	-0.404473804095519	-0.0392882557787141	-0.308922564417305	-0.334415723363446	-0.219907977402311	-0.303953456788653	-0.146451139534988	-0.222910934493231	-0.429260453175352	-0.166797985524337	0.0507276527403199	0.0755066073969182	-0.110103443868413	-0.321018087893089	0.449204854596326	0.452934203678261	0.790938217563205	-0.0263290529478274	0.0797865585670627	-0.187981475608746	-0.0837821325662724	-0.298207097842431	-0.114358520291646	-0.342473901827282	PE 38:6	yellow
-0.133923659059302	-0.0451479527190517	-0.238581846425734	-0.216113259613539	0.187967862521828	-0.133771474544862	-0.04817791560937	0.0063988725844627	0.0961364412585383	-0.215864915415498	-0.176674704205927	-0.185105283246318	-0.04302920772704	-0.0102815567658656	-0.00280489586123757	0.129538674339004	0.149299913099482	0.115032635663367	0.00841048372641921	0.039107135294582	0.0689460570849112	-0.139983908155541	-0.163610865534978	-0.323124191304971	-0.039376259753446	0.115690638564162	0.0813632241935366	0.138290370665488	0.18258320089716	0.419547269775469	0.121258065078676	0.449762140840872	0.127605098580201	0.176474987493954	-0.00248262878943647	0.108035963170447	0.250679884893132	PE 38:6 Isomer B	yellow
-0.551621275548341	-0.0781922782113663	-0.0686759276899141	-0.258952145768148	-0.428259256539248	-0.242499735222841	0.0227635254751177	-0.0765514669621233	0.10970123054954	0.109661780288911	0.232199433066756	-0.13739491628596	-0.231586624808902	-0.289348393296733	0.0671763440745198	0.0819260855201316	0.0041432910926938	0.190338018393335	0.245985922232198	0.0777464326574898	0.0786799557207462	0.20155539446367	0.26566514275552	0.423960834184208	-0.106071673238787	0.0204542749277384	-0.310469069813311	0.198528225692545	0.915331893031357	0.753141096030254	-0.257895412047724	-0.209522877985625	-0.556715862898599	-0.395890105919349	-0.315320411123986	-0.273256954714971	-0.0555665436466162	PE O-16:1_18:1	pink
-0.469545777346284	-0.23555593545405	-0.0319950725477097	-0.253372886717787	-0.216947666778497	-0.340179423489459	0.187067752242762	0.00697011178552404	-0.130863621933922	-0.139468119854733	-0.0266347882384924	-0.111890394090346	0.070606038189326	-0.0481813422676605	0.0172302833673679	0.324553923978433	0.217643494615867	0.190518637437637	0.317076109142979	0.13161114607907	0.0806524736897932	0.181119538473963	0.09681843253732	0.213753475018717	0.0297862978453942	0.245849339081965	-0.0679609997924945	0.0725654083023533	0.54762422968882	0.480575250838558	-0.0910732592203708	0.0260353868604266	-0.378445965974947	-0.18683912993058	-0.142531298923439	0.0399311185571264	0.219820276070781	PE O-16:1_18:2	pink
-0.39572973807854	-0.0572549207186241	-0.350367108585902	-0.451563177138885	-0.202697257216693	-0.359916950007067	-0.298664134584006	-0.294325410492498	0.445020084390914	0.125732489039984	0.336132220258432	0.223898110402247	-0.0359290030898177	-0.177205329919601	0.0325371700521596	0.087257176669898	-0.123677737111778	-0.0840806137796606	-0.0534561558454326	0.212952137314304	-0.0692562144472433	-0.24384289681762	-0.175039286862127	0.0896280282622381	0.113652238695022	0.0934995856452831	-0.239609409431741	0.507905936796062	0.531470605401348	0.784912634525025	0.133142695206992	0.234807400991447	-0.161299141198782	-0.0525898523362193	-0.334709367848745	-0.120312913129521	-0.0745594123941874	PE O-16:1_22:6	yellow
-0.168730218553324	-0.464166463790574	-0.242128222559239	-0.295666498976504	-0.0790031572611878	-0.421508749491991	-0.0688143460209179	-0.171075564650619	-0.320429905563839	-0.418316947494594	-0.289808674725536	0.0638725650663813	0.413029798629389	0.209275744256003	0.137298607703786	0.544111426464049	0.446977285075625	0.088806633728524	0.2904883956613	0.288636469247418	0.109329631316496	0.163114145887752	-0.0775428263322594	-0.271463169537537	0.353227483389279	0.452523783978658	0.382862383829881	0.243191693688621	0.0505087175522052	0.103983023626972	0.192798167915535	0.196743546662303	0.0465758809109506	0.0119955716864004	0.186851337076603	0.226515106864966	0.308310375196008	PE O-18:1_16:0	black
-0.0977424967725728	-0.0348458638515617	-0.192036632047782	-0.115331663592112	-0.0893979241640268	-0.256133430136082	-0.143620374712122	-0.116332015440244	0.14862854583799	-0.122926598199297	-0.0416217978865512	-0.104689638665836	-0.0851720442790963	-0.171670681541242	-0.307635478129448	0.0999251012894017	-0.136422772115186	-0.010524670978367	-0.0374955995650057	-0.0100621653202842	-0.0542259360333065	-0.176100898808297	-0.205050995947053	-0.270784681576963	-0.0424651595377521	-0.0299664842409003	-0.121991230792194	0.0955786653453273	0.304055085755248	0.46796067769511	0.205501679621837	0.279040624511902	0.0699698270240539	0.109611688072053	-0.17705274753659	0.122719252631839	0.202974092005035	PE O-18:1_22:6	yellow
-0.213545632681852	-0.0879091805308651	-0.135931912999065	-0.240124108579481	-0.0859922360826749	-0.156197439478273	-0.0583498137705623	-0.203828749201625	0.271620792348325	0.0867319379320743	0.211064335237541	-0.0018984333978577	-0.129710143213098	-0.133163561699768	-0.0340662515548708	0.0548254209319357	-0.103183623409595	-0.0430277674809096	-0.022418834337144	0.0686657946006666	-0.0132454444031157	-0.0387625621395134	-0.0127640873554874	0.117666047432127	-0.10651697731276	-0.0934047247645689	-0.341136396214451	0.213257346578796	0.500550976942823	0.638382583814376	0.0515277198063175	0.0857011183509437	-0.172961401918345	-0.0453850091465948	-0.383853619003559	-0.0683924175920444	-0.129717031017464	PE O-38:6 Isomer A	yellow
-0.414263345557513	-0.187503964759146	-0.20963061276827	-0.209262524842671	-0.254971232661428	-0.300491393851039	-0.00153222858793508	0.0718475649083199	-0.0477473116044533	0.0145075254594149	0.111070689620011	-0.101056541854285	-0.0931584518599571	-0.175902839886298	-0.0961267528877756	0.250999817665946	0.229411796632449	0.189074160091584	0.297622080245718	0.407422572043057	0.257985392422763	0.058688701750108	0.0716335968086506	0.181958043159696	-0.0858722793989322	0.119520558930597	-0.156217800300243	0.2069548891716	0.572848369132943	0.609122387142194	0.124169500638924	0.119861091720851	-0.271183225184946	-0.137187102966637	-0.31649439979087	-0.064182826774664	0.166765065625474	PE O-40:4	yellow
-0.337499759394281	-0.18530432685794	-0.208090084075689	-0.439899712093811	-0.453246294756051	-0.406497090632173	-0.472768119419902	-0.303903392086956	0.162507170252205	0.170633536126621	0.319389443566648	0.102399167822867	-0.140971170687322	-0.386806775983684	-0.0574725928317878	0.0534114891044644	-0.066261313760032	-0.0137002423619834	-0.0563870261396095	0.160982142771153	-0.148156723938245	-0.147539600271262	-0.0962825993958402	0.189942532772556	0.174635256760285	0.129417051257286	-0.154873826107251	0.408298340751851	0.515921021011591	0.736934292036266	-0.0577170339770785	0.0226405527565976	-0.354879524979809	-0.133348969780136	-0.184414064465137	0.00765998409352848	-0.166293360178194	PE O-40:5 Isomer B	yellow
-0.403627150709543	-0.0189085289705362	-0.289862254288163	-0.346242306082365	-0.203804309331371	-0.327129151264209	-0.219752394143608	-0.284697770934324	0.395109470903073	0.132432950691747	0.230510768770175	0.186911340252224	-0.0675242999136563	-0.146856594873103	-0.0799946410322912	-0.0359070340075816	-0.0230278602198493	0.0267850484510495	-0.0667751912073628	0.0933748060566314	-0.144005179031885	-0.129956985096933	-0.0672736380066357	0.0814524049860162	0.110283676834466	0.000887242891926514	-0.194466886736892	0.379977850643255	0.471678213257735	0.738373012633819	-0.193781605208046	0.116449638968732	-0.305969504575052	-0.279487394444574	-0.262273924124022	-0.00950461752180825	-0.0721251958244958	PE O-40:6 Isomer B	yellow
-0.456092197774646	-0.13611863773905	-0.256385659288329	-0.326748685542452	-0.416120639127633	-0.184882321174353	-0.00166923721960688	-0.184866635684047	-0.0670060020224557	-0.0845114834330285	0.0344573182598136	-0.198826726434052	-0.19766845768482	-0.378807909000336	0.131173309722228	0.0579407298168443	0.0857029072016535	0.112539642665708	0.208272769432776	0.00528474131526285	-0.00355115538521477	0.109767673696597	0.0896613366678724	0.162491996015587	0.00389132594777883	0.0742487786998698	-0.269798185925034	0.149786540834259	0.777268966254954	0.608191348507456	-0.143756046814012	-0.113533090039054	-0.456683666993628	-0.322039557944525	-0.250430815494935	-0.305967419023813	0.0179998472897318	PE P-34:1 or PE O-34:2	pink
-0.539008484569335	-0.0854939067358504	-0.117033964701969	-0.306859318601277	-0.47205064783528	-0.0836893395944627	0.0937276404784133	-0.15960794686467	0.0557938271697789	0.0802178889116809	0.241957064615457	-0.254091408819507	-0.29098867352937	-0.384887681921707	0.0436345371028547	0.0503722472822995	0.0228250413446582	0.125351594965425	0.341401724785744	0.0038109523596894	0.164482680410743	0.249461449315722	0.307703292715668	0.443411461882326	-0.163948748508261	0.0647504205585097	-0.270202098599074	0.0824501635253814	0.901606507711625	0.621084926495382	-0.295599997901773	-0.3016976900673	-0.59646796788133	-0.41154276198743	-0.362853977301288	-0.398210665867547	-0.133597398193461	PE P-36:1 or PE O-36:2	pink
-0.471044749935943	-0.0364569890965253	-0.121912728932678	-0.300824447130661	-0.4263675525545	-0.241858502076852	-0.0746628753098802	-0.255758293971404	0.242205589098649	0.182877229467022	0.350863927048719	-0.0608700540670222	-0.237877920476422	-0.327270506170876	-0.0503263842710351	0.000539936993059612	-0.177710133834076	0.0189078638334354	0.109196929649676	0.015929028738958	-0.0383711275893704	0.0650599578717866	0.195338596580483	0.414048683219713	-0.0515312948114665	-0.0224336789440281	-0.326943932662272	0.264729211140558	0.894192278467497	0.781647175684082	-0.216842386896223	-0.200967695140888	-0.488416545026503	-0.330385999238017	-0.467827698823595	-0.27218027059111	-0.183430059992626	PE P-36:2 or PE O-36:3	pink
-0.473722966381355	-0.0631591330121113	-0.291275033766461	-0.467143456140273	-0.372544341676913	-0.307644442194175	-0.397770497138473	-0.368309037709621	0.443235852732	0.352294368002762	0.470262588193528	0.132129668431867	-0.257942608439668	-0.379324687427235	-0.0153456601570278	-0.0818717276996641	-0.137757159079026	-0.0108971837318985	-0.0816720464144157	0.0776150317247441	-0.105675269838548	-0.124580989444076	-0.00675024507201804	0.288967599038527	0.0646938537466474	0.0132791038936408	-0.353581193349125	0.504301558267282	0.698904291056568	0.928331510209376	-0.0889924907663179	-0.00984915533952368	-0.312607170841894	-0.15819032776532	-0.385185527948381	-0.157865322634661	-0.35262748033262	PE P-36:4 or PE O-36:5	yellow
-0.433055835748	-0.0494779965878267	-0.208187404677928	-0.369227493861059	-0.325795722305624	-0.200600261748066	-0.137409997097935	-0.156423819846147	0.356141195841447	0.292277795822008	0.357906861568055	0.0189803293436508	-0.229988487553349	-0.332927127241854	-0.0548877489992577	0.0615682455024328	0.0295987313295826	0.0471986344645245	0.0711331761901432	0.179376435132684	0.117632501552413	-0.149749586983877	-0.02815471469857	0.309077560987981	-0.013971394785119	0.0790686281173477	-0.227634377042147	0.261204632232081	0.570568036879575	0.76389836651816	-0.0574690520473454	0.0562247213073572	-0.345024793273655	-0.154946208466988	-0.289110397962545	-0.257726624675313	-0.116194301900715	PE P-38:4 or PE O-38:5	yellow
-0.527602411063861	-0.106270941314253	-0.322394495153641	-0.454559600824875	-0.270791533654784	-0.400601438773006	-0.333372750922196	-0.335088472673488	0.320928800420968	0.183858095281321	0.28675892072806	0.143306743013487	-0.114376847655487	-0.278722519680538	0.0437139789339697	-0.0158888698927579	-0.0945868866526378	0.0317782452185569	-0.0493369235666163	0.063642827055173	-0.124550839433771	-0.151115920205822	-0.0299529129575108	0.174221496019193	0.159574557174018	0.0615982824356635	-0.280598838547225	0.501681829859044	0.714676733135111	0.90694337818318	-0.0308191962686771	0.108043176209641	-0.272293311697179	-0.126659245052627	-0.359408335297293	-0.0675838421836497	-0.145908527870635	PE P-38:5 or PE O-38:6	yellow
-0.4419285021533	0.0328774316291189	-0.0434458661872497	-0.225268498246071	-0.412363294623117	-0.215560914645783	-0.105527007802927	-0.140368192676379	0.15048672079157	0.242850336113922	0.337169457602839	-0.162713944648256	-0.340285984775251	-0.40779760800114	-0.0334646457986524	-0.0253239003752967	0.038806884646081	0.158747816524057	0.154861983292683	0.139870232987582	0.095808514176386	0.0887466902934311	0.152288301202789	0.435642219543825	-0.0722166839630161	-0.0000975587422508514	-0.302453055057107	0.181447927507473	0.755925059315497	0.786509309398015	-0.254337418745386	-0.269821963915799	-0.576967539816445	-0.399252842747042	-0.365439705866445	-0.23327880409725	-0.243901289029664	PE P-40:4 or PE O-40:5 Isomer A	yellow
-0.448188629053891	0.0422229284061732	-0.25795728868927	-0.472772166050293	-0.275676346185076	-0.390076274452024	-0.34310586675482	-0.334645466828727	0.465682478946062	0.173974809798286	0.427728814173061	0.151274996556841	-0.123933092292287	-0.26066196215623	0.0336275140993973	0.00374940277595888	-0.144990163492569	-0.0721685460472182	0.0196888203297179	0.0753294926294715	-0.0727641632392805	-0.201083570778529	-0.0913023468080337	0.189997620660965	0.049033680495739	-0.0160551791046209	-0.283871005833282	0.439841879372106	0.638590940232189	0.818712427050514	-0.124194881321841	0.0826198980930513	-0.339511213654307	-0.231141551508803	-0.345145829423355	-0.116984629186681	-0.111935312613849	PE-O 18:1_22:6	yellow
-0.117409121420361	-0.419444470803188	-0.257988374490033	-0.219449176595441	0.16266255497657	-0.181769608467668	-0.196088245077356	-0.21838023517544	-0.132758590832486	-0.328882643900893	-0.357888094172128	0.415672588665358	0.676544982307869	0.536178995022032	0.12904305222777	0.435508437808783	0.387952001687856	0.272014451790845	0.209385961955084	0.207224746223743	-0.0952324736589649	0.059632383171369	-0.268764677594718	-0.420413980272291	0.572070219939765	0.680758124876142	0.700537927191579	0.401694807754909	-0.239603919660411	-0.0903089678097171	0.287314673589997	0.363483566044658	0.095962688270711	0.11563041534911	0.293979662748672	0.223791175731061	0.152544950476603	PEtOH 16:0_16:0	darkturquoise
-0.130494883112552	-0.348062166740645	-0.21303188963882	-0.10439206145826	0.082484509040703	0.0153019154472091	-0.0469941894116768	-0.186347054192191	-0.264016968119195	-0.345173178992319	-0.366438692634393	0.180384303042739	0.540071170438514	0.390482198183866	0.093157171738773	0.514470858167218	0.429643114003372	0.331049351232665	0.401487707745931	0.166969361819087	0.133495421540804	0.189116748551406	-0.223075795826513	-0.273043700016622	0.459833829283673	0.708982343722043	0.580555798408555	0.171183278686461	-0.108093472611462	-0.0918160890646696	0.158800493487464	0.134321626015482	-0.00739661344672824	-0.00861525639955826	0.197408789617696	-0.0219881906460258	0.17967457631845	PEtOH 16:0_16:1	black
0.0273112766305915	-0.384903532379455	-0.171817601086108	-0.162791176231955	0.009909306085795	-0.115155000411201	-0.0102047831210439	-0.218868311822266	-0.17379646286481	-0.300693406865621	-0.317422173380146	0.212311115942261	0.616591607246913	0.485479920688194	0.215981586451332	0.44597755565247	0.334928688348686	0.230036345478116	0.315898674467009	0.0733854138573283	-0.00755151068328996	0.180623778517409	-0.0789929802310816	-0.104507963224134	0.523014841079004	0.720144567277206	0.870636728347542	0.124448423245974	-0.0950790605798559	-0.178984534749008	0.0353785457450296	0.206591767999074	0.149275586649808	0.0503216712575572	0.412002890832668	-0.0304589242628985	0.164841899180066	PEtOH 16:0_18:1	darkturquoise
0.159102541410342	-0.380038578115729	-0.0357003928187337	-0.032042069466937	0.0993166392048048	-0.125235515046028	0.0273611215387204	-0.105466269278142	-0.227658995248056	-0.501158449672592	-0.461880149357403	0.0355914092591064	0.412144499375471	0.466361860188488	0.101112330340342	0.281770901590957	0.27351773730037	0.251611543101895	0.0692708953028198	-0.202386564447661	-0.221647383462533	0.149457684195505	-0.0640991260081379	-0.473495731342723	0.237658447224986	0.398251998494601	0.494980118074462	0.105308194718938	-0.116171587443274	-0.0477000446089249	0.00263446533613635	0.273617603174966	0.229029971166063	0.183837276827328	0.331268508839246	0.47613321815158	0.357553960589473	PEtOH 16:0_20:4	darkturquoise
-0.181257637919677	-0.52903956160066	-0.362496964384394	-0.337620745132581	-0.192954472167741	-0.0744838188587142	-0.210054819060144	-0.415254803200491	-0.185598353272851	-0.196064249520261	-0.2337456424227	0.407107084914	0.569251301574908	0.443381174747219	0.206762448072591	0.410447031461497	0.48586935822174	0.37677725210264	0.322064399285636	0.178465580142779	-0.0316938619387439	0.264370354153293	-0.154733845151713	-0.153722067669723	0.607172499291077	0.822571702811901	0.640095294787412	0.414503195451263	0.011421458747515	-0.0630096658657216	0.0877680269521096	0.0214873133686396	-0.00713424758467751	0.0548850311578877	0.236223793797074	-0.0395532390156864	-0.0955804761818003	PEtOH 16:1_16:1	black
0.0674017749971395	-0.448278612248676	-0.361839434536297	-0.241786437223598	0.0191240787280306	-0.0221487192399884	-0.193425801394363	-0.300847695367035	-0.171528696025302	-0.300706774325429	-0.361876758849416	0.342851231878311	0.650825110980999	0.52658101403456	0.0908923893786858	0.313429117766214	0.226653524362216	0.106047202466068	0.151533576344969	-0.043673615450796	-0.106201999103456	0.0442783288400722	-0.207303118695404	-0.309669816189174	0.611732174600954	0.74412446737015	0.882123842921007	0.271075929631395	-0.177889614453498	-0.163336579731718	0.233708126371263	0.256847245051015	0.231077524300924	0.0905327737271002	0.387108883807779	0.0473647673941381	0.100421057694246	PEtOH 16:1_18:1	darkturquoise
0.140063075578762	-0.398664254264999	-0.202948618782986	-0.10978099933609	0.0493358878069876	-0.146245545705934	0.00593013298324959	-0.16018968949714	-0.204947537982226	-0.460799081226605	-0.437089088421338	0.272166431295426	0.579197052840179	0.466240686147935	-0.112402534395697	0.40168608196545	0.0523369251683326	0.0021573658258651	0.199779818810165	0.0359303343872804	-0.0435141128049727	-0.00857180219279187	-0.131285038922307	-0.285725831995847	0.447977492212444	0.546915325722263	0.718974952392397	0.152548246731708	-0.0878382358225632	-0.147874401345374	0.20850697816128	0.250248707002862	0.257027980886833	0.0793966050087027	0.181423665531649	0.103691136431675	0.324679088274086	PEtOH 18:1_18:1	darkturquoise
0.0481031456873456	-0.286276535560852	-0.181491455912433	-0.114460393290653	0.194000548351796	-0.136605799984952	-0.0281310960536763	-0.0604231730818579	-0.161703346333016	-0.256377163146563	-0.330615469309633	0.123870971049184	0.425463713887458	0.294454885615048	0.208789377319434	0.390326330287836	0.225553486001372	0.0800928629698667	0.158653809533327	0.212043489981122	0.0663190919412432	0.0339746226319939	-0.211477847483788	-0.365080670161705	0.381305921489087	0.571767274995976	0.780779699065071	0.12212561740594	-0.33552130082643	-0.223542431653179	0.325290483986598	0.387083334984711	0.302306131232209	0.166994453282257	0.418669430544523	0.14573067056574	0.182914349889232	PEtOH 18:1_20:4	darkturquoise
0.215634434718448	-0.197786760665176	-0.12322662948798	-0.0169098568236297	0.133342753225852	-0.0830279799298741	-0.0400640635560202	-0.161791586379252	-0.175844810163126	-0.357291375883003	-0.362349897591108	-0.00293617650610778	0.329826836505101	0.223136392535491	0.0843591653639863	0.382841668239511	0.255789689448037	0.12437691405085	0.154740587253639	0.138480701307625	0.0225243493691204	-0.0176482301122745	-0.276636507347784	-0.339795693125566	0.364434371225957	0.480657633585592	0.712084060873963	-0.0191440642358008	-0.336840366639977	-0.279837381888283	0.106109940184496	0.310595526578174	0.249156150495805	0.112903155151158	0.323877855143616	0.0729501810251603	0.224575026347853	PEtOH 36:1	darkturquoise
-0.00035218823156893	-0.089151532562846	-0.271933292614749	-0.253212432537617	0.0784081415919807	-0.0652816196132372	-0.439201334340995	-0.210578442080668	0.220491348352766	0.192083510616193	0.0947184783278723	0.550202793780469	0.150207742521242	0.107716730519468	0.146010020834878	-0.166079071957545	-0.208541966822393	-0.206480074901361	-0.247222832475164	0.035138783029714	-0.181381130235576	-0.337554874493186	-0.232666694838166	-0.0901401153853247	0.3327581166858	-0.0405834862271148	-0.122678430856915	0.505533720324839	0.0011285168350002	0.137284560362624	0.27109376113221	0.0386360362082621	0.0267780495589938	0.106372887045752	-0.170235829090016	-0.202254293083631	-0.346315192990605	PFAP-FT_diPAP	grey
0.00177656541985019	-0.407762276462613	-0.291295718637415	-0.0548376089534293	0.0451213469262324	-0.154989691715881	-0.0418994363968515	-0.0972270060992674	-0.436256872991941	-0.626603737093381	-0.591518136986244	-0.0101777163009422	0.593064134262439	0.410891104561608	-0.0508919818525172	0.342808521174874	0.435237086106813	0.286262195767498	0.167470998543253	0.0174288517906029	-0.0430419417350488	0.0460583760652255	-0.28456841723616	-0.504016103937492	0.553123218738153	0.614677363024871	0.714688880807372	0.0160428328920916	-0.172362107719561	-0.216273975182675	0.173050212878821	0.325193356255224	0.226551653727225	0.09144455782376	0.31806888529523	0.13477342946501	0.382495449553122	PGE2	darkturquoise
-0.363733386963357	-0.156088064122125	-0.2730626400803	-0.376079941936063	-0.295730501721743	-0.409771520066713	-0.352480226738482	-0.307039445941174	0.257923583093567	0.173162407148181	0.311231414861876	0.136616728852413	-0.115381290906744	-0.297380255962844	-0.0527935411594513	0.12765355173026	-0.0191800302222337	0.000355191161326991	-0.0282840760772947	0.311961538214681	-0.0345279641013074	-0.127543344943034	-0.187111092378613	0.0941517343526051	0.134019435468617	0.149796151495608	-0.190556189901358	0.454286070225592	0.513437701601342	0.820188516998643	0.157511954996684	0.179999055713531	-0.234169322480987	-0.0573786550305944	-0.304679559230678	0.018225723801648	-0.104380955618009	Phosphatidylethanolamine alkenyl 16:0-20:4	yellow
-0.470652516989847	-0.184482796088879	-0.178368993796998	-0.309883312057831	-0.469661282436314	-0.177929511099508	0.0995833034721185	-0.199241032124162	0.0394853467239388	-0.106430774508385	0.0623568003373968	-0.186455660348846	-0.010172211999992	-0.23971074145421	0.019230344984243	0.188374592237657	-0.117927407277306	0.0791470956854137	0.184576060208707	-0.15808149737058	-0.142019998899997	0.145433353278779	0.266668523098546	0.298856638592515	0.0385990608438052	0.159444564296461	-0.0933540086387605	0.133943127343239	0.845406936864892	0.534731613602097	-0.240319146651669	0.00507833274585037	-0.335339641149159	-0.332817218816591	-0.292819565055696	-0.328944300655244	0.073198616218648	Phosphatidylethanolamine alkenyl 18:0-18:2	pink
-0.0160587194553002	-0.0640216115413124	-0.0160137960755171	0.0999486718858274	0.24140450638924	0.567933327013742	0.428231088613198	0.404994043964809	-0.232941686177861	-0.133829842582667	-0.318297409754152	-0.265427204283042	-0.0606856727182006	0.16968682848793	-0.0216472138806626	0.0572136652314499	0.352858780364926	0.153230961086521	0.237430762292404	0.113290407952225	0.519394487899672	0.182045602205388	0.217324314825312	-0.0735535622666779	-0.280611072116324	-0.02084568569641	-0.038802687770018	-0.39775670804266	-0.142286768104102	-0.289345339310768	0.106885991347762	-0.0494638902092499	-0.0574083355694981	0.0456551747021523	-0.101179404250926	-0.23829611601658	0.135622682335402	PI 16:0_16:0	salmon
-0.0237059368570191	0.453285068239913	0.145215443416274	-0.00198816039999888	0.0736785637068885	-0.135477892583054	-0.227602530699015	0.0714113966233685	0.651697035033204	0.714513535363881	0.685508536315051	0.204601068472357	-0.514543859694955	-0.309521764464515	0.146610467064064	-0.395174014576854	-0.505722000957723	-0.325918905395487	-0.314355245026338	0.0139800844319398	-0.00189966552432647	-0.338136274428909	0.114580577370952	0.379484845411635	-0.343179555508808	-0.671307000666467	-0.658229853122689	0.187574064527654	0.0914898633592908	0.337218581667976	-0.163141130335904	-0.200991076113598	-0.0760600171964595	-0.00566270247706334	-0.358166679560073	-0.133913540314484	-0.453118049940398	PI 18:0_20:4	brown
0.115968211621242	-0.0136099045383189	0.218444336909321	0.365063156509972	0.261494395835392	0.193815384400112	0.744484476343956	0.531243349422291	-0.364515428313929	-0.335225041003694	-0.459534708229511	-0.346259695624543	0.0721321077371988	0.237615050133598	-0.123716949369302	0.288586363968711	0.312686592136465	0.185866790587184	0.32703125149629	0.103791936109897	0.367891535772654	0.198205817997995	0.191426879704656	0.0302603978960429	-0.253788169194348	0.0364874652575699	0.149140397700693	-0.545355599174481	-0.256499685144707	-0.438170287106917	0.0804393994738217	0.0332953998447388	0.0943492067502301	0.00598433926097436	0.306712038201049	0.0756413091065319	0.594300529423164	PI 32:1	darkgreen
-0.211139343122526	-0.0455052268077047	-0.0910895496117123	-0.109820011640829	-0.0844380488299343	0.0665132509975653	-0.0207425076186421	0.00387881232587902	0.242563167827391	0.214036712461508	0.176909306844592	0.183123014847113	0.00223963228336483	-0.0721533311799087	0.133979711280447	0.199264943767868	0.128700180945809	0.0795255820353989	0.202214513629937	0.325934030221908	0.286528196893939	-0.116749940714745	-0.151543196697526	0.0609749398828591	0.0230944183982738	0.0903002231741882	-0.186860118369595	0.195347557166019	0.0719014482520894	0.119727458587396	0.208642853102088	-0.054692449913871	-0.0381154852373381	-0.0675050483463284	-0.263015936823293	-0.233194440267729	-0.170567358611375	PI 34:1 Isomer A	grey
0.0110058071992874	0.155894124773306	0.120762672417248	0.266664409843687	0.182973174902364	0.0133491346322393	0.252508744277695	0.305480347393689	-0.00796641286437054	0.173144663003283	0.0241951877127942	0.00114826992723684	-0.100805393839775	0.0483896687239131	0.0387288013889608	0.187656169771346	-0.0381797925142113	0.0385903349191522	0.186756994083253	0.229357398026962	0.177581803226814	-0.148673946723644	-0.0136109205881993	0.129294809952155	-0.247503670795948	-0.284124648748633	-0.216530912086314	-0.138057920397528	-0.0656119534490158	-0.0715869382773928	0.120429652670806	0.0891831705704383	-0.0242223200342276	-0.169076429779327	-0.169240443214266	0.0197301464546296	0.308729459687199	PI 34:2	grey
-0.127761218297063	0.030254457883638	0.00876533133079177	0.26166381433357	0.223880154597685	0.0185303111324403	0.307469900395196	0.379406529532738	-0.076043673139081	-0.0241399188813218	-0.220207030416526	-0.0577502783421812	0.008874399077921	0.137549468369881	0.0887188894716281	0.426865313049055	0.250948941076072	0.33094350641025	0.288388088516733	0.321562915177666	0.309016439582865	0.156947702822337	-0.0209416416272768	-0.0765654142375205	-0.162718510836817	0.0978068404509035	0.0529910456957004	-0.109687469290707	0.00432504397924438	0.0226431096805729	0.208861030473487	0.0662685076960696	0.00265019297080344	-0.0340541037478008	0.0101771202153276	0.105386839355175	0.408363233383628	PI 34:2 Isomer B	grey
0.051837869643462	0.0475202497481232	0.27988206683761	0.214574602804754	0.0223917714488042	0.185410369424338	0.633276433756305	0.487656439435941	-0.21628625612388	-0.119269075357482	-0.154842052938288	-0.482086827791051	-0.148449997763966	-0.051004921566025	-0.0431342124543213	0.17289403545036	0.149555321459122	0.207136873560078	0.33718883713941	-0.0183354671085933	0.154356494786647	0.345696974563123	0.438322997617635	0.146064583030188	-0.497848297132475	-0.213233786479275	-0.0748598907432866	-0.53837299182946	-0.0017869707204467	-0.346506201830902	-0.274741286884695	-0.053753861656771	-0.00782305142845861	-0.112028102557387	0.0824096971019471	0.0183147740478054	0.344179161017054	PI 36:1 Isomer A	grey
0.0587412076941301	0.163667177392576	-0.0770019126584381	-0.0693348255096686	-0.0420450785792731	0.151033749693981	-0.226010773050012	-0.137609106233023	0.446478208218364	0.60344420553571	0.48148884166713	0.378403825422503	-0.24924761696261	-0.117121333779094	0.0838634528508753	-0.293473546074862	-0.298413659836363	-0.29594120039465	-0.39154178756216	0.0360627317555254	-0.100302006136839	-0.164136165931465	-0.0150414853898124	0.1827424844856	-0.187119266702777	-0.333031952681329	-0.456416561911853	0.258327458536715	-0.0496532977958347	0.177973597825877	0.0165248301211836	-0.0835283817475991	0.0781355776901418	0.0527247192722404	-0.240655251668091	-0.0432690079843767	-0.383673448632159	PI 36:4	brown
-0.0419277159030365	0.16747219170664	0.0925480174429575	0.173689811741062	0.147423685598288	0.188617355263672	0.142796731113717	0.167969705442276	0.186037126618696	0.180485931628075	0.0801961332612182	0.176282173116093	-0.0469114699523986	0.186334219988959	0.137425964683237	-0.0896988249291312	-0.121346561349225	-0.0751175122577608	-0.120346095928243	-0.154124262576779	0.0582017099366548	0.0449122610818448	0.203243420565613	0.0836544300436559	-0.204536869038491	-0.251926085085244	-0.200236989917595	-0.0460043932604825	-0.0130623403039302	-0.107123446902742	-0.263436076415552	-0.189736815729185	-0.0099568828700447	0.00717318871800122	-0.13325312658347	-0.201811243920646	0.00378140385945193	PI 38:3	grey
-0.0627166698167067	0.464462125252299	0.130775766602171	0.00242867745864931	0.0255564276690735	-0.0580837621775117	-0.199238624871883	0.0526730587555309	0.639983306997962	0.792445257852357	0.691170957377049	0.200437251145251	-0.518350039483232	-0.367837684801629	0.192904076337074	-0.296460700669417	-0.42829009897083	-0.272357577949631	-0.245778385550595	0.142597905343898	0.0557224501449147	-0.238980469796671	0.107686843401903	0.401116089938839	-0.362752045566497	-0.558537240640946	-0.582574269901073	0.168978053454692	0.0313715676649337	0.293798525830583	-0.161529646342813	-0.265288470713439	-0.157074320186687	-0.0616213483251881	-0.343922602982182	-0.168280248175021	-0.515235862627703	PI 38:4	brown
-0.0327588709907142	-0.0238936698819924	0.251047847228629	0.310390694962961	-0.071110818200952	0.0917974003112741	0.510117173845134	0.355670892847654	-0.556732817480308	-0.459082527980611	-0.465028833157244	-0.730479185353488	-0.0961746019387143	-0.143771159900607	-0.175072029225615	0.373572307137986	0.179805600117287	0.360730487098209	0.3999822631704	-0.027146921184241	0.194440895243782	0.241552893192235	0.0619946602829706	-0.154230768838788	-0.214363625134439	0.0667640977061447	0.105685182617738	-0.622494387909885	0.22643615029216	-0.135686857137079	-0.106756158649444	0.00898807063502709	-0.183916532662255	-0.258853717645257	-0.0323792225530871	0.0785825439646947	0.568026143493237	PMeOH 16:0_18:1	grey
-0.183382148311577	0.0515181796941455	-0.149660585367581	-0.274850921933994	-0.121925386229109	-0.351988455473347	-0.565577166759926	-0.379624823547903	0.504380266434527	0.471884657538741	0.466563879968581	0.487260315421492	-0.134893201214593	-0.12101785549621	0.0800799493491895	-0.139270250315781	-0.145911045179525	-0.0670568852214216	-0.202900688544141	0.202170249022181	-0.218810399937697	-0.223647150503571	-0.143654406786341	0.17215077765426	0.149056514138321	-0.10828902549324	-0.275823977263548	0.690128844574625	0.225002813697901	0.583223391071373	0.127011539728587	-0.0332880227529893	-0.102065734036609	0.0170588919596249	-0.183947662572163	0.0223734842871547	-0.548843776528315	PS 16:0_22:4	skyblue
-0.158592861695036	0.134937865679386	-0.227565435143121	-0.269010448930677	0.138165194555024	-0.344534083047735	-0.394071440409897	-0.25423078102504	0.557097231632781	0.196716784478168	0.301797153394407	0.363046018343375	-0.05495853264053	-0.0910953804964758	0.130503497919741	0.0139839842486666	-0.204185391887452	-0.101855910783679	-0.147280770732479	0.259257056509416	-0.0792133033482805	-0.459604150577266	-0.329235985005705	-0.0603831119555752	0.126431815618802	-0.101584628830508	-0.25893302205737	0.540040101273956	0.081924351987072	0.413369680907566	0.222647349549114	0.259513801399909	0.0657602098011242	0.0864540570848647	-0.278492037408829	-0.00445005447662967	-0.205852798000527	PS 18:0_22:6	skyblue
-0.397516083303237	-0.246472155076219	-0.221117362579012	-0.290975298906304	-0.283474374568677	-0.308438890975072	-0.175926742224985	-0.327585741061414	-0.0964085657150262	-0.0713351875644713	0.0273158038506557	0.147588939338161	0.0453775215218064	-0.106587983818955	0.0457976240528097	0.311230563675779	0.237577729328715	0.288965147716447	0.329265353350777	0.19572639514999	0.0150324669613394	0.410521789942728	0.1481637239442	0.109087796178145	0.176347063402685	0.271595462968171	0.0202453174915897	0.393668921418056	0.453443998178855	0.306851768803967	-0.133551847660671	-0.278788708505337	-0.287961574870053	-0.263883799436435	-0.126143776670949	-0.0654322578715583	-0.166812644047364	PS 36:1	pink
-0.260889745894558	-0.142786069679176	-0.188832953088409	-0.235718479643763	0.00375878292037641	-0.429283143760274	-0.0655452526147286	-0.234749856726934	-0.0388560714456321	-0.241111214691482	-0.109682966298707	-0.0626888695502525	-0.0114785815080973	-0.132116356289224	-0.0898696240995	0.272463834856698	0.00902967193197957	0.11638161659524	0.201318467803686	-0.0714893590622519	-0.150495801240616	-0.0340591316536698	0.0330369284925692	-0.01804990612549	0.0692405430212314	0.183366268403309	0.213022771461395	0.232293193471209	0.320184403030513	0.254000872384241	0.0123890475221647	0.169686725653205	-0.0418875808638565	0.00670908606401655	0.140251587229086	0.145092565976139	0.249831708960412	PS 36:2	grey
-0.510011543354241	-0.273768542888041	-0.238071618009977	-0.290481357463778	-0.255149584891024	-0.334961682572335	-0.186545569209856	-0.347642262488957	0.155218718378746	0.00508594078572765	0.119247899527179	0.258756132087744	0.132253213617216	-0.0103168708759589	0.0295245304939136	0.259941443536059	0.0402925951346727	0.269006013428099	0.131651185820938	0.097855167467019	-0.127786403783852	0.0228773332592181	-0.101820892486148	0.0588678251729853	0.289691189626715	0.266630415376551	0.004172542564785	0.379271027696832	0.527598367259149	0.401311486621805	-0.212066129245433	0.0925172320788231	-0.300216591751781	-0.26850629239523	-0.345979532721675	-0.0473608575006638	0.0622340382069647	PS 38:3	pink
-0.221172585143217	-0.0925766966446606	-0.306016234174016	-0.374122845555885	-0.127946209497754	-0.490429511929494	-0.513212157996756	-0.365059673889014	0.0276745149455279	0.164764411778516	0.158692645499255	0.296119065697908	0.0327846933934905	-0.153358967285134	-0.0430366568645006	0.147873020807503	0.105868014837067	0.0999837287842061	0.0147946400327639	0.220780685540707	-0.156467944117344	-0.190133364504087	-0.34348792243707	-0.0111745827507461	0.287335294780306	0.117464714063799	-0.0476389766753788	0.474316837872305	0.230184033409082	0.488324093566445	0.104192068763569	0.0390283292559792	-0.211973678707327	-0.0279754470136634	-0.0456091135270737	0.0752204745409653	-0.0643935345628553	PS 40:4	yellow
-0.158852488856798	-0.0891588843963325	-0.197788655819409	-0.280645290924022	0.122674049344144	-0.303045607605522	0.117731802501122	-0.103770954713834	0.0151478823090864	-0.141885559558351	0.0291479191362974	-0.00932222235006869	0.101605864395045	0.0381899771102605	-0.0620844211112584	0.250843509722903	0.0429372772479351	-0.196372198811651	0.142938687804596	0.186527854800006	0.215699217884324	-0.129409740180924	0.0185032356740393	0.0303140239868491	-0.0420981629174631	-0.0782440289117023	-0.0488924524391391	0.0137875256732658	0.00535426754005635	0.0651167579612994	0.176565805691744	0.32906930863954	0.233260830555367	0.204762746047886	0.0536211877879685	0.175297539588581	0.347345338307093	SHexCer 34:1;3O	grey
-0.0675633631669695	-0.137861963344937	-0.0227826282179182	-0.140715526665304	0.0862140942566457	-0.104267587124842	0.112761904005583	-0.137971803733396	0.0283733560522138	-0.0653268990371758	0.122337276577212	0.00210957213114994	0.0945841973974791	0.0980364406370721	-0.180590914546731	-0.00167384762111936	-0.211351285136445	-0.228095025657378	-0.0713497281277426	0.0733307149872236	0.0631184437476116	0.0149352353539684	0.0680054290009492	0.0623539436004762	-0.0901184596835014	-0.0143154622629757	-0.000986938512866481	-0.0609634320170282	0.0951915888413614	0.0228160632101964	0.0966154746436002	0.15473973686499	0.127772410634633	0.329151080264798	-0.124071263238877	0.189272140103433	0.148467316917146	SHexCer d34:1	grey
-0.0413621060727563	0.404955770766279	0.377120326432737	0.213082073274825	0.0834715681476882	0.0774792111201188	0.0957278448755885	0.369791357031711	0.355146229194987	0.75078889361236	0.565582038316217	-0.0130477567729975	-0.350544703162683	-0.191838231924184	0.232396113991129	-0.00165768963775265	-0.0856400181753544	-0.0853688277146853	0.134972830160768	0.297784205742689	0.375914112637701	0.0725843336129203	0.262772122298002	0.531498323966566	-0.406974261646321	-0.343102360277551	-0.223455373603825	-0.16252548949043	-0.0327551116997649	0.0381391801438127	-0.18979681783574	-0.288319310087155	-0.22534157707299	-0.130685172786557	-0.132989463781448	-0.278765703886968	-0.225305869065243	SM 12:1;2O/32:8	brown
-0.218423245340983	-0.328629150183359	-0.147687643798466	-0.251552207726595	-0.0934617750304981	-0.0479349000254965	0.101072727472208	-0.141019384415554	-0.251850335753558	-0.243388599882345	-0.105376894908163	-0.102818061899038	0.193663506832213	0.0440882719719688	0.15644118119756	0.486936320698335	0.243841938344608	0.122952718941362	0.439193776991367	0.226075227854506	0.273197370347889	0.224900018505704	-0.0581640780448886	-0.103727745954937	0.0762694958316262	0.428852391047472	0.219422620588658	-0.0275861128304035	0.153594163776682	0.0173685529498366	0.0851457042356799	-0.0150331059651822	-0.110319363442054	0.12144375434626	-0.0572977654172913	-0.0245304159805178	0.242233950929556	SM 16:1;2O/16:0	grey
-0.0208901186161975	0.0634332976405386	0.146841724142194	0.255690420706392	0.155510509276771	0.278632647448474	0.578791742963433	0.402317136389427	-0.231624696311125	-0.0518084551413788	-0.134217343096315	-0.306461219398559	-0.12986958886953	0.0402279438587837	0.0676320181463098	0.364566306910646	0.507833527105617	0.188620951265534	0.514555921538425	0.504104779021393	0.825613270014311	0.365384827014094	0.200764362687934	0.158056100355728	-0.286865376929399	0.0847850935460688	0.0416988196886888	-0.428433118448311	-0.0997918212446716	-0.272741264413721	0.00866070705216924	-0.280255832789549	-0.14819590159484	-0.165348250625212	-0.0038360107369758	-0.289701859666594	0.261157672980362	SM 18:0;2O/21:0	green
-0.133788668774332	-0.156266046359485	-0.126515022476377	0.0304484083281293	0.0243123979260449	-0.0765256437307923	0.289675629796866	0.34264277112027	-0.266798149037086	-0.313771730030698	-0.356231003235247	-0.231757020701261	0.183865569971054	0.158138628929214	-0.261439488215481	0.467833400545904	0.384275622657135	0.417919329464712	0.36085201792728	0.3176135127428	0.321182733687887	0.136233541679043	-0.0653779535330592	-0.182093385898766	0.0129389744061896	0.356578857352849	0.327907028530026	-0.16515869589199	0.0176182614382748	-0.0476824524784372	0.0560433153465806	0.266088157622268	0.0450367002109044	0.0215390984219094	0.190154199531078	0.05245753946365	0.665955739149517	SM 20:0;2O/22:3	grey
-0.465612340426272	0.125917344262348	0.15527782825527	0.0803083981120177	-0.117073013048796	-0.160859575622359	0.226294572048404	0.12573940639873	0.0991818316597382	0.0682622986017562	0.0562614470187532	-0.117278487020041	0.0135056444520022	0.0316676768551317	0.181533277820999	0.457455028514816	0.179990775802258	0.596653987882125	0.648995070036258	0.157495881786698	0.162358727612507	0.353961384236832	0.224465275899536	0.273739555984539	-0.0902871088755891	0.160152816042012	0.092828439091185	-0.0073705886180579	0.360547078409606	0.161604752618495	-0.284719983107653	-0.20915592625017	-0.42498879038546	-0.454606935325861	-0.0347182096749001	-0.0943424460401391	0.0675655527341305	SM 20:3;2O/24:0	blue
-0.119037313569602	-0.247690196395165	0.0608342736826806	-0.00117012457839675	0.0453063408687116	-0.279256885630855	0.352920663234153	0.0963466476523035	-0.241501055521166	-0.306857475658186	-0.331071756106565	-0.0376430041512166	0.319351792285044	0.273606460457137	0.154486383377185	0.725912667691088	0.235119955618573	0.183765492223389	0.390616959495494	0.220282280438546	0.132211031287201	0.156748192034798	0.125564796345038	-0.0687102220157785	0.0766632016311659	0.287576919941803	0.332198192370115	-0.0731604195967758	-0.0145949389205537	-0.085995304816469	0.104236800264042	0.13405023649296	0.0563728526729849	0.0520198113139551	0.185338899247579	0.277285465959369	0.528550449670178	SM 22:1;2O/12:0	saddlebrown
-0.359094948664092	-0.00709036941385623	0.2905097377984	0.176601941598138	-0.16507199589198	0.0411666164152781	0.341717539820831	0.322056161765577	-0.15354713256955	-0.0591685510258141	-0.0788829433858156	-0.226018867529832	-0.00353333856706061	0.1176328609247	0.240733778845969	0.410819691002857	0.303361651189142	0.558112110728977	0.743224289646691	0.175807856563168	0.340250687613936	0.521060930527066	0.462445020522414	0.258955972454356	-0.179110114681482	0.113754125289218	0.0707140589870544	-0.12164266681652	0.33428115228706	-0.0172503724671149	-0.359068403443646	-0.318144923346645	-0.48262659377535	-0.486564271858441	-0.0474340297948882	-0.194258688381554	0.0680568830368388	SM 24:1	blue
-0.403052351841152	0.164475850696612	0.0497335633510992	0.0121039714773344	-0.0220700206387345	-0.0344787631875349	0.103433626490077	0.278047683113478	0.214473268038037	0.368080854711528	0.272143766757498	0.00232005486530339	-0.197440722574147	-0.204652159991087	-0.0275959492462461	0.277871185933294	0.313076904718419	0.375169253614645	0.30261532941626	0.596743827240308	0.495036694280104	0.0268085965130539	-0.16343768155387	0.237117974172695	-0.0972465486937757	0.00688567553429343	-0.229177449079162	-0.021110497697243	0.14584652540184	0.182554035204315	-0.0754139423143116	-0.162040186282424	-0.472842795399226	-0.315069742197102	-0.377242174136501	-0.313287407794926	0.0841380515600168	SM 25:2;2O/15:1	grey
-0.0816412270002786	-0.141907588981837	-0.0590956077140928	0.0803138797403278	0.076646368145492	0.00389822901085952	0.3587842242838	0.0276701871635202	-0.308531278328174	-0.379487131871936	-0.441371242966958	-0.163040757316021	0.311766339041714	0.172033403353171	0.0850333747720698	0.68757740602142	0.477225682350501	0.414521802406959	0.563420425045531	0.194306506772497	0.160589480868803	0.276053430624301	-0.138847846973349	-0.195173221655877	0.118563989123896	0.494312120770135	0.504256210282239	-0.199611564346483	-0.123879973306093	-0.23839464438339	-0.0505958458396741	0.203316735569754	-0.0618559845522334	-0.239844003455889	0.185835429437494	0.10919116303038	0.494057112901776	SM 26:0;2O/18:1	saddlebrown
-0.139223498467222	0.276048425511236	0.256843330368422	0.318700772445594	0.0381719657722277	0.00674983966173233	0.297519910394654	0.304737184003211	0.130857654439166	-0.0603659442170905	0.101168489534904	-0.347154193733183	-0.301386160813762	-0.191695382861703	-0.212774623948864	-0.0660665089549364	-0.222599749473558	0.0626984986093212	0.0396405440566685	-0.224587082569007	-0.070361994149104	0.0367951874360418	0.301184719179614	0.167517645219237	-0.402058740011057	-0.491152262813352	-0.394811257395901	-0.208261923589082	0.21416447865115	0.0741952901449747	-0.166159387849076	0.0254777725698518	-0.125578428534785	-0.277707976709695	-0.0680824410854599	0.0212004607716509	0.254476299186982	SM 30:2;2O (FA 14:0)	grey
-0.130156497691682	-0.25956231069678	-0.088030003157713	-0.0236092318190688	-0.175096484016682	0.366145134754142	0.293368774602991	0.0488586846609202	-0.273392331928186	-0.162454968369861	-0.150619350836187	-0.31688169613744	0.0235572270872296	0.0600353574689777	0.0607743061288726	0.268141475374243	0.481688593266576	0.215943674617447	0.441117968852744	0.148737553505072	0.454713848051439	0.632624609773637	0.393338460050573	0.0585878046701695	-0.181973801831575	0.318642380926299	0.154222485608694	-0.229336056502759	0.115048624691919	-0.0551775566583214	-0.182629319039742	-0.102869708444555	-0.00224753316287416	0.0158080559531943	0.138040275097977	-0.151067811566889	0.128371623554034	SM 32:0;3O	cyan
-0.520232682670542	-0.356043008653388	-0.144856385113419	-0.343732412212633	-0.266534724179064	-0.289368640429928	0.199243699972928	-0.120146243739659	-0.116979608181945	-0.186284633172274	-0.0777168362562244	-0.00341381844615118	0.322868083698936	0.207371831173845	0.279231305472181	0.568878507365079	0.220003655553001	0.157012069823319	0.635522806795389	0.222164057855149	0.159271453306893	0.191101382975337	0.323996992968899	0.260141289233442	0.124294142475991	0.405936106861805	0.311459884005718	0.169419051500429	0.338165937636861	0.0725399212883153	-0.056623490174742	0.129281281063175	-0.187848304742684	-0.0543527351691478	0.0822870803130512	-0.0373423347527227	0.192490969680804	SM 34:0;3O	blue
-0.175210124212131	0.0330400718499062	0.181338808223117	0.2555329273238	0.177256595203755	0.115087011290377	0.728650551390801	0.372608408652492	-0.401171037349732	-0.284164569404259	-0.334071241732781	-0.483850509696046	-0.0205593493702793	0.126810079712713	0.0118395453072132	0.56520838201761	0.640970044154953	0.50814144153621	0.698650842378176	0.310720846456739	0.501737359972557	0.50678614841064	0.235831066552329	0.11797199487204	-0.336123113761398	0.209595474014426	0.17762750819712	-0.494298841877093	0.0205063430776445	-0.214484841129895	-0.196728410532256	-0.0747847526565559	-0.230202281765083	-0.229548938076742	0.152996031138126	0.0486538762962252	0.565523096254989	SM 34:2;3O	darkgreen
-0.257852304144689	0.0334816195365517	-0.263446749535541	-0.298204743372418	-0.0816116831935557	-0.201435755332686	0.0560128396092705	-0.049070679816199	0.116968886586345	0.12474451025321	0.0544325496800689	0.102570100012392	0.0256335341208339	-0.0568858126011909	0.136979743704459	0.420713612744127	0.33122570545448	0.0714326808706005	0.252953798656793	0.505239547792458	0.367570684868027	-0.0916339694406304	-0.11591749656287	0.073569959714925	0.117210125655694	0.191358837152279	0.0491469550269628	0.103141858974366	0.0690546493001318	0.140940763008164	0.164779684367269	-0.102304362241036	-0.177338409790139	-0.00859638818182451	-0.0588125489893379	-0.188825003523231	0.0207206876077141	SM 35:1;2O	grey
-0.272304953613844	0.268275993734674	0.00727742363524534	-0.241964910383567	-0.31910815682857	-0.129537118610101	-0.369730188908124	-0.119968765054982	0.665334318784133	0.841281637169231	0.910375175925159	0.295712536382079	-0.265686905317076	-0.320967825814435	0.169316430747057	-0.240056117100457	-0.37950870249351	-0.335411744784411	-0.158901968690761	0.0878372194912107	0.0153866590045376	-0.233393262218606	0.136927031864862	0.639542167700523	-0.111912661782357	-0.287330312108117	-0.421113524138843	0.275586189975052	0.220327631555003	0.449294269985037	-0.155267996577691	-0.17955148884394	-0.260276038417423	-0.0992851682422893	-0.238599568414261	-0.341468815532781	-0.501792968928386	SM 38:4;3O	tan
-0.215066448837525	-0.292743507999197	0.0222371647303701	-0.00716336665657166	-0.142912767504448	-0.0413708442402001	0.335201308312184	-0.0130020433324837	-0.344646330377582	-0.432619448941451	-0.226865010369328	-0.198743531099889	0.299769622915132	0.305892207582525	0.10073179600829	0.408754717746284	0.382605441939792	0.327082420806214	0.503525853669063	-0.0264362286064487	0.143289327144921	0.452573869560151	0.282948262364874	-0.016496791054682	-0.0947034317425801	0.32602809463067	0.264508323938167	-0.173526217636576	0.115183535280653	-0.095564747791646	-0.088675447864201	0.162698472060011	0.0113926768185266	-0.0288739053483977	0.294689083677082	0.334208521672075	0.438096708409012	SM 42:0;3O	blue
-0.265445557355722	-0.103634078839703	0.26615813809296	0.197623166129694	-0.11545012725904	-0.0143517172562468	0.577121898209328	0.381385775144012	-0.362328544682139	-0.148640296175579	-0.0997532657001363	-0.320481907872142	0.0894134459068514	0.171715889549874	0.112217046581975	0.573025128550187	0.325365695254251	0.431695433963884	0.798182077951903	0.2036089158428	0.340320966743445	0.570672827148446	0.498512121768413	0.405079506247225	-0.276679220910082	0.146120169164094	0.135255125905736	-0.315629330498883	0.29265214753852	-0.168250153953865	-0.292843892530633	-0.12716756411793	-0.331854163862245	-0.347366452468906	0.0798494779450145	-0.0747103394893968	0.47847596629408	SM 42:1;3O	blue
0.0693006952239323	0.188583200026374	0.305556611685351	0.398312234466801	0.243966682854653	0.269906265449362	0.596033394417336	0.364272928488649	-0.357188405650308	-0.248682376696497	-0.377689610602899	-0.511691312581674	-0.130958372108708	-0.0626822870782649	0.0753192128984571	0.456378123042067	0.456172258161909	0.31696725120798	0.528689019266714	0.19199985188272	0.456933768381163	0.308024499030966	0.0639210948722779	-0.0633350338182011	-0.31918907429331	0.121737183888326	0.134846901484968	-0.551373315728276	-0.156736093832048	-0.310012719836434	0.00118777169814591	-0.203380089736398	-0.114322829624588	-0.0487056903292655	0.127442446851061	-0.0272877384093775	0.352454153975563	SM 42:2;3O	blue
-0.217596153044342	0.287855072573176	0.0677757996605905	-0.125964502460561	-0.239946719439577	-0.0594365420389524	-0.253363083429534	-0.133759064722285	0.546528935312575	0.599588415957884	0.817064870446214	0.29546797596887	-0.237557334005119	-0.214966899519992	0.114341729662743	-0.253089081129587	-0.256469574982021	-0.274560206991378	-0.103633320051327	0.12575061133315	0.0180376189105226	-0.00930659237706215	0.179203078351685	0.497519617574752	-0.1248757550307	-0.320180002859415	-0.499885628378539	0.250763362153233	0.20049594140289	0.344276637713185	-0.281303598341368	-0.305384012604902	-0.299342193343846	-0.23755925193848	-0.311683949392681	-0.230178258323394	-0.437967424877458	SM 42:5;3O	tan
0.0884124306531997	0.171289929600481	0.43455971234184	0.492571531820208	0.273777064141671	0.261798866612995	0.75175637479524	0.497943131503191	-0.367300316499659	-0.245120984368508	-0.275235727115556	-0.694542461871634	-0.285314160960683	0.00160172997016916	0.0496753618005133	0.233788141631635	0.138083849179327	0.213022360398883	0.381252680554223	0.00756532830920694	0.417077434904053	0.409369235122989	0.465465459641128	0.125502466134657	-0.596469193965013	-0.187881443455896	-0.018060431839494	-0.685580583933963	0.103643236161653	-0.24780318857486	-0.137268860955167	-0.20396217502637	-0.178881994002369	-0.254587173108066	-0.0873904457546464	-0.019979262945268	0.368948140295358	SM 42:7;3O	darkgreen
-0.299787668034064	-0.257981071802604	-0.128442444745422	-0.0320733425856387	-0.0270158188919611	-0.0754322155575397	0.33837790447453	0.0842836520302421	-0.239034683737393	-0.363183466171767	-0.342621231151559	-0.187185211271002	0.306553450642403	0.243325028580843	0.228863378768362	0.619952323664722	0.399452708558331	0.297409611129511	0.663733976538577	0.24645874818074	0.360505791871719	0.24934686727197	0.0553805744092723	-0.125474684165177	0.0229303365984294	0.465032182405816	0.445036630246517	-0.17396620689179	0.116619679830588	-0.0403886471472665	0.108297222460514	0.144074535831974	-0.0843903686378628	-0.136067151356587	0.0795257096573788	0.131919750392415	0.365373594386145	SM 44:1;2O	blue
0.0562816527552692	0.282803416469284	0.290273484840335	0.122810898159836	0.0112236684051595	-0.119361287831308	-0.071778086460746	0.015539187794013	0.247453476639479	0.362914251962051	0.608632743733208	0.0127595976074155	-0.242277856403532	-0.141595021375502	0.0583968036961256	-0.192235591182257	-0.255029099081633	-0.233013227694124	-0.18906661056795	-0.00719369472349581	0.00108608955140631	0.0732041113626584	0.164645410318057	0.340485674533313	-0.24422679410478	-0.384374317114414	-0.396610964057097	-0.0146756487245885	0.127108754346635	0.17337709133202	-0.267212386997821	-0.24254299784553	-0.25354958399111	-0.101165665864934	-0.244171018809007	-0.141320569071475	-0.143535389296318	SM 46:5;3O	tan
-0.0411524848734627	0.00942586229779931	0.124982903092452	0.0900195574584265	0.0933014443717374	0.548370383880163	0.433474622800444	0.229717268318685	-0.0338412025927051	0.0635576603861362	0.018163158165569	-0.251345045423957	-0.121752859286827	0.0595876403652596	0.255694634819879	0.0649187537582902	0.121085083222305	-0.0490768317406399	0.243417823951383	0.10333623630455	0.575734465651408	0.299913006032358	0.326392947391538	0.231537274726635	-0.34679092660358	-0.0660495781888608	-0.13461158498493	-0.431251992778831	-0.0635853000997434	-0.251572000109705	-0.068329299153061	-0.28975372265656	-0.121449200085318	-0.0322039225067241	-0.109378567077282	-0.339334952360277	-0.0241363185096744	SM d30:1	green
-0.0255439141351783	-0.0555999438821166	-0.0575297972387917	0.0480957162971142	0.168458600750565	0.439913348933004	0.452252490980222	0.269175816600479	-0.212206278440797	-0.0215283236729153	-0.149252843244682	-0.305485465481132	-0.177289293586515	-0.00297807450285377	-0.058459143204245	0.179291250508897	0.314122615861953	0.0122297411014946	0.352112086610239	0.288139626261122	0.739117495377515	0.240195526516274	0.173311195951061	0.101466929450468	-0.33187335974367	0.00129296194352358	-0.050110884134513	-0.430474952301514	-0.0633530578032077	-0.240670531945088	0.0230329315896602	-0.145209625333204	0.0116401152239514	0.101584511357461	-0.118637903802922	-0.227178739316986	0.214706056597475	SM d31:1	green
0.00905422904287673	-0.125325761424274	-0.0435859698468113	-0.11770456803339	0.0535650024826018	0.332159942140878	0.193544440487469	0.0391927684082613	-0.092892271820248	-0.00466036862105109	-0.0330280571619213	-0.0936565076079974	-0.0409372191504817	0.0192011282472141	0.139641646674356	0.289745495128567	0.397681620405068	0.026046706144913	0.260888651660266	0.383548956759705	0.62924258820467	0.184130214428751	-0.0486374513177305	0.00296566180954597	-0.14422542932074	0.154965746747177	0.0120546392824165	-0.234049866332497	-0.158426947446255	-0.213427024327303	0.141657889230804	-0.20468962478294	-0.111525845979883	0.153913144605789	-0.0233406202054004	-0.23517648847015	0.0447420018778678	SM d32:1	green
-0.00339546389829844	0.0704256292242047	0.22273463315675	0.182843239770056	-0.0522906826106639	0.52236261523719	0.316158692634313	0.390477384535274	-0.157346137598115	0.20894049894911	0.0494657624919658	-0.350822837378712	-0.253524638952367	-0.0903566919959238	-0.0130567402087635	-0.0556885655337915	0.108003283365282	0.107442684114768	0.229728227922619	0.156160990251492	0.536178151101602	0.257409277442814	0.205728455314289	0.313101230997699	-0.385530230294738	-0.0924130535550514	-0.190243381991541	-0.468121001080561	0.101879303002798	-0.121562500573669	-0.132028386009335	-0.333518754140525	-0.281083589180603	-0.122658626048315	-0.262432661241576	-0.371109610474026	-0.0285911835066262	SM d32:2	green
-0.230354592454626	-0.178488702795187	-0.164954927132452	-0.174571884244382	-0.0539995793526152	0.061773210581576	0.0484861131820784	0.070190967737604	-0.114741025030454	0.107736441856752	0.130478076323677	-0.0370551946838681	-0.0965361873829141	-0.0754738739133957	0.148533806646006	0.326051243556136	0.471221683926804	0.118736729685753	0.350256839351663	0.693371386262019	0.70351921160082	0.306984413674668	0.0751193146694378	0.167486982887003	-0.0353242710764727	0.164550430474863	-0.0439698693818257	-0.00391688179450496	0.0845663637265831	0.0263500201667876	-0.000980094621191704	-0.223445978241243	-0.258501427765588	-0.127891622908213	-0.194839089673342	-0.357861188404704	-0.0183603655066812	SM d33:1	darkgrey
-0.332452049823674	-0.222540013936683	-0.0249371277995158	-0.0464742561778585	-0.0848428006783963	-0.136429282615168	0.352173363289639	0.0563198219646371	-0.237016971619779	-0.285974835489845	-0.232140934258513	-0.119895949902604	0.338697785788012	0.236007831043303	0.106465713515718	0.678949204120777	0.404505910725828	0.437713693005389	0.747169156105114	0.264739202083424	0.224948082680565	0.345490033719859	0.182592787496886	0.174151771607813	0.105972168187575	0.513041455537258	0.454280753121003	-0.0161098617574232	0.184195673297061	-0.0448600125045933	-0.0302687559582159	0.0586020005715296	-0.227461972584321	-0.177913165559733	0.235532284689359	-0.122629500547206	0.384358378959035	SM d34:0	blue
-0.377178876958896	-0.288401979647843	-0.0123127079888533	-0.120176006720156	0.0736522955800595	-0.28449265128175	0.404278264484123	0.106636609402866	-0.212818556389788	-0.270976995280702	-0.182942650195305	-0.0170594818098577	0.353293454417658	0.287087848426059	0.273429397426506	0.902200873971346	0.502660287346459	0.385408021871452	0.675700951872718	0.411093904312075	0.374284320656388	0.405529318028318	0.146714323601636	0.0865723978276804	0.037087479455279	0.435430484440093	0.359865906129038	-0.0535639846251436	0.144329429570553	-0.0625597223237433	-0.036267823195238	0.120260070003569	-0.180331752221497	-0.134064398461689	0.140627609258417	0.0410749364713363	0.579406975415946	SM d34:1	saddlebrown
-0.278321386571026	-0.0163910944990813	0.237972445334796	0.113789450189267	-0.0567488863581179	0.0136962637781636	0.191189896060333	0.404146733579941	-0.0668395172612481	0.256002556875505	0.169544225912167	-0.1480698603207	-0.196045161623902	-0.0617434727809146	0.154564293875195	0.287013465551595	0.220089334630427	0.277120396577048	0.50337003629712	0.495700205222224	0.579880692887581	0.283607176603403	0.259391404125677	0.416774977288694	-0.252853398562818	0.00369090047441251	-0.0615236941398417	-0.143927872691573	0.198674518173307	0.0673359850568953	-0.179446780351053	-0.232985774028268	-0.385098446655348	-0.277898773469372	-0.165824010150642	-0.225102463279621	0.0278286291208995	SM d34:2	green
-0.411782627341028	-0.141164890519171	-0.311262406101987	-0.313798180175273	-0.0388334452542351	-0.14768515352571	0.016979154689636	0.0509765993856661	0.0742876615518018	0.197133796068058	0.20173061911637	0.138024277376455	-0.0453079657405246	-0.0547761464425375	0.137645454972205	0.366044701106608	0.411233884837937	0.0926141821232197	0.345452812340141	0.817286936794736	0.63714114231228	0.12115788790783	0.0825800278977682	0.232227292123524	0.0276355605698825	0.160861732282769	-0.0916116825196679	0.204088903543898	0.162557804120443	0.245273602318707	0.0549471451415538	-0.0887276607893004	-0.294258037627358	-0.0956855344035721	-0.302095353108426	-0.350644269001985	0.0134739443041053	SM d35:1	darkgrey
-0.216195270817394	-0.124453450006664	-0.205843483682574	-0.173152856082065	-0.0291003621093225	-0.00276896160626386	-0.0837536510623583	0.154269399231522	0.0445658137273002	0.257676674527953	0.170497558853621	-0.00794147905468443	-0.213534544708447	-0.168505448676942	0.0400613540715141	0.190563308227782	0.3892594372248	0.134162014234687	0.18521119340939	0.809598239550869	0.648672846820184	0.0584937120036454	-0.0214082676333096	0.143640232300522	-0.0484527308310133	0.0508288589571724	-0.124371558638806	0.029745322502943	-0.00113258281321031	0.163523758321421	0.0668687634414779	0.0423607778888901	-0.0719503311850268	0.0372846994141483	-0.240321830750642	-0.220744089196397	-0.0448597734388512	SM d35:2	darkgrey
-0.234310193175793	-0.038300979220357	-0.0313785592726802	0.0216299172573974	0.1267597145276	-0.192510598962105	0.161389841818009	0.156016018804986	-0.0178310021585899	0.0313649580839465	-0.0124458919527511	0.0593419077863378	0.0537116889131632	0.0521067433789762	0.117408906308373	0.569658010213986	0.486064012194506	0.36207143743969	0.458442516869663	0.860032914594004	0.547373493432537	0.210317137174516	-0.143460513907322	0.0508345570076391	0.0229177846967988	0.255771288808444	0.0973828418378144	0.0251200296507211	-0.0490021081378742	-0.0222414592395802	0.154234749732341	-0.0257011920364776	-0.231069953644913	-0.0920169186096706	-0.13219329145412	-0.0900175412794883	0.158005197511809	SM d36:0 Isomer A	darkgrey
-0.112773083819454	0.098110373942311	-0.0211375555545223	0.169889691623648	0.200713464101173	-0.0240550364333026	0.0544947100509782	0.177891431939418	-0.0132129185627633	-0.0317870046287101	-0.146979159114009	0.0634914223905291	0.0809699233841521	0.0368628874748266	0.00213825640871238	0.291211644766908	0.363567357672639	0.338401993533583	0.297335045900254	0.404877987269898	0.252177426452398	0.0159516379527937	-0.259284911970302	-0.125630398053706	0.159653174626456	0.201167163512003	0.132105312403429	0.0893511409959796	-0.167266491674252	-0.0750544530272061	0.184195015709169	0.00610300547127871	-0.156879003131688	-0.103271487750101	-0.0290040099015412	-0.226509504079601	0.0666048316412042	SM d36:0 Isomer B	grey
-0.282713767589728	-0.057204758807504	-0.0399304699300083	-0.011091638921207	0.0913814219271254	-0.226713909659588	0.172991188282667	0.170627891748333	-0.0190721387512717	0.030485056553611	0.00182172333933132	0.0633119421918859	0.0606535799639033	0.0500317421054256	0.166770344568271	0.594474880598182	0.518152369384304	0.365271029994521	0.493089799836477	0.866731713632171	0.546199652255603	0.219930825500402	-0.105500481816658	0.0810530046702597	-0.0015107667943774	0.246168235722563	0.0786846542061564	0.053490236440447	-0.00569094580841562	0.00405117497866177	0.131734448855579	-0.00963504922889513	-0.267000249597517	-0.12345768297312	-0.112395782674723	-0.09371161162497	0.183518660077605	SM d36:1	darkgrey
-0.235649596982226	0.00518189005667515	-0.0376254401363926	-0.0487338144225908	0.0593091161251305	-0.226059193441262	-0.0873263315298544	0.199361968698199	0.164595156490357	0.33593919590945	0.270148669509983	0.144350630594481	-0.168913076139901	-0.150523559107035	0.073783123280123	0.204893481401022	0.244647056802623	0.193606038113212	0.170476505037526	0.856089638017404	0.442272580658025	-0.00343440886177102	-0.153249704770744	0.224781657207102	-0.0212527064986146	-0.0361409295192892	-0.197368840207908	0.135823849195795	0.0254333510889203	0.182077731029021	0.140208734476285	-0.0172530336014452	-0.28737213427322	-0.152443828850561	-0.324324878372017	-0.152936989722927	-0.124470735655504	SM d36:2	darkgrey
-0.184729080500965	0.187553645254366	-0.0182003447095271	0.0688299795452206	0.110872545121126	0.157209225011996	0.259319979897205	0.31743129621626	0.190445333732866	0.358517155988822	0.233857282372384	-0.0931238934562194	-0.29045358947232	-0.137359661548554	0.0916117440804475	0.166030247346171	0.266669244997795	0.0581966721242483	0.216120611685154	0.709748937226705	0.76548862764239	0.100586759723478	0.117101353740114	0.311252780069292	-0.267273934689141	-0.10126523233673	-0.205642276785078	-0.152517099775701	0.0649677705272662	0.0729516456230882	-0.014805819160812	-0.167934688849031	-0.163124205334987	-0.111300261724017	-0.33731657975619	-0.451977761611481	-0.00213883568803872	SM d37:1 Isomer B	green
-0.120669033120774	0.189058434304536	0.204899421901443	0.249366392903283	0.227694436440996	0.121977693562616	0.455044363246377	0.566688744646521	0.0389402063591287	0.195597774070302	0.0539252491122988	-0.136920322773889	-0.182139755991639	0.0879145737540542	0.152968749485767	0.33937246181417	0.408307547143156	0.196093812351586	0.560118052337312	0.623336985312799	0.872141095669025	0.234948992588103	0.334001749363086	0.34847957833973	-0.330169830050422	-0.0483835760277892	0.000535385734968307	-0.221775465615901	-0.0841622763118532	-0.161783982780009	0.0525808573993565	-0.292547631677321	-0.186224796351277	-0.12008913171614	-0.0103676450667593	-0.361700062725822	0.097937877525102	SM d38:0 Isomer A	green
-0.050188348805462	0.193355008192169	0.0666462618371867	0.293935144109448	0.170575285154335	0.192015032377702	0.330714457799637	0.296282951072521	-0.212930852992238	-0.152649848708203	-0.284213896335191	-0.213128718580657	0.0411532775932598	0.0505474639737891	-0.0673598511365696	0.246124695598564	0.41037936959997	0.316089415411144	0.451528950398291	0.246733426728675	0.374467202214244	0.137034923384822	-0.0907800358328089	-0.0681884535531852	0.00567704068490127	0.172968056267396	0.195865842440489	-0.225856525039401	-0.160252993659554	-0.253883861538399	0.0959035084167625	-0.100661616980501	-0.057692851594081	-0.159479189892772	0.188285786437019	-0.270143708607056	0.19191007042001	SM d38:0 Isomer B	blue
-0.158122967046099	0.217800199799504	0.234343207813781	0.224896678306713	0.161193555829845	0.189842050170259	0.413379888660869	0.544817401238889	0.0725693254584278	0.265610764529229	0.183319948325607	-0.166939285543736	-0.24394971756937	0.0242748635414412	0.143660289291039	0.222855010360008	0.360401074159013	0.171704049810452	0.530001249498346	0.543065878156585	0.858510981378589	0.300026912698502	0.39651981089072	0.433483864569587	-0.383560509254639	-0.102596691232178	-0.0970900760592861	-0.213070687880867	-0.020272845789839	-0.151471062577151	-0.0572593190257836	-0.37942363565281	-0.26041717033558	-0.167179706653733	-0.0591641403379448	-0.450403525092361	-0.00702899359120154	SM d38:1	green
-0.259080927518424	0.0309983453527429	0.0355775799915332	0.0640068130794481	0.0436351859763045	-0.203577928594046	0.256738289577648	0.357322177913845	0.056194882226038	0.198472551880235	0.0873812559350899	-0.119258357771009	-0.160487988824934	-0.132986485080895	0.0492374676278221	0.45525457209006	0.285911319152346	0.335144383147038	0.399416662505054	0.670366114792427	0.503713321998399	0.119538047169151	0.0523001403389301	0.319417431020252	-0.164153956958066	0.0625328840404598	0.0112488918518506	-0.084071069638363	0.10826110824034	0.0034783768968603	0.0847185762675251	-0.00647072035830365	-0.133944981463346	-0.104677497274121	-0.111723488658552	-0.181652782265231	0.157373622069943	SM d38:2	darkgrey
-0.224421769098045	0.127901838852	0.0364476181793028	0.169954069736878	0.0683926593907914	0.130131490649789	0.209847906266133	0.276788633205943	-0.0150350574890941	0.190279455699848	0.0204365124554686	-0.162578603967844	-0.15619480186564	-0.0780616169375922	-0.0657612356951688	0.194741782687054	0.361325025391436	0.358403463785642	0.138968304584048	0.421642641160173	0.411715252507235	0.0780273604170602	-0.138167989683831	0.0240526984859716	-0.10401605150386	0.0562055657279437	-0.118707645397383	-0.153449324830027	0.0269986029178774	0.0419100030734237	-0.00193812371349064	0.0113361924551023	-0.144035377374466	-0.128304965573406	-0.192188770946589	-0.239241219695119	0.165955634111327	SM d38:3	grey
-0.054082964667182	0.0614427610169799	0.0081619625040417	0.0722692214530307	0.153404429671563	0.398822950188642	0.443352268309554	0.394932367280848	-0.0452673822710506	0.169267987299262	0.0737924399407866	-0.244483547883424	-0.225755209009846	-0.0289975765037765	0.0874827369807676	0.146417853249825	0.411168736455625	0.0202960800670193	0.349404203067504	0.423635884272346	0.869973599660676	0.253239742863305	0.251470544224344	0.266084400255169	-0.364714927791975	-0.0211009031828794	-0.0738021424638813	-0.372981517957421	-0.0738781243036596	-0.187091230219717	-0.0190949610016617	-0.195252146418806	-0.0654340288363407	-0.0287252173132992	-0.0440863174844314	-0.441663515680173	0.125286296294775	SM d39:1	green
-0.0478943288827599	0.161747329138084	0.0794002291356216	0.151095424878906	0.176085219495079	0.14067377608066	0.14956196858699	0.406844990212394	0.176425980946151	0.42577839195017	0.215316146248286	-0.0731142464094121	-0.368366307874608	-0.138954241817464	0.109091614522224	0.0957815448495179	0.183417250762186	0.0533632871196418	0.154678389672499	0.679887693347582	0.688539208136448	0.0757643139281356	0.118358652435213	0.307267706147654	-0.331305328868265	-0.213125148433847	-0.231492646336941	-0.132521384848318	-0.0489573563728948	0.00321819930714789	0.018042978009664	-0.179041368034808	-0.0781572732655766	-0.0388523604697959	-0.289085427376745	-0.289978279996488	-0.125685398904211	SM d39:2 Isomer B	green
-0.366570849912279	-0.0727691063982941	0.0334079714713463	-0.0378713904897501	-0.127759456529764	0.0314947405737949	0.275303483641951	0.266116907179894	-0.165689780226712	0.0708679157149902	0.0446897556689213	-0.0876741616147289	-0.0217218917665788	0.113804306992443	0.230548479722673	0.349329873031836	0.460239991182499	0.309102976567123	0.806310976274709	0.349265268441823	0.599172044510763	0.452554622324784	0.502809084716883	0.42640689971881	-0.208881213141839	0.112040056504879	0.0164787649798558	0.0108222309026689	0.263110020865038	0.0411394600013961	-0.182184195597737	-0.344881894040655	-0.402631258697365	-0.325747762747887	0.102835904551166	-0.312039602938988	0.0494130690368863	SM d40:0 Isomer A	blue
-0.17383983569354	0.00387132196775675	0.00867267651623404	0.113112614411828	0.0434370333075711	0.201841711997862	0.366082083988399	0.183791188211733	-0.231451901933999	-0.233345561245404	-0.345410584487101	-0.174741151839482	0.207477578627464	0.180864644084094	0.177690950990817	0.378132921086278	0.466509539768235	0.391615773127453	0.671737122285083	0.150572783350282	0.321576667518414	0.219277020183826	0.0269458560321745	-0.0529867397345333	0.0579940343031688	0.342198787907879	0.36264093956057	-0.145762919598796	-0.0902826541193242	-0.254239123242144	0.0671654478708471	-0.00473748240759916	-0.0922430478833693	-0.195057867590139	0.311795529332928	-0.180990146794486	0.194156717117188	SM d40:0 Isomer B	blue
-0.343508101257364	-0.00947957068914076	0.0661099001995679	-0.00842597478071051	-0.135542936642371	0.0511144062294836	0.280603604018124	0.263043100927859	-0.125603104858582	0.125120481642132	0.0964136269799731	-0.0832864749802404	-0.0413192278608425	0.0843689368269599	0.215952519314656	0.337844886476134	0.448168032404297	0.297389128584959	0.801427362839234	0.374123645589896	0.608570064529054	0.422480224238839	0.476415606673288	0.475889982461795	-0.208620236128903	0.0834248351722	-0.0105588767139844	-0.0082602381529935	0.238325811846817	0.0188066805249707	-0.182698992970302	-0.375841644433595	-0.415091517305261	-0.35533193120395	0.0957864537229955	-0.348410407782619	0.0211066389409221	SM d40:1	blue
-0.317098921494989	-0.205721936098688	-0.0769132426532659	-0.100961213041358	-0.0276801496429528	-0.0431674926021609	0.458639150697319	0.178028599221809	-0.233686789424624	-0.229007505644129	-0.258273917663181	-0.150062230645946	0.229595315822542	0.177752513928158	0.0379244729595544	0.632187940618093	0.631391591160317	0.40862667032012	0.700436278285988	0.264903281013782	0.411045983539303	0.305849297018883	0.169607132617764	0.0172179957947965	-0.0347863977097017	0.398460504688754	0.360552479045108	-0.0892778001877599	0.0815700645031108	-0.10888455588717	-0.0376604451585439	0.069123557135809	-0.133697183263906	-0.129978957089927	0.228389175952239	-0.0546127006069499	0.443208083935465	SM d40:1 Isomer B	blue
-0.199199587206681	0.14266198724932	0.214346882867517	0.034140035725308	-0.104881870898624	0.0824020129495404	0.232972368167502	0.442460427022067	0.117999489280823	0.440428380685632	0.354606116056232	-0.156667669389717	-0.38149208278779	-0.140374375329706	0.202896124926709	0.108117152896709	0.18198807541952	0.0736770223333099	0.436536865072554	0.432071777575111	0.673569612885982	0.170795995472441	0.480970196867729	0.639049874014215	-0.417342458162398	-0.246434323866476	-0.305139471992099	-0.120189591010209	0.21105299724234	0.104718031202779	-0.20413420292869	-0.356982808066187	-0.327040784806832	-0.186469442798509	-0.14086596501432	-0.429201749689055	-0.114805649178319	SM d40:2 Isomer B	green
-0.167031765969682	0.0367171842105888	0.0288622014158565	0.032164523680017	0.22540649157439	-0.0461605431348713	0.450046777471061	0.375581975337111	-0.122791839260889	-0.0589424759634421	-0.0973526763297952	-0.133814019866327	0.0553685589264451	0.142857495666457	0.160125413850809	0.553305291736625	0.481055907162522	0.206599486229891	0.627914851063681	0.586951548065694	0.719618163241149	0.203725116204427	0.087841264088931	0.131110574136349	-0.163956679673524	0.181816915342559	0.203263313345243	-0.173924352284548	-0.0549927875704946	-0.203611651931862	0.195719528161508	-0.0931757699558095	-0.144868523591592	-0.0541480682804422	0.0736465129274489	-0.261446097778229	0.310484475097986	SM d40:4	green
-0.302068135115233	-0.118308144608668	0.0106876311612281	0.0423779167644465	0.0545520034761866	0.143982778568204	0.4903458125245	0.365148256958842	-0.232952391069252	-0.0751229168217411	-0.101820699036989	-0.269140983822239	-0.00510764916526811	0.06823098669082	0.150297405998645	0.566729183474413	0.582871102723627	0.291854984031325	0.710753475301739	0.580567916366849	0.818272606620749	0.394441623105079	0.267578643206566	0.171940619112618	-0.267728814078586	0.21280788319478	0.0902810620918758	-0.321179333320804	0.0187943654807697	-0.172730352271589	-0.0285213355592432	-0.0717922281897233	-0.192263873728397	-0.11426023496438	-0.053407481754338	-0.242063024897506	0.337557010197272	SM d41:0	green
-0.296773296329785	-0.0572555552781062	0.0237739767600244	0.0892579548049764	0.0285618015524922	0.243538450928186	0.527212801864229	0.369708932157474	-0.185091785020839	0.0215743770511952	-0.0568146493823812	-0.259039215514168	-0.0510065302593124	0.0625422749452497	0.200173401093339	0.495861449590218	0.555777612418762	0.264967044990145	0.733006408597009	0.527661473992675	0.828668746002689	0.406136526614668	0.348054365819014	0.286817365849652	-0.28713252764984	0.177710945435918	0.0689858228481995	-0.319800466463645	0.0351083400941561	-0.196144809045773	-0.0582994153123944	-0.144589827678947	-0.190506027147074	-0.140057246331603	0.0100903552496027	-0.330508202664165	0.268091635365109	SM d41:1	green
-0.0755823160740936	-0.285962249269645	-0.18165102456755	-0.199108812904521	0.0749093298692902	-0.146602889633253	0.211216725747807	0.219978171094267	-0.286915280809494	-0.146302899615383	-0.140896254124944	-0.220697400293093	0.0206754473613266	-0.0231802184330235	-0.178019554648674	0.266118118628273	0.409827591310195	0.140001513233227	0.240781324250414	0.384297331507786	0.372603802347503	0.124574496672817	-0.0140238697015083	-0.110298307966309	-0.150778578569091	0.200140395208323	0.133715832094002	-0.136248677517757	0.0561011304674771	0.0373923756167313	0.106021240075768	0.216241595323253	0.0129163436767881	0.177845839842694	-0.0677335671631293	0.0404850959509691	0.341735489655601	SM d41:2 Isomer A	grey
-0.212240390460326	0.0301246106548319	0.118045187279666	0.114407723793084	0.00622889351201011	0.271771870911562	0.405939703184662	0.494179334477001	-0.0353678464466931	0.270028061573476	0.129333338898449	-0.286299809134558	-0.325933581945881	-0.117374813868174	0.156689216148759	0.275145505129947	0.416337868761861	0.252060078580365	0.494379708172673	0.613445326296875	0.867665035164691	0.308060902727813	0.314422866883118	0.364059480995928	-0.396193261246455	-0.0458025033877079	-0.171993033488387	-0.315086987275215	0.148983175225372	-0.0142820305043888	-0.16523557957699	-0.219067882080665	-0.26906232029013	-0.220712345296166	-0.293886803521641	-0.462350842507475	0.0724796139171588	SM d41:2 Isomer B	green
-0.440081959674898	-0.0627754278752826	0.00771328840125473	-0.109405311616552	-0.227440126881831	-0.0790137015438355	0.240717696482154	0.0109878682918276	-0.155216741888955	-0.00766775778608232	0.00794475101309103	-0.178343422872574	0.000287826753177867	-0.0310480961770407	0.355280723264887	0.408567026619507	0.353813117983047	0.331397173206935	0.819666909362448	0.162766011754252	0.356946637346422	0.453347301122045	0.452746520246803	0.404428968143672	-0.162591984958281	0.156714424079669	0.0667063975038556	-0.0425465577266912	0.366237310419078	0.0557868436591221	-0.27389833816137	-0.285986568897104	-0.390179825029393	-0.353893527746367	0.152497504611097	-0.192322482339256	0.0102862859689699	SM d42:0	blue
-0.355476116974758	-0.272066451143991	-0.0592692960577952	-0.146108428629184	-0.0563349198208555	-0.156554518594159	0.352971717112343	-0.0900046572815401	-0.21998056968356	-0.289379691378003	-0.275609103743951	-0.160628256839317	0.185806399996849	0.0831278988092283	0.206677543484246	0.747204590745354	0.464221667787962	0.386388665957441	0.798679774360803	0.2102847491605	0.338641110558303	0.378949412239583	0.179781266161545	0.0793538028191798	-0.0147563365459674	0.46658736676927	0.381606066176043	-0.0521313743745519	0.250852509194307	0.0134800618549025	-0.0466088153300133	0.00219623182615063	-0.175497097686028	-0.159100153743022	0.173306110753274	0.056281426400982	0.327705743864888	SM d42:1	blue
-0.270957087923865	-0.0531612995703826	0.161524441937483	0.129960659161279	-0.0256691733315801	-0.0278226365366071	0.488000598863897	0.272693916142035	-0.224673008200235	-0.284469492891566	-0.307531488829412	-0.292597911645027	0.163776938806045	0.120634767249588	0.0274518064801628	0.673525959074532	0.359737880072157	0.59751361136373	0.655872074115915	0.054868322715575	0.166583641386844	0.353113856667505	0.104008024835471	-0.0501179577577846	-0.0833290828985608	0.252854989210813	0.224460741433402	-0.259448404287648	0.266723111197138	-0.0808012061897972	-0.233513287371663	0.02057879412964	-0.268913559373631	-0.360858049181794	-0.0452677472288999	-0.0643971551700478	0.528196454260205	SM d42:2 Isomer B	blue
-0.463284945989265	0.202873224471535	0.270318062601344	0.103535832391885	-0.145002170352612	-0.144065208858991	0.226913831211417	0.343773587528579	0.218587093872539	0.385152833224047	0.305513372286802	-0.0618061791644955	-0.184923678698022	-0.0653542227865031	0.18355368345767	0.359678764854498	0.187739864567176	0.504489123127344	0.566147282894752	0.355893887979368	0.336823123016192	0.264666997318677	0.322447418691596	0.546000234373201	-0.218215806682058	-0.0639508196873078	-0.14276089184826	-0.0122894639368733	0.370441873653143	0.206566204788209	-0.36766127396144	-0.295766138587036	-0.557608651168727	-0.499939030361513	-0.191588694268347	-0.290366112096966	-0.00659359942094093	SM d42:3	blue
-0.155212823668353	-0.151623729325783	0.0175007899073669	0.0517820349934796	-0.183307315226749	0.0823660062594468	0.360367261770872	0.167558193356303	-0.249035398657131	-0.0394359549722622	-0.100040844185092	-0.223781619598662	-0.060172041602313	0.0579916993222645	-0.0188492153804272	0.445942556601406	0.335102294779261	0.268753927846816	0.518407995583511	0.383761306235662	0.542882772307231	0.253780600972908	0.229940506212168	0.182454819060712	-0.166611414383951	0.163934436122546	0.0382062866512241	-0.219515245828968	0.183756267454975	-0.0320714530754716	-0.00873380429346468	-0.0818615330517698	-0.0951554724498948	-0.118473954946278	-0.0573802977581425	-0.0975080750896089	0.220718683252082	SM d43:1	blue
-0.40431182198542	-0.221053225307072	-0.0748699441055379	-0.0574398178640569	-0.115589060802207	0.00244676117892333	0.519972562730209	0.187542995507204	-0.299181714167837	-0.18204241714242	-0.177988530973437	-0.226128717602032	0.112644749351654	0.14118549151105	0.222272470879825	0.681977177534046	0.544150183203877	0.37897848821658	0.850618063141441	0.424068007496785	0.594648124865121	0.493320825009516	0.38220258908761	0.299986006554401	-0.191224669251982	0.29835107012638	0.130383710644602	-0.257491696740349	0.288463418377145	-0.0625850879447652	-0.130522672856957	-0.109257456147327	-0.257044442402804	-0.229269494311241	-0.00210623995061928	-0.174941929595346	0.397317670920783	SM d43:1 Isomer B	blue
-0.285120293853811	-0.0712314573542812	0.105414335205563	0.132313999404949	0.00283356540243705	0.00729372391628087	0.498994512644539	0.180094653416856	-0.295167785053209	-0.2213205615159	-0.259986058212745	-0.341221958055678	0.08941591190436	0.149238823733885	0.284399824131723	0.632697160864508	0.479812220398204	0.478312175045877	0.867791797215332	0.205568275989228	0.441639766286855	0.518382784271134	0.32182216117862	0.15105848691517	-0.213071068663583	0.297923864989714	0.303040689761044	-0.285931990003531	0.236980647339508	-0.059681530251968	-0.147137522566728	-0.154309324433865	-0.26315767095038	-0.373008900001851	0.123530304321464	0.0236022172974715	0.332226690658744	SM d44:1	blue
-0.107554235079579	-0.216625049795974	-0.0307265324111938	-0.026287629149194	0.127982762719703	-0.175068282800686	0.219787832190457	-0.00535570270021589	-0.262119495989573	-0.492076661223471	-0.446943766889334	-0.0638717731966322	0.357156295751073	0.318854789495616	0.106989469900079	0.551311961850827	0.147139759946144	0.243323971319884	0.319805656708707	-0.0683101856249411	-0.113288506453426	0.193359321032386	-0.0496668136958622	-0.30367203959301	0.0682257288177587	0.316913500366654	0.367556573614158	-0.00845727097289182	0.0222055728826069	-0.151989311574852	0.120803728240282	0.159969420792569	0.00883252984332708	-0.00229326846545047	0.164338488924129	0.408145228649476	0.444745355228985	SM d44:2	grey
-0.286654046252768	-0.00336272749185219	0.183732416277268	0.11195599567298	-0.172606812277977	0.0546587803957835	0.380076067602615	0.140316378683535	-0.193556356178945	-0.135564240152377	-0.147552061526632	-0.356272815680666	-0.0151419575301384	0.00466680428459715	0.315790573679453	0.454163479353493	0.225486939631198	0.481663651123365	0.773770723359586	0.0224108457297434	0.222306196673469	0.464594997774191	0.409835736396334	0.238983159159262	-0.220890704813827	0.0949047380180317	0.0761716747066222	-0.257203814075571	0.329810544425348	-0.0699463228092564	-0.356790664074874	-0.223006254057057	-0.317977544296179	-0.42260667334004	0.00230825538225356	-0.078168389796598	0.124417169741419	SM d44:2 isomer A	blue
-0.0768032818100855	-0.0453830193873935	0.0881953186603613	0.17209188168147	0.0912591936965682	-0.176110159619661	0.359311175373922	0.133931704914847	-0.120843478874828	-0.346772987018298	-0.317640758351023	-0.0920438774463708	0.195111436205523	0.222010488324189	-0.200893918863768	0.441600149768293	0.22688867957136	0.456619394696655	0.459021741998741	0.12915805659327	0.0661042415938182	0.106409904474835	-0.0816360286642203	-0.113525001075129	-0.068688461776301	0.236448863572835	0.205436716332168	-0.0846605460785458	0.140669317331296	0.0210272361122637	0.0044807194643331	0.0940691912619111	-0.0911906568008018	-0.155678355378467	0.0492927086508217	0.214621824164959	0.475955993723245	SM d44:3	grey
0.0769878071717788	-0.243960533004596	-0.0394348092734752	-0.0985566042530739	-0.154837162532093	-0.20538638163963	-0.0934403828148713	-0.0603551227996999	-0.0696436953121883	-0.175287698520504	0.0108942129993269	-0.0981875800556888	0.0521286604637958	0.0484377589156128	-0.170011373143469	-0.206008973290581	-0.170688372282154	-0.0862403272390983	-0.232939924013404	-0.201373783612232	-0.2671011023359	-0.0904112933889576	0.193709204794909	-0.0576188306836332	0.000204126543109888	-0.0936238927908068	0.0538924749971729	-0.0311447387380628	0.0583499369882332	0.138730734255878	-0.131614518363741	0.404248013422202	0.167859024726467	0.0702813351133314	0.0465276855289263	0.365591202538613	0.215646280282427	SPB 25:0;2O	grey
-0.198444293803299	-0.23304000051628	-0.246820545642124	-0.348900696539736	-0.175420962862052	-0.535301268888654	-0.253081216178583	-0.261264061310432	-0.0141821411369208	-0.116781476462423	0.0999999424844402	0.213509373237911	0.300758594317732	0.0559700451291355	-0.26915091694596	0.0262923323722694	-0.187674587985491	-0.090467614550958	-0.0963198523218421	-0.118025576225904	-0.437099960354049	-0.233690661934852	-0.147868603744655	-0.0631612908781949	0.274969688932637	0.135915006447234	0.13429062378669	0.332204522633216	0.137536679014803	0.28834248665942	0.0105277981134494	0.451881293690006	-0.0332390936054066	-0.0897121925538294	-0.0156801691473192	0.37894914502181	0.272927894992599	SPB 26:0;2O	grey
-0.0067197567158229	0.150693026395488	0.337868770092193	0.489455218717975	0.252896797945935	0.194683459063322	0.629655763916157	0.918369031570493	-0.261941443279566	-0.0967535339130448	-0.227633746157775	-0.480196601350099	-0.149550773185053	0.0302494525927567	-0.121915074127912	0.224870964102578	0.201794621696226	0.263376287776106	0.398944610567476	0.269694469151632	0.531915117424814	0.190292272881932	0.282896353827223	0.0842245463402039	-0.424805031235555	-0.191387137741748	-0.0399859906361045	-0.565918629745487	-0.101364429873219	-0.322388285986394	-0.0484071152298432	0.0189168845507121	-0.124895090168325	-0.253653328048871	-0.0925556669099852	-0.124168508994458	0.535589277602663	TG 10:0_12:0_18:2	yellowgreen
0.465035017617093	-0.10703300497014	-0.266198328837401	-0.0091535027093953	0.28496786640426	0.121067107001183	-0.217547557069432	-0.0189059530311829	0.0315626375170737	-0.0496938296676094	-0.113390415876473	0.0115661934580576	0.0122685219758157	0.0870993355328626	-0.125286378649344	-0.207319767543175	-0.163507680599316	-0.232889950116891	-0.350595994925874	-0.0183298136487791	-0.0768074703173694	-0.213102159551522	-0.137911967202148	-0.320000788273088	0.00680289935388437	-0.0523710979919848	0.169689423732808	-0.015309072283262	-0.473235615197342	-0.225756514245636	0.349730223923201	0.500965316331157	0.845615019615271	0.592647131789691	0.237419288220982	0.339055529749946	0.0341187621640101	TG 14:0_16:0_17:1	lightgreen
0.442335009977832	0.408835122266324	0.945301320011485	0.675992850438153	0.0877349266310176	0.124884403894703	0.353045098312987	0.416193252780127	-0.0597664937620469	0.136316597462414	0.11107513495152	-0.333227263386483	-0.273604410045004	-0.0680747465908735	0.0558920103959224	-0.0237069443202251	-0.104091657840129	0.0407291012608844	0.0609345970412533	-0.191545169290176	0.0293842893753361	0.182244852626181	0.294642463129946	0.205152355817336	-0.47800921027352	-0.408269260144376	-0.159080004063678	-0.491526012605926	-0.189421232019538	-0.358903840067061	-0.434895719989624	-0.416722020093126	-0.168251328987561	-0.18930999952004	0.031002555446611	0.164213424523764	0.015306703143774	TG 16:0_18:1_20:0	lightcyan
0.145414125741769	-0.265530857918055	-0.233382280776525	-0.174308749367806	0.201929989896786	-0.173757687204794	-0.147455670439383	-0.122265784953865	-0.124852388148081	-0.350368345315599	-0.374226383016395	0.084216967063825	0.218968961042403	0.139638774853919	-0.0532369644797943	0.00722777229330681	0.00460430150135006	-0.152051156300181	-0.241061661831083	-0.0570854046234045	-0.176994049938224	-0.277144320456132	-0.27987470323046	-0.51485710020476	0.175783181106476	0.13136003827909	0.219324151844643	0.0854682863761806	-0.313695639773157	-0.176088051463803	0.402964811917408	0.577776811523423	0.608373198160776	0.814015207184666	0.278500516577095	0.433059338082159	0.221959575214092	TG 22:0	royalblue
0.067231508753482	-0.216318129609479	-0.0856791071301222	-0.139540040903188	0.0324623684036818	-0.330221432884354	-0.244636711829129	-0.130404643836178	-0.269330640651285	-0.30339162239241	-0.208180915034003	-0.0213712580911749	0.117552823364621	-0.0161652720113999	-0.146506873623616	0.0990338545896459	0.000381500294007894	-0.084217025216843	-0.241174564857869	-0.0826603120441776	-0.237548924786997	-0.161088251559632	-0.274538459871623	-0.44841733148853	0.169558405615187	0.104468713877709	0.118975807798754	0.175743308745445	0.0291808476872889	0.0868665464970053	0.266276315386191	0.314032273198159	0.168343730161133	0.293088945320055	-0.0100442995545153	0.259710689775854	0.269096441726079	TG 28:0	grey
0.128266893042362	-0.359956577090825	-0.455226052781849	-0.445190800288161	0.150160358281851	-0.222450868445467	-0.473749516932531	-0.314969141078254	-0.000390128036742857	-0.157440184073811	-0.15218453783851	0.36938371262757	0.240663966020816	0.122159235778402	-0.0654169770519168	-0.0979653252581539	-0.106104323462279	-0.305623978101165	-0.33471484935151	0.0363950105051914	-0.187269036767378	-0.391652734778157	-0.341425455583437	-0.461858282054155	0.336098367312073	0.141002653623613	0.147472109848703	0.42753499674622	-0.265564948464952	-0.021295362605814	0.536177377790458	0.47904876582926	0.566695088806185	0.79898132113993	0.121028653437405	0.288493302590703	-0.0489008416621258	TG 34:0	royalblue
0.124135011052555	-0.270773278601647	-0.308275447099024	-0.298045121696497	0.153615562028854	-0.0743329036130356	-0.304416848937578	-0.204531233961009	-0.0918243093210088	-0.18400894605748	-0.178862311555558	0.0403837936832492	0.0448377098369321	-0.00530700287889297	-0.11265558760308	-0.139900078254145	-0.0351548129569493	-0.231391673248065	-0.263944584516931	0.0685591888232157	0.014604545891624	-0.297727631797577	-0.285775054513481	-0.416547130744635	0.141567820994107	0.132576130454301	0.124865523768135	0.133787517676817	-0.244598760668448	-0.0247832223911753	0.475270774353819	0.441271638657588	0.531402871381812	0.867367453292864	0.13311703959115	0.332847422672183	-0.00435339856440198	TG 36:0	royalblue
0.382968478372328	-0.160094110948849	-0.241097179165723	-0.157828999980171	0.299377405193775	0.0414996179596249	-0.265720186315208	-0.15006150721918	-0.0699851973293956	-0.135210197050375	-0.21929227695655	0.118553959829812	0.0351789263467106	0.103931584719533	-0.115856171505523	-0.270734160227547	-0.0606390582141122	-0.30988404667553	-0.410850789757508	-0.0873633691640951	-0.090153235035943	-0.305110625111727	-0.239366776830219	-0.4114450255132	0.104082725330991	-0.00368604704651512	0.117404283970481	0.0730829717718316	-0.466223005709275	-0.199032607112607	0.458901746838556	0.328822685023076	0.670676758666481	0.932132352496262	0.294832326308455	0.329389676319199	-0.0990812844184895	TG 38:0	royalblue
0.596928170860127	-0.0869283797350125	-0.15726169452786	-0.106600367725255	0.25404606404389	0.00974649783701139	-0.281694436368571	-0.184999827647519	-0.0501269833296897	-0.083139161559221	-0.108410561875786	0.111074927112923	-0.0868505529433148	0.0139214452749425	-0.123863805774852	-0.24912759508125	-0.256431617427024	-0.521793451033752	-0.484192543230117	-0.141124529596504	-0.0993515543232201	-0.290132800887681	-0.200647682452623	-0.323329952548827	-0.0427352839215177	-0.116796266448916	0.0453917411342921	0.0260740817925331	-0.41467261156248	-0.169624453125303	0.418804164378904	0.142906033231717	0.690293287867061	0.894371029559382	0.2558384040583	0.28510035349147	-0.0933156810135416	TG 40:0	royalblue
0.317749293397915	-0.221976674741043	0.0537247312178077	0.205606557234378	-0.0052503523189793	0.319435846839865	0.343452011055424	0.205493746514589	-0.507188675489972	-0.403805862155188	-0.543671604639353	-0.158377346377803	0.337865182577612	0.350016368482641	-0.0490951857761254	0.177011548189446	0.350600679966664	0.113721634579784	0.185396803419755	-0.0271743464145742	0.144282158841923	0.275460458539194	0.0327178335781913	-0.278554700107474	0.1433384377486	0.367022063231669	0.52170112079386	-0.322070013980376	-0.31268226609637	-0.512460772915148	-0.014148876996219	0.0704725640944145	0.266163035204215	0.0544159375446907	0.292122108444809	-0.0207289595881626	0.261471788006441	TG 40:1	grey
0.72666496893538	0.191591160138933	0.209353331140809	0.349669293598655	0.358628277296714	0.216465947695549	0.210202901872058	0.0556007569994495	-0.325070311925951	-0.264690203745935	-0.338204972593763	-0.333849731570565	-0.255242413066709	-0.0976030332700131	-0.126441942761027	-0.13649097849631	-0.161119152626803	-0.321587012421391	-0.23268586222139	-0.271319749771041	0.0367824375561104	-0.0142814178915343	-0.112873529038997	-0.288309376391779	-0.31751568813419	-0.203270658317238	0.0504450884623053	-0.46884836210498	-0.398497960525407	-0.384718589426662	0.208918143431124	-0.088930098665197	0.533457011680189	0.500839036063776	0.326107442401404	0.225182979948498	0.130846140117803	TG 42:0	grey
0.653189872743939	-0.104305168153151	-0.0469931534077881	-0.0266731110675652	0.196068801576328	0.0471853635122396	-0.239313003593115	-0.147667801476033	-0.0798499549261829	-0.0582052557761157	-0.135425709361204	0.123765317457185	-0.0878980438682912	0.0362749556495502	-0.0557769387346854	-0.297765005618406	-0.27429643447199	-0.490356347282937	-0.533131748634929	-0.179038097005645	-0.127692882036805	-0.246345257388262	-0.185383427114003	-0.329484819413837	-0.0301372201542484	-0.118657249640782	0.025836894705731	-0.0227110864856694	-0.443194526442844	-0.230602367459734	0.358401785627748	0.0460380416666105	0.668710103947953	0.867578096753912	0.214618583218235	0.338030042723566	-0.140672759774423	TG 42:1	royalblue
0.509877320775707	0.0167540681548753	0.0293108478383158	0.0719162268304048	0.1687720489396	0.00464042042056875	-0.0364685718101692	-0.0638098713692166	-0.179629230384133	-0.0499160218311294	-0.119459343007953	0.0435881650664144	-0.120598804476022	0.0617491111009075	0.0421577339830719	-0.0741892574646071	-0.122842326003191	-0.403843192878908	-0.222928436520575	0.0117521039836361	0.0856907908537385	-0.0459145685326247	-0.0558360377232841	-0.18189394943719	-0.172204113936072	-0.143228029897381	-0.0679226618870444	-0.0988608766595933	-0.307343036227458	-0.240682951720031	0.205454698909317	-0.100443482025453	0.496252466249777	0.661454742794556	0.12115889783914	0.188492330386273	0.0390256116325522	TG 42:2	royalblue
0.521294142836379	-0.187946645576914	-0.222960801567793	-0.0563458133276735	0.191874064313716	0.032906630856269	-0.232678959643127	-0.176377731998998	-0.0207821229371608	-0.139167823657819	-0.175343067667973	0.173929638154503	0.0931404470949572	0.117903368006527	-0.197213789405311	-0.130635585898836	-0.237467091035012	-0.366952503231144	-0.37840425892877	-0.142269695112787	-0.167112022213585	-0.231068850556782	-0.1567107743232	-0.324550639567179	0.0874089291283878	0.0186889672594015	0.200348197103922	0.0924298747170256	-0.410177134823388	-0.187192907499088	0.327063508912169	0.391788479187187	0.860110163595154	0.736005959144396	0.313206089713119	0.284826316936504	0.0587514238611767	TG 43:0	lightgreen
0.824370254197933	0.184869426272536	0.290294870869734	0.395652723188835	0.329498053670335	0.208963664768399	0.15756102777968	0.0690057754945555	-0.163001471057744	-0.138129675056275	-0.18715692343474	-0.219559287099495	-0.323828539098666	-0.0807025666485294	-0.167893805320553	-0.269315518362689	-0.32749829299707	-0.385039426971174	-0.392459840442163	-0.245593555945471	-0.0733068553688442	-0.0487309381908659	-0.0356935954995696	-0.192793099850094	-0.368989942647558	-0.295995779500259	0.00493369374578924	-0.360030240806086	-0.395189343617421	-0.366708064599861	0.15807861992814	-0.107541800328843	0.514287313894436	0.437112142637429	0.183657235640106	0.244062336288099	-0.0223471028458358	TG 44:0	purple
0.541987775831494	0.322216081361406	0.33791523960728	0.512278698096463	0.23295226217154	0.378880279998493	0.533707908117703	0.247703877997661	-0.353747724530731	-0.239174795780631	-0.338955151337547	-0.616597037541441	-0.34263428556241	-0.196826266751666	-0.150578273902872	0.000870960891316729	-0.0737156742598273	-0.117457357532612	-0.00219097026124883	-0.26745199179502	0.150308505518453	0.133588081262379	-0.0152442771945022	-0.169315414024121	-0.496789745575706	-0.213651775621006	-0.0198499784792784	-0.755658280917136	-0.218250127851036	-0.356290268196015	-0.038776613522578	-0.0983614997221679	0.296640858934509	0.116082708384309	0.175434756738003	0.121365177523377	0.350555076857048	TG 44:1	grey
0.637499573634872	0.0302276174295086	-0.0267027117145163	0.0186368103520797	0.284064839137151	-0.0512414175448755	-0.164887888846125	-0.23155086843336	-0.110473253797526	-0.211934884855236	-0.300974613017393	0.117247022487559	0.0313518749268494	0.109802045250716	-0.0152318420396503	-0.26053400283031	-0.256033140013035	-0.462936566020843	-0.436864750115639	-0.37295790203644	-0.277955904506489	-0.359206868553846	-0.233057520269124	-0.396066467497889	0.092769412089554	-0.120697585051485	0.127781934268901	-0.011057832463097	-0.418191799092958	-0.212229736471444	0.255960226835504	0.0788612672262572	0.6670240751829	0.682924184295949	0.347011685211274	0.356493889119503	-0.0743279098709634	TG 44:2	lightgreen
0.508718987113594	-0.0138452374429658	-0.0604557596169391	0.193842785614211	0.378908280979428	0.124460509758806	0.00142006791038827	0.110842712018775	-0.130112740670042	-0.181217054795099	-0.281274288009112	-0.071045574947412	0.102347224888551	0.208119231000847	-0.19281041218764	-0.154275718933453	-0.0898313595928819	-0.148245752512037	-0.277536810627163	-0.215784194643234	-0.083074316765296	-0.13064230653738	-0.128781509468097	-0.384906805331904	-0.0617279021292747	-0.100476887304945	0.25313646557029	-0.22053542202216	-0.496585903117479	-0.35465506873675	0.110364640035542	0.484811749937004	0.825470560284066	0.457145085163097	0.384733939512737	0.36340692371417	0.323345683826414	TG 45:0	lightgreen
0.383623035427409	0.0266275094142292	-0.0736615928819496	0.236770978128559	0.273216185991855	0.278410254613959	0.241419925365604	0.149935840342792	-0.281910244268525	-0.340717513423444	-0.334598786201845	-0.522749692506968	-0.222362020333564	-0.179999074278421	-0.300857955917452	-0.0624620993604727	-0.145596922846278	-0.0560527442129785	-0.122821828955186	-0.174503689514987	0.00946859715165754	0.0281898581701139	-0.0334300779707043	-0.278389228343132	-0.316336275119552	-0.120033777195539	0.0103157696928853	-0.471612035013179	-0.226332794702254	-0.244054702480823	0.212753042428872	0.34084964190581	0.51952849900006	0.303331782729189	0.11341353459595	0.267837644658775	0.374505595313909	TG 45:1	grey
0.943780512645297	0.0077332823055436	0.153009912100826	0.299379098205668	0.235771933935988	0.328024836220058	-0.0463718937942689	-0.0423310064315128	-0.183518592404938	-0.136366263268297	-0.223862249661994	-0.0282995632324878	-0.0718427954424304	0.134348792889597	-0.183916682339272	-0.298038713247141	-0.193531895470351	-0.310101498876998	-0.437013719820524	-0.328880362986349	-0.166588731444914	-0.0431168145969097	-0.129828041860618	-0.29661088731965	-0.142488608357041	-0.140635768126612	0.117272487903772	-0.236467974211126	-0.508009205804502	-0.438219636163604	0.197504330766565	-0.0985192229207218	0.609458426475364	0.485362862699293	0.265820601833219	0.217136873970372	-0.108038932055683	TG 46:0	purple
0.917642218450326	0.16409135373532	0.320106411767418	0.386060383621815	0.216431052503836	0.341478776488542	0.0197162147067154	0.106330519848509	-0.127308598637667	-0.00982898736905655	-0.0830908106200525	-0.163700232440649	-0.25409772587107	0.00955828678792495	-0.0521414439531661	-0.383082875708659	-0.359325407731591	-0.423962930170004	-0.442875374372546	-0.348956545288839	-0.121576968915395	-0.0946499040440783	0.00533117873607706	-0.149470300103657	-0.30521942693271	-0.361318583327506	-0.0804427812877719	-0.351327725797585	-0.440762897487496	-0.423165612191623	0.177271703137995	-0.237412539315321	0.497987135533935	0.449366536127822	0.1593223432654	0.157565133803226	-0.202287696601755	TG 46:1	purple
0.496707493656754	0.00608194952384088	-0.0305092536112584	0.127721723366791	0.260432450826075	-0.0875071352529996	-0.139042068698652	0.0227620698439565	-0.0572621862928514	-0.200628115501475	-0.207538897985527	0.0330049648508455	-0.0290584071807678	0.0249947117354782	-0.102367388325665	-0.176815116247428	-0.322353812246775	-0.306173212428541	-0.435002941634308	-0.108931104400846	-0.189252187189435	-0.276822038187244	-0.26386599943139	-0.370335321749415	-0.000922670831710797	-0.125078473401748	0.0595793788446136	-0.0864366047757815	-0.379664428886907	-0.239281635583829	0.339613716683496	0.261718492848878	0.617321381605333	0.535293597713275	0.18371583586155	0.370415403230409	0.10633792889437	TG 46:2	lightgreen
0.564386698023348	-0.118851570574958	-0.162403105752916	0.0637035139273965	0.385532572960624	0.123684144573685	-0.21107902635225	-0.0574539124497933	0.0226610320122589	-0.11971532873385	-0.212987604917532	0.178878143132492	0.168834275507004	0.2188361567985	-0.251335158513207	-0.215685356837197	-0.105366245292846	-0.223471659732993	-0.423917234404256	-0.113408975857975	-0.125950151623221	-0.224785142849847	-0.280657365894417	-0.485155236382093	0.122014038770399	0.0195061660210365	0.332138467451603	0.0256817332683017	-0.653343253123721	-0.344898165629575	0.322084385136988	0.454505202561057	0.793568970174846	0.514636903987347	0.312774408177589	0.366395683582689	0.049518817546832	TG 47:0|TG 14:0_16:0_17:0	lightgreen
0.173136040582168	-0.259679889247948	-0.298581511177348	-0.0557447219974959	0.0158557479497331	-0.14439601284571	-0.246251836087506	-0.238174787404799	-0.0944001581590814	-0.315818864131938	-0.325015900378153	0.123285146864318	0.211391383790524	0.0977766900312315	0.0385560103588457	0.0926034221523288	-0.145987050061077	-0.103335341126077	-0.120832810760432	-0.0746424748648957	-0.264086332940836	-0.157237783471069	-0.250258844824044	-0.454915361562629	0.220843596107704	0.184557141797434	0.261168070153904	0.179224919728809	-0.181489473772169	-0.107512331326665	0.335326481929439	0.506429855853417	0.69150960765993	0.404489357472043	0.240897702457409	0.382413120742152	0.143319091642345	TG 47:2	lightgreen
-0.000855220821884839	-0.343641501966568	-0.301844348097471	-0.130258948893581	0.20294051503535	-0.237972399528129	-0.0269588033269633	-0.119752336691216	-0.122532715123852	-0.316020170914036	-0.257628383119709	0.182561649741596	0.401136130531131	0.328481012333848	-0.147682774239668	0.130395629347335	-0.06455832385469	-0.0315175032870349	-0.0309770630350704	0.0134734720622524	-0.160972668736925	-0.168309118227569	-0.17773302860557	-0.3798656075789	0.245524114768061	0.192993047876521	0.28682629129706	0.136938239463241	-0.187395277942328	-0.0863815279618678	0.424712581566427	0.672782036414189	0.527062579032479	0.333652938113602	0.0804217217307065	0.498866484256989	0.338617399142414	TG 47:3 Isomer B	lightgreen
0.939301387918987	0.14888811848126	0.457974008437892	0.546632753133116	0.210164901806602	0.359461857701229	0.0997649208523095	0.149878288331271	-0.155598688543508	-0.0325903745627416	-0.17550871530631	-0.124191072152221	-0.16502341884338	0.0803158839071889	-0.0903804225202149	-0.260438912449141	-0.144651366833311	-0.164432878434497	-0.338827705626346	-0.263678178187989	-0.108962468403516	0.0533578690435368	-0.0326348772412468	-0.198900640137055	-0.237375925099506	-0.196978612485175	0.090904535788705	-0.353752874414336	-0.51813968623162	-0.500938365406854	0.0357633614403307	-0.274378951230703	0.422534962369191	0.280444792790748	0.224330999436992	0.175244597841026	-0.162237484929596	TG 48:0	purple
0.910742050105	0.209574196703063	0.415551326988485	0.621121095221167	0.21924882569854	0.553386874265599	0.223505497615786	0.254552012010612	-0.211312883332152	-0.128719789434661	-0.262020158713154	-0.318626322065759	-0.212201515737257	0.080633243128876	-0.153881272385073	-0.290238811738147	-0.143790517651455	-0.181927655626294	-0.297580611883294	-0.341597273561526	-0.00984630938349435	0.0605634005804594	0.0107614228709646	-0.258206036143058	-0.317423079580452	-0.218417004417807	0.0798948621026344	-0.52034059019559	-0.479447105926127	-0.528069051924394	0.0725701872215121	-0.237698454762247	0.444366799643766	0.238577942506939	0.154592509553443	0.109313090365058	-0.064118608484436	TG 48:1	purple
0.869047071541902	0.359172395465321	0.453971432280181	0.663200719112443	0.290284159563471	0.490667267631458	0.187603032403099	0.305289480331256	-0.152140756495646	0.00959770097687004	-0.143996457325144	-0.298364106604129	-0.290058275201214	0.0305071693123537	-0.0390699009724384	-0.307569840402973	-0.24396478582266	-0.223330328597898	-0.285568695127656	-0.305577128868709	-0.0043459113158698	-0.0130888297416875	0.00626634011711802	-0.145459403986726	-0.356834848203803	-0.416434455574277	-0.119280753121077	-0.522883780673402	-0.44615652743603	-0.501414701570037	0.0626245905737374	-0.284140535159134	0.410041965884316	0.193183235056355	0.0758685800261816	0.0300162968125868	-0.0985647132412391	TG 48:2	purple
0.79592120269462	0.367818720626291	0.402535853137251	0.583217248790146	0.202885045616682	0.258666246210324	0.15790540739901	0.156133527306373	-0.135604342329797	-0.0348900827704035	-0.154628464378625	-0.222522847346749	-0.252528032708025	-0.00254553025556374	-0.0612324934469028	-0.2703258693411	-0.381348035526773	-0.279453417081261	-0.302880792747958	-0.366902360794652	-0.149509087545987	-0.112892524259878	-0.0644720917554671	-0.10350228686819	-0.256528567216538	-0.37406874526049	-0.104832330209019	-0.433862186528268	-0.304824842560194	-0.370938110889862	0.0787329751593978	-0.316275568298132	0.385535708445933	0.192846637924713	0.123192415168574	0.109498609892415	-0.0574923091350053	TG 48:3	purple
0.823086673497228	-0.0261737051221683	0.116228900806257	0.19526688067394	0.297970289106211	0.0190180952816411	-0.2287984935863	-0.151172691553775	-0.0741780665661992	-0.0691486791238917	-0.118861893846732	0.135195009510837	0.0376048026225049	0.113139569568541	-0.135022248482558	-0.228257771653687	-0.205341998373692	-0.304588026360098	-0.468296315273407	-0.205920389980216	-0.29222041820236	-0.159783520864611	-0.231551882259181	-0.298029021076744	0.0528354300842078	-0.113298495117379	0.211228190546057	-0.0323467245529086	-0.594732281837172	-0.362674505900543	0.148702831448733	0.146992049491718	0.660685605028336	0.466446077448917	0.318950868553371	0.406887524176511	-0.0623906303412055	TG 49:0	purple
0.810326127723285	0.0777419932282759	0.183183940134833	0.470853344803184	0.416904800148477	0.289807912295996	-0.0120541923177509	0.191587429127257	-0.168310312647763	-0.15426344269529	-0.309232674097765	-0.121972739207495	-0.0461085845950314	0.160924726625507	-0.19453605588993	-0.272250213331937	-0.0998193181914317	-0.178073795975603	-0.395003510770077	-0.170457509771995	-0.0714894595349159	-0.134070282237616	-0.145745936248792	-0.46914741125635	-0.104308355087001	-0.158254957902362	0.222497186748887	-0.292112894178676	-0.70129268162985	-0.488941627150259	0.197914231869952	0.227158901276778	0.736641111821635	0.422109711809908	0.268658151214489	0.421980558238468	0.0845067184836503	TG 49:1	purple
0.568681207855906	0.143995207870988	0.11861069611092	0.451639633100964	0.44272883715881	0.14828245451441	-0.0257568172007104	0.250225666924731	-0.00492676565943887	-0.0207965015611287	-0.180075882445257	-0.020732306419331	0.0000355948446177584	0.209723023300887	-0.0806427935785238	-0.197906116924668	-0.180827727029055	-0.0926802444463835	-0.297430524774635	-0.0513651378787226	-0.0664122500767743	-0.205548801709136	-0.134350978857032	-0.338912265837348	-0.0768969449392405	-0.238558641533083	0.12461578468877	-0.219856543508257	-0.601267804498537	-0.426851457772981	0.160350060507265	0.362507819287453	0.697537276958159	0.288872128541216	0.147403113198545	0.357554259743699	0.146595536652248	TG 49:2	purple
0.430227239580553	0.00795123456596075	-0.0573005723785042	0.273651209798263	0.255915302533444	0.146909130845985	-0.0166317509976818	0.0929584325681213	-0.125986204294091	-0.201447946002372	-0.295239036408512	0.0444997285082137	0.127186622798208	0.228090248842056	0.156598884866588	0.0585856718773393	-0.0671877512912961	-0.169338344371356	-0.0917913212903979	0.02016286162687	-0.0206759804605502	-0.140307096435452	-0.150029063357059	-0.319120266916516	0.0911271165734152	0.0326518312161648	0.248661405726371	-0.000225172481968593	-0.399158166993329	-0.381865374583133	0.35586080556689	0.276740791616182	0.573099298728246	0.189923658637768	0.168595729089743	0.0701893664226769	0.0789115762579405	TG 49:3	lightgreen
0.813333859814031	0.182849919657524	0.556489557586909	0.44721000653429	0.0620139466026456	0.186405205097378	0.0282468092343993	0.0697518787140957	-0.0441394517240533	0.071883230157795	0.0306156504406099	-0.0140466662403735	-0.102641645557589	0.0948813842944216	-0.0455164779221661	-0.15524854906959	-0.187689139248679	-0.207238897949135	-0.243208715759198	-0.247631017347936	-0.143353303020782	0.0688346875081241	0.0608069014149177	-0.00391213067297575	-0.21973765923	-0.189270232779571	0.0674837630914091	-0.233633038472254	-0.38824330379223	-0.368523955560286	-0.0975723106580582	-0.394749642927204	0.193702041713964	0.189702487716934	0.232977963308629	0.134412118536655	-0.197230646414029	TG 50:0	purple
0.657325438644215	0.380990198357802	0.739850862818475	0.80867909681924	0.197212789977079	0.45948453313605	0.415292131032926	0.46682585975831	-0.188915778168251	0.0121470656928724	-0.135616185480117	-0.375446406625314	-0.236542360878262	0.019529481387458	-0.013253160669888	-0.107201274076322	0.0401558136995128	0.110008199512043	-0.0371433434949958	-0.167603889154598	0.107413393840786	0.238161246324408	0.119747128504087	-0.031731510416293	-0.395413297835843	-0.268227034209557	-0.0121129999516172	-0.612313509121452	-0.402716898324214	-0.54533758363453	-0.238489282455806	-0.390766099800614	0.0471550255805972	-0.144648297514141	0.105477999967256	0.0163333701279592	0.0107058502590514	TG 50:1	turquoise
0.561551880041586	0.453651378957268	0.687307116565208	0.893074257811768	0.275138429584149	0.520307429939177	0.431766553784967	0.543933467549714	-0.0833312501139496	0.0094984688959718	-0.167492854668474	-0.41753965701116	-0.287665622122767	0.018202168923305	-0.0271448286773854	-0.157866948882499	-0.0419464785986213	0.126379633135186	-0.100221440641717	-0.199224452706484	0.132881237187375	0.15804671477252	0.12887588397634	-0.108131033794769	-0.377384940187124	-0.291110754258208	-0.00977687709433086	-0.604438841665177	-0.403897619646769	-0.498446661025525	-0.184617169151528	-0.275837763528053	0.13029617002627	-0.144574823695628	0.0221037127928132	-0.0123691781309781	0.00892985601997386	TG 50:2	turquoise
0.56244016289126	0.605127053157016	0.6466705035793	0.924410758438467	0.337020746166569	0.491917139838964	0.419891009203378	0.559979431681465	-0.0377004869876159	0.129227115211721	-0.0612474873780285	-0.371942445747454	-0.333423156165083	0.0167180139444978	0.00308686660781173	-0.153560860668114	-0.120343735882125	0.0506938334664946	-0.0617709103799526	-0.133032651745417	0.176691979131165	0.0847367932397138	0.090126577895943	0.0286733462256402	-0.427679909744174	-0.417872808949514	-0.133546143613695	-0.615519782960544	-0.385213574132219	-0.470101692931151	-0.109619627203224	-0.335499794449517	0.129176548146525	-0.184044934805999	0.00152844692430764	-0.0905529936885756	0.0250510491030813	TG 50:3 Isomer A	turquoise
0.564492499065782	0.601466474909657	0.470143907859049	0.812255558510606	0.284468239384236	0.362956110301447	0.340948643869546	0.370005921944048	-0.0632048731606802	0.0484459012551695	-0.131745247983807	-0.263319500664802	-0.286866207608066	0.0316536174664028	-0.0580019907999938	-0.193694257035749	-0.170726733569992	-0.0215778178575437	-0.097607734924143	-0.208075112476793	0.0624629098005743	-0.0116608681428025	0.0268930620634081	0.0315494127964936	-0.308709629504227	-0.37465162891135	-0.135453062824781	-0.495947101823059	-0.329520406096449	-0.361123958020426	-0.0186713164413012	-0.362907101967397	0.230568514720901	-0.0951483717762228	0.153166995091916	-0.0297240842971064	0.066152816886996	TG 50:4	turquoise
0.663431978494152	-0.186836485914775	0.0260501532782751	0.0102050146940364	0.200181744037772	-0.187726668881387	-0.241779548936591	-0.210464230795543	-0.0360937360207601	-0.165112260950324	-0.116097873201122	0.245858493005007	0.193782477253835	0.200628163686238	-0.115322734960552	-0.0711806414234458	-0.182910083352514	-0.382511135527314	-0.407274958051412	-0.122828158858888	-0.25957751031224	-0.177579154296451	-0.170414653481852	-0.336442106328701	0.142501928011423	0.0510426760000979	0.345914142998332	0.0762686144295474	-0.511106220521343	-0.249938470431155	0.191306923886725	0.244382300376547	0.617357067715516	0.569873507821797	0.320106833102624	0.465900948922169	0.0280737336159363	TG 51:0	purple
0.898205527252813	0.17560883769758	0.522878293870667	0.656573920055429	0.264587207516517	0.364421115512442	0.12010099400403	0.269573666563644	-0.168053944031403	-0.0404318383473487	-0.18556837203711	-0.209565115882309	-0.163632507650073	0.0865251397557581	-0.107535027428241	-0.253829485579066	-0.115726826042554	-0.14019455044721	-0.320043141691286	-0.224319578936722	-0.0346656319374673	0.0390581358775339	0.00619277319362684	-0.252342890584054	-0.256732106635912	-0.208870541448556	0.133114390965879	-0.43673027890164	-0.613965013399484	-0.546042845386114	0.0196672594272216	-0.146218272921136	0.476234889198447	0.272485852238623	0.187904467234428	0.273899543164958	-0.0610185626475696	TG 51:1 Isomer B	purple
0.707351457478658	0.302784874125524	0.568512243693229	0.813178044068418	0.37210499955694	0.447896789623514	0.255354277919594	0.457423875327043	-0.166599091390156	-0.0759200663905036	-0.271554910722353	-0.335334088360449	-0.226736812547904	0.0717792086079884	-0.0753529326528413	-0.213115073752544	-0.000667089154911464	0.0648745457235781	-0.229138771182537	-0.171329185500286	0.0596542217256647	0.0763391559403633	0.0606424110340061	-0.281764954203814	-0.281183237028765	-0.254096819486059	0.12014396004078	-0.518144842097043	-0.607452099494816	-0.598088923190046	-0.0609420861730982	-0.0872640900288837	0.390538110599372	0.111511946410047	0.139431580978594	0.200886509841554	0.0237056137708339	TG 51:2 Isomer A	turquoise
0.620421770852668	0.461950563158194	0.492620787914474	0.856910856239531	0.482218896515316	0.384703096563208	0.287293108923939	0.51217135732736	-0.106066340935241	0.00580420726806822	-0.211449956077242	-0.256871443512605	-0.254108269526072	0.100638181745309	-0.0342199922653315	-0.156038787231589	-0.0536088824977664	0.0497483586365776	-0.115228176124764	-0.0230883221515094	0.155212190432932	0.0341778026297121	0.0720737935141171	-0.139438242407617	-0.343310120657175	-0.393636584121585	-0.0196668245072037	-0.490017101494495	-0.588491841922344	-0.588663464099908	-0.0417237727148219	-0.111758645365747	0.375403795845269	0.0161161268046236	0.106091502468045	0.121018907437732	0.108941578631713	TG 51:3	turquoise
0.411105840496865	0.442899723599123	0.207929157863992	0.652358997128511	0.38985965929104	0.189604010238397	0.259210189849243	0.440975469429926	-0.149169804714458	-0.0644159997601249	-0.270447230562592	-0.175346405511002	-0.156857248786948	0.076461952636778	-0.0737471138718197	-0.0339137764634458	-0.0197460753077123	0.0275649390618432	-0.0623994734711391	0.0406574720294123	0.153836516047384	-0.110830761833313	-0.0803979693910026	-0.0907716115589038	-0.163981972993579	-0.240986440629086	0.00620667919991642	-0.421361989699237	-0.432055193322442	-0.406689800833229	0.101909104818383	-0.0113402708212263	0.345878671652611	0.048691407505503	0.18501928686459	0.0260715544428562	0.335328517543132	TG 51:4	turquoise
0.617040834049753	0.020577929716732	0.272176807366712	0.0862980262384862	0.136207498550459	-0.17142257638306	-0.319680411546967	-0.195596690128716	0.0955701038054865	0.00701955635424075	0.0333986519805916	0.297454195538345	0.0804318974300213	0.144415106353291	-0.0453907203377795	-0.183760758977816	-0.2964060959625	-0.390221111027944	-0.440210535087066	-0.273827384847644	-0.378831872850987	-0.28953876888998	-0.116586234267385	-0.18248280210237	0.122039541920342	-0.13090386868352	0.137756833548355	0.15293914905832	-0.445397877915223	-0.209429246403322	0.107440879216491	-0.086012727536712	0.273582443812337	0.469736722863154	0.248580445405857	0.279814417111201	-0.220096336855847	TG 52:0	purple
0.624346238981611	0.360263023706771	0.802421147515899	0.611279425357145	0.0471429881001256	0.220126217686077	0.215850780751835	0.287361199491943	-0.0201450526891345	0.144926006541171	0.111117691375599	-0.187718128565854	-0.171079583385724	0.0313140453634869	0.0509677122041376	-0.0866355653895698	-0.13471848463952	-0.0762055002763093	-0.0619481035345191	-0.251854241138922	-0.0563901096157334	0.138846725309319	0.204595691560472	0.134815663417355	-0.348707904121911	-0.306922306445532	-0.0484664545932308	-0.396258905713226	-0.303517885297615	-0.383763856924051	-0.321169244611053	-0.45691879409232	-0.0485336138993787	-0.0908032325920677	0.141673289410638	0.0717931747673135	-0.115767713991896	TG 52:1	lightcyan
0.322231637325611	0.485106229791996	0.831372976077678	0.827671490763282	0.213273399475979	0.334944776250753	0.543332645407366	0.616089584986419	-0.166294469503652	0.0541509785844055	-0.0648957526999463	-0.470985387523585	-0.271654542013818	-0.031520948053453	0.0707041695318666	0.00159847339611149	0.0556200546108688	0.260491971359404	0.171805381393078	-0.147712025317991	0.188579772979582	0.276125971367928	0.255679043221673	0.116324439682009	-0.469176314102733	-0.366658933444845	-0.136640210365824	-0.64443639660819	-0.187086481666239	-0.453202134909044	-0.377572835393432	-0.388623156917969	-0.204928618791702	-0.374968205753047	-0.0459346961773561	-0.0493922733323079	0.120291321493956	TG 52:2	turquoise
0.250707411823363	0.624015489937668	0.773218129441527	0.917559401926409	0.342279147260273	0.23274921197065	0.468265618565944	0.649139492367068	0.0224350396612675	0.172835820684598	0.016168449559078	-0.371935140853423	-0.307406177398264	-0.0136079249255496	0.0320714705861323	-0.0118930935626216	-0.0202277523876926	0.28341336248659	0.13072385602068	-0.0624835797931817	0.180150626101451	0.148618748899785	0.190962570067108	0.17358942425413	-0.437655851136706	-0.435442163206823	-0.167938984385744	-0.543589897229671	-0.218633980233456	-0.33841252702873	-0.300158300414985	-0.276164410908589	-0.128915668272826	-0.366061696584683	-0.0039908653540937	-0.0353476171453086	0.145249675862205	TG 52:3	turquoise
0.214004664848125	0.712831363611665	0.621113709189719	0.867973449480758	0.363277137292107	0.181802286150874	0.396616695207086	0.582541853777862	0.0982650383634146	0.234252999667169	0.0665456530738595	-0.279831705634255	-0.332902848144165	-0.0441924882104131	0.0122078467222906	-0.0337477372269472	-0.0839552985018907	0.211134299134122	0.122795128969782	0.0174763062411673	0.18484430993551	0.0495583027694106	0.123368698127927	0.24532002387235	-0.40677795230544	-0.491864990438086	-0.250581308868637	-0.466524796380779	-0.201570719141333	-0.253197146884883	-0.20602915823568	-0.27545704063226	-0.100521846204956	-0.374969828475131	0.00779908090201783	-0.0969552546476726	0.145299365442953	TG 52:4	turquoise
-0.0165539215833695	0.17670153391927	0.312545413934346	0.579153024637956	0.0701309540646176	0.154829115277115	0.5104454668369	0.361367109829409	-0.409482989349197	-0.357155885194647	-0.441285093293528	-0.48763470815083	0.0421784517543892	0.00502728132164121	-0.0914314853216309	0.284645456828196	0.301592464168127	0.534953727232648	0.384924107037988	-0.0122288918756098	0.136722712381718	0.312869750208428	-0.0095568466498688	-0.0948867841075825	-0.03403425153385	0.158516219403306	0.224664112581853	-0.503270660534368	0.0156566210739037	-0.271798341579652	-0.155920746350822	-0.09317565309445	-0.239872342129499	-0.496847541447999	0.0764393708240161	-0.110663600889924	0.412019530228886	TG 52:4;O2|TG 16:0_18:1_18:3;O2	turquoise
0.134104532406146	0.664054227714997	0.486786106157179	0.765756855048304	0.385741629747138	0.0450546184018968	0.400696474376441	0.464570991037821	0.0347009247937344	0.114154841615549	-0.037718666366896	-0.212623072955205	-0.230126502974115	-0.00256783068460601	-0.076993086897528	0.0298004178255548	-0.110300852889381	0.159993824094388	0.115404753502964	-0.00476675298436341	0.126329202264075	-0.00914499902205658	0.0402080135396265	0.149752915449335	-0.334062320913774	-0.425198881153557	-0.215404693808549	-0.43821711772654	-0.187613695681279	-0.226988184407376	-0.14991581768133	-0.170477818839667	-0.0315209038088566	-0.295330392826356	0.0302101068982496	0.0395886279550153	0.295986465383065	TG 52:5	turquoise
0.609951054445758	0.406304178049734	0.767385799507581	0.831300937704719	0.231744980170608	0.321654608504485	0.388308792398724	0.486347989675658	-0.244006937418679	-0.00827106383130362	-0.136095969711685	-0.437820326585727	-0.263034731289632	-0.0174856484741723	-0.0239804019233549	-0.0986129278518178	-0.0160318482704834	0.0985730151563645	0.0193522346939857	-0.191463644319895	0.0647304944967151	0.21826014349089	0.198459880783554	-0.0166903161770193	-0.453246511526273	-0.366441213976197	-0.0314368457349802	-0.641466699246207	-0.404360802689342	-0.596287965566516	-0.290285868857002	-0.28373946536345	0.138165371934605	-0.0746853031041924	0.075894154112203	0.167455660957901	0.0771205078636082	TG 53:2	turquoise
0.591602159173524	0.518330302554427	0.801649564909503	0.915001335747733	0.304929107317819	0.226658963357575	0.322621439338232	0.508810808937463	-0.111924037869136	0.0686246561912307	-0.0909280778939929	-0.371430451060829	-0.337247755134698	-0.0704338721219967	-0.0196435388574356	-0.146112232962421	-0.113925395943989	0.0753464980268445	-0.107605089421992	-0.14295059224498	-0.00353513260704855	0.0718229900372273	0.126185739345317	0.0144674406637433	-0.412003522969436	-0.461878855425446	-0.125715534483899	-0.565366557437872	-0.4421016416653	-0.521920008799484	-0.214562570310215	-0.242437198935487	0.16623768159611	-0.0298739332908151	0.119400528627806	0.200677074583297	0.0763203973705985	TG 53:3	turquoise
0.326884542660264	0.52585652152075	0.657631408524822	0.878223998094209	0.271968910461466	0.0934981740031782	0.338429473491403	0.528058839058007	-0.0468871022572553	0.0499887202091209	-0.0669651934579249	-0.319667147296875	-0.300021983878927	-0.0381428225236638	-0.0428779634811607	-0.0703443171050387	-0.112727196992375	0.169188255455096	0.0363960909564365	-0.021302108698837	0.0502788222345715	0.091034444924326	0.200167629023139	0.127152281050811	-0.384885756652846	-0.453138269175438	-0.167338067158792	-0.504607904049282	-0.318485381944617	-0.405566302937068	-0.233178306390356	-0.15627911601832	0.0851856281241128	-0.161929075603092	0.050276680121371	0.187963137696948	0.177319116696841	TG 53:4	turquoise
0.328735646442814	-0.103927054659552	-0.132896071772929	-0.206895408755684	0.189090081884278	-0.226527516031459	-0.367466337134989	-0.264892032920904	0.146026530383399	0.00929714114122824	0.0121351970153198	0.355060703447788	0.184103402865324	0.132600527924292	-0.100545935568988	-0.13075139019239	-0.221256470849555	-0.347545627484151	-0.358273907775674	-0.130101692509743	-0.33486963199293	-0.445177181292651	-0.252138816088615	-0.213951830938034	0.145867490190923	-0.0575556010589395	0.11628282945906	0.209884912312143	-0.463777894516828	-0.159193610731479	0.335036372528614	0.387362856635547	0.506469550465657	0.716407132828299	0.355650894028096	0.425475260276068	-0.0339300709264143	TG 54:0	royalblue
0.65282190897103	0.125279954836911	0.63273248513111	0.354168105115527	0.0338543193961446	-0.000554531505363653	-0.0335219704042019	0.0195425286641763	-0.0392503702188227	0.0580726104586026	0.0559314652834176	0.0530921650543995	-0.0228030525389273	0.119187688488708	-0.0362562329356518	-0.139488839242775	-0.198772799974346	-0.194137739327693	-0.184924867397085	-0.282274454649082	-0.234179618613326	-0.0333735889607153	0.0747287941883048	0.0123901728965725	-0.124491133084964	-0.161493858402802	0.115012599537637	-0.109578924731436	-0.329854440019408	-0.300150256129379	-0.17069143998529	-0.315317608588642	0.0697325316338542	0.151636780056622	0.206782009157235	0.280214558883397	-0.169061816667433	TG 54:1	lightcyan
0.400888325367999	0.402980258517007	0.951439496841259	0.665605903347279	0.0629535389995559	0.127791633408271	0.372123358825628	0.438042959288962	-0.0603944404166107	0.153599070514692	0.131257928926211	-0.338183274028923	-0.288505718880791	-0.0695608871584842	0.0589084122370136	-0.0227776367202147	-0.0964295993700206	0.0566884640920059	0.0922578674256249	-0.186038580577522	0.0514794881811468	0.207486720652264	0.341669545945384	0.236719091789156	-0.507926603717989	-0.428702934932357	-0.193164623192214	-0.491000314785801	-0.153122239665054	-0.332188949797696	-0.453926262450021	-0.433476807348615	-0.195501464328123	-0.212804936882118	0.0155537630621796	0.160655554502249	0.0161111266764568	TG 54:2	lightcyan
0.252372639695604	0.453210170197001	0.923317816975214	0.677372531214327	0.143920922359344	0.0903311839129329	0.469115292465151	0.521446791979898	-0.0695836689442529	0.154266965983961	0.0957368588120682	-0.44899463986301	-0.414802048108161	-0.190690720112182	0.0676516099248451	-0.0209967275921696	-0.143468775078332	0.0977456516405208	0.0860818475082724	-0.162189954026242	0.0612688639957615	0.167183697118501	0.33544919431814	0.23888141660914	-0.575254197437916	-0.549579488070897	-0.339090271459617	-0.544478605257187	-0.05135018711909	-0.280458803110808	-0.444565010263328	-0.334520227853722	-0.206958054566356	-0.247757428846007	-0.117731287144102	0.164552236121835	0.100171619795351	TG 54:3	lightcyan
0.123754113080737	0.545425530259821	0.878790990797793	0.741835900158283	0.16802214452873	-0.0408221193074588	0.414144512033046	0.485779125021621	0.0131455170107026	0.196283682430069	0.123076114867788	-0.315103822149049	-0.357674209656304	-0.14330450216027	0.0554720923232319	-0.021954776593974	-0.192596351115338	0.118206108003663	0.116556074607506	-0.109123332401186	0.0377547800448489	0.0932148004424252	0.289372132676385	0.310412822534684	-0.452896102878925	-0.543202678120782	-0.347966883866215	-0.43220159458386	-0.0362033504033313	-0.194578503977846	-0.41464562514282	-0.321379901448306	-0.227135111820281	-0.312056695034695	-0.0641638944888856	0.16473394242705	0.136160206251138	TG 54:4	lightcyan
0.0652688919658678	0.575002989704513	0.746162528334806	0.7340950174589	0.191145546791276	-0.0496324808279414	0.398319725466149	0.450819028109348	0.0362899642445473	0.192533821105791	0.10637793110804	-0.244261177012312	-0.323907005894921	-0.110763291322261	0.0218689442286886	0.00282385883882573	-0.20498496274524	0.0851789079820894	0.1696510509049	-0.0196635991454426	0.11240070390923	0.0648156291083188	0.244800361885072	0.309810291325881	-0.427146623431518	-0.504287334969239	-0.330954038985848	-0.393127551216493	-0.055358823954806	-0.166182275240231	-0.289053359824135	-0.299387781089303	-0.177532153223469	-0.301211639472349	-0.0517165429617317	0.137308590336898	0.158919741368629	TG 54:5 Isomer A	turquoise
0.0106346557496517	0.446845738188839	0.507481447293244	0.609917674186334	0.292249381829741	-0.196385933091467	0.355670649857833	0.361532893557698	-0.0287165530453624	0.0105760944447125	-0.0870187949795545	-0.149429265676044	-0.142455020756737	-0.0194044524450586	-0.0936407559452265	0.134148889571734	-0.209684512160143	0.0743753759083468	0.144115098703748	0.0165743620470451	0.0525303999956469	-0.0283571948210335	0.0647259314581321	0.0816670843234216	-0.237871155019121	-0.316813586251061	-0.140135707276915	-0.282473833990512	-0.0797679512812489	-0.116867954146716	-0.113736420461689	-0.086429267524978	-0.0450198210518977	-0.202722145811123	-0.00243096597691094	0.244125492914006	0.361810627231728	TG 54:6 Isomer A	turquoise
0.227115044278511	0.830220275121456	0.345853120758134	0.616853804244946	0.254871653806322	0.150648274884412	0.105669588252044	0.328796913619143	0.247939720065542	0.335914057690092	0.110212305618382	-0.217712979209251	-0.438790874569731	-0.260352847924369	0.0220664770804638	-0.210853115053361	-0.110590118191225	0.025443767244597	-0.114305044313232	-0.0176657907034391	0.111451246747321	-0.218600925010858	-0.145194115533042	0.083688142356795	-0.275004440626059	-0.425711392217328	-0.244293591722886	-0.296809412101254	-0.239190607853674	-0.0215646190773052	-0.0923573438512734	-0.265519260300629	0.0309132893372702	-0.203604922086332	0.03893740522353	-0.129434755730174	-0.095057624612144	TG 54:6 Isomer B	darkorange
-0.157007396986573	0.229500297501448	0.179548304816988	0.360088823659298	0.222407512523684	-0.247467604490153	0.182177551502677	0.0843982941843739	-0.0242688626331634	-0.162128704403836	-0.111529134118978	-0.0783124462228466	0.0136282313163189	0.0269895927475209	-0.184253467281299	0.166457238629429	-0.185776689194324	0.0545766115007479	0.126563246270205	-0.0473720693893569	-0.0128436007893433	-0.00189928651918032	-0.0129239213833828	-0.091991801576678	-0.0109372674304891	-0.0933578050289765	0.0211455868763941	-0.089328370058107	0.0396015085750485	0.00650757467999912	-0.0209366040600725	0.0455179500050943	0.0184836785016518	-0.185082539729894	-0.0554815460689543	0.208239898084291	0.325323327903158	TG 54:7 Isomer A	turquoise
0.520336959769797	0.162622570179424	0.58553883503765	0.555938388462136	0.166919796352905	-0.0228178357706431	0.0589288928760362	0.297234293519907	-0.143511648233715	-0.0969587453136618	-0.110190556370856	-0.186363374357026	-0.107365862842274	0.0539162575925371	-0.02166179132083	-0.167312780646425	-0.205327330119407	-0.190903127406061	-0.214376919681032	-0.166158306720419	-0.145277573361671	-0.0583416132616348	0.130050823695063	-0.104883380646687	-0.21335447881399	-0.377086225745142	-0.0243235688505862	-0.345887238298973	-0.426925139280161	-0.432481361525416	-0.180084667322591	0.0343861755212692	0.265852389005735	0.194290963171421	0.088152871432447	0.444920895953912	0.15056322941123	TG 55:3	turquoise
0.214668214353396	0.104548385160274	0.368270656693124	0.492766894145354	0.0319472485767814	-0.110820304551515	0.155499000235331	0.224420294429475	-0.121970986289429	-0.151118209844317	-0.211362238276679	-0.158694181437088	-0.050047119696899	0.0383548213873533	-0.0362172652940935	-0.0369234700403913	-0.137661533590993	0.0563480952535945	-0.0475719643466459	-0.102847685110209	-0.197883927910002	0.0159393824974537	0.0970611861556199	-0.0327091852527685	-0.0894502332632989	-0.12913959011645	0.0276385738662597	-0.187350319531317	-0.115447530050031	-0.115488377621496	-0.0535925125791058	0.115013357778652	0.22315393705074	0.0291730066903758	0.219807762101107	0.422694141288177	0.288724331817845	TG 55:4	turquoise
0.309943656971573	-0.169419771194586	0.220228895488375	0.0435902185016648	0.109172432925599	-0.400540610082126	-0.205698593521676	-0.0513580395388533	0.0274935207464116	-0.11313506285921	-0.00770732959187908	0.167978484605262	0.170083623853351	0.195532716397375	-0.0914783260863656	0.0440954388218632	-0.1678609288514	-0.0804723372238264	-0.164049281859716	-0.0452085423334466	-0.276620665463095	-0.134383661350239	-0.029600054433118	-0.262426239819824	0.0138388424355272	-0.0083507259971601	0.210699122965957	0.120952416610695	-0.357651190675093	-0.0847092157405229	0.102191639787499	0.331620529550535	0.385424341267108	0.363750590507123	0.268476364499367	0.817747265339473	0.1321987985153	TG 56:1	grey60
0.36031891289415	0.117466181693601	0.690903351864914	0.411385446641754	0.113440302468373	-0.19669631434737	0.0563035004185483	0.0748886401615362	-0.188471950307073	-0.172471017344188	-0.109883303451788	-0.159682958765457	-0.0628161030115728	0.0366885479706033	0.0078916745769496	0.00133263198441607	-0.133743164559509	0.0493388293103072	-0.0838822655402157	-0.19853814512146	-0.276981130921819	0.0274066765825433	0.00907918298895279	-0.212581285706438	-0.198000453258839	-0.23981100122343	0.0026573061105029	-0.223229488132031	-0.26784152707241	-0.272918313491831	-0.203702065275421	-0.0246190136366449	0.0338852255168237	0.0549865182401604	0.110615207536473	0.742021505318036	0.102042862616152	TG 56:2 Isomer B	grey60
0.241606117683571	0.350100133560665	0.911156780953361	0.692493623183251	0.098322574273707	0.0628615479475371	0.370849525115322	0.409708766917219	-0.134527012016273	0.00609085932925807	-0.0182150885032577	-0.432471742671184	-0.300145536840017	-0.0963450780188892	0.0678251674667393	-0.0285512371602392	-0.0853516724306101	0.149347821899945	0.0905332762797378	-0.242576403206119	-0.0106537642035662	0.239718937829767	0.356521214741396	0.0780171556336328	-0.456663101892202	-0.42353288073175	-0.177508650716761	-0.479376594285446	-0.127127107910029	-0.296043619769071	-0.455134335041769	-0.256539703169019	-0.0954425867316986	-0.159292722197908	0.0221459532845596	0.369116969145781	0.0826862101205655	TG 56:3	lightcyan
0.253205418759142	0.471989600155666	0.885122074342067	0.783885698630675	0.160508038988239	0.0140747552104041	0.357712334194562	0.467322608152181	-0.0994313513552623	0.0998473808121715	0.0214237710055198	-0.357672364066157	-0.339287319493465	-0.106400753680302	0.118374619442838	-0.0618710158284612	-0.186929307852902	0.0954120491832158	0.0613146721251702	-0.158564560101582	0.00761004992709472	0.104918899501002	0.294848766099839	0.224245169086216	-0.405126454848696	-0.488992265392225	-0.267303684029224	-0.432869909227232	-0.147153609314881	-0.313715474813467	-0.346171125686897	-0.343492035304888	-0.128397082950469	-0.198261714171043	0.0171513203528293	0.227189579186778	0.0781326274608624	TG 56:4	lightcyan
0.141416395570667	0.887975970512673	0.542144199948822	0.548362772511599	0.147017601135253	0.174090017495981	0.114396068884791	0.375146463864248	0.362028567818619	0.553391091491841	0.332639656833048	-0.187453830245621	-0.504625801348087	-0.311269098307157	0.20507898975588	-0.279923090076319	-0.174568124167104	-0.049654433780624	-0.131541099516584	-0.0990282670629719	0.108036706293037	-0.214789713003507	0.0276006842239578	0.26020420472668	-0.367861985197246	-0.546037864834584	-0.382899104569347	-0.313411185584126	-0.189884704260851	-0.0330480661055186	-0.320603419849516	-0.38526298364536	-0.135048713353205	-0.203415708358687	-0.0437530926101726	-0.193302674405768	-0.239326886764209	TG 56:6	darkorange
0.117429369608547	0.904129843740048	0.483308235249029	0.57031876497751	0.257766418916626	0.0991997315137198	0.17173395573912	0.330412762243062	0.279599128122663	0.485371433689233	0.299876603677806	-0.224288084346344	-0.522061014384091	-0.315400278267396	0.102516988554511	-0.213876639487451	-0.183263269528505	-0.06743280639292	-0.0463225858952019	0.00187772186815526	0.14760325090673	-0.1462933649685	0.0189718045520347	0.332273957789103	-0.394871112086624	-0.569039272900515	-0.395034700252618	-0.331063132234232	-0.140900674508883	-0.0193025928924561	-0.221090618745497	-0.408302061201238	-0.157109607758432	-0.232805974006526	0.0197969214457545	-0.190636847868227	-0.157353717649551	TG 56:7 Isomer A	darkorange
0.200821439968923	0.905957400345755	0.374971563809191	0.44999035291048	0.312668151240717	0.149948488021111	0.115055088205317	0.280418752679093	0.432196014750079	0.356652932827694	0.320561602526513	-0.196696054409221	-0.423839655377783	-0.321629115450057	0.0138003014275264	-0.268679497108507	-0.363452138901624	-0.228888858222571	-0.208534799575092	-0.266572130559183	-0.0143133278799565	-0.340649381342494	-0.0963508824669112	0.10186389247851	-0.386820374028091	-0.605500891077436	-0.367327030514547	-0.32194436263896	-0.212749146425824	-0.112238602017924	-0.107972834179314	-0.227208595245649	0.00230679773661753	-0.125534599507238	-0.0342648044406723	-0.238101138528522	-0.0927491948571786	TG 56:7 Isomer B	darkorange
0.00242835822808797	0.87138126695677	0.203857522316274	0.338009073640191	0.305889931555315	-0.0975022912712855	0.0214405593616946	0.219665794404774	0.423337494293986	0.282940264197891	0.27285039620835	-0.14446445951519	-0.4321530128246	-0.427653617188153	-0.0983456152752201	-0.210051843688852	-0.377803639268287	-0.183413044866055	-0.141666886223482	-0.0891128553686667	-0.00927357035646425	-0.449979554015383	-0.239182161218428	0.0578332578040396	-0.274284820965839	-0.587065483586284	-0.46195745184245	-0.152290773818666	-0.0690406485746588	0.108779481163138	0.0333087250361671	-0.117155753905595	-0.0802940220988623	-0.210547543857023	-0.132132244445278	-0.202238179360303	-0.0177635137444588	TG 56:8 Isomer A	darkorange
0.267924740946723	-0.112389487963399	0.315534205727282	0.194154300891355	0.0725806024129065	-0.310210714961509	-0.0347235857051178	0.0122636527027937	-0.235330816866506	-0.252199129145758	-0.238334791716389	-0.125398086321948	-0.0023887892672244	0.0163011617265703	-0.14149848858773	-0.00609421275961065	-0.104152289133135	0.0535814716273555	-0.139979698680336	-0.165866069033284	-0.354068500256404	-0.0112858885404514	-0.0428069554014896	-0.361617535688226	-0.0941556683152724	-0.124737352050091	0.0783938817446387	-0.0569383613238499	-0.221433306068975	-0.109206627941452	-0.00487808256390026	0.293852290421298	0.313281573849785	0.203878453036627	0.188884734749833	0.949534099373775	0.21466071802762	TG 58:2	grey60
0.184724724583796	-0.208571694896296	0.183076515009347	0.0950255236569831	0.244237671247125	-0.418723288254248	-0.0862846720720191	-0.152491230388702	-0.158093644337675	-0.324872054228394	-0.217651927585575	0.0436230942683334	0.161465359582447	0.175312412911982	-0.0461722471975488	0.173944041939481	-0.103266045430424	0.0367824858383062	-0.0614348515451173	-0.0609989200504151	-0.345132088524501	0.015134684494721	-0.0694269158647379	-0.313153219146026	0.0598460893103179	0.069353415725466	0.284899522821452	0.0528474615269976	-0.196884608908437	-0.0501616066966927	0.0745360819024867	0.325753846812355	0.250454011902788	0.294309704258195	0.228097920877742	0.808111459437174	0.253783357364993	TG 58:3	grey60
0.35479154820431	-0.193218545967738	-0.0484291481044838	0.17967814261362	0.0574462242138974	-0.00101885898486244	0.0800292388797428	-0.0681461874529261	-0.36374102997945	-0.477652341466477	-0.520598347495417	-0.218057149761897	0.0770485580467041	0.0770098290213078	-0.27207299436615	0.0884604743261705	-0.093960266643778	0.0805394953479846	-0.125749216139202	-0.180487513759268	-0.243865415597773	0.0851472825834711	-0.148659965860271	-0.429007882007668	-0.0534184594495961	0.0454453412003319	0.115809481429942	-0.192280915604012	-0.0218424310710678	-0.117768772344349	0.108441520600917	0.23806062262582	0.357356904183774	0.253534914232365	-0.00279915597334995	0.425841376549938	0.377606199915187	TG 58:4	grey60
0.103383190794597	0.891587156743969	0.478975705241277	0.440465186742624	0.176858102607795	-0.0782579950196327	0.111584780128838	0.22456015528902	0.417147838901696	0.347918952563962	0.379287768524019	-0.193037481975122	-0.489356858904254	-0.373857008990954	0.0989248294795058	-0.209939308872521	-0.348808916865407	-0.185001943967431	-0.157299401982242	-0.219952395943045	-0.055658841342576	-0.289656092766769	0.0274473207506463	0.196787650690236	-0.365632578557618	-0.621469274579898	-0.417731761018137	-0.245879381590033	-0.115515220297361	-0.0304671802981487	-0.239713725096167	-0.306262148031476	-0.0902599219378371	-0.196172459497941	-0.0470494063585892	-0.0936090423662975	-0.117490985602612	TG 58:8	darkorange
0.161385497028159	0.860462069328518	0.467515554223037	0.462102623834142	0.270043870042393	0.07692185993131	0.228315177705871	0.301620238665002	0.302481626172944	0.360219076634369	0.298988043742484	-0.374901009012069	-0.627742009853753	-0.475129517842789	-0.112026950801418	-0.172601883993963	-0.330425326454037	-0.132065156481877	-0.0575572540051685	-0.07316558291415	0.0998373761792482	-0.227067143028926	-0.000207064401813659	0.243401862405718	-0.595586115246777	-0.64724465478779	-0.48745670811651	-0.370245038060348	-0.109759320101507	-0.0673517645352722	-0.133966245167267	-0.271454753804623	-0.080229025339369	-0.0683602684186515	-0.084929621183701	-0.106076777524075	-0.0569062129525609	TG 58:9	darkorange
0.0138740821526735	-0.30001916955882	-0.137010645115067	-0.230538888239905	0.0318009195829272	-0.482761968985515	-0.155097353707958	-0.168748504189691	-0.198472421875964	-0.315741371533822	-0.190806617968822	0.0441923388595729	0.213248220031195	0.101917163023906	0.074524778953279	0.183959270288935	0.109006977952374	0.0650442824132022	-0.0603418431777627	0.0331717391678765	-0.315865223731536	-0.0431486854065421	-0.165743072684552	-0.325617381392586	0.11478492073893	0.130658538314606	0.209195594159338	0.15320797338199	-0.132846365754097	-0.0143708652895595	0.108411979427341	0.548382531126054	0.356205724849149	0.314216870683923	0.381916333754664	0.745692306243287	0.381023950006263	TG 60:1	grey60
0.140733250723243	-0.301071274071403	-0.0366506247649106	-0.0959399011025432	0.129311666671172	-0.375410890791272	-0.169574147348035	-0.241686351532443	-0.273771926348648	-0.345806339796851	-0.284845953090923	0.0350641689098327	0.209930858837648	0.110029405890319	-0.183798687716721	0.0447329637832909	-0.0782855032451174	-0.00198386117416658	-0.15414650400775	-0.1852498502769	-0.479594706441957	-0.0674768383830086	-0.177219807348664	-0.453964765917716	0.0667137364196883	0.0481659368687372	0.184182669422348	0.144317290079986	-0.165777126911843	-0.0450139796434472	0.213602858947778	0.491847459581397	0.398922298780279	0.358449451716751	0.227243442997337	0.873533306567817	0.232541498185702	TG 60:2	grey60
0.208583511823407	-0.269747232688836	0.00467798427103795	-0.0797897652057989	0.0339096609841636	-0.326994100408206	-0.124128037288903	-0.178431694570247	-0.187734664223031	-0.382297911071452	-0.343638204058061	-0.00429561791586289	0.14778654384455	0.0607428290198882	-0.212649603247424	0.0884157371604988	-0.0720717741893606	-0.0904947334850729	-0.192381264364937	-0.113985543303608	-0.287168702600493	-0.240230946663552	-0.264056610573379	-0.551136098190001	0.0615802616237492	0.0890411301842555	0.198562515458128	0.0412301835839333	-0.266164180896873	-0.0603268685454361	0.192685437438613	0.47683193069514	0.467617342828119	0.457796924550725	0.188141379402154	0.877557776327314	0.311423637636824	TG 60:3	grey60
0.192057777731131	-0.210998254764278	0.0884995438640125	0.0857759968233347	0.118315828259727	-0.277374999715513	-0.0474622828123377	-0.0669721176414304	-0.364019412444528	-0.3865094045294	-0.379793011567996	-0.143686476681922	0.0689895274711154	0.0608525386571124	-0.204229086238432	0.0620593394174852	0.0535833947049795	0.146334035478923	-0.0866579919381036	-0.111413511078654	-0.313864180693945	0.0111115526848878	-0.135408310645911	-0.450840291858812	-0.00135946026882282	-0.00109071310436084	0.11728987025948	-0.0435458184655137	-0.175060983681282	-0.0953104532442087	0.135215670776727	0.374397327773701	0.361722507181411	0.289325288095334	0.199074045262822	0.895360257778	0.271932764006715	TG 64:2	grey60
-0.045569128780876	-0.32733925196795	-0.251606194076544	0.00363103190497862	0.11270761648158	-0.160517624391851	-0.0460856566937478	-0.0321458814439496	-0.194089737309264	-0.378809521758407	-0.448246368611837	0.0818012849803954	0.29300536778977	0.148759529673891	-0.103415006861901	0.112790211509525	0.0659066338813984	0.197180054381206	-0.0597597510923111	0.0709633052588863	-0.197549617446764	-0.0601856286086546	-0.28250500421359	-0.458370302888526	0.305681875030554	0.266928173005362	0.268297383099392	0.0012672354590575	-0.0856605123775156	-0.0168976081744559	0.285535261455326	0.447391651612079	0.254528969372289	0.118632402843415	0.0568249406004825	0.355172528870997	0.329094541214424	TG 64:3	grey
-0.123943656265562	-0.19101011245482	0.104019041664845	0.190289644601779	-0.110405147512219	-0.0457490932883564	0.475336020816017	0.28607304718563	-0.565293927239876	-0.622825165853209	-0.522898833483047	-0.472017863859977	0.307651712458157	0.158348761336847	-0.206901899996422	0.480201379856223	0.344421357132035	0.368971827735529	0.437486482935251	0.0579624542513539	0.161609039023694	0.228513849875838	-0.0418715154591111	-0.244618898414206	0.0555801210677051	0.343783643386138	0.354634453346073	-0.437448692868191	0.113952236802765	-0.173270498715124	0.0385362082317809	0.203650905686809	-0.106682779122669	-0.173805898408662	0.149512294968177	0.152164282264397	0.718595914114495	trihydroxyoctadec-15-enoic acid	grey
