purple	darkorange	lightcyan	turquoise	sienna3	salmon	darkgreen	yellowgreen	violet	brown	tan	paleturquoise	darkred	midnightblue	darkmagenta	saddlebrown	greenyellow	steelblue	blue	darkgrey	green	cyan	lightyellow	orange	magenta	black	darkturquoise	skyblue	pink	yellow	white	red	lightgreen	royalblue	darkolivegreen	grey60	grey	Probe	Module
-0.0994891530676712	0.321331589465273	0.0196156000910614	0.161382761295606	0.377925095414978	0.18278212839301	0.271042690560994	0.513510531402925	0.2254966861996	0.299725661290312	0.307828024466611	0.0607150823681047	-0.231500062186452	0.115409659980512	-0.149481328248737	0.0642605473967919	-0.304182077217477	-0.0333737221226212	0.056148702003815	0.047695230936962	0.0756680577985382	0.304502683373713	0.29847080968711	0.161579552468738	-0.471081474602247	-0.418604401311076	-0.312306457047411	-0.0173541919716075	0.150179826633283	0.0746621012324685	-0.166089776609584	-0.121402761777339	0.00113953433986569	-0.047516232685252	-0.143814953582032	-0.0854373219547138	0.49551523304842	1,2-Dioleoyl-sn-glycero-3-phospho-(1'-myo-inositol)	grey
-0.261017394952115	-0.540719146282562	-0.32798582608026	-0.408061859045345	-0.365344005450778	-0.440168828405565	-0.286550270895849	-0.369171543471264	-0.436652371544745	-0.433292340546546	-0.511840086010336	0.117671201223697	0.676372356312547	0.162519741309188	0.193646410509786	0.0697240782191535	0.447066422859744	0.384448105785884	-0.0261547680344833	-0.200500180838442	-0.273557209753933	-0.110164889546377	-0.36052984811262	-0.290663987440118	0.905338864701787	0.609825770090512	0.594675113351325	0.0513944846009709	-0.295176183883251	-0.244207890989516	0.222041107933496	0.27909145549221	0.0570021607942777	0.11127679206893	0.290969627110492	0.067751997721999	-0.322005873112583	13-HODE	magenta
0.233391748047278	0.0254368986403113	0.240248926682317	0.163797846334038	-0.0989559387620912	-0.103032631209288	-0.0518576334996647	-0.0815860501695903	-0.119938243708993	-0.0307382611834261	-0.1417219399237	0.235466018446526	0.0033282487843029	0.164774781069753	0.0345538689154808	-0.0226442303962606	0.0352990387329565	0.0678662815746606	-0.145551199749193	-0.161672364776031	-0.250866574585759	-0.159171525064078	-0.0634022817235443	-0.0377412794810152	0.00364365539636033	0.0692584317999687	0.0340604473101936	-0.0567386310637609	-0.0912486805156078	-0.0656986554293281	0.0164587043030879	-0.0865264655533845	-0.0574425188220784	0.0481452556649371	0.13685656558306	0.222854895509006	-0.150265085550102	16,16-dimethylprostaglandin A1	grey
-0.137588999171431	-0.45833495352846	-0.321282321656544	-0.465054186445401	-0.236127548541819	-0.379023981783987	-0.221806284738128	-0.289216794477501	-0.210805765496552	-0.51975544463107	-0.444876768648656	0.127723949333632	0.768651596052056	0.281552237317599	0.0310716787232783	0.173692311915358	0.332244674587314	0.208007280365965	-0.0138128540062278	-0.162245975719255	-0.232752130765715	-0.0338294504330202	-0.325144473676672	-0.272155057626726	0.803027362429956	0.568921413800435	0.576911091460499	0.0668590684102734	-0.36174668856661	-0.266900284837291	0.099085877587749	0.328969555547605	0.0823501511981493	0.13009491665377	0.348255505986701	0.166681201898523	-0.240856992239243	4-HDoHE	magenta
0.061865402493923	0.0895917649825659	-0.0908333792209403	-0.12684148511277	0.322329572893676	-0.454896036697051	-0.327706698901691	-0.126476571533511	-0.0264814668742062	-0.0454538372994261	0.110321314247975	0.438683478362638	0.0750657215762708	-0.0422273549977345	0.0204136305023857	0.0751842946366714	-0.268258113113383	-0.148033280682919	-0.293254413952061	-0.138566731302363	-0.377221848286284	-0.155120870331664	-0.284195050327518	-0.0723143807071173	0.123043458760662	-0.101978445577786	0.032483371932095	0.460698834007787	0.103561976988471	0.130287734961777	0.5652487387643	0.393929129560099	0.252522373503743	0.339607874584112	-0.176615307571009	0.16440727514003	-0.100132856474507	4-methyl-2-oxopentanoic acid	white
-0.34831437346975	-0.714150777628218	-0.47486767774974	-0.664212283933084	-0.491931411390296	-0.413363565222344	-0.363964857238509	-0.595819889815804	-0.380524675070637	-0.261732932729948	-0.321336816595766	0.141555557556435	0.640001867862413	-0.0162298918758088	0.00300814381492781	0.217344652471407	0.437265079305356	0.259954931174206	-0.0835976468147008	-0.0780070768888577	-0.274046156426594	-0.0993831767663093	-0.326560469792243	-0.175214210694555	0.909725099703247	0.858913355207202	0.680783409785851	0.330525784232271	-0.107102955793556	0.066996613685481	0.0439804340625972	0.399437464478574	0.144558363180126	0.174457599334404	0.197545897451975	0.0923399017084051	-0.278405249310728	5-HETE	magenta
-0.36814992054491	-0.770202779001125	-0.513249188864005	-0.664333173688827	-0.563100709184869	-0.276569351325481	-0.19649868277884	-0.589291964369117	-0.45533335642555	-0.403438423561345	-0.412416372114604	-0.0459856673630106	0.650816875076005	0.0101375260173058	0.0636704614177002	0.24851770546885	0.538532811220412	0.337982880078516	0.0542630257342572	-0.0182697281398161	-0.18732004631021	0.0356221879382276	-0.212733500943324	-0.134018124353058	0.87054530119868	0.88072339844088	0.707907243762885	0.203749124846698	-0.0569467636520528	0.0318830347862737	-0.0283818810902626	0.340917074823742	0.0428586689931236	0.0663036496587387	0.258687775455766	-0.0141219775532414	-0.221486972689627	8,15-DiHETE	magenta
-0.198801307565299	-0.107413205827419	-0.0223639476001135	0.0338415137417494	0.161944944106901	0.302630611860218	0.504720785761817	0.183142014103208	-0.176675067620075	0.20168909600227	0.161270370484886	-0.0908267014928204	-0.0279740344717009	0.206622046717068	0.446939131476914	0.210965837371315	0.160926778670573	0.264761979477915	0.335177935306001	0.393508517514339	0.261500504972463	0.484832517260366	0.370092004830379	0.197717179338001	-0.251941735029592	-0.151806555568366	-0.237721074764498	-0.207859358307169	0.0162015158066068	-0.120287525485886	0.0264980302476734	-0.0530426975795293	-0.158508638432061	-0.227137245148944	-0.0468976131310615	-0.263660875882348	0.528204573840041	acylcarnitine 08:0	grey
-0.308637535088565	-0.0507374869482671	-0.0378970664667682	-0.0332043619716015	0.23707177264967	-0.00770461328727928	0.29592420187935	0.232519188220717	-0.0911332550949598	0.0600033951485909	0.0947352895865709	0.0710054350533357	0.162379290227201	0.274533152992057	0.446322329498151	0.168303012699977	0.235296264956903	0.433119343641963	0.372398390287967	0.342561976421693	0.187775807331745	0.331276486371838	0.233716339344179	0.338997872363336	0.0193122201678908	-0.026063208663265	-0.0677817270890557	-0.153179986543849	-0.0187492469361827	-0.140370096019791	0.0689912000194731	-0.0929242187364279	-0.302977570136221	-0.316065408862067	0.132809293746527	-0.238835149856223	0.383329662518453	acylcarnitine 08:1	grey
-0.3485522402623	-0.102085827071212	-0.232688570491091	-0.216988124788627	0.289247570385858	-0.0424050964567022	0.194251821740362	0.114453858425064	0.0991675310063216	0.26292417759097	0.442410372731354	0.158277776992137	-0.0248470320826479	0.0567398040265379	0.397305505408	0.322389343047876	-0.0727155992418104	0.0875146633892617	0.128796169361132	0.391031509694613	0.153028310697825	0.240133070130691	0.211702510582852	0.350565196047545	-0.130790990248682	-0.14952672979851	-0.100635804435894	0.218989611234957	0.209500729781774	0.214235866846752	0.211007767398194	0.217840546692806	-0.0339277337806168	-0.143639787840094	-0.361196026702675	-0.295641236648436	0.504825721698605	acylcarnitine 10:0	grey
-0.424717859143446	-0.0762844448695517	-0.303176646558113	-0.179604055314335	0.18143345822691	-0.0434125195832266	0.170440340883557	0.16494012283673	0.00853025136188721	0.194720813650972	0.247979698883433	0.0522541126407959	-0.0595610181438128	0.0347278324075612	0.28127411281575	0.142505389210886	0.0291319887143461	0.249586870147086	0.0661142698955458	0.240000988392853	0.0556089909836044	0.192792596183454	0.0899182962763594	0.117052328143279	-0.0428020499671379	-0.116348141211206	-0.120838480450368	0.0986923186499811	0.237675920777695	0.192660600314412	0.215000132117203	0.200357811832852	0.0545220472706373	-0.143741456673565	-0.228510968211385	-0.283056803888096	0.450152315849919	acylcarnitine 10:1	grey
0.184693682493902	0.0319673259491796	-0.0210027353212171	0.0644493235579608	-0.204469052326391	0.117149564023562	-0.14030753720549	-0.0956115798036077	0.0864030017587792	0.172472917931381	0.0767391383796919	-0.223791958230625	-0.374672195676396	-0.425961968019371	-0.27586645643843	-0.17223713071009	0.00631867173664632	-0.169903049478938	-0.199049964224795	-0.0982910965643834	-0.0947016966855746	-0.204495509147188	-0.198929757307268	-0.107976166492291	-0.187781376924	-0.0862861787724931	-0.253832619455827	-0.10804594926776	0.103683894845856	0.213438332672476	-0.021780125285336	0.0866465132205711	0.226499905719542	0.145958724983053	-0.0467627493289164	0.028723572632747	-0.0796453295335238	acylcarnitine 12:1	grey
-0.392892577117481	-0.16141424098819	-0.241696437981005	-0.214798323589917	0.294083151681648	-0.0882268669870728	0.047479487920453	0.000403180419578764	-0.0757698640911379	0.103115778241999	0.208873279214979	0.271607757191139	0.170402068136265	0.154023015145698	0.405503794062454	0.206336043158936	-0.0245889601779532	0.0980035823117202	0.0291700267751023	0.260435704473209	0.093807408561188	0.198978902861478	0.0729857235149957	0.111593378594858	0.122953814042876	-0.0108028072669077	0.0256894593055994	0.229474517122599	0.0316096777398632	0.0327862511485047	0.268487718215247	0.291443360875799	0.064819235526303	-0.0914532415455426	-0.343493614371855	-0.218088090968697	0.321953982713518	acylcarnitine 14:1	grey
-0.0126080709512277	-0.120923319005404	0.0273672569373865	0.028132103896275	0.0645793209689321	0.157723673784639	0.23416247831816	0.00807464125432297	-0.237602311243796	-0.18377933231376	-0.0988667719296726	0.00873030349273203	0.264033882428325	0.363540032234325	0.865413685637212	0.126772647273737	0.291698359109808	0.203294714866613	0.315114171770927	0.277566019388778	0.216320899038268	0.265351834543146	0.25876151944643	0.11027923279322	0.0232698029563483	0.0194788813427731	-0.039314298188013	-0.123898727025423	-0.19466589028056	-0.288422624369007	-0.0529446173819466	-0.164047901558333	-0.269593343247917	-0.191204298918814	0.0760096133171948	-0.242046253755513	0.054904019246075	acylcarnitine 16:0	darkmagenta
0.0145112437364294	-0.168926183290295	0.0946721327219647	-0.025126263955151	-0.0989997930419143	0.00000430201151424019	0.20913971769739	-0.0678616533941909	-0.299069209049345	-0.162822611937293	-0.048505307020621	-0.0647501646334591	0.138854467901154	0.178148976025129	0.846667920951007	0.210771427729765	0.296684161691388	0.132273228503456	0.303988555778017	0.231653332052873	0.138151504664192	0.160396095161608	0.258533329925545	0.247964672595874	-0.0271947777644853	0.0998035938480832	-0.02508606796278	-0.0702508097860506	-0.0699872075574555	-0.158530038310423	-0.0381877406115687	-0.11988780680795	-0.155866550376339	-0.0484103071997593	0.150775035210282	-0.0782141867979167	0.00836796468914527	acylcarnitine 18:0 Isomer A	darkmagenta
-0.198986173312759	-0.0667590101397487	0.0272727251684666	-0.0296279168421644	0.183534564084717	-0.0456066741574477	0.281157706936269	0.0675327096582568	-0.139893895593997	-0.00791274368389675	0.0754551786442808	0.114968360021065	0.26819026573141	0.363162388842255	0.921538669131271	0.252142266768798	0.181167877754464	0.270746692243289	0.363056068864851	0.287773836269172	0.208515508249282	0.253946572016839	0.302860830499534	0.288178313973801	0.0478104979333707	-0.0405412757222354	0.0471893131265955	-0.0405374850459302	-0.173407223483971	-0.278097248092396	0.0582847888052754	-0.0656739842160822	-0.257035810022685	-0.23577673455276	0.0654594771543408	-0.15099943987375	0.211952795120751	acylcarnitine 18:1	darkmagenta
-0.130654262817459	-0.0229037332787563	-0.0119311309732346	-0.00117433638151975	0.177711700872178	-0.328632153848417	-0.126799104811667	0.0618646274563998	-0.107353953869152	0.126068252223812	0.196363701338269	0.44666840668214	0.368017353996594	0.350034330755595	0.69384842524946	0.0496331536326677	0.0169680441238793	0.205415168870588	0.047206722126598	0.12163288081021	-0.031467024624765	0.115446862498746	0.0469410275291028	0.181749258238431	0.25280899015442	-0.12652480390241	0.0537943414712146	0.142734781731451	-0.220621920904402	-0.22501309949024	0.289459490683202	0.121961741328446	-0.101366694934488	-0.0693286399086236	-0.0516340871280979	-0.036850058436887	0.0629116241817839	acylcarnitine 18:2 Isomer A	darkmagenta
-0.224388905323665	-0.136262413306695	0.096519970446122	-0.0305043025073407	-0.0550172680093869	-0.0512398396609765	0.324404253815768	0.0829079496744073	-0.277738059320878	-0.0950217152722753	-0.0476136024292999	0.0457625846413682	0.213489064563056	0.304059776030244	0.902095741190321	0.267295717354876	0.30854621653402	0.321382124435878	0.39376195652193	0.278279630564083	0.201111388225899	0.247771497268147	0.335122020796061	0.331895559697166	0.0679459212869042	0.115194908687684	0.134000667732998	-0.106918065424553	-0.178543569350975	-0.296535862923809	-0.0368107631975135	-0.20691797204328	-0.335816936171867	-0.264988316114499	0.202015817575615	-0.117659599852357	0.20220677586357	acylcarnitine 20:1	darkmagenta
-0.426304079036919	-0.29505402991386	-0.224130230145872	-0.228732944621431	-0.0506686989621292	0.263637064404198	0.495598693038501	0.139281295234389	-0.191595693959405	0.0503826189479389	0.133504610895209	-0.175743852886339	0.321796590156874	0.3029236037618	0.174703943389571	0.357867735457752	0.436554353145274	0.557539915957618	0.564603320401898	0.457921091288453	0.395020726858636	0.870602743364103	0.572550763456875	0.412769611119366	0.120914560357376	0.215304982797184	0.218281817689676	-0.13104835297412	0.110432187964684	-0.0780588957912284	-0.239479324973687	-0.076548655947617	-0.532296007237373	-0.461233266448522	0.174205621838754	-0.304195541693497	0.628952065616324	C16 Lactosyl Ceramide (d18:1/16:0)	cyan
0.0064978800297106	0.345810706361425	0.173225775276057	0.339190791964618	0.35540396934728	0.402247300357123	0.562137440520059	0.884141954695406	0.348613273580816	0.254259333283466	0.312257776715309	-0.108459641940763	-0.300468010901627	0.283124609072041	0.0248518116795714	0.0660273578086875	-0.0891983276200403	0.0364624898449747	0.305234725031166	0.311637270689156	0.52622288579859	0.33092883652537	0.522150077124395	0.3113734888287	-0.536334938760178	-0.48873150443968	-0.429080409926094	-0.297128319933538	-0.0633137176797297	-0.177763381699123	-0.198402265254852	-0.375832267629275	-0.301695081497038	-0.351773357562526	-0.214544970006309	-0.391143825832979	0.462484723160705	CE 18:1	yellowgreen
-0.0414792931146612	0.549323158104926	0.164036220931873	0.359493660843863	0.465765357592068	0.251417063740031	0.365172112178254	0.870418234365496	0.442014171078285	0.357951275989906	0.396429927161416	0.052236098983222	-0.442924834298384	0.11171438581104	-0.0128466506770921	-0.0110154039375706	-0.303626032837204	-0.126657017719163	0.114358863157199	0.14302630642508	0.385356489932243	0.151551013261391	0.371813249773189	0.381348177380469	-0.597189283486573	-0.594765345202264	-0.519417900937666	-0.125109907699411	0.100407577739413	0.0070177792407721	-0.0836817313870002	-0.394960279192903	-0.213477318472977	-0.345648085624348	-0.276029919375517	-0.33932794163441	0.390269864773043	CE 18:2	yellowgreen
-0.00727209243598596	0.433097377875643	0.115960702784363	0.303608785166398	0.398340393715468	0.109940150584433	0.26791203332288	0.847349199037756	0.317781297242675	0.380175972549775	0.360226991921045	0.303348625021248	-0.227177612656761	0.233332616866477	-0.0279787050114419	0.0128185225709135	-0.293517193034427	-0.0912033445181	-0.0123748134367803	0.08017432906101	0.176491238735896	0.222945572445043	0.204460283865238	0.195086291832806	-0.40075847898541	-0.554307265110158	-0.425817803317212	-0.0865246255874496	-0.148409408512548	-0.173591685057307	0.0389718387352391	-0.125909817054378	-0.101853496805151	-0.184953337746486	-0.209549097035318	-0.19091938960893	0.445735572710196	CE_13-HODE	yellowgreen
0.0622485992411224	-0.233935191000234	0.127426661854524	-0.0242661359894028	-0.379857279095034	-0.0256396405970457	-0.0164385496695321	-0.24836438930385	-0.454482109143925	-0.351486784028911	-0.526527050695212	-0.291430007696496	0.185433511532221	-0.0762756379099791	0.101702619856323	0.00178821717974767	0.33356357616611	0.293967870968813	0.15697428612139	-0.229476965062363	-0.305735568321583	0.0764532786764378	-0.0972841464726541	-0.184403414855917	0.271283370573383	0.34571936254363	0.262144680088377	-0.260227286320705	-0.144520716346996	-0.231782458205865	-0.0247271201549531	0.00272356148559994	-0.123039665424041	0.102001534226018	0.943615071528336	0.355889792860091	-0.15876183254911	Cer 18:0;2O/24:0	darkolivegreen
-0.384054291759901	-0.332413827471666	-0.144516967026023	-0.204376629694534	-0.192748102678465	0.0884228876103078	0.437636490815555	0.192633212644665	-0.198363139331494	-0.0374636515535414	-0.098727630475377	-0.200555729959433	0.339025771793996	0.296872529424551	0.175799570581074	0.254861791331307	0.618927260966837	0.820326652392795	0.589107795477653	0.31141995679199	0.256429524095083	0.429192725547837	0.400821924746304	0.312763416924885	0.243033190037553	0.267565886709524	0.259416571599393	-0.323368062724886	-0.00844868920438528	-0.210567043686617	-0.139143592115315	-0.221713430520188	-0.450721874885431	-0.354713809255966	0.439588982778226	-0.209367834009778	0.377680227008855	Cer 18:0;2O/24:1	steelblue
-0.312642718208819	-0.605074720645154	-0.296208192482778	-0.547574406251464	-0.142552178555804	-0.234986872552036	0.135544712177294	-0.213967865403952	-0.417204414241982	-0.380074646937931	-0.261095902893325	0.0222466259702262	0.573914622106425	0.280523469781621	0.120834013484942	0.597201782771454	0.249662681044281	0.255994727989436	0.250185937422542	0.166027731057945	-0.100981273773423	0.163401937798148	0.106852878691281	0.0834246697442154	0.426118561423693	0.547091539263959	0.473703580359448	0.172124881310417	-0.120313061091045	-0.13781914267905	-0.00407207346853674	0.431988512687073	0.0966187915138922	0.156283346614424	0.173488967707649	0.107187543104478	0.102721542149654	Cer 18:0;3O/16:0;(2OH)	grey
0.0401371256723588	-0.177095694566986	-0.158840615720304	-0.218096561002386	-0.0564911814841006	-0.113309172038185	-0.24401698354431	-0.24612968988152	-0.102726711593253	-0.20220563091415	-0.115380969303657	0.25046459976116	0.0999253371756834	-0.016057892767849	-0.0681092282135083	0.0607349897359037	-0.0527148523372034	-0.142718242796412	-0.244442319995482	-0.0353202923224011	-0.293588366531801	-0.0828637970277621	-0.197132402990219	-0.137711742396519	0.196036753979994	0.196216590612509	0.125490562914672	0.460325241783255	0.12099098103199	0.247502631721404	0.264407326409483	0.611506979290792	0.280308281861228	0.0633399538024155	-0.0482297079327448	0.123519468512994	-0.132426942089747	Cer 18:0;3O/24:0;(2OH)	red
0.0422390343903073	0.191994990868734	0.205421224504539	0.387401884393041	-0.0967786122121544	0.416399714129196	0.230754435112774	0.227489733359834	0.0571163234730602	0.184699855517784	-0.0536756549920152	-0.126282543866662	-0.215544351794708	0.02749236064674	0.171421969398816	-0.245015445486852	0.113816525315782	0.182385361548486	0.284283112735001	0.0571119777674201	0.132795097390748	0.198613512279787	0.247139928340803	-0.0445592649825473	-0.130368645169841	-0.198298986900944	-0.238066426637372	-0.375414823949523	-0.0790780305008539	-0.126799827134713	0.0221498208007911	-0.366102925188818	-0.325770616722761	-0.169594364544675	0.330949547870919	-0.179666918928905	0.0853587429278412	Cer 18:1;2O_26:0;(2OH)	turquoise
-0.548014980682983	-0.577535990032767	-0.433620684575869	-0.479672507908887	-0.492190809063221	-0.0264215675822749	0.29216091774298	-0.162911740903218	-0.336987625053054	-0.153118629074707	-0.198234708405051	-0.286142612521452	0.372370083061195	0.0790602506696485	0.216817256088668	0.249235740148995	0.789460793361126	0.897288988543793	0.43394954681724	0.323748623992854	0.0377367187629803	0.344255221548704	0.285078542027579	0.138637171082894	0.431766563878313	0.533956183913135	0.342654382487527	0.0517515820510458	0.230834904925599	0.139158517285276	-0.138311637632989	0.00286364393300055	-0.325957775048329	-0.424921827613045	0.253571707346506	-0.344966966840696	0.257632800203121	Cer 18:1;2O/24:2	steelblue
-0.31115270952343	-0.541974355317146	-0.280819705299824	-0.514368661963993	-0.320587619046782	-0.313983689235129	-0.0459191896579324	-0.396659728414645	-0.352922598643531	-0.349324289597983	-0.289586545795879	-0.224709352549234	0.459591399163976	-0.0320136633237588	0.151446835624495	0.269401632180336	0.516790709192985	0.494589272675644	0.273603285941497	0.157843152858324	-0.105179079204287	0.125369115071555	-0.050834646818177	0.0339221347443463	0.516952033173659	0.554729630345669	0.414611997550269	0.0861039074296739	0.0236736850685971	0.032495564184577	0.0455165177951731	0.309803770876473	-0.0464161495785577	0.00108707568645342	0.3591936724576	0.0506914285071895	-0.0099662079578447	Cer 18:1;2O/26:0	black
-0.357056126159992	-0.571209227907268	-0.297697638446797	-0.445281553558227	-0.573190641828891	0.0743745202928661	0.208908818619051	-0.403021381276363	-0.418348274438524	-0.322147717448549	-0.295363928818323	-0.414636116328138	0.304772452690698	-0.0481998651204053	0.16666627065056	0.177324711168428	0.811020511706797	0.580445765391844	0.352797576482445	0.318433926281081	0.224674632195682	0.278395695974234	0.210089833303713	0.090346611856211	0.388145776858259	0.659131111733422	0.321706044430481	-0.0483006017165474	0.179154700295488	0.087878157766325	-0.347807793995033	-0.146717051469925	-0.307680300625736	-0.320816394865865	0.188306289080481	-0.205997805287057	0.023775651805018	Cer 18:2;2O/22:0	greenyellow
-0.328946033698272	-0.511898894997733	-0.322539079905732	-0.412477083739515	-0.426737363658388	0.20899368275288	0.350203443772718	-0.188929117197945	-0.177516124503161	-0.160444513735889	-0.115811738330518	-0.25645901739263	0.370276489359508	0.142052701665813	0.0653453309653806	0.206638447655132	0.772404162435885	0.609185581428228	0.348203725125408	0.432007658197517	0.28313569976416	0.40337511318728	0.317019373022222	0.0714953364838954	0.335798193778065	0.442150219382275	0.270383336494929	-0.0793360592790699	0.0602846231996168	-0.00391554041909392	-0.225694313113189	0.0202801454394892	-0.261158205620682	-0.337584416112525	0.0715021280131109	-0.300010941303243	0.220717403777164	Cer 18:2;2O/23:0	greenyellow
-0.437102215735235	-0.408886438616802	-0.158434062272407	-0.250995175876052	-0.343105586306666	-0.0526943815069942	0.370769694620137	0.0491364389840287	-0.297236396160847	-0.182114387903684	-0.199685667252824	-0.243480929984973	0.261229335262824	0.207562555919955	0.197228351002043	0.250248090473516	0.712033843125708	0.873251492026577	0.443542790819588	0.317084782243291	0.105863193322082	0.383685996488711	0.315512840844523	0.138332136692534	0.24333005572845	0.323226176111327	0.239712986744903	-0.0660565113989771	0.185565539952078	0.0101593936001689	-0.0424231114618029	0.0450472463293387	-0.348888412818063	-0.456795794036246	0.282551206480898	-0.175328959632355	0.319001261965812	Cer 18:2;2O/24:1	steelblue
0.212206336756632	-0.0961850859652329	0.0436624433118693	-0.0409138364880111	-0.133534692734234	-0.259695892869714	-0.491817676932852	-0.446401265422182	-0.259647233315705	-0.0222159827243007	-0.159139592629851	0.137683728193379	0.0940281475125431	-0.197375009687508	-0.104644099424117	-0.155549776911603	-0.207605144812413	-0.192782907661271	-0.387254278589934	-0.469235538939084	-0.547998624739807	-0.164864239204639	-0.497965110487741	-0.362235557341121	0.319057320229136	0.15443951272396	0.247671884147185	0.104176383452973	-0.153349527028355	-0.0365840580127086	0.250028822402346	0.55370109838761	0.390913684430061	0.485204233423759	0.413447818875316	0.562311795453113	-0.258759483510524	Cer 20:0;2O/24:0	grey
-0.0605526191125541	-0.411691136590848	-0.343687102751228	-0.367983489865091	-0.184060901944053	-0.213925399292443	-0.314903969055222	-0.365432734992121	-0.261753977239518	-0.0333306491681468	-0.0434852718072256	0.130443664168696	0.13488868924005	-0.140788168722866	-0.166128867020237	-0.00318251136492591	-0.095434948902981	-0.0283942962373316	-0.334527486706974	-0.301837070450909	-0.527229051800143	-0.107526452971085	-0.371931149500746	-0.225506352555107	0.325456775897008	0.277390274391626	0.25955379950333	0.388148975188817	0.146212363016156	0.236615724774332	0.185981128905419	0.754286593519397	0.41159597215113	0.316158091712229	0.082662083897706	0.229313377184172	-0.0459347430004616	Cer 20:0;2O/25:0	red
-0.027498518103399	-0.310548037828752	-0.226810725373372	-0.389938852703438	-0.0365751816036419	-0.249182986685167	-0.297924061139313	-0.437309766237627	-0.0368544701253577	-0.068876994046666	-0.0176514143219679	0.0959581750706002	0.100109190834977	-0.247768497810779	-0.252927320461031	0.165133591268108	-0.236008647456376	-0.156328180248378	-0.169478299637758	-0.164814964076735	-0.362268853396917	-0.171860310711256	-0.297586343245121	-0.122639772323835	0.244531513730879	0.248732214441163	0.34121435768298	0.405351280226149	0.181788730242102	0.34010379404091	0.244099543357297	0.753938542384377	0.466970421059222	0.362022352434144	-0.000586976749113116	0.288210792860491	-0.098528917813265	Cer 20:0;2O/26:0	red
-0.0107447270237347	-0.116598284548362	-0.249536896062329	-0.311294840625924	0.107576929389386	-0.191145440013076	-0.147773545586028	-0.254499470557875	0.0484905796080091	-0.104938381214859	0.0207950975644515	0.150753961297322	0.101418189463004	0.00473421896048715	-0.125851070964266	0.246140791570997	-0.2282079317739	-0.221363158540143	-0.147873530791756	-0.0952883582737828	-0.182383257676428	-0.0845022666772686	-0.275299146099848	-0.125157900147962	0.0613097728419969	0.170752930542363	0.212120443873796	0.295270616637101	-0.0158032828876972	0.139216912712387	0.0482704670566252	0.678691236329505	0.411406607548318	0.211959629343196	-0.191495541493326	0.198571981111755	0.0149149463924858	Cer 20:0;3O/24:0;(2OH)	red
0.11135821398529	-0.0944369844180413	-0.182745476573341	-0.15963357635038	0.228483819449003	-0.326792463456016	-0.4319813521125	-0.272487891862194	-0.058738520265178	-0.139722923898226	-0.0166093261733374	0.17831192187575	0.111538733904105	-0.150477722233192	-0.0968797137673754	-0.0908521838764718	-0.306680560690268	-0.23877572532192	-0.41579682992559	-0.337275212572455	-0.431140625544664	-0.159897015203403	-0.411989939405147	-0.353620039910588	0.18747209026773	-0.0192830271976163	0.0816841819940592	0.390104912913115	0.0769026188473495	0.14347329409713	0.244447941395982	0.693877571510326	0.491819653747768	0.374311738710695	-0.274867960407857	0.192992213433516	-0.23957656972393	Cer 22:0;2O/26:0	red
0.721373727464539	0.606736034636669	0.704702894422006	0.887033781219952	0.258989887616899	0.50150728739031	0.154363808500743	0.232811671461875	0.182405154850342	0.086022750451276	-0.140400661716714	-0.091521214160489	-0.520469028623036	-0.0069760050163194	-0.0486309316236348	-0.503198241355722	-0.256463241906861	-0.339968524027636	-0.113286884239058	-0.189577463270787	0.116219055511389	-0.0634460580351269	0.020405360359367	-0.307735208984685	-0.555050345778896	-0.572081510471478	-0.449542198849049	-0.539357356463434	-0.294283936018493	-0.375278138349618	0.0107032431947676	-0.422194836732953	-0.0469301606556149	0.0854991278311321	0.120660454494191	0.13536054955836	-0.162086423644321	Cer 58:11;2O	turquoise
-0.22182196437152	-0.639156419752994	-0.341608464427118	-0.55031150467267	-0.519321248248784	-0.198974442579795	-0.195570642288141	-0.569864108397297	-0.393429479742818	-0.450594559373432	-0.504747206940195	-0.0412384895343323	0.550418441440437	0.0283826939418002	0.00545501646080078	0.140710652245442	0.503061243162238	0.164479421007195	-0.0525051295321366	-0.0939812963443125	-0.105933920512552	-0.110063598643827	-0.290183382360635	-0.251423705435915	0.759686601518298	0.87823335704045	0.60608644790348	0.128925340513545	-0.192576811195785	-0.0740750684430552	-0.190418432446808	0.204797557015312	0.0934833297440471	0.173493220996633	0.202710485763919	0.118852306575507	-0.348911748240422	Cer d32:1	black
-0.110984377365516	-0.593127773998958	-0.375197534317509	-0.486622671005443	-0.547755666287976	-0.204012247198156	-0.325528502067795	-0.613584003797668	-0.427065805918546	-0.348836497112602	-0.321123924899935	-0.0226208687489266	0.468393041183908	-0.0969642011081009	0.0484680206465008	0.040817805840853	0.444489597178945	0.137494540529428	-0.1912500653965	-0.159402207595361	-0.271449344222784	-0.106116273090439	-0.30302314583491	-0.18812347204501	0.67883329359421	0.760465809221899	0.48847926985079	0.184537857055231	-0.0933158747721799	0.0465159386236877	-0.0694352382611662	0.24827821880295	0.0984825499461949	0.126989114839005	0.0951618898614797	-0.0173622575889244	-0.406762571485836	Cer d33:1	black
-0.250642855884338	-0.56571176121952	-0.537421323598138	-0.580023532934262	-0.341245879749018	-0.263054531724585	-0.0912115852410485	-0.33990965743669	-0.218001125090182	-0.151839729045495	-0.0842640930023722	-0.107248664326416	0.367691004095534	-0.134300118476338	0.135367418507251	0.299249896055574	0.412069158555965	0.289287518292533	0.0976921504061073	0.0874288797281774	-0.229062845983392	-0.00168692363326735	-0.0884773731462619	-0.0319644998574662	0.472379295333201	0.523350071014703	0.329028741114247	0.321714325638445	0.0939179270188267	0.197465049765685	0.101154745576672	0.448074165689393	0.234684026344835	0.110555998022223	0.205917444698647	-0.158626914598165	-0.0216454670745808	Cer d34:0	grey
-0.415753690797913	-0.739939916385274	-0.504880662866388	-0.661062113539248	-0.510433136857868	-0.211907289112202	0.0504498243261779	-0.361954032296989	-0.463583999211166	-0.412082043650019	-0.337557152634693	-0.203725352922283	0.651733402215187	0.160642576275657	0.210392699131743	0.380081207834603	0.745942008626806	0.538045590268784	0.332396828822669	0.23470300998392	0.044755948297343	0.170795772765694	0.105183519247927	0.0663714200346138	0.680605884291383	0.835152810929509	0.540356556247171	0.0734712149378772	-0.0447229261405571	-0.0432462274458909	-0.264076921215486	0.0186401331253416	-0.145333816448145	-0.0760236370593216	0.220936533969173	-0.202533667227745	-0.0894373853618684	Cer d34:1	black
-0.441241172680617	-0.747601359017305	-0.430230802950301	-0.633790035281065	-0.538184925828044	-0.135919194517013	-0.00516230612844308	-0.475592351866645	-0.467462470191978	-0.337631077407997	-0.382150581681372	-0.102270864268724	0.594879547800578	0.129163083393832	0.149729423540146	0.367165048556157	0.682873026192048	0.465249209119618	0.283363388543436	0.214028608588953	0.0702030580743197	0.13440670369071	0.0250814611581677	0.0352602130361874	0.727786980749669	0.917168039774919	0.68608229160715	0.045161381572	-0.122569293344354	-0.0732672339390495	-0.227543716075077	0.117204718812643	-0.099346553783015	-0.0477807107702626	0.301022960744407	-0.0379655994199707	-0.0806207683929997	Cer d34:2	black
-0.392219294678222	-0.565853910064318	-0.565063045574169	-0.674142429520446	-0.154539291264838	-0.355918666201675	-0.0821561295042916	-0.274834568498287	-0.236779017905278	-0.152682322087176	-0.0433071457910865	0.0504177038167197	0.513325112220794	0.167870295647214	-0.00602759058406721	0.482776150184495	0.312662374642742	0.270740507495257	0.108927625753701	0.215856662744248	-0.0934290986419394	0.0948409905020419	-0.00342841864201313	0.0531871311562338	0.511966099619184	0.574031648321067	0.422634362791644	0.207823769590255	-0.0178305892217062	0.0607038479096554	0.0870663855161885	0.482670101080888	0.255860085445589	0.159669330346429	-0.0140365752740625	0.0125467133920829	0.118693894500657	Cer d34:2 Isomer A	black
-0.335403852839849	-0.675730702215071	-0.378104056973262	-0.593995979711381	-0.497691145117607	-0.287155051789513	-0.146227529344148	-0.626153655427794	-0.451382176836588	-0.447839530763991	-0.468279903262626	-0.0214745897679594	0.617154392241085	0.0964832834347194	0.0504918157734933	0.289644421551623	0.593301807373444	0.389549941177884	0.106792129260666	0.0379177053318527	-0.162397076681402	-0.0000228369757967578	-0.218460768398203	-0.156623330969746	0.773347185137224	0.911418174316714	0.648612038889377	0.0738280112708104	-0.13742853893154	-0.0604886647936314	-0.0864289171502448	0.261601723431092	0.0162642187415365	0.0692826947689862	0.336808925605796	0.130072270640424	-0.194553279237352	Cer d34:2 Isomer B	black
-0.385619143156855	-0.543222099633208	-0.358518272005256	-0.422247957550556	-0.448314302999796	0.012425183151627	0.329168084967002	-0.0658070747674556	-0.408671476095388	-0.20424587012517	-0.175273608696833	-0.314362826006832	0.303397591993626	0.1049970082484	0.33523681833307	0.39587252713638	0.877360632959609	0.688795727814713	0.513500243254569	0.472382394990882	0.205176834077938	0.399969577379003	0.378846516753805	0.22025698533282	0.303654160186323	0.547131536114978	0.21598522206103	-0.0419828103553781	0.0611466489701103	-0.0125764547699609	-0.192524792294913	-0.115969066138187	-0.336637641069293	-0.289317377608825	0.311455441807953	-0.398586373874722	0.194852292486387	Cer d36:1	greenyellow
-0.404102714500599	-0.610851115175796	-0.521419802130199	-0.524851156142776	-0.574116891664619	-0.13306763735593	0.00226983285794918	-0.291288716469269	-0.273191124282505	-0.132733289372342	-0.147536852036492	-0.141789615666065	0.328942104933411	-0.0460956532498942	0.145018223010095	0.193048044418339	0.734714076086009	0.573475297004803	0.257361948178736	0.335051074560288	0.0466377697401491	0.0977452891042158	0.0920251474383168	0.112655832962832	0.526161193240202	0.644226192282592	0.309581695481829	0.160117146663671	0.141255450741212	0.192420834013562	-0.0951651616839462	0.118692012896991	-0.153629600065654	-0.229005235819979	0.141442367815574	-0.35542473216208	-0.0558541856531466	Cer d36:2	greenyellow
-0.224390434086954	-0.465248520376285	-0.145154445731656	-0.261060192511113	-0.544110242016372	0.00395646243719877	0.301719582087105	-0.0140440452807598	-0.336085190567268	-0.199126072313299	-0.223893009239811	-0.361423757424367	0.264795499013931	0.115912271135952	0.194867801252383	0.252670703704866	0.889319919820751	0.702350803801458	0.449539919918282	0.312587413728413	0.238038987290782	0.345868483739298	0.368925626893671	0.194631912272207	0.309351027242694	0.442822397264836	0.29885862807821	-0.215315644127583	0.00444369613338239	-0.122102456394284	-0.218049947608841	-0.219137349817482	-0.430086021027582	-0.299155998137486	0.444280006345437	-0.193151997009924	0.101155625520169	Cer d38:1	greenyellow
-0.189614491835018	-0.564244602476881	-0.187928747361366	-0.30558645721294	-0.560885977835072	-0.00332778016317323	0.107679527206009	-0.297180992207756	-0.551467501720398	-0.36915573483237	-0.460609408847695	-0.270080563192316	0.41714008035612	0.10641125162755	0.172314783923657	0.175946103457527	0.793597507304855	0.480879305607034	0.177954827415336	0.15264320909731	0.065885044770263	0.217653676696705	0.0165338045124462	-0.129592222393811	0.45524801813043	0.600806972604917	0.302181502648703	-0.141288237301738	-0.193794265252144	-0.193342292769844	-0.253263673844792	-0.00662862600824841	-0.153924563535658	-0.171890876941153	0.301128814839298	-0.0772961514250293	-0.0654047560285715	Cer d39:1	greenyellow
0.195306508359004	-0.0704682853018345	0.240976583811062	0.193398362384117	-0.309369398016007	0.118668586083718	0.213494958566742	0.10666359331162	-0.257298183727588	-0.155410731705752	-0.345672245678243	-0.379544659199774	0.0735989134388609	0.0870457843979897	0.163207094957788	-0.0540180606266002	0.399805872559945	0.402847829148312	0.343421998418586	-0.0699774573521692	-0.0290645936347959	0.179145152693171	0.181104743091124	0.0148188032092361	0.0612123733890595	0.0543606183297224	0.0623681697378716	-0.510415490165285	-0.200764788440047	-0.346926909394724	-0.0359828216512592	-0.252192819717108	-0.309142396185278	-0.0787592018296345	0.9242199160441	0.144485369569862	-0.0207971915618772	Cer d40:0	darkolivegreen
-0.278388708076068	-0.479647084932373	-0.14019945951318	-0.310743650474284	-0.480827212847732	0.054627981776238	0.392871559193164	-0.0456843929816927	-0.383225325177541	-0.287058399455933	-0.333324859894972	-0.360576210222888	0.396064517571189	0.218871255364763	0.311523977748897	0.326639433043578	0.915857062555476	0.746571532401368	0.560216214853425	0.360744738869415	0.241674464084032	0.356532598821142	0.356151019761891	0.201009984593463	0.337202074416806	0.543875461829274	0.247047452394739	-0.24613221128281	-0.108498416889488	-0.207891388056803	-0.276362892826618	-0.294002245606875	-0.480579984634514	-0.357317796361785	0.545260994577027	-0.207907473686596	0.112381110547957	Cer d40:1	greenyellow
-0.398224484313023	-0.518748401490993	-0.233687524594251	-0.351449008800373	-0.519708033461124	-0.0384724712353562	0.316430532417713	-0.22447373116608	-0.363399162837369	-0.270462167907754	-0.253968904406949	-0.305623268757306	0.385653026825049	0.152581352055949	0.32677403727243	0.286268873131844	0.892091880345536	0.76231193408789	0.471789426064518	0.399614806377149	0.268922499622907	0.280227466612202	0.29806874237322	0.167927231643476	0.375017165456094	0.569986029521985	0.399000309027597	-0.161611884130846	-0.00151829965946214	-0.134830971920264	-0.190439464209993	-0.121273790743869	-0.299597901624543	-0.330978180577809	0.261590761144775	-0.220237644540321	0.0973491362933182	Cer d40:2	greenyellow
0.0466667687641497	0.0345812816036043	0.17533114713119	0.235736119057146	-0.135816906357633	0.25892590480162	0.428221561618646	0.559208635336704	-0.0309389562539849	-0.133600024668204	-0.203204006236947	-0.172819680938179	0.0751055888655067	0.361894687997702	0.16065193735198	-0.00322880584719334	0.538656853593075	0.401418122437536	0.37740723924611	0.272003269436414	0.496247256984029	0.279681421371183	0.392617676377065	0.185630152010897	-0.0239620387778033	-0.0805647864229513	-0.0716958809936966	-0.536553829077514	-0.354780388690827	-0.487907265091905	-0.164404125718465	-0.430797839648411	-0.385827874410231	-0.359613850491898	0.24680386674554	-0.267324902987324	0.0979825440704753	Cer d41:1	greenyellow
-0.232859322838276	-0.306689843924282	-0.220836786835534	-0.206516106586955	-0.193088593721979	-0.0215107766598717	0.113960120206291	-0.0744978686552189	-0.23606292131908	-0.196084658300486	-0.225641855236655	0.0759068410313252	0.284257358892522	0.150709700245713	0.0889495866204783	0.0389937444268503	0.545105885055068	0.467803397124524	0.0389519048720699	0.107622222240956	0.0251965035689713	0.10883055534057	0.000588900163117985	-0.0712882910246191	0.437396114596741	0.35611749298476	0.226759853342631	0.017512664212309	-0.0620427014024045	-0.149138180319611	0.16162820714089	0.0896340354798327	-0.100825705504553	-0.153753649252117	0.0665413127944602	-0.217127396887707	-0.0317297663947495	Cer d41:2	greenyellow
0.180418474075253	0.0160870628547181	0.343668973590943	0.33222319310442	-0.25502070178464	0.117978135848117	0.140910476105148	0.0465363760239991	-0.288166493416375	-0.177074320016707	-0.407334252195002	-0.302225194818533	0.0699646484330267	0.10513880173452	0.173324774677749	-0.146605671435702	0.322881944860916	0.384403066296362	0.307820022824414	-0.144286704661019	-0.0893736114373393	0.134863573641391	0.0818065971885317	-0.0949593747847231	0.0836363000169933	0.0310784223532066	0.101188636263205	-0.567962168074825	-0.296443810795355	-0.477292336244984	-0.0121860359344899	-0.235986673636995	-0.286107407768837	-0.0352307972786699	0.913789350087033	0.253776225166528	-0.0639889210670528	Cer d42:0	darkolivegreen
-0.204719832005291	-0.334496309600978	-0.00269388085405567	-0.106371668790232	-0.415660653036481	0.0872748071818042	0.396229109868783	0.133314243205607	-0.335583972328177	-0.271730555589608	-0.358743579678342	-0.369741282746834	0.319316073729859	0.235390702519023	0.319391312672968	0.163515578046316	0.83134367495118	0.770713742207442	0.569615785570076	0.249633458690058	0.262854699988389	0.336469708548351	0.350077803010706	0.166559784879269	0.279774625214944	0.344305941342727	0.223527567993968	-0.390493270285779	-0.185900979119007	-0.349499166944471	-0.208085902412762	-0.33128981946429	-0.488194923577236	-0.314091704078811	0.57123188071979	-0.186495652818883	0.079795990248957	Cer d42:1	greenyellow
-0.52155657940832	-0.4634111605055	-0.291837117787039	-0.349303557871981	-0.368269879433839	0.0872372229163322	0.478872666442593	0.0336812369465345	-0.252359285585884	-0.148571473502719	-0.206370774047865	-0.342240591345045	0.356523044376715	0.233227858697303	0.24110506791406	0.279438079502851	0.784023350913356	0.956979540935622	0.640834199085477	0.382682314068429	0.206074547887123	0.414541296937365	0.422773931025724	0.250233489143485	0.31304637964902	0.425391304163812	0.346477297221367	-0.166943132568461	0.124954989919352	-0.0765549763102719	-0.187777691562603	-0.163042728126769	-0.481826767185468	-0.470038030115471	0.412262918680475	-0.34764119881185	0.323814074558869	Cer d42:2 Isomer A	steelblue
-0.453383887991522	-0.421758000414514	-0.311522967592996	-0.269059264885479	-0.366550280776179	-0.0659337772332298	0.304674407308778	0.0754634582663411	-0.296552254046321	-0.115061671434718	-0.125048520812857	-0.246405519587475	0.353242614687952	0.222185209964064	0.312547356860361	0.178988838177732	0.702956091198713	0.945293085384661	0.499038755276554	0.282953591183924	0.0760465658501413	0.366687652041966	0.352219895960855	0.223596434795494	0.339047309311208	0.265837094899571	0.300240139116682	-0.097295155154017	0.130414280269043	-0.0635489410557507	0.0185583138589391	-0.0116136008787332	-0.35313436092119	-0.424246782919774	0.298033101719393	-0.343506278005869	0.263824417135629	Cer d42:3	steelblue
-0.118958099998802	-0.139900605545257	0.12334086665201	0.0199429764094254	-0.13921625260176	-0.0110233116615542	0.277087936680554	0.247860051493016	-0.153592139276529	-0.286531988620341	-0.307562810615678	-0.0701562738105689	0.188424841453197	0.228718776684128	0.119160434062457	0.0672289978058979	0.482249532990162	0.455683103510259	0.260185867632788	0.0779360198232569	0.222112341283858	0.24231225431013	0.184879291219673	-0.0112207540971061	0.214446768449525	0.148295709990733	0.172131640428321	-0.262857200284834	-0.224159034894951	-0.384397370025097	-0.0245876801421378	0.0651016564045757	-0.071219871359467	-0.0446812952680731	0.234754277298824	0.0780427743489273	0.10991647122719	Cer d43:1	greenyellow
-0.023809384946851	-0.352818378053406	-0.273704797142566	-0.318264557750722	0.0074224866591368	-0.0499415041789389	-0.0524958110715404	-0.227156069174205	-0.280843410040627	-0.141475905502235	-0.0783883969960945	-0.0807282548971872	0.205224385764019	-0.0466437369840637	-0.149665437133671	0.0889798324062404	-0.00454477208974785	-0.026277816139268	-0.124284700511389	-0.159649820838008	-0.229127648394238	0.00875850036047602	-0.170419101371831	-0.0345851544935669	0.193946248812287	0.187881329216855	0.0779936784768815	0.147370460353675	0.160983952288766	0.137667640609859	0.153072649865883	0.408344801574291	0.36017971962528	0.252425570368536	0.0813169639149868	0.0271621626844582	-0.0345423479264932	Cer d43:2	grey
-0.393704992525815	-0.149424847039303	-0.0775473763025394	-0.179604751491272	-0.115402411559756	-0.123464639097675	0.241374592147854	0.158401009839552	-0.0904651699153212	-0.131305270419171	-0.0862575277969261	0.012659777561407	0.274023950922511	0.223370604480758	0.331223713205577	0.255951067704924	0.462245171101586	0.620188610786268	0.40954670708305	0.224031056536207	0.124640453120843	0.26837084385172	0.263844003702167	0.203988427951999	0.239004784704522	0.182204726594238	0.247802420982595	-0.0441026169309488	-0.14247833889138	-0.212086424047129	0.0254109834295432	-0.0367255362162923	-0.323043186212745	-0.159663590911302	0.202631116895438	-0.137270159857363	0.21669759263661	Cer d44:1	steelblue
-0.1518289824149	-0.344857079890545	-0.344237571588047	-0.389285702364733	-0.00209442245413915	-0.105873563873055	-0.0476057519490063	-0.36630189560925	-0.142000294218619	-0.208098384042937	-0.162419708141834	-0.148795692023975	0.103742055175483	-0.11101826047648	-0.222291773519564	0.296126586799559	0.00176152820132987	-0.0441065215821377	0.02353125245105	0.0903739269233854	-0.166341239904309	0.0285386731196973	-0.127222987251306	-0.215687891345803	0.129961789464596	0.323858369324911	0.324187048911306	0.235859749996398	0.187231178726778	0.215569882002925	0.1021365713722	0.571275505916609	0.44073438307053	0.252732082778372	0.0618617381757749	0.132869277804172	0.11194569836996	Cer d44:2	red
-0.31992712935676	-0.313226414233506	-0.393107729269167	-0.485019064972265	-0.0460945355922126	-0.399336920623943	-0.207913828369758	-0.191197654569966	-0.134063236864415	-0.0910259612635652	0.00402136032803147	0.184955139191624	0.290446243417268	-0.0436037779910887	-0.0108436797555861	0.310646973881568	0.0596893247994958	0.109308781744975	-0.0654917514326132	-0.023771714206199	-0.2733679372418	0.0307356154518332	-0.232190815371397	-0.0658078019319661	0.346704254070806	0.316722308244684	0.28734152716211	0.377690094473635	0.0770213634810498	0.185392140497779	0.0922094880215236	0.626736457136875	0.275645168996237	0.0800472574267095	-0.0130586112591018	0.0672335674204571	0.117912080679432	Cer d46:1	red
-0.149337116442067	-0.257193684886647	-0.454792282732353	-0.430073142923769	-0.0814947995942519	-0.153033287687716	-0.093696137898025	-0.161264337928489	-0.00534904921185614	-0.184309034096662	-0.136501174692817	-0.093517284538393	0.203145165629983	-0.0920498077798135	-0.428530054009181	0.0797266783064584	-0.0260304537674504	0.0534445103082324	-0.0540903917182459	-0.171727964779777	-0.286602938698244	-0.0577961380335329	-0.241478051306665	-0.120729932528778	0.282571952237192	0.293111287974088	0.181158614890802	0.266947407124302	0.149504227847574	0.244912742160484	0.00122512232701419	0.491553781992081	0.289766588829758	0.133523663121456	0.000184325187261349	-0.0620180082685052	-0.0391737462802548	Cer d46:2	grey
0.151507118279097	-0.30111628675645	-0.0599096463488316	-0.109880937164935	0.0297406457474803	-0.0920727676486373	-0.0838609993752671	-0.156846366841575	-0.40375383512184	-0.190774192475144	-0.219842986812668	-0.0885157982442547	0.0917336725015406	0.0285459835414826	-0.00261236341757845	0.116991859114247	0.113272040215257	0.0183013434698576	-0.0566204237336951	-0.000732279936827035	-0.0700835897777283	0.0381916269852385	-0.0664715938622484	-0.160583057207396	0.0574958398149538	0.158539484489075	0.124345481717724	-0.00269232362491889	-0.0872598398724943	-0.115048872816199	0.105821880828369	0.310867698013301	0.271842120335439	0.242549424440302	0.142533919786049	0.107004415633654	-0.114063739267607	Cer-NDS d39:0	grey
0.254538622645833	-0.15999012517895	0.202063823992567	0.108066298430952	-0.411505728126218	0.100789770649717	0.0224171355351646	-0.225545228674636	-0.337321628471612	-0.31531210401467	-0.536146814234259	-0.384077065573989	0.0793738263600257	-0.0748026749071358	0.0217767102965197	-0.14143407381046	0.324458186082693	0.262128440336417	0.192823685544788	-0.227847578784089	-0.244033731504106	-0.00628376283616824	-0.0201695797234625	-0.216229637889987	0.168482119588338	0.228063976649006	0.218407544777917	-0.347781968603587	-0.133675918612303	-0.22988419393629	-0.014607764703217	-0.0893323921909559	-0.0946183405120328	0.127510964333094	0.952274658399036	0.286966429219612	-0.262709328444994	Cer-NDS d40:0	darkolivegreen
-0.15872450564204	-0.464594810168361	-0.204564118626573	-0.375700403750688	-0.38136630466617	-0.110309666133747	-0.100058050688255	-0.419597215394036	-0.388767097242866	-0.401818649301641	-0.402349629929738	-0.156503907491894	0.343396350203365	-0.0146435705336429	0.0571676321949616	0.179298991176946	0.294956432277567	0.242678869793568	0.123414025688213	-0.0969477011913513	-0.233738391543319	0.0306052361223002	-0.199977928537379	-0.135573226302265	0.455515085628964	0.514850037328287	0.480791362314387	0.00600019316991813	0.0190783311985106	-0.00631409169770175	0.119841186200337	0.457382221544867	0.105527402872205	0.131212739044312	0.554736619606455	0.20251470621475	-0.091651751640907	Cer-NDS d41:0	darkolivegreen
-0.134933584248283	-0.394017918353585	-0.336832681707057	-0.341488435289444	-0.210847279221805	-0.221228205510339	-0.272824218974473	-0.425079967899951	-0.343311107314337	-0.208255946324078	-0.251635381935811	0.0289075021486248	0.222400026722935	-0.160053645815882	-0.0767848118857693	-0.0139368271341714	0.150686471036224	0.160899874160016	-0.226748747706131	-0.230901237407209	-0.476588656907456	-0.0253010974102863	-0.36234513716898	-0.27430382910784	0.417604556554977	0.28896229961459	0.377032383302595	0.364402870052005	0.198299633169238	0.172006659793542	0.222713087775857	0.611631934339371	0.295847159342423	0.197064591256595	0.235212780339803	0.123161320865973	-0.112572841017869	Cer-NDS d43:0	red
0.0687921016874684	0.187667070095531	0.267875030324263	0.322273592632982	0.130238719702653	0.0920682691690535	0.376329096306139	0.60623087756375	-0.0198438638444003	-0.0732335104343709	-0.118602578767365	-0.129453252951618	-0.0238447872502515	0.288424460947995	0.170011404339629	0.0598287937563979	0.134535723484574	0.238853386992512	0.32442841925259	0.11369101469247	0.260724482114441	0.13902071035331	0.284242003084574	0.126843804226303	-0.250172823616553	-0.283575089945575	-0.164582919880371	-0.440729124209445	-0.362206392882255	-0.511700692402706	-0.0407418396860123	-0.302820747895356	-0.254022087264664	-0.184740975802003	0.296626771706105	-0.13193727312022	0.11618025729989	Cer-NP t42:0	yellowgreen
-0.231888741150481	-0.22000700087965	-0.204056563293549	-0.314311462185442	-0.0115265519830382	-0.00664643923418409	0.28114505812995	-0.0211631434730547	-0.0122502207557936	0.0211924437503744	0.00125409513933842	-0.0427452698858847	0.235953144744132	0.129795264119811	-0.0943938384741627	0.526970142522252	0.116357678314427	0.0295971921305029	0.0868091153652351	0.182085651934122	0.0964239146867912	0.269798446640963	0.0360179323532237	-0.0761716219035832	0.0958386147025523	0.268379905691451	0.163171224703545	-0.0749393248915199	-0.170887207646805	-0.0687776692541358	-0.168486193464052	0.231485025857403	0.125932920086445	0.0461033405805668	0.042620047935245	0.11994611261419	0.458472855683846	Cholesterol	grey
-0.13026229148702	-0.0541965347843291	-0.0549001966621969	-0.237358200733189	0.0910193714020532	-0.165096648784948	-0.185220340233917	0.0329240371208647	0.0267754996774338	-0.0489788003481706	0.0754726877683006	0.217845257300066	-0.0142157661643953	-0.106386989741433	0.00526553482009047	0.113536755163175	-0.217104125361061	-0.2122861412442	-0.162358888385247	0.00385946671057584	-0.111943573135566	-0.0341810292913186	-0.0455310377152427	0.14600018665126	0.0587404699313206	0.118866041723365	0.234116527045962	0.42595830184403	0.0603937262018244	0.119494804226454	0.108655574133879	0.238569152219301	-0.0135751739968326	0.0221337525010696	-0.0556148818520366	0.140620258392817	-0.0372503490348729	cholesterol 3-sulfate	grey
0.0027185255123673	-0.0966795348071777	-0.0743671609156155	-0.0906769168060796	0.0907474432752918	-0.180009535701627	-0.228675893923497	-0.139533540608831	0.0191401884411635	0.227829342243368	0.183225541301314	0.308131567312507	-0.0083829502860291	-0.048929990178725	0.0788970860791728	-0.0530716228906542	-0.166235511547276	-0.0330572810263791	-0.223969066167692	0.000714537836706114	-0.237750246379712	-0.0700560448610318	-0.127247943169134	-0.0993192673791841	0.162065438650363	-0.020628266124383	-0.074542548050386	0.268192873939745	0.107872050330746	0.251596739739542	0.562639209553205	0.540514934826624	0.290289118226875	0.219174576427775	-0.141485409073709	0.0816858597599083	0.0103566566253533	cis-13-docosenoic acid	red
0.517631914778936	0.578290853213473	0.832283648530482	0.755392697425889	0.198757370198705	0.114164885565171	-0.092673337013503	-0.0042865599198097	0.0336622207793438	0.00594175295997188	-0.149227737944014	0.0647853203582738	-0.408819526570596	-0.0308682943685083	0.0717989679463572	-0.403694201097179	-0.27171408979924	-0.253318507893493	-0.177985196202648	-0.308798517845437	-0.0830039437787816	-0.169710320827916	-0.137984818348951	-0.338220301625142	-0.385942184008443	-0.465771213530544	-0.310566210136718	-0.264581716194492	-0.297769165214559	-0.371355697240306	0.051246814369185	-0.189772754827314	-0.0298296095504368	0.140742835423455	0.0997722104419146	0.520660046126316	-0.240670996310198	DG 18:1_18:2	lightcyan
0.601501608922859	0.334594633264961	0.528459311011806	0.518665631120506	-0.0572023755237098	0.051762087650746	0.0140954603049732	-0.175474033927897	0.0685437930312933	-0.0696924346900614	-0.10465161149065	-0.111771521418736	-0.189948836842179	-0.0965201877667741	0.021997219893473	-0.31415376863031	-0.0764579303757054	-0.267968172850361	-0.151679765865333	-0.203335414967776	-0.0574303993342276	-0.196171331351395	-0.0644034088746754	-0.236948612138676	-0.252536963885952	-0.237966693964173	-0.329661949620223	-0.338077984620405	-0.246990593867246	-0.253443091695808	-0.0465030806222917	-0.291333086480243	0.160528775342042	0.280137307032738	0.0248244006330395	0.37661218293393	-0.286201907307195	DG 34:1	turquoise
0.072756283329116	0.141648401975425	0.0525146046610542	0.049469475579229	0.237862168779818	0.10231601818125	0.166004223339344	0.137552471973256	-0.0058130353137176	-0.0297320412648045	-0.0153801471863571	0.117202748275796	0.0228369038751598	0.304330383048478	0.14081454166265	0.0940081553370704	-0.0971778361285306	-0.016509044816397	0.0224704835529698	-0.044859936157746	0.058604144489838	0.143861198599729	0.15018073790839	-0.0128853902257436	-0.0960599087286718	-0.128073061535181	-0.0215457459192307	0.0139918682415971	-0.026244816880046	-0.0960973698675812	-0.0387724597505942	0.0620715094950022	0.00673548086589081	-0.0328402403054595	-0.0146452402818562	0.143211276039171	0.156757393286177	docosanamide	grey
0.410673506191466	-0.0384712219155838	0.0747328249085384	0.0485636709759698	0.0319239872780443	-0.233276259342532	-0.341368437376757	-0.258915694723547	-0.0379309288170663	-0.216298540002284	-0.232362023095384	0.243670507195456	0.208974234732408	0.0616909987368912	-0.0254188856112246	-0.195425284793892	-0.0685067851282026	-0.0732155048494871	-0.332650997823266	-0.240837361172482	-0.497436635595304	-0.279102747326137	-0.351254449720734	-0.373886088278634	0.273606855475244	0.00271309356386683	0.0857857868344589	0.0185622269718721	-0.230020700452733	-0.118227425289771	0.725873481088506	0.473489292118296	0.327509595084781	0.386056843733537	0.224799417484657	0.1999103447725	-0.339841911353102	FA 14:0 (myristic acid)	white
0.268203846957069	0.184342210315393	0.0907230907129073	0.22382406150546	0.162263803459174	-0.238077205177748	-0.334543401457023	0.0494465680325158	0.148135884048661	0.197531932449783	0.19209352961145	0.326269013138324	-0.175619711913874	-0.10665077349818	0.0187417598471475	-0.285769829631898	-0.310741755697961	-0.148724930292847	-0.270113136554537	-0.0905907910613377	-0.300936631297994	-0.290947234867403	-0.201931533797507	-0.0448100739963361	-0.035732313338742	-0.351177633654851	-0.206777431392869	0.140056026107794	0.108018302259254	0.145349872640959	0.900665537544726	0.248439547857199	0.19693334434861	0.219000206107617	-0.034769403127516	-0.0081256141572437	-0.197870210769231	FA 14:1 (physeteric acid)	white
0.0364596572709747	-0.266897150319118	-0.307690996204326	-0.281848732711386	0.101826892626209	-0.392405415013064	-0.3628933518739	-0.243501941569404	-0.150332750538119	-0.230516955775903	-0.133725254908239	0.315035519474389	0.349754758741211	0.0944546507220138	-0.00700925905521404	0.0526313896640743	-0.0747381413375233	-0.00623839571432044	-0.205410346805973	-0.0916508895619626	-0.40851186699996	-0.142816199939098	-0.281412007192394	-0.250826121252457	0.392480752209938	0.121912980904304	0.287725211102	0.252479714094982	-0.0342909038488028	-0.000549256514369168	0.716179995008502	0.718699095412113	0.531388120141058	0.43849380020716	-0.0235118339819807	0.0623615158912108	-0.207863948249337	FA 15:0 (pentadecylic acid)	red
0.0808471736901946	0.125385370003616	-0.0402756562967261	0.028512701016509	0.24961542723528	-0.339678193908128	-0.41198052006165	-0.10199000140647	0.0993177673977935	0.0785905036471946	0.0946563053025771	0.42057818509501	-0.0984594064133615	-0.0888297705820855	-0.0877002506436736	-0.0616193925591958	-0.399166713845137	-0.253118544474838	-0.267792929748526	-0.0970483414064102	-0.341466884393255	-0.362832962270091	-0.306164344965061	-0.0981838388643225	0.0533966806964313	-0.164101094644386	0.0418691526043812	0.29168450490868	0.0864927204256998	0.15904586466668	0.873263465526527	0.4465220346511	0.397002794667534	0.317717165237455	-0.125958900900497	0.0564489529189853	-0.200877044839537	FA 15:1	white
0.0393468450879956	0.013421133693602	-0.0947768684707681	0.0577438698910038	0.160770270952068	-0.185250006624271	-0.325365788223999	-0.041114122795934	0.011252803736219	0.229107595316374	0.023374726306694	0.419338364867556	-0.0571192970576998	-0.0415782607918668	0.062921407493993	-0.17461860302656	-0.234367414065649	-0.0483707503193581	-0.290053121067705	-0.190682981377665	-0.367736705477228	-0.279854540934043	-0.292131985319903	-0.284425053405648	0.174693594632871	-0.114480300659672	0.0109775234063927	0.198048791987974	-0.0197476935062592	0.0807246728346702	0.886176597424159	0.405807236066427	0.346162362847296	0.230829219999561	-0.0320230182810784	-0.0277153214193166	-0.182798039145218	FA 16:1 (palmitoleic acid)	white
-0.101049507183418	-0.564080733677116	-0.461323887026515	-0.534134404879684	-0.194503887623697	-0.192570838138417	-0.0208861829293396	-0.396194961283018	-0.316527582724389	-0.258815195472809	-0.117364163133488	-0.135202543611334	0.377743346018628	-0.059367031135927	0.174934748653605	0.263782576150187	0.371069428436561	0.218598904528567	0.0883647278054933	0.152119297127735	-0.15304718231098	0.113846472158888	-0.0041382055507274	0.00821766620787749	0.408422289349935	0.429566763122766	0.209025245036055	0.226183664710221	0.124893676237342	0.164993295692146	0.27676531790253	0.530729863232128	0.34576554735223	0.223124998962174	0.0647645344757514	-0.142595336541421	-0.045891074501258	FA 17:0 (margaric acid)	grey
-0.0577352689293494	-0.40399097915228	-0.0150009280910196	-0.134720672542777	-0.225770696575176	-0.1989035601741	0.0346494555930889	-0.131895632970444	-0.271456299402559	-0.131410855144569	-0.225248864303141	0.0525894805399298	0.452925580815226	0.19864687907817	0.328220689138639	0.0424007730795995	0.322802199102976	0.422078593549785	0.0821647900167367	0.021773538432345	-0.158420676629564	0.0715187560410005	0.0111597469114852	-0.0808798320891913	0.493246268318765	0.181988788495123	0.275201707904384	-0.0942867651438166	-0.251135673518085	-0.222083612261781	0.294725640548018	0.15642776624549	-0.075103600682746	-0.0196828926612101	0.193199377505561	0.0289048338830479	-0.0148843592565255	FA 18:1 (oleic acid)	magenta
-0.307735095888499	-0.447288450792133	-0.344714922661844	-0.372478579370831	-0.288423602856034	-0.567922132447692	-0.428088343704494	-0.243914290997047	-0.278751029005563	-0.178305916232004	-0.256546919530938	0.328418484912638	0.550856784991297	0.0660497877732677	0.142869332847357	-0.0357672539748618	0.313958571862441	0.39313379071659	-0.189351077550733	-0.205474819801734	-0.382959549646427	-0.161109697718226	-0.382792482502609	-0.221906929522913	0.875649034661284	0.43319357891894	0.458054511163634	0.285665139511627	-0.152805597534959	-0.0320917306838204	0.335360826521981	0.369705107424512	0.0799358158254923	0.0622563976199677	0.090880726963792	0.0116640120578861	-0.241049855375465	FA 18:2 (linoleic acid)	magenta
-0.129011452644727	-0.160880606562818	-0.0782348849931124	-0.065233440456913	-0.191557196736618	-0.427053077216643	-0.422534628332164	-0.155258342205481	-0.0491530423787407	-0.0158776627649475	-0.147848402280167	0.482820612610138	0.32271022865726	0.0904237520962776	0.0590403835873447	-0.230830946152498	0.173450183879233	0.270307450330096	-0.265461527498359	-0.194925580348084	-0.307806140304236	-0.227002538119923	-0.323862034840512	-0.216809720002731	0.668471900106759	0.203000015874369	0.315841986450465	0.157016271003497	-0.268215264207796	-0.109893392216678	0.367685703118576	0.323736468089971	0.101075366650708	0.0639855709768868	0.0340199936887552	0.137465663420176	-0.239671705658705	FA 18:3 (linolenic acid)	magenta
0.107312933385627	-0.252841840187101	-0.192340686360648	-0.137966072958271	-0.0579872271790182	-0.358069101054865	-0.335776070995785	-0.196567640934901	-0.149842164973154	0.0298824755049268	-0.0789237319401185	0.370532121846208	0.338064472099288	0.0950928491713506	0.135416209232906	-0.0921238912736733	0.0510700378399213	0.110237520386197	-0.277104440936221	-0.185704241698776	-0.358892528257185	-0.192646987903866	-0.3495463957612	-0.267224153085906	0.482781868556876	0.0939578601494969	0.181644493019086	0.0549167265431083	-0.220097788586582	-0.0896067662853967	0.767897091728118	0.499292838196632	0.35802889985558	0.247192417896124	0.0176752384079758	0.0429209155727062	-0.249717202722221	FA 19:1	white
-0.145641241832443	-0.373338486979152	-0.446583181704951	-0.331288380534452	-0.199182126612039	-0.368947719505529	-0.34889328148728	-0.182563801729089	-0.245681803985638	0.010080597385556	0.0202239355672683	0.160012515447638	0.276383056041088	-0.158302073816759	0.146270462121078	-0.0879134940429742	0.185621657172409	0.18944705052778	-0.191542850438189	-0.11196360392135	-0.362419321533153	-0.0901751894150326	-0.268639868833468	-0.0702054241698781	0.499354766366595	0.192622940846317	0.141613146506906	0.318585349180389	0.0130444642687134	0.10852592852334	0.401062639990882	0.5128379049207	0.300827847914859	0.1591720850931	-0.0334907154291997	-0.199426833199493	-0.171881027307528	FA 20:2 (eicosadienoic acid)	magenta
-0.342258548331231	-0.71543269580099	-0.553004289475697	-0.619500333118542	-0.555227829129543	-0.293053801516182	-0.366929820975642	-0.492739458830375	-0.403837103685051	-0.28412222582542	-0.353484510351874	0.0860963032278244	0.571732825929541	-0.0391043818711169	-0.019271644740335	0.0673059842604715	0.449176905545561	0.293996297488291	-0.137422370421162	-0.174691818373027	-0.272690915490369	-0.0995127645778226	-0.331321546825842	-0.235449911274166	0.903378512996007	0.779638678562071	0.661460564307325	0.346854252139466	0.0114235484575915	0.144224718963119	0.000994398206802721	0.341325949703475	0.099571000010612	0.0731534894628988	0.13960467825037	-0.0663340623033381	-0.326917461365516	FA 20:3 (homo-gamma-linolenic acid)	magenta
-0.345859875057032	-0.699749018951368	-0.554537180579195	-0.688429684578028	-0.478692362732917	-0.396409179462797	-0.397465312255882	-0.53847943396198	-0.319897824928917	-0.189918519870192	-0.27531352354821	0.196246657540178	0.642449940913802	-0.000146471400312023	-0.00252824710506891	0.172897407276181	0.386522647745344	0.233676142182597	-0.154228681464536	-0.109812380087565	-0.304392244066026	-0.12456877740373	-0.342401798072293	-0.184922388593949	0.922113417154664	0.820090005736662	0.632391368377418	0.405118454928159	-0.0714227196867174	0.151315876533794	0.052159170083005	0.405479746839901	0.142859088020055	0.115515347552735	0.112364476884007	0.00558599589461602	-0.291945206615089	FA 20:4 (arachidonic acid)	magenta
-0.0472229823735437	-0.127122167163796	-0.191790238056756	-0.274678967570387	-0.180608729701706	-0.226527029852314	-0.28410612397309	-0.311405151796679	0.164147686680813	-0.332742597820095	-0.380845726272862	0.26181613092463	0.511447264504698	0.201174933392134	-0.0522101926534389	-0.108715675520089	0.0963095117856936	-0.0365625669165394	-0.25752746616221	-0.29536172845251	-0.184144816048727	-0.338464486238623	-0.409890776611511	-0.378996948702801	0.649168304270307	0.356825993609308	0.388814559839006	0.236778517161942	-0.217832533611141	-0.0654345036605655	0.0117312574690886	0.163155915220948	0.0737655523739902	0.0919880387786264	0.0214668231200052	0.204349755142016	-0.375444126679225	FA 20:5 (eicosapentaenoic acid)	magenta
0.00183460922967193	-0.343836827070636	-0.135754609245605	-0.298936108017298	-0.0638314169240406	-0.453823214379294	-0.48493933511777	-0.384802855243421	-0.211789007042146	-0.0496493434936376	-0.0291861364763648	0.318402289030108	0.270299534974067	-0.0794565528428893	-0.0702241332034345	0.0514885937777665	-0.117526289697621	-0.0576657340522509	-0.317461000183783	-0.150168144906066	-0.429711212832194	-0.130457071348048	-0.404931836029941	-0.241409150326848	0.450923612610822	0.224317432509238	0.270167186597652	0.33897953696126	-0.0951093278171496	0.0696424133575063	0.552970947945034	0.861341010755237	0.440354516972847	0.449132819373157	0.0481626272903436	0.383063490574589	-0.175358117648432	FA 22:0 (behenic acid)	red
0.0956432720548658	0.00151052050309099	0.0136675245096848	0.0336510230078007	-0.0353559305085917	0.048298054823963	0.113632031451329	-0.0736326489042634	0.00306776064099796	-0.00455357681899514	-0.110213392924689	-0.133272357345473	0.0299519994135708	-0.0529257445956764	-0.172122720541383	0.0951295313982738	0.0748132843867756	0.112581133071888	0.0856053337740146	0.0691607242114218	-0.0402831641091898	0.105210217905848	0.00664781516654993	-0.126925418410927	0.0342737198742873	0.0818951834012956	0.0312619721468964	-0.0668693055577825	-0.0519736257506066	-0.0156550403635154	0.25572686736756	0.0928003584505515	0.0253273717119441	0.051024851852283	0.18946498246118	0.0000977020515798518	0.0162219177867044	FA 22:1 (erucic acid)	grey
-0.203576546489135	-0.192819640825194	-0.435670673581335	-0.34281767260358	-0.0341224914253019	-0.307041017387889	-0.278385332691349	-0.00990415230784858	-0.00694990326758115	0.270650085813036	0.269717706905127	0.331080376172255	0.129890323124588	-0.0419815059175721	-0.164180010878258	0.206020415865988	-0.0633415656486962	-0.0949056181839714	-0.222824512789049	0.0481569799810179	-0.134754268372755	-0.0203295193531831	-0.162817806155196	-0.0654669119361449	0.274876828566431	0.165470042399772	0.109033993231651	0.255802078862823	0.0145549636911506	0.167328249276851	0.371417660705009	0.491830717804106	0.397693118751834	0.256752846991741	-0.189315009160859	-0.0412146947313343	0.101161248362451	FA 22:2 (docosadienoic acid)	grey
-0.273215738023715	-0.713652152233251	-0.607461513894504	-0.657086750391973	-0.501261455320077	-0.369342336453698	-0.417004925436692	-0.554546291465845	-0.362181093535868	-0.228644299768097	-0.27085716902072	0.134026206299288	0.637708276198048	-0.00653662606102284	0.0190422417129666	0.053673109770504	0.413635797517173	0.291086999624433	-0.175843524321325	-0.144026884995129	-0.362734167269329	-0.129510331822921	-0.326824420610057	-0.226493441164345	0.90839844222681	0.721622715004918	0.583814998361187	0.401469482833934	0.0229461044083994	0.183402921820278	0.126358284422994	0.4456877436224	0.185434663278132	0.117590024904851	0.108607793191193	-0.0588006840006173	-0.33737525125667	FA 22:4	magenta
-0.227860825985488	-0.39743371538269	-0.448210330799007	-0.533384551766056	-0.250404611863376	-0.426747023512468	-0.366294866626779	-0.380999003075947	0.00629607441455517	-0.374854719465492	-0.330380340651883	0.268783176698392	0.704441300134713	0.186039778458367	-0.0758961294134868	0.118640991656621	0.216844957572872	0.128813211923928	-0.188730055095869	-0.162883805642236	-0.281888987162849	-0.264342167858885	-0.458360364406099	-0.328796487746896	0.840498628380369	0.55944034131398	0.555614983947233	0.300937327413655	-0.236388339849889	-0.0312548767469035	0.103704126036411	0.400842894372682	0.140043909803674	0.0605197591535492	0.0692225319490216	0.0689256681576693	-0.315819203939591	FA 22:6 (docosahexaenoic acid)	magenta
-0.13754460987487	-0.37412639895125	-0.343481631968259	-0.439542483981991	0.0626772555062531	-0.376598734633303	-0.335114921756619	-0.234926954940264	-0.125359366499419	-0.142753014577942	-0.0509198737375809	0.234674682580726	0.327656093102896	0.0155614070119068	-0.055473047135816	0.21360540182189	-0.183927848906701	-0.0541255960283176	-0.162429293639286	-0.109774521437964	-0.35397215559658	-0.0594813401519829	-0.259898323709978	-0.133100543824749	0.428569321976782	0.252255133927299	0.417388144305758	0.376936344082055	-0.0491323884552979	0.0853241403931812	0.419601173912505	0.88924517350758	0.474491414039574	0.352859466167989	-0.00244719386654594	0.197511518175545	-0.0400300456075678	FA 23:0	red
-0.378576215759992	-0.364042614185664	-0.23599163433518	-0.338427436129225	-0.0108129475459682	-0.107253980948026	0.0927315482743222	-0.139012635262365	-0.150825868965979	-0.116051119467365	-0.133659024346549	0.168138629502404	0.514423763565656	0.408890672026117	0.11177332444622	0.246820117317212	0.202078111932463	0.338778675462782	0.155745018161135	0.146712683666827	0.0505948143639919	0.261879493248715	-0.00126330757463499	-0.0247083951621204	0.443619953381406	0.377714871162699	0.409566986864051	-0.0752227019452712	-0.232219847452304	-0.193459470708848	0.0156483566635321	0.312442254487804	-0.0277361587038456	-0.200205850774216	0.0711445311312491	0.085963084154817	0.283980977271312	FA 24:1 (nervonic acid)	grey
-0.0869351042343272	-0.175580171011171	-0.28067619377574	-0.223749083525175	0.0952702866244664	-0.371342031732685	-0.440684853281868	-0.144799625392582	0.0166069937294325	0.155833617897592	0.139896390676075	0.38614382657336	0.0698466020417305	-0.110635338307087	-0.0989964086167827	-0.0351043601278674	-0.257133829919664	-0.109452306732517	-0.402128916484428	-0.206370553475563	-0.420779165673612	-0.186096813390447	-0.378899582239302	-0.217947797491682	0.320565825716362	0.0623608972777858	0.113941115360677	0.404071128476446	-0.0317921149276044	0.189334619514623	0.563820489694884	0.844705290451448	0.471725025862584	0.247111190319243	-0.192277507865311	0.132068547557395	-0.0983775440472747	FA 28:0 (montanic acid)	red
-0.0520841264909381	-0.108841176991091	-0.159264002657845	-0.0801720468505444	0.204446713568753	-0.270086689434372	-0.270451223640431	0.0381568671233969	-0.00367260685246118	0.148257112826393	0.129014114738761	0.392457458251241	0.067783748538661	0.0457246981495317	-0.0498449883727707	0.0683012503057896	-0.145737232832245	-0.0581737640573626	-0.240581849555951	-0.0414563756524049	-0.156282213506058	-0.0127885589069902	-0.27990759877406	-0.150487378220147	0.242827387261805	0.0077753091369344	0.119167263743382	0.149703869467086	-0.261196601802109	-0.0998365136952902	0.534022217756514	0.699590274406009	0.344746389964443	0.199377156829329	-0.151728702995971	0.0735422606720524	0.03002092427608	FA 30:0	red
-0.0393437760111233	0.197691593604722	-0.0198941089633058	0.184476872419153	0.288058247890497	0.0153043113765825	-0.0660900771480018	0.346472463011958	0.254595650715764	0.448925123503386	0.31421704297685	0.273899372503654	-0.21952951099323	-0.0591823888401273	-0.105821787282447	-0.0573739613228712	-0.180666339667489	0.0191573034091141	-0.0830868555189498	0.086285261737404	-0.0341599744862882	0.0486903012031344	-0.0361924970433194	0.031452010322671	-0.0792287537915653	-0.272444490718554	-0.238053327942548	-0.0649053973590627	-0.20908556183635	-0.0322868952380395	0.434835952892709	0.295684721316091	0.185204255212405	-0.0121190460922167	-0.0955112991721122	-0.169231328051584	0.189837858468945	FA 32:0	red
-0.155092437489625	-0.408051848254882	-0.351459908720807	-0.459657601051399	-0.126462943449689	-0.374672401999683	-0.196297363057876	-0.380758908036187	-0.210795313197583	-0.319986494096936	-0.131576903247469	-0.095184286025659	0.43652864093267	-0.0479536084406755	-0.00673092839560917	0.317595761129379	0.0224571254570953	0.089925032981984	0.00381504286742184	-0.100881040213334	-0.327265325567819	-0.0278144537557646	-0.211946347226549	-0.0263904754623207	0.429519542947067	0.340457959016379	0.431170696125417	0.284263377536523	0.0919843263637325	0.143809785257323	0.00443406403223392	0.486393181940033	0.194149246549048	0.156251493601445	0.122162320833695	0.0900571451798832	-0.0266372101632734	FAHFA 18:0/20:2	grey
-0.0854395096507346	-0.300320357243024	0.0317949171578558	-0.0664444594242824	-0.228916588058376	-0.251786456538214	-0.086968804287076	-0.178321856998216	-0.270963798467093	-0.149711046899881	-0.282154510041727	0.0848744614253265	0.342360894532894	0.0997604131171448	0.389239812498405	-0.108774187571671	0.339808508447696	0.40323927215921	0.0645033931319431	-0.0193716892094409	-0.128221900614063	-0.0549382203320376	-0.030300057648159	-0.0212040788086905	0.515995805515047	0.200820986298877	0.306292939363653	-0.0266886236777631	-0.18943744347265	-0.183374183426959	0.252112745459388	0.00631863912756354	-0.118395461235159	-0.0635394833953481	0.131060040308785	-0.0279209908659134	-0.179851242891429	FAHFA 38:4	magenta
-0.318437775076008	-0.315698863007442	-0.300493502409121	-0.31954898181639	-0.13753574880522	0.0901602650916017	0.23627142560076	-0.12336018075799	-0.206895118896386	0.0475811267111412	0.103912087310534	-0.0554952699626189	0.282147490809442	0.0833470549752458	-0.00833298925896999	0.332886857243214	0.251684225182139	0.290807518528362	0.206046949746624	0.158498204630646	0.0491933021116557	0.667636879396313	0.18915990968513	0.152873062971904	0.231462308025686	0.334880665021816	0.303374254625218	0.0725761364394333	0.129582367024935	0.0795083839020814	-0.0959645347818479	0.284540175860394	-0.176355820474617	-0.159975051844897	0.157522494211976	-0.0862623198118794	0.48181577014696	GlcCer d34:1	cyan
-0.235909923633908	0.0626309587013016	-0.0942760430232956	-0.132931663566928	0.197189740207466	0.0761112854254389	0.3437990753178	0.425153121969296	0.228506215463296	0.250505350792317	0.383540225251405	0.182109985772923	0.104859638124532	0.281237836229598	-0.0212745774488678	0.483488217597362	-0.0265512364353915	-0.0747151748175481	0.233681109245575	0.424925229252693	0.446492678925499	0.368424834921694	0.382158731846768	0.454058889897171	-0.12448098606019	-0.0138310863109647	-0.0689634756842634	-0.0236205138311273	-0.107928260838853	-0.0458582408407556	-0.267787433856636	-0.228498228866648	-0.215688046882418	-0.17423917125508	-0.273424000547124	-0.193349412990328	0.526012591051444	GlcCer d40:1	grey
-0.284228099779205	-0.191266727426958	-0.323947676946671	-0.308599119655734	0.0331344409682157	0.102204525727411	0.297091576191597	0.311708101970227	0.0256381833126339	-0.153911743941691	0.136363857793174	-0.111530931931446	0.143306133718827	0.0574173041031812	-0.211898676681904	0.323114094936027	0.145894587840113	0.0825465366212848	0.113450345992786	0.284941425343155	0.30259184813468	0.305644126885825	0.244836514519144	0.183715202305523	-0.0000473627003705839	0.10028911554799	0.0204301736004337	0.0491628521275899	0.160724003687054	0.0976921426560558	-0.231595446471729	-0.0581264000914849	-0.0969704898240824	-0.179807487371295	-0.372095630251992	-0.421022611976213	0.297388851924795	GlcCer d41:1	grey
-0.299228714529399	0.00979820937481365	-0.12367704994478	-0.147200260781292	-0.0174247645611582	0.0652447497846898	0.255732682344648	0.386115434346318	0.139107077857394	0.0707026300459292	0.192201831965058	-0.0657516769509769	0.104748047300799	0.121203331249428	0.0490961745962865	0.343664333683969	0.0929623867828155	-0.00872896599908198	0.211477636196886	0.26522517654034	0.427133563211384	0.282690312041294	0.215416551990958	0.245154169319477	0.000789907648520468	0.0600831612473889	0.00314654181077954	-0.088278488447807	-0.137870878161143	-0.0826034703273837	-0.416010418310016	-0.301152870361338	-0.276694037622185	-0.264060253202631	-0.0926508765141085	-0.195914474851884	0.364387896445402	GlcCer d42:1	grey
-0.489600964180371	-0.0793848779821635	-0.206094888933289	-0.22223347829649	0.190980953399778	-0.0594071164895693	0.176963340035616	0.231236027793053	0.20315053998988	0.160694211276561	0.290641934257165	0.177183323944451	0.151494074609536	0.23703225073643	-0.0811486809437379	0.405133694240789	0.0214839504952925	0.149683909234529	0.195184536025469	0.479549048823695	0.25579212091686	0.277149162587929	0.233889756135135	0.230634729265202	0.0293661745178923	0.0799908422653991	0.138166615481441	0.0119271830355567	-0.126880796673032	-0.0687619269740219	-0.092913132820776	0.0365579986529501	-0.114147194372515	-0.204983255144607	-0.312232318148483	-0.205460498211289	0.522267059027318	GlcCer d42:2	grey
-0.540797537259591	-0.458680079352691	-0.398111517721685	-0.418601161851009	-0.084040027716297	0.120335728168604	0.549950762641393	0.139765933997109	-0.127053707311521	0.0592385101566974	0.0745426554590012	-0.0648073315620585	0.339932812321036	0.379604923873504	0.179613501419856	0.703407798417165	0.439222210438658	0.50621452155966	0.611808549509887	0.601726264299607	0.422598791938921	0.557470919855515	0.52817254892674	0.338364469528796	0.138884261395169	0.391261797979321	0.302993183639009	-0.058868243711889	0.0368042053033868	-0.00778982207352927	-0.148014278101459	0.0757401535390877	-0.203275234190148	-0.320632965746024	0.0299210592860132	-0.340645646277197	0.591507594609099	GlcCerd14:14E/20:02OH	blue
-0.502668694861376	-0.35481576579971	-0.394743428785026	-0.51903535181584	0.152526409244446	-0.137388539255989	0.444088187501472	0.089584771934404	-0.100280421022399	-0.1037536761849	0.123968884451678	-0.00777112176985665	0.480918810839891	0.477465709360534	0.30175113436951	0.830490073041712	0.292890937870473	0.353186544913199	0.525380563524597	0.592354788611714	0.331441030498259	0.351103144183213	0.428772785108109	0.41061268763737	0.0923874789430669	0.322175030554117	0.235521101724136	0.0614601817917283	-0.0400548576118357	-0.0895190777466338	-0.226674700840627	0.0269143339868117	-0.131816584905452	-0.23622083258328	-0.196980623721765	-0.23334004749421	0.496990251312509	Hex3Cer 18:1;2O/16:0	saddlebrown
-0.000889121783352794	0.16645249744274	0.269429129779509	0.161254331965993	0.223419104139872	0.304254044055384	0.473655171034747	0.448718611188347	0.0672980087885882	-0.0357802294097732	0.0394880251051496	-0.140741998392242	-0.0236724764534374	0.282569490792947	0.0861529070907648	0.292915550212042	-0.0178145413263527	-0.0809419977513978	0.247157294449491	0.25049239201128	0.414344574108463	0.243975889586614	0.378464997467903	0.199225655955056	-0.312570700776669	-0.150810705436524	-0.203410290489848	-0.265868974303516	-0.230438872540176	-0.292198233680636	-0.423237628150274	-0.36470657664065	-0.21895952239022	-0.225508351758997	-0.0470369887059833	-0.0905620515081427	0.268219921461609	HexCer 18:1;2O/24:0	grey
-0.333895955530772	-0.326951443551623	-0.182121890611482	-0.184763998248023	-0.17914215321089	0.223357059809856	0.400935846327168	-0.0197416270407931	-0.231287112597026	0.0250080256927473	-0.0301647026773293	-0.179857088891775	0.287077875643259	0.220717690767006	0.0961126464211323	0.199148569254077	0.49709691575433	0.542626452221869	0.44979097365453	0.291267690590387	0.308894224153393	0.672125780626633	0.414162944404955	0.246781267626742	0.21062331200594	0.319879817736814	0.217658212778368	-0.154226691976495	0.0616613026629898	-0.100043591185763	-0.267589596805352	-0.10066709167309	-0.439134512232942	-0.366515697002527	0.265095854112712	-0.190901584340885	0.406363600902938	lactosylceramide d18:1/24:1 15Z	cyan
-0.286375403222793	-0.0762221030383466	-0.0141591887697815	-0.0608575741380277	-0.129268911479123	0.162179014942032	0.385623833360658	0.114038193044862	0.00555645114773376	-0.0627341163748404	-0.00536079864364768	-0.308121887785861	-0.0322414234821534	0.00687196966035178	-0.0174281500937872	0.229040657867195	0.335580159704723	0.451105130328557	0.433106224257042	0.307746873151628	0.254397236667688	0.442651366851225	0.395042501782505	0.201904012083103	-0.105151445443014	0.0915129526130432	0.101322700390315	-0.0854962369568683	0.136577359641579	-0.00562468441292834	-0.27329895116334	-0.0343565223774386	-0.3298869621849	-0.222652785512677	0.248312767003556	-0.0405367672820952	0.398551302467234	LNAPE 18:2_N-19:0	grey
-0.165701883612939	0.0189169441920769	0.0123379225826979	-0.0216466894791986	0.122480824558957	-0.0480463220427684	0.22879190110796	0.178097153024233	0.0447606452769251	0.232193623729252	0.160286823598837	0.278126750173147	0.0825000507394687	0.251405272947008	-0.00242552371720677	0.454374759846161	-0.0421783342671525	0.0197124211276715	0.147088241471651	0.199254431038628	0.207546942261971	0.166048390253279	0.10103302482549	0.224285473866629	-0.0557795512046272	-0.042513834753431	-0.00253859871769949	-0.120837793083745	-0.19050887266429	-0.139835134327887	-0.0701462253401471	-0.0284788832078896	-0.00711433310380232	0.0144516348873369	-0.12470819117935	0.107923163708586	0.442808018283745	LNAPE 18:2/N-20:0	grey
0.1843272404487	0.0828055503662302	0.17635857645261	0.217707156913785	0.267532753895489	0.5561626559362	0.221741228025572	0.150711485957026	-0.0984874177262218	-0.241739717153486	-0.380639563570339	0.209612769997867	0.226794722623013	0.595695995141137	0.117878361201987	-0.1354712701998	-0.0741334876648352	-0.158816247303669	0.0152218635105578	-0.0486825495106493	0.223631104852194	0.159067917216399	0.063090434790754	-0.209111772672925	-0.0299158493816208	-0.0556798472586945	0.013718133415593	-0.252389349981218	-0.364126812808384	-0.446141162562547	-0.0946818731547869	-0.0498728178490515	-0.0787447425305357	-0.0599215124375944	0.0208756596530035	-0.0305250830446161	-0.0643845395169168	LPC 14:0	midnightblue
0.0385914682133505	-0.0342776591585222	0.0269055117999039	0.0599507813215589	0.273810553497262	0.221510747851637	0.257409627247571	0.203710825432759	-0.155687210567787	-0.112972245310859	-0.235709319840518	0.430670627433564	0.425023783170163	0.783989427786922	0.25140343745754	0.227075923328947	0.0576210624366077	0.0255670053706755	0.0567599877996542	0.077479665472644	0.128821045294348	0.224005308383876	0.113770932701696	-0.115038240295877	0.129428613542845	0.0557640838587201	0.114028948946286	-0.150605816227148	-0.487309485397759	-0.486535738113475	0.0433328884438596	0.0926946946006907	0.0149696138237556	-0.0257545016715905	-0.0247396787792523	-0.0568872677362772	0.137800832987526	LPC 15:0	midnightblue
-0.132341296268332	0.0410494836746308	0.00334791235890443	0.0425148620928015	0.369569796211075	0.122777049271895	0.464020159845228	0.345383394548689	-0.0126149680477443	-0.231236955981201	-0.233517778517765	0.321574610713667	0.560208489506563	0.936667359727796	0.446010009849898	0.317976359520004	0.172208252364797	0.26829145018244	0.394186830547968	0.298527280957167	0.308302246900046	0.270562984237003	0.306591017617981	0.0835372396610248	0.096348642404166	0.0243919855172225	0.101828770834197	-0.321570191491362	-0.492909625476494	-0.606130246188519	-0.00858474027903629	-0.200869309563427	-0.210107001998843	-0.280127144040901	0.036004767958037	-0.174879676107222	0.238635460017358	LPC 16:0	midnightblue
-0.199599582140819	0.00170844619768855	-0.0414552281677703	0.0857222508368214	0.409286924381398	0.342385547198883	0.413915935545036	0.208700508557057	0.023417617245902	-0.0542383756192398	-0.0907720324040594	0.343980198892893	0.257225387901832	0.733769626062068	0.192830991530132	0.205001211173526	-0.0129482912348575	0.134259472901051	0.274200970299325	0.295735355110777	0.280353148995392	0.238578566697126	0.26737166515411	0.0415353781406664	-0.0189070696406329	-0.0396876280227952	0.0788512787475752	-0.120015299512988	-0.182999106581851	-0.329715855478112	-0.0183699092068825	-0.0181213428382414	-0.120194535179976	-0.199690125678783	-0.203459600929804	-0.20390446826257	0.321865276862836	LPC 16:1	midnightblue
-0.150662665213774	-0.1467965835645	-0.0925182270842589	-0.133529462028442	0.192550049120181	-0.0670546342569257	0.320887241254065	0.183962493676911	-0.0590953456585429	-0.238847044561939	-0.300465581494323	0.357679438016161	0.696280665787807	0.833800623384445	0.312754665505517	0.336780427605781	0.239336780311926	0.283901664560621	0.189235303804154	0.15157303616144	0.0759802442034356	0.133142544896064	0.0975882122297978	-0.0512753108764704	0.321779044702646	0.191433426429659	0.168708561950302	-0.194000442806334	-0.516367098595643	-0.513049840450679	0.0762516325015591	0.0507819300948623	-0.00612470549129943	-0.131101015568749	0.0587031803135928	-0.0614750021735913	0.157016458055562	LPC 17:0	midnightblue
-0.053732478498794	-0.069820656516641	-0.00018769129766716	0.00641811851138367	0.142420056278715	-0.0363656030656908	0.332724968509677	0.198234621333643	-0.0535951321775316	-0.366989620926971	-0.388242415862145	0.220870280334432	0.611071504171725	0.851788307326808	0.426265478257978	0.169474074684805	0.301443738021082	0.351639476380755	0.333782356798944	0.155420200349131	0.193455730330068	0.0404656420385169	0.189195996009797	0.0373197500558404	0.256924357441099	0.107009018017047	0.160500507220335	-0.295443360621542	-0.404938532339468	-0.528803046391253	0.0171849786849121	-0.16472196672951	-0.122006052738094	-0.196221812070753	0.12688059784638	-0.0828409153267628	-0.00744706521079773	LPC 18:0	midnightblue
-0.0967253101502229	0.0058733038694537	0.0501314043688173	0.00898404539422242	0.363411669795622	0.00122737940298142	0.373647155045222	0.271778052557879	-0.0896902893687362	-0.166739984836502	-0.110408992784964	0.449247863311364	0.429904223733869	0.850493035612914	0.457026276327761	0.325376649322282	0.0149370301069487	0.130060829922761	0.264498514627132	0.224297013263324	0.222931850864714	0.20395359191269	0.328888265345898	0.209136007674099	0.0242431053067339	-0.029854347856192	0.140228181645997	-0.10193552517097	-0.319445063376133	-0.461002479721489	0.0934184647951346	-0.0189395305148815	-0.0697182766677534	-0.13448270071889	-0.0903865977706021	-0.0152866956161169	0.230469724997394	LPC 18:1	midnightblue
-0.0212583837059525	0.0976969725701575	0.0135114898976326	-0.0155183981787422	0.284509561916313	-0.338285028261793	-0.0723922669282945	0.187392526821022	-0.0528826027564227	0.0572493193081054	0.159389243815807	0.748760344295643	0.263120118946997	0.453175489895519	0.276304567424167	0.224707787804804	-0.163388643209726	-0.0449540932434106	-0.143871209191435	0.0116773853910334	-0.143326093063433	0.0526582867519937	-0.0264090209684197	0.177570253076	0.141766584118445	-0.103173761393431	0.0726043336138609	0.242290614125102	-0.27116676203329	-0.247695113368974	0.434739217128498	0.316517897394667	0.0787419847114052	0.110895561511423	-0.143699309257635	0.173073931088062	0.135656554049565	LPC 18:2	paleturquoise
-0.256182826402087	-0.551839992030616	-0.276131797309638	-0.438394265170333	-0.297611357920406	-0.211406710415968	0.0870987898111023	-0.179955648832849	-0.372078787483709	-0.387460205236905	-0.353384333082231	-0.0796432992524325	0.722687175552337	0.476033491797356	0.170368165309391	0.328696225693657	0.433133449518241	0.448485501114448	0.309896973642966	0.0617480531721316	-0.0507708640156893	0.171767350965696	0.114663404678243	0.11190982373942	0.52113271487582	0.501524139190926	0.497372722220508	-0.157642423808464	-0.206332431622085	-0.276547634063441	-0.150331871236178	0.180679709885414	-0.0444752191777304	-0.065801971425474	0.348155989352759	0.128325077376274	0.0475215830168885	LPC 20:0	darkred
-0.368045898904863	-0.290732432406676	-0.214082818068748	-0.322807390124913	0.201535385001659	0.0204147940111409	0.484145835815049	0.170908829979374	-0.118795474557028	-0.154524214417658	-0.0483738700787251	0.00129490899499153	0.515920687797482	0.611730347981703	0.223263900536403	0.562544685301063	0.251268513855906	0.408171103576488	0.586253186952776	0.449877353944106	0.321317156634503	0.505636473083053	0.46456708880182	0.333071046816612	0.149962435926521	0.210719469863249	0.377991189020088	-0.117727294661649	-0.0960579452329381	-0.275507128085481	-0.214350984844589	-0.054700336697864	-0.20527993096619	-0.212383608246317	0.0527658293324735	-0.189047993994954	0.493119242824986	LPC 20:1	midnightblue
-0.171238181789001	-0.287978426250831	-0.234381412327325	-0.252640231054456	0.12866363204449	-0.169962606955513	-0.0379744512066054	-0.0239341973197816	-0.222878811996217	-0.154498397372207	-0.208947079225793	0.475990582778664	0.654445760776302	0.514688068511658	0.170361200847575	0.303530632003132	0.0533749739437002	0.184073931888763	-0.00374574231693784	-0.0580863860045107	-0.164157115000973	0.136869898016274	-0.146666689241038	-0.202519923533413	0.491951384022204	0.270453136505402	0.39983673958329	0.0775983025609876	-0.458445406016322	-0.361562643035201	0.161395094723835	0.353478524833235	0.155668714108043	0.0821812959048745	0.049577152505967	0.0638025793348789	0.0657519640192376	LPC 20:2	darkred
0.0959919587950774	0.000921127758114007	-0.0230527154520041	0.0728443656712923	0.153983814741841	-0.0720693854053371	-0.266449457934536	0.0150079831693034	-0.0339886167631513	0.236328295932809	0.109836968494424	0.824766571263287	0.212765052686393	0.337868125638102	0.15343876289351	-0.135880984811755	-0.229228327432762	-0.198083413715078	-0.372461484354957	-0.157005031299206	-0.14157215776658	-0.103620511176333	-0.206618220899904	-0.140610343898735	0.278983442630609	-0.0494088033279807	0.137315651192366	0.258066955717835	-0.28882268107683	-0.155819990541165	0.351120285067903	0.261339851765503	0.236292776154737	0.2372347758755	-0.292598143359713	0.0688173083190259	-0.127752902879495	LPC 20:3	paleturquoise
0.0374395148977288	0.0724563008263588	-0.044837345019387	-0.0363600565400434	0.272622739228263	-0.499139502344302	-0.540813893345282	-0.112487252271263	0.0479386272993472	0.349595870618518	0.24829452666671	0.905854756903554	0.180500750783184	0.117856783549717	0.118419395621918	-0.00607610031243708	-0.363990289557686	-0.303596082648476	-0.533389919183136	-0.181224342559712	-0.35748861386891	-0.271780699375302	-0.418582842000211	-0.159787456567006	0.313838493130585	-0.0429057568882161	0.0509702848875603	0.421986047943749	-0.309318378405418	-0.0418705612077213	0.492754071370001	0.416020224357028	0.384087315783318	0.394493905543086	-0.333534048544681	0.253441936528065	-0.127502627598612	LPC 20:4	paleturquoise
0.133082937727042	0.3228331120545	0.126403560949121	0.135658000097044	0.310332935908223	-0.0805968541670092	-0.275063646571619	-0.0386609277173311	0.408462823825518	0.135844387180363	0.0606366870650391	0.812197777420137	0.100960722015042	0.307640815816785	0.00660329294459411	-0.157251683306253	-0.357470133681461	-0.362893304028733	-0.350422169009662	-0.0830358249429455	-0.0307825710013695	-0.32019672320441	-0.273688037975887	-0.172963551159055	0.120292555446013	-0.150768049614791	0.0443244902417102	0.260594695287531	-0.313084657094996	-0.128644328609008	0.259518633542409	0.0967908086449376	0.129557645222802	0.207646042153754	-0.364350535929587	0.208022482123964	-0.166222882259597	LPC 20:5	paleturquoise
-0.0309741209957281	0.337147897730901	0.0184822033989007	0.0180907500412614	0.501343727040845	-0.368214753400418	-0.305885610834013	0.00712583308068685	0.530872394049582	0.219683515882853	0.295177570794091	0.780571873831449	0.119149242191701	0.166109376918213	-0.00315402742097478	0.0396177061413592	-0.463544475169991	-0.325238470320039	-0.3106294968848	-0.0152212475685999	-0.153517417451181	-0.308999419101876	-0.32699916392525	-0.0795139671086073	0.0949247696755873	-0.20982102853841	-0.0495730286251401	0.36302527522627	-0.209764008873495	0.0386728470666293	0.39344106801266	0.272024689951939	0.245470711231151	0.17369714115715	-0.414671546620384	0.147237727198406	-0.0090392852977749	LPC 22:6	paleturquoise
-0.52528053537476	-0.233792662270047	-0.180963583664325	-0.230392503871815	0.135200059349538	0.243474941010839	0.473575789689974	0.155989677638388	-0.257687237111307	0.21399695085469	0.274641023104192	-0.151542547214664	0.0751346760718678	0.0810450611406826	0.329815347790009	0.450188254230444	0.256588490046582	0.328262972240062	0.52625203369299	0.506276894572467	0.436298294771187	0.808675520697908	0.481199574077093	0.415408908363417	-0.130829591126828	0.123882830976358	0.0402494392832497	-0.0384528841691112	0.120994228976955	-0.0501615713773095	-0.298103360841362	-0.033380303331309	-0.347165137838238	-0.309449704466484	-0.00450902764934813	-0.280952075418181	0.685477357640753	LPC 32:0	cyan
-0.266850214556494	-0.530918726789008	-0.399458519102236	-0.538512879452603	-0.0667100365409031	-0.214602130742906	0.0983061297701914	-0.212624957405819	-0.260057883791448	-0.470073710756242	-0.306881298349121	0.126839453260453	0.900165416704687	0.498079337212841	0.231465687677452	0.38398051002736	0.382701199406065	0.290457403117956	0.210682763273171	0.179486565304265	0.00220544178761323	0.151022288235573	-0.0022201613229234	0.00812545723697584	0.63158059305962	0.580847223740936	0.403171541907628	0.0448213197595062	-0.231928528021784	-0.233441174156507	0.0124903707199552	0.0779869977129806	-0.0574834624088489	-0.0425349391628368	0.0551397298573114	-0.184002085842585	-0.046237292262493	LPC O-16:0	darkred
-0.331052764406798	-0.246612130028082	-0.311500412016218	-0.348164620036176	-0.124957747167188	-0.159294394851752	-0.0196228831032408	-0.193328134360015	-0.0873294303081742	-0.151593126137643	0.0238287151604162	-0.119312749292385	0.227599093566894	-0.0743920340167623	-0.049813555464472	0.239780096453033	0.0784164137993501	0.200399173319384	0.0987290242238646	0.103914903209468	-0.123078722421075	0.254596199857524	-0.0335607880076145	0.0251603141925647	0.239787714875899	0.262004779127675	0.28718155681942	0.107696493509079	0.165400591629177	0.139789465151242	-0.0425587173719981	0.322826705315366	-0.00937888133355454	0.0188935507692079	0.104844407372796	0.0780154598316097	0.230953523606373	LPC O-20:1	grey
-0.220573064068644	-0.0844846544139841	-0.0258586712490546	-0.125111935983349	0.161805599450035	0.109320442936885	0.478827733888554	0.119013782602466	0.0106082234448613	-0.130967234294265	0.0475451171616375	-0.0020076871327137	0.415236389448322	0.59209233439336	0.214221181597887	0.499360441327196	0.262399915837289	0.230722668766602	0.560216609185166	0.472878664084097	0.550984011657802	0.462763624509053	0.430418924284563	0.330921657587933	0.00678093925673186	0.202749341932033	0.0831043431259402	-0.259621666315592	-0.191934908862926	-0.312459734961484	-0.285456654409921	-0.245210134178218	-0.38291334289336	-0.269934499952934	-0.0697743422645664	-0.121927805488389	0.3461680290293	LPC O-22:0	midnightblue
-0.2519872822019	0.0715099478031768	0.160071293389028	0.0674877155488447	0.0763777610462711	0.291214310845234	0.578570976525501	0.317740167908271	0.000882299345909848	0.0267448028999948	0.131159157872046	-0.128238937791462	0.141287824473508	0.451986681980845	0.297323181995242	0.266313472910261	0.35791949419533	0.429889965047629	0.510668681115238	0.42966036339965	0.496848765631065	0.613925721744083	0.603693932502925	0.433044747528327	-0.208868495434419	-0.0424876612802078	-0.112787494466542	-0.242127771545694	0.0186286758767158	-0.209799021157363	-0.35200971303929	-0.372171834363151	-0.624445233942632	-0.544778893549821	0.0871334215392455	-0.125236318341835	0.567026826408082	LPC O-24:0	grey
-0.0377255991595811	0.00987692124744561	-0.013962657762683	0.0213547573542587	0.19637476127129	0.19099016397766	0.412070701705201	0.172541438669926	0.0269485229798179	-0.209628574997174	-0.145548763869502	0.01999737533368	0.42726871490203	0.671237514686763	-0.00562985920675692	0.240708249224369	0.134858601915721	0.196831084659154	0.280148126069104	0.205824749009253	0.283748275050416	0.266936435734053	0.189460599599379	-0.0276662713162014	-0.0171443673143862	0.0126151464652426	0.125257743262456	-0.444082820612046	-0.367091490568853	-0.481854334155636	-0.034748593740581	-0.17932762893445	-0.189893846390407	-0.22487793231513	0.0644044736351664	-0.0907100858185167	0.249811742885921	LPC O-24:1	midnightblue
-0.447341690280657	-0.508340272998374	-0.436696633222358	-0.549421032671948	-0.23884163317372	-0.0864132259835126	0.263926188222893	-0.0949524695888762	-0.135328042971346	-0.242374156301319	-0.0592585807952978	0.0729558236384621	0.688756178297977	0.501780225301192	0.254522412828931	0.493962434034453	0.496655395663416	0.470806449125863	0.4547398742696	0.48121001526187	0.29210003832843	0.363611469770317	0.294759494547903	0.418846546370205	0.472391267322661	0.502076467392789	0.435431563251121	-0.0246556032593365	-0.059866833267119	-0.0884229560908733	-0.145379658919703	0.0932826154871924	-0.283199451706534	-0.285503289616178	0.12077897345815	-0.202570477735237	0.305939450704415	LPC P-16:0 or LPC O-16:1	darkred
-0.230725141718781	-0.60255597016976	-0.330147964656447	-0.510104286054958	-0.291764189096173	-0.15981430588991	0.0151013683526518	-0.346528068902427	-0.421796473890467	-0.46930120764323	-0.379671374994233	0.0160215287548087	0.859117955709556	0.402954432537912	0.191087008504651	0.246864755752903	0.548803465653207	0.354468724871249	0.112219197991394	0.0413147234392838	-0.0612533060970952	0.207861149548479	-0.0295304661076793	-0.0738805142714671	0.713244945141016	0.660248337017428	0.44564118086252	0.010717048746321	-0.220024487598656	-0.232750109592841	-0.0495790142880329	0.118071146884022	-0.0745312019968329	-0.0546359916808954	0.210920588124847	-0.0616555868998414	-0.112200943761866	LPC p-18:0	darkred
-0.313701433729826	-0.42804196094107	-0.310264629022329	-0.447481994939527	0.00637110327176584	-0.23714887016975	0.179827627841196	-0.082209412944955	-0.199019071680088	-0.430623931629979	-0.275541256545603	0.198574751444656	0.926479256118435	0.673419222173854	0.352812904319352	0.39349861238902	0.318908682724083	0.34877871510406	0.300252685321641	0.174406470973093	0.0697994549949434	0.194456762693104	0.0955687568158954	0.026791549192051	0.596012013848007	0.414529626812087	0.43191455839493	-0.0188822624130006	-0.347915385632363	-0.396184610958522	0.0531370226791165	0.113696278584618	-0.0815186083092485	-0.101885124547766	0.055802598622187	-0.0937250917668079	0.0332891226487691	LPC P-18:0 or LPC O-18:1	darkred
-0.323622652184288	-0.596361602943045	-0.574834212316458	-0.65266266566657	-0.407280222711737	-0.0655757845972124	0.00500427506715249	-0.390486305267756	-0.265284287447474	-0.375415976426623	-0.318575010134357	-0.245140585879076	0.553377710657057	0.0717283252003425	-0.152142712898839	0.272651580691805	0.341311715524722	0.22948476153484	0.165172696903497	0.042107876985877	-0.0885111132316277	0.145756430439149	-0.0321390025279315	-0.119589996749206	0.555438563682729	0.68341359390532	0.502549468759108	0.256817675840811	0.195399388553991	0.197956347540202	-0.118223276011247	0.268870731314307	-0.0431152673462995	-0.0922006209329271	0.220645470149384	-0.10648323391349	-0.0719589802576378	LPE 16:0	black
-0.465238966964888	-0.671554089337855	-0.489272590772365	-0.688932866016189	-0.481757457954811	-0.116471675125785	0.0459977676535038	-0.476319021648014	-0.362256197961475	-0.350161687946664	-0.234286823890814	-0.352842614965792	0.474577718294662	-0.0308630528453374	0.0599235799824179	0.371376868012902	0.483846647059077	0.389505268338677	0.331733337173077	0.20408641126013	0.0200164498349057	0.241687500077715	0.125829311736358	0.188579108827093	0.506591389919481	0.740337169744507	0.491391375615311	0.221155392035374	0.331948402058171	0.301312463042939	-0.2092283230808	0.201712985918021	-0.184355483902497	-0.257518226766032	0.237482078251309	-0.0827113882472143	0.0341578811719676	LPE 18:0	black
-0.327897685498832	-0.44326728365437	-0.408329907829317	-0.583902630947295	-0.189503062527515	-0.177078996123324	-0.176002165252171	-0.329541246263639	-0.289731773770123	-0.202268866181849	-0.0667428861500668	0.100480639308629	0.316134656927738	-0.0332184266432151	0.0330870639846271	0.193017989886329	0.0813635171777952	0.0869843460481956	-0.0488707051618465	-0.0409600938954482	-0.156083153305629	0.0611388949477878	-0.018385424468306	0.0860517353583735	0.35559434353784	0.40915918136975	0.410705583286776	0.714051307203198	0.469976468529548	0.420312191372632	-0.0612673330240971	0.331130206006651	0.000874673473924102	0.00130355297110481	-0.081249119633199	0.00150258380613274	-0.0842065724387139	LPE 18:1	skyblue
-0.169746358901146	-0.148515041004718	-0.189786386957391	-0.284574106940624	-0.0642090841782845	-0.375494438519283	-0.37282284053926	-0.225446951563979	-0.252139325260689	-0.111779908615046	-0.0421073160722672	0.329607177224116	0.0594664192243173	-0.134021215816993	-0.0925745419527898	-0.0362682663053631	-0.0698594531197228	-0.058939087440923	-0.396356465764844	-0.170689201308778	-0.313542300957566	-0.181181693044888	-0.250415085960052	-0.0617294681370708	0.219536872467217	0.167702454699608	0.15749229698134	0.702971277964678	0.300809943010816	0.345393454971722	0.187021290970437	0.334484686456935	0.217588410409677	0.110740978921085	-0.366721886494114	0.0448570563380606	-0.220228642514039	LPE 18:2	skyblue
-0.232455389339625	-0.300107971151837	-0.37995259795477	-0.511490140936035	-0.0553466535975972	-0.515635107016001	-0.558327226411263	-0.368535944043335	-0.0534596407167434	0.078885852032986	0.190029343909835	0.41072615366684	0.162510132336335	-0.304447721146405	-0.00689797561752783	0.0642293591512951	-0.155804152937829	-0.156155349644191	-0.407348675919248	-0.137580657612813	-0.455773529003007	-0.228593241086279	-0.315426709271096	-0.0394940769035467	0.434827819870619	0.302840520839027	0.252703469044082	0.916640531449615	0.303583810942764	0.499595098939058	0.282469908510682	0.549153706460954	0.307441076643674	0.299888613877031	-0.30091781152917	0.041751488934611	-0.213448990137995	LPE 20:4	skyblue
-0.170252451560433	0.0379247842997977	-0.298343337472667	-0.334914365131434	0.200587252600079	-0.391050702031935	-0.462519759722513	-0.228217993373633	0.349305223542987	0.166164663822269	0.289433680509239	0.550994554388069	0.0878816918596223	-0.151932941729548	-0.0564560585679116	0.0659112793141962	-0.399200381850223	-0.303386308809094	-0.405701060120401	-0.118917296537229	-0.340900561129854	-0.303872937202355	-0.319118213904222	-0.0450246775169504	0.265847627833654	0.064908958873391	0.173267938789808	0.861626503337486	0.226154047981962	0.480940015579306	0.265225869478439	0.508101615230151	0.273025710161837	0.152933828765838	-0.456848616856728	0.0441991592199861	-0.104261209234109	LPE 22:6	skyblue
-0.42453409290028	-0.669983900332181	-0.558383399235297	-0.648041887200277	-0.404324787424584	0.0859204140413088	-0.000601731946897391	-0.352134919192375	-0.293007768603371	-0.174422859890209	-0.0730495467319874	-0.113558617260886	0.413224004493823	0.00874785659133659	-0.0393463972435684	0.295689896526416	0.411591126625056	0.260257288629993	0.300848510711576	0.32207820668744	0.196115497270767	0.259916209112981	0.13552276983638	0.249200588923606	0.457413792850024	0.710628947984645	0.411106908820102	0.274959529742548	0.260238865799554	0.310978209216693	-0.313169041926738	0.0830514797109632	-0.21858159025599	-0.193976173730362	0.0386370179275072	-0.316109557670822	0.0237946937161824	LPE O-16:1	black
-0.512166699069112	-0.664945680204682	-0.587223391628444	-0.735311976699564	-0.546961274780885	-0.0634437651384922	0.0301848646566474	-0.427146963439448	-0.25639590146193	-0.11394449510866	-0.0994523188572809	-0.23677358583482	0.367103856004991	-0.11621711400207	-0.00204443281520503	0.342769194285094	0.494309620237329	0.352283688413622	0.246195339993562	0.21173757670419	0.0309246843233561	0.186715332637134	0.108744427661359	0.192196501141509	0.498947462191376	0.795632143782737	0.401358093102635	0.283809663124778	0.364647284678907	0.432809100337823	-0.192152111737889	0.139526083285737	-0.132405575154845	-0.156919073556604	0.185355647039768	-0.16101237666527	0.0502970522782092	LPE O-18:1	black
-0.0896255131716164	-0.244036676664864	-0.23527641716054	-0.262152108939423	0.157860000608675	-0.197679220225553	-0.0989967965262839	-0.254874170996259	-0.0433026434554241	-0.23080529113461	-0.181314762504642	0.265053988208314	0.72281121720857	0.384955819723835	0.196758263724503	0.0968416660397656	-0.000992343887640737	0.0935998931893408	-0.0490345276400534	-0.135138874845642	-0.217497919458081	0.0305894199715424	-0.192128501184614	-0.234847255623329	0.526325222249028	0.208345285627954	0.305672119910237	0.141573154395917	-0.240889004886684	-0.196914937800443	0.119334561059098	0.281687472583933	0.120247442481558	0.163623379550437	0.0449900180747858	0.0188740160057128	-0.121319036264734	LPI 18:0	darkred
-0.264784721580923	-0.583797182204297	-0.40280933872545	-0.564958374969712	-0.132087593991852	-0.227652940934004	0.0580832272886521	-0.331595081358501	-0.312027501188627	-0.45805699789192	-0.353340044925581	0.181084890572806	0.855559408794576	0.425159017401523	0.224688525043167	0.378555579857604	0.333905455939845	0.280496091614269	0.187398956063603	0.111711276500984	-0.0943697368886041	0.158740915385412	-0.0432931472037589	-0.123143550169882	0.683110011266302	0.594365618628145	0.539699790566802	0.178459145699715	-0.218057760295079	-0.214275006420344	0.0843985555723237	0.338398896381136	0.035698303528572	0.0711906911489886	0.163845751809676	-0.0258878419670537	-0.0551359331432825	LPS 18:0	darkred
-0.306581372628342	-0.145631083558031	-0.366272295924871	-0.364132718634386	-0.301682160362072	-0.121641757574629	-0.219055638839773	-0.122133268667707	0.182204392934879	0.282350934896553	0.413161478560368	-0.179670324551703	-0.284277157194398	-0.51941974004126	-0.1680591759388	-0.134060195072175	-0.085356982763191	0.0436927037358228	-0.122076573927948	0.0192342004193529	-0.126078911999836	-0.114495164430973	0.0021646491848743	0.260225382003142	-0.0345140035520708	0.0446317567288187	-0.112067354557079	0.546637772720129	0.803579259151313	0.892654170581309	-0.0182135839340383	0.113112655771034	-0.0509925119537498	-0.227059803283584	-0.268067855478134	-0.225226895490113	0.0309105433530772	MG 20:4	yellow
-0.240314711391213	-0.266397211025027	-0.475618933729261	-0.491126666902136	0.0529274458901692	-0.266372457349478	0.0574592077768205	-0.208316027443768	-0.0094827532868497	-0.0110184532283664	0.163766917753456	0.207639135560898	0.253879099784009	0.050415541548517	-0.0611744383945499	0.613474883378127	0.0878014128296341	-0.0882450729467427	0.0508524466808477	0.296239290154858	0.0307748987325942	0.0920874060960943	-0.00613357718630032	0.185220920788525	0.216563601596286	0.333027669987998	0.234857672118131	0.284257587781347	0.0576171787981399	0.188438179063754	0.0880601361879209	0.31695101631602	0.235702039298209	0.0758003811236663	-0.255485691370124	-0.07905018865256	0.264483145961743	MGDG 16:0_20:5	saddlebrown
-0.710500866349234	-0.200466617055738	-0.37252569009488	-0.315203224727424	0.0755005152596419	0.070652210569593	0.359100560516768	0.282603122859145	0.166394429637412	0.454856088430052	0.478763318914911	0.0622286350289304	0.07806124825769	0.169491236938209	0.124447087455874	0.50532054659858	0.160512400106995	0.484701561694816	0.528945641550067	0.626404771162202	0.381982403031623	0.444136014810506	0.491563464986179	0.593743524969313	-0.0242943643184084	0.102465235245275	0.139879232718936	0.107965282438784	0.225566922755689	0.227301573238321	-0.0987209135693899	0.00477366425956954	-0.308438682604757	-0.517142264899659	-0.20870593047717	-0.44155536461504	0.709578752085827	N-docosanoyl-4-sphingenyl-1-O-phosphorylcholine	grey
-0.0685942920214828	0.00538169986081924	0.0956295966629221	0.109041820982656	0.0801100128245522	0.501196660828488	0.765692825160468	0.380161426532256	-0.00962457189142631	-0.0464686247250813	-0.1013648521771	-0.202695125942798	0.057740280203394	0.3782499937079	0.0492356632430446	0.332976031332611	0.192268873907312	0.198495368024825	0.486952757391814	0.359222476477668	0.51829320433754	0.488449526620145	0.521630077224637	0.193448960767996	-0.295899435649096	-0.0669214886700095	-0.0521230335122564	-0.427472512957538	-0.137607173106416	-0.333297603435414	-0.332497843929906	-0.337530707863899	-0.291235087399733	-0.215580514905902	0.0835025041029949	-0.131192677007536	0.45360830616901	OxPC 36:3+1O	darkgreen
-0.231497050693928	-0.340542312619073	-0.00926042375106758	-0.271649009913867	-0.061589014418662	0.222911320087568	0.335523992751228	-0.129592806925487	-0.227303252922032	-0.10171516780414	-0.0299901555452014	0.057892021277356	0.345535241677249	0.344930774040684	0.254648877673316	0.429977443158021	0.201389012091277	0.044855486704051	0.339896293690859	0.35615510770198	0.358549731683693	0.483570712155893	0.413438656457828	0.139474321076061	0.0697270643213584	0.315667268828031	0.252927959736776	0.00840665898298936	-0.117706303209641	-0.173093061876133	-0.288054977637327	0.0430764465560993	-0.175863435002918	-0.0325445920895695	0.0341479824466337	0.11087213326235	0.34204229017636	PA 18:1_18:1	grey
-0.262584670561974	-0.691766967819379	-0.40333491038536	-0.62784616847596	-0.485895165647177	-0.279559630561734	-0.130522627439104	-0.519144707012513	-0.453216951299494	-0.459172376756223	-0.353234094402886	-0.0385419527277741	0.626957898384841	0.1017320438425	0.0158545405851019	0.259968666589858	0.496939364130006	0.274882365687601	-0.00917310139011797	-0.0342337684862253	-0.162856651334446	-0.00292758441513224	-0.195402948696377	-0.130451928122919	0.69998435264322	0.743199931782312	0.555389034785431	0.170900607574974	-0.0580907852563566	-0.027360497614478	-0.159123298746112	0.282984041123427	0.0786617058723103	0.110281079675858	0.184195312114176	0.142241666032337	-0.202567754020639	palmitoyl ethanolamide	black
0.168878175096271	0.00987205310828161	0.124115669926128	0.253272105410283	0.101547786336324	0.898833855582426	0.440623842899508	0.0366875740983874	-0.0656064861450399	-0.0111211711886189	-0.19164977197981	-0.220744358907083	-0.169317187687235	0.152238285422833	-0.0256977388369048	-0.120765157595464	-0.0303310578393699	-0.0918596144110191	0.232233233996694	0.0957839317939051	0.289652419940092	0.270540564060561	0.314030805993571	-0.0283581392905033	-0.339928580257222	-0.0649224267860996	-0.065550870130644	-0.393557871225549	-0.0169788881547691	-0.132721841446082	-0.262571772603716	-0.297483717866959	-0.169633234400133	-0.158245576203123	0.117256860532283	-0.257983243798224	0.11749062379333	PC 14:0_16:1	salmon
0.144128613420353	0.118442547926847	0.15175785459803	0.218031751148354	0.155915478920078	0.876793143994013	0.467231558391969	0.100748387613736	-0.0150879267457696	-0.097391767779146	-0.208978257683692	-0.253115526338512	-0.0831412467978943	0.232068043843686	-0.03752505867212	-0.0124630435143962	0.028535742328181	-0.121584336655884	0.28254212305368	0.175591472874731	0.438918996931313	0.42666541944523	0.338368373814756	-0.0213529114379641	-0.34986533970195	-0.0905643285446629	-0.0330297784598661	-0.389749574459433	-0.120131307663605	-0.25829506530987	-0.363511815849666	-0.262745306174585	-0.252114570339493	-0.208775905023763	0.156179379324545	-0.147331941787473	0.190214593212371	PC 16:0_14:0	salmon
-0.248775919343095	0.16630314147288	0.00232676816018939	-0.0741195116948654	0.206146901491389	0.101402814978193	0.433937109650122	0.244822418779611	0.146171093861924	0.280373482234748	0.349095177660789	0.183968369436898	-0.015473271584573	0.125820079646937	0.0726794632189731	0.385881784108768	-0.0233724054823282	0.155332073201358	0.198354081147412	0.252884668487924	0.109180939257214	0.47878231283399	0.33441742872972	0.348800865034463	-0.247901653444293	-0.141659683592816	-0.106840512193649	0.145380141244408	0.118748408514771	0.0753136621255052	-0.0239467857749274	-0.0430105910730201	-0.207297892813214	-0.192683038738914	-0.0528904907925592	0.00133523281098576	0.673784411307689	PC 16:0_18:2	grey
-0.142899754478513	0.382342790606745	-0.0409334848482478	-0.00947628215195683	0.245327074173672	-0.0596044900337745	0.161185471235771	0.168076140690445	0.79756114544565	0.284747484778549	0.445296834418363	0.120857191698544	-0.157845435237304	-0.0972919850458574	-0.228076764122218	0.198348482869067	-0.282581104422715	-0.180099918331234	-0.0187460815774964	0.23035051936227	0.145408398522182	-0.0260769724176128	-0.00566816634565445	0.111907996930793	-0.23159381199434	-0.270874951831619	-0.130230204255573	0.146755211146455	0.0465258979065615	0.216734886440343	-0.0112834631412521	0.122879315417676	0.0232536826379501	-0.134563594332161	-0.319430851912789	0.00889923115160199	0.399922915422836	PC 16:0_22:6	violet
0.191475452793254	0.559392388092347	0.204253119318219	0.335553041569914	0.886341859970842	0.138433999712239	0.096243703297509	0.383488140881652	0.421169299469688	0.366739939668697	0.372960725136853	0.155216551504575	-0.355728493535195	0.08563801296596	-0.0476221440940868	0.0461403151791716	-0.606239718908728	-0.424377488579508	-0.0597607335772006	0.140410958144592	0.207393376359916	0.055242845420268	0.0758808890860809	0.0819813301543016	-0.585997678689398	-0.589113371074563	-0.470614885585725	-0.0382827014053663	-0.014063929529546	-0.000523535358682424	0.113649978900428	-0.034547537181392	0.120197362618414	0.00774855044131815	-0.363930057111357	-0.055683816765587	0.259015215264709	PC 16:0_5-oxovaleryl	sienna3
0.0175459008146549	0.290211715655232	0.120845851445354	0.200364854718726	0.781681171453275	0.276350987637218	0.357198140514375	0.340706246497936	0.0480146429574837	-0.0383672863086216	0.00720378305907572	0.176660895713307	-0.0384169392390683	0.385213445351766	0.0636200332692643	0.237864904852164	-0.298716534587331	-0.127690399134088	0.222532089951257	0.13413140028343	0.185598514762136	0.268961310624057	0.155394530307593	0.0250428429200201	-0.400737683076999	-0.297481289563329	-0.191484907735488	-0.211996909813096	-0.187664853465802	-0.320621588247201	-0.0280463487092141	0.00250170103171424	0.10397683183335	0.00690464492450275	-0.145088590271331	-0.0743082181536425	0.343123356343693	PC 16:0_azealic acid (PCPAz-PC)	sienna3
0.13308053926602	0.535233300345452	0.23550500630703	0.364020166094758	0.816431112757858	0.292215709527456	0.370660339574965	0.505890132667237	0.377349828382374	0.268480760394419	0.235261168303106	0.095600814725134	-0.17575907715795	0.356751650683143	0.0786316668318385	0.161918692528166	-0.354839621529904	-0.196040323210267	0.177908396614637	0.291120210625383	0.346496950774156	0.261804714622887	0.255399090799781	0.0847853192943164	-0.564325887505712	-0.513205474450584	-0.445930625690019	-0.26160460094757	-0.235187317311626	-0.273045798792523	-0.0597643353820992	-0.172965498074001	-0.0654098496733509	-0.158363022431638	-0.200616877348146	-0.12599576513946	0.406067070280447	PC 16:0_glutaric acid	sienna3
0.114150272835334	0.426456541928046	0.13870297572554	0.254982053675502	0.920654836518792	0.0996612900242887	0.11426709243107	0.272187514218661	0.270617210787927	0.178388998367527	0.206595438182762	0.440928176277681	-0.153825896902899	0.278462577654494	0.0494025223159979	0.111376119257692	-0.518965545397098	-0.332990331084347	-0.0109112408422585	0.102815303833471	0.161886563228192	0.0537628144362873	0.0874965413906951	0.104071440691028	-0.367162421500352	-0.398888195455489	-0.204164055271108	0.0324034871609001	-0.11173029567743	-0.135571520810285	0.16036521458188	0.0151269478048646	0.215067362424954	0.122908568561091	-0.397395275472641	-0.0553440715175418	0.203398021303887	PC 16:0/9:0 CHO	sienna3
-0.277168405652438	-0.159171826838156	-0.0435196504883751	-0.0724643727065205	0.024501887813479	0.409143156159788	0.733611177718371	0.291585120918359	0.0863232336801444	0.0404230978837468	0.0765496393047547	-0.0996067664991281	0.0226402985021601	0.30080268695218	0.320099398403259	0.319687084847531	0.328434321253238	0.390016914224759	0.603498114567296	0.507428426466761	0.484232336380801	0.412830302224024	0.706179270277584	0.479962452920803	-0.184548215141262	0.0651530439923957	0.0489643363255608	-0.117749615649489	0.112589054548268	-0.0322247121475107	-0.278738269903674	-0.208488464667416	-0.246106161658857	-0.32607990999274	-0.00870702322456723	-0.342883176758625	0.487100599714916	PC 18:0_18:1	darkgreen
-0.0860980961114842	-0.159016730426386	-0.106188029391668	-0.0677358060350404	0.0227390790600458	0.38631463167585	0.532061953749073	0.216867519144714	-0.165083008015378	-0.0295921841773663	0.0185382523432157	-0.355445450600156	-0.0175674314381338	0.205092735536226	0.195869818393223	0.412806472897108	0.21861403229421	0.10846504583443	0.508663049706398	0.512681465617978	0.444927643651213	0.327620195132778	0.456611753039284	0.259626317505486	-0.34360536145268	-0.0164254420649822	-0.225412155169453	-0.339744699433644	0.0515403891657987	-0.0707639015593896	-0.138218196051832	-0.260855439202458	-0.140247455296377	-0.131586477264438	0.00385138578999621	-0.314425482531754	0.328636560279996	PC 19:1	grey
-0.3703971147915	-0.375196697503457	-0.335926114239872	-0.408426709204264	-0.240300566068213	0.152363025749769	0.390887007286834	0.0403550170100888	-0.206372903644648	0.0328738546902778	0.146439189361654	-0.385581351633073	0.0373608341021623	-0.0534534017821433	0.069195798791997	0.522010740646247	0.394334205131504	0.294878498109255	0.504022363201089	0.47733703739293	0.338923428898946	0.324360176656437	0.439907564846786	0.53093774042925	-0.112171214087493	0.261528241925775	0.03258978346772	-0.14916059958384	0.244573809998964	0.143817423094956	-0.212056415146982	-0.141975531350376	-0.160177632189516	-0.156436608364715	0.0409771607512728	-0.292691673448621	0.365709636292312	PC 19:2	grey
-0.103946544898599	-0.203595544616405	-0.24750993048216	-0.241625550264326	-0.349323678039611	-0.0737071329144707	-0.0112337891282019	-0.203263059619735	0.0832489815138288	0.221886247308304	0.297261938544623	-0.0689143037038506	-0.0996923751319996	-0.334859160126885	-0.0585161090330853	0.160252397923922	0.130510426017816	0.0287916694188773	0.0333210860490451	0.132352073206609	-0.0699280477358119	-0.0656168988089222	0.0185427087065497	0.212901089807305	0.0152507703397161	0.153842274735992	-0.00166686383235288	0.0705334306381065	0.173502768742374	0.26467136087533	0.118246287266346	0.131073869540597	0.15666415115658	0.223726715827931	-0.0363893733650531	-0.045453697397409	0.113896434247536	PC 21:4	grey
0.0390283786274417	0.212031716787626	0.173311925956875	0.193160059128352	0.399885597777702	0.503135358883174	0.768235960983368	0.495372258413666	0.0825694475630376	-0.132057956774885	-0.0334847074964657	-0.278549793119397	-0.0250001521409116	0.410377686303041	0.1634156632787	0.33051764153057	0.0686471550214179	0.106541177591403	0.510244158420396	0.389907276236083	0.461028026932884	0.459908637103367	0.466783417647618	0.237805339336986	-0.49837778981796	-0.213282776123846	-0.31292295418917	-0.471715327383863	-0.148602173488741	-0.324037973907926	-0.297043608408351	-0.380871528344408	-0.338605610372098	-0.365732252381939	0.0737801007907682	-0.270544480222392	0.451126186329746	PC 24:0	darkgreen
0.210728930747123	0.0721372147263962	0.16506445022359	0.198466897827403	0.0920060146441898	0.828494630601437	0.368001868109308	0.0853399575282965	-0.0776875736381024	-0.163114648861759	-0.270192213188408	-0.290505981682832	-0.14066700304358	0.127709692908864	-0.048258576509246	-0.106737360534408	0.0137467945898291	-0.180601170329654	0.141479895175735	0.0139674995234686	0.340083579393006	0.264753628346436	0.217418580136003	-0.0855007150800459	-0.327216004257733	-0.0573575765068335	-0.0696190095069021	-0.323010037652873	-0.0864936426261408	-0.177921644286771	-0.408075402900315	-0.250537596529724	-0.194227605900897	-0.177916647559339	0.0935210844314844	-0.166545561655778	0.00641104475353274	PC 28:0	salmon
0.11854623896727	-0.0893428175484808	0.0406460115934124	0.0882964367819126	-0.00494004278341994	0.800115511895819	0.40208272048233	0.108173037437609	-0.142234865586564	-0.151815253693425	-0.188552868686489	-0.235468112075521	-0.0179312538285967	0.1707043937124	-0.0121335115425876	0.0126036638632029	0.0724759743079304	-0.13393048692243	0.209051916788508	0.149973965994295	0.387427321509942	0.39385412984513	0.303720799404799	0.0544963044844647	-0.227267929067654	0.0373337651432573	0.000892464233416948	-0.308983770298944	-0.0316720627308689	-0.136021302991934	-0.269550135422751	-0.204946214433031	-0.255540396588666	-0.224238077351663	0.0779647422029776	-0.261571616016837	0.0985617530518674	PC 29:0	salmon
-0.335556150501642	-0.196072341925621	-0.315399078512742	-0.3496559976038	0.138894917130164	0.2587040305769	0.493950591266411	0.0252794218969411	-0.0578264881957853	-0.0327120428269673	-0.0029681981396038	-0.157811159883109	0.120684742843483	0.220473857829671	0.159437472768371	0.62804642140112	0.186700391585536	0.189975552256223	0.462156439178912	0.465535282197056	0.231398819041778	0.429153747442067	0.426428553112731	0.184022979578568	-0.123751368143852	0.242738505827586	0.163970661698832	0.0323100354701285	0.103831534195682	0.0715093576920456	-0.109650511443261	0.126211886087226	0.00233142528515754	-0.151539112183517	0.0762713737347859	-0.207381103249981	0.510095188499342	PC 30:0	grey
0.0235973748254588	0.11939768052019	-0.00613429932339011	0.00383833013049848	0.655718455301458	-0.220079704677522	-0.239750776514307	-0.035338900777841	0.0394762993075525	0.0515740035504845	0.0899472145540888	0.65912195289575	0.0908115091415702	0.179149198805526	0.147613698741526	0.0937390727479253	-0.45959829443434	-0.365517523404719	-0.26802297931341	-0.0653015453703697	-0.100475244917341	-0.132983265607732	-0.250179691921784	0.0169373451771974	0.079605921002918	-0.114948635573367	0.0879155385101128	0.321157253923466	-0.151546625437197	-0.0634942243889798	0.333993888078465	0.317158201128359	0.356857118628024	0.319589703933072	-0.433325252432616	0.0712691554690754	-0.0184672038962682	PC 30:6	sienna3
-0.181114445690769	-0.010445515204852	-0.09606639335176	-0.0657499369452888	-0.0200234738690584	0.613178712764102	0.404176056687189	0.168938587359352	0.0652898522796061	0.272779279024135	0.361819505668962	-0.196259406715313	-0.278500095332876	-0.0702399084216458	-0.120624524209662	0.10859757499032	0.060789590177468	0.0662599289018076	0.311467798762194	0.421122187904116	0.421614762780283	0.578763557568086	0.631609062441456	0.402253530112768	-0.423862753528856	-0.124679559867878	-0.0786082660609993	0.179985318728315	0.496019911863094	0.328122312357527	-0.28164569972224	-0.148558507915431	-0.313675116883053	-0.278305121499803	-0.186835763832588	-0.316808626440172	0.46923737928335	PC 31:0	lightyellow
0.0150335367667222	-0.049572910172374	0.0636881153253679	0.188916341417783	0.0446248056297268	0.923026318904329	0.544592567175753	0.0615125387565666	0.00660086159200036	0.0965563294662489	-0.0923393792202489	-0.342314359566028	-0.208821619017647	0.145453524784104	-0.0749929698277422	0.00764888218394221	0.130474707599984	0.0376831644970845	0.436546819586233	0.353726157522119	0.544079671404176	0.380328392336094	0.448238553873404	0.0918566001810843	-0.341863054162592	-0.0323876027875063	-0.0439375521642583	-0.410105017334352	0.0214449048457528	-0.107568153563958	-0.384114307261355	-0.322691337364978	-0.258238689086135	-0.244801613645298	0.0748311615874663	-0.318353995177247	0.270490217184334	PC 31:1	salmon
-0.3655283190589	-0.104139398384509	-0.0258299314315621	-0.0483144337605946	0.15100181304186	0.335922716812469	0.7064800677388	0.385892820257975	-0.14462061456979	-0.0581668899610994	0.0453436212882648	-0.2111040548034	0.238495590719203	0.537637828472802	0.400509038085177	0.476433225121074	0.304571151786537	0.465520602799391	0.807704755850782	0.61854754982751	0.568126774702269	0.721789869609026	0.756835666017465	0.429783546568705	-0.205501763653834	-0.00836759750290041	0.0472356324567747	-0.299138400901607	-0.0216314006725347	-0.29795159751197	-0.302149177552428	-0.248343976820765	-0.439132942281844	-0.464317840126971	0.0964856240970998	-0.276528572949453	0.609287300915916	PC 32:0	cyan
-0.0732512190260419	0.139371884358921	0.108027578333826	0.308107619287287	0.22248084181653	0.879412163544423	0.621466386587139	0.299806664338187	0.126392170013196	0.223671282384813	0.0625341427462572	-0.213737487576047	-0.310233250847637	0.204882802768289	0.0589499776601304	0.0119470458513567	0.0297293727518599	0.0839074841803496	0.493225569343529	0.422091814776492	0.560818322545862	0.434384056966767	0.56249849171609	0.212923256591599	-0.472753364563263	-0.208434250695129	-0.181627192964364	-0.382666813706071	0.0790371640103146	-0.0913298886459077	-0.266814602192448	-0.415785816149611	-0.360004201400019	-0.3774995492108	0.013154459967918	-0.415177860097712	0.417264074126386	PC 32:1	salmon
0.0166076325831503	0.235123995327132	0.143415779695701	0.359019065932264	0.123813575601938	0.829919565559415	0.358670668885979	0.407973023501579	0.149562133082753	0.261246924120893	0.0535304769016637	-0.16174723067315	-0.36636900593573	0.0805859579823493	-0.0734588624743835	-0.315419724409498	-0.0674145217970051	0.0470745941616497	0.245867487990948	0.144978165227834	0.406556350307695	0.29977283119431	0.398706225391099	0.186263042623961	-0.403040963895794	-0.356739543514548	-0.21050829624024	-0.255910018971547	0.122830635917116	-0.020678840337598	-0.193978728927606	-0.400354993327504	-0.391918543378796	-0.358224713413123	0.00521301026464861	-0.424087628447156	0.20651978763229	PC 32:2	salmon
-0.232259676832978	-0.183865316945678	0.0459092429652436	-0.0761738570431322	-0.0024436432398697	0.486044013235308	0.690684049520604	0.284667491876054	-0.147363903108732	0.0219800407779548	0.140222010716077	-0.243930569098953	0.113778567882801	0.390963489572413	0.325881958580213	0.381921673873593	0.397108153350657	0.374829919276727	0.7214296269618	0.728687084918947	0.646979441873407	0.704148842327136	0.862033041581513	0.543163805503719	-0.285352765900065	0.0179762215719131	-0.0426468137747295	-0.230070345169997	0.0591027193941323	-0.190857074403524	-0.255533824759987	-0.279035289167109	-0.457064941092938	-0.379900201366991	0.0369679120422971	-0.284699356732068	0.54139594704184	PC 33:0	lightyellow
-0.0310584551030351	0.133771118810958	0.0467066608079837	0.22308538260956	0.196166641159004	0.884320526567025	0.674394248172234	0.34182691250481	0.180032616663325	0.295302730355628	0.228881423653108	-0.237822950510535	-0.279810315729856	0.208114216247778	-0.00451053009457213	0.0652951481648316	0.0411946591346748	0.0715163717047577	0.462923211594047	0.479899324869798	0.604452876476564	0.526324940367164	0.651706766566739	0.298524400986216	-0.549044068550868	-0.296597144258044	-0.264705622794252	-0.300326368203672	0.172359119204474	0.00527819322123419	-0.270106416336266	-0.35035241187094	-0.331501657006451	-0.390160874248034	-0.0921235802946755	-0.464199193534491	0.508900914857004	PC 33:1	salmon
-0.167236280047475	0.168258359342951	0.000235022555215839	0.10922662989732	0.0206537240389832	0.372915959612011	0.2639923758958	0.45117278328746	0.152578458745839	0.561301190271728	0.462753254523062	0.0293160863920182	-0.367068455975721	-0.0808534360636587	0.0155658589683967	0.013351228949402	-0.00566201425203019	0.0849957954551181	0.207471917128413	0.287342900844913	0.376101917107819	0.344901033227265	0.429506962207585	0.480675379023905	-0.369687830109027	-0.30251678251712	-0.256487999511462	0.0216718808129543	0.224302527398906	0.18694080383965	0.00684075986167308	-0.250279928401645	-0.306396351822198	-0.273430405823673	-0.139526544603716	-0.390027946306365	0.409422889659094	PC 33:2	brown
-0.401690162245121	-0.530118610242988	-0.419210022458751	-0.575980055467031	0.0096656328460877	-0.215075123098643	0.0392910393752748	-0.180401317662773	-0.23566309831418	-0.243579408745544	-0.173965469131728	0.216277571464578	0.551286861194864	0.305575739772731	-0.0433993439603277	0.602256208437049	0.223170058309299	0.153295588607198	0.138369334337981	0.210869985982803	0.0560240850148876	0.139420283449814	-0.0753265393387883	0.0338212956759111	0.493388182851121	0.60765729397796	0.531724426415021	0.15491585717752	-0.171922714160563	-0.0803203832643014	-0.230307218280643	0.365762895409023	0.16569793937059	0.0610262811101401	-0.0717370039859051	0.0216669932137242	0.175901422156958	PC 33:3	saddlebrown
-0.178878556759394	-0.144844516270574	0.0671560992435162	0.00160610342955823	0.0442941746476648	0.39515989740184	0.688082197489183	0.339506463244416	-0.085264719474652	-0.0142619706419686	0.120293371966415	-0.228686795020918	0.13463556130904	0.455191094137543	0.437178589619351	0.383208717560328	0.374196490070279	0.371635183642653	0.796946189249536	0.700098361579407	0.689758397821059	0.582273910179204	0.88173943607877	0.602181864367722	-0.281033736150323	-0.0173629558530266	-0.0186799151700715	-0.321260627588891	0.00377229431574691	-0.252002111520921	-0.322330248921333	-0.417280879335138	-0.430666198119631	-0.357954946800207	0.00212825438739872	-0.323540892159537	0.44232255395917	PC 34:0	lightyellow
-0.27952885363625	-0.0485712571472227	-0.0932567971978864	-0.0112803032052755	0.180386342294884	0.575360994854723	0.814484122469729	0.413252534490147	0.122518982702106	0.266781260089411	0.309401527229416	-0.15457660448621	-0.0548402793684672	0.365698682024563	0.188401864862077	0.504257490769827	0.15624469543505	0.268434374729812	0.665841365218312	0.604470901289145	0.599881616917069	0.651228769216672	0.764212629538959	0.485791452419518	-0.410487693434168	-0.124561436886168	-0.00779741106946731	-0.273454486120187	0.0941855916524492	-0.0986226776298839	-0.251013628357577	-0.240982630560803	-0.370455313305548	-0.395257963188607	-0.0114950547630202	-0.395504921283074	0.749347874994094	PC 34:1	darkgreen
-0.388682325976145	0.0711083431221708	-0.176149869358627	-0.198677395218792	0.0858498747303678	-0.0353049450277592	0.359395509824605	0.285723657299974	0.128584035713888	0.417005333175567	0.542639533899078	0.107137185219657	-0.095057917592879	-0.0361435318219093	0.143211934483644	0.488716596457713	0.0203397578864162	0.191748840940092	0.267389562098127	0.313462274353331	0.193253174197807	0.434050139464925	0.357528476656549	0.534746141871853	-0.228647389058041	-0.139716204357989	-0.0572885601964956	0.206117805761542	0.237856130226472	0.190779299559684	-0.0296900780843418	0.0122373296950478	-0.186328717829735	-0.202017054504593	-0.111338098752206	-0.128715566780645	0.70203668304594	PC 34:2	grey
-0.302582511887915	0.122500259934695	-0.0622508140433113	0.151644529081191	0.0398899369951946	0.571816914230506	0.408163130494985	0.397968017700617	0.230530760349021	0.431029406840901	0.317612496965101	-0.0332828748212498	-0.280223825013014	0.0904372300831539	0.106600583672637	-0.0792375970604833	0.053733074610913	0.332965843145965	0.469945766541399	0.370057558622654	0.42716379718573	0.355860399977953	0.513118399085369	0.434112170074951	-0.282053341453082	-0.265785128275602	-0.101252667806804	-0.119107026190799	0.240071297969658	0.099202834944898	-0.0582019815379578	-0.271444575635273	-0.456543932624943	-0.436780959885611	0.0496409853696019	-0.43943658257795	0.442287928389608	PC 34:3 Isomer B	salmon
0.0466184285575437	0.158816181749466	0.0851233343507356	0.214209811292372	-0.0116319593254346	0.634961458768863	0.0549103628257931	0.117219624694857	0.259405549492407	0.58708193904787	0.244664018116234	-0.00500608748505302	-0.33040141773095	-0.13272050127169	-0.168134343784373	-0.278169268732582	-0.152889438716418	-0.128067171096878	-0.0540811687747277	0.0565609703715366	0.253118560768807	0.123851690317497	0.150880867883628	0.0795551936139562	-0.211662708233879	-0.202731453412497	-0.184687823284079	-0.137051622343103	0.0294883259381157	0.159143596927532	-0.168399742304974	-0.214466800530125	-0.211550904640339	-0.198559404743426	-0.0433471027622136	-0.189986144519719	0.130077336309443	PC 34:4	brown
-0.297220910936187	-0.0965375138563671	-0.101242208400529	-0.0444814816145914	0.0825381833974761	0.607315036878985	0.796932224885273	0.364311832564442	0.13177088684706	0.222150757489241	0.318121351606133	-0.280648884506106	-0.0755340506876402	0.271649203549941	0.215598516290168	0.337425561636658	0.24292705853957	0.31820981677666	0.680448172182311	0.705903483160627	0.678894487921841	0.574037914916384	0.861689417073963	0.57902104608683	-0.416787702690097	-0.121190666167645	-0.153374134947268	-0.218674045770083	0.260330980327566	0.0470178576347821	-0.272398922164304	-0.347636844457882	-0.410854383402841	-0.475381302644831	-0.140024033316813	-0.549607431918235	0.624965383350629	PC 35:1	lightyellow
0.0169226691977764	0.162367235263938	0.233533855543052	0.0855328325695964	0.0387295943380171	-0.10650179354492	-0.000549577594226545	0.106722816023758	0.104187705537281	0.429042207686042	0.323504978907397	0.410133067937589	-0.079450087381284	0.0451311892516085	0.0588069973671174	0.153034992553842	-0.164991812571445	-0.102367674202885	-0.219620966044944	-0.0198991113661775	-0.0996691784440199	0.0764788323965508	-0.0461474638618981	0.0521485063070239	-0.101569934100781	-0.178560323055909	-0.106403889952057	0.0326536775512586	-0.244163393584921	-0.125651590460477	0.252834726428799	0.171797547464685	-0.0391371086455765	0.0671479855312426	-0.00219384735570464	0.350471155701235	0.290164631431851	PC 35:2	grey
-0.249662263350797	0.141056045958857	-0.0762092160098107	-0.0341330793709361	0.135356638231041	0.14127881533445	0.233377935811163	0.365211756780344	0.290004820691918	0.546310281867009	0.61204108661511	0.171257134347933	-0.200414838095615	0.0066490600022749	0.0208533441061417	0.117123968203087	-0.0582281686655028	0.104701920757039	0.180532505415957	0.400464898807046	0.327807954436199	0.279425448514559	0.452310086080268	0.613973689110786	-0.315157106759486	-0.339567345065355	-0.224882517579576	0.188608174402697	0.328700747517824	0.266592623513729	0.0865488425402539	-0.181337461915159	-0.234820658074657	-0.250548011194208	-0.339454881531018	-0.354348847443543	0.482801069845679	PC 35:2 Isomer B	brown
-0.0559677161277981	0.209629544700665	-0.0171135209992543	0.205560613879137	0.0456292311589613	0.442179740019717	0.0584105258453014	0.264825609715962	0.263348210226213	0.676905849257972	0.498398613522994	0.239800765558119	-0.404700914598083	-0.132703091762	-0.15864988835093	-0.171861928000399	-0.202006537782518	-0.108669439466646	-0.0782189659819903	0.0822520349907371	0.211610709055575	0.14323332085663	0.147079464911167	0.220988258840525	-0.261532836121827	-0.306148886849578	-0.194888231198783	0.00208030109420988	0.163172460803157	0.211681698296041	0.0237832063728093	-0.182164570985698	-0.146156333677908	-0.155165320115773	-0.194404588302149	-0.279481694864901	0.29826692035498	PC 35:3	brown
-0.0578112457831518	0.287298344164608	-0.0939988308376887	0.0781544499222268	0.105090918083494	-0.0786527753237495	-0.00345663399557806	0.112880859701875	0.389339071341473	0.71739864202791	0.672013996483824	0.127446619382935	-0.365137742896588	-0.263771745816288	-0.0830964145657161	0.0535839687093953	-0.223731568486906	-0.0772574597092694	-0.143646367685241	0.111757629165809	-0.036975448280253	0.0578753701996036	-0.00920272807902547	0.201457791744574	-0.32317337676827	-0.297308541740005	-0.352367625452716	0.0348778532518002	0.133317739093666	0.306044527562678	0.10817395568385	0.0206039859998878	0.00653926180693161	-0.120740885256424	-0.230898198307214	-0.0692068715664312	0.389588138929095	PC 35:4	brown
-0.244264801383594	-0.265968943884366	0.045170157488427	-0.108694991318554	-0.008841614288653	0.376922947835012	0.634285319368545	0.249020841777942	-0.157034540891984	-0.0450334120078624	-0.0111322099198839	-0.196077271528025	0.205540387777069	0.421051311571002	0.327570490629162	0.445786906	0.406361987386161	0.437400314425151	0.779495426835298	0.608120674820969	0.526000927641515	0.560054491955588	0.839135623575288	0.57317348249093	-0.142493748519244	0.126321443714347	0.152243671235273	-0.239889268971211	0.0254457709623562	-0.196907037819168	-0.289732899312764	-0.334815259312246	-0.401333557359046	-0.287720720875906	0.207126540610725	-0.242480156831194	0.427354984295662	PC 36:0	lightyellow
-0.304305233502696	-0.115981253997531	-0.0691061684247826	-0.0861504948520749	0.0792268936158771	0.396388610682744	0.702902830196056	0.370875402303035	0.0884151773680138	0.220799068457231	0.277767979674277	-0.0553655260406571	0.0442418451021053	0.439404376719126	0.21713208409485	0.437636129436872	0.284517215989781	0.410132151813166	0.633771987269005	0.597941879390953	0.598655026200389	0.53046596023752	0.759669272172503	0.58026617118225	-0.288573737297742	-0.0849445543308053	0.0432826779087581	-0.182821371982579	0.0964568792343903	-0.107181960946967	-0.19836180706911	-0.148707483523216	-0.292892276208591	-0.340793856406702	0.00144881624595733	-0.266450662383628	0.667621520696804	PC 36:1	darkgreen
-0.184548007256077	0.244962210764862	0.126130593868839	0.182199367395455	0.166350470845119	0.181128760258163	0.444234417837323	0.478787109375564	0.226978829482436	0.259741848139941	0.320608417933788	-0.0181365361137648	-0.196057984920698	0.185463109950202	0.351972124432826	0.0734512684998234	0.0526346022866902	0.239203626601087	0.461710324721342	0.349326516776144	0.478810260103699	0.202071870929204	0.574819772027345	0.698839813148715	-0.368458366423398	-0.338588129476952	-0.196635307566437	-0.129197291151826	0.239538788476548	0.0122598491094412	-0.0808772171630286	-0.489849743117119	-0.400043443263393	-0.369083413353474	-0.101128939248328	-0.325520430064395	0.357711550616744	PC 36:2	orange
-0.0925076649750208	0.118795428066448	-0.0398790078519773	0.0699512664152393	0.098693678728811	0.306341964743426	0.160488745090462	0.291339650042684	0.229682193145511	0.607941730072185	0.510208972721064	0.264703239502785	-0.246007057633891	0.0120864249629356	-0.172416072435953	0.091253432525055	-0.240131920564522	-0.125669933114292	-0.0394888298172483	0.109094964581316	0.230950447535391	0.32934314358616	0.228916808361304	0.181454720537378	-0.232937724823231	-0.219392190469034	-0.0159036831177686	0.0673178963213119	0.0510061246034897	0.0994150142336235	-0.0605383878388139	0.0696725122853575	-0.00413287393277426	-0.0197855532466775	-0.247309184744997	-0.0652798944249069	0.472402178688727	PC 36:3 Isomer B	grey
-0.185499102737072	-0.046328365523682	-0.0200774750327832	-0.104032704255193	-0.0833548367604625	-0.102040434355548	-0.0366416474607901	0.0830267263371833	-0.0284016236700012	0.160110751216273	0.254990614143029	0.31298102908042	0.0197675857512252	0.0810078210889897	0.239838149714388	0.0587731756200233	-0.0574514703912737	0.0534789586313349	0.156034078260803	0.0745060805539155	0.0845430087875608	0.0691593490602447	0.213300329291649	0.589159533934764	0.0585805073573069	0.0129502395217481	0.131532592056422	0.193921970351063	0.167551484097168	0.124029330390993	0.0760252515121626	-0.0204371396763592	-0.179024653989228	-0.0629532687985389	-0.00138997293562224	-0.00401429930310684	0.103353672410753	PC 36:4 Isomer A	orange
-0.035997532303906	0.269027005617931	-0.000672407429654452	0.11604596610264	0.152678176409193	-0.0412671600244261	-0.123215672503227	0.183233423853584	0.380340674801421	0.889871736480391	0.696193459182356	0.238100889391632	-0.34876358181919	-0.234750535084819	-0.139515934451677	0.0535031866014715	-0.362057539433423	-0.204602175815684	-0.154467549164601	0.10805843435135	0.0469563401195372	0.0540858380494196	-0.00131160742504569	0.18905870248487	-0.253660500406298	-0.328283710637134	-0.281754930929278	0.0453024694525751	-0.0042674966713829	0.217963340404977	0.113980555998564	0.0790417039882843	0.0686800377010479	0.0341159698821684	-0.179757220555575	0.0446180632907384	0.38525894952076	PC 36:4 Isomer B	brown
-0.13811279190475	0.297967413828621	-0.00286495590212291	0.127884501687058	0.224719898848976	0.0566790132697908	-0.0352419506240995	0.241677540996166	0.415424863445014	0.956249900212743	0.770181884672941	0.224949432273259	-0.434098197076477	-0.252368051836758	-0.0198462529428595	0.0557736746144384	-0.330185467599281	-0.140257533209377	-0.0301234191720353	0.247902699217715	0.153737083400664	0.105114424088024	0.167248528821716	0.342810213353666	-0.344359512984232	-0.346703911283968	-0.361787048645303	0.0999539247215227	0.104020261890183	0.306148534348592	0.0710511127261329	-0.0809806816294222	-0.0497778721586231	-0.103829155139559	-0.278051521482682	-0.137063879986175	0.432607856221518	PC 36:4 Isomer C	brown
0.0227953250250852	0.439541921422132	0.194329080862418	0.223193224197666	0.179238255460665	0.253968455860307	0.0914972790720713	0.14411748189462	0.666119353685688	0.328543007651033	0.118176567774493	0.377800600075118	-0.172685318052672	0.144620837104077	0.00578892946487516	-0.164923258513854	-0.183254012398406	-0.185929992836264	-0.0326687713153172	0.112087965019181	0.257547768396163	-0.221836247030721	0.0245734929631507	0.0186880830852992	-0.109800841241572	-0.169584090992193	-0.127914065785366	0.0174348760861838	-0.159015309096897	0.00884622496213569	0.0810739050022363	-0.249292809494092	-0.141750196876041	-0.114761570363418	-0.170718776686033	0.00100481069027481	0.0303546607289933	PC 36:5 Isomer D	violet
0.0803682043782586	0.151619839067367	0.0981153402428822	0.183548189291125	-0.069146917558044	0.455570050711917	-0.0620365740863671	0.0723237249009114	0.251925872252518	0.639601936836625	0.455154432671681	0.10806439685244	-0.401397575042026	-0.253130493255501	-0.274736952701272	-0.245220329417375	-0.154393422540443	-0.16826221200001	-0.173487028818932	0.0530522952015223	0.215237513548823	0.129512101793694	0.0985518160254885	0.109322838507928	-0.234778446203835	-0.269270993085249	-0.150488581223551	0.0313286842326518	0.150861112404699	0.243690331274839	-0.0675844090856489	-0.0809701746290664	-0.108031155362303	-0.0443806632671477	-0.192513488580732	-0.0560386995255658	0.159224893195485	PC 37:3	brown
-0.135718137963107	0.203764011176217	-0.0185463205466741	0.0363181217941204	0.136677865773204	-0.0606965986068604	-0.154816326785448	0.160786171534538	0.410947941521587	0.941217968736814	0.749347030386981	0.26623427076278	-0.372919692284159	-0.314695524854265	-0.126014895022357	0.0353700237235816	-0.29339946071669	-0.159484533772735	-0.151444273884043	0.176357470920177	0.0561037838636746	0.0175528167788707	0.0379764605044421	0.290565950485616	-0.221588766842725	-0.251913261952095	-0.343199302807837	0.200739507240984	0.09096226361566	0.348609150136297	0.126047234748513	0.0534322452524001	0.0125750416717259	-0.051086944022036	-0.256694344034246	-0.0460703954306439	0.348570383578345	PC 37:4	brown
-0.282414197906869	-0.0257916693695803	0.0137900882931375	0.0103486109133632	0.0742300373420893	0.470669670393179	0.787814859819035	0.464544708465126	0.143302230344719	0.106894265685613	0.200750437954537	-0.339339980309616	0.0276380602243807	0.373005879017469	0.22720405952271	0.366973678172184	0.244677887233521	0.368314937883679	0.797467076601647	0.597050857959052	0.674983905807603	0.582732653832061	0.906463505518088	0.66161676166313	-0.35902960699264	-0.107038493052401	-0.013276396881216	-0.353502116043116	0.141287537229858	-0.122721942754345	-0.467651690328187	-0.519045762206051	-0.529496549998728	-0.487287999829273	0.0774102816080424	-0.375430600287243	0.605308514889383	PC 38:1	lightyellow
-0.109117180931437	0.0904428998195941	0.0562934441384998	0.0719740898609247	0.027989607800207	0.142091042608573	0.19963441994971	0.191367544359276	0.132688061778062	0.28633223989675	0.304525284214842	-0.077477504410287	-0.278148704980492	-0.102101902398642	0.124573115945	0.0830407920963025	0.0684538461425453	0.212276087125526	0.241165366143105	0.193901546188561	0.080717621524547	0.26867872667097	0.297655758669327	0.294018649890269	-0.277119954347726	-0.217601621940745	-0.193160593239341	-0.060509918062455	0.177825123595848	0.127617581327729	-0.0989012466431228	-0.0220822716185746	-0.24117190939363	-0.16137942279367	0.104325029595782	-0.0830250663647755	0.437059119720653	PC 38:2	grey
0.19888855767187	-0.0597844545306798	-0.0526701393416374	0.0838459430245343	-0.100405852260501	0.268014534758837	-0.210404210557856	-0.0958100695990437	0.0505061829499231	0.303861217583195	0.20428859972067	0.0501546816841639	-0.298513947285043	-0.30408160350194	-0.240239427862325	-0.364073506940573	-0.0872519908678914	-0.0871682259013316	-0.189076642240213	-0.173217844829464	-0.0236891976240618	-0.013500245355581	-0.0481447589384532	0.0115972308987426	-0.0272469986847862	-0.0545567939588316	0.00422618907846566	0.130508876906548	0.289749116742534	0.330309761146799	0.016834897664	0.143485779651782	0.0897999589388784	0.069832456438764	-0.142434406327865	-0.0889171797906808	-0.138874319021271	PC 38:3	grey
-0.0428163662682401	0.150386962922528	-0.0307412704930772	0.0778719885322885	0.0783349813203999	-0.184569342672099	-0.197860997091135	0.088813586198378	0.249514134291523	0.762739035664743	0.571243658865761	0.240885224972042	-0.37346088895394	-0.309018144189533	-0.0471570633432128	0.078171622927691	-0.158971547505831	-0.138758881053638	-0.201597249287955	0.158811344020983	0.089450477086441	-0.0554046777342078	-0.0187879756477848	0.18698126503394	-0.125764285060817	-0.171663379953883	-0.189195227520487	0.121430273236316	0.0403608374959015	0.252285150862431	0.138750145767213	0.0795819864195271	0.148970737346913	0.105176331298069	-0.360461889512412	-0.0356735077410244	0.223753748424307	PC 38:4 Isomer B	brown
-0.105407267175912	0.23992738903319	0.0324118325833059	0.110824683069483	0.144055432963337	-0.155887191208492	-0.236305155002863	0.126413798630937	0.395942547499533	0.916401857509465	0.651377380833655	0.359888237273676	-0.414554950705229	-0.302601644847273	-0.0263384540146876	-0.029234114281139	-0.325883540263071	-0.174470242352805	-0.195311907088454	0.10015029836842	0.0292063969801777	-0.153921207773085	-0.0502698208933235	0.248385542289821	-0.176253172910547	-0.249170080877753	-0.273869981932244	0.17108680967585	0.0687895897770476	0.328663553833258	0.193753394463716	0.0339645002345032	0.112148803893722	0.0371514397030546	-0.261640322779143	0.0356879747673454	0.233061836758954	PC 38:4 Isomer C	brown
-0.197044849084405	0.254478978207273	-0.0696523056803012	0.0317665424945069	0.234910166804893	-0.101631859321299	-0.0914890742161497	0.206393399656196	0.504981413185309	0.901599377809566	0.730686943325767	0.384842808640245	-0.366270024579286	-0.190654569078553	-0.0646353123745654	0.0281802725895419	-0.365744042833217	-0.169134283273587	-0.131670032158094	0.164644431434541	0.0789092284449249	-0.106835823785988	0.0797081844029978	0.287839968000516	-0.245120195341823	-0.267759541247492	-0.319920492731145	0.282462995457181	0.135353776041416	0.369002330268332	0.100856570978327	0.0062806085535986	0.0892423597103584	-0.0499112217107754	-0.433140218016248	-0.0826929343443082	0.305479450960482	PC 38:5 Isomer A	brown
0.143647312147905	0.52689753782271	0.232970664529049	0.330115447659575	0.247301205428206	0.228583352528794	0.0407249431188839	0.268278177231104	0.776925735887831	0.677642403722693	0.497748837409872	0.259991855961265	-0.379877335285896	-0.057568518051481	-0.117736531101774	-0.227584175329163	-0.375087647634987	-0.275983367606174	-0.0417255749522863	0.109176284597963	0.313413046098355	-0.118984693970296	0.136344755432922	0.213486936604511	-0.346074877465222	-0.416968970089662	-0.324291008028031	-0.024627588229338	-0.02535106171419	0.153998775907261	-0.0194867525346705	-0.253111362882287	-0.0524952683929448	-0.0510873491003844	-0.247530856719173	-0.00256041073865428	0.16638514393088	PC 38:5 Isomer B	violet
-0.192460245465285	0.104333498017838	-0.120753587943657	-0.119374272373437	-0.109700489157394	-0.247786982499558	-0.305834012085986	-0.113306041336235	0.393693103593304	0.572403629936626	0.449191798308084	0.40568403465755	-0.119704426534285	-0.191125588653982	0.0123148104829981	-0.1147970388414	-0.203012999555884	-0.169383307627675	-0.231849585174771	-0.0284033088565189	-0.016955181010324	-0.312316766670241	-0.145445378092946	0.288314145885396	0.130997972032102	0.0412178375903729	-0.0627892593329704	0.333542391887402	0.114761555708543	0.361335592678428	0.0314422035415838	0.0186003464484831	0.0440432560462258	-0.000475877446686448	-0.312703485035177	0.0774680273282099	-0.0444631252059108	PC 38:6 Isomer A	brown
-0.17314146201574	0.0783050100509889	0.113581993780339	0.0414847275441716	0.124824756706801	0.364864869424412	0.692982678971765	0.381979640866143	0.162036842142666	0.107280749973231	0.0755203782599873	-0.145043746494776	0.0485400107919687	0.375731499607538	0.117094393754679	0.438711201814932	0.182709790911091	0.271600885820445	0.643230615129378	0.448452153495787	0.495855274692689	0.484079438834799	0.719371372769341	0.406987180219908	-0.27835947264348	-0.0504686687220744	0.0184536681928598	-0.345479067299213	-0.129475958274666	-0.26254053562061	-0.244871128930881	-0.250020227183455	-0.257331380213604	-0.201504060113321	0.208211085753756	-0.0756924761106322	0.550046018033234	PC 40:1	lightyellow
-0.136754722338396	-0.00107818636064353	-0.169740976194298	0.0219097015731845	-0.115998394289545	0.126178094934835	-0.0538629965790212	0.209358187830964	0.195805806218569	0.77881004658083	0.662088907539152	0.0224215884839404	-0.311919453657041	-0.255997526691615	-0.00297522763061713	-0.108926540933168	-0.0496882363456179	-0.000532763879756472	0.00352606264012174	0.193690697851413	0.184486344825429	0.206841819743889	0.231302924829286	0.313482859354806	-0.170228159323171	-0.187697003362189	-0.282374295517295	0.109441345025363	0.281438095469514	0.372535134239833	0.0163532286654366	-0.104159104958814	-0.141030928166052	-0.235943301996685	-0.164307899585237	-0.304135375649491	0.295044065766022	PC 40:4	brown
-0.0609853860490529	0.186088655237273	-0.0431824260851087	0.0748552095533219	0.106569633548532	0.001143626847145	-0.147580440884448	0.16939556492833	0.445594351184732	0.700029712420043	0.491441649134741	0.412368524838334	-0.293758905097173	-0.111477387553193	-0.0830823160303681	-0.227283891908809	-0.268952856896335	-0.0950633332855502	-0.142466407426302	0.0420441058201641	0.0843597920516679	-0.22498849106815	0.0368447166081626	0.249748730450571	-0.111424306234404	-0.236232900155812	-0.243303227534271	0.272913701951925	0.165174830199788	0.3433725770571	0.220374343111054	-0.0300293383930223	0.0643067147567592	-0.0352706222210652	-0.32683778452084	-0.101651711860483	0.0573974671103185	PC 40:5 Isomer A	brown
-0.0416787209257535	0.0577239285544392	-0.0661059952142905	0.0598517184051984	0.0134965534552656	0.243761269349943	0.00604811238849544	0.146999352274799	0.265937353175898	0.784499607976397	0.638239712087116	-0.151965527964894	-0.452486125383771	-0.375057063690797	-0.131668342397973	-0.0322808183219621	-0.229975047740988	-0.0952246832112477	0.0489827504709897	0.194050415374559	0.19374872889397	0.126988012611807	0.247204450215126	0.342974297065365	-0.348251553166505	-0.235573431805238	-0.258375387549374	-0.0123935944174069	0.301893098555671	0.433196433720257	-0.0623933024877726	-0.121870269382921	-0.0283974517888476	-0.136384214267458	-0.14735563483613	-0.234071861997139	0.318788455324645	PC 40:5 Isomer B	brown
0.000253773382858623	0.530133013675976	0.0634363988009784	0.195780483608005	0.27710381949719	-0.0182750848543083	0.0217000097733616	0.290638693218928	0.886412049520144	0.370113480105508	0.409714708665051	0.123499174911449	-0.307127931842552	-0.145128895869539	-0.193692363075967	-0.141530008983687	-0.359020604590701	-0.209238371531787	-0.0742243992707688	0.075077420550492	0.0866828420838163	-0.321400094575945	-0.0159262268469873	0.134954135459196	-0.282419514875914	-0.382788940267207	-0.375296832498057	0.140107198937774	0.144314809632509	0.339101643539654	0.062703415969274	-0.216008954152934	-0.0306594751550017	-0.17875739558656	-0.328809716348375	-0.178808281736151	0.0822955178745539	PC 40:6 Isomer B	violet
-0.0834862232226831	0.450019261536738	-0.0640315058983643	0.0212579759899956	0.241501301207886	-0.197036283094535	-0.0351051905192325	0.228434271469569	0.814494133165339	0.341407249435739	0.44925563388584	0.152560990302534	-0.174760262724779	-0.147011823490575	-0.405973612944026	0.00312761002182363	-0.412648470821904	-0.280297542546214	-0.201828986728224	-0.00323185274557991	-0.0121218832418229	-0.285369056232438	-0.116135023819394	0.0653972093447503	-0.191033556415808	-0.2947935219694	-0.253546290197237	0.201134708697449	0.0938958746603628	0.314056207225987	-0.0232383084790916	-0.0485248479701587	0.12456017754579	-0.0556477120203737	-0.424592688344328	-0.0512079572847376	0.139115666502893	PC 40:7 Isomer B	violet
-0.171179027846973	0.25355807204164	0.106705914229334	0.046687804506627	0.319273204062873	0.0466826878740053	0.328637325990695	0.262542053850389	0.275862725715397	0.244155749895504	0.277279647070834	-0.0982607682028125	-0.250686982799872	-0.0340825041398416	-0.0547471251280827	0.325735941218931	-0.123638551225609	0.0556004639948733	0.204084074675903	0.260529724852946	0.165522059177359	0.195085968981366	0.334629046854102	0.249293826010362	-0.388922993227935	-0.186820693490902	-0.119785986276031	-0.163027701393649	0.0284739786338978	0.00795160743777173	-0.104871463817448	-0.106623785002783	-0.0920934981976735	-0.113766998028982	0.0647320405469056	0.0966262587558939	0.482157738154778	PC 42:2	grey
-0.119454163971161	-0.179763660500361	0.0611196740797962	-0.0523191536592442	0.0944013227813058	0.355064677337861	0.487335674052889	0.0823446175654824	-0.383033020007825	-0.00691567672908001	-0.0457539966217326	-0.229654751898711	-0.0153067204595576	0.163059498062504	0.330722997522091	0.421798505906566	0.197640031061841	0.1950282672223	0.436449202809404	0.335711453079559	0.276714170700984	0.54851890326556	0.393120962830105	0.236439461647307	-0.258023199783458	0.0808489416951197	-0.0171353372292643	-0.163757418323395	0.0482187370349092	-0.101094621107242	-0.2320295448755	-0.131494847187599	-0.326868652132638	-0.272372986705533	0.190169261121986	-0.0726739280415956	0.405842151030918	PC O-18:0_16:0	grey
-0.0998962985334764	-0.0166337654970142	0.0676340665990662	0.00538915621476084	0.209472446469445	0.564319157267372	0.432249996510276	0.241076695957956	-0.0858022748411829	0.0554157461300925	0.175771336794842	-0.125356648694706	-0.0432136723380334	0.136813448679777	-0.0314099349942768	0.255576047894133	0.100115318114159	0.018584024597893	0.355580001245846	0.410733555538605	0.537297515435374	0.732521058734727	0.510182448362724	0.268343349746449	-0.310750025664651	-0.0696491202311068	-0.0558083553844176	-0.0931646692183876	0.096710482377574	-0.0919583585116225	-0.246312591411491	-0.123552062087856	-0.376024605036519	-0.217335659248654	-0.0698672512552729	-0.179683931571877	0.482389816735542	PC O-30:0	cyan
-0.416557035919848	-0.338251016385687	-0.430782410358727	-0.53439636477223	-0.159937045024042	0.0630795057247817	0.163595592418846	-0.193552513353599	-0.0760453751703537	-0.0511166379898638	0.100112096225314	-0.123892877755094	0.178859531737259	-0.0283478524584413	-0.0347610710336368	0.430247441955576	0.231091230540532	0.0593090672602856	0.270103046507836	0.342109840676006	0.323306907428297	0.293702243859779	0.167208773774186	0.329196131054011	0.11665757381674	0.425746218264501	0.235752328110645	0.128484259084916	0.246779982143489	0.226940507595114	-0.31108202216804	0.148059531230942	-0.14143963202949	-0.189269587760214	0.00870453935338113	-0.0765155375114161	0.289258989763443	PC O-30:1	grey
-0.0606341604863456	-0.125444752962189	0.0649590476782684	-0.0185650672408851	-0.299681691438628	0.505338422717812	0.575679841131685	0.180484695324688	-0.0630855166507826	-0.178268713631913	-0.0844273962025219	-0.501884379998413	0.115233415489855	0.242033626837349	0.00488769677583452	0.213900396292839	0.348783169183678	0.242122710461901	0.512318707240533	0.33745517864612	0.462336751545693	0.470454880544972	0.462887798650022	0.210999013020407	-0.193798051321525	0.0302055578081332	-0.00772686950584795	-0.507571295917479	-0.050406297594818	-0.228592444634328	-0.498511932548565	-0.305431269477212	-0.445578078111063	-0.311349917976522	0.323642350125201	-0.0482177783672474	0.365983307701851	PC O-31:7	grey
-0.422701648776844	-0.163706157640532	-0.12068492164161	-0.0977083539742297	0.199891628190569	0.412524676298613	0.623561337319158	0.387107356422601	-0.145964072047214	0.20271776459736	0.324176559894125	-0.180214311028691	0.050536186050805	0.251910142854771	0.289516697294772	0.458462671586087	0.249339865356236	0.445516627996541	0.713108920139412	0.640629055853106	0.576775669173344	0.873232935070363	0.755191925351331	0.600397914211522	-0.255406649619558	-0.0252259624568941	0.0522762726027539	-0.159309753395867	0.157961580156806	-0.0689041219462616	-0.284211055796069	-0.211198424429158	-0.521811019878864	-0.488523641428856	-0.0197202855648598	-0.437654954228003	0.743792610517838	PC O-32:0	cyan
-0.437328707970295	-0.142483985081534	-0.19892571735958	-0.236298968911032	0.0208080790925441	0.343759862469952	0.598823976605402	0.289932022475904	0.088237513068375	0.15881544990305	0.36970405867277	-0.365494333748072	0.00165765785482782	0.129847865966434	0.195057098853026	0.500875256449194	0.238137933174553	0.333203627713414	0.719838495115515	0.685194578414558	0.650529392796897	0.588893086335115	0.758327659607192	0.803225396310619	-0.283829342982275	0.0646276774863424	0.0259894374466002	-0.140646154157375	0.353185537211681	0.181861956423245	-0.445090560412204	-0.319021354954315	-0.539138691135751	-0.582162467261929	-0.011193517842646	-0.409466927140926	0.644825235073111	PC O-32:1	orange
-0.220055849280895	-0.271089728429208	-0.121102987260781	-0.136154098632432	0.114068495598576	0.467417965839083	0.486784679233579	0.205897887498022	-0.296505548950881	0.158504096716745	0.193620055100001	-0.0285300081972773	0.0956798327949081	0.206529840768396	0.100634563758682	0.356305185619457	0.171608033916899	0.165519857307941	0.393134532963961	0.42630238501572	0.341547990542855	0.775994637316542	0.538515383603191	0.341039808820607	-0.17288891223548	0.0382629867547423	0.000613916890959507	-0.101694424189995	0.0462281666520895	-0.129544045125679	-0.106319506833418	0.0542810926280181	-0.272138459274966	-0.160227218323255	0.0449045577934227	-0.251083734294303	0.583067412992487	PC O-33:0	cyan
-0.19400109883105	-0.250839381823659	-0.0089188509086357	-0.042777319693648	0.000693066071595811	0.41963078672729	0.619784277463109	0.308821416713146	-0.308868450778145	0.0329760865175688	0.120940170580758	-0.360528105439767	0.0779909286196299	0.237485138655869	0.459353750393323	0.350567906207398	0.391025245205404	0.376905131489205	0.717761406903262	0.581851010155264	0.529442719133706	0.752100651377677	0.791850681726311	0.511462825981223	-0.245806583058896	0.0209814476819585	-0.0884803113252748	-0.314210486676234	0.0358652630714134	-0.1940232867955	-0.239898923309139	-0.319144277958501	-0.48194970051272	-0.325421437664844	0.17094077926629	-0.40358659842442	0.49298514710128	PC O-34:0	cyan
-0.246918292083249	-0.100617998329152	-0.0271463218283249	-0.0612574831821131	0.0997929316480518	0.33697329488821	0.553134345523032	0.320265568175573	-0.022331551461982	0.305516635280139	0.428935891532883	-0.241049624441585	-0.134458816426891	0.0338086648897317	0.208681812233509	0.336455103919631	0.250698336389249	0.326629254721557	0.539823695711786	0.574987028350499	0.460358238530274	0.710461730275615	0.791932689801047	0.592132853359849	-0.3361927799994	-0.0753402336762132	-0.16418865925381	-0.0883081949039399	0.273389722263948	0.127550579351509	-0.186048817208366	-0.23265707911539	-0.420450310827317	-0.361395934753551	0.0267788286525517	-0.365132608544379	0.632886701152883	PC O-36:1	lightyellow
-0.236912530474014	-0.185743212942629	-0.0832600806334376	-0.051370493572929	-0.0338304212103284	0.542711708153797	0.658868493399608	0.24728058776403	-0.107009774278067	-0.0358999663066907	0.0215965961075186	-0.333918244950135	0.128507085878119	0.349672802987708	0.290848290178571	0.353701521398481	0.484273655926373	0.393125403625027	0.83708211523596	0.683972833758296	0.756661704452377	0.644218042626998	0.765789380582473	0.498626193316361	-0.205101402671651	0.111890799158973	-0.00815561979294062	-0.352504872361007	0.0564444778949613	-0.158392850107413	-0.378000286808352	-0.461729689042301	-0.513666959949946	-0.48374468783438	0.110048013706058	-0.479072394589365	0.393195977165575	PC O-37:0	blue
-0.0126040576083596	0.035277061428653	-0.0102825540613897	0.146840440522373	0.0248993263901798	0.0952140723714381	0.118489145859906	0.399068115843228	0.0698742328346673	0.342007656343272	0.351906192029407	-0.00832136069209219	-0.0632088998803658	0.0795382577864405	-0.0319742141967093	-0.135003968726326	0.0612861689901633	0.200237834068159	0.0541861681465451	0.0794549778606851	0.198444598749603	0.364055308789772	0.250971310250498	0.198198893352021	-0.117920908781814	-0.29352754093912	-0.179540851245312	-0.202097999905802	0.00287739075736004	-0.0723267098594404	-0.00960997101900328	-0.07410729734592	-0.22504995731684	-0.234003498747219	-0.106849616687421	-0.250701915380056	0.28991955552455	PC O-40:2 or PC 40:2e	grey
0.0523243571755995	0.358560636667267	0.165796046943825	0.298768690399461	0.334402403261017	0.213505218626999	0.270202256396132	0.435403471756446	0.26623890467998	0.136942141809898	0.236745547600105	-0.100085694679655	-0.185934661344943	0.0845485813218308	0.0976045857250768	-0.136591787219096	-0.0995743359890261	0.144539784893077	0.168339983773154	0.133953213688253	0.145849056053359	0.341941916315646	0.389611726579371	0.0944508448949598	-0.381778479734908	-0.5007977620576	-0.271367275039227	-0.096910464863647	0.0870756452041041	-0.107040004634697	0.105709701900138	-0.0673482798700383	-0.132685711550569	-0.16058705443785	0.0110312745176504	-0.165344349232296	0.326552143975703	PC O-42:2 or PC 42:2e	grey
-0.372792927238435	-0.0553801698474039	-0.131777131846401	-0.183418817405542	0.257123301028636	0.163990610207793	0.527610739693985	0.2079073998505	0.00665899001529065	0.287096076685922	0.3920311084583	0.0170352667538929	0.0495799199466486	0.273658623265001	0.179229021713356	0.60515813671397	-0.00654202148265482	0.246877665183961	0.546659527968244	0.46473171074186	0.304272834911282	0.591827866538803	0.521220555951911	0.528032098874685	-0.273172765592372	-0.0461250019764747	0.0924082389029681	-0.0339399499975585	0.147938367196823	-0.0119146095914515	-0.0982847233139822	-0.0578836902125476	-0.339388658332206	-0.240203995773532	0.0494481007918228	-0.128337675104961	0.754065738437028	PC P-34:0 or PC O-34:1	grey
-0.286049675510784	-0.0740316505616817	-0.11960239243816	-0.250641093223265	0.167915338800833	0.0876034139377981	0.232239718703358	0.223558624282426	0.154962424146407	0.260209593941433	0.617771159892023	0.0640634889457903	0.0119255798179012	-0.00649763425852065	0.216208127776603	0.360029955381123	-0.0322717949453237	0.0463618884703389	0.343677141800781	0.559065524809938	0.357434357187419	0.415681884810358	0.52273681016783	0.802820777420277	-0.23201165647829	-0.0975043263608373	-0.127739914466007	0.262037347268706	0.327161133937828	0.274315593756256	-0.0360601972486219	-0.119824316612435	-0.393171544740192	-0.276682926802683	-0.295231473644565	-0.387016576264884	0.45473962023647	PC P-34:1 or PC O-34:2	orange
-0.181880298665035	-0.0725878041518317	-0.132924137044222	-0.290405671173889	0.156073605518295	-0.201823273765974	-0.0277692858882437	-0.0590138776517442	0.201478603667832	0.187959298749289	0.416492985591716	0.273826914213963	0.085139812750211	-0.136418774428089	-0.0399041321143935	0.266835529401382	-0.102589779070414	-0.083750519163083	0.030901027450683	0.298123236638853	0.040190681792853	0.0532702996105507	0.0643392030063943	0.402571269373652	0.0658608429370926	0.086500641296072	0.0136856827356963	0.280035899891887	0.129591037946244	0.203223424259441	0.142146734588124	0.018593047861877	-0.0581906165337358	0.135060617201227	-0.238026597337595	-0.11198525735194	0.229513081550795	PC P-34:1 or PC O-34:2 Isomer A	grey
-0.539447149505222	-0.242331069859821	-0.356548879405393	-0.4738496547194	-0.0106160335266068	0.031641772938534	0.274242579224076	0.0660265862875161	0.0850371454445182	0.283210382769554	0.522675563332188	-0.0574961189465417	0.0694115319192558	-0.0322114487685764	0.192261995998153	0.514988874909072	0.147891537334784	0.207825879274163	0.421581910970969	0.559397764572117	0.365727984647048	0.351347194429233	0.484372804385291	0.905080992519801	-0.0808379120426962	0.197126990095224	0.0780075914135883	0.230528952413758	0.412303736837343	0.406236763268385	-0.268439019631143	-0.151184396790966	-0.386321327261538	-0.443265496655956	-0.205174053766579	-0.402550986650812	0.49906153413699	PC P-34:2 or PC O-34:3	orange
-0.366029471026508	0.0528964509527955	-0.016991605854714	-0.00713950240256701	0.195651777998893	0.25187618730563	0.485294717346899	0.46861385765458	0.11891070473645	0.488942657646457	0.660097941502469	-0.0699650948103654	-0.206170602821035	0.0504278313880728	0.217591846089606	0.320289370750949	0.0356919975027411	0.264768854238104	0.50280360913455	0.559462403454006	0.471263007869486	0.646010558489779	0.779216413159808	0.803437145661174	-0.443435132446317	-0.251803196584573	-0.192861505628809	0.0240315803784265	0.328558133507931	0.156526760254248	-0.164102046128005	-0.265134042008402	-0.462948673580061	-0.409807486488646	-0.170103256451494	-0.379755899758412	0.712843555014177	PC P-36:1 or PC O-36:2 A	lightyellow
-0.334125257952759	-0.0977353103314885	-0.0237842506603117	-0.142550210462827	-0.00758289494705132	0.167078544814827	0.559727042891851	0.270706438525535	0.0612093640891301	0.301098571706058	0.424573393100033	-0.191742492399651	-0.108699353399784	0.0639476401548372	0.1967018307716	0.40648786642812	0.304638446354246	0.394872787414447	0.595701069191361	0.657347630743136	0.478720010296202	0.524203988636668	0.779289837025288	0.802875401091371	-0.297635580653135	0.0213407628016032	-0.0603424114427275	-0.0254614547363444	0.300889656895787	0.161630689002384	-0.192811564920693	-0.277471007834897	-0.395021567106482	-0.377591674228496	0.0370486696102111	-0.279346406469793	0.587465317811494	PC P-36:1 or PC O-36:2 B	orange
-0.516136599008337	-0.172197228341719	-0.298438883682559	-0.379939651839117	-0.0221248883463864	0.00849131490283194	0.336536255751829	0.179024981996851	0.144033610782089	0.365219111990982	0.580030525018576	-0.0571056129267583	-0.00466351867370075	-0.0223630141479459	0.13578447698399	0.478307416139503	0.104383652934725	0.15202063307019	0.349227087242322	0.521915266266101	0.36231554602109	0.354974710260199	0.515993043801309	0.882998929206296	-0.138833456880181	0.106767431895293	-0.0448078486970728	0.205406294026914	0.400893905792542	0.381621999096399	-0.239068100223793	-0.136968384973102	-0.351246046676377	-0.42798897622606	-0.261534595803894	-0.359542457892365	0.557198404042729	PC P-36:2 or PC O-36:3	orange
-0.281352467349331	0.0429149440108826	-0.178973674402682	-0.206761874531864	0.166041132754237	-0.0731457590261092	-0.0749856107021903	0.149604276180299	0.345322814310531	0.708016614159344	0.904312384904864	0.233001634541972	-0.238875087065012	-0.278589212274469	0.0411915689866033	0.20345831099496	-0.291598458247156	-0.151290428523329	-0.00144371773514315	0.395071392976288	0.137612458675567	0.17153761939761	0.242716735842444	0.597966180718094	-0.266238111221681	-0.21451375573362	-0.286437607793977	0.411953088260734	0.388357774695933	0.519151760808279	0.113076214950297	0.0401168561673314	-0.145297951691948	-0.100235840347555	-0.469231090435378	-0.276386347161438	0.442407556374497	PC P-36:3 or PC O-36:4	tan
-0.451752950446733	-0.168699534265344	-0.394744332003531	-0.416702837713248	-0.113989066751107	-0.0959276464446603	-0.00523329137463737	0.00562919347126986	0.272644012166734	0.591777173283502	0.736764405794216	0.0472862475598204	-0.0731071553652911	-0.28002222482772	0.0221142661244294	0.308470982430975	-0.0175513897474364	0.0331501674194806	0.1257283817338	0.430934335166581	0.207646004821081	0.146644357896942	0.220936508168531	0.68224742913614	-0.0308124066417012	0.112614601504831	-0.104463663561351	0.287692645683274	0.386186201766205	0.574526141776288	-0.123829464323586	-0.0505357504370465	-0.243996672665534	-0.32962380462489	-0.322228802792763	-0.352936521742096	0.398977238697302	PC P-36:4 or PC O-36:5	tan
-0.170529949969524	0.0524084072122291	-0.115857414152564	-0.101798165351174	0.0745250590687163	0.0422359287706965	-0.0486646550270698	0.175436498792057	0.276023888751617	0.763488345887547	0.914069614599579	0.0903630681456633	-0.355719402063635	-0.364918543575431	-0.0158691101505615	0.0835778775312615	-0.220523532979909	-0.131793259638629	-0.0137550985501796	0.323440594936882	0.186105302726578	0.259603558914734	0.318012905353056	0.592029559130007	-0.343124791081508	-0.292270141933466	-0.347751444943134	0.304487497875266	0.422538127424702	0.518657968217498	0.00492148101501587	-0.0208020713559147	-0.137984667485989	-0.107705694545124	-0.401336783774477	-0.228691545344639	0.434984265714483	PC P-38:3 or PC O-38:4 Isomer B	tan
-0.285745232858595	0.215541382109846	-0.0670863394003125	-0.0782752224319552	0.290434670864776	-0.218189341894813	-0.104846024673535	0.207745671039667	0.436862888732147	0.747304257444794	0.862990557216828	0.409984289150056	-0.290037861508329	-0.211332755641826	0.0500629579756784	0.169848679513507	-0.452601678877706	-0.23521932431134	-0.0958493960670304	0.224875984968089	0.0604443969334088	0.0180028302860935	0.132683894611433	0.46572495625384	-0.263834948704143	-0.264472102870667	-0.3011476642059	0.423905762603162	0.245147561013863	0.421831279383851	0.157893899278201	0.0611066036799069	-0.0305140422114181	-0.0437229228124501	-0.546818456768177	-0.111393084677911	0.38210688469166	PC P-38:4 or PC O-38:5 Isomer A	tan
-0.266566199741778	0.176981133405999	-0.114004879085033	-0.0674224433636736	0.14930042356159	-0.0899417881281944	0.0138525169214253	0.255856541845171	0.340575924906053	0.744191499168924	0.888531904375078	0.156977877045362	-0.315194038213783	-0.268723162161922	0.00766305306805994	0.13661548688548	-0.214750300752725	-0.0835589409156942	-0.0249439787573314	0.241846836256306	0.191004749013191	0.22997906336329	0.225165563702918	0.514082109834786	-0.307495555645583	-0.282184978095078	-0.34484255223649	0.266779803205803	0.312230490040297	0.403444971280982	0.0678847931070424	-0.0329750889384084	-0.147719402082797	-0.210094253946634	-0.446498005988639	-0.196603360888754	0.466197296855782	PC P-40:4 or PC O-40:5	tan
-0.103848186251705	0.213425874759746	-0.117261955290251	-0.127800107019964	0.0996234111519906	-0.0748923420796325	0.0942925125310189	0.22477708637312	0.553711850480718	0.469782452032898	0.73148759355679	0.0915531572224395	-0.324607810105037	-0.290684706667005	-0.123080640292743	0.175814688568971	-0.250267537911603	-0.201079956493541	-0.052497975564469	0.308351527615016	0.114170529084658	-0.0608292918628751	0.137888856495802	0.456795143317161	-0.381181563184164	-0.224283830168859	-0.389415419061031	0.245664554415678	0.283486267753365	0.452433124731246	0.0115290802629971	-0.0617048581968458	-0.0275007730024055	-0.0441320840606215	-0.406651844477326	-0.171525882907598	0.325710541975471	PC P-40:5 or PC O-40:6	tan
-0.172274824725152	0.156865314220759	0.0183330579752357	0.171141615250396	0.146848912637692	0.198463087716411	0.293089348946082	0.45582493219985	0.184170123880951	0.420956552283008	0.379836155099004	0.0681741190314944	-0.180903743796918	0.0383560933948545	0.0424962283683285	0.0956353229235678	-0.0457025558039266	0.179082477648737	0.240828529379082	0.163657485541359	0.168569511184262	0.436228882070687	0.440843378619056	0.320754239044606	-0.260960421154778	-0.325191899023635	-0.167576188780937	-0.0157381637859019	0.151655573198123	0.0886388355102806	0.0188566869171083	-0.0912789017891707	-0.263106730705307	-0.299973741370924	-0.00626842445153447	-0.3057021323501	0.501297755312591	PC P-42:2 or PC O-42:3	grey
-0.212812808765497	0.264348318370124	-0.0959907559262753	0.0506762467475916	0.255901651703063	0.0424622859976944	0.13292220033691	0.374789866061024	0.470776727087677	0.659542272257126	0.766866156007694	0.324648763812799	-0.174918672236964	0.125729376767938	0.0840362087578161	0.191328223834337	-0.234796885590349	-0.0990827852973528	0.0205720704801194	0.304418343010897	0.316241720250524	0.221751538083559	0.299741918920958	0.394233790660511	-0.283282583316879	-0.32903155129858	-0.289840213237375	0.0651857906918207	0.0400161097348643	0.155766334182448	0.0311209148321829	-0.0724871805294847	-0.179150809528141	-0.284203866276474	-0.486916270430229	-0.219185856509494	0.517760442525711	PC P-42:4 or PC O-42:5	tan
-0.34729957194799	0.142596591564837	-0.163474322111568	0.0201932500628443	0.0364155656051055	0.133015900459805	0.339378070819592	0.482191918527398	0.327444895398421	0.495134116100026	0.590471083117007	-0.062639657768094	-0.165372272182029	0.0796535481927997	0.00191477511837683	0.140516974529553	-0.013414728600013	0.204213788371976	0.239800257868539	0.357586934348126	0.322116787801758	0.353911501965265	0.426355666617566	0.502046601446232	-0.307571678409891	-0.232560180176156	-0.323597339154722	-0.0548289408752675	0.26480387670595	0.258399358193597	-0.219542133830273	-0.204196801169668	-0.34599293771056	-0.538842925096632	-0.268482341136063	-0.367088020337848	0.626076424578334	PC P-42:5 or PC O-42:6 Isomer A	grey
-0.0759676201670577	0.341325976816866	0.0915509153536998	0.1841183255343	0.26122303197281	0.141608306876508	0.212576305246654	0.327799449407638	0.390273003612048	0.635632153349808	0.74367081118919	0.209086076503376	-0.417007707833651	-0.0753893273223414	0.0586939285117313	0.119641597569485	-0.24154302205392	-0.125764327861137	0.0357561836775623	0.259035541825898	0.227506861849614	0.22307129521449	0.344296917147562	0.364569681944329	-0.497919347775561	-0.372677725218685	-0.402406939615567	0.0686363941719299	0.118841353067775	0.171941053624063	0.0198790658210228	-0.103968242913823	-0.106442188940128	-0.140335157459411	-0.312839283627837	-0.0983996504396377	0.479011855456007	PC P-44:4 or PC O-44:5	tan
-0.450842602815728	-0.174319533239325	-0.332168459699257	-0.387373464439784	-0.224090780804669	0.0348436986188482	0.100285095896683	-0.0655635648294422	0.102181556096689	0.24730528415993	0.386114393873441	-0.248858703519465	-0.25310838399262	-0.388352645424807	-0.138270164429689	0.111931649225431	0.0171795766355341	0.187401959960303	0.132101200335887	0.146407827369833	-0.0252809852474021	0.175245372649316	0.284280375516813	0.427704224549241	-0.150093161668843	0.0937452790626483	0.0281822709845344	0.563961292021988	0.901174135451326	0.808441957893085	-0.0764430773238092	0.0326580176543655	-0.248476095342906	-0.335484568614376	-0.177873323582321	-0.267223320834795	0.315609559117352	PE 16:1_18:1	pink
-0.385928583587181	-0.144604395442606	-0.300832393334543	-0.296555583485604	-0.199290711908575	0.229752539828158	0.246202806238734	0.0417975275590808	0.130510651163748	0.168345302434367	0.349209548091074	-0.499209670010623	-0.318337250180488	-0.338746936877299	-0.207569873552777	0.113939623369928	0.0532542649944034	0.24899280436992	0.327487963434602	0.263452441910266	0.159832355617552	0.239789642832976	0.438280888182765	0.457511989235958	-0.307081782199622	-0.0128565311923199	-0.0127261175692794	0.326627432828863	0.899656289241724	0.71720595567237	-0.25323441379975	-0.108915231448017	-0.332326199267461	-0.37980938621545	-0.135075534565353	-0.368287240748285	0.353581277966829	PE 34:1	pink
-0.405115304076871	-0.226746943514896	-0.396310438801247	-0.396544776231411	-0.285969462723092	0.0974397381573239	0.0106749206366373	-0.0889478722251626	0.0442045300973883	0.225680345884724	0.369833441030173	-0.346311128418211	-0.277225662494904	-0.43902475599966	-0.205190083635811	-0.0260252352056769	0.0361142496301767	0.175715112863364	0.0823120439085866	0.0846807707724209	-0.0153966815032909	0.132936242073086	0.232210972826951	0.365647746865493	-0.126541741722746	0.0913302631552821	-0.0318416039539231	0.533586420232687	0.93224902604632	0.839635211992463	-0.146471442042027	0.00924866798433226	-0.251118363038813	-0.339122646811678	-0.189271150245286	-0.36189301120578	0.196635127068463	PE 34:2	pink
-0.252069390067297	-0.0382997131536611	-0.153418761598403	-0.125517497504839	-0.0998932539922106	0.292424535634271	0.273806620165624	0.0657273425254992	0.0657938354273754	0.191803717471178	0.275425176660219	-0.472101493269634	-0.45477144164413	-0.393859066358923	-0.163334274235558	0.00778084998604001	0.0340685255087524	0.176857302400589	0.304299083133379	0.229001429359304	0.16036782879949	0.232255647860043	0.446171449763121	0.425566724627698	-0.424177963270491	-0.0680266338661029	-0.157433782072337	0.267024237320091	0.881885826528465	0.674365513231697	-0.173991589057782	-0.196150461844903	-0.254914757624326	-0.316406744744702	-0.0817602809857603	-0.370018143898956	0.273325546281224	PE 36:1	pink
-0.251918738840661	-0.0588286370571466	-0.210715222026	-0.205036760998286	-0.0959482068252501	0.179403875698676	0.15938651868979	-0.0157315358386922	0.0674442317008857	0.241319313846058	0.345291876780044	-0.352591279367537	-0.439167190697662	-0.423026735738998	-0.195232126402498	0.0144713435149985	-0.0702297845013367	0.0651857843415884	0.146778230925688	0.114405960951138	0.0284067895590528	0.154908615712133	0.332584916763052	0.36159292841402	-0.381497800852501	-0.0363412319393001	-0.13607165103439	0.412513877140104	0.902303391053947	0.740815033239101	-0.118217459303291	-0.0636797931219656	-0.144780459181946	-0.215341497415281	-0.180623425850612	-0.285403757497182	0.237990348390801	PE 36:2	pink
-0.312811140515071	-0.212920036961412	-0.345281220945231	-0.374415428661324	-0.167538462503846	0.0128448654778284	-0.175593048056176	-0.359443025372295	-0.0704399760680773	0.177125876970484	0.277546398364886	0.0223081468908549	-0.138708285548343	-0.312829330753411	-0.195192019522297	0.0502342678316158	-0.203585397518904	-0.0863994436566442	-0.1507971954365	-0.0858454330224928	-0.264625576183276	-0.0267198023493768	-0.0275187491654968	0.202408339876264	-0.0400287177720505	0.0944698389242564	0.189458281419893	0.558155982845661	0.701485195128059	0.665820966571951	0.000832326303366425	0.276606582632426	0.109278691231404	-0.0143484492557317	-0.202352138406719	-0.0394789616753779	0.1218524804708	PE 36:3	pink
-0.273685236541073	-0.0997311259636131	-0.339961433103032	-0.32044340666217	-0.131693565663557	-0.0108600826840651	-0.195613060530297	-0.181302850737666	0.198833790407571	0.39350306638308	0.48713325506898	-0.15140503517024	-0.409697193485414	-0.603242204330331	-0.251078193942381	-0.0669215104458359	-0.222907043425451	-0.0627935496877284	-0.11316663120999	0.0334068090200246	-0.151693236301903	-0.0652614447892443	0.0205386765298911	0.25793173164896	-0.160006269108725	-0.00580011350713974	-0.103263412734913	0.62557305005922	0.853542402536192	0.935364541945226	0.0439859652964092	0.178032896304242	-0.00342959538353786	-0.138700783020035	-0.36573126628147	-0.273830513477299	0.106549169425202	PE 36:4	yellow
-0.26489003280651	-0.0954405719629125	-0.309225505893001	-0.324565843199726	-0.232415160525083	-0.0537945049087068	-0.168268250238703	-0.134704634608142	0.248256633866657	0.400638204220567	0.448290061265783	-0.115654955660949	-0.387921488274823	-0.56790621496901	-0.30155053088498	-0.0176575319191243	-0.118360594240404	-0.0291009242618992	-0.133283768352022	0.0331621480716035	-0.194000081026383	-0.103132717408204	0.0247882349020272	0.270259207462164	-0.115162751238281	0.00747938067916155	-0.0995499012757581	0.576514592055472	0.768333545048387	0.890223058551134	0.0113722351977992	0.206700522833368	0.0296768835919491	-0.132759412306843	-0.20980630056272	-0.181587861004636	0.141727491759808	PE 38:4	yellow
-0.269820467035944	0.0318702101279923	-0.228110347082334	-0.243953260422278	-0.0625302546762463	-0.0669264177410984	-0.164738008016635	-0.181534377071743	0.271716963467576	0.496066115877463	0.587922095484704	0.0124409523768807	-0.403920015188009	-0.532978503815964	-0.174082172971968	0.00580685470389313	-0.296264370892299	-0.117205324110399	-0.116979111493638	0.0898134289678233	-0.185178119013154	-0.0585991122297176	0.06132844100204	0.297705796357187	-0.224276169557873	-0.0869237816548562	-0.142648728600556	0.640203929006659	0.725490048367431	0.83500674756339	0.0248610625236936	0.179000241519731	0.0507943229422802	-0.0264519386963877	-0.366344053196338	-0.1147184605108	0.217620338729431	PE 38:5	yellow
-0.230598676681169	0.0373413368376953	-0.322733115632965	-0.297140027213015	-0.133609870046981	0.00730698405301318	-0.109769722256415	-0.0967017313643232	0.379433052348374	0.271051324363086	0.408229303783074	-0.243304610912396	-0.393204864880716	-0.555757021718085	-0.37383714470951	-0.00446244291683454	-0.257535761409615	-0.155549407433105	-0.120040626646985	0.0111436309178556	-0.153749741485511	-0.166901005995481	0.0185457797033181	0.21436696045587	-0.227008714449901	-0.0524633590177134	-0.139878465296762	0.566511615156685	0.787663476500073	0.897126896396067	-0.0811953407433543	0.0757937725341697	0.0162742787876022	-0.119774143459565	-0.289570501427118	-0.235187542193563	0.099890290279414	PE 38:6	yellow
-0.0150622816307597	-0.0267746723513272	-0.209443999475178	-0.243217498055301	-0.0539787592738211	-0.0681995699897775	-0.146882753999832	-0.15195376585559	0.395590776411891	0.260926852379265	0.283494443280353	-0.00389458840923265	-0.134166094791446	-0.302891226331627	-0.33907945307361	0.00462946039921919	-0.148612754953213	-0.0496789425574458	-0.168165582385165	-0.0202894666430452	-0.128989590801537	-0.198365038859626	-0.0616881779442891	0.0104862272507861	-0.0197396815903884	0.0138875924147022	0.0938980085551793	0.531682663606451	0.406007727124451	0.59001036972799	0.0092402943522295	0.187119888940813	0.119782866593969	-0.00194670003974074	-0.30052253215057	-0.0849916407504885	-0.0257476201083425	PE 38:6 Isomer B	yellow
-0.337046685823258	-0.165888961016906	-0.345515693135462	-0.309279037587224	-0.173415395329221	0.105492376349003	0.0267182436518189	-0.152208130506248	0.0353026349105816	0.150640914662942	0.267203438038947	-0.414869533999886	-0.375924088321827	-0.538116419508736	-0.15255716728069	-0.0142486427363599	-0.0403929843425246	0.0879564198234183	0.111357105137168	0.0992413656487802	-0.0195469719186602	0.0122915831914178	0.186100126223221	0.325572383724003	-0.205978732352488	0.10206806178921	-0.0744724949443413	0.425374768598109	0.89582615732908	0.817754106730283	-0.171984173907994	-0.0402929741185561	-0.120211577283134	-0.236159402885858	-0.151935356651121	-0.337954776327851	0.103836542514883	PE O-16:1_18:1	pink
-0.287054206648227	-0.31245680520334	-0.402337810669553	-0.489127297696354	-0.269515597936235	-0.33248604823622	-0.374403388797036	-0.258574717189011	0.000912229486102924	0.0567298132004563	0.217862299995226	-0.0847802644656736	-0.0950279649669303	-0.47252545527928	-0.244285219310365	0.0177081711084326	0.00211218484572548	-0.00126781776614861	-0.206709400395623	-0.0213962693828025	-0.19452817354474	-0.198127841351893	-0.153273618514745	0.266017699641325	0.201508296592595	0.232182568689317	0.180475924803691	0.597056897040672	0.675947561975583	0.756307429044335	0.0523875120655875	0.351992932946443	0.120912190810243	-0.0500360479034364	-0.283016401041855	-0.15628843712228	-0.0862254856015766	PE O-16:1_18:2	pink
-0.304739004255052	-0.029938792998915	-0.302574640390258	-0.377847676017376	-0.137296475523691	-0.101238079282784	-0.186503928462669	-0.175540679700843	0.366844954755089	0.227683581868775	0.321658925105673	-0.0772720395640934	-0.260127697595272	-0.514682144776741	-0.340130203409753	0.0226392804246926	-0.24109753186685	-0.192769589687566	-0.218118725813025	0.00600757139415999	-0.17204115482372	-0.227048280372173	-0.108371743157299	0.125853056800199	-0.0546144519468892	0.183818249320664	-0.0867006068901638	0.604127758706125	0.589529227138988	0.828935998040865	-0.129751949153819	0.123742507633204	0.0573483508524849	-0.119169742277439	-0.328566287982339	-0.14182787852616	0.0277479329341743	PE O-16:1_22:6	yellow
-0.165831596516959	-0.456744339892159	-0.300240791438336	-0.39727783688399	-0.0679950050468842	-0.27598233071962	-0.216635651694359	-0.358507655870586	-0.27052538889651	-0.14930455890995	-0.193456916938197	0.0668715929195063	0.31682394443933	0.0335232262684177	-0.289145476362895	0.177367962081926	0.159052836799577	0.0522999299556071	-0.154967821233535	-0.00778209820001536	-0.178649788759222	-0.0437838187988193	-0.329685253198239	-0.375529470603485	0.398833751441982	0.507174850920768	0.243737841585984	0.230921269100901	-0.0974663749674347	0.0329182943827577	-0.0125797789312713	0.458423937238835	0.347693430151564	0.188551043637133	-0.13684522628159	0.110540057049275	-0.105864818423323	PE O-18:1_16:0	black
-0.162048345896969	-0.0162281093963016	-0.351615331655115	-0.326254010032354	-0.192890777824453	-0.0875951869042815	-0.112261504163746	-0.206560214225467	0.454930486503431	0.1010089482246	0.230048959867049	-0.178197966579462	-0.0845123852740737	-0.337559712565148	-0.268052520050548	0.0802994530556717	-0.0973251228062957	-0.0458077179923867	-0.0594866491470554	0.037008352074139	-0.161650881433277	-0.293638504476536	-0.062766730906713	0.118810360309644	0.0363999018158438	0.0553221306624296	0.0347274357750806	0.340618972344635	0.385364134751913	0.611412229453227	-0.0312455564478826	0.0882374277578415	0.0855266601510409	-0.0927308898799189	-0.13684650909766	-0.1982258800174	0.00652346798806399	PE O-18:1_22:6	yellow
-0.417406001072605	-0.15303827936383	-0.457557693434397	-0.449135506263187	-0.188308102563015	-0.214840426594419	-0.159693024694483	-0.100373014502819	0.182951323289816	0.302714377770584	0.409129547454534	0.0605520918456345	-0.19169254543695	-0.378531495352829	-0.143399030004432	0.0770938001874637	-0.0432172438013807	0.138243755557038	-0.166172307778325	0.0544804013457163	-0.19873966071587	-0.172125662160794	-0.0995664404586441	0.253615528516195	0.0716210313539629	0.128788724790289	-0.0423753425119691	0.646603185507343	0.660356003151806	0.802048530589257	0.0972290370006414	0.184152373943447	-0.0573697135047746	-0.211495233065105	-0.359051457479225	-0.282458000544511	0.150426283799932	PE O-38:6 Isomer A	yellow
-0.30096319572848	-0.255813966413455	-0.51238978648312	-0.420376597254975	-0.185062803309617	-0.116703014225417	-0.202728457077752	-0.0903318729932113	0.107213683735917	0.432713890995418	0.524896308435789	-0.0456613214591607	-0.211704178577246	-0.490384487095128	-0.244513914398623	0.0240098636498276	-0.0603590760867516	0.0415955618906841	-0.162178144937372	0.0110168929327968	-0.172196032343826	0.0488835697811086	0.0300203417506483	0.233097295301662	0.0358322366423877	0.084713045286714	-0.107507557833032	0.578455797299472	0.643382174944375	0.809702870018206	-0.00279230911695575	0.337074535670865	0.157536238443595	-0.0952186864784974	-0.37297019668628	-0.330160503433358	0.182452623981173	PE O-40:4	yellow
-0.195165621783674	-0.303564411179275	-0.372882613455901	-0.333961301306678	-0.258103715779778	0.0129318228389037	-0.251566195857851	-0.314655582552825	-0.11029653209401	0.32101598072836	0.36092425994336	-0.213281206577386	-0.306905630076781	-0.592571898921006	-0.181955912989023	0.016255799775524	-0.0533379584378622	-0.0631549727390553	-0.0896876315038769	0.0399432185440884	-0.151791870968819	0.057530827391827	0.0515820484910873	0.251750784924059	-0.022115891657686	0.184293997239502	0.0151741793365244	0.494191586999204	0.742314400892684	0.810076969660896	-0.0282230337991174	0.166755949067629	0.0316598910498397	-0.0646480656236828	-0.127915745640894	-0.207235241148662	0.0468058558088306	PE O-40:5 Isomer B	yellow
-0.155724284021285	-0.110107316698638	-0.306160205170527	-0.319401084525571	-0.232072321355391	-0.0168829053039738	-0.236591966153418	-0.258192539077394	0.150170587215381	0.1660699893929	0.33248726755497	-0.0379348285554334	-0.201034677994766	-0.434531134642981	-0.367335971630933	-0.0955074998003582	-0.101128558180041	-0.0946321916173288	-0.206022129686812	-0.0704536312088647	-0.153688449048407	-0.116588545055733	-0.0284434930467974	0.227059008526838	0.00894568925434571	0.0895686258789402	-0.0634092631293067	0.537436275783483	0.755911746748712	0.829301176477935	0.0434189014517567	0.18593473744634	0.0549486163878812	-0.0772382886597827	-0.277473752300057	-0.140961040610106	-0.0596847491388245	PE O-40:6 Isomer B	yellow
-0.359591571409791	-0.222540696218824	-0.378298586141615	-0.332188693492191	-0.271698214978678	0.0760965573222476	0.0968687931015737	-0.146764908718014	-0.0473631876410203	0.118622286103862	0.248886384506102	-0.348924786466346	-0.206107438961263	-0.330130843714692	-0.210495167306971	0.133272648643996	0.0755609923589773	0.208093394223237	0.18945252865017	0.205516850901781	-0.00196747400559254	0.137716179474777	0.235842276802762	0.33556075393314	-0.115645912240975	0.153146475108341	0.086475323612762	0.304972910869633	0.800391208654087	0.67458330229181	-0.127503189453176	0.0105944880774798	-0.154625528627186	-0.264422186328241	-0.0669010923393801	-0.301904998149044	0.255990849726471	PE P-34:1 or PE O-34:2	pink
-0.208893536879521	-0.0927342838973263	-0.292803136207552	-0.232867343051461	-0.191873398699869	0.0494901453566239	-0.0135811365721169	-0.00944026576001912	0.0553038932130808	0.116694315865337	0.28334797408924	-0.443167232071918	-0.417912064804413	-0.549927468727588	-0.176019780098808	-0.101732966086963	-0.00734821976541603	0.0690044756792156	0.057852488431037	0.0966811939200468	-0.000870145040569597	-0.0419055775825799	0.186716327217385	0.343832190051463	-0.261387482799693	-0.0125888271408599	-0.19737335599872	0.393540158770607	0.878217899853047	0.789769921114614	-0.118414947309804	-0.147618455565946	-0.153873338885965	-0.256065202579987	-0.19403549516675	-0.408927237412735	0.00442755256245122	PE P-36:1 or PE O-36:2	pink
-0.318349897491903	-0.2045243303694	-0.396947377367406	-0.360166744069254	-0.191169564293239	-0.00704566572955238	-0.0465278680782669	-0.0680088471031231	0.00766913027575615	0.108676292204827	0.207406365728636	-0.261858720770903	-0.285682052521344	-0.443892303775708	-0.187089844338863	-0.0082828576784712	-0.0217052661769318	0.0830246028031938	-0.025414606053286	0.03418768531844	-0.069658131883899	-0.0470959802249889	0.0729692808280731	0.313383616103962	-0.0969228733875262	0.128076136134226	-0.0136875060820123	0.510243580466416	0.852386520513029	0.800062997034495	-0.0561285330296253	0.025935425034485	-0.0782232035070398	-0.223686379431354	-0.198081477199767	-0.337064395846294	0.0436653389785969	PE P-36:2 or PE O-36:3	pink
-0.345474990167426	-0.200600882291602	-0.460765173699038	-0.442745957763015	-0.244167095421832	-0.115335630736421	-0.226119238580225	-0.165082560466681	0.11617676254651	0.262520071258155	0.395852225518612	-0.208852834778173	-0.284654854290342	-0.571263999025032	-0.207040294316416	-0.0354808502472984	-0.062533569437272	0.00402486166655316	-0.116853338871157	0.0724954446097766	-0.145795649874467	-0.118263038829159	0.0275904690079767	0.318563843229508	-0.0481768311154846	0.126432452807727	-0.110532821775636	0.61033743311934	0.850085560368667	0.945962920192916	-0.0198366085260634	0.0831339771859276	-0.0128334566874773	-0.21239303768026	-0.302555241907203	-0.36296353490689	0.0188427510212953	PE P-36:4 or PE O-36:5	yellow
-0.365370301030239	-0.213096454381631	-0.480947473287485	-0.509841234066585	-0.214254539110266	-0.19110662372787	-0.236423962999928	-0.213098473966023	0.156908238905602	0.294769975194365	0.414283002989283	-0.131174996485969	-0.244455278520607	-0.530411154008049	-0.192396180166784	0.0663648850918788	-0.0346461033194691	0.0209015182879226	-0.128305199165714	0.0683067339208899	-0.161956131185083	-0.143113585567722	-0.0442607522777898	0.34196146840269	0.0147721334919428	0.180071979090173	-0.0593126064804563	0.618970072830657	0.805423561580865	0.939087058983631	0.00983964360800887	0.172204460924582	0.0262850660423001	-0.17307099735675	-0.266086023430236	-0.254339565136624	0.0867345672930506	PE P-38:4 or PE O-38:5	yellow
-0.302082169384192	-0.249351909085206	-0.393984700275312	-0.459049253366237	-0.276657770169763	-0.16633752292686	-0.279948022923317	-0.301982397372515	0.0402116361198984	0.229206895266521	0.313832250112522	-0.0822968466948022	-0.258349279741391	-0.555902228686632	-0.114903828077464	0.0201488817230517	-0.0595237784403744	-0.0441783975136743	-0.20456774198345	-0.0046732404578452	-0.248192504325423	-0.217640618221689	-0.0898088956029859	0.232931185763297	0.0190495681733955	0.241096724564383	-0.0493116660367565	0.683779133559355	0.749917433164015	0.909236910863298	0.0711179683582276	0.192843073004231	0.050118196015953	-0.0910112768682807	-0.2663088458909	-0.229861933084398	-0.0751391480246218	PE P-38:5 or PE O-38:6	yellow
-0.212949295772979	-0.204979737273568	-0.451708451804691	-0.354732981122074	-0.251826365982118	-0.00837622506611746	-0.238790967183026	-0.20824444488	0.0652899586983112	0.326201117139949	0.394815785654521	-0.264088032061522	-0.311570748441308	-0.571703192844624	-0.270941422571504	-0.121353781977633	-0.0511425636985945	0.0364369993050058	-0.128514949375206	0.0295689542074753	-0.182712632989957	-0.0451541092886499	0.0068598774195011	0.239017943373514	-0.0551905978437962	0.03403065873977	-0.139250086069081	0.509746872979937	0.845695842307919	0.917846829181022	0.0924565822128228	0.152693009949833	-0.0155830480979476	-0.2061023200277	-0.237587438866397	-0.354731937061035	0.0296302405576029	PE P-40:4 or PE O-40:5 Isomer A	yellow
-0.197447704297328	0.00519256911471695	-0.30291338970685	-0.338350106424878	-0.118133522711097	-0.0986090975044916	-0.169077836299594	-0.128440982161597	0.376906510996587	0.13824692440124	0.310190053049703	-0.169241001604927	-0.299507383517703	-0.50891986041154	-0.289012195749202	0.0145907940595659	-0.188915593883073	-0.189828093833796	-0.152565082669235	0.0547969653873539	-0.11067557754992	-0.218055074944229	-0.0290378635855215	0.211931938047175	-0.12566399342245	0.0700444017669446	-0.153682729218381	0.58254131510725	0.675281852220946	0.852137690195515	-0.105349395346851	0.0486521140029811	0.00362298700239466	-0.157226717056213	-0.337444426111067	-0.210405672876852	-0.00077881465463829	PE-O 18:1_22:6	yellow
-0.32059000781383	-0.476541704533952	-0.36007233218462	-0.491265528740509	-0.239511996284009	-0.376918909029271	-0.282758415863701	-0.466354749001311	-0.261996535460864	-0.365872957617016	-0.319025220390239	0.316086883320221	0.602665991331096	0.193433306718139	0.129578607387429	0.231746726712152	0.285840711611405	0.2678226712733	-0.0221867600985962	-0.0286312769409572	-0.221040124530306	-0.0314917326696081	-0.224218830721047	-0.176919056618028	0.709071390260925	0.548377551331746	0.7466831323906	0.398429331053763	-0.0840272117319338	-0.0447774479059203	0.112041637819091	0.418080470848149	0.0180267031885129	0.0772044212878815	0.0938264259346667	0.150830975042621	-0.167842113559126	PEtOH 16:0_16:0	darkturquoise
-0.361056586799435	-0.570025440566706	-0.40279662957508	-0.545395407774113	-0.382555487923454	-0.189054016396679	-0.187934520067237	-0.548946174414079	-0.433713822010386	-0.235857346709057	-0.290082332407597	0.134072254171714	0.404040778109563	0.0015195348541285	0.102097971603398	0.222289898955519	0.420891991148783	0.263462605300285	0.0470226503756369	0.117941289627259	-0.0612263441873948	0.0597628487157946	-0.130450571315336	-0.0815302296593962	0.593662784258657	0.742336736459012	0.629967700373136	0.259428992302298	-0.0357223641321001	0.0307161474376842	-0.0720809780846716	0.314391393484315	0.0733457348822942	0.124174396755235	0.0801457874652886	0.11616441517998	-0.135909946938887	PEtOH 16:0_16:1	black
-0.344483296208959	-0.540536990913442	-0.460766124746335	-0.540441650308816	-0.36569375985823	-0.204902052066421	-0.162342626921201	-0.525346279806344	-0.301593986953532	-0.464722075121846	-0.449562155789954	-0.00837504543388483	0.526064443119097	0.0545417721800267	-0.0141196101738848	0.236661024704472	0.296136161214868	0.250981801750525	0.0848825677570195	-0.0846603949501555	-0.138200977575673	-0.0860623112757408	-0.198146902177145	-0.121421423638859	0.689847050191342	0.654915674517508	0.881283261565048	0.231298333797099	0.0319377473257349	0.0242944785524569	-0.0535518605101086	0.325333930183111	0.149058081544113	0.0383314604896474	0.127005733727327	0.0217245499703398	-0.232216739831106	PEtOH 16:0_18:1	darkturquoise
-0.164248807843499	-0.36406727605075	-0.19978456621571	-0.314808995849175	-0.220894975590044	-0.012579522288215	-0.112307445060631	-0.43402475650298	-0.205134134504643	-0.180156397011073	-0.219411260732459	-0.0610079326248011	0.206115270111903	-0.0819058501390221	-0.01406034189266	0.126026749514612	0.0842798362670264	0.0596475570280688	0.0311140073543981	-0.187704735819576	-0.136235338498021	0.0583507790147998	-0.0688524159932765	-0.157075069238472	0.340202709785427	0.351559177319761	0.687988215944036	0.163513383006728	0.0264505608751211	0.0196084788194806	-0.224962278742453	0.267195995031422	0.124632030087464	0.13299918633899	0.231921384430403	0.245210418106248	-0.0382471366959044	PEtOH 16:0_20:4	darkturquoise
-0.499425359996839	-0.641507417124355	-0.372019520384001	-0.552549033391342	-0.404257342746819	0.0137567444707537	-0.013972317741696	-0.335907522623422	-0.473307251706525	-0.230508249591612	-0.226536627698958	-0.00370079199207624	0.45642201012184	0.118849051233913	0.164420182055558	0.306566068683117	0.551543282052155	0.403321839470625	0.245777656988349	0.279243368900761	0.173372139933595	0.397857189063006	0.162188694400047	0.131508105667959	0.569272549521885	0.703074432968626	0.630742990693376	0.163968222071164	0.0121283167117626	-0.0193198696638912	-0.206586252667694	0.162171953642304	-0.238248201432986	-0.150021436632145	0.17876825068118	-0.081897394487352	0.111563496916179	PEtOH 16:1_16:1	black
-0.301426739937001	-0.489207455612357	-0.390294791141955	-0.469189358797	-0.289369800021472	-0.363366916906906	-0.334079383537199	-0.517910497860729	-0.30830347663102	-0.38177330230116	-0.398340049989666	0.137236621721752	0.44724418252258	-0.0306703516078141	0.042239821301734	0.185788688732191	0.186134923787254	0.175553752701925	-0.0484658020968372	-0.177856591544199	-0.255953357111618	-0.154072979826503	-0.29482387158008	-0.185933473799194	0.715362533779226	0.573161020421455	0.888483378008169	0.346470686937995	-0.00803822108254704	0.0139767756967081	0.117003269301776	0.440154835835648	0.229577508980809	0.169792312098299	0.0765465538475845	0.122729381849287	-0.267852548047275	PEtOH 16:1_18:1	darkturquoise
-0.311405545468729	-0.420001296700594	-0.228290514759576	-0.355089491843504	-0.221536077897916	-0.159211926019368	-0.180086382196865	-0.425287250883922	-0.259512776630125	-0.28253779296845	-0.343508713710823	0.166244837402834	0.275975607640749	0.0151731951473586	-0.00650767928880154	0.214467752170073	0.181512446224206	0.223369750607231	0.0537775610458028	-0.0735935480283436	-0.163576138098179	-0.0171063803277245	-0.145338584736254	-0.0866954551425689	0.50444703043848	0.476888919439952	0.893765579049165	0.246342385209429	0.0581353988229475	0.0149709393830413	0.134640358823987	0.323034209405794	0.0284469265528857	0.0718271840678291	0.147826012057028	0.143502262507055	-0.0791875759354464	PEtOH 18:1_18:1	darkturquoise
-0.35244042654256	-0.574870899721447	-0.363358747359019	-0.468840634004165	-0.278956798983535	-0.226477618337668	-0.238708819927039	-0.390263606261945	-0.272292289136722	-0.234827474279329	-0.278581263068209	0.0111952313216402	0.451484772418246	-0.0147700855788749	-0.0495045788670738	0.203264322110231	0.246762945668632	0.242422823469426	0.0934745986998147	-0.00347630961131337	-0.0433942394186886	0.0363362080675489	-0.144520345551677	-0.039561256432684	0.648508482117742	0.550329333326765	0.849620652832868	0.131974276141935	-0.0319032713942574	-0.0121677666419013	0.00643281588344246	0.276368721745344	-0.00460535630484326	0.0479228181105142	0.145769722615028	0.0258820854803893	-0.106859515768125	PEtOH 18:1_20:4	darkturquoise
-0.36381458630578	-0.52552679630488	-0.425772694515606	-0.497206685694609	-0.386116933823939	-0.162530316058726	-0.128970684426025	-0.509533300118284	-0.203033318496475	-0.325245574756279	-0.395886389243302	-0.0369797520008995	0.404047663358184	0.0157494403269268	-0.070856073702156	0.21769170859613	0.352457719755668	0.360620920997218	0.13989272865297	-0.0495427493375769	-0.123085945278916	-0.0954901688993176	-0.131799165726123	-0.0978121669300564	0.645945100229134	0.63346518793569	0.89065875834144	0.154040305913555	0.105145514062734	0.0948474244961267	-0.0458174298409509	0.196392295835137	0.0289710373631638	0.0399937161077961	0.208885777853713	0.0358737891365871	-0.11994977124917	PEtOH 36:1	darkturquoise
0.100363449053468	0.108242861151414	-0.0155365211719127	0.0640375521818723	0.356246453615491	-0.0592664247337247	-0.209159164723508	0.127179669945224	0.148031693673521	-0.0835610542927116	0.0613654451399343	0.282369951959755	0.0638229737010154	0.154705083629463	0.0086277380040332	-0.13808926546629	-0.271084802336468	-0.108433781902507	-0.248461926228496	-0.11650432775139	-0.134571643023892	-0.148682842427183	-0.0939198052075882	-0.157086198120012	0.0221466935162886	-0.303848542054901	-0.0163301138412964	0.217476065290935	-0.0275553088187942	-0.0315176965427958	0.277782899203814	0.312806737684946	0.217601323196131	0.0940231791119864	-0.285566456699003	-0.0328203786275414	-0.12336691236464	PFAP-FT_diPAP	grey
-0.346596942802229	-0.708532093430755	-0.44150301029301	-0.599641686182014	-0.50592745161681	-0.0299101860484797	0.15661354643304	-0.438753568421541	-0.440253167983061	-0.549112486625301	-0.528095062513732	-0.286692081473155	0.666140087272693	0.191352370665779	0.114650992516602	0.360346363643885	0.640045023705971	0.425746995384301	0.28121581705144	0.104537645742409	0.0154304237639028	0.143620439839736	-0.0326110636504594	-0.05895459645144	0.676903591166346	0.834696302646789	0.616674224043575	-0.0502931643242397	-0.0685203633313907	-0.0911060945224686	-0.209673258835337	0.107826898480425	-0.131660693838394	-0.119281670058068	0.373122273942392	-0.0874840240801873	-0.0901620459915032	PGE2	darkturquoise
-0.339601690672846	-0.183421805654593	-0.506728945074296	-0.466564269912932	-0.285542756611499	-0.187652136298925	-0.221994207886795	-0.189663214991311	0.202525536715766	0.264707636884949	0.391862826639177	-0.0624591703516924	-0.172335302066205	-0.449162684980465	-0.216725713131005	0.0318952856290113	-0.0211011032783979	0.0548998225776132	-0.0957824194110789	0.0255520095771093	-0.163136593947006	-0.0623570954613735	-0.0108166327155574	0.288787630501421	0.0839862206978461	0.158611045057715	0.0298371918794631	0.649999962356464	0.785664485972357	0.90142895638469	0.047236419942247	0.242235829665653	-0.00566941824718652	-0.224554312810649	-0.242022635467964	-0.241414679014463	0.0986120621274529	Phosphatidylethanolamine alkenyl 16:0-20:4	yellow
-0.396548651138953	-0.248687254395443	-0.424452155308009	-0.430442001199071	-0.30855876715075	-0.0712879593697576	-0.0222645563282539	-0.180555243601717	-0.077023785987798	0.175391566611313	0.324051675155981	-0.243931516232801	-0.0827767787051069	-0.397079654486798	-0.133272554190304	0.141813566955976	0.0479060784552734	0.121743503196104	0.07382267852655	0.0241850768405044	-0.0576580258884536	0.231083770061408	0.189157169076477	0.422757721814626	0.0342222252745819	0.222244508220811	0.11584816898138	0.452049703986211	0.723006339308477	0.68391454193643	-0.174366627757277	0.113388470151465	-0.0676591346614591	-0.170642562502622	-0.0488986367654768	-0.142831819726252	0.229953238920973	Phosphatidylethanolamine alkenyl 18:0-18:2	pink
0.0488784619021593	0.0740461703901178	0.161528022105717	0.100090612360726	-0.027292508167362	0.500668207315175	0.361213700311996	0.0362834511614223	0.109269234820034	0.153775913673923	0.235017285500137	-0.438347722701623	-0.272730574318242	-0.181290737184384	-0.230877714082445	-0.020239562738843	0.0879466565503761	0.0430865885094575	0.32309172584173	0.290480204840405	0.400264105090133	0.346419577936607	0.441635670532208	0.351086129000511	-0.38759995209497	-0.128444754998637	-0.181659400776598	-0.24493073872387	0.28769953642962	0.135842603438891	-0.42125973554384	-0.445325169800912	-0.317643819437511	-0.235917180271022	0.019651255987766	-0.0890920431018442	0.280364071668489	PI 16:0_16:0	salmon
0.0121268186799272	0.321217557614714	0.0680736924553519	0.15750284775065	0.349068690792701	-0.0804288544605375	-0.058670539889519	0.247240836629731	0.446909736758344	0.775671617648458	0.737524742270196	0.322020656969774	-0.354631515292935	-0.155472464520941	0.0279569879287199	0.00713716531972266	-0.462198603566016	-0.243162337059365	-0.183628913466931	0.107963365315901	-0.0403385566770333	-0.0129505965661413	0.101886356953671	0.153913555696563	-0.413334107676177	-0.491606561074452	-0.466299262192856	0.255990784907574	0.141922583354237	0.302524397276819	0.246936185314772	0.069098259118292	0.14670215293445	0.0759615641815037	-0.391435597614189	0.000392427535712859	0.33248328867029	PI 18:0_20:4	brown
-0.0441252138370654	0.163929880733622	0.197101506152222	0.126776136190266	0.0902255992814046	0.360924775881206	0.698444221348481	0.447203260692744	-0.00381932437650906	-0.0670368298633824	-0.0546708812402492	-0.181798699754722	0.0498087936866456	0.291894084017349	0.141643483514513	0.19120168079777	0.234701679047188	0.302164626661038	0.381655336981866	0.164684616083941	0.355294391533726	0.530932651472589	0.44444091572601	0.19196140066891	-0.287203787043056	-0.13333071832558	-0.171645430379675	-0.315309823373253	-0.091962421348853	-0.311063366516459	-0.292242293246025	-0.295033112371459	-0.40746782043195	-0.344496038939977	0.202470054032779	-0.0763721318861959	0.426961431325171	PI 32:1	darkgreen
-0.258776588748297	0.0038069185493183	-0.22365475330155	-0.305176503939928	0.0772549763066292	0.035166427775367	0.0487775142650962	0.00207559873508579	0.297099304067783	0.128203856218766	0.32487120065804	-0.0917412718749034	-0.190808235607722	-0.30181826689775	-0.155700012878425	0.118554770156057	-0.0526160585534958	-0.0335387726413683	-0.00982384266605264	0.208500437682808	0.0536102992185246	-0.00719005310183188	0.179822183050301	0.197325166846028	-0.172317581345682	0.0372366141564404	-0.162826420236874	0.585362743781751	0.572288634749966	0.637637040213586	-0.0809733832054456	-0.0666481857581925	-0.103173370954785	-0.178662372341547	-0.391049318036269	-0.379997486869912	0.0880466283187324	PI 34:1 Isomer A	grey
-0.0383662341479644	0.297318741811709	0.273618062818379	0.250599174845212	0.379632937635475	0.426196300872604	0.48992244823141	0.350548687886991	0.222252539484818	0.158627986718752	0.23944545443925	-0.140117936819351	-0.185422730492706	0.212930849368591	0.082887521226575	0.0666273084416378	-0.13990084083694	0.0768082399085676	0.369571494181084	0.33515634484539	0.310064088373661	0.397057136533612	0.496089811598954	0.279759842068808	-0.572096119890264	-0.419242829088616	-0.41645050893309	-0.118077413986178	0.182846515116367	-0.00143096234403385	-0.273992435968769	-0.301024894412329	-0.294905579638758	-0.185213283315769	-0.0677727301130408	-0.106695683654618	0.511894279076424	PI 34:2	grey
-0.0757310009259175	0.22961561667951	0.0513806063040305	0.111518259405669	0.422191255687122	0.30254742706046	0.442694304833452	0.359032454817931	0.0346946526628651	0.237354943476166	0.270175423763822	-0.107543934774249	-0.161357745009708	0.134006262734002	-0.0514732095623341	0.303554986480916	-0.179485334015208	0.0426077160725726	0.360161311349723	0.224864054984889	0.24513291664031	0.513932968693647	0.488539707631076	0.309049376890086	-0.494235504528019	-0.3241205528051	-0.238532949191718	-0.0721476653897474	0.185218385371005	-0.0133172989548386	-0.223252835361935	-0.15758703039758	-0.136917684423662	-0.0426333064977842	0.0678606913523803	-0.0596292426274008	0.555956636345372	PI 34:2 Isomer B	grey
0.210698391003306	0.360673539275096	0.255317198301145	0.249390198047864	0.411009947848526	0.332718605245292	0.513260235473076	0.384174116721001	0.163641565620645	0.089399476456352	0.149025947094769	0.00975249923608534	-0.0482070932591796	0.347390723137753	0.219794034752641	0.132441660618355	-0.193086957741881	-0.13900690062744	0.206035326175802	0.142059480680442	0.267499872574989	0.312606367493642	0.424885315857296	0.280661443723846	-0.492041566451838	-0.346610900575892	-0.357734502359659	-0.295566959077052	-0.114101078342117	-0.231989402749416	-0.127481840599304	-0.355969416291332	-0.167526393407654	-0.138057193544666	0.0214609650522815	-0.069198723935069	0.325216820722991	PI 36:1 Isomer A	grey
-0.0123865374003375	0.224294768062867	0.0827361843499119	0.0679996693345542	0.185782529330581	0.0253366051370819	0.0312067098061108	0.0756839368173232	0.36678681957638	0.563194077009423	0.516918996659896	0.175759129832959	-0.215866343572642	-0.05635598036661	-0.0951317154172671	0.0554151777999422	-0.200422707043819	-0.042845855014672	-0.0512289496467711	0.165012621535153	0.0474098156338558	0.123113744577972	0.190684364369684	0.0887927283211497	-0.259564732208833	-0.277322246411427	-0.275542638682526	0.322495423757574	0.198526568530448	0.310676949266411	-0.0349328686564391	0.0637190186322447	0.0491590040226781	-0.00462314090034187	-0.233064165506116	0.127230267596135	0.332803154717669	PI 36:4	brown
-0.134250748628046	0.249057127204358	-0.0530580552331979	0.109583906537396	0.298475725765471	0.180920330781843	0.180439937706799	0.345966851171971	0.311973960925373	0.487651851190115	0.575239461349306	0.175403216887385	-0.318736826748494	-0.0463256260253665	-0.133529538536922	0.00747807963694277	-0.407977238314771	-0.160949890074747	-0.0378327219554649	0.0740265776146625	0.0657865388327364	0.241054365322129	0.265075880281068	0.257960968734696	-0.425778528948235	-0.407262582972276	-0.238122365902735	0.22988652254466	0.303096973015535	0.268403225831336	-0.111025170718153	-0.0778566209935524	-0.0704668433491929	-0.0559511056901593	-0.43502401616591	-0.172827305240674	0.453915626264507	PI 38:3	grey
-0.0698196430482053	0.316298723321621	0.0704624696374958	0.138375872147016	0.300915467653449	-0.0813636103445756	-0.0632661240185063	0.316490741324491	0.409693468805939	0.781017459970495	0.729019632617287	0.348083463029618	-0.387359303387811	-0.169615697861514	0.023681197570801	-0.000406511413244563	-0.399436690220573	-0.175152829257041	-0.160477195089664	0.150104566430261	-0.00464296230183999	0.0361128825739718	0.174557107668753	0.23832025553328	-0.379945420619362	-0.475606943653281	-0.444279478103461	0.311913714234666	0.148906773596722	0.301303235904675	0.183428410937611	0.00299030675291554	0.0417567010985582	0.0278804974704846	-0.405906401140171	-0.0146648990490119	0.367395140636374	PI 38:4	brown
-0.0373351886744751	0.000854637884797002	0.143394097722108	0.0374996910835337	-0.285293758680426	0.117896980970358	0.25636447068813	0.0137934485901084	-0.0043982151011569	-0.18301497557699	-0.23803399064738	-0.634298193903716	-0.160456363008113	-0.189630853677457	0.00579486066123938	-0.0919507387272557	0.284836641170463	0.201109942943656	0.203519014636113	0.00968806751873333	0.162842338383658	-0.0527945463442255	0.150189873751666	0.064698156155425	-0.133688804189887	0.0857355681551821	-0.189910915567637	-0.241480163941125	0.171714132972199	0.11428184679996	-0.436692235752299	-0.342664602854978	-0.252072824714656	-0.35269248416556	0.200141715663694	0.0191342314551496	-0.067631721652957	PMeOH 16:0_18:1	grey
-0.302710521884346	-0.160900213389786	-0.335585546926094	-0.358976826526055	-0.131048277497796	-0.32222395593054	-0.413819790240989	-0.258949000209064	0.0530912393263918	0.410028308724816	0.46078457357688	0.10061993115374	-0.293131894983273	-0.598798799056933	-0.0679177786851113	-0.0684688601235152	-0.13163242755855	-0.0477062716530171	-0.306187187730253	-0.0462419747213348	-0.331633061489658	-0.119989484667774	-0.12231086997713	0.118484910397086	0.0675341883244919	0.111190223811664	-0.104970426139599	0.776575958256312	0.634834208166767	0.810424916017639	0.186012711487474	0.305439538419254	0.125572499736364	0.0306732061554518	-0.347433443157925	-0.111699142474201	0.014001238054697	PS 16:0_22:4	skyblue
-0.378767762900747	0.0636521627134565	-0.336568876895656	-0.345726126400036	0.0521681278836387	-0.156819772487618	-0.139039753658128	-0.0440897879401353	0.471396599160891	0.235607829879388	0.410831401541266	0.130966564784832	-0.170835718841721	-0.307504159432054	-0.0719556788607798	0.129364952561561	-0.205513610312138	-0.133226950112649	-0.132112800899708	0.158582403731357	-0.090065961455188	-0.196408979936416	-0.0449642747709838	0.211190808399743	0.00419805891258483	0.0150356593396504	-0.0839137148036483	0.731658761190981	0.489487113205599	0.696407043223537	-0.0138781932387463	0.181732354483859	-0.0555334573276143	-0.233293177047415	-0.456996385042723	-0.281096381540309	0.108293130214359	PS 18:0_22:6	skyblue
-0.359755309749588	-0.0612330771938753	-0.251965720363401	-0.213994865369162	0.0790755437809102	0.217771353089334	0.164592195712154	0.099478087515466	0.103976147981215	0.251265948226901	0.386991624481758	-0.120615504328746	-0.273490111177626	-0.220745593661013	-0.0475596187909557	0.20819265269884	0.0278216121785771	0.0976153998647159	0.234801114197296	0.402741898411779	0.205142562915981	0.39504321431222	0.46585043131241	0.376367990642922	-0.251497866891219	-0.0723239377242461	-0.0985485029762733	0.442808132611266	0.630515368528101	0.574688910635978	-0.0158697472314778	0.0906244281099664	-0.220978987952097	-0.314070807683826	-0.220151360773035	-0.409006813368003	0.393149183376296	PS 36:1	pink
-0.319544705405534	-0.0312949261003945	-0.16633744924456	-0.289392448682121	-0.139504966889427	-0.245224666037899	-0.246124675215449	-0.207647291792725	0.122577086554704	0.15846934123897	0.24704063340849	-0.0752376568560963	-0.175488439149887	-0.39697951065638	-0.191700814771955	-0.0118143099253506	-0.134891522512112	0.0358964542487744	-0.184419625930078	-0.0732340232370952	-0.279856185615524	-0.143410953443229	-0.0731980529026678	0.11519706702035	-0.0116221805362547	0.0872030259709348	-0.0103686003093661	0.58794004757295	0.565917028433207	0.609861209263426	-0.0359655825631636	0.209741935359406	0.00857948909566072	-0.0956254644411123	-0.205288132529838	0.0891211114721135	0.0121516288352111	PS 36:2	grey
-0.297527496272131	-0.117604673831205	-0.26793650585358	-0.334711895027124	-0.0851729948500331	-0.216861730330899	-0.289311903929943	-0.1836509824474	-0.0103620512229339	0.202082199740642	0.424522175827792	0.043970417268287	-0.246770886267901	-0.435958190694623	-0.106676462737221	-0.0441998157525566	-0.25560193152093	-0.112144913510049	-0.250628158082484	-0.0932882207492332	-0.248374953566006	-0.130809339128151	-0.0538212342632607	0.218049152242835	-0.059814014674107	0.012331682948877	-0.0353856409208297	0.74263764555214	0.71950511897815	0.709825478746315	0.03419942112515	0.248149193956382	0.078259018443052	0.0156105383096066	-0.450501057733469	-0.094397095070392	-0.000154476878245946	PS 38:3	pink
-0.0977440599054515	-0.104698730760797	-0.375181150560276	-0.253781325959774	-0.124870949035674	-0.199863068398556	-0.464988582945881	-0.335805500363453	0.0542200804491893	0.460433714456016	0.383692883782592	0.177266216135937	-0.227222893089627	-0.45810461650882	-0.17554949694019	-0.124254870149623	-0.216463590054279	-0.173010150048508	-0.415341007209942	-0.154644439204305	-0.40327772259354	-0.184807710772932	-0.194300451508941	-0.036253395389221	0.12409838277964	0.0752705906944977	-0.0578270594924324	0.586387625081157	0.453729030650256	0.678340189629991	0.221554904286782	0.366388126288297	0.315622977751773	0.173363079462962	-0.296573011979368	-0.0318121429831518	-0.059121955073911	PS 40:4	yellow
-0.247563843640572	-0.164506173171979	-0.14792118314189	-0.288000391266731	0.0199575787344909	-0.00755781839704358	0.141461588245634	-0.190348665238407	-0.0681777488474151	-0.0910679797031225	0.0513124858060435	0.0372279564307679	0.178162026158404	0.0651319604072886	-0.0940324002954133	0.532954539300738	0.116990982558757	0.0419241861547528	0.277122972745043	0.309919708910661	0.279704774577937	0.366619540337997	0.172265530616544	0.251746740435509	0.111712802224436	0.285042865122034	0.461520204824066	0.0834767760813773	-0.0710334312246029	-0.076332147103467	-0.222751100094468	0.131118568333198	-0.146774928970792	0.013261718601744	-0.00505738186527627	0.156913293029538	0.331939325630329	SHexCer 34:1;3O	grey
-0.131055298296705	-0.17810667425302	-0.0786806070253524	-0.29161298003242	0.0803253938835279	-0.291708140200831	0.0459898216759515	-0.185251185269473	-0.0850936607260912	-0.201792171354506	-0.0411989580364225	-0.0559820019908566	0.161135974908184	0.0618552358898126	-0.184411693210092	0.466231963712067	0.0583995488092067	0.0232180210561503	0.161628242941185	0.225023631085862	0.0348375774319818	0.0829869938971919	0.0675671741523355	0.116431579419534	0.0776369662601607	0.253209829427483	0.267739992868201	0.107626379059966	0.0099587584673432	0.0276285604790643	-0.0880063348290202	0.249458458079567	0.204004186644351	0.141656972323292	0.00112068409353923	0.268864610518315	0.19350549539083	SHexCer d34:1	grey
0.0307397395325748	0.38364476561272	0.222379304102014	0.427449341256336	0.230387510080544	0.122958770977078	0.152833801506993	0.403333796733023	0.318730831308308	0.694923126487029	0.42208005693223	0.125468959198671	-0.277111331563169	0.0925250630658298	0.0891926222325301	-0.0621040925659038	-0.102994542708189	0.111271492345127	0.176951873790582	0.261548957260854	0.30223666301461	0.184665602586565	0.257060630436988	0.265266610442834	-0.305223489749195	-0.449560698468385	-0.338274423337436	-0.36937605412224	-0.163793494123639	-0.156276001189059	0.124538232182931	-0.228797339200734	-0.192314814588119	-0.192319307744661	0.0249842319967644	-0.0844201984816328	0.379247716219283	SM 12:1;2O/32:8	brown
-0.129941993979664	-0.156380401660288	-0.110044398776872	-0.167226146085982	-0.000476385861694888	0.10784323141889	0.0626857704841599	-0.0484857135724628	-0.219517443436408	-0.16041093557729	0.0118717407009206	-0.0348843416995527	0.180092045401488	0.146679952293439	0.24949500503275	0.173516593398341	0.161641467536732	0.0248738552419561	0.108014972191974	0.234039649321213	0.218427060306759	0.423347140584168	0.119884549012231	0.142890688446386	0.0658142963307332	0.107992191323905	0.0659012666750315	0.0581490616209694	-0.019797576082543	-0.0782915464470908	-0.182834910403563	0.199034097611955	-0.247014567493423	-0.1432798917207	-0.0012640590347942	-0.0541489590602889	0.227515514051524	SM 16:1;2O/16:0	grey
-0.0679932360806159	0.103114945727687	0.109946729552975	0.138324943442637	0.261196031134105	0.452156784644078	0.418366695150074	0.328787064068502	0.142327637241393	0.169700471948644	0.195891239796982	0.0241863323159759	-0.0657050583973741	0.223340314689394	0.227619168482563	0.150086394344227	0.0533354261742133	-0.16416806255136	0.343545246205161	0.501613309532155	0.811668960557331	0.437440323533629	0.420233417246711	0.385543574084696	-0.301077858247644	-0.125935643093949	-0.141156618613644	-0.220636913104117	-0.146827218740263	-0.213893037553287	-0.300530083436435	-0.33069985038528	-0.244554674607936	-0.26862362334153	-0.314976456841247	-0.324697776085976	0.304969033425568	SM 18:0;2O/21:0	green
-0.549250324995938	-0.280832030358569	-0.404482147305806	-0.375702395845205	-0.21432080519224	0.109877355760799	0.340674590392126	-0.0158714723637592	0.0343003519958938	0.123114886913658	0.173210189666135	-0.16760943779767	0.25080761380829	0.188781062451856	0.110815415987387	0.457197534694096	0.308713855860352	0.415873121505812	0.411243879621713	0.353480395598225	0.217514817581528	0.419900385720779	0.278695817851623	0.386407868165008	0.177517136537867	0.308839803859879	0.319382788869952	-0.0522971812723112	0.135524108082021	0.122100008693824	-0.111962169465231	0.126757129157035	-0.271918706184703	-0.377527577459238	0.163122391965183	-0.210641716547579	0.521512972884638	SM 20:0;2O/22:3	grey
-0.465110957431986	-0.131348158018451	-0.188134945580101	-0.126124420280759	0.0515510908651848	0.23739214156245	0.587132874872548	0.272875916074048	0.0731528947310628	0.0540570558722967	0.0543236808012547	-0.180177693048969	0.210874773166814	0.379522870519898	0.317589558721086	0.301469075284881	0.301490240475911	0.637159029540992	0.764837989112938	0.534077770763908	0.418899593930323	0.489425612201086	0.601892655611981	0.424742351984735	-0.0505308248711008	-0.0221284105959124	0.117213187969925	-0.155243570734754	0.11282107696369	-0.0794050098649018	-0.130483695755923	-0.0809547709861891	-0.365973038072414	-0.493060722765422	0.0707968691364082	-0.385191911642626	0.528380583218511	SM 20:3;2O/24:0	blue
-0.484741836629527	-0.343364645709889	-0.39685723114032	-0.516243531420163	0.0354477808590188	-0.0502910613544767	0.356795337544594	0.0527021314965672	-0.068587517993377	-0.018923486601258	0.252321262044625	0.00975652519810257	0.380924394483469	0.292740442417234	0.181204558667542	0.831159941066443	0.205216615865473	0.278006307300747	0.452123866107278	0.524045622249246	0.240387757169755	0.510523235175811	0.381562693674725	0.39240313884824	0.069963585693428	0.209185409265486	0.323958379343932	0.0910294983410215	0.00912342291804482	-0.00229093747917113	-0.10276981646607	0.238466324827005	-0.111122594291465	-0.0944062613732808	-0.00497504769006978	-0.148186003434818	0.636331609329835	SM 22:1;2O/12:0	saddlebrown
-0.428893240630571	-0.18303495719718	-0.184035065227267	-0.105886936680245	0.0185208922715197	0.479644837052897	0.733827566345585	0.285385395164047	0.0278549237039171	0.061091085203149	0.085267569016409	-0.332209110989051	0.147772198614026	0.371199597294893	0.248750073967217	0.34110747287219	0.398626950586566	0.601634871900623	0.856255607704509	0.655784485221023	0.614482152569377	0.619275326109476	0.747687388823399	0.472110595341018	-0.159741841586288	0.0696278861062549	0.115725519808273	-0.329830305989421	0.10559899015669	-0.13603089443438	-0.387750938389474	-0.348313690086579	-0.491053688851839	-0.514636614688161	0.116399831951531	-0.496405855246027	0.578476143720325	SM 24:1	blue
-0.532847114967568	-0.0303968383217203	-0.234930531114192	-0.12665486197503	0.166105859508076	0.255024267767563	0.428533212833291	0.314303951920712	0.302425700715447	0.37233256410828	0.517229962607945	-0.0553381785489213	-0.0263215320607886	0.192882495518617	0.0811600236596941	0.407274157503265	0.148041574633057	0.348474778580848	0.571536073499576	0.722766964379642	0.631540952432784	0.525426091732068	0.523559601127582	0.550590444830403	-0.201413494497035	-0.110064200301154	0.0185521383088489	-0.0683628848305031	0.202251280485959	0.11091215667006	-0.195980775914811	-0.0644144194615796	-0.369318194238611	-0.51057740562064	-0.297918138318094	-0.41087659484803	0.725790108626631	SM 25:2;2O/15:1	grey
-0.258553620039244	-0.307172645023535	-0.147468809523226	-0.298907790525456	0.115504254052752	0.173511362979008	0.411952766835515	-0.0360310983922144	-0.182675215610077	0.118361681710541	0.20394993745019	-0.110844840083109	0.193650025104523	0.148460236473099	0.093034580318205	0.742760176248629	0.0792069551054414	0.0946871975639949	0.529725793374109	0.479049690402335	0.375010793032903	0.514161717350877	0.451597191089469	0.455803427434749	-0.104373044339427	0.23323166219301	0.167710611541769	-0.0775421391569841	0.05663149870421	0.00270744912681836	-0.285833171598579	0.0231406270063317	-0.11796852750013	-0.0238627702438701	0.0854460676981597	0.00465811489155802	0.507700670070944	SM 26:0;2O/18:1	saddlebrown
-0.0802132322729471	0.11952169099061	0.125494040091767	0.208862845485621	0.221176507091172	0.28983253833915	0.390107014880696	0.357505798460388	0.152870340593941	0.358989497364772	0.385672435431619	0.0284519315134056	-0.141310101642995	0.144955838344985	0.18677577612495	0.114090201845979	-0.135976109533153	0.196722298724374	0.306099442940579	0.198125883847621	0.16155622055458	0.493548208900326	0.421376296830456	0.40084003588207	-0.297937764451995	-0.357798907221677	-0.069905629171002	-0.124249656760156	0.081929670313058	0.00287003233073232	-0.0449082551762351	-0.037681646732387	-0.339559229348594	-0.356749270114686	0.0250651254599106	-0.158473351606729	0.581391445478619	SM 30:2;2O (FA 14:0)	grey
-0.283513620949947	-0.136114804936672	-0.0926969877904212	-0.226821189698393	0.0410832924832581	0.338689050942886	0.394242462706819	0.0535840173991953	-0.110710151910107	-0.260174053394219	-0.023387232980614	-0.261039989067147	0.172203752483311	0.181872369525094	0.0355719735171508	0.352727828350663	0.244154939302062	0.14951498971104	0.486673163719494	0.357733520574611	0.471213810530711	0.653723161821283	0.3817688843323	0.297026555717801	-0.0938647858852559	0.228134082846536	0.164612028542748	-0.0764680767419655	0.118017954044779	-0.0578160330466018	-0.362519177127377	0.00872384990293483	-0.372719129884485	-0.337771682185923	0.160302065329474	-0.126590278009865	0.391523878432638	SM 32:0;3O	cyan
-0.364601992604545	-0.436680781204169	-0.195193260037063	-0.455415201337718	-0.0498427323596709	-0.152166148840766	0.330737392591765	-0.012263031331714	-0.310992044865593	-0.360619805052701	-0.0964994954404407	-0.17964282417109	0.46323714157218	0.356817339819605	0.294120052210207	0.555540848596417	0.271913568121062	0.374997060980118	0.543180025892204	0.37584956672304	0.217943534193668	0.299044755128536	0.435979545611652	0.438764123737042	0.150159302216884	0.3702310088895	0.350046387638712	0.0553776302081172	0.133458358873639	-0.0743650476674295	-0.250175674159262	0.0366998358327489	-0.204324405955085	-0.125708723764218	0.123508684117161	-0.0476922114511055	0.245680614111177	SM 34:0;3O	blue
-0.235671627871699	-0.00323888458526469	0.00705273974360572	-0.0307775418559805	0.209928242484728	0.449379556483285	0.766978321876201	0.343390706166382	0.0679361733583412	-0.169484962777109	0.0112186615384899	-0.215768954635591	0.238261069716026	0.55654750937116	0.14807997721531	0.548552588298355	0.267243945848406	0.31578196249683	0.729178348999056	0.636950004657736	0.610556142226053	0.618810350841478	0.615951609070079	0.387949706395151	-0.238124427912988	0.00581239685288861	0.023724194079532	-0.444017038288382	-0.181409149490825	-0.373721155959055	-0.394736907368749	-0.299695262501353	-0.457991713762893	-0.428028172836293	0.113825143152827	-0.261478908305434	0.6078562409908	SM 34:2;3O	darkgreen
-0.318501293802027	-0.32287156395165	-0.261064137574093	-0.344930081055606	0.0960704318978451	0.085619551094934	0.262746348755001	-0.0654096648667247	-0.0792548233379048	0.0820773904484014	0.193792424215917	0.0774078796094542	0.196246853452732	0.188839117553598	0.245086448237883	0.625723447380024	0.124368951606226	-0.0294046753775003	0.326086765851942	0.652376951053383	0.269642125465071	0.3091312608707	0.334045335658247	0.343655396047332	0.00215400210024699	0.254754114665813	0.104747292638977	0.0675564337990692	-0.0554394006414901	0.0256118770438362	0.0602720977102714	0.19907886342602	-0.0231383016245342	-0.07495061220333	-0.166097120051434	-0.282921813844495	0.393795439253862	SM 35:1;2O	grey
-0.291094271600373	0.029303742886614	-0.18309510164885	-0.217859656138466	0.153422817501258	-0.0681228044151225	-0.0608881415773487	0.15148066878721	0.347822059781186	0.706291293141757	0.904531271182381	0.215144267959952	-0.243343673989433	-0.282157835755601	0.0373378215007275	0.192567547396949	-0.28351987321464	-0.133835342772802	0.0139939082379429	0.400902705839031	0.138351577502681	0.177199271352159	0.271817790901046	0.617689936274478	-0.264311192395232	-0.201585585671682	-0.282129147972103	0.408574880472391	0.404177528157866	0.534933770381757	0.129023926827339	0.0322063769742648	-0.156830396940982	-0.126371138915821	-0.467658145524248	-0.284423700196888	0.441769177252721	SM 38:4;3O	tan
0.0514301535601639	-0.040521813623007	0.164931202492745	0.0547703184324868	0.0882377260814104	0.215159943444242	0.412517339789148	-0.0239193881689111	-0.104546850082469	-0.228301024939822	-0.193642202856107	-0.337266364384581	0.118282830139	0.145082805805315	0.170064436271618	0.20436271293269	0.115413628400736	0.200101091501304	0.575795470039309	0.154514976929651	0.26534854280308	0.309849198213839	0.395648794347768	0.164709563438853	-0.153924733372207	0.00219191028322397	0.174962130044482	-0.289083111662364	0.00946619105178449	-0.231908227423698	-0.213119270255202	-0.252648666183958	-0.126639155276121	0.0681367738550898	0.317378362848702	0.0860877199394832	0.195226428327763	SM 42:0;3O	blue
-0.297617783535409	-0.104099141645768	-0.0167536143199705	-0.0210866062870389	0.107088181231075	0.356993571934178	0.771770728103265	0.389923494852761	-0.0149776650949466	-0.0740218396264988	-0.00492007468503655	-0.277663795019093	0.221305887699018	0.517018982832416	0.312916157487105	0.464577525787329	0.332317021642419	0.524678395353365	0.83773206330383	0.604466807948275	0.578682541412307	0.566838504395017	0.693206199743034	0.490321188498144	-0.187707791403464	-0.0179801369815709	0.122817293425088	-0.473617051316321	-0.117908487793273	-0.362532213273676	-0.315318654571169	-0.308925456175717	-0.432590179168373	-0.47363669816679	0.216989687415721	-0.315826568699809	0.569307764102203	SM 42:1;3O	blue
-0.258672665013865	0.0209436985996504	0.0966832469836637	0.0676908234542693	0.292319129288462	0.468676006740701	0.697676890813269	0.329911010111172	0.0430002872174859	-0.0636415986072014	-0.0229785732981626	-0.135465176558935	0.110269468079573	0.463143030455286	0.284118028347014	0.414182968646349	0.180029914678237	0.293582638981812	0.74914906905822	0.561359827298419	0.614924380025222	0.529145680505258	0.58690634681349	0.347222685422899	-0.240782872759937	-0.0331011496127567	0.0645300099935939	-0.469155514404957	-0.215327743513634	-0.41291941964195	-0.286976354830023	-0.351679730897085	-0.446485443126067	-0.294601699580085	0.1809405359786	-0.241728530342217	0.54293288582931	SM 42:2;3O	blue
-0.161192333184482	0.314015211987437	-0.0636462251472663	0.0225996376926532	0.351838983693576	0.0184457228991227	0.0927607520513288	0.272671577029827	0.477986347786434	0.721906420776276	0.859016304847208	0.16586577904168	-0.394137816928332	-0.193393224705094	-0.107324445519917	0.211942496724538	-0.374008293497114	-0.19064157937267	0.00672534559004886	0.287109565261813	0.185525594543165	0.221652649720748	0.262284541097877	0.418797942379323	-0.459440601279262	-0.359738941905063	-0.318006165405416	0.264359258309707	0.28593674242611	0.382753088498434	-0.0638956614410121	-0.0532509697730002	-0.0442792563139205	-0.10550260939797	-0.467370229100309	-0.15248748636516	0.556205713713377	SM 42:5;3O	tan
0.016443591906762	0.214454842506678	0.242481117330263	0.30991030784571	0.176467283736277	0.455798505537641	0.591779029398858	0.44777199423214	0.113239726013568	-0.00757129470047014	-0.0453804663881182	-0.375383175582072	-0.221494197088526	0.209928771490779	0.132749355443349	0.0284981484304433	0.157573804309971	0.163511493566534	0.487745886162671	0.416463860676622	0.56191623809405	0.288751828908053	0.579848019341637	0.409075247849552	-0.495980731268989	-0.270093182026218	-0.228593159212566	-0.516037741997581	0.0351982354509691	-0.196629614143677	-0.226340215951245	-0.575904959645876	-0.31030581085328	-0.307274057609366	0.0666062511552333	-0.310775291964667	0.30542706001504	SM 42:7;3O	darkgreen
-0.270120853701525	-0.251514072488593	-0.0743760514235099	-0.184613243995374	-0.0618723363742655	0.112785160192116	0.426162471191149	-0.144381220808691	-0.278974200296858	-0.33319043694227	-0.188205952839679	-0.371821637819239	0.242476226549933	0.1875120557647	0.305067429554046	0.488623536475688	0.370853231467596	0.322125410787208	0.713399725574498	0.454854716003437	0.321973275794723	0.400531342891458	0.456963660798806	0.319725136442217	0.00305674027537077	0.291771464313743	0.271910796170448	-0.229070595812088	0.0488722707138074	-0.176946011413123	-0.163347598404839	-0.172152647093077	-0.291301741609195	-0.105578867567505	0.321401842538351	-0.192755023515051	0.248933050187925	SM 44:1;2O	blue
0.0588181299518227	0.305843955423763	0.152448190025899	0.266908753641408	0.274220147044657	0.0657654466689077	0.0425901078190043	0.243638592256939	0.361983398781408	0.715541342194111	0.747154437508706	0.19064929500649	-0.383602486173507	-0.136925786531838	-0.0233810696839498	0.038012174274199	-0.408581425000337	-0.201732126350283	-0.00845348331113921	0.163149159455507	0.110814794857027	0.211462122052711	0.216988622872086	0.288603562180055	-0.432669272911957	-0.495468451535654	-0.416454402554411	0.07868447138987	0.117696496493447	0.194384525792859	0.0609950351116993	0.0683961891564147	-0.0130907210366656	-0.0106568513981479	-0.302230591056197	-0.0215785126123851	0.450612812037097	SM 46:5;3O	tan
-0.0777555678419635	-0.0526215421444476	0.171055441944701	0.0377061750425866	0.163626944130475	0.514651547413271	0.370240567024416	0.0576116027027965	-0.0793998122702105	-0.229105495123002	-0.247988243345839	-0.0982227541669206	0.120498848706297	0.337903747332277	0.0783522041162172	0.176499337893787	0.07076204401996	-0.0931725564431382	0.354250356660652	0.262448352280059	0.652175322674883	0.290955883046892	0.254049691324979	0.0979619120597035	-0.111919369415568	0.114528099207854	0.277329888700011	-0.302546020644098	-0.224680147105913	-0.400971504375062	-0.436274297675754	-0.261105999919733	-0.284233608396524	-0.0936726545728008	-0.0364420550865053	-0.0269629345285644	0.105062897021198	SM d30:1	green
0.0202781759815963	0.0601172478804984	0.0764929561141152	0.0820149547632039	0.165096011342648	0.535338749524867	0.331252572472237	0.177985109353639	-0.00675276406217837	-0.0837290014098326	-0.118171102692295	-0.173516473837338	-0.113070789046344	0.226710496056952	-0.153684343187382	0.0824587733250153	0.0166750045248024	-0.192854658478276	0.174514741880075	0.242472101795768	0.583295851967272	0.231875509474058	0.18782803454466	0.0155351260036569	-0.295060491293492	-0.0619381925840051	-0.0212512447492511	-0.327557946144191	-0.129007799321351	-0.266970677750879	-0.267962460462034	-0.131917633141652	-0.145108160970884	-0.109366918104942	-0.113847206792166	-0.0760906102705537	0.144860516761527	SM d31:1	green
-0.133456650345432	-0.0841295549585448	0.183830784185248	-0.036967435175092	-0.0252060477728071	0.345350966051611	0.234999519831492	-0.0375877516493425	-0.0458836332826753	-0.090281682198708	0.00418644954813908	-0.0166864578124906	0.0623523165122672	0.131759365468353	0.0647694515038958	0.267510436874004	0.0707855562354993	-0.127581776205083	0.251780871377152	0.297703301106491	0.531086830740016	0.307673335628276	0.240984668913515	0.168040553535882	-0.0619161233368667	0.117087328223897	0.240726499126785	-0.106520553407269	-0.107694838600945	-0.241349598740143	-0.291727114559634	-0.136200956113439	-0.366383788359416	-0.0457748112009741	-0.0206959393247779	0.139967718074248	0.18292029223261	SM d32:1	green
-0.296104181840916	0.0449661674735503	0.111435633122179	0.137117805173604	0.120518672130889	0.602007171216078	0.479968674515307	0.272324709330405	0.0636385609409534	0.0950358410415177	0.090405590257381	-0.233569032169819	-0.045216159651861	0.322823037945612	0.062171941815896	-0.0192525172327083	0.0822534174529111	0.21575507411651	0.509044561259812	0.398941926680875	0.704273651904522	0.533486350049804	0.506592584369876	0.336491785156883	-0.256851494194681	-0.149575133369989	0.0211766301028538	-0.299266791953103	0.12613638252636	-0.161971107880144	-0.400252293073668	-0.310584893629127	-0.538588736285052	-0.437785325291944	-0.0425088046619256	-0.229360196228497	0.435291110961308	SM d32:2	green
-0.39742424257191	-0.333530113947158	-0.106058603467914	-0.28852210795072	-0.0428706487272807	0.295246284740649	0.481206568918922	0.0563605547382311	-0.179645812420274	0.00965225922106087	0.165467345616795	-0.0637902441254786	0.209022315877276	0.242475006482966	0.329493602918958	0.596142264195005	0.416255813884585	0.242214359907666	0.624901398124982	0.795640130769115	0.697181895809587	0.575909853039091	0.645315269564371	0.575864582785344	-0.0452686253569227	0.298330927518601	0.192564623275683	-0.0489172478556764	-0.005720374800446	-0.124409974920745	-0.327918144682934	-0.270016589357365	-0.427444280583804	-0.244213777400132	-0.115210607844712	-0.322941196557479	0.44863410437751	SM d33:1	darkgrey
-0.448692646851806	-0.364887943957987	-0.23942570760483	-0.402057981980938	-0.0197087518655308	-0.0804239184718964	0.351015473080824	-0.0875582361465205	-0.169227730920953	-0.364627057968912	-0.136319373606423	-0.274400797660809	0.439372955609672	0.290141453067619	0.274629110652816	0.542820481535063	0.392218860126617	0.486815814557558	0.667317440290924	0.464914095577253	0.262677844856343	0.299373358255633	0.353246380073975	0.354635936780392	0.169093593795204	0.384373270676463	0.354517446241014	0.0021276685482002	0.11860368123317	-0.0642823259312928	-0.292346236058254	-0.0317957813898378	-0.236558975931243	-0.272176091842238	0.217010855697904	-0.126459646705256	0.28396234812707	SM d34:0	blue
-0.550567499888588	-0.315208886612585	-0.329660145325637	-0.480442181699694	0.134409808322788	-0.0612090862505935	0.551329904375785	0.171995345841785	-0.08246150589543	0.0232174046775319	0.224544969282108	0.0279233234119134	0.348537190629642	0.385295612818079	0.360820071472847	0.941159074927564	0.327672443094686	0.365542312297247	0.5830494512426	0.65905733783886	0.369956187594856	0.511126360181082	0.535331950288809	0.53477122021371	-0.00432761458195213	0.285737904410565	0.252237972623392	0.0478613477925292	-0.0270904132305519	-0.0822809366308875	-0.193868984668595	0.0198177905212004	-0.226162956557321	-0.247674157406583	-0.0370080603972872	-0.227449686916794	0.67127927865483	SM d34:1	saddlebrown
-0.584523791513204	-0.195558578931641	-0.184382898590222	-0.227946300085811	0.043307780324904	0.312130683425233	0.611966997580099	0.279892407860366	0.0211963250040852	0.253855803017319	0.425343011228338	-0.232848876552445	0.0585765165056694	0.207915761142994	0.310956253611964	0.519954069875134	0.289570540380628	0.439113479791242	0.777847986202879	0.798581726810776	0.706688566892568	0.630360900721226	0.78372687768455	0.771644738059726	-0.225906347859853	0.0383496973354457	0.0518537446783298	-0.147878723798737	0.229737827536574	0.0247984514250696	-0.343725991851493	-0.359825689745977	-0.562467240248011	-0.511806512135289	-0.0884416427014408	-0.435543698044672	0.700432629598878	SM d34:2	green
-0.347186957074739	-0.150318330234443	-0.14509612736613	-0.223541155025926	0.168314262538401	0.26986711675943	0.532119967057183	0.231249008538261	0.148464031423154	0.170647762093417	0.409123536778476	-0.0521736249226046	0.0936703152525649	0.268335684113971	0.267989647847121	0.535925689006795	0.325208312020591	0.283496387194236	0.643633379288026	0.942556927901322	0.680633976090619	0.564576695533601	0.713164826742343	0.643077690959116	-0.234817022101748	0.0222451269138632	-0.0821314989771285	0.0280723549183942	0.11291380807208	0.0361529824386928	-0.159325334933641	-0.134022577536054	-0.393226180544965	-0.383860439884163	-0.265223652665125	-0.458787826045905	0.573033546138936	SM d35:1	darkgrey
-0.513075963261149	-0.290786060084348	-0.227592113641822	-0.319590807271093	-0.0178333594973396	0.238225932764346	0.481783636256095	0.12729413525015	0.0627341103698077	0.286296570705453	0.408904647662049	-0.0403269836990658	0.163464227236285	0.246846526632758	0.222579514164786	0.522741022118579	0.376538886539418	0.405864358174809	0.629408696550188	0.905261740544945	0.626538540088435	0.594465219498565	0.64550878846745	0.635821617746576	-0.0499779982832235	0.171538206788145	0.0551533400547981	-0.0755850940647051	0.0660756434716563	0.0229338190420174	-0.146048294534104	-0.084615987524529	-0.434140931398185	-0.389335911030025	-0.107025916872043	-0.370400065264421	0.671047864364022	SM d35:2	darkgrey
-0.383435919204643	-0.160471224657219	-0.231603080214291	-0.243926250176705	0.213878934485075	0.244498664069246	0.549457389586253	0.187935267217367	0.176522366349118	0.0709812167322996	0.256667424183505	-0.0867572911009582	0.163971168711513	0.332931293374072	0.280907635876321	0.566459221266115	0.326523190409716	0.28843495150084	0.675828427863157	0.933835785238247	0.64449297441523	0.50307645115975	0.641177139025225	0.482365310242592	-0.165718912696564	0.0788516640207107	-0.0274694595295781	-0.0216044604791739	0.0905574636131499	0.0252056728153328	-0.121675171565782	-0.0966419404531986	-0.258876874916471	-0.37507780225833	-0.206513659715447	-0.466642133087572	0.555536222146775	SM d36:0 Isomer A	darkgrey
-0.265679530689332	-0.210631214279588	-0.295072031132386	-0.20176391145944	0.108229526719355	0.0687549954017195	0.1789478815979	-0.00673386366172277	0.0451717706399361	-0.0848586736647893	0.0242295452753682	-0.123736767798759	0.0984712528173027	0.0662900743105976	0.16584545797204	0.246803843320825	0.277103405441821	0.270190169123441	0.423077695395672	0.492847093513178	0.171537151336351	0.175226521416915	0.237782770866055	0.116072864324092	0.0352298510553862	0.118234849558782	-0.00439923827271011	0.165689092770252	0.208658057016779	0.160617060434884	0.0245585909777019	0.018374458363638	-0.105504022853897	-0.229584698612824	-0.00635381232817446	-0.393419277936661	0.200037975397083	SM d36:0 Isomer B	grey
-0.377971127120446	-0.169868467691685	-0.198348145000372	-0.231157350862204	0.166905242000518	0.264517559045329	0.586025835593856	0.215279342589326	0.166676604313428	0.1015649388849	0.267757664920976	-0.111313957319391	0.152147592146404	0.342710806076248	0.287020148628515	0.589511164535168	0.374288250774732	0.326920651768471	0.705982420066817	0.952094837115024	0.673159825144222	0.530066470563219	0.675247288297503	0.516459504003016	-0.169388957972714	0.0903385846139858	-0.0266081859489914	-0.0670736840108105	0.06467703225415	0.00357051123596529	-0.156017636438396	-0.130437644455593	-0.310876596724428	-0.408001609906207	-0.169781792901597	-0.459095602840558	0.585101774450153	SM d36:1	darkgrey
-0.512075354769407	-0.161297559916735	-0.220683189868502	-0.24675460230346	0.121323612856265	0.229490571409166	0.506722965272617	0.235291199389261	0.192670656621328	0.334176696790214	0.455672536523492	-0.0725645593036318	-0.00128367653450866	0.174798480038935	0.227310874764383	0.538006150055188	0.290901100017564	0.361285416797196	0.650990067116248	0.946597224829933	0.612489490752713	0.495542786674179	0.672417327435142	0.656019980620661	-0.22113505724952	0.0541560794348713	-0.0671616765620052	-0.0406679684287202	0.143482436194202	0.120935270359736	-0.130810978488141	-0.126853846688752	-0.331846377387209	-0.412258006622764	-0.188321624540718	-0.453248971629185	0.681477021590832	SM d36:2	darkgrey
-0.325390834776764	0.0467103050316983	-0.0578633903130884	-0.0808398804799841	0.251663568894548	0.362842717710398	0.531724674186813	0.326467446679258	0.383078821181866	0.303035766054044	0.35639928072636	-0.0511921040708268	-0.0660966977982391	0.22347279549141	0.0707871052151619	0.411665981115377	0.227108342350489	0.12419946334984	0.557904193997119	0.825965432608143	0.865106172806218	0.427524240627584	0.58776432828561	0.501769215402757	-0.270515374124919	-0.04552523056496	-0.0796372678675433	-0.13839071858879	-0.0085843866415201	-0.0313423690988766	-0.27727868597023	-0.247056103737452	-0.297737980055147	-0.413340569040865	-0.295723327552374	-0.407798386522331	0.538542674850236	SM d37:1 Isomer B	green
-0.178884011277619	0.0768360185594606	0.0510685844758184	0.120393699710601	0.167057569203392	0.53874202402306	0.652526523391776	0.416609039613262	0.20806191688551	0.156149839243603	0.146687969826605	-0.188788406619649	-0.0576753273623639	0.34382131492268	0.223078845613729	0.28187945965435	0.290605324343649	0.178769437239032	0.681345012409183	0.71221048427679	0.920131343574619	0.496603944811652	0.721326509669785	0.459193905693931	-0.333038259756058	-0.090466988472233	-0.0968260191605414	-0.386402949256351	-0.0807039600561214	-0.219422655263298	-0.372335799297699	-0.540733469065981	-0.440571164275598	-0.468129968413278	-0.144598162731948	-0.444645070441255	0.418379103885553	SM d38:0 Isomer A	green
-0.160479941409566	-0.167530422636791	-0.224915418990367	-0.0649743292021298	0.0126295368910766	0.313640408722114	0.262341457385017	0.175635849397019	0.0272428958076478	-0.061111232137424	-0.047920866733658	-0.22903774985384	0.0685086454651266	0.138002065000634	0.00731396373573965	0.0697301380451912	0.29142971640695	0.229899977800112	0.421288780780915	0.348346311568783	0.32979495327305	0.384976921692	0.275055860757776	0.112053535085155	0.0265567639762461	0.0109047062868306	-0.0353284713025354	-0.138392311861319	0.0714739881323468	-0.0293099242477733	0.0214571093358701	0.0344288190801099	-0.173919624758058	-0.302285620249264	0.172147018017273	-0.340617839874044	0.246371296412301	SM d38:0 Isomer B	blue
-0.169954057413645	0.120858961789448	0.0754939981191052	0.14333338398513	0.152260290761476	0.510049024011207	0.656202425304336	0.483167143913586	0.228574724347816	0.146126974129109	0.204732327845159	-0.2444210599692	-0.066108007797713	0.353954255882133	0.183995152323473	0.247523607038808	0.292099468771087	0.204820456914911	0.687876442309834	0.694159192691918	0.930736042332111	0.534518650296406	0.742450647884004	0.519450922713623	-0.376748216484109	-0.157660074793111	-0.151667185798555	-0.432778522594078	-0.0425766625205212	-0.219453940595834	-0.399389876782345	-0.559253393622553	-0.48281645565193	-0.503732443025287	-0.130443482020013	-0.430687301562398	0.453251228647857	SM d38:1	green
-0.474941136073858	-0.0967052361645257	-0.207473652792715	-0.226752234653186	0.128118152105318	0.261649148548945	0.556821137191582	0.295285709556819	0.281593148449853	0.346360411382214	0.40810692410015	-0.0976192283525699	0.0780203188995416	0.302000014091233	0.0931064601821304	0.522197277137446	0.256770993991975	0.350786980358501	0.66626453601069	0.859159412139055	0.754083534514388	0.534624846606718	0.673340397870296	0.627436611216218	-0.184982079896973	0.0124711322299204	0.0615744230161497	-0.159276389508765	0.0709269506470706	0.020714681598802	-0.262632359489201	-0.157665774518766	-0.296638326204947	-0.405486320562847	-0.153182981761657	-0.352014755810661	0.708499243897985	SM d38:2	darkgrey
-0.43472632189236	0.0306342872841141	-0.283083252161393	-0.150806376631711	0.19485791615713	0.0697400644640561	0.152443071804828	0.134627724099779	0.290250978589069	0.399008011174623	0.524376872490043	0.00463020787386502	-0.148139776374209	-0.0475883805289498	-0.132448496565289	0.29931012780377	0.0252962919848711	0.171460215202706	0.277027420212561	0.620875566499767	0.307235122573562	0.315724688719601	0.305257007415999	0.392164742479657	-0.186636090501184	-0.112599022009046	-0.109800784123953	0.0962669996518215	0.277071249442554	0.291678995741739	-0.000707602569639115	0.0881210292146822	-0.0982322620039687	-0.26173112943356	-0.273253837255871	-0.340335598342086	0.602749684892829	SM d38:3	grey
0.0304560015152475	0.230419657063963	0.212753029549844	0.254676672620292	0.197109382830304	0.467789755024301	0.437250969512912	0.475275684285077	0.30595542448243	0.129692325854758	0.14805716381609	-0.0397565994811601	-0.120061181203315	0.246965308337856	0.0211207654337601	0.0464794325459723	0.0842846533738221	-0.130544496970144	0.332137100331926	0.449200937500057	0.875003260237524	0.332701877945298	0.430546961125574	0.30746059909003	-0.314408867081543	-0.247120265471928	-0.173016738119267	-0.358334248242769	-0.211749517481662	-0.297613315715067	-0.330321334096828	-0.437677029682502	-0.298755148688697	-0.295137960804384	-0.27678482489465	-0.252681467206432	0.242184963372873	SM d39:1	green
-0.357600221474187	0.0404580243216679	-0.142571735319965	-0.0841988851934142	0.182514102200785	0.254557893603822	0.410832459020688	0.3478028164379	0.389494672102223	0.478920853470408	0.502233571822682	0.022671381298036	-0.0889421212033233	0.178983000183463	-0.0602553321580439	0.358207303687697	0.0975551059793826	0.157594793462735	0.424282707413035	0.70192197332599	0.70579947038473	0.392762679309581	0.474864044774034	0.47941611603657	-0.247511587231998	-0.126219221422946	-0.0895500538684649	-0.15022951976476	0.0211740518802569	0.0275541302754538	-0.170077045625585	-0.129282123921297	-0.227626044657794	-0.328763707883991	-0.313504227308594	-0.326201400777537	0.616324755616523	SM d39:2 Isomer B	green
-0.299348914230022	-0.182082012768181	-0.0919666719563578	-0.0808418770768156	-0.0430457859305887	0.495794967145246	0.674716320258048	0.294406495665582	-0.0705041838409999	-0.00453637427715139	0.0781898366081702	-0.352897649344853	0.120030314771872	0.324864241873631	0.295999573488923	0.388790173445879	0.510562538626858	0.426821533369068	0.865619852197375	0.722144525463212	0.786335049212621	0.655880593031546	0.787051262442061	0.554795440703572	-0.196772514272283	0.116272327833745	-0.0108929715794524	-0.315561369837122	0.0841893422460165	-0.142286021042255	-0.435451555086045	-0.494103174631232	-0.590664287298197	-0.525445377245168	0.135275495950047	-0.49772920332776	0.442011869459103	SM d40:0 Isomer A	blue
-0.216128070562831	-0.194538558267156	-0.102877681885518	-0.0082871524163176	-0.125201419198671	0.397784398539013	0.434466114992704	0.18193118175033	-0.162719064448816	-0.20538492852743	-0.231839562695258	-0.474661315193822	0.104707006831976	0.158675722003433	0.217747491453598	0.0843007380707091	0.439997396645052	0.469555546393978	0.693935558451511	0.347548536012718	0.356420007473489	0.480543068767412	0.432072483800733	0.151662565366905	-0.0285253217679055	0.09590346345047	-0.0101524853838144	-0.299188958890328	0.114245115451671	-0.11711730910015	-0.185439650829722	-0.26590068971409	-0.470099768150509	-0.452232895993243	0.461804300929567	-0.389154661392814	0.229108306062901	SM d40:0 Isomer B	blue
-0.29272614499247	-0.181068144533168	-0.0807585228285697	-0.0678642484596716	-0.0269040672049616	0.5203051992949	0.679645253390365	0.283756454799192	-0.0899862449791583	0.0000418233404470433	0.0438894502774946	-0.338455631470982	0.107574790544605	0.323219928967718	0.317735011626215	0.378701331837693	0.490745170075116	0.405688081589117	0.855965191898279	0.710491286627961	0.783305194287252	0.639291657703781	0.78406654704996	0.531990675751441	-0.206050564508021	0.124554665574332	-0.0141202455275976	-0.321804583802724	0.0624148257051979	-0.150846774286248	-0.42717674026058	-0.505927837423581	-0.555948278411373	-0.521400578336697	0.117447205145199	-0.494049812083578	0.419451263566648	SM d40:1	blue
-0.304408240261401	-0.295002505595479	-0.26697233272527	-0.30903053790521	-0.103039935881676	0.235510309247673	0.512285918346373	0.122451351772184	-0.0777515118025822	0.0715203418703395	0.22236150040403	-0.162111431721957	0.187306674930038	0.23143452989349	0.218833785877239	0.655617674582853	0.459746036112193	0.317866869420141	0.661194135160388	0.652471482771653	0.568983534956778	0.613780547878276	0.578110648888747	0.549141515160056	-0.049283778521289	0.199572191188126	0.151825780009815	-0.111925124443111	0.084483914167	-0.0125430161707567	-0.184714796927365	-0.11432548624916	-0.396130912502842	-0.339587373202509	0.15850348235354	-0.286658046288194	0.532133799331034	SM d40:1 Isomer B	blue
-0.303566311941947	0.0144611925003875	-0.00449940165206847	0.038272189327238	0.0526034548962178	0.455018835166108	0.656379303010074	0.439329586487018	0.155496400929429	0.225459311464107	0.362240440367503	-0.29788252757008	-0.0279909325575311	0.331329429626706	0.258145630549125	0.316101101161653	0.270216006798529	0.3198323756299	0.737218510482786	0.708988268495977	0.844958035631547	0.580610794359612	0.79796039505998	0.654534168178813	-0.370242391721557	-0.159866683533579	-0.101966229629755	-0.3764975199354	0.0797775339463938	-0.138470810482458	-0.421771201476815	-0.496354571881049	-0.549775782416856	-0.55015796910794	-0.0844547776721998	-0.403816666084819	0.579833406019381	SM d40:2 Isomer B	green
-0.161131675690729	0.111486597455193	0.0309439699550513	0.0530406412941389	0.187109467273319	0.434776227320624	0.579406184166296	0.270603847540168	0.177420177362758	0.0543408363945383	0.0569031993609425	-0.0596560672526096	-0.0215837884521139	0.316433701164267	0.095483891364318	0.412849575136012	0.201964219540657	-0.0220989598874735	0.484603220851992	0.553200708393968	0.799647581002301	0.487357109889589	0.468758659249576	0.232714259273347	-0.262016402839365	0.0427508967654063	0.0262810228643506	-0.313922220491167	-0.193156216964505	-0.262956167002706	-0.427192095177473	-0.313350088611746	-0.248026918445121	-0.281311960388697	-0.132274498094575	-0.190766856506912	0.441451024474903	SM d40:4	green
-0.121810436641808	0.11336349131616	0.129638117131431	0.130530303274953	0.177430889511545	0.38455942532823	0.569025955990366	0.481728076805758	0.157860397325909	0.0254460669932023	0.100416887016512	-0.135340614477204	0.0165539521986467	0.3231285552564	0.196866916741628	0.257956889410417	0.261291406420868	0.13771470057304	0.625522949885225	0.579255005469064	0.874080300812497	0.523801945848277	0.645194841536402	0.457807755517562	-0.275463387313141	-0.12980142158233	-0.0558675010591882	-0.36053833618405	-0.136288279550391	-0.300707674643155	-0.361043939803718	-0.440335320434898	-0.321103161709766	-0.301019986055388	-0.0905720848382887	-0.321236601575928	0.374515084833991	SM d41:0	green
-0.12708003420062	0.0760701104730806	0.0931968952218803	0.0948166041332427	0.18047759310006	0.392562951249219	0.556672350751465	0.469531186026913	0.154471506102271	-0.00346802089217824	0.073080834064753	-0.146740039758228	0.0906716626507264	0.371210932100338	0.16212032851519	0.19988355533024	0.264827900743219	0.179234566327484	0.607885730422258	0.58435197396944	0.858927959634926	0.523472717915908	0.656257037067927	0.464222088437113	-0.240498690336627	-0.140087705193509	-0.0621312750733018	-0.335314977462951	-0.090857714928974	-0.271010518456809	-0.37129723500747	-0.434784130885666	-0.322857077838929	-0.326898814275146	-0.135454106930997	-0.344134415912452	0.361623993676958	SM d41:1	green
-0.300275765483846	-0.00222906801510275	-0.0975988870987709	-0.124467362374967	0.204760793463477	0.223513986855793	0.195213117200867	0.0465241770949155	0.137577704428632	0.242069204070038	0.231472802034841	0.134483818536463	0.000368471935956631	0.11577403119976	-0.170479291777851	0.335527754628354	-0.117535690968604	-0.03182632197298	0.0685106480922882	0.25532107123749	0.291580697258368	0.348998299886147	0.0640698352991743	0.153987772663336	-0.0850048092496148	0.00672732326508186	0.171034634931603	-0.0821387275644975	-0.0750326933571101	-0.0490204967599306	-0.0828295316701167	0.242318692016246	0.00451897328198818	-0.0702336260849276	-0.112593190559646	0.0783092107826119	0.549300394054707	SM d41:2 Isomer A	grey
-0.386862284098478	-0.0145374913898227	-0.105846376807694	-0.0554954835359465	0.176234574951351	0.493642303735853	0.692011709138051	0.456196634018098	0.252875498245341	0.263631038701292	0.358128277877664	-0.218696001945088	-0.00898104912880754	0.327400043668407	0.17007785052225	0.363562564900678	0.268484521917272	0.317524307776376	0.695264669133519	0.80295706165703	0.919199842592555	0.613117940324008	0.760914525815937	0.617108061813649	-0.318296975335941	-0.12306404551893	-0.0537345324229347	-0.28852498362566	0.069696235051219	-0.0994584321137452	-0.392169087717541	-0.368920962716181	-0.471709046821464	-0.550417222878009	-0.255677227665781	-0.512386306418403	0.653224268874153	SM d41:2 Isomer B	green
-0.292621717648194	-0.190031571387132	0.00872263620118076	-0.0826230168173855	-0.0380298058819442	0.30755524372787	0.588107728043825	0.203642392297233	-0.135085366251895	-0.111276726099416	-0.0226726885485081	-0.418800859562273	0.110012006189846	0.241498983557618	0.375476595165814	0.365655807722786	0.398668871292067	0.471590204765568	0.915098175085901	0.612646443291857	0.574910991885199	0.521832242786196	0.730100053002827	0.577486473836138	-0.182056218785672	0.0801720319106485	0.0586072582026355	-0.292877711527952	0.124249944123557	-0.124341356588632	-0.297602640321531	-0.367392022515053	-0.489870305591052	-0.379024130198486	0.265786785181093	-0.32709052458729	0.384587842445426	SM d42:0	blue
-0.380312498360264	-0.356047714054438	-0.202999709781795	-0.362548262986435	-0.0561159505592533	0.134118293284392	0.567576089829815	0.0752490731753096	-0.137470321405643	-0.0723628399497943	0.07207530314694	-0.378551398543006	0.211961725370226	0.1835874427008	0.256414741591547	0.677463786228309	0.333909362591865	0.419766176769951	0.830316092990203	0.56494018845746	0.404641893878671	0.537201190388483	0.597375996165199	0.536237888985577	-0.067444489511128	0.236450962801875	0.236482910297226	-0.167550370198131	0.162301782997219	-0.0150334373327383	-0.164190571153626	-0.0472489422749985	-0.322445759196753	-0.183670890865	0.33775557817816	-0.193801173495763	0.530137383698231	SM d42:1	blue
-0.552472257710519	-0.321627195247986	-0.331154814045582	-0.331113514585474	-0.0673873770798583	0.204478655942207	0.632060389630139	0.147975378541167	0.035433353866753	0.151986686951199	0.200152907306022	-0.201642219944428	0.249331218925056	0.337409027776942	0.184393221382529	0.622726774421317	0.351675175627619	0.57557937106165	0.753133561054161	0.604370677206262	0.409726395020014	0.562312453490915	0.581328652519173	0.445056284649595	0.00243275151920605	0.209542252676476	0.306461142406497	-0.194414812630517	0.101063687016122	-0.0386650018159618	-0.215013749490527	-0.0112691934573892	-0.340076202334121	-0.3800793302124	0.177275462090668	-0.301354848842458	0.712544785648059	SM d42:2 Isomer B	blue
-0.569667701859881	-0.150320054345405	-0.246782031067516	-0.150236256023925	0.0633317829044229	0.340933746827605	0.666165151594566	0.384037535908568	0.0757346593034279	0.231243809191521	0.279353143602184	-0.196724151058216	0.112266527175632	0.374189889408832	0.319710029225674	0.433016138757913	0.331831783618475	0.60769180640029	0.807642464018168	0.703863280273173	0.626997950507609	0.598723777106189	0.747192370319556	0.615505084513519	-0.161651962721646	0.0116405658831475	0.0972520555951851	-0.227750064404671	0.141880200803901	-0.055883067532983	-0.276544761411126	-0.268456382263287	-0.476396167112053	-0.591356309001476	-0.0349488940233058	-0.518724703679579	0.690204508754135	SM d42:3	blue
-0.136427379441378	-0.234891697236976	-0.094178230939953	-0.167065412120087	-0.23947785036741	0.247267186721209	0.3530833014608	-0.109744137342408	0.031161167403457	-0.1143576894693	-0.149674389142668	-0.197178055402176	0.105862740134382	0.0250629500736821	-0.0799268071028658	0.266822167478313	0.433097420548625	0.298280359961954	0.503283199226503	0.379856297766024	0.41359865158748	0.267210248732118	0.351238129930617	0.200626202293743	0.0813007930942798	0.242708178755787	0.376577441201473	-0.146383333134322	0.0772093782163468	-0.0406804470064775	-0.161636265798957	-0.116650716862837	-0.108097916179577	-0.0164381225147106	0.178796615717266	-0.123772679607544	0.175063175715973	SM d43:1	blue
-0.185059180595802	-0.117075455553124	0.0964910567790415	-0.0324079100195136	0.0416238507631984	0.42542786873607	0.695532979228914	0.228055864084707	-0.0299757502568267	-0.229005108250952	-0.0995277178875677	-0.363500090884635	0.183084289137857	0.356127574402054	0.23733814965581	0.276017529474371	0.392291480551144	0.383689202331478	0.809344705112613	0.58526212519268	0.679910071509667	0.600986983086952	0.73997498438468	0.425814187541205	-0.198150846238213	0.0295671163524151	0.0782071360896944	-0.31887173292992	0.0457169055534497	-0.265086094543679	-0.326612806485219	-0.326149993784649	-0.402776352004876	-0.245082089679476	0.186401938229082	-0.197362336710007	0.386760657467544	SM d43:1 Isomer B	blue
-0.173925534307795	-0.128359230299116	0.0543326529098481	0.0151978776175106	0.0381079987642906	0.313204078593791	0.627307064373041	0.194801896123973	-0.103926870093473	-0.203184386008558	-0.0999493097433469	-0.440736897281087	0.136239741518185	0.293885951628648	0.305510603993339	0.354991133978555	0.380946128692136	0.483224734141	0.877757708224544	0.520290962505092	0.500928202541291	0.507669115735482	0.655284430115226	0.424853213242684	-0.176746514337643	-0.00200769825501815	0.0964728698676148	-0.487352117499333	-0.0133248534129889	-0.299411678947959	-0.164727486366132	-0.286415586608041	-0.399842497366206	-0.252551857664188	0.351121676087578	-0.241535153551247	0.387933652070974	SM d44:1	blue
-0.498066326390785	-0.156152055046738	-0.243711381603488	-0.378597771133272	-0.0565829172621328	-0.0349961511069579	0.260819590718659	-0.0103481279331238	0.141332530593624	0.0345321947481862	0.115443814035821	-0.0442868448249436	0.111319692798886	0.123976324196905	0.0733256885101504	0.47636986602844	0.105180888627113	0.297169829027483	0.407752561963665	0.376113041511494	0.15245881224307	0.202006690654034	0.26394810840391	0.436355337019323	0.0418489531722366	0.258604516051751	0.296974383550077	0.274299005243224	0.326343379948599	0.291678744950896	-0.160397224072379	0.203803159610996	-0.223894079650798	-0.249632679718184	-0.00241102878703298	-0.0888773525577968	0.434972107559842	SM d44:2	grey
-0.329510128465369	-0.124546261772875	-0.0458154953669289	-0.0363118570654072	0.0412384605310307	0.40958035582073	0.70283508430878	0.210723662490427	0.0044556116610333	-0.104402899201555	-0.0558056000555084	-0.402787704011535	0.144450897352761	0.355280032990458	0.282558407071073	0.319608396523851	0.373373278328645	0.579822995826903	0.918730036132086	0.591350131422311	0.550777666240522	0.550879737734761	0.713885775932091	0.452848243009118	-0.172157428384893	0.0209983111920304	0.131238563009004	-0.386783330868593	0.0926269233441597	-0.189353464818956	-0.259158573761526	-0.280974883901959	-0.475413414837594	-0.441893565696254	0.255579646238882	-0.364614706278764	0.488838731167937	SM d44:2 isomer A	blue
-0.461111712973255	-0.268907537779352	-0.475840969474688	-0.264721110102705	-0.0251570710229296	0.102351112505001	0.210346817029775	0.0640971256431385	-0.0471136124853467	0.174270308004089	0.079169617400142	-0.0848315740831602	0.0135436778019124	0.067768946639571	0.0676874067397762	0.152521289038038	0.13994927441339	0.411532186873482	0.289469634874704	0.145927960554468	0.0462411892329175	0.248142056312776	0.119294229317634	0.0880460067747685	0.0939545482253713	0.158455073966403	0.204052661032283	0.043468396420711	0.293368831199649	0.220156951194106	-0.00969189299128593	0.226764255703767	-0.0735739356662934	-0.276754698352138	-0.0191018657793762	-0.388132991059602	0.361068996847552	SM d44:3	grey
0.123829493611816	-0.0368856005299371	-0.085399957796216	-0.149062420076616	0.00885545732497592	-0.365226149350539	-0.254069594957443	-0.278785016658261	0.00536262416345315	-0.170367723856117	-0.057157486267233	-0.0877751046334103	0.132879501779076	-0.185006757545472	-0.200852817333965	-0.0122179082642713	-0.120858768634365	-0.000173539293273898	-0.189569092292501	-0.268913236689527	-0.42874395581578	-0.176616929021217	-0.214770770884731	-0.203452981045027	0.127766593032347	0.0846438633541711	0.0715210496688889	0.235539142656167	0.107808629276017	0.154495678283279	0.152528302087291	0.415354356869497	0.353858039226371	0.202139821485364	0.127639039869512	0.239028818036621	-0.216005789396193	SPB 25:0;2O	grey
0.0162716128650383	-0.128074966488012	-0.0490661648873371	-0.105637668010169	-0.256541854610139	-0.164471390095283	-0.224741968925892	-0.253535459734868	-0.0949025844108818	0.0417307010599475	0.153424847224431	-0.153800841490314	-0.125943415946634	-0.338765159293855	-0.315774744284556	0.0215200684418896	-0.144376757706878	-0.178457419235324	-0.206038451490085	-0.131631475228918	-0.318260133638935	-0.0135314577224537	-0.170619827838188	-0.031698532331034	-0.0255164876885317	0.155438496738961	0.0277668436160343	0.116628023194855	0.137401653138137	0.245286562854189	-0.0331223025228848	0.348129036914812	0.135549538870905	0.0907510935381116	0.125662507416275	0.233957769972252	0.0222254112786131	SPB 26:0;2O	grey
-0.126955912852846	0.163737024182559	0.102362920626837	0.192196330627466	0.203919135370426	0.210869412708628	0.497913998276267	0.852580287782488	0.0997874870639244	0.165437751101433	0.0953666182312948	-0.0087732063374719	-0.0426378142413444	0.369643953636143	0.0738617240068759	0.163757995028181	0.123944556274674	0.237290018040642	0.329714388512564	0.276308879693726	0.411035797611497	0.375441608228958	0.407818773767251	0.259538553788037	-0.25443439130895	-0.244818869982241	-0.251575618994486	-0.400381163046792	-0.261849995336291	-0.353224715054038	-0.0730557898210529	-0.259284491383046	-0.256087964641926	-0.360477916056579	0.0464445268114709	-0.289631267368112	0.444291025483317	TG 10:0_12:0_18:2	yellowgreen
0.284935404927268	-0.0238169839337007	-0.161160710074818	-0.0151061247200903	0.0685615065082995	-0.270767089324239	-0.484027544161866	-0.125019897354971	0.0434646776042887	0.154182474476121	0.0324908149963176	0.192705402144416	-0.195838820245913	-0.304646171180699	-0.296642704364475	-0.189072874756205	-0.370765810301067	-0.413544395004984	-0.484386510717356	-0.338093697380662	-0.405449311931462	-0.500667542284145	-0.405978091746561	-0.371001466259665	0.0290714409422803	-0.103760738429131	-0.0487135832368838	0.173000356000603	-0.0455703338010824	0.16420034793365	0.345759109446837	0.482343276431115	0.872559225629632	0.634488124510877	-0.195051355720493	0.185954650285268	-0.357370009130168	TG 14:0_16:0_17:1	lightgreen
0.683789440181285	0.531222505199691	0.95274932559184	0.811305444661861	0.117380830800604	0.140282122018506	0.017469518933976	0.13251052123926	0.0593081013574491	-0.00943663752874258	-0.142121636123002	-0.0271024647148927	-0.392757003677134	-0.03402964882615	0.109761535523884	-0.423379943491296	-0.17505459722141	-0.280964048615703	-0.135913090819622	-0.199919664816932	0.035288988748572	-0.15419378032122	0.00702716259898717	-0.160463946893877	-0.422428893637735	-0.464345829057863	-0.372712190535097	-0.479152613234428	-0.379842355668048	-0.459091762557841	0.0401067898670057	-0.421221794562857	-0.104220704854833	0.231147239421728	0.247489876645824	0.488473861748184	-0.258998125657705	TG 16:0_18:1_20:0	lightcyan
0.0911306880997865	-0.056597984678474	-0.0380769810394782	-0.0681496434813457	0.153570626973843	-0.250514370588567	-0.418298041329208	-0.37523241805387	-0.148140763716166	0.113227828088871	-0.0148850902090584	0.37418573026447	-0.0516124680868664	-0.228317403873976	-0.128319326935783	0.0831551653496455	-0.338279498969146	-0.385905541551767	-0.305107903665269	-0.202044963787955	-0.298681865943129	-0.262073273157272	-0.370529784697473	-0.296170579509758	0.13157911876968	0.0976028138145667	0.157930815252722	0.233785604872481	-0.0970943377330523	0.00931530435816831	0.29016034749632	0.432942477565131	0.616128983518092	0.795445241001062	-0.0437693552362248	0.399476827541667	-0.185382446551894	TG 22:0	royalblue
0.0251798248502833	-0.0512362427454431	-0.198247217890496	-0.157539087308565	0.108572893603679	-0.0793193429583595	-0.192491596667814	-0.309111321189383	-0.0587302907650526	-0.0193165787129637	-0.0232775659791406	0.0383992740134594	-0.0592329829710343	-0.221150873035779	-0.164145649626204	0.0403394363508588	-0.0915833607822077	-0.238585525690845	-0.288683727479191	-0.109406745406614	-0.110035209419733	-0.0181484806062053	-0.285075366662182	-0.31238826833696	0.0339328522836352	0.112002937735093	-0.0615299107270332	0.278881912794831	0.075888552675856	0.213932603506208	-0.055288748737251	0.400505216241411	0.485731082347241	0.316826372828081	-0.270993456570695	0.0966036680116595	-0.042820633233326	TG 28:0	grey
0.183461286781153	-0.149896483804547	-0.0821174318628962	-0.123571277717564	0.0873492047941649	-0.348337260530605	-0.591632008867371	-0.392380955604231	-0.182972299572033	-0.0153765935259443	-0.104245524458158	0.457771856828393	0.140603650613376	-0.153008416846034	-0.118820664928215	-0.0733822915859168	-0.337891496891361	-0.399496299085827	-0.475310934138466	-0.350795775078884	-0.472716343362908	-0.319786941320385	-0.513071576109935	-0.447547087340829	0.343463168229878	0.130839434603301	0.229547450697496	0.362624792013705	-0.159632119327753	0.00460743702882644	0.409047358212527	0.522905380048305	0.633403037152813	0.84205955953898	-0.0490371133492323	0.359592551309106	-0.356175994751822	TG 34:0	royalblue
0.185341418466692	-0.0754716220070425	-0.0822940497243227	-0.0664665777267908	0.0137049821796816	-0.267154785693192	-0.345293213332301	-0.323536661275233	-0.117898132637491	0.0356583649168495	-0.0433691199517911	0.118390025832875	-0.110388824509321	-0.381097562266804	-0.135284717421047	-0.0237386770178681	-0.228013293513531	-0.32457668677038	-0.277191594407537	-0.237582139919729	-0.268288991224436	-0.319097139955696	-0.359085163842035	-0.270649078431771	0.0883613468438296	0.102699028937893	0.0369409637952436	0.094564034241975	-0.0462603672467627	0.0861604050303792	0.231078189515156	0.235014273441392	0.613500984686059	0.787626980179345	-0.00797236830330193	0.232191593280955	-0.269733359912591	TG 36:0	royalblue
0.320608956339077	-0.0485370938629892	0.113412396939735	0.0417513930849823	0.0383060802811834	-0.293745913936151	-0.356925561721486	-0.309359693706031	-0.170923903255231	-0.0697774987001233	-0.182200444009882	0.139289779150454	-0.0801406562636223	-0.256085770626492	-0.220156419422261	-0.037747939167472	-0.285091591952419	-0.315024120408971	-0.280924010594511	-0.336911622110787	-0.406099958982482	-0.343787526458794	-0.350598379441305	-0.382183931469067	0.0805753220192574	0.0749973983246558	0.122754216268878	-0.00504226973861609	-0.194840562196449	-0.112991079083371	0.322969758737147	0.308063797478758	0.627960213305606	0.932640462255279	0.137971471728773	0.48614913380413	-0.321617588169934	TG 38:0	royalblue
0.60498541352877	0.103804544999624	0.252210619432204	0.16192345066918	0.107872943114206	-0.231522425778921	-0.354315839947646	-0.243097871423696	-0.0833912545070472	-0.123154609241959	-0.146311479477923	0.168791497414461	-0.0788851097870813	-0.168116667145275	-0.184524133991882	-0.115206815593191	-0.313026939997444	-0.505093562324169	-0.43440437555766	-0.366026154563855	-0.368294796142919	-0.406450287175795	-0.378961354795066	-0.385135227725286	-0.0220094355372167	-0.0353563302720654	-0.0337777584131298	-0.0633210817241682	-0.303564983230274	-0.192035786551376	0.297059182005872	0.226620092640706	0.626816883660879	0.907846555324436	0.0577434933315764	0.49426034673831	-0.444604695593642	TG 40:0	royalblue
-0.0172169221797524	-0.227366720420838	-0.0293824940016532	-0.0343686802203691	0.0133291021939578	0.328490242440741	0.479221778170424	0.177333720331772	-0.0866062753510408	-0.254181444591275	-0.316377118678099	-0.124303602704233	0.34102957206258	0.523139326907293	0.144614329170246	0.270467031021175	0.374363992589751	0.179065204748817	0.421915650569259	0.428133618215039	0.50886288158631	0.287557732765347	0.299100350272232	0.0208813027763365	0.0925937658262656	0.235549273829034	0.184143452866787	-0.504230846171741	-0.437143966108895	-0.47693910514856	-0.188146403057559	-0.151491328167365	-0.0631601652038431	-0.205356728405015	0.184369665051281	-0.215577387251656	0.159852301519251	TG 40:1	grey
0.491661262365628	0.0411238362914974	0.351858022050515	0.186711215321286	0.0423135313666829	0.166234097981417	0.226300071917286	-0.00100653629995695	0.0376578488742332	-0.173893179726548	-0.23369645788279	-0.151420376781414	0.0802569170435918	0.17960561658785	-0.0676904808703725	0.0517581315691869	0.100826936518957	-0.126040897402994	0.0589945082786579	0.121276271772777	0.148345855274744	-0.0604493602331314	0.0289444209285179	-0.0869501251995286	-0.106146547198786	0.0344939157789245	-0.13064746068818	-0.461954549044197	-0.426950247771953	-0.351150416109899	-0.00434896536750987	-0.0997521957490032	0.0740246706245061	0.158392859764224	0.246400217813833	0.19774862895425	-0.138297368755908	TG 42:0	grey
0.679751356257038	0.209234698445361	0.336274939214321	0.26236507105108	0.146409205062718	-0.198880576129167	-0.318982594578356	-0.189966545618655	-0.0486009422302298	-0.148267026320904	-0.155847294964653	0.191121439279154	-0.0452957553254806	-0.0939652418807979	-0.0997442438348153	-0.263344148076893	-0.31584887087959	-0.487339596001295	-0.443655674784194	-0.426854348916554	-0.362092766581683	-0.41170573466094	-0.34517420344483	-0.369873674755561	-0.0503443695641558	-0.126711117289477	-0.163226109590999	-0.102711517663188	-0.353425238056763	-0.257583508111421	0.27392335187344	0.128948547341163	0.552366199268113	0.808505065316696	0.0706840372685613	0.486280130759943	-0.508894048205527	TG 42:1	royalblue
0.60852929651181	0.277670674769462	0.33080837639699	0.358134812872957	0.210477798463852	-0.141091683761848	-0.185077619359328	0.0189311226797716	0.088046859086625	-0.0748607576088692	-0.190017240516666	0.165186992755438	-0.0529965823280178	0.0769841402155315	-0.169731187067958	-0.299824829445372	-0.24996166610889	-0.296659773891379	-0.341191322227566	-0.341924160567328	-0.249445160964965	-0.324461510200809	-0.278978618384489	-0.478867859618534	-0.0752675450392457	-0.226221606254144	-0.194443787326811	-0.155599306112529	-0.322794838819559	-0.250759689763858	0.267634516069691	0.125659084884863	0.529744361711096	0.539056418642812	0.047424264329127	0.339862049542147	-0.327389512225755	TG 42:2	royalblue
0.137071867981716	-0.0997430617645162	-0.159728130112149	-0.242238558685098	0.135293533651743	-0.394082564937453	-0.309456106542114	-0.237578565702581	0.0197938444404035	-0.125010528271381	-0.156004644037621	0.194376577315173	0.084665329660351	-0.144556178923806	-0.208991349716513	0.0674372542043286	-0.24917046891557	-0.334624602967286	-0.424743257023648	-0.241528484721898	-0.353821366300417	-0.474838902256427	-0.463342550268993	-0.385645220345073	0.184670259782418	0.160831434338302	0.0624706494873574	0.216847725965621	-0.1614640411994	0.0814629933795055	0.240551685001736	0.515650112236356	0.847234110530853	0.595669276618882	-0.210128664710994	0.312194750188829	-0.270197205123531	TG 43:0	lightgreen
0.739391881281539	0.345698176242551	0.460664543620254	0.42540245862092	0.331833372780149	0.0687137014415335	0.0245744055298315	0.0843283945789866	0.0874801059644607	-0.122158220867475	-0.230368706931079	0.0586131098158021	-0.0967708909363838	0.133709022580786	-0.131394374898537	-0.1725573639981	-0.163479731387002	-0.334853437697435	-0.249761854830204	-0.204858526188547	-0.090294262908882	-0.27722033931827	-0.206895308978461	-0.311581238618142	-0.218817863854785	-0.247962188030186	-0.321182290088358	-0.4060409616166	-0.491923849804395	-0.406281012428613	0.17503298714158	-0.130411443386379	0.28945785891854	0.386727117452625	0.0832647596586124	0.24903766636547	-0.316002231051073	TG 44:0	purple
0.268136854119099	0.0719645957594729	0.309454367624173	0.219419400161029	-0.0352695108802829	0.37268936490248	0.446470084662154	0.135902966879069	0.109181539232092	-0.100851182197534	-0.177607893959261	-0.326254899225436	0.0303599464563372	0.255211312963042	-0.00967246275065663	0.0992011148903363	0.209229984185315	0.0531642790267383	0.34422592482734	0.25532542841147	0.422281512292608	0.111369972107934	0.205012195574892	0.0760514876543483	-0.192352188227605	-0.00373092400122378	-0.13486306230648	-0.64881528121313	-0.361979583995741	-0.365239743859458	-0.207586839197422	-0.309883885165928	-0.216717794420603	-0.166008465933532	0.297408585820153	0.0421541777397344	0.0695166343403087	TG 44:1	grey
0.436555074866272	0.0562463808902551	0.209294739978226	0.111267846400154	0.199190424289194	-0.148592193040765	-0.272576530742849	-0.226236711136747	-0.0103519019133244	-0.191876146777153	-0.188368143474883	0.188979900610774	0.0496545708957563	0.0733213174469675	-0.227869982156004	-0.122245299463856	-0.26418746934209	-0.319740741192063	-0.257581867307889	-0.238421121425499	-0.172587412523945	-0.330256026899532	-0.20770277113375	-0.282999945192541	0.0329808309036424	-0.045359008526957	0.092372884890031	-0.127514791727643	-0.284021359777549	-0.21958884023708	0.25515914671943	0.252219936430131	0.579724838227007	0.54904671670561	0.00768946694917164	0.451427866239897	-0.351857289263413	TG 44:2	lightgreen
0.303421861664188	0.0477772876555823	-0.106183491551636	-0.0887854004293973	0.23041566847566	-0.299095968698676	-0.379757031016623	-0.218056019156374	0.116657998538607	-0.0632503618060302	-0.0634778325028687	0.109962328452252	-0.058044922652956	-0.18731449690593	-0.299599623529796	-0.0800935307808843	-0.369793059271784	-0.452101392265114	-0.416795817884212	-0.21948612636322	-0.30489047828429	-0.47461421198108	-0.432068223664108	-0.412763657913195	-0.00204213742574656	-0.0862352908512611	-0.17911552387435	0.196298804898079	-0.0641624975398549	0.149610291477501	0.328241843872093	0.527484752621263	0.866209661626489	0.599912219672827	-0.267471592677726	0.268605284307183	-0.34023149496946	TG 45:0	lightgreen
0.0962206594873848	-0.0569891929692439	-0.0540444314218619	-0.0281482370243555	-0.0661671167805203	0.0512686920968085	0.0221100469308752	-0.0832194387541958	0.00388381878633172	0.0188064065583976	-0.27687783971944	-0.0112024460882103	-0.0427596901192582	-0.000756633395267515	-0.124452791277101	0.0733621810105196	0.0742907245720876	-0.0956065011863918	-0.0477423928238227	-0.0617891997259626	0.0250702121553847	-0.182109779913674	-0.207148473201085	-0.223421193141827	0.0867308581303954	0.245639541696513	0.111524433654123	-0.276647732225727	-0.357972395883116	-0.1479569335218	-0.0985365312743473	0.0925906280535143	0.329825011633415	0.200283935912629	0.168310200197834	0.150150652044831	-0.107079435438636	TG 45:1	grey
0.873536417617457	0.263097623300133	0.438165917678368	0.408664588883714	0.141038485062274	0.0405959504922763	-0.224079413463226	-0.171497839013196	-0.0295134654878546	-0.166731269822969	-0.287282356338153	0.0379762269763833	-0.169341771158599	-0.141301119107716	-0.163042481307115	-0.339643195357818	-0.237222261843647	-0.461272971998119	-0.428850143686726	-0.443627842148275	-0.350946335665331	-0.361533034695338	-0.345805634036902	-0.4408118078032	-0.15181829695682	-0.153850263963052	-0.222698330804677	-0.172072606385403	-0.299189001472272	-0.186154404810589	0.191222571198726	0.0198932570996626	0.379038897380042	0.482957603444182	0.210994397385041	0.348766118537267	-0.545249521062151	TG 46:0	purple
0.937715201495092	0.410037912747085	0.570309021552722	0.636395519369393	0.104772524995964	0.182521937068594	-0.197371521318613	0.00739315408545501	0.0238908806933815	-0.120671619849924	-0.237786125518935	-0.0602779157398633	-0.310915179968406	-0.112134321490076	-0.193585676667684	-0.552336538426915	-0.272932886827929	-0.500173150906885	-0.387734404046854	-0.458077526227327	-0.165636942773642	-0.380672763962399	-0.257106695020314	-0.419671955944914	-0.310678981851616	-0.377346927653357	-0.372783929430124	-0.385861381012524	-0.329281203682569	-0.320264986178882	0.103898671179531	-0.210446427524829	0.276372420459748	0.463818483318301	0.148464190766976	0.303610276635208	-0.586144770324833	TG 46:1	purple
0.52291288909978	0.0812209255852712	0.164450995366663	0.169901457005696	0.0439923649782352	-0.191648919207636	-0.370975159751984	-0.389384529615298	-0.0902117999822048	-0.171918340241443	-0.231361633039826	0.172524397519514	0.0332033889683656	-0.0827227718249052	-0.0839356073682835	-0.179430195240873	-0.277562128348068	-0.366203105326698	-0.372524286970152	-0.458168276925182	-0.467034531043096	-0.447321074969764	-0.451749388559815	-0.415369302713772	0.10048412052555	0.0168203349033088	0.117831872837993	-0.174033847582497	-0.327688735544793	-0.220845366327311	0.331622376772656	0.326573437971905	0.649111787043494	0.729605649710255	0.186689799527447	0.46696656690901	-0.427247950511916	TG 46:2	lightgreen
0.531699489368835	0.094409723687963	-0.00575737464532811	0.0574361761839155	0.248277770518632	-0.393237042337036	-0.490791123056258	-0.23130979821174	-0.0183841576104636	-0.099670123253698	-0.109341338958335	0.168798876149713	-0.0419561490308595	-0.224002565318738	-0.26259383335731	-0.172626911962698	-0.459119450608044	-0.489513837285786	-0.548589457692046	-0.447460158172669	-0.560806379614743	-0.471430930344729	-0.554892500082671	-0.497720521701555	0.0382067969605936	-0.16993684550042	-0.136905884835783	0.185014788930146	-0.121822331594243	0.0631811655998271	0.370480291134302	0.506828845754011	0.820265712027877	0.69259969356823	-0.0574182674947746	0.361493785251883	-0.429304343326795	TG 47:0|TG 14:0_16:0_17:0	lightgreen
0.0587930129918289	-0.104746551648093	-0.31671755829647	-0.0953324109254655	0.0425061813693457	-0.239961111871219	-0.277960713877652	0.0246415093688289	-0.0919834318885377	0.0319761963552754	-0.125101177383043	0.14517385136938	0.0231259051606713	-0.0454190482013665	-0.227198113754343	-0.0485313802081903	-0.135641673384879	-0.161361596076533	-0.341170699308541	-0.258441927355659	-0.282432900477813	-0.24408167421245	-0.330350002967933	-0.428349345324814	0.157992404126256	-0.0389334086568554	0.0222192197528252	0.0355722127039995	-0.167998762535585	-0.0294943815041831	0.16974801825691	0.477229175936611	0.733782512439248	0.439077200653663	-0.112571594956111	0.0766959456525482	-0.143154266256532	TG 47:2	lightgreen
-0.176803672002185	-0.0367003977744386	-0.360640028130755	-0.196179748380199	0.172863241522253	-0.404178435441409	-0.289245512728801	-0.0736249352149301	0.0748836311631477	0.0925693895995803	0.183220707468162	0.314340627429667	0.0350417694271051	-0.0562218337952816	-0.102874988149096	0.0600991530876885	-0.301322400655083	-0.201699421438803	-0.211922529842225	-0.0822628244554948	-0.189416358723316	-0.174001984556972	-0.231439481915864	-0.104261077684139	0.0881862488087625	-0.0303560715114804	0.0917814525147111	0.360557008854771	0.114626842366899	0.208344352593057	0.221024632724143	0.485689564985011	0.592677298191054	0.265867064450377	-0.402029609764928	0.0466094251636453	-0.000102327661809967	TG 47:3 Isomer B	lightgreen
0.885910924387901	0.425933042940547	0.625511071016618	0.624349203729677	0.196526693981642	0.175796474233094	-0.0726488179110419	0.00784169654076195	0.0513815719961209	-0.0758134928401122	-0.210360143573142	-0.0143073700739695	-0.343834590418386	-0.113493933300286	-0.0463277913885691	-0.395109389789787	-0.224998770693952	-0.409099652253954	-0.287616827267554	-0.335784496042151	-0.168289537297939	-0.255902986655197	-0.185123063893153	-0.339784936192947	-0.332991394228809	-0.316165781300172	-0.357435398377042	-0.290586260693777	-0.293804821069066	-0.249961099481422	0.134233800980701	-0.166986944089986	0.161430798161944	0.302056692924177	0.20011550386976	0.280348296623641	-0.44167277147718	TG 48:0	purple
0.89880153842531	0.435112484832197	0.653808864348324	0.735559587593857	0.103718844130946	0.378767274505748	-0.0218317724258458	0.0330714055093235	0.0341119657085815	-0.113701837964805	-0.281722499221496	-0.149616769407148	-0.34547833694062	-0.0677703945529858	-0.100662496004834	-0.547552402034852	-0.212196018183928	-0.394853966677145	-0.230887096566181	-0.367508250113231	-0.0718684216349328	-0.214253570444296	-0.120490943628035	-0.404521188080801	-0.378116041677527	-0.40403890216315	-0.359333362507087	-0.457828742458759	-0.300026463190462	-0.345660859554615	0.0472216982061691	-0.319986999037313	0.0589924122691157	0.25071295177545	0.242335731741349	0.234458097991219	-0.462281642642999	TG 48:1	purple
0.83732227246297	0.542403920372773	0.667496025572508	0.80033968801506	0.236591722509773	0.278653418405313	-0.0956306495935244	0.0796264073099433	0.0883531631040977	-0.0230164235146047	-0.209825115460719	-0.0410114128136043	-0.412779857347946	-0.0633662707568431	-0.0698788899339417	-0.537735875640496	-0.349576436981983	-0.460283335462841	-0.27212911506935	-0.419228287575343	-0.095407120278005	-0.307793347622574	-0.183790235650682	-0.388941090116637	-0.413696678840343	-0.459256218153355	-0.355220859508343	-0.454429428119536	-0.343845376758052	-0.383086809976294	0.0775199491914411	-0.303552535538547	0.144050538395293	0.330321688085074	0.16346534619169	0.266896161567292	-0.446463054000704	TG 48:2	purple
0.785291291013268	0.542653912362459	0.6881799989622	0.777369328891944	0.216629829965479	0.194272676305706	-0.150311956950128	0.122050332549744	0.0822585335732836	-0.0301018499589806	-0.24699336857881	0.0714424057877976	-0.416916571577881	-0.0500003219542458	-0.172623656063671	-0.528153484238934	-0.323042804408679	-0.430612810293897	-0.336966546850376	-0.436697452422278	-0.146856326274446	-0.405007562600755	-0.259669503668024	-0.390613302449471	-0.356793701390656	-0.418678618566118	-0.359197066260104	-0.406598402630408	-0.385926377478201	-0.391826380644678	0.0944682679172577	-0.254825151132688	0.17656917646361	0.365239297757541	0.134436758303051	0.308637192403904	-0.467061127440722	TG 48:3	purple
0.784296606967947	0.219555426698681	0.306262791983187	0.338167570887665	0.144093502400811	-0.266566307815305	-0.473808776644563	-0.245030201541091	-0.046100716372938	-0.0635997436063565	-0.15411278862106	0.202274741357747	-0.171717165530721	-0.240087638414153	-0.176647690609249	-0.342510609068366	-0.429682824197325	-0.50709623999594	-0.597540007684788	-0.568706671701478	-0.601973611269817	-0.523761020697719	-0.531648340577658	-0.478546325911238	-0.029324307957788	-0.210122001108841	-0.201726710667664	0.0251762358865634	-0.234055664278477	-0.0492644638935807	0.394493952252056	0.284557381902196	0.629736623836006	0.622207535837253	0.0802254689078847	0.455016182135083	-0.569787180421036	TG 49:0	purple
0.906036967100488	0.329493914415997	0.492005286720442	0.593726811928698	0.157738972732113	0.0620476371735966	-0.343623487022321	-0.0892573326301254	-0.0268250637057485	-0.0389986864289676	-0.227966790805544	-0.0171711174172192	-0.303878872335623	-0.196802822879533	-0.197857736294996	-0.544101444610894	-0.437711498327267	-0.559479726316685	-0.469524525867038	-0.563312619022433	-0.340949034695382	-0.440593983144038	-0.390209644601914	-0.524991035234074	-0.23477646441794	-0.414099914105633	-0.29717108370706	-0.308735378644828	-0.31346058185606	-0.252164132469065	0.243766257080968	-0.0136533776703908	0.471413745937899	0.552957355671428	0.172933005274084	0.407912583854718	-0.593977218305239	TG 49:1	purple
0.67886154853572	0.364097803733201	0.278849277060522	0.5357125675218	0.210389190419575	-0.00922416684056834	-0.430205228087952	0.00690409786464471	0.0860091522172073	0.0542075680101966	-0.173538445860672	0.112538657327367	-0.375293684335957	-0.192090850580508	-0.308832750605241	-0.533840607237759	-0.552139784927505	-0.561520432095277	-0.513399703800233	-0.565257830801896	-0.367360347384071	-0.499604002131425	-0.435868068666512	-0.547156581783462	-0.192506814790552	-0.45143500630298	-0.197542586526739	-0.134187470906401	-0.171834880532532	-0.115988419164417	0.332501658280496	0.194468258121894	0.633584839294436	0.537782759741457	0.00144888103855646	0.296465501804818	-0.504300011414963	TG 49:2	purple
0.308015289261998	0.0438207965222679	-0.143554156851284	0.0739500516597355	0.043105296147231	-0.11916440907036	-0.321623965711975	-0.18308324483832	-0.0906870025393644	0.0147605351947306	-0.0933164865502553	0.203279609489965	-0.0222487904900041	-0.0604665390030373	-0.199261091167898	-0.207242993023261	-0.338758096351053	-0.320843768700701	-0.440705959647101	-0.44559806612578	-0.409716155728331	-0.333805672542485	-0.304288008053899	-0.381296305515206	0.046370627607182	-0.0647171251714797	0.0974302982137901	0.164738733903999	-0.013806075621906	0.0526971355421392	0.311715404798285	0.370262887750105	0.677619274051005	0.429905484199143	-0.162809510604291	0.0976223216192373	-0.345410926618337	TG 49:3	lightgreen
0.894897051482517	0.445508439284577	0.69002309166155	0.676800997475619	0.126413746606514	0.095892368845823	-0.124861171463927	-0.0233334142918628	0.0419310117088526	-0.0791345640173839	-0.18571791439815	0.0140978653760693	-0.369578772187584	-0.136331977933433	-0.0010427062935632	-0.429963663863232	-0.232402254320972	-0.421912525045209	-0.304590495250293	-0.340493426554624	-0.1987117626616	-0.31211489585048	-0.185571478134782	-0.321319885282457	-0.339304620749283	-0.347064213427202	-0.369781056071602	-0.28190177776905	-0.287671742991502	-0.250147972890989	0.165180759868343	-0.191273170771289	0.174466251592179	0.349338724530034	0.154012221501407	0.328808939163158	-0.470666727750393	TG 50:0	purple
0.726721887060528	0.577860716092456	0.780991454736258	0.850450382216906	0.222902570973174	0.395116540142805	0.146861983179253	0.248456775847489	0.121248606766439	0.0679376314040366	-0.13288794149057	-0.0937772754633308	-0.507942601768161	-0.0508617418952721	0.0803372047696271	-0.450503311372776	-0.175425300679848	-0.291599814275814	-0.0717026400340437	-0.166774174753936	0.123615503377405	-0.068988708223889	0.0527440073230209	-0.215388412033367	-0.522788622866609	-0.504098273109184	-0.479790707391711	-0.50643803127922	-0.321022669188126	-0.385623793308574	0.0550966006787851	-0.446777450015065	-0.113152018043254	0.0717678055809611	0.18186213829209	0.162588592969062	-0.221062865487784	TG 50:1	turquoise
0.673890070813967	0.639535204699214	0.756881226745873	0.925313862681461	0.238614032469983	0.463390690832155	0.156661582390106	0.301614859609058	0.177659213428124	0.108492895663075	-0.116265545988208	-0.0776607215023033	-0.557482089457027	-0.014408304230139	0.0275448833846905	-0.511970987344982	-0.232576663458084	-0.277133483952699	-0.0752202897149506	-0.192006036646852	0.115941604910561	-0.0737383278380757	0.0467725957981849	-0.259286506542782	-0.561944978781129	-0.59241889482438	-0.480233141120352	-0.528991261311252	-0.28070257495623	-0.38050101372782	0.0506043964604023	-0.452918400131064	-0.127012748796247	0.0264436216303774	0.155818905267187	0.11903100499044	-0.163956087671449	TG 50:2	turquoise
0.620317597824726	0.751742480881019	0.737065756758346	0.966701647315477	0.304231409042256	0.389556131190113	0.091336515923588	0.389430548737494	0.266442997068074	0.148378449328262	-0.0552678890829087	-0.0149478063638187	-0.58681544940829	0.0143716574170254	-0.0478566891032463	-0.571959264169267	-0.338131840409671	-0.301937109674425	-0.130512106611336	-0.217687402152895	0.10569135920609	-0.152367387625088	0.00903678115372932	-0.231110729795613	-0.597939368639497	-0.704900606044746	-0.512826264704061	-0.474626644960779	-0.230711619481422	-0.353441212165867	0.0421843660917474	-0.481986044173473	-0.112604932038028	0.0159369245062801	0.04752334274542	0.0934595405870404	-0.166215377503821	TG 50:3 Isomer A	turquoise
0.507456861094601	0.772556544034559	0.727483201312043	0.903420939561422	0.276259243676914	0.279291525632135	0.0341972865171462	0.370400219628393	0.24955410743624	0.160641669976349	-0.0831773566509921	0.0860497698137169	-0.567909178698409	-0.0129360990392214	-0.0648655753861291	-0.506360809362023	-0.31613882780226	-0.265076236216139	-0.173856237049977	-0.26585725261598	0.0452207076095495	-0.187962180954582	-0.0855429011487416	-0.214531526631077	-0.520444076174433	-0.584358516907106	-0.439077128931164	-0.386605882989576	-0.245192959689248	-0.329114612552741	0.0164508181839353	-0.440859847104532	-0.109720542032823	0.00805245911044599	0.088176981379653	0.161120153559612	-0.149661444572872	TG 50:4	turquoise
0.745262879311013	0.135196212937341	0.307149671155845	0.301718593445392	0.163162801249765	-0.187918881451267	-0.376187332424107	-0.277432948640179	-0.0655040130353633	-0.114915133938318	-0.199265074406815	0.230576249153108	-0.067240028288132	-0.0459154902701034	-0.117511774836617	-0.163506788869118	-0.321560483644779	-0.525629973419715	-0.432695261230163	-0.342439721147111	-0.371167888201626	-0.443718355687667	-0.387289790205769	-0.416269675332565	-0.0322788995849078	-0.147287229109027	-0.0922657808728791	-0.0656222407365737	-0.349997431505942	-0.166061484723229	0.285345023275018	0.204355577362426	0.615155620426821	0.58954438371351	-0.00892541223889914	0.422565419661377	-0.487981760304187	TG 51:0	purple
0.909839004601352	0.408020282079359	0.607103759600617	0.71688022714588	0.0881218270683955	0.110387297777717	-0.237673502289561	-0.0703990129611576	-0.0435531893376862	-0.0634458019996895	-0.28709498081324	-0.0445929074452718	-0.345551530682008	-0.170193466131257	-0.0960892815264013	-0.574980480711168	-0.305131486248506	-0.474610030763895	-0.402193937596329	-0.514211449152763	-0.255770945571668	-0.402427296839876	-0.319972971321764	-0.496840161133137	-0.277159183046741	-0.390049480192235	-0.351171995361772	-0.384647654372297	-0.319794616856764	-0.303209663257745	0.197247495027075	-0.219207406124416	0.286546058721266	0.404374730953524	0.179664750637234	0.350233375072808	-0.593946479001052	TG 51:1 Isomer B	purple
0.805171163197612	0.54974284721122	0.725009021464605	0.880515890284401	0.174121280561724	0.253368909694101	-0.107900634430904	0.117172292976106	0.071268483147246	0.0626600005420607	-0.202149354149394	-0.0185003551415629	-0.468204565449513	-0.101721357246734	-0.0835076329109583	-0.585429757480749	-0.340417585066798	-0.437547350344256	-0.305226071901647	-0.419234420033003	-0.126435577335993	-0.309079395218871	-0.213999078590704	-0.443733172713358	-0.418430082289511	-0.537324266356145	-0.407571188393334	-0.509153039349089	-0.384144142419734	-0.409332616317045	0.152882647488183	-0.339279020297107	0.130158071255886	0.278743489159134	0.174336316547214	0.2980820737816	-0.406747709170917	TG 51:2 Isomer A	turquoise
0.718363460587414	0.74543405386219	0.6978893111639	0.935333879728431	0.325345004951581	0.193401141342353	-0.172682188899354	0.264419751998196	0.217223914922425	0.155540435543568	-0.0904607719901701	0.094941784791124	-0.534566648804652	-0.0499695055558974	-0.143965716592918	-0.624938082888081	-0.488725381651996	-0.465046917342983	-0.33604724611789	-0.429637847161713	-0.102969038690801	-0.329017800702343	-0.219286548940314	-0.378927009885584	-0.491535026823758	-0.705648143687448	-0.451749767056752	-0.382227078167642	-0.30898402319262	-0.354763978669247	0.132196967770133	-0.327002220078332	0.13090665933411	0.207611602533728	0.0449837169619097	0.266654533940336	-0.338489329398715	TG 51:3	turquoise
0.488181164176694	0.76531153787079	0.631927808619694	0.80612995466636	0.351391256207967	0.0206944206590904	-0.145881699555703	0.301782193904134	0.295713090171758	0.158375209007979	-0.0783652985421142	0.151250141221844	-0.466204553781781	-0.0183800932047376	-0.146201807711793	-0.468376824976857	-0.432677292303634	-0.353584781503435	-0.319446857344262	-0.372636648013305	-0.0800511767171891	-0.364703702698988	-0.253500108397932	-0.35567419104921	-0.43998715964675	-0.610052322756355	-0.401745113200959	-0.354353555075346	-0.322603029634256	-0.327889975605836	0.0827623026473076	-0.299798244419318	0.149393687373998	0.126133108783012	0.00157737999540486	0.345019571860688	-0.237784615454533	TG 51:4	turquoise
0.801112244796377	0.335725549779632	0.599370661314504	0.5192645698426	0.140763257970297	-0.231643753138776	-0.398559386227638	-0.225267426519627	-0.0333385795866907	-0.116433640438926	-0.22798961815999	0.228652003162313	-0.28876024413637	-0.193580927282914	-0.0473236363926815	-0.343993128288877	-0.353485772435837	-0.508149252346566	-0.491295613160159	-0.463372846392354	-0.46254568447384	-0.535057790184038	-0.424238433436088	-0.416248175209524	-0.146978041684863	-0.23245532854736	-0.199158167989161	-0.0892121940972215	-0.332735531068492	-0.202163468589885	0.328143856204087	0.1029810413135	0.459472996765891	0.642961684970423	0.101187724213756	0.550448623541632	-0.564010260097636	TG 52:0	purple
0.811326437925961	0.562236853703103	0.829695357182962	0.842930872898471	0.127039619596418	0.18485800873437	-0.00976502337781929	0.143285798208132	0.0903340398493363	0.00682747319060638	-0.117529471159668	-0.0134331520903048	-0.442600503483631	-0.0609952819662234	0.107820607128779	-0.476624718370727	-0.210178594212524	-0.335286281775689	-0.157832395457021	-0.246458059343994	-0.0245726999209158	-0.206150512662836	-0.0406998964282827	-0.213947212193389	-0.450734706731792	-0.50520201330184	-0.464055911437279	-0.457939443860791	-0.329870133456135	-0.378741604983179	0.144751895454257	-0.378539746009386	-0.036582993949826	0.226402039069889	0.197386286895146	0.316703948467286	-0.339775072282066	TG 52:1	lightcyan
0.580708866439352	0.666430299197805	0.806648543398417	0.923339191936077	0.239870412627944	0.39084645255913	0.21905922256428	0.378940131096325	0.228138160695623	0.160620432816785	-0.0312936975987588	-0.0681918085111128	-0.527518923100712	0.0313113032589837	0.101603838374445	-0.452548560272164	-0.212465817092621	-0.235124244549854	0.00702760955588439	-0.0968616685915219	0.235893877500584	-0.0178704717659983	0.138101834745482	-0.131550482485096	-0.58206121278962	-0.636448677532447	-0.485779270235845	-0.60407888186087	-0.335286200896041	-0.455394060443068	0.0376807725525893	-0.52773120703534	-0.178219018534818	0.000779719845022885	0.126162534054897	0.162205669982302	-0.0615373470465518	TG 52:2	turquoise
0.503956070678544	0.813794960356906	0.776170430964887	0.950130053161432	0.366057695128599	0.27439225583904	0.151878178679502	0.497415610026359	0.33689657580966	0.224495227211887	0.0813454243214889	0.0169688292176059	-0.584033674037388	0.0429133186459961	0.0659316675757676	-0.451887731042104	-0.310561888499508	-0.206297268524256	-0.03491103421587	-0.109264816550153	0.19092375269187	-0.0379701902368024	0.100897355710364	-0.081058104666458	-0.632524428726411	-0.775314608191439	-0.538493051579391	-0.468079618060064	-0.230043075130527	-0.363715791962212	0.0673261214890855	-0.455673466003287	-0.190492291732052	-0.0814361162142715	0.047186028610654	0.132838821824659	0.0170505774937036	TG 52:3	turquoise
0.352602713393695	0.804346835200371	0.708587932029959	0.875352671852739	0.423541104309012	0.205127931953547	0.117867092840039	0.498595698857929	0.314854568020729	0.281215820653923	0.0790881622618736	0.116455524530594	-0.61092966303578	0.0101281762656926	0.0494736116613749	-0.364741756666922	-0.322969513051822	-0.176049647314707	-0.0476729394886471	-0.0926523963484568	0.155518618970182	-0.0693989077217661	0.0532413426090911	-0.0359046030516843	-0.601411783253527	-0.669285514799679	-0.483704341774337	-0.359426681958039	-0.202343568874085	-0.291007045343598	0.0548866580741307	-0.403672198697405	-0.147964769355424	-0.113509159715339	0.00537018994922785	0.10223206529521	0.0507812113912861	TG 52:4	turquoise
0.354058560218841	0.372034319891411	0.628847464823775	0.741470415026764	0.0413154998068718	0.304605819957062	0.317929941659572	0.330129323849433	-0.0205625649385461	-0.0522388766386227	-0.261047239583645	-0.179812343948552	-0.21633406965243	0.231467518876532	0.173211030857876	-0.277187809460125	0.147105938140712	0.166821631043408	0.255814189789861	0.0185834678493408	0.310649070693121	0.136613722369651	0.169637528433921	-0.115384961121946	-0.270265966156047	-0.325746118900172	-0.165624669979101	-0.808147339228326	-0.472494387431718	-0.651760411108818	-0.0146205074470395	-0.43162086688755	-0.261326969444885	-0.127991296364475	0.357202888874209	0.117906478433328	0.00321266920624873	TG 52:4;O2|TG 16:0_18:1_18:3;O2	turquoise
0.293686255169068	0.735736368429393	0.578483763272864	0.77328640245608	0.421803841326467	0.195849297865022	0.0205941884890025	0.34349336691681	0.27046273790631	0.228382606503931	-0.0206543908697375	0.157130059914517	-0.564214430870776	0.00891327476683697	-0.101161734008938	-0.367708872424416	-0.428072685593285	-0.233118140810955	-0.123829893194151	-0.214335762591071	0.0178090670909156	-0.159043930903459	-0.0407780902098575	-0.117699150450487	-0.530539272068246	-0.558633336324726	-0.334338653688999	-0.239797718711092	-0.121615272366501	-0.192019998508354	0.0174645112534786	-0.236724910267354	0.0361430521705328	-0.0354097040474076	-0.0391246002879936	0.16316478037217	-0.0144487081301553	TG 52:5	turquoise
0.760238062660162	0.553792787977286	0.787368532145562	0.86932556174061	0.180457867872738	0.225529353943436	-0.00818667386263143	0.136416780795037	0.0589762489848972	0.0482362408575994	-0.163161271394973	-0.0218661636022072	-0.467522162068251	-0.083368678050687	0.0434923483527264	-0.480032262521496	-0.30862693458163	-0.416411973196947	-0.219451583158739	-0.331018846383019	-0.0515243975364439	-0.253413929170258	-0.10274221580176	-0.287448522501649	-0.473040875030588	-0.531310096396718	-0.406952293016595	-0.518644211665915	-0.364846569649812	-0.414676531541113	0.125056178333198	-0.40953673880124	0.0704943849933405	0.224925479564526	0.148065422017307	0.308645478001707	-0.328410589348277	TG 53:2	turquoise
0.673736321908543	0.689485751496609	0.828265260372469	0.942840045101762	0.253644080872143	0.232166811664885	-0.0278826625376143	0.254499072015664	0.157153994038819	0.21220986047544	-0.0266700251337175	0.0699439990262751	-0.544317022643859	-0.0382371151654833	0.0183007330564812	-0.479184812040622	-0.40587729247806	-0.42805965697703	-0.240719990093559	-0.275423874527359	-0.0134673844311008	-0.197733490098529	-0.0936823863756404	-0.262959258290938	-0.54661767097517	-0.66085892904579	-0.482731539172808	-0.450926781656887	-0.361974098207863	-0.408620680994801	0.0610811688606542	-0.398153873601994	-0.00763304389959509	0.185021325318215	0.122335670006275	0.35318282625946	-0.180125243612406	TG 53:3	turquoise
0.600069687564428	0.772086594607774	0.744948673551467	0.915676394117065	0.30920551100342	0.0804750950262386	-0.148015143525294	0.266357035608043	0.255437814292383	0.193410283963123	-0.0366549606432682	0.190097527964161	-0.504510312390404	-0.0294209034180804	-0.0986739471401959	-0.485226071787169	-0.408516078177497	-0.402124979385387	-0.342930902792405	-0.339465366166801	-0.0682298347354794	-0.300501537686667	-0.235136129913123	-0.325522282283246	-0.446766595367967	-0.636100747848029	-0.408229727645702	-0.352983877065496	-0.412377465395918	-0.395139829429702	0.0233568260559869	-0.311002007981179	0.0881467359527426	0.142426132889449	-0.0287873369691604	0.331480014858287	-0.237714737788978	TG 53:4	turquoise
0.558275296506532	0.144631854442502	0.350093766895605	0.260397847421476	0.0822136593597753	-0.42917421417771	-0.546218494352729	-0.401139063219605	-0.112181962849512	-0.0636594899308551	-0.147773849624233	0.245801609881712	-0.195712500480165	-0.319585381939615	-0.135974750114815	-0.251406242364813	-0.4080106952911	-0.484623735718836	-0.529577204479585	-0.507843386521605	-0.574530723245368	-0.510221294162074	-0.497649802449607	-0.444870056030753	0.0141150003289749	-0.111219714984305	-0.04057104954351	0.114719670817304	-0.193012230659994	-0.0613581911895935	0.331221313874963	0.361009085413066	0.66779684446457	0.828272887406607	0.0333786072613147	0.68654296432847	-0.478036542948122	TG 54:0	royalblue
0.784925024866358	0.441775809995706	0.798674704119055	0.669659814138263	0.127026286801688	-0.0558642159288424	-0.251062377052551	-0.14246981879625	-0.0362109747667033	-0.123606563033957	-0.271978928532675	0.147248627857647	-0.337109727656414	-0.121806589073158	0.0255777237812919	-0.398020357071664	-0.270601254764518	-0.465651093747507	-0.353761333740173	-0.370923137217281	-0.253985596515928	-0.41529553955413	-0.27402639838408	-0.354718038264458	-0.25834039238899	-0.273868880110785	-0.258198541468525	-0.266831885320997	-0.402127748543585	-0.358413617813935	0.190445806506239	-0.149716062057912	0.264248246393076	0.527427721217241	0.194083588177393	0.577336299040886	-0.511883455788183	TG 54:1	lightcyan
0.669336677227068	0.535456013240063	0.95460948216773	0.810690403069878	0.128500291060343	0.12614809920842	0.0324747852488748	0.137195242761991	0.0829264028420469	-0.00306972694108566	-0.123749837294957	-0.0279060642922987	-0.378002077272484	-0.0129328052372741	0.131234358105784	-0.402708297927833	-0.181975893431223	-0.270913026468784	-0.108803910132883	-0.173493919190635	0.0515675921191855	-0.162033364279088	0.0231642758805866	-0.146118664799698	-0.429432506226838	-0.485453079704768	-0.379819390494242	-0.489658547949049	-0.378715578049609	-0.464424418705403	0.0262453203581667	-0.43453318278767	-0.106653800584498	0.224237919801095	0.230470789208608	0.493580633971707	-0.236750433318085	TG 54:2	lightcyan
0.420159522407479	0.609088241511782	0.90421037001764	0.801908319007954	0.211214801119026	0.123735524688857	0.136925356617617	0.327060843007966	0.15627411278895	0.108960611719754	-0.0270612580519158	0.0411932663970427	-0.326209154393089	0.128377456186506	0.191629852264601	-0.326087329581126	-0.207843058854237	-0.139548741673807	0.032917954837409	-0.11270868084547	0.178035827288498	-0.0460707030759843	0.115068839890068	-0.0334473933346134	-0.43174688889381	-0.549477936014897	-0.350451014864285	-0.540180965408301	-0.410062355750359	-0.546807564403303	0.0239516068881088	-0.442643574892719	-0.211972844593182	0.0516655008920236	0.227581226905801	0.451595476002544	-0.0402846462230653	TG 54:3	lightcyan
0.329623812822638	0.691060838957125	0.829679568879688	0.75571289343279	0.34126632910255	0.047514065780331	0.0666970203579441	0.36528042938274	0.252215130087583	0.0812270370478903	0.0486677362306053	0.131558262010582	-0.293055244530383	0.182686030357233	0.058593215594918	-0.292460232320472	-0.28617641527083	-0.144899749793955	-0.0179150713593347	-0.0765577434444234	0.176108183707074	-0.0264426622424394	0.0649776079179033	0.0131019030515494	-0.432006708159229	-0.615826028888184	-0.326189455904976	-0.359051021949301	-0.308961617995553	-0.453597634405413	-0.0451695363489991	-0.325556005365511	-0.214010084566955	-0.0424164048993364	0.0765524032267207	0.413819818126609	0.0317248764099731	TG 54:4	lightcyan
0.197020805988655	0.614218527048301	0.687388924152558	0.645012258209764	0.38741179991934	0.110723508188465	0.110229391540711	0.31532156829487	0.206471565140752	0.117379979816929	0.0280071177954179	0.155301581074165	-0.339321528184981	0.12728679633833	-0.0135051937385634	-0.187820140486726	-0.26585151255589	-0.121595307132008	-0.0204283022186504	-0.0212114412353602	0.170855791718106	0.0113283371984299	0.0646658896039302	0.0714869134748962	-0.454220583195784	-0.448372064792113	-0.256434137507005	-0.228717603142436	-0.169056471185661	-0.265053970378225	-0.135274630801047	-0.263932418206183	-0.154072688215327	-0.169190816940014	-0.0175552686139459	0.243672881429823	0.0869470724975024	TG 54:5 Isomer A	turquoise
0.0474156777682678	0.48394712349549	0.45660242749978	0.458121351613411	0.280147888054533	0.0919148745211968	0.130373681708243	0.203226660619849	0.214517148235814	0.0408422896589707	-0.038611771447218	0.200567641471313	-0.215090816851978	0.167120412066347	-0.0630674521443952	-0.0546971818648322	-0.266388102741044	-0.0972460697027303	-0.004295639216561	-0.0218274266236922	0.0755098537598192	-0.0290068091977215	0.0266481809714438	0.0703053621785099	-0.312842761570837	-0.258673217557133	-0.0526558540518765	-0.137500261620531	-0.126698457215304	-0.178579241125318	-0.123086950098155	-0.0892742355313496	-0.0551148703399714	-0.174521545482139	-0.0174036325651642	0.204488940129414	0.143080102558901	TG 54:6 Isomer A	turquoise
0.397865871714888	0.855908984887893	0.451686024540876	0.669459468644958	0.5329871582922	0.106623089778098	-0.0915406769613095	0.273821178230717	0.405617616298658	0.316772978999507	0.126313875760844	0.225072864700838	-0.543995493703249	-0.0246358857063254	-0.172409227628533	-0.326687658062901	-0.549530749795687	-0.430220671704905	-0.287526922864843	-0.259549647605108	-0.0472852878725043	-0.243939080259358	-0.156294506716652	-0.168293096115874	-0.569654563919287	-0.588912492231455	-0.484804228938729	-0.153581009130076	-0.133869008434145	-0.0857469720840074	0.00938837341368611	-0.261078650156846	0.143435614585727	0.0741236471763568	-0.14456525614488	0.171681317756901	-0.0500357613262187	TG 54:6 Isomer B	darkorange
0.116255108015876	0.343710599535008	0.337685138517924	0.375601409680067	0.198561936652016	-0.140277510803119	-0.0248442456790302	0.0775728522724138	0.0524285123855726	-0.130425578090851	-0.168548496929783	0.209599519106634	-0.0819373167908686	0.126276520189788	0.0739720412925498	-0.177124961824637	-0.130406079237914	-0.0130231106257755	-0.0838966934485756	-0.0720038860626633	-0.0805153080578583	-0.0789713726795663	-0.150530543532119	-0.0628210656712166	-0.133344596281645	-0.152033670863944	-0.0434026561584126	-0.0482432781263468	-0.0860179850926231	-0.153326369946953	0.0185901842495119	0.000749855420249905	0.0431385870674695	-0.0196850455555861	0.00721424824676937	0.136275599269978	-0.0589748377249577	TG 54:7 Isomer A	turquoise
0.538152926872233	0.260493676137242	0.671353064571106	0.619008179045971	0.0509895444250011	0.0654745176187014	-0.197902705019274	0.0870167269539848	-0.199110544931306	0.116579419195138	-0.0596322792634237	0.145690092626252	-0.285730716438244	-0.00226649892504343	0.0696029630028709	-0.359889504315488	-0.282401661350682	-0.365046231344918	-0.300705374058131	-0.273260752536726	-0.0561099526372607	-0.195195925989816	-0.146390924160194	-0.215899846690304	-0.222664225627057	-0.370298325450343	-0.184043993332071	-0.313928562678261	-0.409022306607538	-0.462089575986978	0.188919058593072	-0.0791863873886458	0.109939400906753	0.308580397455745	0.106447451644922	0.500313554684567	-0.276134560958885	TG 55:3	turquoise
0.386752945682501	0.423595015204118	0.435116683731888	0.491803445932633	-0.00542810351689302	-0.23423872925766	-0.369376989786487	-0.0402565176091858	0.0152782762572553	-0.110236981633397	-0.139195532655981	0.174546487687215	-0.145391135115362	-0.097117224367227	0.0442660004810031	-0.438924910086813	-0.398337096974362	-0.370973645589412	-0.419497556969961	-0.526037329556227	-0.317679973924406	-0.424064357860531	-0.435937101929695	-0.384825540245697	-0.049815004540535	-0.382072182191149	-0.155159537531866	-0.162351768864442	-0.231882456049869	-0.255857077789857	0.113018804794001	0.00254842671915462	0.223321599554496	0.239982337639157	0.0676763839499978	0.504829119350558	-0.381789331937511	TG 55:4	turquoise
0.610922904104648	0.303806795047343	0.654870822430107	0.484907552322372	-0.01813572337455	-0.327040638544565	-0.418685827086209	-0.31476574685015	-0.123251277993087	-0.111283929163193	-0.279963658538708	0.1320752436779	-0.224876622325445	-0.239847656496191	-0.0717710346573062	-0.380756472957435	-0.264312120729418	-0.392053118901669	-0.439843040026436	-0.54071384669946	-0.389543975710438	-0.489107506435889	-0.427195564210964	-0.415172904277664	-0.0574684560625308	-0.12093856924614	-0.08819929108027	-0.188646449057571	-0.359162366069309	-0.309037988128655	0.165144390868007	0.0450250968640465	0.448478766811905	0.634565367561496	0.228171112715112	0.819366381703837	-0.549330085003941	TG 56:1	grey60
0.470447515838246	0.331565441867006	0.783754907771652	0.488149292912424	0.0148025432720828	-0.18756982911523	-0.241616395343843	-0.231008397816537	-0.120745241501486	-0.128812026477578	-0.318147670406583	0.177091268626292	-0.155785734727833	-0.0721165013504193	0.0119970763674018	-0.239821044083756	-0.227523355453212	-0.314076241107245	-0.31056290229154	-0.437340738202044	-0.275004778778805	-0.300355011708512	-0.294620012104847	-0.345636627499358	-0.0620731903306289	-0.0761321625512966	0.00607998824841732	-0.19090914586574	-0.435739324161311	-0.429652203704689	0.0283461127611798	-0.075686613157968	0.103700403550565	0.448400963541937	0.330885565221183	0.865532231580563	-0.363474494715613	TG 56:2 Isomer B	grey60
0.383572135892861	0.493409191191059	0.905608839002299	0.663691893941554	0.0519315703824614	0.0165417949101933	0.0165220910101851	0.145934368504264	0.0487246406533762	0.0515558619149724	-0.0905852595422904	-0.00586990059767806	-0.292168713471442	-0.00844494074423829	0.0520889376212397	-0.253806751224646	-0.19803489161532	-0.185396647073777	-0.0428276121866239	-0.15731845051555	0.0745572381733733	-0.0598346919750165	0.0240384613080816	-0.0957572897193267	-0.34155773613682	-0.363382478379743	-0.215552068486743	-0.35732633834137	-0.354291393224049	-0.456059327317336	-0.136517812046286	-0.351012630555685	-0.204632665101808	0.1500559503827	0.275784803317282	0.638978183156962	-0.0802355846705489	TG 56:3	lightcyan
0.363337680084329	0.705156311554587	0.825828510631567	0.764184469207155	0.218046786045244	0.0600885604573191	-0.0187480339919052	0.333427661110658	0.200604059039795	0.140732399293945	-0.00769307224387807	0.0813212344690326	-0.450009319954823	-0.0373688558881686	-0.0818248507106944	-0.388295950463968	-0.347914121490977	-0.239817436477331	-0.137907900173593	-0.26101918301556	0.0765784030304711	-0.12740989553507	-0.0713527642859457	-0.120831791116485	-0.449242215490852	-0.538449730819846	-0.346503462177133	-0.297464661538612	-0.253734460989237	-0.347895725433261	-0.0860785855722474	-0.334424470140337	-0.134641452439685	0.00784012780487344	0.0905267068453917	0.451954509794474	-0.0906874524728485	TG 56:4	lightcyan
0.453768689655692	0.923865402488696	0.662874324840468	0.813473412017643	0.466444703269319	0.123441567500495	0.013204054405225	0.382885644387478	0.451725772782617	0.350188686804007	0.201725313404331	0.171900734319959	-0.671792122828913	-0.111252273092658	-0.0192215184349422	-0.379331837684291	-0.54712419094315	-0.480505904162343	-0.266934481631773	-0.226742365705639	0.0573780090904258	-0.261459219116107	-0.0585913042472916	-0.0718607135515528	-0.681310130988674	-0.717522612791131	-0.586125960957054	-0.213893145824964	-0.115777673817996	-0.134337992337309	0.0556264940402498	-0.424286979737551	0.0177081936337907	0.0294601564623863	-0.154473971527804	0.222919092963832	-0.0490261879893203	TG 56:6	darkorange
0.378787624163053	0.936308953891463	0.619904226643616	0.785949936606915	0.553084779477438	0.0760350515940197	0.0720326380296938	0.512144975405644	0.472762459886864	0.309716876304395	0.221592379816891	0.2181434366294	-0.590229174747844	0.00383360243409076	-0.019035363768853	-0.315046519341701	-0.507629449996372	-0.36964964447751	-0.194116684834058	-0.159524235503747	0.110925589718987	-0.189362903104988	-0.0316071371995294	0.00856855007594048	-0.659736853761683	-0.749186241684396	-0.566899367608203	-0.255711706102098	-0.180841708576992	-0.223296150553938	0.0400404307936518	-0.392417773455499	-0.0104736448355824	-0.00724684526218506	-0.174902080421604	0.170070737791433	0.0581551316730007	TG 56:7 Isomer A	darkorange
0.446228827729888	0.939082877623858	0.605431872609815	0.713065922798983	0.396276016436258	0.16990355854113	0.0524267354950475	0.36807904419718	0.658720922218247	0.177314018869409	0.14010187769828	0.112480745797121	-0.555274526648746	-0.0672547680475672	-0.143249707208203	-0.364577224622866	-0.484116096671721	-0.475412430436723	-0.262176264234329	-0.186839420760776	0.0774689068020309	-0.26686511800727	-0.10072306499879	-0.172640333778069	-0.613458741409923	-0.684745857480114	-0.577747501525613	-0.169527159434902	-0.154402497916957	-0.111741437061757	0.00681052425841975	-0.355939079343183	-0.0181205343673735	0.0149889689905704	-0.156278317748256	0.205506664054205	-0.0486107997246391	TG 56:7 Isomer B	darkorange
0.348259907210043	0.915387433172535	0.462059823998792	0.612927192783104	0.492314540430156	0.0583100824358511	0.0146827953811755	0.307718121487251	0.663451312473131	0.204172305346206	0.132471140664604	0.175763868542928	-0.47531490058286	-0.0260050056281666	-0.212378677138092	-0.3308241805214	-0.512476240215711	-0.415260174338255	-0.266246359298004	-0.162549010361689	0.0171569591651138	-0.301090249601981	-0.18937252897583	-0.211504909269838	-0.533056153969976	-0.621761814466756	-0.540610483983096	-0.0958188302682984	-0.118554318956416	-0.0433324149875584	0.0399399339806002	-0.308432696131394	0.0782413228010596	0.000738428367405378	-0.239558191881852	0.143839598016127	-0.0304974741526679	TG 56:8 Isomer A	darkorange
0.422901280164133	0.218968206646642	0.611777990324644	0.298494254850501	0.00667695179951581	-0.240967218161731	-0.267562623637403	-0.274577151188388	-0.0694750783843389	-0.120723555523673	-0.21876667275625	0.0863319343534468	-0.11986011741583	-0.167681099480034	-0.122055618873841	-0.153836594795937	-0.27584704391193	-0.325321611383326	-0.288153971698186	-0.393699913887419	-0.30163376621563	-0.26720107403727	-0.313013096704558	-0.29974646853457	-0.0343132225667265	-0.0349173823079209	0.00356321220471254	-0.126359638223455	-0.301793472304517	-0.246965031513785	0.0132085144498758	0.143527128347384	0.260991631681391	0.513133235590909	0.313757478529811	0.924135905212338	-0.262244505965349	TG 58:2	grey60
0.262470538265411	0.315593592288267	0.536321650960358	0.349048804193257	-0.00181251585813997	-0.159275202399325	-0.263924790745562	-0.176851334587626	-0.027069830806628	-0.0438017037815348	-0.195086398087693	0.21769833038779	-0.156623108776085	-0.0926470217652316	-0.190304248561239	-0.128125209648603	-0.286642509889897	-0.267830095296456	-0.33920000855033	-0.396721378401002	-0.265323425179241	-0.231648656723475	-0.362708848401683	-0.34156294342946	-0.0591690439661849	-0.0743717031646368	0.0499615633657624	-0.062780760287744	-0.306548909854894	-0.258767686698359	-0.0836976114068073	0.0924421060468736	0.0819627794438121	0.344867457610332	0.265016609143413	0.797656807264044	-0.186101905202498	TG 58:3	grey60
-0.0205462949964697	-0.0160704083542361	0.0376196566267183	-0.0578180691108963	-0.165755404400267	-0.278389711339931	-0.128075197683748	-0.12105765302954	-0.104394364793428	-0.227104839809235	-0.230189506467065	0.0437867331678907	0.0874524919644786	0.0182858679572359	-0.085892586921752	0.17794656066403	-0.0695777548863377	-0.0490181516620333	-0.113273903553288	-0.35836053514635	-0.253607004072078	-0.092026496671949	-0.232786206417681	-0.23493278646675	0.207421706207569	0.141894747968275	0.441422834620529	0.00421562687496965	-0.0930323696084334	-0.143909007478506	-0.065453453209968	0.253415027562754	0.179256822848151	0.304733748418181	0.335522862507046	0.517265745559745	-0.007611397384351	TG 58:4	grey60
0.306067744048899	0.929301808815955	0.587190680712353	0.669687074987507	0.43459934017554	0.110356759347438	0.0649035413384082	0.365099333887226	0.594089787123231	0.192696480444965	0.18476734466688	0.174271632507381	-0.465604449011924	-0.0117134241271151	-0.0408726858443922	-0.28989378379681	-0.452379583772308	-0.396711432685496	-0.186457010941401	-0.123581772500451	0.100551501741672	-0.170405424477348	-0.0489084398261205	-0.0435501548743162	-0.56482270690926	-0.660215737458904	-0.50737955959589	-0.165322337977126	-0.192712653514587	-0.178835113552633	0.0292789554276947	-0.390740847468676	-0.130375138805664	-0.0746215867371009	-0.148141198579368	0.187607119827601	0.0360580989695501	TG 58:8	darkorange
0.338338301080838	0.908249114278869	0.577689457099054	0.659100032367552	0.405929393815236	0.000577463743518546	-0.0542664618098399	0.308833129500553	0.603663395629136	0.283222674558904	0.188114564172151	0.193856570584338	-0.539631145782669	-0.156588073176514	-0.192593859128271	-0.34650196554774	-0.561615510095385	-0.408937148370597	-0.287616769846743	-0.258142296619135	-0.043932601454296	-0.277440335014212	-0.180288782723531	-0.108184729832675	-0.533975636983267	-0.634025681653072	-0.460483864417952	-0.0806495350381819	-0.0790659274311623	-0.0355307840812708	0.0629714916470652	-0.291145576204583	-0.00602116847682609	-0.0217318332791906	-0.121284937684228	0.291234126759476	-0.0171730355964016	TG 58:9	darkorange
0.362775836292097	0.180768309117503	0.351994993279626	0.185072358083237	-0.0718933222246399	-0.555743896019739	-0.472480043708398	-0.339102644733228	-0.0920568583343687	-0.00196156680100218	-0.0948388430439366	0.366361851566166	-0.0111193737934893	-0.156668631296032	-0.0293885103992279	-0.172438110840592	-0.236524397822974	-0.252206233444936	-0.454432114311314	-0.403539055423256	-0.522866089886874	-0.406571939148307	-0.458097753943966	-0.371382000252852	0.128671753267053	-0.0361615436004798	0.0184878833423349	0.0855274822636927	-0.302566755932578	-0.1620705596112	0.462210078762118	0.281582473690782	0.466808227482611	0.5667261985845	0.18028997297161	0.741060622747147	-0.377267795024504	TG 60:1	grey60
0.313178839798917	0.216364914599771	0.482098558889544	0.255977119901961	-0.0213083200320333	-0.368021977693517	-0.341253991546356	-0.37828437459287	-0.0255197769528289	-0.046578577885194	-0.208262363760488	0.297646907650455	-0.0437378163687502	-0.0953442883245528	-0.0676613358221685	-0.165511173133391	-0.278813556344701	-0.243023224821145	-0.332201644965756	-0.472231269306343	-0.435200000746581	-0.407845871095728	-0.38306438359714	-0.341082556213273	0.0885293183725867	-0.0190092430942154	0.119651582716154	-0.0267910940740945	-0.256281773042366	-0.219228563558716	0.212248465073719	0.169057946021659	0.342489966535787	0.554582961249075	0.28200721219188	0.892625167423455	-0.300399742905351	TG 60:2	grey60
0.181330978123563	0.180719603672787	0.309372048174797	0.168164696808578	-0.0487186209267424	-0.33845035023333	-0.390181492558319	-0.379459082795506	-0.0531660675061004	-0.0171256974920514	-0.167045813221067	0.346415047800468	0.0470095282846118	-0.0189583007359575	-0.23979635666955	-0.152055691378237	-0.200848588984446	-0.215516126740896	-0.420784997024907	-0.429190090474599	-0.415580292126131	-0.284424313413675	-0.474525223305711	-0.426801580084342	0.15625294415134	0.0601688210998719	0.0626214652391021	-0.0177653615518815	-0.300972268099213	-0.206461198666348	0.126613258317697	0.251673406893624	0.332169821180472	0.443240305333536	0.175149924393632	0.826670566660683	-0.203216560312373	TG 60:3	grey60
0.305143239727531	0.163881033185467	0.51220567416472	0.293365547020202	-0.0688352973139381	-0.301850389679547	-0.306078421054504	-0.282017696002925	-0.130775168003292	-0.0720709478969283	-0.163168870181185	0.168206235131356	-0.0334665766256716	-0.0613116066602675	0.00755108628297727	-0.174169723897143	-0.224468422041284	-0.226369198978941	-0.198581791550226	-0.355999584695463	-0.255052370247438	-0.2280128848987	-0.262063940006883	-0.249324118155736	0.0246025344809574	-0.0700333892903661	0.0808993974978939	-0.207474593934336	-0.29778837786294	-0.314581470579343	0.101600163133462	0.0994247432969889	0.248224254747477	0.4724917467147	0.297269769854743	0.865900404702839	-0.232200438293546	TG 64:2	grey60
-0.342987319930812	-0.365593466515844	-0.357334172653344	-0.535130359457009	0.0637898414450328	-0.331630852425715	-0.0246313249388823	-0.202749651980238	-0.141885401439891	-0.185607229860436	0.0304353000892665	0.204774361547013	0.47867702894583	0.103462039222713	-0.0461924640209787	0.48309290993859	0.0821011941448672	0.138646604316981	0.052970336577673	0.0664586405011729	-0.150392929326875	0.232886625396603	-0.112615574282532	-0.0504965310965141	0.406864873078792	0.370976383169726	0.392254660589374	0.216725930063017	-0.131079672107037	-0.0446404835795774	-0.00969760206358107	0.534766416925719	0.199551889537497	0.176875328142534	-0.0411551407048748	0.185379957240314	0.224990489768068	TG 64:3	grey
-0.175515950448293	-0.364356821654531	-0.150373283453261	-0.175555395340002	-0.382960231976007	0.165305006183074	0.366684735489111	0.0125069220988979	-0.248524285750023	-0.322448869605654	-0.360355982264189	-0.404342280794603	0.346496317217832	0.199642108385952	-0.0291093420954865	0.198321440817809	0.58936332675037	0.535997119731133	0.37802611104969	0.214615801486992	0.143333898538794	0.274137229448768	0.122405399885656	-0.0340840022527022	0.281881543347648	0.32208007538674	0.19094303896857	-0.484412856691439	-0.191787541678847	-0.249926595469257	-0.12893624221884	-0.0616608925280526	-0.262422443556622	-0.348961327068741	0.441704027250829	-0.137440352750649	0.164985489261401	trihydroxyoctadec-15-enoic acid	grey
