purple	darkorange	lightcyan	turquoise	sienna3	salmon	darkgreen	yellowgreen	violet	brown	tan	paleturquoise	darkred	midnightblue	darkmagenta	saddlebrown	greenyellow	steelblue	blue	darkgrey	green	cyan	lightyellow	orange	magenta	black	darkturquoise	skyblue	pink	yellow	white	red	lightgreen	royalblue	darkolivegreen	grey60	grey	Probe	Module
0.240799108967907	0.701781401984115	0.25574694150203	0.409040435199556	0.460597425167707	0.00946352575319562	0.15852872807998	0.411136506476103	0.252977006545392	0.531856931051981	0.303564880778986	0.22076712481557	-0.111682647298348	-0.0866629761374766	-0.169357665586553	-0.0883302441830132	-0.582529789743591	-0.300610871873392	-0.478759235738085	-0.151589926882059	-0.105592213888421	-0.238548807261672	-0.186820809081991	0.054032566669554	-0.375499647186684	-0.586395682735859	-0.57876277027888	-0.138211510071999	-0.392115544357237	-0.184066135077065	0.109667045117985	0.21315628001752	0.132427567464375	0.148861248975667	-0.224918420574788	0.191090340369694	-0.278882993004497	1,2-Dioleoyl-sn-glycero-3-phospho-(1'-myo-inositol)	grey
-0.385334747378543	-0.566234023943638	-0.249785661398247	-0.306793977339566	-0.299337361185446	-0.0634418611530451	-0.340062298208429	-0.390132619796282	-0.0656626604408926	-0.375513382454757	-0.177760483629864	0.211893576577088	0.440588588338313	0.33293669776536	0.24982478977107	0.168622860536759	0.352386506350004	0.349269997441978	0.180395028073416	-0.155301675239205	-0.217835921970702	0.129760861211117	-0.210335709883806	-0.173739072070317	0.87479511679543	0.549577626568018	0.518433223545528	0.476604251477117	0.131440040679416	0.104876056637366	0.0796668171916071	-0.210129994556531	-0.195941506004035	0.0683038561018004	0.00422260268997029	-0.211256317539996	0.0986356845956292	13-HODE	magenta
0.019754329557604	0.0922511007628537	-0.0128028430472081	-0.0337938563422539	-0.0718867420991671	-0.183804001128935	0.138403164011439	-0.138474759206514	-0.10029922354659	-0.197924273513745	-0.25921230616606	0.103461360335041	0.230675849915339	0.0853397043914306	-0.114691973364658	0.25870663253447	-0.109383333791454	-0.0445431168834722	0.267060495989119	-0.0448156872310918	0.000814488625868519	-0.109671203688319	-0.0385319556619172	-0.260875871971403	-0.0391767130903457	0.239408379430422	0.175918791307773	0.0394118747661656	-0.026184282258271	-0.0532015596296729	0.0415600855782738	0.0382546587119452	0.110304447486609	0.0169957985956655	0.250477167727681	0.19467043767455	0.190492200481282	16,16-dimethylprostaglandin A1	grey
-0.412380542651111	-0.279943664071546	-0.408816840129157	-0.388510414939717	-0.36674986410984	-0.340150110664915	-0.578948771862774	-0.516676291016888	0.11142814353763	-0.241933884209157	-0.0840361594887354	0.438858946155112	0.336975461380127	0.105245306580177	-0.0614468600865891	0.206366877909967	0.0112320566955859	0.106575457231437	-0.0314140402123121	-0.22762696774461	-0.441009277574757	-0.076457579393369	-0.451913515874708	-0.235266235801005	0.866839799434231	0.63699078843763	0.534199037247279	0.741911671355932	0.223366605349004	0.387699150926204	0.106049926320631	-0.0371537497964621	-0.0731292597600511	0.101754807804662	0.0540047840851638	-0.212149802993408	0.209062283961641	4-HDoHE	magenta
0.114038236048679	0.180802357733254	-0.0916389758313052	0.116904258770764	0.38453463016927	-0.223217020371202	-0.0110500907885352	0.0673811937295724	-0.0804772159093326	0.0320142700098062	-0.0500164256767345	0.210289856525244	0.132669042148126	0.106057438197216	-0.00943611630143426	0.309125539306916	-0.259965335541429	-0.216322767859127	-0.263513719936709	-0.188154442972829	-0.31411839217354	-0.265246772822254	-0.328623972634272	-0.215191383593112	-0.0890527311029854	-0.181659927272599	-0.176177779008396	-0.0223765753238354	-0.245800178589888	-0.186909800267688	0.675769839174961	0.410084900458649	0.307069649488898	0.243474099841426	-0.18136471972328	0.0100834060627527	0.170795701196277	4-methyl-2-oxopentanoic acid	white
-0.536413472530495	-0.535357328788259	-0.531963333275817	-0.555716831359775	-0.386546610602081	-0.165058585296035	-0.528543542621804	-0.573502402829044	0.0798837606417593	-0.139646947466719	0.00698730461203514	0.452486765381743	0.429085733866979	0.269021636328082	0.211591276617517	0.308002447436473	0.304892221611936	0.263987464759077	0.156700397467032	0.0152974912346852	-0.214928742936946	0.0406929524326354	-0.216895382166736	-0.0082643779759932	0.911527166799732	0.665194892065541	0.49163205156739	0.635957775750624	0.198075456219224	0.275679042807964	0.0244780375577393	-0.144899402808362	-0.202991522719073	0.0360688988822481	0.0397700409599156	-0.313061556378094	0.18859217207312	5-HETE	magenta
-0.268964154146654	-0.46246883186865	-0.355437980398927	-0.419523708047011	-0.433728692834994	-0.193500965094922	-0.327865179986663	-0.490004569276008	-0.0615893565480643	-0.139010615409446	-0.213382351098923	0.288781700525972	0.384394121434171	0.209162868912974	-0.0496464802919783	0.31019699332534	0.276290530367365	0.221723586262638	0.218713028875538	0.0959181792623762	-0.136994754784848	0.0506243180713852	-0.115598115356115	-0.0767807444134107	0.70509792367976	0.711443905896003	0.571901965709642	0.397953786552728	0.144932786265616	0.250992751233814	0.0775826660912786	-0.103359872108678	-0.131253587337767	-0.10834151423335	0.126209466734756	-0.114178285735234	0.268936102023298	8,15-DiHETE	magenta
0.0446421586892101	0.0829334704613961	0.0805862673065655	0.183015856248761	-0.0389359381910028	-0.109874039466393	0.114361766715676	-0.0899285388559372	-0.201493009375189	-0.242391021667531	-0.25593444415244	-0.283265896302084	-0.205862529018192	-0.287700119306774	-0.0159321451030547	0.0272749233963252	0.155496108302505	0.186863009891981	0.288885680085033	-0.0277963224335472	0.0287003331041373	0.0266134500241656	0.0190740205580471	-0.082615866253503	-0.252015046020449	0.189605470241278	0.115823968571813	-0.12469868928337	0.195580811786893	0.136292926758979	-0.138820585910523	-0.0610943425827954	0.0646269176459213	-0.157759348387228	0.468572849580129	0.0207529114021102	0.144776060960349	acylcarnitine 08:0	grey
0.0717203680878544	0.0562732004512759	0.0603179803613869	0.116792967562669	0.0970641312705992	0.0802181498924404	0.208301327899062	-0.167926311363683	-0.0903300485776636	0.0886901145676658	-0.0410789797058801	0.0909152420665837	0.0143115746259829	0.0188621222885986	0.151546932502467	0.237435231078999	0.0817829110862872	0.0811892554755707	0.294938180529172	0.142445375758814	0.211832336617005	0.0885306557345217	0.147497349023934	0.112482463480158	-0.0880844255572281	0.137806962470271	0.106382190477677	-0.0831262862860645	0.0443554471360839	-0.00844602922338184	0.0452396932451162	-0.12787643140216	-0.163306335840023	-0.376420275282044	0.246597361941295	0.0314433891215456	0.0782762620309676	acylcarnitine 08:1	grey
0.105003535673766	0.255194647034725	0.0523464790089248	0.125487343137817	0.444179386175867	0.0724873620227936	0.354772509620806	0.178876116578459	-0.211065190881377	0.172145927503214	0.0343922692941799	0.11150922213482	0.167283076316365	0.164533707852729	0.281985008140308	0.238726140913235	0.0204358631859706	0.14567482977247	0.106258804777689	0.156962209916097	0.105817171101111	-0.0890692565085058	0.0751444803434062	0.102518434989142	-0.283755359933448	-0.183786441983561	-0.230429738446589	-0.171819388407769	-0.273089421843142	-0.253283911888361	0.173866649850888	0.128692858744658	0.00481976224842769	-0.0978007496097004	0.27121872910476	-0.162469857942499	-0.0468192768394512	acylcarnitine 10:0	grey
0.0962053191087717	0.24571509386287	0.165011639912717	0.298894104619052	0.143413968498658	-0.168843739587918	0.253654393619902	0.127268864615617	-0.207460107918901	0.00470124755619825	0.0560522274146958	-0.0251112827559205	-0.0096727145315329	-0.0582031484306958	0.0410044707163557	0.206896272260863	-0.00777890814162894	0.106413288576138	-0.0404890992112255	0.000867921343688268	-0.0245280619329154	-0.100839292890974	-0.177759119973151	-0.127562290775279	-0.26012224638068	-0.150539528920759	-0.16877883588461	-0.209006661246771	-0.219765528997866	-0.151468607789769	0.210829456856254	0.228086080686741	0.248388515357697	-0.174783610597954	0.0398820228757541	0.0178636314226002	0.0746473981098011	acylcarnitine 10:1	grey
0.217084934273687	-0.0905306214955533	-0.0620457361726513	0.0405984899420437	-0.273112350269779	-0.252258759399807	-0.0858501721804509	0.0312726858178392	-0.0451811589721229	-0.0345341873762239	-0.200126699379502	-0.295703078146054	-0.295160331707204	-0.32322091942029	-0.456528568670974	0.106945601842313	-0.00981702860536895	-0.183869947083451	-0.241370664844622	0.232969589813918	-0.106887686174308	-0.190173376002994	-0.200486027608736	-0.245145398943498	-0.0227440218431277	0.181670402519228	0.231466278800724	-0.0938792782851864	0.124579530464621	0.274309513136899	-0.0178258584897484	0.259141852188752	0.328850113323971	0.0254691282748936	-0.130288712094869	0.0796740847288809	0.297747008812616	acylcarnitine 12:1	grey
-0.168346083487546	0.0593613439119577	-0.111216756722539	0.0339321941430621	0.454293065167011	-0.0316995214009899	0.151078130778015	0.0640021948334519	-0.188658531557141	0.0171468852991522	0.0304496073878629	0.225526316725927	0.363984086201335	0.349141643709213	0.40536951314334	0.349725080804033	0.105011634241137	0.244687045483428	0.0232422766050316	-0.174992248929626	-0.0834493631102449	-0.191107278868702	-0.249799791280655	-0.0864621108615798	-0.056435555315915	-0.0886840735536089	-0.20850331610988	-0.00241750540266037	-0.251409920666881	-0.296692444861075	0.305846174026333	0.208373230886982	0.155928764953778	0.031078379938646	0.194406188116303	-0.302361927502229	0.035341378891369	acylcarnitine 14:1	grey
0.123437796689554	-0.175118683291443	-0.0213094430337022	-0.0711163109321339	0.292419848962949	0.373088386793639	0.243151046487459	-0.116234987099258	-0.333728857072187	-0.0643641196010629	-0.0877569287699761	0.017732621208326	0.219229555099523	0.240147448038203	0.816985944171252	0.0913722099797268	0.353956574438815	0.323356397025305	0.368935288618727	0.160654651920339	0.37626058527648	0.250713957992339	0.32993231964563	0.231032647080269	-0.062926044205495	0.0699125239249465	-0.0541368893206376	-0.00167261106084481	-0.00597681663516882	-0.205470681802507	0.0546896694240549	-0.106255967176297	-0.191480656531268	-0.112329976299182	0.351240086666911	-0.29406336776829	-0.011623304418562	acylcarnitine 16:0	darkmagenta
-0.0596258734972572	-0.428321216779507	0.0111602584522351	-0.182024964620655	0.0969111847865502	0.262460980006889	0.276943789942188	-0.174851938980584	-0.371155220717466	-0.21020260149486	-0.12150061665533	-0.0822990005708598	0.286367522301953	0.316596316945066	0.844280086764825	0.182097505348509	0.58772985581551	0.325921316416894	0.538612889342494	0.249016490199428	0.521013599332061	0.326313042624776	0.466074252543725	0.246495417227466	0.0758893193755247	0.244064289679778	0.181102455039457	-0.0219048082594161	0.0304580517119714	-0.193716116199082	-0.127608015697958	-0.183413320096116	-0.32235511222617	-0.147529629171556	0.38968158476867	-0.284481262651791	0.0468468003651107	acylcarnitine 18:0 Isomer A	darkmagenta
-0.260168266664126	-0.167890291210202	0.203765622738966	-0.0322834447549726	0.176031338296375	0.136053942077943	0.274077214524958	-0.0233165110457792	-0.228529143829408	-0.155125757979185	0.037655694361202	0.0206240723530389	0.343127038325156	0.374390084271285	0.921947018465525	0.0919904476940897	0.419686678676298	0.490387737482136	0.489484357572339	0.06034005683035	0.333643652269842	0.305736423394259	0.316364672632222	0.260521459002773	0.0708580559348902	0.00987832653303117	-0.0476985934921384	0.0277590048812939	-0.00837515740829643	-0.281873870998494	-0.185170828689379	-0.183140788105892	-0.326136517671376	-0.240403164483578	0.321640402381477	-0.172138915905293	-0.147806251599435	acylcarnitine 18:1	darkmagenta
-0.481779460802191	-0.148159366022611	-0.259979652482	-0.305469411513555	-0.0586133921184628	-0.0290582823243565	-0.286980145288266	-0.251369978156351	0.0826340990715464	0.0107426408382768	0.269838211107867	0.402244542794403	0.36948872092399	0.321657707642152	0.673447073610495	0.00164357652912128	0.25079981584214	0.421142093738307	0.218037118624792	-0.0816253453154167	-0.0775201054077979	0.0502973285247571	0.00298459406309939	0.263348246032752	0.36790315922648	0.124865861052306	-0.0130046448806578	0.374931244396429	0.0528831990782175	-0.0304656211124015	-0.114274020897818	-0.290310775934586	-0.169002120388904	-0.048913272772144	0.0960456585945237	-0.400859654663747	-0.217399698427104	acylcarnitine 18:2 Isomer A	darkmagenta
-0.209291706324441	-0.180337148612004	0.131598318351299	-0.0705368311257803	-0.00879929066989689	-0.139206345523334	0.22274054501417	-0.144339568432473	-0.335733409092755	-0.131443900816398	-0.0536903917185571	-0.0208959356033756	0.287564760132794	0.18851354447472	0.662997974886158	0.121327963526846	0.36165778805189	0.472957136290785	0.479573830876899	0.0631517366322685	0.266504450928208	0.152420488525402	0.292526570814175	0.221822512842625	-0.00891813232275503	0.206126301349738	0.146882734899269	0.0426053394510084	0.0305432804240823	-0.0805689667204518	-0.170475287777519	-0.109327138914705	-0.237022308144729	-0.238800255704124	0.591453256555484	-0.0866038976652543	0.0768579392775833	acylcarnitine 20:1	darkmagenta
-0.0589510810469059	-0.191958150810477	0.156790551155005	0.0106581383123499	-0.137520530502203	0.168188128387674	0.0146968859544794	-0.196733831298273	-0.111147627017913	-0.344707814246851	-0.187021542938244	-0.217467666439866	-0.0877636175111723	-0.0730870617142534	0.153530039489687	-0.115837010637261	0.193476148013676	0.288525697816837	0.271934155815939	0.0220988584021805	-0.0172844082194483	0.769643174683283	0.353766178671543	0.0798430827761674	0.240806511570782	0.289036489022458	0.358422579338371	0.137648486086409	0.256688552165624	0.116815010892398	-0.415672287487137	-0.294775260469962	-0.356692856712994	-0.074440001439634	0.0639075185868906	0.0234329806920975	-0.198392347108249	C16 Lactosyl Ceramide (d18:1/16:0)	cyan
0.363583851275143	0.444381187499031	0.473923664459661	0.440882257207989	0.424866338765358	0.342516226907269	0.474788085029732	0.918750418977564	0.124593367296835	0.294466699134152	0.121795277982539	-0.257534006760572	-0.0906740535285429	0.129213976746786	-0.161772409985486	-0.326781332434036	-0.258183805312334	-0.213119643696535	-0.203058729211852	-0.0496478929451882	0.333484986423987	0.0391067034209611	0.309567612480197	0.206711638253119	-0.579048943626547	-0.716013532936136	-0.432260633702354	-0.619433510841215	-0.377106491035986	-0.431764488190084	-0.0652150545568139	-0.0254856761848	0.0372317333564198	-0.0603872222348474	-0.233879232735576	0.221072040660523	-0.51861849981566	CE 18:1	yellowgreen
0.304795654299006	0.457172030371105	0.464938669788538	0.526789115851023	0.537971416123088	0.3872845948694	0.424039882886682	0.853242826370583	0.0950724254103185	0.410045085382075	0.294253418936534	-0.224625642717948	-0.136414374976451	0.0956470172010297	0.0555078894500516	-0.248321094195388	-0.187947446945958	-0.0846151151918564	-0.250833011218663	-0.0495753253188257	0.41657753932612	-0.0192364989700993	0.181832447832729	0.254212027789805	-0.548189822589444	-0.76374431844079	-0.478147488969442	-0.567083434854045	-0.422856020774178	-0.484089194903119	-0.0394202485424909	-0.0644843179283892	0.0445479455453737	-0.038866063725814	-0.251793464684926	0.0403431026061989	-0.509588370660259	CE 18:2	yellowgreen
0.0160114783027301	0.435128564552221	0.0960187685477416	0.250032458397389	0.368672251461686	-0.0373408953492957	0.206903416212829	0.732158788666342	0.23544619418565	0.330743928110935	0.257368562854841	0.0373561990246761	-0.0735137423976341	0.0392040764514425	-0.285791438163184	0.0205993411977894	-0.41476106753715	-0.331556884350673	-0.275868060272784	-0.0458797552114862	0.0017844958446813	0.00279230744057093	0.00669775531814646	0.105388654101615	-0.309944589726415	-0.494155350072279	-0.300124521224991	-0.319642820176791	-0.295708756025281	-0.190072485645335	-0.0944640852888341	0.236601414823822	0.127446712329641	0.110216105607025	-0.179100199268201	0.125751634415753	-0.176719893704069	CE_13-HODE	yellowgreen
-0.298242776728538	-0.117158365436563	-0.205032692439964	-0.209767956855552	-0.148417756589054	-0.218048316115963	-0.0673208084706641	-0.321052922059816	-0.200742266109652	-0.148937384014897	-0.185394099764946	0.0794056784166482	0.137242284177709	-0.018720805304291	0.226910657816281	0.0688505760277052	0.304206752382499	0.352293783350184	0.486339694259449	-0.0426673214147877	0.0528592016709203	-0.0137069813137427	0.063967347865898	0.022710216264615	0.0122750624768621	0.402820476316464	0.204342504565301	0.160598381973903	0.143899172418062	0.155726390412933	-0.195565621578987	-0.12822836881218	-0.218612148620464	-0.159610144989789	0.943225089685543	-0.0297954490590193	0.368371197294689	Cer 18:0;2O/24:0	darkolivegreen
-0.395022313165255	-0.497277628524001	0.0138713939976236	-0.122902962362554	-0.342278060442083	-0.0501492655089518	-0.0223785583565753	-0.234643720845971	-0.380517130602027	-0.3831789282171	-0.133826503921401	-0.252709148115285	0.124814157229274	0.0915198001804644	0.499792425495826	0.0955881268860455	0.786256057149282	0.881235768904591	0.622995741792798	0.197158840406132	0.130683393949718	0.273379601285079	0.142860772293775	0.138861442845893	0.255402836572651	0.3725668583238	0.331510170690924	0.0673253184647031	0.202793287668464	-0.0391973691747106	-0.204214520512804	-0.278824863498517	-0.232914479599818	-0.338142727458768	0.406813755141647	-0.137611000921826	0.0939860637975981	Cer 18:0;2O/24:1	steelblue
0.0900223634160525	-0.0461208282914191	-0.17246123918367	-0.159903468633597	-0.120358579943719	-0.15843593714254	-0.0764983395832794	-0.150842653621619	0.0585705110349405	0.0358675100848888	-0.130887360902209	0.12027238040526	0.00422718295593555	-0.0352376477978243	-0.21418706179323	0.340328169639041	-0.109272610686833	-0.293977919632344	0.0154859185989782	0.029010305526913	-0.177789114493915	-0.354515320822811	-0.214630715253978	-0.299008926446541	-0.0473828384553912	0.184062898273536	0.0402765379388404	0.026857240206898	0.129785424476623	0.0730256757635954	0.290034419205121	0.367118575212393	0.338922088076529	-0.00311433128613613	0.0867808622248784	0.107049401600815	0.560297253692866	Cer 18:0;3O/16:0;(2OH)	grey
0.162647956065943	0.0867387138975365	-0.152093436842506	0.0954047337642466	0.0913365254057479	-0.30216739040462	-0.159577342750908	0.0253368929688234	0.0455645156426933	-0.00931229412835782	-0.0956087712741941	0.0250543005443262	-0.143018179259129	-0.183051815542457	-0.22448194705238	0.235308345332712	-0.268899997222559	-0.302208980202366	-0.330342552149929	-0.0584155134694802	-0.409145284480462	-0.407392375600283	-0.449327852715977	-0.355895002458965	-0.10270323077043	-0.0545015866282205	-0.220963691080844	0.0465247750480858	0.00509043252009235	0.0393193134000098	0.545622138271177	0.719283479387239	0.481657647741414	0.325386176275654	-0.190089029165223	0.137800122250731	0.479152444239116	Cer 18:0;3O/24:0;(2OH)	red
0.115761479543108	-0.0059528393173434	0.325495486527779	0.381785981148003	0.135766375603359	0.329574725720513	0.33503873868776	0.18834238669053	-0.227556467326627	-0.282905172855221	-0.273247653857234	-0.348813530716798	-0.133685053496324	-0.0165604113777505	0.0722007343475583	-0.147693723815489	0.187841013033578	0.391546138765626	0.171880036710543	-0.105177480089975	0.0368741253242352	0.422156996057622	0.10809449545223	-0.149225707372363	0.038202192005316	-0.0539847753963898	0.129250734077255	-0.224702102688156	-0.114761609908763	-0.242947651455428	-0.136384929920678	-0.121196898769724	-0.211211554527505	-0.181423724875033	0.124823891369555	0.0134546911694852	-0.210275691437687	Cer 18:1;2O_26:0;(2OH)	turquoise
-0.420812232972076	-0.471121194228436	-0.213081553831764	-0.258973270824027	-0.487187287280943	-0.139864047437078	-0.204872022282778	-0.461039530522965	-0.294273834441535	-0.250093498351302	-0.0652922188289616	-0.11383535994807	0.0298565268097825	-0.104597724673187	0.294790312937261	0.139214899552186	0.629557973248699	0.820783684400823	0.545193911411626	0.282932637872014	0.0111592114542867	0.171994995474361	0.0160098478163298	0.126083601136695	0.374550646981856	0.55128825740087	0.381972962396258	0.328733847697924	0.365775300106812	0.231519750490538	-0.279667378169171	-0.295807555026826	-0.19596700629278	-0.219491939380228	0.398388884684024	-0.335426219150035	0.152296396345028	Cer 18:1;2O/24:2	steelblue
-0.33122687223579	-0.195592876176267	-0.195799638578263	-0.247637050383963	-0.443757262281061	-0.413070325534522	-0.296964091288501	-0.47273972828523	-0.232399818151254	-0.268256164133981	-0.169840610728808	0.121720562768472	0.118970786740253	-0.133508289601977	0.1715109947725	0.161825720728957	0.383701584138309	0.472900535922124	0.409983761677076	0.0808577063965816	-0.154335874920225	0.0783383358637016	-0.0848940121240468	-0.0362646353060689	0.346337323746431	0.648501087705525	0.42539736644068	0.405311894029132	0.275199566779008	0.248367848932795	-0.17519147435185	-0.0506350789016093	-0.182970299724171	-0.0565739776946039	0.522561724342098	-0.108620437551859	0.325530848480793	Cer 18:1;2O/26:0	black
-0.422974256950415	-0.656954139597303	-0.262706800848758	-0.412531373159392	-0.55179551841651	-0.0817685535344388	-0.173143146088005	-0.457331478341433	-0.29640783301311	-0.336068785356857	-0.164746162826037	-0.111989388098864	0.127427366327928	0.0542839716243593	0.370120778706436	0.172766937689792	0.847598429355756	0.688957877562723	0.620259697729493	0.427252933587195	0.23306348702819	0.129123746222803	0.125907192028637	0.135756931852547	0.369026866638208	0.588281039266561	0.37794553637129	0.1308741273418	0.284366064852516	0.122967819014238	-0.204414649867216	-0.273879389753638	-0.231544446913917	-0.201576625909186	0.373706432406094	-0.232618796964402	0.228668770713922	Cer 18:2;2O/22:0	greenyellow
-0.37487724068843	-0.631125209399871	-0.223280543330533	-0.332237665180229	-0.378015575568016	-0.0771733893177926	-0.10260619506243	-0.306589451689758	-0.388744183749891	-0.330772617342107	-0.114703252120852	-0.249715697674941	0.0506221745717698	0.0395012017680333	0.364493048483893	0.239204530501704	0.86042998639364	0.622717705359141	0.49336407683652	0.310177301305647	0.221712773242468	0.132022078321699	0.0232663876503215	0.0293818106069476	0.248666242628282	0.494363152247853	0.438897653193435	0.0529293491118816	0.190751795245576	0.0996557080195358	-0.159923648041388	-0.137713912777092	-0.130605863757552	-0.323332812160432	0.379569640117894	-0.304609280747708	0.299781504708078	Cer 18:2;2O/23:0	greenyellow
-0.253597486866733	-0.262604045484893	-0.111325866628942	-0.117852661337331	-0.12249182876922	0.0843647674599797	0.0445791436850956	-0.149925076145032	-0.310208602420923	-0.0984858203342237	-0.0138475598227435	0.00134833904844773	0.163490130146996	0.150932494377572	0.250933233417361	0.142194757549844	0.482521555951621	0.688960056448343	0.395560997284648	0.135139064894942	-0.0368237498397753	0.122553136937837	-0.015635167355061	0.0625347445642288	0.142200346063283	0.219969138566635	0.165727368101076	0.0685345107602969	-0.0121584263848975	-0.126510708438056	-0.0337238382052	-0.112016398782341	-0.0930599778961961	-0.244876615868939	0.30359696319034	-0.284844192897543	0.054821029780389	Cer 18:2;2O/24:1	steelblue
-0.0222108540846169	-0.0490180693809704	-0.167010445142704	-0.0132208795542574	-0.125794125528217	-0.411555492974229	-0.145686914829506	-0.175143897924434	-0.0483417923017586	-0.0762204662464158	-0.130018432206353	-0.127179166843422	-0.304065800071123	-0.346475204560415	-0.213081299233078	0.222055187756845	-0.0574316041537106	-0.189651195990872	-0.14585077264173	-0.0312453808546389	-0.382901579047612	-0.29240641276116	-0.401678679394677	-0.503802584879676	-0.0712846133739652	0.120143258473619	-0.0411124016047389	0.0323051310382511	0.123050865695402	0.224276601647519	0.294032281316495	0.631482704665448	0.353150510050191	0.0388627543631551	0.300294180433775	0.220004879281139	0.765203775027359	Cer 20:0;2O/24:0	grey
-0.164134316597812	0.176794291729475	-0.293394699090481	-0.0315067688656925	0.0970391171354962	-0.286468710744906	-0.119603609592583	-0.095956682805539	0.217031510452202	0.118169455819655	0.227854444017472	0.240948649855943	-0.179225645874327	-0.212994446458035	-0.302538204327838	0.205698672018245	-0.491165415930197	-0.505814484453876	-0.447006049255324	-0.238661636466065	-0.435822239080201	-0.241900705498719	-0.376113786034944	-0.266775030164841	-0.0867873756701859	-0.162539100022049	-0.149029372078934	0.100142403764807	-0.0195304344127798	0.145097342153247	0.297799480442413	0.649714228157848	0.305657977269247	0.196274684990333	-0.159966991233168	0.141380356222896	0.415468731399274	Cer 20:0;2O/25:0	red
0.0726071560042788	-0.148356772905123	-0.180610387874132	-0.100740960274214	0.173348994208313	-0.0384304779623349	0.0819005625220929	0.0755355002546358	-0.147067349449318	-0.0767671719821219	-0.0238659788494115	-0.106319635521588	-0.087379068780191	-0.0397526907860944	-0.029795337847506	0.0921215026672078	-0.0978954235399594	-0.246100258454929	-0.160650153103768	-0.103120904724868	-0.131594857957766	-0.0684544197695695	-0.118131834895898	-0.241552016660615	-0.232794390299422	-0.103234734145884	-0.0839357739136632	-0.115715849162018	0.0293905017378747	-0.0170039484611033	0.40885475264477	0.770353489182261	0.306070236832043	0.137599088276973	-0.0510335503762435	-0.0879932589203114	0.490302136085009	Cer 20:0;2O/26:0	red
0.153530718743654	0.0961125888923519	0.0176736963583406	0.144132564968342	0.167040685193657	-0.411130917016117	-0.0160748934112901	0.00946036872830965	-0.0653114201231727	-0.0692147801597515	-0.0824169877274969	-0.149282574567601	-0.218608928883839	-0.230671467970429	-0.136359441998082	0.294208410000144	-0.27056986216671	-0.372507411711404	-0.301719496852283	-0.103288538283358	-0.325489077393654	-0.252985847412254	-0.398128516541801	-0.425205377033114	-0.21774367332456	-0.0917854397012522	-0.130067225134208	-0.0758634834699366	0.0159370591199327	0.0294329648003905	0.519403965931131	0.85278067330141	0.483585788946572	0.175708218060649	-0.161337052014326	0.257303187697182	0.598155938600459	Cer 20:0;3O/24:0;(2OH)	red
-0.0457614255538957	0.111071426568727	-0.0359542460976214	0.0497650263831968	-0.0533880797711739	-0.34525611210994	-0.182443854681678	-0.109594713547633	0.0718380816052332	-0.14271137633008	-0.103187010390737	0.0232952709823903	-0.0773647564661266	-0.178141175013381	-0.071628662594445	0.143700464070419	-0.297540022920335	-0.25745854572075	-0.240400010831787	-0.235381816159432	-0.47930123594936	-0.281118408160354	-0.443818007484079	-0.494763314342916	0.142834910282512	0.0319105238040242	-0.116763590487866	0.226145031183123	0.106311100572164	0.115246356293256	0.305280389293707	0.677232528695929	0.38746512707895	0.1917763803047	-0.0890194707378552	0.241809130537652	0.534559006386003	Cer 22:0;2O/26:0	red
0.631182220727891	0.38503249655136	0.627470701076922	0.82403933469655	0.296139507785584	0.211865106334928	0.38497961220017	0.378313591198405	-0.109759949107628	-0.096538905129218	-0.246518880393703	-0.559458969566373	-0.45749322195686	-0.327387829898572	-0.168484538701558	-0.0899712833885328	-0.159666007802798	-0.11981655275649	-0.217055168034351	-0.194685122277125	-0.108236809474634	-0.0199950727033745	-0.16423522028884	-0.431117175562499	-0.428924465222027	-0.361596173128856	-0.215294480345536	-0.471271681268073	-0.124718942992858	-0.27448299239403	0.135673116525935	0.216013035627543	0.411901750922554	0.167890977150429	-0.101624057774828	0.354732060818833	0.0811656197448497	Cer 58:11;2O	turquoise
-0.291317443346187	-0.674893903403114	-0.315307964357448	-0.500133784715128	-0.549970092151415	-0.199025953279247	-0.327382290723163	-0.620342443067415	-0.313567965752962	-0.457846267180186	-0.339742712039894	0.0286192896343857	0.201513133443363	0.0195137477940211	0.174513554274289	0.230401017330161	0.520757655815214	0.35547818344375	0.337575911711526	0.147824140261098	0.103543739860477	0.118943108702386	-0.101770787271725	-0.0782639939227343	0.55681757130205	0.86094244063109	0.627871595940814	0.390243167349219	0.273492750592843	0.305095743329658	-0.148189930950449	-0.14758646049553	-0.266025572051709	-0.0781097169487952	0.35745310590946	-0.191478593574314	0.361463701237243	Cer d32:1	black
-0.133832061509368	-0.527368356108694	-0.340814515096505	-0.372374291065965	-0.431775904151819	-0.401429348514808	-0.29437837873302	-0.592839245315053	-0.393749800557451	-0.448455887487585	-0.376393231919205	0.0418770756408565	0.0819162772856204	-0.149151083326696	-0.0699662938176214	0.356258808857883	0.2975623904546	0.154385769761351	0.202561121960914	0.173358919950953	-0.115922601873734	0.0436172064333406	-0.204569100821991	-0.259444634013049	0.457312599090363	0.762356185174795	0.602593074841356	0.444107929096701	0.262374138429353	0.386804133792243	0.0794154007928844	0.151704482472472	-0.0448879550179194	0.121048161736857	0.221256211868328	-0.0247976054074265	0.556575444775029	Cer d33:1	black
-0.0946997886757552	-0.277873500032575	-0.178418957213894	-0.147103247193942	-0.141776930460388	-0.232280642769178	-0.12325689188891	-0.42686124368416	-0.0429813504442912	-0.263928552601079	-0.30706217684456	-0.0948335696537832	-0.05264879891329	-0.105762808919905	0.140002948208058	0.322715483759476	0.170736474795212	0.103182397530657	0.266466132535732	-0.0195870379281839	-0.319493303058943	-0.0443550945812876	-0.200241082834129	-0.301428911288166	0.206297591930298	0.482366420213743	0.304847738083607	0.356549821822492	0.462178813691916	0.337844464231923	0.266782632730158	0.330988645073303	0.17526951188197	-0.00832781070126087	0.400097598367941	-0.0850577796904256	0.652741818917996	Cer d34:0	grey
-0.397433550558358	-0.75899205588613	-0.204768941535417	-0.417884100235761	-0.488127030258019	0.0219253327190764	-0.165125660907611	-0.516166933845428	-0.364000707726642	-0.546244383270312	-0.265789778593102	-0.079394895610672	0.272499982960752	0.200865858744101	0.473947464965024	0.18189253997958	0.794411218190402	0.657920575465455	0.592423280267708	0.285773712539906	0.133203656663719	0.353465323655316	0.164423876982469	0.0599371799283391	0.582867039926476	0.694201671305772	0.516853792402255	0.285175930168248	0.31409839324326	0.0655289867820252	-0.237278803409782	-0.331796094249641	-0.369238976187563	-0.120770348958475	0.205519141821206	-0.291162228622606	0.10213845951332	Cer d34:1	black
-0.352086220457172	-0.804276536890523	-0.277665735526537	-0.456340234399872	-0.569249999728193	-0.0936217283220205	-0.202787756183581	-0.56710102206166	-0.383951375243832	-0.488334708558505	-0.348940226200897	-0.135345554738209	0.167408120875951	0.0429794751146236	0.280114139132239	0.310778750850031	0.723760906987154	0.57669360203547	0.551060125699447	0.307461752790824	0.170377785466085	0.215104266887374	0.0364370382994425	-0.00801034447918191	0.5678628638558	0.809489193351554	0.617914040228958	0.298646142884461	0.35081762421244	0.17970096096974	-0.208040097012733	-0.249796482938626	-0.281049459236097	-0.0908071826164464	0.298032793553533	-0.242983808788065	0.268651865878799	Cer d34:2	black
-0.0911963367187395	-0.290103930938933	-0.191639761266689	-0.119099228631369	-0.408607072924049	-0.510771728491615	-0.300255045946998	-0.360333727578275	-0.268460543721547	-0.394829263899732	-0.343280397066762	-0.160006351098772	-0.196779829934313	-0.318201156184032	-0.262518469175268	0.369236955325976	0.103316509606133	-0.0360025349326144	0.136477693548428	0.00685948539604832	-0.312430275899224	-0.117308222334538	-0.357924094497714	-0.466098260678716	0.211695192470309	0.547728421562222	0.353267576746938	0.178977798446468	0.334961628169433	0.30355267161833	0.119794364014248	0.412072336243026	0.302762534603529	0.0104123689095312	0.117434070940966	0.13808675871711	0.684132112233241	Cer d34:2 Isomer A	black
-0.402478678828054	-0.675419599071733	-0.35424625857678	-0.471690607332884	-0.658893932017171	-0.386037349773983	-0.36192860181492	-0.661649926502866	-0.307290793350362	-0.528687166042346	-0.39596437068569	-0.0457742713803595	0.106526676375472	-0.0908608936872705	0.0109332387151715	0.398681411270569	0.499619927408584	0.362641772825861	0.44070192573925	0.175985117374293	-0.106003616291678	0.0827154802201456	-0.16207327364623	-0.22942495755527	0.594619630496936	0.908574531275561	0.660027744735354	0.419913275305314	0.415626333605906	0.392341906630189	-0.135095898112781	-0.0572818564350812	-0.100793562555217	-0.105379006450973	0.31500801835542	-0.102439221707549	0.489134036764365	Cer d34:2 Isomer B	black
-0.213832121431768	-0.611497992370363	-0.0532304728436967	-0.175708014276128	-0.298596194416414	0.0463790611481443	0.039034560620617	-0.351588604172978	-0.427786722436853	-0.397151901207895	-0.239666732867167	-0.259630636794094	0.0921222409450071	0.0849212290957737	0.534853853729956	0.149325568439748	0.900641373135965	0.708577583017994	0.59976882834125	0.460542112252259	0.227344203570066	0.311620675427764	0.247990455470458	0.0951976706086824	0.333089417716231	0.478940596517821	0.339603254621719	0.0771004860944067	0.198902661402044	-0.0269012960061406	-0.224096057923747	-0.278986382805323	-0.298755931982925	-0.0935389729234304	0.339082404868495	-0.300531836146577	0.106218646929072	Cer d36:1	greenyellow
-0.193669766795424	-0.612957183929895	-0.220178820958969	-0.371570966414779	-0.527226384755671	-0.0236593370706686	-0.0693855437018275	-0.46516944644682	-0.333202757752366	-0.389978591159563	-0.320467398311413	-0.154361942303073	0.10882536331685	0.0317811507582522	0.174350613049051	0.139261885534133	0.674307338961529	0.513794713703489	0.537676416118569	0.437058344127283	0.128478852826802	0.314046428293945	0.257177860328064	0.123232905370238	0.356596077654853	0.617001622151117	0.514903828805253	0.143405586507951	0.276032744089433	0.102301676472369	-0.283163426796614	-0.269872705711922	-0.27005709797773	-0.133563818511137	0.310166700618376	-0.179819183350145	0.153261138784466	Cer d36:2	greenyellow
-0.255427674771448	-0.568596775707085	-0.0406119241560301	-0.249305063919963	-0.309922276191137	0.0140012558067298	0.0874110729417342	-0.372976058658923	-0.419141988888798	-0.419111332769277	-0.275623374211492	-0.161259300837094	0.212967716300995	0.177915986336034	0.56191202575326	0.152532664642915	0.90211823092875	0.678745157397756	0.694752205700341	0.471272542869263	0.31136989753641	0.400914007604953	0.372287514003068	0.165944706794873	0.286625262008136	0.538079130885246	0.351152282939678	0.0653497482760246	0.169538683537235	-0.0415626283872901	-0.291660416760963	-0.304019147972218	-0.385127321052256	-0.170391308798076	0.450857324494122	-0.21229342961295	0.122952958133273	Cer d38:1	greenyellow
-0.00778423769070395	-0.478505711456012	-0.164461570681121	-0.21235604515943	-0.270417286304905	-0.124126806593188	-0.0348279880177815	-0.349219470410348	-0.460621033058845	-0.27672125092719	-0.369304998110506	-0.183006165135267	0.0585058532730311	-0.0315690546954163	0.150260356935567	0.28475429501887	0.663049295255684	0.340652178434078	0.353596967750752	0.389537061690221	0.274662172865868	0.0692290751931085	0.0565121218415773	-0.0238869767700064	0.150940807688435	0.598706138597254	0.419075120823571	-0.0093544503574385	0.118379313164797	0.086550800828283	-0.139264058853138	-0.0911067904389937	-0.0985196690911106	0.020736715745852	0.428624439983477	-0.170146413239945	0.365236141087575	Cer d39:1	greenyellow
-0.0909697557233628	-0.171181948951743	0.0951590311359259	-0.00988522820492992	0.0125595113870971	0.028340452990133	0.237338382683405	-0.132628091301669	-0.383252452628187	-0.231752532122122	-0.275087543583488	-0.127916595468204	0.196799221768015	0.129799513529302	0.467783139283118	0.0166699399307529	0.485293002891321	0.481263525217542	0.564504311241998	0.0334627032835562	0.303816822167726	0.180957371538131	0.295548583027799	0.0662507509346329	-0.0616312362993752	0.250053851181641	0.260872930126629	-0.06659266429268	-0.0802420537384796	-0.178811644989766	-0.323704221471596	-0.26885649379356	-0.312041530297196	-0.188547030737793	0.920056754531279	0.0452391113772234	0.143713811034168	Cer d40:0	darkolivegreen
-0.217950500708533	-0.572022957778745	-0.0879923859777288	-0.279127680304879	-0.352712773798592	-0.0662797991842053	0.00259015419659507	-0.44293112971656	-0.506497864368125	-0.370736779917675	-0.270599877202431	-0.135352796199814	0.214834657766439	0.118800029848425	0.528682179933859	0.114724882319033	0.866579134381273	0.720088567901133	0.658118927359922	0.342068373258181	0.259919391882084	0.210344871420435	0.23397304028959	0.107591191480829	0.276837645855952	0.559566648584866	0.464755366377066	0.114515721367389	0.111750742783118	-0.00416158020310103	-0.213149491465375	-0.321883027128615	-0.321795865694314	-0.194061182209557	0.537966638201946	-0.265614503145864	0.18543124805398	Cer d40:1	greenyellow
-0.127639976295022	-0.494158529785285	0.0633219730764498	-0.140224061286202	-0.203356499419129	0.149886714830807	0.235522175962896	-0.140413304727815	-0.49634647704172	-0.328394033783197	-0.353216982132134	-0.231965580274385	0.270798766243879	0.27996926623622	0.479983652328683	0.0868729601467328	0.870248529741906	0.751293838078287	0.690319080543313	0.410248899668385	0.507295927923143	0.230060401190037	0.334594857055218	0.169463854297244	0.0940076357994486	0.356105832941507	0.260677763580899	-0.159025505326307	-0.0184922595127223	-0.2423311180634	-0.153223295459765	-0.337208852426467	-0.296048401772118	-0.22059438011839	0.396852384549589	-0.170132334827124	-0.00228791193123756	Cer d40:2	greenyellow
0.0479514863965974	-0.263420913028143	0.325718047638288	0.251467350536663	0.175787959738079	0.270469185287777	0.463010370470265	0.391473291313414	-0.464282404478127	-0.144717174693743	-0.195254615614335	-0.398977659708969	0.128361761857217	0.330967169843382	0.375672849864195	0.0642216464494561	0.687960063833593	0.579574438129855	0.396351898695835	0.306144168034194	0.521050643208653	0.234075218064946	0.286600425295062	0.135714956039268	-0.168719755260033	-0.0945486772410115	0.036036323683236	-0.573110432807359	-0.360749292577679	-0.578062246281105	-0.158872015484556	-0.218820145948065	-0.218232098761835	-0.135321448521692	0.185799401469556	-0.0649251190488438	-0.172273252392407	Cer d41:1	greenyellow
-0.209607180051322	-0.339508006579671	-0.0346083922483942	-0.119504056146151	0.023105086596369	0.0591741100989324	0.17065640560654	-0.0346642790599756	-0.417626574595965	-0.21342820011419	-0.203381102344739	-0.0351417985149427	0.322388783589533	0.309460892692778	0.263291779843283	0.120421659394428	0.568508277598218	0.617401250935527	0.460383370062618	0.247496796286879	0.24248354793064	0.30134322876122	0.275354114049307	0.212787582106561	0.245911092768559	0.315408881471351	0.322629432536939	0.0511315769261687	-0.133695568220114	-0.100146317713226	-0.182457192490386	-0.228853471243992	-0.346740721919722	-0.141765949695641	0.276974716061823	-0.26535407230134	-0.131670822129435	Cer d41:2	greenyellow
-0.0575228067266281	-0.140442798156426	0.149195999332072	0.0571726946344416	0.0717205314080963	0.0869575294986486	0.245398591453119	-0.0546513623618204	-0.458173797192824	-0.25005078347177	-0.307278637720661	-0.190195720404849	0.157562796986711	0.109409325060924	0.422918950715935	-0.0262712346037944	0.485140215608909	0.541298159972149	0.547032368624557	-0.0954310291727643	0.249639400036189	0.166436523228104	0.212277988666952	0.00989756826837573	-0.120101948210398	0.222716856378291	0.209409328351652	-0.152386357272407	-0.113459185797733	-0.191448232115623	-0.258710765430641	-0.235515489314378	-0.268098194208364	-0.270173270117474	0.921639112156064	-0.00337330592353629	0.137572649248966	Cer d42:0	darkolivegreen
-0.114975369965342	-0.410107497503765	0.179504674789944	-0.00269772882760471	-0.177317622490772	0.100050555586873	0.24810730475201	-0.0931917286445556	-0.547341439719993	-0.367878644854045	-0.373130422661871	-0.291266508419325	0.201828135985255	0.198418727491127	0.449223559267789	0.0523710035292208	0.82369811912158	0.828464509635002	0.730721884073424	0.234352113740458	0.349229076593064	0.303142592638986	0.281512791306634	0.114092577249902	0.119983723450447	0.399706605683352	0.388289983796468	-0.183942306220074	-0.0417929135202625	-0.249293896442873	-0.283637340338658	-0.36992179908601	-0.403760867057151	-0.301038202912202	0.54366329058328	-0.141819522604686	-0.0127132576407008	Cer d42:1	greenyellow
-0.353124196880542	-0.508975285426781	-0.0296485378556087	-0.176991964099775	-0.366084065057472	-0.0082645271970027	-0.0178106032452032	-0.32151745795982	-0.432437586482461	-0.391768708400961	-0.240350587791649	-0.227172411000826	0.115572816875695	0.0473182294614735	0.438186942020657	0.0422844051146962	0.763417148974838	0.952213449781195	0.691892689267192	0.238078014456698	0.152468473224314	0.291140085499843	0.165497364027314	0.131174860662643	0.302060607826305	0.502980778030465	0.390931029010622	0.150097053292846	0.23784077089305	0.034643449760044	-0.301927697209342	-0.367358922721148	-0.30890531693672	-0.291441445909932	0.457511733317128	-0.336775472733192	0.0126651525717508	Cer d42:2 Isomer A	steelblue
-0.336290312918	-0.406331824801325	-0.0281314337544295	-0.120136470526692	-0.19907288489233	0.207540592375824	0.00175225888872064	-0.0909775332770072	-0.230776597520914	-0.10913434013324	0.0217860652554562	-0.0967887510626218	0.183993314828102	0.245935314297	0.431833897615976	-0.0406092986115011	0.713192865061654	0.884645453798602	0.507705018241846	0.272006075980947	0.172445838789997	0.260063698551248	0.203494492920198	0.293167526431912	0.281214243588385	0.218810862459487	0.166480769272406	0.035452486770092	0.0604384632720716	-0.136814741285832	-0.195994275588826	-0.380075199890459	-0.328082546637845	-0.226117192105324	0.17080930686739	-0.392402570334928	-0.191341094563548	Cer d42:3	steelblue
0.179720760361903	-0.316223233834384	0.225045144470123	0.113914072522953	0.0691904585820499	0.113524031909639	0.400077679884465	0.199718234760194	-0.641206653485048	-0.222260328007313	-0.402708095168324	-0.420278465744245	0.0281983124894828	0.122910746229145	0.317788305144749	0.193878279972619	0.666441678686483	0.478552778358984	0.517345181885753	0.412052838120023	0.475465147320082	0.222888988390163	0.289927321992316	0.00491946715660209	-0.188749890903393	0.16577218427724	0.142271973884116	-0.476274161971221	-0.208866769372773	-0.320777976235881	-0.0786452739095196	0.00855122136104019	-0.173727241333109	-0.19057992178033	0.367056837508931	0.0332563168870985	0.178299947871334	Cer d43:1	greenyellow
-0.123266820741528	-0.17325569600034	-0.28000580070727	-0.263320240348606	-0.315991311648308	-0.268464254478381	-0.193960283974071	-0.360328249067572	0.0665408147043855	-0.182277978099046	-0.0403746062675494	-0.0211871158671602	-0.100444159998757	-0.164928752610174	-0.136906719785367	0.180167477699481	0.00600103178130435	-0.213351626391306	-0.0718009297570205	0.0754480785703686	-0.28047380319674	-0.0833493238585581	-0.185726147461069	-0.300709025194487	0.0821811975214153	0.253857350666388	0.0861821021749692	0.237866275920859	0.304713983452012	0.310007686189394	0.0194369809266891	0.437489985862315	0.361795782358202	0.2051585270866	0.0481416087237915	0.138998938730812	0.553651815833164	Cer d43:2	grey
-0.145081381633275	-0.106577914032363	0.306973132418947	0.208936737898407	0.120654448108755	0.132864526097987	0.245909599413362	0.112794566953941	-0.292263328730868	-0.135494461131988	-0.17815700355489	-0.136144007585229	0.183556426023486	0.287273790654784	0.528513191772956	0.0778808680074076	0.560087403139107	0.736424933473473	0.473508298680692	0.100898224535409	0.239745174722839	0.103046099594749	0.0679842668548325	0.0906717090452617	0.0527749939895341	0.0482567073699408	0.0485107427798968	-0.185602327705498	-0.178461417259406	-0.428966697490093	-0.0717151078580011	-0.283162491983959	-0.27339354592652	-0.192244581675741	0.278993070776328	-0.139094812694275	-0.134099953504559	Cer d44:1	steelblue
-0.14437721306012	-0.113533426495929	-0.204135596777004	-0.245249756417335	-0.321853900547749	-0.411356584950691	-0.335175366576966	-0.299442565435343	0.227493292890757	-0.0655967759458429	0.0507085046299336	-0.0568426221240889	-0.293135065608698	-0.361800392630017	-0.16937512749448	0.0230369145702787	-0.208340913904724	-0.28026231390228	-0.224422857052669	-0.0876714073168808	-0.399859575166491	-0.101837939302268	-0.266528883931623	-0.304526372490041	0.0212909097059334	0.158360279628192	-0.062298715958863	0.232553387234516	0.404418957337818	0.449366393700921	0.143573673061633	0.520683169698723	0.231353537405995	0.0532131316878605	-0.0562145854768053	0.109391863333008	0.513530907974301	Cer d44:2	red
-0.0439066139556066	-0.121498365762602	-0.161261217403237	-0.0694342724552975	-0.0507181047992493	-0.460843900745686	-0.164307090366007	0.0550188526506782	-0.139144855179865	-0.191579147900017	-0.100000403427157	-0.0750728608719295	-0.101503358930913	-0.149718269984249	-0.3300143475657	0.31326946021318	-0.182792966435753	-0.200608915584133	-0.18656262581475	-0.0723212212920117	-0.438349479434196	-0.213361249789036	-0.400433312243162	-0.364316569247569	-0.0179859861075041	0.0717239804486724	-0.0288310523194581	0.089152353327918	0.218848990784174	0.160100399591828	0.440218816723939	0.586248642324031	0.406262171076703	0.208082287417336	-0.161333898192739	0.0395578061540456	0.465260736379521	Cer d46:1	red
-0.143291832733939	-0.00722414352024173	-0.311310785538405	-0.0731503557416611	-0.180558561865854	-0.349417084634405	-0.386867262103961	-0.335874172636913	0.0567670097292987	-0.136278082090351	-0.0608256412071076	0.151899006470919	-0.121265822469959	-0.262472052765166	-0.0928230596551435	0.178837248317885	-0.156509335102538	-0.151651550647993	-0.14782125824829	-0.13927431530317	-0.412474346149455	0.0547366992747039	-0.298236953523514	-0.343511315017316	0.284357365019041	0.338072231899664	0.147007732111585	0.316909734948461	0.186461139413311	0.326996929917616	0.198573035665205	0.392072231266872	0.122474258421923	0.153825905644483	0.0469216532188962	0.0279290228784792	0.514144491512297	Cer d46:2	grey
0.104636195082255	-0.00628351259550923	-0.20702439016148	-0.06268456367463	0.196733596009138	-0.0448458668038706	-0.0695651016702839	0.0000130401056536245	-0.0797627704360163	0.222648180922142	-0.0166243290880244	0.140182736218878	0.000917288405968232	-0.0401138965459439	-0.0395376316077902	0.421305162260122	-0.0912987414142122	-0.149547043091703	-0.0400249320662746	0.208604868947502	-0.0386206566913849	-0.122915631747236	-0.143881406550311	-0.0990053688465114	0.0320061930343163	0.133394714602614	-0.0818955797152156	0.0747501099604274	0.0325180297170241	0.0819044187577568	0.343304874655392	0.384342719128578	0.139260497039629	0.0925289627731376	0.0951594443049418	-0.00847009952794338	0.428691998434473	Cer-NDS d39:0	grey
-0.222554443515266	-0.261501311754786	-0.190709903788413	-0.251426723381978	-0.188843634359453	-0.191469227308688	-0.0161276191403677	-0.430060822765309	-0.340712851920615	-0.272892554606113	-0.268814503885459	0.0179669591283703	0.193587722041337	0.00675552756682644	0.311738449654902	0.154215666813071	0.394465002779745	0.389142106127206	0.505486365136512	0.00143949356862225	0.0592752420492186	0.0597969011127209	0.0691982660054802	-0.102702247674049	0.102908852239997	0.506131671779619	0.335847999337814	0.215334083277762	0.147826459740758	0.125638714927779	-0.213180949318544	-0.0911209222469891	-0.156285721549124	-0.107673652831241	0.94621696721994	-0.0374830410649384	0.429805673293906	Cer-NDS d40:0	darkolivegreen
-0.00836679690532422	0.00118026410975902	-0.128462771843455	0.00508794140819068	-0.010211139509911	-0.0798737178866664	0.0738212866749211	0.000982324032164786	-0.115997138084103	0.0654872173082041	-0.158032331137721	-0.119053064839114	-0.147779852935862	-0.145995351161341	0.0429183588396258	0.289792371605323	0.112769266932154	0.114274246945801	0.178035928549357	0.11494502354975	-0.0425533784087152	-0.113437250484247	-0.0647662861322826	-0.169393838759862	-0.130654890600266	0.148031675820593	0.0449516346019053	-0.0212350621450584	0.0409126438987194	0.0633714315279465	-0.0967167843143953	0.121217764735927	0.14960436276325	0.00291049033718131	0.511713244802127	-0.0430750873126888	0.43278344807874	Cer-NDS d41:0	darkolivegreen
-0.2697044617285	-0.153540023685336	-0.433385532365523	-0.273932012586808	-0.0226902356637215	-0.518990533987219	-0.205004822339573	-0.236607681216764	-0.0397673086863172	-0.11890995389827	-0.0244131367844237	0.215658033446237	0.0390161699214365	-0.0839440246429799	-0.0844210164387513	0.412673032117418	-0.10643481520479	-0.282882854452954	-0.132145223944982	-0.0575702857132562	-0.309589611243413	-0.261424510683119	-0.379519672143609	-0.287178065600249	0.0487821927362423	0.227971996276773	0.0979405808555196	0.241566375974645	0.136255002525497	0.235226582932522	0.257464105615614	0.548458870590706	0.287734447642731	0.211175322266578	0.177418854928579	-0.0313341493449565	0.646566245370428	Cer-NDS d43:0	red
0.459540558744086	0.327468755839578	0.481704938136557	0.540241920058116	0.438216555259802	0.0948268733895345	0.319578956270777	0.592974602007204	-0.203245932741108	0.0395687011245641	-0.213000500442424	-0.308141667949333	-0.146000530586875	-0.0140836660254428	-0.107396392508633	-0.151949889137187	-0.174910224646183	-0.113324601248353	-0.165353616500952	-0.262397501759794	-0.0176451738189553	-0.0212258472966285	-0.0161010412190007	-0.228771932779622	-0.401298405968817	-0.36896085580199	-0.194604668361264	-0.505028973152884	-0.388450153999896	-0.313875531221653	0.209288257129945	0.277514300582251	0.159133218356371	0.062288355933292	0.00326216837977458	0.261619334695622	0.0204801419785992	Cer-NP t42:0	yellowgreen
0.0577901861449254	-0.108324810548774	0.0066896383082271	0.0723806915844596	-0.00215254669027533	-0.342121436391601	0.173798816706705	0.11516212168008	-0.187061680079894	-0.14234346284196	-0.208390854794432	-0.392153460506092	-0.20696821273631	-0.212662071064485	-0.277776630157305	0.437327515807857	-0.0653505584312098	-0.285741617068143	-0.0897622866178645	0.0171202744017591	-0.12528088097698	-0.0405156602301566	-0.205189388680306	-0.488909203929845	-0.184001351799113	0.0634422255838153	0.100941044549467	-0.202610512246305	0.00906352975655226	0.116535618959143	0.088016229628957	0.576286734255657	0.431170884732017	-0.0213881787978041	0.0674050864406872	0.342648284452996	0.617184769788772	Cholesterol	grey
-0.031823484172647	0.275936209355859	0.01990755579285	0.04141615180387	0.245388573097677	-0.272976607103957	0.0365543492223828	0.167167124759219	-0.0474520597923817	0.0252037690066064	-0.0883701635017316	0.0549501088848024	-0.0248496631859942	-0.0917419152832967	-0.0444514547791903	0.276873298439538	-0.229912736480399	-0.241045224959616	-0.0536095920517468	-0.0288468520223355	0.0281335654132382	-0.179469544315325	-0.149113754551714	-0.0804049803662392	-0.269319478739053	0.0293316292841533	-0.227923933787775	-0.0684530868575477	-0.0510615524823416	0.027996726702472	0.0453416813341287	0.308920042912206	0.0621588407855687	0.0614684996925539	0.23558398566991	0.146394470771121	0.217339940316811	cholesterol 3-sulfate	grey
0.150406338395838	0.205824431072215	0.086695569956971	0.131873421479597	0.17129557740712	0.152960167687459	0.400988145998075	0.117974006303905	0.0936506663190439	0.0779990844795448	0.111178799780371	0.00961627144150537	-0.0533007469842122	-0.0270519408187395	-0.142528132064657	0.0139016846885416	-0.316616866099377	-0.278720806147084	-0.0861884071452673	-0.0555606931211926	-0.0110510599265994	0.113098907871173	0.126072942192089	-0.0697042502341634	-0.258350808492154	-0.258293092375564	-0.0257350218954916	-0.0614953229134667	-0.102558344451321	-0.0691148478417416	0.0881710057987449	0.398927440880037	0.192229382293841	0.00270272410679487	-0.176789939572069	0.14622002448149	0.0434141054996515	cis-13-docosenoic acid	red
0.158436329225224	0.298100871225769	0.535845843247867	0.607602814181064	-0.0756790059191007	-0.342018588881575	0.0838532868979256	0.149103470081174	0.0387238033295985	-0.139983965630246	-0.17231799571419	-0.390460495323324	-0.517501807453902	-0.475890236993089	-0.317248496045351	-0.0744099623504128	-0.218381045891276	-0.0892911698776108	-0.112712223592747	-0.0164699201007494	-0.286258429966842	0.00346831440856974	-0.13507632780233	-0.301804505271871	-0.0897049875114534	-0.147661840681344	-0.0412460051635512	-0.132056923477932	0.136443651326838	0.139857881086052	-0.020918831668017	0.177453643868115	0.132811601888636	-0.0771798528097997	-0.17271118565088	0.494434870987109	0.164884996229367	DG 18:1_18:2	lightcyan
0.609100921788479	0.284150904023765	0.486346887981548	0.615272507415287	0.268710272846928	0.000718242391354836	0.409520478113466	0.316230288473294	-0.285639224574536	-0.0580716458715621	-0.279422399942853	-0.534208888176799	-0.443470462017973	-0.348550814550154	-0.211527248883229	0.12265952181895	-0.157506205622783	-0.254678170131003	-0.189702535652798	0.0889633377546346	-0.024074873211212	-0.0597188883918018	-0.0625009859259843	-0.413334153844701	-0.5371310046732	-0.322067285211546	-0.214487434003544	-0.59114310690934	-0.28821602284405	-0.291962331197822	0.0707953500003667	0.357048118458831	0.364272994904229	0.147188422522135	-0.076497107300927	0.508625046272758	0.273614538993241	DG 34:1	turquoise
-0.0523135703750281	-0.103674019364084	-0.334487411624779	-0.230418882257365	-0.133313163047692	-0.183212602429561	-0.110869113073127	-0.276351820954873	0.124372707267674	0.0238346937496139	-0.0414892636489832	0.118541748779212	0.0448963951463167	-0.0679035898510413	-0.31483647050786	0.208220966017556	-0.189276052338953	-0.176956203883752	-0.210749038143816	-0.115140042659761	-0.342474824422408	-0.196290705216964	-0.446386856080172	-0.299453076271111	0.117672863152896	0.220436434818842	0.0223678174074892	0.204693711084884	0.116608002725653	0.249211066504573	0.210968757600174	0.358426390016553	0.276082247629815	0.130084877429538	0.0994787116672329	-0.0038862097822788	0.390779624929359	docosanamide	grey
0.405195863467845	-0.192719572703341	-0.156339616505478	-0.0254983355094452	0.0760068711136004	0.0884154852780621	-0.0884315090309356	-0.198162321759017	-0.18181248564725	-0.282562536686303	-0.412756825117717	0.0877224767739075	0.0912844675513542	0.0443622240499982	-0.102014395228476	0.00427799297783153	-0.030827135230397	-0.256216055850805	-0.288798389877614	-0.148583247369172	-0.324731780931952	-0.149980488472156	-0.252116051637854	-0.467313750281128	0.2232735762426	0.0881189408730711	0.146710023545594	0.08074153860014	-0.168493501875397	-0.0815863489434281	0.601755477894465	0.288768789783223	0.221247020507664	0.486884097227259	-0.169844080981008	0.0220532239040389	0.270687231540605	FA 14:0 (myristic acid)	white
0.244936124073107	0.0912877966091843	-0.144872739550568	0.00592321103328868	0.267569973059504	0.0632910179881182	-0.0081143961956709	-0.0212246658723042	0.0607262555773316	0.037951661896365	-0.155119104207341	0.308190490367594	0.1191964451881	0.110230784119605	-0.259423641360342	0.01156483968359	-0.302043033470956	-0.235120877257804	-0.206615972892995	-0.136643661131817	-0.179466715192799	-0.251623605196725	-0.203721787658726	-0.0953464595112239	-0.00351863739825064	-0.0802863871582905	0.0148293613433211	0.125465207950468	-0.0335224477159971	-0.0293671228010323	0.875037010298964	0.418832307320205	0.1875612898494	0.206272335886378	-0.265690256903383	-0.041238765192552	0.143761750156637	FA 14:1 (physeteric acid)	white
0.140649234342302	0.0386344924878127	-0.0963687361767163	0.0844948876228517	0.312857285509677	-0.259766727299254	0.0515777938130492	0.0267126078340025	-0.177444406607135	-0.106616252748785	-0.171469962654707	-0.00400585582806385	0.0305510116577821	0.0289212317726807	-0.0737855435522425	0.351948087155816	-0.16046673072994	-0.233840836953183	-0.267192956963318	-0.06944839753238	-0.312759789367933	-0.288469852263377	-0.365941744790386	-0.371584131515486	-0.117285189654767	-0.0874252012966242	-0.0726049995067655	-0.0223109322375939	-0.145057199516614	-0.114885663684452	0.717835985215367	0.799846878427364	0.449412306202596	0.323084566662772	-0.182539604155409	0.12271132958581	0.511141015361903	FA 15:0 (pentadecylic acid)	red
0.107833159546516	0.246573237319774	-0.0299182215162416	0.14522550157746	0.218935012825877	-0.135843033848141	0.0446810255557469	0.186152031452018	0.0862687189689895	0.181890036101852	0.0698408819600728	0.0510871976073609	-0.086945224836766	-0.102602843666063	-0.310740092992739	0.0692280184928303	-0.35565963333597	-0.229999471500864	-0.195685289447745	-0.112360920811399	-0.0425954329665451	-0.26031823051542	-0.140304272457502	-0.00645072661501374	-0.307205292266587	-0.231558940131035	-0.10823384330528	-0.0386541112749604	-0.0131347739662166	0.0119466645326551	0.642879392274813	0.534169198935498	0.360094637809055	0.021357918232272	-0.163385706196134	0.145581358195106	0.232368362182644	FA 15:1	white
0.179776425077646	0.00835833996582468	-0.133951360750747	0.0135952660072561	0.0683408012891717	-0.137973859205944	-0.15611908788218	-0.126889210983465	-0.0784841960508447	-0.145243523885899	-0.260872564489709	0.138378421975653	0.0326035659762827	-0.0234324116038063	-0.168716441766829	0.0468487382173879	-0.20467452386203	-0.0959764254361869	-0.159955113428023	-0.199541170142164	-0.356163452856105	-0.426958965638041	-0.442927723760419	-0.37968181632983	0.087708845668888	0.0617801880259655	-0.0605271504427824	0.177596644543838	0.137655539270101	0.111166182308241	0.811320888883674	0.423220336512364	0.38470829057174	0.064920258645588	-0.197793893845963	-0.0870470988468407	0.322680380869065	FA 16:1 (palmitoleic acid)	white
0.219739974107476	-0.217983986028591	-0.0752965424721155	-0.00917050461377732	0.0778301430441666	-0.177800303027827	0.0951865449263994	-0.161853349776694	-0.33056083536065	-0.2237177100912	-0.377131276415744	-0.305392750449181	-0.097024765182379	-0.136978763385695	0.0123022066138515	0.429043493042469	0.176048987853083	0.0074662337914438	0.0683433336160303	0.217385819540213	-0.166481686424659	-0.141907690737563	-0.232890899637339	-0.350109493289499	-0.0415132381669037	0.24727988109126	0.107076836510119	0.0196906633990447	0.132144156847105	0.101559603921307	0.452352277016201	0.553650227988599	0.294896367675595	0.176846503663911	0.106896110730334	0.0997484431488439	0.630603392580031	FA 17:0 (margaric acid)	grey
0.111684709650559	-0.313381457995361	0.209786146551039	-0.00165349001750322	-0.205929691183689	0.052310157485944	-0.0580449680472976	-0.251591398272655	-0.337511408510787	-0.474798310805153	-0.57822356129406	-0.058847037881358	0.188232897509406	0.0839691556660578	0.0967338885801806	-0.125659242305069	0.31176213909363	0.360768943682579	0.24103105122831	-0.0298778636360229	-0.0760455387350415	0.0903438361226793	-0.0343738374736859	-0.263478268500704	0.521614123279607	0.432889071978488	0.371488506668885	0.167117958554978	0.0142070188321075	0.00537136983711101	0.0705102206856951	-0.231788389927851	-0.346784198384694	-0.0266379908120936	0.103655526440771	0.0844278799747774	-0.0273366572146358	FA 18:1 (oleic acid)	magenta
-0.460100245294445	-0.470947131588294	-0.351512562293163	-0.410122519977912	-0.436675795726943	-0.0897988612244795	-0.520337446003411	-0.491087113137743	0.00271737044682947	-0.262936562019248	-0.0668832299697624	0.402413837497343	0.382070751498696	0.238192468962334	0.230387175711577	-0.0413621981538399	0.336040494122195	0.383815112083589	0.161776262239328	-0.100782751109188	-0.21463009740098	0.0736152887088674	-0.157404291647596	-0.00413575876330672	0.921912921954579	0.538565923763516	0.459147944798227	0.584528242896202	0.150401350368154	0.211759076624811	0.0197168261466151	-0.370314100536469	-0.3507238155807	-0.00598131898960828	-0.0645097194382595	-0.302098348869927	-0.0579131588710496	FA 18:2 (linoleic acid)	magenta
-0.311678250081038	-0.112503944588496	-0.193001733706951	-0.117588244466426	-0.262602946909786	-0.107991391866341	-0.479695823761683	-0.348699304424233	0.279671643755086	-0.05985142830677	0.104845003639097	0.35183980014579	0.138274850964943	0.0698534675607731	0.0608363834788882	-0.0621845667692034	0.0275336719999797	0.0924016931227103	-0.109162225181043	-0.191627844221673	-0.383773036278337	-0.0928341599201237	-0.338340577121048	-0.0963501671543517	0.72109888193534	0.246202939492236	0.155915652793152	0.488562118621002	0.0953691490063374	0.239168885926866	0.017279390146728	-0.29310576107832	-0.194976925685534	-0.0395650480788398	-0.230588541350996	-0.18753627733713	-0.139493822944126	FA 18:3 (linolenic acid)	magenta
0.179278944167502	-0.0568299751812311	-0.10091793275607	-0.0281553437024898	0.0610386458493978	-0.0619429923982342	-0.2101976763565	-0.182638888980205	-0.0522583350486726	0.0135222310211326	-0.146136750996821	0.226545139893318	0.162122006387465	0.104919161061469	-0.0463492245176512	0.0810089979922525	-0.0631501294090402	-0.0962095184425746	-0.109525816226405	-0.123465528115809	-0.225056850781396	-0.42132115492163	-0.41824196527208	-0.318046545695125	0.244713457952617	0.0881950730366158	-0.00682656751876876	0.160942039059812	-0.0513846433938643	0.0121066665608142	0.698721016357145	0.157228294566983	0.282599386808864	0.141575887204751	-0.0520743528639789	-0.05450909357884	0.278684743111067	FA 19:1	white
-0.170758013082447	-0.241885371168755	-0.382035290652669	-0.276334244301492	-0.448449141350758	-0.369953971533389	-0.560482376203569	-0.47470115430873	-0.0326130863014039	-0.18345984118222	-0.220642911094807	0.226054757524334	0.00812874510515027	-0.201368924350555	-0.226952067364623	0.113625022737983	-0.0486314220718703	0.0562517819107717	-0.107262520000017	-0.127066896014691	-0.511330387349516	-0.1024980080542	-0.426106893613368	-0.284257245005779	0.711362080879225	0.578970862770072	0.403228163817325	0.567606075510781	0.290464905553547	0.516872392348902	0.131758738688402	0.00451232848945071	0.0814492337669689	0.0813053189397026	-0.0800760782635395	-0.197097564363028	0.219611534978619	FA 20:2 (eicosadienoic acid)	magenta
-0.473697465614784	-0.581081890362167	-0.497147496210624	-0.549458612542897	-0.496785820704285	-0.149409237790493	-0.56552433043335	-0.597704845422027	0.0214795060484077	-0.291153047193339	-0.0855045077161641	0.413657106251318	0.322380279374941	0.166342236626386	0.167929699552526	0.150257127328337	0.303182684465028	0.231411512772202	0.110270383046437	-0.0357211139200432	-0.224976149300734	-0.00651737103337054	-0.281883191090643	-0.125378949669345	0.947608039822525	0.660338320199847	0.507198560420141	0.676433319379408	0.272544442974106	0.309386658145613	0.0819108388879005	-0.134878474525933	-0.198357795505129	0.10044762295244	-0.0734621814943971	-0.341708841116562	0.164106513137059	FA 20:3 (homo-gamma-linolenic acid)	magenta
-0.604003518096936	-0.543673973905575	-0.555801189043421	-0.619661917332285	-0.471127763888353	-0.121971059446832	-0.600278734017705	-0.565544827665989	0.147012078840145	-0.105070565483322	0.103835425417997	0.45341240863721	0.362164217947784	0.233073200850877	0.241373289849658	0.182263527745922	0.352429152896018	0.239941173013835	0.14245150336297	0.0317998904766234	-0.166305054627682	-0.00677279498615381	-0.200615349250113	0.0205962217749361	0.901218076243494	0.604058115665192	0.416390254011177	0.637143612883752	0.228101728567741	0.300415652969327	-0.0365415183239359	-0.199528515498511	-0.263381955809868	0.0109949377597612	0.0103807943871256	-0.328447701601135	0.157674939455767	FA 20:4 (arachidonic acid)	magenta
-0.377044403483101	-0.246527331074672	-0.434226471472432	-0.475560218027053	-0.321273232344433	-0.142158826265763	-0.559219453311699	-0.477872551800673	0.330432253200041	-0.030172769382286	0.0723616763483791	0.586309058912065	0.369953708207378	0.214488628014503	0.000927949965055613	-0.0740190016822543	-0.0437717904646491	0.0240361774457347	-0.0562006170798348	-0.249784201256025	-0.196675901890861	-0.108891219722055	-0.24004112198962	0.0263935704366659	0.689843384427121	0.478006456434874	0.456700342604312	0.672053619590389	0.12164506383197	0.284022539501598	0.0528277709552523	-0.183998180426837	-0.191145439236275	0.151746459682352	0.0786285279661091	-0.335885772220295	0.0179327442919011	FA 20:5 (eicosapentaenoic acid)	magenta
0.0934166899940985	0.0427118417413613	0.131687608968484	0.153760582491311	0.127888373516962	-0.0931812046708381	0.277420975064084	0.0294013421426513	-0.0908651744272497	-0.257065336384544	-0.174317330379739	-0.114516749403045	-0.0564835548201945	-0.0555848057189252	-0.194475527278558	0.138362089530091	-0.187479878250296	-0.36714033556692	-0.173390218588486	-0.147001952223171	-0.119611855774492	0.0519927900361349	-0.0968618171487124	-0.402974890195134	-0.0803316770526685	-0.0936357981105176	0.150871762108486	-0.113553982231984	-0.184578817161821	-0.084911326681297	0.169681189218541	0.555546136839236	0.141958249228719	0.121686445686216	-0.0850751760607583	0.520195217296834	0.350207581168531	FA 22:0 (behenic acid)	red
-0.0301176990544997	-0.14042439076779	0.0634165094951316	0.0965584072023716	0.000255984633309814	-0.139670349470467	0.233750407337726	-0.110655079541974	-0.224827887823165	-0.3898664345588	-0.298138083295465	-0.13666712672523	0.0822444790849764	0.0160557298993433	-0.0938991730651836	0.284867869279708	0.0217914136953287	-0.110288844532494	0.142077396816967	-0.148848049302699	-0.0870172445361542	0.137769976934856	-0.0923612938799027	-0.522706312944559	0.0749877161758406	0.14830223291343	0.0952238216769111	-0.0591514704095689	-0.0940404748638226	-0.0652114802691865	0.0534804105867784	0.308809123975386	0.00437800358727858	0.0173407288042281	0.207702481267687	0.327638414086267	0.440768122954404	FA 22:1 (erucic acid)	grey
-0.202924697035479	-0.114094809531215	-0.142740396677318	-0.0693584975642087	-0.245474395724703	-0.518592870210502	-0.200861314247425	-0.213273073412647	0.0378854815899886	-0.0678384215136084	-0.0621792039075366	-0.0144199793629922	-0.0902464723458888	-0.125631760750031	-0.193563076842161	0.307534780209521	-0.0495870606765575	-0.0363882738017095	-0.0321639087898747	0.177480339804102	-0.324926026254419	-0.0341720595367085	-0.249155017153097	-0.182421887974168	0.273214083818044	0.247568829934947	0.199934339320094	0.270143056435112	0.341719693979129	0.310417055882843	0.200989063506617	0.324563382456629	0.208945622184704	0.00958742081226974	-0.202544522711558	0.0708978827478093	0.42174770321309	FA 22:2 (docosadienoic acid)	grey
-0.465531002894376	-0.548801406983547	-0.570011736727927	-0.603005264418699	-0.485345059815282	-0.204253215341486	-0.591248748781172	-0.664373575630888	0.00910640056618612	-0.177107675587297	-0.0714129019965787	0.44121990651063	0.329685647092459	0.144626483807039	0.104241750771237	0.16439786917205	0.28434649337927	0.242463242419986	0.13652983790658	0.037360724731739	-0.255455514030727	-0.00143581098403707	-0.227821407798413	-0.0724998885099552	0.945488741899714	0.713639435501721	0.538302911982826	0.697265710939231	0.267867024085519	0.425358078666243	0.0596305989700427	-0.171608927410336	-0.255365730759046	0.011196516926104	0.0343320783753714	-0.345386540123561	0.203374299186363	FA 22:4	magenta
-0.515078348716944	-0.328943273092703	-0.485661277672817	-0.498448290254888	-0.426298648504767	-0.227927661139615	-0.642813120317262	-0.517268423891522	0.323326503994254	-0.174286646104995	0.0782567828820415	0.515536065612802	0.305028846917176	0.148949997170416	0.0411123682584617	0.0906473726253625	0.0397651766768369	-0.0159079446506816	-0.102706136558599	-0.210209642685467	-0.423952535134226	-0.119140207608052	-0.40135936595514	-0.177372807985227	0.889540048920837	0.489535266755386	0.375272223725883	0.74300522578704	0.249215485744524	0.345456255833773	0.0996182801342146	-0.0285127896616058	-0.100957423276079	0.179513145526748	-0.129094927500119	-0.229487582168946	0.160302442599493	FA 22:6 (docosahexaenoic acid)	magenta
0.11098791054748	0.0589048761112095	0.0354807791318224	0.178292139261951	0.137971122352636	-0.266569080666471	0.177246702482262	-0.0231700812358701	-0.115765831509317	-0.190156144419468	-0.187166712644693	-0.170523464896827	-0.0224233442520369	-0.0114948621130908	-0.165278153846723	0.343151692292153	-0.129319508997298	-0.252793515955048	-0.202306712874838	-0.0834469787140558	-0.334174205442632	-0.183196824026931	-0.358240315960964	-0.533932991107439	-0.13979106289184	-0.0196251204051855	-0.0148995078116892	-0.133728389486846	-0.143390980729883	-0.0904230835916263	0.432579580584459	0.789460712470247	0.522818836624118	0.249004324538291	-0.0952340998794177	0.283353213303845	0.613330185722692	FA 23:0	red
-0.149628961536313	-0.357750923930807	0.0140843266578404	-0.0436772241211638	-0.318125337575445	-0.430890584144821	-0.0772573489463394	-0.451574373088994	-0.368933934271689	-0.576488206160647	-0.449688078889055	-0.163596688170087	-0.00106843249588523	-0.128080563824125	0.0792867889073917	0.352108566151343	0.225951647099062	0.0927035317928235	0.205595031898341	-0.121577268851282	-0.318737726735887	-0.0592826244909943	-0.339518416171063	-0.606590426364037	0.272650966214387	0.473053183363311	0.333926015278059	0.133406923726035	0.140070460650407	0.0995136664687643	0.0863099014301571	0.326678259163592	0.0723548153989582	0.00105237079940619	0.251256836953895	0.290653024442493	0.66480148720202	FA 24:1 (nervonic acid)	grey
0.384660856923275	0.197567029993479	0.181081501951115	0.323584233718135	0.387459175739038	0.030855654327105	0.34526730710472	0.386777292122031	0.0188299424060417	0.176626732857897	-0.00861946526222996	-0.212112801631937	-0.115408304261024	0.0125123033310843	-0.253397635392739	0.0535974411634761	-0.198755791240898	-0.323832178764041	-0.438369523465655	-0.0204232260245272	-0.0944445876874379	-0.0520771260973128	-0.144519519333208	-0.230107077625828	-0.299117103985537	-0.35251749944372	-0.101255231081424	-0.323193882762523	-0.325953135936128	-0.209862926439036	0.381893275320063	0.726314439389732	0.426835613850815	0.316208614715193	-0.300204920053702	0.221409545360515	0.195266290385077	FA 28:0 (montanic acid)	red
0.324382089380028	0.13548093179976	0.258063425516944	0.334032135068928	0.376350108538636	0.140910600327054	0.542173871414957	0.468229117932878	-0.191986265826809	-0.00490074398534344	-0.125481140070379	-0.262738126312381	-0.102093137933024	0.0650500756380906	-0.230808290541903	-0.027397096324133	-0.0847343668845027	-0.196675709361714	-0.139976334650121	0.0159588343975482	0.075318915509534	0.0631528111992329	0.116938128348485	-0.159747844347835	-0.402114728000231	-0.474203236116085	-0.12959688487518	-0.536724890857952	-0.362492019244727	-0.346604667600413	0.351272585613482	0.491755439985632	0.189902164661416	-0.0176254636023115	-0.303155360334884	0.291929627117306	0.0158377186785474	FA 30:0	red
0.425410649526859	0.272594633705397	0.411697541790309	0.49317552002657	0.468520690407284	0.205849930128616	0.614465662831385	0.540236720212435	-0.203781010138755	0.038620091654438	-0.126588185936714	-0.379755921602524	-0.144623680245384	0.00915857741936839	-0.160522054843092	-0.0576917238713159	-0.196354541710633	-0.113530028659027	-0.112428445147729	-0.0816137364521034	0.1226405361558	0.0598119832488933	0.0533930933068045	-0.17804840631966	-0.500645503835399	-0.51725208783495	-0.136465206243146	-0.510938239421092	-0.335219462369401	-0.379055940862492	0.268225997665285	0.403927998678842	0.297485195349528	-0.025070169232504	-0.17754200226134	0.256313584935448	-0.0545867091192218	FA 32:0	red
0.299265482616693	0.0895821064838652	0.148166370982552	0.242517023229579	0.206097950585159	-0.0307216521456292	-0.00451233738780305	0.105813664135745	-0.129107084288637	-0.122396350168755	-0.178250083866452	-0.342255550836865	-0.286866119934687	-0.194111656822128	-0.154032129537933	0.0294808446515306	-0.150432952846271	-0.160117388262109	-0.259315048474289	-0.00888754283346903	-0.355963302417041	-0.0363988184135942	-0.172944056355617	-0.364534186129751	-0.139144493525201	-0.142428743687779	-0.087871024934377	-0.168417976884123	-0.0753173678599069	-0.0102188658813007	0.2194248903403	0.478292419535761	0.357830940171533	0.152669623654547	-0.178620058214096	0.130569476279123	0.327956455316342	FAHFA 18:0/20:2	grey
-0.00129184221086917	-0.255164135021896	0.303519326460519	0.068647012208688	-0.0937908980965199	0.242111086116022	0.0324308897218148	-0.0667312447410655	-0.196191579777943	-0.3621586464936	-0.344560515109796	-0.0255687356451728	0.273523252775771	0.26183794538512	0.230684838652755	-0.271358461288274	0.381521407618974	0.457401717343672	0.2618157747384	-0.0424144134387442	0.063350626690351	0.251698146778342	0.14626770405297	-0.0286772193671894	0.452858816409026	0.196178242575204	0.219560014918976	0.0479608989093484	-0.0895317018420283	-0.192192606127595	-0.0300436949786248	-0.416636494652861	-0.485941816650431	-0.0521215415031181	-0.0133526423678771	0.0327143793728457	-0.322737386423065	FAHFA 38:4	magenta
-0.091042135939128	-0.202299433495241	0.0632805679462222	0.00940274183868641	-0.152527120196229	-0.00770232228090186	-0.0907342593793143	-0.301890997539391	-0.0715908958766925	-0.293652262593908	-0.0949724613532385	-0.227042000230558	-0.119817676148441	-0.150403171379249	0.0780528504875864	0.127815169049414	0.104061270583347	0.150343678639484	0.0338466540383143	-0.083375985929222	-0.207102908005773	0.634014796152744	0.0405331531304771	-0.156923335874201	0.342149346336555	0.345950943571777	0.446007924764274	0.271845050922313	0.252443717454449	0.20043233282826	-0.36163629252077	-0.0898240933032715	-0.0555303761726468	0.0279380404542752	0.039223564658885	0.0289864685107722	0.0210790143370513	GlcCer d34:1	cyan
0.186504708858465	0.0473017542056053	0.274458776178163	0.206704088864342	0.304546705684303	0.12419646780353	0.295400093087415	0.471361072280331	-0.0921705043025393	-0.0251110489743906	0.0705775060352406	-0.285336724929336	0.0610404570709429	0.183122112832654	-0.168504451231797	0.165984599566486	-0.160706669720953	-0.265306730950177	-0.257047292424582	-0.208229980570527	0.13422223121908	0.105407263797019	-0.00931536879941998	-0.0390073111751988	-0.316277933544862	-0.299229646609366	-0.0298395615592054	-0.398885714818801	-0.215627950353821	-0.26691790442779	0.0824432655050969	0.131072832151964	0.261924516611977	0.0266600128924649	-0.297932013143457	0.268783936417092	-0.15651047692508	GlcCer d40:1	grey
0.203097213129373	0.159040036461546	0.202004241144046	0.170117897917122	0.190859555812669	0.0962208965013219	0.267934388105631	0.370270502877737	0.0387775164296168	0.130277389279986	0.0529512163129926	-0.0124897971951117	0.10621555840857	0.155416462394326	-0.214648064902661	0.169857008450573	-0.255407601439675	-0.293916745979666	-0.2296560688457	0.0239676235296145	0.202211684841466	0.0920894644754099	0.0923208462102479	0.104012630021846	-0.147859711103922	-0.134948393139801	0.00966685214790801	-0.153944746827885	-0.214173916008659	-0.108521769825148	0.0659521613598028	0.0942322765345955	0.0807545668587837	0.0142574704293193	-0.251970511487371	0.144790346834651	-0.198116697617522	GlcCer d41:1	grey
0.146039379553386	0.0902036567870726	0.143269071802384	0.0913322467562082	0.221893009207374	0.12947671007322	0.27833170530365	0.442456587664948	-0.105846309718816	0.0060517409563572	-0.000971300182873477	-0.136939446308721	0.112082769950505	0.189006099081493	-0.151618776960276	0.211125867221149	-0.178405415755466	-0.268735758528944	-0.20927694419804	-0.205228316052602	0.185293162380594	0.0106773722611981	-0.0268083109467322	-0.0119558346941727	-0.341893547535876	-0.228208665752192	-0.0552513105132498	-0.370571780614162	-0.237137375562172	-0.270654449126147	0.00494564961174135	0.0864607740613685	0.195151969660644	-0.0243027848313342	-0.144913575915016	0.2760615600702	-0.176690690580352	GlcCer d42:1	grey
0.0921970096918994	0.109953963621963	0.225401151691014	0.217606600914305	0.0923739487745834	0.0746660286640636	0.225839401679755	0.376045480061985	-0.154213017021171	-0.0683206033789432	0.0801193418778971	-0.371670845151345	-0.12939933691585	-0.0278293110032255	-0.20244733361848	0.153472191921506	0.00573920473388927	0.0634730961854945	-0.16674744701808	0.124438386338127	0.0954467313565944	0.210856494321166	-0.0236327990684309	-0.0887360113148356	-0.287194145104175	-0.223335118774415	-0.0835043822966153	-0.331544134374882	-0.151204979601045	-0.204663836059799	-0.292004919716915	-0.059958869214934	0.225601681609787	-0.0429055395924681	-0.190593065600481	0.158277679836122	-0.282295661245076	GlcCer d42:2	grey
-0.182911991606505	-0.27784914921903	0.0229470227930654	-0.0634609114897342	-0.23763776366674	-0.156918967716333	0.168232246443933	-0.11150467985416	-0.239352463224484	-0.0437449469647622	-0.000791251938393598	-0.283586177569558	-0.143940756482944	-0.135488196677564	0.123188430298132	0.372688048438417	0.417142478471832	0.298739025757581	0.486937074133343	0.406843336173753	0.409162067603603	0.18425812183282	0.263495650743871	0.329715691009627	-0.0547394538478894	0.238994564297084	0.230376911334851	-0.0679310788610733	0.256795881075388	0.139517545314236	-0.22148239309882	-0.18733942609055	-0.106380540596645	-0.519202185417767	0.228652421611033	0.106147450897955	0.0424468073818202	GlcCerd14:14E/20:02OH	blue
-0.196144251889542	-0.129429451986456	-0.163158374081066	-0.155448684465465	0.198948235579212	0.0866027803466742	0.239681861621515	-0.127438779844608	-0.170304812677866	0.0759306190610168	0.113015345945965	0.29217383254061	0.542312731959271	0.496391561365535	0.375696529000037	0.508391779674521	0.176446342559731	0.239991686440712	0.298967968265095	0.245784426243853	0.224572617079548	0.0649762879245029	0.174882071486097	0.283001612162303	0.0232420423838755	0.115962405991804	-0.0900362066020008	-0.00281445412791902	-0.144536816867289	-0.303804619291235	0.125889574995262	-0.0602286558646074	-0.0898367223932395	-0.0762529658903424	0.0712549537277357	-0.15493222696309	-0.0436840806433297	Hex3Cer 18:1;2O/16:0	saddlebrown
0.138813561578651	0.205277262433558	0.374064911250476	0.297710406950116	0.277522759687551	0.0149689004690246	0.361592862919163	0.599416266716427	-0.0255699828547434	0.202839247919588	0.148605560301605	-0.17755838665928	0.0895182072221941	0.163494115265837	-0.162837909471338	0.19902366985527	-0.214429550307976	-0.216633576640443	-0.270920385756321	-0.090924210950817	0.312657968129791	-0.0710494043063968	-0.0957889010090981	0.0292694715638378	-0.344395006712842	-0.329640141408525	-0.216084715921574	-0.443928505758172	-0.332776971767346	-0.334227028343449	0.0134353202917053	0.204929641068997	0.160413020558339	0.0237595041460777	-0.139715689249995	0.348025949578436	-0.156423009766071	HexCer 18:1;2O/24:0	grey
-0.166555507434825	-0.254899092017902	0.18177355776045	0.00100547609474259	-0.10726896002257	0.184971300169015	0.125378878452406	-0.095258289790772	-0.192726545582016	-0.359798253686386	-0.134576891168964	-0.224285489550667	0.0198440967921722	0.031068043631944	0.23182198947445	-0.0870187960185728	0.265760022173888	0.375617220276419	0.296743230409278	-0.0270724128697495	0.159135668251633	0.807126414494738	0.379382561032758	0.127527350096088	0.216574130809843	0.256066857257	0.438733417606229	0.0998503411593096	0.194603666136859	0.0260543559022325	-0.452585852690325	-0.321231255731213	-0.368350168799083	-0.119737741283853	0.163850578771614	-0.0055665000671402	-0.228189971119894	lactosylceramide d18:1/24:1 15Z	cyan
-0.23738074775716	-0.230169382587168	-0.197361627250788	-0.1057099347463	-0.0976750456551557	-0.3376403573362	0.0864560428892812	-0.127986151109094	-0.329524158925109	-0.249125969223904	-0.184402914320363	-0.152329834939095	0.0845458615813722	0.0428449852898061	0.156813363161442	0.415173214750958	0.266962024455809	0.195988284506289	0.287447405549392	0.129119165348457	-0.055936044132335	-0.003493965758038	-0.107790973795027	-0.184234879780434	-0.046963908517973	0.182410387951337	0.0423279883936369	-0.119106305959623	0.0297291580866414	-0.0895832880560008	0.140295802162197	0.270208484531035	0.240191262790234	-0.00062792576549282	0.18183034204227	-0.0255897308094974	0.384003361555271	LNAPE 18:2_N-19:0	grey
0.218738689805924	0.13054665600876	0.205160311709953	0.197219669341108	0.219698276029612	0.11979076453591	0.303408130167929	0.333431645291179	0.0810996874238129	0.0632515007688277	0.0331261233199443	-0.192373075980847	-0.159058615665103	-0.0286815460516203	-0.0848212475886104	0.0415654153870405	-0.182165591803035	-0.258133811005709	-0.220363010405334	-0.0984447451792441	0.0501069407882672	-0.0780452074764858	-0.07443525842804	-0.0887818885231958	-0.336673145987325	-0.36469011889344	-0.196120109820808	-0.257435875036571	-0.0756722029524558	-0.161283189915977	0.1393150776159	0.184183340150893	0.205932573164309	0.0175520063950085	-0.283546320073428	0.0792332356491862	-0.0594071731812826	LNAPE 18:2/N-20:0	grey
0.0185284485281377	-0.157970879233347	-0.24410239725217	-0.243405225511248	0.349739435452237	0.557686497873446	0.165598245720929	0.0195420442056934	-0.0216782877259869	0.0148742455572089	-0.0644280674721627	0.505266475000241	0.694238379117206	0.784206631837117	0.251607142367973	-0.0207385849608682	0.0341941901925046	-0.0429704128411494	0.00596511806080967	-0.223630144651992	0.17343434720451	-0.0152009499083905	0.0704793970213415	-0.0519025844447496	0.190167075037275	-0.0511300864199508	-0.00678081413116709	-0.0574194345315206	-0.457167917150044	-0.501184398777264	0.282211613198937	-0.126688269300424	-0.185217376528402	0.0870696660472324	-0.00776315134645564	-0.276788405095099	-0.17104747907995	LPC 14:0	midnightblue
-0.0434281539953756	-0.108846258156739	-0.208222094891942	-0.154069545230214	0.379695499837805	0.319912272060535	0.227709580561155	0.0929079096198685	-0.0680811696899593	0.0631509373017882	-0.0008082216717277	0.483572501302081	0.791274823433568	0.82094833385742	0.0879185313501137	0.225529262119244	0.0587189172778572	-0.0690523541091515	-0.0694773876724578	-0.046059055825709	0.247517810772284	0.0523695131672431	0.083844180211771	0.0246919473795423	0.177252539882135	0.0180459947101153	0.0978283591094746	-0.0979067250079681	-0.630611703836035	-0.535199268740683	0.234411594776434	0.0037367064043413	-0.079969489354559	0.273305185896953	-0.0278015331876812	-0.18943630775461	-0.105214092174283	LPC 15:0	midnightblue
-0.161210760028724	-0.14374335166817	-0.116808683371228	-0.155544361132521	0.42333610080696	0.38727424413721	0.316228960541012	0.0993120128988299	-0.155604961101832	0.00370595927410917	0.0343338868176624	0.500107964748851	0.914971431868731	0.926537448207765	0.33874096253067	0.15731505063331	0.145939669975429	0.177763077633488	0.113875574220216	-0.105689764712417	0.30993175500052	0.147942011233138	0.171889622441885	0.146312374271395	0.221530212735766	-0.00438194558189286	0.10287620363812	-0.0185247348715669	-0.53553057113886	-0.600810438217537	0.131973902982691	-0.16401568739848	-0.24023916582539	0.167422540454818	0.0949301566272007	-0.250365670891299	-0.241168817630173	LPC 16:0	midnightblue
-0.0548818533367213	-0.122505942364811	-0.0563772911022962	-0.15122460626459	0.42799162577601	0.495441430185624	0.367880693404436	0.0673542333088237	-0.100071811319949	0.115196317216426	0.106986244008017	0.433210950236031	0.767529880234134	0.87897936121038	0.304382952772167	0.111494815372786	0.15404828476525	0.14419971115208	0.14792532888687	-0.00664566432320942	0.348575353858861	0.124524352362885	0.218099737246585	0.160531467923486	0.0650992661874192	-0.0729363844043674	0.0355774745385843	-0.133107987222289	-0.493692146657969	-0.555906659065255	0.142732940879898	-0.119679565885838	-0.215380002862064	-0.0452915604496324	0.0363438119291636	-0.189320567409251	-0.193837137531173	LPC 16:1	midnightblue
-0.286430518697946	-0.28307735597359	-0.184064408094764	-0.257693886466841	0.342402575174196	0.237401557177687	0.266967474131137	0.0969735748535897	-0.105474757371954	0.0445303943901122	0.0962904532445372	0.431632625367003	0.878690196722701	0.933063056233912	0.324390829150416	0.304477750582679	0.264791468163491	0.135249651083282	0.13985683915194	0.0628460860030596	0.295411889589085	0.13013893103285	0.1698400871545	0.183886864136437	0.22627710610784	0.0102252774557894	0.0308013851637548	-0.0845868400134512	-0.526432772920488	-0.553891798189362	0.105421502441479	-0.0931518446504565	-0.212874524160668	0.17844268247478	-0.0147733473141413	-0.210575214313538	-0.128106456218727	LPC 17:0	midnightblue
-0.203333497966565	-0.24673591113029	-0.187966678860946	-0.28793395967399	0.297257470300569	0.323505728930918	0.25128106301332	0.0680528406373178	-0.113124964522937	0.0379090195526311	0.0546978597257946	0.488829710945907	0.908677041934698	0.931906664154334	0.389434211594478	0.162271962746741	0.223279616304402	0.196781719786296	0.184259989729546	-0.0037975294422638	0.357116979626264	0.0854195548837915	0.21226150441094	0.219275937232524	0.233097224964827	0.050639678192215	0.0973455354959129	-0.00386812576488866	-0.453951356878731	-0.524252038647182	0.0858096300108218	-0.237684330688042	-0.253311437635222	0.123855489436421	0.0992162663221523	-0.315739787592297	-0.233329437742371	LPC 18:0	midnightblue
-0.273404189707283	-0.14762656548246	-0.123570538362945	-0.254185480721263	0.354210847898578	0.319399763558676	0.296406100394201	0.0573942763545979	-0.0630789265501376	0.0650288958796452	0.140512610767354	0.589628223162982	0.895193229031644	0.913823220666313	0.42031494155263	0.123989006578912	0.139744830045165	0.158266867894201	0.189238430138392	-0.0722070454409365	0.371301171341368	0.118148183661178	0.263661913534205	0.321026040750741	0.182376945345313	-0.0406683566937876	0.051589165618934	0.0315554046907582	-0.430570316216498	-0.520675543895627	0.0695382092620499	-0.237942324785206	-0.351036065572812	0.00453211723010275	0.0888586796822958	-0.235889016053296	-0.315853097427745	LPC 18:1	midnightblue
-0.296394860971144	0.0517713533283247	-0.142477082431134	-0.210422294415425	0.200325038098252	0.153066207145221	0.0160308246005456	0.045031032374479	0.209355958526266	0.231114839448868	0.372689044304719	0.680885756620277	0.536191124906359	0.576600287236206	0.252978763351835	-0.047564656163786	-0.0782263595062807	-0.0954505934514307	-0.138336219834007	-0.122140345564544	0.0919255535683822	-0.032640569244942	0.0692611549360525	0.224925824586937	0.190485008075787	-0.233937823693671	-0.130970438411339	0.0761056816483368	-0.366967606355561	-0.34650439183014	0.09995819468342	-0.147696279143446	-0.266887356034299	0.0277590897380671	-0.23833004878943	-0.155620919622478	-0.30865292035316	LPC 18:2	paleturquoise
-0.377721914514514	-0.370941577259463	-0.225529321153095	-0.332419528522836	-0.0064765495297584	0.0375680011287206	0.00969642426714021	-0.11369900341526	-0.112575519279507	-0.219973063166977	-0.105896177159622	0.376539492918398	0.777459697351305	0.698869908458772	0.36381284216037	0.0845301590395027	0.367887322463101	0.299353982052699	0.332098287477379	-0.144433559830786	0.115647101779965	-0.0410038424365292	0.100946752058626	0.124028782909574	0.311758286060222	0.288421959236492	0.229073004963507	0.0620682820229078	-0.229712355623011	-0.344784287818333	0.0853368758743041	-0.10770653486589	-0.195335075243429	0.12632641447141	0.267322416963016	-0.262524317537655	0.0635637945402464	LPC 20:0	darkred
-0.438546400903326	-0.305137326811277	-0.155355394140506	-0.341824784103543	0.195742783454593	0.0537896256029696	0.201120986284136	-0.00478222490721185	-0.139447563061669	-0.0959142011005491	0.103306063814118	0.417782513716649	0.809531134491607	0.826514734376424	0.429628190961602	0.262649838441159	0.259405733168311	0.159838422691549	0.273349583912774	-0.0384729015091667	0.2116586627451	0.0808297356567296	0.218336620233587	0.150431697672706	0.226309653855089	0.102787716454337	0.17726399445227	0.0394249858165679	-0.282206519198221	-0.411572213810352	-0.0000353800536645575	-0.0489801695390661	-0.200272892130703	0.0173928446219585	0.153301547072683	-0.145091836901362	-0.0244615263101837	LPC 20:1	midnightblue
-0.301088591764082	-0.160209488833031	-0.423218913753524	-0.347654477060857	0.0319728363050705	-0.050888695617462	-0.139012988014058	-0.304939971754459	0.116824094688851	0.0698160151702621	0.160630628849348	0.645972584140643	0.69353568450988	0.552875347735884	0.0867213971006232	0.335544334026676	-0.120837994349669	-0.0623331307928427	-0.00176538984253665	-0.144868181319682	-0.17909060816092	-0.0465382642350876	-0.115215472871903	0.037066929977477	0.433033675897677	0.204049651969589	0.0983055947804729	0.344705551649135	-0.135991155790025	-0.111775018607976	0.318289238067557	0.0438179673068236	0.108168125178346	0.215063651465238	-0.159751064647855	-0.188119643903031	0.0577760617922595	LPC 20:2	darkred
-0.201120135905645	-0.0627507939367318	-0.476900104578953	-0.446406316993618	0.0803412166750875	0.0160344851949513	-0.226618999501478	-0.263674426764215	0.0971393195030711	0.141250723863802	0.145202438688393	0.869918449128016	0.632457660327052	0.500407162965731	0.10640452088304	0.110906759337852	-0.153709616240259	-0.173394325393929	-0.093835429469733	-0.104020980044119	-0.0131615102265955	-0.162924087430398	-0.0643988302863689	0.11992234897126	0.417705105433473	0.198137572144077	0.0703005623799839	0.412196771952498	-0.189955869190858	-0.0312773522837788	0.251899968783672	-0.0774066421558895	-0.179489126194088	0.175332396762163	-0.0490415071248016	-0.300614971775451	-0.108395299965763	LPC 20:3	paleturquoise
-0.474015401567822	-0.0217944131875678	-0.569153656930606	-0.539359273625645	-0.0171934662109645	-0.11119499239252	-0.454958304547872	-0.216836904769466	0.324350496987209	0.325626900553857	0.434354034785858	0.906748751298639	0.551203086712366	0.431928102043159	0.122788219481741	-0.00410554256381011	-0.189407513204647	-0.139539745395881	-0.169539330038241	-0.195649944592518	-0.178642917455726	-0.275186728615201	-0.149260685117236	0.220997217239693	0.451096731335331	0.0454872488630903	-0.0431258979405054	0.476177993854886	-0.143840524998881	0.0475296971638672	0.2070207656456	-0.100576725203297	-0.216666197832427	0.179001954632362	-0.0141915359130584	-0.26381057142206	-0.0696905814208856	LPC 20:4	paleturquoise
-0.270468599203378	0.1831233494573	-0.320429444779346	-0.234024542438607	0.057219010583297	0.0422040697778939	-0.281868968564628	-0.169960428506699	0.413969928458515	0.215863688909711	0.314362830633894	0.824708749584729	0.482301739617493	0.348355831870782	0.0946023290771852	-0.135079991597133	-0.231699685390162	-0.150358645590458	-0.106137518145215	-0.316241856112123	-0.00295512153603768	-0.155356037780804	-0.100473385181042	0.221939087643629	0.276573548906706	0.0671181108342853	0.0137472637483377	0.368282975719672	-0.189424696774106	-0.0407328760507598	0.172981619100461	-0.155043165887058	-0.239751394176565	0.176642512225405	0.0869648992068745	-0.217513244681052	-0.135347309462393	LPC 20:5	paleturquoise
-0.377666167838299	0.149421613704568	-0.519295575983581	-0.409980072622298	-0.136875383960684	-0.227279350142014	-0.50563213181241	-0.360300428867411	0.505157867634412	0.180289798713417	0.290962683747093	0.843792076213665	0.37350332334849	0.190982613623283	-0.139127799839079	0.0615451194926489	-0.410487098533455	-0.272500400483181	-0.309345681740075	-0.280059416816725	-0.405169719110922	-0.249753950477828	-0.327088969058753	0.0276241243104575	0.497483742621139	0.20357794009777	0.134839450936223	0.678836701294177	0.0289008787788353	0.249837929846161	0.19200874251145	0.0676748252018528	-0.00643410296549837	0.205427250680417	-0.127832212449334	-0.19359776449506	-0.00676137505026956	LPC 22:6	paleturquoise
0.107470092133738	-0.0365209923830346	0.109895304623391	0.0983563965154832	0.241124442550019	-0.000186869780659628	0.292686683525613	-0.0927011256928906	-0.267807991889791	-0.110936963127996	0.00543960539095533	-0.130329765874583	0.140948901114912	0.108232846155021	0.156618664565469	0.37121999957	0.00951953459606673	0.0346886355064574	0.112151688130147	0.100445608590089	0.0700814737573211	0.647811237299181	0.244024344095486	0.0350814863179161	-0.0320634349947122	0.16695138962805	0.191564886029356	-0.00367080144185409	-0.00216040405531515	-0.0178738430982856	-0.095792558068631	0.132913143353257	-0.0437787384588201	0.0240151872641397	0.0222456684241408	0.0421899311551687	0.0767467795278339	LPC 32:0	cyan
-0.365668121937947	-0.27772248820338	-0.260388743798201	-0.359881866957257	0.207453467523405	0.181290366913667	0.0934364267015745	-0.0778062572292103	-0.102401737615738	-0.0355508731829997	0.130082531662266	0.549507561688789	0.920795634962776	0.88230168240912	0.345456055630354	0.247829744083847	0.257819281660084	0.158900636231659	0.192850827575373	-0.0539935762824151	0.231252420977375	0.0868763102526367	0.0748713100711267	0.168508481804149	0.3255163424675	0.159695987411766	0.076519568470077	0.0428325941084345	-0.415984181251722	-0.446070254607037	0.108474837831962	-0.147385903090044	-0.276108884827648	0.0829691653441251	0.0707703438485874	-0.190396337384622	-0.0785993969464118	LPC O-16:0	darkred
0.237091864301086	0.211070032050967	0.0380486541778052	0.151752722056191	0.00155219747120011	-0.022633837730112	0.0452308555058283	0.0543762876350466	0.242352375795044	0.127039454789652	0.0162694383749701	0.163417037124803	-0.0411884490592088	0.0270582231893415	-0.262063429639249	-0.205232091644466	-0.219150565271112	-0.246384628518978	-0.188082910197795	-0.00228755481597259	-0.249612464978632	-0.00138425309491061	0.0318526589504615	-0.224134458136204	-0.0916705179567573	-0.173409245349969	-0.0643633329687411	-0.0883894415329488	-0.127254006807492	-0.026552549724518	0.25838501631588	0.211288242487508	0.248327501684861	0.176209790408023	-0.162937812858174	0.128580826800375	0.159095382993894	LPC O-20:1	grey
-0.00289697153316527	-0.0785359675709842	0.0897679318654339	-0.0347458926353674	0.239007361564421	0.0684539848304708	0.373297908879962	0.0679392348298642	-0.240042786416937	-0.180942656755805	-0.161698811828894	0.182205837769215	0.411981309685491	0.430541455501338	0.0330627319885906	0.119147151205904	0.0163403784688708	-0.0571200677571503	0.25128347892981	0.111858996638423	0.295801867588873	0.360533877181681	0.411391409975576	0.11823617010745	-0.058489065218717	0.0771366528206541	0.211227892666313	-0.121388740234079	-0.224996423968831	-0.282186621834263	-0.0178472610427175	-0.0745555131898794	-0.288083839309528	0.0549533961547208	0.175115149262587	0.126294928760784	-0.0506800623596667	LPC O-22:0	midnightblue
0.0420197971518037	0.0187147012091258	0.139916698348469	0.124847799517661	0.202782139147118	0.282124106355453	0.412392747880264	0.129192042723649	-0.0464063948067335	-0.156374588864187	-0.0859388132050786	0.0714547703338748	0.158288212053662	0.243207703777092	0.206734635008666	-0.209551378078288	0.0181104919152089	0.0714361640100747	0.275850127709858	-0.110275051156198	0.217411340057793	0.386889802586097	0.456430141453444	0.115718313506868	-0.170195866513352	-0.127150398730417	0.023323027018445	-0.238322624280506	-0.225057250227605	-0.266857514315062	0.0168110951008341	-0.114320135011162	-0.38446395069657	-0.209282490528331	0.201362219295958	-0.0287783926820386	-0.163914556402501	LPC O-24:0	grey
-0.216542840213977	-0.113080420553228	-0.0553690980631102	-0.112160434448863	0.1958660171381	0.117862559025041	0.323873704636698	0.173430894223824	-0.24817016718222	-0.133731329497932	-0.0236544471636433	0.183743805514599	0.539430827339841	0.527003196157965	0.0641160986757938	0.143100501518015	0.0599853060135424	0.197673266181984	0.146161997162118	-0.168872117082012	0.103106169536902	0.426648602400476	0.220617096602926	0.0305389033661592	0.0708992083848121	0.0887963830995643	0.297064574672226	-0.0957527198179923	-0.393903561050284	-0.325371852966179	-0.176173128751864	-0.0418916065085593	-0.132907734561839	-0.0136622098562868	0.192196055893642	-0.103692052944049	-0.145911747964726	LPC O-24:1	midnightblue
-0.364883953158308	-0.284724685837556	-0.36950171194691	-0.456192098310377	0.0517950333406824	0.0777840378524279	0.0124795006080695	-0.115665175418998	-0.0980768014817908	0.0438532253662749	0.0844542256946601	0.612938753018924	0.83229348651773	0.694971358221005	0.193574381541826	0.11213675299115	0.139585742909504	0.187912832708239	0.179601078666037	-0.0443445282846652	0.28272264743229	-0.0266730981120217	0.108769443726056	0.302520754891385	0.31676925054507	0.182238017886733	0.178341334609473	0.194797471997485	-0.313103447044082	-0.21318844411628	0.0778280271843183	-0.249600665420722	-0.304083073237149	0.0129277252706346	0.200047593042626	-0.194504087382456	-0.157092375581244	LPC P-16:0 or LPC O-16:1	darkred
-0.191968481725966	-0.380848287893114	-0.218812288646908	-0.335555330729566	0.147273000773079	0.220275862207257	0.171000741151726	-0.0880207585734805	-0.223771805681236	-0.185790578698428	-0.14219796067028	0.401775371733569	0.877498088406506	0.837304048695693	0.296378358016457	0.203341537350811	0.358215905782113	0.175819792034308	0.256875457877861	-0.0134471793428844	0.221507406734768	0.1893694441175	0.181022944564211	0.0427021520850472	0.350194591356402	0.313346124855702	0.28069326529615	0.0311798040326943	-0.383593353491133	-0.402485265041246	0.0605302495047418	-0.141585876078058	-0.246854433246959	0.193807823954516	0.196435691459218	-0.258925131297277	-0.0145343838783631	LPC p-18:0	darkred
-0.407371610590282	-0.269984743942915	-0.205466305916077	-0.317427740939328	0.202474651626693	0.191229336613336	0.190283848167094	-0.0223419226118746	-0.134778843828164	-0.0794585792215024	0.116672254457553	0.54106826133376	0.924746226258065	0.870883143832921	0.351729486095298	0.197790820301143	0.169070650921413	0.163624769229781	0.138455689479893	-0.128304792605082	0.24770803533292	0.157790338233093	0.15170780470165	0.190610861908523	0.35723521112936	0.0846596696956766	0.134160899188159	0.108095709478952	-0.416060064692353	-0.459831189184854	-0.00789407532646799	-0.174089620333629	-0.307904847765436	0.0671911679096437	0.0544639218706113	-0.148633610559252	-0.222579811366393	LPC P-18:0 or LPC O-18:1	darkred
-0.217904622548478	-0.358400548191466	-0.317230231415049	-0.370886235682555	-0.314083631653314	-0.211393512697582	-0.317037192779574	-0.573866227079968	-0.119927194301375	-0.459664636057379	-0.373108268057282	0.115430589478689	0.287121088326504	0.0639753239814488	0.00386289586563254	0.319551304185999	0.119353395694296	0.0937954037633614	0.273143223461161	-0.0654517227499079	-0.242379992530173	0.162016296021206	-0.110213258769585	-0.264039829803749	0.569485610740883	0.757496664508095	0.536106563021642	0.586164007243699	0.406838628497395	0.379070026706272	-0.0219098784681509	-0.0422815971841319	-0.0235398445900269	0.0983035180558107	0.225870584337455	-0.0900584048577621	0.34990664854317	LPE 16:0	black
-0.0855346666051645	-0.514335507629847	-0.337272130154465	-0.450404026221858	-0.27997097586984	-0.124168264632029	-0.292584575637105	-0.615934198097037	-0.262097940451803	-0.415485282041803	-0.36106814452857	0.0655176904433872	0.251919409553065	0.0341724724728008	0.106442789179837	0.281897879463806	0.153711199728052	0.0599673383793745	0.188065981745531	-0.0766360750630631	-0.140482458772128	0.0699932097358961	-0.10087780248303	-0.211526096926552	0.442643622792546	0.770570397074402	0.52582924299169	0.540040637710519	0.462487037484228	0.377251348404116	-0.0039504873205189	0.0340996888583155	0.0469246680209177	0.13582607738756	0.304008312895027	-0.221078488358533	0.380207697418276	LPE 18:0	black
-0.402407771380857	-0.354843557950226	-0.421204474844681	-0.537789162140919	-0.318823391920756	-0.210885188477366	-0.489586717979464	-0.588569615927997	0.0166833613954785	-0.324014918032215	-0.180911813415827	0.36361728133319	0.297236148418694	0.0804980660826119	0.210166980371118	0.0906194876954154	0.0828555074379093	0.214196882344844	0.29953608311503	-0.0929586148128212	-0.187769284743813	0.0984342193278788	-0.0144837195535127	0.062499438252302	0.617564945013478	0.659224323018969	0.507217784573957	0.833530571065499	0.56715448674527	0.479267611760998	0.0832542395528709	-0.0914325339955733	-0.157446234769541	0.0269715771700405	0.198785413450674	-0.279638683221179	0.147230927517658	LPE 18:1	skyblue
-0.226341845128317	-0.290981441291655	-0.331784714385961	-0.464616925086341	-0.217196980116215	-0.179196200175994	-0.438592905738712	-0.609521466338726	-0.0108747384603994	-0.124257939689904	-0.0846108251642875	0.428681720561172	0.301921271997872	0.0825284315860982	0.277958913029532	0.160333056369644	0.0325838969339479	0.167685769604288	0.106152168499941	-0.100490647976813	-0.182638041046485	0.0139238360144602	-0.145443139993288	0.159659837056722	0.53294171362626	0.598148887039419	0.334749659004034	0.760148753368056	0.422368795462768	0.415236560651602	0.091388506052866	-0.106343888077504	-0.125567401155782	0.0557595907788948	0.114687018931048	-0.26071787941678	0.0410344001192963	LPE 18:2	skyblue
-0.423927702973992	-0.178506662045924	-0.58396477167701	-0.546387986737892	-0.302006476120529	-0.308990817143397	-0.715206416579499	-0.535985489970486	0.308203668073578	0.0255405203373497	0.129327518798797	0.536431398024459	0.139250378968199	-0.0835881143864667	0.0430739098025944	0.101544611371139	-0.154151427008593	-0.0282030361667953	-0.0843365459114551	-0.141376095922127	-0.393446328331534	-0.198072017465459	-0.331236081215701	0.0520107981955283	0.691043230370875	0.470834991694104	0.24092671000993	0.916864345868598	0.497358052991293	0.632873865641592	0.17037458860742	-0.0300181102034634	-0.0675196726487315	0.124759675636564	-0.0170743791102515	-0.390507778216612	0.133338171496787	LPE 20:4	skyblue
-0.379342361767849	-0.106394124860793	-0.435721542988517	-0.374881324164499	-0.206960652018122	-0.270874383811341	-0.600524179973554	-0.440766033955261	0.288568671812561	-0.144999392418043	0.0646965462432986	0.480350242130414	0.260463451613492	0.0591671855467168	0.00350665654618454	0.0440633635587497	-0.133338541182569	0.0502989089355243	-0.192898421572491	-0.323149741603428	-0.49623024911514	-0.0983383699331341	-0.387213372878908	-0.0457050134451586	0.642626038914181	0.404731496227617	0.327963939923342	0.857531218121274	0.353810012422099	0.43367118022072	0.215665383876703	0.0157541588409428	0.0679467799532817	0.246751897858663	-0.0602108218768157	-0.355595715626515	0.0265359812075134	LPE 22:6	skyblue
-0.401456355665142	-0.507743088196166	-0.468276997652959	-0.615545139161489	-0.481601987439526	-0.198911134058021	-0.482377146745936	-0.766793083646626	0.0134471046077303	-0.22500272479976	-0.0936520708810984	0.379126037241314	0.291299606965716	0.0615464620414041	0.220341117904757	0.263201879573762	0.286720435251983	0.201102394884616	0.281549935003523	0.0496319755667695	-0.127030998452235	0.0240259327607177	-0.142435849703891	0.0423366949653469	0.695887376715725	0.750691680020193	0.507089991083232	0.713869267038072	0.483715077943369	0.458003874564427	0.0203497788384211	-0.168454982932515	-0.188689119255372	-0.088399503652085	0.217470985132165	-0.205014914190057	0.281451925868232	LPE O-16:1	black
-0.370293305320169	-0.507706908501592	-0.378569338050701	-0.557025427187843	-0.506563753334827	-0.231013333793568	-0.48640382950312	-0.743916357070513	-0.0698876096748881	-0.259829606223378	-0.164366737209474	0.258840382220996	0.287417146344487	0.0672933051980885	0.312629136374482	0.284916502481095	0.423151484395484	0.338534039047074	0.374721096889631	0.105020313871592	-0.0998508408808844	-0.0379947727344197	-0.130168882587586	-0.0000292792720544004	0.66495801457385	0.805865716804126	0.51750078767928	0.651445103039177	0.462677065738857	0.399586375510737	-0.0825739307013667	-0.207611506834636	-0.108752294858965	-0.045855551024126	0.30375031133682	-0.211988233845033	0.282049641396296	LPE O-18:1	black
-0.158444575659653	0.151669478481737	-0.0726346992197619	-0.0188859691701924	0.440542511731878	0.0179602784902391	0.218398788044511	0.13400453741334	-0.0572587025729433	-0.0665925276362141	-0.0283656936918614	0.45923435334143	0.642986002253997	0.603406850648885	0.189006603134053	0.255923071499895	-0.173250777964342	-0.17604436421689	-0.077291486603796	-0.190881371132787	0.010500937799131	0.0444791158673931	0.0159825911572476	-0.0202535823671662	0.0756166236349336	-0.102520054521181	-0.0801603525064408	0.0610218541957063	-0.3845576372895	-0.40029329686246	0.149913582250895	0.122418331056813	-0.127694463528266	0.267601883874783	0.027180466897968	0.0735882217590573	-0.0598346484178972	LPI 18:0	darkred
-0.278951251906729	-0.154145271084582	-0.308422417000763	-0.305751477386035	0.138548415702936	0.135332818392196	-0.0492437499395946	-0.341773657847326	0.0182152280758955	-0.206263270247859	-0.0599257309409509	0.587848109756469	0.729329572288798	0.60394540025964	0.32274385776203	0.316336365073492	0.142890886319129	0.0754808567214618	0.209644734503872	-0.189982323559259	-0.0640286645573382	0.057003388143079	-0.104679727631357	-0.058112602153123	0.437884514250381	0.346083685300157	0.193109903721478	0.373492763229496	-0.133961499189096	-0.241682706178625	0.248753298999491	-0.0179732885760099	-0.131671259551941	0.193792261671207	0.180751344484093	-0.206665130608248	0.0747610731199143	LPS 18:0	darkred
-0.188056391764441	-0.0942094074426738	-0.390665356615559	-0.482836854783394	-0.300267575052117	-0.187471329515032	-0.474252558404964	-0.324976324635044	0.354288241186234	0.209613863672611	0.111727755056311	0.155242050073589	-0.207906125170637	-0.307176601568667	-0.213425924384138	-0.0818263549947174	-0.214639750758184	-0.0770911092769747	-0.0123570017263824	0.0731035716380876	-0.201978585959788	-0.152691782124473	-0.0540847245482369	0.184567858032348	0.258356128282539	0.296033547195512	0.147735917699545	0.597337811769049	0.637529733525553	0.801204701327337	0.00265857464513883	-0.125346446342001	-0.0992073811268021	-0.176496129916047	-0.0164847793308424	-0.264295020877863	-0.0055888142194819	MG 20:4	yellow
0.0301505998357508	-0.0450782303024975	-0.0023367659959704	0.175952647090739	0.179353125244444	-0.0781439975644995	0.195764665065856	0.0836064767022641	-0.0918299309103926	-0.0391251577180257	-0.12261589068253	-0.264407927638915	0.000438461768527875	0.0286748799946822	-0.0418832694740028	0.66857239971226	0.0615836165954697	-0.0433757731609289	-0.0429931208539901	0.0316130087032604	-0.0721737725067272	-0.12567704978725	-0.390031364297951	-0.374358362328164	-0.0189538130086535	0.0426446932470519	-0.0298191013759526	-0.0602599529414374	-0.0944365757496626	-0.0968871206283917	0.134915362161676	0.286033766032822	0.496755792021133	0.0917439685450743	0.000720792062051094	0.061559500634346	0.304888522856388	MGDG 16:0_20:5	saddlebrown
-0.313081449945174	-0.0787205131746807	-0.127068626259493	-0.127514278530305	-0.172444880307335	0.134503369104893	-0.0858381478598656	0.00363595291745724	0.257175374533091	0.305147936418648	0.435293311677776	0.136526658603886	0.0668708479978441	0.139007586752263	0.132806816196337	0.207157648823182	0.130048228910906	0.293628186635192	0.146951750080188	0.345642152891912	0.16666045332305	0.0976015163276564	0.0862160232691005	0.366418399195402	0.241634672339158	0.00104987736858149	-0.113865856979331	0.17055383307443	0.129881631539798	0.0309095704003084	-0.204523429726108	-0.341308283171784	-0.109289559970356	-0.228724273547274	-0.286589489931665	-0.246714788008511	-0.348865160327815	N-docosanoyl-4-sphingenyl-1-O-phosphorylcholine	grey
0.239499557987345	-0.057126626811756	0.130349485102426	0.225018671144227	0.413604956424862	0.231457358443582	0.740961579473398	0.35123942232783	-0.254936351346991	-0.0152449597074327	-0.147588464152755	-0.200104076400535	0.162225977902358	0.310279119433057	0.000626871006195438	0.342479979101652	0.0089239972420532	-0.194906253487337	0.0312265456841361	0.174302201518984	0.274425714478512	0.172768055596846	0.21135481368756	-0.183681432379698	-0.314680827643053	-0.292786527595718	-0.0719360290493909	-0.469755040953676	-0.43448175095628	-0.458695056793205	0.0937367925840548	0.303158632430129	0.165419369359398	0.1478187679992	-0.0472305329137162	0.155566511228091	0.12467194295163	OxPC 36:3+1O	darkgreen
-0.036814022426263	0.0139605469804673	0.116397970182218	0.144052411677727	-0.00992129176169225	-0.176243587812376	0.20601650699902	0.113283049581638	-0.0458439761567863	-0.162587035022524	-0.0862797237362759	-0.207668012142739	-0.0899198637587783	-0.025581483765079	-0.0401433058890433	0.325138770793625	-0.0575156819625481	-0.114205123398061	-0.012676230173234	-0.0344006421052485	-0.107900787026	-0.185151049908548	-0.228770356954957	-0.369164293732306	-0.122008130004992	-0.0426776089533786	0.0974435460220271	-0.106548495622895	0.116168153035419	-0.0807852817932798	0.168504042957652	0.381184255526886	0.39655208853976	-0.0957108372059386	-0.00966624032127154	0.163514831587227	0.394582811374174	PA 18:1_18:1	grey
-0.111618340928445	-0.482697921282413	-0.320159991153456	-0.352415060043446	-0.437005176969359	-0.428317520040215	-0.365843436562397	-0.618562943791626	-0.30914419665571	-0.32593447368346	-0.368755863809833	0.13353954597587	0.089772027808289	-0.0985653113630311	-0.077599215043764	0.336557295728181	0.127511483968937	0.0269056736859952	0.114889954606265	-0.0570439321305939	-0.235909245730778	-0.226589569467575	-0.367695458013729	-0.433044151816488	0.429373476290349	0.668654400752883	0.487731180047334	0.368948542700893	0.234272152340519	0.320704510232936	0.260691575284424	0.199952123811423	0.142524075331732	-0.00065879497814927	0.247971162942289	0.0287902538087943	0.658424834812834	palmitoyl ethanolamide	black
0.558641980603286	0.110996209842429	-0.0022247087223182	0.000163727767475266	0.29761150964961	0.63938108056107	0.186075759965455	0.075929026652048	-0.124997626446011	0.0854507068148977	-0.1349932980935	0.0244027418285657	0.00449301593420592	0.0780117415985332	-0.0996791666805614	-0.32300284617113	-0.245564675739315	-0.224232923676899	-0.148035298161574	-0.183304415053182	0.143862024038967	0.0677363467841926	0.153588560236128	-0.0859195829593801	-0.236158105025812	-0.198821664978187	-0.0197057361947734	-0.115283569627582	-0.173453714031807	-0.153842924795007	0.147302895160208	-0.0467669682909452	0.0687003103390935	0.0480729704711965	-0.0719254678857569	-0.105908800255135	-0.196760830354952	PC 14:0_16:1	salmon
0.395383080449287	0.0455494374892305	0.00741094508329797	0.0216920471957505	0.382843318831972	0.888564996216438	0.295026816619524	0.0950894464510858	-0.0306518123854596	0.129609921946863	-0.0407036717653371	0.057786328533451	0.16664691316891	0.284953090528401	0.150938466225916	-0.211162316024775	-0.017174329721862	-0.0441231898838398	0.0201572083255148	-0.0850981748846738	0.379080424541158	0.30219983324011	0.360967764288446	0.103970879029215	-0.141750038103673	-0.0995173329922906	0.0594829913108497	-0.163712713281645	-0.210188779262181	-0.297340192679959	-0.0795565216464064	-0.285380732357272	-0.15711412172582	0.0113238560341613	0.116255430919991	-0.230763663588327	-0.283097014422747	PC 16:0_14:0	salmon
0.163014766436655	0.521294084652906	0.256583165254075	0.528829507226259	0.233136090291026	-0.202425832539241	0.268305987657074	0.305245994429803	0.0752796367153231	0.20428809105198	0.080853669982324	-0.113609398077821	-0.255551484853302	-0.205346134421028	-0.212435304957857	0.270153441597315	-0.308222917934936	-0.178832748168735	-0.122890498432469	-0.0172100487449189	-0.160735591464218	-0.132489036251548	-0.16537230781352	-0.177660831209931	-0.374450470461192	-0.268758546991276	-0.236818449206982	-0.255285981540563	-0.161675431837354	-0.10289249893583	0.176240488463938	0.404546154082485	0.441999868249477	0.00660440465052939	-0.0457082001607446	0.311884060721224	0.211505872586523	PC 16:0_18:2	grey
-0.0226256227994355	0.474711585500741	-0.101707598408872	0.0021913098849044	-0.198362331810799	-0.38332857465619	-0.419977102852061	-0.0309968474254933	0.671967968774897	0.334341616170969	0.342399729466664	0.242014013734656	-0.274840040023118	-0.337934136614554	-0.521685977401261	-0.0986771605942963	-0.612974917971676	-0.560280955040774	-0.587546303804356	-0.204272253912543	-0.489590880794481	-0.352470299706276	-0.401539398842003	-0.236437600526756	0.024210457476451	-0.12877763293833	-0.151193508625938	0.311081720896455	0.133402302066253	0.4409358407495	0.0980850302914962	0.234711581677135	0.368653863457689	0.118414878366015	-0.272533574181411	0.190788098981128	0.100966071277615	PC 16:0_22:6	violet
0.379341135040396	0.422624837612621	0.306263269190825	0.415016159937282	0.909323737199114	0.533022447493772	0.556632945972863	0.551525547114554	0.0359810261720738	0.406490395220031	0.172725734797748	-0.0798103779732017	0.112009746124723	0.338901469073954	0.12685840375956	0.0702496199113969	-0.245375768618422	-0.225948264890554	-0.207053932387315	-0.0658537532449805	0.233894653676089	0.102796861223866	0.212857885127568	0.118485456771007	-0.536069382244787	-0.619856311496743	-0.476562968791787	-0.475721498940029	-0.458129406557255	-0.492220265585078	0.170563554477606	0.128252221282879	0.0880223929877282	0.0400767935573073	-0.112041333137042	0.0243702262851253	-0.283469303930108	PC 16:0_5-oxovaleryl	sienna3
0.340435585730843	0.313611158148841	0.253261457584445	0.445169557954954	0.91080459200352	0.380232184688144	0.639925981197923	0.41374565801622	-0.221264151263527	0.0126865932707867	-0.10881817031375	-0.0977252394035203	0.160294422684085	0.319623676365114	0.0641785392629187	0.217211475279989	-0.241286547148202	-0.233001654244347	-0.161690380258696	-0.178671163368894	0.0857476225354544	0.202104954676236	0.0792236434677307	-0.139454642377952	-0.449736881319141	-0.444434512286134	-0.272212282393873	-0.410112518474683	-0.452474030814705	-0.515909577444753	0.228970716600865	0.348196794333717	0.168562020381524	0.200151930777245	-0.0377058439988732	0.067446555479448	-0.0548508994380143	PC 16:0_azealic acid (PCPAz-PC)	sienna3
0.344114883492042	0.376566608863589	0.233781924306827	0.335186446574279	0.899050065195279	0.563350052755985	0.593356714603097	0.505013873660835	-0.121694937741202	0.376856627946068	0.136563302248258	0.0147615181856327	0.280036360815465	0.443666112087412	0.183072276361955	0.0940639424794102	-0.170620786546643	-0.126117767099831	-0.143647615047061	-0.0820820465989647	0.346986458970352	0.136066602981907	0.237726868332862	0.129864881009855	-0.485808804056554	-0.522604079975015	-0.337099762908335	-0.461609897046566	-0.60848356860212	-0.579772367872681	0.0737514573011894	0.0427799642995841	0.0425311407023942	0.0678271434076239	0.0514584669462569	-0.0207181061134417	-0.294729160664093	PC 16:0_glutaric acid	sienna3
0.265138814374865	0.391396048570987	0.230622375656484	0.435569522143044	0.950992558782525	0.34803438359107	0.548292964028699	0.507545945695551	-0.0372536243984836	0.217084234961663	0.0919438301808195	0.0969787245282393	0.230688731320484	0.399605399838857	0.0729951556423621	0.166735518753119	-0.35533063866295	-0.298034827348986	-0.267621949455034	-0.21852842835262	0.0838449002263676	0.053183994653613	0.0500065034447732	-0.0247785752057135	-0.38133025445975	-0.578268986437743	-0.381623399778021	-0.328760174709317	-0.483520320680048	-0.524264382741887	0.347752230254407	0.304548649889342	0.111855690626919	0.214956345537382	-0.181750611694174	-0.000756735363838085	-0.166694813260525	PC 16:0/9:0 CHO	sienna3
0.116433901427639	0.0981625977213276	0.281235847025389	0.0931389295395999	0.186118876750632	0.274138411503339	0.591317778262718	0.390569795683608	0.0327313479715526	0.0386263390701344	-0.0541262442004054	-0.11385286530282	0.157129997925532	0.288613180702898	0.0500914418923376	-0.039935471486829	0.120782818180013	-0.0985412944698609	0.248886977613711	0.180307019293325	0.467875561469987	0.0430301503097488	0.455144267810367	0.281113062324403	-0.358523940481934	-0.267296943106763	-0.0589161949409622	-0.395084870092194	-0.205873276207352	-0.392316285445476	-0.209872357366317	-0.12892992384877	-0.190131724529965	-0.151012292050087	0.108686497839944	0.112183029214253	-0.276879759576245	PC 18:0_18:1	darkgreen
0.134470398081961	0.0437259632905685	0.0281564134430106	-0.0731156094058839	0.0852198822654905	0.0876892132360597	0.184232879125563	-0.0213364088410166	-0.223417898706626	0.0889387814724837	-0.0280459868699912	-0.201251910665847	-0.133313788012035	-0.141663709341048	0.143397085748564	-0.0807019201954269	0.169374371395714	0.114018934653276	0.136712859692022	0.239290419250638	0.423388014474157	0.106593393199999	0.294021098723414	0.314027692871661	-0.444706632465357	0.0205260864331889	-0.0490206934481105	-0.158168783955963	0.026800082652202	0.0454658894200403	-0.221847366972231	-0.0849644806708102	-0.135027194331721	-0.12666945131365	0.350434509195072	-0.121969820732027	-0.0744678714141348	PC 19:1	grey
0.0000765258578524448	-0.0414015533626473	0.0161126281520474	-0.0754100942473667	-0.130964197450453	-0.0109605320484192	0.0533409080462839	-0.0383524677107232	-0.0953094255778374	0.115574910268408	0.129462708714	-0.191177883320267	-0.142314663241896	-0.131337060852988	0.109223002575031	-0.0226334277816395	0.297122465554396	0.223764049720654	0.140879056655607	0.391945615777234	0.27318440031121	0.082575035232246	0.229716542857986	0.382962825625465	-0.291519526642485	0.0582248276967001	-0.0536576384607699	-0.11410653692684	0.1508110490262	0.0844993576751842	-0.112104385876345	-0.0272440563139749	-0.103544975500699	-0.168037727044018	0.124750375716121	-0.0813619268473006	0.00496600538299087	PC 19:2	grey
-0.108913988399678	-0.017616498737305	-0.174822663791	-0.144466969947486	-0.405970031165038	-0.235598555094057	-0.256320068304792	-0.127627547586843	0.170097962103862	0.281843921269856	0.288273625327565	-0.147684453999716	-0.318343661796263	-0.325965943434928	-0.14975397651721	0.0828695997954821	0.210601876987686	0.0683884639275788	-0.059354307309689	0.371366804376599	-0.0481369932898721	-0.286619095260694	-0.155570350871341	0.0894897056695203	-0.146689582546854	0.0425991919839676	-0.141586181198292	-0.0808893142951091	0.170696315345821	0.208264718249579	0.00898083586969462	0.095984432258176	0.266729507173697	-0.0243426274854256	-0.0194522542987559	-0.0145994755564266	0.236020470734356	PC 21:4	grey
0.326204255819406	0.160802622143504	0.348760157328147	0.449563046004978	0.714817327852417	0.427347594029126	0.803978275999885	0.439126401847681	-0.387402263165675	-0.0364185312299445	-0.157615575462684	-0.318825557201163	0.0546134480710622	0.250498663839052	0.0947545160019043	0.125141093790212	0.0244993628093058	-0.0632197772877509	0.099709799227061	0.0962899134880313	0.372287228975619	0.320620209214647	0.347848833717467	-0.0506770956437951	-0.578972676919208	-0.446030871785803	-0.287662703866702	-0.697230074686261	-0.485716601204939	-0.591420256975944	0.036936366611191	0.230089833446318	-0.0357868041546304	0.0145294872231552	0.0524098947721934	0.211297438057007	-0.0281645105620384	PC 24:0	darkgreen
0.280264531085838	-0.0688734992106385	-0.0871682999415712	-0.148592219814033	0.152300050397607	0.699619530275151	0.0483590511521666	0.0490563184518095	0.114778206474793	0.117510304648719	0.047793603690143	0.0930180200390049	0.106889408777556	0.23475169174828	0.112528259809481	-0.377321941991395	-0.0683665528707165	-0.218614149307352	-0.058509252716126	-0.190552141809881	0.253433692671645	0.0639014629147832	0.235660324871987	0.0037529107901322	-0.0799302397606045	-0.182381036210611	-0.087295719810082	-0.141544755329958	-0.1320993828428	-0.17256534936523	0.0944252903277773	-0.183565166949227	-0.0853038360796287	-0.00990875023201665	-0.0667915830555803	-0.132828005696108	-0.153549121087341	PC 28:0	salmon
0.102303332695476	-0.42366212986413	-0.119485267145109	-0.283094235512346	0.140687319832638	0.67360526598109	0.281175460000734	0.0998147443409771	-0.275034230483759	-0.0773712670581551	-0.148828500871021	-0.0670273696394671	0.371001664879759	0.474544443508115	0.115724306599185	0.0353178814276512	0.322462656615813	0.140818449577681	0.178989709002808	0.107580415122342	0.466565820734548	0.32618934473936	0.31476148437307	0.0970156056090898	0.0371222103581167	0.117285539758622	0.206726665187989	-0.230952523772569	-0.268183296392988	-0.356240306896688	-0.168652243833154	-0.264048754753329	-0.201346676045427	0.055856373610502	0.114859720352958	-0.229060307799753	-0.183041046108785	PC 29:0	salmon
0.144301170927579	-0.10012461065838	-0.0122063079418366	0.000231934189367616	0.140261990981691	0.0359035067988906	0.229886011503698	0.0638215506750121	0.0199959826663942	-0.0530065753158195	-0.0255886915314162	-0.027201663083058	0.0720394793693449	0.176517503746397	-0.0194735213695724	0.29716868145813	-0.0221221498551665	-0.351981883446046	-0.152689480457039	0.229625688603969	0.00411839886340698	-0.0984237659670936	-0.0611322218151765	-0.222102797778203	-0.154455672279403	-0.0961147430911292	-0.227800716177081	-0.260196673629588	-0.0822438607640187	-0.240432383337855	0.29197681535107	0.390391229941147	0.196299455002975	0.287003483833787	-0.206607541880971	0.027188670933626	0.29011378613496	PC 30:0	grey
0.24641563372925	0.374712212416696	0.0797414104772494	0.34271917297029	0.802317347032692	0.0752433120979985	0.292422663856083	0.345029724803254	0.000889940275050753	0.243850576592423	0.0589107102101951	0.177111247134549	0.16590912879467	0.257592919553958	-0.0310394969851844	0.160755276894465	-0.383481713104587	-0.32929874752011	-0.329507857529202	-0.189053539359227	-0.0556231795212281	-0.0888128015064778	-0.0699479684815316	-0.041434701297499	-0.288523614892421	-0.432186548832398	-0.323302260905954	-0.173837795471272	-0.402146672072923	-0.286965973641263	0.449761821774766	0.353706524029061	0.140294528472274	0.26761546859527	-0.093531861944158	-0.0350439263122817	0.0148914461805797	PC 30:6	sienna3
0.0529641617030988	-0.130729955951132	-0.262738446184908	-0.272584850831365	0.0618957011808851	0.525969936934537	0.094776810484453	-0.0859630499600249	0.110316693682605	0.271699020826737	0.162555835806723	0.138726653236494	0.0983392413843239	0.204628317937139	0.0858480959154202	-0.0587286954279371	0.179597629707973	0.0421522218649498	0.182276000576422	0.431662252694138	0.364821386987538	0.473636788171654	0.628389368072877	0.4568934496505	0.0585215496509727	0.0894061611952616	0.164521637185395	0.0539866649597963	0.0686395617214226	0.099964061866543	-0.247525366884584	-0.39252604881145	-0.346911064545687	-0.120949892981731	-0.0153545332294225	-0.340761248599211	-0.239786428314238	PC 31:0	lightyellow
0.49873987575212	-0.0105184989629755	0.0851373326217721	0.08055285058217	0.365328111944812	0.872375176548792	0.403406811343124	0.140550519064138	-0.19255881953101	0.117567559385624	-0.158208098498241	-0.0908126390274776	0.139494180306439	0.299667226440524	0.0765364660974536	-0.132125002583084	0.114401619115426	0.0955704490261898	0.077869632666437	0.0986010062335747	0.373738083464842	0.253459661233423	0.298539037532506	0.0573354191447377	-0.181320541054963	-0.0916340866294115	0.0112628231574351	-0.311911104201088	-0.301915610659407	-0.386283375353004	-0.0481037257702149	-0.216196635602251	-0.0773674987534724	-0.0293210928157342	0.0338775548549721	-0.232998070162624	-0.264386923846296	PC 31:1	salmon
-0.147096241335582	-0.199893459392818	0.0313124197471479	0.0566196296022777	0.232250569281234	0.187308560532611	0.420552719391658	-0.0914646748021682	-0.304913548219395	-0.18055961950439	-0.0333870366808496	-0.0805835676506669	0.186944691806144	0.259499718381103	0.278318501249914	0.186625100857899	0.247289848154646	0.349955900213286	0.449854505123058	0.257889325106169	0.263459488518189	0.637089744682163	0.549241071268592	0.171400852413644	-0.0452470928298676	0.0597451431117632	0.19987589134588	-0.07000477308702	0.00738241019529217	-0.1669728182259	-0.126022971193807	-0.0957930330491635	-0.31512058403486	-0.227417847613019	0.241083483592394	-0.0861937301280024	0.0666580822910255	PC 32:0	cyan
0.509023473851105	0.179337027374921	0.30770732005275	0.309618014701302	0.473679863971313	0.888987769653209	0.510945863633899	0.285007170311145	-0.107715071468643	0.0591051704134852	-0.130521440711099	-0.187269543385748	0.0411921653890934	0.225685006063499	0.151408459884961	-0.22382797254662	0.00754811486059434	0.0974455870024794	0.0462092170005151	-0.0333237968292141	0.332938833908088	0.324066688898013	0.335256329820591	0.0651549937123423	-0.248406937105487	-0.277287548739525	-0.0795702935525717	-0.331414159296909	-0.230149311027786	-0.428512896750228	-0.0661248769891922	-0.226263993891534	-0.0774507156176111	-0.0846921818218529	-0.0454784218664787	-0.129560659397543	-0.441197184820228	PC 32:1	salmon
0.234957196077597	0.116712466623131	0.0863719233116307	0.211736553110253	0.383827583102255	0.791736109704992	0.21750596070145	0.275424264488244	0.0110367569110624	0.127457127520867	0.0662003279632052	0.131229434658991	0.132807877596186	0.322801734083819	0.206468582754387	-0.327489511627578	0.00517785416787459	0.0372670070507583	-0.00265269620031851	-0.182618014947262	0.24209649222604	0.182335055408782	0.230325089953853	0.0415828249115729	-0.0242084340113311	-0.340226978509366	-0.166819722398163	-0.243863437333237	-0.376252077804853	-0.454173895807366	0.0443106564359792	-0.28071743359959	-0.219563796651093	-0.011129371991641	-0.096032461773056	-0.192545780713503	-0.39238564882556	PC 32:2	salmon
-0.0936181345520684	-0.320888914967312	-0.0519179752362783	-0.159813399605493	0.149198808758799	0.362368677122864	0.414439832327768	-0.0151703499969095	-0.233169198135207	0.0508934783571882	0.0830767322012454	0.0064659802613603	0.346209351342788	0.435372376754773	0.415707972915521	0.107136340182746	0.499078622711511	0.324542108880165	0.487474912447765	0.54273800458698	0.641973979101181	0.619300143633618	0.816136061158104	0.569160083537813	-0.0203858827407893	0.102650944147341	0.213503350660446	-0.166019708195412	-0.126755392796322	-0.254052061626526	-0.33554099529111	-0.357654648576459	-0.473509717772045	-0.127344483875887	0.150071068855279	-0.250600649893721	-0.244878921103817	PC 33:0	lightyellow
0.451387475951614	0.198405487293695	0.38393080538165	0.332233291513641	0.547163384334447	0.745450527104013	0.702375167439924	0.449072629211548	-0.0766907712869822	0.187476687268306	-0.0725120016863464	-0.225769332137638	0.112859041360406	0.311508122519901	0.133539425857827	-0.0625903111587809	-0.00304178064031661	-0.0382085294326218	0.136053783917349	0.240989383426781	0.562744296402555	0.34723036204272	0.551099908301101	0.262819870260169	-0.386421824109141	-0.37548079522767	-0.186805333378327	-0.522067133396892	-0.337138567609415	-0.509026886847375	-0.14506986769871	-0.192288654074266	-0.146818012861436	-0.0603676731126453	-0.0528974358446215	0.0406005116527124	-0.419876528111476	PC 33:1	salmon
-0.0144249579943396	0.0716078172284279	0.108582856583836	0.14949743043657	0.316942802548048	0.463376137184909	0.351514003663361	0.343083473660282	0.0319379834053735	0.351189932151508	0.30128031422244	0.107661468177354	0.214285640138018	0.356665242537182	0.169144852645014	-0.067182677639695	0.138578695119954	0.208708823258617	0.0875959707620677	0.328436865654334	0.489460535763949	0.371451437890942	0.493936755252823	0.515891044338293	-0.0450273951352087	-0.25341961822588	-0.0929713335178072	-0.241834472896769	-0.399584695982755	-0.348279168514876	-0.232404815625441	-0.296431319428043	-0.364035216573277	0.0117598368351007	-0.0810884485268366	-0.204232977403587	-0.467463494223727	PC 33:2	brown
-0.358902243019326	-0.362935139787066	-0.299394558744242	-0.218014485456646	-0.100898535437754	-0.240786697623741	-0.0276322699794975	-0.287416094631344	-0.221876793353791	-0.325327017820653	-0.0724080753820541	-0.0949202035848821	0.17007902079595	0.0662730561256128	0.109677977314774	0.604553551527545	0.268532589646652	0.194381427113865	0.27734904784508	-0.038469199295639	-0.174949487282361	0.139387487355983	-0.127951454058732	-0.0823243020092076	0.179276710263768	0.379983824471688	0.358750445647876	0.227920800370261	0.273983691848496	0.116178783111135	0.0222207069301126	0.169500166934441	0.17934620576176	-0.00692412316288423	0.198631517534196	-0.00715104238228101	0.366989415724715	PC 33:3	saddlebrown
-0.194533913905196	-0.337863174119148	-0.0885655179599056	-0.285895642179221	-0.0899649985683455	0.248142459158906	0.287074426691289	-0.141991729553298	-0.146656613335959	-0.0823789104082043	-0.0166202220365747	0.0684364948567994	0.28006977514442	0.299398871855557	0.391938995066201	-0.0580331565671169	0.415087691975148	0.292413991027738	0.684060583322696	0.454082613185483	0.571864762836925	0.509683728981448	0.860210506320426	0.572799848573302	0.0305757468796289	0.175584960958903	0.215222283203702	-0.022229404183329	0.146864153234784	-0.0786120911696198	-0.259587105099344	-0.430324144447853	-0.599038674940182	-0.214856356481163	0.301091812632831	-0.15845500918354	-0.159926368836904	PC 34:0	lightyellow
0.433173169996617	0.307113113137446	0.531455911671915	0.545052517669124	0.570765970538831	0.399056306384377	0.789496351800931	0.510247067450036	-0.136458792131328	0.0668342079236656	-0.0510583557716182	-0.327270114634698	0.0374440323398098	0.217595759662349	0.0332049661967563	0.0992916808258869	-0.13697542723973	-0.189442600815081	-0.0753029020927427	-0.0256399359313839	0.27365313944584	0.19747834689435	0.227864462271272	-0.116377492806971	-0.449954765665295	-0.506820020083345	-0.180523112722637	-0.531947005780993	-0.392208854938632	-0.54603854410402	0.0234084400112498	0.176026610100155	0.198266013549725	-0.0213309410683983	-0.110330669742327	0.215381389284341	-0.182481281993749	PC 34:1	darkgreen
0.333426170010428	0.516930947372939	0.331200655901102	0.631789308232838	0.418640250981041	-0.0499257695362317	0.370232401633432	0.372352143796948	-0.0663736707415346	0.31051248424552	0.114926642300087	-0.13119808424356	-0.305274385957541	-0.227268870027209	-0.249748986445056	0.215639652491448	-0.379840367754006	-0.226209027961095	-0.290906537801054	0.0531862022512454	-0.0155554821055176	-0.00598183911637716	-0.0810106576031367	-0.121965048974754	-0.348759954273635	-0.392777846721369	-0.217167064067434	-0.312621002389093	-0.306667726558626	-0.155944479189732	0.157842605742778	0.327154658438959	0.286830214007048	0.0527086289564993	-0.181476812115623	0.23752085517006	0.0456479121007218	PC 34:2	grey
0.122813838698481	0.206992841271195	0.131440717954175	0.241095088926632	0.220865628785401	0.606546594046261	0.114174789480338	0.144255058426792	0.182644103235783	0.206886517662339	0.16988657556392	0.129012075052671	0.0940230874031659	0.225076633992639	0.100105083260437	-0.246336378295896	-0.0533868744348712	0.229117335795893	-0.057269865103848	-0.110851971072499	0.0997810924061361	0.28737324580108	0.151376612782913	0.181262407516226	0.169473932877833	-0.185453192260585	0.000218024683132113	0.0342336183925193	-0.202134099182471	-0.203003839357895	-0.0129606307069556	-0.319291314019789	-0.162912214114207	-0.109881528260345	-0.229491729777561	-0.231957257966185	-0.531980254124126	PC 34:3 Isomer B	salmon
-0.0337207057649386	-0.00402497264178017	-0.350852806486976	-0.346696591796742	0.0433199960393843	0.393538148410976	-0.272593802599186	0.0808257455908074	0.288905465148258	0.530481815147456	0.424434268613581	0.35434804832598	0.0976668044895783	0.202892895770891	-0.00603316746702861	-0.140081499563576	-0.104814403727364	-0.194025723348869	-0.207062658256862	-0.0821928254652425	0.0107999784996778	-0.184820158607267	-0.0107181488810208	0.0841723884497498	0.0890665957918013	-0.160398045595128	-0.181696955357402	0.00917106304161151	-0.156048087869667	0.0177613209954062	0.0773822574565491	-0.0721236695349303	-0.0305140618103608	-0.126801597661653	-0.131837254170038	-0.24247744033637	-0.0877708376248711	PC 34:4	brown
0.213671154975185	0.0894244648175783	0.404277642421171	0.231762604593938	0.385230837601797	0.479510405399757	0.695907960780468	0.416846928620356	-0.128613971163694	0.184167140152244	0.0279052154896625	-0.24309045311044	0.132190002301426	0.293672147075393	0.302303322853904	-0.0543228702374472	0.221552300696751	0.14567280183186	0.359989475449098	0.449409050677516	0.750830661602636	0.455945021920964	0.811713512709648	0.54033027212889	-0.391576974247647	-0.312178508528762	-0.13133066295081	-0.455615888607401	-0.246808581986337	-0.428637041426198	-0.35120793680619	-0.324156632729499	-0.363410264718259	-0.152919457912208	0.0761664686085433	0.0590469951374206	-0.481179820455149	PC 35:1	lightyellow
0.0796640932147277	0.0980746294252329	0.0107980781803204	0.0824069704620809	0.179405036016926	-0.266394576897629	0.27195965000293	0.109844062034262	-0.0817067369490849	0.233513390140307	0.0486540911149221	0.00703624624626011	0.0118793958598946	0.00410515178377196	-0.115643171609395	0.441211357847417	-0.184306874151663	-0.29538959964343	-0.0423315736018009	0.288583782189484	0.106624164887361	-0.0151066950300821	0.12339720571516	0.0872905558229435	-0.195346933980994	-0.0683238295941896	-0.102451341450241	-0.225422489200435	-0.17299085556213	0.0232420389563382	0.0884228255535822	0.259988927333951	0.126274153327045	-0.0305332788138767	-0.123245699892795	0.161977298259348	0.222525704586087	PC 35:2	grey
-0.147035116494685	0.126414745895574	0.0950314467188558	0.0487532545385608	0.278748025830431	0.233031827679641	0.355980531978045	0.405825342181493	0.119393194018074	0.506774493684869	0.426592134380936	0.174047248089461	0.242378758697313	0.343892266770556	0.273359411040783	-0.0439584432394482	0.145416334601606	0.225390200786102	0.194561579526097	0.420934304228722	0.576269789851344	0.179724942246607	0.541707424019637	0.76235647093937	-0.157957356929512	-0.326877682210004	-0.232614701595468	-0.183654199806855	-0.243731929892519	-0.255511485846227	-0.195660052376607	-0.269395885819784	-0.348093050997741	-0.0506707400356038	-0.0506995159056354	-0.210172393353286	-0.501353942305676	PC 35:2 Isomer B	brown
0.0461915944100571	0.181010765505301	0.17173871119814	0.263824730043163	0.301413735833679	0.440934886213883	0.274435658819336	0.336880799303879	0.300669519212788	0.430638338725782	0.3655804268943	0.0413742892775124	-0.0075100771766603	0.203042859246256	0.112983573026533	-0.044993815151235	-0.00266158428966798	-0.0191360071309756	-0.106255764027486	0.256198056688967	0.374695188842618	0.278445294369753	0.257213930280098	0.349700174236567	-0.00158062970740275	-0.356685575600658	-0.2171960939368	-0.216436528321722	-0.288148084793121	-0.256521785349888	-0.100908672158951	-0.108149396553665	-0.155693197459253	0.00367044541317775	-0.369321949612133	-0.108653252274673	-0.418067782112825	PC 35:3	brown
0.145923458088251	0.449443763174051	-0.0464026709508318	0.145093918332482	0.0867000916439809	-0.074505888678131	-0.0632222051789793	0.167046629939052	0.246736464442925	0.64260806922187	0.441867304211468	0.0761767237906063	-0.306250946880227	-0.299828292450073	-0.241714037185709	0.09981728213252	-0.388417122346358	-0.353565271158336	-0.342732392801408	0.0564642642178446	-0.109489026279501	-0.295028257702245	-0.194904220418603	-0.0106194763668743	-0.207172135311236	-0.334961208512075	-0.340622756257169	-0.11882182380189	-0.15559337305721	0.162978550918202	0.0906551561025807	0.174386274429962	0.23215623983747	-0.10761631394876	-0.0725664951730929	0.134818693449598	0.120769299695809	PC 35:4	brown
-0.180365948394875	-0.383873671357672	-0.140265413630786	-0.333234620521095	-0.207848721028075	0.15500073375404	0.0968376195577134	-0.196886240037981	-0.141447289062063	-0.219156541234084	-0.163229580878371	-0.133097188248705	0.107073414292781	0.105863579078333	0.324974661117778	-0.129359622663917	0.381472183090254	0.31523324947182	0.662093929710067	0.218224677787724	0.35252424739745	0.334289258334726	0.650634635317325	0.438522257644651	0.0396109349540592	0.254396940386075	0.305307262201923	0.0470147870179843	0.341906273151331	0.0914358939057214	-0.223992230796697	-0.350364350207327	-0.398276050341176	-0.260479151980643	0.299797761688049	-0.196837370935097	-0.0660588806955196	PC 36:0	lightyellow
0.169703213407496	0.0851007504734214	0.41316778016887	0.255825593465564	0.214172903755524	0.246979565044964	0.656201192823392	0.472089450655599	0.0671316582586657	0.262681304877862	0.084943615050754	-0.29609358072025	0.0302414390379311	0.220077446478017	0.179501733927635	0.0688675002419134	0.105256512242399	0.0532328924918252	0.290796857766865	0.325717345941538	0.611488384038428	0.178061040337197	0.541336949900984	0.387324197018983	-0.408076391488246	-0.282509365196853	-0.10886597395478	-0.45555167040933	-0.115072694833187	-0.270823929864624	-0.201136832153826	-0.144239614994891	-0.0598388358705341	-0.261550057524656	0.0320683006290644	0.0914341068017313	-0.281843392168361	PC 36:1	darkgreen
0.0619698169835629	0.309148632567731	0.272759460543363	0.213282384890845	0.247489840360356	0.386902253445223	0.380576952496483	0.444668620671789	0.241643392674652	0.471298158196736	0.356373972696626	0.119420994006558	0.140314727001398	0.300000270811728	0.262783602093634	-0.241755566741538	0.0453445151082216	0.194566626007722	0.16570907703813	0.273392006613022	0.54199481117711	0.132711740151492	0.501040636906879	0.674507001615098	-0.269612686947266	-0.397528365743086	-0.346022763710128	-0.272895344252954	-0.207816054070902	-0.315763086997343	-0.196254863634489	-0.399514732948629	-0.28539537242227	-0.0985021433744596	-0.10002737185543	-0.196664720404822	-0.652711914075365	PC 36:2	orange
0.219814348874958	0.434993792409775	0.118499886908425	0.2910477344272	0.119023289165774	-0.0449523826805261	0.13248248352083	0.24596430142348	0.393182711786715	0.372631770644249	0.311601422218678	0.0285815939075422	-0.347068670299543	-0.227980481839195	-0.380225983097105	-0.090167697071506	-0.393758590040136	-0.509409968544711	-0.463885201112415	0.0211943523609512	-0.106882652373002	-0.160055907401112	-0.131831652719336	-0.138385791834656	-0.233868360916821	-0.453260004425457	-0.24005748545098	-0.223011128180817	-0.172387443167442	0.0384715628628984	0.204536494413765	0.324860209693162	0.249782285120261	0.0400989073318092	-0.382986478757973	0.207934568543765	0.0102607781801131	PC 36:3 Isomer B	grey
-0.329257316582036	0.0817083133999868	-0.0592481653277195	-0.108546313619471	-0.0142771878750017	0.158124426553817	-0.0639807782244514	0.115257983770208	0.314237609990536	0.371115407371044	0.446586293156676	0.359490048184223	0.169364700747183	0.243526628914905	0.198644955783516	-0.257256493744943	0.0664186620238469	0.204319591495333	0.11582603411109	0.154651012446994	0.374906074636037	0.0938447357486427	0.336014750574002	0.632008482383756	0.152210417005745	-0.137392145034617	-0.0372819915878801	0.163992841878461	-0.00504586067584499	0.016457369306962	-0.161554085766314	-0.422750560289956	-0.455571820957261	-0.342643257250153	-0.0527221572851079	-0.302335673527845	-0.499175925248471	PC 36:4 Isomer A	orange
-0.0312457446298188	0.380147448395353	-0.0752720428756866	0.0406006639625785	0.0829388821098322	-0.0339852980415913	-0.198187262066191	0.212804126268654	0.528362669179101	0.799889655862518	0.679601752022942	0.202439712415142	-0.195953333825691	-0.11659075090082	-0.184826721729938	-0.00337054917007633	-0.37432531400193	-0.385301567755746	-0.501695390867977	0.0624673290205963	-0.142445501548885	-0.249355382470784	-0.134026532928683	0.103341404605614	-0.077658759246694	-0.421935178928612	-0.41257812322409	-0.0739858647073075	-0.203310854701479	0.121894996195093	0.0201495315869031	0.152325430148871	0.181558631056327	-0.00296478485319177	-0.243317652519227	0.138066729412954	0.0245403016260045	PC 36:4 Isomer B	brown
0.0257997713694159	0.41024684898836	-0.0308862146925532	0.0186900056979363	0.190328754108492	0.246761733815543	-0.109712693715802	0.219753992738599	0.468590490730778	0.877507491295966	0.744381560332336	0.250864961080873	-0.108481096084666	-0.0321766402930552	-0.0093817276509999	-0.145804719316239	-0.302036936333834	-0.165803932119331	-0.363266677070446	0.16150104213962	0.15220354263939	-0.0716975700124775	0.112396437647045	0.409050658448833	-0.0876440420355177	-0.402811451484947	-0.345357192112471	0.0165291305858169	-0.181194421915402	0.0968449091386052	-0.146915554671357	-0.157847085825615	-0.0281535860187596	-0.0736901184587586	-0.16535893332364	-0.121026862206705	-0.327889697561285	PC 36:4 Isomer C	brown
-0.225420642244838	0.178268562079703	-0.140381675710728	-0.172133037861856	-0.110807001739085	0.324094504667346	-0.253728037135788	0.0361804206308439	0.695896765808278	0.356949789119429	0.476735575815739	0.440918171157458	0.108147482326515	0.190854115614548	0.155148259564044	-0.483619626174154	-0.112024111028664	-0.00195731315806157	-0.0686606052063827	-0.114574466065408	0.0989359669519684	0.0436948517380455	0.161137163093009	0.382539851246563	0.149983451162756	-0.163710614397363	-0.103462118964393	0.194861574074314	0.0114697696015232	0.0208366715953239	-0.141088572669059	-0.32019869225278	-0.248428913208539	-0.0212731054453357	-0.106068316546044	-0.313150124584723	-0.370636259219233	PC 36:5 Isomer D	violet
-0.0370828180126552	0.108811015003621	0.0316665482198726	0.0576551085090573	0.226018535777329	0.117261185740374	0.0745020318810878	0.370530362821277	0.326148399467824	0.583146602265778	0.49609802653059	0.100200279878592	-0.0633911530375603	0.108937323012295	-0.0109636321410173	0.0741828751249841	-0.117694167098659	-0.21847815356173	-0.303196588511019	0.305955733427982	0.283735756021876	-0.0911557942493979	0.107148103035566	0.385211378060606	0.0214639669791448	-0.399119485215198	-0.256602833299977	-0.122611672401849	-0.224016833304177	-0.0769848051168488	-0.0457870835157379	-0.0419907930956495	-0.103945437490717	0.0405515497761373	-0.54938077727012	-0.0952100202150859	-0.373785742839624	PC 37:3	brown
-0.0696623431684749	0.19921198645789	-0.11456823624869	-0.103073772880399	0.137842887093097	0.11226002800603	-0.144822403776512	0.209482102073373	0.458857341315941	0.867229330208274	0.75382252779161	0.185860447179688	-0.0669221801096073	0.0423954663395704	-0.00736201223027767	0.010923329816491	-0.159677909417665	-0.203896204237946	-0.348652148187165	0.306620465287862	0.180592366087707	-0.0900638863124718	0.117316703762106	0.455616659042663	-0.0479803111570951	-0.351328091503674	-0.294226458444031	-0.0261111571939034	-0.168402286355762	0.118248255247512	-0.122682356929539	-0.0783076449072983	0.00246204570490073	-0.0346924298655579	-0.275118574992562	-0.0991335728698742	-0.211221913167495	PC 37:4	brown
-0.0526939847399446	-0.0306107520953033	0.296216375207702	0.0129010399667178	0.00315567275914202	0.252280476543624	0.369201733708768	0.251473026382033	-0.0746817168954783	-0.0246304913389435	0.00202676159949385	-0.191760720291254	0.0392833137790433	0.118334482241012	0.381771826160603	-0.293826080005492	0.19647512429704	0.230051157744523	0.53288136683906	0.248529461004023	0.60868064065421	0.481687597311701	0.843419962208051	0.536168209294692	-0.213296048977424	-0.145757894674091	-0.0111522866390448	-0.238324308404333	0.0653724169763555	-0.149728438756524	-0.477080828897402	-0.439865231842622	-0.528505945244109	-0.329544059409854	0.183043050570066	0.0788500824784828	-0.424378916755132	PC 38:1	lightyellow
0.0906892997727677	0.0530780987671204	0.0995554849263345	0.0719696940174386	-0.26660187953802	-0.278257973354969	-0.153194291523894	0.0144347594667058	0.0199064788860861	-0.0625803041297993	-0.170233634995527	-0.233150297228182	-0.246321143768502	-0.314999758447616	-0.268043020613397	0.137303105424275	-0.0476124298787101	0.0207253294685434	0.0884015881184067	0.210869184464619	-0.103901320519206	-0.0503317101547216	-0.094379122391734	-0.159359542214917	0.155753384493213	0.17412204163831	0.104307519515375	0.215688911436145	0.282823436410849	0.360367046350317	0.0795968509544151	-0.0568511026456324	0.127722840853467	-0.0849901910450906	-0.0835175076165886	0.205921645368658	0.0691445122873403	PC 38:2	grey
0.34403564925834	0.269535015668769	0.0609461010719785	0.0995820501220529	-0.0518856253756063	-0.0279004772383805	-0.0828493855836636	0.00872910900591243	0.293538661037034	0.271565579672584	0.122038823518139	0.0801591552787105	-0.307623173236647	-0.272868448599349	-0.303565685096363	-0.106842681451673	-0.375799211483952	-0.372721048127692	-0.351247265082456	0.063602805462804	-0.147599020891847	-0.192628037596455	-0.0927158264003343	0.00514290863787597	-0.113370131457879	-0.133416242602363	-0.139062512545708	-0.0199522716168814	0.078498953997132	0.194403990436542	0.105752259048097	0.0997265314132895	0.181319726041507	0.138647552963346	-0.379426043497407	0.0863201581638148	-0.0795619435034478	PC 38:3	grey
-0.0680574951349153	0.364443814177764	-0.12271973201751	-0.00596091973713025	0.0259317980828394	-0.170794303737295	-0.130784857179774	0.134774619515146	0.514248507264909	0.73448579219677	0.603131317145944	0.228660700101432	-0.148642036639454	-0.0959077829519244	-0.112003386058854	0.0991438841516367	-0.252060922859946	-0.308542054176341	-0.377730758976451	0.182838193415019	-0.0898624206570219	-0.407486377756868	-0.16977140817534	0.112804392169824	-0.142991112539919	-0.359423008126627	-0.407152166011616	-0.039854908279674	-0.143402574079359	0.129768770798474	0.00544773336752652	0.137194989947788	0.205301514829456	-0.0545220109589657	-0.147124104091193	0.0856073778934978	0.0960796928728549	PC 38:4 Isomer B	brown
-0.0476419654602536	0.386819761929977	-0.158346445114742	-0.10156975149246	0.0850848319019507	0.00568341607044457	-0.215469796674862	0.146192346874158	0.620256114520805	0.925408547019246	0.769799740052757	0.339585546355853	-0.101443357996038	-0.0444368542329956	-0.0832677081012021	-0.0401968675778576	-0.370751999347399	-0.294231002488088	-0.409501367547502	0.143356943914614	0.0274563197526816	-0.290640485332441	-0.0338153232124876	0.378303240437283	-0.109948501294044	-0.349443543461184	-0.375141604275481	0.0794755300325541	-0.0753577288017108	0.212417708174283	-0.036569283044557	-0.0370045584404694	0.105050221598364	-0.00371173776472012	-0.177970975026867	-0.118227259025256	-0.156554552881558	PC 38:4 Isomer C	brown
-0.165027129175092	0.405175263150894	-0.113421450185812	-0.017846264336394	0.245075790496748	0.221602746313329	-0.0861856386207303	0.261736501321157	0.708355711353089	0.83415487552224	0.75276392338831	0.440391145726428	0.0972978190706684	0.245207361258215	-0.0448857938561105	-0.186262768791257	-0.349071773423772	-0.239143982022309	-0.313172961488486	-0.0806955484479302	0.0638107024161011	-0.312701026698437	0.00470860680393064	0.409068462855454	-0.0831700208449647	-0.512039725898499	-0.383060156813273	0.0331754489691375	-0.186678375561693	-0.0332243000228481	0.0512995537325142	-0.129322113870798	0.0322829755542578	-0.0816536720138997	-0.229097485361914	-0.180034255775555	-0.332135234408162	PC 38:5 Isomer A	brown
-0.0157526981294084	0.391044108019625	-0.0738070970748303	-0.0738953907710349	-0.0491021871580265	0.0725728394355637	-0.25402964031706	0.168396558232498	0.716453253770458	0.819143757139411	0.625138164449262	0.28993795836687	-0.151479922490925	-0.119440543790999	-0.0822060530547278	-0.280868308962909	-0.330300632861428	-0.289988346733929	-0.341531603858045	0.10000321347643	0.125410743292131	-0.264030116633899	0.0847332311916655	0.477277110469063	-0.0508095495573289	-0.323280981091301	-0.333820743647659	0.104753910685281	0.0361295712689341	0.239989430500521	-0.136782249212027	-0.234478809293648	-0.0569565707577317	-0.0050454791320102	-0.200680094062842	-0.0894436538152432	-0.34095687170988	PC 38:5 Isomer B	violet
-0.485583672401771	0.119368764590333	-0.373760108323863	-0.41261225070003	-0.0878391109944339	-0.0178170564625307	-0.394058719267664	-0.0881065985528	0.6195898560669	0.627177961104144	0.672064740327828	0.633341269266348	0.195315296919375	0.174107767651036	0.119358720315257	-0.175343051374592	-0.151389435807609	-0.011049057499394	-0.0969430938760748	0.0107414203177572	0.113075142569019	-0.135675323293649	0.0448996145799298	0.563677755736039	0.291217987265581	-0.03910168914945	-0.0960658835113124	0.41888791460759	0.0728236028382277	0.322975510609977	-0.0790569102522437	-0.289352169927931	-0.358668738281564	-0.198551521837397	-0.0593381798347091	-0.386447154361584	-0.314770289028661	PC 38:6 Isomer A	brown
-0.162845166337134	-0.169340176412345	0.228887404908589	0.0165455212369114	-0.10517392095539	0.0773569762581874	0.322090134662776	0.144176199542433	0.00296686625305358	-0.0916111286251931	0.120599800562236	-0.2265839753989	0.0879092528220744	0.183770021045973	0.277637819829379	-0.0501807771896791	0.24699752058933	0.114106757457647	0.401086136213685	0.0921867444760919	0.409797165628666	0.364293126886144	0.578733625813549	0.283496065147027	-0.222642921435854	-0.0277177218539629	0.16754041309959	-0.294228001215014	0.0296421317836577	-0.182323762228235	-0.361640829203883	-0.115672426897652	-0.163066650376819	-0.32997486190524	0.220694321937215	0.133560120106764	-0.0463387946039922	PC 40:1	lightyellow
0.224559146215963	0.36763699226423	0.120935471694199	0.10640262674726	0.0751508671800754	0.228017685135518	-0.147187496602897	0.225523655608092	0.440434690441056	0.701029394109314	0.519824886511818	0.0655385221473877	-0.243349255596167	-0.15093887500993	0.015278182153097	-0.317022502689652	-0.257741863121403	-0.147160030010821	-0.354939379267522	0.111486338791095	0.0777333067801361	-0.157837307712186	0.0744747338535811	0.359389184498182	-0.108969249919855	-0.397757139229834	-0.414231142185355	-0.0388177634431968	0.0186638162486938	0.119745822300262	-0.115775647674194	-0.292358708526363	0.0130669629583152	-0.124382415300484	-0.253178009548027	-0.147397700625199	-0.444626481789456	PC 40:4	brown
-0.0829409946625548	0.426378139466934	-0.12823183934208	0.0123139836773764	0.0337134509193246	0.0199057643107496	-0.302189821077887	0.12981128076545	0.818655307498092	0.695025179726825	0.639824591358054	0.433445461087407	-0.082759624278895	-0.00526663993281698	-0.116809606799173	-0.191923759632294	-0.445136161619424	-0.377732099043783	-0.45633437996717	-0.103596922693734	-0.156828150801039	-0.386009126720038	-0.166544622006583	0.240010347323702	0.0332070123003254	-0.41351199449739	-0.422454228566028	0.173920365210692	-0.030613908718808	0.139591594425826	0.0788984453683979	-0.0843702774898504	0.133673718914956	0.097588850431024	-0.362567590607042	-0.0744544892187366	-0.23843349993485	PC 40:5 Isomer A	brown
0.117983534578335	0.274361856774722	0.173039410418528	0.129479607679679	-0.0128138045973487	0.0690014039419778	-0.0777967524052041	0.336714190406615	0.520081164047849	0.608505104961908	0.494446904883215	-0.0697301416107648	-0.269940272266125	-0.151697176856992	-0.135235469692357	-0.156125824932874	-0.303044033025472	-0.33990172157463	-0.371981846059294	0.0837000039298467	0.136620920477369	-0.179525919052431	0.0822142881225836	0.3146654685738	-0.130308048880452	-0.415792554313482	-0.321553724181072	-0.123631628464899	0.0573888518727585	0.104415549823008	-0.190409535662992	-0.215110163239375	0.0767623606387904	-0.0265160012300767	-0.450784516279217	0.114841131061926	-0.416970675565513	PC 40:5 Isomer B	brown
-0.110178966977045	0.389964669739736	-0.136844434139554	-0.100372551702257	-0.119299964494203	0.0747820280022314	-0.380375421737229	0.0869118063716811	0.921804300004626	0.531700912257793	0.612677924642977	0.319506781340395	-0.14910762296814	-0.0786645451442469	-0.173186927721977	-0.319205130018489	-0.497365960194652	-0.424298461612764	-0.528452185586224	-0.178244367979222	-0.249685525016677	-0.243024024329197	-0.152130992447256	0.157545085163554	0.103818897453785	-0.323904816735338	-0.252860617277299	0.335436510316102	0.165709944248877	0.275596832681182	-0.057281466653369	-0.0414481715321363	0.171619523473639	0.11679871486294	-0.443129728831205	-0.102046061681358	-0.295390990979821	PC 40:6 Isomer B	violet
-0.353295399616194	0.305797297964457	-0.124063245155043	-0.0534646547208239	-0.0858324938914126	-0.213454498664231	-0.292201565310142	0.0437809624743437	0.792341766805475	0.333632502476361	0.518306462615143	0.39123834853519	-0.0452882080682874	-0.0220385128051292	-0.255954477946898	-0.118890352230883	-0.44244040693739	-0.3876304086311	-0.437291080209118	-0.230942430591369	-0.406727185580575	-0.25028834784252	-0.260888858493158	0.0493618680209958	0.205174255540617	-0.274419183312708	-0.177747327421422	0.355399998892161	0.119079601370239	0.251206293067183	0.0855576979235512	0.171447315211716	0.104469462004513	0.0644953620010352	-0.403303635258008	0.0491481446261051	-0.0970413032582781	PC 40:7 Isomer B	violet
-0.0290156629259584	0.177872446667742	-0.0719594190196953	0.0593727446868607	0.243456124466132	0.151540713701046	0.23601636828043	0.161749077836325	0.138908193056571	0.505360242921806	0.372520922479375	0.110934417896799	-0.010812241702748	0.0267803222009642	-0.0684299026398129	0.129489599302532	-0.209628024259098	-0.0862213935642678	-0.0218593053319763	0.117101657437565	0.229344859565742	0.0516894876870615	0.277904346793266	0.339064351238487	-0.263425402501134	-0.218688903629669	-0.131078510118545	-0.141330388124091	-0.145888417633552	0.00609792754457719	-0.204448082054403	-0.081059583057397	-0.0757329466282052	-0.291822324000723	0.0612124428226914	-0.0709997444224634	-0.169448872625295	PC 42:2	grey
0.0678508286609303	-0.0926530796038293	0.109432718235873	0.078802663328847	0.208348135036741	-0.00239294287951532	0.344758142185054	0.0164904322093302	-0.227003843146344	-0.0927319357343816	-0.102637646515543	-0.320143153430059	0.0121351281947986	0.0148948886703092	0.123278948606433	0.450184303056948	0.22311178885441	0.067373391105411	0.224155045285064	0.273788313701767	0.186906147649328	0.386865099895241	0.280570926631662	0.133501527376833	-0.224551156846762	0.15291135603225	0.105090327717539	-0.147907785096852	0.141334010674133	0.0128252913270928	-0.105790180967323	0.140436508034312	-0.0353318802698829	-0.0244029004445748	0.162089590200847	0.184920417928385	0.209663269045657	PC O-18:0_16:0	grey
-0.0337236848856297	-0.147454043113673	-0.0592315613291201	-0.148039256582515	0.238222027251762	0.469149365374796	0.282433626631288	0.0463756420421412	-0.123193844320809	0.105616668200191	0.317197086810318	0.148101417013275	0.349720106351724	0.426904281563503	0.410925861898327	-0.00157095738976443	0.202467758082001	0.125876594678735	0.208557619227087	0.114800177379657	0.4492617857584	0.671312301959644	0.573678611834108	0.438495510054983	-0.033308726122426	-0.0511543548819677	0.0943115858301587	-0.172816830204478	-0.249518122949817	-0.253977027990314	-0.156248296394386	-0.210872782282693	-0.351521347352756	-0.127794008427985	0.0311251495008057	-0.209090238536937	-0.269852512686526	PC O-30:0	cyan
-0.00678538515419524	-0.149193383844275	-0.23497485979641	-0.268611596406819	-0.0246190393070126	0.303203171974241	-0.0662066538879459	-0.069455746176689	0.0595591085668093	0.287661910030632	0.240550302926456	-0.00649890700450518	-0.0199009932703978	0.0260823893171034	0.100248778255429	0.114196726104031	0.124853576187675	-0.0326653203255271	0.0426445137222283	0.131447356407237	0.371729053698318	0.0836354526768212	0.165726558529859	0.302458226852191	-0.0509273416981288	0.16510969265051	0.119377107798862	-0.0493946604887231	0.117349356230553	0.180728766071642	-0.159675007868902	-0.24523745301871	-0.0867393391798734	-0.419513917083908	0.105218565775474	-0.362408329007687	-0.0710707793331628	PC O-30:1	grey
0.120962652955024	-0.2502799073969	0.102693254762805	-0.0617291090078325	-0.255994427002158	0.0919985068423731	0.269340247820064	-0.188634132925838	-0.292627512722926	-0.324207985569455	-0.316261537490931	-0.443227962296946	-0.145337511458881	-0.137094965044171	0.0604345942721579	-0.00475101982626646	0.357722050574371	0.043861346853082	0.374818160587102	0.275875629194068	0.297374675785049	0.159051441356588	0.267874075521632	-0.137895558185376	-0.288467475870344	0.203430328885858	0.0664592985967536	-0.340657990076411	0.0658014395486198	-0.0474498602744229	-0.322027218532652	0.0814303553680353	-0.0385977673538448	-0.126412347622107	0.314430880458652	0.332242666549002	0.360454573228109	PC O-31:7	grey
0.0338437435923544	-0.0357327560289155	0.179812334954426	0.131591395474497	0.311626875050516	0.334040918115961	0.465852441636924	0.145880008113907	-0.277485652429357	-0.0661592659511284	0.070012210878273	-0.160449602923641	0.121355633364059	0.219508479529642	0.279839428394742	0.0272527150739573	0.12715428040579	0.225471696994663	0.346934718381177	0.204349669915405	0.370087572013745	0.84518452821673	0.674542340357101	0.347356564295626	-0.171737014426397	-0.0994284414508755	0.0694219949378125	-0.220193683343895	-0.0674602432959754	-0.207308997065433	-0.203058971779092	-0.103596898864362	-0.377017601450401	-0.222328799534784	-0.023480226181399	0.0394408674491598	-0.220674516931643	PC O-32:0	cyan
-0.0705092748485515	-0.205891184968362	0.0158284545968452	-0.104047858407675	0.12347035800706	0.305982197839141	0.337464100269623	0.166638522868659	-0.225301567730073	0.148882858285174	0.179702465936272	-0.220435358365311	0.0804017266705293	0.163034710049144	0.302303323236701	0.0693788883729506	0.307616600811969	0.324612521476183	0.470174916852603	0.351503206585056	0.634814196223861	0.457745498478097	0.698443700413469	0.682621814783943	-0.257902885600346	-0.0365165141379982	0.123996489773199	-0.266873838501777	0.0626013583476428	-0.0740136610760497	-0.253854061433895	-0.315007500548712	-0.326399582752099	-0.493371129259309	0.120461579992643	-0.157442928127917	-0.302465999472002	PC O-32:1	orange
0.233083499307098	-0.105614819306305	0.311713450307228	0.228238801093177	0.185226565146181	0.262947812331416	0.476016989312992	0.222339543050965	-0.354793162001856	-0.148001489886439	-0.129152116256662	-0.407953217222041	0.00528235142792437	0.0950585019555032	0.232006241156965	-0.0141026608490211	0.366065883621676	0.234670771382316	0.296154459235852	0.376311422786558	0.48455637086606	0.793822540505575	0.622955307118812	0.265807379801879	-0.205198992353286	-0.0184875686047683	0.193280161974709	-0.368783784999298	-0.187080228230759	-0.240323409146803	-0.352131243547005	-0.184376123803275	-0.3095407667415	-0.0150879645581749	0.092663108952741	0.137493433666438	-0.176468954473391	PC O-33:0	cyan
-0.0885850503696402	-0.256857388611081	0.158452897969824	0.00546766412479917	0.102286251581031	0.187472780591748	0.476739194694804	0.137008274544063	-0.416044194358348	-0.198873984925646	-0.103464019586282	-0.247115286988372	0.202291445352932	0.238190756479989	0.398786564150152	0.0238024962725066	0.525536048364838	0.431017458168288	0.636225943670126	0.36298937953885	0.506922458329361	0.646419559733155	0.747126757514294	0.442750332263437	-0.136015498514868	0.076513218869938	0.136944060189312	-0.268862660443677	0.0043385983712978	-0.201217772007333	-0.321862051251158	-0.297911969990252	-0.507533653945903	-0.276983028911212	0.35024377223236	-0.031245205744682	-0.167019233633734	PC O-34:0	cyan
0.311121306899706	0.179859378461439	0.434597666712583	0.286818996459929	0.347669719778823	0.344747075994105	0.596796703466926	0.423345557648114	-0.198402189354262	0.00569383218343101	-0.0126190972128877	-0.376480791717021	-0.0809218116498199	0.0687137226744903	0.206595820589875	-0.262462378986921	0.109478028316874	0.0225987200854406	0.265668246212587	0.161275761683612	0.391954324085478	0.529515154111864	0.741275626929176	0.34740856262454	-0.546219507609853	-0.390145709756152	-0.127757926275421	-0.514413292484522	-0.14616840414954	-0.319377821840816	-0.312643819862043	-0.176945812450179	-0.232183578785384	-0.132181389075005	0.127370860869918	0.180427775746218	-0.360138842809607	PC O-36:1	lightyellow
-0.0538502025330973	-0.369019597967069	0.0743378027656317	-0.153552010364407	-0.0858421435499908	0.167487714433024	0.422317686189664	-0.0975430134664155	-0.422385474709091	-0.233070301777712	-0.283841318927448	-0.12882244333997	0.228153654136704	0.252870214709089	0.458026012442253	0.0715105309428366	0.594954223096576	0.425972091508767	0.819300177972691	0.447730353899002	0.624131540372632	0.291018909272369	0.642112634942389	0.313604906286115	-0.078144398172111	0.184707239591905	0.206593350671943	-0.213940583743263	0.0418125804863434	-0.219749362963893	-0.228066427935404	-0.389542963255601	-0.420643980299681	-0.256709807806325	0.405888409848318	-0.0399121885224427	-0.0223785565135806	PC O-37:0	blue
-0.00660965649215884	0.300776870186442	0.266880218650055	0.26109302757474	0.189548642105173	0.0637042731692171	0.237885015064843	0.328931327365217	-0.0358733355685469	-0.166592361765354	0.140226764564995	-0.183330268219312	-0.154586606827854	-0.100405783294124	0.0164919559945658	-0.238897430871479	-0.165543456439711	-0.0233663628597176	-0.0689007754124844	-0.2566561015877	-0.0503928825148199	0.331956926488494	0.16729677332867	0.0272481343207146	-0.391296851882768	-0.353466971931661	-0.103631707462892	-0.246752022919115	-0.086063662431661	-0.194531008505939	-0.309093861147969	-0.0108736019099018	0.0374171787059501	-0.104662217776863	0.0924961649924683	0.0320364538851609	-0.238989639153694	PC O-40:2 or PC 40:2e	grey
0.22378728528426	0.347924485221115	0.361954535212464	0.299893513063859	0.371838821589992	0.285596850608122	0.512904691625789	0.41036313436159	-0.0628434543747997	0.0647814752728735	0.0676164288402805	-0.1614360606339	-0.120541880649333	0.0010502064345166	0.0522512913315141	-0.114645575766753	-0.171335885611605	-0.035597863103549	0.0341741658492372	0.0655684120609787	0.163616526345965	0.336434729686418	0.387722169957487	0.188260840643062	-0.45695270318308	-0.387519397102461	-0.21856280129965	-0.341274287612143	-0.133929002017044	-0.282234987421012	-0.284919777979	-0.0604647701324694	-0.0943926402354417	-0.120906978121914	0.0105418420692174	0.00844903847394014	-0.415141357670407	PC O-42:2 or PC 42:2e	grey
-0.294363503688326	-0.0571053181400899	0.0307080407061124	0.0149517064306314	0.230980355287188	-0.083619794297022	0.379969974509195	0.281456658767618	0.0155153034492672	0.0953297149201652	0.312695406203537	-0.0514439237217117	0.208126457395401	0.339220912930735	0.202087461146461	0.286301474507131	0.202036819427846	0.0466398691940878	0.19725619702068	0.297027883320954	0.271912330252346	0.328997557554411	0.315256094450325	0.192332837374564	-0.167738250707923	-0.200706905380739	-0.11305282699789	-0.27119843504881	-0.178708028643537	-0.247759720150451	-0.145434827316935	0.0829932467037643	-0.142835390566907	-0.00281267325433517	0.0471706091275819	0.0298082530836821	-0.00815958921323029	PC P-34:0 or PC O-34:1	grey
-0.2650766332355	-0.053991327496935	-0.0664399925031727	-0.227054526297445	0.058933592796529	0.184471907423099	0.09170204975734	0.201230825215353	0.0951044715992758	0.285983400683437	0.442000343042054	0.195072517886563	0.280082320521487	0.298116336123738	0.330162996833833	-0.146298383068429	0.198088311006957	0.238241434372114	0.236307945567934	0.340069469988006	0.52034177581699	0.233884551203525	0.535008061944968	0.876171594659279	-0.0712828933427007	-0.12137144355947	-0.139220523209025	0.0069742549486917	0.048199491408182	-0.0972669356024525	-0.26358666157155	-0.324552276336334	-0.467246627917026	-0.104267438507955	-0.0828787237943707	-0.315680095855691	-0.507870319452922	PC P-34:1 or PC O-34:2	orange
-0.167961728341276	-0.100065905736506	-0.0296020310731424	-0.0230868796772271	-0.093821432731422	-0.030577676678845	0.0590608844200438	0.153475871509825	0.0946282165177193	0.17595312707053	0.250124316913999	-0.0234256968593472	0.0755634633090835	0.101552354302797	0.160733394639351	0.0379710909183669	0.253138261065357	0.215768427639931	0.143692859334526	0.232619769909259	0.203558939717233	0.028711606768834	0.130302138388138	0.391639944825403	-0.0420569076433864	-0.0205357975445605	-0.00963450014759735	-0.103176832348126	0.0028719619975972	-0.0781113449962591	-0.0999876267005252	-0.0570633525294477	-0.145807919198416	-0.018159513349238	0.0209429033956181	-0.0550503625895205	-0.0373411258035935	PC P-34:1 or PC O-34:2 Isomer A	grey
-0.412234273885584	-0.0472564008323675	-0.256526793723345	-0.408476752738253	-0.00820920826975832	0.0441123460456652	-0.129920432298827	-0.0205397538324636	0.232382039057132	0.41875599748734	0.519515378700795	0.452984816337077	0.345194550426475	0.295313342857767	0.252075916617098	-0.061732901527401	0.0759999910780908	0.161963726475355	0.115913436309415	0.257487918678924	0.331250923768554	0.0630607259130276	0.372854532812995	0.871824172404354	0.142351472348128	-0.0178130571331687	0.0196414113921211	0.266698002336786	0.0852732780977565	0.122066802077312	-0.197277045304099	-0.366835266891619	-0.441561321606811	-0.212315104177837	-0.074705768907668	-0.302863507564243	-0.427688554687285	PC P-34:2 or PC O-34:3	orange
-0.0785927290369773	0.205632265741456	0.278717057602521	0.11106682273942	0.205286347961533	0.273525080747273	0.401205570098431	0.397542331876771	0.0753112258957996	0.217306958025858	0.426641367768163	-0.0159771927521591	0.0625849911680517	0.177974912192773	0.326883866684416	-0.275071045003879	0.0474861621206594	0.121368487787068	0.200648951587834	0.206346804632804	0.476576500781861	0.563830793422973	0.733893575922254	0.6949953449989	-0.339558605921413	-0.403329591394016	-0.192332418435837	-0.254428345775989	-0.0877247516691502	-0.223965006858089	-0.46810108264003	-0.34108692400913	-0.420283769389953	-0.207949332202629	-0.00933866393376137	-0.027415653887128	-0.615602455675675	PC P-36:1 or PC O-36:2 A	lightyellow
-0.238405491376098	-0.159823150466062	0.100142829046042	-0.0903241166524602	-0.0719684459120901	0.134560477023159	0.0912890632048654	0.165220442431617	0.139301244537279	0.245202631615321	0.359546836518607	-0.168157583059255	-0.115311063248902	-0.0124689993790961	0.339151683571174	-0.216560163816733	0.306554001729194	0.313106525269909	0.265095875901442	0.230406743849537	0.448410985994857	0.185333204495898	0.458355777766404	0.718736286505063	-0.113710346740743	-0.168386303492954	-0.036939963154547	-0.0818345138502805	0.21217546928458	0.083304783591695	-0.309917903836459	-0.428678206655224	-0.315899828314911	-0.377710748290672	0.0111390946217412	-0.261867662913798	-0.441254509433005	PC P-36:1 or PC O-36:2 B	orange
-0.344453857944008	-0.0486318041533871	-0.193522506304641	-0.399065354091923	-0.0451234050122454	0.000499228638659128	-0.0927636426090214	0.0720604594674144	0.216862534814206	0.366548715091075	0.471697423299404	0.295148299539935	0.206032886930159	0.171923475215924	0.282101583602761	-0.13913923093029	0.0750903552650292	0.0172692882553232	0.126236624203426	0.172941965472085	0.404714394747529	0.0888146851372326	0.485273197316773	0.820346369811196	-0.0867252309572062	-0.114401010461739	-0.0549886796057667	0.142360368627084	0.150748816425746	0.133478300553347	-0.231026070829695	-0.347849531029426	-0.408627057420145	-0.188529190078444	0.0635416202449655	-0.14279171402879	-0.352632722898835	PC P-36:2 or PC O-36:3	orange
-0.167530684119472	0.274308950282645	-0.270697469184144	-0.266600706189881	0.0155328924345348	0.00983867302484905	-0.208605626912395	0.0394493665162444	0.449021646040833	0.762685979954864	0.740220372987136	0.458937262401959	0.0758159946025964	0.050060525842608	-0.0531193734229677	-0.0618668087703872	-0.271350448458381	-0.124677586247146	-0.199606635741222	0.201975845189519	0.155562291432072	-0.140048458648775	0.14116343132799	0.611529344315108	-0.0788956777507395	-0.160651777979341	-0.250888174911311	0.160529565603202	-0.0191614955348733	0.230725095693427	-0.0966920762328861	-0.14081442512324	-0.0895359558840108	-0.135551020151284	-0.118477377174935	-0.28151516267475	-0.307922397587068	PC P-36:3 or PC O-36:4	tan
-0.441689161067287	-0.00159084682091075	-0.377743090148341	-0.416555638384237	-0.039869383979593	0.047077551031321	-0.277616102182484	-0.00277451796183878	0.462466161555011	0.687247784773596	0.829032466523603	0.341587034664002	0.0558945864762306	0.0907812256319169	0.0526940711861346	0.0569953600290446	-0.0839703578630613	-0.120440460775432	-0.199382224907499	0.182762333864447	0.22030129229449	-0.130761133516158	0.0592254815204521	0.592989686661211	0.0486755354638186	-0.174418274841373	-0.173367165421708	0.171759509362508	0.0473169902256443	0.246249642244815	-0.151450903547427	-0.148372122088809	-0.110221430783039	-0.222271018551334	-0.181083694729004	-0.259724033179231	-0.20132819563147	PC P-36:4 or PC O-36:5	tan
-0.093168746104337	0.285278521302627	-0.100046102267478	-0.148609283063941	0.055558298871468	0.0959102850659172	-0.173093097666428	0.148726584282493	0.515806252387311	0.766017816159871	0.803736345679553	0.23599823576756	-0.107719077598868	-0.0684108890266826	0.0916768357651629	-0.14729281231515	-0.208634967534225	-0.207056747013321	-0.24536108219892	0.218392993861405	0.254766315993969	-0.0483648877753604	0.234238737450804	0.656235997444973	-0.147618101986951	-0.310810618790517	-0.341376630300182	0.0851661307366644	0.0646346140057536	0.24419292013074	-0.195847101428304	-0.214812147887211	-0.110318534359908	-0.0729887751825537	-0.211225977148294	-0.211761372416404	-0.393518733918403	PC P-38:3 or PC O-38:4 Isomer B	tan
-0.45971428515831	0.203683745183916	-0.334664251178733	-0.314974602217238	0.0350584070503838	-0.0926557623556711	-0.213964585144375	0.0882113488925287	0.518496570482967	0.667519472611323	0.85945831883805	0.553615735957176	0.19602869758678	0.21016103821781	-0.0833442404047331	-0.0274021807414762	-0.343942165957086	-0.207316034545834	-0.281583035635354	-0.0173791138550306	0.024255745630617	-0.200710153860862	-0.0183782428842365	0.447762703939043	0.026517841383889	-0.300086639223165	-0.243263315602452	0.191237400571126	-0.0990410550813312	0.126298607027114	-0.0607577954026117	-0.051183039431866	-0.0755374010999465	-0.123942063213203	-0.201198368834736	-0.245091535916319	-0.251823829832137	PC P-38:4 or PC O-38:5 Isomer A	tan
-0.312285123141427	0.315396705125735	-0.107830358004304	-0.0809287308446031	0.0427437994865224	-0.107466127839566	-0.236750910917815	0.103591473535267	0.616932586697866	0.630219461347561	0.895010683440346	0.403112954855174	-0.00109241541878763	0.0555744921504225	-0.025954493315065	-0.061601071075851	-0.32167752992025	-0.339963441162238	-0.495044748754477	-0.0559799213086398	-0.0232203209396883	-0.105337795351725	-0.0861600810984184	0.33061452249489	-0.0596409351117623	-0.37670847733584	-0.311389392212137	0.0752579718269124	-0.127020213714119	0.0649686158011279	-0.0563309907463186	0.0686468926748768	0.0466643235739512	0.0446446183853523	-0.308068202694116	-0.0454629284569504	-0.16829582307086	PC P-40:4 or PC O-40:5	tan
-0.0123621006107659	0.418102090768279	0.020493673509457	0.0265662505287487	-0.07345780131088	-0.127292185714631	-0.177276023035327	0.203841854713978	0.631899480938395	0.54472024201238	0.653668914638199	0.139230664138998	-0.307738806718178	-0.277895536714269	-0.264671693697356	-0.133597542134368	-0.589233519260114	-0.535551906827725	-0.489931933689352	-0.0321760344623036	-0.0776418506082092	-0.0398239137995628	0.0440779901484328	0.258765487654117	-0.194583083088038	-0.402440929116615	-0.299767743345685	0.0805807698378505	0.105242829237494	0.270561922731827	-0.128647034515685	-0.0314310027649102	0.117075978486887	-0.0534969009004107	-0.415432052530461	0.0865643885650883	-0.285043832852837	PC P-40:5 or PC O-40:6	tan
0.0387288522436974	0.408022420128551	0.259861439986851	0.336637489358321	0.255804871178383	0.219379563271163	0.169231907753882	0.47460207731967	0.181258895435879	0.180696110228775	0.408114424001025	-0.0325244730950517	-0.139102947198792	-0.0459015827643958	0.0351219344013011	-0.234983438009526	-0.266797737619305	-0.0389722734306119	-0.252324691685281	-0.153219901666549	-0.0377980955630411	0.380804593967031	0.205669301460915	0.195417040064168	-0.215935338201825	-0.461620128892751	-0.234288650796567	-0.121595045108233	-0.169153575305167	-0.194434303219647	-0.275001343395247	-0.0265229030317437	-0.0305976940886265	0.0422865375840869	-0.170898256339767	-0.013110586426259	-0.4454841569989	PC P-42:2 or PC O-42:3	grey
-0.288510913605717	0.274511235371372	0.0969403031104566	0.0502574268954233	0.135617457524464	0.00140947998259467	0.0336757468919078	0.320575158618854	0.466605804878006	0.481589615821286	0.784032936592526	0.087890034628569	-0.0092604686172741	0.137885346454301	-0.0418175129476868	-0.107006356796969	-0.293523379061262	-0.261998628569741	-0.327676760462813	-0.151013303251075	0.0359920484449212	0.127884349528778	0.0910695523417096	0.288495461857501	-0.196393404629385	-0.494677541035645	-0.284265038436056	-0.171817604447225	-0.158404834380062	-0.00532185811308686	-0.157396051872772	0.0525422357543138	0.0184273222475649	-0.324012468867613	-0.345433988787129	0.0928636963313781	-0.250054911052436	PC P-42:4 or PC O-42:5	tan
-0.292413839202056	0.065109050660827	0.0772761810852397	-0.0610410569026678	-0.295989321250614	-0.427471087092738	-0.0264066718093834	0.0703866792883752	0.137224432758736	0.0584996872383746	0.301308950933512	-0.113667401245237	-0.222808236823704	-0.254633466930036	-0.343102661820762	-0.0349353532680416	-0.168120168374734	-0.199704699929557	-0.138939292065997	-0.0567390935595468	-0.073246339219685	0.0919860571121325	0.0680327516938109	0.127953753385766	-0.110918431443928	-0.0375528251848875	0.181589824883108	-0.0318487134033734	0.072744363577659	0.290031593009824	-0.460172920219129	0.0442942295916732	-0.105928044715023	-0.318630240754993	-0.0413459995322403	0.287420392127054	-0.0159888490047157	PC P-42:5 or PC O-42:6 Isomer A	grey
-0.22372879683143	0.440844418632697	0.0663386083282372	0.134547748414424	0.213503561435777	0.0329736835603419	-0.047510833758852	0.343245503824901	0.484098699351827	0.470351175504654	0.745273387626661	0.201359720022463	-0.0932484194770133	-0.00565550450219148	-0.0668272124260998	-0.207210482479826	-0.439274933500137	-0.304104339786479	-0.430476594362834	-0.34294505396433	-0.160210969523493	0.0811497178723892	-0.0220746278702256	0.180980420487127	-0.16598889778525	-0.533747808565878	-0.314672341012825	-0.0836951884547921	-0.250350526084385	-0.0209144548258462	-0.174842468775753	0.074350575033261	-0.00339224253670761	-0.168690414582465	-0.213565296417688	0.0142984496632214	-0.272025879322538	PC P-44:4 or PC O-44:5	tan
-0.249628849089453	-0.288129907158421	-0.111656934259529	-0.172039766895609	-0.492324067403032	-0.34996804615298	-0.345988540101614	-0.353056265131925	0.0822120562864954	-0.252844840577061	-0.0616270145619692	-0.321357869355284	-0.425219785299368	-0.473088186039807	-0.00794210660133326	0.0978825234216282	0.144229238553775	0.121702198124012	0.204285657400089	0.114577221058358	-0.248236914649594	-0.0290613966718516	-0.134764430815827	-0.0641556885100481	0.217250614961017	0.373042939883868	0.233510084088932	0.398194886491894	0.829153623679536	0.637548742255953	-0.0775686880889643	0.052273777053092	0.10360593557301	-0.178278514217984	-0.0276593806093651	-0.0822171109027697	0.347154976933661	PE 16:1_18:1	pink
-0.143199370089744	-0.376302048000806	-0.114382376789916	-0.248192044461917	-0.462302541719407	-0.228743774434976	-0.237326980042165	-0.406967751313247	-0.0507011304384899	-0.43554629279267	-0.290348720282079	-0.414658843249321	-0.295218967619327	-0.355942045661217	0.0351839281079929	0.0557388770042767	0.269916046366745	0.157281601864191	0.408690947512876	0.188033621164296	-0.149507105551799	0.0763928366337953	0.0963484119534131	-0.0464008862499338	0.0958632785425722	0.460772761397556	0.228859996585913	0.299053655935382	0.83957978330121	0.53356307115619	-0.0988988826116482	-0.0331355535640448	0.0493617170052023	-0.182928214869228	0.13599904448449	-0.0740162723187087	0.324395137028536	PE 34:1	pink
-0.209974318946402	-0.218977708822707	-0.139267387486814	-0.240300361967207	-0.547435264441936	-0.279314284682425	-0.441368368449001	-0.465604945559992	0.114245175716082	-0.197307850363604	-0.0460915727800509	-0.232309278930688	-0.39859692593563	-0.524157073968912	-0.00870035292199135	0.0429269755106776	0.126934142170199	0.200659558189748	0.214662289158169	0.139159900806248	-0.200734372652359	0.0288654966620652	-0.0592286363383548	0.137879287301594	0.240857850097122	0.472849736175993	0.230553423225713	0.54510505472495	0.921519509825434	0.735622643910666	-0.143052243028184	-0.118007661892515	0.000709443033768881	-0.252783726353633	0.0190755037544894	-0.158628041396528	0.1413382536128	PE 34:2	pink
-0.0621605092954576	-0.264037681078773	-0.0626315455762715	-0.223229536053489	-0.386558126162798	-0.0366444314778955	-0.17236329379677	-0.313235688732146	0.011155998892494	-0.286414510399721	-0.17603724644578	-0.398054294663227	-0.355963833417405	-0.404682126338601	0.154944665666384	-0.106541731154566	0.177305803671191	0.154739612539503	0.418003233753627	0.132226369973675	0.0326254288655268	0.17295072002311	0.265289315541678	0.162809982507353	-0.0332651761977111	0.333664147471583	0.135003480692623	0.281119166075095	0.851459958158546	0.538059583125401	-0.259533980779818	-0.21905259273091	-0.0496128023190933	-0.238091625507573	0.228621856141336	-0.136811826849799	0.0608781064552498	PE 36:1	pink
-0.243917708714969	-0.233672141531964	-0.13966625479356	-0.283187490007043	-0.466805273884545	-0.210421641866939	-0.353588473129553	-0.337993343161864	0.123432406599036	-0.200977486005494	-0.0255677955858203	-0.264233531403753	-0.379739399526197	-0.465397047354508	0.0927613008482421	-0.110770120647525	0.107437361779123	0.180150150102701	0.292840527806264	0.0683311705306541	-0.135804002822031	0.0621504641692715	0.0937519963284566	0.207778682246621	0.109691725182228	0.339043227360918	0.137994873647331	0.474383133272099	0.931445180256321	0.674073309167858	-0.178775086670804	-0.158481168171152	-0.0386714265956989	-0.259874785055573	0.118307682371698	-0.231752101795195	0.0705519657678137	PE 36:2	pink
-0.15666475412441	-0.170885053703311	-0.348137470434256	-0.317252740572238	-0.417466234397298	-0.364157284466809	-0.47168542103047	-0.479671771991108	0.126036125721427	0.0191470908728816	-0.0565752961652	0.0336358056953989	-0.350821146606998	-0.495291514786697	-0.112791909870781	0.166275848348056	-0.0995737764502534	0.0377561575975695	0.101270849448238	0.202129931139638	-0.299612324952718	-0.15860705132783	-0.115432891065803	0.0694474148749793	0.296259587397106	0.429964928818546	0.136283364664749	0.638936632772195	0.777547446605694	0.76502091730457	0.147255650118837	0.0787107931949978	0.0544640457256197	-0.176785512813379	-0.0390240078107981	-0.19226250521955	0.235381260907364	PE 36:3	pink
-0.31717711900537	-0.155272057852647	-0.303286719294972	-0.369507647281442	-0.528147920161729	-0.362558850540604	-0.646870458012013	-0.412355071394655	0.361595951748944	0.10320299561457	0.284854268365474	-0.0834117944070488	-0.436736018826173	-0.533442712440423	-0.0310251791482563	-0.0546005484686855	-0.0162179481767363	-0.0351174069038381	-0.0234127477032265	0.106121644376934	-0.290380170920368	-0.0862430831564256	-0.111225771834569	0.173927640888373	0.257979167554946	0.315931621080223	0.0901209755583205	0.558513191941407	0.823869669747443	0.849865422154555	-0.173837971276628	-0.064686590834955	0.0250840359598733	-0.179274729020746	-0.02520195370207	-0.18772432996662	0.200071457530307	PE 36:4	yellow
-0.0540551346477103	-0.0340002751901477	-0.245506012588044	-0.213495797071489	-0.422580689425554	-0.320428044434199	-0.469668877543942	-0.34606519150486	0.226971498693976	0.0709493674456044	0.0586678704511829	-0.16782487953865	-0.511461926802681	-0.652574418049198	-0.148190790207972	-0.148337707200476	-0.169474088651335	-0.141582872104644	-0.0504177650030834	0.0360610215073129	-0.349463338933268	-0.0522857455820272	-0.0561268903668257	0.0564675954661107	0.202996811151359	0.258424420717161	0.130556154902204	0.499700471467924	0.696381269911732	0.86082303196158	-0.127479175406991	0.0778244116321952	0.0933444485420911	-0.114705517655559	0.00465042519732373	-0.0831989549689357	0.232070753359739	PE 38:4	yellow
-0.362473743140554	-0.183637530740846	-0.374602159329298	-0.401489520981984	-0.378489410546339	-0.526448298022948	-0.49569316834621	-0.401004648156568	0.161520395315396	0.0275917830064649	0.103487286295593	-0.041536126671964	-0.269816047143666	-0.426863067091984	-0.107204516530061	0.113905956200748	-0.0094469883535265	-0.0743462243442723	0.0111566480123568	0.0445380663063919	-0.232973481514629	-0.0978725301704484	-0.124703885396352	0.0886292552080873	0.262748907273096	0.395117784405138	0.257863659114591	0.557235862935878	0.636200698977629	0.851507793687036	-0.104297171416888	0.0799133051553437	0.0240340099572071	-0.283099237736615	0.0739991617940195	-0.106446862101446	0.282585124543138	PE 38:5	yellow
-0.120374253943928	0.00503419794173573	-0.290110903519044	-0.293011395639306	-0.456166131463116	-0.438588522991267	-0.578603158025956	-0.432868439933606	0.359977773791207	-0.0111563585461328	0.0567120133303942	-0.0024546584815936	-0.394694451459405	-0.563905581148707	-0.290428369779339	-0.0938392583393845	-0.319644528794408	-0.277878784163849	-0.227485711055657	-0.0497787554208517	-0.461490215593069	-0.197096549051035	-0.244195167682956	-0.0688448465829732	0.219734493674071	0.313308017323504	0.0908717541640276	0.618846124231463	0.744847216960115	0.851719121090433	-0.0602990040717456	0.0959384510347317	0.193936820154197	0.0852827865794753	-0.0413607560850807	-0.124666368165497	0.237733157389394	PE 38:6	yellow
0.0245239164349509	0.104282478519975	-0.261310937204046	-0.0907623802932325	-0.171419088854157	-0.484896317558554	-0.314448912837631	-0.274207825326273	0.102376005389509	-0.13098425153252	-0.166680503372068	-0.0962738894574502	-0.333247984407393	-0.493964041974218	-0.359403861153599	0.205742749532932	-0.328369528447468	-0.348378366568236	-0.209248413560081	-0.0487849101350666	-0.446024363869854	-0.223358661170023	-0.369105007235078	-0.328612961763764	0.0405766764830335	0.247718277813718	0.0703770385755614	0.389814144073704	0.425285331802226	0.62341397000849	0.102598665813902	0.346601041382525	0.399225401385163	0.0711888762779133	-0.0114829787856257	0.00258853597449253	0.404725711568967	PE 38:6 Isomer B	yellow
-0.140702816228385	-0.151757362895394	-0.220835984587469	-0.265494634237979	-0.461987709096869	-0.295459842190631	-0.404703134647804	-0.361574254171849	0.165366907330039	-0.14727349470311	-0.0855620073118864	-0.161047540910447	-0.418310427296808	-0.521949297526918	-0.0603781645320043	-0.117591468893949	-0.064272894266014	0.0699474602177636	0.171986654325036	0.0566099799240717	-0.217827489708044	-0.0460510465000438	-0.0183338054232014	0.118247140805474	0.0821315670663418	0.340113427790729	0.117195825073282	0.502318052372529	0.91621703977672	0.756661936790041	-0.0349813192956094	-0.0300524140502989	0.0785799550377635	-0.171909083167888	0.0812173865764599	-0.200408930970023	0.138482809006428	PE O-16:1_18:1	pink
-0.222103655128003	-0.175708591722896	-0.180610416453914	-0.210541941457865	-0.575378602071691	-0.605616805849347	-0.472441967620905	-0.288002950925448	0.0450216441020113	-0.207255263772413	-0.174559848426112	-0.123376571709787	-0.314975387700239	-0.479752850084599	-0.156160508190784	0.0648585445499562	-0.0332154175991093	-0.0107315206175883	0.10632147946007	0.0669391775607372	-0.267018550342973	-0.140829405370876	-0.182125590023226	-0.113406040862128	0.292294500933337	0.458261233858593	0.25113334564185	0.384081774929136	0.569161118672679	0.637108762610404	-0.139626098907412	0.130516829338431	0.0541558249550261	-0.081745808490486	0.0494171626430343	0.0692140617954398	0.352091572201348	PE O-16:1_18:2	pink
-0.249088724810551	-0.0379992340775218	-0.32872802501796	-0.262699042282787	-0.53526170912126	-0.528310821696155	-0.643798178379984	-0.400248220264276	0.408807790319174	0.0141508935912306	0.0951908593849545	0.0700466454193782	-0.361923575435894	-0.50685230705711	-0.440407721921941	-0.0397722407234237	-0.232982547698179	-0.190539021436634	-0.15956241341584	-0.0567948200036904	-0.515819574928744	-0.205153703623859	-0.346271306635529	-0.0683827912618625	0.325985744011238	0.324613538279803	0.162235918420907	0.529557749939132	0.649037120734307	0.798253583035394	0.0764334224836167	0.107104024027639	0.223487993174347	0.00079382816051343	-0.22249889220149	-0.0533443239916084	0.258782660679245	PE O-16:1_22:6	yellow
-0.0287124140888976	-0.415847070242489	-0.308901662188632	-0.273592933748833	-0.140105359094971	-0.0999356129248041	-0.16470791774699	-0.358039891368581	-0.445269303978377	-0.333675775907782	-0.33340476306204	0.0168293126403739	0.247945759832505	0.116063271905606	0.0982605037213136	0.330328918072936	0.268499877512134	0.217606276196943	0.128154474938714	-0.132365290108629	-0.110472942371987	-0.00207392024424464	-0.246201037248399	-0.308088990672084	0.26081038999052	0.581589995679337	0.494499613522672	0.151218887251755	0.041294483671649	0.111072930442038	0.021542156868701	0.0242436808286016	0.167813391917501	0.0136692516450942	0.30682122229068	-0.269789291098073	0.367362589363876	PE O-18:1_16:0	black
0.0645136179474984	-0.0700810611278063	-0.108643063107667	-0.0759761187080612	-0.340717797276492	-0.435583587527443	-0.397075439166394	-0.119731323853981	0.0841810348465188	-0.18194716250167	-0.215466286439098	-0.210739011409512	-0.395620378532269	-0.466314733421116	-0.498077593341574	0.0163546875077606	-0.234632598574351	-0.273042672858556	-0.300864146688905	-0.152232122833952	-0.403790020017743	-0.240752356669283	-0.392076473310585	-0.330299156953614	0.125286910020693	0.188659972065071	0.228072637444862	0.242862303260928	0.320595806802178	0.515134973219999	0.0799034795452704	0.0836453740669585	0.262111599997008	-0.00553057482591052	-0.169163688674393	0.0843793038377331	0.161000111194505	PE O-18:1_22:6	yellow
-0.297752174480174	-0.345006274224926	-0.36223248566163	-0.417147090421501	-0.362924346188657	-0.476044999802444	-0.461650132693248	-0.364125842688214	-0.063159275486485	-0.0714369488305882	-0.0158102370767977	0.0456046976596536	-0.109669974683606	-0.288778012257369	-0.081896074034317	0.183793922489633	-0.0554769449469689	0.0817463169315634	0.114835166340799	0.0954075977134516	-0.0827378878022908	-0.0970593854668683	-0.129844002791275	0.104155133984103	0.374394049584766	0.437310101543646	0.315604387076729	0.50961682294419	0.514245138833968	0.697518343454516	0.0503181279026677	-0.107768197748683	-0.132703055888713	-0.326862461496934	0.0434849879445062	-0.133925911356094	0.147258526407465	PE O-38:6 Isomer A	yellow
-0.106472956643647	-0.226172303761597	-0.0995858877457471	-0.16677743279514	-0.144864035639624	-0.333152626971493	-0.158354004076266	-0.10537670059631	0.0237495625657269	0.0417356364427874	0.0587940195181093	-0.205449656185629	-0.29078991034797	-0.269286183316988	-0.144106833624815	0.11276883955479	0.0504139880310025	-0.0695900030146277	-0.188494044415719	0.025771646975215	-0.277809706298914	-0.076822370849395	-0.210295658346798	-0.160363238629472	0.0414675802769411	0.0677995077623423	0.110477033640132	0.056571464630818	0.19701802731291	0.388322312753462	0.125946576180208	0.430605773598612	0.218007542923813	-0.1315190930834	-0.0862225911985325	0.110394951545505	0.347363523388088	PE O-40:4	yellow
-0.0883019527091005	-0.171978099294809	-0.232869778089878	-0.255688619609912	-0.438925778468977	-0.433800316367267	-0.506063253958639	-0.418952939747991	0.187631778739405	0.165942314049657	0.107868083554765	-0.156774200484522	-0.461501571219419	-0.547099026913544	-0.202435632249542	0.114097623270819	-0.0845383741809917	-0.0935532346044228	-0.0728004015734823	0.203925583662903	-0.224430362834934	-0.100592660103882	-0.210730857618762	-0.0138763748955708	0.206369533635188	0.336805423717462	0.10595611037324	0.379579927239563	0.572306057422042	0.82003251925974	0.00927881625575346	0.0655894026853145	0.0908170261153767	-0.216473601869304	-0.0558061001793174	0.0555021434162769	0.358177411527568	PE O-40:5 Isomer B	yellow
-0.223416002054466	-0.124122393726972	-0.269134799863605	-0.415260713001658	-0.610001578660281	-0.449930801283861	-0.528236587776901	-0.476005674763695	0.261347548531473	-0.030467244129982	0.0413588472367666	-0.0369353928330907	-0.366348586488176	-0.526166445916871	-0.223963434760533	0.00595963865928533	-0.0608770564936367	-0.152341728513938	0.0353849667144675	0.141554342805557	-0.2324219947621	-0.119292066245172	-0.104962435095492	0.0421297155108415	0.239030556803878	0.422031965578029	0.182289828472293	0.491575890376535	0.664775840610798	0.825938619594876	-0.268244636963708	-0.104796329272333	-0.0588486495461363	-0.189885239935145	-0.015464439659704	0.0356032841852873	0.165278079994068	PE O-40:6 Isomer B	yellow
-0.335053304412564	-0.285927770010248	-0.211363951277765	-0.309428041041321	-0.462659157734964	-0.396986236279279	-0.381756463651569	-0.384701432756171	0.139248350154623	-0.0920173517967428	0.0905570903391882	-0.196748553941409	-0.301259384671767	-0.362621763714504	-0.00474002138586266	0.17221696712363	0.0677178002950519	0.107238120621104	0.181415474820705	0.195674952219625	-0.176506427103524	-0.0456711098586408	-0.0891865372468492	0.148210684544324	0.191760556346271	0.378801009928751	0.175804227456029	0.481977277442333	0.851361145578307	0.699769956115322	-0.08875277167609	0.0235642316894475	0.0802618250203135	-0.317803393422749	0.0235799017403017	-0.13347515028112	0.22985917223982	PE P-34:1 or PE O-34:2	pink
-0.146057661321711	-0.207291611492591	-0.167657418251832	-0.318634491812358	-0.414221391884353	-0.262011995080951	-0.407075071766982	-0.344100866239018	0.142378875652056	-0.175357541118612	-0.0718334568133282	-0.189171461128426	-0.390361854853113	-0.483721651246837	0.0143626075424574	-0.104296780276226	-0.0268819457323808	0.074251912701585	0.174361422047348	0.0574161942307948	-0.124729612266874	0.01118632553509	0.0157888905013823	0.21078695526118	0.0848848826350549	0.340252434962488	0.1532274761149	0.498993608635866	0.926722962726781	0.746669317779881	-0.0145644504976537	-0.0787168757520446	0.02043990685766	-0.220516743587239	0.031451963965663	-0.189109007613078	0.0557171552454469	PE P-36:1 or PE O-36:2	pink
-0.119154602413879	-0.106557475603018	-0.273657662486194	-0.345369868437855	-0.533756614622278	-0.332958272644495	-0.667203515295411	-0.417823842752184	0.193651599260908	-0.0673618693706468	-0.0736502573387781	-0.0629951566531648	-0.408933696406513	-0.573893882031978	-0.236471550225666	-0.149178709209311	-0.166028364676524	-0.0299882898106907	0.033343817361414	-0.0331278683572452	-0.310629420080542	-0.11933746609567	-0.139862980053407	0.00956676291838376	0.278299959382156	0.451907018134807	0.249508076057485	0.615345552835681	0.828310513771872	0.828891921740217	0.0204752406479996	-0.0148110363582478	0.0405116404870751	-0.123617569356822	0.064553032858873	-0.104860781443594	0.224180906155886	PE P-36:2 or PE O-36:3	pink
-0.332192680847709	-0.250383159967678	-0.33698815421101	-0.456061725420213	-0.542277058948193	-0.384800839200351	-0.644868399618781	-0.479247133245275	0.308161964036583	0.0535883714837783	0.192568773629935	0.0360849377447934	-0.341088976525276	-0.462007248083415	-0.0361168927856531	-0.0449121761933708	-0.0454023791113087	-0.0305253222695326	0.0538186729078781	0.111346094564841	-0.188396086105955	-0.0477924726842354	-0.0824914984214436	0.188529665427657	0.382532619324642	0.428090570817698	0.229927991003993	0.674216014389694	0.827063080203874	0.88872174579614	-0.1490995985921	-0.143974185657053	-0.091845934208924	-0.175092556275987	-0.000254947156384261	-0.18674044635849	0.155283065910813	PE P-36:4 or PE O-36:5	yellow
-0.128754774502813	-0.20739939516458	-0.0967173715633465	-0.197361116083205	-0.306617897241365	-0.18337303558121	-0.330105186912911	0.0365278191335917	0.155598906354401	0.0160550242983583	0.0730485448257188	-0.318385752950989	-0.450691362048684	-0.408468179079339	-0.141293269559825	0.00816109753236336	0.0811165062961664	-0.109704799676349	-0.0329032282565686	0.127859853418237	-0.0666945526186755	-0.0113417661218802	-0.0442061512839144	0.0963363400258999	0.0645010471306391	0.16691719207543	0.0493035894461823	0.086584298890449	0.547046584088651	0.571414171128575	-0.178692608609373	0.0784915402225896	-0.0363834395177076	-0.281297646587976	-0.124538611857828	0.0376303535051066	0.145830084228119	PE P-38:4 or PE O-38:5	yellow
-0.317644013344117	-0.177039788648449	-0.418284738451539	-0.451454398512586	-0.504450132533294	-0.452949523242593	-0.630358284457018	-0.490026059873207	0.260303428095199	0.00634009334824928	0.0717716625000161	0.129452715560732	-0.311184950273293	-0.462804899266856	-0.224884261633984	-0.0696251242660645	-0.0976611432292788	-0.0148605030009185	-0.0374740020302883	0.0170175973934133	-0.362730648335488	-0.143954866797207	-0.205132053131715	0.0476760004527922	0.378008205574904	0.411170493562709	0.270035917498846	0.669785705156643	0.672902863816376	0.892353463591759	-0.0188647419416234	-0.0145634119739497	-0.0784901546115554	-0.235066907747831	0.0372318549462251	-0.138986658781948	0.188977771898428	PE P-38:5 or PE O-38:6	yellow
-0.236042140983163	-0.245873207644734	-0.159451366332465	-0.292053563378031	-0.482545308876824	-0.308558966750447	-0.366822137291969	-0.361988211418886	0.126858313921924	0.0697044186909652	0.13523609476368	-0.221099926627989	-0.451239390439995	-0.56065896033184	-0.0728789745333688	-0.0700058470902089	0.045226874045581	0.130442314357807	0.11979438911292	0.148680924248648	-0.0109765061330318	0.0844930776071535	0.020050402655787	0.220446305454916	0.19798204872972	0.355238946401132	0.256487114717968	0.401442788426563	0.680615710362959	0.815938203393011	-0.237130360819425	-0.153899640062471	-0.204230727044419	-0.384142334216063	0.136219963516688	-0.0439943216920608	0.0991023523614887	PE P-40:4 or PE O-40:5 Isomer A	yellow
-0.121574896782924	-0.0856141382019574	-0.37162207041826	-0.378114169082356	-0.573321305482885	-0.391991401709508	-0.641247942696126	-0.448683373980125	0.302163137652955	-0.0500261489795482	0.0325156316472864	-0.0375342602993486	-0.447502813388872	-0.618403649312317	-0.318678392492488	-0.112551686403792	-0.241600431327319	-0.196905826951221	-0.173632730351635	-0.02424026327817	-0.383840551055105	-0.229218004873161	-0.256954594940435	-0.0605071225985935	0.214288457449416	0.37758049313605	0.195633804384934	0.618685874936066	0.752242711560421	0.860132601829194	-0.0545340977118527	0.0171289287903537	0.185487486247465	-0.0752119425784399	-0.00616447381498822	-0.173975714256605	0.202826749454209	PE-O 18:1_22:6	yellow
-0.16376720611822	-0.373050661719056	-0.219105379895821	-0.27192531835309	-0.497443660769522	-0.218998173084769	-0.288780020232369	-0.515207638679476	-0.137045010140704	-0.344296893206944	-0.219465759594568	0.0177314914903425	0.0633628838120179	-0.104718992641449	-0.109123551819465	0.127520389435077	0.213895205838926	0.258505839949047	0.306098169401587	-0.0624998803005194	-0.194846677563784	0.248967835832922	0.0130755781157403	-0.113732544605369	0.49431716241786	0.645515684532039	0.856350408103506	0.456514621767152	0.347591658958406	0.391705234621656	0.00262656685394328	-0.140134215014236	0.0196872313684599	-0.111421893455672	0.154023521573306	-0.0093737753616829	0.257975844937464	PEtOH 16:0_16:0	darkturquoise
-0.356260394310395	-0.518991018549063	-0.243299088998967	-0.382713989662745	-0.410071805328162	-0.110354525232017	-0.184007641618321	-0.441685387220424	-0.339965002679036	-0.486899950700831	-0.304894453875002	0.100986016708895	0.375539204234347	0.17182873149514	0.0898662611445184	0.201625700438642	0.372320521731468	0.440857837264966	0.428006029529933	-0.157281003651716	-0.0268281630709194	0.193111361716323	-0.0434435924573903	-0.0246474929176276	0.557472347899037	0.705718681546359	0.767716893941942	0.386555372381445	0.204059380009125	0.175481298128193	-0.0826383373321655	-0.249853463407572	-0.171837246165955	-0.248054014785589	0.207080507104704	-0.178567144850031	0.0735190084421789	PEtOH 16:0_16:1	black
-0.354462031415473	-0.567535601739746	-0.312782807334377	-0.396010665133016	-0.346375069296787	0.00518607335371592	-0.226497453135329	-0.467691640148882	-0.168567655392019	-0.3424267187179	-0.138369643636574	0.0797954057127389	0.224929578355292	0.147863951183153	0.0937867416741154	0.169871856571988	0.379431909549962	0.299596209809158	0.228376376291974	-0.0709180759735929	-0.00685724089030342	0.283499228872781	0.029646141535297	-0.0180954418337517	0.601559382358761	0.624705011962023	0.897355624613733	0.425312061239272	0.203725230371791	0.185164046618787	-0.103780102026924	-0.119365650006984	-0.131766273597117	-0.109125106386635	0.122970752042106	-0.240408539350766	0.170349697062115	PEtOH 16:0_18:1	darkturquoise
-0.101498483068195	-0.25083158300196	-0.154840581085576	-0.12484730049146	-0.486548532423361	-0.487205556733719	-0.331806834074219	-0.468756990499395	-0.0706354097098998	-0.320019909535545	-0.212313781864209	-0.0947534121874938	-0.198530507625284	-0.339206348057759	-0.254902429602454	0.176575965639667	0.0451043206351782	-0.0591374664087785	0.0402464789340378	-0.154998685953961	-0.407916138016585	-0.00201359040925068	-0.308091082681754	-0.436704587942257	0.356623775840696	0.466029728496005	0.602993566520207	0.302125882550391	0.276547480469533	0.403416369830026	0.111084940590853	0.177595806613974	0.242127943761604	0.064942616035403	0.0695084924966867	0.222971583109257	0.508301142968798	PEtOH 16:0_20:4	darkturquoise
-0.397961723655896	-0.498842467049701	-0.355545490292424	-0.520522129451962	-0.528935890964209	-0.141636733952846	-0.369071112695536	-0.638771108195216	-0.212563253859759	-0.337009675329883	-0.186715290962207	0.213221115262191	0.344536465356667	0.104744830858996	0.242179333038293	0.135467412061861	0.472738705475439	0.542199634290763	0.502006541384373	0.0928665708775132	-0.0204659503636515	0.193913219400577	0.0293309670345534	0.109156746632766	0.570164172791652	0.802239417332087	0.521700167392695	0.534382321487752	0.363799822197786	0.315859267488931	-0.156760032864905	-0.358068505578419	-0.281212655407211	-0.099457228091216	0.272726812721048	-0.356650080951335	0.0693870534308123	PEtOH 16:1_16:1	black
-0.284286727361611	-0.478586393695326	-0.244108656406081	-0.345100461685478	-0.381409098771838	-0.115182675212364	-0.275656853269486	-0.408175582458611	-0.195234034073389	-0.396449585129802	-0.248807789247365	0.0602731061633773	0.159982282867272	0.0581078532521776	-0.0201915952413792	0.12841708786141	0.321112986792985	0.253851364343777	0.22090415266499	-0.0690010267881096	-0.0115246250445695	0.24521180706751	-0.00962218436218877	-0.0605820823850323	0.56717691789804	0.671496709113113	0.92913217597401	0.418809105354337	0.221839320541845	0.252830541945818	-0.0569195326292939	-0.0739694023698251	-0.113714045093928	-0.112718441100025	0.151232077890946	-0.175853280111447	0.214871432534395	PEtOH 16:1_18:1	darkturquoise
-0.298365790788532	-0.574964810583342	-0.289217073611159	-0.381444471756921	-0.334792289312938	-0.0994773057250776	-0.226952521769211	-0.449665449999872	-0.27834689450462	-0.491653180676097	-0.265480027160953	0.0593028875321402	0.194401180000899	0.100620695642271	0.0434075527371847	0.207103309159415	0.359923261433948	0.223706525269908	0.230307797000802	-0.0843280806820226	-0.0293283192072562	0.287622253273268	-0.00815274203801444	-0.0888952112197659	0.568652884232432	0.636188709670501	0.9087194643544	0.392789394622115	0.214144394809631	0.206336095464015	-0.0491030732188592	-0.0498584990829568	-0.143855071384701	-0.13871864851689	0.0848007596008495	-0.145232665994599	0.234323938358675	PEtOH 18:1_18:1	darkturquoise
-0.178543316202967	-0.598460564709999	-0.181002100375624	-0.309155879068543	-0.336465510042193	-0.0448781478507475	-0.178559154584812	-0.449748113008948	-0.388594779579479	-0.518775563614008	-0.380395944675466	-0.103914589611643	0.155802150218578	0.0768707905062188	0.0508408592910342	0.169549355354264	0.417113199179306	0.315471601579996	0.369732953312246	0.0436654270228619	0.0787987167038406	0.384363083332174	0.158943764522973	-0.0812578994359553	0.499188942015904	0.70900257617627	0.861042215357275	0.287051435688827	0.237662152307893	0.221150650744396	-0.123110279489738	-0.169668899475763	-0.225283480109578	-0.142751965718819	0.189442952200085	-0.0797009091633794	0.214463361434383	PEtOH 18:1_20:4	darkturquoise
-0.303174515970512	-0.445173097889423	-0.155667563542054	-0.271759292595737	-0.281297104789979	-0.0214640860237168	-0.160696135261973	-0.350691341967474	-0.216558758646035	-0.427955597494027	-0.178220632566089	-0.0215097405327032	0.11618729899105	0.0280884576611615	0.0757185857455743	0.0858019294201387	0.32763084051458	0.299323635219925	0.218297256403148	-0.142370739762154	0.0641485925931416	0.365833185902315	0.0735323189432744	0.0399998629324873	0.470540688697277	0.558435453786793	0.891444838901327	0.374025546947966	0.248271578124913	0.216568820564154	-0.157889355904872	-0.112632348825475	-0.180583187672743	-0.208583258755441	0.124677694731195	-0.146413212359448	0.0426658561466379	PEtOH 36:1	darkturquoise
-0.142992466873696	0.186561715262893	-0.182355359749832	-0.0548795428125516	0.0185797614174105	-0.315627590640983	-0.397497747927529	-0.189266257904439	0.211245805507827	0.106406396964737	0.123126107284482	0.397264916638762	0.033814222695598	-0.0674508438533752	-0.143061574327792	0.0993153826058746	-0.338673147618355	-0.131112269609861	-0.211424966352811	-0.301788055016693	-0.477096326768949	-0.236638810280983	-0.368979884055426	-0.0245650672343781	0.231658815320185	0.0723438388133116	-0.042927953492235	0.376709168015472	0.0824842927456185	0.224110553711387	0.253595136735926	0.116197065935877	0.0877681371154636	0.171194864312622	-0.178199452353738	0.00195261162573696	-0.0320461280847579	PFAP-FT_diPAP	grey
-0.00896911999780903	-0.4139523092743	0.0441121113230924	-0.0797865017747293	-0.156568118116677	0.0247046364952169	0.218633240914623	-0.231395284135707	-0.381055676318186	-0.366994887956226	-0.468907069047292	-0.0881421059511426	0.392416178378851	0.298215386895132	0.117235735748256	0.344716400418132	0.399412030983075	0.310495152108135	0.401749858879583	0.0695846610134384	0.182754647746192	0.343217727575803	0.165293377949197	-0.126925440641703	0.326711492578838	0.599884708886925	0.603037590490488	0.00511582096603977	-0.0430630336506437	-0.0949756799457212	-0.0897334266835348	-0.105250210282101	-0.141692350461346	-0.090050481123357	0.34091382864189	0.0458219530360271	0.231952863070301	PGE2	darkturquoise
-0.284788978380003	-0.0817974080110688	-0.435204642536947	-0.411787376707208	-0.538698085849821	-0.293275614099787	-0.736903578129084	-0.466177518307069	0.473741884501373	0.154963646181063	0.229962425810273	0.132969959618924	-0.315248828561527	-0.430315814189329	-0.162787007293211	-0.0358591614752964	-0.0740478796111049	-0.0784416916525868	-0.121897317753198	0.0560900517304106	-0.359129274411896	-0.182293075988335	-0.272353941673484	0.061413109676902	0.382820861777661	0.390891735773729	0.101701085398446	0.642624416534629	0.683874531876328	0.824049760769189	-0.100248647969407	-0.0870991838631539	0.0913204317639436	-0.0664957649528983	-0.069136036781125	-0.185775331903686	0.16595840205794	Phosphatidylethanolamine alkenyl 16:0-20:4	yellow
-0.140034531186476	-0.181592265600316	-0.142974210213584	-0.301547760732584	-0.400360066033832	-0.342409198768176	-0.358389035178719	-0.27556614468961	0.163181370126218	-0.0603375735672493	-0.0575163743877577	-0.225801634248501	-0.382797943565341	-0.446249120043901	-0.0680069566764498	0.0770950279802704	-0.0284600195830087	-0.00698570756470077	0.198585049004098	0.244174573198023	-0.106556049628781	-0.0714590884803788	-0.0172988024393656	0.125214594080064	0.13352600316351	0.376262765214343	0.174174206096824	0.421732546049597	0.863068824979971	0.756952648987391	-0.0814785641829882	0.00628562227065963	0.00722205202465814	-0.278401536907398	0.0191362761898684	-0.0473825203455705	0.226722148291519	Phosphatidylethanolamine alkenyl 18:0-18:2	pink
0.393945377407491	0.323331896900326	0.21546735751143	0.198456410910626	0.407423108555458	0.707812554588208	0.361995272221156	0.292011595729103	0.132616161957225	0.231287777662345	0.110088413595694	-0.0605570884036557	0.0326196883931996	0.141046119422848	0.125022237386043	-0.266594753531878	-0.170219668207911	-0.0604973067391616	-0.159547435235669	-0.137271746863359	0.191369381778207	0.0883579223701951	0.184822725220748	0.14754054015315	-0.352423968791683	-0.37197638753305	-0.277873558896626	-0.170299581071264	-0.184913782178127	-0.284235539112528	-0.115504402000139	-0.0791431917127252	0.0787989976962247	0.0664562114066359	-0.106109413785313	-0.136985788541883	-0.452822619271869	PI 16:0_16:0	salmon
0.0821697545952013	0.457181558007296	-0.00230947449005505	0.100441854548949	0.201542987569101	-0.0776306850056078	-0.0698917063938566	0.284346805788938	0.491726791361781	0.630422308993944	0.551058211420734	0.109085028612244	-0.260560469485367	-0.162210134924316	-0.161155822522957	-0.0169804536846588	-0.439615788439628	-0.457295284135332	-0.564449087491735	0.0591785823979518	-0.171325070365666	-0.24329340472131	-0.186111152698801	0.0161896890370576	-0.246986730576685	-0.521927123524974	-0.515366484468129	-0.0457492972776374	-0.121257934421094	0.10987780034071	0.0308256879314954	0.285258214597957	0.232673298346282	0.0578607042891582	-0.324063039126949	0.165189588889508	-0.0375790253655406	PI 18:0_20:4	brown
0.152931616604113	0.203921106635343	0.495328030289766	0.580432829708533	0.372226649522271	0.155586030479928	0.641477081746121	0.296648246331303	-0.197661088786916	-0.0621158808291935	-0.0462953634565365	-0.296072601336301	-0.0437922676777355	0.0870178632790312	0.165622001531782	0.264089523547152	0.0569757881431372	0.178257639839802	0.194090291629312	0.151124010195173	0.146277639185297	0.239691746145016	0.116849101382356	-0.0627908803220794	-0.325480689630626	-0.329337474571353	-0.24576410684034	-0.452111825435616	-0.26720911674868	-0.506646402756003	-0.0714955431940561	0.115983746646325	0.0190606082603369	-0.0070526761706809	-0.0234063625268483	0.29151405232767	0.00533737606838329	PI 32:1	darkgreen
0.299996500860197	0.324970863672177	0.203263451795482	0.166331522712378	0.340009928810749	0.438874828275767	0.338100624107857	0.380299563160558	0.171956883965482	0.130018809994487	0.0480662937935924	0.0345236174737513	0.0307167042932734	0.108032061230249	0.0412510290366979	-0.325905437954053	-0.189559134422492	-0.159491396794742	-0.142864501411013	-0.11814894274828	0.0910395512654296	0.133976275487644	0.286064207934377	0.193847103238852	-0.272555767894958	-0.463796393052813	-0.309288605096947	-0.142528441544139	-0.143593822167696	-0.210792880066713	-0.0572441833650841	-0.253947678923436	-0.144292441120486	0.035356977213378	-0.184806313118151	-0.097047368293489	-0.62154627169746	PI 34:1 Isomer A	grey
0.111774830698074	0.368336662136897	-0.0649836231954895	0.158728414404028	0.136844338769575	0.13547092586757	-0.0339448625712847	0.200463010344259	0.411805450636422	0.278830242326848	0.228225716636411	0.194064223766228	-0.126225511976195	-0.0743669968280297	-0.0520132083686076	-0.00712332758306326	-0.319476081005529	-0.336744608544095	-0.409374945868171	-0.183266982428686	-0.306835396229734	-0.245777311733763	-0.288674850958488	-0.137892192415002	-0.0791159230304914	-0.376312701192409	-0.412220025200792	-0.0158471851293069	-0.137623012744835	-0.127281697849343	-0.0156524927143776	0.0880335627599963	0.263597903286044	0.164876415751617	-0.290221472890604	-0.0543280613020039	-0.167881584879102	PI 34:2	grey
0.0926811740944891	0.550393238459758	0.0885558804512982	0.334118695216874	0.210249811544726	-0.0190672960612381	-0.0572672543153993	0.281060256743754	0.385990947768464	0.29930867551428	0.35797623390013	0.11360427721003	-0.236898722812148	-0.188747824756442	-0.13878209473569	-0.131597099217104	-0.49192368244317	-0.397555157133589	-0.496850557617656	-0.344577175726088	-0.385991457490658	-0.183043800388934	-0.241980253239026	-0.109233346559372	-0.209900304632292	-0.493540411428548	-0.372909463651209	-0.0608030898800203	-0.13983676891523	-0.0500789054390937	-0.00479699611984373	0.134876915384433	0.279985014821177	0.0603659874917182	-0.369757381904641	0.0641162072722042	-0.162927901370185	PI 34:2 Isomer B	grey
0.125215116932043	0.184211481719644	0.289283830291054	0.247461021498357	0.302515040759592	0.100603267331728	0.278390630940561	0.451933677578562	0.0593790053010209	-0.00356527391875573	-0.0131847371735078	-0.169090295117878	0.0286791958816114	0.138406629298956	-0.0430238466159548	0.0190025758905379	-0.111772614845462	-0.234410810654944	-0.261909394110082	-0.331803879025389	-0.0499819157052347	-0.130903362428941	-0.188324328335542	-0.183419231403877	-0.271237304463287	-0.434734880278159	-0.258825105712702	-0.317308147686757	-0.310005307480975	-0.335341110681066	0.199793341814394	0.223203503348172	0.180495945115624	0.0142222631087451	-0.111392559143188	0.279022802577213	-0.0697793920215583	PI 36:1 Isomer A	grey
-0.159206064797791	0.349417925042796	-0.0957749210080336	-0.120165646520044	0.0784354402776483	0.0146796986988886	-0.124448060502358	0.177382943308079	0.558733513064633	0.59410820010932	0.583595477493643	0.196827977615903	-0.0677910963632743	0.00847233088934787	0.0686246322975131	0.00401318936672041	-0.254099249434942	-0.240184975469076	-0.344470853943278	0.0393447034396187	-0.0116145313502414	-0.266766447498786	-0.11250582267651	0.260985116350132	-0.214372701667007	-0.350280248746924	-0.410083911673878	0.0475958275882862	0.00746491735030019	0.105278736245778	-0.14589346565992	-0.00938450921655109	0.101856590665374	-0.179113936432569	-0.078017575082961	-0.0309079765637148	-0.143817668424808	PI 36:4	brown
0.170657768467965	0.476328246940861	0.299071170650328	0.347126114709605	0.466307856225016	0.160784035873601	0.357542859996202	0.401009026085995	0.13174420104618	0.290036473364836	0.17692819623481	0.0874286735542833	-0.075565757673851	0.0641247934765435	0.0628868764930195	-0.0418978856932704	-0.379750577392266	-0.17611933656211	-0.226677862984076	-0.0582919865872086	0.0346676118907943	-0.206123805464912	-0.0390739431728471	0.110930479478355	-0.367450727220169	-0.564020133941543	-0.506930370959893	-0.235718889577509	-0.190632370459958	-0.26872274008113	0.0472256379944396	0.0970677396897599	0.0241097245995074	-0.0786539351825988	-0.208745609315114	0.0722845384412895	-0.297923227383637	PI 38:3	grey
-0.0382678894119512	0.545345851859058	0.00100754652107276	-0.00196702279330519	0.250737254445138	0.0618333933649831	-0.0823847879178767	0.326563886810022	0.510723936988485	0.791242297661002	0.677452117872807	0.356359139822277	-0.0347563618122842	0.0537912895687991	0.0246676172827044	-0.200052268984611	-0.329056866725746	-0.212949988667816	-0.355276100885713	0.044978741157035	0.0363876355926218	-0.285711054447673	-0.00162674631545691	0.415216944936221	-0.312529816788485	-0.569397496131561	-0.643443715730316	-0.0846548228300828	-0.215924454626415	-0.0257240187832475	0.00487285509982272	-0.0404408413280695	-0.020113513912772	-0.110740327354382	-0.193495732934482	-0.0417010623671191	-0.362078939639668	PI 38:4	brown
0.361908624387577	-0.19065860308302	0.516959253862879	0.290288035898809	0.0514879849381336	0.185044169154339	0.444587426169704	0.0866237931914853	-0.531946047498586	-0.359381886104564	-0.447977393142096	-0.618653830603935	-0.15036832693106	-0.119056085795529	0.148380997526096	-0.0268655486577727	0.320610880342518	0.342316967198644	0.403032450071286	0.133484351735838	0.453911506923566	0.339210337152363	0.325771314396382	0.00569049646714554	-0.327202891178365	0.139550282659152	0.194906063863711	-0.371638214417954	0.0118167529986177	-0.13829541586863	-0.177015250928587	-0.110857159377627	-0.155947327728302	-0.312493166204747	0.298767247427003	0.248400409777	-0.028745258383899	PMeOH 16:0_18:1	grey
-0.206620405115597	-0.0424066182192072	-0.332471355438192	-0.32174841841636	-0.287178973796418	-0.234379911183282	-0.643961162225276	-0.516238501332954	0.301145757815286	0.135816318635119	0.125944357230901	0.241053231643149	-0.0847532637592818	-0.23909263646423	0.0696285002171194	0.0361538829523384	-0.0772307912518895	0.0328553753761818	-0.0216159782068746	-0.025273845189836	-0.314937664893957	-0.266307198236246	-0.308355539161692	0.065751294598881	0.449973330924075	0.377056580929756	0.0841080463396298	0.689681265876831	0.557108115679999	0.626689677018373	0.245359861114362	-0.0679327614829956	0.0343203250139241	-0.111594297749838	-0.071656052300132	-0.275571536033039	0.122610928599134	PS 16:0_22:4	skyblue
-0.193600433252293	0.254331594291481	-0.365529882943823	-0.299419414056806	-0.279860537116709	-0.19200173207456	-0.529859806952686	-0.387855125379998	0.597519131356123	0.130783709505312	0.183892560804052	0.416392684039583	-0.0611142345907605	-0.215727033014977	-0.204938192290134	-0.151598678424453	-0.343829397083701	-0.232727020860595	-0.256283307307433	-0.202050912958038	-0.436323547998848	-0.2570293091126	-0.23728219065791	0.0408634003580203	0.293760516113792	0.221635285494792	0.123060574360645	0.688617590863428	0.413783046003783	0.562675241069875	0.00750223173181746	-0.0551223477822434	0.0706103231741882	0.0312738828194636	-0.0606858152465037	-0.222543283520199	-0.0853462093583818	PS 18:0_22:6	skyblue
-0.233168374600891	-0.0795538775919531	-0.0896671777868039	-0.204276668743648	-0.0870504626170649	-0.00345166514402807	-0.192090122409576	-0.340243812676345	0.0685988695098158	-0.188531430042727	-0.110142516595942	0.0361748731169432	0.000395245773922382	-0.0805128591364571	0.338780042853573	0.0957233674921035	0.0900492558368857	0.215795740567009	0.309682578542545	-0.0624675969842051	-0.125154543084209	0.143518863061619	0.0679164570745626	0.187377201041035	0.223106932946531	0.282062965403112	0.112402635976168	0.42559013293879	0.537599712518914	0.270672404883338	-0.105439247066316	-0.285188671403104	-0.16316530688148	-0.203602118969199	0.138494878974212	-0.130006113166535	-0.140801819580434	PS 36:1	pink
-0.275111031391218	0.0577407392126163	-0.124154329480265	-0.10571163786677	-0.0563177638353559	-0.00576457476834138	-0.0983166358419298	-0.216156233518398	0.150860837402622	-0.0292813716991451	-0.00143990629382754	0.326469191955466	0.250936146769647	0.145525590100642	0.0313931434563081	0.0554670850963604	-0.0426651600734134	0.251859613584747	0.220800081610755	-0.042348241960995	-0.134855605590404	0.0627333396865891	0.0140707581565402	0.146330096202051	0.314847434780753	0.214190709114438	0.134111173889927	0.466505721806916	0.245788130773392	0.18000755765483	0.156796499918633	-0.0688531127080463	-0.205319363652258	-0.168547580399738	0.0272223889619372	-0.149744456190777	-0.0562083496644905	PS 36:2	grey
-0.156860950741694	-0.0426087623117224	-0.105820259920519	-0.0530351577843874	-0.107037965391585	-0.0321152771439954	-0.20944950845795	-0.258180265577544	0.194541446679033	-0.147952277782186	0.00900481695256805	0.165540138197905	-0.0686452404105314	-0.0951555940954816	0.116476789837842	0.116181628637068	-0.0171063657960113	0.0580083766870385	0.041651806815882	0.0312276701118195	-0.141766552969725	-0.0649652324313388	-0.185782749261292	0.0518980743971598	0.308566117024434	0.171212958195995	-0.0208995332794052	0.407201740234505	0.468312421403458	0.27637574835544	0.233278122652228	0.0145166465475293	-0.0179955755778291	-0.123809733982469	-0.326270592255864	-0.222383698768954	-0.0846850219314806	PS 38:3	pink
-0.0736990918759065	0.101907951001379	-0.311076253155936	-0.248833627717001	-0.324272265506705	-0.314887207953188	-0.605778029009305	-0.463539671182899	0.248387742507835	0.261980703837838	0.256858550780626	0.293943204661104	-0.228931274734082	-0.412717817771758	-0.187746135195136	-0.064183024558636	-0.244489527740771	-0.141282352141707	-0.174236374325137	-0.0113521367762852	-0.342122159252449	-0.195929358718678	-0.173286339858235	0.0604293677251596	0.226669320486719	0.283506018710733	0.0687272408891915	0.464434757723854	0.38695937760709	0.68922992086769	0.0395321717179141	-0.110209414028611	-0.0358996978854026	-0.188718982768568	0.00845331542740342	-0.0728879006150031	0.152736383610045	PS 40:4	yellow
-0.346174296952404	-0.044468369756089	-0.233495281921746	-0.325245626247383	-0.0358411581543067	-0.150542868605787	-0.0784082237389456	-0.0288418739008533	0.0885683524138901	-0.000738742921473638	0.0470866147869735	0.364563101481797	0.367228444703894	0.255800327219086	0.0109087353592112	0.208143543525342	-0.109561476615825	0.067565857076203	0.115961427672693	-0.213206004706664	-0.081781086833318	-0.114197003958173	-0.0956375839296009	0.0806328557196689	0.181566389677761	0.152056245984853	0.224635470954193	0.271339212857886	-0.00742992815668203	0.0101150830939928	0.155257760033435	0.0748821755209593	-0.0138567924487366	-0.145271300467585	0.161079301103594	-0.075281851599288	0.00561968715886282	SHexCer 34:1;3O	grey
-0.27928814540401	0.0312838733591846	-0.294469918999029	-0.288285750603461	-0.0852031760440725	0.0592719774240184	-0.0137754427364473	-0.193768436749648	0.193807638507135	0.110846542793426	0.341953771253736	0.250782722159438	0.186664666811233	0.14248762153628	-0.0352621572403927	0.326793785419402	-0.139166209193068	-0.25420929302156	-0.0603837623740066	-0.109758389607521	0.0457555949626757	0.117786263689	-0.0454219310734786	-0.00682093771177893	0.0273479287332566	0.101993447168582	0.102978364383592	0.133078683817231	0.00260374803441242	0.044352754735642	-0.121777970065766	0.054224034906991	0.1829560346905	-0.160013605685231	-0.138306005968661	-0.0967294049563931	0.0553991905605763	SHexCer d34:1	grey
0.0299001000401256	0.165445090729806	0.241497004463889	0.169760271923057	0.139816394479792	0.426164575399059	0.178382170716992	0.314939623596811	0.179579890636124	0.46594456817354	0.380117583799374	-0.0276367841070152	0.0810835745614504	0.207265608761413	0.336921048907451	-0.292761271685301	0.151365179187286	0.24719855377551	0.149270679376347	0.0493780120507915	0.334670461179491	0.206706174401668	0.407168638171246	0.420019171167062	-0.128124732868725	-0.355540628700245	-0.24625125727653	-0.278882094254515	-0.237400847614428	-0.296204425761776	-0.299724765638203	-0.448697370166145	-0.177718465892988	-0.0814001646573536	0.116997903850725	-0.0774074280532506	-0.419339567674982	SM 12:1;2O/32:8	brown
-0.360435349085259	-0.275554815803574	-0.317579452566322	-0.356106512576574	-0.0983826278055417	-0.238065638388045	-0.102087949292991	-0.21329084558049	-0.0681995471206661	0.0388403672689418	0.102790255103503	0.168825974094273	0.184136191761473	0.0707022832841175	-0.0226987161856808	0.412550639367493	0.00584904735851627	-0.0823347388759136	0.0957611621573254	0.033923041125136	0.181148379291955	-0.0128431071379729	0.000320578037906939	0.0897340186260508	0.176309395743489	0.332994473902336	0.23306806052988	0.162079350979888	0.0463743843566094	0.254438884375145	-0.0753339998773816	-0.013083140780204	-0.130447110444561	-0.270719900618155	0.28591852467606	0.00755667001853256	0.264681395799815	SM 16:1;2O/16:0	grey
0.0423973097234185	-0.0602413137881069	0.179711239659584	-0.00930196505672955	0.190256554348988	0.201487606486901	0.374503965703698	0.363370517145861	-0.217765983912297	0.131845567088055	0.0199879734793895	-0.12892351620768	0.22477295364763	0.323082543847404	0.206691083348083	0.0200577841646338	0.300582127000095	0.0927773703655736	0.327164712497968	0.290028826019569	0.761288562554609	0.131705105509795	0.417412790066606	0.337512069277386	-0.332430959433719	-0.124920523577093	-0.0811333173849254	-0.483858424686277	-0.342600872865043	-0.347594053120235	-0.269671865472783	-0.266842706327259	-0.222674228654492	-0.199223520725873	0.19418145805124	0.0635887031411144	-0.206365046452405	SM 18:0;2O/21:0	green
-0.168751890067062	-0.117213573269684	-0.0620287577382911	0.0830763495648222	-0.073610518167635	-0.349808919899203	0.0658562729165004	-0.0618051575028841	-0.176975148359248	-0.0979910033908015	-0.0246021710325072	-0.0547370004683613	0.0399912329003356	-0.0418243646388114	-0.082712315230172	0.470327227224325	0.104682012853882	0.119101710013355	0.0832809763228829	0.0900948748295191	-0.132485313587366	0.122549937255153	-0.0537657084646505	-0.0473893288618799	0.0854176741982223	0.175288728850063	0.296631001283426	0.0631354197233885	0.0135730207035579	-0.0155610864585752	0.156834566310546	0.324158958811191	0.214801117887762	-0.0427289715010419	0.0657933914070603	0.0806216328016153	0.337280519853174	SM 20:0;2O/22:3	grey
-0.31447775180569	-0.21393583278025	-0.0275523392436656	-0.111416668494338	-0.3375499320405	0.0232605648437167	-0.0289932713959891	-0.281670784549687	-0.0619032635521424	-0.187145238879889	-0.119001233062689	-0.0161090087678575	0.126120254814495	0.096240995353353	0.261516250904616	0.0443314441972848	0.40094455447859	0.675135418446113	0.649695321640658	0.270086654854803	-0.0146470726392006	0.288836447632319	0.275489333464319	0.183897799879913	0.281018162640794	0.380977775554767	0.161918320196338	0.20916453435059	0.341374426665707	0.075560740091429	-0.240596881313668	-0.327301931302032	-0.281368642347791	-0.261031786508692	0.234394556504366	-0.177652495174401	-0.0456490294678032	SM 20:3;2O/24:0	blue
-0.229307053407649	-0.221793925062816	-0.171965689432423	-0.125139009686414	0.194827943247608	-0.270568794036993	0.239824327749126	-0.0318332397909412	-0.209258320420531	0.0657756655979687	0.0926000176312143	0.02661854335122	0.253920394393837	0.256843773503833	0.171041600245322	0.828909184581264	0.223805998534479	-0.00591328811654325	0.0955688170073901	0.315894648024565	0.0861826556816093	-0.0672611762641863	-0.134407074928622	-0.119137963193923	-0.0215323502354872	0.12329279752972	-0.0348674469891303	-0.10496351889754	-0.146759521018233	-0.11898894567207	0.179142229165809	0.397177539874416	0.224219668734251	-0.0576464015084653	0.117565059905448	0.0497608534590167	0.405818011670341	SM 22:1;2O/12:0	saddlebrown
-0.360527040042027	-0.341328864253523	0.00162678007355802	-0.166921801264609	-0.351959445094479	-0.0478989016598981	0.130763384736633	-0.178521909270892	-0.251640667549563	-0.353383133704816	-0.194639852115221	-0.139999197755309	0.0945418925585917	0.061912565855357	0.27271340660876	-0.0214155899262151	0.440643078508056	0.595419876254854	0.734898821501354	0.307545582259259	0.189668361878973	0.36932595173118	0.469497590994274	0.234469386858717	0.0910520227729641	0.254300369983678	0.1497255718885	0.0225682732919982	0.297550444242415	0.0190512712649413	-0.2961819807157	-0.278015061229666	-0.360925425380207	-0.319117759981008	0.318963552405704	0.00501123269982765	0.0103727584010798	SM 24:1	blue
-0.0599338244852026	0.0334177207576515	0.0572951863364022	0.12012718771265	-0.0728011230870476	0.0452113427133167	0.0936426400900793	0.00335948172357234	0.138207846061097	0.262749935582818	0.32138657492	-0.0432324516706246	-0.131584654820502	-0.069277840429099	-0.0310725304209559	0.224497751221782	0.00929013712270786	0.166175102732619	-0.00266728784140217	0.37075976580378	0.184970516644839	0.243028632957879	0.0590866991728096	0.188995831516591	0.0607428152761355	-0.0342306897560626	-0.123591215293443	0.0129718839200292	0.0156143532931403	0.0636855593457032	-0.184721292785146	-0.0927704004838977	0.0247226868223681	-0.128674233973198	-0.290058562625832	-0.0514869192831522	-0.195075238737408	SM 25:2;2O/15:1	grey
-0.117501566499929	-0.281815656116	-0.0546318965728148	-0.0506003522512921	-0.169923102993726	-0.258103739476696	0.132497335774375	-0.266587546775365	-0.262902988280155	-0.229837992151151	-0.13823873861752	-0.142627372552359	0.0893161253319355	-0.0149404140644995	0.218836068501944	0.559478898313201	0.33637226292823	0.255100532177152	0.374739794591844	0.256668063023593	0.050589724497436	0.14692170715733	0.0440843418504448	-0.0433055155330843	0.112446229275454	0.397739410938636	0.344623582205629	0.138948688767666	0.171630634317992	-0.00929877953836141	-0.126773287255712	-0.0360426979297792	0.112177189554089	0.0364358993142536	0.236773591900806	-0.0411422125499909	0.256155247070429	SM 26:0;2O/18:1	saddlebrown
0.00927349735761445	0.22248869478031	0.352932272264261	0.400655531304762	0.134560549430087	0.0388030052088332	0.161948258554151	0.227463613396835	0.0817560489502226	-0.0507801313440602	0.188459757086701	-0.333742494105974	-0.315925258836021	-0.174732223565172	0.0947552057250296	-0.0915680581466341	-0.0522246357592575	0.0527109451692125	-0.107792851788569	-0.0725942899022643	-0.104271052889803	0.370566446381645	0.0897402083952291	0.00602708146758681	-0.233747745939497	-0.294707793272936	-0.171951079816722	-0.190077045840223	-0.0108516849045714	-0.138116586611508	-0.351235812445926	-0.07872000248806	0.00620134129087442	-0.0274743555197354	-0.059459894526389	0.0782731744849893	-0.199954655931696	SM 30:2;2O (FA 14:0)	grey
-0.148081586619291	-0.161945424694723	-0.0357340266249759	-0.0213874145655213	0.0945480929369808	0.376710321923821	0.282103921809169	0.178922954486088	-0.0194071044472009	-0.119362783963519	0.200216259424841	-0.030944031487828	0.233828594669612	0.32626651201257	0.216945274390522	0.0133939239324896	0.235113791883373	0.0864966604123284	0.100456971842636	-0.0684167981248911	0.297990722514438	0.575832322883274	0.322401959535705	0.0681314992384024	-0.0448618550332055	-0.069421390595332	0.129402934714957	-0.239753341331934	-0.292052156909589	-0.361495824567491	-0.199799142973457	0.0328722196369067	-0.113592799315404	-0.0164448363479885	-0.0489568031352465	-0.134571562498837	-0.125488957908667	SM 32:0;3O	cyan
-0.524895205214631	-0.493802725095927	-0.343397441310095	-0.553853922795519	-0.222478537784508	-0.0164484379454179	-0.0544601785398438	-0.230951541061577	-0.210830072292269	-0.223696124700361	-0.03853437963438	0.312202121027905	0.567133576138958	0.429244766226179	0.372952511088276	0.25435345037154	0.382117645678828	0.386807594168416	0.578647328397304	0.0725780822088088	0.28045485106364	0.0560476492994268	0.199289099423047	0.35879972583768	0.311401606664013	0.441292890057422	0.281965357159979	0.250092471997656	0.108033868244777	-0.0767246357251559	-0.16935444721325	-0.250054274680448	-0.30204532799115	-0.158755055144904	0.240878374138217	-0.363647538608879	-0.0615957018887489	SM 34:0;3O	blue
-0.197402186973702	-0.0765403744886161	0.160230495715197	0.0714920999770166	0.219452562222819	0.160617440982721	0.596970799014517	0.0655516212509491	-0.434461520412536	-0.179040664311967	-0.0367743559962286	-0.0311302003248242	0.31548474138664	0.337817683027078	0.35773500687677	0.171569662572258	0.368124323641075	0.326581460042618	0.493937843552551	0.260363034609485	0.478634304604237	0.401058426473112	0.463240703821686	0.235415325911435	-0.246797795444932	-0.0857500111117499	-0.0586690321763723	-0.369374778822222	-0.342653465609419	-0.515466424972153	-0.253318441591306	-0.0541233940665799	-0.352266108398909	-0.155243476316008	0.245213973625217	0.116233582169436	-0.0581057295727693	SM 34:2;3O	darkgreen
-0.122600239797967	-0.0460528653109225	-0.199453316683362	-0.186357029228808	-0.0240527163170416	-0.0643978391871617	-0.204421224826987	-0.313694615792009	0.143587195056722	0.261621043712587	0.335864458258441	0.0547619745613314	-0.179256928922263	-0.209535322080718	0.147680880786103	0.214464244620671	0.123712554790895	-0.0652378649789045	-0.106000896771226	0.326379288880955	0.12120689255431	-0.131695675433156	-0.0565703484373973	0.238779420998367	0.00488248522340484	0.0942559008695266	0.0106580991846064	0.180596324311683	0.168614528027424	0.266598989853195	-0.00518974134819281	0.0358994028402761	0.000716617405983053	-0.0843208074931586	-0.050612681689372	-0.164880074396821	0.15572601589825	SM 35:1;2O	grey
-0.283753731496192	0.211585594255849	-0.320925982910263	-0.303560127474995	0.0227589202283917	0.0941460311071489	-0.239839588814461	0.0794719890770201	0.538400276030109	0.763521957616086	0.86183460067871	0.468782695456505	0.108623370355036	0.139842844461551	0.0354330204914729	-0.0312785446780886	-0.185489216131515	-0.125069619786466	-0.200556892893608	0.174607520122811	0.14801550295096	-0.145664239839041	0.109341121896007	0.618502216648757	-0.0368158570983855	-0.237760064338079	-0.314022320568409	0.13997827831504	-0.0078306229115295	0.157057522060142	-0.0919739191493927	-0.170081741899088	-0.0840462725098012	-0.152674795008494	-0.187930654382138	-0.316031412520849	-0.317924029718756	SM 38:4;3O	tan
-0.0414024820463244	-0.256198171565464	0.170331072878341	0.0063308967352736	-0.105599969332887	-0.105146630127073	0.336285643439477	-0.275547903854966	-0.537719739825314	-0.530333630289026	-0.443140173233308	-0.209997897876955	0.207907246748349	0.0942354516551431	0.231732224435471	0.162491429621694	0.340932741949779	0.32296934696866	0.696414287658082	0.0508807983294527	0.217876300855375	0.274057835600716	0.341715049932129	-0.000105040376643897	-0.125732550272276	0.34674023812563	0.232107794390032	-0.173700812278799	0.0854457033998787	-0.1500866481946	-0.0880286966783293	-0.164298614886087	-0.237436057514642	-0.190794860641004	0.520421580052226	0.175851825163995	0.220590491291108	SM 42:0;3O	blue
-0.194063027057526	-0.277364905538494	0.282894659412082	0.0948226791264753	0.0577518799584177	0.0912586293648138	0.494496522830515	0.0773344079797772	-0.432213321124493	-0.376520432483152	-0.2221551310634	-0.261163452139449	0.239778844540416	0.307371332035395	0.533419101642834	0.121942918135242	0.522845134316937	0.571924816549596	0.728748953709329	0.186430981062241	0.485807686133969	0.330811833955178	0.478189821968668	0.246240491438986	-0.142326676956927	0.0874946528974223	0.184417987419831	-0.233327136140969	-0.02098444661798	-0.38742692672881	-0.3070188851399	-0.263408636442883	-0.301048362713784	-0.331993427627702	0.398655112938391	0.0126320591118894	-0.130626787036447	SM 42:1;3O	blue
-0.142343530568039	-0.278860627926401	0.161714065817719	-0.0717688559313185	-0.127908667445113	0.119960635600795	0.389486438315001	-0.120975853532718	-0.396791976886881	-0.328386861291942	-0.204739972939707	-0.324218615409416	0.0851384455256008	0.0394133933968533	0.353173375057427	0.0444517216902338	0.391423655765408	0.438341964125898	0.682387543514812	0.320408188464256	0.521209160982347	0.542919642230231	0.552389075862833	0.230555179328849	-0.059335061536088	0.271316994234302	0.222781286949995	-0.0842425349837694	0.209734996118574	-0.0310876853040885	-0.472552879058496	-0.267227848472123	-0.389318636428513	-0.323029535649044	0.419838826594615	0.016375604638121	-0.0570114166891462	SM 42:2;3O	blue
-0.295178096315579	0.302429871570733	-0.0615397131527996	0.0254171302948281	0.10076871719429	-0.0193197410352128	-0.0761791090066636	0.151157721089879	0.535388279263824	0.569345050481595	0.80996103597426	0.221943660891021	0.0230889956686312	0.100307384466521	0.107089495762239	-0.0528977085969516	-0.161237059120515	-0.11325189812503	-0.235891593468212	0.0490180715868518	0.0598623310650158	0.054124695696984	0.0432392565043367	0.379758979891209	-0.103716258418873	-0.379502783386285	-0.360348521709607	0.0100537541332904	-0.105294706244122	0.012706449225198	-0.191944942338992	-0.0508930161844891	-0.0366733914329425	-0.00229413614979378	-0.142249302570262	-0.0788925054640325	-0.203318316710192	SM 42:5;3O	tan
0.360640999179523	-0.123317371666623	0.399390216765255	0.291939327210366	0.268152670460993	0.443527374069568	0.603433471542806	0.255103476565718	-0.348439036947562	-0.105257698112785	-0.197249829332094	-0.462249095552481	0.0236776583547034	0.165312103916752	0.343778305940246	-0.00734928086936473	0.311771621603644	0.278022045820546	0.286809652698197	0.118798030854082	0.509056257566514	0.287091395870768	0.389320093817269	0.123992477105409	-0.37229089464247	-0.150061323458124	-0.028530909057973	-0.43836048465415	-0.0986627029576828	-0.339168020622032	-0.124722431948547	-0.142809523448431	-0.0840923755419915	-0.206133743657776	0.0556794633366115	0.0497593617609785	-0.220873261918032	SM 42:7;3O	darkgreen
0.0523316522844155	-0.333801899712414	0.212701795343521	0.101109420511059	-0.18764947866175	-0.124605455984095	0.29925741789763	-0.295835843613074	-0.588262402177627	-0.468691304089003	-0.532982692884506	-0.373159303397882	0.0625749262219146	-0.0329804828702591	0.167915531491944	0.36293572268157	0.499444262417237	0.528787335102218	0.683058246509969	0.247111847636144	0.117021183307912	0.258904383513633	0.172171766479479	-0.138101698974737	0.0219475805591416	0.499407467298472	0.394192805963577	-0.08916413054973	0.132980028656996	-0.10576855927998	-0.168358044633402	-0.138650385566286	-0.0454098478348244	-0.0836013839071777	0.470367003294328	0.20915146818264	0.258154185703276	SM 44:1;2O	blue
-0.302363321297703	0.364906669086564	0.042938730981919	0.046839311033889	0.121362507712112	-0.0609711478449189	-0.00588436589487919	0.295474058946333	0.415138828467489	0.478636478709371	0.71114135006277	0.153153856588657	-0.0290727131247644	0.0300444008062606	0.0211871470977846	-0.080814109960806	-0.248129888380203	-0.00733130814668402	-0.230581696876528	-0.0743892799559084	-0.0501242058144948	0.158124106191555	0.0533588830936069	0.318422509130892	-0.139099117262166	-0.361694691452109	-0.217906379413579	0.0352385692725273	-0.148740029971981	0.0367846780876	-0.341328793436766	0.050643216155576	-0.0188456810415222	-0.0649229973384915	-0.0698445038631719	-0.0182065931581494	-0.304555977673261	SM 46:5;3O	tan
-0.0778893307105718	-0.258510921831174	0.108212670936398	-0.0788227529695278	0.0620427148367913	0.359521894210385	0.248857670110767	0.115424378848828	-0.119689452910224	-0.0872793907244203	0.0422407365542481	-0.0541973750824947	0.178924832154592	0.271958795854492	0.357071761225146	-0.0864459172003223	0.291012564144805	0.0484139246197158	0.246613489872419	0.0574781320371405	0.651589293770844	0.267341909099143	0.375185627063334	0.219546350404296	-0.0908999215982486	0.00966522635493305	0.0554876979125193	-0.319110276142513	-0.147807187133378	-0.285141589977053	-0.169222888745097	-0.0768386168092466	-0.335506201277032	-0.175153737995236	0.142884539292315	-0.0352018601867634	-0.0239334916049782	SM d30:1	green
-0.0395572888348139	-0.0920226467402068	0.0471193059898062	-0.103345434873341	0.270450465344074	0.383650104847507	0.32202876731871	0.145425701508573	-0.156997317581366	0.16393428896613	0.190057760863593	0.0347937032721962	0.234486684543383	0.362052174448797	0.25912144349554	0.180777977765261	0.111985007512857	-0.0646406521770296	0.168338605274491	0.0993791803593687	0.689728577393428	0.126171102823574	0.325543499096754	0.283468552457401	-0.299714644472521	-0.103830703799368	-0.0422687437166717	-0.331707412990041	-0.189164468920296	-0.3257711690769	-0.14141668930419	-0.147356744880914	-0.088466875717877	-0.306396210251354	0.069241231460314	-0.0379988754809488	-0.136165284757244	SM d31:1	green
-0.106828031035731	-0.174232648581224	0.043199741303294	-0.193862986994508	-0.0588923134199149	0.211373345473926	0.148932298233677	0.0452121525427076	-0.103579779805473	0.0189791988435032	0.131817298922016	0.0197511905434017	0.174099039812269	0.204685658300167	0.352101539363065	0.00276552085738515	0.236269015002988	0.0843255667150957	0.276392130591583	0.170156711769505	0.667853867229845	0.139895597809413	0.324986133873975	0.317851357454698	-0.108040128963585	0.0998457979684508	0.0350710225927382	-0.195730318102583	-0.110321986120598	-0.136561636103135	-0.202463896268639	-0.181342044780068	-0.27246161508828	-0.235658464247802	0.213115613181462	-0.019279430612431	-0.073820965755133	SM d32:1	green
0.0806947818114968	-0.136408690407246	0.23583820847409	0.0302436413401519	0.176587083685047	0.541681802850972	0.479996728255894	0.266151796181027	-0.174656673336809	0.0713612963568792	0.0319944598152665	-0.135004969838352	0.206789490548702	0.326670554506422	0.416738157847061	-0.14787371557127	0.256209269608148	0.242104930734845	0.344160160329869	0.146317534409515	0.759218636941901	0.216532572208487	0.478978303721638	0.335438900751317	-0.209347347339565	-0.161719497856083	-0.0479948483041521	-0.385283688917358	-0.250335069088047	-0.415377245158434	-0.277472736450127	-0.2992225940745	-0.349662402370232	-0.272811117570242	0.170249450275902	-0.0606244587207927	-0.344891525500437	SM d32:2	green
-0.261739524208721	-0.521307976808746	-0.224576774410342	-0.429936217658409	-0.225599752686458	-0.0200115844608754	0.0422781303609326	-0.159712948651429	-0.313912930648606	0.00371748091004305	0.035315202563446	0.0099727047794936	0.198272518106917	0.204085861630348	0.328809269712997	0.18862038800444	0.610834409581937	0.391662862432557	0.480034330247615	0.704736315347937	0.599392346775769	0.281383600923922	0.51982075767777	0.5245334691029	0.156664157823107	0.30257126758667	0.221591254781695	-0.0163915566247356	0.0633346717905623	0.0533703899931664	-0.200230148152304	-0.321480395744279	-0.448884391906892	-0.181657422487677	0.139614481899694	-0.177617318795424	-0.0559250461668813	SM d33:1	darkgrey
-0.397671511542869	-0.431410921985911	-0.310117807379204	-0.33757125425645	-0.133135918460704	-0.049311814652208	0.0483786032793558	-0.321546886707925	-0.353169482279834	-0.307120548928104	-0.217701220484762	-0.00309732107302573	0.274130161006829	0.16726302996751	0.397801267639824	0.366444497865948	0.462784077662761	0.5320974827033	0.684109176336145	0.0721747081982749	0.173169374336561	0.12047231457777	0.102106594432309	0.0710682789606199	0.129037191199482	0.478026188890897	0.301963769804995	0.16501479769257	0.195985964722522	0.0431361204381156	-0.0877756681030397	-0.096975336775402	-0.113781860536714	-0.299030509751726	0.649837885875453	-0.258039309987899	0.34476304009555	SM d34:0	blue
-0.335886585713982	-0.392824840811393	-0.18959380163531	-0.24512077733037	-0.0587125655916479	-0.236735937420065	0.259477133749313	-0.068703793547231	-0.315635890560613	-0.0190835011418092	0.0660417786525027	-0.0227786566611875	0.250560058351396	0.207598225554551	0.266936970872775	0.811569820765097	0.349340485640815	0.2256038749482	0.386463574103843	0.493824020260532	0.274913028689822	0.10065630930063	0.130824229366708	0.142305400485638	0.0803489432890893	0.250748223182474	0.0759113513035461	-0.076314471851589	-0.0276822673712639	-0.0903170098810595	-0.0989026513209001	0.103170380595225	-0.0400686025827605	-0.214865915379622	0.144018827767341	-0.0143810400431175	0.212984469797152	SM d34:1	saddlebrown
-0.0105530214024688	-0.135109487310777	0.209863995586459	-0.000831573432252359	0.209985610111286	0.33628423244192	0.500962030238037	0.259779773236205	-0.294020288572889	0.123276765974808	0.0762768925928116	-0.136299898725726	0.228317206406014	0.31744942433232	0.366796328851714	0.0981133670969521	0.298962679189345	0.3854792598811	0.4843469398009	0.450912451062703	0.710500484523733	0.271365209029239	0.575971275032927	0.555693143396155	-0.282874028904491	-0.135386948297326	-0.180328516167757	-0.339394864828721	-0.120582501142792	-0.323027280076827	-0.201794839775089	-0.276594069793072	-0.385254633747202	-0.300318417131066	0.159295963629968	0.0202888859367955	-0.321126754430512	SM d34:2	green
-0.103063562633132	-0.366748117980864	-0.19023376596741	-0.362982578746786	-0.177395004934975	-0.0101777264328797	0.124924296843097	-0.137514043576574	-0.177353477173342	0.140914457837022	0.124442165985923	-0.0309658789668924	0.0587030403450136	0.0777622677344333	0.237625504178744	0.210296372745846	0.46336749483338	0.165362614882662	0.329274757250854	0.873915384475189	0.500300691244361	0.192162868874352	0.498810409317379	0.461710866778575	0.0392044045097409	0.176621365572527	0.0795493773654116	-0.0277636513484376	0.0584742632505703	0.077973872274754	-0.262725570378996	-0.154147288997987	-0.322535054194684	-0.0657172403457082	-0.0189420897327316	-0.154869721875711	-0.0058562656627017	SM d35:1	darkgrey
-0.10723961642745	-0.36050972558435	-0.0073363699560348	-0.220591521738798	-0.155633101022962	0.0267248640034985	0.166787745004322	0.0362773086848956	-0.284138119393237	0.0954312559904054	0.035371711767943	-0.199388872075482	0.0644655853059357	0.104979097331189	0.216595007892636	0.204247573695359	0.55302388200424	0.396610530912365	0.436555113208174	0.7980815236119	0.639533940546258	0.189665243073237	0.457629101032551	0.488737648564044	-0.0186974122240982	0.181807953124461	0.05074251862924	-0.162959263406382	0.011933627882537	-0.0138646609442196	-0.318068015153045	-0.305470914449447	-0.341921765520083	-0.168619779512857	0.0798553896412793	-0.0939273804179618	-0.150687049016409	SM d35:2	darkgrey
0.147333517552442	-0.170478487410874	-0.083895764967786	-0.023927446614922	-0.093026558360071	-0.0472107586729809	0.168707675787132	-0.155448700715488	-0.155689282866467	0.0911106118318984	-0.00900249821787252	-0.240415954814286	-0.248548357882176	-0.195859373328134	0.0798834905943495	0.322940245277889	0.319684179955574	0.135944694801411	0.176572171863631	0.829262475083888	0.204981104511483	0.103012011675676	0.186120116003116	0.044720517634956	-0.0676995829994399	0.116885551872412	-0.0646573924840527	-0.0646008521949064	0.165752739182864	0.117284025049921	-0.0412278032511794	0.0208958526271283	0.0281251997611867	0.0112689360555912	-0.0211549365562747	-0.21910390353642	0.22071010725424	SM d36:0 Isomer A	darkgrey
0.171972218880639	-0.0126648314445986	-0.162725651732062	0.0672677346081941	0.148749236063309	0.15715148009413	0.126089475370977	-0.0755433412591345	-0.253309446305524	-0.00615028404879327	-0.103318175311069	-0.138921613337424	-0.104640350161814	-0.0940384552277319	0.11177009696881	0.210479802235171	0.205013345015954	0.187281866149584	0.141643936424928	0.134619862556612	-0.0430761964437858	-0.101793141898914	-0.174930636289784	-0.234633441179534	-0.102630764092918	0.0478854878445662	-0.0545289487460101	-0.0600649282978548	-0.0289460266740837	-0.0595356846491936	0.128222651381168	0.0663302149479128	0.303335491903731	0.039334228311812	0.28914879301823	-0.379585126468565	0.26935229522081	SM d36:0 Isomer B	grey
0.118742359632449	-0.145974622125211	-0.0892184300901858	-0.0444831961213216	-0.126375896587076	-0.057538115607229	0.188304616662714	-0.148353718033275	-0.15728383638967	0.0679837283262902	-0.0204868548799819	-0.253469968086465	-0.258444644899604	-0.19477778130301	0.075563695596979	0.318014155877166	0.334562010535597	0.146624203074668	0.238727348076883	0.826028456145659	0.190546454653022	0.103524574970616	0.209947941233565	0.0253510918015069	-0.12827410800687	0.108386413785156	-0.0698726432928663	-0.108435166819154	0.176396107544818	0.0935334843472628	-0.093457932186034	-0.00412096063853194	0.0425724820641684	-0.0155277818098634	0.0173354192035194	-0.187112210738979	0.216493090997952	SM d36:1	darkgrey
0.194625263615383	-0.0231847614114844	0.13590440373961	0.0631809290063814	-0.0689914695125744	0.153609224241817	0.299452958018175	0.104410227513798	-0.0815330120991592	0.228589138570054	0.0322764559674228	-0.330454467874815	-0.231109548273378	-0.0942479453681013	0.0410896963751615	0.11105929475212	0.260097950041483	0.224157914277616	0.277026731324049	0.877932949758398	0.372187008469177	0.0646796953265553	0.382216979219459	0.262385396212953	-0.250533192067533	-0.0986159892368158	-0.261861519717304	-0.273690745778493	0.0776853683312137	-0.0556981084143491	-0.220050871494166	-0.167489547403118	-0.0601718306145807	-0.122999870206705	-0.0601529908539314	-0.0612755424471389	-0.088055164787987	SM d36:2	darkgrey
-0.0129442960433612	-0.0912320759490297	-0.00244721634327082	-0.052575001776057	0.0762068566625615	0.15375575308526	0.32563198656042	0.202494544562366	-0.074402140823679	0.323398810631377	0.196787315931881	-0.167909121127933	-0.00121736938964015	0.108476340079667	0.148304543325976	0.0906563303921315	0.32231354128572	0.119373814829419	0.233958582319587	0.711954438124122	0.74107106454869	0.210034910065577	0.495533034788429	0.447732863481319	-0.200883181221758	-0.0775823735465157	-0.0328974126255891	-0.260683163831783	-0.0809557019804499	-0.0630206162326317	-0.232535835633192	-0.133727359682651	-0.197524872874425	-0.225007653794263	0.0379046126059993	-0.117621559713804	-0.122057655111245	SM d37:1 Isomer B	green
0.0350382907824117	-0.0566807105138553	0.229474558367483	0.0389003823533836	0.115091320235432	0.45063345851468	0.505616655243916	0.318097326322022	-0.130816778126548	0.170000112368527	0.0653252377788391	-0.0604120900080076	0.173617577463459	0.301127484556096	0.309892289429839	-0.170330344335633	0.365679425385566	0.262219306220266	0.452588185545908	0.492229201075325	0.890526187903145	0.339777995651747	0.726871345109266	0.579735922642416	-0.215810749444735	-0.18360314269012	-0.0636264448646953	-0.391945563936218	-0.213810817327013	-0.36875804726141	-0.341334051746877	-0.462468406804681	-0.518377475848905	-0.245906528600227	0.120273990695347	-0.011096760555977	-0.452572147881375	SM d38:0 Isomer A	green
0.0274057088540418	-0.127600136183843	0.0556021080972463	0.0673412538253883	0.187910372938108	0.400909626141779	0.366428816995554	0.00862256647868464	-0.318097279969433	-0.216259492602407	-0.21567055374599	-0.152165205906919	0.141436070712086	0.23357016512	0.401329123068892	0.0962670887748863	0.511933130243517	0.406280376996552	0.502141254441057	0.0574670858419886	0.293503891880868	0.147195758309903	0.154714115827094	-0.0429239138707984	-0.0860566805337555	0.0367430410634359	0.117109534774874	-0.205622990178374	-0.119882866946972	-0.357571059549059	-0.0197529572526759	-0.13914893157956	-0.0290147315751297	-0.174550606668613	0.379444702815613	-0.176970808750029	0.0390121999622601	SM d38:0 Isomer B	blue
0.0999992059532389	-0.0557791193792453	0.212026416929289	0.0160465401300864	0.160636678932918	0.479998173227565	0.530145285839697	0.325090935903518	-0.14769905583173	0.154037768356763	0.0265825436006556	-0.0580847324551212	0.198277610603555	0.333690262298349	0.287315333269419	-0.169654864913613	0.32347027747335	0.214446362173572	0.443849830098602	0.509450875246221	0.894254116850924	0.381107872676671	0.766122825151955	0.554889256886614	-0.231348159331717	-0.17880921196121	-0.0280273840976255	-0.382046417102563	-0.212614060316306	-0.366358336682306	-0.268024279754796	-0.417780873659286	-0.512952935768463	-0.21499303771266	0.0817776252963261	-0.0188333599953146	-0.436911414080337	SM d38:1	green
-0.0244008882211567	-0.117640665219856	0.122373956450053	0.0405894520217292	-0.0820930945565644	-0.0121900495872657	0.329021189957075	0.202883439413442	-0.0274866710069116	0.228956390440687	0.041456226581706	-0.2812802985138	-0.107703456685814	-0.0125792817910403	-0.052417671510479	0.256894908937375	0.270955856792485	0.21963675306197	0.309259030739144	0.808539092859	0.505910979570665	0.105008361883234	0.383150997462426	0.414242900905704	-0.15543408713623	0.00134609034581363	-0.0947453076921908	-0.218617465190932	0.143260192292576	0.00761162991031259	-0.238386961575385	-0.117068268173418	-0.174217081749989	-0.194542103425596	-0.0530343215829117	0.0282043300949274	-0.0820583456713933	SM d38:2	darkgrey
0.0871429861914593	-0.0739489893925655	0.209238179449543	0.268508379235575	0.0340169936776871	-0.111575173431266	0.251880955605935	0.158373060687531	-0.0994872211246796	0.0502166548866792	-0.0456632815226586	-0.340381135856604	-0.136243180763343	-0.0828355134126802	-0.143798495540042	0.299131584675492	0.166604087423882	0.129666547891075	0.100121956399671	0.504644587687274	0.216822578315126	0.0219389391830286	0.0181950242959232	0.0263144866335115	0.000358598043992457	-0.0282120664757945	-0.085281827814063	-0.17846690608392	-0.00937131095273806	-0.019451456351614	0.0272512600084161	0.0151179014581308	0.071137742504573	-0.0745043132567405	-0.236607388430692	0.0493112546451661	-0.0344158475458196	SM d38:3	grey
0.0761770560916675	-0.0307426849264039	0.199516421609975	0.00385305460536911	0.264355135090052	0.331661162192127	0.461888554678999	0.349576935848971	-0.165027193336597	0.192007039353301	0.100585693778044	-0.0659415000535206	0.236294326185825	0.35338618872593	0.280375534729003	0.0167198630283866	0.294259743215036	0.0619559727237264	0.300148126108224	0.379973843663785	0.917797984722313	0.208719969852245	0.541321597823659	0.481803700127233	-0.344850416696289	-0.149098466415699	-0.0942320929293903	-0.440953030276678	-0.30283989501836	-0.347847553003716	-0.177013149849635	-0.266465531304966	-0.324609433588052	-0.21422726573359	0.133336650571481	0.0198435380061854	-0.306192631988889	SM d39:1	green
0.00838998689315217	-0.0974706892312641	0.0946684529839058	-0.0408481675293505	0.13135264212891	0.360536953819736	0.362679653859519	0.256829071020928	0.0177664963335782	0.331211194108992	0.283399491706296	-0.193052558864432	0.0496024246823881	0.225931033233292	0.106852748818903	0.124718991741081	0.211270125492743	-0.0155500506009103	0.132489481068653	0.524388960674584	0.750455776177915	0.167231874781507	0.457390172158418	0.459779359701744	-0.266954599611197	-0.215304306008203	-0.161811319543003	-0.361484690007648	-0.11345351955197	-0.216100353999354	-0.2881256682799	-0.207188488533024	-0.16102935209711	-0.187963305327713	-0.223991748797547	0.0324439782953854	-0.326015536905082	SM d39:2 Isomer B	green
0.00418396077237348	-0.330735670648917	0.117984968786885	-0.127420632830081	-0.0704760869827342	0.18593717678009	0.386985877494761	-0.0952453898966822	-0.406643771756862	-0.235531542259424	-0.277877399717521	-0.110991714867627	0.224300339202874	0.237959626217414	0.488154726144576	0.0082905652853872	0.583849791177757	0.421064581925792	0.800605570199149	0.445712277891468	0.619777189022919	0.335303278005659	0.650473982158611	0.337533654472278	-0.071610144876624	0.191491918798012	0.200548271834551	-0.200793258592346	0.037489806141078	-0.222134875971365	-0.195747267197645	-0.372358488592712	-0.460336690045683	-0.220626070078739	0.353577957660193	-0.0306502948383346	-0.050760644537507	SM d40:0 Isomer A	blue
0.0146523933206766	-0.15634248893491	0.138138714307761	0.0782581788603336	0.0840473357228542	0.288344317708936	0.300146110382601	-0.0958257055956686	-0.431314102611632	-0.310608976440273	-0.346683797731619	-0.243400298604348	0.13343819041394	0.101662322228653	0.467491045442416	0.0909741242119898	0.506247632066965	0.504820189239142	0.679268952007739	-0.00907985435445155	0.35961236518269	0.200580098007368	0.233767111597292	0.0107557584735852	-0.0637179523892075	0.250112498327885	0.222829096655417	-0.0940669669973796	0.0376248769411556	-0.217238811455299	-0.198715771658073	-0.31603176243712	-0.132935346545259	-0.194555202860782	0.692897131515804	-0.127273081482732	0.054237391268751	SM d40:0 Isomer B	blue
-0.0199973376630915	-0.324396507218609	0.099714616590114	-0.149668210619182	-0.0771217489351071	0.183376460876606	0.375333418266093	-0.101798764835423	-0.387103541711617	-0.212213066135102	-0.246900746136482	-0.0802528021874577	0.23716452557717	0.246673256192773	0.517175308393006	-0.0159406501764856	0.586797713644251	0.428342410718008	0.783219689672722	0.444204399303186	0.621247004519706	0.323712849143488	0.660924148221869	0.371934389330671	-0.0669067645631443	0.169122227400839	0.176340110679292	-0.176441036576494	0.0314613848302876	-0.218705183260229	-0.212370166215475	-0.392933963263858	-0.473948872988923	-0.209815555298963	0.366498507441881	-0.0490238136782022	-0.0803516162273628	SM d40:1	blue
-0.0511794310072077	-0.234879224005544	0.0633111899506532	0.00540218933645308	0.104023798541545	-0.0769227312442175	0.322056654427336	-0.0830406978144859	-0.387538435218429	-0.151356132185137	-0.188998344418127	-0.17677176402479	0.12691580135739	0.0809443030124699	0.451385740832912	0.396664482921402	0.493384139812856	0.281588792442529	0.473774770689893	0.337471797728115	0.495614783271954	0.263238249774535	0.270186991035615	0.178721528395664	-0.0206384914090933	0.248338767156184	0.263470009195648	-0.0976889607903149	-0.0455870396798112	-0.12382300156995	-0.163059553027042	-0.141176529588635	-0.226282368676398	-0.0518601471402541	0.409847829493461	-0.0678940669153127	0.108836616349966	SM d40:1 Isomer B	blue
0.0411308447230939	-0.114561684680017	0.258786883058595	-0.0210468410392661	0.0735803795916479	0.354410663993417	0.465534671060793	0.29488422770438	-0.177979285115236	0.140675591364199	0.0616532508410653	-0.125432796843387	0.194422068833494	0.295759990179669	0.320880939893134	-0.127708884897063	0.325492904232623	0.265609858439391	0.473326451055468	0.506374888892289	0.898919389662869	0.329831180697363	0.74430909474456	0.626294019097663	-0.225425912388009	-0.150151482555958	-0.0605726611104222	-0.347825391837622	-0.142612016755155	-0.28960128317113	-0.316264889415236	-0.453341604024118	-0.512241650729693	-0.275115261898871	0.0448757239977221	0.0578385400800452	-0.473041557385203	SM d40:2 Isomer B	green
0.0227077129558596	0.00245986881158333	0.0535077377250539	0.10240532421441	0.244946450671956	0.085168888350414	0.380818827914894	0.22037014139028	-0.0386985054143619	0.147007188327036	0.0302235723861947	-0.19244256097361	-0.0264037824312498	0.0614991217879107	0.0327388551973924	0.439789231741967	0.0330144825143506	-0.209994274511244	0.0403590655146571	0.316004002481288	0.540016584336173	0.0483941231561635	0.138642518717845	0.104209429893391	-0.215248219227265	-0.0740053993844306	0.00618396623307784	-0.248189896311534	-0.113356864343374	-0.120046464185709	-0.0619560269587258	0.174849568089676	0.0632497920149451	-0.0868588424438536	0.0208092137837271	0.222243840371673	0.133204845138617	SM d40:4	green
0.0487463595571766	-0.251923320171143	0.0945095029794581	-0.0739725699322286	0.127841731546958	0.282653567996383	0.439109661794131	0.22008015635928	-0.410171572051174	-0.133955009559151	-0.195070442571903	-0.189798697021842	0.197555517103646	0.276157549791698	0.407076608613078	0.0611972844068672	0.517079258889935	0.288975558547252	0.60163459914357	0.403055970433001	0.760258618980785	0.349744848435602	0.594712857042741	0.337414737132816	-0.205757232644749	0.0632317542318176	0.0889784248198497	-0.35289237992531	-0.150072394943358	-0.294711447838926	-0.232210909940892	-0.297995895971746	-0.413641107035492	-0.248757317516235	0.283130757864677	-0.125075516757503	-0.193192945039995	SM d41:0	green
0.054790122361802	-0.183353444416603	0.118475687802135	-0.0487468819058426	0.160647085380993	0.310158025310974	0.435516500745873	0.211432808587872	-0.365911258641337	-0.04966395360749	-0.131530888754866	-0.102351175893184	0.218159067497057	0.285315580552178	0.445834169847375	0.0385908700819758	0.457032000906688	0.251077459436296	0.596380501995676	0.37472628364943	0.777956759502393	0.362013531361233	0.62648154875463	0.394518705474327	-0.19122577836209	0.0275604916142568	0.0501003145518676	-0.308923255988267	-0.147646472705827	-0.29538542910604	-0.238929821642379	-0.327296826775123	-0.449188431115516	-0.236969025067766	0.274961408770274	-0.0920156236681073	-0.223407722555842	SM d41:1	green
-0.0331395755423898	-0.159047762711557	0.10219102704837	0.00858532370284822	0.101976416752081	-0.160319345491997	0.419772843611844	0.149034442379074	-0.366005164987531	-0.0802343634366404	-0.101691989351154	-0.112987783368754	0.160741353613783	0.125215522505301	0.117851180008235	0.51852913287783	0.197173619361404	-0.0784060739721668	0.194556633692958	0.225245841303771	0.414921393313061	-0.00853420437234187	0.130543291728394	0.0873201773668888	-0.182211027866101	0.0137486635064771	0.0933551984523329	-0.288975152515202	-0.18665783699521	-0.223587001179413	0.064782832195097	0.226716110015643	0.0277131100471234	-0.201615646385894	0.0426243690401584	0.315270089059389	0.140979664243359	SM d41:2 Isomer A	grey
-0.0067642013201528	-0.176667157760232	0.24272170510207	0.00971013273653778	0.109891182530773	0.323468032687693	0.508371271787824	0.327564265476859	-0.279144549389576	0.0922398507855939	0.0801683689639951	-0.244787700308578	0.18896146026299	0.302914798207503	0.293996999331742	0.024432855587157	0.438283688343398	0.346483383934986	0.44800483445969	0.541177900569557	0.909771852244497	0.38193131980584	0.657911688676074	0.586806364892193	-0.256864011326775	-0.106161323536065	-0.0141696168796283	-0.399395174271404	-0.178583734806207	-0.312179514893264	-0.376523816897099	-0.397643685499704	-0.383297880767984	-0.309454762108365	0.0426689247418282	-0.0320956102776243	-0.455365315835815	SM d41:2 Isomer B	green
-0.202053792472865	-0.42550018363579	-0.0316272068392817	-0.305516500846279	-0.363141675473815	0.0104155869765765	0.0988718468946566	-0.378911082639063	-0.310193118326462	-0.340307780341144	-0.266983873890035	-0.0631770438224841	0.160422811539839	0.0942112054829804	0.46763002264588	0.0108805339538577	0.564879196694759	0.487419662569867	0.882488709962184	0.374462258127822	0.296384859244745	0.219729285368504	0.53113840352743	0.252410258521983	0.126692029161112	0.412475586581177	0.237694082131626	0.0775195297188145	0.326304879469132	0.0250677127187911	-0.20994009665831	-0.348241463381803	-0.465708538664716	-0.291858780475642	0.455847813660176	-0.0578706470367976	0.121178042208171	SM d42:0	blue
-0.206020762028723	-0.465972126310675	-0.0169500180236439	-0.219231321785812	-0.383070564157951	-0.143252001868923	0.0454482439035552	-0.391481091422172	-0.334249541835894	-0.469144048202939	-0.433162714114832	-0.18104192331353	0.117556328033977	0.0307754865102686	0.380422515933314	0.227412090035286	0.594402407336604	0.49034078127211	0.836150610970587	0.289719450499886	0.208457807864451	0.239041178631337	0.328209620450227	0.0450505460687489	0.2633692399739	0.59334172482143	0.432392881291225	0.096947808463233	0.310388800863707	0.0934730199541598	-0.194233958862081	-0.271274335158806	-0.333142790523243	-0.265432368336862	0.459063977382283	0.0343743945710788	0.240117829997645	SM d42:1	blue
-0.360238004407934	-0.331075859013333	0.11924404924112	0.00425622632029972	-0.204850197263897	-0.240786876295637	0.245098393071606	-0.166927735391	-0.393428173705774	-0.423766514239565	-0.207950979290114	-0.333371525289832	0.0250039915261608	-0.0238493339727648	0.333648923749955	0.324443179242425	0.438052430830873	0.594111077215907	0.639427453633979	0.206651864846301	0.0817041268260119	0.415682876377048	0.217675703640847	-0.0441050786297202	0.122611282778696	0.292851554666748	0.241804847210144	0.0572960251196648	0.260783516130656	0.0462950738647444	-0.232145669132489	-0.0612202510950297	-0.161951944217646	-0.337741578883415	0.349423157930399	0.0515455117994764	0.159321946307978	SM d42:2 Isomer B	blue
-0.219654496396817	-0.204745167936165	0.0386343654475061	-0.0920365966469662	-0.215742460444677	0.166606952645811	0.148347213422452	0.0340118445836166	-0.112617252281614	0.0173884438782381	0.071633100114393	-0.0406016247776012	0.140724580760386	0.175259277236768	0.250611554704305	-0.036162686834512	0.310018737183174	0.553134890858259	0.566415142867487	0.450890986268015	0.389799816939104	0.374357956954823	0.54565154230147	0.460419274955632	0.0986793055308344	0.0832994582566298	0.032497066460345	0.0122607842649227	0.16389397089161	-0.0612695280603594	-0.288228480394927	-0.415328380593515	-0.371348986347021	-0.31280626704287	0.00375734313623915	-0.123804630327727	-0.318764470102683	SM d42:3	blue
-0.242416424805706	-0.463945811521391	-0.0639252638179296	-0.152286994245444	-0.296428465742277	-0.041485154992761	-0.0222322752949843	-0.320338356552024	-0.28152255431729	-0.362957445566801	-0.396071768936931	-0.112232821051149	0.14792656682261	0.118723423751194	0.268368695172301	0.200736976069152	0.605485614897696	0.532097495685536	0.672707472833315	0.192953778328145	0.147001707184558	0.10209229575069	0.124381626532458	-0.0896415042855563	0.287832996658321	0.557699512351225	0.356323953936506	0.0931848870167684	0.188710636717055	0.00118632865288389	-0.1045584449953	-0.16197934396608	-0.281865460161859	-0.153177754894661	0.392459793426953	-0.144403051758176	0.309424987377458	SM d43:1	blue
-0.186210723598915	-0.468210743761887	-0.0280825418655272	-0.254103478999456	-0.260668792415906	0.048978327808713	0.204958729881186	-0.251914446267099	-0.406619020099529	-0.309419763294105	-0.290461948485657	-0.100239271909328	0.276831623191855	0.221649403229544	0.47915686772263	0.123374680837784	0.710708884514472	0.537022022979336	0.848992300211512	0.378397320604065	0.484788540709248	0.256501904617034	0.460889881278936	0.237048078642881	0.112996356861137	0.453322308967232	0.28296608482596	-0.0637034114394583	0.108187187882123	-0.0903630633687631	-0.341552503132062	-0.420866751916128	-0.418100415526019	-0.247565468345343	0.494418615237927	-0.128338155003083	0.0256282543886278	SM d43:1 Isomer B	blue
-0.17987550271202	-0.390734877039126	0.16065187958755	-0.0485951235363956	-0.235656900903901	0.00747709171774046	0.311543000200965	-0.188811043372688	-0.484763554165682	-0.437030510413602	-0.38106116026154	-0.227767860856669	0.197119013173745	0.156723602154074	0.351028541540975	0.183112691663869	0.587524553827513	0.577706240852047	0.891396430061355	0.291257353207523	0.338968554773069	0.320745764187316	0.447378383632537	0.111332245724852	0.0912481756566103	0.395567215280771	0.338204962771881	-0.0920064237928712	0.154098470911677	-0.17927214709281	-0.196958880792955	-0.279472534766942	-0.418203908210122	-0.313276899429488	0.424087479039117	0.0791198588175213	0.105810721889275	SM d44:1	blue
-0.135108709985276	-0.0708983401789489	0.0630035867763601	0.112881283189664	-0.194001655246801	-0.27058233316142	0.0753308968253418	-0.220495083056055	-0.10281431944115	-0.2951186241402	-0.178567523278477	-0.268448109756951	-0.0415350354614156	-0.109612411536017	-0.134202313853732	0.33270096732144	0.0440798747088387	0.032145756165125	0.202316050550717	-0.0231199383911401	-0.295466225276233	0.10279883100037	-0.103647108598721	-0.383681067637442	0.0628291072858063	0.237734999744244	0.161277072102371	0.0508360290542946	0.12926439884204	0.0189272254299659	-0.0794133496205287	0.256756713951881	0.240122326057756	0.00830972277074667	0.123803347970039	0.161839250386802	0.451850388743455	SM d44:2	grey
-0.361713376173996	-0.400451051750761	0.0568341760515453	-0.19281811167796	-0.361136791783549	0.0592651841144155	0.107412582090753	-0.33199215541911	-0.304396310810575	-0.426061300687385	-0.21653323431335	-0.117731269142785	0.2037881225311	0.122425419448339	0.495752278590464	0.0229945192423129	0.571227274860014	0.726764127172054	0.845280503306162	0.22801141106481	0.249469813739512	0.420246986025682	0.452794045671628	0.216174167713757	0.26765935447256	0.454007625539094	0.342371428784107	0.186407172498607	0.322193065023433	-0.00723763220287387	-0.378254428671578	-0.409585084669236	-0.468992349952588	-0.325589513471062	0.456620338186479	-0.104504095960417	-0.0398962495115661	SM d44:2 isomer A	blue
-0.311973106113033	-0.0920939738457078	-0.141788765762098	-0.0539792279524665	-0.215292017411479	-0.317761742579888	-0.0716398517755853	-0.250751376646084	-0.0144842929966532	-0.143732611359635	-0.0942708671155594	0.0814994275242076	0.08898375185881	0.0210368817233029	-0.0608851443084746	0.426572921702891	0.105446828713973	0.204601972052523	0.219585314244217	0.0240208674617712	-0.353724760522429	-0.0190515776024804	-0.114589292520845	-0.181419649600212	0.282194182122878	0.353731253161074	0.331654019527574	0.226529647863017	0.137482516601716	0.105249367724794	0.0634463982849209	0.13244909992616	0.0573329312331969	-0.0412861851678826	0.121126874174587	0.0423917470365022	0.314271354871485	SM d44:3	grey
0.048601513930766	-0.0334145849058056	0.138131645976005	0.0677845190999032	-0.0451668594487315	-0.336315295950073	0.0660742731217893	-0.069901495473538	-0.154080107756313	-0.259241529686203	-0.213314195940471	-0.26785704345083	-0.189269477023155	-0.215214738921247	-0.0871437758132389	0.161688001235431	-0.102759497719718	-0.16716841806979	-0.0518768730601205	0.114210124484838	-0.193747986139913	0.0878903277039972	-0.0335351901027977	-0.28045599346614	-0.159703748130944	0.0512532199070602	-0.0383958760919162	-0.0696830990664395	0.178089322723462	0.0553298149647318	0.0958777353062426	0.511351778211186	0.144323242168428	0.143350072452549	-0.047382797492188	0.361828142320597	0.461642915597344	SPB 25:0;2O	grey
-0.129869089281219	-0.131779132858679	-0.241150081110071	-0.191098527041696	-0.110662247998251	-0.353462709985816	-0.102235096813937	-0.130966259594995	0.0410999410596036	-0.0315999847954133	0.0705051571437911	-0.0729412806385054	-0.171037155506372	-0.153790212577383	-0.120885873085947	0.176854352343715	-0.194649791065173	-0.320746621761319	-0.243584513183021	-0.0951495199088148	-0.235552904462323	-0.0500242533727228	-0.217757338667972	-0.341482762251624	-0.0918686637057646	0.0211039044920163	0.0104454187417587	0.043900970883291	0.0717059801836003	0.202996282879483	0.127457668200283	0.552562647957211	0.331270718687774	0.114820519185341	-0.00106703864036063	0.103599399028174	0.576293600373596	SPB 26:0;2O	grey
0.170963515555021	0.0664997250299462	0.31132414384021	0.355430978501655	0.395508258226179	0.0632650359200742	0.487041641569035	0.741491822043508	-0.261315607642952	0.0369613388334389	-0.0584342226208677	-0.355694189372845	-0.0106825242771894	0.119437446130549	-0.112252234841048	0.192250471729103	-0.00626106805987338	-0.0401095002502433	-0.144178641290069	0.0230124929160533	0.250677722369962	0.127883123116382	0.0216173422432253	-0.0812126774094308	-0.300202549343709	-0.357990496133142	-0.0434402290241822	-0.523949998477267	-0.45955846476935	-0.437800014810681	-0.0690129738923057	0.323253310594157	0.160856133437806	0.101893291473281	-0.0827576851058421	0.171427329085093	-0.0582284257210703	TG 10:0_12:0_18:2	yellowgreen
0.425814556552097	0.210173281526792	-0.00905041735708613	0.273950344317408	0.0699692046105141	-0.0598953526290712	-0.0831078957295965	0.0736587812593162	0.071383988504179	0.015146914360179	-0.165965335814363	-0.24853457387326	-0.351348880461675	-0.32311455778222	-0.392762961414718	0.14024981455548	-0.328504653515352	-0.357455589239781	-0.496785218062998	-0.154524070366655	-0.398220550952966	-0.397734408455107	-0.506996212522719	-0.552191677230129	-0.192304045225484	-0.1893312497477	-0.14846678755328	-0.102465347193233	-0.00558138508886311	0.0224123542692909	0.455378083133016	0.508681229177018	0.848079674645666	0.301593282341941	-0.292403350673201	0.13618313127954	0.317987167459451	TG 14:0_16:0_17:1	lightgreen
0.542703983536107	0.308620638679201	0.934217121558066	0.746182731617609	0.301777998620106	0.278970462779749	0.522629118999182	0.425169924317284	-0.202302583273044	-0.0482288857427613	-0.163335132822496	-0.560376524839514	-0.290858529272251	-0.128355491522746	0.132696356535911	-0.234069444563165	0.0381521993008414	0.0918982212427619	0.0350980442029195	0.0367471402764062	0.304617757915912	0.229006735914299	0.231569832696857	-0.0539167525143285	-0.417853024774849	-0.377568775724735	-0.18065226270648	-0.531668192299569	-0.212952864477541	-0.418967596711476	-0.171066179559664	-0.111599778297121	-0.066052727587797	-0.0748884813426103	-0.0377546897861639	0.396035414230746	-0.240197993685202	TG 16:0_18:1_20:0	lightcyan
-0.0987347657960078	0.177140236915058	-0.264631006875774	0.019256546902939	0.213566653534623	-0.258513189300583	-0.0999980693313354	-0.041646348880941	0.197383830297595	0.12678650418964	0.0426468469842316	0.436149073800516	0.298062207075451	0.220546976174207	-0.152437875991167	0.247311649016272	-0.256264964438754	-0.270717108612104	-0.327293372522535	-0.127389572186032	-0.335729600090627	-0.265585483912388	-0.359997301125468	-0.202431882612594	0.196107819062847	0.022994694595179	-0.0324827720810342	0.189789293704835	-0.25930861841372	-0.10191128109581	0.3788348738344	0.388857462347973	0.26255445656123	0.64511787378042	-0.136784935209097	-0.107614591191522	0.253711528535828	TG 22:0	royalblue
0.0324579899283961	-0.022031207235316	-0.14344181974787	-0.0603711174172124	0.000063725360053107	-0.258366092574252	-0.0280976250141392	-0.0687874153636127	0.0377130532941644	0.133045602926723	0.078794366818698	0.0797255622922246	0.0419569169130632	-0.0330213743675605	-0.26095716836741	0.287593537726648	-0.158684678778272	-0.267027684860093	-0.249514695039694	0.155693797783177	-0.114491205820734	-0.391908093150563	-0.342595012588543	-0.187921724125387	-0.0517846526828237	-0.0215699445180126	-0.108508318201513	-0.0301306873656924	-0.127625092414652	0.00564437855136769	0.386313770322688	0.577795565389211	0.326086771480627	0.166235688937257	-0.190193952114137	0.333014714490618	0.451602636415417	TG 28:0	grey
0.044205110765287	0.322746900822973	-0.2107856720176	0.0724775178263505	0.0644187954101723	-0.399348767047112	-0.316113626518538	-0.097846854097661	0.303616890020818	0.169447947282305	0.0919974882380298	0.397146748800968	0.0523826645695233	-0.0888661538535662	-0.300122450215388	0.0891873000379448	-0.416967529150434	-0.351976558620873	-0.461447149247938	-0.177377554244997	-0.599114666566108	-0.370893984838753	-0.473952875604786	-0.255416263771207	0.155149299801204	-0.012615114638161	-0.132307828657929	0.318271189104918	-0.0364121246150832	0.124218219454043	0.415020862994903	0.427368928823073	0.400646688498752	0.703848962273127	-0.203439457082789	-0.0122827023081673	0.267589633742593	TG 34:0	royalblue
0.0329774336493868	-0.0590656677394435	-0.165395432823861	-0.0601922829422644	0.0388426164400561	-0.111963403594915	-0.137902540559729	-0.0990809817223143	-0.0221979301635445	-0.187011312734527	-0.181483626420749	0.23653946913225	0.192644627480751	0.114615334835857	-0.114717401683847	0.0716180908029857	-0.0523169738899022	-0.0979302356106507	-0.206638773420672	-0.0265590362708803	-0.304342165013999	-0.00828886867688913	-0.238815984009577	-0.276328435585881	0.238585717619144	0.166253123684435	0.081277798929283	0.237328372545962	-0.0754497309863508	-0.0983959852315289	0.207372565274626	0.224144561676276	0.133443560979037	0.843230731005264	-0.0631978811963543	-0.143468010565459	0.18359628657562	TG 36:0	royalblue
0.191779219377165	0.0582841990492389	-0.163769932709838	0.0102343892963934	0.0588565639299459	-0.0890000162470458	-0.0991934517499266	-0.00952637965397763	-0.0360016374926763	-0.0952725811280018	-0.204901041900918	0.246640829119905	0.146063290513658	0.0361547911259248	-0.229625651021525	-0.154201729309741	-0.206113417713259	-0.161939843735825	-0.303685241969141	-0.127527448143531	-0.294657317908416	-0.0965660409221842	-0.206993609192224	-0.263077954456603	0.144677632114354	0.0148820861555823	0.0134701807378257	0.168607380193604	-0.225990539896093	-0.102425455515519	0.209399237102864	0.199151542776055	0.174609692063055	0.855470635579427	-0.0806090099232381	-0.127060861919108	0.0352752028609942	TG 38:0	royalblue
0.455531582447858	0.1112132893355	-0.123385497189917	0.0160271902135053	0.168203517893992	0.133724498864502	-0.0490758243603776	0.0288768812283124	-0.0365424605071669	-0.077656548944387	-0.244601946731176	0.0620558538682148	0.0924842057651717	0.0389925935445008	-0.195781798770377	-0.212983684159695	-0.235156948434446	-0.281075089503535	-0.296945185798343	-0.158470500220945	-0.140085543201139	-0.0425114700133961	-0.0752444108393515	-0.229491839175334	-0.12251031115743	-0.0547984046654568	-0.0583253932927396	0.0469074574321653	-0.146449834923445	-0.099083975986764	0.19498324164045	0.0955293655460082	0.386705614471957	0.789632086635319	-0.105387783324514	-0.0584527271643557	-0.0607967032647091	TG 40:0	royalblue
0.0470988346299353	-0.336296950581814	0.132498831612967	-0.000357568443771385	-0.0350141633401182	-0.0478751705646296	0.303587375396166	0.250373987317973	-0.372724148923378	-0.386669189140805	-0.306445762679517	-0.302921189983065	0.0632373162682368	0.088463408072083	-0.0878290452910358	0.132559222854265	0.150381072951854	-0.145446289319587	0.0555892859045013	0.0352759516255106	0.176244842158345	0.256972483018609	0.160639990040567	-0.270662953705944	0.0167737061151596	0.0301661396809299	0.246206690148008	-0.266070016184109	-0.145562914072788	-0.185747614700874	-0.0587625470287324	0.326469051558503	0.040166618254421	0.0444620018866172	-0.110730545389926	0.257292442282374	0.225475743882078	TG 40:1	grey
0.63910626510386	0.018369287808805	0.230968989758653	0.260855588341479	0.156621602960279	0.18047431860738	0.368770533213065	0.031172575778027	-0.345718568787667	-0.237478413461006	-0.452156764693765	-0.327091384828161	-0.117060209192015	-0.114216260066662	-0.182547909288071	-0.112746242679813	-0.0269389879791133	-0.232745949173079	-0.0291469781583822	-0.00939032213799889	0.16583398244828	0.145068773181765	0.134275511556553	-0.305533512778196	-0.426072478937719	-0.0870065859357502	-0.027895123253033	-0.377369183291462	-0.23697343555021	-0.220102806740961	0.12823749038534	0.16052650168681	0.223336079423935	0.29014763348379	0.116619545486412	0.377731989030904	0.154655043604689	TG 42:0	grey
0.540104566300062	0.106095882926117	0.0714989721955692	0.0878911665346085	0.0794004703272664	0.23582702755176	0.0307250935190807	0.0333363041639016	-0.0843922469399148	-0.115079505029639	-0.350405856822992	-0.0724671600401411	0.0136521811799198	-0.0234904213463621	-0.231576062478147	-0.338462984112068	-0.152412922609041	-0.184491342261629	-0.142491182757056	-0.14127515640611	0.00586446136498191	0.0118569480289004	0.0763988910983864	-0.134021350565494	-0.201268215246877	-0.0533292428473094	-0.0409714854940679	-0.0995830404936342	-0.114266645943302	-0.108702973661253	0.126203698544478	-0.0448537096904169	0.193949839917517	0.540188086585192	-0.0221582000020905	0.182189984286443	-0.170634277156206	TG 42:1	royalblue
0.242424248910861	0.061780925798353	0.0796476358612462	0.0921744089198541	0.0676381995306729	-0.00545538664233972	0.0975307558741959	0.061849016381242	-0.0361170134600957	-0.172166778642019	-0.198404772092089	-0.0292812626296147	0.137693148620462	0.074391782555252	-0.280840235005172	-0.245876318319654	-0.211100379373934	-0.218081284333028	-0.213542241263896	-0.33839597643718	-0.204577085766935	0.19649105969865	0.0823076210792895	-0.185910425962112	-0.133257119931462	-0.0931026087669716	0.0565499601117712	-0.0581951079054705	-0.210544272415676	-0.13078871235055	0.018020614863598	0.150830906314712	0.15984437169151	0.462498244911291	0.0385688807618533	0.287573942712682	-0.0237052714441698	TG 42:2	royalblue
0.166541945657581	-0.0704246330794868	-0.311527362997909	-0.0987328958259981	-0.116577587935372	-0.203531552087654	-0.244273955857044	-0.137153428710437	0.0846643551906939	-0.0259520830775506	-0.0949149409476905	-0.0557558980784785	-0.159879893719725	-0.213318402558513	-0.311737572092266	0.192158903502328	-0.149309602125671	-0.303870802889586	-0.353530000048302	-0.128323337909319	-0.455092790567599	-0.428785821167476	-0.552491057106592	-0.50729121090948	0.0245628897007239	0.065232673440292	0.0052713580212144	0.161947446069306	0.0851361942947197	0.22830946526954	0.400083373147698	0.478588899683516	0.78667684735442	0.392445589694614	-0.0999502862128049	-0.0151489228927352	0.470119506842944	TG 43:0	lightgreen
0.811492155639676	0.325489590487558	0.264804015657536	0.30354228908146	0.239328594567109	0.397854297188544	0.216913460079055	0.133132658767098	-0.0509856826980303	0.0460843186195249	-0.252193032557504	-0.152230699630488	-0.175333266352512	-0.1234275928449	-0.241542743311443	-0.395855214414063	-0.327099288184801	-0.401453066578565	-0.248229632308463	-0.117248139001064	0.0701353586341769	-0.0502149837085949	0.115255167167173	-0.229011061970995	-0.430131703252561	-0.294203418573357	-0.180566192981421	-0.236824444367945	-0.172040780793971	-0.140267998500057	0.208720922629041	0.00396484324491883	0.304656223533394	0.291237374192092	-0.0841025121965262	0.223522455551772	-0.114393876358805	TG 44:0	purple
0.507574285205391	-0.0185319939705224	0.421114574698012	0.369642847768183	0.0984652622742601	0.190960243689956	0.412671214689605	0.17419415074567	-0.361308470086905	-0.268478853733224	-0.371376242493781	-0.566451490466788	-0.292074408099914	-0.204272790650499	-0.122454507614559	-0.181227539924441	0.0743411073913083	-0.141143523825835	0.0875046711005823	0.0209224016600769	0.256293176290207	0.244887499010599	0.258388127877631	-0.298888720052039	-0.460229498071943	-0.180769236747649	-0.0584986619849784	-0.559454307614109	-0.20742746000109	-0.233490403084084	-0.0135212825755927	0.145779413507587	0.0598784478202725	0.0236925611504081	0.0976462256571973	0.485137677502024	0.182484492837362	TG 44:1	grey
0.286518412017871	0.0356728091287723	0.0650951087290262	0.0606345387374014	-0.115431723314389	-0.0389742799938558	0.177244970486236	0.0920529979964513	0.00553973409131769	0.0204270247758604	-0.0329415749423559	-0.187413462228612	-0.0842185202844036	-0.0649002780103903	-0.128934182286064	0.0990850284991314	-0.00999277339888415	-0.22288932798419	-0.0552919748041515	0.111364799752836	0.100009941964753	-0.0328264838615808	0.0581885395231224	-0.0792238061441947	-0.370233857701277	-0.033591068482843	0.0634103120881151	-0.196385062378107	-0.0380503153998037	-0.101613465583975	-0.0643226160143296	0.248373656779348	0.48536978571509	0.195171193213882	-0.0295841375795039	0.199140427964281	0.188814393857072	TG 44:2	lightgreen
0.399254715397507	0.30049906541532	0.15509774284306	0.36996923700176	0.280671228141452	-0.208436880213933	0.0572222714521508	0.313026282112248	0.00226349574716772	0.0748461312872163	-0.0688949745029231	-0.164817014107401	-0.182398710281775	-0.163175691154046	-0.352602570332983	0.179312578306023	-0.394198092412583	-0.428572951220438	-0.550462928003232	-0.17360152764801	-0.302919269507778	-0.410642431873462	-0.473930241836073	-0.428080151540521	-0.264524389451905	-0.36438563720512	-0.234157438258291	-0.176039834804271	-0.250970453713473	-0.127170604307909	0.515414466913545	0.566993670928082	0.744873301949537	0.442528182204446	-0.34643294072115	0.277292011636831	0.243716582530625	TG 45:0	lightgreen
0.260314007715729	0.0146063497038466	0.150971699040638	0.338116012757643	0.0990307353709205	-0.315564435440051	0.125741765476877	-0.0783340213012563	-0.343350409136622	-0.238594782266188	-0.270567595099373	-0.417287415174916	-0.32282445114076	-0.357736320938023	-0.310896572303249	0.230411718490174	-0.0871787966357041	-0.254643760512438	-0.156570639231018	-0.0774598939879687	-0.197854990848992	-0.0754660428442105	-0.260783305466681	-0.476222287778273	-0.237195009035561	-0.034455088918978	0.0325752760287012	-0.225631346053472	-0.0681889941923539	0.0252290509170772	0.268782018082678	0.504950806079122	0.421993292935797	0.171881378148701	-0.00304870569412669	0.454209670165839	0.518372566156814	TG 45:1	grey
0.918818644317585	0.252220122703441	0.198129860022918	0.335247565902791	0.321251400774974	0.460630948524774	0.214405933069609	0.130052587106694	-0.0961807477051755	0.0326307566271847	-0.35467195070179	-0.207393280719065	-0.201409965621008	-0.145421415340506	-0.287730856760348	-0.167644452340341	-0.322766581250251	-0.402407612812587	-0.337966384710882	-0.0802382693056751	-0.0793810513029813	-0.0350860820675479	-0.0334265430213245	-0.343613930573435	-0.304147685428662	-0.195916520021144	-0.130195463373168	-0.225381124986939	-0.166487768465737	-0.133509795242145	0.321783995883272	0.133900526215755	0.378008542006234	0.349144765706008	-0.210191155543424	0.149920649821951	-0.0513158280399641	TG 46:0	purple
0.801873667108707	0.276751214023294	0.360967162275729	0.378983508634465	0.206289814653204	0.47252307260566	0.190007560953102	0.23036476066393	-0.0671158211953873	0.0211345600068712	-0.286027665219055	-0.300164209257844	-0.268542279836531	-0.171843499684379	-0.220760417050566	-0.48595528299341	-0.235985435361031	-0.261907398237146	-0.187687497983816	-0.138141820451407	0.110130807913785	-0.0370177961932541	0.117120191622313	-0.189428250996804	-0.391866981839195	-0.327753489655047	-0.200974249457777	-0.324394760919966	-0.106116307989581	-0.164746921443393	0.22965580240453	-0.0855458100988281	0.207938769493897	0.211925087949253	-0.142524480881062	0.2381828835225	-0.221066550812825	TG 46:1	purple
0.347824634670352	0.140714021019072	0.151571975086456	0.273312346426766	0.0176729638572251	0.0111605456318235	-0.0600606173814623	-0.0547234227609949	0.0747306177694276	-0.0959631943200102	-0.117305005967932	-0.268570364677177	-0.271272719398235	-0.26997748304176	-0.254548994556596	-0.00707112750179705	-0.334618633830311	-0.293174188702681	-0.318537293930945	-0.362466862035242	-0.239193669056752	-0.101488458667758	-0.32032029694965	-0.399597219042694	-0.189054438859039	-0.0630377556871509	-0.00837157152628883	0.0149555453148058	0.163559403674132	0.0814904674075568	0.108893000412965	0.196135679741381	0.547660338454324	0.279663095474082	-0.0554408552527055	0.266000916571177	0.177976080793137	TG 46:2	lightgreen
0.67890906853467	0.19582616917041	0.123177816436371	0.336044628709015	0.334975700646409	0.100874344863569	0.098620578709894	0.223699545639097	-0.0886239639586513	0.0536837359712325	-0.244912985209221	-0.246152652498824	-0.241984754703601	-0.175978990734416	-0.247044088691312	0.140869638764758	-0.27202176148208	-0.402107419434477	-0.453284372998179	-0.113658964382618	-0.28251905823537	-0.306699873952001	-0.363975332945666	-0.490267268418902	-0.256235228384024	-0.241598501201835	-0.133135081197984	-0.197376678115974	-0.148274020084588	-0.105163261863448	0.494578003923862	0.464953231132855	0.686753437943202	0.321569496762355	-0.277035610612838	0.110734515770092	0.273044337991188	TG 47:0|TG 14:0_16:0_17:0	lightgreen
-0.0882455741184817	-0.0396780117595045	-0.356110756050755	-0.117583103697096	-0.301243789799197	-0.407137788636401	-0.377154105590118	-0.223057395307574	0.103466474660363	-0.0106215640170472	-0.0194025002355714	-0.0660153383357919	-0.315952990292679	-0.378387254553713	-0.350276334272481	0.312112581614868	-0.236989281473503	-0.246169718858316	-0.268044506842798	-0.124969500085014	-0.563454991227034	-0.375279290524227	-0.532598779118977	-0.435782796444615	0.102513029888954	0.178008455615749	0.102043424030303	0.173826504981229	0.293930526941223	0.351645197061974	0.189816981686118	0.412150443658081	0.639772957987531	0.129470797737391	-0.125223077749997	-0.0800923058129061	0.526285686908163	TG 47:2	lightgreen
-0.308762673846428	0.143484401508603	-0.340154323039414	-0.0992292647317809	-0.0262801790741438	-0.490491781948476	-0.288070741026971	-0.152224926526063	0.260913388473863	0.109894925892005	0.206881370183499	0.199001174124011	-0.122205259981744	-0.206684907429995	-0.258429778720836	0.325570933686799	-0.371127911387719	-0.364591705025059	-0.426227491848854	-0.226631240837617	-0.550649036312127	-0.387310635401026	-0.542699904604673	-0.356924214739531	0.107877259704591	0.0237237054411006	-0.0285561930142375	0.314815465764741	0.146063778435007	0.342638825256321	0.305474671687061	0.639516344315081	0.451306018624889	0.0848508023308944	-0.10201747311891	0.0274912503646885	0.526934596686511	TG 47:3 Isomer B	lightgreen
0.860930343967035	0.239203945879826	0.388149031711191	0.481757682651936	0.367245782681492	0.548360614730504	0.374094192130978	0.27845757824939	-0.040221592913527	0.109494433065764	-0.226068946159924	-0.395181572232144	-0.282532002298665	-0.135433278166845	-0.129163634393624	-0.105547176183683	-0.158899127035688	-0.262550463080281	-0.274895734656737	0.0828812885908767	0.061830990186322	0.0697575321248967	0.0204620998123717	-0.252961235402338	-0.313265942331469	-0.299199288439179	-0.22773165461832	-0.36242372505199	-0.179082891804243	-0.239920726767673	0.177404113205253	0.0911430342330399	0.28875306040208	0.274207505037473	-0.310442998962316	0.135166434221341	-0.139647402648876	TG 48:0	purple
0.832287997053222	0.255054429400104	0.49397893670934	0.590333508077545	0.393963473293932	0.577679573695966	0.401000438897434	0.340406858330423	-0.117326257085201	-0.0374336100486568	-0.298249289702036	-0.446522847452425	-0.284499300307946	-0.100951458638127	-0.0985414751886803	-0.248878159662606	-0.120194293056586	-0.214598576150095	-0.21168502705414	-0.0865645435729147	0.0810451140848193	0.0816354118676017	0.0618511097258675	-0.343760561599508	-0.372685003429973	-0.374855794935667	-0.218558611807703	-0.452940320395329	-0.209402607886522	-0.335244577833688	0.215979440739878	0.0783739321156563	0.239548153514528	0.210825041886508	-0.212079487316973	0.250089665195797	-0.104404403347821	TG 48:1	purple
0.817673975532346	0.430292719028017	0.556810307606725	0.627945094211685	0.346205353391764	0.434786570681086	0.31285611107864	0.325675328378031	-0.143163469170182	0.000657882530173286	-0.287099533948756	-0.351812137411098	-0.29498937006454	-0.211490433073833	-0.176203367089758	-0.460744959499308	-0.309561647396893	-0.179710927111863	-0.197809433273004	-0.2521081130406	0.0965192436254323	0.0561508597808212	0.094836047991178	-0.218613236495852	-0.400356243648061	-0.37477963468268	-0.140425846897864	-0.369694377235107	-0.213448836512217	-0.238594569158698	0.150217524956019	-0.0837798116200131	0.14123383094027	0.0962509967435588	-0.115123067727433	0.253380820024088	-0.287929432447216	TG 48:2	purple
0.631880479011603	0.381754945870167	0.497185825622298	0.541916996974248	0.250757500251818	0.296952759733232	0.226972162559193	0.229150007705643	-0.091910771821276	-0.0701141200906802	-0.257972306133427	-0.291337287901268	-0.237694388352349	-0.183659073011387	-0.157244019216422	-0.443060363572347	-0.307399147736707	-0.165810839160973	-0.164598601380092	-0.369069862838803	0.0406431245828853	0.0397601698428917	0.0413368814183442	-0.209814722625279	-0.367193612636563	-0.330611130320128	-0.118664411114914	-0.302832001140155	-0.178688170868005	-0.211596532221212	0.150980041595367	-0.0571422544726047	0.167061021761324	0.109377304628729	-0.0834422908591239	0.329671227207099	-0.251401632762362	TG 48:3	purple
0.906924866355581	0.325721364296927	0.322282762758424	0.474608903141098	0.37667930114889	0.313921820709757	0.251169855191129	0.255157381786933	-0.0970404485779511	0.137048734055587	-0.30142076893412	-0.280242989317032	-0.32842036715662	-0.227130730464163	-0.196496832151892	-0.0824645345604438	-0.206999013309209	-0.319250131892315	-0.325992829719986	0.0936963368584457	-0.0940830456041047	-0.0985615318838085	-0.0603231788654162	-0.281937764114532	-0.383335917298059	-0.285206534489882	-0.216986921165781	-0.349575879276114	-0.20747734260733	-0.198556868363223	0.330219882322264	0.245165994693598	0.412565064684777	0.357499706401707	-0.20492922249931	0.129843668840664	0.0404014898624181	TG 49:0	purple
0.858136744219286	0.40989749823175	0.5335060126303	0.709494979127838	0.402759156866842	0.140874205844834	0.371753183163251	0.347078157114684	-0.276998970735257	0.0435653320858455	-0.368975173738417	-0.428609178267457	-0.3666050302903	-0.300379473999978	-0.283955905649092	0.0244226071899925	-0.242715538030733	-0.214204178122259	-0.299458450067436	0.0466691198582112	-0.0705913246239973	-0.0404125667673715	-0.119047085745891	-0.359525658429052	-0.424836423940465	-0.280893739664826	-0.196472592911023	-0.449583885205378	-0.246404726880349	-0.231710691911612	0.245684494114557	0.24038746158284	0.415141223940071	0.261669868473127	-0.132676389549872	0.288521571041794	0.0613003703438196	TG 49:1	purple
0.67507310276622	0.520067198648631	0.47496651363095	0.73647377596727	0.404916745372378	-0.028661687840772	0.256816441774787	0.424848713477603	-0.158448505506626	0.155466061388751	-0.217442276586898	-0.370455820880385	-0.416995542998618	-0.346726953069047	-0.369705748438725	0.0410441089384823	-0.371938915551465	-0.265659357036871	-0.403092801102446	-0.0116579868096157	-0.16120433606302	-0.106315538191837	-0.207672806940248	-0.352862390730397	-0.406346691011195	-0.377766467852758	-0.251548236314068	-0.430912848286923	-0.258537735624728	-0.174138884011466	0.253526337375508	0.342158322054623	0.478470870559841	0.185369909888301	-0.2276656685856	0.324075119338228	0.104175889902987	TG 49:2	purple
0.226981134598917	0.460683773808889	0.128478214197991	0.457463338960577	0.134646679312024	-0.353331502540364	-0.0473855104830108	0.175834372782042	0.129301631644415	0.117461086091739	-0.0215273202906003	-0.169382552273371	-0.376442629339123	-0.34470469180476	-0.301789179421396	0.2440517191699	-0.384245999659731	-0.343685886590105	-0.323812521572731	-0.121792013869925	-0.437014745224688	-0.333353311822474	-0.436242846176051	-0.435061645996357	-0.207777972904071	-0.233441367033074	-0.225042876167619	-0.0863280563647236	-0.0124201670299321	0.071789955761576	0.213152108174491	0.42000844959913	0.656763756233329	0.14177719191959	-0.235947980868807	0.17162351202799	0.328653627412021	TG 49:3	lightgreen
0.842362910252734	0.207934084111438	0.46062691638481	0.465848147152557	0.310613132882878	0.517706637636378	0.433268569474531	0.281707358224797	-0.12825415743442	0.0919354452899842	-0.217980002207057	-0.39290926187978	-0.273168567496174	-0.134920083350625	-0.0433029861433767	-0.137591960917691	-0.0509881679203627	-0.188467401757907	-0.134810654187115	0.188985974223929	0.229908807233901	0.110430592401592	0.165382817851384	-0.0942060489540803	-0.392756674130215	-0.265802076871611	-0.190604318983811	-0.422940346023718	-0.156293876083259	-0.285951287366609	0.0440564667334545	-0.0478521334213894	0.161559365788405	0.222591348908751	-0.18397428244354	0.089107095304057	-0.201645610524021	TG 50:0	purple
0.631886325001078	0.282381035556529	0.677384052464187	0.731735062559672	0.374153780220827	0.354937521642345	0.508239367769071	0.429777881752957	-0.127791801799862	0.0277140609918422	-0.161999515498331	-0.58930679119731	-0.34462001591638	-0.167431205242307	0.0234057199899323	-0.0530733346980831	0.0250328830940878	0.0380479005805091	-0.0877295240168995	0.0703303264902937	0.173299074911582	0.162377692589677	0.0629808298129458	-0.157411194911371	-0.391693912184091	-0.347257003057447	-0.204051468185407	-0.45920840571781	-0.115857195298914	-0.311374852003289	0.0848848506599622	0.134637759496001	0.222552241468438	0.133331561548549	-0.188688485844056	0.249873377272375	-0.0968961090243759	TG 50:1	turquoise
0.607459943827561	0.413593580293469	0.727344051348772	0.836848803011647	0.443070064840291	0.36716704395255	0.525608952112448	0.460110390221214	-0.10542734905036	-0.00124251772366146	-0.153791426227545	-0.500108434563237	-0.31042173770469	-0.125209139416387	0.019631330101754	-0.174053127937021	-0.0669504695002739	0.0402356849136316	-0.090804356006073	-0.110384065074879	0.103163641651877	0.114904270887865	0.0199081353278478	-0.232432423763483	-0.439408109442077	-0.422883555306887	-0.23402820618877	-0.510502785561028	-0.201225044299286	-0.387782833309194	0.108349740203022	0.127008848615482	0.206014203852407	0.0680247447601481	-0.106932944268049	0.238973248080374	-0.0985105570978991	TG 50:2	turquoise
0.548605933052614	0.539642109729481	0.713100972800065	0.869145113888888	0.431808735321214	0.366503364561241	0.414243029689978	0.531222225199805	0.000723116708205041	0.0667120211265121	-0.0521623361486799	-0.391544447909961	-0.303974770994175	-0.126605865979617	-0.0240589422568255	-0.348730260553185	-0.185051305450993	-0.0113731651809623	-0.152495475011383	-0.257779341959734	0.063983332106999	0.0634705085624848	0.0265911312162452	-0.15170503716292	-0.432041786915576	-0.583559759885703	-0.313949485597511	-0.512055996378627	-0.281175745688473	-0.436638092256687	0.0808817737963759	-0.0537532325624899	0.181493224863619	0.0245802448147412	-0.181131254361492	0.260577831288039	-0.301126187676658	TG 50:3 Isomer A	turquoise
0.490337902046072	0.596527974252497	0.565940320100204	0.828304881078116	0.43475701499708	0.306691292521598	0.294062084552549	0.431989964886617	0.121944840852197	0.127599681371253	0.0331587533166178	-0.223911384098138	-0.278477878690957	-0.147389677039498	-0.137205132129798	-0.299775306412666	-0.368276337610045	-0.197895616469081	-0.314762286861144	-0.321605070149948	-0.0828496976725498	0.0592907878343746	-0.0293876693785073	-0.162119605851786	-0.327496342875051	-0.589752675150577	-0.317559923101535	-0.373094080847389	-0.332446164157182	-0.365205900732631	0.0952829968551794	-0.0180912736409184	0.189839981039139	0.126483245616432	-0.301940027969212	0.304758155877172	-0.293216224173465	TG 50:4	turquoise
0.741905223539467	0.165305162651116	0.27282440386975	0.363541112178991	0.224454539881085	0.212886509862763	0.165286278154318	0.207889281305273	-0.162874571391113	0.0571203735369448	-0.218930415165	-0.351428266346926	-0.3717893443613	-0.2886861997339	-0.0911281343142558	-0.0305178071578056	-0.0639970417142847	-0.285926202284336	-0.221011209824836	0.154004684393489	-0.0156492787855066	-0.0489938615527509	-0.0204492547410871	-0.238548778558914	-0.329419318113568	-0.191971514292397	-0.0827549934632775	-0.307281261887337	-0.107149693745883	-0.143399152980413	0.118364427474543	0.200428165887204	0.364233573533161	0.31303723780029	-0.113203734236509	0.107406317849439	0.137764396208445	TG 51:0	purple
0.881041375112466	0.438915684866796	0.675817418742198	0.753319775397966	0.443617500546876	0.331880796612961	0.492722672094304	0.418904970571298	-0.217843733627701	0.101848809480537	-0.320114828204176	-0.483642491890471	-0.377439570419875	-0.267871186231481	-0.104809960296851	-0.148059999342435	-0.130441564086434	-0.109995385110424	-0.116740706033627	0.116040036890185	0.17092343498883	0.0862345607277701	0.146487657530378	-0.106225524200053	-0.523254405175854	-0.341875785969741	-0.240883714402885	-0.513536244153383	-0.224536961170584	-0.301393892124042	0.0834803438157603	0.0661493998576106	0.17845383098237	0.177037023856617	-0.0275930796175585	0.269837257586859	-0.115822429308772	TG 51:1 Isomer B	purple
0.672455867595785	0.447528150279431	0.796326431033477	0.881442997052422	0.524463908844304	0.232517737012925	0.6054142063403	0.510779233591331	-0.209769154046097	0.0209799812518612	-0.27088872744131	-0.548271158422716	-0.334017539278196	-0.157930844045783	-0.0146148009406223	-0.0474860921836404	-0.0757193116581371	-0.0135062614690043	-0.0629451902994548	0.0449387502468383	0.128043001593321	0.123770991130005	0.101723062677432	-0.205311553329659	-0.512853622777516	-0.422910441319992	-0.234247002572575	-0.583662369277546	-0.264783242005344	-0.405319788621201	0.115414129244368	0.209545728886655	0.196864899259387	0.0868277153542086	-0.0377084386281206	0.346099920141364	-0.0102779485201523	TG 51:2 Isomer A	turquoise
0.564250630378696	0.631771147718817	0.714423138695979	0.959525962106558	0.529694319154951	0.159423730176817	0.441711974368451	0.590078014526437	-0.0154240880637886	0.142637983078903	-0.0944064603839294	-0.424607149560835	-0.391525951005724	-0.220721420761443	-0.156645298611431	-0.134637699691713	-0.249019825798681	-0.113352089007431	-0.246877119433496	-0.09653568146055	-0.0284712060408484	0.0343760507019606	-0.0288712393830595	-0.17689432597549	-0.479295630204703	-0.580281337184149	-0.362620240230927	-0.553414872869972	-0.328732990764327	-0.394055464451389	0.107622859803429	0.150731383152415	0.254710837193719	0.125638326268363	-0.180618321282689	0.340093501950046	-0.145271847916526	TG 51:3	turquoise
0.52140218646172	0.707569509781078	0.446085217429805	0.796692242546325	0.435616122229952	0.0302795110974925	0.292197914906165	0.35974016117918	0.0269543746722484	0.199907271262127	-0.0687273680425956	-0.173037486474651	-0.275399615753849	-0.228540431745306	-0.31794501733424	-0.0774676836148296	-0.453923032397589	-0.20055323312102	-0.360729090962198	-0.194270068354304	-0.157639984729578	-0.114245254300565	-0.19383651153092	-0.191045663732703	-0.435575441242982	-0.441981978296476	-0.285093569630652	-0.331278475157138	-0.335530264591742	-0.239314049677287	0.186708554292595	0.188237629250266	0.397690596274273	0.115592691063232	-0.114813525693672	0.288681025705075	-0.0875706051838266	TG 51:4	turquoise
0.777764279308246	0.167560206924835	0.383681891389073	0.345622376814464	0.221118632389504	0.276592719538027	0.321402074223354	0.117665187125579	-0.205363908655497	0.043418758461936	-0.301287114717465	-0.312285092880743	-0.256577329564496	-0.179440333739407	-0.0401385345828808	-0.0914083766496098	-0.0515040920323125	-0.184082267919492	-0.0934936474008455	0.271883341633431	0.157339224913794	0.0091764696914657	0.138043398945952	-0.109130994700724	-0.324453863820103	-0.119223010213796	-0.0774690087280138	-0.274458702666766	-0.103675508102276	-0.169639566582764	0.00788729493989145	-0.0298736780547409	0.153724412628073	0.267318391656171	-0.114672845147478	0.0554420996935959	-0.0888951879795953	TG 52:0	purple
0.65359054391781	0.20016799457606	0.740058729918477	0.610384432263145	0.295911177364224	0.415095942705953	0.495619432444337	0.378276367235217	-0.191541924123787	0.00491520007672653	-0.182838966645584	-0.580207510424747	-0.322407186451728	-0.135668790101112	0.123554745892215	-0.140643465653896	0.113593232221146	0.00679898327668387	-0.00199799557706781	0.136364548877407	0.291636781035189	0.194585227316728	0.215367618459353	-0.0632396788726146	-0.411840587348711	-0.330612481213364	-0.201973883801136	-0.545118246681029	-0.186758244063139	-0.398923212918061	-0.103854039236974	-0.0866247509328501	0.0338005975963102	0.100436553946084	-0.125855163577105	0.279882929088295	-0.21027883097633	TG 52:1	lightcyan
0.408957520749768	0.393291132374235	0.864499023165955	0.848032823626578	0.389871407478372	0.110399379423461	0.586797911560663	0.535330265865261	-0.172784846358695	-0.0855467084366316	-0.18469246599321	-0.562110980445609	-0.284542989309458	-0.130034619443897	0.0207669449301011	-0.0818149228071874	-0.0101306779070207	0.107115013719493	0.0257159363077981	-0.0579152968696923	0.134340592650774	0.135636849963843	0.0718434702689987	-0.160122989669655	-0.448591455780033	-0.405979607167298	-0.209200177695499	-0.541562443899383	-0.18882573938328	-0.405438591201572	0.00806825392181542	0.168364975238739	0.137421687249372	0.0140532467937861	-0.0245119333865603	0.374854238414686	-0.0743768336154345	TG 52:2	turquoise
0.364047293947314	0.521096187621883	0.787388532832139	0.91640705766962	0.430189211737745	0.116794903268262	0.454579089819086	0.59003062990153	-0.0179677934124461	0.0243598704448997	-0.0195103144043847	-0.468291772582148	-0.300629549233486	-0.130527250714899	-0.0444116576769597	-0.153579578718235	-0.126572600588821	0.0110205720037078	-0.17173788730715	-0.192090618566804	-0.0109794962525774	0.0827636300426262	-0.0421218257353814	-0.189215157359236	-0.399427778049249	-0.570165355620442	-0.311609635896067	-0.542689919343561	-0.324791892708789	-0.453755979051624	0.00286093654444969	0.101299269504337	0.197850576899842	0.0731302310673678	-0.171719381478158	0.361290114225799	-0.178434696867243	TG 52:3	turquoise
0.41553128216324	0.646993141015278	0.723012541714316	0.945529042842291	0.435214332145064	0.0988515687392765	0.385160693900471	0.507005513472923	0.0435097832206523	0.109532348388331	0.0203832967419227	-0.337734905087971	-0.286752533269489	-0.173122038161535	-0.131203605161073	-0.175378771072517	-0.267167074503779	-0.0558125055892216	-0.243578313250899	-0.240216123535806	-0.0553537910829174	0.0641971409235135	-0.0693136564815335	-0.146172638205229	-0.380772701625065	-0.551231821013761	-0.308412602589165	-0.451221422280923	-0.344433199125868	-0.393158586294091	0.0250675035494935	0.0303617637936293	0.209874734511466	0.0907293151190394	-0.19236486469768	0.356378077713808	-0.249957622103098	TG 52:4	turquoise
0.19113927482337	-0.0643446336745443	0.60638865128583	0.626853888507608	0.126799188577639	0.0828729415804688	0.477899098967725	0.246626022146635	-0.431685047110168	-0.440900704965183	-0.404822117023543	-0.613852224727608	-0.116119784913117	-0.0205129568473494	0.0663657094038003	0.0576209171180098	0.36371569670203	0.353488207416505	0.218662799840124	-0.0321883571469422	0.0973201885795508	0.343611125602804	0.0553639954749655	-0.323549787262335	-0.0880794491706936	-0.0312788029122494	0.139360321580104	-0.465878159209893	-0.222710380790065	-0.411077830076115	-0.128613425386789	0.0339056638737894	-0.00811210373825628	0.00672995595599792	0.0820672243870222	0.310108422418933	0.0404519553367189	TG 52:4;O2|TG 16:0_18:1_18:3;O2	turquoise
0.406944583943584	0.756006930859752	0.562816807251944	0.855994345854707	0.342140008653297	-0.0874887576935633	0.211644697613947	0.329570250451861	0.0985827313938703	0.156616216256593	0.00524093343935701	-0.169549662671884	-0.332261306255616	-0.344976024553102	-0.29701895721971	-0.122365641590088	-0.488457701027858	-0.168056228069119	-0.302261829911959	-0.341063167693957	-0.240428427134864	-0.0805474311764662	-0.212124224003157	-0.176269184842019	-0.339623239303246	-0.420428465533973	-0.25718108643977	-0.220514184230839	-0.242359920200936	-0.15522673974495	0.0604903423721209	0.101912259053945	0.275238378247644	0.0805402438447276	-0.117452301949167	0.382641231110573	-0.1475001477899	TG 52:5	turquoise
0.596773626314732	0.428223982386022	0.854783321020366	0.84740653129584	0.483731114734126	0.257493446076926	0.60085949191833	0.565524379376118	-0.184010225739512	0.0497110445985407	-0.203740778625792	-0.514034087651446	-0.306189069527262	-0.130973631440275	0.0416902083630213	-0.156940004927215	-0.0365305549540042	-0.00340775279812577	-0.00960801483955328	0.0545586676529036	0.245041752875626	0.146799556628434	0.217594032219744	-0.046656563152832	-0.524886161935411	-0.483388959175837	-0.283179515741859	-0.619980867463459	-0.293138245996892	-0.456159387145308	0.00246050676748738	0.0671614493835939	0.0503594787118089	0.0643712778800562	0.00843115926421562	0.394925779910703	-0.120362925791299	TG 53:2	turquoise
0.516736564300178	0.562620843428711	0.833523988198738	0.926886826618205	0.46822932401963	0.0664227217506724	0.483253839444179	0.507324964732041	-0.135478323415818	0.062976399081162	-0.165901065616723	-0.445746073927077	-0.321314381958034	-0.20635524888022	-0.0157346205122871	-0.13995110470363	-0.142840183485218	0.0321421212634344	-0.0801587653977164	-0.0560936912131214	0.0639963607665247	0.0932535146729244	0.0601872806767432	-0.115489830956303	-0.450472162349637	-0.452547086964358	-0.250609488233486	-0.511250389893605	-0.301219771401939	-0.384677080153734	-0.0279757493855341	0.0718165865316465	0.118134957728902	0.0595772146515697	0.0400420289083625	0.354641222684964	-0.116114513807169	TG 53:3	turquoise
0.445713593121553	0.705522621479302	0.676101825297079	0.880510719921531	0.411825547850176	-0.0740643607672944	0.338272286937799	0.434749921173071	0.00041962052936963	0.131266998552146	-0.0371862425306342	-0.201515294544366	-0.295222547134801	-0.254852792099373	-0.171068241734129	-0.190659011289815	-0.332463825882234	-0.0949025053790587	-0.200760265376031	-0.165940221160334	-0.0964714099318807	0.0244490304823561	-0.0354015758916755	-0.0810150044970545	-0.395208455259328	-0.484522486839907	-0.243598335600366	-0.35069119779374	-0.341755439978843	-0.310261270456311	0.0564686561083852	0.071926688194183	0.164545050226776	0.147635732184993	-0.0275397365271352	0.353021663982362	-0.176898804518371	TG 53:4	turquoise
0.486105899151324	0.166037878795697	0.192877751867415	0.264967896525415	0.17626847270834	0.00290866623734085	0.0938654469721926	0.127521493968161	-0.0927427096460056	-0.0095973958465876	-0.239225646631129	-0.163752907679271	-0.216940411069501	-0.164323058977888	-0.0423700384750836	-0.148433063242517	-0.0720430436030452	-0.211547987478035	-0.177291930374123	0.269674942517362	-0.080332312603101	-0.118736042234674	0.0120808021731666	-0.189767459805632	-0.161752146490487	-0.173023536897308	-0.23990414837128	-0.151251257152568	-0.12945771295291	-0.133090869576938	0.0746766592966552	0.121416184947806	0.0623072035094323	0.597932204733917	-0.151704251056026	0.0365718810388375	0.0685553932316375	TG 54:0	royalblue
0.604168540516531	0.16062909098936	0.69179624140806	0.445721952857425	0.0987150682929652	0.206099529125815	0.380756556145262	0.160551711514416	-0.288069019167149	-0.0382733724542504	-0.27575521097978	-0.462672712513871	-0.346786966589436	-0.24655943821488	0.0623590986486558	-0.180134605335181	0.0747250263497907	0.000694561424016522	0.118595366284029	0.207210517907858	0.325901593274394	0.119666823273138	0.277827775445841	-0.0117945899878793	-0.384816095902079	-0.143496559687769	-0.0421463873716705	-0.419182692728311	-0.0949241445576381	-0.217439619668611	-0.193659511712009	-0.180481886304653	-0.105399754649599	-0.069497594585652	0.0365661082077134	0.359565170719954	-0.123580319507094	TG 54:1	lightcyan
0.487243509365549	0.303497844161265	0.932459697921765	0.733696960515079	0.29437811011822	0.324317824318979	0.539540052806761	0.46483426846138	-0.14255886820537	-0.0487966466325339	-0.125472806142175	-0.56389744924736	-0.267512295535254	-0.0710379475056952	0.153224129915676	-0.259173828405672	0.0835245166280571	0.108180936428923	0.0818412950080192	0.0551223631640041	0.3374645189006	0.252406298202871	0.285181145495205	-0.00013163053681788	-0.442890858978593	-0.416403145796258	-0.236312402524246	-0.578901290215696	-0.204880461807392	-0.45813631923788	-0.218193994390567	-0.167364870424049	-0.102274732681072	-0.102248975995022	-0.0526581483858787	0.406125955327708	-0.29695931360249	TG 54:2	lightcyan
0.237026604208047	0.301815272814267	0.887339963907907	0.691782438717467	0.188684954545083	0.0730183853003929	0.425132341129345	0.422718563415904	-0.0349709511500274	-0.111649289367986	-0.0634020805964917	-0.482380679016111	-0.177362333700787	-0.041528247239633	0.121553152451361	-0.248818833021393	0.00343137560426598	0.132687928632115	0.047376505870496	-0.124530746385526	0.131753919455752	0.115018560714866	0.0848607849813183	-0.0675575028906509	-0.303335627694372	-0.421406786571989	-0.221846122170126	-0.447067952608638	-0.167798693858763	-0.400725519671654	-0.135098821065477	-0.0301381937583943	0.00113893652417123	-0.115936966004837	-0.111378457963123	0.484872399413766	-0.241857513539541	TG 54:3	lightcyan
0.25404174402307	0.551855365033271	0.851841497563955	0.778137885258781	0.18995747919863	0.00438649083694289	0.365601374378348	0.430616911807585	0.058317811521111	0.0127014780021977	-0.0131143260879631	-0.28106274136676	-0.163141074374519	-0.0945453457095026	-0.06563809518822	-0.329422343684897	-0.159290052333183	0.0927694714567853	-0.0110618944965555	-0.187022839926974	0.0511884844926163	0.0983921037416924	0.0847861184952048	0.010563737260777	-0.313083676817899	-0.435093612591016	-0.251008224469429	-0.39566603509298	-0.253827372774286	-0.34271456643989	-0.16795741335665	-0.13901705318714	-0.0339990037628341	-0.125521943214507	-0.115498000681257	0.491856254869967	-0.371460922219198	TG 54:4	lightcyan
0.294455925852705	0.647777047254505	0.709489858018187	0.759462942863477	0.189391554246244	-0.101408758866996	0.282805482848569	0.284088706545595	0.0406042062429574	0.101227686176692	0.0260646231898977	-0.13549732445458	-0.186483284790553	-0.224850312612906	-0.177569485876588	-0.270968953342048	-0.327873136980202	-0.0107259514917432	-0.114408493354497	-0.233869576093183	-0.00789889484755693	0.0599130817257799	0.00938943256918367	0.00761957469689913	-0.276324529183692	-0.363201037846801	-0.172072178800573	-0.228934561190211	-0.252568552090018	-0.187526615847951	-0.13481205589087	-0.124921602529914	0.00317706641079417	-0.0898427077050446	-0.0653255532208895	0.477848251076245	-0.325081656158701	TG 54:5 Isomer A	turquoise
0.20242140184957	0.616194374328289	0.484569571547868	0.682005565204523	0.111648272978016	-0.249303684653874	0.131163742359674	0.142688820715491	0.165083735829977	0.128658650234276	0.0693672373788978	-0.0884111474274475	-0.260041485151457	-0.318269371680788	-0.313839969284413	-0.0657782139786817	-0.392215106346336	-0.14667522099508	-0.210274689895394	-0.250177640909004	-0.232167539581674	-0.0747349581842873	-0.215678128458617	-0.131967809422705	-0.174762812378692	-0.284484931729164	-0.158374890066699	-0.104564655647218	-0.146109309056553	-0.0245724265468843	-0.044524098634623	0.0454288811986032	0.167072843415993	-0.0724976192108218	-0.159058048969852	0.495315677657217	-0.112173694700944	TG 54:6 Isomer A	turquoise
0.507020762751764	0.846422470383692	0.373451701197608	0.610176484342185	0.447056672941379	0.0102746286845489	0.19157466326884	0.438453272374669	0.175960687321387	0.47601509283619	0.180990521043329	-0.0350951444382282	-0.229546837277773	-0.206669656765854	-0.289964461618377	-0.0869891851635865	-0.543732633927206	-0.346652751213602	-0.423269240176645	-0.139370834018165	-0.097920114181553	-0.173179242733108	-0.115425421680004	-0.0183151870461964	-0.509377867512695	-0.519701911845327	-0.413859247729617	-0.286442049369449	-0.321226175821617	-0.176643525109107	0.0636095206271034	0.121673929792265	0.366817860684946	0.13928478812811	-0.154516104918415	0.260842438082087	-0.226428896311654	TG 54:6 Isomer B	darkorange
0.0196350190880071	0.455786140452327	0.211373466608546	0.45000495320395	0.0450993558903701	-0.310036404245089	0.0985633504810066	0.00555749370630532	0.263840150897199	0.129434455971354	0.156233252345073	-0.0266785551287127	-0.238218298908778	-0.266514582442939	-0.279012691437706	0.111234196264047	-0.36709322793544	-0.270132854735934	-0.252886239593452	-0.168869515385856	-0.289417751466383	-0.160995226158579	-0.313839818382933	-0.22817759570455	-0.124853471389089	-0.233530796917321	-0.201513633671371	0.0184210582436412	-0.0350810792635651	0.0708414428485044	-0.0365157138246659	0.19414773757648	0.308190008671859	0.0720978868591655	-0.258940610773596	0.287397952605062	0.047700076954965	TG 54:7 Isomer A	turquoise
0.538429229531338	0.373000253754568	0.781835372741617	0.79651871055122	0.407699773940485	0.10367206711411	0.493725746961455	0.399047228195416	-0.180492708580021	-0.038661771654894	-0.239251451722436	-0.492139454152197	-0.264459290672835	-0.123525504806621	0.043859892984165	-0.0776438114877027	-0.0394394740283594	0.0153481969584852	-0.062170639478238	0.0140653521641413	0.0651142394377675	0.0785208233755427	0.0222221272748572	-0.219654518368	-0.4242874366252	-0.375753323211961	-0.24028728605515	-0.522416361652522	-0.266353294029095	-0.383240375093221	0.0536495557683108	0.16984868654675	0.143457286481125	-0.0194737997010789	0.020400307549026	0.3840754374573	-0.00323138976880973	TG 55:3	turquoise
0.402776549836935	0.591942737894697	0.514549615718153	0.696002310142657	0.248661237743249	-0.0681694600004656	0.259452723698541	0.29017815552822	0.170146465059413	0.237409540539062	0.0308819046545682	-0.0941458364074116	-0.212939515277003	-0.17628136640918	-0.145369171662602	-0.0135163568373279	-0.343868635690444	-0.296312509589954	-0.291763690532056	-0.0996335657394499	-0.0971502468285199	-0.177136576032676	-0.211736100932717	-0.243269682225612	-0.299482400205688	-0.395289504816598	-0.302746081955795	-0.344387836258469	-0.360487996876334	-0.287102273467135	0.0519307311143448	0.22292734574205	0.385130142685416	0.192329649249684	-0.175974840621054	0.433705145255841	0.0434848655470017	TG 55:4	turquoise
0.287423703210876	0.212012622324836	0.627021994598352	0.419037970513438	-0.0217359509664638	-0.114016272111942	0.266129606356074	0.144158963083936	-0.126772214317116	-0.112221052348566	-0.22019641559748	-0.417835667954782	-0.360075053568326	-0.317547188727447	-0.182849731838419	-0.0499712252724316	-0.0909700609094273	-0.146218879723612	0.101564328681135	0.0824946104295528	0.130308749538696	0.0680793788533707	0.138679035066634	-0.182917716403751	-0.312733667417975	-0.114182620165825	-0.0484636825280334	-0.354944969230873	-0.0518218341177555	-0.0611824097863439	-0.178533362970445	0.0727757308431903	-0.129292939321118	-0.166061471073162	0.0993651415375591	0.828768295335046	0.183656697740738	TG 56:1	grey60
0.533769101097467	0.429468545992143	0.847820562435163	0.694758645619201	0.166460672613416	0.027478151756346	0.421963959494051	0.3414358637429	-0.127363838092355	-0.027364194663576	-0.276268927868734	-0.445971338240972	-0.313595317685798	-0.256214608142061	-0.212553519259486	-0.210348124038816	-0.182585758672593	-0.0763330623853668	0.00790186126047336	-0.0133660395203181	0.202470298565241	0.135169680075458	0.17767160136043	-0.117717923628041	-0.434268005049023	-0.247708141345723	-0.0960853566806733	-0.466909937530961	-0.203961881001693	-0.223182252800349	-0.127799145794301	0.0200424875540275	-0.0667739414667321	-0.125643331566219	0.0740318680690834	0.767290340002943	-0.0706625302194496	TG 56:2 Isomer B	grey60
0.388572527827824	0.407927488908824	0.933419353767318	0.74201892648528	0.245794190922711	0.0526238532840518	0.453698331249544	0.43626903225415	-0.126990430912285	-0.103477227715801	-0.171689278262689	-0.447935215834608	-0.199460804676706	-0.12422043995475	-0.0348905369502679	-0.311670690011232	-0.121985682588437	0.0609713539793794	0.0064683950373417	-0.166267659146678	0.135125826168223	0.211804081995086	0.151528599372352	-0.0471824816296573	-0.390826264736819	-0.360840597374669	-0.182547262488923	-0.491765267720792	-0.208463182382459	-0.345797040319166	-0.177704199129739	-0.0375057539918032	-0.0974115473894796	-0.0762640148256253	0.00419258650337495	0.585102822396424	-0.238389937469484	TG 56:3	lightcyan
0.346503574881631	0.645903761477112	0.861510032196762	0.803389547619773	0.268273953822268	-0.122153475979133	0.34505140921455	0.443182449454642	0.0553254906492643	0.053510226899705	-0.0811648273165612	-0.276434637866255	-0.237913970353272	-0.207977105033904	-0.150282074426571	-0.270580978486233	-0.307556152142557	-0.0427728122110965	-0.109516162032098	-0.219073486687878	-0.0593662081907994	-0.000540388193106299	-0.00620159626533887	-0.0530884869063287	-0.366718510749336	-0.414718797457683	-0.311899363243307	-0.37708983563196	-0.21688166432303	-0.238162027011421	-0.0710585372389599	0.0162981475446594	0.0011132726759305	-0.0207863163699312	-0.0548293287949536	0.536380497600783	-0.244942174992094	TG 56:4	lightcyan
0.435641824276247	0.938527672866936	0.509772041981731	0.681054491453634	0.543699039067126	0.115724070962432	0.247864265133539	0.630521895371654	0.322526914310256	0.50836226491784	0.247038140512574	0.0190957344017751	-0.243918123597868	-0.140185186271826	-0.218801560989772	-0.280060533193004	-0.561320537957095	-0.335418172117081	-0.425722076719528	-0.187676140518642	-0.060405501759385	-0.216578631221835	-0.0504479682527677	0.0619648460492731	-0.568179303631437	-0.733040042795003	-0.614833170426745	-0.373459052036113	-0.355647989668043	-0.274456786634135	0.0322595486172695	0.0676522006148266	0.208620600583246	0.0890954610902193	-0.169926993605163	0.262424705026	-0.369643044237366	TG 56:6	darkorange
0.337797995313091	0.905188604373119	0.466680169264975	0.626524127976567	0.410129463994494	0.101838648970482	0.15860018091602	0.522711779426962	0.336242463975933	0.543171727480901	0.289956694540782	-0.00292451223201883	-0.255414883851235	-0.173662900323165	-0.16479916325226	-0.321680788748505	-0.45427632321793	-0.20509298166732	-0.306261274426084	-0.0763525404463772	0.0408070517553164	-0.143491359720618	0.0307796626835419	0.168227742357748	-0.451979922779963	-0.620934583644234	-0.533755220225033	-0.278236781238425	-0.28928818320312	-0.153112586804373	-0.0643919666615094	-0.126786036438404	0.0601417800350664	-0.0463185225555161	-0.147096561291973	0.224370331801291	-0.422947214694146	TG 56:7 Isomer A	darkorange
0.380734220740554	0.921106148855616	0.394042868529825	0.60044001448399	0.450425590641804	0.151409457938115	0.154024494657895	0.450675773437938	0.496956277427593	0.4154312301884	0.25516658355971	0.0602795722418511	-0.255517348489926	-0.17794573341854	-0.228301221658047	-0.300303241512497	-0.598324917124438	-0.399839741896691	-0.439212066715418	-0.276448926181045	-0.183894935118521	-0.216877769728749	-0.120564684158123	-0.0637770468778208	-0.477328489615905	-0.6593035158463	-0.542067801437214	-0.174632655672977	-0.233743318904205	-0.201261828032129	0.137610479540608	0.141482772467463	0.289087538829854	0.230198988364448	-0.18195734469469	0.23442551564347	-0.255853442923082	TG 56:7 Isomer B	darkorange
0.335492134287366	0.899141524346301	0.298242647731561	0.541644442151933	0.269335083342813	0.103629911764911	0.0750596076567659	0.303539982505862	0.532759610698708	0.352100427862912	0.178631774963866	0.121401239835087	-0.281931832492882	-0.272210353383588	-0.360682205420262	-0.314024969434458	-0.638330330917319	-0.397431311570719	-0.407924723054963	-0.339555360730768	-0.23684880267611	-0.197130465096063	-0.166827448473702	-0.0795905483436835	-0.32909304197214	-0.483477756599968	-0.34453610046567	-0.0326176100452409	-0.158290976748003	-0.0457003409173043	0.0785699111683733	0.0778277284884198	0.258274454495728	0.200567971546597	-0.140340469100374	0.256016650004474	-0.244875040401159	TG 56:8 Isomer A	darkorange
0.270156568707355	0.274233180615275	0.558054972742239	0.411052857220048	0.0132726161032932	-0.171183348323045	0.240269887677727	0.152710903910906	-0.103689034245828	-0.137863345669039	-0.215858042569894	-0.249841603251061	-0.134935345404931	-0.18575219005474	-0.266192519635592	-0.0382883219210947	-0.200321050614944	-0.203089572468971	0.0380860995923954	-0.0859500527064157	0.0708445533369459	0.0857284722510583	0.100162883505663	-0.12917166983048	-0.233449524255672	-0.125200587517432	-0.0258451831338583	-0.261250314673374	-0.125696716736179	-0.118434516124753	-0.047050591327762	0.0826711146818263	-0.0648429827877036	-0.0524416266079798	0.0743886149338057	0.934733793532904	0.0383822037059092	TG 58:2	grey60
0.275929412513231	0.388024505762764	0.518734614416145	0.496863886524867	0.150158158755195	-0.131394991095314	0.281697895452424	0.229076430491297	-0.164429800399982	-0.121508749298393	-0.142366825709386	-0.141652960182573	-0.106513192679209	-0.163659642652185	-0.248604972216643	-0.065305893310706	-0.315351800346736	-0.229727956926955	-0.0987326832050194	-0.256141634624408	0.0059188099577833	0.151441305500413	0.0561038945337738	-0.102128589888049	-0.286756952637194	-0.256446933881735	-0.0310352647152694	-0.305495710491118	-0.318223419028461	-0.250018969890686	0.00633712378762573	0.151699204473734	-0.0233988781725318	0.0262530692503856	-0.0203063021878062	0.865059973730572	-0.0410826599217909	TG 58:3	grey60
0.150782467041714	0.163520784469105	0.239896848300102	0.286833514270853	0.0320184805279106	-0.179832847937528	0.123193537397301	0.034677068600776	-0.131969948757457	-0.177244837212015	-0.156673352038444	-0.087051917443633	-0.018402739094195	-0.0533876404625199	-0.338123517088369	0.173999220253543	-0.258242078655688	-0.34755485700218	-0.251795993870952	-0.297130157200606	-0.193176196101388	-0.0326534480451341	-0.238308821526321	-0.429355994961839	-0.0955020417577209	-0.0634622405469418	0.0494473533871519	-0.187015498215588	-0.270089175100285	-0.176813758546948	0.116575780293893	0.359660260531191	0.252680805362555	0.0751154234098796	-0.042818850041464	0.670135622555636	0.325827758969851	TG 58:4	grey60
0.22542381975139	0.899303891505825	0.410796428290386	0.528680591551772	0.319908044725161	0.0516064828658404	0.0786091643829543	0.445146007714658	0.544130758514641	0.471275338787	0.39644030956854	0.114348809086651	-0.274441181815835	-0.233603175449204	-0.200893594170314	-0.422316148478874	-0.639317179474726	-0.397365200486738	-0.403281084611787	-0.313668119093343	-0.0802240384235321	-0.115737685921261	-0.00143840905626182	0.0764361153991891	-0.422504922907639	-0.651700551565356	-0.492429833390497	-0.122742121436025	-0.191998730954271	-0.088211526681953	-0.0394967388544448	0.0658037316268214	0.123004078990393	0.0825917837351586	-0.146473960500424	0.321631227249897	-0.316163999675521	TG 58:8	darkorange
0.275144328450706	0.884073838376367	0.338219697645499	0.507839920300188	0.349707449741093	-0.0179906317634271	0.0330455301851548	0.278737894515672	0.47459551441433	0.429309779337329	0.298564070816369	0.167779420900765	-0.209954252431888	-0.228920908087509	-0.35695983931726	-0.298537031799002	-0.746048405078771	-0.484704181700369	-0.501336815886641	-0.415089874634526	-0.207553420076834	-0.221673470772514	-0.155181605153476	-0.0138823178453035	-0.391498066713922	-0.497952784398125	-0.362060754708214	-0.0256269353741257	-0.191870134144035	-0.0121554177641301	0.0132773992797592	0.0870604745919778	0.228272279507761	0.102792153875335	-0.124235887963905	0.231652835302685	-0.254425109352437	TG 58:9	darkorange
0.0188960672250164	0.213732095413275	0.341587655101132	0.268598083598558	-0.143342218450085	-0.367951090498386	0.178302718477501	0.0479121165260704	-0.0839916417753346	-0.102307603336858	-0.0918064795165112	-0.223510451078743	-0.294471814801675	-0.317148802367299	-0.240878826781178	0.0418449637298104	-0.0977559664338344	-0.197308199017306	0.037723720685151	0.0830180884850142	0.0022157255360778	-0.0464099937482811	0.000674621816779615	-0.206450379026408	-0.301769845099601	-0.113823312691745	-0.137516481848603	-0.284118139618259	-0.0433538092091126	-0.00491971694918942	-0.168049692239836	0.230839455059164	-0.00252249006685196	-0.15014895126288	0.0929333692145431	0.799518281287531	0.27717724064203	TG 60:1	grey60
0.0474776425954872	0.162005729845978	0.326214035445653	0.21717712851816	-0.164140883164704	-0.326682656608687	0.0947683009175526	0.0501448277484719	0.00131478980415939	-0.104658117997589	-0.0388902488536324	-0.158740801047871	-0.171856295495169	-0.252656455211252	-0.265303374000766	0.000303073287734213	-0.259941149288232	-0.31475867315226	-0.0563361415883521	-0.11737078309201	-0.0385583115282813	0.00287180529157758	-0.0433468801103064	-0.209118595691508	-0.152824592139389	-0.119020350329984	-0.0343611009942741	-0.169359515343015	-0.0593113854225027	0.00894235972162608	-0.0981883703775165	0.202791074205316	-0.00257720511838631	0.0129370513038322	0.0351626619782021	0.914564350812995	0.226158738897016	TG 60:2	grey60
0.0949846410569037	0.122394270400822	0.372256669358758	0.267638800673611	-0.0367717853695027	-0.314536869019109	0.183987680922508	0.102347398882961	-0.082774396340063	-0.191376384714475	-0.205232670201012	-0.233193637091244	-0.145975782722404	-0.162389922767695	-0.234434020187288	0.10196732006158	-0.216215446834166	-0.242097223528346	-0.000825098414518347	-0.175841468520976	-0.09433744610566	-0.0630020252554583	-0.0868005134377494	-0.355150284358631	-0.205534232829116	-0.100299010517608	0.00131056134797493	-0.253066125859649	-0.139795344320657	-0.0632998983940236	0.0260318184769692	0.330342532686338	0.0851471568907048	-0.100499928109598	0.0433340084785234	0.892052606181365	0.315804466395196	TG 60:3	grey60
0.15549800300333	0.20091372331761	0.285588864107841	0.235252628822131	0.0160332771353351	-0.245134554135853	0.0819455693781734	0.0513016274048515	-0.0334572218259123	-0.0882351503151609	-0.113283931320852	-0.0349721917432866	-0.0262817588366364	-0.1364816644779	-0.319536214565706	0.0785998405509599	-0.352060719316085	-0.35192879759265	-0.215787124610864	-0.217841126784571	-0.0516071619968255	-0.010122230483383	-0.14399058192895	-0.25248561977495	-0.0583653046596653	-0.0968830142089765	0.0157631987792289	-0.069968581165297	-0.187712376436056	-0.0354959691166709	0.144105518190589	0.249350348702618	0.000997095770061797	0.0426079348154091	-0.0671023191720879	0.873179875820982	0.134417760978309	TG 64:2	grey60
-0.214209562364975	-0.202897962483635	-0.235405207026903	-0.183905233864485	-0.146827271139346	-0.445960475855954	-0.0565875741348803	-0.274871289923711	-0.0863514753296194	-0.234075509457218	-0.187507176389009	0.0322201790108325	0.0292520467535327	-0.0434309051038108	-0.23726885350294	0.515884196461652	-0.102480347140161	-0.232528877159953	-0.0108080019563947	-0.030584122467291	-0.322281789034034	-0.24017421391062	-0.343417477448832	-0.517923344538783	0.0705774556729688	0.278002088443277	0.141972985043963	0.11979532639721	0.112746879617365	0.190213211933589	0.139092537632905	0.41867205452338	0.307660462913777	0.0599832106516761	0.0679949918636477	0.196075295792478	0.634644853341144	TG 64:3	grey
-0.0760747774438542	-0.480075850701501	-0.0960651362562841	-0.156302292302096	-0.364863335543137	-0.397938446525609	-0.059638517415671	-0.30508482086735	-0.448705496995182	-0.51716639966674	-0.474121421201806	-0.124899463628159	0.0783417021431334	-0.0905672307887519	-0.204127116748326	0.19538187446117	0.158349875642324	0.0613645447657395	0.230313060172958	0.00746380370167016	-0.109487072872227	0.155018703320645	-0.0899206244257318	-0.381637537216458	0.330346553821985	0.519136074192613	0.462427808882962	0.0846604249633141	0.113035344650806	0.1958687758838	-0.0742301613821831	-0.00979975240258101	-0.103691925274286	-0.00673608753305228	0.290168799616392	0.237671478026984	0.417386822900281	trihydroxyoctadec-15-enoic acid	grey
