"Label","758166","758171","758173","758174","758175","758176","758177","758178","758179","758180","758192","758201","761138","761140","761141","761143","761152","761153","761166","761167","761168","761169","761170","761175","772616","772617","772618","772619","772625","772626","772627","772628","772633","772634","772635","772637","772638","772641","772642","772643","772644","772646","772649","772651","772652","772653","772655","772657","772658"
"#CLASS","129","185","323","315","332","311","330","340","321","336","177","179","114","218","233","250","286","263","273","261","266","287","258","92","292","270","269","117","277","267","283","295","122","104","120","151","297","147","155","162","149","304","139","196","138","197","190","326","300"
"2.11_1258.07","2655","3333","1061","1543","1907","3096","919","3979","2175","1631","1554","3057","2660","3777","2799","2808","2583","1778","1203","2257","2601","1702","1707","3300","2121","2510","2904","3704","2970","2966","2509","2045","3883","3137","2973","3961","3085","4589","3528","4051","3208","3384","2914","2436","2978","3380","1290","5083","4270"
"2.15_760.02","2299","3145","2760","5786","4271","2838","3573","4875","3635","3276","4959","3770","2048","3674","3833","2902","4093","2758","1765","3449","3510","4520","1256","3980","3714","3794","3711","3532","4010","5146","3377","4903","3958","3436","3159","3860","3414","5326","3471","2902","3565","4322","3729","3087","4152","2673","4461","3615","4496"
"2.12_1260.08","3532","3474","1451","2436","2455","3399","1796","4189","2046","1522","2499","2543","2946","4616","2780","2660","3036","2478","1209","2626","2032","1921","2292","3558","2333","2275","2640","3507","3384","3026","2737","2292","4239","3690","3263","3575","3229","4624","3842","3859","2764","2774","3523","2730","3714","3337","2564","6235","4495"
"2.15_758.89","7708","7282","9705","10144","7611","9017","8284","8765","4339","6738","3248","6677","4796","9199","6339","4004","6184","5561","3831","8857","8993","4311","4273","8973","4337","9507","4388","4859","8449","4663","5326","8130","6548","6793","6412","7488","6824","6642","5162","4154","12918","7879","6488","6928","7711","8057","6097","5215","6332"
"2.07_704.32","4435","4496","3787","5543","3565","3675","774","2507","4100","1555","4054","2388","1532","3141","2847","1277","3948","1518","1341","2644","1896","4620","2240","3484","4569","4166","2716","2450","4187","4146","4821","9231","4670","4864","1983","5651","4015","1996","3573","4302","2194","5626","4385","1702","4874","3917","5099","2986","3200"
"2.07_703.88","5224","5447","5078","6992","3612","5256","3505","2559","1631","3594","4683","5487","3402","7563","4629","3600","7669","2583","4290","4713","3299","5483","4258","5856","5723","3116","2532","5642","5561","3937","5246","4824","4686","6029","4555","5901","4465","5297","6804","4619","7470","5408","5345","2056","5439","3488","6192","6373","5495"
"2.81_787.81","3417","3347","0","3297","3934","685","6547","0","3235","3032","180","3120","5585","2819","0","2266","3123","2586","7263","6211","5682","4274","7979","0","164","0","3311","5031","0","0","7434","132","4051","0","569","2075","0","3056","413","3743","243","0","3264","4650","0","5149","3044","2184","0"
"2.15_1516.13","86200","134127","208010","375398","304912","68446","130300","195085","143640","81406","155533","207025","81681","143738","152258","49511","136736","112235","23437","111122","135534","207253","30422","162174","150939","184501","141859","132144","102996","209345","158828","292362","147992","165233","115801","187105","119742","138758","99367","113780","260630","228264","190497","80757","171527","123440","119697","105813","238269"
"2.34_1520.16","54128","63429","48131","147973","112978","27502","38414","72824","50507","27483","95904","164032","67536","55016","94125","16383","156679","42436","9415","43945","53115","92549","12823","76986","102200","112096","46273","68557","47304","93894","95334","244619","72650","59648","37310","99620","53096","71171","80491","94349","113249","122214","160428","45602","115417","125569","66474","40066","109375"
"1.97_808.57","1288489","779509","996328","655781","994715","443210","577649","930094","769249","821058","814101","825270","685964","778441","1016927","534293","1256116","675677","349315","1015143","823987","638294","440740","870015","1062344","858364","549410","809379","997148","862111","870267","961848","616900","650671","601875","1092843","843082","874726","1025099","1283988","850860","1312093","799884","792883","780069","887239","901765","669334","726987"
"1.97_809.58","557522","348644","445100","296540","442012","203572","266136","407006","354354","375939","368129","368121","313551","361422","450335","244911","552762","308228","156037","440979","368605","297590","199325","384607","467146","384844","254650","375209","442400","389590","393961","426187","286808","296701","270809","473234","387217","398105","452974","554335","378529","577557","362199","363139","356677","399424","398179","307956","333538"
"1.42_790.56","208705","207080","201971","182413","274393","116549","112668","426100","180729","79079","256480","253862","146229","247618","215852","76159","446215","157751","12752","262096","125314","221828","93153","292892","260931","449411","154963","334129","242903","312794","220509","475199","336865","390155","235028","497980","228608","366943","268359","221153","317087","451851","498149","90261","506421","296090","182292","380410","530549"
"1.58_772.55","80695","98882","105940","89525","197285","56225","53444","170514","94261","40404","99493","219896","88405","95356","97455","41943","243005","78848","9836","101086","62247","138805","31548","139949","109517","226343","97140","157078","93343","254147","116735","298009","136959","157831","87751","268052","87314","134663","94222","94919","183591","173047","224493","64990","223850","109678","72873","107938","182082"
"3.04_815.70","1108755","1533940","1121595","1723784","1625775","1184642","702872","1416547","801256","414272","1271754","1707633","829752","974959","1349606","649750","1513135","996326","816372","940701","620977","1151383","692423","1481925","1109865","1495567","1107934","1567569","1292628","1454471","939345","2468155","1155624","1028327","1073889","1668222","1657006","1275777","1410878","834013","1505742","1918854","1388232","573019","1158018","1272682","1065955","1016714","1980576"
"1.54_790.56","7126","7584","8449","6540","13624","5686","3758","10477","7490","2842","8387","201482","22327","10914","7427","4654","164553","14732","1882","7325","1547","32692","4182","55599","12986","115251","9890","67995","9129","111379","6380","342915","21485","32319","12289","73770","14981","16995","12383","7227","38449","33722","49918","5132","103026","10553","6670","11485","15851"
"2.07_1406.15","40003","43645","32366","69458","48808","22187","22089","27818","25292","14407","46577","33028","20026","42052","28592","12595","49873","24368","17946","28970","13394","53125","23412","37290","42111","42272","28906","33794","48346","40089","34715","115278","40672","35455","33374","70091","39872","35823","39718","27286","73926","57003","37599","14350","58531","35125","52643","39373","60144"
"2.15_759.58","1850420","2349008","2915069","3724555","3571962","1657079","2361594","2872031","2440829","1843645","2542295","2875079","1777266","2477202","2534204","1328080","2394810","2166243","868998","2179962","2367761","2948144","988893","2605935","2554309","2737560","2480958","2382157","2109951","2905787","2618413","3396352","2565958","2661552","2160420","2788463","2274449","2470640","2019110","2161579","3357339","3117781","2743875","1823980","2717138","2285161","2262616","2121473","3100079"
"1.98_783.57","127271","177992","132836","449837","354451","160837","164818","259645","117323","113198","171699","182456","52584","155806","153152","61843","84556","90869","69824","120072","146052","112975","111808","195808","117736","173016","178690","177541","135611","115846","165223","107496","203509","154840","115202","112628","210867","152022","101833","113573","181538","172892","104538","112189","179179","96598","113665","132951","290566"
"1.44_788.54","19958","78628","75161","91902","103466","48423","32965","131866","83097","25617","178044","106069","72169","125902","105379","32371","282750","82638","9301","45708","36322","115050","13917","163020","149656","284640","101523","190544","107228","169993","109550","232624","192194","186485","100837","290575","80624","207905","140685","111327","172822","290744","294766","46651","226486","126664","50410","120044","226466"
"2.37_1546.18","15731","20853","15291","61214","41938","9629","14584","31105","17100","9250","27411","49939","14136","18937","25455","4982","37357","13597","2960","14543","17124","27497","3825","29760","19492","35873","17122","25342","17540","30278","29172","71958","26840","21613","12299","30542","17904","26494","22999","25268","37533","36523","32652","12297","30411","28310","19700","12234","36312"
"1.58_818.59","69323","73629","65696","70443","86880","51961","42963","164935","68902","36524","69437","95376","38027","79822","64421","29003","166419","54694","7947","80088","47864","73680","44150","98884","68640","139664","53945","154169","80620","82444","66802","179611","136945","101167","64460","143932","91234","140991","92897","78745","109193","124344","97454","33876","134843","81602","56449","115503","172586"
"2.07_705.58","348207","363882","323084","460054","372019","273124","271460","286055","283797","216967","366645","318928","252667","368225","299663","201033","395679","272935","248803","294306","209378","393420","273893","337699","359196","363308","306375","322016","376851","353270","323938","577973","342035","334962","321239","440110","351760","317077","351413","292030","465235","405429","336722","212648","417479","331125","408575","355261","420014"
"2.34_1494.15","27003","31982","27166","50047","46830","13068","14774","30567","21252","12923","32654","48231","25278","24044","34576","8002","53068","17675","5897","21229","15396","34271","6687","26968","42015","40943","21527","29166","23833","38689","37559","87006","27119","23769","23026","39385","26173","30492","31072","29997","41866","43580","43925","16191","43392","43867","25211","20724","52228"
"1.32_828.54","19365","34081","38017","34158","40477","22337","19918","30347","56517","14321","45684","51930","50982","29565","36865","13950","109300","32484","6542","18682","29543","64491","10968","69780","37071","64661","47228","52835","43583","88968","31370","145431","55824","53852","29611","76111","33410","57533","44990","29192","44273","48531","86352","24180","66322","44205","24565","35629","51935"
"1.64_772.55","84135","106400","93425","88400","170365","58409","49335","152981","95867","38916","95157","142416","85790","94509","98318","49104","181849","72592","10609","106724","62773","100126","33291","115604","108546","188006","90862","117492","93490","201158","116992","194313","117829","136154","85522","222769","74608","119690","85210","96216","154362","167972","189629","67816","164452","104159","80061","102087","160717"
"2.39_1572.19","10961","22372","22081","87076","50258","10459","17524","40600","23335","10185","21399","44115","6414","19700","20060","4915","26933","14688","2870","14806","16615","28653","3540","32054","11071","36643","24265","30644","18017","26061","21232","55766","33242","21380","12441","28629","21241","27747","15537","18934","46715","31966","16130","9105","20980","16334","14074","11652","42749"
"1.99_834.59","223334","245078","253787","302500","334883","154853","211956","306086","275644","236590","235842","246367","127032","233468","205487","187498","298016","210301","104144","244371","272903","184315","104148","264324","182983","274126","197539","283370","284432","240874","190999","248353","232013","218748","192926","306220","263359","295801","224777","285825","264399","335780","152130","165468","226647","165343","193286","198080","228253"
"2.16_1542.15","22091","22656","26732","80506","63466","11829","26010","35147","25706","15958","30325","34938","11654","23974","20851","7647","20613","17009","3950","20478","26752","29518","6795","28719","18925","26086","24707","23496","15304","30513","31324","46670","26163","25720","20490","29517","21624","26730","18415","19005","41888","33675","25331","14793","30415","16610","23383","16610","36550"
"1.31_830.55","23466","29101","36198","36740","33995","18452","19392","29442","46488","15094","37244","75842","44367","24125","38320","10689","98906","25931","5784","21885","32518","55878","14210","62623","30950","52543","35302","52432","40393","74509","27713","94820","51702","39873","20970","65861","24589","47503","39846","37932","29807","46785","95360","20299","64547","50920","22326","29686","46663"
"1.60_816.57","11116","39533","27351","41719","41340","26177","13792","65860","36932","13130","56729","75546","24304","45900","40072","16537","141797","33624","4938","22061","16907","47145","8591","76787","41827","111564","43001","99940","46584","64750","38340","128462","85012","61107","34364","105814","36780","90618","58731","54920","70506","84195","75027","20712","85881","49644","19861","46361","88077"
"1.43_789.55","10339","40274","35561","43439","51871","22873","16243","61822","39714","12610","82785","51980","33837","57273","51851","16198","132514","39108","4359","23048","18289","55607","7115","74748","70644","128475","50089","86783","52229","77171","52885","106773","84745","86507","47905","135137","38805","95896","66312","54516","81936","136236","139611","23447","103091","62813","23407","55204","104994"
"1.52_791.56","3996","4148","3462","4079","6778","3524","2727","6363","4755","1958","3871","86855","10772","4193","3471","2350","73387","7229","1220","3447","2151","14408","2353","25350","5165","56778","4862","32903","4638","54431","2909","158337","10483","15555","5928","34545","6453","7473","5224","3898","16937","14945","22791","2657","50249","4671","3940","5470","7400"
"2.80_184.07","56580","66189","53870","87505","67439","54866","37144","67931","45651","22885","58360","75966","42669","42112","69804","26496","74838","35334","40471","36355","31680","68263","35524","63133","61737","74612","49900","60433","58226","70439","56988","113055","49845","56906","40552","77400","56947","60593","62212","68657","64084","69719","77776","34963","60560","75807","53082","49043","86027"
"1.40_806.55","1607","4388","2863","2032","14735","2512","1628","2291","1976","1083","4329","108928","39889","9091","3922","1069","150537","38870","544","1787","1483","72106","790","84930","5993","127156","21396","146298","23036","98747","12323","216027","50008","65231","33059","128305","28057","40604","10029","25083","93341","78369","130003","2115","179155","5157","1051","3074","29227"
"2.15_184.07","101016","117201","137238","175856","158403","84847","108253","129017","121710","85369","118693","124690","79878","116302","118694","61344","122851","102072","47185","104316","115164","139404","51865","124135","119208","126929","109803","119071","106266","132888","119214","168073","120786","121707","98851","134823","110862","117338","107084","108624","145496","142264","133858","84230","124398","112317","108726","100922","147028"
"2.29_762.60","3862","896","257","12885","4172","18668","2027","4155","3404","1928","2248","6347","1718","4450","5086","917","580356","2735","15001","1200","1859","1454","8846","3623","818","685","486","1382","725","3810","1115","6123","2140","4886","2294","749","646","1177","926","4189","1527","2339","584680","431","5083","1421","1190","1883","5437"
"1.53_812.54","4761","5909","4675","4731","7198","4871","3553","6721","5191","1863","5872","39599","8652","4736","4868","4318","39109","4981","2153","4395","3214","12425","2888","21680","6901","21942","7327","24719","5623","32255","3967","68997","9600","12975","4837","25255","6587","8397","6905","4705","12510","10730","14597","4404","18782","6709","5125","5442","7470"
"1.34_790.56","16983","24022","6733","21609","11348","11307","4199","25616","7416","4026","15037","29065","16073","13365","15638","10324","51517","11832","2767","9368","4742","16366","5937","24884","17431","444692","18090","20550","18206","33970","16215","40505","21656","26372","13841","56790","10782","21775","15596","14854","25407","30984","31140","13142","30644","20965","6531","18903","25045"
"2.15_760.58","431611","538988","670538","874614","834713","398541","545518","657971","557517","428644","576029","650567","424067","578975","573886","323001","551182","504903","215718","496960","540908","676328","241395","613001","600023","630355","566907","556921","484691","666254","604649","817136","598795","612371","497523","638892","524728","569331","475175","500774","773023","716707","627527","429428","618937","524051","523793","505732","719547"
"3.20_663.57","41262","45418","42708","65342","89161","34207","21418","61105","49812","28783","20854","58021","47571","48503","35817","19647","48139","25032","14402","38786","31443","51140","17476","41368","21199","54919","32162","41585","51766","71115","43805","76381","47900","39747","40526","78267","37546","67848","35586","46551","67345","45437","53800","36197","55449","36006","24269","59024","78248"
"3.19_764.69","485977","490344","523510","681471","737575","427594","324423","561105","520168","383584","289697","604403","539196","549286","421183","272931","514397","349870","212083","480390","413682","561466","260236","480509","313117","591614","425117","445744","550429","687444","511816","679308","501323","477907","486806","720810","467364","693006","427711","520709","704579","505163","546409","449535","567111","430116","341179","603027","773537"
"1.12_808.57","17024","52336","13111","9974","39594","30083","8860","26950","13728","5490","13724","50513","37355","30157","30994","23989","51423","35771","3885","28146","8110","28301","7828","22567","47023","43279","33391","34423","26872","74733","49663","60415","38842","44177","36111","89909","19733","41330","27449","41675","55390","42526","57915","34679","48607","39218","18767","26545","45457"
"1.81_806.55","136551","129711","237321","171131","261567","73312","145826","173919","187830","176592","141339","137642","95702","169087","139467","116219","187434","158055","53371","176447","182360","123881","52941","157766","151577","178623","108498","157396","169933","196724","126701","162557","127639","144418","133809","207796","158427","157041","136721","166934","193842","267444","145348","113798","176018","103414","117286","121288","152277"
"2.07_704.64","76856","81315","60103","110711","75987","54610","56449","56852","60296","45295","86089","70952","57695","74165","57454","50256","87877","51415","50980","64272","46638","84371","61044","71035","77320","76811","58620","57939","85280","80000","68849","131111","76918","76393","66254","101371","66001","69766","73370","58928","106809","90964","71516","52426","99786","66964","92326","77305","94225"
"2.90_780.69","225024","293287","188772","348212","285400","319023","112598","302752","230355","175032","166098","309020","285596","353475","242998","178215","286548","179136","118493","225198","229957","286656","172530","320599","156174","269255","204750","298235","306618","349722","263098","303489","308274","278340","272737","377013","249317","408529","274566","381744","308261","294366","304376","215404","308314","263426","211837","381581","386493"
"1.53_818.59","123964","33338","71564","80704","65626","38826","52100","178055","97183","45811","71258","54788","22324","47157","50793","16101","67640","24195","6127","121517","64548","53617","87465","89650","36877","57979","39289","69919","50621","51218","27222","72147","77990","64684","32427","70988","66635","79180","57730","25559","47537","57046","48904","18568","57294","57661","69688","104871","98101"
"2.93_782.70","191345","259188","156480","243106","270007","243104","131578","238353","164740","121634","137769","250159","237169","256448","187159","150054","223306","161780","108122","180821","143436","220329","127878","226136","164790","231707","174797","219101","272702","286325","208315","284979","237024","259315","253338","328055","250783","319095","226049","262321","280558","230612","235111","182135","268261","226115","191473","314462","357651"
"3.19_750.68","404556","416520","446582","543151","598872","364843","273851","471856","442709","329326","254110","489004","452993","452925","365301","238733","429032","304592","189393","400451","358553","466305","224748","404834","265870","489102","371138","378990","454531","555256","437995","539921","416277","402890","390855","576743","380940","552915","348310","436617","568852","422568","453456","379687","457962","362167","297370","489821","602935"
"2.79_815.69","196431","235264","173429","288450","226174","191654","161689","231331","167419","78369","222464","256014","163058","169952","260914","87419","259126","145884","153774","112151","104984","234089","115466","233569","251247","262820","167534","203733","185610","256207","227929","421618","164517","209772","166859","283400","215321","242438","226999","227493","238621","247886","286508","155765","227066","295076","206008","210135","285184"
"2.08_707.54","40484","40545","49731","43925","25770","37180","17426","46614","30183","16544","35444","62549","43567","25294","38728","39594","74448","37584","16507","38133","37164","53083","18506","41754","70608","57562","27364","49580","55192","59294","34457","40414","52615","43293","31503","29805","33614","40517","35906","55506","29169","58120","87200","44459","50084","55250","21707","23088","46078"
"1.97_701.56","17468","34100","15390","25746","20768","19710","14496","16152","16919","11115","42175","36961","28332","47383","26679","15139","88961","28350","13620","12513","10258","38540","12632","43705","53856","83095","34171","53686","37551","44399","40312","102121","57633","50324","45739","85662","39243","54988","46968","34845","77865","81989","53179","14627","57462","36036","18357","23527","43772"
"2.48_746.61","80463","78731","87107","139253","129597","52945","83605","79026","95183","58850","102560","127861","67754","93182","92527","43164","101599","67213","41108","51798","70431","126281","29583","94070","102097","107311","97889","82914","74974","127789","104998","191369","89109","77233","73823","122253","79329","87705","97044","74431","129534","113522","130540","50701","126387","90338","124633","81137","140185"
"3.19_277.22","42410","44619","49892","67895","102061","35187","25239","64626","54581","33205","23150","61338","49523","49353","38262","22029","52313","29443","16224","42032","32722","59569","19262","45121","25701","60025","36120","43411","51876","82013","50288","79492","52272","41204","43057","83878","39755","70367","39943","47456","73797","48204","58400","40905","55399","35387","26921","60342","89041"
"1.84_184.07","17228","20251","19363","28450","21687","13109","15226","22814","24678","12512","19723","24578","13665","19688","19716","12838","27174","15898","9142","19806","15670","23160","12087","22886","18674","21635","16764","20931","23058","23465","17876","30214","19923","18142","16822","25470","18086","19392","20813","21748","22351","27450","22367","12621","25611","19839","18248","13103","26104"
"1.76_800.58","34495","46041","45769","48467","73977","27468","24956","76456","46180","22897","45676","94618","34941","41573","47907","20936","102093","39222","7623","44563","30422","54414","19215","63991","37943","92421","46058","76508","48864","77863","49695","119201","70822","55615","32822","86181","42615","64700","42388","50058","67041","67729","67772","31126","74400","46152","29026","44338","75860"
"2.79_1626.36","6945","8753","5544","13037","9355","6098","4816","9189","5636","1761","8703","10393","4949","5376","10720","1951","10576","4250","4240","3225","2741","9408","2836","9441","10541","11922","5526","6926","6060","10582","9250","25998","5409","7196","2633","12190","7317","9355","8515","9245","9013","10169","11902","4594","8115","13487","7878","7437","11852"
"2.14_1540.13","9369","12270","19445","31718","28523","6825","14256","13102","18440","8439","11257","15329","11315","10596","16153","4267","8576","11987","3146","6739","17310","28999","4374","15561","11646","12702","17512","9563","10751","22674","13466","27782","12718","15205","8939","14409","10894","12403","9274","10037","18299","15716","19483","12189","15315","11501","15407","8180","16003"
"1.40_807.56","1017","2912","1689","1120","7311","1500","1013","1726","1646","933","1877","52342","17760","3772","2409","816","69888","18949","418","1639","660","33401","484","38261","3412","62075","10824","68273","11764","47372","5570","98160","24485","29407","17000","62360","14337","20563","4694","12315","43937","37499","58951","1396","79767","2148","592","1437","14849"
"1.56_774.56","66696","51537","74751","55921","138152","40227","43292","85125","61049","32484","34838","72572","45600","37237","62327","25526","60796","28031","7271","80206","45052","66657","32728","65991","50972","72945","63431","49707","45832","110705","63306","82012","53842","71196","40131","124062","42215","51881","32473","43781","80504","66959","80068","56619","81627","47296","53895","42431","68127"
"1.44_816.57","28250","17887","20418","25552","36483","12364","16180","45539","19999","11963","29732","28998","14119","24872","17119","7539","44108","16861","1919","25774","16035","22518","12439","25970","21286","37220","15347","36378","21595","27620","26551","47961","36655","32623","21307","38028","23282","42357","25687","19081","30702","38917","39477","10416","44239","21096","18900","35710","46906"
"2.39_788.61","163104","216653","211783","436699","326701","154906","183978","303163","226537","148361","206896","304117","110835","205184","207764","99504","227116","174781","72011","183515","195706","241429","86852","259255","149293","271985","214225","263965","195477","240499","202639","338789","270686","223510","153360","242111","211962","243934","177093","202253","323763","259793","185908","136412","207610","183412","173706","163354","305869"
"1.72_774.57","25229","39616","22385","26037","43139","21407","14474","43940","28606","12098","47767","54651","34625","38017","41485","20822","105129","29526","5006","30205","19910","41050","10679","48534","51200","83872","34197","50877","36221","64269","44657","89408","56663","52209","35148","87761","30485","53175","51297","53888","58420","72555","94756","24950","79033","68901","28023","38576","53304"
"3.04_184.07","23756","32627","25616","41156","36197","26122","16826","33172","19969","10236","26973","37807","18618","22654","27777","16269","33514","21463","18934","22019","14922","28350","16602","31907","26993","33892","24819","35162","28839","33559","21780","54096","24896","23949","24297","37667","35042","27493","33138","18986","30289","41396","33959","13199","25793","26612","23731","23458","42834"
"0.97_355.32","74270","66652","132071","99191","99879","101387","119053","96931","112243","113059","92302","79901","99347","62716","98629","49404","62298","63405","66322","135551","105294","136195","109518","89103","64265","73311","74268","59012","78744","69727","63697","121447","60796","62541","54871","70639","67778","71772","77649","66590","58344","65166","73508","133013","87702","99279","81822","94621","149544"
"2.07_184.07","158574","165826","156803","219939","169162","128845","128251","137814","141814","110685","166125","151529","116853","164610","143630","93632","178768","126324","122549","140427","107474","189159","122890","158910","161749","167201","134748","147484","166339","167231","151003","273454","159215","148771","149559","203073","144763","148381","157080","141036","214384","192749","164853","111599","190519","152853","177144","158619","195390"
"0.23_455.19","943","453","1097","1502","1139","655","132","904","1034","286","537","609","329","348","926","346","490","101","640","853","519","590","395","57865","1293","609","750","5072","656","899","489","608","227","544","89","516","1864","786","1842","678","913","734","876","897","558","939","760","369","1145"
"1.53_840.57","51539","16472","27843","35531","28348","20717","20995","64249","43166","15438","26872","24293","14575","18418","24366","10129","29877","10431","3331","46462","26782","28262","40437","41933","16687","22742","20901","26913","17415","26939","11099","33288","30170","26667","13821","32997","27797","33142","24196","11539","21116","21721","18476","12463","18376","28051","29927","36245","34274"
"1.52_858.58","12628","11320","13529","16020","13907","9803","7351","14014","17464","4446","10970","21059","12940","9224","13912","5276","30130","9504","2847","8317","9127","21947","7803","24104","10527","17817","13711","21361","11027","22156","7118","35268","22660","13257","6560","20395","11574","19728","16957","15365","13083","13954","21283","8799","14561","14982","10793","9531","15739"
"1.42_812.54","17536","18536","19342","16828","25517","11332","10812","35015","17256","8280","23648","23599","15058","20765","20513","6953","43102","14874","2100","20569","11210","23171","8754","25942","22355","40567","14518","29502","22085","30900","20331","47470","31579","31069","20526","43012","20103","32710","21932","18836","28224","38072","42198","10860","44569","25146","16298","31079","45517"
"1.97_810.58","146728","92653","116747","82179","116861","55741","72829","107452","94690","100304","96715","98106","80419","93900","122885","63626","148325","82945","42961","120084","97594","81549","53898","102557","123137","101595","68452","95668","119903","101706","106296","114436","76148","76085","71907","133087","99823","105434","122250","149856","99819","154122","93053","93295","91361","102642","102953","81377","89378"
"1.39_367.34","26785","33806","13409","13703","33667","15873","9739","32394","18900","7173","18910","28867","25385","22517","24194","13345","50616","20948","6697","24573","9134","19874","9409","27066","27710","39214","21798","34861","33473","42712","29248","46139","29054","29688","26946","57086","24225","33126","31903","33047","33188","34670","35727","14478","40070","37814","24362","32330","38271"
"1.53_813.54","2824","2834","3185","3232","4464","2963","2049","3393","2888","1104","2590","17140","5234","3709","3128","2295","14600","2611","1108","2432","2324","5763","1898","11047","3234","9762","3096","11530","3036","15045","2053","31012","5432","6212","3222","11713","3734","4121","3336","2645","6302","4378","6644","2319","9191","3370","2864","3001","3360"
"1.52_856.57","5049","5906","7311","8052","7063","6113","4498","7727","12969","3100","7378","17869","9414","6448","7589","3320","25847","7663","2205","4563","5537","17501","4686","24192","6091","17376","11656","20173","8915","19578","4479","30598","18275","13566","6243","21277","9695","15048","9112","6801","14335","12114","14345","4956","12675","7542","6925","5735","10075"
"3.00_780.69","60649","76294","54477","117689","95769","99764","31933","91489","68666","55460","48832","97409","86150","119982","79904","40610","92656","50832","28083","62737","72770","89337","54758","109641","46358","92880","67270","103724","100585","122598","78201","115424","104692","86629","81453","137300","77286","142356","82790","120791","91680","92073","91944","64378","107020","77409","54956","130851","166997"
"2.89_1339.88","22211","26506","21915","36031","21248","20865","13227","18170","18176","9416","23592","25904","18025","16077","25702","12856","19393","14132","24258","22968","14643","23597","19386","30547","15467","29309","19415","23033","17063","22892","19923","39907","22545","21851","20766","28474","23777","17589","26090","16453","22288","22361","23249","13024","20520","25425","21528","25601","34346"
"3.01_696.59","21436","25049","18260","43013","40198","31895","9205","38335","23384","16127","16103","33763","27793","33938","25473","12605","34492","15932","9122","20252","20931","29449","16884","37727","14009","31426","20870","37295","32970","41610","24215","47280","35572","27182","24023","50551","25621","45486","27937","37293","31440","32132","31552","19894","34823","24631","17592","43388","62737"
"2.93_768.69","86407","107645","72484","98203","122838","102153","60940","100980","74645","58149","59434","102071","99362","113627","79603","66914","94794","74538","52464","80996","64044","94062","57661","93737","74272","95520","76079","92556","117568","118426","93053","122051","103213","110326","109286","139816","107706","144008","97145","112020","122166","100463","97469","81704","107898","98301","87049","146486","157516"
"0.21_130.09","4981","4672","4606","4985","2076","5376","4404","7383","8558","4503","3037","3766","3029","3195","3400","1980","3410","2546","178913","8697","5093","4544","7365","3123","2977","2646","2790","2635","3365","2521","2299","4173","4666","5154","3387","2645","4707","2237","3943","3234","3585","2899","1895","2311","5435","4009","6357","9279","6835"
"1.31_822.59","3788","60972","3283","4696","21421","49178","2852","8384","4503","2143","11269","74896","45856","29507","28563","42788","60632","34499","7607","6266","3989","25729","3141","17733","69694","52083","46015","44254","17043","83234","47685","56099","52631","45585","45505","95991","13166","42991","35520","37679","71207","49658","61954","34660","41498","52916","8487","6246","26943"
"1.73_818.59","1116","1775","1108","930","4408","1501","1261","1799","1803","801","1597","65723","6239","2177","1565","1227","62387","4556","616","1439","1097","7670","786","15102","1250","32464","2687","30568","3420","27095","2576","93913","6432","8345","3509","18089","4884","3727","2254","4090","10651","8428","13935","1212","28222","2185","1263","1999","3753"
"1.31_852.54","8208","9428","11053","13399","11836","5141","5628","12216","14938","5314","11225","23822","13156","7348","11690","3630","21412","7323","1818","5466","12321","16951","4304","20352","7579","12632","11714","14097","16148","16757","8412","23159","15464","7439","5440","20680","6083","15534","10591","9280","9829","12075","18298","6880","19517","18606","7787","12372","14315"
"2.33_735.57","402133","429306","401526","462163","476520","244004","232132","401952","322070","234994","362946","427924","334193","339749","407122","178504","481973","262298","185531","333765","231012","376283","179938","317056","436041","434941","341634","381118","371527","450421","427307","585937","349001","341739","360679","411436","377821","364658","366072","346355","419257","402545","411265","263430","435277","415283","356854","345084","514787"
"3.08_696.59","4269","6916","7243","12058","18800","10839","2680","9047","9474","5566","5322","13231","10640","13002","9358","2466","14365","5872","4032","7029","9526","17486","4869","16829","4253","13634","7343","15523","10518","17210","10688","19140","13280","7384","6779","19064","6762","15335","7726","10688","13951","13416","13987","6933","13378","5483","4205","9813","17873"
"1.39_822.55","1119","1344","1130","885","2006","1126","932","1548","999","1014","959","26793","4004","2062","2030","989","28149","2388","912","1504","764","3123","714","6406","1402","16129","1694","9444","2307","11669","1473","37809","2886","3253","2418","8754","2582","2912","2324","2452","4671","4205","8355","1917","22457","1673","1013","1560","1966"
"1.52_814.56","21025","20274","23174","26243","26498","17461","14232","30077","29626","9157","30671","27216","19880","19947","26643","10119","49827","14285","5939","16746","16299","35407","16373","39858","22302","37830","24914","31832","19441","38816","15953","46203","44038","33463","15352","39446","23841","38804","30587","19028","31187","30628","39199","16020","32285","27507","26415","24675","33353"
"2.80_1600.34","6455","9345","7122","14286","10846","7227","4129","9995","5655","1960","9211","11532","5157","6085","10667","2533","11304","4839","2639","4595","3867","9826","3254","8896","8195","10587","6401","8526","8945","11044","7727","22197","7169","7839","5860","11859","9706","8979","9732","11861","10912","11059","11840","3843","8023","11657","7582","6081","15878"
"2.89_1361.87","15814","20548","15860","28295","14591","14288","9450","13084","12783","7938","18548","21048","13168","12044","20706","10210","14170","11498","18981","16511","11374","18455","17023","23550","12270","22875","15331","16748","13496","17215","14574","29025","16233","16571","15971","19394","17243","13404","19371","12428","16911","18347","17086","10608","14955","19326","14865","17834","25425"
"3.04_816.76","32362","38640","32785","41057","39357","32535","21537","37366","24286","13525","34954","41761","25302","29353","37331","20066","37491","30509","24375","28392","19968","32238","21294","40015","31569","37476","32867","37511","36004","36843","28662","56067","33675","30177","31153","39108","43357","35191","36563","25049","38330","40898","36116","18119","32216","34440","30825","30891","47563"
"2.93_663.57","14815","16398","10449","18663","20727","15294","8318","21132","12497","7585","8403","15645","12437","15570","10721","6951","12763","8587","6198","14104","9201","13461","8339","12834","9573","12706","9043","15043","16355","19435","12626","20498","15079","13617","14389","22387","14570","22176","14273","17076","17397","14556","15013","12001","15209","14902","11985","26682","29613"
"2.93_725.62","28924","40727","26819","46341","39964","38442","20138","40677","24300","18250","24938","42308","35125","39714","30301","22987","37092","24858","17478","29425","22734","37328","20328","37795","24855","34963","27176","34991","45851","47115","27545","50285","34875","41216","39199","55980","39760","50843","36930","42037","46500","39172","35461","29376","41914","38778","32710","52620","60027"
"1.10_706.47","24567","9506","32321","15383","18802","5979","14583","22174","25048","24772","10735","10439","8016","10521","12457","8725","13209","10102","4859","85725","25985","11155","10615","10333","9775","12084","8148","11055","10061","13871","10398","11715","10623","9490","9264","14710","9144","11447","8799","10547","13123","14806","11035","8547","13183","8170","10820","12532","11647"
"1.97_802.60","36395","66267","28918","47666","49085","34809","20954","76626","44681","16887","61419","72821","34195","50558","56975","24713","118430","44218","9485","41582","22740","46181","19133","71239","53366","110712","44691","87880","60064","70174","51234","102053","85089","69856","43385","108661","51323","85293","69352","71680","89933","92125","76072","27073","82824","75031","37633","62342","94914"
"2.16_1565.13","2536","2596","5869","5126","5420","1695","4468","4156","7701","2220","3302","3616","4454","2482","2886","1258","2789","3401","808","2842","3132","16466","664","3444","2210","3554","2877","3109","2051","6990","3241","9180","2954","3114","2292","3173","2403","2585","2199","2751","5374","3523","3299","2124","3382","2407","2533","2122","3253"
"2.34_1563.21","33103","34727","32983","49374","37701","23836","25282","35676","34281","25907","42953","48482","32903","34174","50291","21646","52496","30857","16567","32057","31349","42054","16341","40119","42763","41835","31594","39805","32155","36967","36600","58319","37017","30535","25160","40008","33900","36223","40690","44587","44613","43398","46329","32212","44105","44138","38176","27906","40571"
"1.20_694.47","89226","51000","83042","52588","58936","27737","33414","110805","68995","63259","44004","61310","33754","53327","62970","41567","126051","45749","16950","222371","60211","47389","44585","70530","37826","80491","46213","77989","64004","63992","39658","72886","63149","47867","33973","83918","50000","71617","52498","53854","61797","70661","51843","39839","70890","42157","38351","47314","50806"
"1.47_814.56","8117","12478","14323","17721","23217","7817","9425","16793","16262","6685","23027","20490","12422","15138","13452","9267","38295","13296","2542","8288","10780","20359","5305","22785","15260","30775","14260","26323","15498","22987","18510","36117","24798","21367","13984","28516","14310","27949","17665","15635","24390","27188","32347","9160","28196","15155","11816","16546","24282"
"0.29_372.24","1588","938","1282","503","1690","873","999","1152","914","1418","963","1396","485","813","2319","463","823","932","3160","1207","2766","927","1242","843","707","530","516","794","724","1187","779","474","930","502","1240","786","1066","693","768","632","470","598","930","749","1133","710","443","1119","737"
"3.17_762.59","39390","42967","56551","76191","58498","47604","19473","25115","45116","75241","22258","64378","66276","46562","36113","23058","96584","33447","25194","35370","47996","83817","24381","74335","18493","73665","43680","53253","72792","88205","45517","108747","55474","48354","44385","126416","62102","72851","51674","69461","77138","118077","71401","57699","72621","26856","29377","45782","74471"
"1.64_798.56","14364","15617","15908","17847","40007","7627","9966","24018","15998","8153","16908","28276","13081","14442","12470","5303","32639","11237","3002","13827","12964","19961","6294","18693","12875","25119","15016","22022","13798","28335","20850","39814","20590","20203","13356","28861","13742","23912","13950","13577","25782","22411","23762","12344","28632","12703","12965","16645","24351"
"1.43_810.52","1856","6262","7228","8001","9934","3755","3303","9713","7646","2504","12972","8766","6373","8998","8282","2912","19792","7078","805","4685","3879","9898","2158","11694","11069","18781","8090","13419","8361","13105","8968","18073","13105","13780","8562","18786","6286","13609","10078","8388","12256","18459","18647","4295","15625","10114","3684","8311","16757"
"2.79_814.75","38043","42609","35269","52407","45100","39285","34849","42785","35082","13920","41005","41926","32958","35810","47230","19538","47678","33764","30099","20508","19246","47190","19799","42828","47747","47369","35801","41348","38826","45584","44198","91642","32867","41366","37195","51035","42030","40948","43292","44137","47429","50081","49488","30571","41466","37708","40732","42511","44734"
"2.35_1570.18","9640","11999","15373","35124","25934","6810","11706","11386","17981","7357","10554","17070","9841","7575","16914","3694","10272","10850","3680","6005","12980","26797","3663","16833","8239","12423","15146","10454","9567","17745","11713","38702","13916","9545","6649","13105","12092","13673","10678","12854","18994","13478","15114","11879","13295","12952","14356","6204","14916"
"1.32_850.52","4640","9967","8531","8637","10775","5625","5643","6570","12794","4017","10861","12427","10603","5692","8595","3193","21427","7065","2583","3421","6651","16177","3307","16808","8258","11214","11367","11978","12743","17420","6827","34205","14564","11624","6952","15304","8139","13244","10328","5882","9509","9157","13320","5725","14070","11547","4984","9502","11732"
"3.19_707.61","58012","59467","63200","76827","84365","50844","35824","63395","62613","43559","33559","72978","65331","64115","50917","30633","61501","39207","25970","55509","46176","66885","30437","59028","36326","71366","50438","54720","66418","81475","60165","85677","59872","56531","57423","84383","55104","81331","49771","62565","84555","60658","64299","52451","68576","47076","38415","69013","89402"
"1.42_830.55","6273","7324","10718","8708","14851","4489","7095","9725","13769","4005","10849","14850","13338","8748","10927","3258","25805","10730","1198","6601","7328","18160","4224","16513","9793","17180","9683","19231","11062","21423","9360","31913","14519","11890","7578","19185","7925","14512","11112","12913","12601","13887","31252","6323","16770","11896","7748","7810","13575"
"2.85_782.70","155094","108286","119312","190136","174798","113340","107270","181742","133269","111077","91528","101253","104173","172154","113426","70003","99631","78495","25021","147691","118826","130841","102587","130404","78703","82676","72576","117516","155026","108624","106774","117588","127654","136079","124636","148363","150995","181562","124761","130170","113408","129967","122618","74910","140629","96658","152807","248787","212361"
"1.60_854.54","38155","36201","56911","17201","35673","20445","15980","41230","27037","36317","22326","34250","24507","47873","33278","28548","76139","29222","17416","30133","19859","27913","20242","69220","38668","50755","28466","51621","55414","54155","25863","55039","25312","43371","36485","57471","53943","42304","34735","40585","38354","58737","34406","38526","35995","16876","31884","26163","31729"
"3.19_685.55","33828","31624","34492","43012","48451","27703","20981","38271","34662","24253","17639","39124","34777","36214","27873","17845","33378","21630","13628","31517","26456","37390","15959","30252","19801","38740","28065","29370","36252","44872","35062","44444","31606","30980","30924","48344","29611","46850","25700","34352","44652","31833","36171","29737","37423","27385","20762","40146","51934"
"1.98_575.50","8674","25717","8947","13020","11406","39360","8115","11900","8532","7023","11471","10199","5768","20911","8066","9156","7609","6137","19277","7504","7959","6509","21570","9289","16055","8875","7671","13696","18011","10484","10602","11737","7255","16628","21386","10159","30795","6806","9875","12773","8147","9665","8903","6004","8253","10887","23193","25506","57191"
"3.31_752.69","49831","50146","19363","47177","49274","54937","19243","50183","31973","18950","26195","54192","59176","52139","44294","26924","46319","28093","21089","39229","27928","48924","28104","50334","36922","32425","29124","47476","57114","48287","49125","64566","59818","39892","48016","62203","51779","72504","62387","74583","45437","47253","60776","38571","57986","72213","41038","91661","83339"
"2.07_703.63","154066","152977","141145","99884","138550","116676","119110","135189","129352","94408","157813","140824","109026","153645","135314","88046","159794","127852","118758","128218","90866","83864","117353","146326","141076","140561","133639","135974","153903","149497","136508","50213","143383","142605","131292","106281","145163","138560","142684","132129","77015","148891","151516","93458","121764","147634","163631","142331","116848"
"1.47_856.57","2670","5410","7982","7409","9262","4622","3434","3956","12296","3386","7114","9267","6796","6209","6409","1962","24198","7979","1016","3010","5056","12400","2514","12256","5637","12825","9277","13671","8140","14727","6446","34626","7398","8058","5670","13186","6437","9059","5378","7353","8692","9950","14018","4183","11052","6476","4222","5320","6937"
"2.11_782.62","26921","31281","43579","38812","30455","20616","41817","19626","42472","25375","24669","28335","35606","15161","37041","12641","14606","35060","19645","16003","39809","58731","17789","35844","26407","22087","37921","19935","25438","42052","32869","48712","32193","31786","21519","29589","28706","31933","24123","25672","39581","31723","38943","37338","32998","27875","42649","19417","29370"
"1.31_848.56","3682","5182","3915","4421","5943","3158","3661","3842","4469","2505","5187","60144","13469","5593","6078","3276","44303","8394","1483","2817","2995","16193","2159","17232","5821","19646","6447","23035","6036","29235","6286","46618","10953","9960","5636","15601","6168","8877","7191","6640","9653","10549","25769","4718","26107","6625","3305","3431","6580"
"3.19_736.66","26475","27481","29443","36500","39706","24484","17423","31728","28223","21143","16768","34045","28899","28898","24891","15213","28216","19303","11693","27501","22546","29276","15511","26295","17202","32319","24699","24237","31690","37951","28629","38007","25612","26514","24439","39370","24465","36120","22097","30462","39219","26916","30267","25809","31204","23897","19562","33156","39042"
"1.99_719.57","48999","52424","49269","64679","51513","37951","42671","44912","41183","22831","46861","42661","29272","44378","43365","24308","44874","35314","28392","47198","27415","52013","37103","42584","45603","53336","42177","35142","42683","43044","47468","74182","39259","41871","39884","66210","45616","42102","55078","43134","62984","58920","38478","20693","46533","51759","54450","42336","61535"
"1.44_828.54","1902","3924","4887","4816","5660","3061","3199","3860","7801","2169","7109","17028","10430","4439","5940","3034","29779","7385","1389","3245","3720","14032","1467","13743","5866","21054","8507","17025","7125","21199","6287","40415","11160","11700","5918","19398","6335","11920","6513","6601","12348","13334","24510","5023","23197","6450","3057","4614","8753"
"2.27_861.67","117586","76140","107896","72338","63634","72955","66556","89030","77628","58225","62341","53692","53202","67307","83396","53765","63178","56773","80268","102873","60354","56300","83781","59968","71660","55989","49775","59404","62755","65087","58535","74634","42066","56776","51902","66604","65439","70925","66102","71313","55993","67061","53000","63390","54975","63706","66931","63582","59975"
"3.00_766.67","49842","65328","50758","90921","86384","78940","28409","79648","58798","48351","40449","79357","74638","97772","66383","35039","78831","46562","24881","55230","64781","76945","47730","90787","40790","73650","53469","85793","80593","94038","68292","91809","88026","75338","71872","112284","65950","120462","71137","99208","78351","72875","74006","56327","90987","64768","46721","110077","137769"
"2.16_759.63","88900","116921","141188","161320","163104","77123","114091","139570","118610","82567","128991","145355","86383","124856","125207","54036","122995","114473","43983","103569","114206","146166","48537","129162","127886","136322","117950","118862","97837","144055","126887","164109","124186","127770","106252","140969","120700","124380","93901","101843","161551","147376","145093","83419","135665","114585","111624","109708","153996"
"2.91_680.57","11387","25684","18723","22460","19039","23027","18864","20068","10538","10666","15129","24283","11901","13567","14215","9623","16744","12833","26734","5438","9580","16822","13238","14731","20880","20505","17313","15091","14669","21009","19228","40956","12459","21890","18874","31727","16261","15399","16682","20299","17550","15843","13144","10887","14930","25462","15652","29794","36483"
"1.98_367.34","11181","12954","7721","9809","10812","12272","6093","11509","10593","5349","6293","14902","11432","10397","10694","5962","14221","8741","4879","8083","6386","10878","6395","10649","9104","12614","10206","13081","12749","17349","10320","20736","12176","11601","11945","20822","10982","19106","11448","13529","14012","10610","15133","8949","18083","15218","7554","17232","21321"
"2.65_1359.85","8733","10086","8015","13391","7821","7985","6645","6846","8190","3593","9353","10142","6496","6441","10734","3927","8490","5228","9058","5899","4967","9632","7653","10298","9424","11660","5811","8638","6030","8719","8856","19458","7445","9661","7742","9763","8826","7396","10094","9408","8410","7904","9334","6717","7469","13662","8918","9646","14873"
"3.31_766.71","59981","59360","25498","59363","60500","66834","22481","62405","40465","24462","32197","68657","71710","65207","52316","35659","59440","36513","23276","49012","34258","60030","34849","61002","46889","38906","35119","58132","68308","62675","59730","80151","71859","49747","58136","77634","63125","91262","75160","98911","55521","56523","76069","46584","70826","89695","50354","114128","107227"
"3.04_818.71","28736","40396","29206","44460","44918","31695","19339","38492","22867","12122","33959","44599","21794","26181","35894","18883","38906","26410","23184","26520","17053","31342","18985","36462","29345","38294","30605","40565","34007","37015","23973","62738","30154","28434","28471","44319","45050","33155","36152","23555","38746","49570","36711","17045","32255","31469","29585","28361","51103"
"1.14_830.55","2750","5988","5489","4537","5119","4523","2109","4074","5539","2575","4151","6874","4689","5294","4057","2451","11184","4868","1197","3003","2891","6888","2005","8463","4976","7641","4405","6968","4400","10279","4419","12600","5370","6220","3969","10197","3620","6199","4570","5500","6477","6948","12470","4080","7698","5163","2738","4388","7789"
"1.53_816.58","19319","18699","16557","25144","16584","16642","10597","26328","21546","6595","21019","28278","20804","16197","21025","11289","35988","10647","3510","14058","13101","25762","10959","32486","21643","21711","15862","21797","16180","31992","11975","36033","27710","22460","11904","26075","15919","24738","23075","18155","19883","24712","32108","13059","20743","26147","15023","18958","24433"
"3.04_1630.39","5252","8656","5353","11171","8107","5726","2634","6537","2702","823","6810","10132","3173","4251","8447","1871","8632","4492","4029","4351","2082","5992","2385","8523","5577","8747","5265","8645","7295","8217","3672","16759","5702","4609","4815","10158","9827","6506","7662","3123","8467","11440","8137","1880","5525","6893","5392","4727","11651"
"2.11_783.63","12533","15711","24956","30833","31860","11392","21930","10225","25017","12737","11667","15096","18305","9459","17714","5952","6767","18099","7957","7844","23007","39387","6629","21336","13105","7761","23087","10255","15480","26133","12528","34443","11555","17052","12429","14605","12347","16648","12129","11383","19918","11563","21916","19896","18082","11869","24590","8689","9930"
"2.28_577.52","7966","7952","2157","6316","1741","97619","5156","4038","1665","2347","3962","2860","2229","3286","2819","3184","3297","1837","66101","2298","2429","2205","26379","2057","5050","3627","2262","3970","4062","2417","3258","3362","2278","6303","9409","2265","6682","2593","3538","6599","1838","3194","2789","1960","2965","10470","6164","4289","8748"
"3.44_636.66","4916","12018","15879","10180","13853","8515","3167","8837","6981","3647","8075","15494","11839","4124","15690","5934","5901","6784","5360","5653","4437","5456","6329","10513","8346","9898","7357","10743","6778","5447","4751","12075","7864","5281","5588","12710","11281","5404","8286","9656","5215","25999","13517","8938","7154","15309","4412","6764","13126"
"1.30_854.55","12351","8122","15860","16646","13846","6379","8322","13710","18026","8984","11179","15707","11113","7556","9912","3623","14494","7003","1871","11238","13063","17859","5991","15172","8374","10795","7819","12727","11485","13723","7873","23128","11870","9723","6532","15359","8543","12660","10777","7352","10329","11130","15094","6517","12152","11333","8237","11147","14407"
"2.65_1337.87","10304","12081","10621","15773","10905","10631","7960","8700","9713","5458","11690","11524","8632","8239","12646","4900","9850","7427","12571","7941","6346","12299","9179","12858","11227","14054","7442","11016","7885","11489","11284","23346","10554","12111","10576","12535","10494","9981","12160","11617","9740","10202","10417","9743","9643","15827","11429","13559","16791"
"1.31_700.45","170226","40799","135575","88279","53359","42627","68611","173628","131508","99404","66441","62663","35229","52747","74505","31630","64973","41818","28789","185599","99173","67371","98654","91513","34573","59684","62932","69108","60593","60918","29488","57644","81937","45599","27230","97882","57054","84668","51796","38407","47679","52277","47612","45168","74682","53325","67420","49097","59299"
"3.19_722.64","30273","31145","34050","46059","50213","26795","19765","38059","33972","24390","18563","41392","34489","34618","26519","17283","33239","20985","13665","29985","25338","37302","16430","29708","19469","39416","27539","30390","34621","45098","33997","46980","33210","31542","31841","50129","28058","46982","28017","34089","49573","33339","36801","29917","36335","27419","21874","39648","49240"
"2.89_723.60","25488","34848","21189","43630","33744","36584","12928","34209","23815","18259","21243","36347","32269","36160","29967","19030","35791","20202","14852","24604","25455","33200","18977","37690","18359","31789","23403","34084","35244","39783","27470","40882","34243","33046","30286","43510","29877","46360","31871","42743","37424","35437","33236","23454","34590","31174","24120","42947","47909"
"2.58_813.68","39830","47860","43668","71260","56972","39474","37086","48292","39930","22472","47633","52707","30665","45170","51388","17292","49208","28661","30448","19396","24017","64636","25401","50640","51400","56461","35424","42771","40012","60822","48607","127060","39097","41784","38578","64223","43581","52646","49167","46220","57200","47943","49404","32663","54208","55369","50723","43256","64850"
"2.15_759.52","25781","34496","33467","42098","47015","22020","28283","33416","35204","22052","35173","37655","22253","31834","32687","8140","31465","29629","0","27224","32845","39050","1069","38562","32902","31100","34257","31758","29276","38510","33365","46664","33664","36743","23241","35326","32063","33080","24754","30281","43720","40018","29638","26214","33686","30951","34487","29629","43842"
"1.19_806.55","4052","9643","9125","6566","13762","6243","4398","10328","8318","3243","10096","15992","13275","11153","11547","5312","34628","12684","970","8673","4593","13507","3505","14878","16256","29046","12596","19138","10977","28275","16266","27600","18679","17181","12274","40307","7876","16941","12501","11392","22596","25169","31048","8610","23781","13055","4977","11164","16869"
"2.90_701.55","29980","33881","21809","41625","36348","38007","13739","37586","28798","20948","19137","37193","35921","41519","29313","20743","37285","21501","15333","28585","26222","36113","19500","41199","20208","32721","24988","36250","37086","41732","31658","37171","37817","33365","30376","45075","29219","51189","33014","45956","35221","35725","39187","25752","37360","30847","25396","47840","49851"
"2.13_1564.13","2617","3530","7265","12677","11004","2046","5307","4669","7753","2970","4100","4274","4224","4293","5163","2015","2882","3648","1344","2999","6216","16626","1768","5210","2416","3729","6047","3812","3010","9139","4243","11528","3785","3498","2038","4048","3597","3364","2992","2696","4766","4655","6177","4658","4118","3008","6450","3647","4504"
"1.83_677.55","14470","18191","14959","23593","15163","11435","10595","21859","20002","8392","14568","21264","11020","15622","16877","11939","23716","17353","9622","21363","13534","19311","11860","20268","15145","16189","13892","19082","23479","18987","14679","22482","18233","15041","14817","16435","17453","15273","21376","18477","17812","22632","17761","11736","18674","17020","12806","10755","26182"
"2.15_1463.15","5423","6326","7597","13259","7671","5521","4825","8715","5848","3173","6020","7413","3612","6604","5826","2810","7687","5004","2639","5397","3877","7003","2407","6628","7251","8051","5849","8473","6280","7271","5922","12672","5505","6282","6058","8592","6006","6721","5811","4939","11063","8221","6778","3043","6926","6305","5571","6389","9299"
"3.33_990.87","1909","5387","2183","3681","18050","2348","930","15398","8257","1837","1761","20213","8413","3426","4939","1793","28548","8291","832","5008","3082","8108","1064","15981","1753","14063","6574","35402","5349","29360","4291","50606","11187","4981","3519","13868","3861","5414","7418","5559","3068","3701","13573","2580","11551","8742","2264","11729","5905"
"1.31_814.56","28721","26206","18849","30933","33538","21418","21637","47229","18779","15227","28056","25797","13198","23925","19764","11330","25421","13656","4062","25185","20959","17087","21140","24972","19956","25600","18704","27403","25161","21249","21202","22058","32184","26424","17629","24044","30201","29030","20639","15669","21627","25769","22504","15503","29155","23443","19944","30322","42151"
"1.41_813.54","8972","9027","9381","8625","14070","5139","5191","16821","8776","4438","10805","11914","7465","10799","9041","4107","19200","7715","1227","10661","5972","11420","5047","12266","10574","18323","6655","14013","11106","14970","9277","21264","14243","14395","10159","19875","8658","14811","11187","9212","12928","16330","21371","5050","21429","14485","8231","14384","20581"
"3.19_295.23","38783","38831","40802","58282","81520","31138","23289","57390","44820","28042","21984","52007","44421","43802","32752","19062","41450","25032","13935","35902","29876","46962","17201","40373","21114","51192","32544","40310","48644","67977","42663","64559","40871","36108","38829","71474","36459","61878","34416","42382","64936","42870","48511","33881","49770","33411","24754","51588","72116"
"1.42_790.62","11774","11697","11287","10019","15908","6514","6160","23784","9944","4368","14307","14169","8005","14049","12065","3944","22300","6910","750","15043","6956","11302","5042","14150","14542","23994","8536","19389","13795","16678","12591","26911","19654","18195","12987","25213","13284","14196","13235","12441","15205","23051","27371","4077","27193","16881","8114","22095","28772"
"0.19_137.05","30276","66660","35339","9199","5448","82038","11720","6754","4097","2712","18303","8473","7432","15506","6083","15622","8540","7313","62433","4837","3294","1781","44325","2264","22738","2396","3505","14167","29924","8337","6937","4046","9483","52669","25126","8829","33791","14958","22226","28703","7073","8148","15286","1438","2896","30516","38217","41139","33540"
"2.90_293.21","22609","30611","19125","38871","33794","30916","9345","35926","25660","15805","16557","33658","27695","32452","25230","15045","30857","17380","11240","22386","21819","28610","16255","34722","15978","28142","18840","32875","30201","36103","23983","36703","32053","26883","24418","41701","24627","44243","27847","39563","32310","30287","30388","20545","31160","28172","20841","43099","50873"
"3.41_682.61","8251","10419","4030","7854","9866","7607","3819","10202","8667","3641","4974","9004","7648","7576","5776","4820","10023","5180","3335","7269","3759","8503","3220","8567","4009","7977","5354","8756","8967","12787","6611","14961","9578","8513","8095","15245","6380","11881","7465","11703","10216","7844","10358","6383","11108","8780","6704","10406","11601"
"1.31_678.47","638585","148864","569751","336868","207624","145439","246828","622603","476705","379176","272495","261763","133207","208167","296163","104725","284947","174701","90037","760525","402720","257735","328647","327912","126782","292323","240625","313098","244674","240303","122076","227543","296473","166042","109872","363605","204431","312427","185652","167364","203120","234541","228871","153490","371260","180512","245748","166209","223649"
"2.33_1491.19","5350","9525","6527","15111","8429","3938","4048","6709","5707","4324","9925","9722","7118","4809","9854","2281","12860","5239","2715","5719","4962","9512","1955","8224","8636","11390","5583","8479","9836","8507","7742","26671","6439","6634","4695","13312","8882","6745","8798","8438","12526","11600","9903","6080","13107","12516","7937","5630","12109"
"2.10_1485.14","4324","5744","7770","14516","10563","3452","5260","3384","8525","3379","4327","4853","4639","3683","5239","1612","3127","4904","2778","2625","5001","13450","1131","7634","4345","4209","7252","3587","5669","9280","4762","17059","5523","5143","4370","7342","5529","4913","4420","4328","8225","6189","6925","4159","7467","3236","8562","3323","6140"
"1.63_799.57","6896","6427","8510","7654","15839","3609","4700","8642","7648","4168","8204","12758","6651","6733","6093","3181","14651","6158","1847","6859","6782","10547","3570","7733","6732","9028","6313","8474","7816","13664","8967","19566","8088","11264","6190","10039","5153","9943","6672","6261","9712","8742","10629","6063","9412","6761","5504","6969","9978"
"3.40_766.71","44312","53692","26425","52586","41477","50852","21002","44796","37592","22555","28564","57215","55177","61316","38798","30134","50930","32517","21636","40427","25274","49760","25996","50669","29147","49177","33832","51607","55661","63723","42519","79849","57927","53263","50850","80653","44542","76912","49479","71157","64496","52657","55668","37620","68416","54031","38530","73626","83795"
"3.01_723.60","10650","13359","9274","21416","17786","17685","5693","16493","11792","9302","9910","17481","14287","19265","13986","6206","15830","9174","5550","12024","12160","15105","9373","19218","8244","16798","10624","17570","16757","20069","12964","21664","18361","14280","13709","23716","13638","23490","15114","19351","17469","17349","15444","11418","19338","12174","9641","21586","29466"
"1.59_814.56","4328","6515","5966","5089","8151","3222","4479","4832","6159","3494","6022","10949","6309","4571","5586","2889","14367","5298","1573","3384","4598","10636","3596","6904","5570","8901","4940","8736","5559","10640","4787","24628","6517","6303","4571","8632","5622","6921","6067","5141","8234","7746","10947","3300","9191","5657","6059","6143","7425"
"3.20_988.85","13239","29106","13272","20445","62977","14165","5246","89034","46502","9955","13970","26327","22264","18110","20410","16937","37336","30285","7986","18412","15968","20992","7356","38165","14809","20342","27800","65960","23399","46289","37566","46916","37395","17337","19532","38467","20450","23324","34305","29610","11254","11823","35430","22374","25305","47203","9800","40001","37792"
"1.53_796.55","32988","28406","21680","24169","37723","25322","15953","41080","25746","12885","19181","23085","16879","19302","25755","15421","24096","11415","5006","27276","16608","22790","20331","32330","25616","26311","29003","21202","16325","38025","15196","25914","30787","30958","15087","41207","23089","25649","21156","11006","28854","24087","19260","20109","18115","22769","29157","23491","28293"
"2.39_786.66","60472","67267","50776","100647","105330","60198","43882","102986","50541","46919","47095","106116","46270","61160","59037","45261","68718","58532","31447","49086","36029","75907","38716","90346","30920","92661","58205","85620","52072","72364","57128","111899","84804","52566","51614","73380","56172","81867","40299","50646","104327","84406","47791","52633","63088","43880","61634","44716","98128"
"1.31_844.57","2681","19729","2398","3505","7802","15497","2693","4115","3609","1734","4792","22897","15322","9431","9979","13529","18174","10920","3414","2504","3019","9431","1749","7967","19793","16589","15829","13492","7267","26670","13301","18124","16379","13750","13132","30730","4834","13357","11176","11553","20772","13956","18103","11941","12828","19187","3391","3339","8763"
"1.97_803.60","17423","32593","14909","23386","26083","17458","11234","39637","21958","7542","29865","35622","16598","24548","27278","13287","60329","20452","5027","19341","11641","21772","8846","35054","24902","54120","23179","43665","28249","34450","24470","48909","42650","33885","20857","52074","24546","42689","33308","35333","42508","45857","36740","14345","38828","36218","17878","30047","46605"
"2.15_575.50","2524","4266","2699","12330","3460","5492","3089","3192","2666","3030","4543","6810","2724","3353","2543","2133","3753","2808","3693","2696","2952","3242","6005","4497","4128","2842","2727","4226","3450","3435","3419","3090","3275","4427","8923","2918","4353","2928","3712","3805","3295","5164","4251","2923","3565","8356","3574","4423","6500"
"2.39_787.66","36786","41759","37470","75996","62095","34955","39340","55334","44029","33019","41382","55815","27437","42736","40746","22341","44268","38835","17595","38766","40100","41422","21077","46532","33878","48082","43226","45285","40590","43192","40383","59402","46017","43503","35763","47005","41365","45261","38781","39337","58779","50734","37721","32320","39125","37446","35820","35732","56228"
"1.54_756.55","25149","19712","23348","18852","48344","15991","14968","31471","22736","12492","12601","32270","16522","15773","22455","11994","25202","11781","5401","26652","16316","23301","12278","24718","20051","25364","24308","20508","13774","48995","20442","42507","24534","26658","14355","45993","16405","21471","16622","12701","27233","22346","23218","21937","27392","19015","20903","21890","21893"
"1.19_828.54","2368","3060","3993","3549","4194","2806","2975","3143","5138","1819","3908","5251","4263","3064","3332","1589","9712","4409","642","3562","3453","6298","1345","6262","3820","6920","4359","6058","3682","8371","4018","12626","5261","5521","2870","6455","2649","5244","4009","3139","4831","5833","9843","3324","5771","3506","2123","3390","4302"
"2.58_184.07","33001","40572","33771","73453","52607","27502","29109","45372","34056","20921","42923","59338","28357","35132","42535","15945","55447","25866","18566","26507","26294","50253","18839","44559","37193","54096","32731","45768","44313","49829","38041","99478","42589","36461","29867","52223","38357","39295","41389","44280","53483","50651","46363","24198","50463","45823","38199","31283","64691"
"1.58_796.55","7192","7538","13524","9800","20219","4833","8293","12298","11192","16060","7532","10783","8279","6305","23522","3233","10004","7197","1283","10800","8331","13054","3521","9759","6696","9949","8915","8231","7248","17081","9916","15657","8302","9562","7158","14599","7118","9928","7457","7635","10258","9194","12058","8606","9852","7031","7095","6266","8707"
"0.19_187.01","35059","4942","110514","63816","10063","7305","41216","43190","43455","54237","49868","2938","17646","26560","14392","3253","17794","5197","25140","42332","27976","14080","19071","23772","10007","19177","20413","12295","36354","19976","13880","7613","16087","13329","43953","16090","840","10431","27577","8955","10277","13623","16725","7859","18082","36349","77321","21451","6372"
"1.81_609.45","1391","1908","1941","1391","2066","1709","629","2399","2633","1007","710","2288","3583","2256","1665","1195","3625","1527","622","1710","931","2030","879","2994","1438","3493","1901","3191","2829","4107","1625","5501","3027","3154","2236","6735","2076","5144","2613","3271","3003","2675","2825","2097","4747","2826","1082","2722","4405"
"2.22_861.67","78413","60132","64507","47920","51981","53576","45200","59542","49710","43912","44570","41678","39827","51790","59297","40490","53648","43038","58194","47178","38952","44779","51567","47668","59183","45388","35990","50588","49114","52846","44021","60470","30830","42313","41916","57340","54916","52207","54218","58090","43748","52356","42624","46783","42294","45910","45315","46416","46212"
"1.35_836.60","14837","56000","8559","9477","29369","29554","6209","29809","12753","3919","12653","54816","26018","22111","28096","18919","53346","27573","3944","21087","7155","22522","7522","24433","26823","39771","32232","34276","28665","53304","30186","57554","42271","32284","23795","74277","19452","39332","25190","34325","40146","31522","33923","29641","42443","37793","13595","19667","34834"
"1.59_840.57","7258","7507","7379","7649","9310","5088","4180","14206","6983","3368","6648","10131","5056","7565","7287","3781","15667","5159","1190","8759","5873","8796","4343","12275","6046","12927","5948","13680","8293","10038","7822","20064","11922","9342","5850","13707","7881","12794","8585","8135","10878","10973","9778","4256","12318","8618","6620","9620","15497"
"1.53_788.55","9518","15256","17262","14577","20059","11806","9542","26169","16610","4911","35765","24459","10998","20862","27592","9066","57680","9998","3599","15750","9861","26550","6820","45293","29535","53748","27106","22950","6974","37368","17152","35188","47029","22694","16068","51585","17097","33658","27471","14954","36187","38958","42525","13608","37036","29639","11987","17533","24834"
"2.07_705.72","11996","13603","10981","16314","12394","9212","9224","10427","9178","7302","13432","10884","8603","13233","10259","6334","14723","8922","8685","10555","6939","13860","9972","11439","12709","12380","10593","10692","13322","12797","11789","21091","11613","11260","10985","15367","12262","11210","12021","10041","17102","13883","12321","6894","14020","11524","15092","12375","14308"
"3.35_991.87","1141","3281","1932","2133","11933","1620","794","10073","5817","2730","1455","13579","5404","2229","2549","1761","18083","4208","1192","3148","1666","5938","965","10681","1359","9006","5219","22823","3152","19999","2785","34491","7505","2278","2673","9346","3298","2782","5041","4664","3465","2674","8502","2340","7518","6494","1433","8960","3843"
"1.34_858.58","5693","14493","5031","5888","8176","6981","3621","8159","7433","2084","5167","16320","6784","4882","7157","3908","17993","6329","1891","5091","4683","8003","3336","8935","6635","10435","8207","11134","9144","13571","7227","21312","12154","7772","6516","18854","6489","10181","7553","8500","8349","8529","11077","5771","10798","10995","3843","7670","11629"
"1.96_827.66","17890","24497","11298","15787","16574","13759","8523","25410","15565","4143","24642","16264","12847","18657","21886","8934","28219","13518","4960","11198","5416","15524","9076","19813","28144","24984","15451","20624","18802","23968","20817","31700","20092","23881","18654","35117","19052","29450","27599","28470","25203","25366","29803","11463","27102","30660","17867","26803","32805"
"1.97_809.63","34863","23262","28187","19048","29898","13220","16848","27021","20487","23305","22987","22571","20425","23277","28687","15619","31823","16679","9877","28027","23383","19142","11799","24512","30121","23109","15654","23867","27524","25723","23178","27229","19061","18710","18335","29812","21614","25326","30046","34678","23740","33661","23194","20206","22762","25123","24872","20151","22195"
"2.90_766.67","114704","146933","99707","167136","156294","162619","63906","166906","129265","94193","82938","152928","148295","177820","116895","91291","144847","98405","64142","116963","113457","143634","91557","158285","83854","135415","103239","154644","152007","176183","140603","149759","159070","139136","138766","181226","134329","201816","139202","185667","155228","150745","151854","109039","151785","132747","108072","196830","189607"
"1.30_826.52","2879","6577","5140","6974","9700","6806","3324","6666","7659","2669","14165","17485","11648","10186","13362","4644","24653","9865","1441","4096","4219","16131","1697","18842","12457","22732","13660","18872","9489","19894","9188","24565","19556","15288","9437","29935","8824","19193","12765","8218","18695","20469","24917","7155","24250","13868","5071","8116","13415"
"1.53_834.59","3843","5298","3158","3123","5381","3130","2448","6559","3360","2020","5269","44514","12244","5015","5049","2886","43759","12315","1613","4068","3394","23335","2428","44494","3839","35393","13719","45082","10257","32501","4174","46418","25557","24371","9397","42295","13636","18864","6080","8911","28035","19120","27032","2924","36180","5917","4450","4435","10974"
"1.64_794.53","6082","7190","6761","5894","11763","4385","4290","11542","6907","3729","7182","10136","6111","6345","7508","3209","11759","4516","1399","7776","4912","7117","2509","7847","7637","11687","6192","8227","6881","12527","8389","12050","8481","8868","6491","14519","5201","7829","6595","6890","10366","11081","11650","4779","11243","7826","5449","7572","10448"
"1.30_822.55","2618","706","1712","1425","1003","1430","1523","1175","2041","1961","2005","26028","2487","2866","2862","1624","19729","2361","1137","1188","744","5357","1281","7668","2608","18001","1620","12361","3177","12359","1688","24874","2181","7200","1812","8003","3240","3310","2544","1980","6228","4307","6722","2226","16756","912","1465","2906","3281"
"2.93_703.56","50653","51127","34428","51496","53477","45173","25061","57337","34146","24976","26578","44114","37195","44529","34231","25280","36597","25643","21113","41762","29115","37635","29514","38323","27178","37385","27827","36644","47549","50322","38639","48950","43965","42335","44263","61875","41741","57151","41403","50029","47726","40307","42981","34410","49215","42205","39850","70893","72390"
"1.56_775.57","32789","23096","34291","24824","63474","20282","19091","38717","28805","15979","16970","32800","20025","18649","29894","13310","25023","15589","4014","37106","19996","30468","16432","32638","24335","30989","30008","21003","20039","56932","27782","38643","24630","32187","16673","53341","20042","24474","17408","18281","35755","28552","33331","26386","33832","21856","25607","17798","30098"
"3.04_125.00","6521","8415","5865","8636","8510","5849","3398","7265","4560","2905","5630","8819","4414","5496","7129","3416","8779","5117","4433","4912","3522","6017","3596","7640","5579","8187","5494","9229","7584","7769","4892","13235","6029","5359","5234","9107","7686","6253","7005","5010","6695","9267","7798","2719","6149","6775","5852","4951","10435"
"2.07_705.64","24729","27428","17108","33610","27918","20000","15257","21235","21454","12885","27589","22377","18940","27451","21935","11033","29218","19156","19049","21832","14892","27342","18087","19173","26858","23565","22283","21100","28247","25452","23774","37667","25510","23032","23184","30740","26117","23477","25454","21865","30354","28194","25387","14854","30370","23878","30270","19537","29760"
"2.85_847.65","13634","13619","12074","17233","13315","13605","12488","14583","12707","8384","13332","14595","12783","13394","14069","8510","14462","12104","11201","8842","8429","14922","9413","13276","15628","14837","12181","13699","12658","16123","15712","24234","11814","13597","12336","16580","12710","14698","13255","12244","15444","15621","15606","12345","13848","16772","12885","14113","17194"
"1.30_844.53","2808","4514","4716","4313","7531","3117","4007","3459","5767","2321","6938","14769","9055","5552","7529","2250","18072","5976","1358","2898","4135","12799","2180","10245","5447","12558","8062","11465","6258","14576","5962","20096","11232","9589","3787","12150","6743","10296","7133","5928","10041","9644","15614","5471","13660","6760","3074","3672","6720"
"1.85_808.57","27376","22231","34192","25278","31964","13803","19431","23816","28306","28984","20537","20272","20842","26522","21424","17964","37779","23222","11656","23376","25928","23119","11138","25977","27383","23978","18466","22270","27287","29456","22470","36181","18540","19633","21243","33901","28681","24968","23998","26293","32466","36579","21780","25549","26553","20954","24878","21086","20101"
"0.66_1111.51","30778","479","16181","2669","357","443","1472","6763","3160","4364","1069","505","183","378","789","564","860","0","459","26609","4504","217","9347","488","528","193","87","96","152","207","745","486","134","340","254","501","74","125","557","253","51","139","0","741","204","1166","1953","4098","78"
"0.20_277.07","98603","886","154826","11206","1688","1120","13279","11253","27822","9035","5708","2155","1568","1196","3643","971","2712","1908","1148","58898","24508","2026","111275","2312","1198","1843","1777","1666","2005","3641","1542","2176","2642","1954","1463","1922","1612","1442","1673","1274","1543","2176","4352","1629","3308","4013","8627","16657","6003"
"2.19_836.60","79917","63882","72084","62691","71317","29314","52534","70563","54443","79093","60657","63576","40318","62703","68740","50182","93121","58477","24350","80257","70193","43972","29201","67653","51553","64698","48061","80721","85004","59951","50584","64322","59799","46896","42876","71716","64524","71700","80280","96920","63888","86198","42860","53076","54422","51488","63088","49526","60421"
"2.81_787.73","33602","41610","39440","51037","46437","38901","25820","41520","31158","20532","40612","44224","33457","35960","44062","23123","45132","34741","28526","34384","26666","40774","26097","37633","39010","42252","37810","44498","44804","42486","34161","18020","39735","39144","33940","44715","45755","40050","42636","47849","38793","50336","44236","25750","38564","44451","36268","32947","27833"
"1.41_832.57","3039","5000","5433","5253","8670","3332","2641","6466","5659","2433","9074","18763","8792","6777","7468","2985","31705","8802","1407","3953","3119","12936","2110","15950","6795","22426","8736","21011","8496","18884","7168","32455","15924","12613","7765","22010","7568","15930","9643","9155","15286","17168","23047","5291","23528","9122","3653","5590","12540"
"1.52_810.52","4977","6955","6516","7364","7210","6212","4164","11074","7941","2187","14065","9538","7091","7141","10508","4253","17195","4528","2289","5982","4251","9959","3831","15996","10547","13857","11379","9868","6365","13923","5265","13129","16397","14453","4932","17749","7846","12536","10191","4654","13217","13038","13865","5297","10863","10265","5903","7740","10091"
"1.98_826.60","9567","13562","12869","14803","25506","7773","10861","12440","19339","6316","8126","12545","11857","9052","12129","5478","13458","11461","3879","7031","10094","21634","5816","14104","8943","11647","13235","12090","12530","19337","11963","27850","12536","10505","8938","16041","9999","15271","10556","11867","14708","10631","11783","10377","9759","11744","11802","9261","14083"
"2.20_786.59","68494","66461","84452","205099","113091","46251","70199","79263","67923","53580","80851","105757","65485","67000","85787","35507","58213","57990","30100","53701","84714","101023","33926","92642","60501","63312","66709","66118","62601","90847","76784","81367","71351","65060","54693","64171","55751","73649","61313","97650","76456","73595","105764","57724","74784","75025","62422","50570","83328"
"3.04_837.68","90396","107236","95978","118448","108805","94651","69600","102788","73885","52565","99566","113824","77141","87827","99012","68591","104561","89514","76578","82600","67953","89940","72261","106267","88806","109916","92513","109279","97947","103257","84043","139867","95549","90761","91027","109018","127263","101704","103480","76128","109810","129616","102480","61308","91316","100528","92929","87151","122083"
"2.11_794.67","18237","26495","11747","20763","18500","31927","8998","33403","20032","12779","13157","21660","23384","36425","21456","18345","21870","17001","9584","18960","16293","19541","16553","26891","15175","19707","20398","34067","28525","25683","24933","15834","38768","27870","28381","36010","26433","54059","34792","41140","24451","22830","23657","21091","27631","31277","16702","50183","44642"
"3.19_909.71","2761","4902","2484","3933","13594","2407","1299","18848","8891","1875","1973","4911","3605","3688","3468","2567","6373","5044","1500","2833","3543","3828","1525","6220","2475","3869","3867","11222","3650","10437","5987","10001","6912","4383","3975","7109","3959","4485","5638","5284","2770","2337","7700","3599","4117","8047","1916","7775","7102"
"2.58_788.68","29621","41574","27998","60748","40076","24174","30344","42455","34175","20775","46267","31125","31343","34460","42795","18387","54743","28548","11786","30439","34506","38832","14156","42822","32190","39879","34875","46079","42039","43694","35737","85051","43001","35901","22663","47880","35592","41413","42572","49112","46373","40718","41422","26044","43506","45809","38000","32972","46006"
"2.92_698.61","38448","41225","30413","51115","59314","38963","21226","56822","31444","19457","20969","40704","32265","42650","28390","18536","32139","21096","16242","35233","22377","38742","21372","34470","23844","33404","22671","36094","45235","50997","32760","59269","39861","35085","37935","61135","38295","57918","37987","45589","44842","38995","38165","25869","43300","35827","29806","76297","83269"
"2.15_802.63","1800","924","876","2074","1068","167669","603","3723","1037","900","2298","512","1354","778","570","2022","998","541","16102","1439","1338","732","3470","1727","709","230","706","1071","886","820","718","979","898","1745","5917","611","4782","829","969","890","953","648","921","1318","1109","5717","904","1649","682"
"2.54_369.35","26281","29678","27896","36117","28902","27851","13267","29406","27479","16410","13220","34526","31967","25430","27042","13864","27076","16919","12649","27084","20785","26895","16629","25188","18164","27237","22659","23728","29003","46630","23961","50459","30051","24759","23997","48729","21884","39051","24491","34032","38195","27195","32677","24976","33086","27066","16738","33165","43633"
"2.15_1538.11","7788","10886","14149","16988","21338","6633","10817","15344","11199","7536","11783","14189","6843","12680","11614","4183","11623","10010","2589","9699","10368","16711","2787","12201","12424","15360","10655","10284","9029","14995","12083","17898","12512","14161","9602","14748","10213","12299","9002","8968","20275","17712","15104","7474","13187","10598","9941","8630","16892"
"3.04_815.76","49105","45508","38676","46633","63638","45873","35694","41632","38344","23304","40104","62105","41758","46587","35865","33916","32143","47379","39793","42851","32652","36722","35475","26847","29450","31190","47179","62403","50819","38379","44095","91387","52941","45571","48392","30588","58819","33310","40614","38632","52197","78030","45500","31097","46357","35589","43710","48297","78760"
"2.14_758.63","136170","114762","88241","76054","96995","194741","105078","66837","80824","118172","97200","80772","149064","101768","110007","157308","65473","83665","96149","60931","118814","43770","122476","69960","94776","57534","78286","76295","96502","70535","85319","55374","65622","62303","88038","65738","83079","69786","68658","112557","74704","51238","44913","158462","80429","94475","130553","97499","91293"
"0.21_162.16","2191","5392","1930","16941","1714","1794","1223","49080","7156","10286","7143","15364","76","10300","2428","3552","1927","895","21048","5518","2054","745","2952","661","606","1496","1051","524","786","886","7472","995","1457","313","4949","1349","5452","473","980","11539","1309","626","197","27483","1081","997","29163","746","31253"
"1.99_739.49","1382","8392","586","1668","1809","14071","1415","1739","1780","779","2384","1668","1049","7695","1403","2631","1662","1380","5790","1601","846","1101","6659","521","5223","1049","1727","3179","6515","1676","1381","1658","1884","5981","5716","1229","9755","1625","2404","3822","1200","1018","1671","1048","1054","2786","6332","8358","16182"
"1.31_833.57","12465","7512","16858","18516","11097","4958","9510","15143","15802","6797","10680","14619","9236","8330","10572","4774","16232","6828","1680","10731","14269","12947","5979","15701","7850","10281","7140","12648","9683","13888","7295","15250","12028","8844","6085","12552","7628","11151","10486","6832","7817","10638","18978","4484","14289","14076","7288","10415","12971"
"1.12_831.55","1604","2958","2672","2398","3396","1948","1681","2326","2788","855","2211","4837","3548","2479","2776","1066","6680","2297","632","1945","683","2046","1482","4746","2726","4193","2230","2055","1552","5129","873","6702","3519","3175","2516","5245","1775","3286","2422","2627","3115","3853","6789","2175","4727","2920","1654","3034","4323"
"2.67_1311.85","6891","8967","8312","11599","7938","9450","5030","6173","6043","3989","8482","8183","5717","5272","8556","3740","7849","5786","9234","9150","5585","8543","8011","9137","7686","10445","8095","7818","7499","10661","7459","13883","7895","9149","6854","9213","8222","5593","9364","10503","8877","7159","6914","6360","8072","9928","8547","8629","13290"
"1.32_786.53","7639","16946","12273","16007","18488","9921","7252","21093","16333","4701","22637","21943","15453","17465","21339","7315","36385","13301","3936","10713","8448","18965","5217","24988","18994","30052","20841","22734","19222","31423","16281","29998","27718","22986","14367","42693","15594","29705","20632","14024","21236","27899","36252","12106","31989","24575","8910","20042","29130"
"3.20_752.69","62605","65103","69582","82331","91574","55622","44272","72222","67656","50488","41778","79174","71222","70879","59396","38983","67203","47709","29093","62871","56260","72630","36074","64241","44487","76907","56696","59921","70824","85153","65214","84775","66731","63252","62256","86447","60384","85580","57793","70058","87151","66460","69911","61095","73289","55327","47438","76507","89064"
"1.31_806.55","21817","27625","15907","18814","21531","17904","10739","31414","18104","7535","28291","31534","23994","23556","27328","14353","49744","17650","3212","23831","14356","24694","10990","33331","29015","47322","23603","30607","26788","41325","21096","40819","36461","39213","22729","62666","22213","35884","28251","20609","31908","41567","49332","16713","48521","35505","19981","27157","37585"
"0.20_188.07","7820","1930","2696","1620","9315","3792","1048","6266","24586","1535","3637","8361","3069","3818","2690","6655","1645","8765","35060","6383","4907","4566","2604","1322","858","1295","4446","8387","1998","7475","26233","1156","5229","3698","2467","1303","14174","1689","2829","6070","2955","5439","25894","1370","4818","7283","1397","5407","4054"
"1.42_831.56","4045","3312","5755","4760","7724","2763","2908","4489","7426","2527","5653","7782","6450","4100","5287","1702","11632","4585","882","3587","4317","9060","2438","7699","4519","6949","4514","10457","5741","10273","4760","14107","8029","5101","3832","9032","4952","7949","6546","6153","6672","7238","14411","3810","7800","5777","4286","4261","6630"
"3.10_849.66","16853","19217","15883","19201","17398","17771","14089","16815","15168","9627","18697","19358","14963","15304","16754","11242","18253","15685","13382","15348","12732","16629","12808","18833","16188","18180","16986","19581","16953","17660","15264","25544","17865","15583","17663","20238","18336","17552","16556","13939","19150","21486","18609","12446","17448","17155","15160","17417","22055"
"2.87_815.70","27606","33539","25217","34163","35265","40762","23217","40797","31622","14266","32538","37640","25427","25911","36842","16395","39852","22994","24335","17997","18066","31977","19597","38938","33356","34713","25004","33760","22173","38373","33325","63385","22741","29606","25186","43890","31376","33524","33400","27371","31871","37659","37248","26687","25563","44871","26560","29532","39675"
"2.68_894.67","8882","10942","11676","12871","16242","10248","4027","7258","12061","18234","4868","14045","17358","17354","6638","5107","26709","10238","6637","5815","7662","15135","4960","18703","5523","17740","10362","14352","24682","26922","9664","25713","9517","13534","13010","36180","18588","23758","14228","21694","19542","36872","16145","21279","13190","4092","8078","6699","11131"
"1.60_838.56","1911","3409","3533","5351","4529","2538","2245","6019","4418","2727","5181","6821","3408","4101","3460","1687","11613","4344","1342","2660","2689","5045","1631","6705","3557","8688","4014","7401","4093","6760","3323","11610","6653","6233","3571","7626","3721","7515","5177","6651","6473","7138","6131","2779","7094","4833","3056","3786","8504"
"1.31_870.55","2539","4077","3913","3913","5231","2661","2924","3640","5364","3634","4458","20167","7208","3616","4293","2102","16104","4672","1207","3201","3461","9623","2117","10391","3337","10116","5035","10588","4842","13626","3949","23538","6660","5276","4881","8628","3951","6898","4769","4605","6642","6403","11528","3082","9350","5260","3151","2733","5684"
"3.05_264.27","11973","18365","10919","15744","12494","16649","12104","15519","9007","7017","11488","18927","9478","9956","12889","8587","14078","10520","15829","8084","8200","12294","9721","10760","14282","16453","11718","11977","15222","13975","13565","19944","9426","16886","11909","23231","14183","12977","13738","19164","11534","13126","11493","8805","11666","16849","11489","18024","21756"
"1.52_857.57","2397","4279","4101","4302","4315","3441","2558","4569","7295","1736","4345","8779","4928","3271","3906","2176","12453","4289","1409","2721","3293","9087","2353","12052","3132","8986","5442","9898","3959","10294","2610","15998","10157","7458","3349","11124","5527","8268","6353","4805","8243","6084","7076","3860","7292","3818","3533","4060","5799"
"3.20_1343.16","3319","3884","4638","8365","12165","3146","1638","7493","5130","2659","1348","6515","4401","5229","2692","1498","4867","1812","672","3631","2709","5612","1053","3513","1582","6639","1574","3923","5259","9306","4380","10811","4860","3618","4131","10240","3207","9092","2844","5037","8148","4337","5877","3354","5989","3248","1435","6350","10580"
"1.31_874.58","3969","4682","5014","5036","5816","3275","4002","5864","7054","2517","4164","10495","5583","4286","5398","1868","13006","5029","1251","3862","4215","8795","3074","8511","4266","8311","5581","7940","5403","9878","4095","18357","7789","5358","3726","9329","4149","7658","5587","4594","5302","5803","8729","5186","6696","6424","4952","3962","5554"
"2.11_693.54","15276","22123","9184","20304","17831","25884","6602","26355","16753","9707","10451","18313","17665","27803","19228","11473","18379","12538","7860","15272","14013","20708","11818","24662","11883","16356","15705","28243","22214","22984","19563","19093","32425","21595","21409","31867","20940","43630","26790","32590","23515","20331","20781","16337","21948","24682","12508","35412","42385"
"2.80_815.75","14614","14687","11552","22713","17122","13912","10037","17308","9051","3415","16693","18206","8591","12052","19489","4819","19890","9438","8354","3086","6049","15221","6253","16062","19338","13524","9990","14379","12019","18953","14573","29504","12038","14910","11185","18813","16094","16420","15567","12212","18916","18252","17028","8531","13601","19359","14634","16376","20967"
"3.34_648.63","3226","4400","2818","4132","6408","3518","2497","4643","3736","2090","2313","4110","2696","3860","2500","2373","2719","3625","3124","2884","1932","3607","2067","2973","2986","3900","3143","4059","4181","4227","3246","5685","4018","3158","3352","5738","3858","3609","3661","3941","3260","3361","3345","2069","3270","4153","2017","6418","7211"
"3.17_846.68","59000","63059","86052","95768","51852","77473","41728","26320","55816","124454","44100","86117","91983","75022","57465","48716","126642","64964","56112","53368","77821","116296","51471","101891","39788","96781","68711","76198","99623","95604","70091","124387","76577","80236","74282","137721","105398","95777","79397","99814","104742","163075","89427","89634","93460","44287","58563","63363","95854"
"1.31_805.54","3716","7983","6990","11081","10369","6595","3775","7965","8275","3272","19034","29181","17137","15065","19038","5049","43239","14110","2176","4932","4205","23731","2286","25190","17912","40248","18433","29885","12175","33854","14558","38008","30125","23156","14153","49383","13277","28646","18017","12169","28803","33497","47645","9502","45369","18606","4042","7328","19716"
"1.19_807.56","2923","4630","4283","2736","6663","2569","2198","5118","4724","1758","4967","7337","6015","6380","5658","2939","17105","5653","931","4533","2957","6153","1998","7181","8615","13553","6520","10738","6027","13480","8717","13987","8341","8988","6478","18543","4297","8980","6533","5505","11357","13070","16349","3743","12132","5989","2644","5520","8686"
"0.20_215.03","71841","1857","81923","34420","6053","1493","50574","32938","58018","33261","20784","7437","4660","4623","9732","2833","5857","5386","5139","109857","50447","3391","67299","5291","4720","5618","5621","7346","6952","10185","7201","7403","13514","3328","5339","8510","5652","4546","4607","5495","6300","11361","10010","3609","10250","8550","18571","32666","10981"
"3.23_634.65","6677","5330","7458","9591","6535","9916","5578","4343","3536","5028","3776","8778","6588","1925","7275","5890","7757","3351","3532","6147","2611","6244","7767","4585","4745","10912","4550","4766","2731","5822","6293","7302","2856","3441","3235","5284","8117","6673","3481","6094","2278","10573","7231","4905","3645","9393","6959","9886","12225"
"3.46_714.60","12840","9020","15604","37450","18252","8117","10416","13493","22832","13295","11576","18268","7794","5575","9523","5673","11949","5816","4675","18108","14464","13170","10667","14348","5378","25614","7814","8860","7947","14198","12025","17063","14621","9118","8487","23137","7140","5884","8492","12300","21843","17324","26629","7565","21306","7044","8156","16589","16083"
"2.84_698.61","55127","21808","38114","67444","56799","22737","24383","70001","44118","27456","24318","21546","19251","35130","30567","11338","23964","12914","3650","44563","32074","30906","27649","35240","14081","17135","13491","26232","39941","25211","21261","26105","30455","30432","24263","33946","34836","44319","26665","31114","18957","28521","31553","13185","33218","21034","38517","75076","65641"
"3.20_974.84","7848","14586","7057","11004","32398","6760","2623","46302","22648","5687","8122","12525","11407","9441","10302","8897","19576","16470","4937","9617","9199","11548","4509","18676","8663","10196","13232","31806","12057","23088","18517","22749","18527","8530","10196","17939","11073","12210","18082","14205","5574","6132","17276","11423","12603","23486","4988","18566","18225"
"1.00_638.40","23964","14030","32170","12353","15488","7126","12131","17576","29742","14501","9952","12856","12916","9281","14269","8674","32228","13818","5350","20768","18972","21797","13203","20751","9057","24720","14729","19620","17593","20607","9741","43755","16982","13324","10616","21584","14028","23243","12440","15292","16135","15543","17477","14036","16774","13738","13514","11082","10971"
"0.65_596.36","8901","2761","11127","6123","5720","3394","3528","11263","14454","11954","6744","5207","10046","5095","4534","2821","13683","5580","2417","15683","5545","16909","4791","12653","5311","16695","5108","10153","8116","11073","7181","31480","6649","5237","6774","15851","5332","9968","5194","5160","12885","15420","17055","5733","10179","6955","6095","6102","3606"
"2.33_1468.13","5941","6589","6097","8315","7972","2485","2445","5945","4777","2276","5141","6397","4123","4550","5774","1832","8132","2992","1801","3807","2420","5372","1451","3993","7069","7583","4355","5219","5370","8137","6375","12551","4990","4417","4867","6925","4742","5106","5517","4580","6729","6706","6301","2502","7604","6647","4528","4371","9646"
"2.34_1542.14","6400","6787","5490","11718","11199","3931","4759","8058","6160","3750","10092","15206","7875","6538","9607","2098","14107","5530","1461","5533","5835","11178","1737","8225","10854","10846","5897","7750","5513","9338","9685","18004","8083","7283","4799","9917","6878","8657","9518","10083","11502","11310","14392","5588","12198","13199","7630","4705","9524"
"2.58_787.66","19893","24834","19781","42110","30593","20637","17427","23891","24921","12547","27215","31458","18227","22991","27627","12123","30519","18763","12836","15973","18301","38519","14889","26814","21965","26319","22512","28228","28033","32628","24885","52921","29106","22713","19734","29670","26107","24325","30374","31288","34009","29270","29308","17526","31803","28302","25313","20032","38901"
"3.53_974.87","10543","30844","5551","14782","65172","10866","4921","82975","37095","6493","10548","24480","24510","13418","21158","16116","30154","29157","7029","17652","12534","18227","4266","31045","13317","13489","28180","42973","23255","44272","29542","45606","46825","13148","15574","27584","15486","20783","28174","33661","11881","13719","38919","19639","24586","55557","7744","30271","35451"
"2.24_555.44","20469","20510","17389","24371","21009","22069","12880","23302","15783","10397","8318","19638","19761","20840","14338","10122","13076","9334","7291","27849","12381","15313","10720","12726","12081","17564","12633","13320","20994","22748","13349","25841","16396","19123","18449","28160","18810","23360","15321","20907","18869","15276","18907","14042","19723","21128","14251","27121","35148"
"1.39_834.58","4115","8709","6603","7917","10838","6029","3127","11925","8482","2993","7555","21314","9669","9767","9243","3941","40706","9815","1042","6751","3851","10418","3151","13506","9321","30291","10567","27103","9699","22706","12038","40956","21407","14909","9427","35529","10158","20810","12180","11907","20613","21653","20521","5846","27083","11638","3824","10151","17165"
"3.18_990.87","11237","23356","12979","16264","55179","10067","5602","71582","31920","9801","10919","18090","17371","15043","14776","13027","25700","24793","6668","16206","12857","15085","5783","24689","13078","14035","19447","43146","17018","35932","26149","35700","25599","15743","16059","25731","17470","16336","25842","19786","9023","9044","26461","14295","17019","34793","10107","33036","29285"
"2.10_575.50","5090","7724","1944","5634","1423","86173","3920","3428","2101","1803","4135","1962","2369","2926","1847","3215","2543","1434","53836","1339","1307","1472","18757","1998","4454","2182","1685","2892","3547","1765","1904","2461","2472","4807","9449","1779","6471","1775","2237","5147","1990","2857","2291","1713","2299","6719","3666","4934","7924"
"2.91_1381.11","2625","4107","1727","6373","4642","4261","734","4971","2899","1652","1566","4424","4189","5602","3220","1835","4460","1758","581","2762","2355","3999","1391","5115","1110","3764","2018","4157","4532","5708","3296","5914","4780","4238","3707","7789","3271","8497","3632","6925","4638","4389","5069","2063","5102","3985","2184","7663","9319"
"0.66_184.07","38989","19786","29849","20143","25589","14195","13004","40637","21298","13772","16148","20930","16752","18770","14610","9254","29859","11776","10680","31748","16533","24704","15112","19764","20862","37867","14078","24698","22668","19366","25248","51628","29711","26369","19683","36776","19231","26995","21283","30059","27584","28502","24075","16124","35708","26508","22965","25652","26196"
"3.19_1348.11","4078","4182","4784","7293","9398","3634","1684","5771","5191","2992","1987","6393","4978","5305","3322","1188","4382","2424","891","4075","3092","6658","1404","3690","1955","6002","2962","4099","5284","8686","4643","8175","5032","4368","4453","8850","3948","8332","3213","4491","8024","4924","6334","3057","5472","3399","2258","5880","10682"
"1.41_184.07","5594","6074","6516","5481","6709","3273","2913","9621","5750","2969","7522","9622","5436","6116","6362","2246","13837","5252","1541","6635","4486","8022","2938","9536","7263","12957","4439","10427","6966","11306","5786","16032","8645","9082","5802","14387","5485","10854","7716","6526","8933","12233","15103","3616","15345","6970","4257","7638","12427"
"1.30_804.54","7460","17144","12657","18496","20615","13277","8607","15408","16037","6066","39793","63837","36145","31551","38156","10177","85664","29329","3541","11081","7697","48397","3850","54501","37993","83280","40273","63349","25217","69583","29607","75741","63759","46247","27843","98841","26984","60032","37653","23212","61564","69725","96433","18131","93909","38832","7005","13831","40324"
"3.40_752.69","22833","27471","13348","26967","22720","26165","11238","23182","20270","12382","16519","27151","29688","30433","22186","16079","28509","16178","12607","21992","15664","26126","15425","28852","17240","23642","19014","27876","26958","32324","23687","39338","31246","25482","25021","42339","24849","38064","26537","38679","32460","27958","29788","21976","34854","29235","20141","38296","43772"
"1.53_794.53","5583","6804","7382","5748","13120","4402","4604","11869","6116","2884","7287","12383","6335","7083","6636","3284","14266","5794","1332","6651","5094","9911","2700","9228","8202","13130","8004","10730","6725","14977","8011","16139","9668","9814","6558","16649","6865","9573","7319","6798","11896","10609","13372","4863","14129","7847","5396","7679","12155"
"2.07_1428.13","7783","8259","6437","10961","8529","5209","5813","6921","4926","3157","8381","6529","4236","8622","5716","2774","8671","4626","3336","6083","3183","9591","5161","6862","8620","7768","5525","6365","8649","6939","7003","15052","7683","6772","6728","11217","7834","6461","7352","5751","12832","9862","6464","2903","10254","6888","9158","7484","9366"
"1.79_882.57","16122","16982","20828","9004","13612","10982","6937","18994","13830","17136","9217","14813","7872","18955","14480","13995","32244","12123","9038","14433","10694","11755","10492","29925","11316","21213","12959","24137","27931","18636","9758","20473","12295","15788","13412","19361","25687","20286","15668","17588","15939","20528","8871","15554","12707","7962","12339","10448","12935"
"2.34_1520.23","868","2013","1009","10392","7548","1144","2823","3279","1546","1942","7222","12433","2194","870","5008","1416","11081","2642","724","2257","1610","4504","326","5645","3003","3574","2703","4733","3593","4488","2446","10183","3954","2412","1099","6352","1401","3033","6089","3375","8034","6515","12132","2615","5684","9294","3575","1453","6275"
"1.20_822.55","1163","1314","1476","1041","1621","996","1006","805","993","1048","1873","14217","3627","2187","2325","671","13771","3217","225","1937","1298","4324","598","4589","2150","10745","2485","8963","2885","6802","2292","15632","3649","4008","2906","8400","2207","3608","1823","1633","4544","5336","8004","1070","13678","1908","1450","1551","3104"
"3.04_816.85","14559","19689","16384","12623","11173","16155","10753","18724","8632","4821","15830","9218","10469","15144","17679","8377","18565","15109","10692","12974","7529","16723","8945","18337","13648","15004","14388","17182","16774","17070","14671","6653","17239","13491","15560","17143","14065","18223","15016","11930","13902","6562","17006","6525","15445","17338","15099","15280","8993"
"1.31_788.54","23858","25992","26634","24870","38243","18966","16128","38612","29817","12716","26117","30092","22424","24123","28243","13691","35927","20430","3681","28977","19370","24258","12614","30621","28458","38050","25133","27575","22359","44253","25020","35310","29545","34063","20701","52927","21908","33724","25463","18442","30113","36014","42521","20351","36724","30578","21209","27633","40466"
"1.13_844.53","1167","1859","2765","1409","3924","1291","1502","1704","3251","1202","2437","3177","2858","1417","2452","1018","4420","2531","598","1644","1936","4771","976","2405","1689","3241","2429","3132","2429","4170","2639","6452","2299","3133","1776","3581","1851","2932","2282","2175","3650","2760","6147","2183","4116","3032","1752","2492","3600"
"1.96_689.62","13325","23096","15426","28953","17633","14342","13569","15589","16548","9820","18730","18664","12235","17070","18687","11174","23123","16455","11334","19564","10146","18601","14920","18765","17245","17264","15554","17816","26302","20547","14775","22444","17739","19057","15095","19304","19028","14729","18039","20003","20707","22065","17491","8383","19248","17436","19097","15660","27005"
"1.32_802.52","2995","6902","4537","8931","6414","5606","2888","6117","7096","2256","22832","11955","10024","11513","19191","3501","22661","9178","2044","4335","3371","16614","2230","19100","11821","18766","19900","15584","10744","13751","7645","14044","24605","14026","7793","24476","9833","21661","16103","9379","13882","18185","29688","6872","24815","17433","2858","5243","16067"
"2.16_707.60","15251","16712","15747","20816","13482","21130","11895","17441","13718","9959","14261","13608","10594","16664","14297","11361","19948","14795","14115","13518","9718","15984","12697","16683","17798","18296","14491","23381","14914","14994","13464","24839","13196","13503","13274","18306","15699","17655","16269","13506","19948","17156","15660","10323","16408","14948","15705","15573","17102"
"1.52_838.56","9647","8050","7300","10069","8205","7499","5512","11646","11524","3467","8586","11317","8457","6404","8897","4943","14283","5133","2380","7087","5948","11685","6660","13407","9266","8661","7263","9427","6355","14599","3968","16724","10362","9895","5252","11524","7350","11227","9583","5474","9248","9688","11014","6096","6517","11507","8840","8468","9171"
"2.01_597.49","46164","6560","32551","35580","2224","11433","27653","22114","30050","21108","30874","1374","1690","5502","16088","6341","1230","2555","11819","33493","28851","3690","32793","2879","10811","1508","7531","2453","6030","1929","10869","1575","4126","3232","3852","2567","3303","5109","9825","6483","2639","3900","3407","9211","2534","13817","20588","37102","14808"
"0.22_120.08","4032","4249","3309","2859","2230","1580","2307","3297","2619","2940","2110","2836","3221","1901","1468","1643","3219","2437","255713","5587","1508","1531","424","2710","2168","2476","1743","2201","3026","2656","1904","2817","3311","4639","3177","1427","2412","2165","3598","3383","2675","3276","3069","1956","4947","3368","3525","4136","1891"
"0.32_279.16","3524","2712","4001","1527","1917","2863","2345","5083","3605","2928","2822","1989","2189","3122","3219","1731","3486","6108","3024","13435","5103","5912","5220","456322","2245","3588","5407","2553","3440","2184","1835","7861","7256","2782","2087","3938","5446","2346","4098","16088","4565","2983","2092","3708","2641","10661","2335","2112","12509"
"2.12_796.68","27826","31817","11337","16617","18048","31996","13118","32433","14636","12903","14733","19623","25844","31891","23051","19686","17102","17747","12766","19968","13215","16984","21028","20250","19108","18972","17790","24925","34804","22539","21830","15848","31945","30705","32013","31112","31737","44359","30964","38072","20906","20900","24547","19073","29891","34726","21060","60852","48462"
"0.84_666.49","14752","5257","17275","5663","9877","3150","4551","13224","9661","9643","6493","7758","5760","8750","9767","5127","13957","6754","2046","33378","8249","7612","4875","8269","8038","10251","5176","8257","7520","9738","7015","9682","7491","6080","5080","13121","6624","8829","7075","7299","9550","11595","10018","5249","11360","6176","5887","6887","6874"
"2.41_796.55","4966","5044","4892","6516","5922","3975","5345","4961","4135","3357","6119","7119","5759","4444","5801","3322","6513","4173","2243","4519","4831","5507","3248","5318","6171","6039","4685","5369","4996","5060","5716","8243","5819","4975","4625","6480","4409","5413","5262","6435","6191","6196","7243","4742","5988","7372","4950","4489","5729"
"2.13_812.54","20310","29391","77117","121670","30019","62160","58172","9481","31701","44257","53094","50275","23840","26200","40502","17271","16287","28136","65101","21025","54327","33440","50685","29365","22151","28991","47680","21603","21933","32056","27756","58210","16058","21165","18128","16767","25032","17329","22135","22007","29505","32003","26980","23014","17579","22475","31272","18548","51051"
"2.45_744.59","21926","28123","20666","56437","24858","24759","24820","17743","16610","14996","29410","32467","16155","28604","25277","9906","31204","17170","16154","14086","16319","37403","14672","26757","26465","27808","33776","25666","24239","25017","27817","45981","26499","27943","18861","30973","24876","23451","29935","22170","43490","29180","25756","17693","34349","23483","30898","20326","37207"
"2.15_759.34","6529","9568","7650","13759","13043","3536","6119","6456","8935","5371","9225","8992","6026","6489","7260","2454","6126","5874","1112","8346","6880","9099","1438","10477","8256","10121","7542","7319","7012","9139","7705","12150","4848","5613","3727","11579","6659","8329","7867","6042","11735","8639","8298","5579","11707","9482","5436","5151","9806"
"2.67_1333.83","6307","6328","7148","10458","5870","7399","3762","4963","5110","2836","7591","6917","4382","4416","8939","3135","7848","4761","7770","6974","4843","7711","7017","7877","6291","8933","6117","7805","5405","7584","5628","12573","7105","7562","6037","7286","7115","5056","8019","8419","7506","6631","6369","4871","7153","9161","6892","5851","13690"
"0.32_285.29","6628","2773","1886","2806","2720","18069","86169","49854","14692","5060","6193","1993","3907","9699","4376","2152","21356","6007","3329","16967","2467","8991","2215","11600","3233","8258","2405","4707","70981","4060","8348","3007","12420","4871","7905","1811","65859","36311","3897","9810","2350","3185","1965","5668","10606","4021","5984","451","6861"
"2.80_814.83","15916","12594","12598","8194","5664","13407","18760","10360","15229","10589","15533","13781","14349","16673","9474","8021","9112","17386","13409","10884","9971","14501","11477","18662","9191","10767","15057","15262","13726","9019","13817","9872","16728","11527","16594","10983","4980","12688","13205","11300","10996","12519","7763","13922","14581","14320","17012","16292","10464"
"2.35_677.55","14082","15336","8915","12400","15313","15035","6379","19023","11316","7065","5297","11491","14660","15141","11675","8859","10193","8443","7086","12292","7764","9730","8193","12259","7806","10343","10487","12127","15351","17762","11613","10629","14975","13878","13854","18806","14512","20755","12877","16880","13385","9316","12820","10784","13353","12687","8907","23501","25316"
"2.91_1383.13","2286","3241","1661","4229","4308","3336","868","4924","2208","796","1175","4860","2882","3720","1810","1841","3108","1560","701","1837","1519","2666","1551","3313","1132","2719","1576","3338","3958","5217","2582","5089","3591","3735","3102","4832","2739","6122","2811","4215","3505","3302","3376","2282","5526","2545","1834","6597","7769"
"2.90_654.56","3008","7809","3644","7271","4933","7944","4340","5526","3950","2983","5515","7261","4012","4223","4287","3417","6222","4894","8679","2818","3294","5100","4745","4474","5502","5346","5040","5302","7761","5849","5287","8870","5008","6705","5119","6451","6005","3914","5838","9279","4952","4836","4770","3508","4798","8098","4284","7206","11015"
"2.40_1615.24","6827","9240","10155","20881","13800","6789","9222","12459","9310","6058","10673","14374","4817","9584","11448","4347","10881","8236","3061","7417","9215","11043","2880","12641","7031","12966","10978","12711","8901","10378","9083","15258","13331","10240","6309","11484","9330","10443","8365","10114","15669","11949","8141","5169","9653","8622","7024","7010","13556"
"1.43_802.52","967","2729","1576","3456","4031","2612","1533","2159","2611","1155","8373","6692","6490","5457","8689","1342","9221","6920","1047","1999","1405","10606","607","8519","5930","10129","9376","10164","5399","10314","5926","7602","13126","6618","3689","14595","4460","11853","6804","4490","9229","10514","23587","3166","18599","6278","966","1784","7380"
"1.76_802.59","17802","20248","26384","25298","51810","14183","15645","35109","26309","15606","14884","30176","16208","16098","22579","10487","24115","16192","3499","29209","18774","22554","10865","24405","14040","29720","23650","22065","20133","31983","23864","34529","24580","21232","13980","33696","17604","23912","16787","17184","29048","22543","21225","22550","24691","18037","15111","17872","26650"
"3.00_701.55","7811","9171","8107","13486","11906","10859","4350","12343","8159","7064","5825","11656","8633","12792","8690","4243","10538","5850","4226","8395","7846","10508","6422","12748","5419","9850","7571","12206","11604","12717","8989","13981","12368","10318","9271","15943","8648","14680","10283","13072","10101","10504","10500","7707","12210","8780","6335","14161","18399"
"0.66_522.36","26818","15337","18073","25375","21767","10101","14669","27831","19133","13922","19197","18654","12224","16676","13407","6279","29188","10518","8179","20199","19533","16735","45892","16388","15587","29879","14696","20104","13044","14245","23026","42649","26528","19621","12252","27419","14034","19383","19443","19379","27521","23667","17936","11974","29632","19060","21669","19329","22207"
"3.19_1349.12","4379","4031","4791","7741","9027","3233","1938","5289","4569","2554","1698","6619","5204","5165","2801","1514","4476","2517","996","3809","2994","5821","1354","3965","1925","6202","3147","3941","5108","8177","5810","7589","4645","3892","4207","8814","3494","8676","3150","4277","8037","4490","5291","3501","6152","3929","2314","6236","9714"
"2.15_125.00","19906","22242","25477","37363","33611","16502","21443","25897","23726","17791","23462","28364","16725","22905","23062","12881","23575","19793","10044","20604","21832","29006","11983","25814","22830","24837","21510","23684","19179","26902","23240","35128","24511","24317","19835","28956","20842","23061","19394","20387","31141","31107","24774","16537","24745","22416","21784","19132","29271"
"2.12_737.54","21668","22972","21360","27409","21161","20267","19701","18336","18922","16358","22273","20527","18567","21287","17798","16276","22729","18999","17132","21444","17249","22596","19882","19873","19788","22932","21789","19468","24640","21598","21515","31939","22922","21733","19980","27322","20521","20616","18923","20816","27654","24829","20852","15839","25215","22711","25557","21454","25114"
"2.85_768.69","56263","45149","45648","66610","63710","43831","39085","66234","49807","40796","34671","40625","42156","60327","41602","27204","37948","30095","10098","53272","45351","48406","37668","49576","30334","33676","27753","42748","57171","42680","40808","48117","51583","52832","49320","55403","54846","69456","47154","51642","45789","47182","47785","29451","54579","38391","55566","85904","75790"
"2.71_815.73","1809","19569","1730","2382","5789","22384","1284","2210","1630","1055","2908","26825","18846","11342","7198","11131","15537","7464","11366","2142","1243","7440","1338","4398","13407","15690","13251","11530","7125","23562","12819","22207","13218","11816","15654","25769","4672","15602","12589","18048","26857","13510","14268","9821","12219","16711","2750","2569","10920"
"3.57_1001.89","6997","15805","3416","5824","41411","2966","2028","43653","21340","2557","3691","7630","5997","3381","4763","4536","9225","8189","2866","5701","4076","4784","2015","10577","2504","4096","10346","11322","7625","11434","11927","8747","11879","5381","6340","7647","4677","7530","9684","7041","4309","2783","6405","4306","13925","9916","4005","10153","9406"
"3.44_972.86","16935","32905","22104","34780","126357","13692","7555","147756","71173","14434","14294","34445","29068","19620","20132","15870","43808","32608","7774","26891","19541","28178","7029","42830","16863","27070","31405","61897","25691","80845","45872","59995","41332","19391","21503","46734","20221","28714","34426","30212","17638","15051","45880","25587","23961","51183","10563","45413","43514"
"1.85_701.62","6777","8501","6840","13991","8918","6993","6602","6604","8462","4085","8565","9354","5443","8194","6020","3385","9543","6589","3593","4705","5382","9899","5878","6967","7752","7849","7499","7561","7366","8750","5665","17458","8406","8503","6386","9785","8485","6899","9083","7738","11566","9147","9156","4614","10185","8598","10697","6056","11693"
"3.12_709.61","4411","7093","5402","6714","6454","6545","6686","6179","3696","3311","4547","6677","4123","5357","4768","3513","6478","4676","7068","2705","3207","6015","4147","4998","7455","6944","5066","5119","4519","6187","6292","9936","3670","7111","6381","8828","5814","6234","5510","6137","5121","5408","4672","4376","4689","7434","4657","8897","8604"
"1.19_832.57","3044","2937","3690","2980","4477","3432","1842","4197","3457","1685","2894","5509","4944","3029","3810","1476","7484","3027","924","3077","2214","3646","2072","4754","4564","4204","2654","5333","3271","4992","3534","5227","5428","4806","3897","5591","3106","4012","3431","4302","4208","5284","7962","3249","6795","4585","3254","3038","5265"
"2.81_788.73","20012","25997","22378","30198","27252","23988","10200","25513","17737","10254","25430","28510","14986","18934","28014","13063","30128","15214","15899","17119","14893","23566","14979","16522","21341","27692","21853","26201","28694","29200","19122","33095","22462","21898","18333","29163","27032","20680","25775","30981","28000","29530","29294","14590","24589","27836","20894","18212","33988"
"3.19_721.62","11965","12972","13111","16497","17496","10636","8731","13422","12926","9351","8303","14608","13006","13181","11310","8064","13482","9178","5911","11087","10664","13658","8377","12327","8876","14885","11554","11725","14308","16692","12257","16909","12028","11820","12496","18049","11159","16126","10748","11908","16470","13205","13442","12174","14564","10745","9449","13936","17695"
"0.19_276.08","27316","773","40735","2970","777","887","3922","4105","6045","2990","1796","1012","612","708","1377","260","695","644","117","13881","6545","601","24821","1053","597","769","741","919","1077","1265","785","1068","976","612","675","1161","759","686","807","616","630","1333","1241","696","1248","1410","2270","5265","1804"
"3.03_986.84","6663","10362","9175","11588","35503","4909","2619","42288","30524","5750","5182","7220","10350","8419","6562","4639","15863","8760","2991","6491","5857","6693","3632","14362","4915","9500","9898","19150","8304","22717","14603","15358","11100","7610","7660","17419","6517","9808","14639","10702","5131","4124","11399","8338","7569","11981","4360","15647","12689"
"2.33_1537.20","12991","15151","13823","14738","14346","8480","8589","13713","10929","9546","12576","14059","11349","12131","16463","7816","17706","10525","9003","11968","9518","12667","7756","11165","16146","13617","12388","14229","13242","14598","13359","18583","12353","10948","12449","12655","13458","11667","13285","11589","15347","13936","12856","10339","14776","13102","12923","12349","17608"
"2.12_383.33","27461","33145","15664","26686","25851","36747","12875","37363","21170","15206","16211","25374","26492","35888","30936","17264","22362","20725","15325","21882","18198","27755","19660","32284","19018","21910","25618","36873","39339","32412","26491","27679","44407","31642","34297","43818","34160","59569","40617","45007","28943","26581","30093","24037","39774","39806","19800","61646","69353"
"2.33_734.63","47461","48329","45163","49199","52989","30933","30941","47838","40445","29843","45500","46680","42770","43000","43211","24765","50596","35158","13174","38883","32084","42927","20044","39474","47106","46641","42449","42578","47418","47557","48545","62006","43811","44309","43260","47321","43316","44615","44458","42795","49256","48580","42369","34889","48068","46075","43582","41512","56771"
"1.32_853.54","4484","6016","5997","6407","6335","4102","3993","6239","8489","3397","5982","12234","7131","4068","6952","3457","13234","3919","1520","4195","5525","9176","3523","9991","4790","7250","6845","7216","8194","9397","4226","15349","8111","5863","3935","11180","4714","6788","6804","5690","4879","5918","9050","4269","9491","9815","4272","6232","8344"
"1.96_828.66","10840","13942","6425","9260","9250","7291","4689","13313","8723","2798","14151","9190","7672","11089","11565","5581","14934","8053","3127","6380","3336","9710","5165","11411","15599","13010","9579","12038","10893","13177","12753","18252","11846","13704","11301","18840","11463","16528","15567","16107","12904","13769","16045","5940","14065","18154","10187","15697","19096"
"1.31_807.56","10897","12934","7825","8341","10546","8592","5218","14881","8632","3549","13062","13752","10439","11253","12735","7611","19687","8319","1971","12451","6523","11255","5319","15900","13497","19261","10793","14279","11552","16659","9189","18008","16645","17419","10065","25622","10415","16553","12805","10011","13750","16933","20305","7347","18729","15362","9126","12920","17186"
"3.19_1345.17","1615","2669","2514","3783","7003","1260","719","2649","2587","1164","780","3594","2459","2359","1685","751","2515","665","337","1453","1520","2632","595","2292","988","3404","1593","1753","3231","5010","2075","4873","2689","1374","1921","4412","1670","4372","1997","2117","4620","2516","2676","1595","2575","892","1359","4325","5777"
"0.66_664.42","6484","3123","5950","3237","4280","2082","3134","5998","5014","3930","3146","3947","3363","3690","3651","2954","5733","3282","1105","14299","4588","3442","2902","4071","3382","5131","3249","2998","4204","4191","3002","3481","3242","3916","2744","5947","3124","3845","2804","3319","4403","4557","4908","3492","4135","3368","3321","2991","2831"
"1.59_858.58","3456","2990","4781","4129","5950","2395","3483","4220","7357","2611","3600","6238","3536","3384","4058","1293","8356","3787","831","3520","4554","6831","2519","6227","2965","5219","3706","5794","4723","6645","3709","13472","5312","5039","2855","6638","4192","6558","4232","3900","5222","4208","7046","2658","5978","4582","3323","3435","5501"
"3.39_973.86","11528","22811","14886","23568","80852","8851","5573","92711","46493","9762","8844","22547","21689","12910","14642","11279","28620","20590","5967","18079","13922","18025","4657","29988","11330","21047","22102","40990","18397","53399","29211","38941","28501","13934","14553","31850","14544","18618","22453","20279","11453","9866","29778","16864","17096","32024","7202","28739","28880"
"2.93_782.76","7213","6413","8232","7705","6113","7498","5734","7896","5273","6289","8009","6498","11981","5377","8894","8864","11173","8532","6445","5993","6334","4958","2340","5719","8753","7812","9037","6473","12329","7393","11511","5004","7382","8477","12499","10504","14224","16855","12504","7625","11818","12049","6230","10006","8434","7575","10370","9165","17164"
"2.00_794.59","15103","10479","10935","7872","13646","6794","9153","10762","10999","9836","9502","9139","7033","10987","8940","7130","12281","8296","7606","8358","8616","10324","4903","10098","10021","10886","9280","9280","11090","12653","10950","12413","8354","8995","9783","13413","11190","10576","9818","9450","9652","13771","8917","7648","9937","8695","13883","9216","9999"
"3.08_780.69","10308","13098","16262","27426","38524","24829","7846","20056","21456","14738","14117","30493","27401","29945","24830","6391","30457","13591","11851","16715","23297","40184","13506","35481","9518","31417","20396","33309","24906","35112","26950","35619","29228","20271","16248","37352","16827","36488","17615","23006","31376","30420","32491","18120","28753","14248","9792","22417","36730"
"0.46_313.32","1931","1123","1077","1112","1130","5921","24299","17242","4331","13610","2384","830","2084","19984","1645","941","2118","1917","980","6058","1364","7236","1209","5160","574","2765","1089","5103","23383","2272","9493","668","6236","1875","5636","1185","12918","9528","1627","5082","763","808","782","2199","4226","1756","1697","140","1209"
"2.81_788.82","8236","12411","10162","14976","12687","11504","5333","12604","6899","1543","11924","13647","8022","7549","13121","2004","15037","8614","6636","8833","5047","11883","4588","10564","10462","13371","10636","12827","13404","13934","9408","9348","11252","9463","8501","13827","12381","10218","12318","15003","14731","14371","14055","3954","11004","13599","9736","8508","14947"
"2.58_1576.23","2580","3646","2757","14744","9781","1392","3184","3712","3448","2023","5764","13508","2125","2661","5655","1055","11085","2842","141","2186","2613","5503","549","5124","3528","10043","2168","8215","4396","5358","3989","22247","8032","2759","2263","7855","4151","6030","7290","6497","9841","8832","5297","1751","7519","7319","4173","2344","8916"
"2.41_794.55","11689","12500","11082","15735","14343","8926","10715","12810","10136","8613","14593","17616","13638","11203","13531","7555","15471","10100","5055","10739","11125","13389","6370","12935","15023","14973","10835","12267","11827","14036","14042","20325","12776","12512","10449","15288","11104","12331","12825","14949","14432","15641","17833","11352","15040","17034","11288","10602","14500"
"1.34_734.50","23133","11884","16657","14422","14605","5589","10333","25155","22131","15127","9059","13897","5426","7411","10295","7372","13752","7487","4116","59494","19418","7532","10742","9930","6299","9867","8458","10036","11617","10818","7284","11081","10464","7144","5929","14401","7838","12099","7669","9211","10204","11221","6178","8193","11944","8300","8633","11332","9463"
"0.71_580.36","6722","2322","13997","5540","5500","3384","3771","9042","15225","12078","7711","5169","9514","4582","4861","2162","12230","6263","3296","11443","6435","23472","4587","12422","3940","13771","6613","9750","6711","10840","6401","29711","7044","4124","4874","14426","4891","10350","4963","5106","10598","12110","19105","4468","10983","5355","4010","3549","3667"
"1.98_383.33","98403","28738","66512","73163","16580","30896","55267","52292","64113","41668","61808","23995","24401","26434","41111","16496","21044","18271","22457","73565","60675","25046","71692","25603","24234","20175","31872","26461","33804","32798","28020","26390","35330","27905","26493","45430","24858","43861","39249","42499","31013","26520","35982","24322","36329","42269","45777","79410","50124"
"1.39_874.58","3004","3616","4852","4886","4167","2150","2996","5008","7277","2495","4595","8700","3682","2881","3639","1233","14298","3834","586","3026","3971","6501","2070","6715","2868","9177","3597","8161","5112","7910","3650","21502","6176","4131","2810","7679","4185","6296","4437","4351","4751","5694","9371","2711","7910","4139","3138","4921","5269"
"2.10_788.62","4314","1490","1112","2571","2090","55625","2966","3411","1980","1029","2278","1515","1310","1943","1314","2836","2778","1165","40670","1275","1018","1355","12376","1521","1225","1142","2089","1462","1484","1122","1190","1331","1694","1819","4257","1812","3344","1283","1816","1243","1687","1633","1657","1105","1835","3985","1526","1725","2274"
"0.84_688.42","12475","5366","18674","4948","7813","3363","4356","11431","9175","8223","6122","6478","5315","6844","8854","4529","14295","6476","2192","35898","7332","7420","4620","7117","7564","9613","4572","7340","6574","8399","5810","9487","6317","5516","4095","11586","5770","8327","7672","6496","7788","9910","9687","4345","10481","6524","4433","6775","6358"
"2.39_788.75","5599","8166","6952","9316","10751","4741","6087","11593","8392","2944","7407","9011","3613","7293","7434","2033","8044","6087","2257","6175","6742","8255","2850","9344","4910","7835","7870","9496","6526","8219","6690","11834","8158","7489","4809","6969","7300","8436","5812","7177","11362","9329","6067","3861","7165","6497","5602","4715","11189"
"0.92_524.37","27980","24130","20151","17673","22172","16581","11024","40684","15301","12069","11890","17087","11800","16553","12940","10013","19619","10207","15492","22621","12550","14406","14764","13700","12130","28173","12927","22825","20875","9632","17303","33480","26064","20298","17894","21970","19265","25780","20011","24159","21724","17948","9338","13878","20856","20855","17646","23189","26944"
"2.20_785.73","5248","5694","7794","9175","13720","0","7144","7305","4775","3029","8360","12285","4565","5322","9252","625","1564","4744","1253","1225","8567","12612","838","8115","1519","5780","5136","2538","1434","8260","7066","10295","3684","5491","1444","5985","2772","5716","3833","8880","8746","8292","11858","2042","6550","7134","4368","1531","9195"
"0.94_660.42","1892","2865","4033","3876","6086","2632","1936","3046","5976","2148","3710","5740","5333","1783","2729","1270","9166","3830","1202","2750","4347","6549","1278","4695","2377","5206","3663","4151","3845","10622","3193","11826","3964","3575","2572","5991","2360","3360","2326","3105","3996","3651","6526","2803","3833","3550","2603","2063","3556"
"1.83_825.65","6460","8362","6886","6138","7868","4446","3581","10409","5865","2590","9231","7153","5393","7475","6780","4257","10412","5014","3051","4211","2670","8132","2928","7999","10042","11569","6205","8093","6728","11263","8136","14504","8198","7499","7640","15785","6980","11240","10439","8276","8547","8727","10437","5378","11004","9864","8134","9095","12522"
"1.80_447.35","1323","1259","1072","906","1393","1340","1368","1545","1349","1398","2479","1376","1532","1361","2351","828","1078","1128","1546","1401","1388","1325","1272","1765","1132","1445","991","1386","1032","1441","1163","1152","1128","1363","1026","887","1567","1547","1491","1317","1450","1480","1394","1228","1315","1476","1263","1706","1424"
"3.12_782.70","3127","4623","3825","4926","7970","4398","2460","3706","3713","3502","2754","26114","13354","7679","5114","2200","25509","4730","3153","4141","2907","12065","2139","18773","2928","24892","6024","22970","7606","25257","5698","58380","10558","9394","4647","25698","5610","8931","4440","6595","11548","9841","14704","4346","37383","3787","1959","7176","9496"
"1.57_663.38","3898","4292","5985","4105","5374","6100","6449","5793","7750","7664","4544","4754","5497","3801","5165","2489","4026","3454","4073","4953","5822","7817","3776","5589","4368","4745","4632","3604","4770","4673","4028","5691","3919","3355","4107","4863","3436","3976","4632","4235","3983","4444","5083","10183","5347","4619","4605","4457","6234"
"3.01_960.82","2352","7645","3128","5755","10813","3532","1391","23884","10268","2507","2587","8249","6279","4223","6033","3533","10016","7371","2095","4679","3473","4223","1746","10388","3719","7163","5146","15755","6261","15660","6517","9315","12335","4757","4929","8721","3691","5887","8273","11010","2395","4083","10807","8456","4050","13215","2064","9453","8127"
"1.58_820.60","9854","11387","8951","9572","12901","7291","6322","21612","9996","5219","8816","13910","5170","10963","8999","5411","20918","8236","1718","11195","6817","10539","7624","13748","8950","17605","7691","20878","11967","10911","9450","23218","17273","14521","9315","19983","12178","18572","13061","11547","14551","16879","13751","5049","16415","12411","8568","15566","21838"
"1.40_872.57","1339","2525","2627","2446","2897","1329","1369","2594","3354","1246","3001","6090","4022","2383","3632","1139","12290","3201","524","1531","2093","5175","680","4307","2084","8187","4179","7525","3219","6679","3175","18059","5473","3628","2934","7038","2450","5398","4162","3345","5255","4505","6583","2377","7836","3063","1767","1989","3333"
"3.19_1350.13","3526","3120","3891","5729","8145","2586","1602","4845","3893","1858","1506","4829","4664","4648","2472","937","3703","1744","839","3719","2350","2830","776","2942","1530","5036","3278","3345","4106","6083","3596","5898","3540","3254","2937","6401","2986","7381","2623","4384","6927","3742","4180","2645","4172","2799","1930","4300","7120"
"1.45_848.57","3092","3862","3239","2847","4413","2624","2531","4562","3235","1978","3496","3021","2226","3809","2678","1792","3984","2420","407","4095","2648","3355","1930","3225","3802","4553","2673","3175","3167","3515","3163","3628","3771","4744","3258","5247","3664","3572","3364","2809","3669","4802","5145","1843","4829","3400","3128","4415","4749"
"2.71_814.73","2654","33446","2399","4696","10143","41211","1957","4805","2209","1613","5152","50396","35264","17106","12030","19071","27465","12252","18138","3207","2348","12808","2833","8471","20872","27758","23692","19308","10150","43329","22040","39800","24086","20456","28073","46933","8499","28354","21866","31630","50345","23681","26219","17661","20771","28411","3432","4294","20107"
"1.99_858.58","9812","13349","17552","21179","23123","7712","17597","10501","25532","14164","13428","10513","6988","7294","9511","7523","11165","11983","8954","6655","21939","15148","5749","14030","8860","10859","8112","7611","12937","10975","8714","17450","7178","6999","6678","6195","12223","8691","8098","10292","10591","9927","9988","8368","7464","5710","15455","8594","8123"
"0.19_107.05","5547","1075","16842","10420","1491","1614","7070","6648","8312","9110","8164","862","3263","4971","2895","671","3751","1081","5206","7243","4930","3155","3552","4863","1934","4060","3698","2943","6991","4378","3115","2365","3204","2576","7367","3789","255","1753","5025","1623","2351","2899","3528","1642","3688","6173","12670","4186","1584"
"1.52_839.56","4548","4381","4036","5707","4725","4701","2775","5842","6199","2141","4175","5522","4852","2888","4100","3030","6527","2663","1294","4724","3875","5906","3310","6759","4798","4912","3513","5078","4007","7260","2212","7164","6370","4929","2939","5818","4123","5089","5094","3253","4356","4440","4864","3840","3399","5674","4243","4405","4914"
"1.32_812.54","10831","20253","7189","12077","18029","11241","7262","20682","12733","4290","13388","20182","13192","10695","12379","8491","26692","8630","2805","8879","10207","10979","5477","18851","12116","21823","14714","15545","19263","19000","11545","27308","18667","18056","11458","29626","12104","15833","12305","10705","16292","17908","15802","11570","22296","17321","11178","15832","21427"
"2.09_859.65","23586","19682","28208","21151","21485","16976","17396","22633","21883","15659","17161","14258","13723","18266","16022","11998","14073","13225","17206","14151","15764","17078","16305","15042","19076","15468","12206","15551","16692","17779","14377","22233","12937","14765","15243","22185","18121","18161","16666","16247","16013","14850","12646","16137","17129","16170","15727","15600","15558"
"1.57_665.37","3196","2952","4104","2682","4147","4205","4252","4225","4950","5774","3261","3196","3900","2396","4056","1823","2840","2611","3037","3371","4399","4835","2808","4398","2749","3006","3244","2817","3014","3409","2900","3628","3192","2473","2547","3507","2439","2902","2903","3182","2734","3012","3384","7122","3445","3687","3139","3529","4592"
"2.15_760.71","15836","19452","21204","21398","22111","13866","19807","19147","19372","14674","19366","19472","15573","19220","19771","10962","17931","17596","7116","18077","19039","22040","8377","21383","20048","17850","19130","18041","17455","20251","21247","22932","21240","18787","18463","21949","18234","18765","16244","17835","17424","22263","19995","15491","18894","19293","19012","18043","22467"
"2.91_682.57","4761","10466","7208","9512","7901","9758","7497","8156","5408","4893","7555","9939","5065","6087","5692","4206","7068","4796","10526","3025","3986","7379","5738","6437","9141","8487","7104","6405","5964","9244","7622","15881","4812","8936","7549","12242","7779","6163","6673","8836","7017","6038","5198","4466","6386","10011","7299","11570","14304"
"3.09_766.67","8594","11925","14648","25069","32618","22172","6054","16022","18958","13123","12104","26653","22331","26713","20177","5820","27642","12263","10648","15612","20395","35105","12424","29199","8904","28049","18459","27978","21710","30974","23514","31508","24667","18240","13328","33508","14815","31646","14576","21554","27926","26832","28484","16554","27347","12827","10191","18291","29892"
"0.83_638.44","24084","13406","36718","11998","18281","9010","9994","23179","19268","14742","16963","17656","16746","21854","25731","14041","31734","16340","5414","49457","16150","20937","10822","16888","20174","20710","13341","19702","15304","23814","19036","23078","20571","16057","12791","33135","14087","22136","17874","19254","21844","27253","26327","13090","27884","17996","11696","16473","17813"
"3.33_976.85","1486","2575","1674","2236","3550","1518","684","3891","2570","1422","1594","8354","3761","1445","1897","1140","12534","4672","947","2832","2167","4428","743","7133","912","6272","4110","15675","3306","12786","1262","20797","7219","2388","1817","5581","2961","2697","4818","3912","1637","2485","6118","1488","4356","3014","1084","7228","2422"
"2.58_811.73","15470","18305","15432","29226","22582","15518","14781","19202","15604","8910","18988","18068","12408","17094","19617","6789","19970","11378","11217","7777","9928","25199","10550","17050","20838","23445","14143","16899","15651","23777","19716","38890","14899","16933","6747","26215","17339","20012","19092","18487","22508","18662","18667","12700","21213","23563","20013","15315","26041"
"2.20_1568.16","1908","2833","3821","18726","7530","1196","3720","3971","3250","1569","3518","5647","2443","1929","3634","879","1880","1675","875","2408","4026","5190","322","4378","2003","3086","3416","3230","2406","4165","3887","5355","3221","2682","1940","3110","2422","3523","2404","4775","3833","3964","6273","2211","3590","2646","3986","1506","4086"
"2.89_1136.80","4766","5531","4102","6711","4245","4739","2523","4023","4075","1916","4708","5210","3893","3497","5906","3348","4019","2997","5066","5198","3092","4999","4357","6668","3043","5529","4313","5172","3550","4640","4076","7601","4443","4388","3958","5691","4912","3805","4871","3408","4708","4355","4661","2890","4375","5333","3815","4582","6542"
"2.11_715.53","3763","3493","2048","3093","3114","4427","1488","4779","4006","2645","2403","3130","3780","3836","3649","2932","4152","2482","1689","3744","2877","4278","2873","3727","2839","3602","3745","4257","4564","4025","3240","3187","6202","4298","3878","4893","3510","6874","4837","5085","3862","4017","3827","3722","4302","4288","2281","5112","5436"
"1.86_845.67","805","1091","561","421","1872","903","593","906","542","322","698","12723","3323","1401","1076","410","17725","2929","241","539","300","4302","267","5701","1109","11185","2213","11993","1955","8151","1814","23923","3631","3668","2655","6514","3244","3679","2019","2485","5336","5807","9409","781","13363","1439","973","705","2407"
"2.90_1380.11","2999","4010","1727","6604","4827","4976","822","4834","2375","1332","1462","5005","3122","5546","3391","1385","4477","1494","671","2595","2416","4502","1252","5236","1270","3553","1795","4362","4971","6268","3425","5978","5093","4593","3702","7677","3236","7991","3839","7744","4914","4614","5470","2020","4464","3725","2409","7470","9773"
"0.65_666.40","3828","2746","4738","2382","4256","1709","2041","2762","6375","2224","2963","3796","5213","2693","3198","1700","9150","2832","787","3713","3769","6112","2461","4708","3375","7585","3567","4484","3710","7626","3555","12483","4366","4425","2772","6220","2924","5383","3466","3536","4203","5396","8708","3424","7504","4496","3174","3791","3404"
"3.28_264.27","7292","11072","7855","10608","9190","10517","6721","9766","6683","6228","8026","10617","7064","8038","8351","7659","9678","8294","11729","7629","6342","8891","6565","8588","9404","10072","10669","9418","11224","7581","8047","12818","8370","10510","9371","12299","9585","8534","9601","10583","8429","9880","8942","5728","8021","10564","7411","11646","15283"
"3.52_960.86","8575","22435","4670","10980","46538","9494","3153","62684","26965","4939","7914","19627","18496","10363","17396","13219","20791","21679","5910","14162","10754","13074","3408","24077","9555","9852","21592","32628","18642","32286","21443","32838","35269","10355","11874","19961","12493","16863","21313","24520","8225","10950","28309","14536","18974","43283","6056","21827","26799"
"3.44_958.84","14348","27084","18652","29184","95052","10789","6378","102302","53903","12053","10741","27579","25041","15712","17516","12570","33395","25236","6566","21598","16164","22884","5942","32952","13353","22167","25898","47326","20836","61678","34039","45502","30934","15926","17201","37292","16660","22346","26477","24139","13914","11399","35943","20513","19531","38487","9380","34606","34518"
"0.63_327.29","3936","3986","5291","4547","4115","4781","4680","5123","4957","4410","4011","3821","4596","3000","4137","2872","3592","2957","3757","5642","4652","5565","4755","4362","3410","3751","3715","3138","4020","3434","3007","5371","3052","3325","3168","4015","3636","3587","4028","3936","3293","3129","3720","6720","3927","4587","4315","4378","6166"
"3.31_709.62","6658","6783","2886","6431","6355","7316","2937","6784","5079","3254","3699","7456","8143","7305","5774","3648","6740","4528","3008","5154","4185","6252","4202","6360","5211","5059","4374","6082","8139","6825","6117","8783","7682","6788","6727","9310","7012","10157","7793","9916","6437","6475","8144","7433","7741","9893","5411","12147","11285"
"1.52_792.57","6102","4858","3990","3535","5371","3532","3261","5182","4104","2310","5950","26352","6580","4653","6746","2986","28549","4072","1261","5124","2581","9673","4191","14959","7147","18626","5136","17613","4185","18694","5389","43759","8877","8741","4526","14259","5294","7469","8257","5207","7935","8886","11492","4767","16393","8079","4821","4407","6561"
"3.19_765.83","5713","7214","7278","11401","12466","4886","523","9250","8085","2401","613","10162","8035","7683","3472","1179","8278","422","774","4855","4547","7873","582","6947","1381","10367","4424","2596","8043","11920","4739","10847","7100","4094","4341","13058","4630","11376","2498","8109","11212","6019","8457","5217","9916","3915","1383","8596","12437"
"2.90_1375.15","1864","2944","1181","4678","3402","3196","558","3588","1600","852","985","3258","2498","3138","1719","949","2918","644","759","1658","1904","2731","956","4562","943","2618","1302","3358","3239","5108","1666","4151","3600","3307","2192","5308","1978","5028","2268","4812","3183","2938","3265","1685","3507","2283","1238","4412","5780"
"2.10_802.63","6281","1454","823","4338","1099","91160","3408","3333","1037","915","1904","831","1100","2163","1063","3880","1012","630","61771","1341","929","921","18473","1182","1454","1156","974","1499","812","810","670","966","1281","1368","4450","1398","3342","799","1048","776","950","406","904","1060","1013","5059","756","1776","1409"
"3.58_974.88","7767","32326","6090","12740","61027","8650","3522","70268","39074","5269","10418","19026","17437","8733","16238","11573","22249","27274","6107","16593","9293","16936","3706","32670","8540","14058","22545","41118","24225","34467","27708","43744","44850","10199","14472","22307","12580","19386","26376","23675","7537","8878","28863","14585","17767","42188","6792","22922","23243"
"3.47_798.70","28939","20038","41024","71407","29392","23627","31962","23922","40702","34812","34304","42828","21454","17890","27521","19261","25595","17820","16464","42452","39040","31792","32924","31188","17006","53429","24368","19239","22471","29886","28851","34092","32410","26368","22732","44584","19803","19489","22801","31222","52500","44309","49489","22289","47507","20070","26813","38308","36873"
"3.55_1000.89","10076","21191","4138","8369","61225","4666","2003","62944","29084","4476","6119","10936","8373","4250","7130","6629","13229","12988","3212","8699","4663","6590","2611","15030","3862","4921","15116","16606","12248","16684","18850","11907","17072","7203","9737","11832","6267","9614","13972","9685","4926","4019","10983","5197","20258","16661","4830","15112","13003"
"1.96_1227.76","7087","6543","8328","9420","5839","6850","6103","5647","6040","4463","7928","5403","5218","5916","7196","3611","6376","4592","6275","7481","5145","6616","8401","7034","7325","7441","7097","6402","6126","6566","7519","9588","7414","7435","6921","8042","6093","5653","6425","6137","7261","6922","8600","4620","7804","7741","8837","8454","9689"
"3.25_931.78","3587","9238","3347","3155","32163","1954","1192","32768","15253","3223","2913","6115","6254","4996","4799","1648","7564","3842","1213","3815","3572","4999","838","10848","3639","2924","4371","14229","4044","6949","6564","12020","8941","3147","5240","8945","4264","5141","7506","4966","2443","2435","8779","2803","5670","6921","1794","7071","9974"
"2.53_1002.83","1540","2913","1295","2162","6421","1637","894","9333","5346","1068","1196","2636","2481","2118","2511","1667","4748","2840","978","1761","1353","2450","1148","4494","1760","2249","3587","6225","2559","5970","3417","4372","3853","2526","2361","4382","2264","3355","4082","3268","1467","1401","3227","2856","3309","5058","1650","3703","4707"
"2.16_759.37","7186","9567","8883","12147","14061","3778","8133","6243","9941","6060","8181","15128","6701","8052","8055","2840","6843","6929","1389","8077","7971","11672","1900","7838","8360","12782","9035","7928","4686","9314","10230","9966","6926","9575","4365","8978","7055","9173","7423","6408","13928","2954","8432","5572","13670","9087","6662","10186","9153"
"2.58_789.76","7878","11524","4009","12275","13840","2655","7147","11211","7240","3124","14195","18147","5632","8232","12422","644","14097","6924","695","5298","2445","10912","646","12805","7096","16282","7962","12536","11067","12962","8996","8775","12245","9412","1622","15137","8770","11477","11484","14932","13779","14608","12273","1921","13374","14403","10351","7699","16021"
"1.15_680.45","18963","12491","20214","13490","11657","7401","7937","18961","14774","9270","10617","17263","10171","13745","16121","9469","21320","11199","4738","20157","11659","12294","9751","13536","9484","13507","8262","13270","11803","13628","9126","15238","12963","9315","7673","18771","8814","14577","10804","15038","10841","12104","16494","8117","14084","14031","6208","9200","11279"
"1.20_844.53","1157","2362","2304","1744","3503","1454","1410","1745","2120","1279","2390","4734","3781","1800","2448","1360","8003","2691","692","1347","1582","4852","851","3227","3047","5002","3101","4498","2609","5551","3189","9836","4120","3690","2229","4493","1974","4659","3031","2010","3699","4807","7552","2059","5237","3131","1518","1701","2771"
"1.13_806.55","3174","1809","9980","6321","4279","5506","1734","9811","8082","2315","2573","15395","2851","4370","3202","1413","9966","3422","497","3407","2334","3676","2859","3764","4471","6528","3358","4866","3247","7102","3613","6693","5473","6002","3517","6543","8640","5011","4000","10615","22574","5983","8620","1707","22016","3712","2127","4826","7633"
"1.41_833.57","1538","3429","3258","3980","5411","2097","1760","3977","3812","1260","3942","11111","4499","3928","4294","1837","16068","4070","1017","2618","1828","6052","872","8642","3291","11393","4319","10138","4369","9552","3338","14446","8086","6511","3816","10473","3407","7238","4532","4524","7320","7453","11449","3271","13127","4242","1777","3429","6433"
"1.60_842.59","3625","3644","4623","4765","5991","2617","3417","5404","4956","2510","3269","4576","2575","2952","3366","1311","6155","2041","1101","2766","3958","4643","3615","4310","3849","5660","3002","4881","3480","4484","2666","8519","4373","5126","2646","4901","3260","4229","3691","4755","3502","4467","6154","3112","4069","2775","4518","3116","4828"
"2.31_770.61","14220","13352","21627","37579","24300","12731","20899","19917","19582","17891","19101","20425","13740","21495","18695","8151","13697","11145","9813","22660","13515","22863","9869","25164","17705","17553","22983","13248","15757","19162","17980","25186","17550","16728","12652","19720","15156","16906","18531","12877","37864","28117","17744","10139","21275","11116","21441","14415","27919"
"3.19_684.61","3223","4788","3564","3671","5288","6106","3447","4930","4330","2319","2819","5517","4101","2775","2892","2586","5711","4748","3422","1724","2096","4156","2740","3932","6660","4640","4189","6087","2648","4812","6119","10273","3469","4551","3700","6132","4165","4972","3535","3773","4127","4621","6804","3369","3234","7381","3247","5660","6833"
"3.35_977.85","1026","2940","1334","1774","7554","1729","456","6881","2461","1148","1639","5968","2455","1349","1858","1331","8065","2935","1072","2991","1539","2871","616","5215","1205","4391","3685","9604","3016","8091","1626","14209","4464","1565","1746","4214","1893","1667","3290","3068","1455","1695","2925","1657","3872","4105","1648","4743","2877"
"1.40_848.56","1684","2704","1645","1716","2327","1631","1027","2712","2366","1201","1984","15609","3591","2012","2316","1154","15690","3519","888","1901","1262","3385","1059","5317","2437","11182","2164","8828","2725","8431","2074","17726","4349","3516","2634","7517","2471","4617","3012","3229","4631","4555","8380","1255","12671","3135","1702","1942","2954"
"1.58_818.65","3909","4479","3385","3861","4809","4113","2106","9452","3951","2381","3946","5959","2323","4509","3833","1966","10100","2757","762","4031","2752","4082","2854","5905","3836","8727","3371","8602","4376","4783","3531","10044","7507","5582","3581","8923","4996","7673","4882","4684","6145","6919","5840","1797","8039","5107","3180","6486","9350"
"2.88_520.51","1010","5301","779","2527","3894","3288","952","1117","1506","720","4081","6374","6737","5879","4211","3155","15433","4349","2690","802","840","5977","633","6281","6247","17060","7532","7445","5001","10357","5742","17300","6603","6696","5694","15794","2155","6995","5587","6052","13324","11572","9016","3977","8257","4782","2449","1387","4214"
"2.38_1522.16","26377","30351","24856","71654","55964","14916","19769","35271","24960","14266","46207","75553","31095","26164","45415","9080","70711","21786","4791","21375","21504","45290","6475","38098","46980","54249","23409","33173","24799","45123","46212","122163","35792","28801","19531","47592","27132","30802","39064","47271","54531","56723","71985","23922","49496","58330","32071","20213","53166"
"1.84_800.58","55084","77022","67462","75447","96108","46620","39366","110860","71320","30106","66927","98666","46111","66188","68674","39209","134885","58249","10828","73049","46081","74454","28073","88225","58390","118965","65264","100835","79921","109590","70316","143555","104152","78419","55307","117780","68582","97577","77916","76267","106290","107205","88394","44708","101584","75517","50045","67199","121077"
"1.68_792.57","761","1001","1066","821","2328","686","486","398","590","1054","947","31720","6165","1813","786","460","30275","5868","524","677","677","7744","535","6291","1072","18193","1930","19545","2699","11227","2544","38510","5006","5051","3330","9123","3943","3937","2264","4306","8575","7643","15409","857","30549","1445","816","965","2854"
"2.13_896.59","2504","3913","3541","4380","2712","3860","3469","3760","2686","1641","3335","3642","2922","2896","2872","2106","3210","1503","2325","2510","4051","2508","2598","2631","3338","3384","4320","3485","3428","3682","3700","5115","2326","3794","2534","4629","2837","3131","3109","3704","2686","3585","5462","2086","4844","4470","4062","3174","5442"
"1.32_872.56","3589","4457","4630","4226","5702","3954","3960","4819","6952","2984","5115","10806","6310","3515","5113","2502","12826","4510","1061","3283","4232","8839","2769","9102","3632","8746","5915","7458","5705","10403","3916","19120","7306","5278","3378","8775","3929","7966","5598","4347","6287","6066","8822","4659","7707","5133","3455","3609","5052"
"1.70_776.58","13473","15840","9799","10945","26431","7599","6678","17317","14859","5545","14137","24844","17623","11120","16675","7826","37985","11416","2851","16449","8810","15458","5247","15979","17942","27044","12973","16063","15399","27299","20443","36137","17812","14495","10856","31613","9978","17126","17486","19579","17971","23280","34999","12808","26759","24382","14666","11479","17954"
"2.92_704.58","19548","17641","14181","19475","16814","15309","11695","22776","14734","11484","14186","11187","13944","19584","11090","6118","12289","5162","7388","4707","9239","18603","6882","18404","12341","13117","4449","10770","16784","5424","15910","20806","20813","6075","15165","21842","18725","15806","6116","19268","12776","11672","13271","11169","18800","12243","13689","35116","31395"
"1.97_599.50","9330","10582","7742","11036","4100","25547","6104","5291","8039","4692","8124","3030","3189","6506","4660","5348","2292","2144","19274","7084","6343","3122","15579","3591","5157","2492","4912","3515","7308","3291","3476","3730","3308","6396","6206","2794","11212","4307","4258","6115","2704","3063","2737","3675","2924","6368","20687","10391","14262"
"3.03_931.77","3638","4388","4679","5339","36505","2073","1447","26258","17172","2412","2082","3489","3317","2640","2962","2107","7796","3845","1734","3430","2127","3877","1397","6287","2518","3376","4119","8480","4494","8429","7207","5628","5541","3516","4021","7535","3721","4489","9157","3744","2251","2303","4706","2681","4358","5300","1789","7971","7471"
"1.60_756.55","10418","10854","16412","10784","30730","5715","8192","15811","12096","7008","6220","17975","9838","9210","11382","4342","15239","8391","2084","15596","8203","13508","5155","14348","9737","16112","11404","11540","9823","21816","15480","23416","13253","13230","9028","22485","8777","11676","7731","9475","16103","13934","14344","12076","16025","8705","9547","10215","13219"
"1.33_820.57","1200","7788","1840","1885","2638","4804","1074","3280","2393","714","3794","20492","10272","4961","7098","5544","29536","4988","1693","2671","2432","5485","1572","6769","11035","18009","9185","10743","5005","16834","7512","16920","11824","10494","6942","33239","3298","10035","6606","6910","14446","11680","18952","4044","16309","11902","1532","1542","4876"
"2.84_663.57","15880","8201","10855","19874","17480","7654","7087","20099","13220","8602","7913","8129","6529","11240","9639","4161","7608","5047","2218","13748","9902","9689","9081","10329","4700","5684","4946","9620","12739","9110","7040","10401","10614","9637","8395","11983","10027","13168","9381","10059","7186","8638","9512","5152","10972","7643","12138","19307","18851"
"3.19_751.82","2859","1837","3346","5245","6896","0","319","7280","1810","133","732","4420","6461","4274","1432","553","3117","425","851","684","308","3193","667","1745","251","7544","244","2810","3255","7304","328","7682","1810","2896","2989","10131","2262","7506","451","4562","6407","2867","7234","1331","4795","1261","267","3872","8189"
"4.11_577.57","978","2145","1077","2194","7845","722","511","8818","6526","1058","1137","3549","2507","624","1603","1181","3292","2588","682","3292","3326","1998","194","3555","753","1939","3276","3877","1796","4513","2407","5201","4316","1083","828","2224","938","1407","1350","2565","1305","1986","7169","1552","1623","3572","581","1704","1956"
"2.60_757.60","2503","3641","1726","2151","2884","3696","2179","2697","1716","1268","1336","3738","4127","3042","2112","1923","2633","2040","1884","2034","1244","2830","1440","2030","2148","3569","3506","2564","2823","4677","3015","4192","2887","2995","3179","5545","2631","4279","2706","3743","4488","2868","3133","3033","3553","3954","1787","3188","4771"
"2.53_721.57","7940","15559","5315","6439","10334","11766","5005","9737","4923","3186","3986","14058","13973","10714","11194","8169","10926","8608","7109","6193","4033","8740","3294","7523","9003","10039","9893","9077","10376","19849","11695","16412","11389","11389","11863","19486","8412","14677","9119","14050","18652","9709","11920","12515","10646","12905","5543","11990","17750"
"3.57_986.87","7824","15548","3114","5796","43561","3138","1755","43974","20970","2930","4591","8076","6005","4017","5606","4444","9829","8567","2848","7430","3746","4820","2039","11002","2884","4487","11733","11890","9610","12104","12811","8667","12838","5275","6820","7344","5477","6861","10310","6783","3880","3562","7128","4112","12827","10867","3657","11342","9760"
"1.86_776.58","16884","18872","10410","12041","18222","10898","6726","19734","12263","6551","18675","28931","20508","18306","22503","10373","56745","14803","4672","16593","9639","19031","6520","24211","24941","41021","14853","23851","18534","29132","22934","49924","24312","21326","15130","40948","15728","23555","27799","26886","26966","37663","48294","15243","35654","36514","15993","17803","22748"
"1.58_843.66","3571","5496","4392","2983","3912","3195","2042","6290","2966","1316","3561","3592","2682","3942","3687","1681","6828","3113","1781","1719","1261","3543","1908","3591","6171","5526","3236","3875","3449","4873","3870","8167","3971","4742","4913","8895","3070","7325","4931","4967","3917","4559","4681","2083","4724","6240","4281","5400","6640"
"3.37_974.87","12230","21256","17726","25218","67821","7899","7052","66784","42282","11389","9173","20977","19322","11411","12958","10506","23910","17733","4902","20725","14168","15440","5783","22597","10664","19671","21886","26535","15936","40420","28684","32226","20919","13499","15679","30585","13461","16450","19288","16207","14785","9576","32166","18080","16411","26955","9888","26455","25387"
"2.86_849.64","5987","5906","5163","7562","5900","6194","5289","6311","5486","3698","6095","6771","5698","5530","6907","3662","6268","4910","4506","4052","4265","6168","4098","5775","6874","6856","5434","5921","5376","7018","7092","10630","5516","6503","5456","7151","5340","7089","6093","5785","6734","6968","6816","5729","6488","7546","6123","5589","7348"
"0.88_660.42","2542","3275","3950","1714","5190","1372","1819","2939","4145","1896","2093","2090","3234","2369","2555","1490","4267","2604","850","3150","2977","3947","1173","1798","2659","3400","3026","3072","1706","6063","3529","7041","3185","2798","1922","4671","2137","3139","2107","2946","3640","3014","4309","3074","2439","2394","2839","1678","2378"
"3.19_369.35","47852","48032","60840","83023","107942","40844","29540","68622","64439","43704","26403","71802","61502","52232","42031","24766","63850","33195","18859","49930","41651","69217","23627","56727","28667","73522","44225","53824","62537","88660","55895","92072","55963","48445","49480","98355","50725","83119","47919","57169","86140","67291","68738","47696","67341","40493","30519","64488","93325"
"3.40_709.62","6286","6094","3236","5836","4319","6704","2802","5199","3947","3133","4026","5904","6536","6396","4487","3606","6167","4312","2933","4078","3389","5158","3543","6034","3978","4782","4272","5989","6794","6404","5320","9532","6587","5633","5923","9509","5389","8058","5559","8539","7704","6481","6581","4811","8196","6369","4518","9010","9559"
"2.59_811.60","16278","18918","13647","30094","26110","10864","15180","21843","16196","10922","22205","31959","16808","17519","21076","10283","27529","15412","6934","15348","15436","19605","7778","21822","15204","28028","15396","21978","19162","21241","18168","35754","22740","17309","12987","23304","16843","20597","21581","23419","24881","24529","21994","13686","22679","22810","19038","16023","26242"
"1.53_822.55","9870","7728","7290","7427","9652","6532","5834","9603","6761","6219","5935","6430","7457","9069","7985","9236","11199","5924","3696","8997","5602","12133","6735","11244","8890","8421","9045","8842","7591","11883","5671","9933","10718","10467","7359","14809","8972","12211","8930","5988","10542","10757","7995","9855","7236","7474","8235","7382","8239"
"3.01_989.85","4204","5762","6264","7408","24018","2757","2323","26154","17093","5157","2663","5437","5063","4930","4717","2773","8336","6413","2521","4077","3606","4571","2179","7569","3163","5187","6000","10253","5511","13202","8464","8509","6685","5060","5473","10220","4700","6717","8835","5809","3883","3412","7095","5449","5819","8771","4022","9470","8008"
"2.33_1469.13","6264","6703","6344","8328","8726","3372","2773","6298","3917","2516","5893","6756","4912","4463","6112","1825","8204","3284","1968","3985","2654","5690","1864","4811","7449","7198","4738","5372","4984","7383","7061","12804","4818","4521","5231","6610","5594","5508","5646","5240","7267","6736","6586","3486","7254","6772","5497","4635","10061"
"1.53_843.66","12253","6037","7496","5974","6358","5245","4268","13281","6546","2336","7306","4107","4433","5844","5622","3026","6260","2689","1950","5035","2377","5843","5714","7613","8867","7137","4302","5282","5726","6328","3799","9673","6579","8317","5334","12678","5615","11135","8250","4472","4620","6009","6497","3490","6298","8265","9501","10922","10738"
"3.65_822.77","34232","111849","36834","73601","93525","132859","45587","72681","74243","44146","98200","133262","201170","185912","305184","113033","210116","190861","124878","43696","63018","286094","54450","370866","135984","181045","301365","372023","268494","262631","161906","361694","421224","262295","203575","339795","207639","408855","367987","281839","195818","178694","216243","209446","376092","346391","86983","110953","297551"
"1.21_804.54","1760","3001","3047","2868","3572","2171","2056","3938","3988","2200","5402","5041","4683","4526","5778","2186","10087","3817","1038","4240","2167","5465","1763","6336","4981","8738","4479","6354","4044","6522","4324","8002","7642","4824","3864","8473","3380","6017","5361","4399","5412","7783","11195","2750","8216","4380","1965","4493","6821"
"2.58_763.66","7032","5985","6338","11495","4539","3535","3627","7382","5630","2823","6592","4849","5680","4714","8351","2452","3216","3653","2469","3189","3424","5266","3053","8260","6600","9323","5882","7492","6748","8686","4823","10872","6479","6401","5896","8313","7164","7150","6766","7399","6524","6401","5596","3692","6534","5450","6447","6754","7117"
"0.18_184.07","7604","452","3744","2708","366","269","5915","4918","4321","3136","2133","259","198","266","370","344","316","103","269","9532","2707","418","1360","379","261","442","470","422","391","380","437","361","459","294","244","285","449","414","293","418","382","278","581","293","398","454","3373","2898","791"
"2.53_800.71","18925","45946","12374","19858","25505","39810","18575","19765","11286","8809","13759","48429","48397","40291","30706","28178","26428","28642","24705","13982","8395","24794","8229","21537","33589","35493","35114","25685","33681","54866","36940","47598","32037","38641","42828","54345","31370","48498","31154","42657","61508","31479","31694","38701","32891","37502","22166","33680","52280"
"1.82_809.57","3081","1434","3247","9929","6250","7284","9055","3488","11208","2143","1629","2976","992","12971","9065","2953","16493","3302","1738","8143","1805","2799","959","10289","13408","1754","1562","11722","11834","10898","2620","18937","3316","2814","3313","14728","3954","5433","11883","10429","4621","2586","8545","1549","9821","8203","1889","3856","3297"
"2.05_806.63","4065","3048","6844","13500","7585","5804","5770","6652","10520","11292","6907","4061","8953","4318","4872","2864","2163","5176","6105","7242","4068","27798","3433","9447","3520","6891","6566","6562","6730","7413","7448","18959","6531","3693","6216","10832","5605","8303","4951","4035","15254","10837","10151","7117","7651","7345","5768","4324","4494"
"0.94_704.45","3133","2733","5504","4511","4486","2488","2413","3942","4697","2459","8751","7394","6375","5032","9375","2219","7971","8119","1467","3756","3609","13298","1417","8571","4701","8905","9551","10601","6101","10039","4481","8546","13252","6398","4665","11793","5966","11505","6898","6288","9799","8588","17692","4733","18340","5732","2016","2644","8648"
"1.05_314.34","2871","2016","1527","6893","1830","3278","132087","36511","79129","2600","23639","1657","2599","79207","12464","8911","1497","55978","2149","8292","9258","19510","22604","1396","40934","22630","25039","1268","7058","9162","15143","3529","1996","1087","1375","1338","11363","1226","1980","966","1234","1385","1955","1560","7662","1123","1704","7727","67942"
"1.52_836.54","8519","5882","5806","7868","7548","6024","4651","8337","8748","2870","9035","7384","6421","5720","7566","3842","11803","3916","1787","5339","4897","9236","5543","11042","8838","8226","7942","8078","5122","10401","3787","10701","12271","9448","4149","10698","7097","10754","8430","4623","8885","7833","7769","5777","6104","7957","9732","6841","8001"
"2.12_367.34","10546","10913","6412","10059","7945","11818","5904","11499","6409","4958","5652","8417","8915","9806","8886","5552","8508","6282","3860","8813","5719","7166","7883","7680","6507","8515","5947","9998","10242","10003","7546","9790","9357","8811","9515","12195","9785","12433","9956","11394","7329","7282","9400","7243","10555","9436","7776","19314","17845"
"0.72_720.44","2301","2313","2886","1561","3206","1801","1149","4242","2445","2024","2928","3736","3614","3840","3916","1942","8506","3099","762","2840","1358","5914","911","4576","4089","9935","3549","6926","4209","5635","3990","9375","6857","6730","3712","10071","4678","7712","4388","3889","7899","8297","8302","3356","11365","4183","2006","3600","4272"
"3.14_911.73","2738","3235","3237","5394","16397","2549","960","22107","7387","2090","1966","4810","4913","3598","3725","2997","7585","5488","1122","3766","3638","4080","1256","4590","1743","4282","5263","7756","2741","13117","4764","9200","4648","4046","3824","5052","2706","4780","5397","4348","2044","1909","6974","4572","3090","5152","3109","7653","7905"
"1.17_834.58","3456","4901","1857","1960","5256","3228","1522","3810","2481","1010","2597","5934","3964","3849","3510","3920","6257","4328","692","3822","1651","3956","1631","4648","3653","4321","4020","4626","2955","7418","6763","5762","4976","4966","4084","7225","2594","4824","3010","5093","6440","4991","5319","4700","5884","3687","3284","2793","3771"
"2.40_536.50","4115","5439","2594","5572","3383","5959","2889","3457","2526","1609","3939","3950","2621","3112","3234","1995","3100","2152","6116","2330","1979","2888","3224","3393","4081","3548","3408","3376","7379","3470","2863","5545","3528","4893","3281","3974","5688","3017","3397","5493","3806","4237","3433","2013","4165","5064","3910","7506","6270"
"2.15_759.31","5406","7160","9721","12158","12428","6301","5246","8640","10027","4519","7995","9049","6527","7419","6536","2480","8356","6025","1536","6032","7119","8663","1636","8872","10108","8815","5346","8146","5847","10294","9727","11457","7571","8233","6124","8544","7281","7721","3452","6860","10396","9560","8232","6937","10670","8696","7289","4592","8948"
"3.17_832.67","14895","16475","20332","23284","13808","20193","11509","7247","15261","31246","11748","20328","22648","18120","14548","11952","31103","17025","14390","13779","19747","31198","13280","26428","10078","23793","17099","18390","24501","22858","18075","31770","19204","19717","18486","31950","26541","23666","20295","22417","25299","38543","21046","22345","22674","10458","14225","16212","22052"
"3.65_721.65","2648","6349","2192","4141","5978","6586","2471","4764","5282","2386","5187","7742","12245","10550","18443","5885","12025","10574","6910","2349","3815","18870","2719","25915","6990","10589","16264","27056","15190","16181","9388","24968","29816","15396","10748","22237","11829","27602","23762","17863","10974","10753","13648","10822","24259","20214","4164","7298","17656"
"0.79_652.42","20131","11324","30323","15183","12515","6569","9316","16821","17038","10977","12807","19329","18270","16053","20521","9452","32543","14804","4512","22045","15384","21132","8724","21209","19579","20669","12883","19975","15203","24846","15260","21719","19681","13005","10618","24457","11538","19277","16899","22654","15755","24469","40461","11775","25529","18963","7780","11801","13179"
"3.02_988.85","6319","10513","9603","13586","33964","5038","3317","42160","30352","6028","4994","8036","9769","7154","6430","4242","14771","8568","4036","6830","5897","7320","3355","12360","4344","9466","10001","17487","9226","20813","13385","14446","11979","7052","8254","18050","6703","10851","15265","10766","4273","4495","12719","8342","7866","12545","4307","15900","13672"
"1.31_820.53","2750","3777","3886","3047","3650","2467","1950","3102","3644","2547","6111","13411","6831","4671","6402","2516","15194","5411","1115","3864","2145","10345","1419","10262","4903","12655","7261","11174","5338","12170","3468","13279","12893","7325","4885","13176","5346","9601","6391","4487","8655","9947","14144","2637","8544","5161","1835","2932","6628"
"0.21_146.06","2595","3929","2316","4653","3401","5163","5404","6988","6680","5684","5271","2843","5672","7123","5343","5359","3152","2991","23026","3435","5292","10509","2215","3179","3084","4507","5012","3486","3038","3339","8157","3998","7683","6563","6660","4816","5482","6437","5403","7089","6987","6262","8233","4378","5490","5740","4113","5139","7803"
"1.41_876.60","1640","2578","2205","1295","2574","1791","1799","2952","2000","1164","1871","6079","3658","2715","2832","1027","7870","3011","659","1744","2012","4303","1062","3904","2210","5610","2773","7080","2606","4368","2532","10274","4500","2471","1535","5149","2205","4902","3604","3129","3629","2938","4941","2424","6067","3243","1825","2868","3284"
"1.41_791.62","5519","5227","4932","4635","6992","2962","1973","12470","4474","1719","7103","6624","4244","6518","6354","2673","12890","3706","682","7460","2234","5768","2257","8169","6757","13375","2231","8957","7079","8901","5619","12471","9257","11890","5776","14476","5869","9851","6630","6666","8308","12013","15293","2085","15084","8027","4514","10253","14465"
"1.53_874.58","2094","1643","2599","2377","2405","2418","1875","2777","2994","948","2201","7001","2459","1999","1824","1359","9052","1699","784","1330","1718","3929","1451","3735","2007","4467","2197","4688","1974","5731","1091","16634","3303","3109","1311","3487","1976","2968","2317","1985","2706","2817","2979","1591","4036","2099","1894","1543","1951"
"1.31_888.56","2545","2921","3571","3093","4581","3298","2725","3310","4871","1800","4486","8834","5549","2987","4798","2135","12717","4413","1505","2007","2732","8576","1962","8039","3352","7809","6030","7803","4752","8555","3513","15917","7481","4516","2857","7240","4011","7185","4741","3046","5561","5379","7528","4094","6464","4522","2166","2896","4560"
"2.85_725.62","25955","18018","19231","34000","25902","17638","16573","29053","20322","16067","17791","17627","16208","23836","19833","11151","17513","12141","5671","21955","19192","19166","16643","22046","12311","14802","12069","17510","25385","17894","14426","21716","19797","21326","19167","24523","24081","27505","20672","21309","17334","20346","19085","11238","23577","15749","24295","36390","37237"
"2.95_1136.80","4422","7988","2666","3409","2500","2447","2371","5425","2098","2554","3399","3884","2775","3412","5504","3076","4115","2455","3589","4484","5979","4121","4095","6790","4321","5140","4272","3927","2303","8611","1926","7502","4173","2930","2793","3418","3997","2381","2695","3252","4912","2340","1951","3020","6362","5212","4886","4248","5769"
"1.33_876.60","3282","6105","3046","3096","4415","3379","2016","3748","4562","1439","2721","7618","4809","3936","5015","2289","8274","4648","1304","2055","2667","6005","1719","5689","3501","5476","5435","5716","5394","7475","3740","13316","6202","4279","3105","7723","4051","6399","4431","4319","4681","4212","5944","3858","7931","5739","3244","3422","5119"
"3.33_911.73","534","1130","580","811","3232","664","342","2804","1774","830","589","3276","1896","1062","1332","595","4606","1407","326","501","843","2119","535","3943","547","2996","1397","5615","1069","6258","1341","9263","3297","703","886","2491","1073","1061","827","1783","1012","1277","3619","712","2179","1914","272","1158","1675"
"3.21_764.83","6057","3812","5225","7591","535","364","1626","10232","3613","522","399","9274","5670","10704","8762","699","3077","294","431","5053","2792","3853","646","3037","1658","4288","5235","6644","8580","6822","8707","3489","5777","2329","3741","2694","2658","11386","427","7174","0","3176","11075","10731","14899","824","555","5772","3335"
"2.15_760.42","3198","4108","5719","8504","7990","3681","2874","7230","4005","2998","2443","5642","3106","4066","4016","2608","3563","2748","408","2816","3391","3156","1467","4267","3769","3606","4491","4293","4463","6010","3668","7451","3814","5180","2897","5582","2930","603","2877","2887","8296","4637","4278","2395","4582","1325","2015","2537","6462"
"3.54_917.79","5862","11360","2664","5072","30304","3451","1540","33196","16044","2532","3621","7268","6510","3155","5838","5427","9468","9534","2255","5180","3741","5278","1559","10074","3467","3873","7993","12188","7275","12252","10821","12025","14723","4823","5599","7949","4757","7175","9826","8583","4073","3270","10507","5959","10061","14475","3293","9277","10284"
"3.19_906.77","6619","13002","6245","11903","50993","5779","3197","65741","23508","4756","5520","12591","12370","7495","8638","5646","14956","11501","2983","12156","6167","9830","3078","16871","6080","9337","10497","27653","11231","30423","15442","25346","15450","6970","8653","20667","9389","10442","15125","13316","5897","6971","19690","8252","11384","20184","4870","21364","21240"
"3.20_931.77","5410","9261","2964","5700","30934","4165","1394","33355","15939","3041","4528","7016","5530","4704","4898","3824","11777","7592","2611","4741","4095","4736","2352","10999","2969","4944","6433","13748","6630","11498","11345","11760","8743","5442","5115","9642","4393","6061","10380","7140","3459","2334","9097","4966","9284","10205","2918","10168","9725"
"2.49_367.34","7502","8112","5466","7293","9518","7559","4546","8822","6003","3590","3776","6851","7225","6783","6806","3812","5983","4273","2560","6034","3775","5092","3100","6683","4890","6290","4722","6004","7862","10094","6440","9275","6699","7447","7484","11194","7384","9375","7335","7198","7605","5463","7224","6062","7796","8250","5850","12418","11998"
"3.15_767.71","30186","29741","39404","46156","39479","25646","32776","29883","35779","29563","23210","34866","33072","31653","31091","22035","25967","20028","13285","40764","30584","31371","18554","22765","22811","40222","32397","17749","31684","33826","32802","25398","24513","34048","27865","38191","27094","36506","22041","25798","48130","33225","36885","32930","28200","23960","27352","29093","34024"
"4.11_577.52","16133","48241","26031","51376","165292","15471","7487","157165","117060","21805","23567","73321","47846","16143","32872","21872","74901","60029","10033","69965","68411","47305","5846","72228","17253","39969","71454","83633","39099","95397","57611","111544","95323","16186","19211","48732","19006","29353","30833","51931","30265","47632","130383","31661","32154","72514","11243","36707","42795"
"2.22_743.54","3861","6198","6440","27007","3315","5073","7027","2170","3773","5065","8713","7991","2779","5708","6291","3170","5135","3722","6032","2967","6481","5773","4490","5230","4235","5736","5616","4038","3204","4611","4592","6055","3206","3989","3902","3280","2287","3614","3468","4207","5163","5473","4538","3707","2885","5796","4432","2570","6803"
"2.12_797.69","13359","16327","6341","9151","8990","17467","6333","16713","8266","5916","8352","12208","13772","17292","11416","10752","9776","9881","7272","11160","7335","8154","10617","11700","9559","9902","9832","13497","18888","12273","10833","7669","16172","15317","17538","17619","16845","22032","15685","20584","10290","9591","12617","10271","15827","17410","10847","31502","24883"
"3.01_946.81","2564","5565","3124","4269","9178","2557","1102","15965","8160","2599","2185","4782","4249","3149","4165","2426","6087","3978","1681","3482","2388","3048","1388","8118","3302","4641","4116","9745","4316","10151","5515","6721","7357","3207","2957","7360","2649","4282","6458","5850","2004","2815","6154","5213","2945","8398","1559","6495","7758"
"3.18_976.85","6918","10600","6688","9897","25688","6424","3641","32681","15217","4861","5309","10042","9069","7330","8241","7296","12590","11006","3362","9255","5839","7797","4426","11749","5872","8088","9382","20586","8490","15555","12010","15759","12069","6550","7101","12197","8123","8093","12061","10682","4180","5288","13022","7273","9548","16359","4572","16513","13847"
"2.33_732.67","7497","9241","11745","15502","6534","1273","3190","9176","9143","8559","9228","6342","10433","10394","11119","3694","11843","5659","7005","10257","7410","9821","6536","6666","8823","8779","6924","9047","9800","10392","7531","22246","7619","4604","4320","11664","10291","9749","10461","5938","9919","9458","4654","8422","12710","8490","6521","8332","4905"
"3.39_871.74","6494","11929","8089","13959","58497","4658","2627","62116","28392","5079","4675","12380","11205","6860","7887","5755","16370","10600","3089","9577","7190","11153","3353","16093","5507","10341","11470","22267","10154","31872","15406","25869","14478","6553","6824","18519","7587","9825","11745","11360","6351","5772","18013","8986","8958","17315","3610","17357","17202"
"3.17_962.84","3148","7351","2892","5131","12521","3628","1141","23692","12454","3077","2685","7215","6421","3515","6255","2463","12055","7794","2236","6376","5818","4263","2282","9784","3464","7648","6909","16534","6996","14125","4961","10120","11286","5383","4204","8533","5755","4562","9901","10347","2322","3049","14657","3140","3187","15896","3585","13485","9129"
"1.31_890.57","2815","3727","3295","2925","3555","3066","2468","3718","5050","1999","3268","7479","5104","2675","4036","1700","10927","3581","1170","2302","2783","7452","2223","6394","2901","6475","3777","7009","3771","7422","2595","15057","6008","3690","3023","6976","3312","6614","4304","3249","4466","4470","6753","3461","5979","4309","2799","3581","4319"
"1.99_835.65","7859","9281","9438","10931","11986","6360","8239","12797","9469","8831","8515","7899","3349","8890","8497","6878","11332","7471","5387","9545","10127","6192","5163","10149","7420","9947","7494","10919","11583","10029","7362","9178","8196","8270","5310","11463","10234","10414","9503","11264","9332","9610","5216","6541","8344","6866","6058","7704","8000"
"1.14_848.56","1721","2259","2768","2291","2676","1485","1431","2777","2220","916","1743","5060","3014","2223","2537","1250","6930","2683","456","1640","1542","4606","1163","3911","2880","3853","2805","4874","3262","4763","2333","9815","3895","2901","2489","4252","2401","3418","2991","2952","2527","3449","6140","2295","3793","2786","1388","2800","3052"
"3.00_293.21","2345","2932","2073","4825","4356","3002","1081","4380","2802","2032","1628","3327","2826","3221","2952","1643","3836","1931","1256","2527","2600","3505","2511","3901","1978","3209","2369","4423","3083","3935","2946","4534","3675","2627","3018","4457","2513","4836","3330","3928","3188","3303","3301","2570","3384","2753","2237","4477","6070"
"2.07_166.06","6472","5716","6409","8192","6393","4535","4284","5344","5059","3840","6127","5664","4517","6474","5353","4017","6968","4436","4360","5451","4372","7380","4937","5627","6394","6064","4355","5532","6568","6155","5336","10068","6365","5357","4687","7717","6035","5138","5911","5876","8438","7407","7157","3717","6563","6169","6514","5251","7319"
"0.18_140.08","4187","147","2115","1566","73","130","2971","2611","2437","1559","1411","50","144","62","62","85","98","34","109","5290","1416","0","1050","111","0","110","44","45","150","125","38","97","39","122","43","35","100","137","57","97","59","122","187","53","226","295","1965","1312","472"
"1.43_788.60","1565","4827","4366","5458","6483","2742","1705","7978","4487","2378","10121","6388","3964","7039","5689","2095","16036","4213","902","3211","2138","6679","1034","9060","8279","15891","5625","10774","6129","9965","6382","13281","10815","10761","5438","16200","4024","11746","7661","6514","10192","16167","16516","2593","12557","7730","2794","6841","12705"
"1.99_824.58","5470","6208","6965","7998","10378","5725","4711","8110","10145","3449","5975","6090","5883","4551","5706","2452","7401","5175","3358","5001","7659","9774","4071","8482","4878","6727","6688","7212","7730","8509","6674","11374","6804","5220","4378","8415","5189","6748","5815","6278","6999","6375","7205","5096","5791","4971","6788","4692","7807"
"3.20_932.78","5916","7734","3243","5250","42482","2590","1460","36549","15988","2570","4907","5463","5265","3792","4285","3229","9379","6152","2197","4238","3114","4979","1245","7320","3117","4821","7376","12686","5851","9162","11368","9245","8443","4480","5627","7267","4200","5813","11256","5221","2898","2741","6419","4197","7957","6867","3175","10540","10347"
"2.33_735.71","11119","12124","10595","13974","13538","5399","4452","11224","8713","3885","10964","11518","9089","9428","11116","3201","14604","6373","2041","7998","5181","10986","1389","9123","12130","13155","9004","10863","9277","12376","10415","16332","9516","8006","9577","12606","10788","10533","7960","8425","11867","12212","12051","6857","13442","12910","10402","9898","11424"
"2.15_759.23","4670","5747","6515","9271","8454","3595","4690","7021","5680","3050","5415","7705","4247","7715","4969","3094","5888","3071","1326","4143","8646","5914","1879","4799","5862","6292","6648","3229","7598","6239","1404","9225","4465","7125","4225","5747","4717","5997","4009","3723","5772","8852","7472","3596","4914","6176","6073","5148","6918"
"0.66_125.00","6586","4051","6210","3877","5145","2359","2438","8329","4481","3122","3230","3774","3462","3828","3274","2274","5696","1985","2363","6499","3243","4262","3102","4048","3895","6924","2632","4057","3913","4369","5246","10187","5718","5061","3989","7199","3340","4597","4402","5909","5224","5656","5286","3243","6759","4922","4873","5430","5776"
"1.99_833.64","14639","14882","12622","14262","12999","12895","8374","18200","20061","11265","13500","11734","10180","13566","17163","12192","16518","13055","13075","16200","13414","12973","14101","13601","15333","10114","9618","16553","20069","16426","12643","14190","9764","10871","12352","15037","17063","12642","18637","18251","12494","14576","9750","12890","11865","13230","12023","9260","12899"
"1.68_784.58","3296","4889","3722","3362","7104","3938","3746","5569","3471","2652","3719","6037","3560","4028","3732","2234","6956","2827","1096","4271","2710","4663","3139","6178","3452","6196","5111","5690","4094","7015","3735","9100","7025","4553","4292","6078","3810","6544","4052","4246","5024","4405","5753","3455","5235","4572","5654","3767","5602"
"2.79_837.67","15397","15016","13937","17795","14838","13947","14053","15413","13494","8488","15270","16367","12145","13579","17591","8636","16446","14276","11967","10437","10038","16290","10082","15036","16215","16436","13715","14063","15962","16440","15432","21142","11974","14462","13124","16923","16066","16511","14515","15943","16249","16654","17638","12884","15456","18138","14187","16252","17252"
"1.55_790.62","880","832","729","710","1300","963","485","1143","1280","700","818","11510","1721","889","1208","651","7544","1077","457","835","698","2632","809","3472","1284","6915","1057","5976","1378","6776","777","18807","1501","2623","1190","4319","1113","1404","1109","1006","2141","1853","2860","715","5930","815","273","668","1805"
"3.59_916.80","6718","13054","1705","4737","30036","2378","962","36571","17417","2269","4322","6686","4432","2356","4145","3504","7804","6045","2053","5038","2716","3423","1122","8520","2494","3042","7055","8159","6787","7500","10978","7170","9884","3796","5379","6168","3282","5504","7864","4907","3045","2478","5519","3372","12002","9598","3234","6677","8107"
"1.14_676.45","13322","13370","17100","10744","22319","8447","7951","19321","16713","8475","14708","17335","13728","17480","21816","11090","17354","14584","5425","17096","13309","20646","5228","16329","15142","16585","14609","16340","18758","22621","16773","20891","20280","14620","11231","29582","13778","20155","14344","16164","16522","17970","21109","11958","27080","17340","9706","14698","19198"
"1.43_838.56","4933","3222","3643","4754","5855","3143","3155","6778","5008","3080","5250","4336","3532","3231","3409","1643","5971","2704","909","5007","2928","5750","2283","4969","4121","5636","2992","5407","4336","4912","4472","8760","4812","4086","3697","6087","3998","5787","3329","2972","4704","6149","6979","3273","7559","3590","2910","4311","6494"
"1.31_810.52","7577","8361","7338","8123","11436","6076","5374","11429","9538","4440","7777","9527","8217","7105","9430","4256","11996","6068","1461","8593","6481","8349","4178","9759","8771","9774","7337","9436","7550","13175","7070","12027","9257","9556","6845","14229","7340","10865","7601","5821","8168","9698","11037","6705","9342","9603","6438","8940","11920"
"3.44_998.87","13261","15343","8593","12716","95552","4527","3165","66684","40084","6258","5658","9875","7860","5711","6158","4252","17791","11227","3192","7991","6126","8395","3335","14852","4403","6203","10945","18451","9719","16622","25516","12775","14619","8903","12452","12866","6873","10699","20122","7618","7180","4285","9686","5692","13492","9824","4126","18532","15902"
"2.64_845.63","3471","3533","3939","4211","3887","3537","3488","3604","3552","2703","3447","3560","3283","3457","3189","2212","3356","2536","2903","2176","2576","4506","3278","3839","3917","4081","3198","3070","3642","4052","4452","6490","3140","3323","4350","4925","3151","3891","3095","3536","3767","3546","3409","3685","3497","4115","3603","3953","4851"
"1.32_808.51","2481","7273","3111","4655","5228","3610","2472","6345","4951","1405","5954","6357","3715","4469","7294","2512","7478","3311","1590","3184","2827","4184","1916","7388","4810","7078","6559","5954","5245","7156","4107","7346","7242","8258","4012","11808","4725","7184","5487","3331","4742","5509","6920","3461","9311","7713","2930","6640","8234"
"3.12_818.72","7388","9822","7334","8902","10502","13868","6412","10698","8324","4201","8150","11089","6462","6862","9512","5163","10690","8414","7593","7223","4818","7378","6057","9966","7756","9673","7514","10228","6744","9125","9248","13270","7475","7760","7205","9791","9433","9312","7868","6291","8559","10527","9486","6619","5214","9549","6344","7730","11055"
"2.12_763.59","3880","4032","3653","4830","4295","4012","3930","3534","4498","2825","4446","3584","3329","4587","3334","3028","4551","3521","3081","4439","2897","4851","3561","3608","3941","4027","3585","3660","4830","3837","4001","6041","3593","3973","3902","4649","3885","3925","4400","3675","4913","4301","3646","2610","4088","4260","4215","4024","4620"
"0.93_636.42","34926","10499","59331","26476","17086","10073","17129","29542","30028","23368","26001","22649","19201","21868","32104","7165","25289","19341","7172","40780","27442","35950","14149","23336","18464","20970","18685","24832","18392","27211","16366","28618","26368","13617","11450","30909","15983","25802","19146","23156","18556","25734","47348","15163","34093","19051","13380","15037","21884"
"3.21_930.77","6626","7359","3145","5919","38321","1933","1337","37133","15855","2673","3054","4772","4210","3244","3443","2584","10645","5240","1740","3734","2680","3651","1384","7696","1958","2685","4936","11522","5044","8413","10771","8466","7858","3824","5486","7010","3553","5605","10369","4814","3133","2703","4890","2762","8454","5805","2561","8658","8617"
"2.85_703.56","21886","15530","15592","23949","22306","15179","12775","25107","18116","13118","10644","14621","14321","19991","14887","8785","13737","9850","4703","19674","14996","16053","13371","16419","9975","11867","10622","13707","19554","16741","13644","18117","17120","16371","15533","20073","18134","21310","15830","17913","15513","16279","16273","9976","19700","13875","17073","31844","28539"
"1.30_868.53","2371","2910","3304","2920","3821","2243","1676","2422","4538","1410","3761","11105","5967","2612","3563","2061","12263","3793","1186","1849","2468","8091","1730","6919","3491","7150","3851","6574","4679","11620","3085","20004","4960","4117","3406","5224","3062","5477","3542","2203","5052","4505","8321","2724","7090","3474","4133","2840","3836"
"1.30_383.35","10305","9720","17741","11770","15202","13266","16388","13233","15100","15349","13405","11887","12238","10191","14702","7616","10039","9734","10165","17531","15692","17851","14631","13799","8998","11736","10718","9820","10751","10530","9775","16791","9464","9627","8541","10357","9463","11180","11406","9955","9614","9265","12201","17441","12876","13052","11257","14491","20111"
"3.20_933.79","4676","6719","2912","4873","31032","2817","1935","25901","11815","2249","3857","5145","4329","3551","4017","3589","7645","6055","2084","4599","2725","4389","1587","7091","3619","4274","4628","12204","5096","8571","9454","9590","7478","3603","5193","7039","4325","5202","8370","5209","2756","2534","8295","3238","6306","7249","3344","9969","8730"
"0.51_399.25","6250","1865","17277","2253","4073","2599","2068","2843","1868","2727","3405","2617","2292","2275","15869","2191","3363","1774","3036","2701","2496","2796","2262","3265","1393","44113","1896","2577","6297","8517","2311","2040","2423","3419","1924","1953","3004","5214","2609","4451","3902","2302","2621","3201","3431","2918","2935","2613","51169"
"3.65_808.76","30357","95026","31643","61978","81631","105837","40682","63565","66875","40802","81129","111174","161717","155996","250743","96020","172783","160267","105573","36923","53860","233885","49751","294954","112355","152149","238983","311182","211749","215736","135928","284588","337127","205313","164067","260919","178030","324067","302662","225220","164128","147673","172341","176051","297132","275983","76705","96080","245263"
"1.92_831.55","4922","3619","4855","3290","6019","2426","2874","3762","3879","4611","3989","4057","4995","4387","3919","3214","6499","3766","2089","3683","3929","3940","2065","4795","6537","4538","3152","4390","4513","5237","3487","5981","4035","3345","3130","4977","4808","4337","4420","5074","4164","5984","4748","4257","4918","8975","3708","3859","3077"
"1.33_860.59","2929","4603","3055","3316","3296","3114","1689","4249","4178","1520","2559","7482","3452","3135","3621","1589","6921","2564","1125","2043","3053","3808","1483","5299","2630","4991","2817","5575","3451","4771","2700","6938","4988","3706","2260","4967","2551","4307","3659","3782","4130","2832","5294","2176","5546","4488","2156","2896","4947"
"2.01_665.50","267","14898","233","794","5141","4242","378","443","231","460","1937","21666","15062","11452","6715","6893","14999","6107","1379","482","326","3294","388","11654","8544","10197","7704","12511","15160","21200","9515","14957","11433","22642","20810","7864","9496","20697","19647","13537","25706","11701","8668","5487","11986","10121","647","3045","9718"
"3.52_630.62","311","3136","571","1478","1761","2470","770","1607","993","364","2446","3231","3443","2983","2454","2011","6621","2419","1707","362","476","2468","230","2940","3644","8543","3125","3915","2219","5355","3320","10790","3321","2931","2665","7589","1481","3333","3282","3694","5055","5826","5398","2021","3371","2614","936","818","2250"
"1.44_789.61","1442","2526","2132","2567","3078","2342","1313","3517","2864","1077","4396","3098","2689","3168","1854","1584","8476","2880","666","1789","1637","3118","552","3528","3016","8106","2547","5165","2382","4530","2496","6365","3604","5054","2304","8667","2881","5497","3327","2650","4074","7979","8795","2068","6430","3618","1839","3015","5826"
"3.58_960.86","5467","16547","4681","7391","32973","8096","2452","44876","24895","3986","6531","13918","12185","7485","11118","7493","14819","13580","4749","10799","7079","12249","2826","17166","6701","7709","15125","23457","17545","23302","12532","20990","31827","7366","7246","14341","8815","11040","14570","16747","5801","6144","18618","10688","12236","25868","4155","16337","16071"
"3.00_963.84","1605","4512","1412","2817","5264","2631","857","11477","4094","1464","1407","4116","3292","1986","3184","2088","5476","3323","923","2854","2159","2012","1297","4696","2342","3195","2657","6408","3937","7695","2954","4814","5246","2909","1827","4000","2046","3356","4048","5824","1281","1585","5178","3841","2496","5262","1659","4719","4206"
"2.06_1510.13","1776","1248","2437","6927","2772","1088","1284","2684","2876","2449","2712","1486","2806","1978","1347","729","919","1859","1218","2238","1108","9581","1546","4198","1689","3082","2323","1683","2668","2532","2752","9153","2672","1410","2487","4413","2643","3158","1584","1484","6177","4970","4659","2293","2953","2613","2852","1718","1750"
"0.87_692.45","5476","2710","5815","5611","8205","3046","4069","8011","6888","3863","6808","8696","4024","6198","6213","2024","10745","3220","1310","8964","6132","6487","2287","6416","5267","7786","4937","7214","4887","4753","3534","5363","6126","6405","3374","8752","5098","8605","4957","5105","6571","7825","9817","2516","12454","6311","3651","3221","5615"
"2.58_785.71","8630","10039","7431","18084","11387","8046","6859","10419","9979","4981","12221","13223","7839","10387","11701","4488","13672","7553","4226","6872","5770","14324","5736","11688","8736","11608","9476","11282","12570","13995","10824","20745","11518","9887","8575","12857","10738","10128","11998","10478","13307","11962","12811","6132","13648","12642","10484","8318","13178"
"2.89_827.70","9105","12618","10840","15653","11509","12056","10463","12441","14924","7512","11766","12231","9534","11441","12730","7252","15314","11252","9620","9686","10070","13989","6828","13833","11565","13418","8683","13070","13739","17080","12636","20007","9628","11838","9981","16452","11240","12979","13267","12405","12603","16317","14600","10377","13065","13680","10172","11593","14796"
"2.19_1018.83","1127","2226","1706","1305","4763","1450","551","6529","5207","1322","868","1735","2410","1822","1463","832","3205","2009","552","1036","963","1444","994","2496","1328","1675","1687","4608","2386","3097","2516","2428","2864","2465","2218","3670","2402","2280","3798","2244","1043","629","2247","1412","2386","2798","1511","4748","3526"
"2.22_794.53","5907","6517","7358","8734","8495","5255","6046","9789","7167","5599","7207","7888","6332","6507","6456","5039","6639","6384","3780","6808","7150","7152","4574","8232","6410","7275","7245","6831","6099","7974","6858","8238","7158","7412","7259","7883","6333","6791","5610","6510","8655","7445","7524","5491","6814","6371","6703","6060","8201"
"2.51_1004.85","2060","3975","1994","4038","7075","1851","1098","11483","5349","1413","1945","2738","3726","2640","3062","2140","3496","3563","967","1341","1421","2705","1454","3717","1688","2678","3368","6483","3860","6492","3702","5526","5228","2940","2638","5329","3695","3652","5089","3860","1791","1535","4751","3143","2590","5172","2016","5875","5281"
"1.41_792.57","28893","26512","25827","25565","34830","16491","14103","54458","23713","10729","30808","33277","20021","30922","27894","10403","56268","20970","4206","34352","16680","26723","14235","37372","31276","56301","19713","40535","32883","40407","27683","58554","39621","48166","28897","62297","28016","41954","33775","27479","39269","55431","62406","13366","65993","37800","24094","46865","61966"
"0.83_622.41","12101","8323","18432","8917","11630","5840","6679","9770","16346","8259","10933","12507","14666","10177","14136","4183","25967","10624","2420","13843","11665","21051","7053","16584","10313","20347","12072","15231","10556","23252","9401","36821","13231","10004","7370","20993","7866","13721","10417","13110","13196","13838","29280","8934","20181","10765","8787","6237","8940"
"1.85_832.57","15937","16036","23171","33312","26169","7780","17681","17440","23185","16973","21956","19953","12588","15403","12368","11685","19468","15241","7919","12655","27783","17127","5224","20158","17535","15294","11562","14945","17162","20921","13679","16402","12762","11717","11664","14405","14884","15055","13830","22885","15719","21453","18512","12474","16562","10899","10997","10353","13512"
"2.91_696.59","5500","7780","4604","11741","11239","9707","3322","10046","5682","4770","4324","9248","7253","10316","6910","3785","9884","4827","3591","6653","5731","8395","5243","11044","3847","6631","5302","10392","9041","11487","6490","11252","9900","7715","7330","12452","7264","12246","8154","12350","8897","8962","9119","5051","9902","7323","4614","13550","16422"
"2.15_760.38","3276","2324","4302","11296","5790","2932","4235","4434","3501","3314","3451","4848","2129","2454","3055","2649","3015","3947","943","3602","4437","4281","943","2110","3388","3406","3057","3111","3633","4454","2843","5154","2409","5248","3216","4812","2485","2616","2955","3108","9011","6815","2270","1573","4693","2760","3479","2407","5802"
"2.40_577.52","4696","8376","8717","22166","5636","10274","8329","2571","3594","4923","11253","14415","6162","8311","10287","3243","11330","6972","9701","3458","5695","8754","7520","13946","8397","12830","9291","8235","6499","7299","7638","15180","5211","5517","5516","5547","5811","4300","6257","6750","8725","10056","9661","5519","4635","4903","5063","4046","10425"
"3.02_1014.87","6076","4685","5090","4855","41324","2098","1475","23828","21719","3172","2923","2628","2603","2627","2413","2230","6558","4593","729","3314","2402","3239","1545","5058","2209","2745","3960","7588","4590","5540","8846","3977","5006","4224","5092","5604","3296","4148","12735","2875","2317","1912","3806","2366","4572","3730","2930","8352","6481"
"3.60_716.62","9597","6916","6865","13990","9132","6091","3951","6779","9346","7886","4811","11077","8559","4344","5915","3599","9965","3521","3132","8988","8399","10322","5374","7937","3634","7643","4055","6289","6684","7908","8440","14254","8358","5076","6586","13156","6710","5980","7985","10750","8177","11261","16523","6931","9818","6841","6224","13329","9558"
"2.68_880.65","4213","5327","5773","6999","7079","5834","2143","3708","5529","8168","2903","7992","8916","8747","3313","3000","12879","5468","2987","3815","3342","6846","2930","8967","2846","8407","5252","6888","11507","12569","4523","10778","4263","6513","5754","15224","9318","11193","6044","8989","9227","15763","6907","11430","7394","2993","3940","3995","5394"
"2.01_583.48","96","10663","0","0","3450","2826","105","249","115","174","1445","14985","10492","7916","4940","6307","10120","4415","1249","157","95","1988","221","7648","6782","6569","6416","9262","10017","12521","7646","10012","8697","15605","15000","4769","6692","15358","13230","10261","16214","8532","6806","3443","8013","6303","263","2184","5960"
"2.93_754.67","11359","14932","9955","15405","16412","13750","8640","14348","10414","8006","8479","15656","13746","14772","13502","9179","14075","9538","6706","10487","9162","13233","7746","14012","9989","14486","10167","12282","16348","16465","12338","17280","13932","13984","14233","19688","14666","18397","14211","15019","16381","13597","14213","11389","16276","13674","11599","18446","21341"
"2.35_810.66","18690","22387","29805","40393","34544","18174","25519","20233","33554","18899","17455","20829","17931","19008","23961","11317","13749","20971","15442","11478","23998","39080","15061","25469","16426","17851","28257","18398","19029","26238","19572","40387","23937","19198","16195","23141","23631","26254","20364","20155","30366","17568","17889","21443","20603","19777","26238","14453","26572"
"1.00_524.42","15220","13225","9944","9768","12850","9326","5369","23205","8501","5733","5858","9911","6177","8419","6939","4725","11667","4848","9149","12478","6076","8243","8227","7717","6109","16750","6902","13366","11015","5718","9119","21289","15245","10976","8065","14438","10441","15367","10935","14138","11381","11132","5017","7989","12203","13306","9985","11551","12632"
"1.52_880.56","13916","6528","7918","7718","9701","5374","9555","9755","9713","8276","8143","8982","5596","6547","8557","6191","12751","5052","3899","8497","7788","9036","7446","11147","6200","7407","7117","8822","7034","11145","5889","11465","10471","8429","5767","11619","8611","11681","9007","4795","7765","10399","6895","7134","7598","6228","9201","8087","6857"
"2.52_990.83","1599","2750","1330","1635","4766","1317","701","6000","3365","965","1019","2013","1803","1646","2377","1632","2400","2155","790","1585","1488","1842","977","2598","1060","1480","1905","4198","1853","3463","2419","2830","2793","1965","1733","2769","1504","2010","2936","2292","1293","1116","2557","2395","2533","3732","1443","4651","3723"
"2.07_836.54","3961","4014","12218","26803","3798","11662","8977","2635","6205","12631","15322","5415","6080","4174","8383","2595","2960","4401","19705","6977","7295","11847","14012","12618","4765","7500","7396","5389","6102","4731","6130","12065","4988","3660","4783","4299","6496","4621","4305","3349","11372","10606","7565","6839","4125","5600","4040","4149","5787"
"2.28_747.57","10172","32392","10462","9697","1395","79291","9495","7278","5099","6133","49180","7315","7826","7936","8526","25343","10172","10824","70033","27244","42342","12950","34195","7129","11810","7108","5039","10365","34889","43140","9753","17401","11453","5473","7169","7665","2209","1337","2213","9871","10502","12211","8334","9466","6008","14171","3952","1906","12866"
"2.22_747.57","14925","20309","19334","27437","19652","14796","15364","19201","15455","13059","25319","31566","19308","14910","23778","12318","30620","18846","6597","14541","21355","24903","7902","22253","22562","20322","15690","20052","19809","26199","18749","33152","22048","20372","12704","21317","13270","19418","21094","27509","20026","30247","32650","23764","21002","28412","14561","12701","24761"
"1.53_842.58","11682","6715","7811","9245","9307","6216","5593","12422","10331","4274","6897","10044","6315","5822","7968","4223","8898","4228","1731","9045","7048","8998","7802","10597","5516","6929","7295","7726","5386","10357","4430","10934","8932","7218","4198","8936","6721","8791","6957","5112","7818","7039","7964","6852","6924","7266","8386","8299","9282"
"2.15_760.53","2869","3353","10198","12698","15226","1507","2800","8624","4551","1237","7976","12381","4468","345","6589","967","4911","2996","834","4422","8184","6544","1052","7367","480","7472","2812","3862","297","13933","8558","12150","3950","8207","4751","9227","2504","2943","4956","2234","14048","10305","8352","2590","6834","7150","5540","406","11714"
"3.65_383.33","3221","11306","3042","8402","5561","13360","3826","7195","7920","3365","9787","12089","23126","17498","25970","9404","19219","17678","11232","2338","4776","30259","2482","52158","11890","18405","30684","50750","27986","26460","13234","42064","56644","32775","17446","47376","17316","52383","34194","28204","21224","22758","23143","17472","39777","24568","5500","8180","23773"
"2.72_1004.85","1808","2348","1292","1913","4463","1291","501","7318","3343","736","884","2697","1688","1657","1771","1041","4276","2048","928","1180","1227","1996","821","3319","1290","2439","1618","6149","1994","4979","2379","4670","3263","2063","1763","4250","2077","2104","3047","2774","1531","1137","3258","1582","2919","3703","1100","2929","3364"
"1.62_776.58","10112","10248","10617","7301","21173","5518","6092","12362","10229","4845","7629","14007","10597","8316","10258","4734","19868","8425","1415","12258","6998","10754","4753","10902","10687","15349","10021","10162","8236","19840","14406","22807","11161","11244","7555","21326","8567","11601","10181","9812","13688","14268","18214","9512","15761","12070","8087","8282","12990"
"2.01_643.51","555","15473","107","409","5428","4937","439","1080","584","404","2343","24028","18255","16087","8017","9875","16721","8510","1931","555","586","4254","662","12155","11340","11640","9738","16517","17510","21674","12856","16465","14632","26017","27507","8496","10713","28089","23790","13939","29979","14834","10840","6410","13581","10090","1774","4504","10172"
"3.10_738.67","8252","9575","5436","10049","7026","14184","3143","8188","9948","3518","6638","13884","12323","9886","13749","5261","13430","5572","4314","5441","5030","6274","6179","7344","13553","7273","4507","10590","9790","9644","6985","11514","8725","10031","5980","13155","8177","10998","12255","24333","6541","7016","16627","13238","10325","21386","5427","11283","16511"
"3.26_970.75","3195","5062","5137","5674","23235","2163","1997","14819","18407","6370","2781","6937","4595","2057","3837","2455","9558","6904","1797","8084","6923","7660","1900","11610","2563","6320","6991","13883","3691","12483","9984","17044","12228","3543","3656","10572","3799","2770","6446","4904","3535","6214","13421","4668","7026","6716","2300","7379","6920"
"1.60_757.56","5005","6489","7741","5621","16101","3213","5293","8304","5915","3617","3436","7942","5139","4516","5144","3121","7437","4905","871","8127","5550","7132","2854","5892","5802","8369","6497","6749","5407","10537","7493","13189","5754","5999","4638","11248","4712","5765","3948","4255","8659","6702","7063","6377","10046","5230","4325","4888","7980"
"1.98_774.56","6322","8720","5558","7572","7837","5651","4409","10036","7392","3179","10752","9865","7011","8067","8455","3795","13060","6379","2602","6405","4924","8664","2966","9058","10860","13785","6521","9521","8807","10074","9252","14689","9931","9279","7244","13999","7453","10122","10068","9282","11062","13910","14637","5091","10900","12226","9945","7853","10838"
"1.31_834.59","8304","8260","8902","9261","7939","7788","4617","9307","9186","3890","7664","13954","10211","7036","9419","5078","12889","6629","1839","7078","6200","12394","4787","11099","8596","9465","6437","10044","7556","15448","7393","13507","10835","9072","6372","12792","6375","10867","8681","9013","8975","9356","16343","7585","10887","10756","5707","7148","9751"
"2.16_759.14","3055","5141","1986","7264","6328","3928","6242","3811","3880","4221","4061","6894","7239","3819","3109","1095","3222","2958","1423","3684","4156","4092","1649","5041","4192","2190","4915","2461","5124","4519","4312","5600","3725","5517","2557","3263","3497","5072","4099","3117","4201","5734","4009","2973","1843","2913","3779","2328","4480"
"2.99_835.65","2502","3693","2868","4174","2723","2833","2657","3273","3285","1819","3037","3742","3424","2694","2857","2452","3115","2538","2458","2785","2482","3108","2266","3128","2220","3348","2788","3752","3915","3515","2472","3699","2875","3521","2900","3158","2973","3324","3156","3541","3344","3501","3627","2533","3419","3010","2906","2557","3852"
"1.52_854.55","4738","4074","2136","3855","3414","4718","2488","6000","5109","1645","4023","5518","4279","3004","4999","2667","8633","2635","1679","3447","2383","4874","2224","7448","3857","6581","4889","5697","4795","6364","2350","8293","6304","5436","3674","7585","4203","6155","5522","3030","4920","5361","6115","4243","5407","5272","3196","3322","4768"
"3.04_929.76","4127","5150","4189","6652","28909","1925","1423","24069","16711","2379","2560","5176","3464","2770","3095","2159","8006","3495","1097","2734","2343","3607","1532","5962","2120","4122","3355","8730","5063","7666","6895","6165","4849","4086","3990","7646","2969","4995","8970","4456","2203","1862","6329","2867","4081","5223","1929","7179","6565"
"3.14_977.86","4124","6721","4463","6891","16431","3284","2427","26401","11011","3513","5519","5456","6362","4299","4496","3576","7315","6692","2340","6828","5127","4757","2432","6969","3699","4687","5564","10764","6090","12193","5499","8991","7653","5305","4926","8700","4725","4912","7271","5569","3047","3032","7626","5513","4945","9872","3757","11437","9143"
"2.07_704.34","2240","5598","3187","7708","4176","3031","1344","3081","3254","1162","6028","3583","1849","4433","4288","1643","4596","1335","1802","3652","1033","3264","2550","4277","4322","7581","4086","4163","6103","3153","4198","9802","4083","5869","5798","6459","4375","3728","4397","3668","6925","5761","4375","1463","5138","4885","4798","5409","5549"
"3.33_933.79","969","1585","1429","1131","7477","1418","670","4959","3996","1461","1054","4444","3457","1012","1440","1120","7498","2762","268","2030","919","3254","601","4878","1085","2666","2823","9227","1959","6428","1649","14898","2553","1876","1286","3512","1511","1848","3047","1928","1153","1361","3489","894","3755","2959","705","2301","3314"
"0.18_360.24","4184","1074","1966","6029","3100","1742","2096","3434","3050","10090","2908","1558","329","1643","4779","2105","1506","1798","2843","4494","7521","5600","15673","3341","1361","1595","2831","1626","4454","2966","1663","1016","1300","1275","2819","1679","1210","1175","1051","1009","1076","1585","1203","1151","2106","1164","2565","4100","34851"
"2.07_704.28","4711","4299","3350","6807","2585","2679","2418","3110","4125","2011","4414","3426","1480","4427","3341","1629","4739","1051","1886","3784","1746","4769","2698","3873","4514","3700","3957","4570","3032","5088","3464","6688","3840","3588","3636","5382","3344","2534","3875","3967","4406","4949","3701","1699","4068","3759","5165","3852","4824"
"1.52_830.55","1776","3513","2430","4238","2879","3516","2399","3322","4016","1060","7526","5999","5456","4099","8237","1832","12562","3913","1115","1952","2661","7045","1304","9557","4292","8596","7429","7447","4551","8532","2512","10642","11860","6464","3476","9709","4651","8970","6609","4275","6821","6544","10486","4406","7986","6588","1789","2325","6814"
"0.67_582.38","1856","2445","3205","2443","3148","2170","1360","1862","4657","2028","2348","2743","4210","2411","3360","1503","9316","2675","1368","2222","2926","6746","1423","4330","2791","6257","2872","4344","3670","6277","3494","10863","3814","3530","2901","6042","2564","4567","2987","4000","4284","4942","8328","2662","7212","2879","2120","1717","1917"
"0.44_494.23","3576","2860","1731","10215","1917","4147","3913","6464","8139","8736","6312","1130","2544","2820","5264","3777","470","2814","4023","2421","8081","3403","2578","2830","2793","1043","3682","1990","3443","2023","1920","1110","2842","2957","2588","2501","3566","3071","4057","3435","2598","2710","2831","3300","2589","4895","6568","4965","2995"
"1.19_831.56","1672","1780","2667","2419","2973","2047","1740","2211","2892","1427","2726","4118","3374","2385","2729","1219","5898","2227","726","1961","2212","4053","1245","4167","2713","3803","2731","3770","3063","5847","3180","6194","3122","2508","2480","3838","2095","3904","2667","2572","2739","4116","6172","1746","4017","3386","1926","2229","2997"
"3.33_906.78","1180","2523","1272","1641","9679","1432","755","9886","2676","1556","1398","10410","4970","1150","1767","773","14636","4292","615","1564","914","4648","935","8494","862","6642","3062","15673","1756","17622","2670","25807","4245","2512","2028","6888","2069","2374","2633","2121","2472","2103","8445","2289","6903","2777","654","4852","4580"
"1.76_780.54","8322","6795","13011","6012","8244","5371","5423","9565","11176","9213","5960","11367","7346","8004","11625","6885","18293","7599","3486","6915","8448","5347","4471","8242","16627","10362","3982","9133","8180","7916","6073","9318","7701","5855","3944","9158","6856","7660","9379","15171","5567","12914","12394","12242","7750","12236","4547","3868","7157"
"2.80_814.64","919","0","0","7610","0","0","0","6483","1094","1075","309","3817","1454","0","878","753","0","0","691","856","1162","7058","948","1609","8422","3656","1110","0","0","0","882","26756","0","1182","0","9188","1506","7768","6915","1392","1335","5106","8979","1306","0","9498","956","971","14220"
"3.13_992.87","3095","2144","2772","3164","13840","1971","1445","15993","8838","2304","1708","3883","3744","3317","3618","1840","5278","5415","784","3864","3381","3707","1613","5743","1145","2653","2778","8782","3878","9569","6140","6906","6439","3066","1843","5743","3376","4068","5412","4303","1934","2168","7453","1439","3745","4969","1811","8541","7123"
"3.34_895.74","2385","3956","3878","3330","29509","1716","1261","11106","8452","1980","1507","3274","2432","2821","2543","2123","4121","3423","885","3308","1729","2736","755","3688","2449","3021","2883","4171","2684","5467","4892","7161","3788","1953","2597","3770","2448","3583","3805","2727","2673","1239","5558","2870","2875","3707","1130","5612","3924"
"2.90_311.22","6381","8539","4971","11543","9877","9244","3020","10660","6607","4685","4783","8673","8391","10127","7130","4715","9282","4828","3645","6675","6461","8191","5098","11456","4306","7170","5824","8909","8929","11059","7579","9990","9808","7288","7072","11659","7232","12302","8089","11449","8889","8629","8920","5761","8597","7508","5777","11868","12795"
"1.64_772.61","5043","5823","5959","4669","9957","3232","2786","7555","6188","3108","5813","7134","4504","4807","5827","2884","7949","3680","1703","6390","3833","6181","2464","6675","6097","9709","4682","6873","5404","10319","7148","11367","6910","7287","5587","11929","4049","7110","5347","5204","8981","9459","10090","3636","9568","5998","4889","6210","9024"
"1.01_650.49","15995","2718","18034","5960","5481","2468","4252","13724","10010","7524","5867","5106","3259","3906","6298","1562","6799","3487","1558","20401","8487","6292","5567","5091","3008","6916","4269","5680","4704","5405","3347","6951","5249","3446","2502","8506","3669","5661","3317","4265","4741","6103","8092","3242","9905","3975","5246","3778","4344"
"3.65_335.29","5477","15341","5451","9600","15262","16674","6104","12185","11950","5677","11280","16777","25255","23595","40652","12679","26780","24230","13927","5941","8260","43640","6652","58564","15638","23615","37566","62212","34295","38311","20646","58604","74410","34834","23614","51133","25003","64239","53105","38285","24058","25764","27537","25250","56707","48111","10405","16596","43228"
"2.68_810.57","4587","6952","6847","8344","9751","4798","2331","4831","6820","9089","3314","7936","9369","9663","3900","3155","19703","6027","5017","3503","4575","9711","2441","11422","3857","9481","5646","8198","13930","14797","6158","18415","5509","6688","7049","21531","10022","13762","7830","11531","10145","19664","8827","11327","8395","3291","4971","3783","8919"
"3.61_987.87","4229","8114","2793","3331","29324","2148","1126","29970","13815","2733","3586","5022","4109","2749","3976","3198","6871","5370","1580","5038","2502","3859","1518","7196","2239","2673","8482","8862","5863","6385","6970","6464","8329","3734","4026","5872","3450","3307","6857","4756","2881","2106","3885","4123","5983","5223","2880","7169","5856"
"3.12_933.79","5068","3715","3762","5707","18737","2347","1919","20710","12077","2854","2709","5214","3360","4101","4453","2675","3981","5830","815","5860","3133","3778","2212","5375","1967","3823","5059","7766","4565","7370","5119","5559","5604","4764","3891","4351","4484","5459","4931","4362","2333","2083","5094","4196","4197","5685","3044","7584","6314"
"2.90_738.64","18371","23530","16513","29765","23999","27178","9614","22643","18864","15313","14312","26043","22433","28083","19114","15444","23408","14811","10529","18924","17578","22929","14251","27218","13782","23392","17029","24886","24781","28022","23270","30075","24877","23279","22732","32146","20895","34186","22706","29904","25515","24897","24567","16345","24879","23438","17669","31107","35345"
"2.16_705.64","8860","9365","8036","11345","6964","11506","5702","8968","6829","4769","8059","6855","5005","8807","7097","4733","10656","8002","7073","6726","4648","7682","6575","8574","9747","9068","6974","11910","8248","8026","6942","12882","6691","6925","6879","9460","8036","8281","8883","6745","10799","8337","7451","3970","8055","8185","7908","9046","9355"
"3.19_948.82","2338","4761","2804","4076","10808","2990","1159","14551","8557","2087","2646","4103","3718","2789","4415","2895","7757","5683","2133","4877","3997","3501","1973","6946","3529","5100","5097","11312","5198","7919","5240","7391","7885","2882","3473","5472","3385","3409","6513","5772","2371","2930","8697","4290","3755","9680","2203","9019","6789"
"1.97_809.72","10485","8512","12615","8345","12614","1656","6935","10849","9372","8545","7393","10427","4639","8244","10051","4210","14535","9380","1382","11971","10400","7772","1083","9960","11988","8667","6096","9378","12483","9581","11011","13166","5190","7357","5327","12667","10319","6002","8066","12930","10411","9922","10176","8720","9698","10238","10217","6721","7762"
"2.72_735.59","1270","6319","796","1371","3297","6124","738","1607","829","675","1486","8905","6416","3475","2715","3189","5000","2900","4078","880","656","2887","738","2681","3671","4707","3583","3768","2632","6850","4083","6884","4346","3685","4490","7273","2011","5189","4270","6440","7646","4004","4879","3506","3900","4989","1039","1242","3883"
"1.31_678.53","34621","8267","30745","19085","11633","8054","13793","33057","26474","21349","14912","14402","7339","11730","16013","5754","15488","9868","4982","38485","22204","14453","17914","18032","6626","16104","13572","17015","12888","12993","6369","12620","16194","9093","5932","19960","11274","17702","9832","9038","10820","12628","12331","8205","19614","9744","13760","9759","12234"
"4.11_603.54","21239","48128","16046","38883","184087","9769","6785","164974","118494","16195","19481","48826","27549","12444","21226","15704","49722","43116","7942","40470","35810","32121","4691","51182","12197","19957","48512","53363","25936","56201","64426","72058","59547","14246","19579","33044","13794","25675","26133","29297","23337","28094","61021","20686","38822","42561","10202","25162","30257"
"2.93_645.56","5927","6208","3778","6922","7185","5273","3029","8077","4261","2586","3213","6335","4726","5529","4658","3280","5505","3778","2292","4593","3493","5020","4413","4504","3282","4442","4113","4624","6295","6873","3845","6696","5878","6032","5163","8116","4954","6844","5095","6007","5903","4994","5477","4305","6532","5433","4916","8220","9579"
"3.38_946.84","4837","12697","5843","9428","22212","5954","1935","40098","18521","3512","5123","13302","13038","4861","11781","5563","16405","12610","4510","11785","7168","6483","2575","14507","6217","10617","11942","19310","10942","24280","9191","14619","19053","6736","5310","12094","6812","7465","12185","16956","3979","6222","25160","13523","6648","34201","3509","15705","13604"
"2.25_797.58","4582","6535","8488","10026","8373","8447","8155","4039","8092","4248","4394","4476","5709","3751","6073","3568","3075","6372","8939","3492","8433","11895","4677","7052","3256","3519","7901","3916","5744","8442","4693","9625","6065","5324","4656","5230","4259","5591","1117","4746","6721","5442","5673","7530","4439","4133","6243","3710","5249"
"3.41_897.75","5152","7026","3914","6213","46373","2476","1400","30750","16949","2856","3533","4755","3654","2956","3423","2552","7535","5625","1752","5401","3383","3306","1808","6827","2785","3989","4480","7557","3816","7813","9976","7072","7119","3390","4589","6772","3584","4464","8303","4950","3769","2747","4840","3779","4944","5897","3108","8249","8020"
"1.33_842.55","1415","3464","1231","1793","1876","2351","705","1498","1257","739","2470","7867","3411","2369","3121","2386","9898","2007","1335","1883","1470","2596","734","4405","4116","5042","4397","4156","2551","5632","2378","7863","4823","4599","2946","11617","1598","3917","2996","2807","5311","3782","6178","2625","5935","6259","1769","1542","2531"
"0.28_309.21","1084","6154","1557","4084","5881","6626","2234","5161","1097","939","6748","12489","6667","6578","7493","2658","9703","3873","5638","1204","1283","5939","1495","9217","6330","13089","7487","13193","6750","7179","4914","19033","10894","14547","8180","18686","10590","12240","14175","6959","8465","9550","8541","3863","19908","12704","1819","16126","19003"
"2.60_815.64","13266","12749","10621","27567","18968","11019","11126","21737","12320","9655","13546","21364","10705","10485","12484","7225","16982","9472","5057","10337","9596","16642","3812","15327","12409","17899","11476","15928","11711","19206","15233","35378","14396","10477","9256","15635","10873","15808","12829","14718","18254","22754","17320","7931","12821","15186","11946","10311","17203"
"2.15_760.44","3182","3408","6072","7734","8060","2418","2330","5759","2625","2839","3174","4486","1948","3731","4177","2177","3514","3745","892","1943","3095","3334","1750","2404","4010","3702","3531","3388","3865","5409","3617","7789","2285","3750","2552","6186","3544","1572","2170","2470","8613","3611","4121","3784","4043","3077","2878","3842","5588"
"3.52_768.72","7892","7909","3958","6536","7135","6632","3855","5845","5167","2910","4255","7940","9134","7379","5565","3806","7427","4993","3029","6132","4158","6916","5170","7713","5321","6011","5288","7050","7352","8215","7622","15218","8506","6374","6859","11407","6187","10188","8143","11300","7245","7809","12156","5544","9417","9938","5552","12358","11572"
"1.08_848.56","1658","2835","1867","1654","3301","1371","1275","2311","2133","861","2166","4847","3643","2367","1971","1443","5317","4035","508","1698","1212","4328","1200","2156","2711","3545","2578","3416","1859","5833","3420","6719","2894","2495","2297","4548","1971","3370","1857","2769","2744","3206","5569","3563","3830","2405","2181","1654","2294"
"1.81_806.61","7906","8178","13787","10147","15819","4167","7458","11219","10952","9835","8457","8271","5087","9744","8002","6961","11688","9350","2670","10377","10845","7564","3858","9365","8479","10651","6481","9693","10190","11957","7789","9436","8172","8788","7880","12939","9343","8932","8367","9886","11379","15117","8779","6630","10028","6551","6633","7552","9194"
"3.08_723.61","2904","3333","3649","5284","7355","4833","1759","3448","3977","3804","2902","6837","6023","6114","4893","1362","6649","2836","2698","2945","4382","7326","3307","8329","1898","6553","3856","6539","4965","6900","5052","8719","5075","4167","3515","8148","4169","6885","3466","5494","6460","6929","8033","3362","6049","3114","3223","5555","7267"
"2.15_759.27","3423","6474","7680","11058","7556","3831","7456","7885","7022","1990","7417","7364","5129","9389","6402","3479","7960","3105","865","3589","5567","5430","1549","6531","7130","9310","8121","3159","4376","4495","5494","8580","5631","6472","7189","7261","4779","4858","4047","4562","9508","9035","6440","2517","7208","5209","5886","6582","5626"
"3.14_907.78","3487","8304","4207","7162","28496","3211","2100","36098","13231","3832","2547","7424","6940","3502","4380","2441","9419","7067","2138","6726","4099","5125","2613","9394","2516","4364","4244","10598","6017","16865","9303","14822","9367","4351","5500","11629","5819","7907","8732","6950","1881","3576","10715","4615","3685","11503","3614","10866","12308"
"1.20_716.45","5552","3449","5964","3108","3854","2433","2956","6540","4190","3919","3427","3808","2953","3245","3818","2681","8518","3054","1605","12227","4441","3119","2784","4569","2511","5094","2944","5022","4038","4124","2732","5727","4277","3237","2215","4622","3246","4206","3533","3099","3750","5021","3751","2583","3941","3184","2857","3818","3972"
"1.06_676.46","9589","3688","8594","7286","9796","3000","4710","8562","9332","7288","9371","8951","5302","5091","6625","1932","13784","5849","1973","8590","7236","8124","3552","7304","4569","10649","7708","9646","4459","9209","6525","12586","8979","5817","4957","11193","3811","8499","5261","5200","8491","9005","12225","3174","13526","5102","4578","4379","7184"
"1.97_1249.74","7233","4577","6290","7369","4787","5285","3997","3686","4823","3030","6769","4653","3155","4782","4143","2036","4031","2915","4620","4940","3257","6019","6836","4719","5118","5840","4270","4902","4916","4548","5294","8004","4656","4623","4825","5650","5020","3740","4144","4213","5267","5572","4795","2725","5633","5794","5283","5267","7262"
"3.65_353.31","3656","10862","3664","7274","10619","12183","4495","8307","8761","4824","9185","12094","19820","16762","31922","10593","22626","18686","11259","4792","5898","30488","5215","43316","11683","18841","29360","45890","25671","27270","16811","41371","52735","23994","19488","37783","19541","45160","37776","28669","19592","18024","21680","20122","38782","34028","8630","11318","29802"
"1.97_831.55","12070","7979","9260","7025","10272","4709","6213","9263","8674","8671","8245","8058","7250","8181","9003","6507","11803","7332","3621","10524","9414","6552","4714","8821","9661","9209","6298","8179","9186","8360","9161","9029","6811","6724","5925","10217","7879","9195","10049","12066","8917","12142","8426","8509","8382","9269","8576","6609","7471"
"1.79_803.60","8986","11176","14578","12289","27449","7762","8688","17242","13425","7593","6331","13604","7489","8400","10871","5363","12205","8361","1780","15227","8546","11964","5381","10825","6987","13562","11533","11502","11556","16279","11425","16614","11782","10609","7996","16878","9443","12891","7962","9477","15603","13294","11063","11405","11309","8564","8088","8526","14788"
"2.13_833.64","20143","13414","16693","12183","14750","13354","11135","11739","15414","12758","11497","10159","10934","12191","14035","11083","11133","10603","10367","16764","12811","13531","16272","10868","9202","9804","12822","12433","14518","12330","9708","12167","13085","10797","11146","12712","13631","11973","13860","16583","11583","10625","9371","11364","13364","11074","13373","10502","13010"
"2.69_778.67","8908","10019","7422","13271","12185","12458","5831","10896","7581","5455","5410","11074","12651","12251","10192","5717","9627","7907","5074","9136","6456","10086","5675","11102","6813","11546","8385","10333","13096","13632","9242","12385","11001","11426","11490","15629","11082","16596","10217","12438","13573","9818","10081","9338","11776","11158","7910","16193","21537"
"0.88_654.43","1637","1290","2726","1153","2098","879","769","1445","1177","1178","972","4807","2573","1861","1439","948","6579","2482","491","1547","1129","3160","961","3807","1418","5884","1479","4747","2866","4176","1627","7043","2033","3114","3086","4302","2751","2281","1945","1963","3989","4934","5051","982","5973","1030","923","1873","1609"
"0.26_443.23","8618","4197","1564","1950","1376","828","1628","1474","2066","2688","1660","1716","1894","1108","1304","1282","1649","939","2010","1087","1511","1614","2280","972","1090","1369","1326","1508","1849","1395","1128","1036","923","1291","1033","1608","1317","786","1612","860","959","796","1426","2253","1752","2216","1038","1693","1570"
"1.98_810.52","2754","3582","8552","18596","3973","7848","7500","1596","3074","5726","9024","6777","4187","2793","7055","2242","4143","4003","9480","4623","8908","4674","9414","6078","2874","3634","6883","4755","4549","5755","4682","4203","1276","2334","3003","1896","2465","1783","2014","1506","3804","4076","3356","1194","2033","2755","4861","1618","7423"
"1.01_672.42","9893","2555","12222","4668","3959","1993","4290","8903","6695","7271","5051","3672","2807","3454","4143","1900","5352","4233","1824","12888","6438","5236","3800","3701","2908","4809","3227","4815","3421","4377","3434","6016","4364","2813","2422","6175","2925","4650","3415","3389","3382","4803","5617","3089","7012","3577","4241","4064","3949"
"1.80_499.38","5121","4038","3133","3145","5288","3390","2911","3761","5733","1910","1225","2799","6396","2471","2851","1959","3763","2660","1807","3683","2882","5085","2896","3117","2065","3095","2890","3372","4954","6302","2665","8352","2908","3768","3970","5612","3657","5219","3564","4384","3982","2441","4866","4495","3896","4728","3441","4698","2731"
"0.19_297.08","19784","1184","26875","6078","1309","1169","5738","4735","9132","5317","4470","1850","1334","927","2484","658","1875","1664","1097","11198","7729","1535","26268","1408","965","1413","1367","1428","2201","2403","1146","1421","1791","1038","1150","1651","1214","858","1362","1231","1604","1852","3283","1716","2164","2923","4412","8846","3309"
"3.16_647.58","5203","5286","7696","9414","11803","4656","4112","8668","8321","4681","2878","8534","6351","5599","4826","2151","5658","2818","1990","7122","5387","6132","2732","4523","2635","8938","4833","3228","5973","8940","6286","7311","5167","5915","4193","9225","4101","8349","3251","4987","9705","6594","8050","5599","6895","4662","3301","5804","7155"
"1.99_1531.13","4732","2832","4770","3186","4456","1611","3102","5399","3907","4404","4026","3524","3296","3553","5170","2993","6015","3529","1650","5344","4410","3173","2315","5169","4254","4165","2762","3993","3820","3995","3853","3816","3532","2280","2541","4949","3302","4625","5632","4951","3627","5684","3755","3608","4496","3360","3996","2456","2579"
"0.58_752.49","132","8729","73","286","3495","2069","230","358","312","132","2805","8448","7382","6849","5923","7668","9307","5721","1401","205","76","3129","165","6764","11189","6350","4412","7325","9478","8729","9355","4363","7595","10687","8811","3629","6241","9231","12261","6800","11071","7990","7277","3461","9050","8243","557","2960","5897"
"0.72_722.46","2834","1873","3303","1921","3079","1642","1404","2888","2725","2090","2219","3021","3177","2418","2967","1659","4845","2906","435","3964","1974","3485","1618","3107","3113","5137","3233","3743","2616","4182","2943","4244","3769","3038","2870","5001","1885","3263","2889","3296","4276","3759","4964","1733","5211","3149","1839","2224","2999"
"0.28_286.14","2189","6354","3728","8903","11997","4068","19058","6384","31430","3432","10084","4128","8083","3445","3294","7505","15090","3596","5652","1948","2551","5494","8448","6508","9256","2302","7103","4187","3403","9273","3626","9543","7454","8902","9580","438","13900","21425","19250","3483","17145","2847","6123","1034","9363","1447","22825","8725","10995"
"2.09_1441.21","5182","5073","4622","6240","4493","3379","3489","4738","3888","3295","4776","4372","3902","5573","5204","3707","5545","3580","3609","4680","3633","5524","4108","4881","4937","4760","4148","4611","5331","4828","4381","7508","5777","3868","4761","6825","5136","3913","4808","3968","6942","5289","4597","3155","6102","4020","6153","4940","5282"
"2.21_818.58","3036","3379","3717","4769","4651","2471","3513","4048","3530","2790","3910","3719","2895","3537","3455","2612","2942","3248","1985","3231","3808","3709","1711","4163","3271","3459","3623","3364","2850","4149","3181","4191","3494","3735","3405","3932","3450","3238","2967","3109","4161","3579","3670","2843","3331","2967","3381","3154","3869"
"2.46_1004.84","1590","2060","1325","1443","4509","987","537","6604","5120","945","1044","2467","1505","1404","1964","1381","2149","2166","358","1853","1221","1048","732","2105","1454","1694","2067","3242","1633","5114","3563","2408","2271","1827","1957","2615","1550","2868","4080","1868","657","1074","2289","1568","1742","3594","1003","3471","2940"
"1.30_846.55","5088","7028","6848","7159","10347","5141","4766","5801","7923","2971","8686","46174","16750","7303","9504","4792","48881","10241","1791","4981","5165","20230","3157","19000","7540","23420","10319","22029","9077","33556","7581","61490","13603","12397","7462","17739","7807","13076","9498","8001","12024","12122","27140","6743","24433","9990","5368","5515","8705"
"3.14_1016.89","10492","6565","4925","7405","36174","2187","2353","35745","18228","4078","5168","6429","5155","4961","4594","3086","7963","6639","1398","6246","4028","4138","2279","7834","2188","3403","4532","9321","6666","9388","11274","6069","8082","5484","6967","5361","6011","7193","11856","5294","2586","2756","5567","3822","8238","7864","5235","12038","10096"
"0.71_636.39","3586","1962","3728","2909","3667","1192","2119","2200","4737","4498","2937","2387","3905","2307","2573","1380","4586","3341","1655","3507","3317","6139","1933","3871","2127","4804","2878","3537","3050","4312","3124","8321","3295","2398","2753","3882","2556","3785","2628","2100","3716","4592","6337","2846","5331","2326","2142","2916","2437"
"2.15_166.06","3269","4033","5797","6407","5356","2901","4409","4648","4314","3001","4302","5236","3355","3872","4860","2695","4137","3553","2039","4400","4423","5178","2448","4609","3963","4900","3615","4017","3442","4312","4679","5826","4605","4745","2838","4680","3503","4143","3869","4325","4982","5358","5474","3364","4251","3893","3952","3167","5050"
"3.31_687.57","5135","5251","2241","5860","6089","5144","2517","5156","4776","2796","2695","4744","5402","4621","4708","3531","5281","2856","2371","4081","3434","5326","3757","4661","3090","3298","2754","4381","5536","5725","4719","5912","5829","4047","4602","6137","4540","7334","6158","8076","4767","5118","6110","4294","7502","6845","4015","9552","8544"
"2.07_836.60","15854","13839","17300","12257","19269","9564","14741","18654","19595","18778","13665","14434","11418","16378","13215","13714","19489","14776","10549","18808","15819","12393","8974","17877","12771","16206","13515","19184","17818","18825","12961","12432","14879","12676","12566","17461","14209","18874","14283","17467","17012","21490","11271","14696","14990","11232","13315","13819","14749"
"1.72_796.55","2991","3819","2345","3204","4449","2720","2080","3965","3227","2328","5282","5078","3855","3577","3552","2330","7635","3507","1743","3213","2550","3713","1450","3961","4411","6341","3437","5919","3252","6082","4194","8450","5455","4524","3514","7062","3549","4495","4712","4917","5406","6283","7316","3087","6210","5533","3767","3489","4848"
"2.38_813.62","12512","11032","13634","23164","19467","7484","13191","14353","17157","10025","9773","12389","9161","8836","11252","6395","9028","10289","6773","7719","14268","19639","7733","13292","9783","10910","13933","11837","9833","15334","13200","19830","11673","10270","7789","12009","11262","11715","9889","9432","14580","12842","12082","10867","9719","7990","11679","7945","13097"
"2.58_811.81","100","2264","1539","7182","7054","659","2719","214","5038","426","6741","9268","1682","1676","2343","207","2699","369","334","109","233","4494","534","3466","4756","10234","124","3091","2311","4638","3856","4547","2986","529","170","9160","2361","6571","2967","4167","6590","4424","4640","755","7435","6551","3839","1893","9941"
"1.63_801.58","5587","4122","6433","6203","13376","2547","3948","8894","6214","3820","4242","6568","4439","4410","4780","2018","6142","4226","1088","7009","4083","6341","3752","4950","4685","5384","5365","5663","4234","7839","6852","8145","5654","5701","4037","6178","5143","6361","4564","4250","6963","6057","6435","6769","6838","4263","3509","3639","5099"
"3.29_970.84","6703","10974","13849","16736","48105","4629","3027","55753","45531","7548","4695","9102","9588","6578","6839","4753","16557","9562","2810","8081","7188","8280","3294","13710","4584","11615","11856","16253","9362","26803","15395","14818","10900","8082","7323","19570","6688","10596","13140","9377","5600","4929","13235","10336","6823","12216","3674","14021","12457"
"0.68_650.40","1402","1701","2273","2068","3024","1261","1002","1760","2458","1279","2999","7705","5453","1601","3865","758","10752","3938","908","1466","1708","9399","756","4708","1896","5888","4619","4518","3558","7353","2315","12207","4330","2792","2133","4545","3066","4206","2530","4208","4382","2636","11022","2596","10044","3210","1265","937","2819"
"1.52_860.60","6906","5916","7462","7817","7549","5562","3720","7787","10011","2501","4136","12477","7452","4445","7362","3205","12996","5323","1164","4810","4083","9217","4061","9232","5090","7618","5807","8711","5393","10969","3792","13962","10158","5932","3695","8613","6005","8522","7421","6886","6717","5876","10029","4969","6698","7695","4579","4733","10467"
"1.81_548.47","2332","1685","1847","1789","1247","2960","2299","1903","2150","2489","2086","1952","1658","1611","1931","2096","2239","1610","1815","2426","1707","2383","2280","2622","1666","1503","2052","2204","1810","1392","2093","1551","2272","1894","1618","2031","2087","2151","2540","1624","1688","1903","2900","1757","1622","2231","2168","2622","2060"
"1.40_850.58","1564","1413","1477","903","2558","961","1256","2884","2304","1212","1883","14727","2785","1912","1517","722","18086","3203","909","1874","963","4006","741","5033","1701","12196","2734","12444","2436","7169","2628","20881","4807","4185","2786","7628","2794","5106","2480","2870","5486","6559","6674","1178","15529","2670","665","1694","4506"
"2.37_1589.23","5301","5891","4763","9484","6481","4018","4297","7190","5142","3721","6733","8297","4861","5741","7650","2811","8749","4934","1972","5025","5227","6785","1655","7080","6091","7433","5418","6601","5355","7076","6518","9865","6576","5125","3613","6137","5414","5892","5638","6863","8057","7247","8124","4726","8078","6438","6076","4313","7129"
"3.15_879.74","1136","792","868","2108","15865","763","427","5608","2084","2456","594","2498","1067","916","997","195","5442","991","318","680","1659","1405","436","1640","674","2426","943","6981","1100","5319","742","4802","1138","681","1346","1451","1728","1123","2041","1363","1362","1364","5224","1378","1791","1128","884","5745","1196"
"2.65_780.69","19837","20435","15625","21011","26978","18651","12890","23460","16289","11471","8126","20042","21955","23277","16180","10800","15269","11442","6590","16940","11263","17151","8926","16296","14392","17336","14555","17148","22426","24646","18969","23027","19021","18388","20460","28641","18854","27274","16389","20288","23592","16918","18239","16763","19350","18995","15120","31061","37779"
"2.88_821.63","7051","8834","7839","10198","8852","9077","6363","8653","7446","5213","8568","8846","7690","7708","8506","6062","9192","7738","6252","8375","7550","7892","6150","7259","7254","8517","8839","9599","9826","8937","7140","10425","8216","8271","7231","9456","8634","8402","7952","9508","9054","9789","8689","6479","9553","9331","7581","6697","10906"
"2.06_794.59","20749","12212","15923","10272","16461","6722","13047","13432","17686","15844","11931","10753","11971","16224","11553","10437","15439","11755","7592","14706","12912","12643","7520","13579","12997","11879","12326","12511","15733","16423","13277","13174","10259","10228","12803","16376","13821","14441","13262","13037","12930","16339","12662","11488","13002","9609","17514","11972","11702"
"3.05_928.76","3977","3659","3688","4302","34677","1964","1186","22895","17644","1887","2330","2852","2638","2115","1657","1426","7043","3291","1654","1950","1782","1970","942","4852","1171","2374","3460","6703","2976","5967","7361","3438","3909","3705","3580","4511","2604","3482","9811","2917","2027","1880","2751","2337","3956","2583","2394","6582","5557"
"1.30_862.54","2666","3317","3078","3254","3683","2659","2364","2520","3506","1808","3340","8862","5361","3490","4649","1980","9624","3844","1493","2330","1942","5751","1358","6372","3650","6010","4756","5974","3742","7291","3442","9589","5767","4500","3510","6575","3266","5498","5004","3911","4520","5945","7829","3366","5839","3802","2574","2928","4189"
"2.15_760.07","3352","2468","3273","4687","4239","1982","1533","3419","3721","2134","3385","3935","1967","2610","2673","2473","2527","1980","1554","1807","3407","3102","1591","2465","2541","2591","3819","2838","2853","2467","2766","3876","2899","3432","2443","2396","2647","2934","2646","2890","3666","3925","3007","2862","3329","2496","2475","2985","3007"
"2.57_759.70","8042","8416","8016","17506","12291","8129","5777","11986","10183","4918","11273","12950","10138","8156","11039","4738","14055","7200","5497","9115","8028","13995","6811","11674","7311","11994","8960","12024","14276","13830","8934","17870","10246","9397","8254","10589","12198","9890","10687","11581","11856","12557","13200","7309","10052","12039","9382","7197","13801"
"0.73_638.40","6563","3288","5993","3921","3791","2203","2192","4522","5529","3540","3489","5420","4663","3762","5028","2431","8824","3593","1331","5922","3695","5340","2108","5598","3941","7773","3377","5256","3949","6263","3592","9022","4450","3407","2624","7391","3040","5612","5014","5622","5185","6126","8022","3428","6439","4561","3823","3005","3643"
"2.15_1517.34","1531","1709","5205","10703","8289","180","2482","4558","2990","642","1841","4962","1151","1886","971","647","2674","101","269","1680","1862","4767","327","3932","2489","4335","1287","2658","0","5374","1331","8842","2654","2533","0","4115","1132","2173","1077","546","7122","6030","3437","352","4101","1619","1728","902","5955"
"1.80_828.54","7635","7438","12202","8687","13408","5203","8250","9649","9531","10473","7795","6975","5867","8818","7395","7228","8780","8376","3753","9184","9903","7460","3700","7787","8008","9457","6536","8221","8514","9478","8104","9023","6698","7535","7815","10715","9922","7768","7802","8126","9672","12926","6957","6857","9654","5881","6380","7886","7517"
"1.76_842.59","3168","3338","3514","2372","2904","2088","2702","2545","4408","2060","2458","4460","2365","2027","2991","1608","5282","3324","760","2395","3422","4109","2111","2462","2382","3711","3112","4693","3779","4121","2213","10498","3758","2556","2924","3293","3157","3491","3086","2488","2841","3310","3494","2172","2798","3683","3836","2003","2513"
"2.07_704.22","3047","3960","2916","5099","3491","2907","2725","2752","2781","1720","3681","3287","2032","3924","2534","1744","6098","1661","1829","2735","1712","4299","2241","3449","3368","3796","2711","2775","4694","4075","3176","9157","2847","3390","2954","4671","3529","3649","4516","2916","4524","5211","3692","1833","4703","4220","5126","3415","4308"
"2.21_734.53","3205","3731","2776","5003","2495","2802","3036","2719","3059","2350","3304","2209","2242","3385","2312","2282","3103","3179","2532","2429","1959","3512","2600","2541","3014","2360","2877","3144","3513","3001","3306","4913","2408","2975","3580","3373","3240","2971","3616","2712","4362","2820","3376","2427","3438","3060","2836","3409","3242"
"2.86_905.60","3168","3724","3088","3874","3085","3151","3264","3570","3056","2787","3350","3856","3365","3256","3608","2805","3359","3132","3078","2657","2394","3263","3049","3484","3930","3982","3420","3451","3089","3855","3860","4396","3335","3486","3502","3601","2978","3668","3087","2914","3326","3748","3966","3208","3550","3854","3361","3808","3654"
"1.39_857.57","1961","3367","4164","3909","3448","1800","1730","3334","4208","1497","3212","7230","3163","2623","2959","1219","11495","2945","585","2159","2505","4230","1317","6099","2406","6123","2841","5698","3731","7341","2838","13668","4262","3905","2534","6234","2081","5461","4099","3563","3864","3822","5933","1760","6123","2927","2217","3055","4249"
"3.21_1016.88","10119","11203","4200","6726","39172","3581","2027","33803","18462","3705","4037","6587","4408","4396","4520","3806","11069","8494","3154","5493","3300","5217","2209","12519","3546","4078","7104","13214","7078","8639","15174","8401","11594","6150","8399","9879","5687","7036","14019","5838","4132","3022","6137","3942","11751","7606","3916","12439","10445"
"2.11_732.61","6531","7985","10164","15990","10147","8324","5176","10118","11038","5091","9269","19738","8554","8100","15282","3925","21465","5829","2703","5315","8440","7374","3825","10232","21230","13359","5080","10929","5693","9845","8263","22248","11736","9445","5227","13043","4916","9367","11333","15225","10454","15049","24044","12352","12444","19444","8887","4906","12086"
"3.98_876.79","23986","43404","55159","81728","264160","16894","11358","211614","196813","41878","33067","60771","43919","21359","31639","23030","82188","52981","14663","56736","65951","56771","10299","72140","17148","54966","62161","83866","33677","110102","72386","108677","73122","25085","26567","69614","22288","38639","39325","43480","38619","41019","99196","41186","31058","52088","15993","40266","38214"
"0.84_722.46","3887","2128","5516","709","3640","1607","1873","3623","1130","2274","3013","8274","2608","3463","3709","1404","6933","2910","734","5490","2529","3180","1675","3545","2296","5911","2517","5453","2944","5356","2314","6310","4293","3361","2902","4880","2749","3392","3295","2614","4316","3763","5352","2034","11588","2681","2190","3287","3037"
"3.28_650.70","3210","4930","3635","4222","3453","4797","2884","3936","2679","2309","3359","4435","3174","3440","3355","2987","3559","3909","5071","3039","2835","3313","2629","3371","3542","4310","4453","4186","4725","3346","3090","6025","3724","4443","4147","5867","5250","3754","4158","4615","3692","4283","3570","2433","3278","4447","3074","5740","6929"
"1.82_675.60","8113","10752","8005","14496","8258","6227","5435","11412","11798","4222","8300","11636","5517","9005","9035","6208","13347","8831","4059","10979","7050","11034","6448","11075","7994","8693","7052","10800","14046","10933","8017","11551","10032","7943","7618","9146","9647","8099","11976","11166","9898","12337","9832","5935","9934","9261","6952","5661","13671"
"2.07_833.64","14958","12149","13762","9940","10902","10343","8511","12194","15170","10163","10047","7976","9173","12378","10973","9611","10589","9443","10096","14957","11630","11222","12246","10080","9395","8595","8212","13543","13885","11294","9484","10425","10287","9870","11070","10135","12121","10809","12865","13368","11635","9765","8337","10313","11062","9946","11382","8446","9700"
"0.81_680.45","1925","1619","2763","1691","1895","1102","990","2109","2035","1219","3913","3883","2965","2269","3357","1122","5753","3068","830","2649","1302","4365","1064","2962","2414","5380","3385","4221","2689","4561","2938","4013","3852","2855","1825","4929","2388","3371","2206","3930","3449","3260","7293","1901","7914","2471","1233","1828","2599"
"1.74_784.58","6916","8050","8540","8357","19595","5116","6169","11995","8942","6079","4448","12342","5746","5621","7253","3478","9536","5260","2135","10680","6610","8977","4791","7752","4659","10298","8025","8267","6377","11967","9447","14862","9482","7119","4710","12028","7069","7897","4997","5809","10299","8045","7685","7813","9829","6964","5985","5674","9658"
"1.88_829.68","4631","4502","4075","3016","6350","2438","2625","5254","3813","1572","3405","3940","3965","2832","4034","3129","6247","3259","1491","3328","2273","3783","2606","5433","4867","6179","3098","4248","5105","7107","5564","7437","4631","4425","3904","8911","3685","4717","6083","4880","4393","4911","5740","3091","5241","5325","3278","4964","5583"
"1.31_808.56","5672","7396","5014","5594","6833","4950","3283","8971","4768","3003","5633","8782","6501","6429","6879","4123","12118","5217","1317","7641","3841","6674","3881","8920","8038","11125","6644","8469","5793","11137","6632","11098","9169","9753","7355","16338","6475","8848","7095","5595","9453","9654","12356","5582","11630","8841","5543","7684","9399"
"3.05_735.73","9010","12400","9008","11159","7431","12688","10810","10054","8155","7423","8708","12525","8949","8194","10431","8195","10232","8464","15625","5613","6783","9015","10008","8616","11325","10657","9395","7822","8339","10398","11198","11714","7477","14516","10289","14527","9680","10434","9920","14203","9360","9413","8676","8936","9017","13140","10178","15802","13767"
"3.34_932.79","2045","3355","1514","2106","18379","1608","516","11116","1129","920","1470","4892","1731","1803","1672","1394","8302","3305","999","2025","1430","2527","786","4589","763","2666","2553","5822","2441","5258","1843","10824","3244","3232","1891","3233","1627","2285","3890","1957","1599","1751","2440","1493","5148","1499","1277","5003","1956"
"0.69_524.33","792","6558","841","2498","6539","5082","1497","2863","2822","1815","7281","6468","6000","6405","5515","3409","8386","5054","3612","1329","1135","6898","876","4553","5512","7901","6063","4764","9038","6164","1775","7190","4594","4573","4105","6451","5287","5968","5022","6600","8494","4808","5046","4594","9540","5535","2837","2978","5465"
"3.04_895.64","14040","13435","13920","12931","15380","15551","12846","13640","13421","10722","13930","13937","14258","14038","13037","13329","13626","14839","13112","13412","12938","14196","12603","14710","14117","13643","14696","14240","14199","13574","13660","13352","13493","13737","15195","13416","16221","15266","14419","12574","14795","14090","14094","12390","13844","13973","15086","13208","12975"
"3.26_383.33","7709","8367","2965","7281","9457","7129","2976","8820","7158","3022","3971","8539","9794","7923","6233","3794","8031","4544","3415","5304","4656","7571","3730","8448","5141","6200","5118","7598","9339","10199","7586","12904","8605","6922","6839","12514","7448","11995","9031","11368","7653","7247","11164","6631","10624","10900","5727","13920","15201"
"1.40_804.54","4205","5170","4743","4660","8026","2992","2949","9527","4879","2604","7661","10055","7031","6750","7559","1875","18435","5784","1466","5982","2688","6771","2317","8466","6536","15814","6280","11953","6677","13649","6312","16855","10650","9214","5467","17776","5197","10828","6867","7156","10287","14817","17765","3504","19448","7161","3404","8642","11552"
"1.53_832.57","4689","6146","5256","7111","7313","5532","3813","10006","7414","2244","6361","12851","6306","6195","7516","3444","16241","5044","1580","5660","3851","9483","3145","10727","6919","12025","7446","11673","6665","10895","4123","16549","13424","8958","5024","13376","7216","12386","8417","5151","10442","9469","9774","4451","9831","8205","4496","7129","10530"
"1.31_836.54","9966","9260","7018","9786","11817","7387","7432","15905","7654","5666","8356","7743","6278","8578","6165","4035","7648","5244","2302","8590","7863","7935","7156","9383","6711","8198","6780","8506","8340","8835","7169","9935","10533","8475","6768","8695","10648","9713","7390","6170","7719","8677","7365","6038","8600","9794","7686","11993","14154"
"4.11_876.86","10237","26678","12052","28910","67275","7515","3100","59684","22699","12099","14058","38354","26209","8856","18783","12962","36466","27146","5309","33330","29806","23653","3332","38575","7937","18930","32601","33213","20121","39602","28231","37219","35682","9712","9720","21775","10241","15248","15851","21445","15380","20877","31652","20284","19167","34893","4092","14741","18504"
"2.79_1635.42","5030","4914","4357","6900","5299","4325","4063","5684","4544","1780","5644","5976","3187","3834","7119","2520","5493","3730","4973","3288","3039","5574","3098","4412","5851","5838","4258","4604","4392","5378","5069","8392","2486","4590","3669","5535","4729","5339","5301","6082","5920","5911","6526","4198","4610","6710","4579","5141","6230"
"3.18_179.14","6695","7266","8377","12265","15752","5833","3844","11076","9844","5991","3961","10171","8585","7493","7019","3319","8027","4277","2418","6777","6826","9590","3520","7625","4019","9558","5688","6670","8760","14475","8622","10744","7765","6096","6793","12970","6722","10818","6242","7756","11637","7901","9140","6557","9832","5903","4493","9980","13530"
"1.85_833.57","7937","7635","10347","17492","14362","4003","9519","9683","11603","9428","10494","9960","6762","8183","7437","6159","9335","7612","3686","6501","15015","8961","2696","10144","7560","7627","5749","7656","8630","9620","7321","8634","6804","5554","6137","7920","7283","7735","7142","11519","8171","11058","10229","6021","8452","5568","6264","4709","7054"
"3.00_962.84","2827","7792","3277","5232","8629","3862","1024","17814","7675","2155","2338","5994","5515","3583","4952","2580","8075","5951","1768","5418","2631","3417","1538","8162","3010","5247","4019","11389","5697","12709","5888","8076","9668","3695","3442","6265","3305","5025","6357","7674","2244","3240","8607","6698","3291","10742","1475","9239","8784"
"2.26_718.58","5757","7280","10585","14119","7698","6755","6737","9463","14052","5365","10098","12277","7686","10235","8514","3825","10849","7170","4215","6393","5432","9472","3803","8743","10003","9588","9325","7000","8399","12612","7348","16583","6440","8613","7037","12325","5757","7318","6766","8283","11725","9333","13856","5590","9326","8268","11755","4893","11285"
"2.85_782.76","8646","6098","6329","10274","9906","6296","5654","9964","7291","5734","4971","5239","5742","9824","5914","3572","5005","3843","2022","8053","7034","6879","5301","7362","3234","4674","3472","6177","8802","6331","5963","6659","7226","7830","7341","8079","8328","10162","7241","7432","6013","6825","6922","3746","8255","4652","8601","13912","11544"
"0.96_662.44","3531","2743","4179","4028","4243","2350","2212","3993","3101","3114","5719","6913","4254","3107","6241","1596","8176","4333","1257","3903","2677","8526","1549","5054","3256","5785","5355","6494","3654","5494","3423","7518","7376","4374","2909","7947","3385","6421","4283","4576","5482","5857","10914","3162","9202","4472","2369","1960","4467"
"2.12_627.53","12382","14827","24560","34643","21089","15776","18567","9897","19268","19730","14258","16724","12462","8204","12913","7658","6135","12576","14739","13697","21024","20215","12797","13579","8826","12057","15795","9425","9877","14519","15057","26644","11011","7598","7280","14034","8599","9690","11507","9517","16692","14197","13347","13668","12798","10511","17429","6637","15460"
"3.22_1014.87","10403","13980","4781","8272","46550","4179","2111","46714","25214","3863","5448","8515","5452","4649","5914","4175","17026","10738","2802","6161","4289","5421","2254","14610","4566","5130","9353","18426","9580","12513","20002","11723","14604","7707","10273","10748","6361","8945","19610","8076","4387","3181","8297","5044","15924","10305","3776","14685","14116"
"3.75_765.69","2101","3776","1629","3472","2595","5064","2469","3178","3045","2152","4608","6410","8972","7801","15383","4054","8900","8339","5260","1824","2434","13832","1463","17277","4546","7971","12941","18073","10681","11654","5641","17093","19295","11474","7457","16278","8933","19476","15156","11574","8242","7228","8820","8666","17299","13678","3585","4258","11268"
"0.21_551.03","143","330","158","1109","396","336","1710","498","1479","1627","662","456","125","191","412","134","134","412","140","132","1210","19606","169","1585","70","2029","267","351","961","327","0","673","96","424","536","229","458","348","327","83","271","196","483","54","314","383","3500","1282","1386"
"1.91_878.71","1687","1753","2066","2179","5020","1290","646","10447","6386","1435","1146","1442","1925","2100","2442","693","2607","2375","1081","2430","1584","2883","1353","2946","1076","2229","2568","4574","2420","4523","2258","2443","4377","1455","1346","4288","1615","2918","3403","2599","1354","953","2988","1677","2591","3926","1402","4083","3928"
"1.78_830.55","4588","5497","7852","6926","10903","3549","6812","3922","11053","6320","5534","4010","3274","4257","3487","3461","4924","5458","3981","3658","9579","6640","1685","5337","4592","5666","4136","4371","5087","7882","3668","6346","2731","3521","3036","4393","4777","3283","3643","4973","4821","6055","5723","4333","4091","3633","6639","4098","4703"
"3.19_1017.88","6549","6222","3340","3783","23366","2182","1197","20048","10726","2089","3258","4964","3493","2453","3457","2616","6913","5187","1920","3323","2771","2739","1934","5410","2241","2388","4584","7484","4269","5666","9054","5687","6168","4037","5166","4786","3993","3950","8105","3920","2657","1597","4518","2148","6560","5070","3244","7833","5966"
"2.02_698.61","46789","7783","40213","30433","2626","12479","35579","21588","34618","28781","32093","1238","1887","5967","16334","9003","1000","3914","12437","40159","35847","3528","40452","2602","11688","1183","8767","1764","6313","1980","11324","1134","5081","2689","3660","2580","3182","5827","10401","7322","2472","3201","3189","11037","2554","14954","22584","42106","13647"
"1.97_828.61","6420","8923","6543","8985","10065","6477","4546","10052","8461","3405","6361","11795","6718","6540","7454","4451","11551","6160","4587","4967","4883","8535","4162","11036","6441","8915","6852","9577","7975","11123","7627","14039","9408","6482","5856","9287","6698","8878","8174","9448","8741","8957","10881","6765","8068","9869","6226","7574","9650"
"3.20_249.22","3181","3285","3891","4137","6459","2501","1530","4053","3733","2528","2159","3808","3225","4208","2660","1914","4087","2092","1585","2803","3048","3183","1445","2880","2115","4203","2760","3130","4065","4505","3213","4924","3772","3423","3605","5603","3149","4777","2808","3129","4625","3737","4260","2731","3953","2354","2263","4085","6301"
"1.97_677.55","5234","9208","4645","6518","7999","7837","3326","7677","7987","3336","4275","7525","6233","6101","5459","4531","7791","6027","5418","5214","3100","4856","3781","7127","6080","6380","4711","8611","7887","8598","7117","7206","6894","5584","6667","10055","6071","8078","6390","9025","6944","6154","7323","4357","6139","7258","4787","5747","8840"
"2.11_783.71","0","2178","10712","9057","14472","689","4930","526","10807","1630","0","0","3979","872","2752","560","289","3781","383","170","11341","2502","302","4442","0","0","6734","0","0","15035","466","8498","0","3230","359","448","126","0","456","0","3997","2178","3958","6222","1851","1089","11143","556","0"
"1.40_772.55","8818","5154","8406","7194","11076","3124","4107","15451","8992","4674","7913","6700","3912","6188","6282","2335","10537","3734","809","9307","4770","6550","3942","8320","5500","10298","4375","9045","6937","8101","5868","12112","8314","9042","5101","11179","6930","8468","7583","5486","6822","9680","12216","2867","13924","7526","6205","10328","13411"
"3.28_996.86","6109","4711","8939","7607","66679","1793","2538","27996","29929","4265","3663","3370","2910","2698","3598","2244","9623","4378","1679","2655","3141","3868","1326","6672","1816","3830","4806","9363","4088","6996","13683","4760","6006","4501","5424","7038","3902","5774","16130","2650","3918","2736","3969","2936","5416","3114","2003","8952","6769"
"2.02_859.65","5769","5625","5285","6357","7058","4549","5206","6088","6940","4163","5470","4102","3646","5945","4812","3928","4755","5233","17656","4305","4739","5821","4047","5529","4827","4782","4147","4704","4957","5255","4836","8496","4456","4694","5291","5856","5946","17951","6096","6050","5016","5164","3643","4279","5599","4997","5524","4492","4673"
"2.40_718.54","19752","32010","37288","102883","20063","44760","37661","8568","12902","17889","51020","65412","29835","33679","43125","13956","48221","26594","44396","14108","27667","39569","27115","47826","30053","56208","40242","31220","19516","30142","29871","60653","17160","20218","19207","19791","22390","17172","21799","26399","34131","47765","41804","23581","17313","16906","19261","12833","41852"
"3.16_367.34","7317","7177","11410","11524","18819","5847","7108","9948","11655","7832","4005","11058","9556","8315","7759","3563","9369","4875","3073","8262","6634","10581","3305","8675","4257","12330","7591","6793","8357","12506","10509","12832","8469","8519","8365","13853","7606","11698","6665","6869","15044","10563","11797","8955","10252","5606","5900","8593","11164"
"1.47_796.55","3474","3725","3601","4859","8345","3432","2532","5135","3292","2973","3541","4029","2366","3554","3242","1980","4575","2913","1059","3482","4277","3481","2566","4023","3132","5382","3380","4901","3374","4428","3722","6336","5003","3857","3581","3503","4285","4063","2553","3008","4967","4628","3625","2444","4818","3524","3074","4356","6840"
"0.71_286.31","5390","3077","2132","6467","3725","3211","149439","35433","53534","3408","17222","2793","5013","36131","17399","6336","4269","35084","2489","20213","10490","17418","15254","3737","45073","33563","21923","1872","24095","7558","18626","6472","3717","1597","1983","2516","9084","2006","5664","1715","1880","2363","4049","4118","7241","2570","3064","6609","69801"
"3.51_1002.90","8726","13364","2478","4724","27010","2844","1515","35519","15420","2087","3980","8679","5643","3387","4942","4145","7943","7858","2541","6359","2938","4011","1850","7854","3206","3886","8267","7267","7073","9088","11355","7417","8252","5199","6597","6496","4206","5846","7771","5256","4171","3211","5989","4348","10533","10496","3086","8023","8889"
"3.32_964.85","666","1542","878","924","2637","978","519","3482","2084","609","582","4531","2673","930","1356","1032","7786","3159","509","1643","709","2190","394","4092","918","4323","3070","8174","1726","7116","1402","7054","4363","990","970","3791","1474","1965","2800","2022","1336","1536","6345","792","4145","1918","606","2532","2050"
"1.53_746.53","2916","4764","2825","4250","2898","4505","1700","6622","5397","1836","6117","8455","4298","3849","7339","3782","12450","2937","1974","3874","3007","4518","2859","6766","11070","6531","3729","6060","3424","6779","2948","6546","8515","5420","2439","8148","3220","6099","8037","6313","4048","7933","12106","4952","6214","12502","2867","3060","5978"
"2.37_1339.02","2814","3676","2224","3645","3421","2418","1914","2749","2236","1867","2254","3664","2822","3310","3253","1043","2856","1570","686","3707","1982","2915","1109","2418","1930","3333","1756","2425","3268","4175","3064","3994","3226","2533","2953","4750","2986","3977","3071","4157","3478","3184","3917","2383","4305","3360","2448","3869","5475"
"2.03_453.35","4032","5441","3229","6959","4319","5745","3104","3515","3060","2691","3912","4425","3574","3215","3261","2946","4103","3161","3147","3041","2858","4055","3500","3491","4032","4139","3969","3229","4270","3985","3292","8582","3278","3894","3524","5189","4588","4127","3891","3741","5191","4917","3884","2465","4162","4745","4318","3828","7760"
"3.19_750.74","22286","22737","23391","30228","30874","21185","14715","26047","24239","17779","14791","27753","24792","25095","20573","13703","24259","9102","10853","22306","20999","24611","13467","23154","14243","27150","20447","21151","25936","31169","24274","29436","22909","23098","21676","31677","17929","30453","16243","23903","31279","23483","25670","21562","25654","20529","17094","27336","31323"
"2.76_778.67","5225","6833","3467","6532","6712","6484","2414","7391","5237","3349","2866","4766","6632","6774","5311","4188","5933","4044","3039","6009","4115","6577","3879","6378","3761","5006","4061","6844","6991","7034","5443","6717","7272","5201","6107","7535","6381","8490","5491","7271","5467","5059","6074","4997","6414","6407","4164","10733","12341"
"0.22_403.00","10561","853","12021","3301","513","760","6348","4247","4681","3393","1732","905","424","774","1010","270","390","427","267","11392","4405","835","8876","965","539","650","590","472","778","608","459","1029","545","397","593","760","855","714","636","511","391","564","704","488","768","1135","2500","3943","1633"
"2.11_780.65","10179","14342","5914","10391","9513","15494","4331","16912","11059","6642","6962","11357","12727","18558","11586","9936","10984","8708","5909","10796","9620","9381","9446","12794","7172","11001","9781","16521","14140","12117","12635","7719","19360","13655","14773","17741","13265","24738","16908","20634","12485","11886","12950","11269","12768","14708","8160","25256","20887"
"1.03_694.47","7553","4056","8169","4661","5610","2801","2609","6813","5952","5708","3824","4502","5056","5603","5790","2939","9508","4013","2806","16114","3968","5841","3244","4490","5597","3690","3994","3833","5228","5715","5010","6517","3529","3141","4457","7354","3829","6103","4522","5006","6371","5862","5413","5090","8002","6071","3948","4104","3812"
"2.10_577.52","7279","8333","6712","7490","7145","13044","5663","6943","7284","4445","6238","7121","4712","5897","6073","3334","7950","4820","9857","5066","4842","5595","8603","7396","7373","6802","4455","6782","6312","6914","7794","9385","5240","5729","7706","8341","8778","5711","7958","8176","6393","7455","9747","4241","6398","7701","15721","7342","13543"
"2.35_840.53","9604","7344","7509","6323","7419","6973","9306","9034","9290","8682","8408","7798","10729","9523","8869","8096","8664","9163","6287","9253","9341","7913","6487","8626","11276","8600","7750","8101","7579","7934","9608","5743","8864","7939","7807","7675","8868","9340","7918","9079","8765","7890","8720","10500","8231","8474","8389","9105","6867"
"2.16_759.18","4749","6018","3280","8371","7271","1851","4028","6664","4739","2970","3700","4932","3983","7326","4648","2843","4385","2824","1679","4319","4793","5274","1930","5058","4205","6770","2682","4205","4985","2750","4854","5931","4488","4167","3852","6258","3883","5705","2099","4515","7202","5367","6234","4332","5404","4657","4545","4062","5881"
"0.20_367.11","8001","457","18550","5618","804","462","6315","3452","7661","4807","3058","946","601","523","1321","560","687","462","926","21585","6517","792","11253","846","537","1180","744","1083","913","1234","819","1202","2017","602","719","1093","964","580","736","649","735","1705","1696","727","1467","1148","2018","6743","1737"
"1.41_401.34","15806","26143","8901","10272","15560","11258","6886","21294","11369","4745","19803","14673","17635","19693","23479","8476","25020","16896","5448","14737","5844","17185","6933","21980","23877","21987","21166","22739","27970","24315","19837","24476","25555","29065","23102","34404","23265","33086","33897","30524","25652","32470","28224","11462","25709","34965","16981","25369","31029"
"2.49_679.56","3568","4029","1920","3014","2634","3388","1575","3482","2824","1456","2238","2800","3788","4266","2943","2088","3148","2565","1984","2897","2248","2974","2989","3336","3327","2683","2575","3308","3525","4025","3295","4383","4060","3595","3783","4031","3452","4161","5417","4583","2757","2869","3293","3109","3853","5434","2783","6277","5910"
"2.12_739.53","8811","9247","8558","10299","8457","9052","7363","7725","7472","6266","9006","8704","7619","8721","6997","5823","9385","7555","6649","8126","6514","8592","7308","8305","7729","9216","8896","8386","9740","9380","9098","12461","8784","8647","9030","10769","8120","8961","7916","8290","11004","10139","8749","6459","10147","8951","9982","9135","10339"
"3.01_974.84","3769","5737","4683","7081","16382","3871","1795","19927","13757","3383","3182","5176","4560","3506","3649","2739","7326","4997","2070","4383","3005","3882","2328","6299","3420","3964","6044","9035","5979","11391","6997","6797","5701","5412","4588","8597","4186","4703","6988","4876","2852","1953","6284","4613","4553","6888","2577","7489","8618"
"1.52_802.56","3291","5728","5414","5202","5548","4827","3245","8113","6256","2497","10415","7237","4522","6473","5733","3489","11831","5309","1590","3840","3412","7268","2570","10754","5951","9094","6943","7863","5288","9132","4220","9023","11621","9130","5051","11571","4912","10441","8448","4941","9310","11066","8511","5326","7887","7531","5890","6897","10185"
"2.79_893.62","8933","9200","8398","8323","8552","9865","8730","8706","9142","7062","9289","8451","8999","8740","9372","7097","8335","9245","8083","7632","7787","10158","7623","8577","9417","9217","8603","8745","7884","8390","9666","7418","8026","9499","9401","9114","8968","9548","8938","8334","9088","8095","8852","8559","8948","10106","9040","9568","7855"
"2.07_704.37","5075","5096","4111","6034","2311","4301","1509","2421","3363","941","7071","5002","3376","5422","4309","1422","5056","2737","3070","2195","1166","2674","3012","4712","5069","5472","4035","4388","6660","7650","3303","8862","5467","2683","4767","7222","5747","5587","4060","5638","6473","7135","2607","1358","5812","4105","9320","4015","4655"
"2.86_735.63","571","1709","972","1947","1134","1687","977","1650","1816","637","3106","2036","4294","3732","8602","1601","3452","3440","2891","805","950","5657","475","11041","2975","3752","8165","7723","6496","4639","3006","5022","12915","6706","3629","9434","3284","11629","10353","6135","4590","5811","5319","3483","9373","7968","1005","1706","4772"
"2.10_718.54","5853","3469","2301","5037","2583","80142","3563","4474","2419","2187","2925","3734","2751","3702","2672","2495","2730","1855","52821","2342","3167","2679","14592","1977","2780","2984","2210","3064","3729","2784","2729","2995","2368","2761","5022","3571","4825","4704","3456","3648","2765","2959","3366","2756","2021","6338","3040","6393","6193"
"3.25_956.83","4752","7962","10661","13172","39798","3147","2761","39278","33418","6107","3068","6345","7533","5336","5150","2762","12331","6925","2693","5402","5594","5946","2778","10940","3718","9742","9086","12755","6503","19423","11334","10909","8311","6596","6253","12667","5834","6889","8907","6367","4904","4098","8910","6691","5117","8265","2954","9755","9322"
"3.17_789.60","7214","7506","11141","11871","7122","9021","5708","3948","6583","14345","5701","9996","11165","8647","6585","6426","14740","7634","6700","6818","9817","13561","5732","11370","4738","11010","7993","10169","11352","10460","8647","15098","9229","9061","8653","16566","13327","12160","9022","11156","13124","18855","10263","10960","11344","5282","7109","7870","11012"
"1.10_622.41","15648","5613","23143","10347","7973","5926","7988","11800","23084","10727","7408","9909","8254","5376","10275","2442","15727","8736","4498","14174","14321","19395","11834","14522","3498","13426","10102","12203","9872","11928","5630","24075","9397","5921","3736","13259","8867","12045","5942","7893","7851","6528","11961","7235","12524","5348","7422","4137","6598"
"2.90_752.65","14317","17875","12375","20070","18013","18307","7779","20147","15165","11209","10757","18191","17294","20947","16296","12782","18020","11820","8192","15912","14032","17834","11603","19076","10431","18516","13204","19109","18028","19738","16871","19854","19544","16426","17247","22439","15974","24270","17452","21567","19057","18732","19550","13299","18982","16630","13267","24427","23567"
"0.27_311.22","9370","13305","3704","9310","12202","18411","5800","24183","13723","2391","8179","15800","9378","10527","9294","5763","9504","5427","17109","4906","3933","6389","12617","8932","10235","10355","8074","15723","11415","8641","7046","17829","13498","17990","13924","16240","18485","14886","18306","10741","8703","8662","8865","6164","20261","18363","5309","36979","33120"
"3.05_1012.85","4269","4540","4942","5192","39192","2264","1507","22025","18283","3140","2722","2701","3270","2841","1965","1763","8062","3556","961","2148","2791","2572","2006","5826","1941","2801","4097","7588","3617","6305","8833","3895","4755","4342","4225","6261","3194","4241","11459","3466","2996","1444","4157","2632","3168","3978","2984","8028","5386"
"0.85_646.41","1157","1627","2689","1810","2746","1050","1459","2434","4409","2189","2360","3237","3460","1815","2000","1136","4375","2225","869","2923","1420","4944","640","3464","1932","3717","2103","4277","2666","4003","2967","9300","2291","1995","1841","3530","1853","2819","1656","1699","3520","3623","4648","1758","2598","2059","1681","1567","1652"
"0.84_704.45","1366","1876","2888","2780","2194","1047","1237","2296","1893","948","4887","4387","2996","3336","4704","871","4117","3879","950","2765","1443","6405","798","4871","2119","3940","4089","5301","2478","4102","2430","5131","5389","3936","2262","5730","2533","5217","3580","3443","5407","4416","8581","2084","9647","3249","807","1261","3442"
"1.83_826.60","4059","5249","7895","8936","10869","3066","4541","5165","7451","2994","3944","6720","5344","4316","4772","2223","5634","4403","1268","4146","5095","10433","2509","5753","3714","4414","5828","5343","5167","8610","6093","10585","6381","3833","3562","5648","3926","7334","4602","5142","6008","4952","6972","4997","4970","4108","3419","3564","5329"
"1.31_864.56","1842","1707","1649","1561","2778","1063","1270","1752","1293","1003","2235","8851","4102","1766","2306","1130","7543","2541","721","1577","1139","4135","920","5006","1770","4799","2918","5174","2329","5916","2071","7958","3501","3493","2009","4691","2634","3157","2225","2446","3914","3786","6481","2031","5265","2188","969","1592","2117"
"3.34_711.62","5932","8209","6190","7836","7372","6995","6177","6807","5071","3493","5098","7473","5560","5696","4593","4287","5965","6156","7037","4592","5090","7066","4135","5882","5872","7186","5499","7134","7310","6261","5722","9755","5591","5772","6701","9124","7737","6037","7794","7094","6195","7173","5830","3797","5485","7205","4711","8788","12138"
"2.89_737.62","7167","9578","6111","12306","9297","9276","4327","8757","6676","4807","6181","10464","8980","8782","8553","5132","8775","6331","5231","7178","6655","9665","5652","10228","5817","9462","6549","9255","9308","10955","7957","11464","9432","8263","9579","11000","8077","11008","9419","10352","10201","10099","9810","6927","9779","9055","6698","10688","12031"
"1.30_835.59","5370","5263","3598","3186","4735","3265","2238","5238","3541","1962","3016","6052","4899","3818","4419","2373","6386","3119","1169","3524","3089","4994","2543","4502","4752","4110","3500","4488","3238","6839","4060","7318","4853","4915","2900","6068","2825","4865","4873","4228","4835","4048","7862","4271","5198","5185","3086","3326","5157"
"1.99_738.51","1851","2890","2506","7886","1487","5562","2880","1416","1535","2582","3767","3575","1854","1742","2310","1750","1383","2099","3200","2404","3081","3803","7535","4530","2652","3577","2986","3429","3481","2084","1533","3362","1263","2525","3574","1683","2456","2142","2531","2228","3501","4015","2967","2472","1571","3525","2405","2297","3263"
"1.19_666.47","8093","5870","9581","4797","6683","3848","3921","10367","7281","5333","5773","6854","5053","7962","8256","5115","12416","5110","2519","15612","5925","7169","4145","7358","4951","8481","5556","9228","6361","7898","6390","9116","9076","6703","3924","12391","5273","10197","6410","6544","7687","8372","6437","5561","8847","6686","3979","7052","7095"
"1.26_388.39","2185","2351","4047","2322","4734","7239","2247","3094","3200","2602","5123","2580","5389","2823","2294","1908","2691","1800","4370","2938","2091","2233","2573","2148","6262","2401","2814","2005","2313","4046","1300","3010","2955","2212","2100","2709","2088","2448","8769","1977","2145","1433","1959","2550","2386","2714","2139","2500","2611"
"3.31_992.88","1779","4771","2124","3051","13974","2322","1073","12044","5856","2460","2088","7804","4286","1761","3711","2017","10113","4719","1022","3547","2406","3775","1150","8138","1839","6131","4550","13298","4580","10772","2817","15813","7713","2346","2088","6373","3088","2650","4782","3270","2244","2428","6566","2167","5679","5840","1909","10364","5337"
"3.12_650.64","5718","8998","6916","7135","7117","11324","5660","9179","7332","4728","6777","9550","7826","6225","7002","4488","9556","8883","8540","3853","4836","7566","4675","6409","11593","9019","8521","9572","5786","7383","10009","14072","6546","10537","7204","9908","7911","9428","6504","7185","9365","7616","10082","5850","5421","13815","6534","11139","11077"
"2.15_760.48","1904","3574","3023","352","5714","2365","886","3524","2870","3377","2890","2457","3099","1517","3557","2549","3793","3027","1393","3078","2066","7176","1938","1459","2063","3414","2280","3817","3015","4919","836","4481","2764","5111","2858","2501","2435","6880","1929","4109","4029","6827","3336","3057","2255","2453","1621","3115","3427"
"2.25_798.69","10088","12864","6295","7140","9226","10362","5833","11422","6457","5008","5714","9543","8430","11218","7259","6589","6384","6101","4295","7621","4662","6127","5566","6401","7838","7121","6252","7976","9451","8860","8268","8245","9630","10308","12511","11601","10171","14175","9832","10551","8463","8066","10163","7505","9497","10808","9477","21823","19271"
"4.12_852.79","10425","23811","14725","22333","60344","11344","3795","74347","51669","11561","11698","41354","34817","6723","23231","13245","46000","36360","6666","53908","58009","20379","4603","38694","8645","29110","53683","49223","27780","58111","14847","41611","66674","8665","8603","21108","10137","11628","16052","32564","14441","25177","97583","17535","12781","48997","6862","29225","20369"
"2.41_852.50","3259","2908","2882","3209","2969","2520","2837","3164","2788","2331","3827","3429","3243","3236","3307","2359","3315","3433","2499","2970","3680","2939","2209","2779","3989","2942","2881","3206","3214","3159","3316","3138","3317","2917","2673","3381","2747","2914","3446","3427","3052","3230","3723","2729","3878","3533","2945","2687","3151"
"4.24_605.55","4162","19275","3047","6889","81482","2373","1935","49418","21428","5490","4788","10725","7436","2485","5761","3965","12896","13905","2170","14157","9501","5793","1413","13606","2206","6229","32066","18608","8547","9701","7462","11228","25617","3527","3425","4661","4470","4156","6780","7025","5500","8514","11039","4749","5458","8799","2380","10640","6196"
"3.51_976.89","6626","16187","4078","7593","28065","6118","2810","38257","19706","3675","5722","15408","14546","7140","12101","10577","15280","13443","4344","12077","6916","8244","3385","15594","6836","7308","14757","18245","11835","22349","12852","20829","18141","7715","7873","14583","9384","8994","11252","15429","5898","6964","19655","11286","14105","28957","5177","14909","16490"
"3.28_737.75","10322","14496","12221","12920","9734","15374","10721","10501","8505","8351","10140","14049","9878","11637","11272","10005","11647","11954","16607","11063","9588","10207","10366","11200","10935","13349","12756","11433","14401","10191","10050","16070","10891","13815","12570","16355","15216","11309","12105","13094","12587","13342","10223","7359","10690","12037","10092","14900","18153"
"2.45_821.56","3692","4592","4115","6494","5879","3569","4203","5858","5473","3818","4582","5687","3426","4341","4360","3189","4852","3945","2324","4183","4618","4943","2948","5700","3795","5444","4743","5099","4700","5313","4141","6182","5366","4547","3561","5245","3780","5413","3763","4399","5210","4547","3985","3508","4804","4450","4199","4410","5587"
"2.07_704.44","5144","3111","5769","5710","7055","2614","2678","2751","2914","1597","6814","4290","4531","4010","3327","969","6715","1878","3096","5042","1605","7079","3948","4533","2561","1477","4594","6266","6394","5245","5287","7270","6325","6371","3766","7450","5875","7245","4584","5230","5499","9534","6084","897","7049","4723","8128","6225","9157"
"2.34_1516.13","3655","4738","3398","4653","4704","3469","2091","4244","2818","2206","3452","4794","2917","3261","3756","1004","5559","2197","950","1439","2204","3785","1106","2633","4870","4324","2588","3610","4861","4236","4217","7271","3531","2970","2891","4346","3357","3596","3589","3390","4209","4699","4685","2598","4674","4603","3146","2502","4480"
"2.15_758.98","3673","5320","4282","5696","6815","4346","4327","4868","4731","2835","3968","5520","3959","4421","2737","2480","4566","3631","2071","3187","4139","4167","2267","5426","4772","4512","3834","5065","3700","4567","3921","5617","3741","4663","4153","4916","3683","5362","4501","3648","6369","5321","3870","2717","4380","5037","4315","3095","5724"
"3.44_946.84","3353","10428","6263","7175","24597","5101","1698","33706","17109","4802","4039","11552","12595","5398","9350","4781","14095","10341","2824","11441","6882","7290","2166","11742","7275","10069","9701","20485","9033","22580","7262","12514","18944","5603","4939","10862","5243","6704","11122","12074","4244","4584","20427","8635","6333","20922","2736","16698","12000"
"1.53_820.60","16797","6117","10920","11910","10034","7395","7037","24670","15044","6819","11521","8761","5662","8073","8766","3658","13895","4326","1963","18305","9652","8893","13610","13013","6033","9720","8196","10342","8193","7857","4372","13558","12075","9717","6601","11262","11016","11688","9063","4997","7553","8416","8230","3844","10180","8760","11182","14272","15686"
"1.32_791.56","5101","11981","3657","5027","7108","3172","2588","8161","5050","2723","4841","10796","6556","8080","7561","5830","26210","6139","2416","5591","3552","7514","3539","10086","8003","20854","9974","7006","8245","19254","9069","14594","8146","9578","6007","27244","5576","8447","6839","7871","14464","16239","13000","6733","11061","7583","4633","6110","8344"
"1.19_650.44","6539","5996","8256","5236","7380","3980","4375","7251","10159","5009","5645","8080","6851","5061","7115","3144","14151","6844","2211","8424","7554","10193","4221","9702","4098","11622","7202","10088","7992","10159","5485","18670","8274","5572","4051","10841","5276","9565","6308","6891","7389","7353","10240","5447","9379","6309","4775","4129","7080"
"2.22_796.68","8940","12280","5074","7549","9708","12620","4442","12107","7458","5852","5587","8645","9622","12227","7995","7118","8191","8305","3821","8246","6015","6871","8391","8025","7554","7286","6729","11121","10792","9646","9129","8742","11691","10942","12133","12624","10954","15348","11939","12265","9478","8178","9406","7522","9620","11628","8642","22012","18583"
"2.37_786.74","1575","0","6375","5122","2887","4113","348","2923","3763","4292","6252","3731","9937","0","2454","8274","4140","4657","11730","4052","2730","3039","9633","409","3761","1360","0","421","923","327","486","6939","2304","2315","889","4206","0","0","4230","3413","8973","5957","2734","8663","4047","3707","4645","7284","380"
"1.98_756.61","6882","8258","10743","20661","11899","7321","7061","10743","10781","5577","7127","13051","4860","6931","10655","2150","7432","8430","2763","3301","7543","9232","3713","10684","11466","11736","6801","8552","5548","9875","8161","13181","8405","8470","5204","10103","8044","10591","7987","10328","9040","10580","11328","9035","8760","11038","5434","6127","15704"
"2.30_840.57","3973","6140","13903","27692","5283","8522","9322","2107","5996","5727","7342","5845","5173","4388","8177","3223","4234","3741","9576","2292","10423","7464","7791","4838","4039","4183","8339","3181","3627","4581","3929","7165","4399","2883","2885","2003","4380","3351","3189","3381","4664","5661","3767","4559","3442","3251","6161","3176","6962"
"2.81_817.65","6758","10043","5689","13715","11458","4379","6395","9807","8062","4631","8194","11738","8248","6408","8278","4117","12295","5298","4118","5395","4731","8803","2650","8211","7360","9887","7171","9639","7878","9659","8869","16991","9225","7157","6806","9700","8224","9818","8145","8593","13577","13044","11382","4379","9086","8750","8146","6841","11161"
"1.41_793.57","5646","5958","5740","5493","7313","5025","3758","10728","5217","3734","7047","7637","4923","6844","6496","2843","12215","4360","967","7867","4597","5545","3682","7446","6641","12060","4829","8883","7057","8953","5485","15226","8798","10134","6248","13690","5778","9448","7888","6506","8563","10659","12440","3264","13577","8000","5653","9670","13989"
"1.30_703.54","96309","27378","71815","36537","30225","33974","36647","56934","49997","31643","37485","21514","20547","27894","47901","20844","22010","17178","34507","90893","42725","31020","66581","30511","28345","27022","24650","21902","22809","26842","22950","27796","21625","19961","16723","33748","24246","31744","25194","21468","22346","23215","23009","28486","22482","35424","42802","36296","26004"
"2.59_790.68","2360","3896","2297","10387","8183","2579","3512","4461","4194","2942","6656","9896","3696","4104","6002","4465","9330","3377","2186","5092","4232","4324","3182","4369","3437","6884","3912","7618","5632","3455","4673","18152","6411","3917","4116","5914","3297","6330","5372","7270","9871","7562","5239","4235","6964","7516","3712","2665","10570"
"1.99_876.60","2003","3087","3689","2544","10168","1506","929","7378","7812","3429","1688","2274","2597","1937","2221","1291","5341","2609","1323","1623","2189","3222","1347","3972","1494","2691","2896","5952","3795","8253","3375","6581","2989","1601","2406","6945","2381","3202","3732","2413","1967","2635","3667","2516","2249","2328","1496","2566","2446"
"3.32_766.76","2957","3109","1682","2711","2941","2880","1854","2732","2004","1588","1996","3502","3200","3131","2599","1914","2900","2073","1675","2520","2054","2809","2362","3043","1959","2237","2235","2694","3010","2665","2950","3914","3522","2592","2663","3868","3414","4677","3701","5066","2839","2650","4080","2428","3521","4694","2653","6111","5686"
"1.30_892.59","2654","2718","2375","1774","2823","1929","1842","1806","2756","1415","1773","4994","3535","2426","3194","1722","5904","2981","928","1961","2020","4949","1334","5126","2340","3934","3555","4455","3079","5193","2522","8286","3948","2947","2305","4312","3597","4057","3413","2782","3069","3019","4600","2602","3890","3222","2811","2631","2656"
"3.04_907.70","1872","2553","2417","3728","7617","1456","886","10717","6185","1485","1512","2160","2563","1964","1768","1587","4369","1608","943","2072","1314","1805","1064","4014","1466","2629","2805","4123","2755","6263","3022","3871","3501","2507","1893","5334","1951","2246","3744","3124","1819","1952","3431","2509","2493","3294","1059","3543","3359"
"3.47_784.68","7824","6134","10110","16754","8158","5880","7991","5692","9520","8972","9729","10111","5000","4814","7338","4701","6649","5047","3603","10110","9405","8951","8722","8593","5376","12141","6087","5362","4831","7504","7240","8680","7642","7074","6397","11485","5284","4858","5870","7854","12754","10042","11297","5096","11098","5074","6824","8755","8636"
"3.38_960.86","6426","11340","7979","12095","29776","4653","2888","34212","18913","5068","4166","10506","10174","5429","7717","6263","12959","10373","3183","10142","7498","7797","3432","12035","5177","9471","11861","14606","7861","20719","13469","15689","10945","7077","7074","14465","6226","8583","9231","9221","7454","5265","14685","9347","7429","14869","3871","13432","11865"
"2.15_796.53","8643","7453","9313","8832","8271","6419","7653","8965","8666","6612","8521","8748","7026","7713","8293","5401","7603","7982","4017","9310","8915","8432","5301","7430","8028","8297","7669","7151","7312","9376","8045","8009","8742","7990","6920","7721","7388","8234","6431","7139","8792","9449","8367","7047","7996","8055","7356","8343","7846"
"3.69_738.68","1312","3773","1176","2839","2696","3831","1451","3048","3513","1744","3662","3215","5496","4605","7299","3046","4730","4354","3845","1271","2463","6582","1577","10397","3241","5638","7606","9114","6014","6849","3280","9247","10741","6462","4060","10632","4197","11101","7882","6700","4634","5157","4920","4730","9129","6834","2900","3264","5890"
"4.02_848.77","57605","115886","100372","26591","335347","20650","22376","386224","260446","84577","62925","27030","36266","15605","23489","17541","34059","34010","36169","161915","150427","109041","24381","164629","64595","141005","138896","252322","19168","49191","114647","242581","289727","46768","46447","108295","51199","77489","22117","34663","69512","27047","58326","23947","16329","26237","12143","111574","24828"
"1.31_184.07","30973","12095","29351","18072","15572","10294","13636","24896","23672","17226","16295","19185","11245","13130","18516","8717","22532","12242","6684","34493","19371","19164","16606","19470","12026","18878","15601","20571","15237","17263","11681","22773","18738","14668","9463","24652","13843","20546","15439","12041","16051","18411","20577","10765","22441","14798","13108","13294","16660"
"2.07_727.56","16209","15293","14348","16944","14936","13141","14152","13747","13537","11667","15367","14044","13154","16885","13099","11443","17692","13615","12486","14044","11671","17467","14355","15242","16411","15861","14212","14507","17131","15965","13709","18675","16238","16143","15021","17662","17454","15254","15258","14666","18003","16977","14166","12294","16332","14243","16960","16020","15575"
"3.17_767.54","8056","9261","12372","15848","10228","10210","5863","5233","9241","17782","5450","12885","13740","10412","7507","5899","20915","8458","7536","7585","9797","16710","6458","14334","4729","14388","9067","11317","14140","15717","10388","20235","12410","11049","10467","20731","14584","16008","10890","14581","16327","23383","14706","12170","14262","5718","6819","9964","14996"
"1.39_385.35","4435","6246","2906","2925","6333","3564","1890","5604","3709","1907","3627","5277","4697","4345","3855","2447","8868","4074","1762","4321","2410","4390","2022","5560","5452","8564","3900","7165","6451","8007","5668","9082","5398","6471","4449","8588","5325","5658","5481","6192","5754","7111","6144","3263","7742","6769","5285","5765","6240"
"2.15_758.94","5159","5455","5774","9276","7305","6045","5417","6191","5129","3627","5612","6661","5495","5605","5033","2947","5248","4958","2961","4844","5407","5512","2874","5366","3798","5717","5978","5662","3791","5127","6739","6344","4479","3394","4858","6629","5101","6304","4608","4697","7094","7533","6570","4151","6600","4000","5636","5931","6931"
"2.45_812.68","6701","9581","9296","23713","9405","7112","6048","9800","9505","4449","6981","16632","7265","7209","13075","4053","8093","6419","4855","3936","9110","11402","2612","12427","4941","6873","8213","9815","7579","9732","5768","13319","10684","5504","3911","8047","7451","9411","9212","14946","7319","8025","11795","7278","8844","10715","4585","4369","12092"
"1.53_801.58","6223","4165","4559","4700","5863","3693","4323","8732","5755","3760","4430","4432","2870","4561","3941","2358","4476","2526","1277","6372","3676","3860","3682","5856","3899","4695","4285","4922","5542","4722","2805","5494","5526","5489","3366","6112","4344","5251","4423","2300","4765","4377","3349","2850","3956","3721","4726","5415","5712"
"3.25_982.84","4000","3982","6214","5209","45783","2072","1376","19937","25095","2934","1941","2673","2390","2750","2258","1278","7994","3101","1327","2934","2640","1853","1386","5307","971","3316","3097","6270","3136","4921","9756","2479","3905","2738","3856","4778","2697","3211","10274","2376","2455","1382","3325","2089","3396","2549","1528","5851","5717"
"0.25_550.31","2061","2990","2167","3029","5638","2220","1630","3859","2979","1216","9871","5193","3401","6629","4785","2092","16828","3999","1437","1775","1827","5411","884","8441","4702","17107","8476","9806","6355","3406","6902","6486","16394","10694","6177","11225","5304","8534","6131","5364","8376","9438","6652","2943","15642","4901","1976","6143","10526"
"1.59_841.64","3023","5155","3823","3797","4227","3327","2330","8153","4512","1526","6245","4124","3026","5418","5673","2997","8660","2876","1709","2340","1354","4270","1882","5015","8354","9009","4268","5983","4460","7128","5036","10526","5865","6756","5091","12164","3881","10444","7957","6237","5520","6432","8259","2394","6329","7458","4000","6668","8754"
"2.22_850.49","3781","3647","3839","3240","3849","3152","3426","4301","3775","3718","4126","3988","3885","3609","3976","3187","3559","3782","2245","3849","4065","3270","3155","3559","4301","4011","4010","3627","3776","4532","3937","3736","3685","3833","4107","3975","3401","3500","3300","3862","4025","4270","4209","4157","3986","3949","4048","4518","3975"
"2.14_1572.12","2743","3641","5961","7691","3647","3990","4054","3552","4344","3988","4723","5133","3776","3943","5196","3378","3087","3443","3203","3969","4278","4396","3069","4046","3470","3748","5051","4614","3344","4475","3831","5844","3615","3930","3462","3531","3654","3438","3499","3953","4566","5227","4021","3553","3693","4102","3290","3992","4835"
"1.19_702.47","2749","3200","3497","4389","5811","1568","1856","3844","3676","2166","4421","6761","4313","3484","4291","1594","7410","3913","907","3059","3429","5985","1327","4597","3273","3461","3593","5554","2940","7515","4295","7324","4635","2641","2476","5286","2275","4247","3326","4517","3642","5000","7268","2562","4169","3369","2567","2052","4157"
"0.33_293.21","7915","12210","4969","6168","11654","12531","6482","13084","12362","2928","6625","23848","9451","8860","7025","5196","10065","5779","8932","5662","4170","7401","10837","11249","8914","10637","7191","16107","8251","12271","6195","45112","10834","15346","13832","16797","19819","11590","14098","9076","9829","6946","6844","5560","16979","11735","3653","25636","31376"
"1.52_843.59","4313","3062","3986","4393","4748","3151","3191","4532","4196","1909","3405","4277","2979","2357","3359","1965","3934","1888","1453","3309","2970","4441","3023","4108","2492","2864","3239","3354","2866","4073","2260","4232","3343","3218","2675","4279","3087","3702","3347","3207","3409","3385","3664","2956","3451","3374","3603","3026","3795"
"1.84_822.56","3842","5561","4920","5572","7469","3671","3176","8617","5641","2734","5159","6737","4309","5202","6140","3174","8623","4287","1823","5700","3714","5583","2340","6352","5511","7954","5937","7324","5900","7010","4939","10431","7235","4916","4702","8242","5866","7205","6141","7239","7690","7579","5675","4227","6817","5764","4078","5353","7912"
"2.51_605.55","2459","3162","1646","3379","1805","20733","2330","3068","2568","1879","3155","2665","1887","1793","1680","2053","2634","1885","15619","1754","1358","1926","7407","1462","2550","2462","2009","2517","2478","1881","1934","4498","2000","2846","3933","2815","2670","1704","2966","2846","2399","3607","2924","1933","2649","4410","2352","2842","5429"
"1.60_876.52","2546","3823","3683","1644","2342","1438","1457","2781","2422","2701","2644","2706","2181","3796","2395","2230","4306","2441","1590","2688","1492","2313","1955","4791","3131","3570","2624","3851","3592","3666","2506","3848","2152","2642","3339","3643","3775","3414","2736","3545","3227","4687","3705","3123","2892","2006","2321","2570","2618"
"1.53_833.57","2228","3767","2106","3717","3333","3657","1820","5967","4913","1702","3539","7338","3312","3619","4606","1676","8418","2738","1501","3529","2593","4790","1730","6087","3273","7058","4003","5603","3058","6098","2383","7856","6346","4261","2703","7951","3793","6237","3922","3304","4114","4663","4664","3337","6202","4603","2088","3914","4998"
"3.63_922.77","7300","7151","11120","17924","56854","3230","3185","56234","55510","10202","5213","10499","5490","2238","7275","4021","9346","8219","1745","19269","13263","7857","3250","15485","3748","10815","7959","17212","4504","19214","15269","16905","16416","3847","4230","15368","4760","4017","7235","6848","6150","6465","27717","5703","9924","8828","3249","13422","10792"
"3.01_803.70","4753","4740","3996","5241","3729","4955","2796","4749","4925","2536","3179","5272","2978","3571","4040","3044","4071","3093","3165","4012","2228","3402","2429","3808","3125","4761","3127","5084","3698","3999","2512","5371","3075","2884","3787","4132","4477","3418","3953","3223","4578","4420","3740","2706","2826","3211","2512","2635","6090"
"0.99_738.45","7233","2981","11554","3518","2981","2725","3370","7208","5755","6797","3122","3041","2171","4425","4267","3193","4898","2809","2110","7142","4077","2938","3817","5867","4047","3752","4168","4478","4674","3984","2637","4305","2400","3769","3485","4316","3623","4235","3655","3204","3034","4937","3496","3755","2874","3515","4853","3235","3291"
"2.35_811.66","8358","12203","14527","22480","18031","9081","13905","10035","18273","9131","8013","10593","9543","7185","12677","5919","5513","11078","7499","4272","13355","20973","6485","13431","6329","8148","14729","8984","8613","13480","9031","19815","11271","9373","7294","11327","11523","12973","9639","10125","14178","8936","9236","11615","9299","9311","12968","4880","12096"
"2.53_716.62","6985","13233","3980","7834","8148","10742","4637","8897","5522","3743","4495","13632","12105","8528","8403","5538","8349","5918","5966","5591","5120","6286","5162","6808","6554","10030","9044","6972","9346","19737","9090","15999","8941","9103","9036","19931","6366","11715","7862","12017","15188","8401","10076","10347","11246","11186","6297","9927","13179"
"3.10_907.62","4758","5438","4429","4725","4785","4840","4195","4615","3947","3538","5388","5128","4578","4608","5033","3871","5029","4581","4298","4431","4310","4296","4243","5179","4757","5039","5023","5439","4527","4722","4552","5949","5169","4510","5211","5292","4797","5324","4289","4362","4968","5457","5345","3995","5299","4894","4420","4824","5375"
"1.99_770.56","4144","4075","4494","4664","5335","5832","3595","3427","4397","1912","4355","4082","3989","3850","4028","2698","3311","4122","4638","3730","3613","5757","3273","3851","2936","3097","3947","4720","4019","4837","2848","5305","3579","3826","4009","2961","4302","3783","2891","4247","3874","4728","3290","3668","3270","4793","2870","2781","5211"
"2.05_677.55","13271","6194","8749","10823","9542","6909","5806","17969","8971","7002","5116","4272","5811","8032","5811","4566","4331","3372","2260","9601","7244","6294","7996","8145","3913","4219","4603","7818","9910","6434","5472","4726","8341","6889","6131","7344","9915","11351","8082","8092","4133","5253","8447","5144","7264","6367","8621","21413","15163"
"1.31_842.52","1280","2457","2675","2590","3236","1708","1854","2060","3145","1218","4698","6333","4748","2735","4184","1742","8142","4087","1478","2137","1635","7366","1090","6440","3177","6658","4980","5814","3790","6788","2416","8442","5634","3994","2955","7698","3159","5227","4270","3382","4801","5105","8320","3052","6430","4259","1813","2155","3589"
"3.07_762.67","2733","3081","3576","5547","3751","2729","1828","3721","4629","2786","2892","5362","3337","2656","3205","1915","4338","2387","1989","2777","3789","4241","2403","3358","2343","5332","2416","3474","3194","3241","3400","3697","3882","2408","2608","4047","2579","4851","2644","3922","3992","3533","4043","3047","4469","2985","1691","2554","3588"
"2.20_794.66","5475","8723","3653","6278","6830","11136","2624","9220","5681","3974","4655","7664","8783","11605","7176","5442","8024","5586","3457","6501","5294","7644","5430","9471","5319","6516","7490","11335","10094","8473","7883","6601","11731","8802","9146","12015","9152","15138","11486","13380","8219","8265","8940","6185","9617","10688","5292","14577","16721"
"3.75_808.75","4610","13970","4636","10516","7708","14872","5117","9086","8751","4891","14029","18848","28571","23847","42214","12030","23856","25391","15909","5706","6178","40114","4128","55287","14717","25180","38938","54470","34917","35738","18294","52214","62127","33170","21964","49005","26368","55578","46026","36769","23901","21060","28036","26213","53061","45412","8318","12910","33986"
"2.51_876.68","957","5054","1322","2646","4017","3905","1409","1572","1659","1309","3954","6174","5849","7128","3615","2788","5686","4223","2899","1417","1264","6723","931","6539","3740","9150","4386","6666","4862","8109","5194","9831","6504","3652","4354","9386","2408","7339","4577","5370","10286","7228","5532","5212","5085","3686","1210","2167","5965"
"2.34_761.33","3630","4596","3530","6160","7735","1546","4343","6591","3618","2460","5153","5923","4107","5257","6427","1200","6145","2310","1034","2498","3602","6709","1103","5411","5956","7390","3489","5425","2241","5387","6085","14529","5077","3512","2821","5159","2655","5181","5685","5803","3967","5503","11339","2101","5752","6196","4055","4122","8204"
"3.44_872.74","4721","8204","5654","8258","35597","2088","1765","37875","16260","3497","3397","8324","6498","4252","5302","3278","9796","6472","1796","6252","4490","6396","934","10112","3802","6640","7185","13648","4161","20973","9303","14545","9562","4762","4607","11258","5589","6189","7211","6960","4820","3055","11931","6401","5233","8564","2267","13032","11156"
"3.13_658.57","7394","12827","9447","12010","10394","11982","7516","10605","7600","5351","9113","11167","8191","7872","7324","6191","9565","9623","9596","7328","6630","9310","6411","8263","8285","10244","10198","10701","11324","10504","8502","13869","9807","11203","9546","12413","11362","9724","9377","14068","10033","11888","9784","5632","8467","13115","7533","12686","17170"
"0.19_377.09","3585","2274","1530","6816","1993","2169","3793","3171","4699","13092","17071","1729","1397","1642","2205","1825","2386","1428","2220","3824","3225","1005","2383","2977","1683","2141","1989","2221","1899","3789","2732","2140","12881","1492","3710","1980","1555","1353","2023","2485","1957","2905","3353","1959","2128","2588","5351","4508","3426"
"3.02_972.82","4336","6017","4839","7662","20983","3216","1815","23618","17830","3357","2669","4752","5352","4428","4597","3267","8515","4847","2362","3679","3702","3717","3074","7377","3367","4873","6187","9746","4867","13013","8438","7119","6345","4990","4719","9287","4244","5627","8523","5794","2598","2308","6285","5324","4855","7682","2907","9638","6424"
"1.53_850.58","1322","1931","1328","974","2101","1058","1167","2247","1492","1044","1616","18976","2707","1749","1572","1447","13175","2296","900","1693","1007","3340","960","5102","1194","7517","2893","8976","1493","7100","1135","16999","2867","3402","1731","5677","2923","3522","1576","1643","3752","2625","3767","1952","8599","2388","1742","2170","1462"
"1.47_850.62","1481","8814","995","1117","3351","6246","658","2269","1100","892","2244","12032","5185","4045","4551","4859","10711","5297","1351","1933","1221","4279","865","3372","7055","8717","5306","7878","2959","11382","5804","11308","7964","6450","5115","14594","2114","6270","5722","8895","9448","6676","6969","4541","8005","7768","1872","1825","4221"
"2.37_1568.16","2323","3135","1793","5871","4886","1905","2011","5062","2101","1720","3382","5400","2529","2536","3170","750","4147","1446","800","1898","2770","3670","592","3344","2163","3958","2499","2966","2208","3946","3732","6706","4865","2924","1691","3984","2346","3373","2841","3341","4393","4133","3815","1820","3568","3881","2767","1776","3857"
"0.98_692.45","4779","3846","7330","4225","5202","2578","3253","5289","5374","3107","4873","5590","4463","5448","5892","3645","8196","5051","1619","6979","4964","5966","2150","4656","4621","7005","4746","6841","5146","7418","4989","6604","6135","5136","3353","8646","4550","7047","4829","5063","5309","6881","8792","4422","10018","4865","3452","3782","5316"
"2.01_549.42","2200","2464","2830","4327","2340","2527","2856","2724","2964","2042","5153","3686","3435","3111","3294","2118","5972","2741","2242","1695","2404","3304","1484","3274","2750","4536","2892","4372","3094","3632","2361","5177","3769","2988","2799","3777","2498","3691","2999","2929","3094","3712","4363","2200","4653","3249","2485","3160","3550"
"3.29_982.84","4538","4578","6803","5459","52076","2556","1922","20711","21643","3378","2253","3370","3058","2646","2576","2036","8193","4020","1532","3023","3370","3134","1597","5423","1925","3041","4407","6970","3604","5610","9678","3548","5005","3755","4317","5486","3203","4369","10565","2627","2796","2112","3663","2622","3866","3170","2601","7218","5717"
"2.12_687.54","2848","2776","3454","4033","3370","2825","3213","2751","2897","2261","3167","2765","2660","3122","2614","2777","3161","2856","2329","2992","2445","3547","2960","3099","2783","3304","3291","2742","3606","3035","2859","4355","3099","3533","3049","3954","3188","2818","2864","3217","3997","3713","3093","2278","3652","3208","3521","2964","3508"
"2.73_782.70","9426","26690","8225","11618","19398","18691","5732","14447","8343","4438","8060","24184","23112","21798","13434","13214","23354","13341","8332","8782","5972","18027","5939","19466","14955","23349","12842","19226","19962","30160","19760","34626","18650","17273","20063","35961","12278","25166","17026","26829","34691","22749","23361","19393","21495","20136","7042","15593","26915"
"2.95_776.65","2442","5565","4483","4377","4570","3324","2913","4989","3508","3180","2944","4634","4083","3112","3725","2636","4297","2947","2032","3512","2848","3451","2091","4415","3871","4003","4298","4529","3776","5518","3717","6244","4594","3229","2873","4147","4248","3626","4438","4489","3653","6026","5461","2429","3911","5023","3859","3270","8643"
"3.24_367.34","4818","5378","2704","4622","6717","3716","2634","5637","5256","2470","2403","4515","5280","4315","4472","2746","4720","2007","1976","4110","3183","3944","1879","3486","2577","4421","3343","4254","5189","5094","4781","7756","5223","4528","4216","7125","4401","5798","4554","6010","5403","4560","6230","3495","4523","5025","4000","7007","7920"
"2.22_739.60","4898","6308","3539","2907","3662","5088","3117","5093","3258","3437","3748","3342","4593","5175","3964","3261","4252","3824","2511","4264","2810","3755","2978","4162","3711","3177","2753","4334","4678","4536","3697","5165","4572","5180","5193","6444","4475","6416","5169","5514","4269","4632","3693","3670","5027","4950","4427","8402","8339"
"2.01_641.52","12928","2379","11362","8954","1211","4452","10274","6206","9010","8741","9672","929","1282","2076","5562","2634","668","1538","3743","10381","9612","1179","11170","1389","3192","724","2985","954","2369","1438","3927","845","2177","1273","1878","1585","2458","2441","4134","2507","1483","1222","1821","3055","1753","4548","6532","11729","4257"
"3.25_895.74","3240","2839","3324","3838","27134","912","969","14595","15116","1933","1490","2275","1862","1533","1380","1134","4197","2037","805","1977","1392","1936","801","3006","859","1884","2253","3490","2648","4101","4018","2681","2606","2539","2160","3170","1581","2333","5119","2148","1589","1233","2946","1597","2481","2475","1324","3914","3325"
"1.16_846.55","4013","3206","5010","4351","4588","2259","2738","3369","5701","2694","4332","5191","3912","3647","3488","1662","10656","3492","952","3393","4386","4824","2523","4222","3351","5408","3175","5916","3993","6393","4266","10825","5329","3671","2938","4548","3559","4892","4004","2987","4219","4927","7526","2668","6836","4045","2976","3609","4580"
"2.28_790.63","8070","1493","989","5193","1269","80729","4822","3982","1649","1227","2388","1348","2565","2456","1455","3405","2593","1720","64135","1608","1881","2099","27488","1129","2844","2333","1151","2095","2145","1403","1251","1587","1427","2049","6417","803","4100","1576","1892","2318","1084","2171","2640","1492","2144","10378","1468","2145","2781"
"1.33_848.60","1153","6179","1144","1242","3674","4478","597","3092","1973","758","2041","11810","5674","4155","4361","3061","12885","3909","1056","1552","1186","4391","994","3551","4726","6809","4673","8488","2914","7630","4895","7647","5845","5660","4002","11233","1897","5126","4565","3713","5827","4614","8118","3857","10989","4641","1845","2115","2926"
"3.44_933.83","2272","4792","3271","4345","13283","3305","951","17581","9886","2311","2281","4692","5117","2428","5517","2709","7525","4785","2063","5856","3345","3558","1829","7041","2728","4080","5129","9917","5237","10765","3673","6542","7930","3196","2771","7579","3099","3191","6976","6284","2838","4539","8407","4162","3817","9439","1772","8323","7338"
"3.65_808.81","2059","5371","2458","3091","3968","5846","2099","3580","3578","1038","4426","5974","8792","8357","13528","5306","9417","8334","5746","2209","3460","12724","2388","16358","6025","7800","13055","16536","11398","11462","7212","15070","18272","11624","8568","14190","9789","17617","15840","12001","8576","8056","9626","9676","16133","15026","3845","5077","13057"
"3.40_687.57","3562","4288","2450","4124","3339","3738","1850","3839","2905","2648","2614","4371","3688","5233","2850","2701","4852","3117","2105","3178","2375","3671","3109","3773","2837","3829","3271","3831","4571","5075","4331","6143","4233","4028","3725","6759","3589","5943","3917","5370","4783","4304","4147","3109","5476","3755","3218","5862","6983"
"1.73_719.57","4645","4493","3706","3799","5531","3490","3184","3907","4126","1895","4013","3244","4171","3976","3398","2581","6623","3332","1856","4294","2276","4319","3032","3356","4260","4232","3728","4463","4847","5272","5115","7705","5195","4654","4125","9283","3920","4159","4663","4059","6191","7068","5431","2760","5390","4865","4519","5882","5819"
"3.30_997.86","4101","3686","6506","6005","44259","1194","1744","21695","23514","3766","2355","2989","2432","2255","2212","1588","7163","4072","1216","3011","2411","3151","1638","5614","1495","2791","3407","6107","3278","5852","8967","3705","3910","3224","4583","4869","2914","4240","9843","2238","2711","2440","4207","2825","3610","3175","1701","5440","4679"
"3.04_896.64","8767","8080","8453","7469","8312","7390","7271","7906","7313","5619","8161","7981","8176","9963","8319","7377","8677","8590","6946","6907","7443","7739","7788","8782","8240","8747","7930","7731","8510","7950","7433","7767","8500","7741","9083","7378","8967","8416","7997","7555","8583","8715","7795","6939","8164","7897","8778","8706","7881"
"3.04_902.75","3612","7683","6407","9023","34696","3489","1766","33375","21061","3814","3863","6111","5240","4709","4693","3044","11785","6696","2371","4422","3747","5150","2193","10584","3879","7017","6916","16503","6452","19304","10219","12745","8513","5177","5657","13500","5229","8124","10291","6928","3676","3373","10276","5399","5260","10446","3668","12168","12597"
"2.35_761.25","3411","4022","3045","5682","5710","1644","2708","3525","2912","1860","4621","6020","3755","3231","2220","1164","5851","2815","749","2371","3029","5201","1663","3478","2462","5727","3517","3320","1975","4961","4490","8878","4095","2731","1910","1438","3518","4019","4906","3800","2866","4380","5664","2444","3708","5634","2177","1883","3957"
"1.52_882.58","4579","2813","3771","4621","3288","2866","3221","4294","4713","2195","2408","4874","3198","2417","3611","2541","5310","2129","947","3647","2985","4297","2599","5276","2390","3180","2611","3805","2526","4310","1812","6580","4952","2945","2231","4534","3051","3745","3557","2594","3108","3306","3906","3195","2767","3554","2718","2682","3175"
"3.75_822.77","6575","17191","6253","13610","10667","20393","7047","11785","12092","6459","19372","24493","35060","32832","56677","15003","30904","35441","20172","5196","8196","55603","4756","69699","20270","32433","50881","75606","45461","46879","26093","75978","82355","45366","30615","63733","35319","78297","64643","47318","31031","30001","35047","35109","72169","57577","10719","16858","48566"
"3.39_845.72","1440","3364","2447","3237","9611","2530","747","12172","6335","2315","1287","3285","3678","1952","3154","1999","4737","2588","1267","3908","2103","3039","635","3398","1978","3303","3949","5924","3511","8763","2269","5163","4917","2206","1726","3209","2070","2058","3979","4299","1623","2107","7022","2536","2257","6257","1003","5904","4427"
"3.37_1016.88","4036","8677","3722","5148","30499","3045","1246","27020","11002","3446","3583","9085","5199","3365","4872","2716","18748","7167","2706","5594","3362","4404","2156","12099","2901","5367","8848","20756","7059","12055","7784","19404","11930","5407","5410","7320","5230","5348","10949","6022","3627","3003","7472","4128","10041","8473","2794","13635","8308"
"2.80_952.74","1548","2438","1705","2097","5449","1635","719","8741","4503","1974","911","1713","2005","1272","1566","994","2282","2109","847","2276","1916","1481","1718","2481","1424","1613","1947","4260","2147","3189","2872","2582","2635","1497","1700","2608","2323","1654","2401","2194","753","1453","2733","2010","2330","2932","1215","4913","2905"
"3.44_984.86","10263","12113","8148","10773","69817","3784","3213","52297","32502","5567","5162","7694","6215","4458","4338","4259","13296","9329","2857","9035","5161","6608","2999","11818","4439","5342","8670","14139","8293","13807","19631","9812","11586","7150","9809","10221","6017","9074","16707","7761","5958","3889","6774","5582","9807","8236","4736","14940","13127"
"3.02_909.71","2239","3107","2812","3857","10961","1637","1010","12050","7131","1811","2007","3043","2902","2161","2720","1721","4268","2856","915","2349","2108","2155","857","3333","1241","2486","2552","4680","2744","6277","3282","3936","3723","2236","2066","4687","2562","2939","3789","2810","1715","1650","3180","2414","2320","3314","1964","5058","4383"
"3.38_1000.89","10690","10355","7197","9441","49962","3153","3155","37032","23916","4440","4572","6397","6937","3655","5467","3067","8794","7630","2195","7022","4020","4777","2434","8314","3778","5218","7798","10020","6288","10235","17519","8422","8036","6942","7571","8913","4682","6510","11920","5310","6529","2516","6733","5465","7944","6806","4481","11613","10304"
"2.53_988.81","1536","2584","747","1372","6293","1404","362","6696","3642","792","905","1679","2743","1849","2050","1174","3014","2721","937","1155","1116","1811","780","3461","1406","1845","2106","4762","1996","4065","2953","3431","2972","1639","1590","3687","1634","3428","2975","2682","1271","870","2506","2161","2235","3483","1315","3168","2955"
"1.97_693.54","3481","4245","2869","3567","1698","3790","2090","5672","1672","1551","2046","6759","4085","2084","4866","2633","3420","2307","1698","2655","1316","3481","2488","4876","2819","3653","2901","4945","4782","4710","2531","3575","5810","2655","3376","3640","1146","3564","2725","5433","2248","5229","6342","3548","4346","4694","1658","3496","5106"
"3.65_765.69","6026","18271","6061","11449","15217","19104","7047","12721","11831","6876","14738","20499","29202","25978","44037","17329","30734","27553","19304","8017","10218","42231","9054","56041","18722","26064","42255","54175","38918","38749","23026","52264","58994","37989","29110","50758","29230","59885","51403","40630","27506","26124","30139","29579","55119","47767","14975","18000","42480"
"1.99_734.53","5158","10432","1611","3704","4552","14231","2223","8269","7131","3834","3769","4289","2536","6474","3456","3842","4501","2454","7649","5548","3289","2812","7682","4595","4278","2371","4107","5024","8434","4353","3367","3853","3287","6715","5633","5259","8548","3300","4545","5206","2669","3010","3440","2410","3117","4117","6875","8771","12565"
"1.41_846.55","2911","2900","3281","2760","3937","2270","1717","4331","3693","1982","2649","9802","4542","3605","2408","1604","14738","3324","1179","2934","2725","4677","2075","5873","2435","8024","3025","7668","4372","9200","3157","26186","5010","4318","3093","7080","3052","5471","3703","3795","5126","5613","6984","2228","8402","3771","2193","3253","4926"
"1.98_735.54","3041","5379","1972","2936","3435","7477","1501","4425","2709","3386","2357","2779","2722","3762","2947","2235","2259","2054","3992","3092","1866","2250","5039","3698","3180","2122","2780","3570","4529","2818","3163","2699","2648","4352","2851","3521","5061","2126","2107","3402","2155","2448","2592","1647","2904","2845","4696","4800","7809"
"3.19_605.48","832","1921","1188","2083","4965","808","272","7615","3607","861","902","2015","1443","1228","1318","1070","2291","1690","1009","1648","1596","1251","736","2262","1018","2036","1261","3918","1569","3221","1855","2792","2465","1201","1222","2668","1267","1651","2087","1831","1054","858","3227","1461","2341","2623","394","2611","2493"
"3.24_869.72","3044","4184","4848","7042","22393","2326","1276","23525","18930","3304","1833","4811","4077","2855","3317","2080","6617","3967","1350","3553","2431","3645","1881","6000","2218","4819","4567","8050","3577","12588","6082","7147","4391","3051","2805","8580","2916","3915","5530","3700","2409","2517","6333","3679","3193","5121","1695","6115","6142"
"1.97_625.52","3592","4935","4574","8700","4736","8249","5086","3337","4290","3655","5379","3458","2646","3039","3774","2410","2275","3086","8364","3051","4887","3979","6596","3414","3326","2943","3555","3420","3673","3172","3509","3750","2733","3040","3252","2351","4463","2282","2509","2814","3849","3517","2541","2601","2698","3843","5208","3276","6623"
"4.52_1293.11","10319","4679","4805","6039","4824","4743","4381","6199","4490","5386","3523","2167","3574","4005","3995","3666","1536","1712","1863","8276","4268","2193","9240","3185","3812","2679","2379","2121","5074","3071","4915","2279","3639","3922","4860","5743","4267","5196","5233","5576","3809","3765","2962","4115","3877","4011","6020","14741","8105"
"2.84_264.27","2735","4931","3685","5229","3787","4618","3352","4467","2306","2127","3281","4176","2831","3037","3479","2096","3701","2440","4950","2332","2753","3155","2377","3010","4358","5260","3527","3322","2954","4254","3458","5829","2383","4569","3777","5903","3182","3286","3574","4183","4323","3708","3066","2801","2996","4819","3516","4961","4954"
"3.05_1006.86","1124","2616","1021","2042","6944","1401","633","6168","3556","1218","1342","4615","4654","1928","2052","1479","6340","4654","968","2207","1446","6129","760","8214","1672","4212","3644","11470","3433","10465","3316","10835","6578","2333","2858","7057","3036","3160","3865","3768","2336","2768","7498","2403","5223","3836","1583","3667","5376"
"3.69_1002.91","4512","14580","1772","2764","27059","2630","1171","28949","11276","2645","2974","7249","4728","2544","5534","4028","6878","7974","2022","5040","2642","3792","1712","7717","2026","2421","12394","10097","6286","6705","8040","7441","13584","3778","4970","4566","4267","5185","7083","5507","4102","2857","4826","3674","9277","8469","2766","9151","6479"
"3.98_601.52","10581","16272","19551","26837","138124","4806","4502","80697","75246","13775","12238","16444","11106","7041","9932","6315","26620","16879","4972","16911","18306","18214","3084","21204","6514","16530","18216","28113","11190","29289","36421","31640","26219","9194","11919","21404","9230","13673","17827","11798","13047","12375","27214","10922","14139","14090","6442","15261","14385"
"1.31_878.61","2150","3844","1940","2707","2714","2950","1795","2102","1875","941","2124","7500","3694","2979","4737","2507","5273","3252","884","1022","1262","5640","1071","4100","3031","3104","2782","4921","3155","5765","3395","7162","4703","2579","2184","4814","2431","4348","3675","5166","3665","3450","5532","3132","3631","4329","1447","1817","4016"
"2.22_1509.16","2836","3640","4682","5917","4699","3696","3463","4133","3281","3108","3754","3914","2665","3628","5042","2440","3695","3964","1369","3281","3974","3980","1549","4397","4203","3958","3561","1813","3613","4819","3524","5821","3421","3803","2574","4180","1745","2986","3168","3270","4980","4602","4359","3803","3928","3227","3595","3163","4660"
"1.97_650.44","24600","15165","19675","13615","19746","9547","11635","18087","14523","16783","16240","17154","13223","15701","19903","10616","25658","13312","7287","20794","15783","13808","9035","17697","19931","17910","11202","17906","18825","17175","16117","20466","13109","12287","11639","20721","16539","17072","19138","23663","15741","25436","17193","14995","15898","16774","15794","12876","14824"
"2.14_1550.14","2929","3434","4901","6073","4328","3467","3990","5179","4484","3403","4092","4538","3922","1580","5424","3678","4291","4208","2015","3733","4037","4742","2177","4630","4569","5015","4409","2097","4100","4019","3817","5547","4047","4189","3508","4876","3788","5099","3799","3962","5420","5976","3904","3609","4612","4118","3673","3771","5200"
"1.32_834.52","2701","4182","2011","3257","4072","2492","1915","5222","4343","1750","2594","3525","2879","2415","1920","2099","4770","1570","1259","1341","2842","2549","2196","2272","2087","3163","3078","4322","5299","2298","1646","2871","3400","2348","2768","2807","3320","2506","1618","1383","1609","2970","1125","3414","3511","2684","3169","4140","4175"
"3.48_1018.90","772","1216","681","968","5784","664","276","3116","1929","703","623","5240","2486","909","671","668","6057","3999","677","879","574","2437","562","4811","461","2497","2539","10069","2458","4849","1660","10641","5270","1487","1832","3190","1829","2923","1864","2208","1982","1592","2606","467","11278","1333","665","2444","2384"
"3.88_873.77","19558","27798","73757","77292","249872","12439","10992","156063","276559","43881","22147","38547","25770","17517","22111","12352","69957","34022","12756","33774","43268","47737","10767","58726","11124","56726","41579","66736","21463","84397","56915","68561","52481","22681","19145","58641","17375","33883","34878","29767","27347","27647","73929","30880","22600","30240","12589","28049","28736"
"0.66_692.46","1928","9897","1330","1819","16254","4834","1497","4446","2119","949","8041","8500","7244","9084","10864","8332","10930","7045","2957","1927","1215","6139","924","7448","9722","7974","5129","7262","12626","9143","12866","6468","8795","9560","7631","8019","9641","9255","10450","9802","9849","10446","9394","8383","11537","11348","9155","15428","9585"
"2.73_698.61","4351","12483","2750","6260","9054","8447","1970","4520","3973","2444","3864","12780","9309","9389","6586","6446","12085","5843","4820","3715","2771","7810","2668","10079","6611","12409","6537","8833","8196","15213","8316","17299","7538","7340","8227","16599","5022","10536","7312","12567","14905","10576","11172","8461","9797","8064","3309","5429","11910"
"0.84_706.47","1535","2410","3495","3502","4175","1882","1074","3095","2521","1301","4926","7212","4044","2830","6485","1733","6542","3861","990","2433","1296","6683","826","6098","2881","6371","5872","6012","3802","7502","2992","5730","6059","3995","2423","7473","3526","5264","4497","4018","5578","5566","10535","2579","11721","3656","962","1116","3707"
"2.65_701.55","3368","2768","2926","3602","3847","2879","2293","3945","2776","2169","1926","3279","2595","3339","2632","2075","2668","2234","1599","3196","1808","2623","2134","2852","2442","3086","2202","2737","3365","4176","2658","4474","2968","2238","3125","3818","3286","3852","2132","3456","4181","2549","2556","2539","3131","3020","2828","3862","4711"
"2.59_868.56","5373","5614","4803","7445","6686","4561","6269","6315","5251","5421","6815","8696","4954","5610","6463","4083","7776","6608","3243","5915","6124","5925","3601","6008","5396","8157","5580","7747","6066","5134","5789","7800","8483","6448","6142","7090","6026","6115","6765","6928","7620","7254","6596","5468","6737","7368","6009","7204","6346"
"3.22_944.83","3407","8522","4533","8457","14567","3630","1954","29902","14342","3573","2895","7873","8045","3736","5441","3847","9511","6396","2225","7479","3871","4915","1850","9424","4195","7039","6520","10327","7381","16542","7413","9909","10297","4610","3306","7296","4469","4989","6175","8027","3462","3850","12059","8005","3218","11345","2324","8134","8205"
"2.12_797.49","3245","3072","3469","3562","3118","3543","2744","3553","3997","3238","3249","3161","3461","4259","3366","2951","3658","3152","3003","3350","3024","3116","3453","3435","3385","3419","3467","3597","3490","3435","3551","4429","3459","3514","3371","3404","2866","3423","2873","3391","4181","3485","3136","2938","3587","3309","3526","3643","3285"
"3.40_724.66","3639","4504","2709","4289","4856","4495","2886","4268","4214","2295","3165","4790","5423","4808","3789","3120","4866","3145","2866","3708","2714","4345","2732","4904","2921","5101","4579","4578","4400","5720","3630","7942","4872","5029","4872","7131","4046","6223","4868","6231","6301","4622","4912","3381","5832","4854","3601","6358","7107"
"0.19_138.06","7039","3066","10970","3360","2239","2286","4993","3349","4253","3248","2759","2924","3035","2001","3090","1869","2863","1885","1641","10175","3844","1874","4019","2257","2012","3944","2849","1942","3031","3821","2661","4011","2525","2074","2470","3509","2194","2670","2107","2121","3230","2393","3442","2215","3871","3721","3565","3678","3593"
"3.28_751.77","15389","20710","18510","19782","13207","22961","16639","14311","16440","13086","17061","18848","15638","16902","16610","15531","15645","18781","26976","14974","13337","16309","15781","15574","18012","18018","20123","17228","20870","14629","15425","20851","16205","21235","20254","20805","24435","16888","18292","20327","18850","20732","15226","12730","16209","18028","15808","22989","25928"
"0.74_356.35","787","1528","1648","3425","2809","1874","3086","542","417","2000","2538","2850","1263","2284","547","1294","2183","1552","3998","8998","4183","33702","1995","6610","1924","1785","1525","2823","1724","2538","1525","5004","6239","2007","2163","4084","6781","1941","18050","1290","3454","7385","1448","6436","3767","5939","15633","2053","24540"
"2.20_693.55","3968","6239","3045","5434","5014","7299","1852","6193","3331","3023","3242","5789","5728","7165","5683","3073","5675","3788","2352","4964","3579","6389","3667","7157","3155","4573","4744","7471","6678","6555","5448","5871","8768","5959","5365","8485","5206","9505","7103","8670","5584","6448","7490","3828","7152","7344","3688","9966","11982"
"2.96_831.70","4911","4542","3493","4240","4404","3681","4049","4724","6136","3379","3775","5978","2988","2994","7041","2187","6119","5800","3012","3761","3554","3291","2162","6783","3143","2643","4215","7015","4629","4101","3118","7829","4950","3981","2838","4335","6131","6387","3813","2946","3193","8167","7886","3068","2944","5312","3504","3613","4554"
"2.47_827.67","3770","4920","3523","3904","4424","3833","2732","6042","3643","2580","5077","3898","4639","5265","4248","2879","6026","3626","2467","3638","2437","4756","2134","5167","6700","6514","3397","5217","4105","5375","5462","8305","6022","4697","4871","8941","4956","7559","7860","5622","5706","8325","8124","3050","4804","8922","3573","5063","4827"
"4.53_1309.11","7450","5651","4879","6556","3021","5572","3530","4417","3415","5193","3703","4233","3328","4475","3616","3332","3499","3232","2205","4894","4418","2982","7934","3886","3614","4203","2669","4311","4921","4242","5811","3337","4442","4828","6399","8046","6081","4902","5809","8326","4863","5620","5855","4242","5501","4596","5335","16482","10746"
"2.82_714.60","1302","1953","1231","1900","2729","2084","803","2045","1374","1177","1093","4742","5733","2429","1273","635","5982","4063","809","1332","1552","7643","1317","11143","1391","5021","4460","9871","4811","9146","2568","13311","7761","4683","3023","11588","3158","6613","2592","4010","5917","5250","7758","1452","12247","2070","942","1793","3546"
"2.34_264.27","5686","5344","3372","2761","3148","7719","3716","3412","2464","3033","3774","2425","3002","3384","3146","4056","2621","2961","11212","3050","1944","2205","7446","2549","4150","3279","2576","3619","7013","3381","2522","2784","4053","5331","4535","2757","5545","2926","3264","4731","3248","3867","2195","2257","2970","3618","3842","9643","5112"
"3.74_721.65","662","1598","927","1489","1535","2131","767","1428","1358","913","1943","2146","3447","2371","4547","1540","3725","3699","1888","648","923","5601","670","6498","1842","2863","4325","7563","3728","3765","2500","6816","7381","3268","2478","5188","3037","7105","6331","4233","3061","3338","3571","3576","5840","5190","1155","2070","3817"
"2.78_1448.18","3902","3531","3740","5275","3382","3417","3200","3548","2495","1739","3441","3810","1318","2470","5248","1386","2962","1889","2508","2194","1391","3306","2280","2285","4202","3366","2051","2815","3240","3779","3555","4974","2004","2694","3210","3721","2388","2938","3430","3478","3109","4274","3542","2600","3287","3751","3354","4167","4615"
"3.26_1054.85","3569","6800","8230","9488","25781","2922","2569","17145","24203","9710","4421","11477","7808","2413","5542","3402","14843","12027","2560","11859","12109","11584","2259","18002","4046","11144","11197","19185","5939","16739","13382","21887","15590","4788","7519","14198","6004","3985","9960","7665","5700","9023","18971","7197","9640","9020","3207","10170","9297"
"1.36_595.49","11243","4331","5950","5315","6699","1986","5640","3278","11134","3116","9171","10419","2209","8783","1778","1171","8215","1903","2861","1573","7669","9379","7320","2741","3475","9514","1931","3231","6795","3686","4699","4134","3118","3753","3708","9723","3904","3929","5217","6884","3850","1247","3516","2747","7242","2867","3803","2133","7609"
"2.14_836.60","47024","46085","42734","35814","49516","25018","37786","48385","41305","58586","40147","48216","35157","47443","48315","42248","71367","44955","21319","45480","43894","34784","20607","50105","38428","47351","35031","61729","60564","42929","36398","51193","43643","35057","32970","48068","52293","55490","56816","65840","45824","60168","31485","43105","40314","37560","41555","38220","39809"
"3.70_918.81","3370","11506","909","2596","19855","1777","839","24610","11566","1073","2020","5526","3531","1672","3811","2907","5926","5780","1622","4318","2001","2646","834","6253","1779","2200","8424","7077","4102","5449","5471","5161","8390","2842","3265","4248","3373","3249","4581","3780","3074","2087","4470","2913","8526","7209","1917","4824","5095"
"1.92_650.44","23284","2966","3518","2840","4561","1896","2692","3172","2973","3775","2941","16151","2671","4134","3669","2531","6789","3307","1321","3355","3234","3571","1610","4841","5518","4623","2026","3785","4316","4553","3108","5612","2966","3543","3249","4956","4921","3834","4063","5110","4540","7042","5093","13864","4597","3303","3223","2447","15102"
"1.78_796.55","2533","3044","4316","3215","5644","2645","3240","4260","5247","2824","4105","3978","3932","3304","3630","2304","7711","3508","1694","3198","3556","6010","2301","4218","3978","6098","3896","4842","3085","5545","3810","7444","4309","3969","3530","7415","3177","4336","3881","4726","4922","4649","6982","3160","4890","4745","3640","4212","4499"
"3.98_874.85","6976","13004","12406","22803","57188","4187","3086","38669","34074","12235","9566","17809","10510","6202","9198","5702","24221","15945","3493","16789","19192","17218","2433","20569","4494","16096","18689","23622","7351","27179","18254","30956","21549","7124","7980","20626","6822","11689","11443","12675","11460","12614","26437","11729","8628","12511","3840","11739","11070"
"1.59_782.56","4557","3230","3661","3666","7783","1897","2805","5053","4236","1953","2650","5775","3499","2638","2885","1925","3296","2399","768","4914","2839","3786","1884","3621","2827","3509","2772","3407","3103","5434","3776","4955","3670","3698","2403","4625","3467","3281","2599","3008","3623","3451","4605","3542","4123","2619","2907","1452","3667"
"2.39_768.53","4634","4053","4029","3565","4130","2829","2911","4149","3309","2723","3182","3776","3327","3216","3549","2339","3686","3553","2548","3127","2462","2934","2334","2985","4078","4132","3745","3766","3772","4062","4339","4721","3386","3807","3643","3954","3146","3642","3496","3692","3578","3684","4342","3111","4117","3673","3606","3714","4699"
"0.98_624.39","2878","1942","3451","2399","2043","2005","1426","4477","4970","3503","2545","2220","3048","2101","2341","1362","4884","1787","1386","5228","2197","4602","2220","4404","2173","5943","2232","3796","3109","3889","1692","8822","2365","1870","1906","5038","1893","3360","1721","2336","3033","4731","4357","2576","2571","2555","1977","1972","1389"
"1.77_824.58","4052","3852","6575","5850","9859","3306","3910","6619","6667","3849","4512","5651","3587","3367","4584","2412","5058","3477","1433","5184","4418","6559","2950","5681","2743","5263","4682","4970","4265","6320","5170","9050","4774","4578","2967","5371","3857","4622","3121","3942","5217","4907","5422","5000","4052","3536","4286","3526","6277"
"3.33_1019.90","2303","4846","2079","2682","17890","1649","962","11732","5700","1983","1464","3063","2152","2068","2249","1910","4811","3594","688","3804","1464","1930","1366","5028","1369","1305","3931","6949","3584","4495","3936","3958","5636","2505","2665","1910","3524","2740","4748","2587","1826","1497","2372","1930","3311","3554","2061","6754","4152"
"2.48_748.61","11596","12886","16324","19955","17494","9179","12100","11907","13566","9733","15273","17907","12336","13727","13205","6962","16162","9082","8761","9396","11273","17756","5529","14293","12639","14443","15037","12058","11701","18553","15048","25688","11961","12083","11703","17967","11637","12406","14046","12167","18609","15884","17942","9858","18576","12791","16941","11401","17887"
"1.23_690.47","11060","9248","16964","10157","17254","5672","10520","17615","14351","12280","10554","8243","6395","9711","9673","8062","9394","9168","3802","15004","12897","11014","3917","8159","11449","10025","8092","9030","10149","13343","10094","10723","8682","7981","8640","11700","8000","9705","8290","9521","10747","13341","9717","8422","10049","7848","8715","9435","8974"
"3.98_575.50","8177","15017","19119","26413","89313","6655","3997","68611","65039","14449","10284","21766","14921","8378","12923","7692","30645","18694","4738","20718","21258","18699","3778","22899","7867","21137","22705","30528","10866","37882","23338","39661","28668","8236","8737","22874","8756","12204","15028","18270","12059","16022","45299","14304","9951","22776","4910","13497","14783"
"0.51_500.37","3125","1576","6097","1309","1568","1096","1575","1435","1251","1702","1834","1684","1860","1448","6292","1517","1417","1155","1428","1784","1195","1273","1365","2005","934","15986","1059","1599","2405","3856","1097","1087","1606","1788","1092","1371","1299","2570","1711","2013","1703","1193","1264","1316","1787","1139","1494","1224","17532"
"2.05_796.68","13434","7953","9533","10873","10276","9743","9555","18077","11225","8709","7609","6077","8812","11243","10503","6584","4611","5950","3017","11913","10889","6803","10232","10487","4638","4787","5903","8921","11220","7285","6973","4918","10026","10260","8322","7971","11602","13582","9520","12019","3785","6245","9097","6240","9892","10499","9953","23807","16208"
"3.19_878.74","1643","3105","2289","2642","7957","2636","542","13755","6617","1848","1742","4834","3470","1852","3075","2014","5523","3511","1124","3320","3785","2592","859","5222","2274","4610","3174","8564","3562","7491","2187","6047","5768","2520","2134","4322","2343","1968","4499","4645","1718","1944","6893","2726","2757","6828","1468","6982","6200"
"2.12_695.56","7913","10355","4038","7380","6824","10832","4027","10488","5905","3898","4469","7669","8240","11441","7699","5203","6464","5190","4916","5976","3969","6662","4812","8361","5358","6366","6381","9626","10363","9550","7021","8166","10760","9746","8804","12094","9515","13444","9790","11894","7828","6599","10045","6481","10463","10709","7468","15944","17346"
"2.40_866.54","7066","8471","7236","6344","9943","7256","8368","10462","9003","7804","7462","7950","6261","8494","7520","7291","8034","7718","5391","9501","7826","8110","6116","8152","6615","8195","7650","8267","7819","7756","7861","7250","10104","9819","8169","9222","8215","8998","7691","7951","7964","7325","6612","7427","7840","7949","7960","7934","7748"
"2.89_275.20","2197","2346","1737","4001","3511","2910","1382","3312","2441","1921","1312","3149","2718","2802","2709","1907","2803","1747","1259","2558","2384","2833","1827","3223","1480","2774","1961","3231","3167","3602","2161","3488","3229","2803","2693","3396","2871","3582","3122","4153","3176","3071","3006","2200","2869","2201","1981","4057","4586"
"1.98_643.50","632","2366","266","974","3028","4064","640","784","707","786","1401","3257","4046","8441","1359","2459","2050","3963","1428","440","788","1989","410","3487","5644","6894","3562","12262","7644","8188","3815","7206","3729","1406","4412","8538","2774","9983","3394","2132","2167","8183","3481","1304","9160","2727","815","3163","7967"
"3.17_765.66","1737","3173","1659","5320","6371","1582","1519","4055","1645","2565","654","3196","3318","4683","1578","446","1336","579","586","1177","1495","1582","550","1906","616","5032","425","2885","1889","7117","2852","6182","1613","2771","2155","5394","1058","5315","3041","3980","7842","6938","5120","864","2851","4604","1332","4814","5313"
"2.71_800.71","4346","17097","3622","5500","9551","17397","2876","5682","4029","2781","5483","21884","15812","12140","8266","10650","13640","8328","8568","4514","2463","9258","3386","9350","10087","13950","11840","10811","10449","20626","11357","18797","11018","12118","12761","22117","9035","13686","11641","16527","20423","11235","13476","9695","13359","14657","6847","6570","13699"
"2.84_628.60","16346","33028","21874","29108","20394","32774","23009","25027","14131","14043","20091","29254","17203","16973","22179","16469","23416","17253","45624","8551","14221","18692","20087","20414","29088","26992","21763","18597","16665","27413","20601","42401","16177","31554","26233","38097","20056","19285","20909","26422","22897","20430","16010","16495","19314","32430","22782","31926","42341"
"2.54_786.70","6716","15544","5684","9256","10795","12900","6311","8762","5314","4661","6685","15459","16046","13403","12995","9146","12298","10619","8571","7807","5623","8925","6547","9870","11966","11441","11766","9474","11282","17279","13282","14632","10974","12740","14452","17951","11314","15849","10881","14433","18641","12060","11300","13278","14153","12752","8408","11589","16592"
"3.38_932.83","4556","10532","5114","8358","18128","4642","1942","33244","17281","3125","4476","11897","10472","4246","10036","4634","14136","9584","3385","8771","5941","6172","2359","11912","4871","9377","10381","15474","9554","20570","7127","13092","15721","4950","4795","11460","5838","5792","9277","15698","3633","5051","19484","11246","6658","25401","3421","13164","10304"
"1.53_758.53","4529","4090","3995","4709","3138","4797","2256","3800","4043","2011","4420","6316","4392","4486","6332","4065","7036","3075","3302","4284","2968","5114","2769","9093","5904","4745","3644","5364","4779","7695","2666","5891","6796","6687","3156","7579","3626","4678","5485","5023","3413","4693","10317","3320","5087","6557","3214","3931","5849"
"3.37_961.86","2980","5387","4869","5826","16702","3020","1674","15004","9257","3690","3024","4854","4859","2868","4457","3105","5818","4665","1833","5746","4532","5245","1491","5703","2818","4813","4801","7148","3857","8747","6534","8388","5020","4338","3662","8143","3010","5505","4441","4481","3557","2532","7517","5206","4145","7398","2495","5956","6094"
"2.02_684.59","24756","4447","19296","16320","2200","7092","18004","12076","18167","15168","18674","1034","1918","4159","9961","5117","1096","1912","8131","21134","18743","2520","22267","1721","5992","1233","5317","1200","3809","1425","6711","927","3234","2383","2742","2074","2516","3344","6094","5194","1926","1847","1910","7060","2037","9001","13510","21509","7359"
"2.16_1159.83","2295","3185","3654","3671","4609","1552","2552","4668","3134","2700","3052","3588","1834","3789","3284","1575","2905","3075","672","3018","2189","2982","908","3188","3418","3998","2778","2677","2768","3521","3508","3681","3876","3872","3837","3379","3029","3106","2641","2674","4677","3749","4082","2583","3613","2983","2949","2601","3381"
"2.03_521.34","3089","4262","2397","6230","3497","3989","2764","2541","2667","1328","3263","3948","2646","2954","2665","1563","3785","2191","2081","1980","2379","3258","2146","2649","2980","3885","2716","2885","3790","3242","2811","6824","2697","2907","2761","4794","4058","3757","2916","3424","5111","4002","3049","1937","3352","4010","3253","4138","7203"
"2.25_811.60","18896","16534","19182","58716","21103","14431","18473","14409","16298","15233","19746","24305","15439","15766","22446","9879","10538","13172","11867","9871","20166","22645","7783","21638","12162","10667","15714","13106","15067","20244","17065","23262","15931","11116","9272","14744","11503","15940","16668","25361","15382","15798","21966","15782","15507","17745","15330","7300","19071"
"4.11_850.85","2614","1211","3643","5750","13303","2280","1449","23149","15512","2922","3280","10572","9750","2002","6269","3270","13065","10842","1733","7638","14898","6059","1179","12069","2021","5722","15110","13885","7596","5210","3679","2840","19911","2310","2156","5221","2396","3046","4156","9523","3619","7037","25238","4723","3304","13573","1421","8447","5621"
"0.22_321.00","9621","982","11169","3939","877","1490","5658","3849","4751","3324","1950","1184","749","1478","1159","503","425","640","375","10543","4978","893","7676","900","711","781","698","1012","792","911","572","1191","713","798","872","984","1094","1135","1026","790","633","1120","885","818","928","1352","3087","4020","1829"
"2.00_796.68","13079","2643","8263","10384","2584","2403","965","2488","2257","1267","1873","1742","2388","2423","2565","2185","4359","2324","1334","10736","1739","1954","8264","2469","2209","1651","2209","2779","2699","2550","2347","1840","3253","1952","3100","3442","11111","2905","8809","2657","1970","1873","2491","1908","7900","2911","1440","3530","16532"
"4.41_429.37","2616","2035","6111","9397","9345","5349","2201","4494","5817","6094","4433","6260","3297","5420","3522","1340","5031","3511","1662","4283","6838","8774","4563","5512","2196","5564","3053","7662","4265","5093","5033","4994","5705","3779","2652","6434","3701","5317","3842","4607","5646","8780","7651","2556","5392","2390","3370","4044","4827"
"0.50_528.41","2245","2056","4074","3248","5411","1895","1733","3864","1713","2796","2383","2173","1833","2414","3229","2444","2390","815","3784","537","3368","3319","1738","2007","2050","1095","2523","2331","3408","2255","1522","1567","930","2245","2086","743","2537","3078","2026","2529","2394","1635","2124","2763","3562","2569","2137","1750","1166"
"2.83_798.70","2592","3871","2027","2803","3952","3341","1691","3235","3087","2258","2206","8934","11793","4048","3867","2039","9118","7891","1666","2328","2862","13649","2275","19119","2549","10783","7033","14359","7910","14898","4028","20634","13574","9396","5979","20224","5711","12096","3150","7916","11039","9175","13665","1660","20563","3910","2272","3808","5477"
"3.03_1000.85","2387","2764","2830","2243","15772","1182","901","9554","9043","1866","1465","1633","2065","1439","1842","1471","3964","2621","1146","1856","1370","2028","958","3536","1259","1437","2092","3422","2316","3383","4224","1747","3534","3023","2968","3367","2249","2170","5641","1927","1813","1021","2381","1899","2504","2273","1113","5086","3447"
"1.97_800.58","6635","8038","5497","8658","6493","5251","4284","10314","7029","3092","7588","8513","5233","5903","6800","4083","10786","5831","2584","5153","4344","7008","4140","7404","6395","9413","6553","8363","6358","8114","7077","11050","8619","7854","5373","8957","6987","8788","6673","7939","9193","9068","8154","4045","8107","8938","5484","7567","10423"
"2.94_705.57","8993","7178","4749","7475","8217","5976","3959","7531","4744","4302","3906","7520","7433","7433","4560","4152","5629","5144","3062","5844","5222","6006","4377","5902","5632","5205","4390","7388","7459","6721","5340","8987","6466","6421","6230","7694","6038","8152","5984","7349","7374","6501","5581","4945","7018","5971","5005","10701","10497"
"1.01_358.37","16038","14060","8811","43182","12183","13708","425279","51143","99362","11482","103650","10335","11181","159947","63364","24913","9682","163235","20015","41072","38268","107484","94443","9644","117475","94438","108617","8094","25000","46164","92851","36186","24457","6269","9059","12785","37323","10041","33751","4226","10706","12029","22076","19946","33749","7913","12744","17657","274406"
"2.05_797.68","7995","4597","5518","5979","7266","5706","5380","10669","6566","5356","4711","3987","6018","6862","5203","3850","3098","3373","1805","6153","6296","4278","6490","5992","2898","3431","4566","5341","6374","3991","5617","3281","5761","6477","4529","4163","6415","7753","5560","6449","2813","3410","5195","4339","5780","5747","6871","14091","9369"
"3.40_915.78","4794","8259","6331","8264","35821","3741","2280","35093","18893","3798","3827","6992","6096","4294","4675","3415","10481","7270","2117","6741","4331","5988","2564","9600","4047","5979","6568","13445","5880","17299","10806","12401","8981","5913","5665","10313","4642","6349","9885","6347","4836","3791","9066","5409","6220","9834","2758","9998","9980"
"3.19_949.82","1610","3258","1863","2113","5723","2164","772","9573","5116","2030","1807","3543","3388","1756","2718","2078","4195","3916","1231","2621","3328","2276","1410","4109","1767","2927","3072","7082","2798","5261","2457","4124","4214","1898","1823","3370","2524","2363","3737","3391","1511","1845","5297","2286","2224","5633","1330","5276","4367"
"3.44_888.76","6683","9468","6063","10236","40583","4156","2538","44332","22285","4422","4277","9901","8770","5982","6016","4171","13696","8220","2872","7661","5881","8295","2184","13771","4397","9032","8178","18038","7414","24459","12058","19232","12643","5286","6249","14202","5834","7976","9964","9118","5115","4443","14738","6975","8304","12257","2886","13420","12456"
"1.48_772.55","2592","3663","3548","4077","5466","2952","3418","4013","4289","2141","3411","4567","2614","2978","3739","2120","5716","2840","979","3769","3840","4229","3363","4391","4718","5189","3532","4278","3201","5857","3298","5874","3805","4227","3020","5323","3052","5431","3319","4865","5992","6723","5931","3692","5077","4384","4430","2989","5491"
"1.97_703.57","8546","10926","6915","12615","8235","10371","6621","7791","8032","6182","9897","10148","6817","10883","10836","6229","15795","8082","6755","5767","4940","9305","7360","10532","9652","12923","8703","12447","12495","10469","8008","13055","12733","10897","9504","13862","11620","11195","10684","8761","13293","12813","13645","7039","10226","9517","7837","7644","12614"
"3.27_1080.86","2370","2105","1999","3419","14612","870","1308","10064","10945","3093","2244","2859","1158","695","1536","951","3487","2549","779","2932","2140","2366","742","4212","902","2120","3354","3744","1619","1874","5411","3543","4108","1485","1745","2736","1655","778","3437","2100","2325","1781","3417","1681","5036","1423","1430","3310","2500"
"4.11_902.87","6900","15814","5631","10526","52256","2642","2280","22292","30823","6098","3920","12560","6574","3046","4227","3969","13109","13740","2819","10556","8461","9156","1597","14131","2725","4127","13760","15600","5729","11789","23378","17018","19222","4538","7799","7101","3715","8493","10157","4856","8527","7361","11416","3240","11177","8882","3041","9139","10081"
"4.52_1377.16","4503","4646","4864","10961","5595","6435","2511","7857","5154","4709","2110","5768","4045","7073","4465","3627","4947","2731","1807","3618","5447","3245","2693","4562","3075","5439","3187","2937","5078","5418","4521","4010","4984","3537","4430","7394","3498","5913","4102","4862","7607","5086","4761","5066","5633","4266","3327","7916","7549"
"0.86_678.43","3295","2525","3055","2690","2408","2009","2325","3392","3023","1894","3557","5200","3846","2982","3832","1521","7125","3698","966","3795","2804","4720","1673","4049","3189","5069","3697","4215","2989","4420","2750","4801","4855","2828","2197","6126","2578","4499","3450","3329","5319","4713","8076","2449","8497","2996","1633","2976","3538"
"1.31_850.58","1835","2198","1785","2482","2008","1698","1319","3058","1860","1258","1904","13349","3961","2618","3001","1763","9594","3099","1155","2215","1845","4407","1034","5636","2395","6109","3023","6256","4169","7013","2714","11189","4285","3381","2792","5493","3485","3706","2788","2830","3507","3514","7386","2155","7427","3313","2000","2709","2992"
"3.46_992.89","708","1208","586","794","4542","1530","816","1517","1363","2115","600","7361","4429","923","1846","676","8388","5445","799","1076","870","4500","1084","7673","1221","3710","3540","14798","2391","9096","1651","18907","7246","1737","2162","5070","2499","3329","3289","3034","2456","2193","6976","1226","11460","4000","710","1168","2445"
"2.58_838.63","3173","3426","4099","8616","5134","2394","5053","2240","4256","4329","3250","4220","3166","2719","4502","2145","2715","3096","2651","2526","3358","4315","1274","4374","2925","3489","4481","3591","3414","3675","2838","7177","3279","3087","2770","2775","3356","3509","2633","2567","4846","3594","2536","3638","3158","3127","3108","2109","3750"
"1.92_830.55","9856","8246","8384","6775","11881","5725","6730","7063","7748","10287","7725","8121","7307","8513","8120","6471","13046","7335","6349","6928","8738","8491","9099","9193","10719","8584","6516","7756","9397","9570","8297","11087","8159","7310","6850","9997","8259","8381","9120","11030","8934","11764","8871","9253","8291","7769","8561","6272","6997"
"3.49_962.87","3834","8631","2877","4352","15525","3788","1550","21542","9216","2396","3647","9039","8406","4737","6318","5410","7662","8246","2753","6314","4282","4426","1868","7285","4763","4807","9431","10591","7540","11937","7748","11248","11287","4331","5241","8205","4743","6076","6678","8003","3230","3588","9285","6075","8446","17113","3188","7742","8547"
"3.03_1018.74","3218","5932","6096","7186","21876","2870","1698","13833","12029","5903","3348","8135","7477","3594","4185","3094","18391","7959","1774","4915","6003","8846","2736","13719","2608","6903","7651","15932","9254","23323","7024","18509","7722","4699","4698","17477","7100","6834","8176","7838","4303","8210","11467","8137","6398","6082","2532","3917","5597"
"0.19_216.05","8411","1504","15024","6502","4041","2204","9284","3584","7296","4794","3087","3116","2365","1227","2150","1536","1605","1860","620","11664","5694","2130","4448","2754","2578","3664","2443","1230","2901","4341","2776","4816","2101","1903","1336","2861","2263","1822","1277","1235","1568","3032","2581","1319","2656","2857","3821","4801","7136"
"0.28_534.33","4774","3691","3122","4559","6354","2256","2987","7083","4339","2039","5695","4657","3049","5320","3776","2297","9484","2685","1439","4219","3541","3358","2524","8751","4156","11411","5128","7167","4797","3831","4865","6318","9450","7495","4807","7436","4586","4826","5021","4140","6671","5824","3413","2370","10123","4131","3397","7791","8800"
"2.31_830.66","5325","1092","1457","2717","1117","44546","3831","3502","819","1085","1580","944","1357","1379","687","3181","1897","611","39232","1879","991","992","13436","1267","1045","780","855","1535","559","1212","957","743","1049","843","4490","889","4640","958","1098","1257","966","1390","571","1208","808","3625","714","1581","1683"
"2.90_679.57","6248","8100","5256","11397","10060","8505","3293","10902","6669","4523","4897","9425","7721","8972","7589","4245","8874","4377","4024","6377","6209","8261","6186","10095","4812","7978","6046","9183","8185","11077","8020","11652","9776","7273","7193","13099","7462","12220","8253","11401","9060","8665","8952","4920","10233","8370","5797","11660","14385"
"1.31_856.57","8700","6595","7830","7888","8981","5296","5430","7827","10444","4755","6955","8914","7933","6312","6309","2982","13094","4994","1617","7504","7870","10297","4178","9930","5640","7635","5946","8142","6644","9573","5832","14432","7810","6838","5574","9765","5665","8933","7750","5064","7333","7853","9862","5579","7334","8096","6334","6634","7770"
"3.01_738.64","5523","7080","5398","10815","8598","8375","3420","8791","6134","4860","5164","8665","7161","8709","6939","4426","8720","4492","2967","6330","6438","7801","6787","10013","3988","9221","5295","8678","8067","10203","6704","10890","8604","8159","6903","11454","6433","11273","7721","9585","8209","8457","8069","4699","9719","6988","4968","10587","13807"
"4.48_429.37","1421","2235","5269","7753","10190","1731","1169","6453","5027","5038","1896","4998","2911","3339","2184","842","5642","3297","1167","5834","7167","7584","1332","5454","1420","3775","3017","6487","2694","4627","4089","3427","4867","1478","1912","4407","2429","3665","3260","2277","5236","8430","5580","2576","3243","1934","2007","3020","2252"
"1.52_861.61","4093","3121","3866","3965","3141","3210","1742","5725","4055","1733","3392","5774","3330","2794","3937","2289","5562","2057","1316","2519","2027","4157","1956","3987","2831","3841","3271","4445","2848","5339","1872","6354","4776","2988","1650","5164","3593","4361","3856","4431","3384","3063","4539","2224","3717","3909","2188","2528","3682"
"3.36_881.76","2950","2129","1752","1978","19196","902","873","11107","6523","1618","1424","2140","1517","1091","1511","1084","3738","2414","892","2570","1397","1780","672","2705","1145","2366","2607","3520","2476","3524","3860","4198","3141","2105","2077","3106","1420","1946","2980","1551","1666","1236","3841","1402","2330","1717","1369","2858","3488"
"0.23_144.05","3942","13335","3853","10696","10181","9390","8170","9116","10998","6762","9982","8339","8645","8362","10935","6784","6096","8280","15249","5579","8212","9481","4262","7897","7247","6139","9365","6240","10366","8271","10557","10641","10000","8879","7938","11471","8525","10876","8978","7723","10127","9417","8668","9488","10646","10775","11169","8132","11900"
"3.18_937.75","2317","3321","1397","1888","13757","901","744","10351","5200","1053","1431","2322","1863","1384","1348","984","3825","2311","846","1626","1339","1365","699","2899","1013","1684","2154","3831","2275","2828","3783","3414","3164","1997","2647","2867","1839","1872","3557","1878","1376","1038","2413","1814","2828","2554","1084","4359","3984"
"3.19_887.73","1551","2781","1843","2518","7913","1749","788","10563","4833","1555","1722","3035","3003","2193","2125","1852","4031","3501","1084","2140","1933","2877","684","4091","1646","2673","3030","5241","3117","5926","4120","4641","3493","2490","3004","3933","2579","3286","3223","3590","1974","1750","3497","3322","2426","4092","1064","4051","3971"
"1.30_125.00","5998","2463","5841","2908","2935","1897","2838","4836","5064","2938","2939","3123","2518","2608","3137","1431","4250","2332","1592","7062","3256","4155","2634","3285","2184","4009","2515","3654","2767","3876","2346","4339","3587","2627","2030","4290","2997","3902","2939","2584","3622","3546","3656","1872","3899","2745","2873","2762","3564"
"2.53_722.58","4492","8340","2117","3870","6082","7496","3073","4845","3127","1397","2941","7945","8575","5566","6354","3952","5619","3683","5816","3635","2549","3538","3025","4127","4067","5549","5486","4501","6081","10175","5777","9742","5637","7517","5780","9818","5435","8165","4766","7672","9689","5204","6113","6598","5403","6704","3230","6130","9345"
"1.97_607.49","1686","3116","2310","2319","7002","2087","1025","7800","6045","1349","1848","2374","2225","2142","1975","1696","5051","3165","870","2309","1877","2693","980","3807","2133","3747","2693","5344","2799","6137","3260","4701","3793","2538","2262","5137","2153","2430","3525","3170","2353","3280","3770","1705","2316","3627","1174","4202","4303"
"3.60_742.71","4072","6046","2280","3035","3253","3430","2103","3791","4046","2144","2192","3787","4923","4165","3759","2615","4409","3413","2081","2795","1823","4384","2537","3717","3275","3320","2632","4698","4919","5495","3968","7658","5048","3671","4846","6583","4084","5955","4673","5230","4472","4358","6310","3504","4775","5596","3994","7482","6497"
"3.06_606.62","3445","4633","3344","4827","4327","4620","3010","4098","2922","1825","3538","5073","3433","2820","3220","2521","3347","3441","3864","3812","2898","3934","2874","3589","3289","5423","3722","4430","5888","3938","2605","4464","4350","4841","3670","5632","4618","3999","3654","5808","4158","3935","3892","2808","3638","4559","2729","4484","6875"
"3.02_1294.36","18284","4778","1267","2415","5093","4553","1138","1588","18229","2790","1618","4043","1735","1057","1259","1627","2740","2641","1050","1913","6096","2212","9754","1336","3236","16698","3449","2954","1569","3885","2275","980","961","1935","1127","2987","3262","2813","2276","13948","3489","1384","31882","1613","8798","2559","1594","2982","1012"
"2.06_1384.09","4615","4466","4087","5076","4842","3471","4140","4198","4110","3404","4931","4183","3904","5265","4522","3859","5705","4235","4196","4253","3698","5031","3566","4162","4563","4487","4351","4736","5268","4951","4232","5884","4980","4416","4094","5818","5270","4722","4755","4287","5426","4899","5056","2623","5396","4692","5813","4953","5855"
"1.58_774.62","2449","3623","4061","2902","8894","2743","2349","5143","3845","2844","2478","4303","2579","3679","4686","1587","3687","2116","659","3946","3185","3832","2071","4036","2576","3489","2565","2781","3145","6658","2930","5862","2347","3459","2422","6699","2584","3379","2294","2359","5268","3695","4514","2553","4569","2762","3307","2308","3917"
"1.52_844.60","4567","3691","3961","4732","3839","2585","2960","4649","3835","2592","3334","3495","3172","2529","2918","1680","4528","1655","869","3248","2430","3479","2521","3489","2892","3529","2875","3191","2797","4349","2131","4673","3337","2729","2169","3800","3055","3637","3527","2572","3055","3529","3568","2493","3665","3020","3765","3933","4638"
"3.10_724.66","6867","8640","4285","8811","5534","12082","2972","7045","7656","3648","5735","11511","10062","9125","11997","4261","11532","5221","4493","5597","5145","5589","5321","6734","11367","6414","4139","8977","8407","7996","4760","9789","7398","7998","4960","11547","6764","8914","10244","19754","5992","6902","15358","10417","8824","18940","5409","9331","12474"
"1.32_824.50","1619","2295","1710","2917","2328","2443","1604","2151","2576","1177","5151","3540","3502","3310","5076","1827","5148","2539","1149","1583","1365","4477","607","4576","3745","4393","4900","4058","3913","3852","2244","4438","7462","3225","2576","6623","3598","5745","4573","3459","3978","4662","5920","3131","5449","4983","1864","2217","4860"
"3.26_945.83","2865","5159","3163","4516","9350","2470","1342","18209","8817","2549","1521","5011","4747","3001","4081","1795","7344","4939","2128","3815","2921","3395","1348","6518","2768","4204","4066","7875","4108","10599","5974","6089","6834","2686","2154","4914","2752","3254","5221","5127","2016","3154","7536","5651","2278","7013","1782","5885","5098"
"1.99_764.52","3799","7252","7834","27777","3802","7331","6808","1377","2431","3873","7500","5060","2766","3510","4365","1796","2545","3316","9866","2360","4862","6493","4867","7055","3824","4893","9493","2979","2317","3797","3634","5668","2219","2695","3453","1976","2944","2738","2767","2224","5021","3831","3205","2206","2930","3001","2896","2703","4974"
"3.66_822.83","1655","6671","2113","4123","5144","7845","2895","3681","4392","2099","5504","7480","11361","10787","18306","6572","11918","10785","7056","2417","3523","16085","2794","21590","7476","10210","17225","21205","14995","14421","9139","19896","23647","14487","11513","19507","11839","22826","19825","16250","11232","10014","12582","12382","21918","19885","4847","6377","14536"
"2.35_761.21","3527","4048","1939","4550","4545","1649","2235","3269","2533","1768","4317","5736","2559","2939","4610","1469","3916","2968","1078","2271","3028","4047","979","2575","5691","4630","2312","3344","2271","4485","4236","6931","3157","2741","1853","5932","2089","3717","3787","4930","4562","5337","5384","2923","4403","4722","3227","2636","4333"
"3.08_701.55","1724","2791","2269","3491","4436","3381","965","2840","2862","2143","1938","4350","3947","3304","2971","1272","4973","1804","2226","1834","3346","5102","2441","3813","1483","4129","3019","4429","3299","4225","2848","5689","3729","2914","1777","4473","2006","5036","1901","3214","4377","3438","4155","3246","3701","2392","1899","2676","5693"
"3.05_612.61","3051","6123","4026","3984","3317","4345","4036","3837","2308","2078","4272","4495","2732","2900","4473","2331","3951","3142","5826","2463","2575","3381","3202","4072","4671","4603","4768","3704","3450","3658","4475","5683","3079","5402","4164","5703","4034","4371","3499","4673","3725","4780","3735","2885","2914","4640","4009","5682","6193"
"4.11_878.86","2913","3489","2202","4446","12481","2757","991","23986","17205","2353","4408","10014","3602","1932","2258","2455","10377","5587","1655","7370","4630","3588","1088","8799","2286","2628","6635","8927","2149","9970","5560","13584","9766","2516","1474","2865","1622","1870","1423","5097","1101","3656","15334","4507","3896","6610","2832","2770","2685"
"1.52_770.53","4011","4614","3682","4439","5426","3610","2860","6246","5896","1850","5019","4937","4518","3205","4801","3148","7680","2712","1523","3497","2593","3902","2830","5858","5742","5894","3013","3961","2789","7130","2511","6175","5898","5421","2608","6716","3050","5185","4465","4089","4647","4672","5897","3921","3665","5837","3853","3658","5733"
"0.18_290.09","8461","460","6956","4133","381","547","6149","4200","4441","3181","1144","214","397","647","548","345","326","430","274","8071","3602","355","7388","521","395","384","337","298","448","566","521","757","586","641","261","273","431","619","391","447","348","480","834","264","799","575","2623","3296","1335"
"2.40_574.48","10184","11232","5878","9952","7061","14423","6359","6969","6162","4281","8301","7366","6441","7197","7056","6269","6914","5442","19885","5559","3893","6306","12188","6849","8857","6786","7216","7988","16220","6690","5818","9897","7902","11454","9131","7638","12487","6335","7505","11749","7530","8246","7086","5373","6709","9140","9191","17330","12424"
"1.87_709.50","2865","3794","2868","4550","2600","2668","2659","3414","3948","2043","2997","4421","2578","3006","2877","2848","3805","3668","2076","3616","3072","4074","3274","3362","3478","2688","3235","3623","3984","3735","3651","3682","3547","3182","3274","2771","3141","2856","3780","3898","3823","3817","3387","2371","3645","4099","2506","2871","4227"
"1.97_666.43","15966","9469","12182","8185","11617","5914","7437","9687","9949","11211","8960","9401","8334","9587","11405","6901","15469","8288","5189","11141","9803","7892","6017","10005","12000","9523","6430","9551","11748","10850","9909","11489","8422","7776","7233","12484","9598","11881","11922","12880","10485","14244","9701","8837","9388","10457","9879","8211","10033"
"1.52_799.57","5461","4749","4150","4914","5510","3998","3597","7044","5114","2566","4312","5876","2926","3569","4302","2919","4611","3294","1353","4653","3136","3938","4133","6273","4878","5685","4441","4572","3375","5764","3089","5773","5495","5227","3074","7170","3531","4322","4169","2754","4779","5297","3547","3512","4215","5339","5268","4706","5746"
"2.79_851.64","4288","4892","5042","5410","4547","4071","3400","4523","4530","2683","5038","5299","3930","4282","4968","3301","5043","3415","3560","3175","3301","5262","4033","4596","5226","4445","4025","4151","4176","3946","5045","6664","4490","4184","4540","4725","4696","4639","4684","4221","5286","4669","5242","4081","4132","5525","5263","4479","5420"
"3.77_1008.88","17074","25858","14505","28424","83735","7602","7827","109327","82294","16861","17650","34784","13942","4312","18366","12895","21964","24424","5635","73713","36872","15920","8777","36551","11401","21892","28616","31443","13642","36291","33539","36194","39828","8935","10193","25762","10112","5791","14853","20930","14609","18556","57843","17535","21854","34966","10669","32349","20269"
"2.45_798.70","8890","9856","6722","8268","8573","9414","4827","9330","7129","5063","6049","9323","9758","10740","7180","8380","8045","6294","4149","9050","5705","6665","5754","7907","6253","8581","5021","10763","9525","9738","8914","12143","10722","11094","10327","13391","10297","14128","9472","10781","9317","7930","9331","7268","12160","10021","7495","17813","15331"
"3.19_1002.87","5714","6825","2907","4012","19283","2098","1266","17413","10543","2913","3216","2698","2847","2323","3101","2199","7527","5571","1766","3841","1669","3047","1765","6578","2072","2056","3120","7124","4586","6218","8303","4371","5666","3353","4159","4858","3456","4259","8162","2862","2248","1632","3258","2406","5740","5545","2416","7355","5871"
"1.40_773.55","4180","2376","5583","3501","5149","1585","2251","7183","4761","2310","4494","3768","2352","2806","3487","1207","5502","2867","808","4457","3377","3004","2203","4336","3267","4944","2507","5066","4081","4535","3089","5235","4308","4036","3630","5471","3491","4610","3397","3405","3778","5163","6156","1985","5837","4237","3049","5492","6939"
"1.31_760.51","6499","5203","7483","8217","4172","4261","3760","8353","6956","4513","6424","7050","3993","4368","7217","4283","8799","4641","2276","8323","4966","7241","3677","9184","6378","8567","4234","7852","5799","8776","3759","6314","9400","5367","3835","6702","4284","9307","6235","5848","4125","11057","9887","4300","6327","6273","3229","5360","9067"
"2.12_934.73","1144","2079","1340","1938","4331","2017","691","7620","5031","904","741","1313","2150","1548","1729","1357","2945","1352","304","1418","1117","1417","1461","2300","1032","1648","1262","3392","1243","2917","1539","2407","2229","1842","854","2981","1963","3081","3431","1434","782","503","2424","1323","2198","2251","1040","4079","3807"
"0.35_568.32","3331","4409","3489","3840","10548","2214","4488","5842","6206","3380","3734","2843","2544","4926","2846","3967","5006","3658","2156","3150","4360","2483","2434","5566","3607","4928","5667","6069","5741","2981","4284","2890","6659","5994","6488","5839","5616","4442","5029","5618","6264","4603","1706","3874","6512","2545","4884","6049","6080"
"2.00_822.58","6805","7025","6481","6584","5739","5046","4488","5489","5461","6759","6316","6157","5455","5982","6405","4828","9009","6217","4022","7380","7280","5053","3340","7212","6578","6111","5643","6123","11424","7945","4805","7155","5076","5838","4985","7399","6526","6436","6016","7827","5856","10114","4801","6272","5307","6560","6218","5672","6235"
"2.43_916.72","1444","2574","1803","2411","5725","1293","1054","6506","4143","1718","1006","1625","1814","2345","2044","1049","3225","2009","1255","1117","908","2243","977","2448","1600","1616","1997","3968","1993","4032","2246","2801","4112","1737","1944","2888","2353","2201","2702","2865","1229","1431","2578","1586","2561","2494","808","3508","3596"
"4.53_1294.11","9826","4774","4920","5492","3516","3889","3921","6127","4055","5253","3063","1869","2301","3685","3360","3209","1479","2145","1718","6385","3560","2313","8556","2501","3954","2856","2092","2252","5032","2753","4383","1511","3425","3744","5270","5769","3584","4457","4433","4942","3657","3544","3671","3928","3248","3983","5255","14306","7786"
"3.77_951.80","7921","8286","4290","8812","37200","2161","2356","46001","31394","4346","4853","9113","3185","1341","4117","2875","6054","6064","1701","14912","7608","4174","2647","8927","2975","4815","7074","7777","3374","7402","10547","8592","10738","2807","3046","6542","2600","1978","3967","4294","3828","4044","11704","3388","7725","8735","1763","8261","5855"
"3.31_1034.78","3468","2662","3742","2917","5118","2104","2440","3803","2744","2819","3169","2682","2338","3085","3585","3164","2118","2694","1711","3577","3123","3314","2273","2543","3119","2389","2343","2326","3157","2587","3239","2983","2728","2802","2630","3049","3415","3016","3210","3700","3453","3239","2825","3558","3071","3233","3209","2775","2860"
"3.01_974.75","2784","10511","2949","4726","6945","11228","6073","5438","3529","2926","4218","5172","2776","4523","5751","3202","4493","3310","2973","2935","4089","2857","3178","4828","4476","4459","6598","6514","9320","4758","6187","7622","3471","7787","3463","4149","4242","7855","4446","6874","4138","3537","7165","2454","4369","3864","7192","3504","10950"
"3.63_1006.86","11173","9694","17530","26455","58144","3242","6064","69076","74990","15131","10738","15197","6746","3274","8711","5271","13294","11895","3115","28384","21226","9526","5704","16993","5078","16249","11259","17003","5548","24459","19074","17887","18442","5096","5366","19260","6020","3751","8183","9373","7328","8695","33523","8084","12704","13198","5236","18139","11932"
"3.65_743.63","4041","10122","4197","7270","8999","11986","4529","7290","7455","4598","8338","11594","15878","15582","23936","9474","17849","15373","9748","4440","6116","23940","5078","30871","10853","15353","22349","31329","20756","19622","14676","30177","33486","20572","15942","25406","16506","32398","29176","21719","15974","15333","17902","16428","29731","26318","8063","11439","25593"
"2.13_782.67","131","1760","0","0","0","5540","0","4819","0","0","0","0","0","7181","0","3413","283","0","1204","2098","0","0","2383","0","0","128","0","781","3047","0","0","0","0","0","5704","3050","120","6884","5303","7427","0","0","0","0","2033","1093","0","14372","7360"
"3.13_964.85","1985","4968","4091","3734","9289","2051","1031","16505","8781","2877","2719","4697","4197","2674","4200","2257","6427","3299","1128","5898","4849","2719","1599","5292","2432","3723","4704","8431","5796","8064","2379","5621","7731","2624","3152","4369","3238","3398","6589","7147","1180","2137","8922","3745","3062","9674","2535","9955","5236"
"2.07_704.25","3717","2270","2986","6693","3699","3326","2037","2248","2513","1075","4043","2863","1807","3376","4139","1467","4131","2509","1206","2385","1527","4360","1894","4206","3224","3415","2380","2861","3279","2527","3223","7174","3814","3538","3410","4666","4127","4790","2013","3618","4695","3758","4803","1098","2313","2793","3087","3952","4644"
"3.64_948.79","5129","3133","3869","6153","33135","984","2173","26801","28040","3501","2706","2388","1624","977","1629","981","3689","2693","759","4941","3344","1851","1607","4697","681","2296","2871","4833","1742","3629","7786","4007","5589","1740","1852","4068","1555","1506","3048","1576","2624","1924","4807","1284","4786","2194","1441","4792","3396"
"3.36_1019.90","2345","4589","1719","3126","16936","1351","774","11817","5689","2313","2509","2958","2430","2505","1801","2111","5133","3702","1275","3886","1612","3026","1298","5705","1508","2718","4615","7250","3541","3902","4012","4076","6554","3122","2679","3380","2956","2747","4844","2642","1819","1955","4035","2183","3715","3530","1655","6903","4166"
"3.39_972.91","998","1907","1363","2523","9523","852","352","9196","3700","927","871","3093","1947","1847","1944","875","1676","2314","626","1777","1256","2379","458","2316","1130","2067","2539","2438","1636","5546","2478","3881","2599","1530","2160","2616","1477","1528","1718","2912","1199","1405","3551","1838","1266","3573","520","2681","2372"
"2.33_880.59","1298","984","1283","4752","3043","1521","2455","2206","1291","1380","6930","3595","2964","2922","6999","2326","2461","2990","2476","1165","1628","4181","1702","5370","2842","2960","3078","2715","4044","2870","2999","5992","2451","1977","2691","2610","4626","2282","4002","3556","2701","4188","3656","1957","3044","2723","2551","3995","7136"
"2.35_762.51","1294","2945","1918","6181","4218","1128","1015","2692","1879","1563","2623","6579","3030","3435","3406","1575","5372","3660","1104","815","2863","4539","681","3374","3306","4659","1753","2024","2812","3993","3393","3230","1499","2891","3550","4745","3447","4254","5105","1446","4664","3460","3130","3576","2935","3496","2680","2067","6058"
"3.24_931.81","1662","5124","2589","4472","11414","1862","1028","14692","8230","1996","1863","4155","3603","2774","3677","2226","7009","4140","1629","3758","2553","3191","916","6141","2701","5043","4179","6636","3647","7677","4615","5314","6414","3279","2321","4883","2627","2821","4193","4499","2207","2709","5861","4595","2760","5882","1128","5091","5689"
"2.15_759.01","3807","5063","5190","7789","6733","3479","4099","4906","4089","3452","4567","7079","4111","5568","3964","3102","5064","3484","2020","3644","5122","5486","2515","4689","4429","4332","4497","4406","4572","5444","6023","5499","4582","5787","4143","5242","3901","5099","3992","4678","5415","5359","5838","3855","6542","4554","4955","3793","5385"
"2.89_1419.82","3402","4541","3103","4403","2732","2933","2390","2611","2805","1694","4584","3662","2859","2457","3338","1719","3089","2610","3942","2601","2736","3459","3052","4400","2602","4179","3159","3420","2986","3217","3086","3827","3674","3795","3494","3991","3431","1382","3708","2237","3350","3421","3013","1967","2918","3487","2917","3604","3945"
"2.61_639.54","662","12289","305","479","6725","3216","322","1493","425","213","4410","9089","4100","7675","6538","9574","3905","4839","5016","406","285","2879","246","3217","8867","3613","5354","3746","8900","5607","6491","2759","3777","4972","8148","3489","6526","6067","6996","6534","6633","4560","3375","6054","5969","5564","4207","5537","3663"
"0.20_217.03","28567","1745","37023","10982","2288","1200","16218","9963","21180","10381","7538","2635","2259","1972","3964","1506","2394","2485","2317","44548","15873","2309","26146","2034","2479","2408","2119","3034","2656","4210","2619","2974","5491","1932","2516","3480","2389","1773","2279","2192","2495","3983","4009","1580","4234","3543","6755","11889","4289"
"3.65_780.72","3702","7995","3420","6391","7248","9912","3510","5761","6329","3728","7425","9166","13864","13596","20498","8108","15304","13883","8716","3924","4800","19575","4657","25112","9325","13297","20518","26115","18349","17229","10997","26013","28601","19464","14413","25469","14560","27877","24495","19708","13632","13537","14609","14689","25523","23178","6428","8272","20907"
"2.74_798.70","15226","20090","10320","21114","15181","19385","7110","17295","11028","9436","10476","22510","18012","19745","15012","10221","18622","10148","8161","12655","11766","15927","10276","17526","10665","18863","13255","17340","18834","22735","14621","25186","20145","18038","17957","28313","14540","24642","17840","24841","21956","19023","20112","14088","22147","19196","13404","21205","28696"
"2.84_733.72","2599","5087","3479","4923","3932","5234","5113","4035","2592","2898","3396","4779","2165","2823","3196","3347","3852","3684","8253","1835","2594","2978","4236","3772","4690","4988","4551","3423","2933","4573","3439","5365","2810","5079","4302","5615","4504","4278","4179","4075","3780","3497","2634","3087","3115","5730","4000","5866","5452"
"2.84_690.65","2655","4583","3344","3141","2512","3974","3432","3048","2161","1829","3014","4907","2891","2978","3283","2662","3058","2532","5985","1650","1983","2853","2895","2568","3946","3788","3277","2283","2353","4260","3207","6080","2167","4744","4064","4519","2827","2735","3059","4264","3590","3092","3329","2776","2442","5918","3388","4216","5500"
"3.70_919.81","3833","9370","1418","2495","16671","2473","814","18544","10606","1636","3521","5502","4895","2236","4087","2840","6242","5514","1393","3784","2255","2706","1469","7151","2082","2643","7478","7802","4864","6522","5445","8408","9374","3220","3827","4835","2796","4300","4651","5545","2458","2354","5222","3706","7767","7021","1801","5622","5254"
"3.11_1052.83","858","1738","3097","3369","8080","1149","1203","5196","9907","2871","1273","2743","1422","729","1680","735","3292","2087","976","2209","2840","2627","883","4176","734","4279","2328","4647","1774","4421","2941","4486","3480","1979","1272","4206","1502","1143","2464","2022","1419","1936","4547","1791","2409","1943","1149","2386","2251"
"0.58_636.40","779","2763","470","802","4543","2358","960","1384","1814","360","2686","3161","4654","2297","3914","3194","6745","4225","1798","752","864","4148","585","3984","3043","3855","2950","2974","4363","5968","3379","5212","3457","4576","3090","2752","2986","4158","3802","3572","4559","4135","5410","3271","4063","3537","2644","3502","2745"
"1.53_776.57","11951","9903","9233","8467","17344","10237","7309","12758","11734","6837","6915","11494","12650","8721","10109","5787","10771","5195","2848","14278","7226","9161","8830","13864","11234","9822","10310","7733","7706","17528","6164","12873","11239","13938","6235","19221","8300","8751","9715","6516","13627","11899","10370","9299","9154","8617","10558","10505","11137"
"3.36_855.75","3883","6690","4308","6573","24116","2997","1708","22910","12540","3897","2187","6671","4381","4380","2464","2706","5419","4879","1286","5908","3177","4720","1488","4201","3097","6416","5684","6952","4211","12159","6863","8789","5926","2600","4201","7789","3598","4744","4707","3994","4700","3063","8408","4540","3141","6794","2282","6643","6400"
"4.49_1147.00","15827","7125","5829","15197","2491","5718","12616","5495","4101","12177","8241","4937","3033","5032","8588","9374","2158","3556","7559","7640","10203","2564","8892","2462","6265","3086","5790","1755","4275","3840","4725","1743","3499","2921","4649","3190","3953","2144","5825","5701","3465","3358","2997","6375","4369","6890","11649","10047","3614"
"2.12_795.50","4878","4919","4342","4671","4486","4643","4229","4588","4450","3973","5497","4434","4265","4832","4687","4051","4946","4710","4409","5305","4584","4561","4919","4906","4999","5079","5275","4190","4726","4968","4762","5395","4523","4588","4326","4741","3960","4851","4503","4760","5508","5091","4656","3972","5737","4502","5341","4604","4597"
"2.59_812.61","5928","7273","5511","12641","9546","4870","5810","8108","6145","4643","7232","10544","5277","6410","8212","4727","9465","5654","2076","4635","6775","8819","3199","8543","5575","9071","5471","8264","6875","7899","6589","11671","8578","5932","4533","6809","6435","7523","9202","9181","8261","8711","7756","5228","7979","9604","6808","5992","9172"
"3.26_997.77","2035","2442","2492","2889","14847","1002","1053","8298","10557","2946","1958","3236","2237","667","1677","1383","4281","3685","965","3641","3586","2955","740","5752","1520","3142","3056","5360","2152","4384","4878","5937","5425","1850","2107","4687","1928","1521","3029","2266","2194","2892","5213","1984","4475","3079","1217","3597","3291"
"3.96_849.84","2398","2424","2100","3505","1227","2045","1000","5615","6453","2651","2195","4524","3433","1853","3632","1919","8080","3872","1244","3713","4042","2935","1223","2007","1650","3804","4317","3683","3058","4396","3624","3575","2792","1592","1101","1585","2686","1958","1330","3859","2205","4000","3489","2879","1603","4497","1343","3477","1200"
"3.55_943.81","2832","4498","1301","2821","13006","1383","1036","11988","6280","1619","1597","3191","2399","1380","2549","1916","3998","3412","1066","2115","1536","2383","850","3299","1153","1847","3137","4463","3160","4047","4666","3220","4781","2430","3038","3971","2216","2916","3730","2987","1946","1997","2276","1348","4816","3426","1288","4224","3644"
"1.97_621.44","16037","10263","14038","8912","14987","6869","8744","12639","10404","11517","11376","10682","9313","10544","13011","6796","16855","9448","5401","13701","11167","9535","6180","12298","14070","11821","8096","11649","13592","11917","11320","13354","8500","8414","8819","14257","10429","11853","13230","16135","11177","17560","10834","10353","10979","11501","11071","9696","12091"
"2.53_798.70","16429","26635","10779","18272","21588","29949","13053","24027","13089","9644","14080","29796","35221","33267","24896","15030","24108","17826","9836","14785","10688","20520","11862","24475","23037","29196","23807","23604","28808","36922","25223","36065","25771","32464","26088","44342","25153","40683","23358","31214","31934","26310","29393","22538","31180","25755","19327","32994","43773"
"2.34_761.37","3944","5292","2688","9342","5750","1344","2586","5273","4054","741","3389","8251","5872","5030","8396","1050","11112","2648","318","3566","4590","5490","1156","4743","5217","4968","4437","5638","3269","6158","7188","11596","4733","4637","3236","6620","3345","6875","7525","5799","6832","6918","8385","5216","8234","9729","4625","3129","6167"
"2.56_918.74","2336","3900","1655","2138","7199","2018","834","10276","5923","1370","1780","3166","2594","2549","3292","2030","4147","2754","1571","1827","1726","2691","1430","4152","1574","2916","3010","7515","2883","6218","3689","4884","5456","2024","2572","5823","2631","4012","4757","4495","1911","1849","4287","3025","3494","5502","1417","4602","5409"
"3.43_972.92","1028","2248","1965","2220","9369","984","1008","6503","4263","1522","1158","3222","2596","1522","1059","1162","3270","3090","583","2526","1803","2095","776","2741","1826","1845","3140","4190","2264","4910","2217","1873","3104","2036","1865","2875","1955","2156","2097","2789","1194","1850","2460","2276","1918","3470","877","2405","2288"
"1.84_798.56","4195","5282","4529","4305","6343","3152","3557","3913","5873","2417","3913","4728","5539","3633","4668","2562","9151","4325","2430","3125","3846","6843","2445","5139","4916","5452","5075","5159","4879","8860","5274","12612","5846","4917","4071","5828","4481","5334","5576","4466","6477","5953","7395","3853","5554","6274","5581","4672","5152"
"1.21_846.55","3176","2960","5919","4109","5101","1885","3146","3774","6897","2898","4106","6322","5241","3870","3625","1594","11251","4413","1383","3124","4077","6844","2238","5445","4254","6410","3596","5897","3950","9034","4245","14011","5274","4502","3836","5544","3492","5248","4557","3737","4180","7010","10115","2715","6210","3821","3553","5988","4014"
"1.97_675.54","4649","6514","4949","7062","4839","4437","3338","6339","6008","2978","6388","6192","3406","5235","5511","4766","6258","5062","3915","5503","4934","6269","5011","6553","5148","4489","5112","5971","7297","4950","4785","5697","5114","5614","4870","4747","5180","5167","5534","6334","5359","6380","6234","3682","6239","5900","6008","5436","7124"
"1.32_619.45","3987","3181","2753","2667","1366","2273","2157","4058","3897","1923","4179","4092","2760","4268","3263","1942","7866","2142","1450","3211","2684","2987","2339","4758","3701","8087","3010","5099","3139","4920","3718","10493","4048","4963","4049","8410","3229","5426","5693","3132","4458","6111","5353","2518","6141","6621","3184","5143","4372"
"0.68_330.34","15573","21161","12311","41407","22044","12590","539672","49520","99326","13140","86684","16966","26007","208854","49735","32847","12332","175175","25053","59301","32221","210494","51051","12208","227314","71782","83901","10954","83214","48986","76029","80232","38433","11670","14055","18309","56745","12449","94851","7633","16821","29304","31579","57759","57280","19926","25813","33917","413855"
"0.49_484.38","1584","2293","8671","3629","6003","2639","2056","4086","2060","3066","2100","3250","2666","2169","742","2092","2239","891","3396","707","644","2896","2115","2803","1930","1166","3256","1715","3217","2384","1821","832","4075","2453","1476","2163","2160","2313","2379","3830","2497","1511","1184","2796","5362","2197","3432","851","3751"
"2.85_754.67","10322","7548","7771","12559","11889","7488","8130","12835","8954","7112","6073","6866","7020","10837","7904","5012","7231","5581","2487","9994","7461","9239","7126","9175","5465","6998","5209","7990","10107","7225","7506","8355","8700","10010","8279","9654","10014","11599","8217","8918","7771","8389","8584","5767","9528","7441","9746","14545","14629"
"3.63_927.73","1662","1109","2155","3234","7917","607","849","7255","8669","2067","1021","2600","1003","637","1495","816","2291","2041","545","2937","3044","2228","1035","2225","928","2552","1462","3060","1027","3525","2469","2642","2689","669","966","2547","1065","879","1535","1336","1376","1685","4011","1531","1942","1708","753","2549","1669"
"2.28_720.55","5627","3059","2116","3491","2570","45590","2235","2138","1416","1260","1710","1961","2207","2082","1029","2028","2134","1696","32866","1466","1360","1293","12104","2735","1999","1986","2752","2075","2788","1506","2090","2415","1299","2313","4814","3000","2950","2530","1326","2593","1189","2024","1826","1664","2404","5728","1923","2538","4001"
"1.53_848.57","3482","2435","1887","2332","2919","2359","1806","3524","2450","2091","2511","10886","3456","3780","3254","2224","9716","3486","1562","2620","1636","3526","2489","5035","2889","5208","3119","6282","3643","6452","2089","9534","4633","3962","2873","5077","3594","4725","4656","3122","3849","3813","3997","2146","6199","4090","2719","2942","5536"
"2.65_661.56","3437","2914","2669","3676","4394","3280","2176","4152","2874","2410","1610","3030","2756","3377","2779","1635","2786","1738","1311","2571","2090","2171","1482","2786","2298","2362","2129","2247","3556","4241","2182","3876","2490","2720","2651","4060","2303","4295","2662","2864","3539","2851","3409","2178","2714","2456","1930","3692","5417"
"3.21_947.81","1790","3754","1354","3224","6332","2056","879","8360","4535","1096","1882","2698","3317","1768","2772","2294","3229","3561","1024","2027","1959","2290","1206","3952","1707","1861","2521","5697","2011","4443","3779","4677","3602","1680","1865","3717","2166","1976","3714","3253","1269","1598","3439","2180","2963","4601","1133","2891","4145"
"3.14_790.70","3337","2321","7162","4644","6284","2336","3946","2047","7564","4699","2496","3059","4353","2329","3487","2053","3361","3485","1826","2801","5493","9030","2271","2960","2127","5649","4446","2467","3948","4809","3771","3792","2858","3133","2413","4679","2551","4336","2296","3170","5602","4978","6398","4934","3298","1530","3230","2126","1876"
"1.53_844.54","4712","3314","3717","3462","4128","4726","1717","3905","3075","2641","3130","2846","2337","3953","3118","3215","4105","2795","1875","5033","1924","3656","3657","4733","3572","2753","3562","3772","2878","4991","1660","3992","3502","3750","2448","5936","4745","3327","3849","1854","3213","5096","2321","3638","2727","3639","3528","2723","2975"
"1.53_651.40","5288","4908","5738","4032","6250","8907","6027","7731","7876","8102","4744","4591","5642","3855","6426","3436","4938","3961","5837","5577","5902","7515","6710","6931","5178","4898","4757","3795","3937","5094","4188","5901","5516","4210","3646","5408","4544","4473","4746","4547","3842","4774","5434","12349","4800","5357","6423","5161","6033"
"3.69_988.89","2729","10919","1346","2356","18033","1775","864","19450","7574","1511","1912","4663","3795","2253","3851","3269","4785","5538","1532","4034","2213","2327","1496","5112","1758","1874","9380","7581","5170","5547","4888","5406","8860","3204","3554","3306","2730","3252","4834","3929","2410","2051","3616","3108","7474","6972","2496","6395","4153"
"2.85_740.65","15804","10631","11194","19804","16235","10728","9988","17785","13156","10185","9748","10934","9209","15242","12193","6323","10371","7388","3196","14653","11430","13314","11811","12793","7557","7862","7620","10459","14635","10915","9794","13286","11746","13691","11119","13951","14077","17067","11359","13425","10302","12206","11389","7151","14258","9861","16271","20146","19440"
"3.07_723.73","5477","9280","6245","8902","5553","8531","5142","6376","4784","6264","6924","8586","5565","5809","6622","5724","6621","7778","8753","5608","6977","6480","6339","5164","6697","7859","7789","6863","9377","7478","5885","7306","6511","9255","7276","9453","8344","6592","6476","10602","7017","7627","6739","5312","6316","8609","6162","8796","10229"
"2.53_668.60","4251","4174","3708","5117","5256","4251","2165","6303","4359","3200","2084","5053","6754","5542","4552","3591","4165","3602","1061","3984","3746","3882","2835","4522","3455","4093","4028","4199","4969","6568","3906","6167","5636","4805","4725","6211","4286","6150","3346","4975","4813","4469","4591","4465","4862","5973","3254","6292","6183"
"1.85_773.62","7815","3638","7885","4135","4079","3123","4259","5413","5797","4111","4559","2767","2420","3320","4733","3017","2957","2860","3625","10298","6392","4260","6155","3547","2671","3154","2988","3051","3654","3745","2787","4145","3958","2423","3300","3336","3810","3322","3210","3134","3501","2666","2576","3179","3555","3521","4373","4804","4681"
"1.99_689.50","12371","11963","13735","15371","15552","8632","11269","15732","13679","11433","11192","11344","5654","11248","11207","9918","14612","10350","5312","13052","13187","10292","6473","13593","8627","12727","10096","13191","14840","12122","9459","11748","10766","11925","9041","14865","13440","13375","9877","14804","12534","14179","7781","8273","11773","8465","8673","10175","12737"
"0.80_650.40","6451","2641","9584","5220","6708","2248","6091","3431","10742","7367","4400","3339","4918","2954","5033","2459","5829","5561","2095","6176","9703","7001","3421","5232","3046","3827","3703","4212","4992","6803","3602","7344","4152","3489","2862","3891","3327","4012","3126","4590","4489","4488","6840","4616","4868","2986","5960","3711","2090"
"1.53_823.56","5908","4545","3420","5405","4857","3950","2388","5608","5205","2752","2857","3973","4432","5081","4289","2116","4076","2022","2430","4861","2642","6069","4418","6422","4902","4536","5961","5416","4230","6807","4438","5696","4733","4795","4037","9225","4450","5600","3563","3481","4962","5250","4322","4319","4680","4870","4896","3507","4072"
"3.00_752.66","4666","6050","4485","8666","7395","7111","3155","7055","5493","3873","4006","7887","6723","8530","6210","3200","8959","4334","3018","5111","5282","7175","4946","8780","3486","7088","5837","8009","7821","9002","5380","8689","7993","6291","5811","9919","6024","10577","5725","8819","6886","6998","7012","5029","8432","6076","4354","10112","12052"
"0.66_724.44","8253","2385","5125","2950","3095","1700","2967","6228","3417","4148","2670","3272","2091","2620","2444","898","4177","2157","1366","6125","3326","2541","3080","3012","2074","3547","2351","2989","2821","2610","3255","4402","2396","2320","2287","3246","2459","3529","2331","2566","2450","3597","3707","2123","3947","2033","2983","2428","2087"
"3.26_676.66","4566","5404","4389","4531","4020","6467","4920","4874","3529","3947","3827","5462","3321","3626","4318","3302","4945","4568","7308","3555","4023","4372","4354","4337","6921","6493","4444","4779","4478","4567","4466","7561","3208","5583","5053","8543","4969","5603","5710","4844","5101","5771","3745","3309","5629","5769","4824","6407","7538"
"2.19_934.73","1713","3038","1683","2638","7149","2031","823","8886","5123","2229","771","2114","2003","2613","1980","1446","2776","2376","507","1188","1196","2195","1230","2714","1710","1894","2450","6602","2303","5090","2684","3023","3378","2144","2920","4213","3986","3316","5075","2926","782","1269","2621","1948","2541","4012","1401","6640","4795"
"2.77_796.68","6805","8298","7151","8824","10626","7217","5913","7851","6474","6073","5166","8132","8752","8599","6700","4392","8113","5349","1378","7244","5276","7436","4451","7274","6273","9824","7032","7274","8834","10862","8144","9811","7717","7895","7751","11300","7718","11798","7058","7496","10091","8557","9245","6391","9114","7140","5055","10238","12993"
"3.46_916.78","2947","5579","3683","5535","20926","2824","1708","18968","11342","2446","2562","4754","4664","3086","4318","2135","6493","4336","1727","4224","2898","3738","1312","6608","2912","3873","5238","7366","4489","9888","6993","7992","5507","4148","3721","7536","3623","5204","5971","4680","3219","2304","5402","5185","4397","6405","2258","6247","6113"
"1.59_385.35","3810","3977","2432","1541","2350","2515","1451","3056","2544","1401","2325","2934","2903","3480","2994","1817","4525","2076","1518","2989","1252","2244","1768","3074","3183","4605","2633","3657","3681","3407","2403","4515","3485","3764","2986","4943","3186","3774","3579","3898","3562","3422","3642","2540","3944","4585","2876","3640","3885"
"3.77_924.79","12059","16626","9585","21327","77295","5048","4674","94984","68279","11172","10906","23174","9370","3643","12597","7999","15607","15826","4358","47147","24918","11971","6374","24290","6251","13348","17317","21212","9086","23448","22259","26721","30514","5643","6109","16057","7028","4789","9733","13828","9096","11494","45768","10968","13775","22186","6152","22057","14421"
"2.53_714.60","4494","4666","3257","5398","5649","5321","3096","5650","3344","2368","2740","5325","4942","4994","4809","2833","4113","3068","3079","4693","2670","4242","3396","5182","3326","4371","3565","5766","5038","6669","4890","7086","5115","5048","4549","8173","5076","7049","3916","5259","5409","4497","5414","4073","5202","5135","3586","7192","8421"
"4.11_551.50","5479","11639","6833","8888","21706","5106","2121","35763","20361","6165","5902","16537","16840","3413","11024","5332","16951","15735","4130","27594","28659","9482","3299","17828","4046","14503","23727","19452","13056","22426","6043","15969","28997","3480","3749","9329","4788","5065","7746","13632","6620","11632","40808","8241","5233","19987","3411","14873","8282"
"1.97_813.65","2308","3531","2049","3050","2012","3540","1998","4373","3608","1577","3526","2921","2506","3129","3299","1784","3579","1979","1447","2589","1932","3364","2534","3862","2554","3176","3130","3548","4399","3431","3024","3217","3374","3318","2753","3448","2915","3737","4577","4359","3320","3753","4182","2495","4594","4464","2712","3151","4139"
"1.55_702.21","113127","17932","12531","10574","13402","21020","15179","7967","58375","10338","15766","28121","13522","24515","9429","6964","16098","9012","8256","9559","31838","12764","48967","7962","12536","67741","14398","11850","8984","18525","17483","14712","14524","12590","15138","20143","9413","13037","8673","72223","11928","9534","155296","9910","30737","12849","9895","15143","7827"
"3.05_749.75","12650","18243","13151","15566","11140","17212","15486","14690","9802","8844","13036","16746","11632","12216","13949","9480","14927","13132","21644","8498","9726","12757","12290","13918","18089","16141","14160","11099","13730","14541","14664","19279","10141","22235","15704","21012","14740","14166","13708","19115","13595","13700","11739","10289","12328","18947","13339","22822","21831"
"1.53_824.58","5510","3158","3670","4973","4705","3723","2626","5612","5405","2211","3757","4078","3058","3980","3598","2309","4072","1635","2372","6821","3837","5352","4188","4857","4087","4266","4822","4103","2886","3609","2255","6544","5127","3817","2565","5284","3197","3198","3787","3341","3604","3727","3047","3243","3879","2969","4713","3389","4229"
"2.84_277.22","4547","3238","4047","7191","5859","2292","2322","7050","4208","3249","3244","3270","2140","3533","3034","1481","2634","1740","1169","4350","3576","3469","3146","3244","1726","1832","2383","3226","4364","3275","2807","3468","3349","3057","3044","3668","3376","4954","3046","3333","2545","2888","3099","1885","4488","2592","4118","6889","6183"
"3.16_1371.38","13789","3619","899","1829","3357","3009","623","1433","15963","1807","1807","4470","2180","717","947","999","2490","2813","1007","1501","4278","1732","6958","1942","2400","13682","2054","2580","1363","3623","1748","952","913","1839","993","2518","2633","2851","2299","10875","2955","985","26384","1775","6228","1625","1477","3295","738"
"2.66_602.51","2757","3949","2997","3603","3604","3873","1943","2426","2625","2941","3575","3706","2954","3827","2322","2078","2875","2494","3692","2272","2156","2516","2596","2190","2602","3586","2823","3776","4606","3647","2609","5023","2342","4441","2481","3695","4253","2346","2925","3853","2761","4574","2870","2063","2395","4635","2951","4928","4974"
"3.75_743.63","1032","2849","1229","2220","2289","2984","853","1668","2140","1332","2719","4462","4272","4518","6954","1850","5382","5087","2819","987","1584","6501","1334","8396","2983","3739","5623","8154","5061","5298","3760","9490","8928","4966","3427","6897","3703","8716","7144","5321","4042","3364","4478","4337","7347","6200","1649","2069","5787"
"2.73_768.69","6919","15809","5370","7185","11298","10271","3098","7702","5969","3810","4950","13900","13159","13365","8516","8186","14070","8252","5635","5577","5782","10913","4601","11616","8676","14792","7820","11332","11107","16325","11008","18474","11380","10769","11514","20627","7111","14854","10403","15078","18815","13649","12676","11917","12510","11723","4547","8470","15753"
"2.68_823.70","4674","3441","4094","5670","8565","4751","2712","3772","7626","2849","2237","4786","5397","4250","5002","2033","3744","3863","1532","2714","4352","7909","2803","5088","2774","3030","3973","3904","5303","5749","4741","6255","3139","3616","3701","4995","4668","5400","4850","5886","5425","3185","5905","4283","3788","3861","3863","5900","5963"
"2.56_946.77","2135","3141","1523","1581","10513","1543","606","8684","5255","1572","1389","2041","1552","1737","1989","1165","3140","2469","1106","1798","1298","2216","862","2858","1346","1215","2678","5154","2774","3687","3929","3080","3151","2309","2139","2909","2312","2896","4788","1976","1024","1190","2784","1691","3209","3289","1285","4792","4223"
"1.39_774.53","1948","2789","3032","3391","2088","2255","1701","2608","3142","1509","3306","3808","2621","3038","3183","1172","6615","2259","809","2079","2031","3252","1475","4352","3695","4830","2758","4287","2349","5020","2624","5189","4091","3258","2428","4977","2260","3994","3039","3806","2741","6113","6565","1810","5857","2812","2404","2770","4385"
"3.00_934.81","1155","3368","1936","1764","4139","1825","407","10995","4223","1745","710","3949","2834","1815","3691","1978","3470","4670","1196","3304","1942","2320","860","4588","2015","3113","2151","8918","4820","6200","2763","3360","7882","2432","2377","2450","2931","2077","4501","4656","1083","1786","5033","3391","1909","5357","1052","6992","3574"
"3.60_684.63","2509","2626","1319","2162","2698","2408","1142","3175","1995","894","1972","2900","2931","2440","1859","1663","2979","1869","1027","1810","1120","2833","1245","3135","1813","2516","1908","3037","2700","3661","2185","6689","3005","2530","2470","5451","2420","3176","2996","4028","2962","2752","4585","2986","3934","4847","2665","4464","4029"
"3.98_577.52","6851","12513","14345","20633","69272","6127","3448","55650","47546","11528","8900","19329","13160","6862","11286","7029","23740","16291","4163","17785","17690","15132","3385","20619","7235","16406","16477","26509","10936","30518","18880","32365","25974","7500","7404","15848","6929","9804","11308","14694","10624","14684","35385","12616","8032","19544","4378","11864","11825"
"2.18_788.54","8167","12266","8928","18775","6553","14249","6595","2991","4434","5059","7425","6938","3608","4644","5353","3177","5333","3395","13791","4084","5864","15322","6435","11514","10485","6218","14176","5059","3579","4873","14986","7072","4531","3800","4576","3848","4143","3547","3811","3466","5235","6900","4609","3257","3907","2919","3736","4043","9873"
"3.19_946.81","2001","3910","1896","2610","7106","2218","782","9810","3911","1273","1888","2804","2903","2149","2669","2128","4641","3866","1544","2543","1692","2670","1068","6028","2151","3159","3005","6906","3452","5263","4777","4888","4979","2565","2141","3960","2218","2831","3604","3883","1986","1436","3615","2548","3320","5521","1361","3280","4700"
"3.49_1004.85","3139","3574","8831","8925","18344","1580","2261","20433","31677","5748","3125","3489","2233","1066","2157","1596","4116","3127","1307","5797","4842","2902","2011","4819","1296","5553","3322","5639","1868","7501","5158","4459","4473","2529","1537","5931","1970","1720","2478","3444","1758","2266","9213","2465","4682","2718","1646","5114","3440"
"2.84_747.73","3528","7459","4081","6084","4786","7817","5018","4252","2535","3470","5178","6995","3910","4064","5067","4586","5500","4247","10838","2434","3078","4568","4535","4348","7181","6341","5963","4081","3491","6624","4301","8631","3126","7646","6281","7737","4733","4783","4819","6320","5574","4924","3331","4472","4146","7397","4833","7140","8810"
"3.04_897.64","6296","6353","5943","6708","7040","5999","6863","6344","6551","6011","6939","7580","5890","6454","6048","6154","5788","5834","5013","8773","5310","6056","5748","6623","7301","6497","6105","6437","8040","6691","7341","5469","6431","6244","6529","6522","7934","6212","6446","5540","6453","6658","5939","5430","6664","6267","6651","8328","7056"
"3.31_724.66","4353","5441","2881","4744","5459","4927","2998","4841","3624","2250","3448","5391","6237","4916","4831","3248","4903","2814","3031","3862","3458","4457","2824","5469","3270","3118","3451","4563","4533","5396","4132","6315","5658","4634","4976","5967","4682","7223","6270","7777","4353","4204","5289","3878","5279","6886","4750","8510","7916"
"2.34_761.03","3712","3565","2851","4755","4399","2270","2364","3874","2660","3067","4131","4473","3646","3060","4117","1762","5200","3001","1368","3437","2913","3933","1542","4144","3459","4096","3054","3828","3003","4605","3867","5445","3630","3397","2229","4179","2924","3834","3833","4195","4084","4442","6111","3115","5278","5728","4022","2916","5374"
"3.07_383.33","7811","9780","5608","10353","12946","6517","2992","10670","8626","3716","4966","9532","9655","9313","7461","4566","9853","5317","2697","6172","5741","9540","4551","10383","4444","9013","6258","10147","9689","12192","7458","11343","11819","8669","8469","14670","7107","13653","9111","12077","11355","9902","10506","6577","10068","9938","6357","9249","13404"
"1.98_886.62","4095","2208","3881","3798","10768","1302","1312","9015","14554","2856","2788","2020","1603","1113","1916","1303","4053","1926","1883","3628","3337","2340","1767","4402","1082","1863","3212","3636","2190","3089","3963","2961","2938","1872","1946","3066","2095","1186","3564","2502","1975","1547","2570","1775","3815","2069","1495","3048","3087"
"3.01_1298.36","12077","3017","1194","1316","2264","3236","785","961","11545","1796","1357","2846","1786","833","780","1143","1594","1834","804","1639","3178","2213","7283","1019","2222","9997","1787","1556","1080","2524","1837","873","825","1588","881","2026","1701","2458","1784","9163","2662","1007","19844","1259","6494","1964","1136","2127","739"
"3.69_976.89","3522","12605","2271","4308","21593","4872","1223","25748","13372","2892","4577","11529","8947","4638","8661","6365","11526","11535","3078","8572","4450","6477","2530","12130","4387","6108","14595","17438","8580","15450","8865","17084","17699","5774","5083","10308","5971","8634","8562","11334","4862","6361","12908","8159","9356","18424","3623","13260","9546"
"0.20_135.05","20096","9912","21215","3249","998","12626","7745","1380","5083","1160","1798","1149","926","1231","1542","747","1035","845","14885","18705","4186","960","9400","1457","1159","1096","746","2435","1661","1496","1207","1424","900","1959","4553","1028","5118","1091","3065","2486","768","966","1638","1069","919","5929","7607","8093","5657"
"2.23_729.59","2077","2926","2303","3454","2103","2333","1864","2886","2602","2033","3795","3133","3710","4555","2809","1817","6401","2918","1879","968","2351","3505","1195","5098","3564","6319","3085","4559","3866","3650","2837","9521","3151","3704","2979","6688","3656","4380","3644","2958","4517","5875","4075","2151","5456","3224","2197","1792","3745"
"1.79_661.47","8956","7606","15604","9365","16189","5100","8785","10668","12863","10735","8960","8081","5325","8556","8237","6805","10677","8472","3673","11442","11742","8302","3498","8651","9223","10124","6976","10045","10230","11147","7717","9124","7120","7894","7374","11765","7939","9149","9113","8868","10846","14821","8343","6717","10299","6333","7515","8499","9201"
"3.92_952.82","4590","10516","2643","4925","42058","1941","1265","33333","14786","4967","2965","6183","2271","892","3506","3068","4400","6278","1673","15583","5438","3218","1745","6329","1436","3094","11574","7448","3605","3960","5247","4181","12919","2233","2806","3246","2866","1358","4112","4240","3039","3886","6377","2817","4004","4208","2074","10715","3960"
"3.36_908.79","1326","2182","902","1224","8290","1693","369","7089","3136","1355","989","3178","2542","919","1641","1340","4116","2318","1043","2607","1031","1774","913","3516","1048","2177","2709","7682","2158","5363","1553","6021","3830","1464","1267","2330","1892","1938","2969","2461","1186","1544","3244","1188","2525","3736","1363","4468","2152"
"3.98_958.88","61889","109648","166428","185252","365530","49747","41262","285977","288329","118005","102602","148644","125097","78089","89841","72701","185398","153331","46107","151631","165282","162578","37175","172402","60598","148457","171168","209719","91951","202764","197212","255117","179590","87192","89794","173544","74137","119482","114682","110393","114963","118235","180249","112754","93983","130090","50712","99528","104744"
"1.53_802.59","6086","3373","5170","3956","4311","5560","3129","7157","4755","2613","4317","3807","3522","4438","5158","2755","5439","2239","1865","5625","3879","4721","3493","7374","4541","5156","4110","5139","4610","5734","3361","6642","5399","5079","2811","7144","3653","4904","5158","2994","5451","8074","5419","3400","5019","3474","5642","5666","6091"
"3.37_917.79","4251","6353","3144","4825","16827","2213","1767","14610","9523","3204","1895","4993","5194","2973","2821","2567","5590","3962","1861","4904","3068","3389","1648","6236","2173","4202","3982","6337","3801","8490","6381","5826","4209","2922","3051","6714","3180","3579","4520","4865","2776","2854","5891","4219","3693","4676","2361","6542","4951"
"0.19_359.13","7665","872","10423","2615","738","1104","6104","3411","4772","4394","1306","766","571","697","976","698","869","633","719","10753","5127","1137","4342","1097","599","858","853","650","959","581","901","792","780","539","654","876","807","682","603","748","928","1032","806","593","1006","1273","4688","2685","1402"
"3.60_768.72","5418","6841","2157","4134","4727","4245","2221","5178","3987","2297","3390","5302","7414","5443","4999","3421","5891","4654","2766","4187","2571","5186","2595","6754","3997","4112","3759","6778","5653","6336","5603","10993","7209","4934","5404","8885","5056","7802","7191","9060","6129","5907","7633","5594","7266","9632","4853","9008","8679"
"0.52_616.46","2730","2541","3167","3573","5882","2302","1660","4661","2399","3341","1773","2799","1799","2419","3276","1975","2795","1863","3772","3114","2610","3052","2610","2198","1647","1930","2825","1848","2857","2047","1316","1989","3660","1848","1580","2086","2065","2866","2086","2432","2087","1872","1718","2371","2934","1921","1999","1832","3687"
"3.65_794.74","3414","7043","3012","5148","6734","8723","3102","4781","5261","3662","6329","7864","11933","11406","16870","6710","12111","11045","7936","3461","5209","16888","4059","20809","7814","11156","17052","21066","15705","14512","10714","20380","25388","14229","12947","19499","12926","22646","19922","16432","12783","11592","12099","11984","19433","18448","6399","7165","17241"
"2.35_761.42","4326","4122","2607","8549","8154","1689","2424","3636","2880","2364","8861","10892","2299","2184","7074","1010","11119","2968","1124","2135","3014","5668","937","8672","8824","9775","1598","4858","3076","7354","8240","15009","4905","7337","2525","7466","3483","5653","5898","8633","11107","10008","5556","3879","6528","7564","3503","1553","5978"
"2.93_367.34","4309","5115","3280","5456","6830","4128","2208","5771","3729","3145","2591","5199","3629","4164","3870","2634","4331","2896","2358","4015","2395","4576","2937","4959","2963","4104","3182","5627","5007","6370","3432","7410","5247","4299","5338","8000","4391","6658","4615","5742","4895","4188","4457","3316","6593","4061","3333","8047","9487"
"3.27_776.71","6261","6186","2766","5710","2212","3350","5756","3180","2697","6883","4166","2586","2052","3606","4736","5388","2309","2909","4115","4278","5590","2493","2759","1431","4093","2275","3988","1728","4190","2830","3834","1908","3202","1902","2737","2156","3183","2353","4046","3902","3354","2881","4107","4546","3217","3725","5011","5779","2808"
"1.30_796.55","3708","1978","5005","5748","6495","2043","3140","5670","4785","2359","2598","3302","2811","2604","3253","962","3407","1492","577","3194","4248","4436","2143","3991","1920","2038","2260","3111","2740","2999","2979","2811","3242","2532","1751","2624","2757","2828","2976","1845","2333","2710","3245","1688","2670","2020","2771","2908","3615"
"1.30_766.49","10062","5044","11779","4731","4971","4688","4033","9264","7574","7999","4314","3991","3071","5938","6124","5304","6694","3280","3944","9798","6546","4202","8129","9136","4309","4904","4969","6891","6696","6199","3326","4668","4837","3742","3939","5078","6340","7219","5618","4620","3834","5943","2882","5713","4295","2861","7233","4107","4080"
"1.31_860.53","2632","3376","3336","2954","2875","1589","2633","1710","3004","1534","4431","4496","3855","1774","3381","1724","5962","3053","872","2544","2626","4893","1632","4033","2126","3507","3427","4122","2525","5237","2604","7292","3692","2972","2645","4419","2388","3319","2765","3219","3682","3068","5710","3021","4401","3384","2300","2485","2949"
"3.63_949.78","4637","3104","5269","7703","28298","1407","2046","26944","26879","4515","2758","4504","1912","1171","2755","1985","3887","3919","934","7197","5480","2643","1809","5439","1690","3574","3248","5959","2247","5975","6595","4832","5629","2081","2368","5214","2546","1456","3187","2288","2728","2749","7667","2379","4909","2221","1093","6274","4454"
"2.13_834.52","3577","4414","10378","12644","3455","8104","8609","1379","4902","7639","9153","7334","4040","4406","6141","3253","2724","4719","10491","3566","8353","4240","8566","4327","3754","4238","6924","3278","3381","4050","4712","6870","2447","3391","3854","2468","4261","3557","3090","4321","5132","5429","3860","4545","3223","3408","4880","3136","6897"
"3.16_766.76","2828","4417","5166","3444","6490","2300","3948","4286","5024","4100","2356","5414","4608","5881","3440","2274","4193","2993","2308","4158","3381","3734","2580","2410","3574","5041","3857","3763","5551","5603","4950","7272","2977","5036","5799","5480","3480","5419","2783","5580","8525","4297","6370","3731","4937","2887","3402","5660","4531"
"1.97_825.65","2014","2847","1894","3525","3494","2672","1305","4002","3502","1358","3253","3390","2438","3195","3684","1527","4707","2858","1143","2017","1573","3337","1262","3086","3560","3926","3255","3948","3231","3878","3256","4604","3259","2702","2526","4789","2550","4334","4325","3595","3409","4325","3982","1973","4194","3845","3053","3414","4197"
"0.24_552.33","7409","4364","3870","5384","7074","3153","4929","10163","6957","2575","9393","8151","3966","8324","5973","3191","17476","3646","1902","5969","4947","5021","3413","9417","5777","18134","6897","12856","9185","5036","7561","9845","15988","13253","5511","10585","8387","8470","7438","6486","9243","9285","5888","2939","18148","5926","3749","11535","11792"
"0.83_690.43","2546","1769","3924","3015","2375","1195","1746","2623","3125","2277","3832","4049","3520","2541","4315","1589","5919","3335","796","5412","2206","5189","1582","3536","2707","4155","3354","3751","2794","4633","2360","4608","4554","2173","1958","4617","2537","5172","3157","3415","3170","3930","6639","1727","5743","2328","1136","1117","2708"
"2.04_606.47","9015","4053","9991","9332","6112","4298","3390","6910","8609","8279","2687","5043","5132","5543","3402","2281","5302","3279","2764","7607","6286","5054","5640","4882","2952","4145","2713","3502","6534","7363","3933","6827","3399","2843","4048","7459","4884","6604","4417","5936","3501","7240","4610","5122","3299","2541","3926","3991","4911"
"3.04_898.64","3202","3760","3832","3015","3052","3262","3003","2908","3271","3470","2889","2515","2676","3319","2861","3528","3116","3084","2732","3228","2825","2867","2229","3205","3579","3714","3874","3235","4085","3540","2536","3118","3184","3130","2906","3371","3421","3488","2865","3171","3858","3246","3484","2619","2955","3258","3289","3509","2816"
"2.10_860.61","6858","7462","12759","13398","14877","4581","5597","16953","18774","9402","7343","10092","7415","6444","7881","5647","10315","7023","5253","6335","13247","8318","3096","10528","6307","7490","5916","9369","7752","12485","5542","9500","6616","4449","4544","8364","6606","7682","7392","12117","5217","9423","7747","6894","5949","5377","2753","5519","5332"
"1.98_818.59","2385","3369","4844","4583","3807","2644","3418","3324","3669","3311","4266","4957","2556","3518","2965","2042","5424","3493","2592","3603","3160","3100","2289","4692","3049","4390","2787","3801","3438","3987","3216","5498","2563","3059","3006","4446","3123","3337","3986","3711","5281","5048","3478","2406","4272","2160","2695","2685","3442"
"1.30_725.52","22398","6432","15766","7815","7072","8912","10235","11495","11594","8370","9634","4908","5622","6685","10326","6003","4843","4487","9177","18824","10631","8663","15593","8039","8054","7253","5773","6013","5181","6095","5910","7023","6682","4487","5388","7893","6824","7676","6460","4485","6098","6144","4697","7684","4911","8576","10042","9009","6294"
"2.93_740.65","19018","23396","19020","24196","27583","22399","11389","44448","29642","13472","13745","21978","20296","21742","17283","13532","20789","15506","10257","41808","27088","19390","12408","22969","14781","22276","16996","23769","25077","27629","17307","28246","23497","20647","22922","30566","22553","27067","21523","23974","24961","21616","24945","16122","24045","22249","16847","30846","34775"
"3.17_1368.38","12494","3143","867","1569","3117","2220","483","1131","12699","1854","1772","3358","1656","573","1084","1038","1716","1631","967","1077","3953","1454","6198","1744","2557","10543","1548","2041","912","2834","1308","719","771","1383","623","2115","1611","2616","1643","8648","2598","774","22216","1072","6015","1376","940","2224","573"
"3.36_935.81","1586","2710","1243","1414","11768","893","446","7672","3475","1635","1036","1983","2019","1659","1736","1196","4271","2687","445","2451","792","1791","616","3813","1106","1591","1994","4802","2082","2909","2628","3029","3576","1749","1579","2277","1849","1714","2833","2332","1227","1270","2344","1342","1752","3041","999","4958","2748"
"2.52_715.61","2855","3076","1743","3015","3487","3383","1707","3465","2370","1652","1783","2793","3329","3142","3280","1762","2187","2611","1675","2053","1713","2644","1833","2691","2265","2837","2147","2718","3459","3188","2850","4072","3259","3037","2289","4306","2803","3587","3081","2516","3309","2414","2293","2351","2819","2558","1934","3300","5492"
"1.23_790.56","3136","2420","2993","1882","4392","1691","2735","4028","2772","1580","2073","2605","1923","2443","2529","1197","3842","2859","668","3712","1954","2109","2021","2605","2428","3685","2317","2213","2127","4693","2470","3989","2218","2593","3266","3937","1825","2616","1426","2302","3556","2859","3180","2347","3130","2500","1647","2569","3610"
"2.22_1535.17","6465","6774","10822","19462","7939","5039","6681","6864","7212","5464","8384","11048","8938","6514","11344","4853","6193","7185","3935","4455","8996","11744","3250","9899","8220","4988","6697","6475","6455","10394","6791","8806","6225","5828","4329","5769","5439","6435","7304","11468","6580","8141","12045","6829","7098","8235","5173","4095","8357"
"2.19_603.53","4142","7923","4825","7710","5042","7436","5404","3834","3545","2391","7353","4530","2763","3073","2804","3300","3800","2105","5736","3153","3389","5565","4733","8142","5126","4727","7847","3244","3541","3867","8108","4383","2954","3118","4558","3650","4365","2735","2793","3428","3113","3388","3069","2349","2694","4007","3531","4031","7765"
"1.41_744.51","1535","2063","2700","2221","2306","1484","1390","4498","2674","1117","1923","4155","1774","1489","1898","1101","3756","1868","480","1650","1393","2907","926","2968","2103","3199","1742","2518","1673","5054","1973","3330","2881","2969","1765","2945","1503","3273","1943","2237","2242","3917","4235","2032","2497","2573","1698","2268","3781"
"1.05_692.45","4424","2197","3401","1786","4104","1800","2207","3363","2722","3119","2912","3844","3550","3904","3689","1914","4298","3439","1636","4422","4567","4824","2000","3734","3260","3884","3354","3329","3650","6228","3317","4329","4155","3546","2544","4289","3099","4251","2973","2081","3776","3818","5777","2683","5268","3299","2144","2693","3600"
"3.29_913.76","2404","4041","3281","4562","19484","1485","1105","16074","14189","2376","1877","2335","3052","2602","2251","1894","5393","2167","1138","3061","2741","3060","1693","3612","1448","3561","2986","5425","2836","5584","4348","4223","3860","2394","2751","4524","1994","2982","4546","3464","2052","2047","3529","2321","2429","3751","1429","5335","4279"
"2.37_603.53","2563","3664","2021","3035","3686","47765","1881","2887","2453","2492","2068","6404","2518","1917","2605","2181","4616","1294","35916","2473","2238","1593","3871","2174","3013","1794","2019","2532","2675","1866","2724","2232","2187","3366","3088","2776","2521","2730","2797","2703","1960","1462","1745","1390","2578","2488","2466","2894","6449"
"3.39_972.77","8156","20996","8679","10677","49241","7363","4795","41792","31075","12794","6376","21832","17812","6956","10401","10874","31309","21996","5220","22130","17651","18110","4064","29173","8464","10935","21585","33718","15989","35472","23126","48081","27886","7144","11547","23121","13849","11815","17420","20331","9679","20800","30602","18315","13217","22483","6673","15799","16541"
"3.12_848.69","12793","12764","15970","19122","11794","14944","3981","6157","7659","24488","3955","17131","19417","15242","11447","9846","24177","4963","11037","12084","15148","11676","10844","18956","5586","19461","12793","14762","20387","18931","8413","25213","7368","15247","14746","25195","21115","18571","18027","20087","19661","33788","18312","18461","17931","9817","11423","13422","19042"
"1.52_621.46","3847","3458","3140","2598","2180","2102","1677","4234","3907","2506","2783","3691","2420","3881","2975","1956","6957","2148","1506","4221","2146","2457","3023","3895","3808","5693","2450","4078","2944","3237","2397","6141","4224","3501","4077","5396","4306","4292","4371","3744","4200","5386","3712","1939","3396","3751","2669","3075","3379"
"0.65_328.32","2010","1573","2119","2143","1927","3484","1304","32431","2482","3210","6010","1914","2736","3766","3956","1908","1829","2228","1589","2666","1863","3429","2736","7433","1245","1744","1546","1532","1666","2092","1591","1758","6768","1109","2320","1765","1932","1567","1949","2466","1385","1233","1445","5883","3663","1049","1507","1826","1776"
"1.08_719.53","8128","4832","7869","3736","5713","3579","3529","6965","5271","3533","3857","3490","4630","5195","7016","3518","4643","4911","5265","14182","3143","6000","4953","5962","5250","5214","3862","4641","4235","6181","4728","5795","4199","4456","3893","7533","4998","6370","5560","5180","4922","4889","4714","4934","4865","5704","4292","4816","5224"
"2.07_125.00","35477","34296","33347","46576","37804","29875","24978","28833","28801","21134","35444","32993","24110","33997","31378","20096","37526","25540","22585","29156","22732","40635","25917","34235","34422","35195","28761","32332","35273","36635","32448","57639","33220","32588","31014","45521","33262","31824","35795","28299","45152","41781","35583","22584","40692","32977","36291","32256","39731"
"3.46_920.75","2555","2004","2647","6089","18750","864","1438","16217","25575","3078","1754","2407","1436","1201","1998","961","4701","2174","1063","3980","2859","2087","1406","3508","1319","4142","1538","3648","1807","5024","3365","3388","3101","2200","1617","2593","1970","1746","3186","2064","2080","1436","6076","2558","2678","1911","1248","3727","3892"
"3.42_873.74","1763","1813","1955","1995","12663","1951","1035","12069","5521","1167","1474","3227","3149","1798","1680","1654","3571","2777","1212","2441","1958","3435","1069","3534","1757","2649","2473","4913","1834","6594","3814","6363","3914","2035","1924","4304","2465","2490","3141","2950","2425","2130","4473","2553","2404","4065","1376","4796","3796"
"3.30_1442.40","7734","2276","1147","730","1352","2061","1001","921","8557","882","878","2126","980","897","832","685","1207","996","744","818","2566","2918","4772","867","795","6991","1020","827","737","2027","2066","774","832","1073","1083","1330","563","3207","775","6270","1361","1254","14881","699","3760","911","764","869","881"
"1.83_812.68","3769","4211","2846","4122","4035","5948","2220","4674","3299","2294","2696","4972","5207","5746","5899","2275","4444","4266","2687","3710","2985","4269","2282","5078","3887","5520","4702","5672","6855","6695","4445","6428","6895","5188","4691","8846","6082","8691","5754","7269","4899","5179","6734","4167","8295","6617","3429","6724","9222"
"3.70_892.80","4670","10706","2226","3839","17518","3797","1576","21990","13504","1992","3477","8583","7516","3787","6756","4510","9487","8521","2691","6579","3680","5075","1950","9738","3485","5209","9916","15038","6994","12571","7075","15606","14470","4061","3832","9486","3991","5495","7030","9059","3755","4073","11568","6372","8619","15859","2718","8837","8255"
"1.73_750.62","1885","2797","1489","2405","7107","1392","722","7229","6585","968","1933","2235","2614","1434","1998","1025","6191","2149","782","1719","1959","2442","1103","4746","1435","2336","2935","4252","2511","5608","3509","3938","3721","2164","2510","3548","1603","2414","4186","2615","1478","1852","3381","1448","3593","4072","1727","2709","3644"
"1.97_633.51","2919","4226","2647","2984","13422","2149","1062","12006","9752","1538","2480","3247","2857","1990","2722","1503","4788","3484","1624","3942","2855","2992","1604","5381","2027","3435","3256","4614","3906","6497","5510","4317","4090","2245","2838","5023","2477","3179","4081","3165","2359","2203","2905","2422","3471","3882","2203","3625","5007"
"3.26_658.65","3614","4286","3184","3831","2872","4287","4424","4352","2541","2964","3513","4638","3043","3923","3530","2734","3782","3406","5612","2574","2638","3303","2833","3365","5679","4427","3721","3991","3168","3930","3510","7530","2947","3934","3884","6137","4114","4548","4413","4039","4075","4505","3968","2503","3273","4511","3762","5426","6445"
"2.43_796.68","10967","9666","5270","8912","6443","8230","4722","13631","8330","6199","4631","5628","6759","10429","7499","6878","6876","5799","3347","8861","6949","3142","9611","7960","4592","7614","6612","8773","7825","7605","6493","7997","10086","8851","8820","9700","10414","11878","8493","10789","7392","8140","7992","5407","9716","8949","8086","14200","12129"
"1.98_829.61","3910","4289","3269","4761","5452","3921","3219","5475","4526","2699","3485","6579","3778","3252","3756","2548","7059","3162","1992","3099","3058","4036","2403","5392","4286","5132","5619","4929","4060","7002","3679","7599","4736","3309","3161","5307","3942","4436","4117","5270","5444","5312","6020","3227","4499","7329","3005","3932","5526"
"2.13_603.53","8284","8393","10168","10983","9468","6001","6214","10899","9093","7630","7782","10950","7641","5179","7718","4371","8313","6244","6268","6920","6890","9149","5168","8419","5640","8644","7953","7612","5915","8708","8748","12580","7652","7075","5671","11341","5204","8352","6197","7493","9097","9319","13410","5970","8868","6153","8425","6458","7931"
"2.47_520.47","8270","7030","6920","3660","3738","6758","6782","6414","3616","6475","3777","4467","3809","5154","4674","4968","4696","4651","9361","5001","3304","2740","6447","4200","7095","4813","3482","4262","6043","4557","3893","4185","2571","8535","5529","7854","8189","5454","5627","8222","4057","3887","3068","4694","3408","5962","4713","8987","6182"
"0.52_572.44","1945","2625","2984","2360","5733","2375","1190","3795","2467","2781","2846","3699","2688","3154","2807","2778","2685","2018","3419","3907","3529","3107","2702","2723","1973","1998","3029","1546","2928","2512","1923","1581","4106","2354","1949","2324","2008","2602","1735","2672","2522","2036","1721","2397","3497","3174","3184","1617","2976"
"3.23_973.86","2912","3686","6908","5617","16099","1945","2139","12224","12636","3280","1983","3878","3321","3085","2957","2094","4956","4114","1398","3510","2609","3254","1589","3974","1846","5338","3665","6347","4522","7873","6056","6421","4458","3650","3506","7038","2842","3883","4436","3204","3858","2015","6408","3232","2823","4568","1628","4483","4103"
"3.05_953.60","4243","3891","4568","3948","4067","4103","4452","3635","3695","3962","3688","4331","4248","4598","3568","4372","4975","4717","5007","4674","4851","4872","4812","4346","4983","4264","3726","4719","4360","5314","4556","3582","3892","4157","5556","3836","4786","5357","4520","4054","4661","5272","3848","4454","4724","4305","4752","4327","4668"
"1.20_694.52","4753","2742","4514","2369","3074","1612","2003","5684","3619","3404","2156","3346","1886","2836","3345","1349","6737","2178","1639","11499","3308","2246","2528","4108","1860","4254","2518","3814","3309","3659","1859","3908","2783","2667","1564","4304","2654","3788","2362","2531","3473","3791","3098","2265","3552","2253","2227","2660","2688"
"1.72_776.23","59203","13808","9645","7708","10935","15707","12153","6259","25645","7075","10003","21186","8543","19478","5677","5205","11384","6984","5469","6833","22223","9257","32780","4840","7966","43071","11409","7434","6550","13343","18747","11800","10562","10214","11865","15442","7392","9927","6473","46973","9211","10481","138148","6179","23965","10004","6838","9849","7773"
"3.54_617.51","1371","3298","977","1573","7232","1295","546","8712","4184","1161","1067","2204","1774","1778","2074","1349","2169","2494","1220","1377","1525","1529","496","2432","1216","1287","3037","3334","2095","3020","2884","2968","3612","1439","1606","2670","2025","2067","2437","2053","1132","1684","2556","1749","3421","3776","902","2414","2642"
"3.39_916.78","3178","5307","3745","5216","5561","1643","1668","14120","5273","2166","2731","4571","4760","3167","4561","2658","6693","4176","1720","4122","2802","3956","1910","5367","2022","4008","4943","8081","4683","10149","7250","7325","5913","3710","3797","7627","3693","3878","3813","3938","2560","2142","6606","4141","4091","5841","2315","6510","6056"
"1.39_628.20","70989","14902","10131","7716","8438","14213","10293","6831","40148","5255","11036","21653","12508","17964","7366","4102","14268","5979","4264","7394","23153","9068","24999","6521","8860","54709","10837","6963","6675","13065","20727","13868","13617","10053","10121","16938","5068","10199","6154","58156","9531","11911","135951","8196","24240","8897","6470","9892","9038"
"2.38_765.57","2849","4370","3591","4607","3204","3246","3439","3233","3437","3103","4060","3119","3914","3066","3669","2676","4580","3093","2734","3868","3039","4107","2842","3851","3582","4240","3221","4674","5277","3851","3459","6116","3346","4005","3061","5256","4102","3568","3874","3947","4280","4206","3873","3826","4331","5225","4280","3268","5089"
"3.12_769.69","1918","1541","981","2808","3123","2053","1231","2943","2220","1710","1393","4889","3490","2461","2414","955","6178","2657","903","2023","1849","3450","856","5091","1543","6078","1718","5348","2914","5318","2873","9753","3697","2440","2058","5913","2455","2891","2365","2594","3362","2840","4602","1856","6803","2323","1140","2752","2998"
"3.53_948.86","2937","7964","2560","3981","10905","4480","1360","21820","9435","2095","2911","8279","8078","3110","7020","6125","9654","8364","2903","9688","6929","3712","2182","8007","4206","6115","9461","11183","8312","15016","4990","9412","16169","4027","4154","6597","4876","4183","7945","12293","2895","4150","17957","7199","5362","21121","2756","10600","8908"
"2.81_791.69","3843","5625","5676","7274","6699","5092","2813","5666","3059","2066","4353","5727","3626","2800","4505","2979","5694","4183","3456","3865","4384","5042","2581","5246","5022","4999","4074","4710","5778","5215","4354","6314","4633","4130","4724","4919","5216","4330","4664","7259","5417","5352","4975","3421","4732","5364","3926","3507","6437"
"2.03_543.31","4057","3969","3767","4998","4906","4474","4350","3575","3458","3444","3998","4104","3669","4425","4167","3011","4066","3919","4021","3851","3454","4742","3773","4023","4000","4034","4017","4248","3987","3587","3686","5412","3861","3831","3785","4354","4919","3677","4520","4123","4681","4335","4033","3211","3880","4009","3961","4299","5819"
"1.41_774.56","2523","2052","2247","3196","3455","1391","2679","3904","3567","1588","3414","3156","2684","2354","1933","1596","3878","1314","578","2853","1865","2518","1776","3167","2238","3124","2257","3542","2558","3893","2183","3926","3329","3468","1973","4660","2602","3096","2725","2218","3194","3941","4477","1329","3381","2430","2363","3668","4415"
"1.26_664.45","18700","6537","26979","16556","8360","6914","9258","20148","18210","12702","14566","16859","7495","10386","17291","4864","19431","10461","4960","22229","15436","18255","10366","16495","6738","14557","12204","17992","11690","12819","8252","18759","17726","7079","6164","17939","9200","17102","11394","15305","9534","11612","18971","8670","18546","10393","6901","7746","11813"
"0.43_163.08","2092","2403","2518","979","2086","1258","1200","1143","935","1383","917","2923","2476","1377","3383","1356","2722","1017","4604","1910","1230","2514","1651","1756","1014","16947","1678","1722","4115","2699","2096","1696","2149","2468","1487","1661","49134","1000","1553","96887","1460","1153","2184","1333","1877","1306","1519","1143","88296"
"2.93_881.62","3228","4190","3704","4773","4029","3497","3229","4203","3385","2979","4385","3939","3644","3037","3847","3583","3944","3205","3010","4147","3229","3986","3395","3961","2866","3852","2966","4351","4023","3817","3690","4768","3407","3971","2964","3706","4095","3496","3890","4192","3959","3819","4076","2905","4184","3497","3855","3648","4931"
"1.56_704.21","51186","9367","6322","5382","6208","11152","7785","4132","27889","5527","7764","13694","7422","12315","4348","3424","7992","5347","4672","6453","15852","8339","23978","3807","6309","34164","7183","5222","3790","9137","9278","7472","7278","6790","7783","9767","4746","7004","4154","34059","7006","5404","68084","5065","14997","7005","5632","8314","4435"
"2.46_797.65","6865","9508","11173","16261","10178","7667","8306","9406","10229","10709","10068","11954","9981","9318","11668","5650","9784","8055","7432","6963","7494","15951","6569","10526","9178","10928","7934","9228","9707","12751","10034","18491","9284","9048","7646","12267","9369","9415","10815","11066","11762","9895","11000","7978","10921","11093","9869","6464","13852"
"3.49_920.75","2720","2470","6456","6954","17858","892","1658","16625","26099","4289","1968","3432","1702","746","1973","934","3109","2937","1047","3887","3054","2126","1894","3567","998","4808","2500","4489","1159","6629","3652","3993","4322","1797","1680","5021","1515","1671","2687","1765","1829","1801","5794","2378","2772","2461","1050","3722","3293"
"2.35_798.54","5588","7618","7068","6999","6436","4131","5064","6514","4875","4365","6792","7260","6182","5479","6758","3165","7081","5038","2823","5567","6043","5653","3461","6118","6870","6280","4363","5926","4882","7007","5647","7398","6400","5541","6862","6599","6441","5725","5889","6484","7011","6366","7349","5140","6893","6961","6061","5837","6760"
"3.22_1000.85","5983","7619","3099","4744","23567","2776","1518","20512","11730","2566","3532","4705","3518","3634","3496","2643","8808","6646","2130","4079","3590","3716","1682","7489","2837","3614","5475","9655","6149","6814","10541","5694","7139","5085","5671","6732","3809","4501","9628","4693","2316","2471","4568","3487","7818","5906","3709","7641","6463"
"3.06_674.65","2954","5440","4376","4951","3739","5095","3670","3835","2256","2483","3493","5178","2297","2864","3549","2272","3228","2773","5739","1916","2503","4051","3560","3443","4876","4642","4716","3134","2973","4133","2973","7996","2492","3987","4202","7821","4035","4179","3688","3058","3688","4032","2961","2233","3740","4277","3919","5225","6896"
"2.35_383.33","10480","10595","6630","8997","12298","10863","5561","12516","7983","5400","3824","8990","10352","10539","8195","7077","7333","6030","5353","9727","5493","7599","6683","9097","6177","8320","8127","9792","11007","12230","9029","8721","10384","10523","10595","14127","9913","14972","8772","11003","10147","7887","9548","9251","10153","9762","6689","16269","15531"
"2.33_737.58","19056","19301","18836","20700","22263","12766","10988","19072","14651","11875","16546","19560","15102","15501","18477","9334","21492","12341","8929","14997","10837","17701","9327","15363","20513","19577","15195","17684","18272","22606","18768","27655","16864","15697","16917","20315","17019","17970","16700","16508","21362","18939","18606","12253","20841","19285","16140","15670","24423"
"0.20_179.06","10688","1504","13627","9047","1225","1237","3606","4259","4299","2654","3997","2116","955","2492","1292","690","974","1956","2609","15928","6190","5126","2118","4011","1582","13960","818","2269","2953","1225","1600","2295","1600","1760","1541","1980","1208","1133","2760","1321","631","997","2959","805","3372","4021","3386","2587","6295"
"0.77_270.32","9140","2214","6684","6594","3828","6880","8298","11169","10911","14974","5291","3896","10278","5774","5968","3309","101847","1668","3134","32358","6685","5934","7693","68876","3177","4758","3437","10957","38248","7740","6897","4459","13806","8069","6859","2815","4698","14725","2812","14230","8028","5620","4737","2469","11018","8017","6462","33060","11368"
"3.13_768.69","3917","3991","3298","6453","1812","5569","2769","14719","11351","1809","1711","8401","5803","1806","681","1737","8354","3949","2429","17833","1794","9640","1762","8152","3435","8552","1902","10646","5685","8735","6310","21109","8026","5023","5128","8974","985","9678","3959","6160","7364","6530","7343","3541","11482","4250","2743","2123","7210"
"4.24_579.53","2903","7113","3031","4068","23788","2737","1359","20869","11945","3931","2819","6409","8361","2086","4583","2659","9230","9077","2550","16040","10526","3503","1576","11873","2174","6304","19739","11946","6067","7378","2529","6097","16553","2842","1689","2511","2885","2220","4037","5913","3110","6079","8888","4297","2434","8774","2780","10591","3247"
"0.19_172.99","7861","2602","13138","16844","1975","2629","11708","11287","16176","8768","4493","5579","1068","1324","3669","3035","8162","1963","2969","10923","10500","1056","24343","1970","1327","1702","2239","1403","2086","2681","4423","2913","1620","14011","4110","2230","1694","3592","1045","11359","3381","3763","2037","2925","1587","5890","8676","31178","29132"
"3.54_890.78","9976","17513","4759","8738","41997","9280","2435","48488","23713","4513","7809","15616","13355","8519","12973","11477","19649","17510","4216","12100","7114","11441","3051","18462","7849","8079","15024","27099","13596","26408","17081","29886","28132","7550","10524","17323","10865","15518","16245","19228","7321","9242","22746","11476","14545","28265","7067","16489","19571"
"1.76_656.56","8522","4008","6483","6173","4346","5183","3383","9289","6056","4865","2824","4411","5692","5708","6870","2651","3881","3614","2930","7612","4185","7508","5997","7381","3381","4390","6795","7566","6672","7500","5472","5732","9639","4258","4412","10602","5018","10726","7989","7912","5533","4923","7425","4884","13084","6739","3128","8123","10285"
"3.31_279.23","3784","3625","1811","3551","4198","4445","1857","4914","2944","1718","2146","3626","4062","3699","2729","2475","3982","3251","1546","2726","2283","4009","2263","3372","2588","2630","2307","3579","3857","4335","3209","6069","5048","2826","3231","4148","3329","5640","4142","5512","2930","3499","4599","3089","4084","5240","3454","6945","6605"
"3.07_709.72","3284","5341","4388","5132","3820","5484","3883","3964","3280","3470","4053","4677","4127","4060","3956","3589","4093","4766","5602","3904","3914","3919","3739","4341","3793","4794","5094","4447","6153","5078","3582","4904","4498","5688","4472","5449","5440","4234","4835","7325","4422","5347","4758","3369","4684","5204","3843","6437","7123"
"2.19_717.64","2324","3664","3102","5432","2989","2307","2524","2733","2751","1644","3617","3162","2412","2607","3432","2547","4114","2843","2275","2852","2095","3560","2094","4002","2413","3965","2863","3333","5220","3976","2435","6171","2655","3077","2000","4300","3137","2642","3540","3151","4172","4376","3194","2768","4025","3599","3641","3129","5068"
"1.50_749.55","19341","14602","15212","9693","11973","10173","11422","12749","16058","10188","11562","9813","10133","13959","11598","11635","12723","9631","10980","13388","9594","10131","13973","12083","11040","10683","10240","11579","12995","13014","8946","15338","13250","13270","9841","16744","12808","11803","14490","13324","12337","11397","9543","9667","12630","13610","14055","10772","12959"
"1.61_656.51","10794","5503","23089","12081","13913","3226","2779","50467","47091","10594","9313","5332","3312","2854","4546","1973","4456","3062","2980","28070","16575","5572","5701","8384","3295","3666","5756","7087","4485","8134","5197","7173","6316","3255","2897","6709","2333","3411","5016","6769","3521","3772","7459","4299","5797","7250","4103","8931","7939"
"3.28_958.84","2744","4597","5411","4753","16564","2449","2316","16662","12636","2541","2155","3204","4558","3127","2926","2062","4755","4282","1706","4442","3056","3581","1829","6305","2437","4124","4599","6642","4151","9177","5768","5106","5199","3824","3144","6087","3980","3705","4826","4366","2916","2682","5635","3575","2870","5914","1727","5872","6038"
"1.76_429.37","3349","4906","3367","4587","10260","6908","3099","7218","3917","3212","4259","4624","3324","4062","3640","2670","4469","4168","3940","4558","2774","5434","3972","3568","3416","4615","4294","3828","4570","5850","4631","7667","4087","5446","4000","5029","4589","5597","4028","4559","4419","5549","5087","3546","4005","4517","4897","4644","6038"
"3.60_728.69","2737","2756","1993","2172","1979","2280","1252","2801","1919","1240","1569","1944","3144","2097","2163","2227","2728","1699","1151","2229","1372","2806","1577","2737","2425","2068","1785","2902","2939","3548","2098","4089","2495","2053","2670","4022","2177","3038","2847","3337","2790","2757","2875","2524","2822","3425","2250","3638","3001"
"1.33_706.50","10637","10021","9803","6238","10277","6452","5575","13411","9181","5177","7722","10985","6156","7541","9498","8027","10535","6356","4725","13829","7627","7906","4957","8827","6480","7836","7823","9956","10745","9059","7286","11010","10438","6347","5321","12724","8013","10575","8007","6042","8208","7609","6187","6090","9503","8720","6095","10611","12007"
"3.77_950.80","9037","8378","4090","7531","51670","1851","2700","52870","36127","4645","4793","6354","2605","1490","3061","2606","4166","5396","1508","12554","5528","4010","2048","6998","2191","3866","5644","6254","3073","5299","11651","5507","9766","2568","3238","4623","2524","1983","4136","3542","3855","3331","7748","2302","8788","5262","2388","8395","4558"
"3.42_846.73","1214","2407","1630","2066","5335","1075","615","7719","3492","1304","742","2404","2789","1086","2406","777","3192","1982","1031","3181","2079","1686","757","2899","1305","2892","1745","3697","2087","4422","1541","2572","3378","1284","1479","2171","1132","1540","3040","2578","1138","1392","3959","1752","1279","3156","697","4084","2944"
"2.35_761.54","17514","24393","15489","36084","28787","614","14360","26568","18933","3804","20270","41426","21002","20197","29833","1747","40370","13787","0","10554","19737","26028","1315","20618","25094","24917","19247","20736","14972","21958","22213","42606","22500","19373","13996","32090","20210","23202","23158","24158","24419","29804","39246","15474","34443","32842","21329","16776","28134"
"3.41_973.77","4975","12716","5949","6532","31660","4703","2285","26886","19208","8281","4186","13079","10773","4153","6051","6162","19543","13933","3122","14032","11275","11795","2847","18198","5933","6636","13732","20635","10636","21268","13287","29932","17412","5329","6786","14223","9006","7387","10929","12651","6660","13715","18106","12452","8544","13467","2989","9789","11600"
"2.84_895.63","4285","4168","4210","3810","4780","5292","4265","5112","1687","3482","3977","3911","3784","4774","3319","2647","4055","3839","4544","3303","3553","4964","2632","4097","3704","3514","4953","4627","3596","3332","4329","4480","3498","4894","4279","4367","2481","3591","3918","2845","4853","4049","3155","3235","3717","3835","2996","4473","3648"
"2.03_545.30","3223","3551","3336","4462","3726","3362","2957","3362","2783","2355","3371","3355","2876","2878","3066","2321","3226","2967","2626","2812","2661","3443","2878","3022","3376","2981","3706","3195","3181","3471","2858","4744","3015","3353","3363","3642","4298","3577","3483","3144","3182","3486","2732","2804","3136","3454","3437","3220","4513"
"1.32_355.32","10262","8920","14582","9361","10952","10139","11932","11314","12031","11394","10289","8843","8991","7171","9805","5242","7240","7360","6415","14243","12363","14645","10884","11684","7317","8488","8629","6737","7913","7907","7556","12556","6405","7443","6185","8290","7141","7652","8623","7821","6396","8269","10159","14172","10059","11128","8790","10296","17372"
"2.28_714.60","10387","10990","7843","7111","8594","5863","8504","8002","6916","4380","3909","6466","10515","7397","7371","7333","4892","5503","2619","8748","4336","4855","4735","4282","5931","8279","7890","4399","10706","9236","5824","9960","6750","11374","10217","9209","9944","11732","7158","7267","7337","4297","7076","9096","7539","10707","9401","15879","15082"
"2.34_762.54","1127","497","1142","6117","2524","1644","603","949","1194","742","877","5425","2193","2092","5528","804","5705","1267","262","342","472","4675","716","1261","460","5089","1014","2170","318","5487","1720","13819","3857","459","1194","308","367","645","548","5059","2590","3560","5782","542","4265","5039","0","0","2070"
"2.25_847.65","6071","4627","6969","4586","3512","4369","4559","4305","6243","4232","4456","3327","3719","4243","4162","3710","3844","3080","3929","5104","4816","5795","6348","4047","3210","2688","4238","4135","5246","3142","2852","3956","3713","3649","4503","3852","4001","4370","4340","5203","3732","4084","3731","3908","5325","3220","4890","4406","4656"
"0.53_440.36","1988","1796","17567","3697","5701","2129","1990","3998","2032","2559","2566","2995","3126","2010","3733","2084","2076","2028","4577","3669","3229","2532","2218","2602","1670","2198","2284","1293","3480","2076","1897","1781","3592","2336","1561","1927","2285","2435","1790","3291","2615","1587","1855","2595","3744","1633","2170","2283","4601"
"0.51_398.33","4205","5419","6016","6313","3833","5122","3778","4470","6970","2458","4244","7780","2904","4660","5545","3926","6020","2803","4686","5993","4931","3898","5527","4249","5382","3674","3894","3714","3637","6548","5428","13885","4755","4838","2165","7159","4863","3504","4559","5204","4196","3958","3430","3562","5974","9586","7171","3470","7389"
"2.32_1534.23","2901","4390","2282","4700","2880","3828","2059","3185","3290","3197","4182","3158","3363","3850","4635","2793","4200","3269","3686","3868","3110","4293","3517","3454","3883","4872","3322","4663","5300","3453","2716","6098","2919","3443","2723","6281","3998","1734","4484","3697","5361","4453","3098","3427","4299","3740","4354","3218","4651"
"2.36_696.59","2055","3357","2548","3482","2415","4559","2369","3211","2856","3060","1415","2566","3178","3687","2309","2546","2155","2432","1954","3111","2392","2283","3128","2433","2126","2280","2764","2503","3153","3222","2821","2070","2395","2881","3253","3814","3526","3399","2832","2772","3276","2610","2371","3176","2409","2486","2788","4983","3779"
"3.46_898.75","4496","4629","2976","4459","24025","1715","989","19635","10690","2075","1848","2945","2605","2190","1745","1961","4586","3398","1530","3651","3237","3258","1978","5269","2158","1832","3797","4983","3459","5272","6270","4791","4495","3048","3345","3865","2992","3261","5723","2439","2522","1762","3449","2728","3741","4135","1694","6183","4703"
"2.79_816.75","2982","3354","3401","3612","3808","2851","2706","2802","3683","2108","2645","3434","2368","3221","3301","1487","3200","2691","3157","2202","2243","3914","2008","2378","3266","2102","3468","2678","2862","3043","3132","7142","4864","2817","2661","3890","2695","3375","3273","3612","3420","4227","5075","2448","2856","3322","2712","3070","3044"
"2.67_822.70","6657","6813","7079","9051","12372","6966","5103","7101","12305","4055","4049","8445","10423","5977","7596","3283","7563","5472","2664","4857","7598","11046","5285","8707","4116","5530","7542","7964","7939","11086","7142","12274","7502","5919","6002","8804","7952","8926","7032","10179","7792","5610","8793","7446","7319","7263","7563","8179","9845"
"1.52_804.57","6317","6551","4717","6639","5102","6260","4404","11105","6148","2858","5968","6291","4764","5698","6196","4253","9928","3961","1183","6495","3450","5995","4124","9764","5564","7560","5686","7098","5926","8452","3994","8227","8825","9344","4360","9977","5391","7980","6597","5177","7106","7759","7185","3998","7789","7887","6182","8263","8679"
"3.44_914.78","4525","5301","3387","4603","40531","2818","1767","24876","16041","3183","2055","3564","3001","2637","2846","2297","6005","4473","1768","3367","3058","3665","1886","5747","2422","3015","3840","6754","3902","5988","8419","5690","5650","3719","3936","4661","3218","4811","7030","3614","3608","2802","5195","2957","5408","3400","2541","7065","5955"
"3.52_919.81","2737","4579","1378","2275","11388","2119","1027","12338","7216","1443","2337","4362","4422","2395","4026","2386","3831","4094","1217","3325","2181","2420","803","3686","2396","2988","4742","5632","3971","4346","4723","5137","4914","2589","3162","4484","2780","3445","3757","4409","1796","2562","3805","3232","4408","5088","1876","4235","5230"
"0.42_509.33","4363","2646","5068","2704","1755","1611","1494","3502","3815","2690","2884","2184","2316","3488","1978","1623","6106","2251","2076","5726","2162","2395","3373","3732","2670","5171","1882","3191","3134","3049","2542","5779","3151","3598","3328","5663","2784","3353","3497","2770","4699","4906","3313","1618","4273","2797","2277","3097","3682"
"2.78_800.66","1325","4766","5009","9586","4883","1009","5512","4668","4823","3037","3794","6206","5785","3319","3831","1868","2209","3023","1718","1990","4909","5874","818","2292","5477","4678","5677","3067","4199","6357","5402","10001","4353","2842","897","4402","2362","1244","1895","3302","3847","7814","7964","1893","3853","1443","5464","858","9476"
"3.83_547.47","1472","2270","1503","2480","5937","1014","853","7643","4285","1432","1198","3005","2131","992","1388","1467","2964","2924","1062","2744","2196","1851","598","2523","1098","2611","2463","3914","2083","3829","1928","2800","4449","1192","838","1717","972","2262","1680","2131","1315","1862","4647","2124","1021","2200","569","1801","1180"
"3.13_774.68","2646","1168","5314","5240","6421","1508","2303","2530","8159","3401","2120","3138","4266","2229","2952","1548","4684","2813","1874","3028","4607","8389","2544","3826","1801","4558","4946","2657","2913","7164","3864","4644","3683","3235","2953","4441","2192","4550","1886","3122","5464","4021","5317","3459","3542","1686","2429","2003","2525"
"2.48_796.68","11459","8443","9406","17342","10554","10870","8050","13422","12073","8357","6912","9920","9481","10582","9669","5619","9191","6708","3771","9031","13133","10657","9527","13266","6691","8259","7644","10933","12160","10567","7061","12117","11627","10117","9279","13081","9836","13242","10349","11446","9902","8817","9736","7341","12891","11015","10448","13184","14658"
"2.15_829.68","5338","6138","3974","3540","4860","5348","2838","6683","4234","2644","5359","6235","4951","6296","6235","3943","10409","4369","2922","3884","2295","4391","4103","6137","7799","9592","4670","6428","6101","9266","6174","10214","6495","6174","5291","10490","5923","7839","7386","7424","6379","8587","9030","4520","8367","8531","5780","7765","6495"
"2.82_1331.20","4624","2016","3474","4699","3711","2188","2908","4909","4456","3020","3171","3174","2604","3307","3594","2047","3069","1463","850","4466","3845","3431","3096","4405","1697","2815","1596","2472","3624","2305","2064","2069","2862","3254","2741","3015","3660","4022","3472","3514","2052","3303","3481","1642","3343","2407","5101","4928","4456"
"1.39_371.10","15556","4127","2996","2337","2625","4297","2780","2116","10004","1868","3495","6744","3492","5520","2282","1356","3718","2021","1438","2178","6033","3160","6868","1638","2321","11280","3523","1972","2009","3286","5705","3574","3489","2987","3225","4955","1926","3083","1972","12131","2447","3681","31192","1886","7127","3011","1984","3198","2712"
"3.01_878.74","1901","4119","2612","3935","8215","2958","998","14331","5723","1769","1670","5322","3867","2496","2832","1796","5299","3408","1030","2784","1613","2643","1127","4690","2202","3475","2747","7553","4471","7789","3555","5747","5869","1784","1746","4696","3089","3308","4600","4518","1591","1950","5252","4086","2801","7303","1400","4800","4682"
"2.52_550.68","2805","1702","1949","1407","514","2287","2099","2043","1846","996","2290","1730","3689","2132","3886","1904","1336","6892","1602","2056","4958","4413","1869","9078","6024","1533","1413","2005","2202","1102","1590","2377","2135","1347","9492","1235","4615","1613","1543","1144","1819","13612","2177","2726","1952","3629","1439","5631","2649"
"3.98_876.85","1777","2729","3780","3384","22483","1340","1701","15355","13953","2279","1636","3789","2215","1698","2750","2122","3130","1676","1134","3292","3543","2617","1487","3465","1937","2524","2131","5525","2592","7709","3204","7529","4275","1800","1995","3015","1569","2910","1902","1428","2299","1824","6207","2347","2418","1905","2153","3716","2406"
"3.01_879.75","1658","2436","1622","1967","3875","2019","760","8768","3568","1177","1497","2864","2807","1693","1841","1737","2966","2238","1052","2490","1280","1851","669","3446","1232","2014","1905","4666","2179","4679","2461","3194","3751","1598","1767","2345","1357","1985","2910","3617","1312","1565","3413","2244","1567","5023","933","3858","3842"
"1.33_594.41","4146","3641","3531","2481","2498","2288","2284","3072","4540","1946","2530","3264","3303","2574","3697","1608","6634","2790","1635","3342","2844","4265","2714","4283","2721","5276","4559","4094","4206","4849","2554","8540","3612","3540","2537","5767","3055","5536","3458","2622","3540","3196","3758","3480","4799","3734","3464","3010","3248"
"3.04_955.60","4339","4774","3177","3411","3174","4508","3959","3132","3361","3189","3427","3014","4923","5063","3594","4502","3553","3718","4523","3873","3430","3370","4487","3754","3567","3833","4709","3066","4764","3307","3718","3979","3713","3470","4218","4188","4092","4478","3930","5044","3525","3963","3282","3257","4325","2882","4226","3829","4470"
"2.28_883.65","9618","5705","8655","4742","5836","4848","5753","7589","6695","5487","4759","4104","4318","5729","6106","4498","5347","4813","5946","8059","5111","4362","6452","5481","5289","4642","3830","4683","4920","6069","5094","5590","4442","4503","5236","5484","6174","5468","5356","5588","4296","5550","4254","4991","4652","4562","5790","6088","4653"
"1.06_374.36","8079","5373","3796","22234","6787","3762","193427","46502","222757","9844","28163","5476","6117","25837","17557","5641","4935","49663","7251","28405","31703","21242","52443","3513","24380","49583","29486","2869","12004","34142","41930","11879","5006","2486","2661","5368","9039","3483","6440","2302","3718","4289","7207","5201","11797","2308","4530","7086","41204"
"3.46_741.61","2770","2489","3460","5974","2752","2642","3117","2779","3092","3217","3341","3694","2894","2106","2796","2242","2614","2239","2264","5124","3224","3186","3299","3515","2550","4588","2903","2362","3049","3382","2848","3311","3538","2960","2668","3938","2581","2384","2383","2983","5658","3846","3648","2452","5052","2869","2689","3932","3974"
"3.54_899.77","4403","7028","2038","3478","25556","1750","909","18910","9196","2636","2107","3855","4019","1777","3539","2677","5493","4544","1714","2880","2644","2760","1636","5365","1712","3330","4426","6720","4403","5027","5434","5029","6682","2972","3450","3733","3161","3031","4897","4056","2482","2000","4940","2393","6180","5686","1990","6363","4571"
"0.46_570.34","8282","7173","4764","5338","9351","4460","4943","9155","5312","5757","5824","4439","4672","8517","5698","5622","9070","5341","6062","6550","5588","4499","4262","5719","6734","7160","5534","8177","9871","3898","7704","6869","8432","6993","7251","9812","9028","8122","9575","10379","6863","7297","3528","8049","8769","6035","8726","8151","6687"
"1.81_814.69","3907","7904","3157","3687","4817","5994","2535","5732","3562","2393","2689","8414","6947","6025","6385","3296","5425","4932","3315","4071","2306","4661","2042","4445","4871","6001","5930","5984","7112","9290","6123","8608","7031","6551","6149","10844","5809","10030","7120","8214","8270","5434","8782","5127","9232","7884","3915","6366","11059"
"0.49_523.35","8527","3859","4874","2564","3257","2227","1789","5789","3716","2919","2244","2067","2595","5683","3281","2178","3215","3446","1498","6274","2575","3162","3776","4289","2944","2248","3493","2638","5826","3013","3137","2851","2035","3426","4072","3887","3810","2960","3432","3146","3955","2420","2539","3269","2616","2282","4028","2100","2055"
"2.19_662.61","3525","5189","2804","1111","3004","2426","2688","4308","2683","1918","3186","2036","2810","3685","6946","3473","4185","3432","2440","2106","1145","2879","2211","2720","4395","4594","2833","3505","3634","3433","4579","3076","7706","5896","4901","6618","3525","3047","3362","6558","3055","5372","3239","2660","3738","7448","2924","7215","4929"
"2.08_837.60","5755","5220","5166","4994","6469","3556","4968","6863","5359","8477","5833","4393","4679","6225","6418","6128","7009","5209","4518","5685","4947","4673","3200","7650","5325","5448","4164","6260","6468","6056","4500","5735","5117","7010","4311","5735","5124","5701","4964","5633","5913","6697","3836","6632","5076","4175","4286","4458","4773"
"3.45_845.72","1526","3016","2506","2845","8302","1763","544","11802","6312","1485","1268","2486","2941","1476","2507","1576","4580","2270","1177","3519","2779","2315","976","4238","1703","3054","3964","6073","3082","7340","2223","3649","5182","1467","1566","3555","2100","2112","3766","4324","2008","2020","6662","2797","2182","4283","969","5855","4302"
"3.04_853.66","3099","3413","3887","3905","4283","3046","2619","3441","2792","2075","3320","3746","2717","2832","4113","2549","3467","3034","2878","3843","2464","3318","3076","4129","3424","4220","3007","3879","3853","3295","2973","5279","3101","2787","2960","3823","4218","3632","3653","2751","3541","4390","3600","2284","3838","3527","3321","3029","4805"
"2.65_766.67","11246","11390","8540","10745","15033","11141","7470","14357","9799","6615","5532","11297","12432","11846","9137","7418","9086","6745","3506","10143","7336","9119","5857","9914","7752","11119","9057","9088","12980","14315","10302","12123","10738","10918","11319","15337","11508","15212","9473","11485","14127","8864","10601","9884","10288","10685","9917","17196","17912"
"1.50_627.40","5053","5240","8384","4232","6838","7408","8073","7468","9137","9432","5202","5315","3104","4256","5727","2812","4205","4351","4497","6406","7264","8369","5906","6214","4971","5621","4919","4330","5053","4524","4421","5571","4312","3913","3515","4379","3187","4319","4406","4742","2970","4072","4412","9897","5952","5021","5201","3833","5979"
"2.16_838.51","10813","10934","9240","6580","9409","8095","10375","11197","11689","11012","10225","9852","11887","10615","10474","11843","10711","11755","7671","11501","11863","9406","9432","9526","11579","9997","10897","10638","10792","9690","11178","7564","10848","12016","11952","9815","11306","11479","11121","10704","9262","9964","11136","11500","11459","11014","10580","12421","8557"
"3.41_998.79","2387","6007","1855","3491","18712","1224","1158","13966","9985","3033","2136","4071","2208","958","1644","1343","4005","3356","1184","5173","2528","3048","1050","6193","1227","2703","4966","4936","3100","3003","7159","5836","6400","1986","2467","2904","2227","1150","3890","2172","1379","2741","4556","1571","6626","2081","2138","3626","3337"
"2.17_766.54","5140","5769","13250","37958","6581","7950","10764","2711","4924","8203","13966","9137","5465","6346","10101","3843","4260","5469","11622","3929","9868","9306","6291","9345","5155","8798","10178","4916","4433","6174","6479","8904","4579","4851","4871","4215","6081","5047","4906","5633","7020","8051","8277","6904","4453","5542","5144","2840","6511"
"3.76_1010.89","5272","6745","3529","8121","19697","2605","3037","26273","19960","4267","5122","10197","4070","1498","5605","3330","5675","6090","1994","19160","9548","4166","3175","11520","3480","8559","8323","8575","4367","9110","8388","8929","9902","2655","2394","6837","2953","2008","3724","6044","3733","5191","15656","4767","5645","9544","3082","8603","5815"
"1.28_688.45","3142","2692","3957","2750","4167","2359","2108","3543","4848","1267","2714","5289","3107","2503","3317","1857","6270","2554","1363","3189","3620","5042","2402","4409","1616","4369","3316","4057","2801","6029","2672","12294","3577","2064","2002","4407","3108","3212","2194","2340","3040","2636","3167","2248","3357","3030","2882","2410","3064"
"2.53_696.61","15512","11431","13311","6982","4439","9789","10616","10118","6316","9731","7028","5672","5920","8330","10118","7975","6314","7316","17559","10920","7244","5362","13383","5917","10694","6529","5667","6085","8733","6266","5732","6638","3432","10753","7061","10364","9818","7704","7690","11502","5803","6797","4516","6792","5182","8791","8463","14419","8940"
"2.52_550.63","68501","40208","111420","34778","18770","46263","50551","54111","44753","17843","53064","33312","86990","58096","110611","37213","29941","81329","34868","50372","129561","104962","40494","185364","56876","31802","29395","24689","48797","29812","41982","106157","40542","25814","90965","25579","39791","20561","29225","30717","24235","33426","51928","53611","40957","71441","33772","47356","27864"
"4.24_878.88","2382","4880","1510","2819","21512","1778","1028","16598","9252","2544","1941","4918","4130","1518","3096","2301","5998","7046","1198","9314","5769","2179","898","8566","1436","3515","16229","9488","3800","4326","2200","4527","13126","1419","1167","1819","2110","1437","2497","3286","2116","3973","6336","2162","1506","5703","1106","6184","2571"
"3.37_978.86","1354","3543","1405","1569","7611","1160","482","6722","3354","2164","1188","4168","2847","1720","2262","1450","4759","3081","906","2603","2020","1823","688","6194","1342","3088","3018","7038","3677","4172","2250","7274","4208","1606","1596","3504","1957","2268","2702","2778","1633","1915","2958","1448","2635","4619","1485","4893","2972"
"1.97_801.58","4401","4010","3456","5137","4799","3527","2703","7090","4772","2503","4299","5769","3339","3573","3492","2225","5162","3673","1499","3305","3216","4392","2115","4060","3221","7215","4044","4773","4410","4875","3495","6005","4443","4556","3005","4596","4287","4293","4177","4602","4490","4298","4367","2885","4615","4673","3110","4178","5743"
"1.52_850.61","1101","8789","1076","1004","1902","5125","692","2913","1622","672","1135","8076","3058","3208","2805","2888","4772","3546","1217","694","816","2705","988","3903","5139","6312","5374","6319","1960","5318","6414","2549","7305","1228","5655","6111","2256","5209","3560","2636","5478","3962","2799","2386","3254","747","1016","1781","2359"
"1.53_786.53","2106","2179","2047","2598","2493","2096","1187","2745","2909","1044","3164","5238","2592","2178","2804","1484","7086","1767","1615","2171","1587","3067","1743","4051","2825","4447","2590","2869","2071","3514","1982","4367","3545","3840","1959","5106","2492","3797","2368","3113","3478","3710","5037","1877","3762","2868","1918","2189","2938"
"1.33_792.57","4875","6187","3369","2550","5040","4059","1948","6769","3163","2214","3188","7826","5098","4393","5211","3689","10675","3819","1200","4554","3177","4070","1689","6721","5406","8103","4455","5623","5028","8633","4980","7854","5776","6593","4224","11550","3499","5392","4661","5631","6658","7162","7687","5448","6921","7210","3452","3438","5620"
"2.82_796.68","5977","6783","6555","7904","10662","8275","5843","8993","8782","6226","4943","10180","9408","9615","7526","5283","7785","6237","4424","7561","6892","8576","5030","7219","5638","8673","6288","7878","8135","9828","7259","8203","9007","7735","7185","10154","7081","10276","6966","9775","8260","7394","8647","8257","8285","8050","5513","10020","10406"
"0.73_708.45","3592","3249","5214","2887","2850","2344","2081","5302","3300","2123","2767","3278","3634","2761","3365","1645","5982","3213","888","5654","2975","3594","1978","3992","2973","5458","2978","5925","3060","4190","3200","4254","3648","3541","2835","4297","3517","3191","2797","3621","3513","4719","5666","2703","7427","3519","1939","3185","3591"
"1.98_785.58","8932","11066","8410","24914","19583","8919","9807","14139","7508","8202","9921","10785","3726","9904","8838","4620","6967","6167","4760","7763","8416","7859","7631","11437","6845","9578","10928","11121","8797","7827","10384","7923","11887","10160","7273","7478","11878","9722","7416","6826","11361","10347","8750","6718","10496","6773","8392","8915","16879"
"3.40_893.72","3095","4783","2897","5353","15599","2450","1537","18498","10261","2154","2282","4611","4658","2669","3859","3273","6464","5481","1663","4179","3210","4586","1642","6678","2880","4062","4059","8458","4302","10346","7069","7976","6077","2452","2865","6898","3201","4362","4997","4835","2538","2965","7098","4923","3661","5792","2058","6924","5763"
"1.39_730.51","10719","6564","9090","7268","13895","2414","2952","34338","24279","4570","4589","9028","4460","3447","4458","2525","9714","4131","2259","9999","5421","6854","2880","6511","3686","6330","4326","8829","5381","7266","6031","10597","5307","3931","3340","6629","3318","5383","7002","6977","4564","5059","7921","3834","5926","5649","3451","6196","6889"
"3.21_930.81","4586","5581","3864","5649","14436","3952","1785","23583","12584","2891","2297","5809","5310","2947","3997","3277","8695","5804","2300","4754","3473","4078","1796","7150","3825","5403","4410","9822","5464","13201","5950","6806","8022","3640","3574","6609","3118","4465","6211","6335","2190","3651","8124","6107","4108","8323","1583","8844","7251"
"2.52_862.67","2170","4934","1359","2502","4368","3680","1427","2291","2029","1703","3457","6339","5532","6247","4393","3051","5564","4207","2695","1538","1775","4804","1190","5335","3120","8087","4660","4901","3705","7165","4472","8279","6108","4092","4358","8619","3020","6337","4979","5564","7308","6399","5301","5382","3410","3500","1767","1866","4391"
"0.71_346.33","11353","7666","5248","22116","10024","4455","235796","48298","162127","12287","23469","6900","10697","23319","14966","6087","6228","35790","6883","72813","29936","37344","32222","5192","34181","42848","24154","4656","17431","21874","29324","20737","9256","3140","4165","7247","8695","4863","15114","2336","5197","7789","12227","11806","15688","5066","7474","11634","55161"
"2.19_1022.53","4657","5186","3049","2204","2145","2918","3623","2843","3746","4944","3314","2763","3840","3815","3410","3851","3653","4271","2779","3626","3194","3118","3611","3779","3736","3230","3521","3127","4003","2370","3120","2718","3031","4154","3790","3782","4372","3442","4663","3210","2825","3764","3005","3950","3522","3817","3754","3344","2346"
"3.08_870.68","2824","2365","4074","4369","4324","2439","3879","1890","5356","3975","2928","4772","4986","1683","2587","1396","5868","4178","2106","2342","4963","9234","3001","5467","2538","5373","4582","4030","2618","3902","3342","7902","5571","3494","3001","5232","2778","2935","2854","2383","5253","3817","7385","3852","5483","2422","3822","2871","3419"
"1.72_752.64","3191","3057","2648","2641","10608","1754","1074","9083","6737","1555","2350","3500","2525","1759","1706","1401","5697","3061","620","3078","1510","2293","1061","4050","2056","2566","2881","4882","3035","5236","4337","4494","3534","2266","2585","4288","1843","2396","4204","1972","2270","1853","3209","1582","3910","3293","1474","3918","6061"
"0.87_398.36","1611","1261","390","1594","5701","1464","6633","823","3717","3231","6570","1684","2283","1245","8547","1804","1262","680","1042","1420","2072","3593","848","1791","4004","2307","1351","4318","1540","1077","742","949","2047","1253","6559","2010","4146","543","10110","1029","3675","2242","2449","5190","3055","3276","1657","431","1374"
"2.07_704.53","19823","21549","16993","28521","21327","15415","11649","10969","12221","2906","22141","18153","8625","22524","16833","5003","26939","15517","5600","15387","6040","22304","12260","19405","22089","21157","17841","18517","24305","21101","17885","33484","21190","20079","17099","26189","20941","17632","18673","13808","28224","23345","19520","6653","23810","16629","25417","22018","22376"
"2.12_717.54","5128","5957","2474","4310","4370","6103","2958","5302","4094","2415","3746","3710","5052","5910","4788","3342","5218","3658","3461","4106","3056","4866","3890","4601","4350","4234","3342","6923","7129","4670","4285","4045","7230","5920","5713","6378","5837","8109","6059","7212","4229","4595","4660","3978","5889","6577","4014","9614","9984"
"2.82_867.61","5006","5578","5563","5983","5665","5888","5090","5650","5259","5221","5382","5776","6607","5455","6969","5893","5991","5600","5526","5872","5366","5749","5358","5458","4980","5490","6198","5800","6468","6046","4785","4719","6549","6199","5913","6491","5722","5582","5802","6589","5782","6226","6184","4697","5380","6264","5474","4706","6197"
"2.35_762.48","2466","2032","1488","5690","3353","2037","2884","701","2723","1491","3270","4067","3710","1469","3523","1038","6248","2866","1006","2166","2725","3065","1014","3339","2780","4869","2106","978","1495","2414","2761","8659","2500","2911","2887","2848","3055","2291","1975","3149","3872","5631","2728","1882","4573","4250","2540","2485","4547"
"0.31_240.23","30664","13038","12045","8672","8513","12718","65488","56770","36174","17002","16737","10945","10860","15186","11310","8757","31741","9625","8037","43147","12213","13332","10944","308556","4843","36889","8695","12303","34942","8936","5327","10186","21292","10548","19455","9462","40206","40454","12572","19224","14363","6810","9620","14839","15052","25499","8088","10634","19327"
"3.05_786.59","1686","1827","2539","3819","4149","1762","2237","1515","4450","2467","1988","3257","2780","1468","2419","1087","3393","3282","1532","1925","2935","6823","1831","4373","1348","3696","3617","2144","1854","3096","3243","7172","4816","2868","2258","3419","1997","1577","3147","2303","4440","3399","6677","2846","3673","1086","2420","3486","2816"
"0.46_372.31","4267","7509","6710","4755","4012","7103","3323","5703","6364","3066","4519","9848","5396","5418","5783","7352","6623","6634","4671","14454","6714","6531","5770","6759","5623","6829","5312","7730","8831","8443","5454","9044","9939","7848","4335","7167","8916","4523","6569","8562","6697","7599","6957","5808","6626","10581","6100","7762","9056"
"1.98_860.61","6471","5955","7531","9024","9145","3700","4977","8310","9951","7191","5560","6494","4172","3807","5885","3280","6457","4473","3675","4016","8608","4618","3770","5482","3995","3718","4339","5806","4309","7222","6048","7513","3812","3356","4525","4930","5349","5321","3997","6499","5368","5991","5859","5573","4831","3940","5288","4511","4513"
"3.18_161.13","2878","2383","2888","4494","4875","2371","1427","3832","2793","2104","1634","3921","3499","2938","2607","1596","3358","1649","1254","2613","2240","3391","1536","2693","1795","4549","2846","2524","3242","4937","2757","4402","2780","2468","2683","5396","2519","3914","2306","3346","4419","3677","4136","2547","3754","2208","1874","3527","4723"
"3.23_946.84","2203","4554","3439","4053","5818","2355","1268","11725","6738","2050","1662","4610","3491","3020","4032","2067","5399","3884","1395","3379","2120","2566","1126","4700","2945","4643","4266","5545","3175","7361","4067","4443","4894","3013","2371","3858","2898","3005","5237","4870","2224","2817","6155","5063","2493","6930","1444","4245","3757"
"3.17_846.74","2870","2999","4708","5541","2679","4028","2409","2917","2830","7386","2649","4377","5152","3889","3046","2095","7291","3668","3423","3121","4063","6653","2241","5917","1748","5932","4052","4223","5704","5589","3564","7418","4483","4066","3742","7647","6223","5786","4920","5711","6249","9403","5384","5130","5416","2762","3401","4107","5485"
"2.71_730.63","1031","8491","799","1752","3681","8952","536","1658","792","666","1354","11573","7774","3910","2418","3838","7482","3461","4135","974","802","2919","1107","2181","4992","6362","4756","5433","2733","10553","4691","11206","5650","5949","6119","10538","2661","6646","4360","7803","10675","5949","6525","3932","6251","6035","1158","1652","5104"
"1.41_718.50","7076","7719","9787","7516","11712","4410","6142","17071","10557","6755","7396","7114","3708","7134","7537","4193","9729","6459","2292","10452","8538","6665","3469","7423","6177","8752","5693","8721","8800","8890","6637","9164","8565","5938","6369","9528","6138","9079","7028","8754","8409","9301","6872","4592","8198","6848","5651","7874","8273"
"2.79_946.72","2584","6727","3025","3941","4735","6075","4245","3612","3086","2349","3090","3986","3190","1635","3562","2950","4387","2705","2626","3493","3390","2904","2373","3209","3694","4083","5197","4785","5010","3932","4018","3617","3184","5109","2681","4158","4109","3646","3751","5858","3287","4618","6369","2492","3857","2436","3821","2903","7190"
"3.98_937.70","1609","2219","2408","2954","6307","1424","900","5539","5411","1909","2588","2694","1901","1451","1671","1696","3296","2071","764","2312","3053","2142","550","2792","1314","2697","2548","2943","2010","4043","3216","4014","2923","1494","1794","2739","1469","1906","2038","1511","1643","1971","3766","1939","1549","2126","1056","1794","2045"
"1.92_852.25","50022","9563","5941","4362","5951","9549","6235","3486","31085","3533","6569","11741","5329","10682","3751","3071","7275","3532","3656","4235","13313","5448","21159","2853","5212","36083","6320","4182","4537","8244","8214","6240","5927","5425","6498","8961","4270","5750","3854","41743","6611","5184","69642","3635","14525","6270","4960","6294","3590"
"2.53_720.56","4336","7651","3392","5307","5131","4816","4206","6216","4350","3878","5265","4867","5184","5428","5014","4534","4411","4011","2361","4083","3960","5273","5619","3591","4973","6198","3920","7033","6631","6074","3087","11103","5599","5696","5656","6714","4137","5567","4899","6433","5929","6702","6281","4213","5330","6082","5583","6680","11102"
"3.52_891.78","6784","11186","2945","6969","24526","6147","1903","32999","15207","4798","4928","11722","9524","6094","10429","8166","11315","11446","3913","7371","5644","7823","2915","13124","5850","5803","13029","18101","9311","16463","10744","18541","19402","6677","6064","10217","7232","9844","10886","12445","6744","6908","16904","10541","9419","20354","5006","11317","13397"
"2.93_700.61","5315","6259","4152","7765","7932","6170","3863","7915","4526","3072","3528","7463","4422","5442","4896","3800","5065","3540","3156","5072","4119","4776","4367","4697","3920","4616","3602","5268","6172","7675","4464","8642","5194","5465","4918","8494","5355","7759","5834","6274","5842","5517","5354","3833","5622","5246","4330","9901","11196"
"1.32_704.49","6841","8520","8291","7960","13700","4499","5896","14787","10288","7007","10117","12987","7293","9330","12332","5933","19266","8934","2868","10787","7168","12115","3122","11007","7171","15199","10417","15387","13515","14413","9113","16138","14697","7417","5852","18012","9126","16407","10549","10691","10647","12840","10467","7514","20017","10449","6010","9034","10851"
"2.93_295.23","3705","4354","2928","4556","5850","4346","2572","5357","3249","2710","2435","3905","3507","4047","2674","2767","3250","2541","1741","3332","3008","3990","2861","2893","2523","3245","2473","3322","4420","4526","3049","4921","3914","3348","3986","5832","4077","5405","3773","5209","4038","3779","4090","2413","4504","3326","3472","5561","6832"
"2.06_706.64","3756","4643","3789","6438","4251","2573","3763","2593","3277","3051","4606","3706","3872","4552","3272","2322","4072","2947","3243","4225","2129","5082","3841","4583","3811","3465","4166","3976","5625","4222","3383","7641","4012","4538","3707","4891","4256","3490","4878","4227","5807","4875","3607","2121","4761","3644","4866","4381","4927"
"1.98_816.58","3677","3203","3551","4773","3713","3031","3326","4023","4736","2526","3802","3982","2480","3999","3507","2490","4414","2866","3523","2551","2786","3579","2216","4446","3766","4389","2631","2985","3488","3779","3121","4503","2933","3131","3492","4179","3725","3412","3038","3094","3507","3577","4674","3047","3380","3181","3867","2980","3587"
"2.34_1544.16","5821","7270","7264","12192","11608","3732","5531","6733","7927","3663","6501","10458","6441","5022","8706","2226","8846","5023","1980","4183","5421","9766","1759","7343","7568","7799","6887","6325","5402","9693","7711","15293","7853","5735","3395","7646","5984","7243","7241","7486","9678","8888","9805","5673","8515","9065","7050","3976","9024"
"4.24_580.54","1410","3033","1450","2303","8851","1474","608","7653","3952","1403","1486","2666","3109","886","1665","2007","3590","3569","1448","6613","4379","1926","661","4629","915","2728","9193","5396","2157","2373","1147","2941","6906","1343","1165","1311","1307","1384","1436","2329","1405","2887","3791","2103","1410","2982","1041","4113","1987"
"3.31_738.67","4516","5145","2485","4367","4367","5106","2016","4497","3852","2218","2922","4728","4750","5178","3440","2976","4638","3074","2482","3392","2812","4788","2689","5045","3394","3648","3028","4103","4667","4105","3544","4815","4427","4358","3850","6402","3866","5992","4963","6467","4894","4247","5209","3917","4853","6025","3957","7152","6496"
"4.52_1082.98","52006","37921","43652","45184","21966","32005","32011","31972","27625","35887","42673","16156","16987","29687","37951","38970","11845","28213","28184","41086","29503","15358","68900","17535","38998","25000","29166","17394","32621","24997","31811","10610","20364","25789","31862","30346","32928","28048","31477","38876","30454","28919","28769","33803","28023","29109","40897","45896","29075"
"1.67_383.33","6883","6719","4634","5346","5161","5828","3139","7470","5829","3183","3543","5814","6797","6781","7448","2448","6111","4202","2430","5704","3337","6798","4233","5920","4378","7408","5944","6842","6850","8879","5393","9505","8685","6199","6049","11112","6350","10731","7718","8286","6105","4960","9138","4253","11319","9228","3436","9230","10310"
"2.47_722.60","8913","8586","11628","13267","10129","7356","7831","9575","8535","6428","9394","11401","7900","10042","10079","6022","10487","6357","5850","7509","6665","9792","5092","7716","11409","9931","10128","8662","9523","13689","9165","15910","8225","8335","8776","11934","8513","8489","9408","9189","11646","9438","12958","6002","10645","9807","9676","8871","14791"
"2.06_967.54","3601","3105","2917","1887","3380","3362","3544","2692","2718","3799","1995","2775","4045","3912","3504","5299","2424","3925","4595","3509","4276","2172","4001","2907","3632","3138","4197","3501","2673","3273","3022","1981","3484","3642","3269","2347","3001","3285","3165","3396","2318","2362","3460","5076","2529","4201","4757","3539","3789"
"2.34_761.18","2650","2810","1437","4383","2768","1321","1940","3331","2396","1611","2961","3315","2485","3179","4732","1274","4852","2217","1093","1469","1570","4193","1041","2112","4827","4848","2449","859","1854","3046","4423","8058","1308","2221","1682","3908","1503","3687","3963","4319","3300","4058","4951","2316","2826","3277","2821","2679","2246"
"2.04_690.57","9606","5657","12202","7881","6306","4950","4172","7087","10397","10597","4147","5201","7186","6826","4041","3350","5724","4530","3811","8274","8544","6021","6862","6413","3835","5173","4725","5301","7011","7918","4907","6388","4881","4362","4397","7486","6149","6969","4618","7921","4782","7850","5691","8221","3532","3266","4478","5517","5114"
"3.97_603.53","6595","7499","6831","10230","56024","2949","2284","37494","33577","5731","4825","8370","5438","3516","4410","3066","12817","8921","2377","8710","6911","7357","2059","10234","2748","5248","9050","11288","5858","12118","13307","11053","11865","4542","4822","7687","3568","5794","8430","6179","5633","6861","12627","5086","6862","6875","3077","6653","6651"
"1.72_724.61","1535","2798","1682","1598","4240","2211","585","6789","5061","1120","2101","1917","1914","1590","2342","1013","6457","2329","881","1854","1551","2754","726","5386","1929","4187","2985","7280","2725","5774","2707","4124","4452","2585","2640","5343","1434","2469","3775","3275","2166","3365","3714","1702","2681","4021","1384","3389","3437"
"1.39_355.07","9511","2271","1921","1056","1357","2002","1857","1328","5383","996","2080","3308","2158","3331","1380","667","2293","1094","1180","1120","3720","1372","4617","891","1545","8132","2061","1300","1205","2056","3498","2179","2519","1466","2581","2737","1110","2175","1182","7382","1276","2103","15825","1580","3696","2020","1025","1750","1598"
"2.90_1006.86","1151","2416","1037","897","3832","1384","516","5153","2076","848","1228","2353","2097","1165","1744","1222","3628","1837","787","1649","752","1791","599","2712","1626","2255","1878","3775","2090","4280","2398","4163","2595","1672","1865","3261","1988","1725","2644","1705","921","1310","3725","1840","2781","3518","994","2564","3508"
"1.89_805.62","5181","4416","4928","4184","6344","3202","3053","4460","3451","2742","5680","4662","4924","4316","4269","3514","7183","3597","1916","5453","4157","4388","3402","5157","3555","6598","3551","5234","5356","6414","4489","6873","4893","4363","3758","7405","4336","5493","5764","4703","5795","6414","4940","3565","5135","5952","4727","4433","6191"
"2.06_520.51","3172","3605","3990","4198","4672","3757","4199","4362","3249","2855","4420","4279","3053","3950","3715","3560","4018","2705","3257","2468","3229","3585","3768","3742","4459","4052","4783","4619","4459","4208","3855","6504","3681","4812","4111","4833","4243","4003","4431","3650","3708","4550","6098","2910","4693","4790","4628","4007","6361"
"1.30_712.45","2474","2976","2990","3919","3803","2139","2423","3912","4147","1722","4655","4173","3023","2577","5256","2235","4231","3170","2339","3190","3196","4712","1686","5491","2582","3933","4559","4339","3685","4691","1970","4607","6333","2905","2024","5509","3493","5531","3888","2311","3230","3207","5163","3133","4179","4180","2472","2071","3536"
"2.06_798.69","5131","2982","3265","4176","4861","4430","3903","5557","3384","4034","3059","4282","4198","3841","3626","3605","2604","2996","1294","3812","4423","3560","6488","3921","2780","2261","2843","2808","4558","2325","2891","2743","3173","4109","3454","2756","4250","5103","4023","3793","2215","2566","3473","2847","3187","3684","3887","10029","6079"
"2.39_824.56","3825","3689","3619","6634","5058","3274","4376","5016","5244","3951","4122","5835","2500","4404","3927","2764","4819","3690","2095","4892","3680","3814","2619","5329","2617","4264","4048","3990","4105","3961","3970","4754","4198","3907","3042","4182","4257","3930","3167","3725","4938","3862","3101","3525","3674","3230","3905","3561","5250"
"4.11_939.71","1351","3260","2156","3520","6345","1561","746","6480","6371","2314","2118","4344","3006","1669","2208","2717","4568","3631","1226","3740","3608","3287","968","4299","1182","2804","4530","4130","2444","5102","3183","5121","4192","1845","1580","2667","1783","2105","2023","3253","1788","2695","4548","2361","2169","3906","1267","2145","2532"
"3.38_944.82","2904","3895","2533","3747","10865","2232","1115","12679","8305","2075","2245","4062","3602","2256","3361","2117","4275","3430","1720","3506","2360","2567","1322","4246","2245","3476","3836","5111","4233","7157","4476","5135","3941","2523","2438","5327","2237","2823","3695","3144","1696","1534","5283","3074","2569","5309","1721","4408","4019"
"2.84_602.59","4452","9991","4643","8921","5959","11404","5336","7037","4864","3934","8005","8541","5853","4854","8399","5395","8760","6150","14139","4643","4878","5939","6992","7359","6677","6683","8183","6337","8186","8314","6328","8752","6825","10053","6377","8202","7588","5240","6742","10088","7612","5953","5589","4959","6500","9850","6846","7685","11530"
"2.52_814.64","13849","12364","17399","18704","33974","6784","4313","61191","44088","12809","6540","13117","10392","5079","10304","6206","16509","11820","5838","34518","24425","10749","8020","17131","5761","7083","14508","17205","11376","22727","12237","23891","14025","6765","6425","15077","8199","7314","10089","13196","5846","10574","18115","12354","8133","15021","6146","12667","13047"
"2.86_836.75","983","4182","2125","3626","1391","2709","1684","2328","1917","1484","3793","3349","6817","6193","12130","3007","5794","7030","4136","1485","2104","8091","1412","14648","4768","7287","12786","13254","8687","11110","5997","7567","21378","9574","5792","12769","5796","18442","15874","9808","6377","7389","8992","7492","13111","13244","2204","3952","6950"
"3.60_943.80","2090","3558","1512","1782","13787","1496","589","10929","6298","1305","1351","2686","1603","1361","2180","1998","2889","2256","954","2461","1461","1591","737","3368","1468","1725","2416","4577","2262","3559","3897","2617","4516","2631","2926","2627","1553","2587","3321","2059","2231","1594","2332","1500","3118","3182","1064","3314","2797"
"3.64_950.79","2335","2782","4529","3942","13301","999","1590","11547","12096","2362","1814","3071","1314","741","1912","1240","2616","2197","660","3596","3327","2508","1373","3247","1274","2686","1866","4128","1452","3840","4002","2967","3086","1150","1308","3049","1557","1347","1880","2102","2147","1717","4194","1267","3002","2070","1435","3530","2889"
"3.78_952.80","3461","4413","2893","4356","16838","1693","1276","20075","15148","2547","2714","4878","1735","757","2714","1824","3206","3362","1057","8537","5413","2257","1364","4438","1683","3219","4025","4288","1894","4425","5233","4912","7086","1665","1910","3655","1877","1063","2282","3422","2170","1874","7905","2193","3549","5405","1810","4859","3168"
"1.97_537.34","12814","8945","9985","8433","11068","5081","7404","10093","9173","8902","9434","9531","7575","8766","10688","6123","12257","7491","4153","9964","9128","7924","5375","9951","11499","9805","6199","9455","10462","10499","9552","11242","7318","6833","7271","11533","9085","10194","10530","12869","9413","13636","9306","9159","8881","10610","9694","8275","8609"
"3.54_864.77","2164","4310","1477","2698","5869","2472","768","12660","5842","1384","2489","5139","5081","1789","4630","2742","6139","4445","1777","4187","2977","2535","785","5238","1938","4153","4920","6708","4302","8519","2643","5567","8475","3192","1927","3864","2166","2258","2995","6917","1676","2555","9637","3850","3354","11155","2206","4747","3622"
"2.35_761.14","2742","3076","2860","4514","3986","2005","3096","3562","2519","2429","3942","5851","3233","3692","3955","1230","4926","2743","872","2758","3032","3297","1286","4297","3385","4670","2543","3516","2557","4908","4173","6984","3316","3499","2238","4285","3473","3089","3620","5111","4437","4937","4543","2880","4314","4226","3310","2441","4796"
"3.83_576.50","1625","2112","3790","3526","11890","1369","1260","8680","14438","2407","2197","2870","2164","1585","1815","1172","3352","2851","1421","2782","2713","3298","986","3487","1080","3161","2271","3990","1449","5496","2936","4142","3313","1472","1313","3155","1271","2227","2202","2487","1746","2808","5334","2267","1614","1696","1018","2191","2305"
"1.86_830.55","3054","4358","5800","7572","9316","3167","5480","2904","9190","4530","6057","4775","4755","3405","4570","3693","6308","4708","3465","2654","7054","5917","2155","5620","5226","4639","3994","3621","5096","6957","3853","6708","3411","3424","4326","4090","4972","3776","3561","5235","6081","5018","5437","4569","4542","3178","5178","4273","4317"
"1.98_759.57","4585","4364","5976","9679","6088","5074","4132","7206","5817","3188","5104","6468","3638","5136","4564","3244","5092","5785","2523","2763","3844","5545","4143","5954","6452","5747","4057","5214","3982","5409","5045","6157","5659","5278","3610","6203","4550","5631","4743","5914","5303","6717","5466","4270","4479","6412","3140","4269","8651"
"0.40_371.33","20359","10735","18956","9397","9335","12093","16770","12897","33145","13599","7000","8202","9466","10093","10466","8517","9898","16321","8976","15805","10747","8354","11345","232756","7709","13327","8065","5285","11127","8167","6177","11857","18375","6964","6989","8172","16817","7441","10896","7295","12216","6786","8655","15626","9576","18800","6331","11477","23118"
"2.96_832.70","2818","3405","2464","2596","3644","2433","1769","3171","5228","1752","2082","3305","2738","2485","4216","1928","3793","3723","2271","2053","2381","2669","1678","3955","1563","2546","2373","3557","3465","2636","1715","6467","1892","3591","2129","3624","3627","3403","2182","2086","1689","5054","5529","2669","2464","3254","2189","3410","3154"
"1.99_772.55","2914","4143","2822","3174","3622","3342","2511","2730","2672","1571","4276","5142","3015","2279","3557","1998","4600","3834","3159","2237","2338","4381","2261","3472","3099","4890","3525","3384","4000","4639","2617","4437","3217","3745","2660","3833","3936","3632","3792","3146","3211","3496","4773","2600","4785","3607","7012","3592","4893"
"2.35_778.67","9809","9309","5860","7316","8719","11309","5333","12632","8348","6039","4297","6813","10343","11277","6939","8191","7224","6294","6639","8949","5722","5662","8383","8327","6491","7171","7813","7944","11853","11429","7956","5755","9254","9773","9885","11125","9045","12877","8087","10109","7857","6676","7912","9467","8384","8242","6290","17063","13073"
"2.80_125.00","14271","16085","14318","21443","15919","12939","11094","16393","12467","8189","15476","18039","11726","11974","18890","8019","18440","10998","11072","10495","8553","17063","9179","15542","17356","18993","12533","14270","14921","17495","15901","29624","13565","15043","12930","19759","15530","16982","15452","18090","17895","18107","19812","10384","15619","19322","13467","12362","22475"
"2.58_798.64","3131","3939","4900","13764","5658","3291","4405","3829","3951","3086","5590","8267","4095","5233","4817","2600","2887","3139","3258","2268","4865","5211","2200","4525","4181","4116","4986","4159","4270","5203","4236","5743","3929","3095","2220","3860","4033","3656","4517","5409","5640","6683","5857","3112","4591","4243","4159","3095","7883"
"3.05_930.76","2545","4581","1638","3826","0","1785","988","5332","0","2585","2289","2901","2743","2610","2219","1813","2730","2044","1435","1963","2896","3350","1140","2822","2130","3042","2719","6082","2411","7672","0","3915","2671","1844","1299","4669","1381","2027","1574","2279","1869","1722","3700","2358","1067","2817","1465","3600","2839"
"3.67_923.77","3693","4489","5506","10969","37328","2377","1549","38563","38282","4339","4481","7973","3396","1681","5102","2577","3045","6173","1402","15321","9401","5409","3059","9327","1608","7875","7249","11704","3560","12472","9920","11748","12251","2102","2656","9342","2532","2510","4455","3051","2699","4902","19337","2842","7027","7467","3130","9639","6882"
"1.53_619.49","12620","4615","4724","5173","4573","3005","4471","2893","9420","3341","8976","7147","2201","9124","2270","1466","6287","1566","5020","1412","5259","8497","8965","3520","3642","6523","2044","3292","5072","4120","3343","3991","4440","3716","3459","8484","5303","5957","6864","4412","4535","1620","2380","3021","4571","3140","4896","3235","7174"
"3.43_941.79","2848","3619","2478","3674","16251","1605","1337","11275","6736","2152","1799","2707","2485","1429","1838","1455","3670","2316","1180","3020","2094","2672","875","3342","1377","2349","2488","3923","3024","4288","4587","3086","3432","2229","2626","3722","1804","2561","5308","2441","1758","1182","2255","1848","2815","3161","1362","4005","3118"
"1.31_720.48","12933","8361","11611","8833","9696","5824","7332","12067","11283","7536","8438","10414","6282","10034","10760","7369","10662","6674","3628","12960","10141","8548","6379","9532","6046","7997","7151","9369","7792","8324","5260","8127","10463","6193","4199","9284","7425","10434","7235","6695","6919","7393","8819","7201","10761","8374","4764","6189","8393"
"1.61_740.60","10797","4454","27911","15235","15254","3101","2896","42235","46923","14459","9752","4145","3575","3726","4837","3072","3734","3987","3089","28863","21155","5851","7050","6034","3220","2869","6163","7423","4704","7738","5742","4819","6481","5007","3320","5051","3201","3199","5303","5772","4237","4049","6038","4755","4906","7602","4910","10730","5823"
"3.97_851.78","3457","5731","3989","5617","12518","2929","2303","16767","13398","3958","2665","8612","5327","2425","5343","3916","9550","7245","2560","7560","7117","4792","1349","7686","3045","5826","7157","8446","4294","11601","4578","8842","10657","3066","2378","4703","2339","3542","3984","7113","3635","5523","15125","5820","2934","9832","2043","4596","4203"
"4.11_905.83","7787","14186","7616","10737","61612","4371","2762","46257","31226","6610","6956","13878","8174","4216","6487","5883","13308","13215","3252","10461","8980","9861","2294","15167","4028","5951","12437","15823","8544","13292","20470","17242","16522","5359","7796","8597","7296","10517","9680","8103","8467","8743","11689","6647","12533","10564","4631","9180","10149"
"3.97_822.81","2008","2905","2721","2434","4238","1560","1052","10690","3138","1112","1394","5248","3589","1008","1926","1542","3751","6691","1101","5842","3009","3223","1145","2567","1679","3509","3576","6461","3202","5909","2119","1932","9902","1760","1111","1422","2175","2074","1918","4215","1257","2979","9982","1872","726","5041","1164","3406","2240"
"1.31_838.55","3194","3447","2042","2128","1751","2890","2850","5448","1652","828","3063","6186","4744","3297","4903","2460","4803","1851","842","3676","1818","1799","2580","4268","2322","5728","3374","5616","6574","1880","2971","4733","2283","3823","2895","3064","3354","3273","4554","2746","1845","4409","4179","2682","4919","3662","3196","3794","3873"
"3.15_851.70","3214","3947","3525","4995","3550","3889","3199","4562","2999","2208","3168","4351","2950","3503","3290","2723","4002","3610","2696","3414","3436","2969","2341","3848","2822","3853","2646","4163","5322","4187","3778","5456","3366","3048","3596","3576","4882","3609","4278","4159","3728","4564","4574","2928","3382","3202","2988","4077","5777"
"2.53_654.58","2504","2978","1785","2815","4021","2858","1535","3283","2657","2016","1440","2773","4394","4126","3203","1901","4410","1993","751","2323","2136","2874","2048","3042","2519","3055","2619","3249","3315","4207","2837","3840","3182","3272","2794","4560","3002","4716","2801","3304","3769","2570","2471","3698","3083","2817","2462","3861","4394"
"2.20_575.50","2600","5224","4557","12220","3295","7972","4270","1717","1931","2796","5828","6476","2485","4181","3865","1912","3549","2547","4468","2799","3001","4156","5085","6988","4364","4346","3976","3502","3682","3224","3194","5934","2157","2025","4205","2829","2891","2871","3630","4210","3614","4952","3879","2921","2303","2524","3733","2683","6593"
"0.52_660.49","2709","2532","3262","2503","5386","2282","1180","3210","2408","3266","2261","1999","1814","2066","2466","2701","1830","1821","4004","2862","2907","2442","2536","1780","1737","1322","2787","1446","2547","2365","1604","1888","3305","1951","1302","1673","1863","2924","2071","2377","1574","1871","2135","2055","2871","1607","2593","1931","3942"
"1.98_830.61","4275","3785","3527","4586","4236","3532","2732","4271","3963","3204","3140","4556","3667","3519","4578","2664","5022","3261","2264","4203","3189","3236","3330","3878","3605","4609","3594","4357","3855","4307","4792","5364","4425","3652","2805","4193","3527","4510","4265","4570","3988","4475","3997","2923","3987","3700","3588","3747","4381"
"3.40_738.67","2892","4378","2215","4092","3124","3139","1936","3556","2824","2061","2224","3605","3097","4026","2727","2413","3652","2749","2354","3108","2466","3353","2058","3624","2484","4173","2476","3513","3944","4211","2808","5403","4075","3881","3352","5285","3096","5395","3731","4653","3980","2964","4682","2642","5634","3711","2473","4242","4975"
"2.77_826.67","3778","2873","4862","8300","4378","2185","4118","4242","3493","2595","3116","4959","3465","3637","3735","2258","4093","2238","2117","3579","3665","4466","1979","4067","3459","3954","3745","2103","3372","5781","3912","5572","2819","2973","2477","4889","2166","2866","4336","3221","4074","4137","6425","2223","3697","3512","2894","2936","5043"
"1.76_822.56","3289","4396","4613","4130","6085","3766","2460","6667","5299","3446","4404","6947","3544","4016","4912","2455","7369","3687","2135","4574","3332","5702","3047","6162","3164","6976","4079","6152","4113","6300","4767","7764","5464","4648","2890","6360","3278","5363","3845","4285","5380","5486","6520","3336","7187","4354","3618","3598","5991"
"2.09_804.61","7358","9684","4860","7369","9153","2571","5098","9689","6074","4367","8148","10368","7079","8655","7931","6294","18128","8123","2311","7470","4978","8070","2718","10241","8227","16237","7249","12192","9432","10955","8562","14688","13658","9423","6813","16406","7969","12511","11478","12133","12337","13378","13353","5993","14294","11701","8135","8504","10586"
"3.02_876.73","1820","3822","1944","5056","5867","2706","876","16756","3718","1489","2133","4792","4593","2873","4075","1354","7920","4521","1339","3551","2731","2924","1199","6315","2221","3123","3691","9561","4345","9592","3363","6605","7435","3068","2129","6064","3250","2992","4763","5882","1964","2168","7652","4900","2603","9626","1488","5019","4530"
"3.54_874.76","1535","4334","1558","2143","10547","1510","854","12115","5393","1382","2251","3542","2925","1967","3856","2368","4039","3941","1306","3052","1933","2357","769","4395","2217","2136","4276","5968","3549","6521","4052","6081","6174","2755","2082","3447","3023","3609","3816","4347","2008","2432","6623","2561","4448","7815","1280","4689","4362"
"4.24_988.93","39415","120005","27724","57097","280661","21607","11779","194876","119175","52030","42989","75574","51049","19979","38243","38950","79013","87133","18693","72589","56554","41360","13708","70669","18246","35017","129146","92513","56734","63597","63706","70591","114347","33783","35620","36333","35441","34656","51580","43563","40892","52815","59575","32313","55820","57037","24556","71545","42547"
"0.79_608.39","2877","2071","3555","3217","2866","1710","2505","3586","4102","3074","3622","3035","3972","3069","3047","1300","6963","2513","1322","3265","2623","7036","2066","5090","2573","7006","2814","5353","3275","5436","3140","11202","4114","2603","2298","6572","2892","4595","3774","2463","4045","5438","8139","2924","4955","3486","2540","2230","2326"
"2.84_295.23","4844","3347","4174","7156","5891","2915","3271","6478","4560","3933","3079","3097","3087","4076","3696","1911","3194","1791","843","4613","4092","3617","3313","4211","2228","2549","1930","3638","4379","3091","2833","3785","3921","3618","3054","5064","3955","5778","3308","4139","2972","3851","4039","2522","4232","2714","4491","7331","7167"
"3.75_335.29","1898","3268","1248","2515","2423","3875","1243","2822","2624","1093","3301","4522","6181","5549","10986","2647","6223","6356","3399","1066","2482","9007","1170","12498","2882","5544","8131","12041","8113","8689","3886","11799","13709","7980","4723","10785","5572","12871","9513","9297","5671","5253","6699","5999","11902","11209","2067","2657","8794"
"2.04_812.68","1818","3125","2297","1035","2734","3506","1659","4675","1762","1856","1615","4130","5340","3204","3201","1766","3583","3671","2599","3674","1988","6218","2307","7517","1930","4164","4317","5493","4866","5752","3244","3927","7467","5148","4041","8465","3702","7350","3419","5967","4808","4373","5852","3181","7552","3851","2203","3843","5057"
"3.28_971.75","2732","3616","3370","4552","14979","1362","1432","10833","13201","3957","1955","5745","2827","1690","3540","2247","7413","5056","1990","5993","5149","5355","1463","8699","2977","4292","4953","8871","3106","9094","6035","10579","8299","2781","2827","7283","2952","3135","4479","3294","2728","5214","9643","3840","4717","4759","1663","4946","4644"
"1.55_371.10","10108","2658","1874","1425","1686","2431","3605","1370","5278","1723","1653","3389","2100","1625","1216","1277","2100","1408","1191","1489","4025","2664","5111","1397","1521","5604","1874","2016","1145","2455","2471","2025","2172","1844","1737","2634","1565","2170","1553","5671","1420","1397","15093","1490","3763","1572","1587","1710","1281"
"1.33_776.54","5024","4613","4771","4310","3966","2668","4012","6348","4222","2693","3256","5188","2767","3875","3886","2345","6063","2687","1224","4946","3658","4794","3014","4740","3875","4500","3196","5985","5792","5014","2905","5408","5314","5676","3697","7940","3111","4975","4517","3330","3341","5320","5872","3387","5452","4611","2704","7286","7839"
"2.27_692.52","3317","11254","3189","5933","2202","8530","2228","3921","2730","2252","4507","3744","2883","3169","3589","3454","2967","2316","869","2755","2391","3172","12275","3638","5955","3544","2674","5290","7489","2942","4043","4364","2929","7139","6485","3661","4053","3300","4719","9274","3426","4422","3959","2398","3931","7859","7135","5903","11671"
"3.77_898.77","9411","14498","12540","11237","35514","7370","3724","51980","36919","13653","6499","18082","16157","5677","13007","7377","26440","22353","6176","48255","37117","14871","6624","20697","7588","16324","25946","27305","17614","30609","11068","24493","36922","6335","6720","14189","9905","7000","12963","17960","9471","17889","50303","13445","7591","23748","5872","23729","14674"
"1.99_823.59","3407","4075","3583","3781","3638","2832","3018","3876","3332","3969","2900","3485","2701","3411","2626","3188","4315","3586","2848","3542","4100","2880","1782","3489","3440","2889","2970","4850","5094","4316","2931","3981","2658","3476","3665","4235","3689","4035","4473","4236","4446","4573","2891","3852","3481","3037","3902","3013","3089"
"3.05_282.28","3167","4452","3248","4764","3602","4643","3105","4461","2374","2172","3218","4192","3021","2996","3362","2563","3813","3478","3929","2196","2447","3274","2621","3520","3903","3683","3531","3192","4063","3843","3923","5462","2789","4648","3596","5607","3320","3929","3803","5483","3357","3518","2862","2498","3807","4837","3372","5398","5735"
"2.79_782.65","4002","7296","3001","4165","15042","3177","1777","19711","15629","990","2936","6851","6158","3550","4233","4019","6715","5759","2265","10236","2058","4286","2369","7090","4361","5637","6172","10236","5181","12013","6860","8465","9282","5627","5081","7239","5367","6080","5560","7218","3899","2470","10504","4366","8897","12235","2468","10638","11439"
"1.41_706.50","6763","2833","6068","3709","3249","2086","2577","7617","4546","4155","3203","3878","2868","2955","3608","1448","5856","2202","1638","7329","3084","3332","2753","3749","2187","4233","2860","4978","4061","3980","2743","4679","3532","2313","2127","4120","3190","4070","3350","3263","2978","4265","3886","3136","4445","3786","3286","3774","3348"
"3.19_964.85","1452","4261","3011","2785","9017","3174","957","13109","7589","2457","2350","4402","3895","2409","4180","2507","6771","4727","1484","4651","3429","3516","1438","5630","3229","4934","4511","9773","4571","8133","2991","5893","8195","2996","2762","4658","3140","2472","6201","5385","1432","2320","9917","3743","3245","8730","2534","9330","5259"
"3.78_1034.90","11227","13643","5442","9415","51294","2695","4005","56581","36781","6321","6640","8755","2891","1809","4435","3075","5402","7309","2096","17658","7132","4331","3071","8938","3296","5055","8728","9068","4441","7280","17573","7733","11822","3468","4938","6496","3506","2479","5666","4175","5800","5766","8702","4193","11962","7345","3958","11674","7539"
"2.44_712.59","2591","3456","2553","3079","2348","2995","1561","4230","2434","1543","1841","2328","2589","3593","2731","1971","3368","2145","1541","2622","2111","3373","2743","3181","1915","3331","2101","4032","3153","3527","2115","3612","3928","3161","3595","3836","2783","4731","4028","4175","2416","2830","3462","2533","3557","4011","2488","4854","5493"
"2.30_603.53","16708","14684","3793","5281","9958","49467","5032","4233","8735","2658","7982","5354","2281","3167","6576","7196","2859","2757","34900","3502","2591","3024","14016","6776","3397","3371","3867","3568","5210","3401","3123","5051","2705","3725","5362","3146","5258","3832","4336","4827","2569","2586","3485","3003","2954","8285","6893","4241","12265"
"3.02_1020.84","2235","1711","1881","2034","5444","1560","971","7177","4524","1650","1442","2311","1717","1350","2036","1630","3122","1929","1020","2729","1298","1618","1366","2058","1396","2054","1955","3280","2158","4225","2175","3092","2572","1686","1717","3274","1939","1368","2671","2582","1589","1181","2704","2041","3091","2595","1497","4182","2715"
"2.93_277.22","3121","2834","2025","3892","3801","2986","1860","4234","2487","1540","1729","3035","2374","3289","2394","1958","2952","2099","1612","2726","1831","2445","2273","2589","1736","2542","1625","2952","2916","3386","2609","3205","3473","2750","2486","4125","2826","4311","3152","3666","2952","2801","2645","2379","3046","3052","2113","4297","5911"
"2.64_605.55","2142","3540","3950","8700","3387","2924","2824","1867","1975","2333","4566","6437","2545","2640","3556","2164","4740","2266","2672","1849","2622","2983","2672","5113","2819","5459","4591","3813","2739","3766","2959","5476","2526","2260","2123","2448","2755","2516","2885","2986","3249","2901","4613","2575","2094","3234","2985","2234","3977"
"1.05_608.39","3707","1853","6039","3810","2305","2514","2222","4699","6732","4707","4062","3467","3971","2824","2892","1382","5519","3064","2589","4600","3088","7931","2899","4887","2559","6243","3554","5040","3366","4347","2022","10842","3709","2114","1851","5448","2870","4722","2921","2436","4118","4940","7317","2402","4513","2570","2108","1385","2731"
"2.00_856.57","6946","6474","6280","8709","8999","4449","6206","8889","8074","7068","6854","7965","5560","6406","6210","5837","8451","6123","3663","7514","8424","5722","3824","7790","5670","7585","5653","7716","7323","6425","5852","6763","6685","6112","5856","6914","6931","7982","6236","7554","7059","8215","4623","5378","6643","4907","5494","5674","5920"
"2.47_797.68","7231","5444","7339","9853","6502","6349","6011","7901","7540","6877","4982","6105","6457","7283","7070","4205","5629","5175","2927","7099","7493","8898","5432","7501","4595","7766","4875","6526","7378","5955","5371","6944","7244","6233","5788","9267","7120","7452","5297","8363","5148","5250","8163","6446","7442","6077","7415","6870","8797"
"2.89_766.72","6187","8261","5045","9161","8428","9092","2830","9268","6574","4435","4609","8539","7980","9866","6461","4712","7902","4850","2974","6103","6103","7674","4380","8698","3606","7210","4522","7949","8114","9817","7234","8168","8468","7671","7443","10051","6962","11193","7330","10562","8651","7878","8178","5751","8580","6787","5808","10928","10555"
"3.52_934.84","1971","6949","2064","2770","9239","4390","1060","16779","6473","1937","2778","6567","6486","2604","5836","5103","7656","6565","2181","7450","4683","4235","1556","7372","3336","4819","7581","9684","6744","10536","4093","7267","12153","3092","3101","4550","3959","3274","5374","8676","2597","3396","12156","4435","4516","14457","2032","8530","6458"
"1.70_726.62","1723","3329","1951","1872","5609","1283","709","7065","4738","1258","1515","2689","2246","2310","1996","1414","5926","3488","1045","2755","2192","3015","1171","4807","2702","3911","2334","6924","3959","4771","3601","5220","4762","2716","3507","6611","3450","3291","3803","2978","2952","3765","4102","1255","3370","3804","1348","4505","4926"
"3.38_974.78","2453","5651","959","3288","11409","2407","1245","9905","6856","3897","2150","4977","4024","1981","3304","2772","7240","5398","1704","6407","4646","4321","1666","6697","2304","2885","5516","8309","4202","7873","5357","10865","6491","2354","2610","5274","3642","3871","3773","4321","2879","4857","7131","4464","3285","5087","1774","3769","4319"
"3.42_930.81","2543","3463","2710","3590","10488","2274","1186","11898","6048","1566","1813","4184","3722","2864","2972","3146","4700","3214","1444","2090","2257","3505","1320","4578","2068","2834","3752","5354","3279","7171","3860","5182","4618","2805","2488","4473","2382","3041","3258","3716","2622","2030","4131","2636","3079","4468","1684","4175","4193"
"3.28_886.75","2718","3289","3908","3782","18063","2001","1439","14296","12172","2064","2143","2423","2672","2202","2341","2121","4851","2660","1601","1909","2457","2377","1138","4093","1676","2780","3172","5686","2344","6996","4102","5132","3347","2847","2864","6003","2603","3289","3719","2758","1859","2057","4005","3226","2490","2983","1764","4224","3614"
"3.44_944.83","2342","3520","2288","4185","9472","1846","1085","9981","5401","2232","1744","3421","2628","1848","3163","2522","3643","3419","1307","2937","1784","3214","1041","3840","1960","3445","3568","5379","2793","6810","3511","5262","5087","2816","2852","3703","2451","3218","3982","2750","2278","1861","3767","2544","2854","4458","1467","3504","3615"
"1.60_758.56","2126","1640","3177","2268","5718","1637","1850","3273","2334","1756","1537","3801","2102","2538","2318","1441","3696","2213","838","2787","1719","3361","1244","3401","2688","4021","2653","2686","2294","5215","3261","4677","2736","3246","2776","7935","2473","3198","3187","2612","3733","3004","4231","2482","4234","2798","2238","2731","3235"
"1.93_706.56","5033","4995","5961","6448","6171","4301","2709","5559","5297","6462","2393","6172","5891","6790","3269","2158","7794","3454","2202","4572","4282","4651","3963","5961","3365","6710","3472","4701","5614","7426","3901","8422","3398","3994","4215","7660","6477","6295","3644","6513","5753","7970","4687","5478","2941","2543","3877","3148","4295"
"2.01_860.66","4017","3558","3404","3838","4560","3086","3460","4154","4868","2746","2720","3016","3415","3320","3010","2421","3451","3504","2999","2796","3342","3556","2332","3448","3349","3285","2759","3583","3506","4307","3376","4957","3216","3465","3364","3971","3569","3301","3624","3973","3318","3054","2565","2737","3458","3729","3179","2977","2952"
"1.80_785.58","2955","2773","3086","3989","6515","2289","3069","5414","4081","2565","2071","4322","2582","2981","3361","1549","3862","2600","1116","4208","2248","3444","1072","3496","2133","4405","3527","2980","3275","5613","3191","4918","3485","2758","2805","5383","2197","2980","2400","2879","3655","3126","3365","2941","3637","2542","2364","3065","3922"
"2.08_776.58","7948","7331","7235","11106","9366","9084","5754","6791","7419","4373","8576","8878","6221","7693","8399","4445","12189","6449","3771","8116","6914","12284","4440","6986","10813","9833","6551","7454","7741","7904","9909","16001","7847","6335","6288","11655","7863","7327","9680","8056","12373","12178","9445","5411","9012","8340","9190","7208","8659"
"2.54_712.58","3306","3350","2256","4401","3710","3622","1730","4402","4119","1790","2150","3521","2789","3938","3183","1792","4091","2870","1491","2502","3314","3744","2523","4174","3002","3509","3087","4436","4420","4280","3586","5025","4009","3273","3194","5406","3160","5144","3648","4971","3543","3687","3859","3929","4542","3584","2180","3876","7383"
"0.78_624.42","2702","2714","3415","2139","2265","2086","1483","2084","1836","1339","2330","3527","3376","2458","3544","1541","4948","2284","1197","2793","2215","3478","1505","2577","2840","2847","2117","3837","3175","3307","2444","4597","3062","3881","1964","5046","2167","3560","2923","4069","2915","4223","6292","1995","4552","3887","1758","2070","2609"
"4.24_603.53","2580","8816","2339","3856","33733","1507","1059","21541","10266","2957","2494","4257","2569","1806","2158","1869","4939","5051","1420","5181","3356","2752","1093","5147","1356","2914","12018","7150","2753","3954","3898","5188","8955","2053","1940","2261","2430","2800","2559","2479","2536","2910","3618","1988","2585","3059","1866","4880","3412"
"3.11_849.70","5896","5148","3312","6484","4989","5476","2372","2992","4371","8061","2905","7475","7276","5880","4010","3467","9827","4561","4169","4743","4180","5556","2404","5977","3333","5306","3311","4939","7835","7409","5821","9439","4920","3998","4825","10327","6689","7516","5773","9178","5577","14065","7153","8354","6858","4350","4773","4699","6252"
"1.53_820.54","4969","3757","3702","3951","4242","3626","3308","5537","4912","3034","4185","3437","2812","3636","3029","3736","3211","2440","1977","4318","2601","7005","3189","5047","4116","3306","4100","3542","3822","4835","2490","4670","4608","4179","2932","5466","4528","4983","3886","2311","4497","4714","2882","3932","3110","3456","3888","3407","4022"
"2.93_850.75","9162","8881","11731","13770","36129","4690","3887","72074","47362","7832","8337","12905","11079","4204","11092","4904","14131","17489","3495","35044","17277","14396","5481","20145","4971","12906","16990","27299","10299","26175","17375","20132","27932","6280","6216","18436","8223","8964","12538","11317","6475","7732","26393","10556","18994","21313","5141","15745","12966"
"2.31_605.55","5007","8215","9097","13785","6773","8154","7272","6363","6676","4784","9137","9920","6400","5230","7301","4028","9254","5637","6814","6901","7101","5493","6122","7046","7412","9374","7770","7900","6691","8337","7187","11987","6699","7900","5936","7202","6398","5682","7502","6999","8149","9872","10870","5741","6524","6410","6504","6470","13352"
"2.53_520.47","6287","4524","5123","2595","2319","3806","4559","3930","3076","3944","2527","2519","2187","3607","3536","3022","2786","3083","6378","5093","2451","1913","4699","3004","4500","2967","2801","2799","3869","2729","3158","2579","1745","4241","3015","3862","4156","3768","2984","4413","2883","2877","2264","2811","2016","3312","3838","5366","3486"
"3.18_950.84","1335","2143","2236","2443","5740","2124","789","7407","4712","1402","1537","3013","3479","1562","2198","1738","3291","3312","1249","2963","2426","1650","1304","3510","2153","2641","2776","5444","2315","3939","2053","3443","4042","1977","1674","3014","2474","2031","3408","3505","1527","1220","4613","1984","1652","5450","1217","6140","3611"
"3.17_804.63","5424","5423","7525","8078","4522","6540","3443","2618","4913","9484","3406","7315","8319","5667","4466","4233","10723","5473","5075","4372","6502","9634","4686","8663","3850","8302","6461","6648","8844","7865","5718","10693","6444","6721","5652","11378","8245","7519","6451","8025","9786","13551","7804","7798","7443","4743","4877","6105","7800"
"3.02_813.68","4207","5337","3965","5574","4924","4404","3624","5643","4363","2389","4237","4323","4741","4206","5466","2355","5882","4762","3498","3529","3376","4496","3443","5276","4200","5326","3661","4311","4016","4754","4650","7005","5266","3907","4306","5351","4205","4424","4778","3865","4396","4768","4290","4405","4064","4798","4209","3593","5332"
"2.06_965.53","3041","2975","1253","1884","2645","3567","4464","2830","2770","3816","3309","2812","4250","4629","3202","4697","2957","3893","4330","3218","3577","2460","3960","3334","3112","3011","4166","3769","2277","3287","2956","1534","3032","3050","3022","1868","3631","3266","3202","2453","2631","2764","2534","4730","2135","3326","2866","3968","2497"
"1.74_780.23","10033","2868","1912","1623","2015","3022","2344","1381","6326","1669","2259","2746","1686","2867","944","1049","3017","1558","881","1678","3242","2001","4876","1078","1639","7499","1736","1422","1225","2146","3337","2153","1981","1466","1932","2914","1579","2361","958","9068","1695","1879","18239","1692","3795","1953","1423","2467","1491"
"4.11_904.88","2893","2278","1980","3550","18675","1950","787","13204","9193","3063","2126","2458","2351","1397","2667","1933","2308","2745","1314","1740","2642","3480","981","2681","918","1982","2328","1746","2708","2954","3040","1108","3037","1741","2098","1960","1831","2099","2505","2945","1753","2166","3445","1966","2980","1967","1673","1586","2988"
"3.98_944.87","19295","33654","46253","52190","100781","17064","12637","85826","81382","33694","30182","40946","33974","22534","25915","21296","50122","42369","13716","39104","45199","44095","12087","48070","18341","39254","46404","55998","26567","58085","52767","69411","46349","25335","25852","51201","21913","33848","31821","30788","33839","33861","50239","32356","26467","36243","15636","28344","30477"
"1.30_715.54","3770","6034","2825","4113","4574","4088","2902","4789","5332","2121","8958","3837","4713","5419","6543","3880","7021","4279","1576","3052","2795","6247","2577","6982","6801","6594","6048","5492","4870","5644","5362","7608","8029","6736","4588","9130","5231","7271","8481","5371","6228","6453","7412","3607","7410","8629","5553","4786","7311"
"3.74_353.31","568","1794","867","1355","1966","2008","1166","1730","1503","952","1916","2826","3510","2923","5776","1490","4103","3088","2086","961","915","5930","708","7487","2275","2843","4591","7951","4157","4528","2900","8153","8872","4407","2693","5576","3752","7450","6525","4602","3105","2906","3605","3369","6226","5301","1090","2442","5190"
"1.31_817.58","4501","2963","2559","3586","4936","2580","3332","5306","3856","1792","3053","4571","2673","3424","3096","1843","3301","2492","1101","3786","2781","3804","2334","3361","2545","3952","3570","2877","3834","4271","4141","5232","3688","3045","2417","5272","2778","3608","3211","2799","3651","3740","3352","2559","3395","2579","2781","3280","3322"
"2.21_807.57","10128","10343","12047","23403","14827","7431","11170","11880","11444","8875","12954","14232","12135","9617","12338","6377","9253","9218","5656","8836","12364","16165","6330","13196","9842","9519","10573","9907","8892","12421","11791","11969","11723","9602","8924","9509","8765","11386","9106","12983","10388","11510","15189","9285","10592","11380","10003","7776","12238"
"2.60_733.55","2568","5651","1882","3297","3826","5066","2083","3182","2175","1492","2155","5868","6317","4035","3139","2639","3703","2619","2038","2508","1113","3094","1791","3062","3890","4557","3804","3630","3730","7943","3952","6702","4165","4196","4535","8337","2707","6168","3586","5130","6825","3790","4757","4073","4537","4521","2304","4259","7036"
"1.30_690.47","9026","7621","8931","11011","10792","6644","7473","10008","10634","7113","15753","14105","8694","9326","14521","7015","15151","10030","3242","9164","9368","16494","4600","15809","7488","12659","12964","14003","10644","12503","7163","12667","17978","10033","6930","16962","9212","16841","10870","9765","10834","12345","15944","8600","15226","11113","6760","5267","9607"
"4.03_874.84","2726","1830","3219","2836","10001","1863","1913","43457","38020","2636","9917","2232","1931","1662","2398","1205","2743","1466","1780","3113","1963","15931","967","16211","1737","2685","2771","1763","2354","2781","2601","4189","20953","1938","1194","2904","1914","2498","2056","2635","2640","2812","3078","2063","2454","1611","1350","2619","2192"
"2.73_725.62","2328","4348","1417","2686","2375","3428","1116","2605","1908","1212","2052","4297","3432","3097","2229","2653","3407","2269","1344","1351","1286","2905","1385","4076","2498","3742","2387","3531","3978","4390","2433","6143","3041","2793","2363","5280","2197","3360","3070","3981","5021","3629","3412","3047","3916","2646","2135","3545","4520"
"3.36_948.85","3076","6938","4794","5100","12704","4039","1117","16851","11887","2975","3465","7716","7327","2608","6657","3629","9990","6493","2609","6570","4682","3655","1637","7114","4612","7311","7674","9586","6030","13301","4615","8838","9835","3735","3300","6753","4022","3943","6382","8740","3602","3983","15381","7440","3981","16285","2656","9102","8257"
"1.73_778.23","40844","9199","6261","4794","5456","10537","6558","4561","24758","3833","6465","12185","5297","11115","3480","3515","7177","4277","3134","4883","14382","5578","18431","3079","4760","30814","6196","4565","3447","7678","11828","7594","7284","6050","7012","8776","4610","5890","4247","35019","5601","6413","68748","4180","13878","6873","4096","5859","4282"
"0.43_304.30","23279","16493","12963","16682","22337","20350","24780","29432","18454","17654","16750","17315","37325","20093","19086","14704","20423","10723","12436","30610","15514","13621","13358","17220","15954","21571","18523","13352","38259","17358","11914","11978","47313","17239","17536","16200","30254","53024","17416","25894","18823","13008","17172","14452","29789","29713","16117","13215","14257"
"1.34_830.61","2637","1952","4380","4218","6215","2711","1636","5019","6484","1736","2836","3678","2100","2393","2714","927","4806","3241","1381","2800","2461","2262","1335","2201","2374","2114","3138","3157","3181","2782","4548","6477","2898","3134","1815","3096","2842","2265","4460","3074","3637","3109","3626","1945","2030","3311","2073","2299","3513"
"3.52_935.84","1853","4787","1444","2566","5766","2652","801","9370","3990","1391","1822","4192","3881","1724","3818","2747","4921","4163","2045","4036","3110","2575","1175","4054","2085","2778","4486","6136","3564","5815","2794","5555","7921","2323","2563","3897","2533","1824","4026","6269","1611","2339","8200","3665","2702","9434","1953","5286","4776"
"3.37_862.75","1612","4177","1924","2809","6083","1980","727","10395","4739","1286","2067","4410","3792","2426","3515","2633","5351","3456","1615","2860","2557","2700","1153","4920","2208","2698","3055","6459","2969","6906","3402","6119","7316","1905","2122","3579","2405","3047","3886","7203","1802","2694","7800","4520","3143","10780","1302","3828","4543"
"3.18_880.76","2073","3240","2375","2523","13137","1783","837","12827","7024","1629","1186","3277","2901","1543","2021","1794","4980","3274","1015","3680","2644","2268","1170","4476","2092","2997","2714","6140","2738","5985","3310","4230","5881","2139","2062","3873","2371","2060","4452","3485","1816","1813","6362","2104","2569","6468","1868","6762","4194"
"1.22_678.47","17874","5686","21367","9853","9481","4632","8801","12139","13188","12859","9620","5833","6573","6938","8155","3844","9054","5549","3754","22402","11011","10505","7967","7674","7630","7071","6210","6425","8075","9581","7024","11143","6612","5121","4668","10131","6326","8818","6213","6936","7564","9136","9466","8059","9400","8456","9593","10021","7129"
"2.58_891.61","3424","3367","4053","3664","3433","4442","3156","4235","3558","3041","4258","3290","2992","4235","3318","2881","3228","2931","3850","2726","2727","4129","3668","3694","4299","3731","3630","2981","3039","4338","4007","3617","3639","3399","3961","3912","3223","4255","3456","3346","3192","3641","3433","3585","3219","3676","3823","4510","3923"
"3.22_932.82","2576","4427","1918","3544","4517","1793","1180","9974","6143","1508","1044","3171","3332","1651","3216","1636","4848","3804","1624","2361","1690","2549","1462","2904","1871","3575","2871","4966","2629","6308","2571","3622","4400","1885","1953","2614","1704","2289","3965","3436","1586","1524","4276","3549","2038","5542","1551","4378","3318"
"3.72_920.81","2244","4651","1164","2269","9384","2291","442","10082","5095","2456","2054","4102","2596","1614","2944","2744","4583","3437","1226","2404","3153","2047","2791","3859","1638","1905","5465","4748","2196","4566","3317","4037","5192","1239","1981","3147","2979","2124","2583","2961","1830","1853","3741","2740","4520","5150","3297","3490","3456"
"2.83_797.68","4211","4047","3527","4707","5268","4560","2534","5436","3955","1947","3276","4482","6102","5042","4501","2910","4815","3343","2400","3170","4670","4463","3652","5516","3292","5164","4692","5882","4898","6452","3556","5297","5352","5727","4023","6705","4285","5919","4040","4731","4834","3845","5720","3926","7897","4020","3043","6103","5596"
"4.24_931.85","6023","16477","4349","7821","50073","3199","2275","46102","20436","5665","5483","7956","5511","3009","4974","4129","10061","12205","2837","8575","6527","5544","2303","10315","2657","4120","15340","11069","6392","8829","12839","8256","15239","4272","11129","3887","4275","5922","7292","5169","6289","6418","7794","4830","5280","6669","2801","7915","6342"
"2.76_694.58","4020","3027","2108","3991","4659","4705","1585","4365","2674","1885","1961","3074","3461","3512","2653","1530","2648","2125","1476","3770","3040","3874","2489","3564","2866","2814","2314","2710","3883","4027","2877","4016","3823","2609","3410","4835","3286","4173","3494","3536","3046","2843","3182","2782","3257","3353","3316","5687","7008"
"2.34_764.66","5289","6008","3876","1910","5218","5550","2813","6615","5011","1456","1894","4303","3988","6928","3929","5788","3607","4673","3902","5440","3401","4064","5133","4712","2808","4287","4451","4296","6243","5483","4475","4261","5158","4783","4250","5804","4976","6011","5338","5464","5326","4545","4930","4831","4112","4438","4821","7665","7012"
"2.77_775.67","2651","3965","2970","3808","3336","4776","2511","3021","2895","2000","2314","2769","2338","2804","2745","1891","3425","2860","2373","2838","3079","2716","2271","2538","2822","2732","3289","4559","3890","4881","3099","4772","2080","2040","2268","3717","3437","3049","3703","4288","4666","4065","4232","2206","3209","3203","2039","2654","5241"
"2.37_790.56","10534","14424","29059","42566","14746","16786","19645","11559","15342","14879","23705","23945","16040","12875","17635","8366","20860","13283","17181","14575","18168","15481","18921","16960","15483","22230","18631","19248","14060","20692","15752","30459","10618","13688","9697","15211","15814","10929","14359","12603","17212","23939","20675","12087","11608","12824","14800","11770","33740"
"2.54_719.56","6256","6843","4754","6569","7500","6558","4223","7209","6249","3830","4101","7130","7717","8150","6404","3871","6210","4836","3765","4120","4531","5770","4419","5262","5051","5836","5432","5988","5975","8699","5324","9906","5815","5240","6002","8850","5527","8890","5081","7192","7374","5023","6235","5774","5779","5162","3822","7388","10751"
"3.46_908.79","694","1913","996","871","3071","842","670","1568","703","1233","747","5780","3056","1284","1329","1127","6756","4546","985","1474","1270","4981","994","7488","1288","4023","2540","11680","2661","7624","1658","14929","7111","1516","1331","5288","2622","2135","2127","2684","2467","1844","7065","1108","8690","2118","904","1941","2189"
"4.24_904.89","2891","10204","1654","3045","28365","1898","828","25437","11435","2881","2488","5104","3063","1505","2796","2840","5449","6588","1289","6016","3469","2505","1018","5482","950","2388","9789","8136","3079","4139","3434","5547","11043","2446","1688","3114","2034","2098","2730","2165","2325","2882","3811","2438","2643","2869","1469","4932","2900"
"1.28_732.48","4073","2975","5866","4861","3941","2411","2891","6239","4920","4453","6547","6047","3752","3542","6438","2544","6518","5291","1573","5209","4876","8646","2479","6143","3584","6022","6707","8586","4273","6231","3568","6175","10693","4311","3236","7911","3597","9092","6128","5221","6555","5962","9680","3174","10158","4885","1695","2866","5238"
"3.85_900.79","8330","8193","19973","18488","97496","4199","4280","39728","81536","12149","7435","8605","6866","4813","7463","4369","19094","9708","6253","9192","9775","10317","5248","15949","3713","9710","11943","15245","7241","14903","19387","11546","13879","8183","6831","12486","6094","8988","15351","7660","8800","6952","13098","7786","10030","8455","4942","9532","9299"
"4.52_1025.90","9123","6526","7950","7135","3947","5282","5174","5747","4916","6500","7702","3225","3665","5080","6974","6518","2512","5100","4983","7104","5654","3060","12220","3685","6809","4710","5090","3100","5532","4569","5375","2215","3675","5254","6003","5974","6468","5260","5700","6747","5825","5141","5763","6489","4764","4655","7511","8136","5456"
"3.97_549.49","7384","10427","4861","9078","16781","5692","1859","33179","14223","4812","4760","18018","12120","2956","8713","6199","17383","13583","4563","16014","10190","7818","2621","13657","4619","8899","12790","15945","9749","19503","7513","12842","19579","3369","3386","6160","3389","5045","5894","15500","4304","9763","29560","10684","4142","16297","2403","7470","6338"
"2.53_787.70","5064","8104","3483","4676","4939","7424","3695","4720","3459","1498","3524","7853","8083","6460","7283","5655","5853","6605","5017","3785","2853","6029","2387","4748","6566","5798","7182","5315","5938","8853","5948","8159","5751","6388","6236","8549","6074","7984","7132","7892","9202","5971","6678","6766","5509","6662","4865","5268","7913"
"1.91_575.50","3242","3381","4544","4103","2901","2228","2397","4102","3130","2258","2958","4412","3129","3133","4292","2015","3211","2529","1414","2675","2623","3093","1450","3379","2429","4789","3496","3796","2930","3450","2825","4041","2899","2563","2625","4472","1788","3123","3133","4129","3600","3763","4786","2551","3269","2666","2983","2605","3275"
"1.96_820.57","3093","3696","4854","3646","4120","2814","3723","4144","4529","4738","3495","2992","2545","4250","3182","2433","3363","3533","3712","3612","3893","3005","2302","3559","3397","4312","2729","3307","4019","3739","2510","4591","3371","3976","3540","3675","3331","4100","3006","3571","5459","4867","3034","2846","3482","2681","2965","3571","4845"
"0.83_333.30","2987","1316","2117","3170","6389","1024","1869","2125","2847","2371","1891","1568","2000","2156","3135","2216","4613","1511","4587","2662","2415","1833","2073","47190","1468","1855","1592","1235","1112","1873","1670","921","1767","2247","5159","948","2437","3745","2097","1775","1655","1361","1239","1448","1215","1415","2061","1576","1589"
"3.26_1040.83","2426","4286","3482","4129","9929","1752","1837","7888","10352","4298","1763","5235","3139","1588","2951","2071","8180","5982","1818","6540","7240","5065","1809","7450","1778","5060","4923","7458","3244","7287","5744","7938","6864","3063","2869","6637","2953","2070","4440","3408","2654","3861","8228","3934","5211","4297","2028","4414","4122"
"0.29_339.12","14023","1060","15946","4473","771","1255","3354","5569","19726","23147","4429","1099","623","4738","1860","3730","609","1168","587","3961","15917","559","1194","1411","1148","5617","3477","580","1090","2593","1045","1131","705","780","953","1713","1946","3263","1516","2160","677","2001","3930","6484","1362","2625","31899","3059","2744"
"0.22_162.12","20843","11268","21839","13612","3498","12624","17671","23204","31615","13503","9468","5629","5698","5141","6767","6411","4245","2453","652","42953","26586","6909","27888","7870","6589","9088","7300","5939","6491","7810","3666","11285","10670","13840","4763","9405","10145","6659","10131","1796","10362","10549","9664","5570","15935","9692","17407","20825","8779"
"3.10_909.62","3663","3929","3649","4224","3599","3759","3095","4085","2969","2865","3806","4062","3459","4248","4175","3020","3959","4069","3162","3309","3461","3531","3134","3789","3528","3570","3740","3941","3512","3534","3746","4498","4036","3731","3783","4090","3657","3856","3197","3131","3657","3828","3818","3097","3793","3684","3293","4135","3848"
"3.20_853.73","1900","2123","3376","3590","9395","1257","1277","9189","8261","1699","1261","1868","1954","1428","1654","987","3068","2099","1103","1995","1394","1903","693","1989","1205","2727","2427","2946","1963","4751","3299","3480","1745","2086","1349","3871","1631","2514","2070","1965","1711","1373","3307","1907","1848","2566","1102","2777","3433"
"0.32_301.29","43504","12206","10202","11313","6447","9273","71224","69840","14666","14841","31155","18551","17145","15812","12823","14313","21324","7031","6712","52542","19102","13794","15355","9810","4056","25803","8141","14858","34994","11116","4461","7551","23014","13037","22825","7470","31715","30123","12902","34780","14869","7231","11647","4105","17931","25410","12352","7557","21479"
"3.65_779.70","2877","4227","2253","3317","3758","5300","2659","2499","2801","1900","3552","4883","5456","5700","9329","3363","6293","5472","4618","1732","2593","7413","2554","10397","4661","5946","9143","8786","7341","8035","6080","8170","10563","7942","5684","9602","6357","10169","10012","9055","5883","5488","5692","6862","9445","10542","3027","3885","7933"
"2.16_840.51","5334","5328","5419","3068","5382","3981","4247","5281","4490","4236","4102","4186","4741","4922","4330","6329","5591","6070","3275","5128","5206","5530","4616","5424","4885","3957","5549","6701","5408","5287","5121","4091","4846","4696","5446","5866","5401","5110","5530","5655","5085","4408","4595","4525","5615","5068","5430","4860","4054"
"2.24_1536.17","4817","6541","9527","18688","7380","5664","5677","1252","7104","4879","7148","9987","7554","6004","10783","1733","5074","6722","4291","4900","9300","10626","3229","9095","6978","5107","6985","5678","6815","2782","5964","7597","6582","5714","3342","5363","4600","5373","5547","10071","6668","7131","10615","6607","6549","7314","4344","3988","8198"
"1.99_904.63","5049","6280","2776","3515","12139","2258","1459","13101","9121","2848","3051","4069","2792","2953","3345","2227","6118","3801","2670","4019","3177","3192","1644","5856","3987","4077","4735","5985","5327","4668","5849","6285","4569","3185","4151","5809","3478","4532","4878","3750","3568","4315","3837","3988","4664","3098","1529","3637","4950"
"0.33_297.24","4500","6247","2202","2336","4812","3997","3196","6787","4326","1645","2149","5273","3347","3234","3818","2498","2667","3338","3813","4543","2303","3619","4510","4159","3626","2614","4639","4315","3649","3220","3109","5507","4966","3712","5128","5078","5915","3925","4475","2843","3038","2556","3195","2998","6445","5311","1741","9484","8216"
"3.68_928.83","3444","5664","11607","12797","16399","3362","2201","23532","21181","6819","2894","7084","4798","3736","3789","2380","10515","8412","2674","7080","6185","6223","1838","10092","3204","10144","6170","12663","4798","11981","8415","7093","11622","3741","3697","4924","3307","5327","6080","7034","4369","7540","10848","8383","2080","5095","1801","5688","4568"
"2.05_691.57","6855","4893","7801","5032","5427","5837","3663","5499","6712","6313","3785","5545","4235","4430","2763","3918","4516","3284","4037","6717","5095","4123","5321","5070","3228","5404","3539","5130","5434","6878","3370","4652","2963","3795","3449","7390","4357","5267","3755","6374","3474","7661","3494","4837","4205","2374","3237","4451","4687"
"0.18_128.04","47193","4467","22003","17039","3513","15335","10964","10857","10992","17498","8735","3363","1852","3126","4802","3001","4327","2770","3080","23394","13797","3922","77597","3892","3289","7682","3286","3202","4642","3435","2478","3009","4824","2698","2687","4031","3803","2522","3320","2898","3480","2754","5297","1777","3123","6459","9300","8750","10965"
"3.77_929.74","2867","3647","1571","3998","11476","1249","1158","13877","10763","2194","2829","5531","2723","852","3315","2108","3071","3060","1457","8384","4624","2199","1224","4595","1809","2915","3277","3310","1777","4677","4399","4543","4966","1866","1586","3680","2045","970","2285","2991","2146","2718","8472","3323","2884","5110","1913","4167","3031"
"0.20_187.04","78652","23256","169154","24424","4031","23599","25485","33710","20301","20432","13474","6071","5957","5822","14006","4383","8073","5001","2719","39428","20831","6898","130402","11362","3790","6688","5766","5497","11356","15713","3954","3437","4210","8749","5641","5096","5359","3841","7501","5893","4606","4643","18229","12297","10078","22571","49083","44815","31655"
"2.38_747.57","3022","3605","4032","4006","3059","3962","3560","3125","2968","2516","3890","5997","3842","3087","4269","3401","5486","4076","3305","3145","5313","3879","2475","3207","3332","3980","2052","4238","5945","3335","3372","3816","3192","4024","3113","2944","3355","3841","4224","4904","2745","5829","4541","3821","3294","4395","2846","3610","3582"
"2.86_785.71","6122","4778","3908","6937","6438","5284","3391","6992","5383","3693","3938","4514","5485","5789","5032","2533","3903","3051","2380","6022","4479","4907","4438","5125","2916","3465","3366","4047","5912","5178","4265","5299","5060","5173","5243","5717","5609","6165","4942","4850","4681","5380","5221","3045","6136","5032","6153","7687","6887"
"3.37_934.83","2417","5119","2027","2724","12339","2086","615","14087","6103","1736","1743","4734","4724","2422","3061","2238","4809","4588","1865","4280","2724","3028","1221","4495","1764","3791","4981","7383","3989","7950","3349","5680","6852","2933","1986","4272","2631","2650","4083","5409","1820","2479","7790","4256","2472","9211","2184","5849","4120"
"0.30_536.33","6990","3065","4035","4035","4113","2512","3957","8138","3625","2844","4072","3035","2526","3309","2907","2065","7886","2180","1141","5489","4022","2920","4177","4827","2801","6928","3727","4145","4245","2377","3338","4480","7175","4554","4056","5136","4181","5334","4145","3663","4678","4669","3512","2225","8432","3246","2582","9348","7739"
"3.77_994.86","8267","9998","6045","10992","30600","3893","3351","42367","29846","7032","7038","14313","5567","2123","7543","4388","8753","9743","2740","26259","13922","6858","3215","12713","4226","8057","10256","11745","5375","13232","12409","13419","15269","3793","4482","9398","4293","2358","5162","7836","5928","7434","20240","7961","8746","12755","3859","12065","7679"
"3.14_1003.87","3870","3622","1860","2620","9490","945","885","10989","5957","1274","1818","2572","2100","1524","2392","877","3507","3017","855","2281","1519","2053","866","3430","1305","1231","2653","3133","2424","3124","3855","2966","3590","1554","2375","2291","1881","2577","4266","1913","1683","1086","2409","1320","2952","2583","1683","3731","3280"
"3.47_800.70","5893","3909","7403","11709","6055","4367","6447","6102","7137","6903","6991","7420","5069","3335","5589","4271","5102","3821","4143","7672","6632","7011","5841","6301","3452","9475","4888","4277","4064","6161","6006","6165","6355","5968","4835","9105","3852","3703","4595","6055","9135","6806","8340","4544","8300","3762","4955","7690","6331"
"3.18_881.76","1309","1992","1357","1812","5405","1140","393","7415","3391","1262","870","1905","2251","1241","1466","694","2756","2105","546","1976","1538","1500","846","1914","1566","2134","1995","2958","2118","3858","1704","2410","2815","1456","1293","2435","1696","1565","3197","2760","1164","1012","3293","1410","1706","3307","998","3802","2405"
"2.59_870.56","2886","2935","2748","2858","3728","2938","3413","4363","2716","2913","3491","3740","4588","3865","4773","3326","3588","3558","1925","3135","4158","3093","1419","3306","3291","3385","3199","3902","2849","2981","3187","3162","3939","3101","2754","4246","2952","3186","3654","4129","3831","3325","3518","3064","3705","3457","3792","3514","3046"
"1.15_536.47","26328","22719","29748","19494","18969","19946","12032","28047","20288","21388","14595","13193","12632","26493","20850","16597","19977","14826","16727","35051","16453","14588","20830","20502","20452","12347","13156","17364","30070","18920","13860","15426","9099","10555","14864","15411","21477","15896","14004","19115","14035","16819","10979","15693","7538","13886","23281","14418","14170"
"2.75_714.60","5705","7335","4585","8027","7007","6315","2731","7537","4833","3518","4257","6595","5816","5830","4863","3344","5769","3514","3207","5256","4746","6412","4515","6433","3229","5367","3694","5417","6147","7728","5681","8648","6070","5404","6058","8979","4829","7586","5931","8211","6816","5863","7392","5608","7166","6584","5051","8560","10368"
"2.09_690.51","3452","11278","3480","7325","2388","11711","2328","3106","2428","2473","4482","3560","2366","3638","3022","4802","2625","2242","1193","2180","2343","2501","12426","2228","5549","3089","3104","4341","6542","2749","2705","2832","3111","8158","6676","2630","4362","3378","3787","5917","2954","4072","3365","2765","2734","6635","5805","5648","12099"
"0.46_329.32","15725","6819","5210","4949","3740","5280","38559","25960","7266","8659","14686","8144","9191","9912","6422","7788","9391","4146","4316","21903","8194","7956","7425","5720","2336","10848","4210","8332","20160","6807","3054","3792","15708","5463","14153","3533","14795","15137","7735","14585","7449","4271","7022","2637","10062","10110","6360","3837","13726"
"3.84_575.50","3885","4666","9304","9909","31990","2968","2557","18721","32623","5958","2551","5527","3919","2685","3708","1918","8175","4278","1543","4867","5005","6718","1696","7424","2208","7115","5196","9842","3362","12267","7183","10422","7468","2847","2551","8256","2456","5561","4353","4436","3885","4913","10838","3677","3115","3888","2136","4423","4477"
"3.84_601.52","2999","2927","7508","6656","35270","1482","1668","14389","26812","4182","2419","3327","2390","1901","2119","1342","6710","3085","2280","3324","3651","3458","1895","5808","1612","3246","3576","6331","2917","6113","6342","3983","5050","2303","2422","3510","2478","3042","5341","2609","2271","2761","5990","2551","2659","2730","1992","3353","3423"
"2.89_778.66","2089","1795","1798","2171","5302","1674","1311","7903","6079","1201","1395","2243","1887","1099","2613","1154","2154","2239","828","2449","1499","3229","1267","3057","1465","1718","3469","4085","2336","2925","2558","2693","3741","1214","1273","3024","1327","4021","2991","1467","1700","1246","3008","1820","2866","2155","1394","2370","2850"
"2.14_848.66","3576","2708","2241","2619","3267","3130","3434","4104","4562","3645","2625","2527","2941","2736","3292","3076","3042","3186","3482","4867","3791","3254","2995","2958","2916","2617","3183","2203","4306","3092","2981","3190","2398","2479","3181","3617","3003","2272","3003","3832","2318","3075","2685","2776","3013","3600","3808","3109","2541"
"3.13_950.84","1429","3097","2380","2172","5637","2282","734","9040","4772","1998","2172","2593","2500","1750","2617","1766","3630","3303","1126","3233","3544","2373","1315","3493","1522","2898","2625","5226","2646","4477","2489","3455","5364","1877","1879","2584","2937","2048","3858","3028","1464","1611","4451","2231","1911","4862","1365","5856","3705"
"2.70_802.63","2502","2742","2142","4640","2991","2418","2911","3336","3029","2698","3064","3577","2651","2567","3460","1874","3711","3349","1949","2725","3144","2967","1990","3260","2583","2896","2629","3059","2898","3286","2490","5087","2830","2762","2351","4029","2863","3102","3620","4055","3876","3767","3504","2467","3479","2977","2866","3471","3667"
"2.07_783.52","8931","8484","8963","6962","8038","7125","10274","8718","7735","7985","8081","7730","9934","10819","8109","9436","8861","9715","7809","8950","7374","7658","8448","7522","9092","7998","8306","9005","8496","7792","9054","5657","9179","9108","10630","8375","9405","9341","10273","7978","9745","9766","8530","8705","9348","8703","8879","10153","6877"
"0.20_186.05","24303","6936","47246","5997","1844","5300","6475","8467","5248","6087","3722","1853","1344","1552","3747","1127","2004","1485","1153","10741","6069","1890","37768","2844","1184","1671","1453","1388","2738","3497","1443","1178","1494","2468","1787","1822","1636","1245","1700","1494","1784","1172","4700","2980","2290","5756","10346","11263","7014"
"3.12_800.67","2680","1354","994","1750","2636","810","951","1583","1902","1614","1290","10566","5986","847","1225","600","9854","3068","808","1822","1334","5106","1102","8134","1357","10725","1868","8463","3511","9624","1420","13706","3692","4223","2757","9966","2411","2896","1061","2839","5485","3789","6177","803","13638","729","637","1317","3691"
"3.99_984.90","43486","47437","55292","65455","239134","17747","15362","123646","147027","46102","39923","36064","30910","23027","26605","22254","60017","48677","19327","45492","43454","42874","15634","60040","18001","30757","56819","57064","37936","47277","87824","45108","56753","39958","46397","43895","25708","45571","57275","27206","44882","30637","44995","28084","54440","30163","24178","40086","38965"
"2.07_741.53","8021","7213","7877","9311","6187","6301","6625","6633","7204","5812","7715","7223","6050","6775","6464","5475","7916","5996","6374","6897","5681","7311","8186","6368","6666","6798","6752","6457","8017","6432","6192","7746","7157","6972","6734","7903","6897","7055","7118","6973","7573","7420","6802","5213","8349","6436","8270","7943","7883"
"1.67_672.56","4631","5869","3454","4560","4698","4995","2504","5872","3254","2644","2812","5591","5208","6302","6038","2967","5326","2933","2056","4839","3076","4498","3394","4690","4177","7095","3950","5889","5661","6115","3429","6638","5491","6055","5303","8975","5916","8629","6126","7336","6372","5037","6453","3563","8242","6731","3175","7675","9262"
"0.80_394.35","2094","2250","1774","3450","4484","2447","1306","2851","2189","1845","2354","2278","2186","1533","3260","2168","2689","2637","3447","2349","2625","2702","2585","78205","1836","1963","2279","1948","2387","2131","1719","2059","3081","2158","1778","2301","1673","2107","2344","2489","1841","1621","2073","2584","1942","2307","2909","2436","2326"
"2.06_858.59","2419","5173","5423","6027","6558","3440","4705","3112","6513","4184","4395","3167","3414","3537","2787","4196","5768","4346","3802","2470","5070","4707","2532","5333","3025","3569","4052","3430","4205","4591","3918","5247","2514","3280","3398","3418","3824","3216","2932","4512","3586","3230","4516","3922","4382","2182","5022","3253","3631"
"2.21_782.66","4624","5553","3419","3727","4214","6243","2854","5838","5211","2740","3058","3418","4999","5691","4552","4381","4663","3479","1812","4255","3462","3275","4098","4230","4119","4830","3447","5691","5340","4582","4529","5252","6612","4623","5649","6655","4946","7290","5248","6122","4324","3922","4364","4428","5194","5238","4511","10333","8476"
"3.39_898.76","5433","6103","2767","5782","29266","1051","1360","22348","12236","2946","2071","3406","3263","2189","3151","2435","5890","3328","1858","4492","2670","3707","625","4808","2308","2865","3735","5187","3099","6207","6343","4957","4328","2839","3899","4924","2617","4456","4965","3205","2931","1838","4193","3187","5044","3804","2353","5579","5071"
"2.61_654.58","4305","2319","5883","5550","3594","2781","2825","3267","5943","3354","2642","3214","2775","2889","2857","2184","2443","1883","1435","6274","3565","2593","3548","2965","1699","3211","2847","1845","3139","3377","3249","2332","2492","1935","2015","3767","2377","3377","2821","2801","4237","3159","3424","2661","4561","2243","2502","3836","3038"
"2.39_868.54","3637","3945","3370","2810","3801","3129","3776","6131","4380","3807","3395","3472","2989","4824","3585","3581","3682","4145","2237","3644","3700","3527","3652","4098","3319","4271","5027","3525","4065","3343","4910","3117","3664","4431","3965","4402","4247","4522","3267","4700","3597","3169","3428","4611","3644","3503","4973","4032","3004"
"3.19_738.67","6848","6365","6942","8082","8051","7584","4853","6530","7239","4576","4968","7456","7753","7051","7953","4953","8301","4855","3571","6899","6053","7413","3969","6198","7066","8687","6219","7119","7401","8387","7377","7560","7078","7165","6672","8112","7788","9327","7008","8244","7626","6344","8399","7534","8519","9406","6381","8398","9284"
"2.14_838.61","6892","8261","6708","6377","6811","4676","6175","8090","6080","9278","6107","7084","5742","7189","7125","7372","10623","7124","4095","8725","8261","5360","3670","7212","5886","7536","5975","9835","8856","6098","6016","7902","7210","5725","2304","7868","8206","9247","8427","9472","6742","10124","5002","7628","7042","6314","6783","6082","6860"
"2.33_746.57","3465","3886","2854","2409","2281","21292","3075","1605","1209","1165","638","7103","4742","6794","5242","1129","1737","3314","16037","4423","6029","1803","5131","974","2746","1178","3601","3282","6662","4530","2795","2574","2466","4405","6919","1232","4577","7518","9186","5917","2697","14822","6341","4902","4406","4579","3240","6390","12033"
"2.16_847.65","6188","4922","7988","4984","4394","4048","4669","5417","6433","5541","4991","4358","4185","4821","5404","3685","4779","4574","4872","7404","6204","5461","5647","5019","4759","4452","3767","5311","7076","5299","4667","5124","4851","4905","4950","5058","5217","4494","5829","6033","4304","4785","3731","4858","4786","4807","4836","4394","5199"
"3.35_988.85","1529","3829","3058","3401","14258","2069","803","10795","6366","2245","3013","4970","6376","2963","5805","2009","8193","5128","1713","2779","2269","5024","1057","6814","2678","4976","5866","13377","4624","9514","5499","8270","6483","2375","2929","6342","2873","4764","5725","4161","2674","3074","7371","4146","5504","5358","1613","6039","6316"
"1.79_518.46","2341","1909","6760","9302","3746","3562","2351","2302","4848","6997","3021","2647","4253","3408","2492","1458","1843","3180","2076","2754","7416","5805","4179","3049","2304","4813","5854","3823","2679","2298","2537","2946","3376","2196","1917","2050","2630","3054","2528","2155","3559","4402","4951","2366","2534","2319","1981","1361","2513"
"2.75_639.55","433","14599","623","988","7650","3996","935","1585","712","639","4613","10331","5883","9817","9097","11496","5787","5778","6161","453","453","3180","374","3978","9519","3381","6817","4682","11138","7473","9405","4047","3954","6677","8187","3768","8919","6956","10083","7945","7223","5372","4473","8128","7838","8091","3726","8017","4414"
"2.42_603.53","2593","4263","3632","10559","3457","3933","3909","2887","2431","2799","5830","6307","3319","3375","3333","2101","4591","3197","4343","2028","2849","3963","4279","5779","3456","5102","4146","3899","2892","3619","4019","4969","2898","3275","3243","3501","3271","2725","2813","3143","3710","4866","3795","3307","2376","2495","2483","2478","5750"
"2.35_780.69","8662","8312","5262","4156","7446","7941","6058","7790","6165","5349","4074","5936","7511","6211","5234","6582","3609","3964","3259","7710","5532","4184","5409","4551","4713","5066","5189","5038","7082","6738","5483","3117","6553","6568","6536","6267","6740","7552","5280","5708","5379","4282","4170","7928","5338","5238","4763","10156","7672"
"3.31_768.71","15559","14631","7879","15216","13151","15431","9276","13336","10913","8446","13268","16327","23551","14647","14868","9586","14156","9611","7508","13896","9713","14494","9550","15458","12225","10355","9444","12779","16136","14457","14356","16553","15396","12794","13789","18305","14738","20726","16140","20217","14200","13144","17713","13147","16486","18881","12788","24908","22382"
"1.97_747.60","5504","6715","5299","5667","5708","4409","4384","5028","5137","3420","5732","6199","6621","5311","4911","3353","6347","4798","3753","6156","3488","5701","4127","5445","5902","6837","4819","5561","6397","7054","6084","9677","5126","4899","4813","10564","5731","5551","6127","5830","8658","7062","5512","4553","6661","7465","6811","6141","6884"
"2.73_770.69","4188","3519","1720","2644","2604","3108","1439","2371","2168","2163","1390","3238","3605","3822","2786","2766","3594","1977","2012","3236","1542","2628","9572","2316","2312","2831","1923","3469","2989","3548","3149","4716","3108","2459","3398","4486","2539","3575","2748","4566","3821","2769","2871","2485","2925","3376","2410","4001","4085"
"4.52_1068.97","37476","28121","35315","31011","17321","22511","22962","22884","20160","28705","30583","13219","13894","22169","26121","28504","9268","20445","21281","31150","21897","11906","52647","13692","28647","16009","21710","12787","24600","18435","21922","7838","16173","20263","26636","22482","25692","20659","23496","28182","22877","22103","20245","25422","20336","20985","28871","34926","21536"
"2.54_678.60","7712","5185","5922","3686","2257","4223","4216","4567","3418","4449","3482","2733","2646","3563","4582","3124","2951","3194","7959","4494","3249","2150","5808","2814","4525","3009","3285","3006","4660","3045","2664","3504","1924","5215","3572","4887","4752","3956","3573","5099","2843","3633","2650","3124","2824","3902","4739","6124","4453"
"1.85_799.57","2322","3010","2832","3017","3922","2231","2610","3893","3715","2046","2312","2887","3766","2523","3066","2192","4352","3247","1285","2492","2826","3577","1769","3127","3140","4595","3300","3080","3000","4427","3815","5791","3676","3348","2764","4169","3064","3002","3189","3099","3257","3304","3841","2580","3829","3817","4113","2951","4049"
"1.34_728.49","4272","4710","3395","3147","5305","2532","2182","6362","8020","2354","1800","5648","2774","3011","4070","2638","2013","2362","2170","5554","2796","2853","3098","3654","2863","2607","4605","3472","4424","3052","3007","5856","3913","2394","2402","5221","2619","3710","3136","1598","1776","2237","1763","2924","2971","4924","1967","5286","4671"
"1.97_820.63","3719","2780","3480","2917","5412","2647","2576","7672","7176","2534","2822","2243","2309","2113","3208","1980","4101","2400","2330","3312","2494","2357","2500","3813","1844","2417","3040","4271","3432","2831","2685","2955","4232","2033","2788","3280","3359","2984","3864","3662","2503","3125","2918","3422","4185","3090","2201","4887","4458"
"1.98_857.63","3295","4045","2751","4722","3530","4108","3000","4117","2015","2430","3483","3207","2318","3014","3038","2343","3629","2908","3121","2215","2316","2732","2178","2941","3270","3213","3168","3553","3122","3224","3830","2919","2206","2672","2629","3891","2995","3324","3303","3366","3122","2852","2325","2151","2556","3030","2254","3424","2624"
"1.98_601.52","10226","10928","8299","13618","11560","7300","7750","9581","7503","7588","9297","9064","4027","7648","7366","4952","6270","6111","6824","5793","8737","7619","5398","7538","6537","6295","8268","6918","5572","7603","10427","8585","7608","6167","8136","8442","6964","7239","8121","8376","6818","6728","6570","4864","7679","6672","9676","7582","12903"
"2.28_719.61","3717","3612","5054","5849","4236","4846","3575","3957","3888","3253","3306","3229","3019","4220","5433","3091","3719","3668","3476","3921","3640","4031","3129","4875","3321","4373","3327","5045","6296","5341","3180","6759","3385","3469","3207","5974","3029","2811","4390","2836","4267","3985","3982","3394","3135","4524","3767","2914","4635"
"1.88_600.52","2078","1980","3912","3017","2660","3340","3419","3084","1874","2759","2559","1972","2673","2316","2334","1773","2288","2009","2701","3145","2605","2659","1804","3048","2067","1834","1946","2482","1422","6027","3468","1843","2055","1932","1931","2700","1736","2469","2434","2142","1881","1789","2195","2446","2544","1914","2075","2501","1944"
"3.60_754.71","3533","3573","1736","2666","3158","2919","1858","2494","2718","1404","2412","3661","4151","3483","2255","2038","2909","2629","1529","2783","1562","3227","1390","3053","2555","3068","2235","3406","3316","2746","3447","6384","3999","3180","3646","4048","3187","4232","4691","4399","3107","2787","3961","2656","3571","4343","2696","4481","4742"
"2.53_743.63","4935","9889","2713","5085","4225","7106","3482","4337","2149","2088","3518","7954","7486","6957","6301","6116","5443","4662","4394","3733","2051","4347","2664","5435","5775","6218","8025","4913","5794","8603","5919","8626","5784","7075","6684","9103","5393","7142","5367","7236","10011","5662","5575","6205","5345","6141","4308","5624","7833"
"3.79_1006.88","3019","2348","5713","5770","10076","1310","1700","6429","13936","3761","2285","3102","3093","1285","2063","1349","4147","3483","1663","3708","4906","6166","1847","5606","1175","5995","4178","5000","2083","4787","6113","4535","5060","3224","2181","3302","2041","3344","2950","2344","3945","2987","6195","2595","3688","2427","1921","2510","2437"
"2.53_798.63","2820","3989","5106","10027","5236","2601","5345","3445","3349","3458","3261","5140","4795","4157","5258","1324","1922","2486","3689","2599","3389","4412","3062","4162","3700","4065","6372","3108","4188","4756","4179","6021","3770","3246","3216","4687","3127","3180","3594","2908","4012","4432","5172","2952","2537","3149","7073","3215","6384"
"2.88_823.63","3302","3779","3612","4605","3843","3550","2788","3812","3228","2651","4229","3393","3405","3222","3469","2651","4071","3387","2666","3713","3184","3500","3049","3394","3313","3853","3689","4270","4159","3906","3297","5657","3670","3982","3775","4267","3598","3456","3186","3936","3797","4232","4217","3022","3745","3991","3439","3871","4998"
"1.19_371.10","24500","6217","5531","3581","4457","6033","4861","2917","15067","3268","5279","8349","5639","7956","3175","2349","8088","2796","2274","2638","9150","4066","11969","2629","4481","16109","5424","3459","2251","5656","7472","6163","6332","4840","4931","7031","2132","4443","2672","17914","3556","4268","39930","5360","8075","3503","3198","4342","3319"
"4.25_962.91","35824","79551","38215","52568","201067","32508","12042","156936","128788","51540","45519","82635","80831","22814","61562","44317","94608","115926","25926","144621","99240","42781","16839","125614","25216","80480","175365","134257","76063","78937","40970","79001","161432","31915","25393","33964","43450","29131","54115","74175","45269","76144","102046","51075","34169","100213","25474","108650","44009"
"3.02_1102.83","2604","4911","5535","4589","16281","2454","1176","9764","11127","6650","1928","5209","7450","4017","2963","3377","13117","7611","2057","4082","5742","7243","1609","11485","3102","5295","7637","13931","6863","17956","7863","16004","8090","3931","4754","12465","6007","5978","7663","7302","4111","7125","9528","8399","5752","5037","1893","4617","4771"
"0.80_438.38","3241","3513","2790","4758","5689","2438","3093","5290","3708","3370","3221","3846","3558","3023","4636","3224","3098","3106","4585","4082","3981","3263","3297","103733","2637","2721","2702","2562","2533","3068","3061","4580","3655","2523","3027","3624","3522","3924","3191","3035","2932","2973","2906","3599","3869","3051","3435","3441","3151"
"1.72_803.24","9899","2919","1905","1335","1814","3283","2342","1758","8107","1596","2033","4315","2673","4002","1159","1332","2721","1362","1523","1813","4639","2796","5945","1722","2345","8221","2492","1613","1463","2895","4447","2749","1996","1921","2305","3114","1592","2128","1409","8635","1917","2468","22867","1715","4867","2355","1948","1847","1928"
"1.79_431.35","3745","2078","7984","10017","4285","4224","3810","2360","5171","6469","3559","3170","4071","2392","3669","1306","1988","3020","2382","2873","6827","7203","3724","3649","1873","5737","6986","4374","2886","2610","2590","4070","2975","2781","1898","2764","2483","3373","2849","2302","4168","5023","4456","2770","3627","2345","1626","2085","3223"
"1.53_777.58","3793","4196","3137","4231","4784","3240","2511","5549","2745","1808","3009","2902","3457","3799","3788","2152","4816","2386","1432","6347","1946","4186","2427","5495","5087","4770","4084","3307","4105","6489","3030","4218","4369","4847","2356","5174","3699","3114","3915","2931","5922","4879","4940","2701","4510","3365","4738","4642","4147"
"3.98_881.75","2749","3388","4227","6476","13034","1644","1573","8857","9671","3350","2816","4464","3453","2894","4006","2347","5655","4037","1541","4476","5738","4330","1246","5845","1893","4926","4218","6360","3712","6022","5224","6902","5280","2492","3228","4711","2956","3547","3053","3301","4311","3891","6339","3891","4159","3769","2070","3020","3029"
"2.88_924.78","1363","3087","1349","1448","5866","1213","913","6452","2855","1088","984","2969","2601","1655","1807","1367","2180","2426","1291","1681","683","1893","750","2961","1484","2401","3099","4373","1858","5466","2664","5279","3218","1749","1963","3701","1373","2318","3139","2349","1562","1607","2720","2273","2691","3492","1416","3640","3788"
"1.61_683.52","6585","3008","10835","6404","6807","1686","1523","19394","18830","6560","4557","3047","2282","1828","3319","1706","2896","2354","1455","12725","7992","3129","2941","4372","1905","2072","2541","3719","2939","3981","3213","2564","3493","2003","2289","2956","1935","1963","2589","3529","2296","2544","3235","2613","3476","3378","2343","5647","3496"
"1.76_642.55","5531","2347","4257","4412","3004","2712","2135","5232","3718","4013","1642","2261","3332","3356","4254","1415","2054","2809","1723","4099","2627","4502","3602","3928","2498","2679","3177","3925","5645","4964","3761","3918","6002","2717","2945","6704","3062","6056","4189","4897","3483","2963","4401","2771","6981","3985","2223","5137","6066"
"3.35_920.83","1574","3784","1432","2189","3927","2579","918","10942","3020","1894","1388","4796","4214","1649","3827","2016","4561","5378","1615","5497","2082","3381","1252","5371","2358","3455","3887","7321","5330","5870","2479","4195","9979","2068","1882","1802","2201","2260","3460","7308","1700","2571","8972","4117","2190","9730","1151","5698","3778"
"2.95_792.67","8613","6287","4405","6877","24750","3158","2045","53612","31507","3367","3823","5255","4309","2781","5452","3651","6375","6302","2767","12261","6342","4766","4854","7749","3136","4033","5799","8373","5584","7946","8023","6739","9439","3598","3318","7162","4564","5086","7089","4523","3094","2675","6970","4951","10647","6914","3594","7771","7959"
"0.49_228.27","1160","838","6962","2086","957","2149","1131","11141","3297","692","1565","1580","2266","1001","4503","887","25169","2010","1379","3240","1144","4776","511","23269","1623","3804","1486","2627","2067","928","1857","910","3214","5928","4854","1674","4652","8577","1769","4245","2751","3399","1184","2270","17331","1156","1021","6452","2024"
"1.34_803.53","2020","3630","2858","5504","4372","3170","1936","3645","3761","1357","12024","6574","7506","5220","13334","2330","11262","5020","1864","1796","2083","9035","1292","10145","5945","9473","10382","7837","5847","7358","4287","7774","12730","9124","3819","11993","6957","11671","8346","4663","7048","9202","13992","4962","13058","9584","2170","3441","7338"
"1.30_419.33","2641","2265","4381","2801","3463","3151","4070","3284","3163","3895","2779","2577","3004","2333","3134","1819","2396","2241","2661","4421","3437","4110","3461","3054","2242","2344","2297","2392","2601","2709","2345","3854","1986","2100","2033","2407","2076","2555","2419","2265","1920","2405","3257","3855","3481","2817","2756","3049","4369"
"2.75_719.56","4680","4561","2704","4876","4679","5135","1803","4597","2943","2484","2223","4296","4672","4502","3615","3641","4991","2719","3173","3592","4270","4470","2514","4301","2618","3954","3136","3496","4290","5039","3987","4960","4471","4088","4601","5142","3290","5302","4346","5690","4495","4110","3986","3179","5418","5469","3343","5683","6415"
"0.19_233.05","15461","1581","21598","1694","948","1479","2073","1912","2086","1459","1298","1213","804","982","1090","771","1119","771","612","7304","1894","848","9289","1115","1133","1068","862","950","923","994","1153","1013","1147","1171","701","832","1066","761","855","765","824","964","1462","834","1083","1493","2000","2201","1615"
"4.48_1313.13","1984","3421","4519","15249","5892","3937","1522","11555","8712","3912","1646","7525","3848","4748","2512","1388","6735","3265","1187","2740","3032","4555","1471","5309","1604","5622","3371","7793","4665","10655","6151","4398","5071","4087","3604","9817","3634","8003","4564","5923","8067","7040","4889","4576","3935","2098","1787","2247","3820"
"3.19_913.75","2315","2516","1449","2206","7511","963","542","8036","4458","1226","1537","2368","872","1388","1651","1469","2886","2110","1063","1656","872","1451","843","2767","1143","1701","1574","3396","1858","3215","2785","3639","2622","1727","1295","3301","1703","2365","3004","2547","1317","995","3084","1723","2701","2253","1213","2789","2756"
"2.34_761.00","2646","2834","1941","3780","2772","2230","1862","2867","2113","1967","3698","4933","2625","2477","2976","1423","4011","2266","1270","2557","2780","3824","1298","3060","3620","2763","2396","3335","3164","2977","4190","4143","2625","3230","1774","3716","2495","2412","2474","3911","4528","3467","4097","2630","2976","2975","2166","2632","3104"
"1.61_661.47","3984","3037","7950","4097","5039","1656","1540","13897","14019","3766","3290","1771","1460","1345","2157","991","1873","1490","1313","9206","6722","2283","1943","2771","1472","1726","2146","2854","2234","3392","2214","2319","2132","1686","1536","2227","1374","1669","1670","2691","1568","1691","2711","1660","2285","2235","2123","3517","3179"
"3.59_840.78","701","2359","1244","264","3190","2194","953","879","855","1052","930","28233","22025","5904","2856","405","40566","22358","1525","678","687","28980","988","42686","2267","30555","14131","77325","17525","43671","6281","82958","30158","25396","15484","44693","18787","24969","12084","14455","19780","16599","26571","3536","100703","4878","1008","962","9865"
"0.92_397.33","4085","3846","7296","4015","3906","3933","5114","4247","4556","4378","4542","3348","4304","3115","4315","2746","3496","3052","3689","8464","5976","6305","6300","3678","3521","3442","3870","2640","3672","3842","3286","4719","2324","2756","3119","3439","2897","3238","3173","3326","2575","3397","3994","6119","4698","4073","3693","4182","5600"
"1.38_708.48","6829","5804","6220","5098","5484","3047","3094","9588","5123","3724","4272","7828","4457","6434","5711","3948","10828","4411","2277","8627","4424","4434","4775","5328","3083","6051","3066","5723","4117","5099","2869","6329","5772","4096","3261","7268","3247","5137","3517","3781","4974","4002","4846","2535","6900","3576","2258","3296","3854"
"4.24_577.52","1694","5347","1827","3551","21713","1853","1078","15929","9335","3486","2579","5186","4442","1881","2858","2575","6094","6924","1903","9454","5916","2800","952","8645","1886","3628","13526","9283","4232","4900","3158","6218","12360","1826","1613","2498","2742","2270","2764","4436","2612","4343","6249","2845","2272","5307","1470","7007","2858"
"1.56_642.49","4767","2064","8436","4618","2638","1534","1391","15766","16078","4131","1916","1411","1246","1438","2143","1421","1582","1493","1644","11343","7036","2215","2441","2125","1131","1964","2153","2416","1290","2474","2082","1247","2575","1658","1275","2042","1002","1937","2334","2015","1290","1420","2283","1654","1457","2954","1965","4371","2846"
"3.39_914.78","3525","3872","2943","2661","21363","1163","820","13929","8588","1517","1782","2544","2670","944","1382","2056","3761","2027","1259","2267","2863","1408","1463","3151","1341","1545","2291","4097","1535","4040","4603","3109","3067","3020","2149","3181","1453","2918","4175","2612","2103","1167","3958","1769","2699","2888","2224","3596","3633"
"0.21_164.13","6195","3045","5371","2342","2972","4854","4415","2742","3240","2304","6652","3492","7890","5181","12739","6582","3443","4789","2426","4169","3247","2195","1502","4210","2584","5328","4277","7360","5896","2792","1546","2069","7445","4960","2835","4047","20404","2750","4881","3451","13142","1770","2824","45306","2868","13177","10815","5682","1456"
"3.28_694.68","7213","9036","9289","9157","5733","10580","7721","5933","5146","6472","8406","9248","7346","7928","8318","7507","7215","9033","11203","7492","7113","8137","7404","6874","9214","8012","9409","8725","10636","6851","7586","9139","8059","9289","8586","9664","11480","8955","8806","9330","8581","9101","6880","5673","7308","8954","8198","11128","11582"
"1.88_820.56","2683","3362","4139","3573","3711","1787","3857","3158","3596","3817","3311","3276","2402","2986","2801","3173","4686","3631","1977","3655","4377","3297","1877","3318","2501","3901","2827","3512","4383","4786","2766","2863","2654","2842","2984","3889","2860","3491","2814","3544","3637","5244","3145","3460","3628","2648","2462","2893","3590"
"3.98_932.87","42362","61358","52562","70301","96830","39410","14140","141002","110738","45207","41504","96634","77036","30096","65386","44147","108509","83232","25578","83898","81496","55945","22068","86165","36632","77443","79332","99304","58261","109668","50162","96003","108269","33161","27335","59671","29299","44236","47261","81685","38300","64880","139101","71232","32847","108168","21793","50198","47329"
"3.85_599.50","3094","3128","7308","7030","35237","1671","1803","13873","27189","4280","3442","3264","2705","1954","3011","1921","6096","3593","1633","3449","3806","4207","1653","5247","1257","4369","3804","6263","3212","5545","6112","5562","5392","2697","3001","5370","2424","3727","4699","3067","3503","3202","6166","2637","3243","2646","2532","3261","3443"
"2.35_842.52","4061","3689","3786","4173","3941","3096","3716","3982","4169","3976","3803","3454","4308","4353","4585","6065","3927","4272","2833","3511","4253","4418","3256","4159","3855","4140","3872","4763","4636","3337","4487","2359","3885","4581","5069","3797","3625","3624","3706","4507","3979","3767","3582","4944","5001","3838","4620","4059","3991"
"3.62_896.75","4120","5891","5668","7165","14636","2543","1765","29246","22627","4930","3223","8196","5706","1604","5530","3211","8401","6376","2134","15696","10857","5208","2340","9607","2988","7401","6719","10640","4392","11990","5872","8929","13534","2734","2684","6870","2912","2821","5593","7225","3306","6507","22127","6266","5036","11249","2063","9710","6195"
"2.69_922.77","1573","2697","1111","1908","4441","1806","1265","5690","3275","1102","1321","2558","2696","1417","2389","1226","2696","2312","908","1671","1253","1950","884","2972","1311","2195","1806","4308","2071","4644","2175","4399","3327","1812","1572","3055","1758","2271","2431","1886","1512","1229","2682","2565","2993","3524","1158","3700","3342"
"3.01_976.85","2004","2234","1719","2236","4798","1806","1166","5631","4637","1334","1364","2283","1910","2136","1931","1272","2910","2432","875","1787","1304","2095","681","2564","925","2194","2898","4282","2342","3175","3606","3124","3068","2063","2631","3918","1596","2452","2122","2663","1379","1113","3069","2510","2411","3115","1440","3370","2964"
"2.51_730.60","3089","2309","3517","4144","2665","3069","2768","2803","3712","3316","2032","2925","3007","2585","3214","2455","3816","1959","1621","3809","4307","2944","1229","2614","1886","4415","2888","3462","3193","2750","2548","4931","2419","2618","2912","5568","2697","2703","3094","2842","2991","2901","4009","3142","3344","2348","1771","3352","3381"
"2.09_745.55","3695","4365","2969","4407","2388","26509","4071","3311","2336","967","3644","2000","2584","2831","2647","2061","2335","2434","19403","2775","2582","4018","7214","3699","2758","2897","2884","2530","3011","2979","2766","1395","1024","2885","4118","2970","2878","2479","2604","2490","2868","2990","2137","1560","2171","3644","781","2638","2695"
"1.52_699.52","3649","3045","9148","5290","9641","3353","1702","21495","16579","5401","3214","3044","3303","3005","3588","1926","4475","3310","2034","9175","5307","4463","2627","4763","2448","3904","3440","6829","3688","8905","3899","4765","4799","2963","2866","4342","3261","3282","4208","3665","3870","3034","5244","3880","3727","3721","2845","3792","4820"
"3.39_1056.86","12075","29371","14658","15140","47817","12003","5042","42618","37268","21570","11657","31422","26933","10759","16370","17006","45265","35294","9789","35324","28771","27191","6484","38775","15437","16914","34898","45374","26384","45416","33048","60307","39272","12847","17387","33139","22728","17496","24754","29834","16135","32442","42896","30251","20846","31611","9906","20625","26054"
"3.44_977.89","1928","3653","2052","3499","7162","1613","863","8642","4114","2111","2059","3760","3696","2109","4350","3727","2918","3696","1579","3651","2987","2774","989","3405","2792","1849","3712","5282","4616","6080","3815","5275","4510","2934","3587","3256","2773","3999","3368","2606","2332","2132","4490","4376","3514","7804","3136","4431","5807"
"4.49_1217.08","9705","4302","3329","8884","1895","4237","8489","3420","2840","9502","4784","3225","1787","3738","4928","5788","1698","2976","5001","4915","6088","2095","5886","1286","4138","2434","3900","1503","3015","2107","3698","1722","2421","1877","2818","2232","2193","2414","3716","3412","2496","2651","1944","4834","2863","4607","7528","6844","3054"
"1.30_718.47","7979","3209","8233","5753","5906","2916","6015","5873","10931","7048","5076","3341","3002","2994","4232","2568","4604","3231","1937","6763","9933","5629","4578","4655","2567","3474","3084","3224","4551","3846","1917","4900","3642","2529","2437","4240","2519","3009","2637","2970","3228","4072","3808","3225","4622","2934","5765","2551","2790"
"0.65_678.44","1102","2762","589","632","4077","1879","1073","1756","1122","467","3134","3161","3243","3094","4209","3159","4504","2570","1204","773","1295","2486","801","3357","3868","3940","2415","2996","4500","3821","3723","3304","4080","3142","2608","3648","2949","3376","3569","3969","3407","3594","5223","2503","4911","4180","2456","4918","4100"
"1.99_805.61","4067","4759","3446","4201","6245","2682","2665","5844","4799","3099","5147","5115","3299","3938","4024","3330","7942","3643","2849","4218","3000","3635","3618","4261","3796","5772","3249","6439","5137","5245","4309","7990","6115","4998","3832","7135","3680","4789","4747","5268","5683","6121","4333","3020","4902","5302","4124","4549","6014"
"3.60_800.71","24587","18401","19958","32273","16257","19203","14665","12429","19500","22610","17925","28122","23462","15330","19249","12337","21901","12710","10715","24329","23182","24604","19759","18735","14834","23790","14798","16516","19516","19469","24231","23757","20234","15199","17075","27864","19746","15925","21878","27087","25016","30052","31200","22244","21432","19980","20743","30976","25237"
"0.54_308.28","4001","4524","8211","4964","2507","3735","3771","2137","6429","13587","3010","2345","4027","10531","3935","4539","1154","4652","2884","2510","6087","872","3046","3278","2830","2739","3541","5934","952","4211","1663","869","1690","4283","17325","1662","3733","10969","1139","4457","2016","4233","4929","3515","1516","2008","3609","4322","1310"
"1.49_520.47","7412","3263","8063","3263","2255","3076","4592","5449","3714","4143","2909","2235","1875","2980","2872","2096","2438","2745","4257","7383","3097","2414","5326","2626","3751","3424","2285","2018","2728","3441","2769","2635","1539","2933","2651","3717","3093","2721","2569","3767","2481","2588","1514","1962","1871","3211","3949","7603","3702"
"2.04_828.61","3529","4421","3070","4396","3606","1770","2466","4674","4102","2106","2851","4764","3083","3787","4972","2581","5518","3164","1277","2051","2666","4231","1907","4764","3490","4022","2338","5886","4183","4302","2680","5557","4164","3941","2884","4230","3735","4917","4192","5099","3995","4572","5406","2641","3820","5424","2724","3384","3944"
"2.73_770.60","2747","3657","4017","3209","4365","1983","2348","4520","4723","2128","2842","3781","3260","2624","4140","2168","4123","2448","2654","3421","3084","2778","2169","2627","4209","3275","3076","3744","3289","3434","2522","3453","2804","3173","2049","2681","3066","3023","2688","3412","2937","3284","4492","2288","3080","2982","3282","2715","4200"
"0.98_433.33","12005","4352","8237","3577","2971","3435","4396","5560","5238","6133","2880","2964","3077","5219","3454","3954","5025","3337","2618","14132","3648","2667","8576","4407","4136","3052","2966","3236","6031","3418","2698","4120","2339","4099","3985","3963","5675","3621","4039","4138","3608","3965","2790","3447","2719","3550","5255","4465","3823"
"1.97_627.50","2609","3489","1841","2232","1639","3049","1375","2633","2516","1966","1960","2236","3587","3665","8378","2626","2334","2810","2933","1657","1604","3591","2118","3629","2679","2055","5169","2963","4696","2462","2336","1879","4706","3609","3103","5975","4841","5713","6243","5650","2308","2583","2881","4853","5147","5359","1507","1634","3427"
"1.90_708.61","1599","2622","2218","2012","7103","2031","529","7937","6593","1178","1532","2816","2878","1715","2799","1505","5328","2687","1367","2975","2141","2767","1237","5366","2369","3663","3646","5177","4242","6747","3817","4383","5447","2115","2685","5665","1851","2893","3639","2590","2609","3098","3837","2222","3189","3715","1467","3585","3503"
"2.16_721.48","3047","4447","3256","3280","3351","3023","3169","3629","2681","2740","3352","3212","3403","3329","3721","2448","3070","2809","2021","3143","3195","3999","2663","3559","3259","3339","2976","3284","3197","3849","3655","3136","3524","3381","3193","3262","3057","3622","3031","3024","3829","3489","4191","3098","3559","3089","3069","3318","3306"
"1.79_828.66","2710","3278","2722","2355","4580","2753","2189","3350","2993","1760","2058","2993","2270","1799","2377","1778","3541","1846","1169","2056","2037","2794","1803","3652","2836","2672","3104","3318","2943","4813","3839","4814","3265","2764","3099","6938","2245","3723","3612","3067","3269","2913","3323","2728","3733","3836","2364","2778","4113"
"1.81_827.66","3888","4553","3044","3668","7001","2694","2271","4427","3730","1924","2746","3638","4358","4239","3463","2242","4515","3443","1577","2789","2123","4516","1832","4265","4931","4624","3397","3604","3481","6106","4198","6226","3976","4111","3996","6749","3459","5476","4170","4711","5656","3908","4083","2708","4696","4961","4030","3853","5944"
"1.52_805.58","3938","3232","2992","4219","2782","3247","2087","4795","3526","1675","3128","3613","2244","3302","2582","2105","5118","2464","970","3466","2880","3751","2149","5431","2771","3356","2565","3676","2356","3913","2146","4699","4919","4581","2921","4614","2626","4103","3301","2271","3625","4794","3574","2445","4327","3509","2727","4384","4412"
"0.32_309.17","6134","4001","8274","3283","2479","4040","3237","3441","55780","4389","3238","2734","7406","4833","2996","2461","6564","3766","3296","7248","2755","3356","4068","52963","2266","4456","3060","3782","2872","2686","2565","4434","4175","8082","2959","3889","6834","3805","7764","7004","5283","3729","4431","2724","2600","9163","2137","2832","5938"
"1.19_554.18","19086","5741","5031","3377","3169","5226","3400","2745","11044","2667","3448","7032","4121","6305","2473","1571","6056","2852","2199","3060","8541","3561","9976","2712","3235","14282","4321","3317","1959","4275","5840","4991","5636","3267","3985","5555","3260","3791","2652","15699","3164","3317","33956","3780","6125","3415","2337","4252","2840"
"1.98_775.57","4294","5271","2976","4198","4941","3310","2464","5416","4712","2211","5763","5342","4497","4170","4992","3009","7261","4156","3114","4614","3148","4202","2745","4624","5162","6674","4102","5350","4327","6800","5084","8699","5869","4769","3996","7674","5245","5602","5604","6886","5846","7487","7690","3244","6327","7115","5354","5007","6351"
"3.51_932.82","2459","4262","1813","2032","6348","2481","646","10500","4771","986","2575","4760","2948","2900","3523","2664","4006","4223","2755","3456","2258","3569","1704","4236","2138","2608","3697","4409","3222","5724","3523","5100","5612","2401","2241","3820","2573","3219","4103","4514","2595","2588","5290","3290","3443","8567","1750","3481","4225"
"3.05_692.67","8216","12836","7554","10144","6551","11138","8550","7809","4858","4697","8301","11010","5371","6886","8491","5748","8173","7724","11858","4061","6099","8132","6271","7725","9657","10242","8125","7134","7496","9221","8920","11156","6488","12651","8376","12373","8766","9949","8090","10434","7765","8125","7096","6806","8424","10932","7744","12811","13357"
"2.06_822.58","8756","7256","7888","4796","7158","3488","6460","6945","6768","8555","5898","6388","6291","7895","7761","6506","9517","6966","3559","8963","7489","5358","4014","7680","5927","5835","6093","6991","10026","7559","5958","5981","5276","5898","5156","7747","6527","7771","7305","9473","6502","10074","5558","8009","6439","5730","6726","6403","5628"
"1.33_774.53","2497","3773","2595","2579","3100","1988","1716","4585","5144","1709","2850","3925","2276","2855","2104","1942","4174","2356","1467","2860","2773","2448","1431","4006","1710","3282","2529","3445","3611","3395","2034","3676","3876","3354","2538","4038","2105","3902","3438","3526","2812","3247","4251","2296","3935","3847","2867","2363","4164"
"3.60_948.85","1636","3417","1357","1918","6922","2117","991","12429","5345","1734","2519","3811","3191","2154","1515","2025","2844","5885","873","4375","2458","2344","1390","3153","585","3231","4846","5715","4726","7044","2405","2809","8640","2505","2189","3173","2670","2241","3305","2159","1843","2436","5254","1862","2680","6444","1697","7340","3664"
"2.72_830.68","2767","2913","2941","3334","3114","3259","1729","3308","3463","1501","2981","2967","2152","2867","3604","1433","3575","3046","1754","2248","2075","3076","1598","3092","2985","2981","2175","3705","2714","3318","2363","4575","3029","2907","2530","4667","2954","4606","3643","2832","3076","3891","3812","1587","3011","3613","2727","3078","3450"
"4.49_1231.09","11940","5822","3855","11628","1956","4845","9926","3733","3213","9866","6435","3956","2472","3952","6092","7237","2029","2849","6296","6574","8991","2202","6985","1665","4830","3405","5380","1873","4009","2657","3944","1523","3087","2263","3701","2947","3168","3874","4368","4637","2899","3056","2377","4976","3402","5925","9286","7628","3158"
"2.48_769.59","3062","2769","3032","2989","3464","1998","2483","3738","3189","2417","2603","4410","2525","3399","3181","1657","2948","1952","2060","2407","2583","3466","1567","3336","3237","3060","3126","2998","2738","3484","3817","4171","2741","3295","2924","4346","2667","2589","3108","3042","3845","2879","3443","1993","3949","3195","3268","2928","3944"
"3.83_930.85","21582","38218","37514","59699","56006","19149","9597","94399","73014","29172","23798","50567","34914","19724","30138","19216","54642","46127","14877","47760","38753","29488","11259","55742","17430","47099","36537","56390","29249","72091","44086","53922","59743","20671","16460","41437","14809","29235","29787","49552","21384","37194","72100","52040","15641","45785","9291","28532","25519"
"3.51_754.70","3306","3899","1924","3226","3370","3347","1681","2997","3129","1708","2619","4078","5122","3877","3209","2327","3631","2671","1532","3318","2321","3411","2393","3876","2526","3271","3094","4293","3991","4523","3658","7066","4391","3748","3528","5145","3163","4906","4224","5348","3310","3637","4954","2775","4789","5153","2714","6878","5560"
"1.97_678.55","2483","4654","2485","2442","3585","4526","1613","4542","2940","1592","2560","3841","3095","3141","2276","2122","3552","2801","2879","2569","2093","2996","2031","3391","2821","2892","2691","3502","2855","4334","2914","3612","3103","2146","3373","4176","2496","3747","3328","4186","3707","3093","3703","2375","3828","3654","1176","3082","4672"
"2.72_786.71","1194","7525","771","1143","3908","4902","1045","1470","1209","971","3398","5930","4121","4766","4206","5817","4519","4109","4071","1416","815","2706","911","2710","5410","4388","4603","2924","5088","6210","4800","3122","4128","3865","5281","6814","4232","5377","5669","4572","6421","4015","3157","4551","4904","4762","3391","4121","3780"
"3.43_978.87","908","2103","1239","1442","2688","1255","845","4540","2512","1895","979","3859","2210","1294","1485","1592","3954","2649","919","1771","1412","2214","962","5180","1093","2760","1958","5957","1963","5696","1317","6773","3919","1776","1190","2560","1582","1466","2155","1715","1626","831","3531","1315","4730","3482","1226","1798","2786"
"3.77_1020.88","5611","5041","2714","3601","20475","1438","1805","24093","15910","2877","3228","3756","2128","1035","2382","2035","3523","3914","1644","7359","3103","1861","1974","3316","1535","1825","3292","3759","1837","3821","6450","2890","5061","1782","2886","2825","2010","1896","2692","2721","2937","2119","4317","2402","6041","3314","2412","5384","3441"
"1.98_788.57","4620","3218","2940","3538","4454","2498","3822","3500","4246","2957","3596","4398","3111","3743","2970","2605","3816","3444","2458","3924","3942","3522","2141","3677","2839","3643","3095","3045","3975","3872","4377","3709","3146","3588","3028","4707","2484","3881","3673","4205","4799","4343","2727","3103","3275","3740","3753","3268","4556"
"3.39_999.79","4003","8602","3517","4107","23432","3351","1318","16150","12985","5550","3024","8534","6384","2748","4042","3758","10756","8048","2546","10114","7552","6562","1943","10225","3926","4386","10589","10342","6726","10784","10135","13729","11525","3394","4370","7560","5089","3844","7466","6821","4439","7445","10032","6936","7870","9555","3128","6633","7040"
"2.39_692.52","2585","5114","3010","7653","3183","5239","3052","1656","2107","2478","3842","3814","2668","3974","3580","2633","4664","3149","3030","2427","3547","3056","5041","3409","3713","4488","2706","3500","3142","3842","3735","4701","3143","4540","3928","3063","3367","3011","4075","5167","3914","3764","4100","2816","3227","3493","4228","4311","5711"
"3.98_958.94","3039","6281","6565","10376","15355","2299","1267","9327","16520","5574","5414","9221","5971","4074","4756","4090","11215","8790","1821","8826","8403","9465","1888","10716","2501","7512","9808","8084","4394","11459","11604","15040","8673","2541","3953","9688","4326","7435","6694","6347","6877","6715","10044","5881","5146","7900","2788","5827","6272"
"1.96_814.69","2669","3343","2074","2203","2798","4109","1736","2660","2437","1445","1939","4060","3263","2732","3119","2771","2587","2167","2425","2825","2312","2689","1643","2533","3473","3130","3216","3249","2687","4212","3049","4273","3378","2656","3539","5049","3264","4632","3162","3603","4345","2831","3929","2515","4663","4837","2054","3677","4452"
"2.52_898.73","11633","15088","17640","15115","37378","6902","4240","60956","48122","16021","7231","11519","11863","5889","10026","7678","15376","14097","4896","39366","26517","11380","7251","17506","6687","7327","15754","18926","11556","22551","14366","19573","14929","6018","6415","14217","7909","7725","10185","11987","5879","10218","17329","13301","7908","17373","6486","15493","12775"
"1.91_734.63","2857","3430","2619","4042","11460","2010","1000","10790","9713","1587","1734","3166","3376","1643","2054","1971","5138","2638","1105","3442","2922","3017","1671","4414","1874","2823","2719","3451","3243","6544","4647","3430","3883","2040","1978","3888","1983","2835","3758","1887","2258","1893","2630","2209","2901","2923","1837","3685","4128"
"1.52_672.50","9493","5458","14127","8537","14742","3928","2690","43592","32956","8381","6381","4927","4667","4213","5653","3056","6343","4995","3503","20911","10135","6379","6707","8773","3992","4865","6640","9924","5240","12336","5576","10257","8595","4007","3737","9458","5230","5175","7347","5054","5044","5067","6656","5689","4523","8375","5558","7224","8250"
"3.08_814.69","5630","6115","4688","4990","4797","5943","2783","5085","4330","4046","3473","3803","4439","4262","3906","4144","5131","3210","2642","4607","3598","4424","3875","4205","4034","4032","3961","4559","5742","5545","3940","6095","5758","4904","5607","7325","5377","5372","5212","6406","5706","5303","5256","4696","5007","5319","4343","9245","7757"
"2.94_878.74","1374","2146","1926","3835","3799","1793","727","8789","3105","1338","1186","1928","2215","1449","2052","1331","3254","2228","1223","1544","1601","1770","914","3930","1178","1723","2187","5109","2812","3977","2094","2778","3656","1897","1531","1556","1445","1583","2439","2168","926","1678","4363","2328","1377","3324","984","3875","3594"
"3.02_880.76","2032","2702","1680","2217","5012","1158","720","8068","5407","1536","1871","2730","2476","1660","2117","1919","2853","2403","1461","3969","2171","1702","1389","3308","1529","2602","2585","3433","1801","4336","2278","2557","3985","1689","1715","2181","1895","2223","2726","2588","1207","1567","3335","2303","2778","3513","1418","3400","2439"
"2.72_757.65","2033","8152","1656","2311","5222","7298","1076","2394","1127","995","2453","8601","5856","3785","3598","4226","5889","2986","3989","2390","1260","3129","1081","3057","3966","6138","4220","3703","3715","7483","4753","8333","5053","4522","4718","7836","3178","5328","3909","7437","8274","5579","4800","3321","4648","5694","1685","2385","4950"
"3.77_982.87","14140","22219","20104","16021","41815","13026","6801","62824","46142","21608","11386","30325","27064","8282","21233","14457","38575","33975","9460","76996","58225","20723","9942","32570","14742","24950","43052","40354","28779","46678","16800","33788","50920","10308","11733","22404","16020","11426","20433","30832","13899","28518","64762","21277","11675","39217","10915","37078","21944"
"2.06_828.44","4562","3977","3708","3196","3630","4530","4575","4245","4045","4226","3974","4086","5238","4364","4120","5113","4556","4583","4554","3749","4042","3703","4854","3764","4083","4289","4928","3851","4218","4602","5226","3171","4211","3972","4545","3662","4717","4081","4205","3978","4071","4201","4810","4101","4095","5338","4468","4380","3720"
"3.24_672.59","2267","4287","3018","4374","3138","3649","2739","3866","3852","2233","2882","3746","3286","3135","2148","2199","3561","2975","2824","3286","2904","3675","2097","2991","2502","3575","3286","3631","4459","4134","2869","4333","4081","3461","3310","4115","3295","3597","3833","4576","3331","4300","2932","3045","4046","3601","1981","4154","5518"
"3.85_931.85","14748","26075","25061","40514","38157","13890","5919","67585","50481","18159","16147","33865","23344","14028","20270","13369","37410","31530","9983","31674","25499","18336","6636","36653","12226","31516","24114","39009","18935","50933","28958","35898","41746","13650","10373","26435","9827","18503","18666","32119","14435","25995","49773","33084","10806","31319","5642","18510","17404"
"1.96_828.71","1195","4134","1336","884","1673","5156","775","2063","1128","689","1855","5691","5587","3551","3084","2534","4918","2860","2587","1061","625","1926","971","2671","4048","4343","3327","3695","2570","5391","3686","4539","4970","3292","3563","6694","2158","4681","3730","6201","4375","3895","5279","2937","3772","5791","1632","2320","4004"
"2.77_712.59","5574","5054","3971","5329","6661","4615","3225","6167","4739","3039","3071","4701","5381","4903","4850","3235","4344","2534","2983","4521","4243","4086","3696","4046","3814","4761","4525","4271","6097","5973","4953","4830","4872","4372","4697","7306","4088","6102","3812","4978","6711","4407","5461","3362","5611","4121","3403","6542","8836"
"3.69_962.87","3015","8592","1834","3115","12519","4015","1341","17382","8253","2362","2396","6625","6052","3122","5960","4285","7557","7112","2183","6058","3566","4137","1668","8103","3169","4443","9660","10434","5024","9776","4974","9414","11469","3337","3482","5808","3751","4223","5434","7690","3265","4270","7629","4357","5817","12071","2979","7952","6242"
"4.11_960.90","128492","249421","165959","265267","404210","121620","73572","400708","361654","171918","187302","326837","248101","141679","219511","193875","317596","264984","103947","287991","264938","253294","66539","325581","138027","211197","289292","325674","213716","326094","284974","400921","311162","141092","148024","262520","159070","199260","196502","260140","185523","228866","323274","240730","201005","313462","101949","190017","216323"
"3.30_740.69","3743","4604","2641","4750","3340","4998","2864","3887","3493","2184","2819","4723","5442","3969","4184","2900","4799","3247","2694","2981","3375","3549","2778","3627","3814","3031","3743","3975","5570","4719","3524","4920","4295","3887","3842","6103","4153","4940","5204","6429","4126","3272","5161","3626","4983","6292","3931","5876","6117"
"2.25_741.61","5804","5836","3110","3180","4799","5384","3291","5466","3199","2726","3122","4693","4511","5193","3340","3028","2940","2839","2462","4295","2633","3157","3431","3437","3951","4287","2873","4729","5509","5058","3258","4318","6719","4010","5742","6038","5140","4685","4722","5644","4459","3510","4717","4178","5357","5532","4502","7537","5349"
"4.08_1424.39","24828","14950","15229","4487","3370","4377","4124","7351","13796","11711","4459","10277","9618","1281","8008","5379","8926","5212","10081","4795","12346","9056","11377","11014","10180","10409","6334","4770","4272","10559","4007","1768","1603","4461","1370","8475","4055","5924","3613","11486","5612","1317","17965","6813","12184","5967","3040","5849","1354"
"2.27_784.68","3859","4367","1993","1856","2705","3390","2148","3971","2211","2191","2428","2984","2998","3700","2367","2627","2178","2295","2415","2767","1911","2515","3691","2648","2460","2628","2491","2216","4334","2644","2245","2698","3562","3680","4402","4235","3904","4462","2554","4037","3092","3157","2664","2414","3227","2827","2603","7939","6562"
"3.40_1082.88","3677","8307","2189","3200","15978","1926","1892","13162","12108","3401","3091","5857","2154","1283","2952","2515","5339","5100","1473","6482","3896","3108","1628","7059","2157","2607","6446","5773","2678","3524","9149","5498","8134","2744","3213","3837","2836","1380","4236","3199","3018","3554","4582","3008","8456","3016","2753","5566","4294"
"0.42_295.23","2299","5752","2010","2727","4207","3565","2372","6157","4989","919","3704","9549","5111","2380","5014","2667","4416","3531","2878","2979","1730","4278","2496","5671","3733","5489","7365","6190","4762","5081","3308","10436","6648","6287","4151","9918","5960","5550","6111","3822","4098","4350","4825","3828","14280","9192","2082","8013","8135"
"1.33_707.50","4509","4652","4344","3086","4091","3417","2356","5761","4349","2407","3307","4845","2617","3936","4080","3155","4077","2999","2485","5978","3450","3512","2759","3755","2858","3644","3745","3422","4894","4073","3225","4740","4814","2843","2769","5565","4142","3973","3063","3029","3595","3478","2894","2786","4082","3900","3047","4712","5177"
"2.28_884.65","4787","3581","4882","2974","3755","3473","3622","4578","3451","3461","3461","2298","2685","3536","3669","2601","3401","2832","3051","5317","3159","3047","3745","3125","3062","3045","2321","3076","2903","2506","3450","3528","3198","3743","3296","3752","3195","3896","3333","3589","3471","3204","2770","3549","2470","2984","2993","2879","2875"
"3.12_934.80","2724","4242","2907","3734","9161","2007","1742","13870","6597","2652","2696","3478","3059","3074","2642","2097","4652","3479","993","3665","2733","3671","2226","5918","1795","2383","3728","5542","3487","5378","3476","4280","4823","2537","2711","4500","3470","4136","3956","3115","2076","2151","5824","3169","3040","4432","2342","6201","5355"
"2.85_705.57","3572","2700","2447","3350","3362","3220","2230","3763","2958","2240","2099","2835","1914","3372","2454","1757","2239","1894","1079","3103","2417","3507","2366","2312","1930","2709","1812","2299","3227","3193","2555","2846","2407","3030","2153","3185","2894","2955","2313","2740","2134","2333","2934","1859","3775","2115","2992","4272","3885"
"4.48_1243.06","6517","6021","8519","27860","10246","6822","3816","23934","1003","8049","2763","13886","6412","9263","4594","3172","11217","4599","2401","3783","6118","7906","2377","9503","3167","9411","6371","16090","7744","19531","12208","8213","11629","6772","6799","19433","6983","15882","7833","11689","15449","12967","7875","8679","6543","3877","3390","3553","5817"
"0.51_704.52","2100","2397","2799","2276","5570","2345","1050","3442","1611","2783","1931","2137","2132","1910","2222","2708","1987","1711","3103","2448","2949","2239","1933","1959","1629","1215","2762","1581","1868","1944","1057","1816","2806","2024","1343","2597","2518","2301","1957","2267","2097","1667","1848","2435","2034","1998","2014","1653","2978"
"4.48_1327.15","3206","4262","5874","18819","6239","4723","1620","14799","12155","5323","1924","9922","4163","5567","3149","1845","7440","3076","1320","3104","4682","5173","1463","6878","2464","6971","3853","10266","5649","12417","7927","5995","6968","4881","4239","12495","4203","9809","5424","7066","9787","8779","5370","6152","5055","3229","1809","2367","3811"
"1.83_826.65","4505","5879","5084","4169","5356","4130","3142","7281","5288","2399","5346","4963","4217","5139","4580","3070","7051","4276","2078","3504","2503","5256","2819","6478","6002","6871","4516","5336","5292","7634","5327","9498","5499","5860","5681","10293","4991","7635","6344","6535","5567","5431","7135","3636","7673","6528","4595","4984","7837"
"0.61_296.29","7364","3742","5578","3462","3495","5002","5081","5948","8022","4522","2710","3292","3652","2940","4367","2487","3636","4527","2534","4761","2486","2886","3448","52510","2358","4933","3450","1686","3468","3378","1904","3856","6217","2604","2167","3867","4030","2687","3070","2191","3135","2611","2562","4318","3141","5175","2629","3466","6393"
"2.33_1585.19","3862","3742","3882","4218","4034","2718","2939","4657","4269","3600","4710","4751","3781","3703","5526","3167","4584","4111","2421","3878","4107","4227","1954","4216","4778","4422","3775","4328","3533","4173","4457","4580","3935","3781","2034","3888","4079","4000","4419","4837","4561","4881","3937","3989","4284","4114","4908","2632","4134"
"2.61_928.74","1834","2835","2229","2053","7674","1839","744","9298","6491","1941","1455","2005","1635","1588","1751","1669","3259","3209","1360","4015","3413","1551","1201","2127","1257","1717","2301","2504","2024","3033","1830","1763","2538","1232","1165","1701","1318","1730","1840","1786","1096","1166","2081","1893","1248","1733","432","2355","2245"
"1.31_716.49","6308","4877","8235","8451","7748","3715","5619","9949","11040","5300","6629","5598","4473","4707","5227","3885","5143","4332","2438","7604","8728","6403","3869","5305","4317","4255","4568","4120","4806","6078","4118","5852","4754","3410","3481","5292","3540","4980","4686","5087","4010","4487","4827","5097","4516","4979","3912","4468","5346"
"2.24_367.34","10338","11143","5293","7671","9016","11301","5272","10739","6825","4198","5008","9027","8264","10266","7797","5444","8721","5780","3301","6695","5121","7730","5833","8028","6149","8944","5545","9847","10492","10922","7414","10418","10916","9342","9677","12728","10062","12501","10320","11201","8255","7578","9526","7260","11408","10719","7625","17144","19050"
"0.54_313.23","4761","4436","11423","6040","2199","3837","5001","2035","5870","14777","2758","2062","3807","11365","3748","6347","838","5248","3126","3075","6613","1211","4513","3321","2514","2996","3044","6093","972","3227","2419","1131","1780","4360","23317","2293","4099","14380","1905","6966","1768","5005","5643","3754","1584","3178","3984","4299","2349"
"2.34_184.07","113740","126279","121737","167095","150561","82359","97299","125603","115794","87432","132690","149727","113068","111889","137971","62738","152003","96581","58789","106257","104394","138313","60712","128010","138182","141112","104088","124505","120645","136511","131641","213635","123631","115255","95730","141466","120825","122996","131232","132851","145360","146188","152987","95638","148404","141207","116516","95476","152496"
"4.53_1363.19","4779","3210","3497","5604","3127","3776","2653","3735","2620","3114","1828","1784","2309","3589","2737","2406","2236","1717","1913","3483","2676","1780","4629","2135","2395","2880","1795","1876","3996","2123","3498","2179","2895","2970","4646","4629","2778","4179","3457","3949","4109","3144","3912","2639","3896","2996","3253","8879","5956"
"3.37_889.77","2498","4501","3444","3982","11326","2715","928","13598","8991","2498","2614","5158","4569","2348","3936","3208","7888","4981","1860","3689","4319","3078","1577","5873","2641","2227","3606","6688","4849","10418","5496","7138","5665","2126","2152","5296","2429","3118","4370","5732","2288","2298","8059","5276","4302","10696","2141","7033","7245"
"2.57_125.00","8455","10619","8613","16937","12997","6810","8257","11313","9070","6159","10397","12996","8054","8477","11147","4923","12984","7451","5222","6994","6728","12986","4418","10589","9833","12547","7884","11919","10594","12174","9562","22832","10989","9109","7929","12880","9392","9986","11477","11072","11538","13514","11419","7396","11299","12102","9095","8148","15840"
"0.21_120.10","2333","2351","2612","2110","3178","3825","3719","3319","5061","3780","3672","1043","3679","4996","3561","2624","4659","2689","10178","2115","3718","4288","4782","2733","3939","5882","2968","1677","2408","2358","1752","1741","1662","3159","4322","3079","5881","1926","4178","2988","5524","4257","5162","8448","2717","3537","2807","3331","2220"
"0.19_93.05","5499","3702","3813","6949","3428","6597","4562","5429","7493","12570","6836","2689","1756","3502","5534","3463","2506","2590","3780","6247","6245","6889","17598","4169","3480","6056","4656","3144","4564","2954","13651","3163","3224","4312","11314","3757","3037","2794","4345","3388","3095","2383","3294","3940","4250","4592","5200","4863","8220"
"1.32_726.47","2477","3324","2514","3180","2757","2275","1939","4128","3462","1640","3473","3998","2302","2044","3193","1962","4720","1807","1365","2231","3039","3662","1502","3875","2055","3849","3734","4491","3304","4371","1843","4482","3867","2329","1805","5478","2118","3823","2592","2470","3001","3695","3694","2301","3941","3375","2370","2105","4301"
"2.81_866.74","3933","8477","3510","4562","8905","3925","2711","13940","9893","4460","2601","4810","6432","4117","4716","4367","5416","6821","2113","9314","3865","4841","2553","5821","4419","4045","5950","9833","5150","9298","6559","7462","8047","5014","5481","8375","5638","5552","6831","5431","3359","2829","7709","5405","6103","10941","3861","10992","9556"
"3.84_956.86","33028","45556","123233","105232","197453","22150","26373","136831","209690","81582","40947","59082","44950","40534","37207","24081","90546","64672","22679","55670","70052","73370","21707","83372","25213","87068","74469","96325","38707","111122","101907","96933","73726","42780","42330","96859","35296","63487","66766","53621","56459","53338","90333","54735","40528","51799","25266","57677","54790"
"4.45_1012.90","6740","3435","8895","11914","6216","4632","4215","5290","7314","6460","4901","3928","4797","6416","4664","3793","2760","3858","3171","8664","6392","4483","9300","4118","3799","5436","3360","3193","5545","5317","5194","3328","4334","3819","4228","7983","5399","7196","5839","7344","8788","7066","7840","4071","5690","3806","3790","8011","6599"
"3.05_998.84","3424","3128","3326","3147","18497","1466","1309","10447","9386","1908","1371","1744","1562","1408","1520","1179","3851","2771","926","1590","1360","1764","923","3645","1520","2110","2638","3549","2431","3654","4668","2511","3602","2388","2473","3287","2735","2376","6052","1975","1979","1289","2330","1737","3542","2082","1294","5149","3078"
"2.40_721.59","3008","3441","2127","2064","2545","3510","2016","2896","2516","1662","1543","2461","3910","3777","3200","3007","2847","2733","1685","2009","1771","2536","2320","2439","2779","3136","3262","3255","4453","4372","2518","2730","2648","3313","4806","3414","4046","3951","4700","3744","2626","2622","3227","2659","2575","2686","2355","3505","3408"
"1.79_383.33","10243","10357","7536","6812","8971","7349","3954","10795","7853","4258","4735","9636","9285","8176","9890","4516","11199","5897","3546","8539","4380","8607","6253","9140","7251","10714","8517","11170","11054","12971","8663","14029","12296","10384","9371","18629","8432","15576","11754","12189","10696","11886","12849","7483","15759","12426","6594","11414","17101"
"3.53_895.74","3333","5759","2912","3492","12126","3027","1412","18196","7264","2330","2755","4780","5039","2814","4400","3540","5629","5294","1667","4029","3325","3424","1497","5691","2996","3140","6241","9039","3836","7874","5335","8006","8881","3653","3171","4965","3391","3968","5473","5044","2955","3663","7511","4312","4406","9588","2163","5518","5946"
"1.31_708.48","7555","4633","5946","3702","3377","2142","4093","5102","3955","3804","3252","4952","4601","4216","5100","4329","5306","2977","2506","6507","3325","4037","4248","4217","3127","3269","4105","2873","2768","3446","3467","3220","3414","2589","2409","4203","2734","3612","2870","2297","3672","2789","3237","3399","3177","3603","2840","2198","2214"
"3.05_907.78","1662","2608","945","1745","4726","1658","607","7067","4232","775","1238","2238","2605","1887","1807","1529","3033","2584","713","1682","1292","1467","774","3533","1242","2481","1892","3342","2088","3901","2571","3108","2771","1612","1649","3566","1729","1761","2178","3073","1668","1145","2718","1868","2538","3075","1084","1934","2629"
"1.99_836.65","2956","2949","3039","3191","5292","5082","2218","5051","4166","3636","3000","2447","2957","3177","3629","2500","3375","3209","2480","3300","3619","3686","2532","5264","3487","4390","3588","4387","3553","4238","2948","3634","3721","3520","3702","3843","4193","2651","3855","3942","3613","3360","3047","2879","3819","3320","2403","3869","3502"
"2.27_834.66","2620","2421","2967","4185","2931","3894","2739","4269","3808","1190","2633","2407","3307","2734","2466","1904","1942","2004","2310","2893","2106","7545","2305","3182","1829","3015","2366","3097","3824","3153","2383","6380","3601","1878","2437","2582","2103","2967","2775","2966","3599","3224","2205","3289","2611","4007","2549","2672","3057"
"3.98_916.83","4113","7889","11049","13732","25329","4508","3497","19825","20091","8073","7165","10619","8135","5570","7010","5562","12778","11187","3279","10361","11734","9965","3051","12685","4430","10711","12052","14245","6627","14612","13121","16169","12188","6433","5936","11416","4839","8902","7176","8810","7475","8333","12543","7796","6748","9416","4166","6674","6973"
"0.61_399.36","13044","8412","14516","7740","8408","9137","11886","11327","16618","10308","6442","7982","8564","7598","9105","6734","9239","10594","5914","8944","7503","8128","8546","131446","6823","10539","7074","5113","8646","6776","4483","10424","14897","6135","5066","7656","9586","7608","7541","4820","8610","6030","6254","10902","7924","11719","5614","8512","17802"
"2.80_795.67","3546","3463","2644","4145","4418","2876","2318","5421","3016","2383","3615","4539","2733","3229","3920","2158","3883","2728","2298","2630","2133","3912","2037","3898","3635","3873","3508","3889","3307","4476","3734","5946","3334","3121","3683","4652","3678","3824","3681","3602","3483","3717","5022","2904","4557","4526","3409","3331","4327"
"0.98_552.46","6335","6309","5174","5529","3192","5051","3038","5918","4193","4234","4771","2406","3144","4616","5210","2684","2422","3846","3366","8311","3794","3906","4110","2878","4551","2538","3045","3396","6028","3870","3250","2228","2675","3462","3573","4562","3696","4031","4856","5776","4623","5390","3425","4155","3165","4440","5112","3736","4528"
"3.98_970.88","11694","14447","16379","18638","69317","6109","5179","37753","39494","14314","13230","11517","9905","7230","8691","8103","19191","15224","6584","13843","13801","12007","4971","17314","5930","9577","16518","17395","12330","13125","27790","13113","18348","11921","14444","12686","9555","13261","17566","9089","13219","8554","13240","8603","17623","9366","7926","11844","11925"
"2.92_727.62","5034","6120","4610","6853","5960","5783","3243","7530","4708","3894","4244","6454","5298","5966","5554","3817","5772","3702","3442","5426","3739","5341","4208","6651","3983","5383","4171","5112","6342","7165","5074","6510","5748","7715","5732","8209","6995","8077","6635","6107","6344","6349","5939","4151","8258","5993","4706","7917","9225"
"2.75_812.68","5308","5104","3356","6361","3794","5716","3785","4904","3426","2948","3119","4686","4307","5374","4576","3886","3083","4207","3046","4321","2821","4078","4344","4621","3950","4914","5221","5191","6691","4884","3704","7177","5314","5133","5696","6532","4893","5131","4880","6252","5452","7349","4874","3610","6368","5937","4438","6080","6427"
"2.83_868.61","3491","3111","3171","3001","3240","3246","2706","2489","3208","3700","3066","4036","3634","3610","2966","3481","3713","3340","3310","3536","3577","3058","4012","2803","3189","3329","3350","3622","3111","3484","3241","2947","3919","2824","3422","3379","3573","3356","3425","3360","3155","3948","3378","2712","3222","3174","3203","3111","3249"
"2.20_694.55","2793","3049","1500","3547","2902","3439","1518","3127","2132","1374","2285","2897","2791","3674","2828","2109","3302","1970","1631","2183","2615","3013","2184","4059","2291","3217","3526","3984","3542","3585","2689","3573","5073","2880","3368","4845","3654","4983","3963","4798","3595","3478","3493","3401","3515","3317","1882","4332","6303"
"3.21_944.74","2281","4466","2628","3083","6485","3959","1222","10422","7473","3386","1802","5752","4395","2461","3450","2990","10074","5420","2285","4883","4769","3489","2170","6112","2941","3399","4581","7502","4475","9911","3814","8852","7618","2317","2215","4784","2419","3019","4278","7067","2292","5260","10193","9205","3198","7823","1385","3338","3920"
"2.81_808.67","3528","3609","1737","2999","9975","2037","1244","12568","6732","2012","1520","2800","2795","2354","2927","1891","3654","2976","1789","3120","2070","2448","1301","3119","1736","2781","3204","4124","3303","3662","4384","3907","4319","3235","3153","2890","2575","3031","3931","3014","3012","1783","3692","2697","4020","3593","3084","5191","4988"
"2.60_731.54","3580","4311","2256","3227","4955","5074","1807","4544","3865","1223","2031","5390","6699","5273","3777","2280","5348","3256","1289","2449","2306","4712","1846","4654","3246","5762","4031","4840","5181","8010","4693","9492","5428","4630","4925","10367","4171","7828","4124","5843","5822","5038","6209","3501","6033","5032","2767","5466","9316"
"2.35_706.57","2750","3510","5222","4015","3822","2669","3525","4637","3274","3387","4194","5029","3607","3566","3829","4005","4396","3974","2215","3262","3598","3846","2467","3286","3966","3443","4845","4167","5547","4553","3153","3184","3572","4577","3627","3791","2449","2922","3618","4169","3672","4109","4540","2509","3828","3561","3709","2984","6165"
"2.53_558.49","4199","1694","5700","6350","3640","1961","2050","3340","4794","3449","2543","2276","1964","2047","2851","1112","2063","2038","2503","5361","4611","3514","3708","2762","1198","3219","2501","2423","2743","3063","2481","3658","2882","1849","2243","4101","2711","3403","3043","2862","2782","2820","3375","3105","3240","2164","1954","3813","3389"
"4.53_1171.00","19450","15003","17129","26479","19522","15673","11602","14451","20255","20515","10460","23541","16447","11806","13335","8178","21495","12513","6217","17933","20229","18390","11138","16310","8251","19723","12234","14744","15833","17177","18337","24790","17474","12304","13967","24953","13366","13567","14866","19444","17663","23224","28143","16434","20458","12654","11339","22541","21252"
"1.40_835.59","3137","5010","3740","3388","6382","3972","1825","6609","5259","2762","4343","9212","5563","5670","5328","2794","20093","5434","1811","4110","2768","5019","2875","7508","5563","15885","5327","12119","6090","12556","6271","16620","10278","7986","5484","18162","5060","9994","7001","6342","9869","10658","10304","3978","14021","5912","3767","5288","9154"
"2.16_816.62","8406","7991","10038","7016","8239","1757","7803","8895","7955","7758","7652","7667","8028","9623","8978","7789","9164","8673","6738","9308","9502","8518","6909","7276","8708","8838","8373","8249","8944","8266","8234","9493","7938","8649","8384","7658","8092","8310","7363","8388","8297","7918","9008","8510","7820","9027","7332","8178","8708"
"0.18_224.06","4473","875","5417","2738","935","1094","4092","3786","3317","2482","2666","1221","1169","955","1031","1056","1359","1012","826","6450","3574","996","3362","1130","1083","1528","939","1064","1246","919","1051","1354","983","1247","913","1409","1010","1445","1107","1039","1160","1270","1469","949","1372","1435","2860","3049","2379"
"0.21_292.22","2863","1028","553","334","1394","5183","553","1627","5177","7172","1474","1025","532","9335","5087","1749","3935","1581","583","1531","704","709","183","3980","1065","1625","1342","1439","3014","961","663","957","849","1028","2620","727","1625","3790","2584","242","1276","1295","544","2557","672","1387","1639","643","3935"
"1.30_692.48","8048","6263","9111","6944","5657","5391","5614","6879","6899","5281","5941","7605","6132","6773","7829","4859","8109","5447","2559","11710","8859","7781","4677","6584","5277","5815","4944","7435","7172","6390","4984","6011","7267","4296","3756","6441","4743","7592","6295","7272","5272","6872","7910","5980","6103","7562","5083","4960","6796"
"0.73_516.44","2843","4295","1688","2180","3595","3223","1291","5397","3213","1272","3419","4019","2467","3354","5560","1946","5281","2869","1211","2566","1748","2691","1543","4365","5452","5756","3491","5877","4700","4969","3942","6176","3997","6027","3524","5997","4817","5376","4949","5536","3290","5122","6337","2388","4894","6580","3500","4631","6340"
"3.03_906.77","2081","4383","3022","3537","12345","1658","1037","12214","6802","2293","1765","3169","2789","2747","2333","1878","4512","3520","1343","2328","1988","3369","1132","4276","1953","3139","3089","6853","2258","7463","4257","5197","5254","2431","3398","5458","2563","3135","4281","3823","2197","1806","5610","3881","2936","4652","2012","5067","5198"
"3.59_774.70","3649","4162","4422","4549","3485","2652","1838","2337","3404","3934","2041","3156","4880","3436","2411","1666","4545","2124","1552","2681","2531","4554","2691","3833","2671","3399","2464","2546","4884","5019","3197","4655","2384","3227","3220","5887","4645","4144","3083","4640","4870","5341","4385","5154","3759","2014","2762","4559","4403"
"2.29_864.68","4831","3322","4756","3184","3450","3320","3095","4313","3372","3029","2784","3123","2310","3022","4102","2716","3240","3371","4441","3920","2813","2984","4282","3179","3262","2598","2276","2160","2938","2854","2768","3835","2345","2489","2769","3372","3722","3608","3332","3114","3228","2901","2964","3204","2888","3307","3257","2813","2747"
"0.79_482.41","4045","4026","3655","5766","6449","3553","2890","5964","3224","3812","3506","4290","3219","3806","5203","3189","3594","3249","6692","4970","4214","4591","4396","85115","2930","3484","2670","3594","3026","3938","3508","3244","5430","3692","2936","3095","3486","2691","3875","5273","3328","2150","3473","4104","3814","3156","4307","3010","3398"
"2.56_679.57","3199","4200","2564","4453","4878","3591","2199","5406","4274","2211","2961","3422","4769","4054","3064","3059","3004","3481","1808","3068","2387","2735","2389","4061","2794","3458","2891","3996","4062","4396","3167","6480","4653","3312","4190","5246","3967","5931","4050","5632","3719","3902","4128","3069","3898","4329","3605","7234","6965"
"2.44_605.48","6271","12550","6371","16499","11652","11670","8776","10489","11632","6553","16237","18567","11614","12532","11767","7725","18139","9373","7719","4920","8925","16640","3198","17727","11024","16871","14506","19168","12311","16283","11728","26932","15907","12724","10205","18001","12302","14613","13129","13703","14309","15366","17587","10344","16845","14300","11988","9715","16367"
"1.98_762.60","2679","3196","2803","2407","4120","2640","2200","4338","3346","1947","3603","3736","3175","3270","2811","1752","4310","2674","1631","2619","2120","3512","1480","3095","3216","4308","2618","3423","3612","4749","4027","4588","3321","3529","3302","5504","3358","3044","3248","2670","3420","5014","4871","1901","4528","4034","3419","3433","4857"
"2.15_760.63","33596","37064","40660","51803","48286","30253","35903","42576","36357","29470","39367","44189","32576","38041","37747","25428","38507","35186","17839","33482","38072","39995","20047","39112","37798","40069","39117","36901","37043","40923","37062","47074","38517","40204","35586","39971","35255","36284","34094","36027","48348","43657","40243","31423","39136","34753","36218","34736","43260"
"2.74_784.68","8135","8261","5896","9199","8365","8743","4252","8173","5354","5531","4806","8596","6798","8938","6347","4688","7738","4882","4309","6411","5935","7466","5444","7462","5067","8405","5184","7810","8524","8399","6832","10054","8550","7576","7639","10316","6704","10408","7578","9587","8609","8666","9177","5423","9190","7862","6080","10458","12528"
"1.84_650.44","6035","6351","9403","7253","8367","4358","7519","7055","7859","7317","7572","5840","5662","7505","6549","7228","6898","7475","4374","8893","8996","5182","3365","6638","7299","6433","6899","7456","8189","8258","6715","5873","6070","6563","6703","7639","7479","6763","6185","6366","8905","9686","6057","6451","7281","4861","7616","6676","6253"
"1.95_708.61","1356","2535","2392","1976","5224","2246","829","5571","5225","1319","1589","2218","2409","1756","1865","1695","4208","2969","1488","2446","2384","2422","905","4012","2166","2867","3200","4658","2890","5486","2748","3436","4065","2134","2561","3865","1428","1805","2926","2270","1989","2080","3079","1903","2691","3272","1377","3056","3444"
"2.61_668.60","5912","3190","10467","9150","5721","3423","4407","5357","10520","5762","4299","6035","4570","5458","5906","2744","3284","3408","2545","10081","6838","5308","7074","3386","2526","6415","5681","3131","5626","5676","5342","5372","4505","3322","3816","8327","3605","5750","4821","5727","8605","6037","6119","4936","8046","3924","3617","6522","4545"
"1.98_777.59","3178","3574","2709","3068","5860","3399","2006","6084","5535","2258","2458","3162","4005","3127","3528","1908","5568","3257","1745","2501","2159","2723","1759","3346","3022","3894","2535","3416","2902","4351","3199","5400","2935","3257","2731","5404","3136","3566","3607","3992","3669","3572","4313","2184","3092","4088","3436","3874","4730"
"3.60_802.72","5493","3867","4568","6054","3241","3503","3716","3042","4576","4680","3840","5284","4503","4235","3485","2352","3959","2483","2170","4533","4106","3989","3367","4119","3416","4256","3893","3293","4206","3705","4381","4573","4008","3113","3245","5398","3392","3647","5078","5121","5118","4917","6030","3960","4406","4090","3919","6160","4836"
"1.27_520.47","2582","4835","2039","2871","3841","2984","2311","4113","2568","2386","2947","3194","3540","5276","4014","2905","3251","3239","2991","2331","2006","3929","1384","3759","4129","2529","3358","4427","5010","3558","2714","3493","3670","4423","4280","4368","4810","5011","4704","4316","3157","3669","4397","3414","3747","4799","3830","3943","4217"
"0.53_335.28","3175","1779","19155","1646","3758","2752","1796","1826","2731","3205","2479","2653","2577","5904","5310","2207","3939","2854","1181","1592","1841","1394","3787","3790","1946","2130","2547","2461","2100","3280","2239","1179","2411","6088","10486","2772","1677","3727","1896","3764","1675","1753","1618","1978","2348","2547","1868","2718","2267"
"2.30_1025.30","9423","2214","1174","1170","1279","1942","1580","909","6181","863","1358","2248","1674","1933","862","1289","1218","958","887","1425","2792","1282","4695","742","1683","6103","1532","955","831","2071","1704","1598","1761","1266","1764","1583","668","2044","1307","7750","1663","899","12441","1024","2603","1412","1117","1784","707"
"2.93_771.61","2804","2010","3032","4427","8277","2133","1377","15837","11673","2348","2192","2550","3137","1461","2720","1595","3361","3770","1442","8606","4396","3133","1921","4007","1679","2662","3272","6252","2508","4740","3597","4389","5010","1692","1323","4164","1863","2338","2975","3081","2032","1700","5325","2450","3871","4039","1802","3884","3761"
"1.61_726.59","6488","3307","13572","7340","7087","1945","2206","20977","24242","8781","5025","2512","2842","2263","3086","1888","2138","2533","2442","16285","12053","3294","4505","3417","1954","1790","3189","3835","3206","4197","3293","2968","3212","2533","2622","2817","2158","2168","3514","3124","2103","2111","3734","3388","2966","3907","2603","5511","4358"
"3.38_935.85","1081","3318","2048","1462","3768","1249","768","4999","3633","1508","952","3327","2549","1199","2405","1472","2155","2193","833","2951","1827","1330","581","3037","1497","2273","2340","4436","2333","4034","1965","3360","4427","1370","1327","2659","1507","1935","2957","2298","1344","1352","4139","2178","1611","4185","1305","3577","2627"
"3.04_905.67","3231","3574","2812","2845","3438","3269","2608","3162","2839","2593","3239","3290","2986","2976","3143","3144","2749","3141","3276","3087","3253","3273","3203","3056","3130","3773","3052","3313","3381","3479","2778","3555","2998","2629","3523","2763","3306","3580","3577","3351","3264","3244","3002","2895","3121","2971","3117","3074","3127"
"1.52_677.46","5883","3399","8385","5244","8436","3875","1956","21752","19257","5038","3242","2777","2825","2719","3842","2747","3604","3383","3139","12507","6274","4694","4288","5555","2338","3450","3930","6071","2911","7607","2726","5401","4816","3243","2377","5280","3076","3564","4611","3315","2862","3647","4043","5089","3172","5246","3193","4474","4772"
"2.80_842.67","3094","2506","2103","5435","12259","2119","2374","12956","4170","3198","2933","3955","2668","3699","3248","1898","4375","1605","2488","3202","2201","3971","1672","2776","2826","2855","4997","3030","3139","4018","4044","5152","3112","2860","2791","4352","2549","3634","3202","2919","3445","3617","3227","2089","2779","3528","2863","4393","3464"
"4.24_974.91","13925","34007","8779","16229","78099","7317","5399","51560","30430","15542","12956","21347","15633","7480","12180","12307","21664","26369","6619","22377","17080","12930","5424","21603","6421","11504","35743","27256","16896","19906","18011","20262","33217","10964","10986","11299","12075","11294","14823","14564","13499","15136","17289","10593","15589","16390","7335","20946","13221"
"2.73_769.68","7030","9506","2376","3844","5922","7425","2054","4645","3978","3326","3297","7724","7305","6974","4699","4587","7236","4554","3979","4536","2919","5473","19223","7112","5104","8357","4768","6151","6598","11209","6149","9748","6004","5860","6791","11930","4308","7155","6037","8587","10699","7323","7146","6664","6460","6576","3296","8158","8759"
"0.18_377.13","4284","1166","4803","3226","979","1701","3753","3480","4729","3931","3851","1033","1579","1008","1884","1696","853","1000","1296","6284","4289","1354","3253","1854","1362","1600","1745","1419","1655","1515","1404","1170","1979","1171","1113","1304","1068","1274","1295","1204","1187","1272","2195","1234","1430","1561","3908","2357","3098"
"0.30_343.30","20946","23277","20765","30846","24077","29852","33654","22770","46631","19819","22640","24118","26429","20111","21009","21787","29929","24822","23676","24660","21027","21089","24773","521139","23367","23157","22281","19713","25045","31324","18267","23533","39507","27354","19673","23250","33125","22805","23645","22878","26345","20028","27271","23588","27884","36823","18631","23810","59139"
"2.00_744.54","5002","5362","3137","23860","4178","22837","6234","7574","10051","7602","5208","5660","3077","14426","4909","15364","10636","3697","5531","8091","24345","21363","6518","3347","3748","13721","4637","6545","15423","8262","7558","4218","6505","4949","11755","22657","4011","7961","12868","5309","18315","18989","3416","4139","8935","6205","10236","6186","39926"
"1.31_694.46","6140","3697","3620","4095","3476","2348","2385","4256","3634","3735","3455","5290","2814","3848","4177","3752","4857","2622","2114","8039","3369","3548","2185","4729","2250","3333","3028","4389","3295","4091","2522","3597","3837","2784","2923","4736","3030","4388","4047","4150","3625","3769","3933","2457","4475","4005","2394","2397","2757"
"2.04_676.55","4901","2655","5626","3973","3120","2556","2067","3344","5115","4375","1950","3022","3740","3177","2342","1638","3296","2131","2555","3625","3722","3524","3375","2465","2133","2560","1753","2296","3285","3336","2080","3380","2579","2329","2426","3314","2959","3769","2731","4518","2643","4075","2334","3105","2085","1489","2677","2292","2761"
"2.46_814.69","3873","3780","4132","5598","5566","3900","3253","5137","5567","1985","2763","6948","4823","5446","4324","2592","3579","2445","3064","4753","4278","4721","2089","5174","3456","3655","4345","3559","5762","7117","4244","5514","4564","5013","3617","4859","4435","6029","3771","4356","3316","2857","4460","3647","5369","4579","3497","3253","7066"
"3.65_369.35","6685","10841","6220","11185","10475","11806","4916","8941","10818","6277","8239","14534","19945","15160","22693","9702","22557","16064","10859","7911","8697","25514","6365","35937","10549","17794","22819","39116","21734","24346","12413","42825","38482","20781","15291","33703","16363","33046","28560","25024","16725","17726","22823","16301","35341","25628","7585","12126","24406"
"2.71_822.72","2730","5457","5909","7170","6516","2612","2325","22082","12047","3469","3511","2096","5378","3024","7324","2496","4711","6096","2464","13853","5190","5444","2534","6249","2503","3732","5203","8624","3377","6760","4583","6172","8139","2976","3216","4880","3199","3939","4664","6737","3871","3410","9194","4425","5523","7426","2672","5255","4342"
"2.72_738.62","2290","3178","2920","4092","4901","1887","1287","14480","9641","1934","1544","3642","3017","1293","2983","1306","2953","3403","1109","7766","3356","3616","1993","3753","1279","3616","3024","5231","2865","4997","2454","3341","5366","1794","1407","3581","1897","2349","2497","4573","2498","2611","5887","2695","3596","4466","1582","3549","4431"
"0.94_427.39","10029","6004","8609","4549","4956","7610","7094","6583","7310","4991","4041","5171","4368","5087","6126","4726","6162","5895","4551","5207","5256","5197","4752","74165","4249","7971","4648","3891","5336","5752","3849","6600","8018","4112","3204","5281","6734","4782","5714","4123","5422","4053","3680","4840","5514","7889","3687","6759","7336"
"1.30_772.55","4212","3875","2651","2526","3908","2482","2006","4135","3180","2951","3715","3772","2348","3051","3691","2380","4167","2636","1230","4318","2647","3698","2556","3794","2987","3513","3385","3936","2977","4259","3186","3960","3250","3455","2421","4603","3936","3590","3195","2644","3385","3469","4432","2961","3700","4326","3724","3652","4077"
"2.74_741.61","3685","5062","2476","4475","3712","5294","2457","3546","3730","2430","5108","3999","4316","5161","4705","4151","3324","4068","2987","3895","2915","4991","2378","3955","4134","3275","4180","3729","4991","3718","4064","4575","4824","5172","4338","4834","4925","5757","4333","5466","5309","4871","3755","3631","4572","4379","4421","4661","6075"
"2.54_840.66","3997","3894","3964","4373","13217","1711","2245","17140","13777","2931","2702","3298","2092","1570","2809","1640","3696","3060","2485","6728","5188","3119","2425","4984","1812","1950","4352","3993","3359","4268","4839","4661","4385","1766","2727","2789","1996","1836","2969","2168","2695","2318","3565","2752","3970","2620","1959","4768","4332"
"0.97_393.30","5261","4718","7883","5777","6189","5734","7147","5911","6868","6459","6175","5077","5878","4184","5697","3503","4107","3980","4539","7496","6440","7965","6710","5564","4911","4686","4963","3794","5089","4995","4244","7383","3785","4002","3569","4833","4132","4798","5405","4761","3770","4502","5054","8264","5893","5939","6172","5445","9360"
"2.84_838.75","1544","2574","1620","1788","2939","2209","1081","5680","3895","1516","1696","2630","3659","2862","4718","2266","3055","3575","2000","3214","1775","3538","1053","2698","2211","2200","5251","5422","3428","3685","3597","2894","8137","3293","3249","5075","2657","6167","3838","3891","1711","1706","3725","2860","3708","5881","1258","3436","3160"
"1.49_538.48","10433","4187","10181","3947","3864","3874","5441","7616","4779","4911","3687","3259","1994","3378","4386","2289","3210","3058","4957","8922","3423","2683","7995","2494","4816","3882","3000","3161","4070","3912","3729","3897","2117","3376","3520","6318","3461","4745","3311","5393","3005","3350","2615","2639","2515","4900","5040","8852","6146"
"3.42_367.34","5121","5136","3518","7217","7139","4690","2520","6207","5592","3226","3461","5561","5699","4340","4025","3085","5696","2799","2142","4197","3436","4888","2931","5024","4274","5693","3680","5270","5068","6721","5158","8641","5667","5065","4774","6833","4161","6554","4936","6704","5747","4960","7621","4899","6194","6355","3878","8428","8284"
"2.56_820.68","11599","11442","3534","3583","11050","9438","4359","6986","11885","4471","4865","7174","9637","2106","8041","1689","7680","6503","4266","5789","7214","10830","6797","8160","2300","3816","3209","7770","3174","10918","3048","5502","3384","7139","6291","4121","2249","3277","1951","8927","7024","5743","9196","7960","2909","6122","7259","9626","3853"
"2.95_876.76","7042","6418","3854","5324","22606","2473","2373","40471","25656","3389","3418","5904","6875","3151","4782","3858","7703","7245","2834","9510","4455","4962","2581","7944","2272","4056","7072","9553","5748","9085","8710","7184","11150","3711","3992","6429","3765","5658","6950","4690","3289","2994","6981","3616","11074","7310","3421","7002","6382"
"3.45_894.74","2959","4181","3505","5096","10219","1615","1056","15404","10002","2308","1747","4005","2111","1222","2596","1605","4306","2722","1340","5354","2594","2225","1462","4466","1410","3108","2520","5306","2861","8390","4375","4496","4707","1597","1506","2745","1735","1910","2201","3644","2351","2611","6231","2616","2444","5616","1040","4449","3165"
"0.65_332.33","20054","17164","32210","19423","27707","43755","34465","19797","18673","25031","25092","24405","24545","17119","25662","22909","22840","18478","20302","25619","20309","11753","16725","22949","18384","18448","19766","17205","28146","26771","13202","16619","42273","23143","15965","18523","22654","50079","29573","17732","19295","20404","17556","20004","25487","26332","22340","20461","15419"
"1.54_590.48","3750","2743","4133","6251","4036","3899","1776","6477","6723","4588","1749","3012","2526","2812","2450","1712","3884","1383","2388","3303","4215","4998","2347","2373","1828","1604","1902","3438","3407","4447","2287","4909","1786","2102","1698","3886","2603","2870","2122","2257","2435","3050","2317","2657","2042","1570","3153","3054","2607"
"3.63_992.85","5285","4294","7108","10485","21972","2417","2543","25700","24696","6049","4135","6006","4400","1610","4225","2625","5003","4182","1145","10452","8137","4193","2706","5818","2129","7069","4472","6648","2721","9325","7970","6589","6351","3102","2604","7106","2527","1997","4104","4780","3679","3613","12253","3232","4712","5416","2943","7396","4480"
"3.39_977.72","2405","4827","2107","3366","10240","1995","1153","9969","7059","3230","2056","6534","4672","2033","3319","2539","7262","5362","2134","5542","4863","4432","1442","7307","2754","3540","6355","7643","4341","8256","5463","10479","6356","2598","3084","5516","3665","2996","4069","5075","3264","6013","7241","5141","3939","5466","1966","4064","4182"
"1.98_826.65","2158","3239","2725","3270","3204","2958","1743","3152","4399","1673","3456","3027","2292","2739","3228","1670","3980","3424","2089","2095","1851","3854","2681","3169","2445","3390","2232","3563","2933","3685","3314","4325","3110","2704","2637","4361","2439","3286","3340","3019","3025","3138","3351","2012","3445","3169","3134","3062","4424"
"3.01_902.78","1894","3022","1904","2989","7647","1467","675","12870","6210","1467","867","2975","2058","2090","2047","1452","2342","3445","1039","1905","2125","1519","1084","2659","1033","2204","2659","3479","3202","4276","3381","2688","5315","1362","2228","2677","1818","2185","3187","2320","1351","1940","2813","2454","2266","3973","799","5529","2403"
"3.36_1002.87","2893","5255","2153","3407","17504","1814","755","14945","4794","2127","2588","5662","4236","3171","2628","2481","7858","5121","1398","3422","2550","2848","1246","6747","1908","3073","4705","10676","4706","6382","3149","8682","6694","3408","3516","4294","3877","4660","6097","4817","2774","2752","3511","2964","4953","5296","2204","7994","4818"
"0.24_285.11","9509","2380","3732","5392","3228","3207","3000","6705","12433","7115","5572","1441","1462","6125","1869","5293","1593","2071","903","3042","9813","2486","1089","1692","2084","3541","4334","1966","2178","3466","2868","2614","1894","1518","1213","2317","3550","6304","4313","2612","2390","3897","7008","5832","1691","3475","17938","3052","4695"
"3.56_1000.80","2718","9358","1911","2538","18327","1789","909","12508","6181","3291","1823","3225","3281","1312","2698","2515","5891","5373","1539","5745","3431","3004","1461","6592","1207","2186","11435","7061","4336","4149","4011","5064","7512","2193","3035","2787","3368","2195","3582","2797","2116","3584","3524","3282","3761","2880","1576","4384","3065"
"3.16_836.75","1956","3606","2416","3458","2491","3376","2080","3073","4230","2267","4089","2612","3123","5710","15045","3351","3415","4673","6669","2593","2495","7061","1997","6827","3734","3345","9863","5567","5943","4314","5327","3577","11689","4070","3851","4150","4124","11625","14111","6912","3219","3663","5915","7887","4633","16885","1893","4172","10366"
"2.81_818.65","2710","2797","2604","5183","2665","2295","2700","3622","3582","2249","3097","3680","2683","2949","3375","1738","4386","1967","1652","2961","1782","3482","1390","2979","2354","4306","2552","3243","2607","3482","3411","5830","3145","3267","3132","3088","2939","3556","2911","3545","4023","4457","3659","2499","3794","3115","3186","2397","3934"
"1.91_877.26","13271","2624","2744","1984","1995","3496","2650","1304","8678","1453","2224","3821","1692","4728","1559","1218","2072","1585","1053","1914","4512","1995","6022","1192","2199","9905","2227","1506","1487","2781","3317","2699","2207","2377","2676","2966","1626","1927","1449","10752","2427","2071","20011","1710","5489","1928","1485","2296","1483"
"3.03_837.74","5425","5042","5794","6332","7201","5859","4038","6553","5039","2290","6113","7054","4853","5457","5917","4031","5675","5359","4493","5755","3771","5851","4199","6956","5554","5286","5820","6948","5882","6389","4874","8546","5917","5512","5819","7005","6527","6430","6509","4684","6961","7905","6497","2210","6087","6380","5577","5651","7080"
"1.15_417.34","5577","4339","5151","3702","2765","4007","2578","5381","4411","3478","2186","2771","2336","4283","3079","2839","3085","2948","4130","6735","2977","2426","4965","3268","3054","2255","2566","3205","4571","2943","2592","3204","2429","2282","2385","3267","3590","2967","3048","2870","2821","3066","1883","3290","1712","2728","4117","4239","3938"
"3.03_1046.77","5084","10460","2222","3465","17192","2577","1212","14660","10083","3276","3337","6902","5115","2352","3269","3139","9560","7440","2251","4463","3462","5480","1829","9447","2863","3944","8004","8811","6685","7917","8585","10286","7900","4257","4806","7449","5870","5389","8451","4970","4184","6260","5096","5020","8822","5489","3932","3594","5315"
"2.18_1020.53","3138","2854","3440","2005","1645","3450","3678","2218","2546","4023","4244","2972","3602","4025","3395","4247","3230","3847","2873","2882","2951","2789","3330","3109","3483","3290","2985","3086","3034","3100","3449","1740","2810","2969","3718","2454","3954","3475","3552","2874","2605","2609","3197","3057","3612","3500","3203","3628","2179"
"2.31_1002.28","3711","3004","1413","1288","1876","2826","2138","712","5790","1485","2224","2229","1497","3928","904","823","1257","1261","1061","1584","3376","1109","5588","1146","2051","8302","1845","1688","1145","2550","1519","2570","1529","1955","1916","2529","1472","2307","1229","5880","1516","1288","14807","1359","1177","908","1185","1064","614"
"2.54_741.61","4760","4485","2814","4882","5025","4726","3253","5504","3655","2338","3929","6246","6770","6306","5375","4167","5140","4465","2062","5440","3203","4789","3704","5577","5115","5566","4412","5873","6452","7117","4826","7874","5625","7058","5757","7452","6701","8144","5348","5350","7119","5352","5574","4065","6880","4873","3698","6799","8754"
"2.04_783.67","4385","4156","3040","2554","3566","2837","3149","6500","3004","2939","2975","2254","3139","3044","3107","2427","2241","2042","1263","3337","4587","2427","4075","2801","2188","1924","2899","3625","3136","2049","2331","2182","2762","2763","3630","2419","4228","4050","2780","3154","2242","2499","3010","2827","2642","4145","3263","7073","5262"
"0.79_326.38","6755","5921","8777","5550","10623","6795","9978","6164","4575","11121","7631","5977","6258","5700","7637","4952","3961","4469","6279","7511","10525","5850","5648","6568","4338","6382","8170","7613","7669","28136","4607","4888","18545","7254","4466","5643","7918","5175","16592","8912","6786","4282","13047","5025","8187","8057","4659","6075","12334"
"4.11_880.81","2160","4246","1373","4740","12141","1278","1206","11553","8722","2485","2582","6102","2523","2418","3925","2633","5759","4594","1544","4220","4864","3795","986","6242","1435","2506","6140","5971","2589","6428","4376","7475","6592","1537","2073","4663","1629","2446","2879","4775","2673","3878","8187","3569","3442","6810","1618","1793","3170"
"2.46_829.67","9797","8545","4172","5638","8359","5373","5316","5974","5404","2975","3769","6706","4997","8969","6467","4240","8219","6189","5399","5700","3736","7507","3027","9370","6469","7569","6911","4439","6099","10760","5488","10747","9301","6268","8189","12290","6322","10562","8126","7263","9188","5005","6805","5934","8734","9082","4075","7884","12118"
"3.92_926.80","8367","16899","7748","9605","50843","6346","2482","42067","29917","12935","6489","12867","12431","3247","9213","5959","18660","19344","5935","51273","22834","9341","4467","27118","4227","11895","40169","24890","14600","15176","7851","12672","32296","4953","5343","8043","8000","4875","8609","13024","7326","15040","19867","9191","5091","16208","4718","25174","6997"
"3.15_794.69","2972","3359","2470","3460","12583","2411","1046","16029","8201","2523","1329","2751","2181","2180","3863","2041","3370","2894","1402","7759","3885","2663","1517","3784","1191","1989","4472","4841","2864","3035","3378","2613","5859","1543","1515","2535","2148","2170","4698","2014","1613","2296","2802","1651","4595","2993","1635","4373","2894"
"2.35_762.59","360405","384537","336181","563890","506206","249168","296219","415823","353622","252901","468348","604535","400525","353815","473275","184754","593519","321097","137044","325913","340568","469240","149952","432037","482982","508673","336106","402140","335106","463319","472002","746755","418122","378497","296368","486847","361519","423148","445630","462765","507629","514800","593151","336118","523877","538892","399535","304829","505643"
"1.83_621.44","4017","3356","6854","5780","6908","2313","4562","5495","4981","5088","4092","4065","3012","4283","3896","3077","5605","4514","2088","5082","5277","4389","2014","4890","5200","5285","4454","4432","4956","5881","4559","4300","3887","3604","3887","6336","4731","4801","4878","5765","5845","6926","4459","3444","5064","3470","3455","4555","4467"
"3.92_927.80","4913","10733","4659","5121","30972","4863","1956","26336","17219","7095","4132","7600","7537","2710","5334","4187","11325","10871","2658","29546","15470","5221","2293","15607","2777","8108","24930","15512","9707","7522","4039","8507","19288","3311","2844","4927","5348","3362","6139","7864","4642","8969","11035","6376","3257","9338","2929","16340","4308"
"2.29_939.82","42652","38415","6814","5970","19034","6080","11741","6257","21530","6093","17191","13465","5773","4860","14608","14227","4876","6736","5762","7746","5130","5160","10576","14742","4909","5632","6521","5121","9025","6603","5950","10367","5114","4386","3545","4774","8800","8879","7824","8417","2876","3591","5516","6712","5812","13708","7164","3496","22397"
"3.84_573.49","1924","2303","2207","3158","8012","1128","938","6847","8498","2169","2166","2523","1228","1224","1744","1234","3333","1987","1044","1420","2052","2255","853","2255","1050","2471","2220","3486","1592","3399","2686","3908","2997","1265","1437","1818","1305","1711","2318","2398","1623","1860","4152","2220","1417","2438","807","1630","2321"
"3.13_788.69","3445","3855","5570","5649","7719","2806","2275","2813","9770","4086","2766","4947","5256","2807","3523","1886","5620","3472","2339","3128","5664","9099","2806","3925","1837","4333","4100","3196","3386","6591","3611","6247","4185","3122","2383","4426","2751","4599","2821","4027","6228","4478","5734","4387","3495","2113","3964","2427","3546"
"2.32_814.51","3378","3870","4200","2625","4030","2983","2632","3698","3101","3077","2976","3471","3032","3295","2813","2514","3335","3446","2633","3400","2578","3086","2458","2413","3294","3538","3557","3157","2969","3322","3918","2697","3352","3574","3578","3312","3554","3278","3005","3067","2989","3012","2800","3038","3229","3411","3123","3341","3242"
"1.30_691.47","4123","3866","4697","5058","5216","2947","3190","4374","4575","2951","6279","5581","4356","3888","5964","3128","6798","4832","1603","4605","4946","6283","1942","6457","4096","5432","5290","6239","4783","4786","3314","5613","7129","3758","3856","6499","4242","6680","4343","4899","4712","4743","5902","4396","6928","4776","3667","2532","4982"
"4.45_1026.92","9209","4832","12486","14612","7131","5954","6475","6923","10317","9965","6208","4740","6410","7105","6081","3745","3379","4050","3847","12701","9718","6451","11409","5164","4805","6814","4404","4031","7377","7502","8166","4420","6268","5308","5791","9130","6563","8873","7089","9598","11563","9035","9966","5323","7174","5988","5983","11931","8608"
"1.46_615.42","3071","3646","5648","4084","5856","5414","6242","6538","7013","7855","3945","3360","2182","3334","4919","2954","3245","3243","4618","5473","5118","7154","5390","5029","4954","3293","3288","3844","3166","4006","3287","3873","3045","3015","3552","3019","3140","3316","3233","3776","3490","3539","3551","6936","4086","4279","4206","4360","4259"
"0.84_620.39","2030","2179","3469","1763","3723","1766","1821","1010","3644","2062","4132","4700","5698","2343","3975","2456","9120","3727","1674","2688","3831","7926","1656","5987","3500","5785","4473","4541","3352","7061","2984","9284","4431","3325","2635","4622","3695","4755","2851","2456","5073","3528","9143","3827","7616","3050","1449","1250","2782"
"2.22_748.57","4095","6178","7626","8141","6283","16182","4273","6708","5040","3571","6725","9593","5603","4901","6945","4283","7701","5970","2359","4822","6538","6827","2583","6815","6461","7175","4938","5990","5410","7442","5631","9719","6059","5956","4262","6360","4859","5157","6695","8434","6520","8234","8865","6552","5787","7836","4779","3583","6490"
"2.94_493.39","2199","1307","1720","2248","6659","831","1004","13569","8950","1542","1482","2104","1424","967","1453","568","3119","2087","437","4905","2811","1761","848","2574","1073","1798","2107","3227","1552","3116","2633","2977","3632","1189","1282","2261","1283","1607","2233","2239","1102","1451","2966","1080","3764","3390","1022","2687","2936"
"3.40_1058.87","4152","7441","4184","4357","12926","3243","1930","12093","9377","5106","3723","8757","7568","3116","3977","4580","11182","8944","3336","9111","7516","6747","2771","10276","4345","4341","10046","11645","7192","13227","9427","16053","9975","4207","4900","8634","5733","4728","7088","8552","4611","8786","12204","8269","5272","9097","3179","6124","7914"
"2.93_836.73","5979","6092","5602","6124","16696","2623","2973","28269","21003","4122","3724","6678","6110","3986","5941","2894","7306","8748","3161","15779","8570","7927","3308","10144","3180","6836","7927","12330","5133","11878","8627","9246","13580","4245","4450","9727","4653","5329","6533","6480","4040","4118","11823","5367","9850","9236","2573","8343","7148"
"1.98_819.63","4037","3925","4098","2903","3646","3553","1635","3967","4190","3654","3472","2923","2467","3143","4267","2798","2752","3182","3296","2542","3529","3548","3468","3131","1942","4062","2508","3103","3696","4561","2983","4318","2592","3065","3293","3796","3414","3793","3197","4583","3769","3131","1850","3095","3223","3064","3247","3472","4000"
"0.36_198.19","16911","14966","52904","13457","11347","10792","12264","10358","14238","33671","15914","11646","35949","15126","13743","8558","14145","16873","10796","18101","32262","17839","9930","13942","13567","16509","12332","12279","11348","14500","10178","14104","13503","10200","13182","13466","13578","9536","18548","12123","13567","14806","10917","12184","8621","11617","26775","14716","13490"
"2.39_787.56","6761","12292","11306","28747","18929","533","7358","21828","13416","4149","12174","21466","5447","11523","13571","2649","14598","10218","1721","9071","8997","12869","1738","18780","3914","17153","9387","14028","11103","14919","10309","18835","15580","11521","2529","15744","9697","14515","8027","11244","19887","13138","12003","4832","11854","9900","7490","3870","16779"
"1.51_383.35","18524","11933","22635","14264","16995","18096","19380","16917","19834","19090","15154","14499","13149","11468","15341","9155","12483","11926","10672","20333","20210","23169","16384","19601","12160","14739","12727","12812","14110","13742","12010","21043","13129","11041","10475","14995","11814","13682","14636","12338","10901","13799","16455","22572","15257","17482","14468","18344","33090"
"1.53_818.65","7954","3351","4422","5766","4317","3485","3572","7606","6146","3402","4531","3424","2780","3447","3169","1606","4471","2310","2623","7212","4140","3523","5708","5911","2322","3460","1844","3930","3877","3592","1559","3692","5505","3859","2409","3674","4191","3563","3453","1997","2375","3501","3111","2262","3888","3356","4532","4730","6160"
"2.84_668.59","2742","4460","3985","3511","3053","3818","3652","3482","2713","2440","3538","4025","3181","3158","4123","2558","3808","2991","6301","2052","2762","2603","3396","3519","5305","3484","3154","3571","2487","3992","3429","5006","2464","4415","3721","4934","2814","3492","2922","3720","3813","3449","2445","2604","2620","4402","3267","5311","6092"
"4.08_1426.39","36792","21300","25473","5914","6364","6431","6462","12312","20397","18502","7456","13778","13453","2567","11558","7944","12909","8216","16545","7169","17029","14107","17424","14923","17806","14967","9468","8484","6815","14508","7154","3107","2953","6194","2721","11938","6431","9028","7007","17814","8340","2443","25155","10809","18595","9127","4747","8498","2207"
"3.52_1084.89","1512","4469","1208","1200","15298","1434","399","5548","3157","1668","1153","3631","1867","801","1477","1854","4662","3710","716","3024","2943","1652","551","3776","1171","1967","5885","3690","2592","3989","2726","4188","4233","1912","1768","1817","1846","1492","2874","2494","1696","2793","2406","2023","2397","2237","993","2398","1603"
"2.76_764.64","7000","2443","9532","9635","18568","2148","2518","31643","31492","5967","3194","4581","3126","1457","4789","1609","7150","5621","2750","12114","8214","4707","3650","7863","1549","4838","5370","7716","1997","9819","7067","8143","7281","2144","3084","8893","2330","1707","4094","3238","514","2913","9872","3336","6153","7568","877","10443","12005"
"0.54_392.37","3893","2688","8175","5990","1198","2788","3139","1337","4992","12111","1572","1702","2979","8584","3172","3455","725","3767","2059","1685","3421","963","2168","2639","1897","2295","2129","5093","631","2524","1690","500","1704","3519","11316","1727","2335","9581","1180","3479","1574","4035","3721","1975","1401","2187","2836","3896","1277"
"2.34_166.06","4415","4219","4739","6723","6185","3056","3329","4408","4066","3391","4892","5557","3864","4455","5813","2384","5655","3516","2442","3732","3507","5656","1959","4506","5410","5921","3664","4383","4172","4648","5382","7725","4006","4486","3715","5542","4456","4429","4862","4697","6268","5399","6132","3175","5459","5684","3801","3600","5579"
"1.98_734.57","3843","4207","2584","3054","3926","4136","3215","4226","2968","2196","3273","2954","2242","3307","2769","2264","3410","3314","4084","3198","3024","3037","3394","4411","3274","2950","4091","3536","4027","3862","2622","3852","3280","3925","4327","4515","3133","3427","3699","3265","3593","3256","2515","2304","2805","3060","3550","3738","4136"
"1.97_812.67","3235","3439","2298","3278","3170","3795","2128","3946","3467","1821","2212","3736","3916","3708","3559","2688","4069","2917","2011","3702","2240","3570","2290","3529","2839","3789","3878","5116","3427","4306","4386","3251","5488","2930","4567","5402","3514","5346","4000","4749","3664","4168","4037","3231","4638","4699","2601","4502","6211"
"2.53_784.68","8124","9896","4923","7265","8362","11248","5683","9104","5941","5190","7306","11508","12485","12100","9230","7468","9281","7704","4346","6994","4972","8307","4698","9102","9361","11674","9269","9893","11108","13448","10381","12412","10432","12046","11729","15054","9672","13608","8577","10830","12166","9666","9767","8676","11236","9782","7865","11675","13990"
"3.59_761.64","119","858","698","261","830","599","403","409","708","255","544","6557","4159","1535","1002","396","9277","3696","567","491","584","5577","224","8542","696","5336","2503","15418","3625","8805","2021","15949","6099","4674","2500","8828","3718","4921","2605","4429","4794","3174","6102","1195","18890","1130","268","330","2506"
"2.71_794.66","1147","2034","1363","2472","3020","2768","1226","2645","2231","1413","1440","3017","4060","3203","3974","1511","4096","2642","1622","2128","1860","5032","1481","6685","1702","3532","4752","4120","4543","4839","2658","4683","5696","4134","2396","6621","2570","6269","4091","4323","4519","4031","5160","3031","5861","4111","1508","1742","5603"
"3.03_905.76","2847","6251","4806","6337","21593","3290","1848","24578","14080","2881","2549","4694","4245","4098","4328","2518","7834","4692","1930","3889","3374","4326","2104","6884","2884","4747","4967","10603","5564","12305","6314","7961","6556","4632","3630","9541","3927","5293","7115","4600","2711","2653","7485","3814","3345","6987","3260","8985","8326"
"3.84_957.93","1646","1604","4784","3239","10436","1134","1186","6201","10745","2724","1801","1569","1660","1679","1924","1178","3061","2761","1234","2751","1608","2782","1085","2530","1133","2060","2213","2624","1825","3885","3731","2898","2601","1608","1591","3242","1305","1639","2118","1839","1797","2069","3311","2249","2619","1834","1156","2290","2237"
"0.84_428.37","22840","3541","4309","3907","9322","5375","7191","4433","5084","5911","4256","4009","17537","5508","11805","2414","4626","6899","2607","7350","3987","4796","4357","4938","5131","6387","3915","4696","10224","4771","5159","4867","7566","5062","3617","8555","9493","9060","2948","5332","5775","7066","2825","4454","3287","7003","17785","6718","3439"
"2.45_920.75","6656","3699","4224","4959","4196","3091","2840","9775","7588","4901","3705","1588","2473","2309","2634","2868","1946","1600","2412","6788","5115","2391","5793","1890","2653","1532","2573","2703","3391","3504","2170","2253","2552","1918","1861","3334","2222","2547","3522","3811","1336","1448","3546","3365","2100","4820","4760","5752","3435"
"3.27_918.81","1454","3759","2081","3735","5778","2454","1275","13382","5431","2022","1553","4479","4207","1440","3387","2177","4141","4543","1537","3996","2663","2248","1350","5022","1881","3261","3244","7811","5625","7173","2131","3116","9093","2466","1657","2089","2326","3085","3777","4878","1648","1973","6116","4036","1895","5811","1293","7533","4572"
"4.12_934.88","55481","87157","72671","80880","121771","68563","24986","161168","134543","59829","65449","129751","123641","40258","103317","78206","144310","138807","48031","161873","178091","86231","31343","122949","59376","130995","179161","153991","115923","164779","56222","114939","196510","56842","48377","82663","60369","54255","74878","128238","63654","102489","227252","82693","55740","169673","44081","122084","85938"
"2.07_704.47","6780","4433","5103","9504","8292","6010","1901","3366","6665","1670","7720","7569","3377","4079","4887","1941","6260","4548","3363","4286","1449","7547","5332","4936","4878","2847","7360","6530","10262","6157","4879","8300","7170","5875","4791","5251","3723","3252","5757","1937","9272","7900","9414","1708","8007","8810","8407","8198","4016"
"1.15_457.33","7327","5057","7024","4049","3079","3977","2442","6951","5296","4310","2942","2310","2260","6048","4326","2946","4157","2725","4213","8378","3398","2546","6165","4412","3845","2674","2246","3325","6496","3576","2595","3213","1896","2426","2325","3024","4179","2767","3271","3372","2675","3525","2614","3377","2715","3491","4590","4012","4060"
"0.79_526.43","2815","2700","3360","4727","5739","3809","3077","8825","2983","4160","2962","2833","3328","3091","4766","3255","3308","3384","4740","3052","3870","3006","4074","66819","2121","2649","2623","2144","2635","4103","1870","3599","4513","3353","2392","4653","4114","3290","2938","2879","3397","2347","3139","2615","5571","3495","3552","2729","3159"
"3.62_980.85","6732","9258","7730","10805","17314","4872","3133","32788","30047","7999","5429","11784","6611","2369","8204","4729","11874","8482","2748","21819","16776","5723","5004","12141","4355","10996","11178","11954","5652","14758","9534","10152","16489","3401","3515","8185","4641","2823","6642","10073","3839","7837","26859","9600","5509","14572","3667","13076","6975"
"4.54_1295.12","4971","3195","4168","5993","3507","3405","3248","4204","3583","3943","3035","3842","2420","2564","3839","1936","1710","2465","1454","4818","5001","3041","3930","2581","2163","4111","2248","2964","2839","2891","3978","3097","3433","2829","3458","4629","2541","2747","3048","4138","4438","3654","4732","2794","3725","2643","3664","8417","5184"
"2.75_848.73","4334","3581","9671","7982","15793","1768","2692","32590","31862","5501","3276","4428","3375","2316","3895","2232","5148","4704","2139","11706","6774","3997","3299","6514","1865","4021","4945","8196","3792","10179","5743","6120","6406","2805","2261","6201","2101","3125","3352","4717","2649","3272","7589","4281","3744","5240","2671","7533","5238"
"0.83_616.18","7725","995","10242","2695","1162","932","5089","2918","3033","6199","1902","1800","793","1235","1546","1313","1751","102","1410","8434","4180","489","6001","1423","1797","496","774","287","944","1250","1233","716","237","876","1016","945","432","869","1411","804","127","999","416","1416","349","1479","2647","4400","731"
"1.53_748.55","3329","3278","2954","3859","3059","3106","2238","4048","4717","2257","3052","5369","3799","2747","5327","2656","7762","2470","1561","2880","2376","3017","2670","4194","6897","5684","3428","3854","3792","5642","2413","6585","5093","3211","1848","5061","2624","3732","4339","3664","3286","5034","7856","4556","3332","7471","2990","2837","3560"
"3.51_950.87","1746","3881","1268","2456","5261","2193","1125","9017","3763","1418","1842","4478","4305","1505","3892","3131","5035","3827","1196","4622","2801","2097","1253","3772","2721","3033","4846","4820","4739","6279","2128","4872","7182","2234","2264","3188","2252","2307","3026","5054","2286","3226","7953","2756","2153","8499","1867","5559","4937"
"0.61_498.40","2363","2781","2120","3496","6468","2132","1725","4307","2722","2901","2461","2904","2335","2560","3459","1873","2364","2055","4870","3540","4649","3390","2608","2992","2366","2793","2552","1106","2743","2319","1104","2770","1219","2842","865","2744","2793","3004","2864","3177","2782","1200","2070","978","2141","1293","2669","3787","3225"
"1.13_430.44","5596","1621","3251","1410","2804","2981","1784","2583","3286","3027","1632","1400","2008","1313","7598","960","1075","922","1760","3272","2150","2023","3241","2363","1716","1960","1842","3271","4918","1799","1520","2259","2112","1376","1156","2101","2331","2761","1976","1257","1916","2293","945","3086","1547","2469","4136","1982","2425"
"3.02_1088.82","1653","4862","3027","2127","7856","1551","863","6051","5057","3630","1337","2964","3637","2400","1984","1624","6485","3505","1068","1793","3485","3333","1226","5384","1986","3511","3590","6402","4217","8108","4298","7256","3749","1780","2649","6500","3215","3962","3945","3157","2139","3701","4855","3621","3353","2375","2173","2608","1960"
"2.77_790.66","5833","3576","5814","5477","21480","2578","2070","24895","28272","4593","2152","4219","2876","2898","2150","2714","3505","2332","2938","6081","4488","3682","3744","5039","1737","2643","2911","4768","3253","3402","6336","4247","4421","2065","2350","5610","3251","1584","4191","3247","2768","1870","3433","2386","3975","3315","2978","5156","5535"
"3.63_810.76","8730","20292","9556","13271","16499","21112","9901","12732","14625","8035","15663","23950","33095","29287","45188","20535","33364","32699","21678","12164","12876","45369","10900","55286","21941","29092","43410","59244","40029","39785","27204","56604","64317","38108","32846","49687","33672","62614","56015","43221","30097","29395","32092","30249","56668","51249","15743","22547","43755"
"1.94_658.54","3763","3728","3452","2577","5656","2127","2004","2779","5232","2429","1202","3227","6151","2461","3275","1944","3626","2437","868","2299","2257","3782","1788","3433","2523","3144","3125","2571","3455","6569","2913","7902","2916","3073","3401","5194","3663","4207","2711","3248","4155","3048","3591","5324","3860","4891","3240","4087","3006"
"4.25_936.90","20827","25392","15858","19592","31906","17065","8746","41670","22983","27063","15056","23645","50631","11362","22679","17101","32248","45065","17312","75924","54886","18719","11669","38176","11178","44530","63428","47128","31513","31809","10488","17553","58622","10380","8214","12093","20331","11082","18764","25996","13848","30274","42596","22237","10758","38195","12645","68376","13843"
"4.06_954.83","3553","6846","1850","2970","15064","2385","1291","9107","5414","5034","2570","3522","2928","1268","3293","2854","3540","5098","1357","10050","4049","2581","1755","5322","1146","3364","17880","6548","4311","3399","2387","2505","7393","2155","2316","2000","2738","1958","2981","2930","1758","3039","3128","2413","2874","2796","1806","6560","2106"
"2.86_726.62","16060","10561","12320","17788","15044","9671","9680","20660","13870","10308","9586","10013","9372","13100","11751","7259","9247","6910","3962","16208","12667","11932","10645","12921","7508","7935","7773","10919","14440","10635","8599","11009","12061","11871","11982","11847","12134","14742","10567","12578","10248","11127","11786","7290","12671","9418","13833","20255","18397"
"3.84_956.92","1947","2701","6729","6975","11468","2061","1557","6171","11126","3996","1704","2796","1973","1579","2305","1757","3222","3912","1282","2941","3898","4009","1351","4648","1595","4132","4203","5424","1754","6716","5904","5629","2822","1966","2436","5471","2370","3761","2663","2735","3218","3258","4992","3445","2651","2140","1450","2449","3205"
"3.34_864.77","1526","3006","1627","1994","6020","2216","1085","7468","3795","1894","1405","3409","3707","2173","3260","1261","3597","3096","1457","2335","1356","2166","1553","3091","1879","2393","2346","4198","3041","5178","2538","3519","3285","2097","1651","2889","1828","2378","3392","4143","1936","2641","4239","2933","1883","5468","1293","3383","2694"
"2.19_629.55","2547","2739","4193","8823","3705","3166","2628","2484","3554","3379","4044","4922","3263","2458","3619","1553","2606","2434","2316","2570","3172","3024","2007","2979","2225","3128","3017","2747","2186","3029","3223","4028","2445","2031","2260","2944","2150","2375","3248","3082","2605","3924","4225","2661","2637","2772","2382","2671","3155"
"2.64_672.59","5622","3518","6790","6873","3869","3805","2403","4469","5835","4129","2746","3180","3813","4198","4084","3061","2557","2501","2176","6109","4761","3600","3442","2593","1420","1916","2011","2056","3074","3114","2578","2839","3134","1828","2287","3488","1939","3076","2859","4034","2871","2604","3748","2802","3249","2479","1862","2867","2896"
"2.39_788.66","10172","16303","15823","29273","24903","10298","13126","23407","18029","8300","15687","23348","7280","16070","15746","5879","17111","12797","7412","11723","13313","20795","4546","21050","9743","20281","16273","20113","14296","17512","15033","27947","19405","17206","9178","18567","14924","18686","12355","15553","25064","21043","12836","10411","15632","12010","12103","11398","24997"
"2.79_788.61","3448","4263","2999","4865","5632","3498","2950","5172","4019","2327","2945","4805","2593","2594","3841","2447","4183","3594","1460","3299","3124","3317","840","3833","3536","4866","2620","4312","2596","4955","3297","5451","4245","2818","3024","6116","3116","3945","3866","3626","3763","4279","4060","2684","4987","3854","3655","4469","5320"
"2.35_762.73","12580","13534","11626","21295","17592","8910","10590","15700","12723","8704","16580","20626","14975","12960","16626","6089","21445","11540","3477","12510","12742","16445","4381","15540","18142","17322","11760","14722","12252","17036","16476","18243","14545","11773","10153","17167","14100","15099","16466","15613","16626","18675","20493","11949","18203","19610","10660","11321","17425"
"2.70_806.67","3005","2706","2298","3025","4340","3380","1631","1110","3860","2126","1316","3097","3713","2386","2614","1680","3453","2626","1702","2094","3374","4095","1357","3138","1542","2746","3392","2527","2939","5287","2896","5120","3201","2843","2864","4073","2648","3250","3116","3229","4167","2730","3551","3230","2947","2971","2806","2891","3178"
"1.98_733.54","2345","3252","1638","3756","2544","3493","1951","3464","2655","1733","1908","3847","3185","2532","2710","1793","3620","2002","2167","1796","2393","3642","2877","3100","2432","2989","2602","3274","3096","4154","2517","3239","3223","2418","2442","4817","3905","3592","2571","4062","2961","2977","4293","2030","3215","2869","2701","2948","4724"
"3.19_631.49","1838","2738","1553","2882","9331","1610","678","10421","4315","1085","1863","2579","2696","1559","1788","1836","2893","2162","1080","1830","1937","2450","1244","3479","1417","1806","2586","4936","2078","4428","3465","3687","2940","1851","2709","3295","1895","2579","3269","3310","1853","1295","2711","1990","2909","3604","1768","3194","3330"
"4.07_369.35","19223","17974","19380","34559","28644","15956","13022","18779","25752","16743","15937","29073","24388","20233","18821","10439","25996","12719","11397","19165","21567","31577","10998","22026","12618","23286","17957","20328","20892","26027","19721","40614","23924","17048","17727","28294","16223","25371","19847","25634","30058","26848","34791","17590","26205","19151","15191","23120","23452"
"1.96_574.45","3418","4065","2085","2912","4407","2345","1835","2998","3603","2125","1067","2873","5356","2225","3227","1953","3954","2054","1155","2206","1860","2900","1708","2893","1978","1878","2866","2531","3199","5732","2268","7237","2569","3087","3294","4151","2708","3840","2475","2614","3341","2337","2904","3998","2442","4111","2560","3784","2441"
"2.52_841.65","6541","6124","7194","7551","15065","2971","2359","24364","19675","7523","3868","5678","4780","2260","4872","3339","6736","5741","2580","14982","11011","5413","3882","7810","2632","3285","6632","7521","5120","8563","6196","8837","7538","2800","3575","5915","4342","3002","4811","4813","2903","3866","7687","4841","3794","6982","3658","6399","5566"
"4.11_946.88","38761","65942","43770","66609","118806","35349","21061","112212","94933","47155","51549","87032","65916","37895","57045","51448","82068","71943","28525","73970","68090","64379","20861","88172","37167","52613","75992","84025","56251","86322","73151","101379","82070","38774","38823","69050","42260","52813","51920","68650","49091","58798","84541","64579","54532","87105","30910","52780","57247"
"2.31_700.62","10565","2588","11939","4621","1300","2363","6211","3744","5939","6118","3660","1425","2236","3334","3680","2946","1171","2293","2317","12989","6530","1642","13195","1648","2807","1279","2548","2124","2532","1825","2527","1411","2068","2027","1587","2622","2089","3362","3051","2550","1603","1345","1555","3119","2257","3014","3345","5958","2291"
"3.64_1032.88","7244","3943","6282","7968","33366","1197","2756","26258","30668","6648","3065","3566","2050","1362","2075","1448","4761","4280","1425","7833","4887","2812","1976","4581","1849","3658","2822","4775","2525","5326","9016","3268","5899","2015","3135","3707","2407","1886","4444","2326","3443","2329","5437","1879","6077","2556","2117","6095","3962"
"3.98_918.85","13750","19577","16169","22119","33833","14093","6040","42286","33167","14395","12984","29634","23341","10369","20086","15298","32187","25172","8581","24472","25529","18039","7423","26241","11579","22701","25628","31906","18868","32331","16059","28772","32820","11355","9328","19583","9920","14059","15488","24705","12796","19213","39210","22157","10497","32382","7624","16585","14375"
"2.71_772.68","1655","4307","635","2287","2870","5600","936","1241","1108","1389","1068","5654","4670","3419","2484","2659","3558","2227","3523","1341","1356","3015","1379","2050","2841","3395","3018","3570","2790","5267","3058","5827","4255","3565","4497","5829","2801","3829","4165","4729","6539","2969","4215","3262","3967","4655","1173","1648","3401"
"0.53_352.31","1395","1498","9936","1224","1640","1552","1224","1526","1716","1739","2019","1133","2501","3621","2948","1150","1975","2015","1622","1253","1328","1083","2363","2454","1220","1438","1952","1497","1763","1895","1147","658","989","3755","5396","831","1021","2497","1117","2502","1186","1685","842","1252","2274","1436","1120","1637","1517"
"0.25_315.13","2916","4565","4513","4795","5762","5459","3398","4475","4028","4677","7151","3181","5425","4323","6313","5151","2836","5127","4855","3202","3513","5922","1956","5288","5365","3194","6744","3464","5889","6144","4097","2815","6179","5280","5005","5086","4907","6143","5726","4668","4678","4200","5493","6974","4662","4907","4312","3824","5513"
"2.60_820.68","12434","12467","5778","6051","10442","11246","5352","6668","14322","6628","4802","6971","9464","6253","8656","6211","8432","6649","3849","5228","7537","10978","6791","8637","4838","5928","6611","8595","7829","10871","6489","11848","8031","6962","6708","8310","8172","10320","6654","8811","7189","6352","8915","8307","6595","7056","6673","9551","7349"
"2.93_467.37","2545","2182","2677","2170","5045","1240","761","12404","8283","1849","2270","2277","2030","976","2696","1160","2727","2742","1094","9695","5150","2111","1594","3131","1377","2033","2707","3713","2082","4526","1806","2893","3315","1280","1190","2866","1756","1881","1980","2172","1200","1462","4287","1851","2674","3645","1370","3321","2547"
"2.48_900.74","2882","3152","3915","3281","7796","1914","1049","12047","9102","3371","1835","3975","3487","1921","2585","2531","4174","2749","2180","7839","5951","2706","2896","3816","2138","2475","3822","4800","3230","4728","3414","4531","4322","1612","2032","3699","2285","2148","2460","3387","1488","2322","3821","3351","2011","3786","1648","3946","3579"
"1.31_722.50","7694","4797","6371","4865","4353","3986","4815","7403","6151","4709","4263","5670","4335","5345","5507","4860","6324","3042","3624","13603","5067","5326","5428","6716","3929","5199","4005","5559","5626","6226","3262","5481","6007","3853","3477","5902","4959","6483","5384","3932","4954","6169","5214","4511","4868","5036","4877","3908","4909"
"2.98_846.68","2732","3399","3074","5164","3471","3373","1992","2679","3474","4166","3443","5061","4189","2742","3184","2780","5621","2641","2299","3682","3372","5303","2174","5110","2964","6542","3759","3774","3185","4655","3367","6801","5031","3372","3423","5679","3661","3470","3552","4833","5501","6556","5888","2909","5539","2627","2930","4241","4315"
"2.34_756.59","2493","3907","5381","5921","3439","4039","4075","3215","2703","3042","4922","3670","4065","3853","5435","2893","2552","3332","3401","3006","3934","3715","3522","4631","3155","4733","5360","3948","4057","3719","3450","4383","5496","5272","2927","3307","7118","2350","4403","3924","5056","6527","4657","3474","5398","2698","5038","5243","5950"
"1.97_761.54","3145","4873","3364","4469","4477","3020","2923","6357","3485","2579","3333","4015","2029","3495","3061","2104","3163","2588","2318","4174","3448","3758","2888","2609","4465","2834","3633","2993","3278","3731","2950","4627","2393","3431","3521","3226","3949","2365","3111","4002","3407","3493","2917","2328","3078","3123","3638","3016","7530"
"3.38_890.78","3786","4851","4000","4807","20071","2706","1782","20552","11433","3126","2657","5255","5368","2570","5352","3430","6414","4222","1692","4860","3439","5296","1278","5998","3068","4337","5617","7376","5351","10464","5930","8698","5825","3428","2958","6481","3852","4155","4832","5440","3831","2573","8144","4843","4495","7256","2187","6309","7853"
"1.97_767.53","2202","4375","4378","6885","2524","3854","3522","1692","1622","2040","5865","4787","2805","4495","3903","2767","4778","3188","1171","2213","2244","3484","3481","6398","5327","6328","3874","3842","3093","4282","3888","5318","2300","2789","3047","3026","4244","2560","2850","4065","3987","5908","3434","3258","2096","3268","2635","1966","5138"
"3.83_549.49","3711","3204","2346","4069","7548","2702","1585","8988","7586","1829","2070","3935","2567","1455","2416","1941","3754","3579","1772","3368","3079","3653","1743","3391","1374","3520","2379","4055","2466","5583","3331","3412","5263","1754","899","2923","1409","2132","1736","3320","1754","2425","5969","3135","1631","3373","1107","1942","2360"
"3.98_551.50","4009","3876","4242","4797","11830","3055","1981","12401","11063","3603","3063","5052","5605","1985","4379","2398","6844","5327","2523","8037","8666","5087","2282","5789","2111","6813","5848","7294","4290","7844","3592","6113","10032","2203","2371","4049","2713","3875","2864","5519","2755","4114","12509","3778","2547","6329","2126","6043","3743"
"2.44_591.46","2333","3294","1907","3947","2942","4036","2660","2547","2942","1661","5425","5232","3091","3685","3020","2875","4698","2758","2041","1884","2268","4341","1011","4744","3136","4550","3640","4861","3308","4280","3508","6764","4702","3524","3011","4948","3192","4099","3552","3795","4034","4231","4049","3062","4325","3548","3244","2286","4097"
"1.13_430.39","114381","43439","77246","35703","64678","65348","45983","58038","77627","68170","37535","35600","48292","33349","157821","24408","27208","23042","41012","72570","49355","47216","72541","53961","39920","46674","44168","77205","96895","43375","36276","69810","51734","34586","26178","51700","51402","66438","44352","30636","46670","65312","21045","67934","36695","56151","91535","42842","73519"
"1.08_312.36","18169","15041","8327","12821","7075","15726","10116","19675","16931","7381","12750","12740","15114","11062","18566","11984","7826","12444","11593","22811","15839","8960","13991","40168","24312","12240","12947","13859","13333","8419","20791","17741","13603","9298","17667","18195","15850","14131","13063","8358","14174","21975","11930","16635","12559","16854","13098","20674","13849"
"2.04_782.66","7427","4339","4022","4180","4858","4422","4279","8845","5100","4404","3738","2902","3815","5014","6201","3336","2825","2970","1626","5332","5069","3484","5411","4314","2770","3247","3834","5205","5888","3313","3149","3006","5394","5769","4119","4285","5244","6021","4734","4885","2283","2880","4081","3358","4620","4428","4632","11633","7101"
"3.77_984.87","3844","5658","4754","4240","9953","3900","1627","14629","10114","4834","2734","7265","6911","1872","5191","3803","8844","9322","2387","19493","13959","5318","3331","7873","3569","6051","9868","9318","7070","10423","3609","7774","10569","3096","2805","5769","3787","3274","5677","7603","3341","6435","14684","5109","3224","9002","2921","8664","5204"
"1.08_678.47","6592","5131","9241","4431","8136","3178","4118","7075","5866","4374","6037","5731","4981","7119","7299","5080","7218","5784","3119","11102","5745","6560","3615","4623","5848","6958","6678","6307","6298","7468","6356","7967","6147","5615","4657","8590","5312","6493","5290","5025","7427","6569","5956","4754","6975","6024","4970","7557","7375"
"2.95_647.46","34319","58368","21734","37445","37959","36338","28306","45200","12121","25078","32018","21554","34601","52849","72380","48311","17492","48187","67230","71088","23276","63685","23058","46881","41256","14714","47254","22342","29210","23394","35637","10659","34555","33904","33229","24510","56529","39464","38022","43751","22939","35277","40715","40584","25686","44592","41559","36360","31275"
"0.54_151.10","9930","6228","13321","8289","2958","3814","6639","2920","8550","19262","3869","3685","5393","13061","6622","6512","2582","5632","4580","3434","8303","2363","4272","5044","4480","4140","3427","6689","1953","3956","3723","1957","3248","5335","22327","3048","5695","13729","2939","7835","2693","5988","6317","4200","2080","3443","5998","5384","2439"
"3.59_826.77","1017","1625","918","825","1325","1655","670","724","1309","1112","803","8113","5527","2259","1680","549","10244","6524","684","709","1825","9211","932","11777","1081","8169","4593","21792","4438","11635","3148","19583","9305","6130","4364","11390","4819","6968","3327","4917","7093","5313","6979","1022","25488","1207","856","1174","2903"
"0.97_391.30","14818","13560","23889","17763","18091","18177","20827","17756","20932","20034","18121","15734","18336","11861","17937","9799","12576","12341","13457","22729","18691","24009","20028","17190","12694","13611","14617","11858","15042","14818","13014","20446","11397","12829","11435","13620","12483","13217","14205","13383","11370","12895","14238","24904","16926","17510","15286","17369","26721"
"1.08_679.47","3700","2078","3639","2017","3124","1830","2113","3232","2763","2659","2854","2552","2468","2857","3168","2218","3821","2371","1727","4278","2799","2569","1774","2557","2209","2734","1996","2678","2712","2921","2453","2803","2959","2509","2837","4125","2993","3021","3226","2358","2441","3173","3941","1888","2770","2427","2267","2894","3392"
"3.68_922.82","6038","3405","4549","5536","6386","3634","2825","8978","5845","5334","2507","1704","1951","2700","3688","3041","1624","2135","1911","5974","3806","2016","5579","2152","2468","2080","2895","2203","3126","3426","3228","1950","3054","2932","3644","4135","3334","2692","3878","4249","3004","3548","3257","3011","3061","3799","3900","9142","5274"
"2.21_793.59","2755","3966","3028","7831","3747","4796","4295","3213","5940","5248","2842","3598","5214","4790","3924","2322","2185","3292","3989","3186","3515","7654","3955","7680","2426","3121","5410","3886","4551","3549","3719","4757","3564","4181","2700","4394","4487","4059","3770","3265","7130","4166","3641","5026","4613","2809","5169","2217","4710"
"2.77_922.77","1969","2810","2712","2925","3383","1562","1660","4326","2497","2393","1502","2687","1951","1918","1886","2001","3101","1777","1746","2359","2583","2203","1638","3359","1602","2175","2263","4314","2476","4355","1995","4538","2515","1679","2089","2197","2284","2524","2662","2105","1569","1517","4384","2348","2863","1801","2443","3919","3149"
"3.38_891.78","2164","4262","3445","3875","11558","1828","1369","12544","6854","2162","2280","4207","3121","2372","2514","1966","3842","3830","1216","3092","2625","3141","1203","3688","1665","3938","3598","4471","2947","5973","3677","5423","4124","2747","2075","4417","2716","3035","3432","3604","2437","2161","5879","2752","2453","5535","1611","6455","3795"
"1.30_714.47","3566","3306","4181","3796","4081","2384","3470","3600","5187","3292","3525","3276","2826","2462","3329","2276","3094","2449","2368","4684","6045","3609","2318","3807","2620","3068","2605","2683","3364","3893","2201","4031","3147","2904","1770","3303","3022","3271","2852","2467","2449","2821","2633","3363","2495","3238","3774","2858","2832"
"0.43_300.29","3738","4126","3734","4215","4107","6268","1834","9125","7416","3754","8583","4191","2256","5647","8397","4603","3303","3837","3571","4804","4237","3214","13636","3402","1890","4057","2918","2174","2616","3979","1867","5860","14463","1620","3351","3236","8246","1806","4147","6801","2053","1704","1841","23622","4124","3139","2482","2361","2631"
"2.72_812.71","1859","4696","1377","2888","2325","4018","1540","1244","2132","1087","1944","10875","8528","5515","3853","2604","11997","3658","1883","1669","1570","4060","1068","3453","5142","12323","5552","7482","4155","9849","5751","13319","7194","5638","6066","14835","2705","8148","5764","7184","11669","7895","8148","3235","7523","7069","1484","2186","4343"
"4.11_929.83","7605","11448","7781","10382","36974","4888","3610","29586","23360","7025","6081","9340","5601","4159","5554","5238","10075","10767","4401","8774","6700","7918","2671","11213","4056","4962","10940","10080","7305","9557","14475","9747","12119","6032","10379","6486","5508","8355","9162","6446","8573","6344","7622","5185","10234","6199","4835","8458","7741"
"3.67_902.82","9493","8939","6616","9453","17553","7724","2814","23455","12069","8595","3787","9303","7337","4489","5932","4776","10236","12772","3291","9194","9541","7029","3889","10364","2709","10139","6344","13344","11101","11878","6228","5191","20349","3729","4113","3967","3018","5063","5900","9472","5239","8303","11724","9128","2111","6534","2666","14675","5599"
"1.13_664.45","5469","2460","7806","3882","3273","2208","3593","5080","4802","4230","3450","3552","3028","3254","3465","1424","4695","2653","1725","6879","4524","3387","3063","2730","2868","3601","2871","3501","3594","3414","2860","4768","3263","2838","1399","3794","3534","3403","3329","3489","2642","3547","4471","2730","4408","3699","2324","4511","3640"
"2.72_926.76","3076","6350","2999","2908","12587","1781","1072","14713","11052","3057","2377","2840","2399","1153","2007","1659","3251","2996","1248","9021","5102","2249","1781","4154","1307","1694","6319","3900","2500","2809","2572","2691","4111","2255","1966","3018","1920","2469","3361","2211","1714","2507","3131","2931","2493","2837","1946","4389","2488"
"2.72_936.77","6828","7248","1971","1434","5672","2401","3771","3558","4652","2339","3806","5970","1508","2169","5588","5759","2400","3749","3456","2389","2180","2571","3332","2787","1555","2011","2229","2197","1484","2921","1264","1780","2282","1242","1546","2190","3839","2590","2724","1709","1283","1823","1872","3483","1340","3290","2007","1869","1851"
"2.93_824.73","6735","7563","11479","8208","14205","4185","2674","34141","26365","9061","8860","6918","7498","2998","8703","4199","10706","9192","4593","34784","27135","6720","4759","10698","4222","8833","12215","13096","8964","15241","4076","7619","13355","3978","3706","7209","4441","4034","6624","8340","4447","7202","18178","7576","5395","13286","4761","11812","6213"
"2.79_852.68","2917","1838","4552","6741","3915","2060","2960","4428","3967","3146","2809","4392","2073","2183","3025","2023","2015","1887","1684","3238","2809","3426","1740","2643","2362","2714","3777","1907","2545","2662","3809","3999","2797","2555","2224","5375","1697","3182","2819","2626","3051","3280","4244","2481","3291","3883","2756","2518","4603"
"1.67_658.54","2750","3784","2224","2254","2271","2802","1963","2921","2304","2160","1879","3302","2698","3376","3358","1860","3410","1703","1869","2665","1684","2364","2177","2735","2416","3948","2941","3628","3345","3563","2570","3727","3382","3033","3066","4942","3272","4666","3571","3650","3399","2608","4110","2404","5066","4243","2465","4102","5475"
"2.53_759.67","2434","3081","1793","2381","2633","5194","1494","1892","1900","1086","1826","4066","3454","5198","2889","3510","3027","4013","4490","1641","1321","3871","1298","2563","3359","6032","3034","2601","3667","3980","4851","4717","2919","3540","4514","3982","3803","3147","4596","3062","7053","3567","2453","3832","2130","5205","2114","2500","2906"
"0.22_277.12","434","4545","1877","1888","11562","8178","6393","1207","1113","1364","2590","7464","22276","3892","3708","1529","8719","2988","13248","315","1580","5438","245","3795","2733","18796","20980","3454","10943","12071","2909","4160","9423","10162","3313","10700","3446","4170","17175","4495","5595","4318","6318","9969","6484","10568","3633","13864","7365"
"1.30_700.50","8649","3344","7920","5315","3111","3341","4498","8837","6737","6423","4552","2422","3445","4113","5477","3756","2303","3395","3504","10570","6223","5885","5755","5818","3415","3164","4855","4917","3428","3512","3721","3212","5818","4665","2561","5662","3834","6188","3706","3483","3139","4059","4812","3273","3568","3842","4624","4066","3375"
"3.61_870.74","3900","6880","4218","4028","7218","5387","2194","19257","7756","6354","2900","8159","7197","3946","5662","3138","8157","11855","2582","17950","9492","6677","3789","9388","3787","6275","7693","13717","8358","10695","3612","7453","15067","3957","2579","4396","5107","5778","4763","8235","3952","7346","16375","7271","3696","9429","3522","11590","4982"
"2.34_125.00","21044","23263","26593","36985","31769","17525","18371","23392","22781","17112","27196","31482","22772","22937","28579","13819","32354","18976","14091","20851","22208","31366","14391","24149","27558","27959","21130","25021","23409","28204","25480","46025","23919","22250","20585","27928","23269","24239","26429","25847","31184","30134","30101","20407","30027","29539","24138","19274","32313"
"2.95_862.75","3878","3612","2659","2669","11497","1610","1600","16580","10497","1940","2469","2992","3084","1509","2837","1950","4965","3963","1640","4748","3061","4203","1635","4120","1923","2667","3793","5226","3637","5057","5442","3437","6016","2527","2133","3710","2158","3225","3911","2946","2123","1983","4338","2186","6605","4176","2007","3445","3665"
"4.25_962.97","1848","1987","888","1044","11349","2556","1370","9148","5759","2589","2023","1293","1364","1487","1696","1714","3068","5414","2584","8081","5986","2035","1433","7341","1444","2910","10722","7704","1764","3129","2400","1877","9451","1465","2523","2114","2604","3015","1873","1617","1695","3381","5343","2319","2015","1745","1383","6270","2779"
"0.51_374.33","7501","2947","4061","2203","5217","3331","3480","3855","4362","4362","2928","2371","3192","2256","10478","1914","2214","2518","3034","5179","3220","3074","4896","3311","3094","2718","2684","3236","7473","3629","2690","5117","3523","2404","1830","2990","3388","3829","2945","3198","3266","3956","2203","6680","2618","4280","10376","2879","2332"
"4.16_946.87","13108","59696","50409","61711","128948","13254","24259","39919","82624","54300","48536","77099","61028","43649","17985","48800","70880","26641","27074","25927","63064","74064","9335","26112","42803","49918","67512","95168","53078","25101","82990","115650","90669","12138","44712","63738","48668","60764","19757","63627","56482","67708","73866","13643","50880","19008","12523","60801","18567"
"1.15_522.45","7986","5923","8049","5638","5432","5596","3856","7384","5740","6579","4401","3639","3570","7758","6803","5421","5114","4858","5306","9535","4646","4454","6449","5677","6363","4397","3961","4566","7908","5217","4256","4005","2853","2779","4014","3925","6437","4519","4153","4939","4598","5147","2953","5153","2036","4304","6697","4672","4444"
"3.14_878.78","2837","4089","3276","3295","16625","2302","1585","22027","12079","2883","2236","3811","3123","1669","3424","3141","4507","6877","2309","13090","4091","2766","1561","5578","1443","3663","6375","7463","4979","4499","3797","3392","11261","2721","2234","2869","2586","2321","4437","3317","2343","2294","4096","2484","4484","5906","2107","8412","4450"
"3.92_1010.89","3225","7018","3544","3070","15699","2986","1786","15369","11277","4973","2908","5248","5116","2284","4441","3337","6705","8699","2512","19403","8453","4359","2450","9849","2123","4922","16533","10020","6483","5440","3084","4645","13089","2805","2766","2863","3946","2510","3722","5966","3117","6720","6570","4051","2331","6248","1925","10486","2980"
"3.25_768.71","21383","14891","4643","8076","9661","4833","10359","5247","10602","5718","8873","9349","7828","6832","9227","10082","12432","12184","5046","8103","3731","7854","6534","5624","4675","7097","5967","5820","11171","5390","2295","5433","6536","10311","1488","12607","6075","8179","4717","4481","5948","14729","15382","9587","3988","17511","4167","24824","4749"
"3.98_932.93","1934","3347","2267","4379","5402","2226","1125","7388","6111","2126","2486","5492","4845","1792","3965","2299","5960","3834","2049","4128","4277","3258","1519","4354","1740","3959","4081","5347","3304","5584","1946","5525","5803","2826","1655","2861","2033","2413","1868","4995","2030","2923","7685","4297","1817","6134","1982","3102","2632"
"2.76_791.66","3294","3063","4478","4949","15059","1371","1961","18224","19575","2516","3138","2761","3616","2136","2408","2519","4373","3006","1685","6826","4944","3482","2034","4097","2280","3288","2802","5241","4045","4759","4396","3636","5468","2644","2798","4536","1995","3052","4274","3821","2154","2905","5054","4328","3066","4461","1983","5319","4838"
"2.10_675.53","2245","3606","2042","3395","2659","3573","865","4201","3201","1919","2068","3413","2203","3424","3023","2786","3630","2787","2256","2260","2525","3713","3067","3780","2262","2995","2917","3936","3057","3362","3697","3453","5251","3459","2859","3635","3056","4825","3409","5258","2955","3681","2979","2733","3990","3572","2715","4131","5135"
"3.25_700.60","4872","4104","3766","4209","3866","3997","3111","3719","5136","2849","3733","7097","3117","2564","7406","2246","6112","5297","2493","2608","2991","3287","2279","5057","1967","2245","3014","4726","6391","2679","2836","10123","3397","3818","3162","3348","5759","4177","4069","2497","2392","6273","7005","2925","2345","4772","1932","4005","5989"
"2.53_772.68","2384","4344","2595","4900","4198","3836","2603","3673","3330","2830","3535","5049","4264","4287","4296","2819","3373","3538","3118","3079","2785","4104","1862","3745","3286","3753","4222","4463","4663","5140","3650","4783","4724","4756","4052","4412","3474","4006","4465","4825","5414","3796","3251","3430","3781","5127","3653","4025","4965"
"3.17_818.65","4214","5003","5786","5586","3749","4553","3367","2239","3100","7892","3864","5276","5684","4552","3147","3360","7408","3786","4068","3158","4421","6338","3138","5893","3213","5944","3834","4183","6376","5433","4276","6811","4520","4241","4285","8123","6034","5545","4834","5300","6488","8682","4557","4844","5075","2643","3674","4292","5399"
"2.93_719.53","3949","4124","3324","3610","3465","3306","2190","4074","2552","2419","2688","3637","2872","3765","3069","2274","3476","2386","1873","3091","2405","2839","2485","3391","2148","2941","2727","2738","3630","3624","2875","3981","3915","3538","3342","4154","3148","3861","3086","3359","3377","3170","3072","2055","3794","2857","2835","4911","4671"
"2.00_782.63","16187","21690","17086","34853","38638","19656","19618","29710","15428","14795","20171","21440","7071","19381","19776","8112","10419","11717","9664","14624","18910","15582","14423","24631","15076","20003","22006","22514","17912","14883","20802","15325","25510","18295","14435","14978","26674","19856","13892","13963","23481","21869","14148","14182","22054","12250","15058","17929","33813"
"1.13_363.25","7574","13929","5329","7591","6910","6959","6681","23165","6863","3515","4451","10545","6103","5146","6892","4964","3909","5483","6721","8056","6685","5794","6693","6788","5539","4245","8414","5797","5845","8955","5326","12960","6947","6920","6071","9842","6977","6568","7005","5363","6064","5162","3818","6099","8664","10244","5659","11193","10089"
"0.78_402.36","69776","21403","37750","19439","44316","34237","28597","30796","45400","38587","22859","20172","34971","19551","99350","13845","16571","16041","22945","46448","26598","25424","36921","27298","24640","26439","23151","33364","72405","25965","20506","31334","28843","19328","13664","28365","30379","35093","26585","19618","25448","36091","13841","41227","20104","30637","65423","24331","29588"
"3.02_1047.76","1504","4664","1476","1075","9851","1038","1167","6432","4638","2140","1257","3029","2349","1917","2382","1257","5945","2400","1237","2327","2407","2490","1452","2785","1113","1711","3275","4622","3618","4945","3738","5622","1642","2419","3123","4111","2973","2680","3823","1697","1377","3930","3121","2152","4113","1275","1652","2973","2770"
"2.93_745.60","1767","1917","2479","1752","3729","1315","1123","7534","6166","2263","2271","2165","1506","873","2046","1221","2423","2420","1240","8374","5079","1942","1432","2466","1204","1770","2824","2518","1939","3422","1316","1768","2634","1027","1246","1863","1387","1197","1740","2788","845","1345","3646","1570","1480","2694","1079","3093","1910"
"3.04_740.68","19338","11734","2424","3318","5929","2476","7079","2526","10590","2947","7093","5039","3152","1952","6708","8569","2152","6521","2604","3422","2946","3285","6230","4319","2768","1982","2816","2365","3625","2151","2069","1886","2424","2295","1776","2076","3000","3084","2538","2502","2603","2455","3418","2815","3059","2569","3527","3358","1961"
"2.02_810.66","2842","2718","2128","2712","3422","2227","1682","2384","2751","1939","1354","3088","2495","4045","2943","1605","2670","2755","1616","2145","2011","2891","1692","3463","2358","3074","2159","3332","1167","3051","2724","2349","3834","2708","2843","3377","2490","3602","3119","3146","2778","3039","2866","2468","3325","3740","1725","3208","3282"
"3.84_982.88","32342","28587","66014","55058","214457","17751","17420","78836","148885","43419","30138","23539","22730","19711","20947","18053","56157","30711","18009","31427","31001","28760","18909","49919","14323","28696","39251","44970","25341","36538","70213","30203","42899","30781","32186","41066","22684","33099","63592","22823","32052","22628","32284","24366","38604","23119","21795","35916","32498"
"3.98_930.85","4358","6088","8255","11276","18640","4578","3333","16606","15218","6251","5896","8499","7429","4506","5791","5199","10475","8491","3410","7283","8791","8684","3104","9525","4410","8390","8326","9921","5675","11782","9459","11546","9268","5433","4765","8669","4224","6171","6813","6696","6545","5723","10308","6140","5540","6906","3428","5472","6661"
"0.23_156.99","14655","5591","16637","10805","4139","5901","14731","7873","9639","8391","6126","3432","3823","4932","5272","3725","3127","3803","2416","15649","11693","3508","12628","4658","5215","3322","3300","3831","3660","2910","3626","5449","3590","3794","3063","5322","4577","4582","6920","3003","3953","5236","3413","3961","4426","5686","11109","12048","7068"
"3.84_942.85","10702","14287","33475","28182","54070","8493","7768","38576","53965","23224","11989","15633","13609","11347","10698","7983","23835","17289","7093","15808","18704","19571","6947","20953","7024","22201","19346","26085","11258","28296","26169","27147","20694","11499","12321","26517","10167","17891","17745","14512","16100","14649","23719","16027","12309","14298","8344","14688","14589"
"0.20_166.11","1664","1710","846","1771","4206","2486","3994","8288","5081","8931","1941","1672","1383","1988","1859","1526","2257","2642","1567","8489","4270","2611","1439","2257","3736","1526","1833","3620","1796","2854","1544","1410","4608","1054","7886","1597","5404","7566","2701","1576","2026","1363","1369","2039","2718","3332","4980","3318","1690"
"1.62_536.47","5367","7542","5234","3646","3877","5687","3043","4179","4150","5346","3572","3512","5583","9761","5841","5108","4576","5314","5145","2767","3679","4001","4328","5957","7873","3489","5055","5693","8631","5336","4312","4394","3162","4646","6982","4820","11026","5926","6800","7311","4713","6058","3355","5847","2684","3148","5944","4262","4918"
"1.93_674.57","3254","4105","2840","3289","2744","3096","1614","3066","3706","2456","2150","2827","4054","3594","3072","1898","2608","2268","2028","4537","2631","2580","2529","3154","2120","3248","3511","3163","3870","3406","2326","3646","3049","2904","3078","5153","3405","4263","3171","3431","3407","3215","4023","2988","3793","3630","1816","4034","4461"
"2.14_700.57","4903","4547","4052","5646","3099","4444","3176","3695","5095","3566","4977","3423","3472","5891","4453","4128","4439","3749","4176","3997","2969","5606","3815","3531","4676","3423","3617","4244","5321","4068","4627","6805","3581","4870","4052","5559","4200","3345","5214","4631","5027","4202","5200","3358","4491","5065","4261","5661","5414"
"3.77_903.73","2035","3504","2576","2604","5285","1417","1065","8124","5618","2560","1665","4160","2949","1031","2945","2225","4493","4713","1403","8722","7275","3233","1574","3976","2067","3402","5376","4429","3680","4861","2260","4059","6096","1790","1752","2619","2281","1719","2991","3817","2405","3108","9091","2921","1917","4711","2021","4431","2988"
"0.20_139.06","2244","1059","834","2169","3421","1703","1129","6957","4672","12314","1881","631","1740","2195","2003","1515","3326","759","193","1277","7739","3198","17235","827","925","2325","912","3722","1312","1717","660","4859","3924","191","2778","1099","1100","893","1504","355","2786","157","475","2938","1135","1949","2392","1710","4700"
"1.74_452.52","3211","1636","2874","1969","2917","2707","6478","2317","6134","2145","3174","2243","1935","2732","2527","2544","2332","2597","1947","3499","2143","1551","2137","1260","1080","2712","2298","1042","2369","1456","1464","1174","5088","1509","1860","4295","1923","2601","1971","2294","3162","2818","1886","2262","1981","29375","2286","2600","5196"
"2.50_884.72","7884","7873","9290","7650","16842","4817","2984","27884","23816","9455","4230","6161","6356","3470","5486","4597","7347","6837","3543","20383","15066","6093","5100","9146","3631","4104","8583","9636","6246","11306","8359","9141","7678","4250","4116","6853","4316","4064","5916","6425","3077","5329","8488","6803","4099","9266","4250","7509","5920"
"2.77_852.73","2937","4887","2431","2814","4927","2751","1830","8074","5363","2096","2270","3003","4106","2989","3462","3077","3555","3687","1975","4270","3218","3626","1832","3497","2612","3010","3924","5041","3683","5050","3286","4539","5432","3045","3483","4253","3052","3096","3947","4030","1895","1955","4565","4300","3519","8258","2495","4961","4867"
"2.59_838.71","1997","4372","2747","2999","2496","2969","1294","6880","3494","1843","1807","3435","2917","2261","3269","1941","3451","2867","1979","3721","1684","2342","1302","3380","2283","2845","2236","3790","3167","3990","2846","3681","4287","1927","2217","3321","1850","3279","3175","3192","2094","2626","3576","3526","2361","5915","1403","5414","2647"
"2.45_787.66","6550","9105","9593","8366","2226","6538","8479","10153","2541","4070","41908","7988","5365","6625","7124","4957","5004","6093","6315","5850","8401","10268","3218","8820","6633","8400","7411","10791","6360","7274","8671","11722","10012","4720","6786","11447","5597","7780","7295","6461","10622","7242","4066","6001","7799","6143","5565","6546","9762"
"2.07_725.61","8624","8379","7397","8974","8666","6970","6872","7322","7861","6331","8593","7176","6965","9129","6916","6149","9639","7638","6564","7437","5874","8342","7256","8372","8699","7778","7331","7241","9331","8033","8054","10034","8650","6354","7347","9646","8662","8519","8222","7331","9810","8667","8242","6822","9521","8204","9432","9001","7962"
"1.55_773.61","2706","3760","2421","3112","6509","2124","2678","3523","3106","3168","1726","5496","3183","3341","4731","1799","6412","2616","2853","2887","2556","3278","2399","4062","2148","6121","2177","3634","3628","6920","3421","4073","4425","2558","2254","7107","1433","2616","2143","1721","1844","3937","5646","1985","4104","1371","2479","1630","2137"
"3.91_928.80","1482","3517","2132","2458","10100","1720","704","8262","6094","2974","1377","2944","2877","827","2043","1474","4128","3777","1362","9805","4399","1739","1386","5016","1034","2460","7905","5402","3407","3054","1016","3115","6784","1436","1767","1694","2644","966","2069","2834","1709","3677","3658","1993","1783","3364","1437","6103","1915"
"1.99_1581.10","3503","4840","2875","3874","3102","4119","3741","3765","3054","2982","3716","3321","2878","3213","4339","3095","3205","3593","3191","3433","3858","3386","4214","3365","3487","3012","3486","3711","2827","1822","4526","3889","5233","3558","4434","3720","2682","3102","4370","3394","3395","2701","3309","3368","2947","3593","4710","3418","3690"
"2.53_758.66","3092","5186","2407","2641","3797","4499","3334","3165","2027","2064","2916","5875","5562","5072","4867","4066","3352","3722","4026","2233","1972","3827","1366","3050","2708","4059","4356","3928","4176","6047","4730","5842","3786","5041","4773","5863","4914","5344","4021","4735","7535","4964","4083","4663","4169","4272","3498","4420","5775"
"0.73_556.44","3044","2980","2285","3404","8501","1831","1813","3524","2672","3726","2726","2860","2176","2168","3213","2722","2550","2830","4703","3552","3829","3750","3015","3726","2070","1961","2401","1945","2350","2076","2123","2122","2382","2050","2182","2243","2764","2911","2494","5174","2481","2641","2400","1551","1835","1795","2772","1993","2428"
"2.73_720.56","2516","3297","1977","3347","2475","2800","1355","3880","2881","1713","2729","3158","2552","2947","2665","2475","2135","2142","1758","2656","2524","2242","1947","2391","1953","2623","2458","2972","3104","2960","2231","3607","3044","2487","2588","4510","2484","3479","2908","3443","3513","2581","3082","2253","3014","3319","2881","4231","4632"
"1.99_745.59","5003","8826","6688","8630","6744","5437","6491","7032","7342","4453","11651","4672","7404","9487","6048","5503","10370","7636","3490","7340","4346","10435","6675","9264","9812","11274","5455","7197","14664","10955","8223","14137","6728","10404","6094","14889","6105","9687","10525","7643","10295","10361","8910","6588","11432","12745","8418","9235","10933"
"2.14_838.56","3915","4828","9756","16930","4267","7206","6301","2802","5615","5349","7397","4570","3873","3102","5734","3348","2664","3475","10558","4870","9131","5548","8112","6088","3850","5657","5354","4349","6299","3391","3889","4927","3488","2963","4230","3128","3702","3286","3594","4075","4600","5566","5414","4213","3674","3696","4027","3185","5048"
"0.73_600.47","2417","2608","2526","3456","7724","2745","2317","4161","3019","4010","2627","2839","3242","2728","3112","2931","3043","1788","5725","4147","3785","3543","3963","4445","1941","2874","1811","1785","2476","2480","1983","1677","2313","2324","2256","2289","3303","2390","2434","2322","9036","1115","1943","2539","6357","1871","3579","1610","1947"
"3.57_1084.90","2765","9183","1763","2234","16117","2447","1162","10635","5914","2996","1881","3671","3567","1396","2723","2478","4250","5842","1770","6562","4167","3082","1291","6143","1098","2408","12435","7003","4390","3578","3402","4574","8409","2087","2689","2534","3420","2063","3764","2824","2494","4339","3318","2331","2866","3507","2243","4601","2850"
"1.31_746.50","7301","5615","5560","6545","10780","3078","2806","21593","14831","4442","8148","5770","3651","4328","6194","2587","6836","4689","3140","5920","5531","7626","3072","7345","4457","5312","7367","7106","6009","6082","4916","6794","9586","4384","3971","6875","4375","7802","7198","4825","5548","5514","5918","3261","6879","6175","3332","3937","6987"
"1.05_369.38","54122","22010","20543","20635","14192","23850","35048","14867","32355","20008","12398","14996","22925","28498","35808","37240","55208","27541","19159","53164","17963","11353","40234","11918","25631","37346","22993","6348","32695","13354","8326","10519","63463","15472","16914","93979","26892","38019","17520","39525","52645","7353","8537","8666","15230","47052","24681","29719","15921"
"3.60_786.70","6430","4638","4964","7413","3693","4885","4279","3649","4909","6669","4389","6814","5710","4055","4454","3330","6086","3633","2624","5996","4890","5962","5624","4706","4028","5167","3972","3694","4938","4569","5363","6240","5560","3674","4718","7342","5445","4101","5478","6725","5943","7086","7838","5684","5589","5551","5199","7793","6455"
"4.11_960.96","7976","14897","10355","16350","23887","8102","4704","20687","15600","10898","11097","12692","15560","9106","13327","11775","16754","17358","4970","12060","13296","14585","3650","18769","7533","12782","16721","18905","12839","11521","17374","21360","16714","9052","9969","15963","7878","12386","11667","14239","11912","14603","17836","14822","12335","16127","6571","12264","13972"
"3.39_1042.85","5955","12739","6806","7071","20464","6071","3255","18157","16462","10764","5325","14091","11992","6067","7967","7956","18586","14553","5122","15196","12843","12535","4162","16779","7340","7341","15622","19352","11789","18710","13935","24376","16571","5945","8122","14158","9536","8008","11359","13107","7636","14281","16993","13730","9500","14535","5086","9799","10887"
"3.04_1325.27","3271","5108","3034","4222","2696","4006","3325","3230","2447","1857","3272","4433","2938","3098","3989","2379","4470","3582","6006","1755","2468","3356","2761","4017","4392","5027","3088","3071","3196","4256","4003","4594","2580","4854","3864","5917","4053","4115","3702","4673","4222","4081","3518","2288","3447","4391","3448","5926","5969"
"1.98_813.68","2213","2658","2056","2031","2234","2888","1980","2903","2932","1571","2010","2845","2580","2826","2384","2505","2271","2196","1869","2167","2651","3547","2269","2646","2504","2379","2285","3233","3040","3104","3148","3254","3588","3029","2733","3122","2399","4910","4242","3161","3169","2283","3511","2952","4136","2760","2690","2864","4689"
"1.98_166.06","3689","3394","4009","4020","4085","3328","2449","4420","3543","2636","3198","3141","2076","2951","3727","2621","3657","2584","2194","3157","2629","3782","2532","3906","3757","3821","2667","3675","3703","3553","3749","4910","2961","2657","2273","3546","3431","3521","3850","4091","3955","4876","3302","2403","3715","3619","3094","2753","3620"
"3.98_927.81","6406","5823","7445","8755","33135","3625","2792","20045","20988","7549","5599","6611","4985","3960","4635","3336","8512","7706","2967","7719","10034","6607","2866","8327","3491","5153","7452","8431","6128","7421","11280","6290","9373","5024","5955","7127","4317","6122","7754","4424","7079","4821","7192","4198","5978","5241","3307","7025","5204"
"1.83_537.34","2988","3258","5354","4095","5103","1963","3590","4210","3861","3089","2573","2846","2419","3119","2956","2459","3989","3485","1595","3834","3621","3385","1957","3937","3057","4209","2754","4491","4093","3742","2849","4006","2930","3973","2739","5249","3103","3840","3286","3844","3940","5695","3613","2594","4496","2764","3183","2860","3394"
"2.07_666.48","5543","4319","4623","4396","4533","3793","3975","4072","4029","3527","4832","3765","4576","5121","4973","4508","5338","4388","3333","4636","3477","5199","4117","4340","5481","4218","4497","4267","4646","5104","4227","5282","5453","4383","4372","4872","4483","5216","4678","4955","5040","4760","4240","3504","4862","4649","4526","5420","5071"
"2.63_696.65","37102","36088","25625","28739","47005","41950","27201","37184","34967","34211","34680","37131","26117","25785","78291","22233","25313","22188","24938","24273","26631","41613","21595","44683","37001","38816","33088","51290","51754","36505","25657","51214","30500","24391","22264","43507","41491","51624","33064","24968","35000","43667","24118","38308","28893","43333","44035","28649","37416"
"2.54_920.75","2355","4016","2536","2453","6113","3120","1608","9521","4915","1814","1862","2768","2973","2345","2870","1993","3619","3091","1732","2577","1806","2675","2018","3887","2135","2106","2580","5644","3559","7506","3853","4429","3831","2502","3111","4618","3373","3626","3861","4011","1448","1573","4630","2811","3507","6462","2035","5540","4742"
"1.42_369.34","4708","3674","6326","3761","5121","4609","5429","4156","5272","5434","3887","4590","3899","3795","4805","2612","3478","3196","2907","6303","5222","6215","4197","5550","2875","4261","3628","3367","3490","4105","3622","6325","3564","3117","2956","4174","3801","4576","4336","3248","3156","3579","4523","5904","4582","4548","4195","5194","8519"
"2.73_758.22","230722","147957","70558","35874","3298","48050","44974","67417","101052","79194","40159","118945","90235","2670","87658","62843","85936","52833","89283","37529","106975","45746","122950","65089","79750","79892","57225","52800","45664","81595","6548","2411","2014","43986","2393","52306","50838","46299","50275","120472","63433","2182","147757","47530","92755","77700","34215","54993","2310"
"0.60_369.30","7228","5807","10190","7085","5034","6980","7570","5788","7496","6689","6746","4876","7347","4225","6736","4851","5734","4673","6227","11472","8994","9902","10248","6900","5482","6041","6643","4642","6372","5398","4758","6495","4491","5224","5328","6866","4560","5715","6479","6369","4703","5585","6660","12372","6657","7916","7218","6196","9231"
"2.03_784.59","6010","12147","7781","6622","13841","8328","3953","15903","6989","8338","8141","16188","6058","11523","5805","6819","5760","3833","6621","7404","14317","16418","5471","3338","4841","7404","4795","5371","6900","7375","4817","17235","7775","9793","6777","3310","9185","7318","6256","7273","5792","6415","4156","6229","8468","9009","11297","3412","6619"
"1.95_612.56","7029","5195","3088","3213","9667","6154","3784","5287","6255","4863","4930","5767","7927","3944","14554","3469","4731","3969","4116","5720","4376","5474","3444","6534","4414","6580","4835","6874","10973","5485","3101","7559","6136","3934","3140","6228","5273","7511","4855","5598","5690","5728","3691","6757","4783","5696","8020","4624","7933"
"3.16_724.66","5972","7833","7583","10240","10044","6939","6524","8970","6785","4774","4859","7985","7626","7480","7290","5296","7965","4788","3934","6927","5991","8165","4477","7281","5693","7943","5980","6480","8223","7834","7173","8516","7770","7302","5956","7807","6185","8857","6609","8122","8399","6460","8426","7475","7532","6733","6162","8302","11653"
"3.97_523.47","4886","4994","3033","3272","5125","3116","2047","12424","4254","3282","1935","6170","7394","2064","4934","3056","5723","9787","3256","10936","7174","4660","2399","5735","2788","6259","7119","8878","8718","7114","2654","3609","13045","2237","2243","2658","3166","2921","3457","5384","2863","5914","11594","4635","2313","6390","2524","8727","3986"
"2.12_888.64","7636","8461","4836","4505","18336","2900","1977","25691","18573","5126","3400","4503","4856","2292","3903","2998","5761","5388","3860","7555","5763","4250","3455","5992","3052","2819","6291","6540","5024","5945","9399","6574","6463","3827","4855","5243","3708","4440","6838","3894","2878","4116","3856","4574","5957","4295","2955","5047","6081"
"1.98_845.64","3930","2883","3867","3412","3659","3364","2811","3495","3569","2902","2432","3390","2664","3122","3324","2448","2723","3065","3275","2817","2775","2896","2663","3046","3421","3198","2283","3490","3496","3381","3207","3359","2232","3550","2879","3639","3463","2847","3439","3751","2870","2410","2698","2947","2898","3210","3563","2526","3439"
"4.11_918.85","8724","15236","11601","17312","30940","8936","5808","28554","24658","13017","13840","20441","16079","10529","13092","12689","20704","17581","6865","19045","16439","17953","5329","22071","9813","13653","19089","20510","13070","22087","19290","25857","19166","9683","9840","16699","10740","13747","13470","18216","12227","16681","21619","15162","12697","20288","6501","13172","15124"
"1.80_149.02","7850","6973","8114","6176","8119","8207","7337","7325","8264","7958","8341","7167","7334","7592","8501","7015","7214","8225","7287","8648","8045","7585","7501","7659","6846","7663","7165","8142","8253","7664","6892","8223","7039","7096","6663","7650","7142","7146","8548","7063","7619","7413","7227","7168","7944","7364","7007","7988","8588"
"3.70_954.85","13716","12806","15134","16818","31895","4167","6066","22788","44484","13863","5849","6500","6987","6649","8349","3606","13891","8224","2904","5882","9576","12536","3381","10714","6303","11875","7999","13260","4982","15737","12847","11458","11069","6710","6217","11149","7483","9448","8744","7229","8651","8045","12118","8700","6081","6817","4741","6773","7922"
"2.77_892.75","7478","9228","1748","2879","7842","2761","3137","6298","6192","2927","3922","5879","4789","2508","7099","6476","2789","5145","4145","2844","2105","3351","4998","3688","2329","1813","1358","3262","2620","4087","1492","2247","1412","1738","1490","2683","3721","2460","2970","2808","1554","2024","2842","3700","3269","5077","2651","1037","1954"
"2.71_796.70","5405","5138","5755","4595","3270","3567","3229","20379","6993","6546","2383","5088","4929","2942","3544","3083","6587","5829","3393","23336","8076","5164","4530","5826","2634","4869","4420","9943","6247","5990","2582","2932","8659","2530","3558","3674","3288","4721","5145","6349","3996","3211","7561","4258","4350","6252","2731","9770","5521"
"2.76_893.75","5565","5309","1137","1776","4088","1849","2095","4444","5834","1512","3438","5060","2204","1841","3858","3901","1829","3425","1914","2620","1401","1516","3075","2293","1337","1295","1695","2398","2644","1895","2440","1462","2702","943","1731","2417","2395","2490","2467","1946","1365","1204","1696","2436","1766","2277","2108","3756","1973"
"4.11_986.91","84439","141208","64399","91275","278787","35433","34870","207487","188417","69000","69006","96736","61537","45534","57683","58456","90622","93178","36902","81298","65189","69980","26955","104157","38141","44991","113352","95134","76889","75365","154969","88084","104639","69299","88037","66279","59872","82103","87177","60522","76005","63749","62523","47791","116511","71193","49240","74843","78920"
"1.54_383.33","4448","3301","2767","3290","3068","3654","1518","3705","4645","3063","2805","3363","3964","3127","3595","2222","3567","2577","2207","3040","1973","5779","3179","5243","2695","3328","3426","3851","4005","5408","2051","6148","5833","3502","3183","6309","3623","6587","4655","4455","3193","2961","4221","3449","4802","4170","2499","4295","5353"
"1.97_676.54","3374","3286","3454","3946","2292","3108","2660","3827","4363","3130","2594","3033","2421","3568","3591","2613","3856","2548","2769","3286","3101","3061","3753","3135","3075","2825","2860","3024","4138","3282","2770","3093","2891","2965","2833","3322","4193","3245","3799","3722","3333","3280","3101","2474","2686","3584","2836","2963","4164"
"4.11_857.75","1471","2232","1692","1860","3068","1761","660","3506","3300","1201","1474","2932","2814","1206","2520","1475","3336","2967","1254","2904","3436","2240","833","2803","1391","2559","4237","3079","2674","3422","1386","2435","3441","1389","1324","1730","1283","1676","1521","2283","1356","2695","5187","2051","1363","3125","1148","3653","1933"
"1.30_650.44","5228","3568","4618","2492","4186","2422","2857","4605","4182","3358","3666","4566","2785","3769","4209","2658","5484","3432","1973","5076","3950","4199","2336","3985","3323","4263","3164","4446","3256","4455","3321","4797","3602","3350","2655","4523","3726","3342","3553","2828","3948","4651","4192","3314","4337","3467","3999","2717","3752"
"2.52_842.65","3973","3863","5341","4407","8017","2204","1511","13092","10206","3908","2384","3198","2626","2035","2771","2303","4078","3987","2377","7842","7093","3467","2390","3922","1933","1786","4522","4225","3028","5225","3644","4594","3435","2770","1925","3376","2347","2243","2726","3314","2159","2820","4041","3764","2247","3649","2237","3875","3254"
"4.52_1040.93","5109","3807","4757","4747","3239","3579","3418","2955","2774","3587","4182","2927","2062","2802","3939","4594","2034","3018","3509","3995","3689","1757","7282","2137","4880","3672","3029","2665","3750","2300","3585","1591","2437","3086","3987","3422","4444","3064","3403","3611","3295","2913","3422","4792","2544","3278","4700","5285","3035"
"2.29_961.80","10536","8476","1849","1518","4399","1630","3394","3034","5709","1841","4733","2945","1461","1475","2898","3849","1561","2833","1241","2219","1249","1424","2749","4045","1551","1520","2390","2223","2326","2174","1742","2986","1544","1469","1071","1544","3166","2362","2736","2221","966","1061","1681","1958","1775","3491","1672","1486","5812"
"3.95_861.78","7632","6093","5464","7920","14934","4035","2534","17312","10946","4041","3079","5514","5727","3457","3359","3122","6768","2739","2065","2318","5533","5788","2532","6914","1873","5365","5968","7652","2525","3353","5435","7376","7929","3551","2262","5511","2969","4488","2970","6287","1956","4728","8377","905","3347","6454","2018","4812","4439"
"3.98_906.85","36271","37362","18982","24842","26731","30763","13707","65181","29802","19056","19936","49107","47916","15488","35394","28395","43118","59252","20369","57757","39848","31397","20943","39083","17028","38522","49564","51968","38263","52655","16015","26085","73481","17103","13632","17391","18801","23785","17894","41634","17920","36172","74900","34244","14705","56368","14763","36308","25469"
"3.46_796.74","13389","10051","2550","3055","4015","2809","4489","4074","6820","2941","5628","5000","6024","2007","6171","7134","2114","9611","4228","7641","3661","4690","4914","4931","1898","4896","3583","4051","10280","2744","1810","2148","4605","3664","2003","1925","2768","2691","2995","3234","2353","3362","4225","3057","3173","3032","3573","10810","2362"
"0.40_244.23","4240","2812","1244","1695","1395","4106","4458","5456","6850","6033","2820","2925","6677","5802","3018","6947","49288","1788","1426","6100","1961","1777","3285","6527","2091","3085","1428","5330","22639","1940","7062","2435","6145","6155","4007","1395","4067","6750","6065","13717","5333","5080","3675","1471","4768","3302","1601","6251","5941"
"2.37_812.54","3293","2979","5415","4917","3155","3519","4425","2640","4241","3810","4065","3415","3261","2628","3025","2301","3322","3964","4340","3839","3916","2672","4362","2729","2936","3990","4359","3301","2726","3971","3258","5098","2198","2819","2318","2751","3606","2809","3719","3301","2854","3783","3992","2974","2420","2962","3828","3438","4752"
"2.35_763.60","68020","73336","61363","106899","91466","49812","54443","79932","65889","48352","84199","117887","74926","67569","87945","35504","110684","58457","27102","59287","66090","86704","29923","82679","84397","96606","63776","75098","64274","84694","83721","137995","76014","71556","54805","92489","68558","74756","79577","90017","94245","94104","109371","63730","96505","100497","74235","56627","89828"
"2.73_740.65","1776","3532","1596","2687","3297","3341","1772","3725","2132","1981","2219","4295","3563","3903","3906","2837","3809","2379","1981","2439","2386","2737","1381","2818","2729","3798","2568","3803","4077","3913","2446","4587","3484","2731","2579","4890","2510","3685","3254","3967","4750","2977","3498","4034","3748","4856","2668","3025","6129"
"0.19_188.99","6947","3390","2442","6966","4643","1629","4131","23078","1677","9760","4980","2750","1500","4071","1717","1584","1539","1929","7466","4283","4262","2427","6239","3247","1708","6727","3396","3313","3962","2430","6269","1370","2797","3304","1991","1425","1737","2113","1797","2989","1843","3388","1514","1627","4296","5133","6792","1632","2482"
"1.82_813.68","3032","3655","1761","3278","2602","3835","1865","3910","2236","1808","2493","3335","4731","4099","3970","2318","2809","3542","947","2642","1997","3453","1763","4751","3891","4064","4309","3837","4183","4367","4385","3764","4185","3555","3391","5219","3832","5099","3509","4400","3624","2964","5157","2327","4623","4337","3047","3857","5686"
"0.94_416.37","5361","2347","3747","1941","4243","3483","2304","2686","4557","4100","2274","2830","4386","2168","10208","1518","2285","1974","2041","4221","3003","3117","3482","3089","2549","3104","2249","2989","5869","3452","1868","3922","3051","2682","1776","2762","2761","3427","2603","1977","2541","3967","2297","4988","2040","3799","7076","2605","3045"
"3.13_852.76","5145","5039","5663","4456","12444","2504","1422","20138","16085","7519","4134","4334","4044","2167","5166","2686","5191","4647","2521","30791","12160","2933","3053","7447","2222","4176","11335","7532","5642","4655","2677","2932","7957","3199","2176","3094","2748","2032","3803","4548","3033","3134","6162","3566","3615","6674","3478","10078","3397"
"4.37_990.94","5098","7266","2829","4305","27069","3874","2535","12157","7334","7710","5170","4889","6145","2329","4440","3332","4813","8642","3116","9020","5765","3500","3963","6268","1657","3975","23669","12821","4526","4790","3033","3435","13851","3933","3091","3057","3161","2846","2860","2955","2754","4054","4343","2931","2859","4237","2752","9501","3058"
"3.08_837.75","4850","2595","5196","5112","6175","1997","4358","6863","4617","2745","4951","1936","4373","2217","5456","4228","2201","1806","3794","5653","3720","5718","1745","6690","5573","1767","4874","5769","3858","3019","5148","3228","3881","5138","6110","3193","2766","6538","3465","3631","3749","6417","3278","2361","5740","2771","5077","4138","2906"
"1.99_125.00","16450","13992","15097","18134","16102","13566","11788","17413","14793","10286","15364","16686","10605","13238","15908","10540","15709","12704","11827","13996","13345","14889","11242","17308","14809","16152","13639","15736","16140","14584","14233","18636","14017","13463","12963","17913","14288","14087","14511","15751","16536","17961","15116","11646","14975","14911","15142","11354","17784"
"1.30_706.47","3635","3031","4244","3912","4149","2009","2921","3110","3773","2138","3994","4584","2953","3332","5256","3071","4410","3116","2221","3877","2632","5374","2661","4739","3186","3222","2788","4374","3010","3669","2902","3867","4466","3021","2456","3224","3848","3649","3891","3966","2531","3135","4887","3163","5156","3608","2598","2236","2867"
"2.01_758.57","16554","10139","20743","41770","24860","12785","15813","9058","22258","11724","15858","26354","13683","11298","20957","6432","11424","16556","7858","10275","17195","18671","6442","10150","23307","18116","14758","16086","15284","21042","16607","26017","12514","18780","12244","14762","16693","18840","8237","21087","18241","16815","16894","14467","18536","23106","8265","11566","11036"
"3.99_942.85","3645","4236","4469","5861","19267","2335","2609","10088","10887","4074","3347","3518","3562","2445","3530","1841","5560","4324","1767","4347","3659","3432","1918","5367","2524","2897","5845","4765","3714","4189","7055","4083","5166","3396","3964","4033","2334","3945","4862","3012","3786","2592","4310","2942","3968","3349","2334","3701","3580"
"4.24_1014.94","6067","11593","4826","6745","20050","3156","3075","23458","15059","3892","4228","6333","4097","2939","4297","3178","7291","9483","2332","5393","4811","4764","2161","6815","2103","3074","7193","6452","5459","7340","13918","4811","6764","3917","14331","3243","1944","5014","6117","3087","5226","4532","5616","2875","3778","4290","2541","4938","5859"
"4.12_986.97","4961","7093","3617","3620","16310","2710","2574","11115","10415","2078","2045","5640","2176","2396","2343","3217","5643","5830","2493","3110","3513","3128","2061","6414","3067","2543","6325","5178","3443","3779","9291","3210","6758","2135","4255","3729","1900","4794","3817","2153","3463","1613","2363","1673","6133","2732","3002","3247","2324"
"0.26_89.02","4344","16496","6901","6032","8362","2954","4675","1224","1484","1198","1149","1997","2331","8567","12205","1494","1038","1655","8997","3242","5763","7768","8652","1915","1064","10126","2132","9085","12791","11713","1986","9750","7834","2175","1922","1179","9264","1598","8112","1164","7710","6319","12563","2217","11657","2140","1356","7776","15173"
"2.83_823.89","546","6544","464","5301","5485","5728","4230","600","6260","848","509","6970","5559","710","9738","4866","7372","5360","5788","496","2960","6718","827","704","6784","7950","6821","7244","359","6080","6084","6642","499","671","571","457","6933","5866","6852","5631","351","6218","7802","562","556","6456","6891","6417","6933"
"2.11_752.62","2957","4068","2291","3570","2289","3969","2111","5548","3730","2298","2432","3263","3310","4453","3296","2303","3506","2903","1729","2684","3017","3090","3233","3320","2395","3566","2940","5209","3792","3303","3839","3114","4290","4799","4204","5579","3596","5406","3542","4919","3117","2845","4167","3497","3511","3830","3200","5640","6296"
"2.75_834.72","4383","2674","4366","4488","8370","1785","1836","14724","15426","3601","2639","2727","2552","1467","2197","1693","4173","2736","1724","5908","4209","3606","1930","3936","1302","2822","2896","3998","2208","4605","3343","4129","4513","2132","1850","3771","1876","2286","2493","2716","1813","2055","4754","2584","1947","3414","1598","4806","3076"
"2.79_787.61","2756","3687","2653","2914","4673","2474","2600","5980","6697","2038","1801","3495","2810","2049","3366","2332","3579","3092","1493","3210","1924","2294","2147","3070","1980","1823","2760","4416","3332","4301","2717","3047","4198","2792","2603","2995","3124","2374","2346","3558","2379","2604","3426","2528","2874","3907","1936","5546","4801"
"4.25_938.90","5245","6843","4569","5406","7735","4575","3475","10015","6337","6807","4527","6411","11986","3866","6054","4403","7938","10991","4778","18974","12567","4931","3341","9104","3219","10289","16228","11350","7408","7480","3319","4445","13446","3199","2693","3541","5260","3510","4247","6701","4078","7661","10117","6508","3099","8854","3217","16098","4493"
"3.16_822.73","2143","2666","2077","3461","2017","3846","2352","1992","3301","2267","3536","1836","3485","5010","12554","3298","2773","4849","6243","2131","3807","5702","2431","6120","3091","2308","7984","5830","5201","2956","4940","4106","9852","3491","3367","3568","4855","9902","12061","5813","3094","3071","3951","6982","3652","14973","1907","2936","7939"
"2.89_806.70","5626","4320","5634","5171","6895","3527","3505","4209","8391","4384","2894","3587","4837","3577","4564","3220","4576","3569","2548","2932","5299","8142","3575","4079","3120","3886","4271","2811","4788","4100","4109","5289","3714","3696","3521","4172","3924","4896","3230","3404","5852","3878","5267","4209","3437","2907","5369","4247","3423"
"2.24_740.60","3509","3357","1567","1837","2668","3505","1698","4919","2837","2375","2192","2707","2021","5004","2286","2134","2630","3121","1916","2717","2260","2093","1702","2878","2722","2587","2265","2594","3284","2847","3361","2268","8605","3374","5165","3259","3390","3760","2756","4355","2826","3662","2416","2209","3109","2983","2331","3645","2370"
"2.11_944.70","2272","2500","4317","2356","7104","1106","897","9025","9954","4670","1347","1969","1901","1299","2012","1613","3701","2259","1013","3383","3171","2122","1806","3014","1314","1973","2870","4351","3435","4877","2988","2884","2428","1750","2103","4330","1828","1950","2501","2183","1203","2303","3005","2566","1507","1868","1678","3035","2133"
"2.73_755.63","1265","4466","1582","3655","2866","3685","2256","2071","1795","1709","5294","3251","4126","3682","1832","2038","3108","4041","2662","1892","1780","3012","1639","2079","3187","3327","4253","3148","2396","3614","3323","4326","4278","4214","4186","4539","2690","4714","4944","3402","4799","3621","4098","5073","3763","3806","2435","2766","4109"
"0.21_497.25","4082","4302","3027","3431","3513","2437","1617","5651","4212","2839","4783","3427","2039","2624","3778","1483","1605","3194","4606","3778","4319","2355","5783","4779","2733","2647","2838","8095","2156","2317","2088","5272","4940","1983","2890","2719","3333","3289","2023","4454","2895","2133","3036","2072","3729","1787","4072","1878","3251"
"4.11_972.90","25366","35669","17292","24391","78894","11265","9744","58218","47346","19411","19072","25790","16752","13740","16230","16656","26087","25913","11364","21601","17475","19879","9132","28040","11519","12034","30600","27089","19293","22070","40883","22459","30317","17631","23313","18300","16087","21884","24356","16283","21318","16913","16915","14591","33567","19497","14267","21958","21187"
"2.40_668.62","63596","53536","41496","28972","50949","64590","47541","51768","64525","72772","46483","40574","53689","44026","110230","41840","34197","41778","46601","46717","42549","44940","40628","60068","60463","49445","49791","64922","82168","45810","37922","31685","58364","35740","42736","53255","66734","59469","53633","35286","44182","39262","35937","68932","41176","58608","71304","52593","35517"
"2.75_765.64","3515","2725","4749","4987","10658","939","2178","17352","16493","3051","2211","2129","1470","1217","2021","1208","4270","3884","1631","7337","4924","2595","2532","2905","1119","3216","2848","4545","1572","6182","3055","4726","3490","1325","960","2720","1960","2565","2928","1732","1635","1371","5303","2820","3681","4627","1858","3531","1271"
"0.97_360.36","9987","8341","16203","6405","9545","26675","10976","8179","7283","11058","12686","8750","8928","6948","9633","8238","9734","6976","7961","10815","7844","6942","8270","9734","6048","5821","8209","7719","9362","11081","8199","8918","10319","9550","6065","8087","8268","13377","12475","6525","8380","6021","5888","6274","10209","10354","8830","9298","8633"
"3.45_868.72","2277","2332","1907","2049","4524","1721","799","7868","4800","2634","990","2854","2636","757","2052","1638","2830","3737","1030","4758","2946","2190","1413","3507","1502","3033","2717","3820","2016","3431","1712","2513","5031","1164","1218","1814","1878","1066","2065","2424","1056","1644","5296","2586","2201","3523","995","4815","2052"
"1.58_772.61","5156","10157","6361","6554","11337","3650","3537","9467","3755","7778","5665","11084","4642","6505","8349","2289","9720","4559","5867","5100","2683","8170","2493","7002","6911","11910","5297","9076","5503","13541","7073","9786","9757","8725","5496","13486","5497","7794","5270","5183","8973","8334","11671","3855","11962","6164","3809","6537","8805"
"3.48_660.66","6034","5393","4906","5370","4345","6093","3451","5153","4190","3487","5078","5654","3611","4719","4135","3981","4282","4537","6446","3867","3589","4992","3949","4835","4127","5297","5111","5004","4806","4936","3903","6237","4832","4568","4874","7101","5547","4488","4618","4145","4555","4502","4112","2557","3920","4506","4206","5586","7064"
"3.88_872.84","1814","2008","4017","4991","31085","2003","1873","2273","2940","2296","2201","3432","2618","2323","3288","2469","2553","3218","2059","2096","3805","2296","1758","2019","1644","4727","2745","2945","2630","3662","2048","5403","3208","2850","1765","4987","2234","2148","2181","2073","1937","2390","6777","3305","2086","2922","1940","2475","1869"
"3.44_862.75","1763","4529","2482","3132","7445","2738","1014","11664","5569","2194","2275","5587","4188","3047","3670","2732","5981","4663","2295","3214","2495","3005","1543","5549","2811","3284","4360","7171","6297","7993","3638","6291","6810","2847","2077","6640","2733","3491","4551","5769","2047","2713","7334","4853","4865","6693","1313","4572","4785"
"2.97_1046.77","2591","3214","421","897","7356","1090","703","6699","5550","1750","1806","3012","3704","886","1544","1353","2302","4162","683","1004","1874","3034","410","2556","1198","2557","3193","3529","2689","3909","2963","4658","4106","1498","2094","2992","1473","2441","2685","3174","2739","2518","2887","1316","3977","2117","1543","824","2692"
"3.84_968.87","8715","8600","20181","15411","57945","5942","4625","21264","38998","13178","8284","7470","7155","5971","6477","4898","15499","8525","5211","8584","9310","9316","5922","12968","4511","8659","10602","13726","7569","10023","19125","8102","12344","8613","8773","11730","6431","10040","18368","7404","9449","6570","11484","7372","11089","6916","6429","10608","10058"
"2.20_858.58","4074","3916","3769","2721","4757","2274","2842","4329","3793","3948","3155","3658","3079","2587","4757","2686","4285","3084","2081","3656","3243","2564","1912","3266","2557","3246","2627","5223","4060","2943","2031","3244","4568","2614","2298","3024","3342","3571","3569","4369","3139","3963","2565","2985","2676","3489","3136","3111","3202"
"2.11_737.58","6050","7845","4436","5866","5929","7886","4289","9055","6447","4164","4841","6218","6378","9742","6073","5263","6322","5547","3922","6827","7122","6653","5014","8034","4871","6307","5778","9885","7585","7226","6672","6290","11127","7745","7441","9916","7324","13997","8845","10150","8668","7306","7074","5671","7299","8277","4462","12050","12077"
"0.47_474.34","3491","5319","3327","2757","6147","4224","3793","4664","6921","2870","3649","5305","3094","5212","3723","6138","4044","4634","6486","5413","3565","4450","3180","4804","6760","2849","4360","4944","6284","5099","5010","8481","4981","4945","3609","6688","12256","4991","5582","6107","4464","6372","2342","4412","6406","7991","7140","5087","4538"
"3.41_944.74","2823","2654","2659","1799","5741","1584","1078","5751","5073","3136","1207","2322","2526","1426","1998","1578","5222","3089","1406","2756","3730","2811","1161","3240","1163","2778","2825","5665","3100","5133","1708","3614","4232","1503","1484","3195","2066","1700","2892","2618","1496","2536","5612","2749","1788","2957","1572","3735","2655"
"0.69_530.30","5350","4023","3407","3371","4214","3169","2836","5615","3120","2415","2876","3638","3166","3120","2698","2446","3201","1993","2160","4229","2859","3071","3022","2831","3194","4930","3466","3031","4105","2748","4047","5330","4008","3992","3704","6228","3257","3722","3262","4535","3498","4129","2819","3225","4840","4323","3555","3908","4376"
"1.97_748.60","2998","3914","2983","3389","3364","2097","2230","3259","2252","2102","2956","2923","2682","2587","2915","1904","4068","2826","2467","3534","2187","3378","3125","3212","3998","3511","2841","2986","4137","3378","3263","5441","3318","3048","3344","5336","3157","2948","3186","3320","4429","3262","3071","2495","4092","3649","3813","3008","4187"
"0.78_614.48","3199","4031","4739","10044","3246","2999","2999","9724","5738","2634","2697","3600","3825","2289","3050","2404","2584","4137","2637","4255","2339","2344","3841","36067","1804","2230","2714","2017","2476","3300","2276","1863","4806","2209","1879","2639","2090","2778","2487","3527","3887","1933","2457","2983","5152","3099","2277","2583","2394"
"1.98_797.56","3484","3342","2962","3531","4059","4288","3289","3140","2856","2661","3689","3466","3498","3282","3422","2574","2728","2780","3173","2599","3591","3301","3432","3511","3408","2931","3218","3073","2880","3177","2889","3214","2993","2971","3269","3185","3908","3853","3524","4015","3434","2910","3318","3942","2861","3407","3005","3887","3993"
"1.99_184.07","86044","77246","79665","112435","90234","72682","65072","92037","78456","63995","80807","87252","55750","77553","89613","56881","92615","64168","59095","78835","72404","77424","60004","89164","82417","87339","68070","83635","87394","80792","74776","102814","81647","70550","65081","95420","79023","81846","85368","88763","85398","102679","77787","63674","82046","77963","76265","70341","105769"
"2.46_828.66","3750","3940","3412","3762","3422","3287","2167","4456","3088","2671","3890","3662","3667","3400","3554","2273","5156","2511","2721","3381","3050","3223","1896","4530","4346","3904","2909","2835","4187","3622","4657","5699","4044","4266","3494","6101","3375","4718","4326","4098","3681","4790","6289","2356","3570","4787","3422","3989","3299"
"3.97_890.82","4109","4476","4313","5405","7357","3613","1729","10077","8625","3576","4850","6493","6295","3388","5285","3643","8981","7196","2603","6846","6117","4329","2839","6752","3092","5740","6064","6787","4011","7217","3525","6551","7376","2967","2213","6660","2737","3823","3538","5724","2713","4552","9366","5165","3896","7223","2340","4157","3167"
"2.29_983.86","18030","14711","3376","2602","7188","2023","5254","2846","8731","3113","7826","5517","2579","2181","5726","6403","2355","3598","2185","3807","2637","2279","4347","5877","2243","2492","3566","2482","3560","2474","3073","3349","2120","2383","1586","2300","4222","4083","3364","3988","1466","1672","2455","3984","2698","4641","3475","1844","8328"
"0.86_414.36","2376","4773","4396","3040","4707","3602","2204","4951","3366","1939","3986","5461","2372","3479","3700","2717","3536","2625","2800","5065","3023","3203","2537","3395","3533","3180","3122","3429","4469","4185","3149","4982","3987","3416","1731","3154","5616","2416","2485","3726","3729","3494","2488","2381","3412","6099","3520","3463","3966"
"3.07_666.65","3244","3827","3346","3999","2883","4102","3357","2685","2260","2395","4009","4005","2720","2436","3071","2643","3219","3683","3385","2728","2451","2691","2932","3795","3581","3493","3548","3324","4284","3373","3320","3764","3027","3791","3680","4754","4352","3199","3605","4786","3595","4132","3674","2092","3539","3837","3474","4153","5135"
"2.07_1587.18","1635","2980","2696","3590","2810","2430","2482","2496","2389","1476","2994","2619","1905","2803","2454","1608","2703","1266","1734","1884","1792","2903","1996","2031","3330","2537","2558","2662","3130","3055","2778","4477","2124","2271","2206","3898","1423","2505","2766","2353","3044","3041","4677","1429","2944","3020","3377","2192","5133"
"3.98_1350.37","31033","20611","19377","5371","5185","6666","6355","11669","20368","17144","6720","11839","12149","1752","10597","8778","12605","7869","15903","5846","18992","10819","18327","11489","14397","14354","9023","7325","5754","13675","5684","1980","2072","6133","2477","9523","6437","7188","5962","14246","7042","1747","20171","9584","15120","8029","4981","7065","1794"
"4.34_1646.45","10866","5200","7010","1944","934","1517","1764","2275","4685","4878","1632","2907","3148","485","2441","1622","3009","2677","3864","2323","4737","3385","5045","3621","4290","3616","1751","1947","1914","2517","1235","423","455","1961","406","3004","1625","3049","2062","3385","2705","414","5430","2841","3165","2057","1376","3193","505"
"4.11_988.91","23236","32345","15251","22220","65888","10258","8760","53109","46404","16984","17679","24961","15281","11561","15440","16189","23284","22961","9942","21072","16358","17374","7445","25361","10950","12440","26142","21320","19715","19322","36466","21930","24192","17871","20400","16991","14204","20326","21669","16420","18219","16093","15812","13376","28851","17305","11990","19959","19834"
"3.51_951.87","1577","1958","1406","1325","2935","1375","516","5372","2312","1194","1437","2345","3264","1122","2525","2457","2624","2881","1237","2760","1880","1686","1387","2378","2017","2236","3461","2675","3286","4190","1167","3049","3730","1339","1214","2307","1395","1412","1986","2482","1099","1801","4378","1898","1826","4716","1411","3545","2412"
"2.20_932.72","2092","2700","1742","2078","5078","2430","1280","6897","5331","1740","1676","1816","2134","2447","3414","1684","2988","2344","1518","1581","1366","1980","1635","3015","1787","2618","2912","4925","2435","4102","2935","2673","2995","1866","2380","4157","3231","3223","3959","3300","1458","1127","3176","2014","2859","3635","1633","4698","3301"
"0.20_229.17","6287","70","4976","5274","2255","2092","3845","8144","7001","2896","4624","1227","75","1677","2273","2313","1449","2196","122","11998","6507","2913","7894","1501","2677","2509","2391","1343","1538","2357","964","1587","1272","139","2359","1878","2098","796","3247","903","1443","2208","1423","1964","2192","2902","4618","1441","3587"
"3.23_992.88","2236","4748","1724","2812","7006","1797","1167","7441","4911","2264","3887","4568","5492","2137","4451","2565","4187","5842","2639","4329","3122","3433","2459","6832","3624","4065","5651","10416","3713","8645","4436","8358","5377","2099","3322","4621","5086","2537","5514","5252","2224","2254","5732","3643","4636","5467","2501","7817","6266"
"2.50_766.67","7576","8924","4628","5718","7051","7276","4258","8142","4270","3559","4533","6743","7242","7889","6857","4350","4920","4294","4899","5974","4508","4975","5403","6149","6685","6518","4607","5992","7521","7127","7005","6524","7609","8257","7935","8673","7464","9787","8459","8592","6123","4958","7571","5567","6337","9064","5683","13236","11163"
"1.84_466.54","4104","1788","2723","1966","2258","2415","6088","2104","6760","2780","2979","2787","2066","2132","2484","2320","3349","2854","2506","3556","2573","3235","2639","2840","1245","2338","2024","1529","2328","2036","1624","1826","4489","1704","3037","3508","2478","2568","2249","2726","2867","2939","1953","2319","2389","27560","2008","2531","4307"
"3.97_874.94","1974","1360","6001","11315","2284","2291","1488","7663","2400","3568","1958","5060","1412","1646","1285","1493","8193","1966","2046","4994","5617","3058","1894","6085","1811","3266","2779","11542","969","10134","4698","9195","9874","2002","1792","4750","2227","0","1445","1713","1721","1744","12198","1898","2055","3607","2618","3633","2571"
"2.50_924.75","3732","4226","3226","3671","12777","1666","1452","16711","10617","3853","2959","3767","2769","1107","2052","1237","2033","3394","1714","5321","3185","1915","1360","4365","1411","2119","3312","3575","2670","3442","5291","3678","4549","1788","2256","3113","2113","2071","3971","1551","1714","1980","2841","2170","2944","3604","1867","6008","3506"
"1.53_772.61","6734","9582","3003","6687","6545","4210","5536","6676","6285","6225","3881","5410","4150","8068","8550","3592","4442","6115","5818","6207","4557","5204","4337","4684","4681","4961","3214","6461","7945","5323","4875","6240","5964","4484","4786","4558","3957","4252","4834","4638","4041","4535","3894","3042","7190","6725","4396","3668","6515"
"0.20_189.06","4130","3459","3478","1944","2215","3682","1474","3752","2889","3444","2739","4195","2785","2029","3121","889","2309","1976","3292","2916","2073","1418","6933","2973","1437","4106","3360","1676","3585","1475","3127","5280","1548","4888","3048","2360","4218","2671","1862","1373","2228","1529","2139","1251","2926","3818","1545","3433","7191"
"4.53_1241.08","6548","4853","6085","9216","6474","5935","4428","4967","7094","7895","4027","8190","6668","3856","5087","3245","7643","4587","2314","6888","7262","6766","4084","5898","3311","7865","4160","5338","5557","6923","6879","8477","5849","4640","5094","9059","4331","5454","5230","6982","6679","7701","9955","6199","7274","4609","4295","7513","6677"
"3.98_1377.38","10499","8264","6695","1971","8270","2205","1574","5073","9284","5700","2608","5896","5577","2329","4335","2776","5790","2692","4640","2904","7899","4567","4853","5337","4539","6239","3834","3322","3046","6864","7737","3777","3883","2230","2795","3841","2295","2959","1725","7147","2287","3003","9117","3999","5680","4055","1755","2342","3346"
"2.85_727.63","5502","3398","3643","6807","5041","4074","3455","7338","4653","3107","3751","4634","3950","4179","3524","2854","3324","2779","1897","7075","5079","4214","3392","4186","2625","2722","3034","4747","5225","4356","3383","4255","4677","4505","3418","5021","4319","5549","3388","3828","4316","3179","3996","3124","3939","3557","4126","6522","5970"
"1.40_309.28","7955","13344","4094","6812","7802","8581","6630","12483","6808","3634","4341","7666","5321","5379","5556","5252","4595","4522","7901","5363","5327","6598","9492","5654","5573","4717","7542","5281","6232","6108","5450","9479","6178","7384","13036","7954","8430","5942","7495","5145","5446","5439","4558","4968","6450","8202","5835","10373","14024"
"3.61_1128.32","43819","29064","29338","9146","16776","9665","8570","14831","26476","27292","9075","22957","19348","9859","20792","13985","20323","9713","31502","10359","24455","15316","28980","18839","36446","22269","14336","11509","10858","22693","25468","11016","9869","8449","8220","15111","8681","9660","7660","26855","10113","8857","27704","15716","29461","17142","9283","10390","8420"
"4.02_900.87","3010","3507","4823","4091","2194","2549","2242","1771","33852","2445","2972","2319","2672","2722","2836","2601","2115","3845","2512","3091","4328","2853","2864","3329","2577","2798","3448","2398","3074","2344","4555","2832","2847","2546","2840","3449","3093","3223","2878","2832","2273","3299","4278","3523","2176","2910","2144","3017","3393"
"3.14_795.69","1986","2489","2627","2534","8302","1676","840","11536","7061","2312","2403","2032","2051","857","2524","1283","2930","2113","1452","7717","3079","2252","1686","3014","1111","3044","3411","4347","3028","2584","1452","2362","4993","1724","1028","2113","1871","1509","2546","2422","1544","1856","1766","1796","2947","2492","1983","3168","1735"
"3.13_854.76","1267","1734","1134","1230","1862","1337","1008","1524","1731","1624","1171","2099","3474","2609","2289","1104","3020","4672","1207","602","896","6275","1157","8939","1306","2933","5203","7350","5148","4343","2750","5272","8491","4454","3328","5244","4800","7594","4749","3862","3750","3477","5420","2148","8852","3194","924","782","4316"
"4.11_920.86","100548","29028","29977","33995","37306","30259","14380","44317","37872","29341","110921","42503","42845","37089","37570","27031","42445","45548","22271","44487","55331","36205","12329","41418","24219","41672","44501","43664","39757","46615","26520","44741","40487","19727","23296","31205","23854","27443","28762","42562","34210","39002","63632","39584","22466","44831","32978","44921","39551"
"4.08_1451.40","7777","5135","6087","1371","4214","1873","1793","3909","4940","5479","2102","3951","4234","1838","3864","2734","3738","1873","4746","2310","4227","3116","4005","4687","2623","3390","2877","2008","2198","4571","4511","1975","2478","1719","1987","3289","1096","1531","1193","3910","1750","1821","6209","3171","3967","3243","1541","1910","1942"
"4.24_948.89","11615","24616","13154","16727","55126","11444","5975","45680","36258","16804","15317","24289","25502","14563","19453","13837","29181","35909","11513","40185","29399","31875","6537","38045","10317","23380","50360","39256","24981","23320","14010","24355","45269","10903","11033","12032","15062","10123","16952","22690","16176","22325","29469","17253","13387","30704","10191","34894","14194"
"4.17_974.91","13877","17744","7604","10781","28603","8374","4489","36728","16386","2127","6370","18242","15895","2619","6393","10710","15305","20498","4148","18085","9754","4591","5279","15317","1361","3069","27078","15778","10183","21760","13811","18065","25116","8341","2442","7193","4667","7165","7648","16088","4751","8226","18055","10340","3165","19977","3608","10284","1978"
"1.41_502.41","2899","1929","2686","1465","2922","1585","887","7198","4982","2274","2927","2548","1682","2007","2540","1392","2962","1679","1001","6091","2676","2075","1747","3877","1461","2325","2696","4060","2695","3184","2049","1839","3955","2458","1605","2684","1510","2537","2431","2155","2309","2237","2662","1508","3563","2465","1501","2811","2737"
"2.29_1040.94","27058","23450","4248","3304","10613","4045","8294","4182","15833","4959","12131","8523","4257","2962","9382","11756","3503","5159","4041","6110","3638","3293","7793","8739","3332","2970","4114","3627","5183","4732","4514","4468","3198","3495","2424","3112","6145","6400","5503","5588","1889","2928","3448","4954","3909","9316","5232","2473","11151"
"1.98_728.58","3947","3435","4050","5345","3842","4001","2593","4508","3643","2574","4137","4542","3131","3616","3397","2022","4576","2940","2413","2794","3100","4366","2866","3937","2735","4042","3182","3842","4546","4031","3397","6606","3518","4124","3948","6489","3018","4169","4107","3547","4156","4359","3682","3197","4012","4191","4659","3202","5098"
"0.30_379.24","15449","4502","24713","9806","3482","4039","15439","11181","8858","7682","5553","4720","3507","3619","4699","2995","3903","3903","3369","14481","10501","3348","13565","5613","3847","4268","3219","4137","5057","3551","2622","4126","3039","3495","3112","4379","4300","3786","3920","3683","4516","3825","3824","2684","4655","4345","8494","11576","6776"
"3.83_916.83","12524","13462","12060","17643","18567","9123","5435","28096","22365","9488","8253","14650","11964","6742","11193","7880","16217","13064","5916","13459","12712","11017","4886","15379","5604","13157","11080","17045","9205","21661","13842","16388","16523","6261","5494","12822","5919","9685","8998","14281","7217","12562","20233","14793","5447","13843","3673","9122","9149"
"3.75_954.85","5096","7593","9261","9368","27844","5930","4885","20039","39671","7164","5973","6624","5344","2852","5649","4666","6606","7497","5959","4255","8992","9988","7608","10205","5526","12395","5467","12122","5275","8248","11598","10125","10060","6159","5718","5215","5200","4375","5965","6200","4505","5684","12391","6755","4818","6809","2785","4166","4060"
"3.02_1130.86","4490","8337","2051","2765","10695","2002","1156","10613","8095","2892","2926","5197","3927","2463","2664","1886","6136","4496","2209","3693","3843","3643","1392","7206","2388","2284","6412","5048","5357","4438","8156","5990","6096","3274","5105","5043","3980","4311","5752","4177","2835","4696","3004","3605","8409","3720","3112","3022","4281"
"4.16_988.91","10038","8280","3170","10037","49204","7954","2246","5219","4923","3681","7966","3956","10807","8654","6550","13597","7863","4125","6306","5501","8069","9586","7631","3355","5784","7434","11533","3844","4841","5333","13137","10572","13515","12329","2742","10975","3919","9547","5732","4133","8562","6647","4786","4927","4273","6645","5419","2890","5046"
"4.12_934.93","3943","5032","4210","4882","6144","3587","1727","9162","7632","2363","4196","7351","6674","1545","6229","4344","8071","8093","2652","9579","10133","4830","2499","3382","3728","7434","9091","8566","7167","9342","2523","6759","11653","3787","2194","4756","1903","3373","4343","7405","3853","6058","13232","4077","3208","9591","3420","7158","5067"
"0.94_267.23","6006","5719","6307","6826","9602","5715","5851","14476","5980","4928","5507","4961","4958","5625","6003","4384","4403","5611","5097","7139","6087","6910","5613","5363","4339","4853","6133","4000","4313","5109","5207","7119","5683","4844","3576","5177","4262","4969","3827","3760","5383","4334","3353","5097","5809","6356","5097","5684","8515"
"3.82_904.83","39107","38058","21240","26423","37663","28430","12790","71757","33973","23553","18897","48092","33121","13895","29040","23768","42842","52669","16139","44758","36278","27209","17346","42592","14223","36019","30114","56407","43376","47960","21645","28997","77975","13111","13222","15105","15985","21642","21934","46633","15437","38515","57341","41953","10087","46516","8660","39097","22088"
"2.08_766.57","1627","2609","2333","4879","1744","2338","3237","4248","5437","2950","2740","3407","4331","2462","3667","2066","2422","2635","2403","5862","3731","4948","2299","9424","3304","3756","3652","3372","3600","2820","2839","5310","2700","4942","2989","2713","4393","3078","2917","2222","10136","6879","3018","3330","3434","2003","2336","1974","3099"
"2.69_821.68","4758","4015","4172","4836","4917","4638","2659","2871","6074","2803","2976","3339","5284","3364","3747","2490","5180","3530","2039","2108","3523","7027","2465","4400","2781","3422","3254","5366","6799","5106","4011","8311","3744","3626","3829","4121","4596","5286","5074","4838","3937","3360","4335","3872","6025","4586","4787","5234","4349"
"2.34_812.67","3055","3665","4881","5191","3123","3920","4717","3913","3716","3753","3067","2979","3110","4755","3842","3421","3761","2854","3619","3425","4272","5696","3256","3780","3170","4523","5038","4454","3539","5115","3393","5410","5810","2963","3476","3799","3444","3851","3394","3930","3716","2426","3928","3974","3589","3432","4441","2933","5030"
"2.81_848.72","6384","6894","1930","1626","5395","2264","2913","5423","6231","2095","3830","4290","2340","1725","5724","5332","2037","4368","2384","2197","2550","3110","3532","2026","1576","2234","2111","2362","2175","1316","1508","1802","3756","1801","1285","2241","2659","2338","2292","2268","1312","1512","1617","3125","1842","2572","2254","1584","1997"
"4.04_563.50","3042","2740","1440","1909","4204","1963","1014","5055","3390","1486","1611","2539","2552","1323","2542","1920","2832","2818","1292","2925","2966","2011","1547","2864","1159","1924","2753","2659","1718","2934","1675","2578","3382","1438","960","1908","1581","1818","1125","1944","1550","1938","2987","2031","1408","2470","1510","1773","1356"
"3.69_894.80","2053","2906","897","1629","4703","1392","1049","6042","3736","1154","1474","2892","2767","1235","2225","1858","2546","2897","1502","3745","2157","2266","1948","3237","1427","2638","3371","3697","2229","3459","2244","3917","4360","1713","2017","2226","1877","1812","2210","2727","1694","1559","3753","2048","3065","4445","1464","3867","2795"
"3.85_925.80","4492","5112","8994","9095","26508","2821","2621","12250","20795","7396","4429","4346","4190","2986","4458","3029","8738","4936","2794","5129","6010","5305","2774","6914","2749","4561","6224","6939","4232","7221","9355","4624","8361","5078","4521","6859","4194","5366","7916","3867","5982","3735","5719","3715","4904","5528","3559","8039","4876"
"3.77_968.85","11055","13350","9703","8428","17193","8613","4615","29049","20355","11681","6523","14203","11629","4485","11420","7580","16341","13538","6033","30570","23319","11535","8173","14743","6633","11304","17546","16038","11808","18616","6660","14030","18914","6686","5319","10618","9244","6235","8824","12892","7239","12240","25417","10275","6574","16363","5953","16071","8980"
"2.51_684.20","268866","187987","93577","43374","21725","57132","52073","70813","121741","102559","50013","113859","94913","16920","89769","62942","101178","88516","79493","43165","124981","70151","139226","71770","107914","94099","60438","69300","55102","90676","50721","17697","17081","58346","16888","53605","46322","59640","49207","109463","76699","17285","188786","45916","93837","76977","39529","44344","16110"
"1.53_782.57","5316","4234","3054","3532","5073","4450","2993","5095","3545","2388","2893","4331","3058","3917","3416","3204","4097","2943","2444","3652","2561","4285","3497","4473","3450","3912","4147","4237","3987","4307","2598","5466","4976","3868","3289","5532","3584","4347","3796","2504","4153","3915","3817","3543","3900","4097","3399","4374","4104"
"2.72_712.61","4311","2523","2935","2424","2798","2979","1423","12093","3622","2715","1333","3554","3034","1493","3464","1500","2963","4070","2485","12874","3940","3056","4535","3610","1977","2902","2702","5197","2838","3495","1838","2381","4434","2006","1231","2130","1812","2226","2866","3335","2056","3054","4560","2291","2279","4616","1817","5572","3748"
"4.11_892.83","4360","6274","5610","5842","9336","4728","3052","12068","8972","4766","4996","9117","8809","4459","7804","5615","9741","9524","3677","11843","11058","6599","4214","8532","4256","8903","11458","9944","7702","10725","5148","8129","13184","4544","4309","5632","5608","5259","5485","9010","4800","7297","14819","5825","4164","10607","4287","8834","6016"
"0.21_321.14","3534","4765","1874","3512","5584","3434","3226","4902","7654","3786","5973","3925","6704","4399","7745","3290","3097","3178","4922","4392","4978","9915","4721","7841","2173","4578","3704","3394","3105","6748","2375","8036","7468","3419","3425","2487","2071","3659","9765","3903","5138","5784","6713","3413","5011","3620","4128","5576","6047"
"2.52_886.73","2559","2915","3414","2536","5064","1739","1373","8842","6794","3245","1179","2305","2640","1485","2520","1962","2826","2649","1767","5490","4069","1726","1620","2841","1456","1854","2489","3581","2323","3818","2666","3316","2752","1482","1450","2763","2275","1415","2308","2293","1443","1897","3473","2409","1885","2644","1828","2821","2594"
"0.21_129.11","2796","4923","1210","3370","8252","4627","3367","9181","3247","4743","3232","5402","2811","4911","10491","5378","3755","3348","2281","2767","3284","1834","1943","9050","3244","2324","19683","4005","4418","2648","1260","2185","2852","5905","4994","2720","5122","3759","5890","4107","3425","3543","3216","6249","9868","3514","3000","5297","1780"
"0.22_453.22","7045","6251","2187","4764","2869","3622","1428","3727","4735","2985","5531","5074","2666","5656","4355","3047","1701","3159","5335","5273","6571","3149","7121","5760","2596","2536","2686","4557","4367","2665","1645","5100","5576","2267","3538","2407","4944","4275","2172","5001","4060","3889","3523","2423","3702","3471","3569","2323","3824"
"0.21_541.27","4340","2680","3774","4045","2269","2146","1089","3692","3404","3284","3079","3003","1088","2749","2480","1963","2155","2171","3059","3122","4069","1548","4097","4658","2270","1967","2448","4812","3547","2569","951","4640","3991","1356","1288","1628","2826","2282","1503","3904","2401","1848","1559","1871","1775","2155","3300","1661","2533"
"3.47_978.83","2915","3117","3122","3973","6147","1807","1314","10948","8437","3446","2128","2936","1966","851","2333","1187","2079","2543","1225","5168","2851","1886","2202","3801","1075","3673","2301","4567","2066","5201","2532","3247","4063","1135","1543","3162","1097","1304","1727","2279","1651","2141","5764","3298","1808","3292","1191","3519","1744"
"3.20_1029.83","2004","2219","1928","1934","1888","1831","887","4615","1939","2344","825","2673","2636","1363","741","1634","4490","5030","1760","5358","3121","1853","983","5006","1349","2762","2423","5375","3779","4543","2271","5897","4286","1589","1515","2308","1552","1127","1428","4358","1390","4258","6893","6223","1511","4409","1105","1322","2040"
"3.71_980.86","8314","8741","29779","17437","74262","7865","6657","24079","79662","18605","8002","7315","8028","7273","6963","6867","18790","9324","6541","8001","8957","9097","6752","12947","6506","11359","10326","14987","6860","11721","17637","9076","12883","9442","9732","11692","7061","10681","16520","8246","9478","8456","11727","10147","8268","8538","8765","9993","10314"
"3.45_952.81","2898","2978","2300","2080","2906","1900","1185","6679","3468","2940","1905","2990","2058","822","1830","1237","2538","2783","1264","5876","3562","1286","1726","3396","1678","2721","2472","4960","2752","3729","1959","1720","7608","1113","1304","2038","1603","1143","1979","2883","1001","2090","4966","2942","705","3373","1249","6019","2312"
"3.84_914.82","2483","3654","9005","7221","13326","1908","2410","8956","14260","5846","3388","4091","3622","2843","2831","2222","6968","4859","2080","4375","4490","5762","2402","5917","2486","5585","5697","7540","3141","7335","7098","7300","5942","3417","3246","7181","2793","4834","4813","3679","4016","4141","6414","4374","3174","4072","2594","3949","3845"
"1.30_878.54","2579","1897","1176","1110","2417","2079","1943","2442","2678","1759","1950","6318","2754","2037","1799","1759","6400","2078","1171","2613","2984","3479","1845","4672","2977","4078","2067","2941","2651","5254","1934","8999","2535","2641","2118","3545","2543","3379","2634","2281","2336","2463","3182","2164","3271","2011","2023","1857","1607"
"4.25_922.88","6554","8195","5828","7449","10024","5950","4242","13508","8461","9313","5793","8199","15148","4389","8238","6039","11166","13339","6027","23237","16901","6622","4431","11490","4924","13772","20277","14108","11781","10005","4019","6646","16664","4095","3778","4611","6496","4477","5460","9195","5061","9792","13209","8706","4317","11666","5467","19086","5601"
"2.74_281.05","6276","4091","2386","1449","744","1362","1247","2051","2499","2679","1306","3397","2383","554","2562","1878","2751","1815","2678","1403","3405","1835","3504","2405","3776","2455","1571","1944","1661","2398","1411","474","408","1336","456","1276","1468","2403","1659","3095","1960","569","4743","1678","3063","2547","868","1651","525"
"0.21_469.03","399","783","426","1535","793","1016","2128","1129","1994","2055","1731","841","636","586","922","489","385","532","438","384","1583","2722","491","3866","261","6623","682","828","1791","547","358","1363","627","685","766","594","889","711","186","413","641","770","925","456","831","1304","1695","1634","1961"
"0.80_570.46","2093","3306","3144","9192","6590","3743","2753","8410","6085","5106","3180","3792","3702","2102","4280","2887","3557","3412","4303","3635","2439","4251","7002","35550","3359","3012","4231","2368","2066","4032","2694","2821","4648","3575","2402","2130","3415","3523","3481","4182","4815","2182","3122","3948","4279","2720","3031","3288","2772"
"4.53_1255.09","9330","8563","9531","12809","10534","8337","6469","7897","12027","10267","6119","12683","9648","6766","7150","5000","11226","7134","3977","12201","11386","9821","7080","9180","4560","11474","7058","7770","7873","10081","10004","12375","9751","6101","7297","13994","7254","7357","7955","10048","10364","13911","15724","9516","10926","6781","5876","12465","10788"
"2.62_864.73","3523","3661","3500","3746","8843","2555","1476","11397","9500","2535","2198","3072","2929","3513","3176","2014","3117","4002","2003","4120","2618","2032","2748","3654","2453","3246","3343","5397","2892","5910","3895","4148","3501","3471","3551","5096","2371","2985","3996","3219","2146","1895","5222","3424","3177","5751","2541","6680","4937"
"2.44_581.43","2315","3765","1914","4030","2984","3698","2661","2997","3670","2521","5281","5490","4170","3601","4191","3263","5951","3751","3527","2079","2627","4428","1616","5718","3792","5166","4666","5710","3933","5063","3918","7048","4999","4522","4236","4742","3681","4495","4101","4609","4317","4179","5144","3731","5275","4102","4262","3702","5212"
"1.65_438.50","3570","1583","3208","1747","2876","2601","6327","1955","7934","2374","2914","2035","1824","2811","3122","2548","2391","2187","2377","4076","1987","1654","2209","1518","1010","2466","1781","1386","2607","1687","1185","1267","4929","1372","1468","3730","2024","2843","2562","2594","3284","3228","1472","2663","1912","24362","1712","2199","5056"
"3.50_936.85","1427","2202","1244","1726","2642","1874","939","5755","3370","1281","1670","3143","2869","1505","2054","2339","3896","2909","960","3910","2020","1655","1549","2619","1678","2403","3890","3613","2834","3658","1816","2999","5222","1801","1685","2026","1652","1708","2141","3304","1863","1807","3946","2258","1695","4552","1229","3877","4217"
"1.97_540.50","4511","5651","3964","6920","8580","5452","3530","5412","4885","3700","5235","7219","3770","6234","4263","4748","5047","4939","5433","6070","4168","5042","4312","5720","5352","4409","5503","6357","5864","4058","5863","7598","8008","5085","5621","4191","6538","4150","4288","2930","6512","5008","4789","3482","6189","4185","5808","6014","7206"
"2.54_822.70","6672","3738","5462","5975","8413","4372","4451","6300","8655","4780","3628","3839","4740","3601","4347","1931","4320","4519","1804","5142","6908","6003","3908","4644","2932","3555","3218","3621","4226","5258","3721","5525","4784","3953","3363","5125","4528","6266","4220","4623","3686","3057","4503","3913","3858","4242","5916","6187","4052"
"1.05_385.38","10994","12670","10917","7080","7253","8685","9352","10056","8874","17131","5697","6861","5657","7635","8399","8143","7609","7862","7858","12279","7805","4996","8205","4943","5898","15608","7448","6558","25638","7933","4220","14105","9676","4342","5278","13501","9607","10588","7036","11699","8752","3430","3925","4644","4969","9967","7777","7254","5093"
"2.37_759.56","5631","6296","3330","4008","4817","2800","3177","4875","3131","2417","3377","3897","2646","2512","3321","5397","3159","2464","1780","3094","2394","8701","4038","4051","5333","3128","4166","2011","3795","3567","3087","4470","3224","2858","5794","3265","6479","3382","2087","2957","7217","2956","4321","2775","2884","2649","2912","2867","3413"
"0.46_258.28","2939","3601","52960","4390","4313","3804","4961","49430","5052","3749","4372","4346","4194","4542","5207","3028","4228","4086","3931","5654","4444","5466","2454","3462","4605","5098","4823","4157","4479","4925","3760","4171","3664","3181","3658","3533","4375","3389","4623","14169","3846","4191","4950","4005","3944","4766","3894","4209","5968"
"2.21_864.53","2798","2918","3056","3752","3576","2221","2881","3480","3273","2567","3535","3662","3244","3491","2950","2252","2740","3130","2004","2309","3195","4213","1917","3797","3469","2237","2884","2646","2454","3227","3072","3102","2909","2717","2936","2734","2611","3325","2737","3910","2590","3328","3711","3074","3589","3035","3275","2052","2639"
"2.51_819.59","3358","4265","5008","4365","8145","3991","2002","12588","10144","4405","3048","4331","3707","3199","4055","3466","5004","4066","2375","8451","5698","4800","2242","5598","3305","3668","4656","5076","3530","5775","4074","6909","4551","2606","2668","5769","2786","3097","3703","4363","3812","3983","4923","3873","3309","4889","2800","3140","4623"
"1.23_444.40","5268","2877","4616","2402","3746","4216","3338","3893","3270","5261","3069","2539","3895","2194","9421","1673","1984","2258","2833","4556","3037","2915","3095","3323","2730","3211","3032","3421","6475","3182","2333","3073","3743","2062","2023","2983","2992","4266","3001","2701","3631","4103","2090","5333","2830","3114","4713","2267","3117"
"2.81_861.68","2934","2864","3172","3020","3924","2560","3500","3803","2113","1932","2356","3335","1863","2345","2718","1773","2847","2447","2866","1695","2774","3860","2291","2954","3588","3939","2351","2790","2709","3000","3833","5024","2894","3059","3198","3924","2811","2393","3384","2536","2763","3403","2918","2847","3146","3159","2949","3253","3044"
"2.94_832.24","123411","80657","63450","30813","43967","30519","25422","45504","59630","72332","29716","66811","46549","25374","59590","43059","49330","33328","70602","29501","60720","33655","78410","42271","60303","50867","37968","39212","32241","49008","75942","25010","26012","30322","30073","33667","23901","29810","23592","76842","28133","25251","74110","32836","70973","56031","26210","28760","27299"
"0.47_468.39","3097","2635","3376","2135","2669","2687","1870","2862","26552","2507","2101","2195","3038","2741","2969","2099","3360","2971","1750","3475","2092","2318","2947","7639","2301","3862","2613","2272","2962","2557","2858","2718","2799","3955","2329","2990","4081","2382","4904","2362","3540","2423","2874","2576","1706","6600","2015","2754","3499"
"2.15_496.34","2431","2686","3679","4913","4376","2151","3176","3285","3378","2627","3013","3595","2838","2738","3227","2753","2937","2201","1704","3367","2910","3890","1925","3237","2945","4094","2968","3102","2799","2999","3078","4634","3577","3253","2406","3188","2890","2933","2718","2731","3814","4111","3252","3002","3118","3398","2768","2411","4168"
"0.53_486.36","9109","7928","11520","8614","8175","8927","7064","8767","8688","7448","8258","8592","7762","7602","11105","7626","9122","8010","9067","7657","8304","8656","8167","8886","9372","17921","8717","8512","8902","9567","8247","9257","10155","8131","7087","8240","8229","7718","9268","8898","9274","8190","8226","8501","8500","8365","8651","9245","17965"
"2.94_616.60","2742","3685","2810","3826","2490","2897","2702","3264","3373","2440","3196","3778","2543","2336","3386","3005","3127","3388","4443","2380","2824","3076","3194","2875","3009","3330","3243","3051","3391","4207","2699","4616","3240","3871","2708","3749","2848","2858","3292","4609","3180","2621","2910","2982","3030","4185","2573","3911","5264"
"1.52_756.60","4027","3150","5477","4521","8328","2474","2451","13534","11772","4053","3617","3204","3099","3019","3676","2215","3813","2873","1604","7214","5844","3699","2646","3864","2635","4085","4548","5059","3711","7012","3067","4302","4023","4214","2409","4823","3113","3955","3193","4165","3845","4779","4402","3247","3771","4858","3353","4860","3776"
"2.74_758.28","10232","7422","3331","1825","3089","2095","1926","3414","4883","4266","2011","5956","4115","2074","4246","2962","4687","3101","4396","1505","5158","2362","6772","3059","7711","3812","2774","2720","1881","4368","5192","1747","1757","2332","1555","2455","1583","2413","1770","6286","3298","1685","7146","2338","5381","3857","1517","2049","1524"
"3.84_984.89","7751","7415","18296","14131","48945","5723","4479","19508","35748","11216","7926","6518","8168","4927","5944","4846","14515","7339","6670","7537","8625","8155","5737","11714","4023","8009","10701","11795","6712","9566","17500","7394","11063","8121","8724","9899","5938","8419","14912","6221","8017","5974","7892","7281","8885","5976","5773","8608","7654"
"3.39_840.78","1482","3343","2314","2265","2742","4163","2055","2772","2219","1706","4075","4866","7088","7066","10234","4126","5613","7427","5615","1772","2019","10202","2507","10962","4528","7185","9650","11227","8166","6972","5403","9276","13172","8975","6969","9550","6882","13408","12859","8858","6872","5949","6401","7119","11654","9941","3292","3634","9252"
"2.68_810.69","3703","4016","1943","3269","3418","3909","2068","6208","3875","1945","2207","3389","4081","2665","5236","2576","2995","2451","1331","3317","3117","3865","2095","3572","2237","4959","3641","5225","3509","4507","3872","4699","4468","3504","3108","3582","2766","3497","4152","3813","2395","1745","4305","4257","5150","6334","3101","4456","3608"
"3.79_367.34","1902","2746","1824","2603","2416","3086","1589","2938","3713","2043","2447","5132","5684","3968","4050","2339","8609","4141","2683","1859","1766","6507","1452","9629","3083","7308","5743","10717","4889","7631","3236","15017","9068","6154","3653","9358","4102","6896","6263","5891","5077","5572","5723","3534","8387","4761","1878","2633","5328"
"3.46_1054.30","52164","32160","32823","12508","21444","12250","12772","16729","28993","33541","11448","30643","22481","11395","26576","19748","25942","12234","34674","11742","28315","16707","35837","22238","29666","24439","17230","14464","13977","27881","31330","12154","11038","11200","12093","16509","8343","12790","9404","31876","11093","10159","30367","17322","32540","21547","9703","13339","10129"
"3.12_871.74","2577","2239","2077","2368","5035","1198","824","7515","3381","1949","1336","2423","1566","1512","1644","409","1927","1493","636","1824","1558","2731","1273","2093","1161","1819","2293","2622","467","2817","2097","2490","2057","1329","432","825","1156","1671","1768","1716","897","1251","2289","903","1914","1968","1412","3414","2557"
"1.17_496.42","11506","10973","12805","10266","14608","13686","14702","11549","13693","20761","11252","8910","10483","9564","17936","7032","7611","7921","11139","10263","10091","10798","10689","20345","5347","12930","12215","11520","40514","8811","10003","10700","10628","7890","7454","9557","9569","10504","13134","8056","9808","8064","8048","14421","8521","11053","12055","14877","38125"
"4.26_1572.43","6605","3702","7310","1467","277","1390","3037","2306","3318","6189","2297","2303","2176","117","2516","1883","2451","2267","3953","2132","3061","3779","4079","3424","587","2642","1511","2981","1369","2207","329","125","125","1374","116","2746","2277","2514","2791","3271","1851","102","3210","2807","2675","1830","1313","2012","108"
"3.64_824.78","2519","30894","11258","19061","21770","32602","15067","20370","21716","13761","24921","33198","52497","43098","68143","30144","51096","52143","33372","2135","19895","63415","17313","82487","32199","48097","66676","86584","63626","58992","35201","82789","92926","62291","46830","73174","47345","86973","73628","62064","42959","44784","51435","45747","80129","70831","22320","26940","62335"
"3.54_712.64","4693","4928","4645","5523","5294","4298","4190","5205","4276","2692","3721","4968","3437","3188","3390","2918","3657","4106","4213","3785","3314","4772","2825","3837","3376","4645","4326","4548","4283","4309","3904","7001","4041","3999","4501","6220","4607","3961","4572","3782","3708","4958","4396","2268","3456","4390","3110","5871","7288"
"1.53_803.56","3355","3712","4064","4315","3379","4547","2749","5927","4072","1785","5834","5426","2776","4638","4078","3553","5506","3891","3510","3275","3129","4309","4404","5901","3915","4609","4954","4825","4370","5059","3090","5479","5881","5147","3672","6429","4004","5724","4459","4505","5062","6006","4585","3073","3993","5342","4253","4531","6076"
"3.30_980.28","57198","39484","38142","12584","28577","16982","13303","21560","33681","40778","14030","48466","32122","14608","31544","25976","34134","15311","43993","12728","34463","19735","47909","23937","38553","28015","21130","17938","17309","37332","42963","15221","14427","13799","15579","20123","10989","16994","13490","45918","12397","13552","37017","20843","36895","27481","11648","17218","12447"
"2.52_686.20","133857","94274","38704","19452","11379","25686","24725","33619","60037","47207","23021","55085","47068","8500","44390","31265","47246","38215","40245","20870","59991","31070","66848","34194","52365","44774","27891","32991","26804","44601","26919","9048","8518","26423","8865","25124","21793","30124","22784","52419","33836","8821","92761","22117","45151","37275","19969","23261","8443"
"3.50_893.79","2370","3929","1154","2754","7118","2060","1137","9336","4071","1725","1613","3940","3622","2251","2299","1996","4093","3579","1196","4069","2133","1973","1072","3512","1763","2838","3229","4275","3416","4735","3473","4671","4184","2322","2239","3508","2149","2796","2596","3328","1895","2173","4617","3596","2451","5305","2201","4026","3915"
"2.54_692.54","8192","6859","4759","4407","4317","4758","3851","4960","3290","4962","4134","2329","3616","5070","4271","4246","2410","3415","5407","3650","3755","2540","3614","1415","2272","1670","2281","1384","3499","2333","2247","1472","1370","1915","1855","2382","2282","2291","2384","3425","1881","1915","2358","3462","1252","1841","2591","1752","1994"
"2.54_785.68","5123","11410","3076","3021","5282","2625","4654","4236","4371","2757","4342","8867","7991","13504","5676","4902","7595","6442","2849","3506","2534","4913","2589","5745","8088","7713","6816","6011","14501","11590","6410","5959","6089","8828","7917","11378","3638","9864","5668","5863","12470","6826","11835","5837","5435","8486","4991","8239","10172"
"4.08_1453.40","10861","8179","9004","2679","4184","2593","1996","5516","7157","6682","3168","5301","4818","2104","4898","3516","4929","2674","6369","3241","6340","4866","6100","6011","7396","5082","3999","3983","3060","5717","4981","2350","2443","2495","1971","4498","2169","3489","2379","6110","2989","1917","8902","4078","6815","3923","3067","3616","2098"
"3.82_917.83","8407","8942","8390","11461","11567","5359","3124","18568","14257","6667","5724","9997","7686","4128","7295","5473","10520","9611","4246","8783","8665","7343","4106","10589","3667","9189","7348","10604","7003","14214","8697","10027","9852","4580","3434","7804","3897","6512","6104","9030","4796","7832","13670","10451","4191","9056","3811","6075","6058"
"0.78_688.52","7718","5867","10614","4514","8027","6399","4913","6867","7652","10442","7324","7048","5060","4948","11341","3590","4162","3420","7149","8409","5328","4997","5561","5434","3433","9764","7298","6064","19897","12241","3928","6450","6304","10687","4267","5067","6698","4680","6067","4191","6543","4665","4675","5797","4079","6609","5368","15660","31554"
"3.77_969.86","7745","7924","6320","6452","10900","5286","4128","18313","11099","7767","4203","7969","8343","3720","7048","5138","11390","9007","4496","19823","15299","7739","6745","8790","4325","6686","11962","11557","8136","12199","5617","9320","11434","4095","3571","6561","5757","4065","7656","10388","4974","8093","15987","7980","4968","10542","4344","10138","6583"
"0.80_556.44","11928","10560","16813","8761","14926","9579","7838","9395","15057","16936","10814","10195","8357","9444","21820","6692","6242","7917","8325","13732","8120","8566","8355","17123","4499","14977","10988","9482","43585","18096","8767","10744","9940","14442","6983","7289","9209","8473","10773","6970","9507","8085","7784","10174","8254","9195","11660","23363","37536"
"0.81_512.42","13624","9871","16730","8445","15234","10669","8549","10636","16080","16632","10361","10271","8675","9261","21098","4762","6034","8465","8568","11524","7637","9681","9661","24680","5029","15746","9227","9747","38918","14075","8818","10751","10353","12347","8923","8830","9561","8808","10096","6381","8015","8264","7719","11836","7700","8990","11062","18551","34257"
"2.82_892.76","4006","4004","1919","2748","8797","2000","1133","9454","6517","2969","1972","2662","2730","2164","2506","2260","3265","3803","1838","4831","2533","2681","1651","2943","2957","2767","4233","5059","3087","4528","5546","3355","5773","2905","4545","3570","3222","3900","5348","3729","2540","1716","3433","2571","4546","4945","2640","6112","4409"
"1.22_600.48","2637","2873","2745","2526","3072","3952","2672","3069","2542","2664","2038","3469","2699","2452","4620","1776","2564","2183","2205","2547","3217","2472","2554","3044","1869","2138","3064","2946","5186","2668","1924","2352","2049","1961","2098","2430","2160","2272","2943","2733","3765","4067","2647","3961","2640","2579","3721","2937","4238"
"3.17_871.75","2667","2942","1797","2061","2476","2488","1641","1945","3113","2251","1797","2255","2860","3005","4050","3221","2033","3473","2736","1688","1828","2752","2223","4007","2992","2196","4035","3474","3873","2615","4023","1608","4276","3387","3386","4760","3832","5737","5208","4808","2739","3497","3588","4198","2971","3524","1877","2647","3959"
"1.31_717.49","3569","3185","3763","3930","3736","2164","2568","4901","4585","3073","3180","3799","2647","2233","2822","2298","2467","2324","1462","3159","4802","3934","1493","3116","2781","2348","3167","2857","2920","2776","2258","3784","3240","2452","1962","2017","2163","2360","2677","2764","2536","3059","3629","2349","1860","2738","2891","2108","2521"
"2.81_839.75","2123","3723","2818","2492","3073","2880","2017","3568","3652","1228","2177","3485","3210","3218","3057","1631","2852","2644","2207","2527","1682","2284","2041","4988","3057","2464","2796","3326","2295","2972","2788","3040","2744","2702","2931","3545","2665","3193","3390","1982","2518","2898","3481","1570","3900","4108","2134","3488","5228"
"2.96_806.69","2694","3927","3289","2787","4582","3362","1693","3195","3471","1933","2547","2215","4879","2512","3094","2257","3012","3536","3149","1853","2332","5512","2323","4151","2627","2982","3347","3449","4424","4017","2716","3846","3293","3003","3402","2905","3343","3717","3571","3662","3764","3183","3808","3623","3000","3117","3499","2921","3095"
"0.22_409.19","4880","7197","1907","5001","4419","3759","2033","6160","5338","2605","7723","4555","2462","3802","5425","1709","3046","3118","1945","4357","7613","3531","8209","5214","4261","3141","4887","4308","3667","4686","2382","6004","8462","2891","3295","1870","1679","4270","2756","5829","5274","4597","3841","4088","4171","2522","3921","3017","4536"
"3.46_822.75","7749","5840","1909","2309","4773","4827","3324","5245","4539","2609","4097","4972","5875","2846","4628","4231","2703","10832","2959","7773","3692","4938","2975","6130","2167","4905","4823","5712","11349","3816","1747","2129","8280","2990","2028","3128","2693","3911","3313","4096","3289","3265","4169","4110","2288","3296","2813","9378","3247"
"0.35_272.26","7990","7524","8879","8299","7259","11653","7694","8128","11894","9461","10219","6714","6197","15657","12759","8334","8284","8868","8066","8705","7276","7952","22056","8779","7486","7991","7900","7149","6004","6768","7840","6858","68360","7135","8283","7106","15108","7860","8002","8284","7557","5681","7131","23909","10611","7562","7667","8721","7867"
"4.08_1455.40","6890","5170","6320","1661","2697","1175","1951","4087","4737","4952","1937","4011","3644","1207","3290","2011","3379","3538","4036","2773","4300","3225","3662","4098","2620","3704","2536","2220","1814","4246","2988","1525","1620","1658","1030","2934","1713","2136","1765","4306","2264","1147","5722","2651","3811","2576","2205","2038","1180"
"3.70_866.78","1186","2454","1275","1362","3536","1409","855","4749","2920","1431","1521","2390","2419","1412","2123","1501","2417","2762","1039","2723","1618","2079","982","2766","1324","2499","3000","4231","2249","3291","1455","2991","3802","1418","1257","1808","1061","1764","1879","2641","1329","1436","4190","1640","1887","4562","1368","2780","2096"
"2.86_804.69","7187","5930","4731","3124","3370","3471","2900","9587","1151","2289","3714","3601","2357","1836","5919","3333","2627","3449","1722","2482","2379","2674","2723","3395","1584","2359","2161","3011","1551","3889","1920","2262","1587","3095","1840","3361","2598","3186","2981","1160","3023","3157","1430","2497","2153","2416","2591","1188","1750"
"1.98_786.60","3085","4301","3444","2989","2636","1883","3016","4647","4625","2419","3777","3126","2503","2968","3389","2456","4172","2290","3000","3563","2958","3552","3177","5097","3038","3931","3373","3271","4324","5528","2427","4855","4282","3203","3359","4112","3294","3977","3170","3296","4093","4747","4516","1808","3948","3245","3438","3786","5351"
"2.07_830.44","2914","3008","3331","3066","2618","2927","3600","3251","3055","3085","2737","3012","3620","3312","2945","3874","2948","3948","3176","3314","3290","2982","3016","2874","3231","3521","2866","2939","2920","3938","3134","2459","2827","3352","2957","3214","3823","3259","2840","3311","2569","2770","3812","3662","3429","2770","3547","3481","2650"
"3.49_848.77","5493","4411","3428","2889","6045","3919","1810","7214","4132","3160","2815","3118","4394","1930","4929","2891","2995","6176","3201","6823","3399","4220","2668","5428","2197","4693","2080","6787","4807","2056","2320","2540","5287","2060","2018","2045","2712","3290","3073","2835","1906","3248","3265","2865","2254","2620","2694","5269","3519"
"3.83_888.80","2031","2736","2635","4446","5707","2051","1193","7591","5660","3256","1853","3676","2606","2426","2624","1989","3907","4018","1850","4077","2828","3793","1916","3605","1908","3697","3856","4245","2388","5079","2994","3941","5349","2414","1786","3097","1947","2585","2733","3552","2496","3525","5249","4515","2341","3399","1319","2581","3112"
"3.13_864.76","2745","3210","2128","1897","6785","1829","1274","10473","6052","2160","1955","1986","1923","950","2562","1723","2985","3228","1393","6951","2662","1773","1429","2768","1322","1965","3761","3153","2611","2999","2052","2465","4614","1522","1678","2114","1995","1655","2125","1861","1602","1730","2317","2451","2436","3273","1541","4294","2975"
"0.80_600.47","11879","9622","17085","8575","13050","10304","6394","9462","13652","14893","10690","10496","7124","7990","14394","5387","5576","6908","8451","13169","7289","7620","7498","11032","3845","13718","9145","9786","37649","19946","6842","9387","8480","17203","5962","6723","10386","6942","9944","6322","9374","7950","8851","9430","8930","10099","11595","24873","40753"
"1.16_540.45","12615","11450","14701","10887","14547","14632","12367","11719","16763","24054","12715","9745","8941","9938","19820","6384","7330","8260","9614","12385","10210","10172","10832","16592","5205","16536","10926","11808","49423","14208","9876","10925","11359","9871","7068","9577","10406","10183","15915","9234","9976","9023","8737","16354","10576","11118","14959","18006","38624"
"3.40_1044.86","2231","3753","2233","2500","5135","2163","1519","4548","5391","2955","2142","4043","4223","1782","2821","2505","4538","4809","2161","4109","3515","3492","1428","4814","2462","2055","4231","4697","4040","5475","3997","6411","4095","2315","2346","3657","2715","2730","2927","3262","2881","4089","5459","3474","3012","3468","2006","3021","3207"
"1.31_616.18","8509","1682","8088","3231","1335","1365","5653","3835","3000","5708","2416","2205","1661","1856","1952","1888","2436","383","1939","7219","4797","860","7103","2718","2537","354","1152","278","960","1791","2569","1433","289","1470","1276","1437","751","1130","2163","357","75","1443","320","2410","456","2674","3875","4289","906"
"0.21_265.14","582","2789","1018","2162","2489","2927","1827","4077","3396","2612","10118","5126","2604","5732","9763","4328","2828","5132","2520","4091","6969","13181","2123","2652","3982","2454","6335","3991","2861","10587","2569","3162","3375","3617","3249","2932","4789","4968","2775","2300","2812","1968","2513","6317","2585","3237","5769","2184","32949"
"2.94_834.24","75632","51248","39334","19663","27444","21398","17040","28710","38807","44444","18516","43417","29143","16042","36578","27924","31405","20413","45124","19612","40456","19730","49306","26959","41453","33675","25770","24183","19800","36923","48896","15864","16091","21034","20043","23259","15380","18633","15834","51884","18689","15505","47235","21338","47633","34485","19160","18549","16856"
"1.86_794.55","5241","4714","6850","4375","4006","3201","3553","6043","5031","5178","4279","4919","4390","5013","6048","4275","6238","4733","2904","6026","6263","4011","3294","5072","4966","3985","3490","4651","5807","4908","3906","4317","4424","3923","3906","4908","4606","4986","4966","7616","3502","6309","5334","6332","4675","4467","4152","3050","4645"
"3.10_922.77","1149","1861","1313","997","6612","975","761","5449","2837","644","1196","3344","3216","1489","1450","1135","4034","4081","992","1394","1050","3643","845","4762","1097","2592","2292","7724","2264","6112","2648","8159","4274","1699","1701","5261","1924","2011","2047","2453","1329","1714","4851","1393","3379","2335","601","1976","2072"
"2.53_642.58","10367","3615","10512","7819","4813","3472","4911","5186","7858","7856","3856","4533","5323","4333","4562","2829","4301","3714","3022","9537","8537","5457","7889","5368","3178","5177","4140","4206","4937","5157","4872","4955","5612","4627","3536","7093","3898","5813","4333","5473","4851","5654","5783","5550","6563","4641","4736","6776","4880"
"3.88_1278.35","55116","33468","38078","13609","6076","14844","14338","20476","33209","36919","13743","32200","24370","3091","25920","17578","26952","16345","30005","13675","29863","24867","31004","26166","27584","27758","17598","16374","14619","28786","7187","2929","2932","13207","3054","19319","14956","18765","14164","33200","18132","2883","36831","20079","32534","18983","13359","17483","2862"
"3.84_959.87","2852","3176","8074","5793","11750","2191","2123","7711","11066","5391","2836","4224","2683","3006","2395","2532","5481","3979","2587","3192","4314","4489","1557","6077","2100","5382","4390","6324","2546","6346","6193","6058","4691","4034","3753","5717","3530","3796","4378","3828","3622","3531","6064","3390","3427","3861","1998","4129","4729"
"3.07_728.65","26493","21419","22869","20247","11638","19358","17120","17895","15855","18209","19854","8975","9618","15756","18491","23945","6094","10933","18640","22525","18296","9523","21109","5874","8062","4712","7370","4557","8710","6477","8111","3985","7342","7190","8534","7839","7893","6399","7534","10841","6717","6522","7924","12240","6790","9836","12150","9385","7261"
"1.98_616.18","5416","1235","5890","2278","2051","1149","3718","2621","2095","4085","1672","2577","1347","1810","1697","1925","3190","381","1286","5087","3559","1310","5180","2497","3278","921","1096","220","1504","2140","3003","1430","448","1818","2829","1857","906","1421","2165","339","0","1359","667","1420","976","2592","2481","2917","951"
"3.24_1028.83","3762","6148","4012","4036","5960","4439","1635","9612","8340","5418","2297","8485","6765","2759","5128","4065","11497","7708","3795","8968","5692","4379","2594","8428","4915","4356","6383","8586","5734","10589","6305","9473","8768","2914","2706","5624","3784","4021","5518","10839","2769","7725","13233","11021","3875","9672","2627","4258","4809"
"0.33_421.23","4306","3260","2373","4103","4719","2993","2691","3557","3522","3015","3256","3159","2297","3624","2777","4028","3427","3917","7078","5827","5450","4850","3986","20848","2350","1962","4248","5841","2228","3485","1987","2582","2439","1802","2437","4603","4654","4219","3532","3021","2935","4873","2635","2494","2742","1624","3889","3816","15250"
"2.26_795.67","2709","2971","2681","4449","4784","2690","2691","3454","4122","2815","3193","3598","3331","3592","3061","2045","3248","2859","2002","2248","3017","4847","2214","4621","1926","3572","4765","4043","4852","3764","3374","4598","4466","2992","2934","3992","2341","4491","3654","4745","3534","3055","4053","2844","4146","3422","3139","3886","5187"
"3.67_876.80","14131","13855","7927","8843","15949","12130","6246","19955","11236","11064","6828","9846","9415","5378","9091","9062","10510","14185","7355","13789","12135","13352","8692","12413","4412","9338","8026","12302","11427","10596","5521","5831","16235","4192","5409","6201","6243","8182","8153","10109","5525","9476","11787","9937","3814","7599","4709","15269","9148"
"2.74_785.23","20539","13868","9405","4127","1220","5117","5659","7281","9776","10716","4022","11558","8560","842","8342","6094","8745","6634","8861","3875","9866","6024","11754","6839","9826","7346","5319","7021","4444","8704","2193","820","764","4192","822","5121","5158","5516","5764","12318","7231","773","13859","4840","10585","6748","3107","5223","810"
"3.65_850.78","16490","11859","4973","6872","10586","10184","5474","15390","9151","6330","6599","10406","12260","4264","8273","8975","7275","19533","7333","16564","10835","10306","7493","12379","2732","10115","7550","11385","14672","6607","3216","3583","13319","4297","3169","4063","4521","5969","4355","7838","4852","9817","9426","8638","3327","5959","5636","15101","5683"
"3.65_994.85","2144","2063","2561","3047","6078","915","1052","7460","6599","2589","2068","2364","2014","1278","1564","1798","2103","2172","942","4541","2575","1595","1593","2543","830","1944","1910","2626","1321","3296","2461","2545","2210","1345","1169","2448","1504","726","1758","2176","1537","2114","3419","1725","1553","1905","1201","2886","2491"
"2.05_827.66","10495","9965","7867","10699","8915","5396","7735","10239","10373","4478","13692","8274","9630","9794","12225","7892","13579","8318","3505","8601","6789","10062","6770","10449","13001","10435","10170","12906","10228","14597","10990","15443","13072","10624","8969","13434","9908","14493","15872","12027","11016","15156","13426","8107","13101","12286","9669","11891","13870"
"2.37_751.70","742","4317","4242","9015","15315","9191","4248","12855","5989","5996","5011","13707","5506","11533","8225","8007","6948","5933","4959","6391","6635","281","5464","6490","13150","3875","9912","5609","11201","5004","10449","13289","9312","282","19341","19130","9723","14270","12657","11492","14959","6327","10078","2921","1874","12869","6123","8048","13432"
"0.81_468.39","11867","9838","13720","9857","15562","10050","8224","10010","15216","16595","8770","8134","10585","9254","19583","5902","7533","8092","8587","8719","9527","8993","9315","30148","5319","14721","9392","9762","32245","7917","8822","9154","10063","9253","8096","8876","8917","9628","9228","7267","7800","6968","8637","12285","7236","9741","9439","13004","27965"
"2.39_830.79","3622","1773","3770","3060","1550","4229","3733","3044","2055","1751","5062","3617","4438","4007","6244","3926","3763","4756","3649","3477","2107","5462","2257","3185","3940","5160","6803","4791","4082","3763","3722","4331","4109","1992","3383","3440","4035","2296","5173","2719","5622","4869","2898","4002","4437","5018","4662","4614","2253"
"0.40_650.14","4186","1050","3820","2464","925","921","2088","2104","2282","3589","1277","857","610","912","1450","1717","1221","870","1455","4590","4282","592","5383","966","1849","255","709","279","630","650","1430","236","778","659","1047","491","719","1306","1464","794","395","687","258","1204","267","1649","1785","1415","694"
"2.29_1026.93","13784","11726","2970","1581","5652","1725","5213","2107","7311","2103","6210","4500","2198","2216","4091","6236","2217","4021","2055","2831","2151","2084","3920","4876","1980","2488","2431","1965","2526","2237","2305","2984","1695","2443","1603","1868","3455","3693","3150","3023","1581","1586","2003","3329","2042","5162","2829","1502","6240"
"3.13_906.26","75996","50550","40569","21015","34866","21814","17756","29258","39738","55388","19820","45996","33900","18033","44005","31876","35614","19032","55121","19007","42150","25378","55305","31273","43623","36657","28281","24814","23317","40827","51856","21016","19399","19747","20277","24542","15966","19888","15169","53136","17795","16950","47046","27632","51457","37326","15650","21099","16588"
"3.40_1014.82","2479","4274","3270","2859","6782","2577","1552","6474","6977","3802","2306","3899","3883","1992","3239","2410","6610","4367","2124","4615","5469","4481","1794","5493","2303","3977","5782","7648","4097","7736","3547","6906","5787","2870","2662","4516","3168","2684","4152","4531","2731","4297","6328","4066","2356","4162","2049","3749","3191"
"3.11_682.65","2720","5976","2788","4995","4043","4765","4382","3848","2412","3088","3600","4998","3261","2858","3723","2432","3087","3248","4950","3237","2582","3409","2668","3827","5345","4801","3633","2799","3738","3857","4583","6561","2713","5530","4551","6820","3798","4026","3075","4775","4426","4697","3915","2312","3429","5590","2946","7150","3878"
"2.77_802.67","3061","4431","3135","3832","7092","3383","1941","3763","4945","3460","2233","2581","3994","3074","2733","2150","4639","3363","1997","2776","3571","4139","2370","3381","2486","2737","2509","3196","3379","3732","3781","6485","2469","2671","3260","4131","3016","3098","3123","3528","4029","3060","3712","4255","2972","2926","2971","3588","3060"
"3.84_940.83","2961","2503","5092","5115","15881","3155","2439","7601","12694","4049","2999","2936","2039","2197","2447","1836","4869","2972","2124","4083","3641","2942","2051","5206","2020","2795","3461","3492","2857","3397","5326","3761","3631","2971","3408","3280","2134","3648","5335","2371","3048","3037","4117","2707","3773","2714","1904","4248","3656"
"1.42_313.08","2314","1110","2959","811","2050","2904","1223","1290","2423","950","1154","2025","1372","1808","1026","1025","2000","2428","1065","2489","923","2170","1348","2503","1146","1774","1142","1203","1038","995","1071","1656","3034","4326","2544","1335","1340","3112","2253","2572","1711","1261","2206","1537","976","1823","1463","1733","2437"
"2.44_694.63","14567","8826","5745","4817","7210","9096","6560","7056","7160","10116","6777","5696","16598","8429","14404","6395","7182","8380","5105","6919","5836","6948","5373","8728","8458","9336","7034","6466","13132","7273","9125","10674","11917","6790","5882","11063","10002","15530","7759","8134","9221","9345","5609","7895","6358","9987","11101","8390","4262"
"1.52_757.60","1930","2172","2873","1909","4220","1685","869","7613","5532","2621","1688","1561","1760","1739","2066","1548","2220","2094","906","4518","3312","2703","2109","2808","2006","2565","2029","3338","2365","3185","2195","2815","2801","1862","1639","2981","1976","1974","2589","2543","2369","1810","2157","2582","2590","2670","1591","2852","2536"
"0.79_644.49","11059","6750","14170","5494","11243","7784","5102","7081","10342","11923","9815","8570","7000","6377","13300","3615","5000","4770","8793","11780","6147","6561","7015","7985","3689","12070","7713","7199","30992","17463","5672","7982","7547","14553","5791","5619","8493","6093","8272","4888","8661","6315","6569","7556","6784","7996","9230","21158","32674"
"3.87_1276.35","39756","24460","27773","10737","5894","10436","9803","14450","24949","25700","11016","21992","15954","2753","18878","12456","18683","12582","22480","11096","23046","18304","23115","18299","19341","19587","12963","11766","11819","18364","6940","2854","2712","10614","3193","13569","10242","13250","9827","24399","12648","2769","26785","15705","23339","14581","10366","11740","2695"
"2.51_429.09","16002","11450","4327","3258","2164","3424","3212","4186","7731","5052","3404","7244","6533","2003","5182","3768","6443","5405","4957","2683","7666","3765","7781","4213","5935","6034","3850","3408","3432","6128","4723","1939","1795","2914","1891","3235","2617","2997","3114","7015","3811","1788","12753","3122","5443","4418","2789","2410","1763"
"4.18_1498.41","9025","5633","7391","1796","3859","1994","2502","2461","4474","5282","2204","3134","3251","1985","3356","2629","2795","2518","5259","2332","4079","3024","6082","3748","4922","3587","2859","1740","2124","3017","5231","1951","2033","2179","2011","3612","2281","2687","2006","4572","2340","1829","5245","3369","4559","1247","2556","3032","2122"
"3.79_938.81","3272","2991","3033","4329","2863","3246","2133","5387","4519","2544","2395","2767","1983","1969","2643","1910","2510","2360","1494","2933","2743","2113","4891","2461","2406","3230","2467","3603","3032","3254","3300","2333","2801","2916","2818","3598","2217","2416","3073","4420","2537","3086","3746","2987","2957","2709","3182","6045","4007"
"0.30_265.15","18850","26527","31313","23992","33817","25819","24261","30863","104918","31713","20942","38512","29863","36842","28185","31778","33888","49681","22117","39409","23493","21813","20586","156575","49545","41747","42415","35652","19023","46372","29004","21213","25003","32096","27251","24425","70114","30619","30517","64622","47286","36222","54530","60318","20808","51764","20415","58511","81092"
"2.52_823.70","3841","3378","3469","3534","4978","2352","2620","3467","5914","2627","2648","2298","3476","2393","2871","2100","2320","2509","1748","2521","3676","3787","3312","4271","1688","2658","2997","3039","3737","3001","2530","3384","4637","2192","2208","2863","2981","3323","2598","3010","2109","2085","3225","2422","2422","2768","3547","3948","2944"
"4.18_1501.40","13393","7693","11249","2515","5244","3200","3074","4396","6735","6963","3155","4653","4112","2515","5691","3341","3948","3062","7687","2762","5998","5476","8356","5895","10409","5038","4312","3141","3280","4457","6815","2641","2423","2969","2056","4950","2965","3633","2268","6304","3277","2178","7299","4664","7905","3463","2106","3512","2357"
"2.50_782.66","8628","5011","7160","8078","6883","8582","6852","8753","5532","1654","2898","6155","8809","7405","6608","4516","5708","4169","3943","3579","6856","4694","8341","6564","4356","5935","7512","8752","9237","6728","3453","11098","7957","7091","6197","11748","7620","7244","6336","9842","5447","4388","6135","3874","6298","4656","7493","6862","10026"
"4.24_946.88","4446","9160","4005","4738","21141","4009","2069","13565","8024","5450","3870","7690","5273","2762","5615","4239","6701","7808","2211","7803","5067","4113","2156","6637","3640","5042","12077","8487","5417","5604","6213","6453","9495","4382","3956","5493","4104","5779","4655","5226","4390","4944","6582","5293","4957","4915","4159","6349","4642"
"2.41_740.52","2978","4119","5716","9031","3182","5524","6272","1712","2983","3746","6314","7937","4861","5678","5436","2997","5963","4321","6585","2773","5765","6227","4485","5986","5418","6934","5555","4049","3786","4400","4479","7531","4130","3472","4270","2513","3633","3783","3024","3350","4647","6392","5648","4111","2265","2575","3045","2814","5836"
"1.05_324.33","9011","6494","5829","4905","3566","4969","7897","4806","6208","6064","3284","4050","4910","5518","6561","7938","8125","6027","4604","9499","4852","2168","6576","4280","5954","9818","5420","2876","10716","3765","2241","5091","12706","3643","3827","11666","5918","7854","3956","8025","8289","1657","2733","2654","3500","8893","5568","6398","4364"
"2.72_740.62","3666","7888","2187","5516","5090","7340","3331","4578","3581","3414","9193","3015","6289","6235","8088","6106","2378","5616","5756","4081","4270","6318","2444","4255","7410","3259","7747","3912","6105","3806","4504","2735","7074","6303","5793","3491","6092","6411","7452","7587","4723","4505","5407","6239","3774","6694","5027","4009","5179"
"3.69_950.87","1557","3066","1290","1609","3460","1963","773","6546","3475","1367","1646","2397","3291","1446","3013","1725","4086","2768","1811","3891","2761","1662","1135","3241","1739","2110","4089","3628","2966","5301","1761","2695","4930","1864","1426","2647","1821","1718","2419","3954","1813","2010","5406","2132","1655","5132","1627","4420","3359"
"0.21_288.19","640","2608","547","658","3448","13853","732","3265","5897","2594","4585","5451","1032","3546","13642","2627","12222","3784","3119","1348","1923","3700","1265","3583","2156","11710","4346","2616","1356","6967","679","3360","2985","1757","3591","3021","3605","2811","9885","2102","3941","2737","2736","5981","2225","1747","2963","2667","7626"
"3.87_1280.34","26021","16431","20108","8122","3369","7413","7206","9674","17231","17426","5973","15479","11192","1615","12370","8980","14114","8402","14675","7734","13164","11041","15802","11727","13401","13273","9085","8435","7700","14297","4018","1647","1663","7091","1966","9723","7644","9055","6433","16032","8417","1533","18605","10557","15707","9660","7133","7110","1579"
"3.13_839.76","2030","2941","2264","2213","2939","2160","1486","2022","4651","2653","2878","3234","3521","3338","5636","2541","3962","3290","2250","4033","2126","3991","1515","6594","2031","4410","5421","5782","4518","3673","2639","4324","6685","4072","2487","4515","3264","5566","5268","3517","2856","3441","3916","3437","5629","6736","1943","3697","3825"
"3.07_838.76","1371","1298","1117","596","1171","2001","1519","850","887","1364","452","3230","3968","4376","5840","2411","5094","4317","1835","698","1961","5045","714","8100","2935","4440","6900","3439","4682","4085","2149","4065","9368","6328","4125","7093","4105","7819","5431","4463","5192","4822","6836","2822","6651","4974","1140","0","1752"
"2.85_383.33","1821","2814","1222","3410","1839","1779","1137","2359","3517","1059","2559","2544","5691","3484","5212","2445","4354","3153","2802","1527","1254","4902","1073","8935","2452","3248","6643","7891","5979","3482","3126","5281","9692","6235","3582","8452","3494","9590","7450","5587","4037","4037","4508","3937","7793","6453","1621","2884","5442"
"1.97_615.50","2545","2929","2378","2678","8769","2276","1337","6538","6103","1911","1901","2402","2336","1652","1826","1700","3876","2501","1722","2788","2441","3077","1816","2937","2368","1895","2606","3117","3209","3917","3479","3110","2665","2399","2228","2789","2134","2228","2743","2142","1773","1800","2679","1698","2259","3112","2403","2865","3881"
"0.48_512.42","5242","4541","4147","3030","3081","3850","2440","3343","27233","2665","2389","2592","4063","3954","2973","3031","4794","3197","2502","4007","2373","3262","2906","10239","3216","4156","4139","2208","3002","3147","2421","2346","3396","6523","2225","3373","4387","2766","6887","1808","3233","2770","3433","2274","2387","8933","2053","2859","4676"
"1.72_411.38","8345","5100","9299","6603","7697","7485","7425","6872","8788","8631","6269","5775","5700","5257","6481","4956","5312","4483","4803","8118","8339","9526","6937","8340","4899","5738","5191","5194","5858","6229","4552","8743","4798","4881","3909","6001","4734","5624","5887","4516","4372","5316","6031","9003","6156","7930","6334","7422","13257"
"3.77_940.82","2549","4039","3157","3161","6178","2414","1614","7099","6009","3954","2613","3475","3032","1571","3192","2136","4215","4333","1857","7270","5538","3143","2638","3958","2475","2964","4881","4665","3598","5685","3754","4228","5840","2098","1967","2953","2802","2501","2779","4250","2080","3822","7368","2916","2037","5186","2074","5913","4407"
"3.30_726.67","4199","3087","2033","3131","3085","3556","1797","3246","2648","1309","1864","3417","3757","2811","3272","2358","3491","2784","1445","2591","2154","2383","1669","3026","3494","2618","2444","2520","2737","2819","2428","4323","2312","2763","2882","3184","3589","4174","3255","4826","2754","2154","3049","2638","3815","4008","2288","3389","3246"
"2.73_503.11","9438","6261","3299","2037","1802","2401","1501","2716","4369","3536","1986","5984","3893","1875","4831","2770","3954","3087","3363","1903","4258","2331","5654","2758","4019","3652","2925","2665","2071","4323","2984","1850","1686","2449","1866","2301","1914","2208","1936","5390","3579","1528","6648","2337","4343","3073","1446","1482","1407"
"1.15_584.47","12517","11726","16296","9918","13477","14143","12726","11163","17489","22569","12823","9600","7791","9111","22751","6632","6927","7516","9817","12169","10049","9902","10226","16023","4451","14196","12123","12133","54129","18429","9887","11885","10542","10968","6369","7594","10608","9207","14737","7972","11456","8980","9131","14579","9478","12542","14803","22804","40596"
"3.46_1081.31","10241","6772","8715","3356","6076","2459","2439","4641","6477","7639","2671","7139","4631","2874","5188","4035","5419","2444","6735","2670","5957","3327","7953","5346","5959","5257","3371","3712","2997","6341","7020","3379","3015","2597","3436","4338","2093","2884","2024","7708","3208","3150","6043","3401","9242","4266","1955","4083","3307"
"3.58_978.85","3138","3030","7393","6190","16025","3199","3000","7421","31690","6777","2314","3394","2904","3125","2497","3081","5558","3699","2986","2616","3604","3763","3402","4665","3016","4015","3664","4445","3137","4235","5805","3854","4561","4076","2640","3349","3296","4604","4003","3674","3416","3612","4412","4174","3407","3435","3762","3629","3825"
"2.34_818.64","5840","5607","6010","5729","5846","1588","4737","5498","6381","4418","5895","7106","5889","7265","7145","3919","6541","5134","2190","5435","5654","6087","5124","6128","8095","5925","5397","5640","4849","6056","5834","6546","6386","5849","5268","7642","5525","6687","5841","5818","6353","6426","7106","5557","6059","6270","4918","4940","5455"
"3.40_1028.83","5330","6563","4920","3600","8423","4073","2083","9618","11478","6277","2497","5086","5563","2402","4277","3857","9896","5431","2748","5959","7891","5656","2809","6625","3425","5377","6253","9296","5239","10258","3521","8298","6677","3018","3426","6489","4212","4086","5673","6321","3237","5439","9441","5417","3387","5807","2874","5329","4377"
"4.18_1503.41","5869","3515","5198","1245","2785","1657","1750","1871","2978","3694","2092","3618","2384","1280","2287","1480","2276","2237","4122","1948","2687","3470","4568","2742","3713","2502","1674","1478","1467","2769","3602","1276","1301","1108","1175","2022","1534","2302","1166","3386","1403","1123","3541","3039","3225","1573","1708","1850","1715"
"3.39_1059.87","1336","3265","1514","1942","3813","1437","1089","3663","2984","1930","1184","2661","3038","1445","1380","1777","3669","3427","1167","3504","2601","2572","754","3560","1687","1522","2840","4299","2545","3563","2642","4424","3468","1510","1490","2918","2230","1743","1897","2786","1829","2745","3207","3295","1943","2615","1242","2266","2553"
"3.14_838.75","3222","3591","4112","3341","6389","4015","1786","11279","8474","5118","3806","2945","3164","1410","2110","3174","2489","4527","2419","15431","6563","1343","2654","11940","2181","6155","7042","4670","4528","2797","3502","7971","9526","0","1409","8110","2306","0","0","3017","2982","2485","5904","3578","9563","3284","2690","6726","4247"
"3.92_996.88","2275","4504","2338","1994","7953","1827","1105","8194","5466","3604","1901","3004","3114","1358","2629","2443","3308","4725","2187","9477","4916","2583","2032","5063","1648","2499","8313","5984","3903","3581","1586","3770","6228","1459","1667","2149","2776","1514","2501","2614","2029","3049","3399","2209","1882","3448","1364","5362","2252"
"3.71_940.83","2738","3523","5631","4623","10474","1832","2333","7628","12129","4982","1943","2470","2565","2032","2654","2264","4124","2506","2071","1879","5112","3397","1808","4625","2206","3604","4068","5496","1918","5385","4440","3559","3973","2580","2448","3814","2442","3603","2985","2126","2266","2363","4468","2603","2046","2437","2197","2442","3213"
"3.79_996.87","4133","3937","2100","3847","7476","1867","1311","10500","7132","3109","2425","4181","3150","848","3514","2436","3090","3845","1094","7968","4022","2654","2972","4394","1831","2810","4994","4147","3003","5303","3453","4075","5065","1637","1660","3396","1934","1410","2520","2770","2279","2537","5560","2890","2502","3933","1694","4278","2631"
"4.11_932.86","7285","12115","8814","12625","21478","7721","4768","21631","18852","9143","10226","16410","12127","7926","10583","9987","14726","13178","5957","13933","12967","12669","4549","16274","7267","10773","14466","16082","10805","16489","13446","18491","15735","8198","7263","12351","7808","10333","9667","13436","9630","11997","16268","11689","10117","14785","6297","9506","11104"
"2.21_802.56","2166","2190","2207","3042","2975","1577","2297","2548","2140","1829","2678","2579","2109","2222","2085","1594","2191","2171","1065","1812","2159","2399","1368","2463","2088","2350","2705","2133","1910","2887","1960","3097","2060","2152","2069","2254","2241","2271","2004","2139","2541","2346","2335","1901","2229","1852","1849","1727","2481"
"3.82_878.82","33930","31325","13870","15375","24091","26728","13890","38198","19451","17227","17564","32166","27917","11732","23760","21785","23679","53671","18381","38204","28004","26147","18675","30595","9967","24503","28862","31902","47735","27877","10798","13043","60722","11371","10736","10984","15110","18665","13796","31196","12339","30048","36412","21697","9756","25909","10678","44901","19271"
"3.19_870.75","3795","4478","3002","3049","4586","4608","2438","3615","5273","2475","2684","2914","4912","4858","5723","5536","3073","3943","5400","2933","2810","3524","3527","4012","3635","2766","6110","4674","5987","4561","4600","2990","5818","5214","5269","6740","4698","6958","7729","7174","4060","4984","3717","6908","4647","5434","2714","3583","4271"
"4.11_944.86","7240","9342","5169","7712","23729","3891","3412","17340","14222","5722","5719","7088","4905","3646","4664","5400","7559","8128","3709","6408","5191","5395","2618","8790","3527","4282","8182","7752","6310","6277","11628","7124","8302","5127","6290","6038","4866","6330","6546","5137","6154","5245","5088","4176","8837","5854","3976","5778","6659"
"2.51_355.07","9851","6826","3757","1614","1369","2619","2512","2575","4881","3159","2146","5066","3780","1209","3159","3038","4085","2910","2449","1544","4373","2899","5418","2907","3884","4252","2719","2381","2664","4575","2971","1190","1229","1973","1165","2521","1854","2259","1845","5173","2730","1395","8228","1902","4189","3261","1807","1796","1316"
"3.87_740.69","1710","2522","2187","2652","4005","3435","1425","2780","2721","1550","3800","4968","4987","4841","7087","3110","7701","4143","3105","1636","1718","7485","1514","8549","3071","6226","5084","11048","5830","7669","3188","14075","9513","5769","4779","8868","5240","10118","6087","5882","4833","4912","5791","4837","10944","5593","2061","2859","5423"
"4.07_946.94","2879","3635","2220","3340","7062","2774","1479","7203","6317","3102","2366","4813","3352","1780","3483","2786","4777","3701","2342","3077","3925","3443","1897","4963","2550","3099","4559","4383","3056","5392","3814","6488","4894","2491","2288","3338","2843","3157","2547","3867","3619","3334","5634","3372","3566","5021","1973","2531","2546"
"2.31_718.54","3387","9588","3503","4946","2701","6830","2845","4025","2545","2315","3733","3941","2792","2829","3214","3442","3107","1826","1187","3138","2482","2781","9007","2854","4351","3802","4126","5503","4686","2916","4897","3390","3550","5790","6264","3172","4266","3335","3263","4720","5223","3339","3372","2558","3395","5296","4882","5056","9448"
"3.84_928.83","2296","2971","6268","6181","10977","1619","1609","7785","10531","4747","2461","3686","3905","2853","2327","1914","5146","3546","2054","3390","4160","4834","1665","4660","1871","4820","4070","5066","3187","6112","5077","5028","4317","2720","2334","5483","2114","3606","3932","2865","3545","3194","5263","3870","2540","2645","1874","3143","3355"
"3.77_966.83","3057","3535","3671","4492","9425","2085","1508","10732","10502","3786","3777","4518","2743","1204","3688","2023","3493","3648","1460","6302","4469","3515","2059","3892","2118","4235","3788","3997","2560","4258","5742","4457","4704","1785","2288","3468","2220","2583","2497","3409","3140","2593","2844","2791","3094","5134","2645","4525","2898"
"2.49_720.64","4006","4165","5361","6028","4907","2975","3310","4343","4023","3694","4228","5073","3856","1721","4469","2685","4155","2755","3932","3305","3917","4495","3234","4469","5505","4644","4345","3973","4817","6319","3767","6429","4030","3471","3581","5418","4347","3866","4415","3934","4819","4440","6223","3216","4892","4783","5072","4065","7239"
"2.38_1544.14","3801","2821","1735","5581","3612","2418","2928","3982","2983","2498","5045","5963","3362","4354","4926","2451","6971","3719","2300","3825","3821","3713","1674","2780","6200","6296","2919","2818","3349","6021","6945","6031","4332","4008","3205","5234","3660","3326","5682","3702","4781","6145","5854","3542","5714","7088","3370","2365","4679"
"0.49_556.44","4363","3299","3299","2480","2243","3372","2200","2242","22991","2291","1886","2229","3325","3141","2427","2165","3858","2732","1944","3297","2496","2201","2429","6276","2513","3409","2811","2110","3157","2238","2420","2123","2429","4541","2497","2508","3088","2772","4479","2516","3211","2302","2780","2356","2565","5419","2410","2174","2708"
"2.72_754.63","2982","6380","1680","4873","3897","6183","3974","1511","2408","2938","7531","2887","5076","5107","7922","5643","2796","4389","4743","1933","3561","5665","2346","5257","5080","2513","6844","3523","6557","3063","4120","2676","5268","5623","5048","3577","6313","5825","5362","6514","4442","4063","4161","4971","3575","5893","4560","5009","4279"
"3.48_952.82","5068","3231","2729","2469","3986","1947","1328","6846","3443","3395","1717","3099","2429","1387","1885","2365","2966","3123","1663","5822","3825","2357","1834","2996","1732","3243","1612","5187","3040","3169","1720","2182","7572","1122","1878","1906","2214","1663","2002","2193","1407","2248","4901","3055","1655","2581","1259","6164","2957"
"0.75_526.31","6977","3370","3949","2347","2112","4111","2248","4919","1726","1797","2705","2051","2391","2812","3294","1753","2300","1983","4099","6956","2174","1922","8180","3066","3835","2720","2083","3505","4097","3088","3002","3486","2770","4140","3396","3002","3397","3274","3533","3034","3573","3282","3011","2701","3233","4410","3722","4868","4297"
"1.31_717.55","2891","3840","2864","2109","2783","2126","2557","3278","2923","2110","3028","2316","2074","2570","3283","2316","4544","2639","2191","3530","2019","3166","2763","3537","2636","3226","3190","2450","2972","3343","2549","3985","4176","2936","2561","4943","2635","3308","3447","2743","3398","3455","2983","2014","3861","3215","3420","3079","3109"
"2.51_685.26","8759","6267","2469","1324","561","2003","2071","2277","3870","2893","1623","4171","3786","419","2973","2140","3662","2578","2747","1680","4002","2018","4952","2381","3083","3198","1850","1744","2149","3523","1348","442","452","1427","415","2139","2061","1887","2090","4514","2685","443","6098","1630","3040","2590","1242","1972","400"
"2.51_651.14","7975","5451","2828","1763","1365","1761","2042","2471","3900","3846","1683","3907","3269","1548","2960","2038","3677","2700","2669","1625","3413","2651","4363","2286","2238","3460","2396","2448","2271","3466","2555","948","1169","2110","1049","2006","1679","2419","1412","4434","2606","1075","5671","1548","3508","2787","1763","2831","1108"
"4.22_1000.93","3741","4613","1903","2963","5803","2530","1616","8752","4626","2090","1828","2646","2401","1646","2184","2276","2877","3458","1564","3085","2153","2749","1342","3119","1125","1681","3206","3351","2110","2876","4768","2950","3123","1863","4706","2202","1890","2389","2255","1378","2512","2078","2593","1928","2234","2806","1851","2350","2156"
"2.73_787.23","11817","7486","4988","2480","950","3623","3159","4789","4841","5773","2627","4938","4026","813","5616","4374","4156","4556","5167","2268","5111","3400","6602","4537","5917","4275","3870","4401","3036","3792","1712","675","623","3405","736","3738","2962","3986","2612","6300","4520","689","7050","2800","6381","4926","2461","3038","665"
"2.42_914.73","2530","3328","2940","2065","5458","2016","910","5806","5297","2576","1370","2047","2539","2118","2085","2880","2823","2707","1791","4475","4027","2168","1839","3402","1806","2339","3203","3875","2268","3468","3130","3416","3019","1724","2517","3212","2206","2677","2504","2642","1700","2239","3170","2744","1575","2946","1309","2471","3082"
"2.35_863.68","9005","6053","7142","4215","5125","6326","4416","7367","7399","4326","6637","5438","4345","6656","5734","3977","5993","5339","4958","7957","4296","4173","6407","5017","5307","3913","4034","5864","4673","5756","4504","5661","4594","3902","4627","5381","7088","5853","5603","4476","4821","4499","3591","4984","3450","5147","4651","5064","4659"
"2.25_692.62","4901","2503","2961","2271","2231","2683","2968","2190","2235","4086","2872","2345","7415","3620","3863","2741","3919","4016","2218","2383","2538","2770","3088","2627","1779","4139","2402","2672","5058","3142","2021","3290","5259","2575","2215","4381","3221","3240","3545","3505","3487","3137","2405","2455","3584","4828","2855","3017","2455"
"0.23_266.17","3934","5868","5100","3585","3397","2627","2916","3208","3317","4113","3950","5137","3791","5436","3699","4399","5459","11780","7621","3202","2466","2681","5637","5035","2743","4087","3974","9626","4700","3666","18846","3011","3609","4311","3301","2456","2047","9572","3852","3315","6478","5882","4623","3007","3268","3868","1895","1743","3085"
"0.82_424.36","9161","7976","9161","9850","14195","8726","7992","8042","14549","14516","6071","6164","9776","7721","17371","4937","5711","7352","7591","7601","7422","7948","7685","30765","5130","11021","7838","8451","15380","6147","6663","7746","7954","7391","7084","7515","7650","9189","7956","5947","5854","5877","6401","10508","7007","8270","7583","9180","21008"
"2.54_856.68","4105","3876","2841","3076","5051","2436","1239","8637","8483","3884","2645","3236","2380","1136","2242","2229","3148","2732","2017","6272","4218","2771","2595","3368","1702","1794","3128","3997","2360","3751","2923","3586","2604","1964","1584","3565","1994","1770","1819","2462","1402","2729","3566","2296","1778","3452","1700","3063","2822"
"2.45_830.67","5026","6201","5274","3564","5177","3838","2295","5753","2736","1068","3810","3866","3318","4322","2348","2385","10491","2394","2327","5609","2770","3528","2362","3630","4471","6522","1995","2011","5699","6911","3686","8186","4596","5720","4031","11828","3952","5530","5228","4025","7983","7838","7310","3250","5059","8768","3287","4374","5339"
"2.54_776.64","9183","9222","6292","6097","5190","5987","6082","5795","5045","7500","4993","2900","4844","6835","4879","7566","3318","4420","6712","4290","5219","3406","6340","2358","3250","2030","2747","2540","4451","2830","2916","2414","2224","2855","2981","2980","3271","3468","3130","4634","2715","3228","3316","5396","1977","2315","3327","3280","2361"
"3.98_864.80","2972","3046","1714","2534","5412","3999","1129","6762","2340","1658","2169","4318","3821","1874","3031","3228","4694","4748","2558","4690","3437","2741","2293","4003","1895","3380","2960","5679","4392","4438","1636","3554","6687","1860","1632","1471","1647","2554","1921","3371","2105","3585","5716","3287","1767","4619","2111","3638","2308"
"2.40_844.66","3383","4465","3470","4603","4901","3645","3814","4450","4142","3321","3445","4699","3242","3909","3054","2743","4084","3389","3187","4085","4007","4214","2965","5429","2848","4085","3991","4395","4214","4204","3752","4543","3892","3304","3274","3721","3741","4261","4045","3783","4259","3814","3843","3381","3836","3412","4004","4219","4193"
"2.71_808.70","3800","4039","3908","3298","5203","2774","1930","10057","5992","3425","2569","4120","3729","2666","4041","1632","3279","3678","3167","5995","4833","4206","2679","5910","1847","2035","3525","3363","3530","3961","3687","4714","5099","2969","3456","4528","3207","3866","3649","4661","2530","3443","4453","3092","4663","4090","1157","3304","4796"
"1.39_568.48","2947","2298","2284","3414","3634","2852","11332","6296","8908","3151","4038","2637","2697","3701","6734","2581","2374","3876","3564","3759","3189","3235","2132","5040","3139","4271","4058","2154","8614","2749","3469","2425","2966","2678","2050","2099","2344","2588","2808","2434","1812","1877","2906","2798","3102","2253","3098","2825","7010"
"0.79_283.26","9386","3816","5184","3987","5500","6852","7383","5028","6344","12308","7132","3821","6906","3214","8430","3063","3303","4711","4188","7991","5192","2253","6584","3366","5410","3633","4542","5295","7927","4515","5871","1877","5334","3327","4768","5839","7549","2811","6184","3220","3820","3210","2579","6294","3925","4590","8446","7144","7447"
"2.79_756.64","3100","2632","3569","3525","4915","4261","1866","7899","4500","3040","1942","5154","3736","2164","3560","2069","3200","4035","2328","8269","3366","3118","2229","4036","2354","3169","3616","4780","3325","5437","2501","3868","5267","2105","2892","3351","3005","3015","2670","3869","2201","2056","5755","3205","2617","5598","2693","6066","4497"
"1.12_716.55","7140","5581","8878","4958","6881","7065","6484","5594","6725","14064","6700","5614","4628","5410","11731","4045","4368","3453","4684","6252","5839","5580","5672","6056","2423","6895","6441","8362","22590","9198","4994","7264","5356","7914","3806","4709","5934","4859","8936","6010","7772","5051","5401","7116","5165","6520","7236","15020","28682"
"2.74_429.09","6444","3843","3170","1076","674","1601","1761","2486","3232","3142","1236","3786","2713","617","2522","2027","3109","2765","2871","1607","3048","1936","3583","1916","3251","2385","1780","1990","1745","3066","1344","477","488","1613","512","1855","1244","1388","1514","3871","2703","515","4127","1281","3205","2545","1193","2071","527"
"2.00_724.71","18290","10173","16802","5410","19542","13957","10298","9722","16825","16631","9364","17603","16933","10936","9973","11345","6167","15653","11167","10601","16609","19095","19724","18355","13678","18469","12435","16972","14038","12857","15111","9395","12713","16948","19524","14995","17427","9789","11630","17390","11397","21661","16913","9124","8495","19280","7409","17633","14020"
"3.71_966.85","3496","4470","8130","4797","19803","2578","2006","7382","21988","4430","3224","2712","2920","2175","3519","2960","5832","3281","2203","3267","3626","3688","3476","4660","2496","3897","3608","5052","2654","5310","5878","3386","4163","3544","3354","3346","2783","3037","5168","2765","3317","3937","5146","3247","3876","2885","3122","3955","3670"
"3.82_890.82","10608","15030","7958","10002","14881","9425","5993","19219","11388","8316","6455","14514","11554","5165","11697","8384","13481","15326","6595","13142","11177","12410","5662","14531","5520","11663","10349","17137","13364","14621","6808","8526","22331","5214","5813","5436","5064","7316","6725","13204","5347","10869","16134","13438","4551","14318","4390","11798","8678"
"3.07_890.78","2000","2107","2721","2764","6062","1566","1621","9631","6679","2558","1532","2144","3009","1229","2756","1872","2348","2832","1345","4350","2281","2014","1025","3502","1294","2134","2103","5018","5265","3796","2486","2597","4351","1419","1990","2470","1926","2057","2508","2871","1500","1998","3390","2473","1549","3540","1141","6100","2593"
"4.11_894.85","13320","15184","11241","13447","8399","11034","8481","13913","15321","20574","7949","12056","15201","7835","14278","8767","17036","13177","9567","21568","21434","14310","7572","18630","8725","18906","17366","13332","12287","13843","5454","8628","13423","8891","5793","8565","8749","12282","10810","10943","7822","12728","20738","9535","7712","16275","20445","17443","8738"
"3.98_904.83","4371","5316","4816","4504","5207","3245","2386","8846","6658","3363","3271","6427","6234","2476","3804","2927","6698","5396","3376","5540","5944","5904","2677","6377","2984","5046","5309","5921","4692","6941","4515","5519","6638","2818","2994","4535","2981","3228","4313","5579","3080","4303","8164","4483","3187","6303","1824","3842","3770"
"3.74_1202.33","37948","22164","22773","8618","14659","9447","9595","12650","18766","23008","9909","18345","15760","8516","16349","11922","13503","11078","23907","9132","19373","14132","25669","17482","30538","16428","13204","10778","10219","17293","20007","8470","8122","10416","6886","13136","11324","11494","7949","23115","10808","7174","20404","13121","22706","13200","9699","11932","7242"
"3.97_880.83","17216","15118","10909","10496","9667","15973","10929","19180","10462","13585","10958","14020","25622","9587","14909","13950","13030","25549","14319","33846","21427","16643","13666","15481","8863","19731","24865","17339","20487","12838","6461","9060","24611","9329","7154","9828","11365","11707","8922","14519","10458","15744","20806","13310","9290","16538","10699","26844","11448"
"3.74_941.83","1914","2707","3997","2713","7362","1590","1203","4923","8907","3350","1839","2454","2243","1104","2693","2363","3521","2794","1723","4363","4237","2826","1312","3521","1704","2852","2040","3079","2514","3236","2572","4280","3517","1452","1408","2481","1959","1991","1281","2145","2306","2474","3850","1935","1603","2871","1384","2830","2107"
