Label,758160,758161,758162,758163,758164,758165,758169,758181,758182,758183,758184,758185,758186,758187,758193,758194,758195,758196,758197,758198,758199,758203,758210,761131,761132,761133,761134,761139,761146,761155,761156,761157,761158,761159,761161,761164,761171,761173,761174,761180,772620,772621,772623,772624,772629,772630,772632,772640
#CLASS,92,104,114,120,117,122,336,138,139,147,149,155,151,162,177,129,179,185,190,196,197,218,292,287,250,283,286,233,269,273,270,267,277,263,261,258,297,295,300,304,311,315,321,323,330,332,326,340
"1,2-Dioleoyl-sn-glycero-3-phospho-(1'-myo-inositol)",1849,3421,1843,1672,3089,1967,2695,1602,2483,1944,2558,3237,1532,2134,2110,1713,2481,1341,2432,3432,2382,3088,1964,1865,1627,2676,2192,1575,2287,2198,2142,2710,1784,3476,1878,2276,2621,2553,2561,2325,1541,1420,2576,2403,2340,2568,1597,1963
13-HODE,12355,6914,5895,5578,6959,10252,10416,14881,9106,7214,4499,12575,33005,9396,9771,24885,7643,24096,14934,12415,4725,8849,3871,6927,16171,8185,5444,8218,3351,8250,5103,7369,28400,7367,3921,16952,5813,3862,12756,4862,9648,8412,4277,10165,5249,11793,13381,8494
"16,16-dimethylprostaglandin A1",66,55,74,59,71,43,88,107,70,61,44,36,123,92,54,54,40,47,82,106,76,36,31,85,91,325,65,33,55,34,50,101,24,39,1322,50,38,57,257,23,41,57,78,82,89,79,41,93
4-HDoHE,1496,732,1020,1017,885,1140,912,1647,553,800,1013,1151,4920,1269,1062,2953,462,2470,1326,974,455,617,336,727,1123,707,365,761,431,1251,500,394,4187,618,477,1141,515,383,584,513,753,591,604,988,368,569,1494,558
4-methyl-2-oxopentanoic acid,2963,4135,4465,2423,3980,3092,2196,4073,2031,2934,4062,5296,3569,4135,2519,2490,3810,4758,3411,4343,2581,3193,2230,4501,2845,2969,5698,3924,4025,3414,2626,2492,4073,3559,2651,4729,5079,2904,1927,2065,3121,2093,5209,2332,3871,2484,2050,2606
5-HETE,9396,5563,5016,1967,3115,5327,3238,14437,2731,2148,2716,3666,19773,8902,4244,11386,1056,17199,5167,7445,3822,5344,635,2029,12430,1420,1328,2476,1141,4026,1356,1378,20244,4111,1280,13279,2621,1122,3149,2509,4861,1726,1247,6498,1317,2726,7036,1827
"8,15-DiHETE",1764,1608,1303,1226,1206,1636,1232,2104,1304,935,859,1204,4428,1659,1612,3418,1095,2706,1478,1906,1644,1291,721,1229,3033,800,896,819,691,1606,1975,660,2777,1606,1106,2985,951,728,1280,1178,1653,1117,891,1960,939,1117,1947,1034
acylcarnitine 08:0,743,1039,599,845,473,637,761,489,2106,481,1094,1002,871,767,882,749,1545,752,1413,1407,758,1045,1621,2444,997,2106,1447,1055,1051,730,1488,1939,491,879,1181,447,936,1836,1098,510,808,1090,878,2758,1365,1736,809,1309
acylcarnitine 08:1,1103,866,605,327,932,1480,921,455,1242,359,1606,1334,1086,997,1640,679,1504,462,776,1151,1300,792,1067,1270,614,1319,1178,548,862,511,1050,1446,199,1491,546,525,586,1644,1024,1027,939,1239,1030,2326,985,2585,792,668
acylcarnitine 10:0,2832,2733,959,1139,761,860,1011,1160,2409,1876,1339,1451,477,1321,2813,1332,2609,1122,2228,2012,1149,1168,999,1913,2038,3584,847,2854,867,1161,1546,4926,1899,1651,1840,2797,2109,2250,1542,1305,2012,1954,2131,2934,1119,1743,1190,1277
acylcarnitine 10:1,1105,1333,663,825,511,1085,1124,456,1746,1227,714,821,493,1132,2187,702,2153,722,1273,1524,871,1054,1078,1579,788,1557,1229,1522,1165,628,1046,3241,433,1000,1194,871,1197,1845,2385,739,1338,1690,986,2658,906,1848,887,866
acylcarnitine 12:1,1399,1164,523,2255,473,705,845,117,1368,318,759,270,845,721,1446,511,282,969,1565,296,1126,691,756,1501,1005,807,772,769,836,1003,887,839,274,5942,1217,288,535,1560,833,573,54,857,1184,855,801,548,992,736
acylcarnitine 14:1,1909,2079,1630,1019,1288,1221,1518,1166,1956,1285,1351,1147,1655,1319,1723,2207,2561,1135,2749,2227,1047,1907,1024,1112,2102,1441,1471,2043,1072,1240,1271,6037,2330,1437,1313,1986,1628,1657,1561,1403,1472,2061,1338,1930,1251,1690,1507,1258
acylcarnitine 16:0,61139,80473,70274,37923,69797,66081,46772,133411,52422,27825,72733,53098,43797,87357,55821,121198,118321,51901,75134,71806,58903,108932,46541,59339,51780,66564,51274,43407,56685,56433,62685,79019,114048,90463,82071,68419,151431,69062,49609,42131,52324,50923,74575,74535,45594,80623,49831,94920
acylcarnitine 18:0 Isomer A,39763,49066,59809,23927,55456,41958,24281,77457,48334,16330,66763,30932,26622,52690,42178,52146,56318,41964,75632,52576,46938,64500,24652,39829,46678,47793,34243,25516,43558,41276,45241,44910,66638,82095,44939,35735,76412,40634,32311,25862,25738,31305,38128,36110,31865,57594,27207,39564
acylcarnitine 18:1,56065,88384,57364,26840,75316,53029,39729,98576,75464,29427,70353,51912,45145,78615,52890,86078,83567,32807,110300,64144,64056,128824,41566,72182,52552,88741,48291,42268,66939,71657,57013,86840,89396,89961,66463,60143,120824,81363,58209,34848,29428,49502,67557,63837,57159,67865,67786,53444
acylcarnitine 18:2 Isomer A,21013,31597,17741,9293,29404,20238,14053,30319,24397,18479,28547,24356,15795,23165,16734,31665,17850,10503,28319,22746,25944,40912,8063,14297,13187,14947,16403,11084,16847,15457,17864,19089,26730,24843,13866,24982,39658,25788,25594,11707,8636,15486,18588,21302,13869,17248,17918,14361
acylcarnitine 20:1,2896,3531,1557,1409,2916,2391,2138,4065,3539,1669,3361,2403,2253,2565,2391,3725,3502,1698,4524,2608,3055,6823,1853,2866,2697,2961,2524,1865,2451,3000,2628,3496,3139,4018,2687,2172,3746,2996,2125,2184,1684,2483,2321,2998,2728,2866,2538,1935
C16 Lactosyl Ceramide (d18:1/16:0),19115,39374,25231,16088,31550,22812,20244,27648,33442,13376,25899,34478,28308,35049,22570,37088,35430,32040,45378,23150,28968,41459,31965,24625,41143,27306,23250,13174,35272,25010,29298,25453,31629,40054,31249,32102,20909,27367,49577,36392,24122,29358,34361,35640,31464,24126,35230,38834
CE 18:1,2332,4011,4142,3655,4961,2064,5465,3045,3635,2016,3426,5320,2604,5580,2707,3629,6091,2331,5958,5544,4087,4833,8737,6023,3349,3712,4263,4034,3068,7831,4173,6013,2178,7551,6352,2788,4063,4254,4533,2473,4596,3040,5869,4846,6095,4807,3399,4402
CE 18:2,1689,5722,4189,3246,5148,1952,4031,2499,4239,2331,4498,7081,1824,7713,2252,2157,5283,1951,6811,4607,4864,3879,4849,5499,2333,3790,5146,2974,4173,7446,4157,9144,1688,10640,5580,2477,4715,4502,4256,2557,3362,2706,5151,5461,6802,4535,1871,3455
CE_13-HODE,8552,12023,9155,8763,15869,7066,13271,7308,8204,7624,12094,15812,5623,11513,9438,7326,10324,5092,14157,14859,12091,11913,8794,9638,7758,10285,11317,8353,9556,11783,9671,12397,5002,12406,8395,9519,11081,8403,10223,8270,8600,7849,11035,11626,11742,9742,6435,7846
Cer 18:0;2O/24:0,8924,10800,12372,6728,12651,9240,8419,11590,10328,5413,9203,9157,7224,7398,10556,25076,9860,9639,12267,11742,9319,10557,5006,12307,13429,11461,8183,6265,12883,9254,10166,10214,10218,19581,7335,7060,10804,8661,11165,7215,15201,6496,9406,9674,8004,7754,12187,9384
Cer 18:0;2O/24:1,603,918,697,607,760,670,706,584,754,353,856,1027,827,1140,696,981,1187,623,762,822,759,1401,901,860,904,687,771,871,794,878,994,889,761,1253,639,528,711,921,1046,678,814,868,663,1022,995,760,1142,1039
Cer 18:0;3O/16:0;(2OH),1357,1259,1144,1733,1232,1015,852,1201,1051,1261,1208,1480,1773,945,1353,1465,1201,1447,1210,1331,998,1283,1260,1318,1503,1319,1665,953,2028,1058,1715,1122,1347,1626,1339,919,1146,1585,1435,1068,1513,1309,1135,990,1357,870,1415,776
Cer 18:0;3O/24:0;(2OH),1223,1471,1174,1903,1459,1102,1928,1168,1380,1408,1060,1666,985,1557,1667,6042,672,1410,1507,1460,1404,1942,1502,1134,1128,1565,1147,999,1552,1478,1134,1364,1408,1427,1963,1706,1083,2012,1281,1152,1235,1335,1044,1539,1469,853,1468,1290
Cer 18:1;2O_26:0;(2OH),589,749,883,596,1460,806,974,1419,676,439,799,1018,751,1913,704,1101,2400,888,1056,776,1089,795,3514,1130,1305,1084,903,908,1043,1802,1146,1449,463,1346,1803,779,1125,1335,1935,903,909,1269,820,3079,1314,2477,1100,2426
Cer 18:1;2O/24:2,17823,30882,16569,22152,20844,19884,21750,21982,25812,4783,18096,37896,35222,33284,22364,24647,30170,20717,29869,26863,25757,28456,12715,20339,25949,18429,23600,14630,30818,21986,24561,27031,23759,22817,15228,17479,21096,23786,30285,23154,23331,15413,19740,36303,22420,16243,39547,28447
Cer 18:1;2O/26:0,4803,5504,4901,4888,5428,3811,3880,3929,4723,2447,4389,5096,5494,3953,4747,12160,5140,3584,5058,5721,5195,6139,3146,5464,6213,4688,4066,3703,6487,4759,5569,4597,6194,6399,4880,4561,4793,4772,5365,3951,4875,3674,4604,5819,3899,3533,6885,4633
Cer 18:2;2O/22:0,4292,7319,4883,3454,5498,5811,5674,6357,6330,1353,4019,5156,7972,8135,5951,5584,6950,4357,6054,7173,6866,6389,3517,5080,8244,5507,6133,4368,6986,5127,4579,5887,9114,7322,4311,4321,5791,4109,6452,5391,5529,3896,5195,6781,4655,3744,6590,5812
Cer 18:2;2O/23:0,2684,4255,2178,2087,2225,3352,2586,3461,2773,940,2132,2776,3313,3965,2985,3352,2948,3061,2898,3778,2958,3359,1900,3240,3218,2409,3240,2599,3535,2880,3542,4271,3831,3486,2742,2358,2863,2857,3463,3475,2668,3096,3155,3511,2671,2228,3046,3556
Cer 18:2;2O/24:1,3231,4786,3913,2788,3076,2604,3490,3570,3331,2112,3438,4489,3579,4852,2760,3574,4181,3053,3967,3754,4058,4484,3073,3238,4173,3302,3767,3082,3167,4169,3575,4344,3618,4105,2521,3087,3567,4226,4079,3534,2816,3538,3315,4648,3703,2372,4995,3872
Cer 20:0;2O/24:0,2839,2616,3050,2292,3503,1770,2344,2148,2527,1639,2151,1578,1616,1937,2467,11583,2113,2125,2651,2664,1991,2510,2219,2702,2413,2621,2180,1647,3310,2446,2689,2927,2680,3394,2404,2197,2093,2798,2455,2074,2538,2314,2621,2345,1414,1808,2698,2051
Cer 20:0;2O/25:0,1932,2478,1585,1366,1289,1016,1375,600,1226,1842,1118,897,1684,1413,1092,4174,798,1745,1181,1437,947,2100,1235,1233,1173,972,776,1057,911,1781,1103,1072,1229,1345,1142,1471,1086,1584,1139,979,1088,1304,1189,1102,1023,968,1257,848
Cer 20:0;2O/26:0,1640,1814,1368,1597,1416,904,1405,1126,1035,1402,1395,1147,1370,1719,1836,6980,943,1760,2080,1687,1737,1622,844,1408,1261,1316,969,1251,1033,1568,1708,1302,1486,1588,1712,933,1333,1165,1490,1102,1256,1377,1210,1187,1150,1015,1536,1049
Cer 20:0;3O/24:0;(2OH),2016,1909,1586,1403,1709,889,1399,822,1510,1094,1391,1288,1251,1676,984,4134,827,1051,1283,917,1441,1726,1479,1457,1372,1269,887,1198,1158,1178,1212,1063,1190,917,1138,1102,925,1659,1573,1453,1049,1447,1278,1145,1198,839,1431,1118
Cer 22:0;2O/26:0,1614,1661,1150,1108,1373,1089,1346,1150,1129,993,1148,1178,656,1071,1266,3445,614,968,1126,1864,1201,1985,1104,1185,1315,931,862,1291,957,1541,986,1545,1187,1306,1364,1142,902,1551,1015,1081,1195,987,923,1138,1437,614,1584,812
Cer 58:11;2O,4103,6521,6383,6034,8953,4456,7235,7881,6133,3258,5465,7519,3142,9537,4032,6153,12243,4188,7210,5088,6015,5336,12217,4572,4910,5430,5896,6521,4981,9599,4725,8138,3164,11136,8530,5242,6639,5959,6004,4872,6607,6242,6063,7813,7526,9652,3577,12100
Cer d32:1,2764,2539,2283,1679,2512,2918,2255,2774,1879,1029,2527,2021,4711,2864,2038,4845,2313,2966,2795,3585,3209,2559,2359,2488,4830,2125,2043,2055,2429,2489,2519,2332,8787,3869,2316,2155,2492,1945,3187,2328,2891,2332,2304,2919,2246,1855,2736,2570
Cer d33:1,1612,1650,1805,1240,1891,2012,1461,1660,1211,785,1381,1280,2331,1664,1512,2577,1238,1679,1240,2477,2414,1811,1186,1408,2551,1365,1424,1346,1407,1382,1328,1310,4912,1977,1330,1729,1351,1430,1849,1682,1808,1628,2179,1539,1148,1534,1730,1442
Cer d34:0,3245,4327,3380,2495,3598,3490,3004,3190,4911,2088,3670,3320,3607,3306,4465,4276,4379,3063,3295,3708,3307,3806,3946,3123,3419,2795,3076,3196,4067,3018,3603,4995,3823,5895,3277,2898,3679,3056,3761,3563,3933,2430,3023,3734,2717,3000,3282,2873
Cer d34:1,26841,35854,23415,17360,26061,29340,22898,30250,28552,6243,29171,23506,39160,36423,29657,52611,30803,30108,33421,37975,33860,36034,26857,25470,46818,20025,27235,22029,29854,28857,24593,28653,75202,37651,25220,27569,24762,22682,29757,26301,26053,27910,28480,40203,24756,27746,43409,28353
Cer d34:2,1788,2248,1355,1236,2204,2532,1338,2371,1781,544,1325,1571,4111,2873,1717,3260,1941,2597,2205,3046,3153,2337,1818,1982,3836,1382,1545,1339,1995,1676,1394,1650,4722,2581,1289,2227,1869,1402,1950,1887,2400,1759,2330,2744,1664,2048,2468,1511
Cer d34:2 Isomer A,1938,3294,1947,2689,2231,1705,2424,1956,1956,1970,1961,1969,2259,1808,2346,7134,2044,2632,2159,2614,1991,1941,2705,2577,2804,1933,1721,1443,2312,2146,2169,1832,2318,2199,1787,2059,1883,1575,2169,2195,1909,1798,1642,1933,2169,1703,2167,2080
Cer d34:2 Isomer B,1250,1405,1381,915,1101,2309,1295,1795,1519,416,865,884,3789,1606,1378,3476,1421,2226,1214,2313,2667,991,1502,1158,3581,1245,1333,990,1311,1240,1343,996,3210,1185,1155,1970,1021,1156,1625,1188,1433,1448,1735,1708,906,1090,2176,1249
Cer d36:1,7470,14113,11352,5216,10340,7843,9554,10741,8369,2776,8888,10950,11453,12269,10311,8671,11361,8603,10459,12783,10348,10894,7667,8330,12559,6629,8696,7186,10058,9530,9590,10112,16180,12506,8294,6636,10040,7655,10967,7751,8597,7844,9994,11992,6304,9756,9984,9783
Cer d36:2,142,512,332,128,194,202,387,313,274,0,248,142,593,398,280,347,163,132,297,420,314,252,232,154,549,115,232,309,250,118,326,337,594,321,174,308,223,211,333,146,255,123,177,443,199,257,242,210
Cer d38:1,4623,6927,5839,3393,6022,6026,5008,6345,4793,2355,5396,5851,5626,8000,5596,5382,6282,4746,6242,6576,6733,6400,5364,6232,7987,5407,5985,4373,7065,5299,5924,6488,7702,8791,5270,5044,5748,5153,7156,5041,6293,5495,4923,7771,6084,5787,6436,5457
Cer d39:1,1469,2609,1779,1417,2248,1690,2025,1772,2088,920,2186,1890,1592,2092,2020,2296,2101,1425,1360,2351,1838,2245,1321,1901,1949,1831,2224,1528,2043,2189,1824,2300,2790,2348,2154,1369,2233,1868,2424,1544,1830,1855,2179,2257,1717,1833,2064,1999
Cer d40:0,3009,4820,4933,2252,6080,3462,3212,5244,3379,2109,3958,3917,2419,3309,3681,7263,3905,3793,5573,4925,3156,3986,3412,4855,5427,4562,2929,2564,4684,3733,4007,5115,3080,8970,2873,3219,3262,4031,4429,3780,6085,2448,3146,3457,2915,3438,4314,4283
Cer d40:1,15474,22456,19951,11879,21291,18574,17447,20581,22729,5576,20344,22455,19675,27222,18828,21911,22012,18376,22942,22994,21603,24843,16079,20470,27168,18561,17955,14688,24096,18766,22164,24202,25166,33066,19474,16340,20509,19391,24587,17025,22735,16739,16208,23629,15357,16950,24232,20001
Cer d40:2,1656,2475,1748,935,2078,1764,1849,1955,2293,352,1924,2012,2635,3305,2147,2074,2418,1430,2316,2593,2255,2477,1777,2002,2743,1865,2321,1668,2172,1699,1776,2203,2540,2735,2300,1731,1836,1698,2371,1610,2349,1581,1901,2096,1872,1649,2081,2309
Cer d41:1,8597,13267,10931,6376,12907,8511,11567,10293,9260,4005,11371,12283,8208,15531,8035,9531,12908,8057,10776,16096,11883,12516,14303,13026,10776,9834,11015,8917,9455,12133,11413,18199,12170,17589,12661,7878,10668,10063,15036,8470,13528,9610,11294,13845,12785,14706,8957,11552
Cer d41:2,1015,1641,1016,593,1070,716,983,1301,815,339,926,1479,1258,1473,805,1066,1005,758,726,1231,948,1364,1042,885,1109,1016,1209,949,992,1204,801,1171,2062,1144,804,779,1237,1042,1119,993,957,750,1223,1408,964,847,1026,1339
Cer d42:0,5888,8666,9180,4906,8931,5992,6644,8853,7042,3462,7654,7589,4465,6581,6600,13075,8689,6678,9036,7977,5793,6971,6595,8214,9090,8139,6168,4797,8640,6625,7642,8976,7017,16392,5249,4727,6710,7652,7442,5630,12038,5131,6068,7581,5506,6780,8503,7012
Cer d42:1,36169,52699,44590,31660,50128,35925,38320,44621,45375,13556,43091,56952,47329,51423,37675,54505,57746,40728,57073,51312,52015,57191,44867,49102,63563,43368,37445,32380,56160,45969,55184,64796,61004,72093,43585,37660,47449,52705,62350,36130,57031,36525,38687,60352,45303,45973,64890,52660
Cer d42:2 Isomer A,50097,88508,49640,42795,58642,51649,57098,59666,75414,14097,55541,81745,78522,98344,50925,83132,95352,60596,104017,74123,63567,92791,54740,70233,85724,71051,57181,45222,71078,61729,83957,84612,65492,88958,59015,49166,54124,68075,89484,58243,70510,53639,57855,102493,76838,53363,101743,91317
Cer d42:3,3073,5781,3200,2613,3074,3093,3519,3296,3688,1056,3730,6249,4423,6344,3209,3583,4744,3294,4807,4569,3486,5595,3358,4170,3629,2970,3239,2710,4100,3387,4103,4719,3465,4554,2556,3897,3075,4339,5397,3044,3838,2490,3556,6156,3820,3080,5253,4572
Cer d43:1,2781,3699,3427,2292,3240,2151,2361,2549,2431,1572,2721,2822,2529,3736,2831,2814,2906,2503,2870,3182,2871,3479,3008,2994,3116,2912,2482,2363,2494,3179,2834,4206,3140,4058,2832,2558,2931,3131,3342,2405,2825,2890,2591,3011,2686,3292,3331,3245
Cer d43:2,771,971,780,1314,1035,406,679,575,820,681,552,440,601,749,751,1908,966,774,750,786,984,849,549,862,542,409,893,574,430,1300,465,629,805,758,577,483,604,656,965,648,627,975,648,1006,681,603,531,625
Cer d44:1,4614,6405,4990,2985,5156,4100,4510,3811,4266,1885,4372,5209,4648,5162,4196,5025,6145,4142,4905,4425,4877,4999,4027,5165,4984,4509,3893,3863,4516,3690,4911,5694,4937,6077,4174,3556,4366,5060,5148,3624,4730,4363,4465,5126,4873,4998,4353,4923
Cer d44:2,1115,1208,1041,1255,946,866,982,377,812,954,919,886,1121,1169,913,2377,884,1200,1189,1179,1019,1537,648,748,905,841,1167,814,934,1444,960,1257,1017,1011,995,1288,1100,1250,1136,608,1292,1029,952,1111,638,594,1303,761
Cer d46:1,1187,1049,1304,1120,1200,963,1114,1145,977,949,983,733,1051,901,1379,4777,718,1051,1275,1298,1094,1142,1087,890,1129,1692,999,885,1115,1422,880,1427,1410,1212,1316,884,986,1447,1118,1076,1231,1310,1064,1146,918,701,1880,907
Cer d46:2,469,541,1133,421,504,392,651,348,362,462,144,214,459,635,564,1677,512,670,486,709,468,777,765,696,499,364,651,529,568,1054,577,515,555,588,435,521,657,833,358,670,602,903,627,426,338,272,441,512
Cer-NDS d39:0,1053,1080,1221,909,789,632,1008,567,1084,562,1153,758,944,659,802,2204,840,844,543,1094,579,715,612,1046,768,873,775,590,818,963,840,834,734,1028,681,643,888,750,867,1164,950,765,570,739,712,912,838,955
Cer-NDS d40:0,5107,7761,8833,4685,9541,6779,6105,8815,7311,3692,6715,7328,4363,5887,7462,15657,6472,7504,7558,6998,6144,7254,4501,6958,8775,6579,4707,5007,7694,5654,6995,6824,6305,11905,5328,6047,6029,5063,6625,5155,9757,4273,5524,7423,4670,6161,7754,5538
Cer-NDS d41:0,2509,3503,2716,2505,2946,3206,2756,3609,2722,1730,2562,2523,1697,2689,2898,5571,2694,2376,2819,3083,2254,2387,1960,2895,2381,2391,2643,1883,2692,2631,2448,2624,2267,4261,2205,2180,2705,2244,2673,2256,3190,2807,2535,2579,2003,3231,2450,2744
Cer-NDS d43:0,1792,3649,2261,2073,2146,1990,1889,2075,2064,2087,1891,1489,2295,1657,1997,5693,1670,1790,1887,3245,1757,2904,1839,1747,2006,2175,1289,1304,1830,1722,1867,1650,2111,2459,2033,2133,1717,2412,1922,1659,2917,1860,1906,1773,2238,1567,1956,1550
Cer-NP t42:0,625,1346,746,483,822,698,862,653,606,572,801,804,670,1086,647,663,873,612,976,1060,927,750,1160,1009,679,556,806,625,597,896,616,1212,539,1004,746,751,640,960,974,600,787,617,656,600,1039,951,713,680
Cholesterol,28402,27848,28445,29767,27667,30351,28838,28293,29346,28410,26339,30544,26276,28775,25520,25161,28399,25812,36472,31594,30128,26522,40877,31123,30752,29358,32974,30951,28575,34488,29828,34185,28919,29861,27600,28594,30345,29469,29507,27438,28046,29456,30800,30683,30086,30074,29156,28439
cholesterol 3-sulfate,8725,12413,11603,9196,11681,7541,10026,10185,10000,8125,11488,9846,8660,9764,11348,14181,7973,8136,10442,14569,9560,13369,9162,13105,11144,11015,8995,6499,9900,9081,10358,10106,10853,12524,10222,11022,9046,10574,12795,9158,10085,10364,9829,8318,11286,5622,9690,10693
cis-13-docosenoic acid,980,852,735,976,735,751,984,1085,733,748,785,757,864,792,800,843,900,755,947,1091,1055,1158,512,1261,1192,990,937,945,703,853,785,1246,1179,1148,1025,1421,1292,987,1183,768,736,755,641,522,648,697,354,727
DG 18:1_18:2,773,1706,588,533,1536,988,938,1030,1588,711,1073,1112,675,1262,640,854,1593,422,1433,883,1005,978,630,1004,586,1051,1046,793,1220,1170,862,1952,478,1736,891,1381,1086,1100,1347,952,615,914,1131,889,815,1609,531,1271
DG 34:1,970,974,954,564,1130,890,816,1169,1969,306,894,795,746,1150,463,913,1557,639,1364,508,1055,711,821,1131,1007,1029,758,759,802,1407,748,1336,291,1253,1045,919,827,1036,879,811,1095,990,818,700,910,1300,709,1037
docosanamide,396,329,511,444,275,253,923,308,488,159,473,411,411,391,342,463,274,202,495,534,372,484,212,341,280,408,351,258,420,475,228,384,137,278,335,351,265,383,299,275,471,487,301,460,393,589,494,153
FA 14:0 (myristic acid),23733,27820,33783,23274,28442,17425,21886,31673,15578,16172,14557,17782,17138,22090,20267,31556,16782,67857,20621,25131,18839,15819,16586,21076,17030,20521,20771,20996,18723,11375,13997,13291,23631,23723,17888,17778,22818,17804,19005,13781,23269,15122,24748,16791,21766,13356,14866,19105
FA 14:1 (physeteric acid),2384,1600,3357,2237,3118,2195,2134,3338,1364,1531,824,2548,2015,1142,1616,2496,2264,9039,1640,2758,1824,2188,1761,2912,1347,1791,2357,1364,2290,1427,1179,1846,4682,2279,1228,3778,5282,1363,3158,773,2167,657,2411,1353,2674,835,846,1389
FA 15:0 (pentadecylic acid),16249,21286,21061,16337,18729,10532,14852,11787,11949,11884,14933,11762,10661,13507,13427,13031,10784,49533,11848,17202,13872,15205,14523,15769,12316,13547,14210,13474,15095,12532,12368,12920,16793,14692,13267,12586,14815,14649,15075,10208,14324,12298,14640,11864,14749,8400,12684,13350
FA 15:1,1841,1341,3080,2160,2341,1767,1899,1219,1180,1551,906,2650,1707,820,1433,1553,1775,10964,1370,2211,1609,1909,2009,3977,1414,1989,2145,1248,1730,1947,1601,1248,2606,1323,1246,3018,4397,1366,3500,770,2875,1020,1351,1114,2433,611,1057,1009
FA 16:1 (palmitoleic acid),24941,19137,52784,24089,35358,15078,22249,22877,11927,18467,13400,25483,17971,19447,13086,21651,25599,123924,23453,22247,13023,21277,20503,30204,12441,20157,15465,22796,14691,20216,15402,21375,38390,15271,16216,22728,32305,13292,30077,12699,22879,17561,17567,22916,23021,12306,15624,20175
FA 17:0 (margaric acid),23087,25340,21379,18284,22920,20414,21272,19398,21708,14058,20545,19241,18905,21214,21303,19712,19931,25570,20969,29078,21735,19876,19788,24321,23530,20654,19797,20466,23639,19220,22417,24062,21411,24521,26225,21168,20165,23716,22816,17107,22564,19339,20948,21380,21688,17157,18041,20422
FA 18:1 (oleic acid),321130,358752,250838,207151,225379,239603,388599,315725,288702,143009,212769,268532,263144,381053,262264,472111,314846,286692,687486,283236,203079,321940,106193,287653,313339,302521,258109,285049,220380,212729,188803,312376,296348,289322,202194,220241,235976,224059,335862,157566,278677,478524,257888,247096,246398,233775,282592,315980
FA 18:2 (linoleic acid),122146,113764,67304,55102,71240,87465,97559,124147,84698,67271,54848,119349,182037,113189,120525,218727,75896,134353,169449,168661,58515,115677,14616,65657,127920,67415,74381,71777,48820,50603,56614,87408,152480,82999,27741,116869,89987,42949,181025,50753,95142,92646,50485,91593,52689,100896,108560,83278
FA 18:3 (linolenic acid),6149,6666,3445,2965,3710,5518,3946,5551,4946,4064,2862,6560,4163,3739,5394,9138,3422,3746,5853,6666,2378,6220,833,4409,2893,3957,5915,2897,2485,2419,3184,3550,5011,5077,1693,6756,4612,3332,9294,2127,3090,4662,2710,4355,2315,3577,2987,4243
FA 19:1,1640,1819,3047,1415,2247,1452,1535,2153,1601,1521,1267,1708,1657,1636,1899,1916,1770,2910,1784,2021,1584,1356,1659,1234,1278,1460,1532,1555,1507,1564,1422,1706,1632,1732,1502,1375,1575,1422,1502,1087,1728,1333,1139,1682,1434,1373,1589,1688
FA 20:2 (eicosadienoic acid),2583,1977,4802,1731,3581,2112,1600,2916,1860,1837,831,2036,4123,2497,2222,2521,2624,2660,4614,1974,1856,1894,790,1434,3090,1443,1375,1735,1532,1672,1859,2486,2629,1754,1225,1922,1416,1159,2024,1947,2725,1646,1116,2809,1856,2072,2723,2047
FA 20:3 (homo-gamma-linolenic acid),3484,3343,3165,1837,2720,2222,2421,7655,1409,2015,1476,2273,11972,4960,3365,10274,2498,5628,5348,4072,2363,4481,353,1463,6437,1445,1488,2759,1681,2655,1875,1634,6721,3169,991,2679,2017,954,3821,2510,3957,2273,1468,4348,1794,2135,5504,2121
FA 20:4 (arachidonic acid),30209,24899,24901,12918,15745,24407,12708,60549,13288,16022,11172,18490,102514,29867,22408,73103,4768,53715,27563,41062,20175,28287,573,10991,68883,5021,6857,13703,10595,16523,10274,7534,83229,18794,4511,34618,12805,5584,22938,11169,29994,10824,9206,25846,8385,14070,38477,10844
FA 20:5 (eicosapentaenoic acid),1760,1430,1804,963,1791,760,1152,2504,710,877,1199,1114,2094,1990,1190,2696,336,1084,1600,959,800,1378,76,620,1012,618,360,781,513,1239,1809,623,4871,895,793,1360,1036,598,1214,608,752,703,807,970,523,700,904,1143
FA 22:0 (behenic acid),17710,17676,18011,14725,16410,9101,13236,11156,12204,13378,12161,11446,10304,13652,13157,15103,9894,12109,12702,17163,13573,15270,14173,13275,17406,14227,11861,13569,12934,11972,12667,14625,14920,16020,15213,14589,16191,14927,14890,10042,12637,12033,13240,11123,12058,10350,12887,11957
FA 22:1 (erucic acid),3135,3280,3901,2799,3396,3135,4986,2245,3074,2486,2971,2686,2769,3332,2921,4110,2655,2777,2550,3716,2568,2951,3377,2690,3664,2437,2929,2674,2412,4043,2268,3053,2915,2623,2211,2783,3453,2792,4118,2269,3397,3817,2094,3264,3674,6138,2675,5188
FA 22:2 (docosadienoic acid),656,460,1260,813,949,369,1029,515,707,932,575,533,900,772,628,713,687,713,735,622,601,641,502,536,471,521,313,680,537,895,722,658,599,607,567,587,525,493,546,745,631,512,510,658,679,682,540,465
FA 22:4,2508,2978,2828,1797,1923,2599,2134,6210,1795,1997,1433,1684,8490,3650,2613,9645,1256,5870,3929,4460,2608,3220,111,1301,5719,1070,1081,2016,1996,1826,1515,1683,9249,2929,972,3198,1904,1174,2492,1964,3814,1440,1739,2780,1399,1885,4026,1896
FA 22:6 (docosahexaenoic acid),5706,3370,6639,3322,3166,3364,2626,6925,848,3358,3924,3001,13855,5047,4323,14631,644,6000,5211,3059,2250,1753,66,1430,4193,2773,881,2258,1509,3523,2702,1175,12714,2042,1879,3946,1767,1781,2348,2288,3929,1718,1615,2762,1557,1835,5436,1717
FA 23:0,6099,7775,6735,5106,6836,3903,5491,3873,4340,5019,4244,4743,3718,5129,5116,5141,4000,5590,5770,6226,5547,5228,5155,5513,5004,5093,4164,5028,5086,4174,5364,4661,5357,5665,4880,4315,4411,6295,4835,4610,4805,4483,4685,4361,4437,3839,5471,5060
FA 24:1 (nervonic acid),1464,1718,1959,1480,1828,1349,1605,1309,1347,1400,1838,1506,1517,1905,1702,2333,1372,2008,1503,1412,1621,1688,2031,1699,1923,1873,1579,1383,1441,1623,1451,1474,2399,1523,1455,1640,1068,1381,1675,1420,1569,1880,1535,1847,1592,1860,1818,2078
FA 28:0 (montanic acid),6475,7648,6831,6674,6734,3663,5535,3611,5301,5233,5341,4576,3893,5507,5509,4992,4539,4341,5197,5630,4761,5820,5987,5672,4212,4932,4246,5003,4905,5420,5158,6661,6319,5858,5600,5376,6572,5932,5648,3518,4566,4496,5617,4953,4949,3966,4465,4732
FA 30:0,4865,5478,4801,5446,5331,3290,4333,3449,3656,4159,3522,2980,3256,4277,4114,4044,3692,2958,3848,5097,3798,3863,6472,4632,3435,3659,3235,3530,3677,4198,4470,5870,4874,5636,4451,4275,5697,4650,4605,2622,3511,3520,3595,3717,3247,3300,3458,3263
FA 32:0,2657,3066,2325,2745,3091,1360,2665,1804,1804,2146,2175,2335,1557,2034,1942,2299,2026,1503,2173,2386,1875,2417,3306,2892,2113,2364,1982,2452,1773,2405,2708,3784,2097,2898,2624,2349,3584,2775,2474,1347,1877,1962,2065,1741,2157,2435,1620,1688
FAHFA 18:0/20:2,8539,8100,5287,4967,5489,1206,7334,1973,5818,4071,5124,3184,2681,7125,6137,4822,1329,5010,5806,8768,5745,6590,4871,6865,4010,6667,2480,5948,4199,693,4132,2819,7304,7145,6768,2359,1353,6216,5633,4671,5836,4835,8239,4346,5275,2349,5862,4185
FAHFA 38:4,587,863,327,221,332,483,980,812,592,121,188,432,681,946,437,1331,632,462,2018,536,218,724,57,452,865,710,599,586,233,317,219,536,640,446,252,179,275,288,705,172,689,1101,503,280,340,402,538,796
GlcCer d34:1,5033,8923,6759,5215,6923,5413,5266,6676,7058,4149,6404,8011,7071,9278,5811,8384,7664,8530,9799,5665,6367,8685,7348,6470,8771,7182,5986,4406,7472,5862,7657,6150,6369,8602,7884,7209,5287,6373,9590,9053,6448,6554,7584,8910,7225,6597,8408,8743
GlcCer d40:1,1081,1215,1579,1746,1914,1389,1395,1071,1643,716,1850,1370,1113,1692,1524,1427,1319,1265,1602,1300,1989,1848,1469,1675,1585,1275,1596,907,1351,1612,949,1732,1232,2326,1532,1408,1370,1726,1777,1688,1821,1688,1429,1210,1759,1313,1110,1247
GlcCer d41:1,721,817,814,633,1332,780,777,692,618,406,1267,514,654,727,835,909,575,686,697,1127,1111,952,1094,882,694,828,897,590,446,1216,465,1163,752,898,832,1085,770,787,733,802,835,947,867,644,875,736,586,873
GlcCer d42:1,1296,1473,1514,1433,1767,1397,1125,1283,1659,1015,1993,1412,1191,1430,1800,1663,1370,1342,1567,1363,1724,1583,1628,1854,1844,1518,1223,1164,1901,1772,1082,2087,1882,2557,1330,1617,1302,1712,1901,1641,1758,1650,1590,1522,1697,1552,1079,1468
GlcCer d42:2,1009,1699,924,1165,1547,1249,1181,1182,1158,549,1411,1363,1242,1504,1024,1277,1230,1008,1439,1075,1238,1416,1526,1337,1454,1184,1279,1150,1260,1454,1320,1682,1208,2199,1246,1639,1014,1440,1461,1259,1114,1403,1479,1078,1707,966,1094,1470
GlcCerd14:14E/20:02OH,1399,1481,1118,1065,1604,1116,1219,1474,1556,512,1314,1609,2478,1363,1679,1378,1896,1176,1786,1783,1573,2216,1614,2306,1241,1338,1431,763,1344,1297,1446,1443,1952,2386,1369,1666,1715,1358,2074,1044,1817,1429,1462,2128,1922,1302,1355,1495
Hex3Cer 18:1;2O/16:0,5588,5927,5265,3672,5016,5626,3994,6110,6420,2096,7922,5566,5205,6132,6303,4611,6738,4670,5962,6137,7376,8175,5655,6737,5570,5188,6241,3569,5918,6416,5296,8260,6664,6248,5779,6956,5916,6794,5869,3940,4685,4964,6293,6439,5674,4817,5050,5768
HexCer 18:1;2O/24:0,2340,3392,3087,2889,3371,3447,2754,3391,3371,1819,3427,2484,3198,3976,2874,2778,2911,2791,3934,3522,3906,3140,3199,4118,3300,3560,2911,2404,3294,3636,2200,5351,2618,5543,3673,3381,3053,2713,4002,3493,3582,3492,3147,3255,2573,3079,2629,2883
lactosylceramide d18:1/24:1 15Z,5474,13226,8623,4609,11528,5716,6220,8076,11569,3095,6277,11488,10153,12656,7058,17223,12135,10904,15555,6001,9395,13453,9640,8033,12823,10928,7113,3655,11070,8635,8657,7159,8956,13601,9259,11424,7919,7722,18505,15010,9979,9632,11592,11087,15090,8367,12934,12142
LNAPE 18:2_N-19:0,609,894,420,462,769,758,662,561,706,355,800,834,648,928,636,639,754,812,948,769,622,1120,615,797,623,457,651,542,708,748,786,721,663,1498,701,1543,835,720,826,696,841,642,596,950,738,601,799,948
LNAPE 18:2/N-20:0,903,993,773,700,919,631,855,696,1047,575,943,774,634,990,1080,741,691,581,1217,728,950,864,888,755,681,829,900,686,789,722,891,833,838,989,736,895,772,738,737,914,771,916,842,728,840,787,756,632
LPC 14:0,6087,4033,5094,4675,6271,2270,4137,8360,2404,2909,3072,3681,2417,5925,5093,8306,5341,4065,5515,6635,5172,5527,4828,3780,3931,4574,4328,3107,2203,4220,4049,3230,5322,8511,7089,4571,4892,3019,6657,3287,7269,2975,3795,5630,5283,5176,3143,6509
LPC 15:0,3932,3297,4816,3028,3131,2316,2761,5846,3144,2167,3589,3573,2692,5077,4257,5316,3254,3127,2433,5940,4485,4637,3595,3328,4279,3547,3664,2048,1720,3570,3127,3707,5108,6487,4202,3977,3178,2571,5372,3947,4460,2697,2846,3406,3268,4916,3284,4280
LPC 16:0,249420,179305,191037,169055,221814,166921,189395,432893,192920,119886,254795,312378,160124,279147,256210,427681,216483,195666,239724,306690,248862,336140,292614,200481,202167,196499,181053,105953,103292,336040,189111,178424,309852,332707,153045,298679,181612,189140,298091,187298,291398,143562,172712,228618,199472,425076,198149,277644
LPC 16:1,5268,6745,5042,3620,5225,2814,5812,8969,5544,3829,5740,7205,3825,10407,8198,9966,7226,4223,5685,6865,5509,12316,7086,3668,4869,4750,6526,4667,2916,6319,5149,4967,5254,9097,4748,6576,5701,4333,8330,5197,5877,4624,6331,6230,5132,6467,5608,8033
LPC 17:0,6138,5479,5711,4089,5062,4627,5618,8054,6429,4174,6578,7185,4578,7907,7647,8156,5338,5351,5735,7474,6055,6529,6684,5679,5334,5995,5674,3941,3664,7457,6052,6022,10324,10294,4369,5929,3912,5002,7439,5388,6466,4213,5067,6029,6592,7013,5528,5913
LPC 18:0,67931,40888,48382,36178,65236,43649,48177,81827,75760,37935,70310,77160,43881,67575,69964,82902,54987,53323,67858,61544,67460,74766,65199,50293,53818,46423,52930,36841,33635,76890,60602,51413,79184,89476,35318,74623,46020,47851,74482,43748,65152,40867,48593,47963,54717,76038,46511,58588
LPC 18:1,18712,17993,18278,12310,23520,12492,18701,30952,29702,10036,24454,26586,14454,28211,34847,47397,18259,14576,22681,20409,24978,43723,19771,15675,17395,20446,18705,10409,10788,19799,14557,13433,21960,30279,12367,30351,15635,11806,27741,15471,22104,12208,18022,14932,20000,20640,19541,21267
LPC 18:2,1552,1738,1701,893,1646,1488,1695,2019,2172,1144,2328,2318,1331,1623,2849,1901,1022,1325,1521,1681,1530,3361,830,1098,1166,1635,1532,881,1085,1185,1074,936,1735,2950,1058,2437,1257,1092,2433,1650,1237,1146,1252,1015,1421,1435,1044,1164
LPC 20:0,3464,2605,2118,2347,2264,1921,2160,2471,3497,1810,2714,2767,1906,2595,3506,4340,2328,2248,3608,2656,2878,3504,1804,2850,2922,2667,2525,2045,1909,2302,2345,2047,2596,3339,1827,3309,1601,2626,2923,1710,3026,2089,2461,2101,2518,2780,2615,2861
LPC 20:1,1964,1331,1621,1465,1869,1482,1714,1642,1925,1603,1536,1891,1555,1949,2053,2414,1571,1374,2667,1620,2132,1679,1641,1492,2066,1591,1280,914,1492,1671,1638,1694,1502,1883,1480,1789,931,1100,1653,1544,2068,1201,1552,1029,1668,1637,1694,1399
LPC 20:2,1521,1359,1696,1123,1368,1066,1497,1933,1428,1144,1440,1446,1086,1364,1806,2479,1122,1323,1988,1806,1242,1556,1022,1027,1399,1034,1295,971,1211,1421,1017,1083,2223,1635,1155,1481,799,1006,1519,1751,1679,1192,984,1370,931,1446,1580,1385
LPC 20:3,4203,4636,4612,2390,4938,2615,3328,8142,2471,1939,3119,5909,3162,6813,4591,6351,2755,2940,3635,4161,3689,11204,1844,2484,3529,2329,2262,3212,2090,2458,2111,1679,5677,7101,1800,3830,2939,1795,4733,3889,3268,2144,2700,3545,2875,2678,4285,3659
LPC 20:4,17589,17305,18973,6570,19433,6545,7941,22097,8493,10211,15182,20433,8353,16393,10243,12858,3061,9742,9549,14898,11011,29716,1559,5491,9240,4255,5241,4537,5010,7381,2768,3080,26026,15618,2781,24025,11145,4258,9546,5909,5605,4423,8769,6995,4598,5887,9341,7291
LPC 20:5,1738,1055,1230,617,2640,554,741,1579,604,833,2348,1238,812,1383,1440,1345,397,570,682,805,649,1817,660,552,528,405,542,537,432,644,743,233,2820,879,790,1544,865,605,1245,642,665,591,1138,736,623,696,710,837
LPC 22:6,4492,5568,5108,2701,4689,1945,3144,5533,1303,3101,6100,6380,2110,6161,4570,5427,851,3420,3935,2420,2456,4368,477,1339,2274,1425,1296,1434,1376,3071,2798,929,6054,3796,1941,5312,2798,1776,3223,2183,1410,1603,2979,1777,1483,2164,2159,2132
LPC 32:0,3329,4395,4270,3033,4537,3423,4570,4348,4991,2307,5245,5067,3759,4511,4800,4601,5631,3761,6139,4673,4846,5584,5438,4228,4328,4164,4598,3391,5300,3995,4255,6207,4010,8182,3893,5664,4775,4040,5640,5944,3767,4220,4841,5994,4198,4546,3772,5445
LPC O-16:0,4613,3682,4451,4176,3981,3999,5065,7426,5169,2766,5786,5551,5208,4512,5527,9620,4655,5177,9531,7797,5143,6567,4626,5181,7436,3285,3217,3216,2975,7294,3428,4036,10197,6872,3058,6601,3584,2961,6624,5000,8343,3907,3732,5474,4063,4623,5479,5350
LPC O-20:1,604,639,1188,924,929,529,482,907,249,222,443,327,452,914,490,985,295,565,502,841,804,21,859,834,1039,1589,742,370,476,238,476,863,769,782,560,1146,764,469,564,924,908,772,417,535,636,323,1125,487
LPC O-22:0,814,1079,881,1000,1033,981,1119,1153,1146,878,1220,719,610,1365,1152,1237,1169,1012,1639,1202,1006,1524,1262,570,1227,1231,835,370,1222,1081,1139,1115,1568,1301,880,902,750,677,1200,1012,1348,730,760,796,849,789,1080,1388
LPC O-24:0,1601,2501,1976,1593,2636,1881,1450,2146,2048,1164,2679,1738,1667,1833,2005,2198,2261,1591,2323,1701,1874,2424,1937,1429,1821,2982,1766,1065,2448,2134,1927,2137,2249,3129,2195,1609,1344,1660,1962,2026,1368,2385,1482,1646,1209,1448,1276,2640
LPC O-24:1,1097,1712,1417,1970,1910,1404,1644,2242,1681,1086,1558,2007,1374,1813,1396,2133,2200,1163,3205,1678,1642,1988,1582,1678,1862,2703,1838,637,1360,1675,1273,1634,2820,2107,1369,1774,1172,1622,1867,1439,1661,1602,1597,1681,1635,1506,1605,1831
LPC P-16:0 or LPC O-16:1,1836,2216,1703,1360,1724,1574,1765,1834,1558,761,1652,1734,1580,2093,1698,2846,1864,1434,2212,2518,2203,2709,2056,1830,2758,1804,1663,1582,1245,2092,1483,1416,2616,2810,1379,3114,1710,1462,2014,1958,2761,1389,1377,1863,1527,1748,2629,2094
LPC p-18:0,3015,2254,3159,3024,2786,2588,3580,3777,3203,1272,4258,2693,3033,3011,3067,5041,2290,3230,3640,3808,3570,3674,2885,3231,5481,2070,2293,1914,1993,3490,2173,2439,5130,4352,1592,3624,2505,1845,4015,2107,4158,3003,2303,3414,2028,3167,3126,2956
LPC P-18:0 or LPC O-18:1,3207,2478,2905,2867,2324,2188,3306,5493,3543,2460,3649,2992,2924,2637,4871,9368,3195,2955,6617,3664,3193,4718,2697,3627,3804,2847,2220,2298,1975,4551,2325,2923,4611,4349,2291,5857,2056,1663,4692,2609,4242,2039,3063,2883,3833,3464,4019,3074
LPE 16:0,966,1086,817,1058,1296,1186,918,1346,1057,712,1364,973,2282,995,1314,1708,1261,1332,1296,1225,1235,1615,472,1221,1622,1061,1297,1039,1205,1194,823,645,1929,1131,781,1534,1424,1005,1467,1285,1568,1092,1087,1323,857,723,1412,1013
LPE 18:0,1382,1889,1397,1762,2086,2155,1784,2838,1804,1040,1666,1920,3040,2151,2104,2494,2086,2048,3379,1892,1982,2359,833,1257,3153,1688,2102,2227,1779,2071,1695,1882,2456,2840,1922,2959,1730,1619,2660,1954,2026,1935,1593,3223,2258,1669,2467,2067
LPE 18:1,2340,2761,2484,1530,2792,2060,1680,3459,2969,1843,2443,2953,4652,3139,2650,3832,2927,2732,3807,2043,2431,6122,860,2168,4323,2138,2101,2015,2746,2797,2406,1409,4992,2747,2512,4756,2976,1565,2959,2727,2101,2443,1712,2458,2523,1082,3261,1694
LPE 18:2,864,1466,1356,574,1561,686,1157,1647,1411,1358,1063,2260,2459,1606,1173,1709,1130,1046,1176,1145,1351,2531,443,672,1473,848,1080,525,1501,923,825,491,2355,1357,893,2103,869,695,1518,1398,905,1022,716,844,961,727,1609,733
LPE 20:4,4415,5502,6003,2201,4817,2201,2394,7412,2797,4962,4255,4485,7295,4934,2905,3169,1274,3828,3440,2724,2712,8602,250,2161,4254,1322,2100,1511,2495,1835,1795,845,10057,2932,1588,7449,3111,1421,2799,2162,1211,1375,2171,2090,1673,781,3212,1311
LPE 22:6,654,536,558,375,385,257,279,783,121,635,754,442,900,428,464,782,102,437,459,239,221,738,90,235,257,222,359,207,312,288,181,160,1009,419,199,407,467,185,372,270,212,214,302,211,131,41,509,158
LPE O-16:1,929,959,587,828,631,1144,465,1393,1096,347,555,919,1693,1004,891,876,1001,1094,1403,983,1064,1272,920,1012,1370,720,779,1035,762,1190,1257,768,1467,1204,821,1592,940,528,1412,1002,1161,694,931,1219,894,699,1127,958
LPE O-18:1,1619,1927,1374,1166,1759,1732,1543,1798,1384,516,1051,1085,3048,1904,1493,1996,1142,1720,2377,1374,2145,2164,664,1802,2413,908,1465,1449,1237,1767,1515,1066,2545,1484,1200,2488,1325,980,2202,1604,2391,1104,1487,2118,1751,1283,1535,1109
LPI 18:0,944,703,607,434,789,494,625,920,444,709,711,1280,649,501,583,1487,693,836,776,883,557,680,520,571,536,534,527,534,490,491,476,591,1291,559,521,811,575,513,642,537,912,433,447,576,602,997,795,812
LPS 18:0,1541,1061,1413,939,1352,1496,1373,2507,1112,962,1489,1781,2162,987,1963,1961,1093,1984,1334,1696,1153,2049,606,1184,1704,987,989,1120,950,1095,1018,675,3373,1210,1097,2815,985,890,1288,1183,1498,1323,932,1380,1235,1243,1817,1120
MG 20:4,278,1239,417,677,704,382,389,417,1205,197,403,408,883,961,698,272,352,312,853,408,374,1309,162,523,391,309,549,359,847,544,651,496,715,873,496,919,1254,364,828,433,233,210,537,590,755,565,387,496
MGDG 16:0_20:5,1158,1117,1214,995,883,1231,870,1086,1600,673,1135,1064,1273,1057,900,934,1173,1067,1347,1184,1295,1188,951,1134,858,864,1259,723,834,1134,1235,1102,1333,1068,1017,983,1234,1115,1469,945,923,1044,1112,1189,1544,976,1171,1159
N-docosanoyl-4-sphingenyl-1-O-phosphorylcholine,15282,31019,16441,12638,21794,14263,15797,14310,17775,6663,19530,24878,23448,24686,17320,10583,16148,12266,22560,21533,19424,29394,10291,16264,13247,11932,16688,12046,17684,17771,16115,18985,14374,23254,12035,18022,20132,21151,21348,15887,13069,13856,21340,20812,16630,10932,12575,16786
OxPC 36:3+1O,848,883,660,495,1079,772,1015,707,984,370,985,991,430,703,1001,909,1083,561,1036,1025,776,1114,1271,1317,955,1383,956,965,1014,785,1110,1224,755,1294,1015,844,1187,1188,1581,796,1253,983,893,873,1101,988,707,931
PA 18:1_18:1,2673,3204,2564,2168,2512,2728,2257,2770,2167,1418,2147,3520,2997,2680,2751,3303,2954,2811,2936,3009,2813,3363,2771,3576,3358,3111,2963,2429,2724,3261,2741,3607,2667,3459,3520,4102,2600,2158,2858,2524,3443,1875,2215,2479,2577,2998,2297,3040
palmitoyl ethanolamide,1912,441,584,1145,1282,1047,1387,1561,1553,1141,712,809,3554,735,1661,2858,760,2372,1044,1782,1399,2592,1295,1089,2767,672,972,1319,863,1339,838,1041,2326,639,1308,1408,2035,1478,1149,1211,1858,1108,1085,1215,756,1014,1662,1343
PC 14:0_16:1,2892,4030,3948,4446,6774,1807,3539,7125,2917,2154,2581,3289,2217,6791,3776,8071,10210,2994,6685,4204,3801,4017,5603,4179,3498,4080,5094,6230,3521,4609,4594,3855,2569,9462,10733,4201,4872,2883,6269,2867,6513,3249,6836,4874,7113,2924,2617,7010
PC 16:0_14:0,41976,65461,67360,48936,76004,28160,39231,93330,32796,15933,46317,44687,27824,72912,49724,100818,87566,38208,59685,72108,55792,52014,59697,48478,44601,57325,71674,50201,47962,47418,53322,50453,52732,111601,130848,40120,73542,35565,94386,62694,95030,38136,64037,71072,59219,43326,29912,99585
PC 16:0_18:2,15127,23180,15661,15507,20649,16703,18193,17222,17185,9584,20000,19558,11653,18275,16776,15940,17313,14092,19319,20343,19036,20365,16302,16204,16341,17592,16122,14506,16978,16541,15432,19191,15287,20972,17819,17958,18532,18466,20894,17255,18132,16175,17342,18821,15773,17982,13911,16275
PC 16:0_22:6,3027,4217,3442,3115,3959,2053,2654,1976,1642,1981,4606,2864,2206,3660,2375,2394,1249,2202,3626,1987,2327,2498,533,2492,1366,1997,1956,1606,2475,2871,2611,2301,2666,3123,2979,2314,2791,4033,1991,2064,2133,2054,2767,1725,2186,1767,1992,2286
PC 16:0_5-oxovaleryl,28410,49690,37317,18970,24016,10318,14937,31035,18946,25023,16429,30092,9258,34074,8378,12441,15096,16267,17108,17045,16658,19035,34394,43609,12731,33719,20809,14743,25538,23424,22161,52584,32209,40722,23039,23104,29645,29198,21724,12255,19865,15848,27891,23017,26069,21080,8243,24075
PC 16:0_azealic acid (PCPAz-PC),246339,223386,138491,156443,169759,125775,142266,250647,120347,156886,229417,246233,74414,183407,113575,212069,177693,143939,143927,120542,156758,122446,293257,184485,140259,208205,162198,136206,137117,172257,202410,434923,155854,155250,247549,133764,144896,192433,249364,180195,294142,163937,112119,162736,231328,356417,79218,164831
PC 16:0_glutaric acid,60951,87222,54431,39860,42919,29303,26982,56157,39251,30157,32254,55035,15688,65178,21193,28171,32888,30972,41354,45358,38992,39634,69049,63528,33926,51356,42521,29103,49241,52146,43751,114684,52732,82195,41897,39450,53826,56837,52936,31244,56078,26531,46094,56945,58912,71183,18414,47950
PC 16:0/9:0 CHO,198291,155900,157042,91404,164739,56936,102643,287914,71065,158930,159282,264758,72026,170438,76653,183023,104061,125556,70626,78063,95313,126410,194974,152180,75593,150457,87677,69005,83057,110817,115206,208192,181104,134344,130462,174626,103039,132135,153648,100384,146896,117745,103116,111933,148127,152381,57183,122458
PC 18:0_18:1,3423,4555,3839,3137,5048,3268,3782,4126,5205,1521,4136,4940,2073,4191,5331,4282,4611,2697,5996,3421,4087,5277,4121,3773,3552,4311,4407,3931,3658,4704,5097,4106,3784,6134,5242,4395,3573,3959,5246,2990,4473,3770,4410,3596,4619,3107,3354,3898
PC 19:1,2668,5670,1214,5493,1468,4123,5922,920,9188,1169,3922,2050,1571,1192,6483,3305,7501,1691,5856,6300,1417,3198,1894,5627,1272,7677,5883,3676,8897,7484,6524,8472,984,8085,7253,1420,1431,6676,6380,5845,1910,4827,5142,4907,7660,4687,2734,5926
PC 19:2,2802,8996,1364,4492,291,4349,4714,400,8175,1200,5851,2708,1252,707,6742,2475,5321,1518,5028,6849,580,3524,1673,3866,801,5267,5651,3697,6676,6206,4775,7086,600,8304,6064,1167,1110,4220,5126,5419,1567,3317,3319,4210,5632,2125,1805,3520
PC 21:4,2815,8423,1601,1836,316,1536,2530,158,2795,1530,3077,1730,1377,853,3267,1884,1644,1050,3948,4341,233,2394,616,2429,761,1417,2781,1883,2102,1948,1509,2060,540,6211,2067,929,564,1011,1574,2528,809,1122,1980,1907,1380,1165,982,1306
PC 24:0,4390,7109,3713,4985,5947,4738,4667,6112,5622,3144,6485,6930,2344,5175,4331,5801,6565,2083,5086,6470,6304,4055,13972,7902,5079,10030,7798,6502,5949,8207,8337,16458,3362,6636,9486,4293,7310,8288,9309,7234,11510,7928,5942,8542,11097,15095,3123,8917
PC 28:0,2682,2229,4541,3788,6726,1580,2035,6067,1764,1387,1800,2403,1571,3360,3165,7715,6345,2196,8138,4354,2918,3418,2307,2858,3267,3447,4881,3199,2189,2227,3519,2578,1912,7478,15596,2259,3500,1279,5373,2605,6915,1721,8248,3193,5234,1660,1678,5033
PC 29:0,4916,6903,9383,4982,7523,3204,6736,9709,3046,2716,4937,4349,3682,8363,6632,10370,7638,4011,7091,9838,6473,5964,7092,5749,6994,7843,8744,5561,4662,6386,5856,7764,6802,14638,16957,4991,7997,4237,10842,6462,11167,4480,6504,8795,6669,4848,5711,9372
PC 30:0,2170,2196,2307,1972,1905,1698,1812,2142,1909,1337,1890,2216,1691,2381,2174,3008,1977,1546,1963,2141,2050,2177,2279,1899,1710,1316,1599,1822,1858,1750,1853,2358,2416,2252,2192,1621,1968,1538,2561,1600,2223,2190,2303,1626,1850,1751,1697,2730
PC 30:6,5404,2958,2752,3079,3597,1061,2303,4183,2383,4483,4233,4603,2133,3396,2344,2583,1788,2536,1956,1845,2571,3162,2094,3084,1979,2459,1244,1687,2139,1784,1892,2546,5981,3343,2583,3552,1523,2730,2474,2099,3187,2443,2864,1741,3041,2185,1789,2626
PC 31:0,13049,26048,19562,11842,21427,12361,13665,22341,16610,5803,16493,15391,15164,23405,21982,22459,19637,13716,15074,21396,18578,26210,11502,14749,15199,18004,22423,14237,17065,17352,19183,18218,20714,34907,25693,16646,19035,11831,26809,19551,18300,13443,16539,21428,14888,12464,12487,21512
PC 31:1,4467,10658,8023,4627,6831,4190,5421,10276,4656,1926,4525,5576,4495,12257,6467,11088,12379,4502,5900,9758,5445,8518,10623,4826,8346,6483,8272,9690,4945,6199,5956,6393,4963,14074,13759,5000,8296,4083,11254,5734,8950,6529,6702,10110,7776,4302,5052,10690
PC 32:0,386887,504483,426271,330720,450493,381824,348926,448818,527738,165297,495744,463135,304362,479482,406541,577470,613516,346418,538464,426285,488540,545699,435559,450771,319766,460535,472184,313892,484182,545487,487826,550828,409927,551520,431977,467149,412944,390929,575132,444399,410538,389035,469715,563311,395031,497295,368598,520640
PC 32:1,50453,137354,93940,52485,115801,28286,71955,147389,54165,18482,62617,78101,35694,179635,69812,185117,221862,49151,114259,103278,76809,130914,158655,53510,57902,85014,91716,129760,58868,103236,80588,94643,43839,156896,195041,54671,124441,64603,172241,59500,124246,88273,93876,125715,103080,64722,55896,168865
PC 32:2,24616,36394,24823,21823,44632,9056,18310,26619,13477,9938,15831,20664,9036,29634,23001,27405,44992,10945,40223,37917,22813,24190,18895,20418,16798,25909,24924,19630,17386,20530,22197,26068,13639,49898,44710,17848,39852,16335,49917,19437,43908,16431,21796,34198,35208,19349,15484,24800
PC 33:0,18051,30542,24457,10827,23154,15927,16960,22184,26867,6939,23397,19095,14489,28909,25613,25305,25604,15314,22412,24212,23733,26087,16083,21826,19010,22237,27483,17239,22872,25373,23423,25062,26020,38320,30260,21623,20329,17218,31939,21217,18397,17537,21566,24730,23603,18218,17247,24090
PC 33:1,33642,77022,58399,27387,58408,19200,46012,61157,39336,9904,40157,45159,24564,86557,53778,70034,67617,25692,48679,59753,47646,64398,60424,44533,39657,57062,59997,56812,35380,55885,47416,61251,36922,106402,103636,34858,57926,33767,78959,44483,57757,42194,45528,62941,54468,35070,38558,63989
PC 33:2,32238,92273,50168,26400,58087,22182,37262,42013,33346,13466,42683,47607,22919,67095,49952,34344,41334,21534,40533,65715,45512,57637,21112,39442,34929,44264,44004,28174,29349,36023,41401,60851,35627,114925,60576,29694,52244,27106,67078,40595,43142,29326,33949,59953,41145,30876,26096,33278
PC 33:3,3537,4595,3281,2983,3874,4195,3198,4148,3520,1659,4150,3135,5843,3155,2844,3067,3800,3481,3857,3533,3146,4463,2639,3236,3839,3395,3116,3119,3594,3624,3736,3127,3568,4117,2964,4093,3671,3901,3130,2634,2708,3051,3345,3657,3488,2666,3296,3062
PC 34:0,120382,142256,129744,66278,174106,107311,99037,130860,179737,29805,174623,122985,83288,135127,138843,124631,150743,91136,169948,123854,155105,187692,87860,141074,122926,117335,148299,78785,151788,152781,142367,129783,141445,183405,130786,142474,114706,103147,177300,107462,106592,102422,128389,120565,129998,114244,100078,127955
PC 34:1,13574,20018,16400,12426,18392,11357,15793,17648,15691,6101,16368,16084,8844,20880,14712,21427,19390,11392,22334,17831,16643,21442,20842,15814,13144,18407,17264,17508,15805,18715,16813,17909,12107,20995,22114,14614,17747,15044,18761,13658,18667,16463,16726,16360,16818,16168,14239,18747
PC 34:2,20554,35797,20985,21390,30220,21256,25133,23012,21786,12507,27214,26926,14804,27532,23852,21176,23445,18760,27439,28980,24409,28614,19679,22352,20397,24002,20826,19487,21290,21153,23260,24175,20638,30114,25456,22790,25769,23188,29141,23610,23476,21402,23687,26315,22307,24556,16928,22746
PC 34:3 Isomer B,81794,198427,84798,59710,157234,45778,88914,106612,82423,26824,93118,94275,55331,141347,92944,92576,131867,51854,100158,128709,86399,145464,50987,71256,55499,82993,83981,68921,70182,85988,80239,81961,55791,252097,151372,82193,145929,61287,166540,83983,99992,70598,90003,114100,84213,70838,55296,94731
PC 34:4,4578,9513,6365,4713,7158,2063,2808,5542,2858,2641,2368,2965,2107,7150,2764,3619,3824,2785,8154,6343,4319,5545,2060,4456,3860,3867,3556,3762,4416,4800,3694,3916,2964,11526,6248,3296,8152,3044,5883,2930,6880,2577,4580,5940,4660,3258,2422,4282
PC 35:1,41761,83317,63778,24967,57435,30091,49098,51691,71336,12051,56016,59282,27545,79288,61805,63732,69174,29550,65014,65064,58557,76902,52447,51951,46720,61378,65646,48315,50760,64874,60532,62511,42269,114931,88788,48670,58618,52769,82036,43378,46541,47002,57408,58769,69412,37708,42467,53554
PC 35:2,787,1190,1147,579,1079,639,1308,1072,991,533,990,785,712,903,980,830,698,791,929,1118,845,1213,713,860,842,811,1014,704,1028,981,844,928,961,1349,1056,1054,882,833,1261,833,734,731,770,932,1490,842,742,761
PC 35:2 Isomer B,63843,154140,75337,37898,91515,45629,65415,64295,76056,22948,83916,94033,46389,100720,89898,63104,65593,38733,86342,93062,67080,113191,37320,63497,59744,65236,74285,49723,64541,69359,74444,83009,62667,177591,84714,64458,75531,67097,98226,65819,50069,55512,64705,80086,78901,50761,48481,56290
PC 35:3,6735,17023,9993,5178,9699,3605,7704,9865,7798,2693,7232,9697,4875,16062,9092,7478,9204,4729,8525,9521,8220,14703,4077,6298,5605,7428,7226,8320,5819,7912,6544,7800,6739,22209,10192,6362,10062,5513,11260,9594,7254,6618,7134,10552,8263,6020,6358,6953
PC 35:4,786,1327,836,844,844,602,610,665,666,539,721,727,380,1017,687,657,569,504,943,801,410,1048,370,657,585,515,413,555,943,763,551,597,348,933,517,714,844,809,610,333,544,531,861,672,482,377,579,830
PC 36:0,13451,17525,18199,8497,23139,13785,13436,14584,24743,5275,21735,18022,10427,16158,17462,23050,19048,15492,25002,14011,18914,23926,8765,16900,22146,14627,18812,12817,17217,19740,21811,14972,15849,25894,17892,17522,13870,14899,21001,14516,15932,14394,13954,15204,19719,10412,14798,15982
PC 36:1,5140,6978,5539,3807,7334,4693,5474,5464,7487,1805,6548,6762,4619,6714,7688,6113,6508,4030,8150,5238,6839,7919,6053,5062,4832,6017,6164,5750,5895,6544,8318,6136,4232,8359,7438,6012,5655,5988,7443,4501,6161,5920,7304,5208,6347,4694,4919,5757
PC 36:2,630429,1324309,560297,346098,1363154,558051,658262,640177,1062315,201401,1025549,1031680,404118,1011392,1059805,678267,880044,418373,1324581,794913,857803,1241786,446756,590245,516171,698148,779277,599263,735106,803026,801724,940679,446557,1576747,822413,832153,935962,732874,1169362,691689,626773,612623,797850,687931,831204,602747,388542,573583
PC 36:3 Isomer B,3484,7071,4039,3130,4922,2931,3394,3971,3698,1857,3203,4361,2579,5886,4248,3485,4566,2849,4952,3503,3732,6048,2126,2992,2790,3013,3083,4539,2962,4331,3159,3125,2935,5806,3479,2888,3947,2935,4347,4253,3360,3806,3161,4038,3308,2873,2985,3337
PC 36:4 Isomer A,97018,226349,90799,82973,217052,107900,97799,107130,200069,41177,153731,163288,70249,149415,262141,174831,127488,60576,146578,134566,172701,209258,28619,69303,53224,109392,138919,59525,81840,88933,114563,93610,78790,220397,79814,167396,151470,92966,211948,103920,116167,75923,99834,108225,92813,71582,61079,115280
PC 36:4 Isomer B,4136,10127,5205,4026,5352,3746,3180,3767,4217,2534,3669,4274,2637,6790,2836,2234,2411,2880,6056,5019,4264,6149,1204,4154,2743,3799,3519,4203,4736,4260,2800,3979,3572,7943,4205,4210,6514,3483,3909,3052,3078,3067,5254,4485,2945,2914,2992,3702
PC 36:4 Isomer C,342852,1470626,599255,360859,703470,297923,334142,369936,486734,137970,356842,514378,243734,815358,270021,246414,231026,214734,754770,590258,355919,820129,68077,391415,253860,326392,300904,319566,440233,420598,285111,414150,332369,1203840,381052,488732,839239,355086,437161,237505,233259,225064,605786,494869,310758,250114,205231,386740
PC 36:5 Isomer D,46585,100999,34167,26901,106186,18144,33835,51591,21649,6911,85042,40373,21458,76958,40128,29326,16495,11919,59679,36007,24857,47484,6316,29276,12770,26435,18089,17669,23859,36318,69152,15241,75585,65979,67039,31955,58877,30071,45312,16794,15643,16429,71554,38081,19776,16781,17146,38316
PC 37:3,7726,16668,10595,4989,9926,4591,7650,8600,7179,3605,6687,9906,5949,15915,7663,6071,9803,5371,11348,9618,7779,14381,3997,7197,6478,6590,8778,9809,6951,9059,6581,8516,7136,21697,8743,4897,8625,6264,10030,8599,4818,6855,7231,8978,8839,5828,7135,6317
PC 37:4,12572,41139,19244,8855,16884,8355,10438,10677,15634,5320,12783,13661,8647,23150,10781,7130,6710,7399,19760,16349,10646,21731,3110,12438,8941,11075,11086,10682,12599,13361,10674,14038,14122,36607,12697,12795,19326,11270,12986,9734,5755,6914,15892,12847,10791,6190,7256,9402
PC 38:1,10820,17449,14800,8235,19974,11955,12541,11875,22627,3823,18009,15520,8141,15526,15770,18539,20908,7855,31736,12670,15508,21575,12134,17073,15135,15233,16808,9857,18000,19936,18821,15839,10239,23493,18532,13683,13351,14729,17341,13087,12644,14145,15608,12273,19485,12841,13204,13507
PC 38:2,702,670,939,639,604,579,697,515,633,463,612,847,710,580,741,570,701,549,951,576,905,866,553,563,494,641,590,587,804,718,508,824,610,665,790,505,482,644,852,711,720,664,669,624,718,440,381,662
PC 38:3,1295,1467,1138,599,1229,639,1295,1071,962,578,853,1418,941,1487,927,1222,1310,986,1294,1035,1210,1705,744,929,704,779,996,1364,1098,1215,1221,1121,1145,1809,814,812,1153,878,1309,1096,883,1089,914,953,1105,1147,1084,978
PC 38:4 Isomer B,1530,2556,1509,1086,2049,1223,1268,1011,1666,1290,1883,2133,1080,1916,1449,956,665,1199,2162,1639,1671,2073,444,1318,1341,1011,1223,1285,1690,1233,1350,1381,1932,2453,1084,1721,2079,1476,1158,917,917,1098,1923,1335,1271,1112,1163,1308
PC 38:4 Isomer C,153383,376137,169165,121128,227500,109662,119161,117215,194157,66624,147916,182672,103414,225523,115290,74038,73626,89577,248695,163319,133824,240727,27642,149287,94505,101433,118179,124058,159836,136124,112728,144727,126629,344441,105287,173808,248708,153691,138952,95756,75236,90927,201792,138074,120710,83480,73445,114869
PC 38:5 Isomer A,80594,203235,83479,59728,128609,42264,72469,71688,95792,28205,86590,92157,51701,134792,81790,83470,48824,36471,118411,84333,83147,192099,9194,57459,37845,61630,59720,52669,63810,85481,81132,72064,62286,168253,99288,80810,135349,69833,92128,55253,47712,47090,100525,64814,60036,48956,42627,78940
PC 38:5 Isomer B,36581,96914,41059,27756,71563,21464,33408,35900,39322,10314,54474,36165,24273,60643,38246,34763,25468,16975,53736,42025,49935,68924,5460,31457,23949,24995,35301,28672,31208,38540,50907,27942,46617,94282,45242,29844,60396,33097,41310,26485,29207,21036,53000,26291,26821,22113,24463,32792
PC 38:6 Isomer A,30415,61626,28929,18831,45651,17751,19511,24966,32764,8830,31873,29883,18562,42330,31319,24121,13358,13964,40982,32164,28423,52040,3326,18440,15814,23986,20817,15737,20109,24846,29129,18801,31849,53890,27983,34136,46611,21848,31943,18348,20979,14917,32148,25958,18158,15231,15658,25776
PC 40:1,3503,2746,2217,1779,3048,2143,2154,2154,3946,1029,4356,2297,2145,2562,3122,2987,3360,2184,5777,2795,2592,3363,2995,3248,2227,3362,3566,1976,2945,4186,4110,3168,2471,4516,3586,2481,2738,3941,3292,2708,3016,2756,3054,2535,3482,2311,2922,2595
PC 40:4,4028,11681,7391,4499,8975,4089,5743,5492,7996,1922,6194,6136,4820,9465,4743,6493,6504,4354,11064,8019,6663,12649,2167,4845,4330,3620,6295,5956,6938,7227,4666,5665,4486,14420,6229,5681,8805,5736,8223,4189,4577,3813,6412,5097,5569,4139,3457,7957
PC 40:5 Isomer A,14145,20356,11601,9809,22313,6573,13107,10632,12718,5268,19107,14572,8976,17512,15008,14810,9250,6158,15420,9747,12425,23964,2984,7829,5918,6365,9033,8795,10952,14172,17489,8224,10393,18189,16199,12394,16789,14002,16094,8400,7597,7905,15618,8886,9985,8366,6616,14309
PC 40:5 Isomer B,3565,12983,5947,3626,7654,3022,6073,4548,6142,1967,4873,4948,5201,8912,5405,4919,5479,3835,8109,6360,7895,11940,896,5746,4456,3639,6110,6957,5562,6823,3446,5138,4426,18729,5040,5750,9393,5469,5843,4657,4785,5892,4974,4565,4113,4059,3687,5938
PC 40:6 Isomer B,22978,55434,28348,22097,54595,15709,26981,17294,13865,11665,52376,31682,22437,53359,26091,24050,10655,14426,41580,13778,19435,30945,2599,21877,8833,15338,14301,16026,20131,30565,39195,20500,23029,46235,28512,24374,35025,36704,26200,17503,10270,15050,32501,15954,19338,9935,11687,22456
PC 40:7 Isomer B,13146,28164,12726,10180,17874,7130,14020,7099,9161,5036,17742,14260,9115,18246,16522,13876,6161,5688,17868,7152,13913,13567,1004,8051,5304,11485,7924,7231,8541,12476,13353,11765,9643,18893,12024,11172,12742,12189,11438,10860,7598,7588,11720,8511,10196,5583,9523,8737
PC 42:2,3614,6691,2810,2347,3580,2878,4140,2537,6550,1079,5584,4381,1907,6677,2872,4208,3562,1783,5787,4992,3246,4240,2585,7762,2837,5024,2883,3691,5122,4759,3568,4211,2623,6355,4793,2196,2764,6650,3771,2630,4043,3569,8376,6137,6009,2634,3158,4720
PC O-18:0_16:0,905,702,1018,536,1063,822,1047,819,723,461,944,816,685,921,685,983,1045,782,820,778,871,1001,1018,1017,1095,885,1018,718,1116,889,940,996,1074,1131,728,1058,836,832,1027,644,1026,818,704,833,814,917,975,1098
PC O-30:0,4880,9120,10023,4644,10592,6398,6854,9048,7803,2410,9652,7310,5497,8241,8249,8846,9019,5354,8757,8838,8419,13339,7952,8981,8382,7277,9687,5707,9528,6678,6981,9076,12651,16535,12124,7126,8939,5623,12915,12062,7157,7025,9730,8826,7896,5016,4639,11974
PC O-30:1,1504,2828,2496,1292,2944,1558,1546,2394,1705,740,2283,1759,1456,1995,2270,1722,2020,1446,2761,2123,2557,2452,1763,2372,2204,2256,2142,1311,2866,1716,2425,2605,2530,3465,2151,3064,2523,1423,2045,2032,2273,1804,2989,1946,1712,1029,958,1956
PC O-31:7,535,736,564,4422,518,8348,1518,543,8208,569,518,504,757,651,3730,382,4661,704,13326,2733,3423,1130,3162,1528,8536,4917,9125,8423,4738,3043,3539,2851,408,1624,9162,578,3137,3366,7484,7551,5993,3357,3174,4794,4642,5905,4024,2627
PC O-32:0,55822,96639,77705,50980,90719,59211,58831,79962,104697,26757,84806,85928,58932,88656,76287,91756,122730,58630,91503,73781,80844,135195,78992,75221,83264,73246,73896,48035,94662,71522,83956,121411,75415,151658,71373,95772,91528,66716,131418,100283,64759,73149,94631,109588,78120,60635,68738,124025
PC O-32:1,6727,20777,10653,7183,15546,10086,9150,10745,17313,2995,14328,11330,10460,15066,13030,8895,15963,6668,22870,13887,14596,16952,10151,11866,10498,11688,12218,7522,19291,12392,16533,19954,12944,29090,12037,17707,14620,9853,14838,12882,12407,14294,16009,12295,13002,7259,8570,13549
PC O-33:0,2609,4398,4221,1847,3844,2664,3577,3341,3873,1343,3198,3594,2456,4265,3169,4038,4420,2515,3363,3994,4044,4711,3413,2887,3902,3420,4016,3046,3731,3172,3730,4656,3684,6274,5059,3762,3209,2933,6342,3974,3295,3201,3671,4129,4136,2828,3063,4549
PC O-34:0,21382,29445,27128,13659,29284,21829,24073,23042,28814,8303,25694,24693,18434,26558,20167,23171,37021,20186,30989,23988,24902,33782,22091,24386,28781,22585,23892,15974,31450,25792,21641,32110,24474,36847,29254,25618,27369,20192,38461,24549,24244,21135,25850,24646,24956,21038,25657,26077
PC O-36:1,8332,18493,19118,7441,21476,9924,16360,10526,19083,2538,13567,15177,7268,17575,12185,12349,17778,9005,23411,12765,14205,21903,15099,10708,17117,13506,14936,10506,18697,13156,13937,17496,11929,27332,24366,13414,14534,13456,23904,12399,12303,11788,15893,14282,17751,7781,12875,14842
PC O-37:0,13569,18650,18625,10273,24001,14186,16305,20002,20005,4826,20709,20617,17454,21186,17454,16712,20994,10899,21075,21027,20749,26354,15295,21534,23600,15746,18937,13542,20007,22168,20540,20834,18886,30612,18681,18695,20867,17268,23973,15827,17727,14405,15481,22360,17668,13919,14000,17702
PC O-40:2 or PC 40:2e,2145,3167,4764,2735,4026,2662,4502,3020,3518,1931,2878,3439,1730,3317,1787,4494,4234,1374,7247,1744,1521,3171,4878,2976,2438,4174,2660,1956,4756,2475,3597,2695,3240,4465,4796,2591,1960,3677,3649,3559,2326,3797,3606,3662,3548,1888,4430,4680
PC O-42:2 or PC 42:2e,2650,4391,4826,1521,4456,1006,4045,3985,3971,1787,3022,4454,1715,4808,3033,3229,5810,2541,7404,2481,3118,4268,5312,2985,1320,4950,3947,1032,3968,4161,3434,5574,2677,6213,5745,3368,3050,3914,5117,1551,1082,4009,4446,3913,3869,663,3328,4895
PC P-34:0 or PC O-34:1,681,1014,1081,878,1000,707,926,919,1109,546,1113,1168,726,1027,1439,1238,1131,739,1420,939,1305,1433,1076,1183,891,1139,1085,580,1035,1109,1085,1237,1063,1511,1186,1172,1397,765,1076,1011,895,924,1381,912,1128,1058,1473,1273
PC P-34:1 or PC O-34:2,25510,74483,45562,17235,52306,24238,39087,23585,65817,8378,56461,39622,28756,31625,44418,29194,42029,21001,106811,54401,53300,72930,16480,39813,28479,30005,29858,21798,42264,42205,44513,55832,38029,80939,38688,37527,46184,30514,48956,40532,32533,26168,49145,32692,42673,15584,21992,34938
PC P-34:1 or PC O-34:2 Isomer A,481,685,562,374,603,467,604,674,757,267,744,673,375,500,531,518,681,417,850,586,630,644,325,584,646,553,393,437,666,689,831,752,521,710,398,531,536,509,614,518,541,667,743,503,795,233,300,581
PC P-34:2 or PC O-34:3,22014,74573,29318,15897,41746,27540,20859,18466,37804,8677,41478,33239,23096,29844,34146,22838,25026,15839,49304,39634,48554,56655,9300,24967,23252,27883,27671,19094,38572,31130,37548,40532,36200,74988,30445,34911,49363,29541,44574,37234,31883,27073,31717,28074,36093,13057,17532,25366
PC P-36:1 or PC O-36:2 A,12117,30449,21448,10753,27236,11936,20153,12545,28986,4694,21998,22065,11808,18611,19732,23644,23948,9689,40725,18601,21821,40250,15998,18483,16073,25759,17678,10249,25514,19220,19531,24488,15697,41041,24054,20363,21337,17963,31047,17574,15065,16295,30184,19200,28728,9770,15827,19910
PC P-36:1 or PC O-36:2 B,2975,5315,3709,2145,6621,4890,3829,3113,5559,1311,4032,4678,2943,3819,4856,2771,5146,3022,7070,4427,5295,6458,3028,3825,3869,3873,3663,2434,5849,4623,4887,4488,4343,9429,5088,4027,4746,3602,6703,3303,4612,3237,4567,3461,4908,2279,3773,3446
PC P-36:2 or PC O-36:3,4160,13945,6339,3856,8637,5227,5306,4778,9294,2479,7979,6922,4729,5987,7055,5253,5499,2873,11090,7280,7780,10227,3369,4938,6214,7066,6977,3558,7692,7028,7688,6569,5339,14379,7289,6919,8883,6661,9451,5809,5991,5420,7154,5005,8126,4643,4552,5716
PC P-36:3 or PC O-36:4,47700,112856,79416,42609,79641,36863,44588,37706,65302,17698,71822,51851,38789,66242,51842,37025,36727,30644,140767,68727,51933,126162,11955,46548,36220,36857,40825,43751,56914,54420,44642,51037,55968,122901,52137,59449,75268,44070,51029,46269,30157,34980,68114,44843,39349,20677,30470,51887
PC P-36:4 or PC O-36:5,15969,59774,24589,16297,30875,20422,14596,15718,26826,5999,24370,21383,16228,27364,18961,12225,11872,9554,41348,30363,24207,40067,2677,19167,15845,16859,20509,21850,28628,22979,16540,23406,25055,52060,19125,28405,47186,19070,26243,20195,16888,17722,30361,17299,21531,8438,14571,20067
PC P-38:3 or PC O-38:4 Isomer B,14128,39076,30057,14661,35275,14127,19902,14359,25824,5194,26936,18531,13750,26852,19795,12646,14329,11023,31186,24290,20412,50162,3308,14617,16118,14356,18911,14225,22554,16412,13713,15570,20398,50661,23460,22928,28516,13864,20638,13512,11428,13401,24555,16716,14193,6190,10080,19263
PC P-38:4 or PC O-38:5 Isomer A,29291,72223,46675,32166,56639,23177,30364,23856,38250,14357,46928,40406,26782,38428,38032,38664,17014,16506,90248,40666,36861,92039,4031,28164,20556,32385,25083,23361,33957,39263,29825,32923,31335,73863,32013,37380,47673,27849,32682,27796,16663,22312,54200,27144,28498,15587,20879,29118
PC P-40:4 or PC O-40:5,2941,9182,6565,4398,7433,3092,4978,3650,3901,2192,5818,5943,3548,6708,4594,4750,2993,2678,8494,4465,5037,9027,1757,3871,3819,4076,3817,2461,4983,4329,3485,4086,4528,10060,5871,6109,7197,3735,5560,3781,3130,3877,6926,4178,3957,3183,2531,4289
PC P-40:5 or PC O-40:6,3600,5657,4878,2559,6394,2612,4773,2385,3386,1488,5928,3947,3398,4718,3613,2977,2185,2024,4430,3141,4157,4438,1910,3291,2667,3327,2791,2001,3307,3389,3353,3653,2685,4781,4047,3924,4244,3927,3300,3527,2329,2766,4149,2134,2604,2150,2529,2751
PC P-42:2 or PC O-42:3,2487,5161,3747,2437,4325,2264,3709,3053,3081,2557,3856,5316,2839,3214,3878,3306,5240,2645,6153,2348,2438,4063,3300,3942,2352,4939,3715,2185,4349,3493,3990,4740,2802,6053,4547,3848,3328,4016,5812,3230,2968,2897,3927,3240,4326,2899,3419,3971
PC P-42:4 or PC O-42:5,2073,4817,4474,2366,3624,2335,2405,1849,2331,1437,3671,3283,2319,3865,2589,2255,1816,2085,6145,2376,3201,4843,1844,2174,1732,2637,2436,1381,2961,2729,2219,3132,2921,6107,3332,3060,3313,2496,2624,3040,1533,2175,3241,3052,2188,2089,1865,2718
PC P-42:5 or PC O-42:6 Isomer A,1520,3438,2068,2116,2748,1782,2511,1515,3064,1408,2530,3335,1525,2449,2545,2178,1562,1668,4271,2254,2099,3075,2240,1818,2244,2036,2231,1769,2823,1864,2042,2704,2009,3841,2502,1904,2439,2748,2813,2312,1506,1865,2470,2305,1947,1764,1685,2862
PC P-44:4 or PC O-44:5,3235,4819,3864,3108,3835,1989,3040,2839,3068,1698,3729,3557,2246,3731,2678,3046,2606,2179,5608,3135,2777,5236,1250,2419,3604,3664,2838,1406,3190,3569,2567,2998,3650,5888,4500,3605,3216,3671,3583,2664,1957,2581,3449,3185,2817,1706,2122,3668
PE 16:1_18:1,700,2227,927,1457,1266,952,868,814,1699,702,1092,1314,1391,1287,1180,959,1654,1234,1528,1188,1032,2409,419,1177,1127,1283,1219,1036,2010,1184,1791,901,988,1289,1252,1253,1395,1483,1745,1650,1197,947,1433,1007,1296,450,1142,911
PE 34:1,1490,3355,2093,2877,2519,2156,2005,1825,4041,1540,1953,2057,4280,3097,2965,2751,4391,1884,5047,2280,3304,6086,929,2958,2815,4102,4196,2655,4597,3057,4512,1816,3203,2960,3736,2937,3330,3286,3725,3351,2246,2631,2742,2998,3390,1211,2514,2121
PE 34:2,2805,8026,3586,5033,5403,3691,5100,3618,7485,1845,4340,4411,8627,6057,5386,4379,7265,3761,6896,4436,5700,12091,1924,4468,5344,5306,6154,4409,7928,5782,5720,3454,5212,5897,5556,5473,5792,6262,7952,7212,4327,4036,5363,5808,4948,2154,4050,4249
PE 36:1,5218,12012,7107,6764,11563,7498,7172,5267,15763,2610,7216,7417,11652,9526,9455,7541,16218,5309,21211,7022,8558,21343,2542,8238,11307,11023,13904,6994,15684,9059,12335,5937,8565,11599,10064,10995,12063,10921,17656,10444,5442,9287,12155,9502,12300,3743,8714,8419
PE 36:2,5691,14202,7286,9241,12013,8065,8000,7119,18251,3079,8359,8523,14693,9821,16169,9621,14635,5731,19327,7303,10927,24471,2101,7515,11370,13054,16373,8490,16630,11176,14785,6704,9769,13179,10250,13683,13120,11004,14598,12293,6225,9071,11517,9870,13241,4230,9133,7306
PE 36:3,568,1211,578,743,1076,660,664,691,1365,491,720,784,1155,962,1267,853,1056,767,1420,827,964,1577,204,762,867,1039,1025,895,1275,1038,1211,532,746,780,986,823,890,741,1228,1051,639,905,998,670,945,398,879,563
PE 36:4,5152,14767,6914,9247,9133,5874,6706,5303,12025,4784,6542,6629,13700,11743,8717,7663,6099,6037,12831,6928,7743,24734,617,5901,7255,5930,9379,7077,14062,8104,8539,4659,10230,10737,7346,8882,14318,9713,9377,7648,5392,5188,9924,7981,7110,3130,6659,6694
PE 38:4,994,1856,1138,1954,1444,917,843,848,1453,658,834,861,1230,1188,946,894,722,634,2260,930,1196,2089,487,1127,854,918,1269,1085,1402,1119,1409,764,1084,1035,968,1142,1903,1442,1031,1122,691,892,1140,820,984,508,1094,662
PE 38:5,540,1285,968,787,1026,488,553,554,1010,611,515,840,958,1112,890,873,618,448,960,772,592,1814,487,651,935,767,771,839,1232,769,1006,563,872,780,919,822,1341,668,902,960,489,494,805,926,545,337,812,652
PE 38:6,2737,9213,4054,6161,6094,3128,2853,2555,2730,2761,3489,2503,7864,6236,4107,3602,2664,2760,6958,2749,2660,5011,869,2986,4399,4479,4445,2438,4829,4268,4210,2485,4256,4678,5881,3685,6796,6326,3008,4373,2432,1836,4638,2859,3456,1627,2790,3407
PE 38:6 Isomer B,562,1003,444,863,749,463,594,789,501,596,594,443,1218,906,676,774,524,634,682,635,605,857,764,797,623,985,746,543,1033,873,836,916,722,441,924,562,839,936,573,753,577,332,766,600,602,519,766,583
PE O-16:1_18:1,2560,7314,2929,3763,5742,4098,4937,3776,7366,2556,4060,4085,8409,5822,4433,4045,6461,3192,8377,3866,4455,11011,2689,4557,4737,5192,5198,3858,7584,5112,7218,3973,5004,5976,4459,5419,7272,5364,7779,7887,3547,4478,6743,4421,5949,3384,4465,3756
PE O-16:1_18:2,1213,2650,993,1317,2157,1868,1326,1198,2192,910,1455,1389,3187,1619,1643,1212,1393,1263,2823,1718,1667,2755,1373,1378,1663,1685,2065,1462,2243,1446,1672,1693,1934,1427,1667,2188,1732,1823,2632,1540,1735,1272,1814,1541,2026,2356,2009,1322
PE O-16:1_22:6,1106,3259,1731,2644,2440,2293,1925,1991,1452,1300,2066,1752,3610,2123,2244,2166,1211,1206,2394,1470,1918,3146,1231,1489,1165,1974,2259,1633,2662,2056,2535,1598,3014,1875,2161,2644,2434,2474,2196,1747,1132,1325,2643,1768,1646,900,1941,1422
PE O-18:1_16:0,142,95,156,38,37,211,189,126,176,141,0,58,416,71,153,74,101,170,131,71,127,109,155,116,238,67,165,87,134,130,0,115,287,123,122,231,184,70,93,86,95,0,68,117,49,193,195,97
PE O-18:1_22:6,414,470,564,623,710,442,560,381,554,440,432,403,970,605,531,431,447,412,655,441,366,462,843,560,358,593,467,590,565,511,664,383,619,755,524,528,606,674,620,580,308,390,530,525,494,310,525,657
PE O-38:6 Isomer A,558,1322,759,750,1071,603,757,833,990,542,704,795,1637,755,923,646,711,597,1314,663,749,1353,901,524,594,966,702,874,1038,803,1033,685,1427,996,1083,840,1126,1086,1142,773,670,610,1106,577,849,554,691,1048
PE O-40:4,309,559,365,380,440,348,510,312,459,247,329,381,561,400,372,279,440,252,422,396,400,761,326,300,402,225,466,375,821,488,459,383,455,441,317,425,543,368,408,371,334,398,415,371,427,240,317,301
PE O-40:5 Isomer B,472,1665,896,591,756,1145,597,579,964,590,780,422,1171,819,528,584,589,853,1165,770,766,1337,342,534,1012,386,783,706,1104,810,735,509,745,1047,563,575,989,706,947,709,498,651,1255,653,706,231,539,602
PE O-40:6 Isomer B,280,691,465,333,554,309,495,336,581,368,459,406,668,589,646,426,265,363,497,323,378,762,210,323,429,311,367,362,630,551,690,326,619,405,634,337,708,596,600,591,417,364,630,427,374,387,380,530
PE P-34:1 or PE O-34:2,510,968,621,660,1026,1112,845,651,1012,607,703,753,1157,1140,695,936,1224,594,1416,656,593,1721,339,935,980,1163,945,984,1174,929,1394,697,1137,1010,1070,909,1658,1032,1085,1099,759,1099,1106,1128,784,449,898,764
PE P-36:1 or PE O-36:2,2472,4824,3190,2993,5255,3396,3318,2567,5120,1229,3462,2715,7495,4841,3035,3223,6038,2365,6564,3400,3733,9190,1329,4056,4833,4653,4667,3369,6931,4725,6577,3019,4675,5270,5043,5380,5536,4757,7116,4979,3566,4241,4958,3985,4251,2199,3010,3560
PE P-36:2 or PE O-36:3,1811,3706,1829,2327,3201,1925,2443,2126,4164,1051,1666,2113,4227,2972,2516,1927,2457,1437,4972,1827,2177,4414,522,2028,2311,2538,2629,1829,4272,2679,3841,1527,2844,2949,2748,3218,3272,2704,3745,2985,1564,2656,3154,2115,3819,1207,2081,2283
PE P-36:4 or PE O-36:5,2907,10803,4387,4405,4889,3814,3329,3288,4737,2455,3114,3416,12506,6075,4705,2972,2960,3213,7956,3375,3912,11197,600,3098,3967,3387,4666,4050,7657,3679,6700,2860,7019,7074,4581,5143,8007,5814,5784,4975,2309,3232,5158,3802,5227,1146,4424,3777
PE P-38:4 or PE O-38:5,1354,2514,1414,1493,1814,2079,1491,1277,1790,805,1607,1331,2622,2185,1433,1246,1243,990,2118,1640,1378,3015,1122,1250,1549,1269,1436,1712,2266,1517,1990,1398,1757,2439,1688,1368,2581,1538,2106,1529,1556,1346,2194,1294,1636,913,1284,1147
PE P-38:5 or PE O-38:6,3311,8498,2969,3788,4511,3428,4116,3066,4784,3245,2614,3133,12337,4866,3777,3683,2951,2716,6348,2197,3875,10554,1538,3775,3710,3671,4963,3900,5495,3448,6082,2799,7064,4852,3394,4176,6433,4509,4521,4929,2453,3469,4214,3780,4493,1948,3923,3521
PE P-40:4 or PE O-40:5 Isomer A,1761,6407,2730,2935,3887,2884,2586,2523,5285,1534,2105,2773,6891,4461,2782,2140,3352,2353,5777,2996,3177,8623,1232,2588,4314,2067,4154,2689,7203,4442,4483,3353,3753,4742,3111,3334,5304,4321,5511,3252,2905,3101,4596,2714,4068,1839,2327,3679
PE-O 18:1_22:6,2174,4723,2653,3437,3850,2618,2754,2082,2480,1752,3212,1963,7143,3844,2899,2895,1887,1683,4369,1274,3010,4237,1302,2556,3021,2841,3453,1725,4086,3413,3772,1882,4043,3257,3240,2933,4152,4131,3507,3436,1377,1783,3707,2220,2252,1601,2311,2457
PEtOH 16:0_16:0,338,346,298,239,321,1107,159,903,223,194,391,376,2070,418,273,638,223,469,284,418,259,277,334,326,465,148,364,251,205,423,272,245,545,294,131,446,255,332,350,284,268,207,158,347,228,250,472,303
PEtOH 16:0_16:1,245,239,190,175,267,398,111,712,135,135,338,196,1086,270,195,332,271,471,204,436,247,318,250,238,558,149,324,285,175,388,244,322,681,449,227,529,226,272,393,234,340,189,127,455,339,265,275,352
PEtOH 16:0_18:1,1650,227,210,135,190,5519,131,3048,501,49,169,122,10118,281,199,2276,225,752,340,428,603,375,265,626,460,93,87,116,187,1659,458,313,310,469,93,656,88,171,419,281,909,174,198,264,154,449,422,151
PEtOH 16:0_20:4,392,374,235,340,317,797,315,956,329,375,338,421,4178,457,432,579,426,359,424,376,391,415,471,309,506,436,360,287,509,393,400,345,363,428,512,318,229,363,287,423,289,242,322,335,295,412,494,505
PEtOH 16:1_16:1,1032,728,1022,351,979,1360,338,1593,995,157,816,1106,5057,1612,882,1759,1046,2320,546,1557,1299,1571,581,666,2750,671,910,681,548,908,913,512,2699,1210,463,2094,692,584,920,797,1093,565,591,2572,647,692,1597,881
PEtOH 16:1_18:1,2217,360,479,279,315,7819,171,3910,384,231,199,215,15313,524,331,1343,418,1085,301,695,955,340,281,785,833,258,204,213,201,1324,378,131,369,617,230,996,299,185,574,464,840,221,213,475,210,406,686,398
PEtOH 18:1_18:1,732,40,213,212,283,1545,206,913,273,228,171,183,2743,174,305,820,167,325,173,154,370,212,234,342,327,96,220,153,103,657,328,122,131,312,175,467,54,133,431,229,423,286,295,181,289,316,220,161
PEtOH 18:1_20:4,361,172,304,130,158,706,128,498,255,0,172,192,2458,202,102,574,132,270,147,359,187,188,252,436,295,146,116,150,159,348,178,306,163,251,166,502,293,172,225,139,238,157,218,197,138,225,349,113
PEtOH 36:1,702,145,217,97,139,1115,110,675,271,121,165,94,1503,227,87,670,114,314,90,274,330,86,257,256,297,181,44,99,131,619,174,371,113,327,229,190,128,180,176,80,489,231,249,259,54,131,175,225
PFAP-FT_diPAP,133,133,249,23,48,63,49,318,0,306,262,348,126,182,0,154,56,272,39,114,0,195,0,0,0,47,57,303,0,33,100,0,280,151,51,278,148,19,205,37,0,0,0,0,97,35,46,0
PGE2,2301,987,940,954,803,985,1255,1296,1271,773,599,923,1869,1034,1126,1428,1408,1569,1337,1282,893,881,945,1017,2309,807,893,691,766,1481,915,1021,1453,1418,995,881,837,890,827,992,2096,1188,857,1476,887,1329,1094,914
Phosphatidylethanolamine alkenyl 16:0-20:4,515,1656,926,773,1248,1081,740,761,945,628,664,800,1832,932,956,722,592,758,1037,878,816,1561,40,701,787,726,845,1063,1365,1156,934,841,1313,907,746,1162,1494,940,1045,860,467,769,1150,766,812,315,821,1100
Phosphatidylethanolamine alkenyl 18:0-18:2,348,636,384,455,540,412,544,435,927,218,514,336,894,446,548,620,813,494,1239,304,559,959,201,564,418,653,578,637,586,703,883,499,573,556,735,771,584,576,741,697,495,641,684,461,670,253,728,380
PI 16:0_16:0,355,678,467,245,587,263,325,402,106,266,418,400,428,571,114,529,644,200,322,697,503,529,611,586,371,677,691,513,248,505,420,571,603,558,743,225,465,283,707,431,647,258,612,429,547,485,397,520
PI 18:0_20:4,3754,8631,5392,3291,6206,2690,4352,3208,4552,2569,4837,5877,3380,5666,3907,3368,3172,2309,5495,4221,3468,8183,1982,3543,2473,5916,3881,2691,4155,3397,4354,3880,3652,8004,5671,4288,5401,4841,3823,3067,2239,2466,4924,3579,4671,3085,2576,4385
PI 32:1,557,850,657,485,975,813,859,858,745,480,684,830,516,672,1058,677,794,510,872,1156,981,563,914,945,639,919,815,631,753,658,750,1091,592,996,886,721,640,993,1327,642,1198,644,683,854,982,1016,647,786
PI 34:1 Isomer A,1353,2252,1958,903,2095,1322,1705,1618,1290,650,1624,1987,2155,1628,1581,1524,1673,902,1797,1550,1697,1987,1389,1325,1558,1532,1695,1945,1229,1447,1407,1410,2044,2260,1872,1662,2045,1544,1592,1198,1200,1104,1600,1687,1593,1280,1163,1426
PI 34:2,1527,2355,2236,1034,1901,1485,1605,1386,1836,1251,1751,2405,1341,1632,1681,1378,2222,799,1168,2143,1706,1940,1635,943,1039,1710,1801,1777,1221,1870,1660,2131,1195,1846,1718,1677,2166,1755,1642,1552,1264,1222,1294,1406,1389,1587,884,1677
PI 34:2 Isomer B,1087,1757,1063,1005,1525,1173,1366,1515,1160,934,1145,1742,883,1250,1108,1027,1745,881,1133,1571,1615,1395,1308,1258,855,1121,1552,1202,1185,1173,1667,1225,1194,1457,981,1308,1671,1370,1339,1472,891,1196,1313,1746,1357,1287,1213,1480
PI 36:1 Isomer A,733,1446,1367,597,1177,803,1042,792,1269,452,1244,1602,612,1129,1241,1318,1269,630,1550,1293,1060,1106,1622,1493,1200,1559,1117,1098,1087,1248,1569,1370,802,1492,1631,1150,879,1283,976,991,982,916,1445,1243,1436,984,1293,1241
PI 36:4,489,1541,1252,603,1001,486,808,876,685,444,967,1124,314,997,1000,769,746,528,552,861,835,1277,436,532,425,810,740,947,750,573,631,572,810,1425,1019,895,1216,772,830,601,349,583,911,761,631,456,636,1089
PI 38:3,866,1226,913,678,1017,450,1111,1183,840,576,1205,1027,687,975,1002,869,1734,584,1005,926,872,2570,561,663,529,1100,897,728,791,880,806,761,886,1682,1081,755,799,1002,1048,1178,751,916,1169,1068,927,939,715,868
PI 38:4,2336,6114,4148,2200,4905,1700,2830,2888,3861,1647,4289,5223,2145,3688,2640,2437,2134,1688,3617,3433,3290,8152,1017,2774,1634,3130,2754,2196,2995,2464,2806,2815,2626,5434,4088,3018,5063,4947,3019,2096,1425,1884,4406,3453,2996,1810,1842,3892
PMeOH 16:0_18:1,91,123,112,198,86,299,163,132,474,99,52,50,359,147,57,9,589,157,498,418,151,80,625,482,313,485,358,234,145,358,282,415,47,128,257,150,131,399,397,192,181,419,239,317,465,278,228,371
PS 16:0_22:4,2842,7302,5794,2836,6242,2583,3053,3736,5130,2297,3994,5098,7714,6396,4126,3448,3077,3146,4182,3010,3049,10679,380,2218,2884,2737,3662,2878,4876,3019,3726,3101,4823,5888,2726,4472,5970,4121,4114,2564,2552,2195,3820,3297,2902,1973,3231,3371
PS 18:0_22:6,1068,1956,1382,1122,1716,964,1107,1174,550,849,1792,1534,2302,1753,1620,1539,434,1069,1338,859,1260,1600,151,1136,669,1496,1232,824,1264,1042,1305,999,1805,1435,1312,1284,1724,1935,946,751,681,747,969,1230,1115,679,697,1017
PS 36:1,2125,3358,3750,1569,3597,2130,2066,2644,3342,1441,2738,3534,4003,3021,2870,2489,3449,2793,2974,1826,2878,4389,1019,2971,4011,2231,3239,2152,2908,2653,3088,2648,3783,4337,2649,5067,3024,2817,3682,2625,1863,3083,2953,3706,3267,1893,3687,3703
PS 36:2,1946,1582,1389,684,1098,1396,790,822,1135,750,1090,1158,1272,1079,1122,1084,1169,2170,1047,870,1060,1532,655,1623,1080,1799,1348,700,2170,1820,1332,947,1061,1588,1118,1058,1045,1120,1127,1555,1170,1264,1074,1277,1118,718,957,808
PS 38:3,878,1058,699,617,775,732,591,461,694,318,845,883,1305,1061,965,679,1012,919,869,763,675,2325,379,552,672,757,768,668,721,781,895,469,1043,702,866,845,617,742,986,1225,332,1386,566,815,612,650,522,648
PS 40:4,993,1652,1167,752,1096,915,699,973,1006,693,749,1024,1358,1144,985,644,651,1133,1035,1106,726,1673,274,1055,799,713,1038,681,1243,1013,740,832,975,1316,620,852,1097,986,931,950,684,715,776,1093,799,570,836,1149
SHexCer 34:1;3O,1112,1098,1043,907,972,834,1173,831,1025,670,1010,819,900,725,1223,865,602,480,976,898,1001,966,769,1188,1102,1186,1097,691,975,638,1066,1189,1269,1640,1048,1085,946,969,1192,534,810,936,946,618,804,620,800,928
SHexCer d34:1,886,1101,854,840,1058,587,864,664,1154,355,640,839,661,706,857,1203,485,479,1012,1049,598,1069,804,1012,583,1119,1069,528,1153,626,911,693,1064,1098,801,1170,559,580,814,764,742,1118,1125,635,887,654,491,881
SM 12:1;2O/32:8,6965,12167,8109,4820,9780,4623,5720,6204,10036,2496,8577,8614,4142,9730,5065,3709,6281,3616,11011,8626,7036,8927,6007,7434,5767,5107,6219,6638,7173,8602,6716,8814,5900,15177,5567,7970,11172,6472,8145,5604,4037,4657,9261,7018,6029,5396,4206,6479
SM 16:1;2O/16:0,751,389,618,357,498,688,363,551,403,218,600,498,689,445,467,646,542,437,817,735,497,744,592,477,780,586,768,573,674,564,609,538,752,714,576,656,636,474,462,736,401,533,639,750,607,510,312,576
SM 18:0;2O/21:0,3844,5224,4976,2526,6560,5047,5562,5743,4887,1928,4371,5436,5026,5714,4778,3693,4855,2506,4112,6432,6266,5126,4644,6826,5419,5331,5538,3813,4686,5693,4813,7145,5821,7989,6824,4950,6791,4574,7940,4145,4728,4930,5022,6195,5895,5225,3295,6104
SM 20:0;2O/22:3,442,535,430,577,437,510,748,562,543,343,716,555,626,667,580,550,568,593,492,868,664,553,522,651,620,558,610,508,634,594,716,710,299,697,545,551,523,516,647,563,562,448,590,828,578,478,459,484
SM 20:3;2O/24:0,25316,32015,20658,18795,30349,20238,17171,22212,31013,7963,29548,44918,36046,25334,23614,26948,31715,17115,38236,27195,29153,41537,18867,32010,24636,25109,28198,14230,27290,31074,35864,29272,20762,34039,21418,27021,27158,34648,34520,24391,19939,18368,27140,38517,30834,22658,27742,35421
SM 22:1;2O/12:0,2289,3017,2562,1608,2369,2656,2181,2515,2966,1536,2733,2445,2197,2219,2783,2507,2481,1941,2949,2558,2635,2837,2514,2571,2258,2494,2541,2250,2364,2374,2584,2491,2302,2472,2220,2522,2411,2147,2493,1923,2207,2263,2633,2463,2440,2218,2075,2784
SM 24:1,609076,905254,627453,440213,1017765,623425,580366,758148,958869,170631,917401,1022511,1026945,984140,714938,916730,1090286,472323,1241653,886850,875923,1327239,744309,1031821,952089,912487,839532,491130,755912,1109222,910434,873821,661482,1241926,752724,783816,869602,903298,1147620,727919,632560,716184,844610,1129552,1127086,673357,876480,992328
SM 25:2;2O/15:1,19274,31237,19619,11120,24565,16976,22995,17180,15707,8151,21243,27823,27554,32077,19575,13353,18220,13692,23122,26420,22206,27940,15790,22296,16573,16461,24821,18427,21724,21195,18310,25359,19696,25311,18983,20368,26414,20836,23837,18775,16487,19143,27662,27070,18999,17278,13431,22871
SM 26:0;2O/18:1,946,937,828,667,1162,1071,625,1007,973,481,1054,1011,953,962,781,1146,836,896,937,1062,1166,1028,862,1062,1037,712,925,848,821,1046,1021,1037,884,1085,1150,910,1129,1092,1074,804,1170,1038,689,1301,854,907,1013,1420
SM 30:2;2O (FA 14:0),1778,3234,2735,2251,2794,1899,2788,1756,2219,1617,2855,3254,1905,2388,2431,2172,3230,1614,3898,2360,1561,2692,2053,2121,1713,3071,2803,1681,2691,2506,3346,2911,1978,3729,3436,2091,2406,2690,2930,2498,2094,2942,2176,2015,2588,1678,2234,2563
SM 32:0;3O,3046,4559,4119,3302,5765,3064,3411,4486,4578,1823,4183,3619,3880,3893,4645,4988,4715,3536,5392,4959,4605,5320,5739,4765,6053,3890,4677,4319,4643,4636,4888,5532,6086,7726,6310,3735,5250,3360,5781,5906,3372,3655,4100,8519,4376,3188,4279,5745
SM 34:0;3O,18070,17341,12491,9136,15974,13066,10157,12643,22323,6702,19646,15207,19004,11613,17736,19194,15801,10387,21000,20929,16217,18320,12488,14893,17800,17386,18891,10525,15868,16595,18444,14106,16636,21346,14165,25220,15794,15539,16717,11557,13241,13083,12638,14967,15434,10744,15869,10754
SM 34:2;3O,4053,5455,4010,2753,4476,5460,3707,4323,5853,1894,5483,6267,4377,5520,5127,4062,5042,3328,3822,6798,7450,5051,9510,5240,7295,5773,7433,3799,7599,6488,6939,9086,5961,6796,5785,4263,6579,6914,7241,5287,8017,5738,5374,8829,7236,7633,5064,6468
SM 35:1;2O,4422,4356,4213,3146,3795,4319,4617,4861,4536,1286,5110,4724,4650,4779,3789,2726,2946,3166,3254,6136,4344,3708,1619,4943,3864,3265,5474,3119,3968,3920,5049,3826,5645,4762,4572,3893,5618,3406,4947,1838,2732,2813,4564,3867,4306,3275,3849,4025
SM 38:4;3O,22805,54864,37940,20854,41086,18018,22104,17316,32017,9072,35981,25555,19389,28216,26578,19341,17771,14308,68865,36241,25933,61399,5576,22402,16830,18964,21226,20632,26857,27477,21098,24462,28148,59107,23343,28453,41122,21479,25169,21867,15533,15818,32692,21821,20972,10316,15610,24733
SM 42:0;3O,2847,2899,3150,3335,3291,3121,2884,2406,3283,1552,3923,3021,2440,2386,3578,4168,4389,2223,3672,3395,3370,5273,3690,3184,4719,3025,3584,2342,4232,3155,3387,3295,3984,4698,2881,2509,3122,2876,3707,2976,3224,3590,2646,3133,2975,2877,2934,3836
SM 42:1;3O,5116,5679,5122,4330,6588,5640,4501,4672,7007,2609,6887,6803,5117,5993,5296,5988,6983,4152,8607,7308,6424,8141,6607,5721,6103,5902,6372,4184,6505,6592,7232,6939,4678,8870,5362,6348,5823,5491,7735,5539,5357,6017,5042,6803,7150,5036,5319,5442
SM 42:2;3O,4434,5466,4438,2357,6162,4271,3969,5251,4161,1885,4916,4597,3897,4770,3771,4247,5242,3613,5186,4780,4350,4533,5760,4760,5512,4429,6149,4728,5419,5730,4713,6393,4795,6599,4890,3975,5599,5191,5211,3561,5245,4202,5275,6592,5808,4906,3400,5773
SM 42:5;3O,2271,4429,4395,2503,4452,2309,3336,2440,2781,1277,4095,3287,2206,3798,3111,2980,1799,1711,5036,2657,2670,5437,1553,2144,2932,2537,3355,1724,3261,2958,2938,2679,3622,5314,3324,3116,3827,2631,3508,2228,2086,2811,3635,3630,3008,2040,1964,3317
SM 42:7;3O,1253,1767,1285,3237,1302,2695,1115,1634,13383,848,1665,1536,807,3848,1233,1711,19531,568,3234,2062,3168,1663,10455,9076,1916,6936,6001,861,2783,4004,3102,8989,2000,2465,5042,2387,2658,7423,6505,2525,4491,3520,2871,2880,10220,3771,985,3890
SM 44:1;2O,4916,4008,4359,3828,5703,4527,3983,4356,5308,2423,4433,4466,4559,3068,4041,5262,5975,2963,5453,5963,4905,5633,4747,5107,5434,3345,5075,3511,4868,5012,5980,4029,6112,6350,5236,5112,5318,5414,5322,3611,4696,4642,4713,5213,4597,5319,4254,4932
SM 46:5;3O,1548,2851,2340,2109,2627,1809,2433,2247,2128,1125,2372,2502,1462,2544,1969,1632,1775,1474,3531,2378,1818,3306,1253,1681,1779,3061,1836,1300,2916,2936,1561,2738,2564,3781,2673,2544,1911,2190,2497,1793,1185,2210,2576,2116,2221,1235,1364,3235
SM d30:1,3021,3181,2602,1411,3556,1950,2722,3198,2430,965,2766,2167,2368,2943,3026,3796,3486,1524,4751,3774,2786,4010,2826,4113,2399,2873,4037,2076,2545,2171,2508,3841,3669,5190,4819,2299,4616,2746,4027,3076,2989,2315,4228,2910,4177,3037,1575,3756
SM d31:1,3234,2756,2914,1463,3633,1832,2896,2721,2219,1251,2163,2095,2634,3257,2533,2359,2671,1874,2672,4128,3195,3295,2817,3501,3052,2763,3995,2488,2868,2230,3412,3256,3325,5614,4131,2503,4118,2467,3978,2781,3008,3152,3125,2928,3793,2920,1505,3219
SM d32:1,4559,5132,4521,2032,5501,4090,4234,5274,3131,1613,5009,3790,4842,5466,4177,4455,4670,3191,4377,6269,4478,4837,4508,5893,4659,4683,5268,4068,4523,3881,3704,4692,5935,7128,5315,3708,6059,3362,5221,3835,3879,3813,6564,4211,3965,3644,2513,6278
SM d32:2,5407,9198,5579,2912,7666,3453,5718,5784,5824,2401,4261,4579,6423,7857,4827,7051,7870,3501,8958,8990,6919,8229,5867,6986,5200,5852,7491,5770,6891,6315,4785,7278,4935,12206,6269,6262,7698,6117,8739,6030,6240,4666,9357,6374,8172,5593,3616,7519
SM d33:1,110399,177928,140180,47300,151829,122416,143572,144740,142074,30276,145887,131802,181069,183384,126223,103274,144546,105714,107895,189621,134863,173887,104780,154047,188581,121291,155363,97344,124157,131367,125741,185930,190476,220722,180819,165115,189658,99300,182659,99214,95587,131260,182616,169706,124052,98617,85718,144279
SM d34:0,57788,59974,51866,38891,80089,59518,48128,64577,73415,24995,81965,69145,70821,65732,67936,74912,68337,55061,80993,78304,62260,81665,56921,65825,71319,60950,64912,53592,71100,81911,77465,80572,63228,83305,54525,76309,67424,63944,71056,58534,88687,55951,63870,76975,70134,50339,54396,64801
SM d34:1,27053,30425,27245,19270,28868,29811,24068,29078,29227,14401,36224,29158,25983,29275,29877,24706,28864,23517,34381,31318,31191,36608,28198,32233,28911,27365,28128,22549,28297,28735,29079,31597,32493,34632,26592,29100,29084,27270,33121,25481,24470,30184,31056,29734,29755,25744,25675,27818
SM d34:2,58302,110889,59512,34197,89656,55644,55674,61802,76570,16850,69457,69476,80469,87059,64356,53788,83576,46798,88239,98508,73918,116967,76758,74876,78991,59776,68484,50350,73590,77253,63635,85018,53958,119499,55889,81023,81490,70079,95724,53946,58231,63358,101567,77549,77360,59479,43768,63487
SM d35:1,49923,76146,63941,23357,64830,50050,55360,60127,60807,15180,64661,67119,72507,67947,59794,36346,48615,42195,51722,81225,63322,73762,37493,56991,58897,46877,64899,46504,58700,60959,59902,70822,85037,79298,70779,60708,71164,51248,74963,47839,37291,51373,64361,67511,60251,42707,40436,54826
SM d35:2,15909,32145,21974,7486,20091,15455,18820,17170,18611,3893,16490,17221,24906,24242,18152,10058,15744,13378,16432,27266,19183,23624,15742,19543,18735,14983,18645,15235,18235,17619,18049,23146,21252,32233,19357,17828,23154,16720,23852,13239,11981,16605,23248,21660,19463,13242,13154,17494
SM d36:0 Isomer A,35981,49949,48922,22886,54099,38482,39416,41266,44306,15567,48156,58302,55315,51648,40076,26206,35487,38081,39442,55740,45395,47009,40707,42481,37917,30859,42810,34325,44209,44926,43810,49731,56897,49356,36813,44431,57193,44158,54282,32925,32098,40319,46526,53420,45438,39397,29552,45244
SM d36:0 Isomer B,18355,19725,20196,12271,34898,15978,17685,22276,13257,11039,28509,31875,26807,31163,18970,17451,20374,21499,22164,23481,14950,23531,17900,15900,21251,12890,17269,24804,20325,27422,21503,32766,23036,23697,15897,22558,30163,22137,21414,15279,25340,19933,17770,31124,20167,16641,13512,22110
SM d36:1,166510,243298,225754,106252,253458,184229,194944,199912,207361,66410,240391,275834,247840,239563,196150,121363,178726,177004,183830,265299,218790,237334,189847,207283,175792,151255,204954,160340,219513,220398,205639,232018,262482,222858,180751,209592,268622,214746,251774,156816,153115,196659,218892,251566,201234,182949,148404,208097
SM d36:2,49725,115848,76775,31248,82538,51720,63286,54350,65670,13992,58190,79066,81898,82894,59696,34875,51498,50773,68626,87496,64845,82309,54564,61464,51160,45118,55200,45889,64361,63171,55516,69428,70209,79677,52094,70009,85569,69932,84886,40775,45177,55960,80083,71656,65603,50403,40266,61097
SM d37:1 Isomer B,13933,26020,20116,7493,20701,13451,18716,17642,18179,6771,16631,21301,18930,23351,17013,10367,15791,11781,17206,23330,19056,20696,13091,20415,12406,16011,20941,15593,16452,19867,20861,23113,21668,30031,20812,19036,26060,17264,22198,15842,12751,17334,20319,18657,18449,15134,10473,18056
SM d38:0 Isomer A,17121,24843,21998,12463,29148,17280,18907,20641,21305,6322,22044,27266,20848,26096,19725,16647,21025,11673,22662,25810,26317,24339,18071,26337,19041,19919,22144,15756,20305,25311,23715,27468,22142,35036,21080,20489,25860,18808,27367,16472,19087,17630,21904,21649,22481,18779,13650,19643
SM d38:0 Isomer B,4502,5517,7079,4104,9251,4261,4603,6344,4497,2353,6179,6870,6859,7759,6357,5384,6047,4967,7140,6931,3733,6221,5928,6196,6627,4483,5495,5796,6115,7974,6923,9238,5589,8515,5074,5739,8016,5785,6942,4688,11020,5687,4208,9416,6490,6597,4035,5252
SM d38:1,128121,196334,185310,75969,246219,125860,153745,160759,170255,50166,186331,218368,172962,220790,150705,138934,171805,96067,200676,210066,215078,205072,142868,204650,159972,168627,184393,119831,165281,196824,184385,232460,181685,305399,178656,171889,215052,153609,220352,143708,157664,143567,176432,180739,180569,145171,106089,157008
SM d38:2,55955,89300,64584,32120,69466,46262,59732,48465,69009,18108,51336,75022,69904,62681,54520,35693,56431,47389,63464,76467,78002,64965,50426,66539,43126,51592,53509,40863,56226,55642,59832,66490,51015,77059,47507,64597,71328,60719,64992,44591,45917,51600,63843,62287,68982,47102,45033,44475
SM d38:3,3362,6618,4439,2680,3895,2813,4618,3661,4103,1347,3488,4466,6024,5545,4414,2995,3873,3206,3842,5248,3736,5341,4759,3871,2906,4713,3979,4097,4179,4459,3046,6077,4042,5476,4063,3471,6405,3553,4617,3897,3607,3529,4277,6242,4436,3943,3231,3928
SM d39:1,14992,21189,20608,7672,23671,14950,19590,18041,16131,7048,18167,17587,16237,23495,16282,12165,18429,11980,16831,24166,21991,23319,15115,24087,19003,19034,20424,16012,17167,19404,19154,25684,22965,34753,26265,16884,25846,15654,25652,16671,18556,16436,20616,18840,18049,16513,10157,17418
SM d39:2 Isomer B,6278,14326,8177,3860,10725,4717,8431,7668,8932,3899,6084,8603,8250,10333,6993,4144,7043,5481,7511,9815,9237,9362,6777,9091,5149,6126,8892,5115,6590,6990,7727,9216,7510,13155,8358,8084,11390,8141,8923,5609,5844,6393,10251,8770,7937,6444,4588,7187
SM d40:0 Isomer A,64043,88730,86472,42279,116212,69518,65768,80931,90991,20572,99614,97071,88637,98837,82173,77559,99949,49414,101239,101930,94591,132704,65792,95985,109369,79132,91245,60347,94448,99579,98157,95051,88727,152139,87347,86272,101697,81244,116246,74313,81205,69011,75385,102477,85094,65404,68590,83006
SM d40:0 Isomer B,13366,14374,15229,8451,21216,11553,12076,16766,11387,6197,16374,15434,15680,16046,14366,17649,17124,10114,16851,17334,12296,17924,13358,15986,21167,13588,14605,13078,15345,19695,16731,19325,12915,19497,13959,15904,18506,16313,17559,10637,26883,10925,10986,18843,13624,13410,12774,15336
SM d40:1,261194,371452,365263,168829,498739,292939,275381,339934,378092,82940,424029,420429,379461,418568,352112,315051,408414,197092,427384,432631,408891,548313,275729,416221,457981,322633,379027,249527,400448,434756,416415,409429,371249,657276,357687,359171,443680,329380,496125,299591,343566,291695,302976,431333,359067,267316,276210,354093
SM d40:1 Isomer B,7060,8059,9057,5048,8917,6781,7713,8165,8081,3640,9362,8204,7643,8855,7588,6641,7712,5409,8279,9044,9045,9775,7043,8666,9575,7583,7949,7163,8609,8559,9342,7814,8201,10782,8391,7634,8229,7813,8750,7018,8779,7640,6631,8944,7355,6631,7458,7593
SM d40:2 Isomer B,64413,125732,88584,39061,124109,69480,73579,78029,99524,20337,96102,93971,94803,122413,92406,63265,95355,46288,117457,112819,119837,140791,69954,106918,86553,92454,94865,66293,92148,96882,93399,119653,78691,178024,88981,87468,106978,83678,113438,65200,76958,68129,107826,88379,89964,60507,56682,77005
SM d40:4,13913,14999,17830,10071,19675,12929,13908,15505,15422,6842,16784,17617,16377,17656,13850,13223,14872,10598,16959,17942,17905,16340,13859,17813,14939,15984,15700,11841,15364,17243,15896,17728,16296,20365,14761,16517,18511,14814,18104,12381,14904,12686,15754,15963,14359,14182,10903,13456
SM d41:0,13560,17829,16300,7886,18875,13418,13554,14393,14828,6094,16735,15934,15370,15520,14872,13619,16298,10237,15774,21012,17101,18625,15196,16964,17123,14602,18068,13175,14110,17664,15211,19939,19882,23985,18131,15002,17440,15840,20369,13417,12922,13870,15719,18191,16532,13501,11985,15584
SM d41:1,51494,65954,58714,31395,75042,49993,52936,54677,55131,21523,64531,59974,54602,59187,56639,51721,64809,37505,57710,82533,65501,73984,53361,65903,64114,56473,69431,50214,55041,69607,64172,76393,72134,95506,69195,57455,72677,55045,78960,49855,51706,53314,54761,73341,60603,50481,42980,57464
SM d41:2 Isomer A,1032,1551,1973,932,1483,1076,1378,1181,1569,799,1196,1417,1347,1639,1184,1202,1076,1149,1302,1847,1739,1719,1360,1458,1572,1449,1275,1490,1607,1598,1362,1403,1881,1916,1549,1431,1420,1593,1365,1408,1438,1278,1629,1505,1465,1151,1111,1245
SM d41:2 Isomer B,32527,59526,40528,18923,51212,34285,42542,39464,42639,12452,40714,41073,46160,59631,38972,27358,46234,23578,43752,55441,51020,61873,39740,50481,43003,42941,46461,36367,36857,47539,43407,58322,43866,73765,50705,43552,53574,43318,58905,33236,34189,37523,53418,51449,46385,33741,28470,39787
SM d42:0,67186,73460,67856,39091,96156,59937,47059,61513,88697,20488,88908,79454,76117,52823,63990,73649,105612,47240,90009,81856,76388,119015,48161,92931,101424,65216,73128,50343,89252,85588,89919,79107,83497,131621,80729,70239,87123,78414,104357,57447,63830,58238,60049,88491,70821,56476,64877,75957
SM d42:1,14957,14447,15009,9652,18297,14430,10977,14039,15355,6349,15917,13773,14608,12309,13554,14459,15867,11714,16601,14696,15604,18922,11823,16775,16130,13065,15352,12143,16336,14605,18218,14440,15737,21002,15683,14601,15106,15346,18793,11774,13982,12979,13067,15890,13775,12408,12170,14922
SM d42:2 Isomer B,13278,15518,13263,10490,14211,12607,12406,13586,14016,6432,16075,15690,15016,17319,12946,14258,16046,10684,19142,14378,14032,17666,13926,15454,14501,15930,14475,13411,13122,16112,16817,15009,12255,17546,14689,14623,13654,15193,16096,13315,12830,13459,14779,16479,16270,12938,16256,16176
SM d42:3,145038,257608,149312,103479,211202,134462,142044,145881,207183,46664,201918,236700,206402,236221,167133,134463,188719,101580,246078,204962,208366,290584,127831,196111,146995,165751,174010,109564,174892,198736,193517,208904,125815,254454,134265,182318,181089,200134,228654,141481,134757,136443,205886,210458,195044,131862,156818,182328
SM d43:1,502,614,766,497,641,740,551,556,919,235,550,659,804,671,623,559,597,494,634,1103,787,1020,673,721,560,709,766,495,557,660,712,651,659,1130,731,446,800,520,1113,511,526,656,500,671,906,541,531,634
SM d43:1 Isomer B,14864,17973,15062,9616,19158,15284,13296,13351,17747,6064,17187,15484,15950,13303,17124,15143,19863,10605,16325,19775,18400,20865,13418,18008,17559,15278,19277,12524,15127,17504,19306,17886,20636,23874,17469,17094,17255,16573,21672,13969,13734,14056,15489,19769,19168,14810,14437,16598
SM d44:1,27864,26041,25548,18434,32623,24738,19183,25293,32766,9296,25763,28443,25751,18107,25279,27980,38496,17862,33103,27600,33153,36697,26059,35352,33862,22611,30936,18745,31633,33159,33193,28950,30467,40553,28941,26666,34038,32091,35289,23849,26565,24279,25512,34931,29072,28540,23953,32004
SM d44:2,1067,787,885,682,854,714,707,1006,786,580,991,1040,775,601,893,1061,1157,984,1242,915,1143,831,854,921,876,934,1225,639,1070,858,957,638,868,889,864,955,961,1151,955,824,790,926,941,902,963,1032,1050,1092
SM d44:2 isomer A,19680,19902,13966,11145,22480,15429,12392,16001,23066,5447,19778,21729,21103,16140,15909,24238,28088,12169,29372,19062,20974,30357,15648,25183,22447,19810,20648,12129,19107,22194,25557,20581,16947,30265,22711,16453,21316,23157,23811,15056,15188,15747,17784,25619,24960,16273,19316,25520
SM d44:3,438,512,413,445,619,545,555,531,512,273,595,896,598,484,583,558,558,411,432,487,625,566,574,450,566,544,543,427,648,672,637,413,479,457,506,447,427,778,636,529,548,405,501,644,625,537,366,566
SPB 25:0;2O,281,608,686,509,296,331,767,130,869,786,277,128,219,370,717,3118,0,365,418,542,407,706,188,425,630,513,258,227,447,844,295,619,311,367,583,259,112,498,400,471,270,252,296,154,407,157,269,660
SPB 26:0;2O,1002,1343,1477,1012,1148,939,1133,516,1431,1475,1117,1106,965,984,1325,7015,595,1045,1107,1248,1279,1583,447,922,1530,1152,914,818,1396,1467,728,1056,886,910,1183,1650,877,1192,1067,943,1197,906,919,857,939,669,1102,1375
TG 10:0_12:0_18:2,20377,32489,25186,18441,34239,22379,33928,19479,26043,22014,27680,37241,22335,34587,21787,23540,34615,19028,40668,38116,37350,29519,41491,35317,26094,31059,31937,25902,22461,41833,31059,45147,17126,39266,34133,28090,30857,30106,36475,24454,30861,28277,34818,36033,38441,31805,22320,23996
TG 14:0_16:0_17:1,13170,16769,25833,12876,14478,7512,12359,11416,9394,15017,7199,10225,6653,11553,12768,21011,10396,16716,9975,13246,13998,12460,11413,12853,10836,11781,10076,9754,12091,9714,13976,15729,11691,25118,15377,11318,10646,9869,9268,6237,9224,7128,11967,12006,11937,7472,8815,10921
TG 16:0_18:1_20:0,7987,20430,14543,8571,24757,16188,17550,17011,28820,3801,29170,21344,6467,30845,8843,14512,17245,10611,45315,8701,15553,15646,29457,17002,15913,17391,19139,13323,20688,29348,6983,20700,5244,49692,17099,9654,8963,22497,15751,8856,11083,14746,15049,11765,21961,21387,6793,27924
TG 22:0,3089,1537,7816,1277,4257,907,1690,1429,1364,2816,1386,1214,1154,1096,1247,2630,1216,3236,1235,2162,1039,1311,1722,1216,1274,2359,1601,2528,1563,1038,1582,1621,2300,1684,1180,1162,925,1516,1012,1147,1115,1101,1459,1083,1204,1287,1650,895
TG 28:0,15340,891,2648,1041,1002,851,821,1008,1254,916,821,700,1121,1719,806,928,1032,1119,1253,994,727,772,2683,860,895,1360,1029,1334,1156,965,481,1154,1182,1150,764,1157,835,995,686,1727,581,1086,842,691,953,703,1296,606
TG 34:0,5452,1862,10719,1951,5844,1150,2141,2872,1318,5047,1846,1682,2292,1875,1913,4086,1134,5969,1498,3577,1686,2699,1618,1947,1655,2858,2809,3095,2345,1069,2043,2040,4527,2234,1762,2358,1041,1510,1197,1443,1183,1028,1750,1418,1427,1056,1828,891
TG 36:0,9611,3278,23692,2680,13036,1312,2192,2549,1747,9878,1443,1333,2687,2078,2128,5156,1486,12091,2035,8179,2250,3178,3380,2977,2925,6327,3769,4312,5202,1789,2645,3032,6129,3450,1595,2086,1716,1988,1713,1715,1809,1907,3181,2149,2111,1413,1389,1941
TG 38:0,6712,3244,16895,2340,9862,1230,2215,3674,1799,7423,1324,1823,1469,1965,1908,4212,1241,8614,1681,5505,1885,2737,2805,2004,2048,6134,2850,3364,3940,1347,2726,2679,5571,5330,1873,1237,1343,1659,1655,1302,2733,1254,3315,1825,2385,1728,1686,1815
TG 40:0,5432,3255,12876,3041,9832,2390,2407,7073,2410,5806,1479,1493,1496,2177,2803,3506,1454,6906,1803,3484,2301,2129,2905,2626,2007,8749,2733,2744,4115,1388,2477,1971,3452,12526,2330,2072,1870,1851,1118,2115,2087,1429,7215,1858,3855,1720,1389,2503
TG 40:1,2526,2809,4514,2489,5038,2854,3462,6096,4151,2135,2794,3753,3647,4324,4090,5965,4012,3421,4166,4793,4532,3966,7303,3971,5406,3928,2807,4861,2887,6317,3296,4897,3109,6746,4490,4224,3437,3480,4930,2697,5123,4123,4317,4156,4130,4339,5043,4662
TG 42:0,3944,3480,7189,3827,7818,4534,3151,8789,3870,2829,1899,3015,2113,2680,2876,4157,3739,5058,3218,3130,3091,2803,4112,4505,3924,9389,3272,4018,5381,3708,3154,5230,2962,14094,4857,2769,4357,5240,4571,3212,4529,3537,6460,3351,7179,4901,2288,6039
TG 42:1,4646,2921,11015,2315,9535,2563,2722,7255,2447,5005,1260,2019,1372,2620,2884,4309,2055,5007,2351,3624,2951,2565,2285,2341,2018,11169,2559,3902,4250,1178,2151,2089,2926,13627,2508,2500,1772,2133,1442,1940,1680,1559,7564,1764,4056,2640,1463,3538
TG 42:2,1662,532,2778,827,3050,1145,1361,2637,1609,1503,812,1163,961,1249,1974,1764,1040,1382,909,1137,2056,1062,1243,959,888,3726,1997,1463,1867,950,888,1740,1686,5619,1120,1435,1317,1598,1092,1154,613,867,3023,1991,1722,1431,868,1491
TG 43:0,2759,3228,3424,2863,3870,1958,2361,3438,2160,2350,2041,1964,1799,2015,3257,3270,1826,3519,2145,2284,2101,2773,2331,2257,2240,2616,1928,2401,2193,1734,2538,2448,1970,6496,2513,2279,1824,1809,1999,1751,2039,1823,2497,2333,2521,1490,1812,2095
TG 44:0,7402,9035,17871,8949,21388,10045,7051,28066,10861,5380,4288,9237,3800,8545,7114,11874,7375,12297,6158,5449,7456,6892,9607,7879,6166,19141,6039,5910,11939,7799,5783,8552,3097,62049,13065,6480,8240,10423,8353,6291,10068,7761,18435,5928,17151,8503,3391,11114
TG 44:1,6454,6962,14345,10284,14623,11545,7951,14020,9743,4641,3965,5605,3460,6985,6766,9982,10970,8627,8543,8083,8868,5451,12987,11875,9202,21206,9170,15201,12575,12398,9866,17723,4159,27337,17083,6970,13938,18384,14330,9000,12801,12356,15934,10956,16835,17126,6908,22692
TG 44:2,4216,3672,5566,3296,6319,3224,2791,5661,3938,4274,2620,3531,2393,3543,3594,5029,2781,4683,3510,2847,2568,3783,2178,3065,4025,5470,3482,4014,3692,2965,3899,3175,3933,15285,3971,2653,3037,3501,2685,2093,3973,2462,4346,2231,3842,4360,2329,3654
TG 45:0,10082,12127,12189,10716,10412,5272,11692,10137,8379,7274,5959,7423,5165,8428,10465,11987,7594,9831,8085,8272,8275,9588,9822,10495,9330,9618,7252,6984,7401,7937,8494,11434,6820,21325,10728,6858,7458,9547,7916,7620,8237,6494,7939,9157,8360,8043,7210,8049
TG 45:1,4463,6342,7655,5273,6416,4091,5008,3341,4413,4149,2739,2976,2747,3384,3523,7952,5353,6198,3859,4891,5227,4591,5401,6751,4196,8276,5393,4742,5330,3866,6509,9215,3680,7739,8658,4498,5489,4922,4110,4267,7004,4493,5913,6776,8264,3244,3643,8278
TG 46:0,21861,24586,46215,25404,43048,26919,26874,79378,23003,16094,11211,23000,12032,32434,22167,38163,25456,42730,17656,16390,22552,19425,30106,21030,17580,33899,14389,19852,26666,17531,14542,17049,13366,140238,40021,17869,16495,17053,15881,15237,30429,10894,31040,17349,32973,19469,12751,50063
TG 46:1,13957,17220,47370,17550,46174,19318,16503,44263,23458,12757,5866,18708,5155,23223,12642,28432,25651,23505,25186,14190,16975,14237,22416,15207,9526,47361,15194,13264,19135,14872,11240,16334,9138,112934,35247,13016,13197,13295,8925,7851,18684,5697,40417,10839,27476,16156,5775,34391
TG 46:2,7486,9824,14818,7172,15607,7778,7706,7208,9561,8442,5469,9375,6096,7987,6797,13619,7290,10651,7960,8493,7446,7912,6601,8302,5858,13213,6956,6201,6972,6272,7245,8196,7552,39983,9513,6754,7824,6535,5904,6581,6906,6426,14074,6971,11248,10221,6476,6983
TG 47:0|TG 14:0_16:0_17:0,13269,14435,16622,13807,13983,7688,13407,16238,8503,9574,8387,10437,7460,12263,11598,15040,7748,14736,9872,10717,10757,11404,10627,13079,10342,9168,8184,8750,10262,8752,9045,10712,9320,27361,13340,9935,9148,10971,11358,7648,10605,8415,9335,10469,9502,7868,8433,12062
TG 47:2,3560,3609,7373,3441,5435,2848,3083,3573,3398,4451,2943,3190,3243,2788,4336,7060,4721,4495,3744,3266,3534,4008,3816,3190,3172,3377,2958,3865,3064,2771,4221,3385,3774,6354,3480,3791,3698,4299,3373,2681,2422,3552,3086,4277,2975,2996,3563,2644
TG 47:3 Isomer B,1457,1111,2320,1123,1515,911,1368,845,1208,1581,924,1262,818,992,1379,1771,1023,1228,1236,1214,1465,1765,1168,1135,1280,1360,1254,1230,1000,1185,1374,1229,1756,1440,996,1418,1167,1426,1454,859,1256,1236,962,1134,1150,1012,1021,1275
TG 48:0,12013,18871,37690,15064,35828,27541,21896,71918,22475,8281,12523,31409,8006,36101,14425,31925,27406,35177,19128,12254,16432,16621,34086,14042,13383,20112,10372,23026,23901,22464,11069,17559,7360,110699,33986,13150,13038,15839,12800,10247,23483,9604,25679,15059,26130,24028,6716,47955
TG 48:1,23766,31282,66738,42845,73055,35732,42763,91838,35580,17545,16819,36472,15065,71433,27654,60444,79208,42776,41681,25820,35792,21966,85494,27835,27792,47793,31919,40596,39973,52347,27796,39207,15637,148174,85563,26061,29971,29279,28271,19248,54207,22712,51418,34206,51864,47047,15587,100139
TG 48:2,10171,15841,30312,16443,31897,13765,14543,28142,16402,10244,6126,18582,6532,29140,11144,21006,32805,15574,24767,11102,13004,11377,28183,11705,7184,29623,14155,15574,12234,19376,13986,22425,8438,83060,28322,12057,15286,13028,10810,6325,17203,9139,21650,16176,23086,21444,6268,35179
TG 48:3,4703,5798,12062,8187,14369,8930,5763,10206,10615,4633,2510,10073,3309,9159,5433,8967,12036,8095,10513,4594,4989,4815,5764,4754,3122,14839,7843,6002,5329,6769,8108,7274,3340,28990,9019,6791,6548,7096,5310,3176,7973,4315,10150,6284,9452,11823,2663,12608
TG 49:0,6803,8496,11012,5537,8580,6014,6844,10826,6298,4940,4706,5604,3719,7702,5727,8460,4358,9745,5733,4969,5971,6088,5465,5481,6007,5294,3066,4863,7312,4367,4587,6244,4021,23212,7571,6256,4197,5660,4739,3315,6082,4440,5214,4788,5791,4643,3560,8863
TG 49:1,15992,23716,35262,16788,21979,13139,20190,21640,14470,15974,10288,16587,8194,21406,15515,27023,16767,22672,13337,16967,17254,15661,23065,16318,15808,16066,14384,16376,17629,20285,14639,21506,12937,45564,26268,13463,13673,15593,14264,10452,16306,12487,13222,17082,17982,18253,9889,24605
TG 49:2,6892,8908,12636,6635,7481,4304,7994,5350,5598,7714,5156,7151,3084,8883,7195,10953,7702,8685,5541,6749,6455,7499,7851,6210,4572,6342,5444,5964,5600,7448,7270,10243,5622,16494,8262,6391,5787,6687,5526,3240,5815,4920,4988,7437,6291,7985,3410,7167
TG 49:3,2079,2785,5028,1836,3272,1917,1961,2620,2021,2862,2077,2566,2145,2595,2424,3980,3626,3046,1744,2240,2318,2573,2481,1930,1519,2719,2067,2136,1727,3306,2314,3035,2100,3983,2947,2865,3129,1807,1722,1192,2260,2056,1847,2285,2077,2481,1925,1934
TG 50:0,6255,9479,21935,9820,24317,21864,11971,48690,23242,3958,19220,18203,5923,25472,9749,16430,11734,20763,21422,7870,10150,9434,18241,8256,9558,10049,7548,11027,16869,16895,6345,8248,4634,99855,13356,8315,7735,10261,7873,8700,12503,5426,15961,7287,16545,11767,3717,32756
TG 50:1,72773,217328,249325,141068,323120,209054,286596,386706,254815,47588,228665,337168,85211,436284,101960,240103,420755,175328,303109,150824,184324,170356,541003,152891,181953,186354,154234,256320,211721,423499,115386,380911,65890,588602,356501,115715,175531,219129,216748,120190,258106,180170,228514,232602,277113,465423,83570,538096
TG 50:2,80625,195077,172631,149573,243065,120257,208593,240953,157840,60276,148381,234384,70671,342906,91892,186920,425020,119799,245491,123811,142114,135968,430698,114101,115142,174459,131995,193271,122749,342728,131779,315696,68773,423701,266521,104825,160070,178664,173115,91374,198767,199744,155461,211240,239342,341003,77964,388709
TG 50:3 Isomer A,12194,28917,25517,23961,34166,16971,24857,30139,21008,9196,16929,33025,7988,42274,15468,20447,53989,13530,32901,17425,17330,17090,32539,15332,9470,23845,21123,17685,15435,37406,20544,45326,8696,72851,25571,17713,28291,23927,22214,10657,26397,23373,20717,32367,34928,46227,8441,43931
TG 50:4,4018,8601,10004,9504,13121,7919,6810,10576,7754,4569,4536,12140,3218,10335,8248,8005,13491,5044,9093,5498,6407,5513,5506,5866,2673,8750,8602,5641,6185,9173,9032,12722,1972,27733,7148,5576,8808,7786,8302,4801,9613,6635,6216,11584,11206,18646,3135,13596
TG 51:0,3536,3834,5492,3079,5190,3627,3683,7114,4320,2541,3429,2953,2197,3865,3234,4409,2151,4705,3360,3193,3260,3064,2666,3029,4124,3020,2252,2797,3285,2940,2876,2863,3198,12516,3652,3595,2425,3203,2792,2445,2913,2598,3382,2479,3442,2612,2308,4058
TG 51:1 Isomer B,8039,12013,16704,7784,15734,9665,11802,14596,10320,5072,6370,10257,4503,15076,7777,14113,12163,10778,10593,8198,9748,7856,14910,8159,8199,8527,7496,10109,10799,13226,5452,12278,5775,34767,15150,8017,6704,9205,7755,5861,8676,5938,8576,9273,12879,11530,4637,20440
TG 51:2 Isomer A,16934,30881,29910,16020,29132,15299,24851,26974,18417,10963,14583,24467,9269,37884,14657,28542,33894,20109,21002,19109,18059,17307,39312,17937,17280,19563,17216,19969,19329,37308,14593,38522,12379,53768,31634,13341,15740,19349,17743,12125,19245,20943,16339,22746,31342,28274,12178,35173
TG 51:3,9504,17594,14800,9750,15688,7756,12309,12186,10214,7658,10054,15499,5700,16605,9805,14164,18810,9435,9372,10484,9914,9186,12273,9694,7172,10729,10227,8171,9391,14775,10655,26033,6289,31014,14033,8619,10922,10370,10131,6682,10258,10979,7389,15164,15959,19978,5056,15952
TG 51:4,1939,2928,2610,2161,3045,2168,2064,1893,1908,1862,1807,2702,1090,2812,2202,2530,2907,2053,1626,2222,1973,1639,1467,2061,989,2267,2367,1773,1500,2603,2479,4092,1540,4817,1752,1673,2553,1833,2151,1589,2380,2235,1952,3111,2928,3558,1287,2299
TG 52:0,10676,8421,24701,6107,19080,13351,7038,27099,14566,9073,28358,8961,6021,18729,7908,11418,4601,17855,17274,7872,6717,6544,7060,6107,7177,9897,6259,8018,10113,8553,5423,5005,7793,51611,6546,6561,4366,8444,5569,6734,9322,5589,8735,4718,8964,5847,4106,12396
TG 52:1,23347,67711,97500,48650,137515,98940,75408,154319,166909,16129,228606,103989,27917,196804,43179,75867,88256,65378,263977,43850,65080,55376,148087,51970,74760,65095,56824,75354,87070,164172,35544,79608,25236,378563,90523,43820,46531,77135,53065,42014,69923,42724,79137,50824,97159,102464,23625,192339
TG 52:2,288449,630242,396504,360496,744539,378196,649797,592624,639558,121456,620096,859622,234199,1015393,265610,423924,1215296,279266,1054418,404336,495737,609498,1436545,584842,523612,622324,452595,500380,517423,1489425,308842,1195553,203674,1057338,683186,342712,470420,683028,634194,319116,521740,705762,504675,588858,953951,1324236,331192,994520
TG 52:3,249199,627875,262599,342788,561634,269495,483541,348563,457852,167379,472092,761100,180660,628578,231767,232272,766877,228062,644612,308174,311814,402873,512331,318893,231058,398641,308929,282145,341905,756599,344992,1048894,182240,830959,354471,254509,390722,485715,488232,238508,389605,453811,262698,508480,531868,1146212,184607,562435
TG 52:4,65186,173688,68568,98529,157728,71498,113603,85181,109815,54861,111788,213482,47373,133147,76149,56399,169786,54812,133807,75629,74731,86212,88419,80549,38629,92427,83036,57299,79604,152419,108297,294043,42873,220801,73390,67282,127544,118336,130078,58920,99289,100202,63429,154624,128276,350081,37986,141034
TG 52:4;O2|TG 16:0_18:1_18:3;O2,9359,13080,7855,12037,16832,17136,17341,15584,20840,6781,10856,23118,15210,17254,9324,15993,40043,13822,21726,16748,12894,10831,99031,18101,20426,15276,11730,16728,10646,39570,13903,56207,11908,20224,16235,14353,19249,28128,29994,15131,26345,28516,11211,30790,25815,80425,16139,32597
TG 52:5,6226,10929,5243,9150,12674,5929,8661,5992,9528,4893,8390,12991,3699,8347,7581,4775,9591,4942,7630,6012,5588,6719,5248,7390,3921,7682,7837,4519,6401,8860,7694,13305,4968,14585,6003,5762,8604,9425,11480,4751,7908,8179,5421,12426,11169,16161,4230,10319
TG 53:2,6793,12258,12160,5942,14954,6393,9892,9681,11986,3375,7345,11609,4542,12879,5793,10403,13898,6254,12129,7848,9007,8027,15497,8698,8103,9604,7449,7873,10376,17421,5208,15476,4492,26559,12292,7013,5617,10561,7856,5230,7575,9340,7340,10252,16690,14281,6378,17394
TG 53:3,8413,16771,13516,6871,18045,8712,12055,10069,13753,5147,9465,15578,5053,14629,7650,11883,14213,9739,15323,9054,8703,8674,12876,8743,6817,11323,10402,8858,11153,15587,7691,20077,5892,26068,11321,6845,9149,11701,9798,6934,8648,10176,8340,12229,16496,16699,6152,14367
TG 53:4,3621,7111,4925,3274,8468,3540,4875,2063,6720,2845,4342,7093,2297,5513,3691,5155,6690,3388,5824,3704,3903,3758,4379,3601,2102,4101,4469,2765,3935,5629,4326,9106,2711,10928,3675,3027,4063,5109,4661,2867,4069,5495,3110,6779,7642,8567,2599,6170
TG 54:0,32955,22206,66389,14788,41643,14955,18211,17898,19706,34354,37930,13735,8535,16093,16300,24142,7810,26797,14927,27568,15637,16973,14846,16141,13468,19174,13575,16892,21851,10157,14967,11602,23428,33745,11146,10815,8286,16771,12446,9352,19567,8732,16277,11841,13151,8719,11167,14553
TG 54:1,6833,9089,13730,4720,17552,13162,8222,17161,20721,4064,77920,11315,5027,22074,6457,12939,5651,9515,17704,5878,8714,8094,10824,7267,11815,8647,9099,6720,11950,13075,3766,5248,4224,35757,7150,6590,4747,10316,5899,6536,9739,5678,8956,5032,10886,7740,3485,15002
TG 54:2,27967,94579,67305,34519,117149,72109,80595,73555,150913,16556,146774,101029,27038,145731,39651,60729,83283,37829,215848,37446,70999,78127,159219,77591,77485,81357,93400,61678,94140,144408,31174,103310,20786,233509,74897,42280,36238,104406,69837,41122,45899,65484,71226,48377,108211,105196,31245,140568
TG 54:3,88613,307385,134325,73959,244914,135144,172851,120771,275619,57345,216239,261192,65936,283925,96606,114153,206490,83310,504545,81705,154398,240399,315925,204243,116773,323084,259456,159295,215962,268389,91403,341172,43884,362306,186748,108783,94491,302057,195991,74911,95095,241535,188115,128117,251489,275254,95442,256102
TG 54:4,69313,187866,69317,64055,198485,99308,114348,66831,200124,53548,136837,211149,49796,141487,80477,73257,118432,55382,286799,61323,79583,146372,114597,103882,56001,144237,172317,76714,127102,139804,79014,238383,36707,244345,84854,76136,76673,172048,167713,58036,70037,155605,71792,111819,143708,231174,52484,136949
TG 54:5 Isomer A,17099,34186,14716,16761,52331,19696,23242,14048,39618,12619,25082,43664,11674,21864,21299,16309,24260,10262,38794,13379,16446,26662,19758,21973,10968,23477,38418,13268,22595,26130,17457,43137,9754,48512,14624,17643,21571,34617,39342,13181,16147,28145,14816,29786,29366,53159,10499,28757
TG 54:6 Isomer A,7536,10325,5394,8366,13731,8133,8274,6325,12991,6609,8876,13755,5096,6999,7623,6291,7337,5268,10114,5975,6174,7643,6114,8087,5142,8520,12183,5723,7273,7774,7742,11312,4561,13239,6132,8388,7475,11330,14586,5647,6474,9530,5661,11907,9557,17582,4880,8876
TG 54:6 Isomer B,3821,12160,6980,7978,10258,3616,5340,6665,6360,3258,5392,7344,4546,9136,4655,4574,6745,2868,6238,4976,4578,4147,2789,5120,3650,4289,5067,4967,5947,7118,7019,11002,3377,15344,4664,4582,13841,8206,4903,3567,6298,4708,4781,8317,6150,8706,3463,9339
TG 54:7 Isomer A,3886,4183,3085,4735,5226,3114,3493,3052,4346,2630,3274,4814,2988,2853,3813,2867,3699,2747,4158,2739,2585,3741,2342,3403,3353,4020,5751,2300,3096,3887,3472,4502,3332,5417,3808,4741,3091,4344,6742,2681,2988,4689,3083,5330,3581,6425,2748,4144
TG 55:3,2138,3007,2759,1207,3939,1565,2147,1538,2797,1869,1777,1975,1470,2568,2004,3138,2155,1902,3532,2063,1993,1839,2544,1828,1413,2021,2121,1549,2461,2679,1380,2644,1524,4306,2424,1547,1073,2020,1639,1510,1493,2227,1740,1821,2229,2977,1364,2571
TG 55:4,1402,2126,2153,1406,5471,1904,1793,1457,2697,1525,1288,2185,1128,2002,2040,3083,1985,1724,2928,1693,1721,1930,1833,1599,1142,1384,2061,1487,2290,1759,1902,2432,1379,2900,1693,1344,1749,1991,2079,1760,1506,1870,1421,2125,2084,2547,1475,1552
TG 56:1,8880,11707,14093,8908,12891,10401,9933,6532,13559,9372,20715,9848,5138,9816,9721,12938,6316,11586,9806,8695,10874,11900,12477,10017,14060,8214,9728,6404,11384,8215,7645,7601,8188,12991,7922,8264,5598,9667,7526,5586,6501,5542,8211,7651,8224,7958,5939,12329
TG 56:2 Isomer B,5886,8752,8648,4992,9512,6698,5676,5012,10546,3838,8125,7971,3786,9708,4753,10511,5838,6802,10066,5032,5057,7952,13146,6571,9122,6922,10507,4315,9833,6685,3540,6139,4537,10249,5439,4216,4315,10225,6097,3637,4123,7400,5683,4201,7177,10052,4366,12622
TG 56:3,4402,10887,6642,3829,12573,5058,6893,5360,13536,3061,7618,9010,3365,9602,4296,7651,8304,4063,21529,4087,5405,10675,17798,8255,6992,8857,12804,5586,9523,10425,4533,14221,3465,17761,7398,3965,3705,12082,7677,4287,3913,12326,5075,5848,9991,13484,5700,15879
TG 56:4,3830,7835,4775,2806,9494,4520,4899,4204,8678,3054,5346,8662,3039,6789,4237,5271,7124,4060,15805,4511,4808,6611,5108,5036,3429,7030,7677,3726,6575,6492,3696,11757,2453,11926,4916,3915,4545,7204,5814,3428,3882,7029,3262,5439,8104,11029,2756,7360
TG 56:6,4746,14478,7063,6457,10959,3225,5588,6927,6518,2444,8822,8645,3921,11593,4536,5211,6371,2712,10345,5676,5511,7655,2274,6062,3714,5783,6706,6696,7584,11318,5870,14423,3591,20593,5397,3171,11528,8185,5281,3294,5298,5141,6768,7379,6638,11032,3785,9087
TG 56:7 Isomer A,2044,7964,3464,3823,6091,1806,2186,3381,4600,1492,3973,4579,1994,4634,2233,1699,2952,1305,4617,2797,2229,2786,1448,3054,1411,3218,3034,2225,4398,4051,3634,7172,1814,10719,2185,2118,6436,3933,4009,1403,3374,2896,3279,4849,2956,4954,1450,4080
TG 56:7 Isomer B,3672,6065,7743,7461,10032,1698,4433,5293,2770,1388,8825,5984,1966,6249,2767,2268,4201,1184,7547,2364,2710,1911,1582,5682,1928,7151,2900,3372,4370,8947,3926,7530,3114,9667,5549,2025,6410,5822,2486,2613,4139,3805,6154,4397,5500,4879,2324,5152
TG 56:8 Isomer A,2003,3158,3553,4765,5034,1390,2325,1876,1340,1420,3814,3720,2176,2508,1630,804,1652,840,3341,1236,1201,1099,636,2896,721,3331,1589,1733,2868,3535,2325,3798,1712,3864,2723,1429,4474,3586,2696,1241,1921,1982,2161,2806,3197,2631,1288,2188
TG 58:2,6973,10124,10927,6222,10318,6153,8225,5268,10939,7780,5807,8937,3948,7688,7018,10475,6252,9428,8196,6369,7828,10291,14619,7975,11668,6815,10032,5972,15020,6111,6154,7050,5106,9891,7518,6252,5729,10543,7076,3959,4725,7817,6079,5686,7503,8875,7864,12710
TG 58:3,3068,3462,3584,2183,3288,3651,2065,2341,3293,2229,2478,2820,1529,2652,2210,3636,2167,3826,3133,2766,2027,3051,3312,2236,2981,2342,3179,1684,6107,2469,2707,2508,2769,3618,2263,2676,1611,4236,2929,2209,1899,2535,2473,2323,3029,5055,2099,7045
TG 58:4,1779,2066,1753,1822,2237,1468,1981,1897,2195,1623,1327,1867,1763,1346,1647,2643,2249,1790,1738,1745,1763,1772,1545,1645,1341,1893,1887,1712,2134,1457,1810,1764,1481,2759,2233,1815,1482,1980,2028,1595,1528,1610,1932,1911,1982,4518,1753,3119
TG 58:8,1243,2289,2909,2210,2999,1129,1261,1219,1346,509,2810,2601,810,2218,1171,820,1085,373,3065,689,1202,1079,309,1985,642,3491,1385,724,1836,2763,1330,2609,965,3576,1694,686,1836,2172,1025,647,967,1999,1477,1606,2055,1903,1034,2041
TG 58:9,932,1717,1407,1257,2045,597,866,861,1267,338,1777,1931,781,1272,592,684,624,548,1475,754,813,638,723,1316,391,2057,1484,676,1697,1129,1053,1633,495,2902,1141,534,2061,1897,911,654,1124,984,1299,1383,1614,810,533,1213
TG 60:1,3493,4766,6150,3166,3940,3462,4068,2535,4734,3393,4490,3516,2445,3834,3870,5506,3638,5466,3149,4100,4034,4750,3617,3665,7074,4244,3453,2839,6010,2632,3788,4024,3774,3743,3284,3397,3599,4028,2441,2755,2783,3217,3724,3296,2365,3661,3843,3119
TG 60:2,5206,6598,7503,4669,6261,3523,4242,4278,6477,4846,3664,5762,2770,4057,5320,6508,4138,5817,4836,4614,4407,6149,6292,5088,6733,4986,5503,4062,7680,3859,3603,4020,5172,5869,4458,4707,3594,7389,4582,3439,3697,4693,4109,4341,4532,3737,6173,5888
TG 60:3,4336,4572,5099,4077,4839,3748,3741,3440,4324,3519,3551,3889,3266,3687,4307,5477,2953,3784,3907,4066,4058,4318,4621,4001,4504,3621,4799,3748,5663,2827,3185,3007,3545,5541,4433,2867,2962,4724,3811,2711,2861,3803,3510,3229,3407,3878,3496,4292
TG 64:2,3354,5280,6298,3249,4726,2818,3466,2698,4533,4763,2140,3836,2408,3671,3707,4651,3416,5282,3454,3723,4018,5183,5866,4138,4902,3885,4625,3195,9718,2949,3446,3396,3739,4778,3249,2970,2595,4803,3883,1945,2836,4566,2867,3358,4219,4134,4622,5984
TG 64:3,1531,1509,1550,859,1474,1235,1368,737,1030,1541,705,1283,855,1203,1489,2131,1593,2035,1337,1197,828,1451,1092,1308,1200,879,1057,1664,1062,1313,1327,1090,1706,925,957,1088,1261,1398,1663,1205,1019,1200,1461,1658,1475,1670,1044,1231
trihydroxyoctadec-15-enoic acid,725,474,643,1106,716,1218,1440,929,1214,463,635,764,1248,527,762,1061,1161,735,1745,1633,816,550,1594,1136,1364,974,1369,814,849,1517,949,1252,725,651,803,829,763,1148,1363,1094,1105,1464,795,1007,1250,1233,1260,1130