Label,758166,758171,758173,758174,758175,758176,758177,758178,758179,758180,758192,758201,761138,761140,761141,761143,761152,761153,761166,761167,761169,761170,761175,772616,772617,772618,772619,772625,772626,772627,772628,772633,772634,772635,772637,772638,772641,772642,772643,772644,772646,772649,772651,772652,772653,772655,772657,772658
#CLASS,129,185,323,315,332,311,330,340,321,336,177,179,114,218,233,250,286,263,273,261,287,258,92,292,270,269,117,277,267,283,295,122,104,120,151,297,147,155,162,149,304,139,196,138,197,190,326,300
"1,2-Dioleoyl-sn-glycero-3-phospho-(1'-myo-inositol)",1952,2121,2623,2536,2115,1501,1747,1787,2131,2060,1472,2517,1833,1504,1794,1531,2048,1237,1292,1442,1859,1145,1815,1199,2511,1531,1793,1495,1926,1887,2672,2006,1535,1655,2517,1280,1553,1305,1875,2145,1996,2911,1446,1709,1130,1759,1423,1751
13-HODE,20824,17423,7756,9386,14010,31579,10046,25053,15495,3866,6418,10338,8071,9210,7187,8158,3738,4667,29375,11127,5027,44848,6363,12321,4508,6986,9771,9615,7703,5950,12145,8991,18929,17313,11858,35702,11508,12832,10684,6291,4825,4478,6957,12222,14519,6570,57553,38376
"16,16-dimethylprostaglandin A1",54,381,57,71,503,52,133,98,26,156,35,52,51,49,57,13,90,36,32,60,29,60,137,36,83,235,62,75,47,101,56,287,74,55,47,51,52,29,365,40,49,47,49,35,95,37,95,47
4-HDoHE,1773,960,609,628,496,3189,626,1657,1014,621,677,525,862,825,416,828,292,539,6416,1052,474,5882,440,836,566,578,959,1039,342,520,855,736,991,2198,829,2419,1097,666,1026,887,783,807,589,860,1143,775,1977,1537
4-methyl-2-oxopentanoic acid,4850,2062,6748,3173,29142,2383,4217,4038,5827,3452,4436,3587,3583,2817,2508,1504,2538,3943,3742,7047,2465,3208,4071,2485,3616,3827,2626,2631,2096,1758,2678,2706,4260,2627,3165,3065,2219,2182,1946,2790,2543,2144,1730,2823,2776,2907,2814,4617
5-HETE,12785,12631,2941,5727,1735,18099,7238,4408,3463,2132,5346,1626,3018,5799,2650,6318,920,2821,29501,2233,1775,33184,2855,7232,816,2955,3594,7989,1809,1566,2734,4185,10082,9714,2849,17534,6508,6495,9391,4044,2539,2029,3408,1858,7674,8647,12554,20151
"8,15-DiHETE",1860,2258,928,1630,931,4724,1798,1757,1240,594,2117,1222,1378,1726,1382,1784,973,802,5879,1097,866,5384,1353,1994,850,1282,1332,2173,1142,1017,1375,1596,2815,1883,1185,3873,1796,1689,1976,1164,1073,1201,1259,1101,2697,1727,2896,5108
acylcarnitine 08:0,701,1575,1916,864,1540,963,950,1337,1734,567,1655,3292,1110,1514,2118,1330,2074,1428,1197,1443,1352,446,1152,1308,1532,1675,883,1055,2239,1686,4341,1364,1645,672,4362,1289,1471,1259,1401,1399,1517,1075,1684,2728,1675,2362,1378,1764
acylcarnitine 08:1,1225,1356,3460,1685,1960,1101,1046,2093,2264,1227,1019,2195,995,1566,1059,666,1719,2048,1476,968,823,1224,1938,1724,1499,1562,2264,1113,1893,1401,3346,1291,2360,910,2609,2737,1988,1432,1490,2421,1756,1190,1341,3594,1163,1806,2391,2567
acylcarnitine 10:0,845,1391,3230,2738,1555,1179,3323,2129,3212,2051,3398,5593,800,4109,4216,2586,1795,1955,1539,3768,5358,4023,1762,2831,2287,3037,1702,1996,3490,3742,12917,1796,2072,1042,11443,2545,1944,1553,1291,3368,2673,913,3381,4355,2038,4326,2371,2733
acylcarnitine 10:1,702,1504,2784,1663,1757,982,1366,1519,2978,1421,1961,3358,1225,2382,2216,1569,1540,1545,1895,1137,2276,2763,1443,1522,1776,1382,1272,732,2071,2137,4185,1131,1996,919,5268,1497,1997,1163,1571,1788,1415,830,1723,2467,1558,1661,1695,2242
acylcarnitine 12:1,542,1329,868,958,1341,1206,559,973,101,1212,714,1306,1006,937,815,1270,1060,954,1111,419,1799,280,1165,656,1044,1093,658,1318,1063,376,705,815,811,493,716,1041,856,950,825,764,1241,644,907,633,978,565,624,643
acylcarnitine 14:1,1631,1448,2560,2427,1717,1534,1576,2432,3567,1769,1947,3454,894,1867,2763,2183,1961,1480,1743,2543,2605,4343,1249,2331,1490,1543,1558,1435,2323,2091,5397,1875,1986,1255,4374,1743,1508,2039,1655,2191,1608,1092,2033,3146,1781,3778,1784,3517
acylcarnitine 16:0,63797,102700,122114,75112,107840,87658,35565,104981,86761,39511,77927,134939,44816,63141,80805,62230,87821,47297,58659,133900,87301,73914,86978,97324,103003,72046,86268,104707,107533,91446,176085,109854,79603,47460,81617,171568,56225,64776,100310,94763,93227,62166,43515,83216,166701,92975,105961,91437
acylcarnitine 18:0 Isomer A,41198,88152,84124,53396,131215,53758,31051,58713,48888,32409,81511,94570,29534,69239,56133,54532,68823,44511,55513,85928,60640,45504,64061,57996,65879,64658,103827,79452,62260,65523,117151,103008,53746,31850,44982,163671,40680,45025,62255,100100,83066,30845,28237,65735,103003,64403,91514,68278
acylcarnitine 18:1,82958,76405,103168,81799,129999,65707,60786,95386,91235,33638,76215,130492,33252,61106,63998,45937,79074,55642,65224,134428,111906,72970,76255,92857,72474,78519,92580,61628,92584,129781,274322,107136,81950,49774,92930,135593,71905,75333,64419,95112,98812,56472,40158,112174,148561,121900,105050,110713
acylcarnitine 18:2 Isomer A,31128,33357,58097,38649,45982,19998,24734,39059,35301,17815,14019,24699,8485,18956,22342,14538,12764,16579,19150,42182,24661,28465,24074,23034,21984,24731,25657,19526,30754,39662,53531,32308,29157,13161,29472,37715,21681,26670,20184,28532,18113,14998,14613,35437,34216,46814,35826,42793
acylcarnitine 20:1,3133,4032,3462,4827,7144,3165,2257,3857,3787,1694,3315,5681,1939,3639,2784,2670,4171,2858,2843,4621,3191,3363,4244,3314,3883,3847,4343,2521,3994,4811,9855,5030,5517,2863,3644,6652,3161,3523,3466,5598,4264,3003,2013,4713,5956,4955,6170,4922
C16 Lactosyl Ceramide (d18:1/16:0),15861,24004,22729,27196,19508,20508,19965,23920,18923,11071,18909,22739,19132,21005,19807,14903,21996,9784,16167,15291,17117,15316,18192,23465,19095,23951,23256,20788,24301,22325,34316,17627,25342,20277,29271,17814,20011,20648,22102,18376,22354,35450,15325,24010,23847,24284,21184,35967
CE 18:1,3473,2732,3713,7149,5732,2460,1971,2898,5315,3166,3935,6671,4150,4343,2983,1518,4226,1876,1634,3798,5701,1598,3907,2531,5262,3349,3611,3867,5113,3375,8506,3884,2561,2963,6140,2253,4860,3947,5572,5609,5413,7244,3351,4674,3733,2168,4510,4613
CE 18:2,2190,1960,6450,10694,8206,2752,2632,4287,7162,4069,3240,6561,4150,4418,2824,1468,5915,1925,1768,4283,6986,2104,4224,1714,6799,3259,3262,3152,4940,3596,7046,4795,3126,3031,5695,2231,6777,2515,4697,9480,6749,7094,2668,4842,2158,2112,2770,4900
CE_13-HODE,8789,7954,12547,14417,14726,6955,6940,10231,12325,8780,6316,12017,9618,8684,8573,4994,8715,5418,3533,10634,10324,3909,7774,5148,12073,8684,5840,9128,12177,10758,10227,8444,9285,7859,12995,7145,11251,6309,8573,15946,9777,11077,10167,9014,7198,6348,9219,10087
Cer 18:0;2O/24:0,12244,20638,12694,10711,13619,19885,9084,15477,12399,7737,10014,14867,11740,8912,8928,12663,12671,16818,9370,9536,10179,9833,10876,11515,12264,15335,14377,9847,10437,12001,14187,14813,13492,11308,12740,14481,14046,9602,10367,13079,11652,17799,7825,8637,14916,8236,15738,18795
Cer 18:0;2O/24:1,850,1131,977,1320,1159,1066,1056,1346,981,613,604,1317,842,878,898,381,1039,1004,887,493,827,413,915,1145,1014,884,1093,915,1007,879,1587,898,1162,1063,1205,1094,1268,953,1238,1085,960,935,610,1059,948,812,1502,1571
Cer 18:0;3O/16:0;(2OH),1992,1925,1094,1175,1539,1424,1739,1049,1230,1219,1595,1393,953,1552,1124,1158,1840,1077,1247,1620,1041,1748,1572,1652,1281,1266,1228,1396,1242,1006,1583,1829,1398,1739,1490,1374,1842,1766,1192,1714,1553,1174,1109,1186,1452,1506,1902,2398
Cer 18:0;3O/24:0;(2OH),1270,1412,2208,1783,1193,2126,1207,1262,1170,1482,1267,1182,1452,1235,1346,1370,1738,1219,1140,1797,1144,1511,1655,1212,1828,1235,1617,1523,1163,1160,1306,1741,1114,1296,1412,1202,1019,1303,1131,1545,1201,924,1674,1012,1608,1199,1482,2187
Cer 18:1;2O_26:0;(2OH),747,2016,1844,1471,2928,1167,611,1751,1891,497,1015,1835,1695,602,1470,603,712,808,755,755,1113,593,985,1173,1080,991,1343,882,1188,1288,2282,1299,758,835,1471,1089,878,922,1126,931,2328,1973,1240,1043,2106,492,953,1828
Cer 18:1;2O/24:2,18705,40889,26665,36579,25563,37982,26464,28471,17071,16656,24719,39677,22124,20118,27883,19359,29023,20649,60991,10279,23608,24662,25157,39031,34549,29431,23759,21843,33824,26585,53929,18804,42530,30533,48752,25496,24553,28436,36700,28313,24553,19908,19308,23126,41431,29359,42756,51810
Cer 18:1;2O/26:0,6511,6588,5864,6731,5361,6997,4528,6171,5265,3900,5024,6614,4710,4564,5553,5555,5411,6194,7798,5172,6231,5364,6539,5693,5329,6705,7247,5913,5770,4612,8147,5094,6397,5783,9329,7104,5735,5777,4611,5467,5661,4436,4320,5439,5518,5011,7239,9704
Cer 18:2;2O/22:0,4537,10612,5110,9449,6394,11705,5003,7734,5200,3717,7929,10798,6287,5867,8331,5339,10490,6914,17737,3872,7005,8613,8010,7686,7268,8081,8100,9573,9024,6625,9947,7056,11612,8078,8770,8787,5023,8100,12122,7128,7269,6461,4456,6979,10762,7850,8752,13598
Cer 18:2;2O/23:0,2167,4465,2910,4721,2933,3549,3102,3959,2559,2701,3248,4182,3444,2770,3925,2844,4725,3560,6209,2228,3528,2910,3155,3853,3369,3144,3315,4746,4233,3397,5290,3261,4660,3511,4268,3914,3029,3929,5213,3582,4449,3042,3261,3854,5600,3398,4458,6225
Cer 18:2;2O/24:1,2870,4682,4494,4771,4065,4334,3346,4729,2634,3070,3853,4972,3228,3546,3557,2741,4684,3404,4126,2202,3650,3021,3699,3142,4533,4677,3917,3588,4164,4079,7712,3141,4026,3998,5794,3467,3882,4454,4607,4065,3274,2862,2938,3612,5055,3110,6134,6873
Cer 20:0;2O/24:0,3368,3466,2939,1752,3119,2925,2376,2927,3352,2231,2132,2116,2418,2214,2257,3022,2173,3330,2353,2030,2470,2436,2649,2443,2147,2640,2796,1836,2510,2440,2262,3567,2390,2226,1829,3214,2704,2163,2047,2000,1993,3045,2455,1972,2401,2244,3026,3433
Cer 20:0;2O/25:0,1758,1412,1295,1226,1191,1895,1481,977,1271,1510,1189,1804,1107,1458,1144,1373,1149,1153,1309,954,1132,1078,1248,1383,1396,1353,871,947,875,1211,961,1295,1193,809,1069,1374,1498,1436,1047,878,942,1081,1701,753,1289,1357,1600,1406
Cer 20:0;2O/26:0,1936,1547,1313,1377,1289,1518,1585,1636,1110,1682,1749,1408,1092,1372,1428,1437,1163,1456,1327,1062,1609,1791,1874,1257,1464,1689,1202,1213,1255,976,1335,1245,868,1292,1124,1580,1686,1843,745,1458,1341,1475,1420,1187,1601,1129,1532,1709
Cer 20:0;3O/24:0;(2OH),1928,855,1188,1151,1503,1537,1184,1116,949,1364,1286,1092,1022,1165,1250,1332,1402,1054,1197,1347,1744,1208,1970,1304,1914,1290,1150,1428,1196,1243,1133,1257,868,1543,1151,1982,1241,1376,1081,1028,1101,1290,1622,1201,1148,1374,1421,1232
Cer 22:0;2O/26:0,1823,1141,1920,1273,1230,1419,1288,1536,1575,1193,1130,1328,1117,929,1209,1249,1503,794,1546,1340,1399,1374,1459,1074,1349,1374,729,1535,1294,1123,1322,992,691,785,950,1277,1284,1163,796,813,967,1172,993,1069,1186,1057,1411,1355
Cer 58:11;2O,3321,4929,3545,5524,7097,3039,1407,11855,9043,2919,3118,7888,6535,2130,4661,3336,8590,6133,2018,6452,4524,1621,6296,2510,6021,6235,7658,4665,9485,3946,7261,8320,2554,1996,4942,2415,3219,3241,6396,2543,4768,11985,6211,2990,8049,2140,4019,3247
Cer d32:1,4512,5266,1898,3665,2144,7111,2259,3334,3112,1699,3277,3529,2348,3610,2278,3280,2366,2668,8440,2560,2838,6154,3102,2854,2430,2424,3914,8857,2405,2414,2645,3675,4090,4051,2463,5160,3445,3754,5728,2344,3408,2966,2850,2571,4268,3174,5310,5404
Cer d33:1,1933,2484,1345,2270,1643,3008,1409,2302,1418,1234,1571,1487,1290,1817,1470,2128,1384,1208,3817,1416,1890,2392,1914,1908,1558,1691,1497,4437,1886,1442,1728,2403,2003,1386,1306,2116,1264,1577,2493,1304,1799,1777,1473,1232,2085,1786,2783,3053
Cer d34:0,3608,3831,3520,4445,4427,6593,3431,3583,3237,3249,3758,4132,2911,3179,3204,3159,3548,3613,5299,3479,3987,3126,3081,3641,3322,3034,4026,3748,3573,2542,4738,3100,3734,3002,3360,4162,3616,3266,3601,4329,4110,3400,3317,2804,4263,4106,5147,4535
Cer d34:1,46080,53620,26416,47911,35510,63871,28413,30275,25349,15574,40305,35506,27338,32386,30403,23607,31261,24290,83346,23858,26680,45733,29994,39954,32176,28707,36142,76846,31908,25588,50991,34906,49774,40300,36839,56430,30589,33538,53372,35365,37941,32277,19473,32039,43268,40975,78561,61708
Cer d34:2,2934,3824,1413,3090,1993,7667,2004,2230,1705,1106,2598,2302,1755,2525,1881,1624,1839,1990,10280,1013,1819,5216,2250,3044,1953,1633,2701,5138,2059,1811,2652,2505,4173,3462,2000,5051,2424,3152,3784,2193,1983,1997,1503,2242,3875,2867,4968,5085
Cer d34:2 Isomer A,3048,3268,1734,1892,2561,2619,2271,1603,2091,2212,2091,1873,2300,2861,1873,1607,1872,1492,2235,1327,2451,2724,2295,2415,2382,1263,1984,2821,1921,1568,2863,2134,2390,2065,2333,2426,2089,2357,2142,2227,1891,1566,1339,1964,2247,2467,2255,3110
Cer d34:2 Isomer B,2480,3115,987,1374,1264,6274,1523,2357,1363,1056,2129,1192,1394,1745,1514,1606,1438,1531,10767,781,1120,5127,1859,2508,1412,1705,2127,3176,982,1509,1816,1690,3508,2674,1765,3792,1519,2390,3121,1565,1220,1412,1334,1547,2592,1983,4139,3378
Cer d36:1,8239,15360,11479,14042,14517,14883,8517,9634,8090,7536,13851,14788,10646,9669,8756,7153,10948,9789,12266,8271,10486,8756,8369,10737,13613,10694,11134,16548,12247,9341,18275,9212,15835,9149,15315,15245,8651,12828,14272,11082,14522,11181,6992,9455,16086,10617,17412,18094
Cer d36:2,196,397,316,465,322,773,289,174,213,110,400,288,261,172,286,170,334,200,706,132,302,315,353,284,307,286,223,562,234,210,372,207,522,221,435,493,231,292,470,316,297,145,268,146,695,362,615,911
Cer d38:1,6188,9694,6221,9952,8901,8361,6906,7671,5836,4788,7608,9130,7595,5946,5184,4802,7677,6667,7384,5265,7230,5466,5764,5898,7431,8336,8457,9847,8308,6858,11910,7499,8222,7012,9087,10129,6395,6961,11416,7039,8422,6952,4504,6057,9428,5357,10093,14398
Cer d39:1,2172,3163,2280,2713,2453,3377,1592,2546,1831,1723,2196,2958,2017,1899,2100,2716,2582,2160,2738,2070,2143,1992,2052,1882,2258,2565,2730,3275,3439,2068,3037,2552,3629,2156,2681,2651,2098,2828,3692,2141,2248,1787,2076,2208,2851,2095,2973,3719
Cer d40:0,4156,7385,3929,4291,7273,6754,4114,6190,4274,2764,3413,6241,5024,3176,3606,3509,4455,6060,2733,3596,4302,2716,3815,3769,5037,6014,7457,3819,4688,4822,8128,6486,5827,4096,5534,6081,6466,3947,4645,5082,5042,7741,2859,3254,6525,2662,7281,7923
Cer d40:1,21977,35981,24419,32547,29521,35673,20129,29409,19503,15636,24238,31242,22860,21461,21577,18109,26168,27211,26842,22412,25337,18875,22144,23583,29731,29335,29481,33827,29107,24254,43177,28642,33350,25745,36179,33573,26508,27386,44063,27255,33492,26714,15265,24159,32852,21536,38784,52050
Cer d40:2,1980,3218,1850,3200,2976,2972,2186,3115,1833,1739,2616,2895,1746,2211,2200,1867,3080,2458,3440,1664,2794,2082,2470,2196,2603,2186,3026,3026,3049,2592,4344,2519,3143,2428,3029,2986,1945,2948,4037,2699,2275,2018,1653,2339,3755,2632,3586,5488
Cer d41:1,9123,18438,13189,23508,19735,15227,9385,19494,15323,8797,9088,16602,14039,13050,9443,10234,15946,11407,9746,13990,16396,7794,12594,8265,18670,12326,17011,20326,19652,12548,21750,16411,14284,12129,23861,14888,16479,15229,21022,14595,19830,14624,10457,16084,17079,8060,20145,31080
Cer d41:2,862,1529,954,1651,1350,1570,1203,1764,1271,877,893,1148,921,1128,1131,695,1315,985,1409,1141,1208,1132,811,1170,1213,898,1016,1332,1150,1225,1534,1042,1442,821,1519,973,1020,1248,1539,981,1100,1172,964,1315,1480,740,1686,2352
Cer d42:0,9280,15026,8463,8786,14208,12462,6129,15136,10463,4990,6154,11036,8508,6313,5661,6448,8990,11572,5669,5953,8248,4516,7392,8743,8723,9926,12892,7104,9141,9870,13397,11748,8939,7479,10311,10212,10519,8150,7538,8796,8389,13501,6105,6002,11517,5538,12827,14007
Cer d42:1,56997,89457,61103,79489,81242,72669,47563,77447,54085,32969,49180,82119,49202,53038,45788,43338,56290,60674,63091,48914,62505,36512,56838,53894,68243,60304,76802,76936,73485,56541,104402,67209,65837,64254,98289,74211,63126,67496,75804,62815,75326,65045,32089,57845,78039,41241,100569,135017
Cer d42:2 Isomer A,69509,119307,73124,103140,84290,100626,91866,99325,59392,41412,70136,107570,58207,70759,74487,39384,90856,70832,101163,38445,82124,49944,73002,106095,101825,72376,80912,67122,91757,94699,191680,59740,112305,92944,149866,87429,91731,84910,104347,85906,94817,77901,51579,69886,123178,67870,154743,171699
Cer d42:3,3485,6562,4779,6147,6126,5570,4838,6022,3209,2596,4013,5641,2872,3968,3409,2775,4532,2960,5363,1731,4455,2839,3960,5189,5481,4094,3756,3129,5534,4474,11330,3240,5128,4347,8466,3919,4366,4503,5044,4227,3641,3228,2503,3730,6794,4221,8485,11101
Cer d43:1,2911,4531,3130,4618,4437,3448,2689,4741,3934,2929,2663,4209,3070,3266,3164,2925,3984,2644,3207,3213,3615,2677,3407,2935,3691,3038,4041,3810,3654,3291,4288,3233,2927,3310,4326,3353,4070,3781,3878,3495,3514,3072,2325,3397,3485,2272,4345,5519
Cer d43:2,1012,871,770,705,802,1031,782,844,687,781,1093,1051,709,814,948,821,829,741,1065,722,826,606,781,731,430,758,804,521,459,421,834,1054,893,389,934,736,934,874,861,819,629,898,615,884,620,581,764,1117
Cer d44:1,5326,6408,5699,7445,6762,5301,4729,6744,6352,4079,4438,5963,4100,4485,4011,4343,4355,4507,5014,4954,5782,4044,5844,4957,7420,4838,5286,5341,5719,5102,8750,5142,4912,5377,8047,5726,4817,6149,5357,4984,6813,5422,3243,5536,5277,4275,7709,9342
Cer d44:2,1390,1010,943,1065,870,1276,854,750,880,1160,1471,1331,1176,1031,1098,1031,1390,1263,1071,958,1122,1080,1000,971,996,845,1341,959,898,809,1293,826,939,1026,1235,1119,1009,869,375,926,701,1049,1121,793,1163,1112,907,1162
Cer d46:1,1597,986,1578,1223,1365,1348,1100,1122,710,1264,980,1052,930,1036,1385,1264,1151,834,1238,883,1263,1286,1208,1051,932,1176,1111,1274,1015,1185,1119,663,1422,1250,1319,1328,1209,1225,772,1775,925,898,970,919,1185,890,1467,1158
Cer d46:2,863,621,395,474,545,839,518,609,289,609,592,510,371,530,625,385,338,351,1069,343,610,533,571,483,736,461,338,551,504,419,377,480,453,607,872,557,736,565,232,420,640,1019,714,354,458,388,571,716
Cer-NDS d39:0,994,1040,738,787,947,963,821,677,717,879,701,1011,751,732,693,774,1060,912,534,948,790,1088,1073,611,929,891,985,775,1199,629,1084,710,899,319,809,858,963,989,1127,609,653,835,599,733,804,749,972,1184
Cer-NDS d40:0,8353,11649,6649,7605,9331,11073,6061,9735,7130,4941,6892,9414,8547,4650,6429,6826,7942,12179,5984,6140,6527,5496,7788,6496,8267,8748,10835,5819,7091,7023,10051,9782,8473,6450,7142,9379,9158,6264,7326,7401,8125,11173,5332,4530,10500,4788,10149,11912
Cer-NDS d41:0,2583,3494,2955,2271,3121,4023,2626,3640,2429,2314,2405,2997,2358,3286,3047,3494,2972,3242,2602,2311,2695,2831,3073,2947,2912,2238,3729,2698,2267,2612,3352,3269,3112,3035,2395,3999,3075,3323,2399,3040,2592,2803,2447,2258,3123,2000,3851,4103
Cer-NDS d43:0,2769,3231,3042,2285,1864,2877,2626,2661,1985,2074,2493,2611,1996,2204,1575,2452,2300,2241,2898,1883,2009,2063,2067,2044,2049,2090,2083,1718,2471,2225,1859,1797,2471,1413,2596,2668,2243,1948,1880,2049,1863,1967,2176,1455,2702,1675,2375,2990
Cer-NP t42:0,997,812,754,1066,1385,776,639,937,941,675,565,1018,560,656,643,699,1006,780,407,928,1019,383,930,332,1018,844,853,721,972,769,1524,941,908,654,1413,746,964,1115,893,1068,988,1207,592,758,937,570,1055,1382
Cholesterol,29473,30956,26771,25866,30420,29049,26652,27821,31488,25403,26436,34714,34268,30565,29815,31095,30809,29729,27540,28191,31714,29873,30185,25655,29643,30097,31700,34472,37706,29224,40183,31616,34262,33549,32039,29490,37831,32351,31912,35684,28061,32288,29658,31628,30454,27668,29643,29995
cholesterol 3-sulfate,14307,10781,9865,14351,9504,11668,8567,9082,11531,10964,9887,11177,8659,11511,6505,7129,9812,8015,5926,10604,11319,10034,16044,7140,12050,10883,8692,10520,10227,9632,11450,9844,11300,8786,7953,9762,9380,7371,8229,13724,10418,12097,6444,9069,14255,7430,9739,16942
cis-13-docosenoic acid,595,858,1275,772,1105,710,903,949,1048,949,870,1185,1019,610,1281,336,516,716,675,852,963,1098,837,709,731,866,768,773,631,716,1142,762,667,560,503,695,862,876,549,493,603,445,1146,928,926,701,1058,1382
DG 18:1_18:2,1038,1211,958,951,3069,753,317,2237,3469,809,789,860,771,420,807,603,1292,1020,549,1187,882,369,1524,717,744,1304,1040,693,1496,1596,1079,1299,462,821,715,578,611,1110,839,480,849,790,481,664,981,328,731,810
DG 34:1,688,1050,401,883,1106,877,311,1568,1040,268,966,852,958,416,785,790,851,1039,1036,1003,705,444,1215,479,737,1296,1007,1221,1215,824,900,1497,323,461,828,245,587,568,786,654,687,745,601,709,855,810,720,646
docosanamide,401,319,673,378,365,355,336,377,500,97,342,587,590,348,144,89,362,382,186,424,440,486,213,372,744,285,453,342,433,558,354,582,116,502,347,241,438,278,346,168,608,263,268,403,329,429,445,399
FA 14:0 (myristic acid),21601,20715,17793,15002,19263,19000,16621,40429,21790,19372,14787,20892,24684,13397,17146,19342,15456,21690,16115,27856,20992,17937,22264,16941,23232,20090,18948,20356,15381,11622,30558,22580,20086,14021,19296,17403,14822,15697,14448,16223,16875,15948,21580,12218,20420,15588,33820,31030
FA 14:1 (physeteric acid),1375,2059,2684,2033,3647,1811,2135,6822,3136,2022,2044,2248,2169,2130,1726,937,725,3196,929,4570,2430,1753,2976,827,2150,2563,1582,1144,912,683,5748,1262,1607,430,1943,1018,988,999,880,2165,895,1190,2856,1150,2218,1098,1641,6500
FA 15:0 (pentadecylic acid),18893,17711,15400,14763,16021,14573,13669,25201,15191,13364,14735,13351,14164,13408,15492,13583,13249,11774,12942,16228,17533,14950,13226,11827,16337,12143,11771,15138,11938,11006,18938,11182,12503,9934,14992,14428,12547,10761,9411,13482,12054,9751,13161,11314,14614,11763,17447,24011
FA 15:1,2227,1322,2347,2010,3293,1894,2167,6411,2303,2258,2921,1105,2002,2218,1522,988,1077,2799,847,3575,2162,1963,2740,890,2043,1075,1226,1017,798,693,3173,1033,1598,950,1292,1307,943,1368,500,1719,973,958,2330,1186,1331,995,1374,3754
FA 16:1 (palmitoleic acid),25407,25825,31443,23917,55572,21849,24059,92455,29654,22229,16712,24453,22238,21497,23179,16615,14184,23741,16900,37808,30516,22159,21438,18613,20529,17563,13952,11905,14601,12851,60743,16187,17429,13669,21684,15095,18287,14177,19779,18261,14868,15868,27399,17416,30617,13525,17258,68638
FA 17:0 (margaric acid),20359,25857,20231,21184,23751,25779,18907,24329,17397,16639,25232,25470,21219,19470,22875,18643,19879,18395,25699,22853,25537,20674,22148,21872,20883,20362,22028,23299,22764,16046,26288,21335,20642,14345,24731,22033,21375,19692,18941,19564,22662,15976,16507,19529,23189,19812,24564,32638
FA 18:1 (oleic acid),342334,692329,221416,342033,310384,303661,283878,1087810,287225,176767,203515,497257,269994,233350,273283,232294,184278,222777,296815,346623,264913,299552,295275,253339,213346,406134,259883,242609,378635,244797,632314,336969,295797,272845,506112,269915,265388,322145,220403,275365,257858,191036,282699,382871,544129,252164,535476,493620
FA 18:2 (linoleic acid),135314,174198,138107,173088,123706,204148,136119,203963,194320,82460,46408,108031,72163,86125,80757,71376,31196,38286,213616,88413,51909,218383,62359,77381,59403,94566,71770,73372,71807,59631,141209,79442,150435,125374,146728,142844,93254,140684,90174,84526,59087,41258,81671,92310,146674,91981,252588,245555
FA 18:3 (linolenic acid),5265,5365,4883,9887,6695,5739,5081,10968,15829,5348,1411,4391,3321,2053,4189,2942,1668,2508,5167,2824,2653,6573,4181,2996,2966,4108,4018,4179,2634,3980,6090,5323,5164,5074,6604,4388,3642,5622,4019,3579,2380,1949,4871,4472,8334,4026,10342,12712
FA 19:1,1862,2249,1643,1702,2518,1732,1640,3009,1568,1305,1065,1627,1492,1578,1627,1390,1200,1483,1677,1988,2061,1639,1634,1295,1363,1781,1283,1528,1502,1130,2478,1442,1535,1223,1743,1568,1490,1264,1571,1400,1300,1147,1768,1809,2113,1326,1953,2841
FA 20:2 (eicosadienoic acid),2353,2643,2274,2484,4008,3132,2244,2089,1544,1852,1235,2301,1380,1674,1854,1695,1103,1078,4143,1916,2222,1554,1763,1805,1115,1277,1594,1829,2073,1273,1800,1251,2520,795,2570,2121,1416,1804,904,1799,1650,1283,1824,1587,2377,1680,2611,3311
FA 20:3 (homo-gamma-linolenic acid),5572,5649,3516,6943,1801,10574,3712,3187,2335,1553,2724,3005,2632,4103,2805,3605,1007,1251,17872,1918,1957,11742,1745,3692,1332,2182,2436,3381,1693,1592,2037,2808,4888,3585,2285,6134,3576,4019,8383,2057,1952,2088,2319,1669,7069,2436,5696,8514
FA 20:4 (arachidonic acid),58813,60635,24337,34489,9445,105143,40280,18878,16734,12019,16416,10568,18180,25746,18599,26261,3531,7575,182844,14358,14618,162191,12331,24431,9221,18947,14799,36070,8720,7956,16803,22822,55234,39449,12088,58865,31001,30409,48128,18464,17119,12348,21668,11022,57169,41174,47722,72734
FA 20:5 (eicosapentaenoic acid),2765,2217,1451,1825,515,3085,1470,3534,4025,1119,728,1308,1469,1119,963,1511,297,834,6045,2546,1425,4217,1665,1421,1880,931,2983,2305,292,1239,1523,2179,2179,4851,770,2186,3201,1710,3196,1955,2546,492,1638,1206,3262,1043,1273,1959
FA 22:0 (behenic acid),15912,19852,14434,12675,14860,15169,13669,14858,15256,14420,11903,12469,11148,12157,12799,11699,11468,12026,11111,14391,16402,13583,14232,11303,10626,14550,12444,11980,10487,10731,14929,11669,10581,11417,12377,13574,11951,14064,9840,10449,11221,11132,14249,12248,13463,11685,16660,22276
FA 22:1 (erucic acid),2816,3779,2612,3511,3302,3164,2481,8883,2852,1955,2641,2435,3531,2415,2597,2242,2392,3116,2697,4473,3194,2689,3779,2946,3556,3246,3014,2737,4411,2459,4256,2629,2648,5919,3240,2455,3053,2967,2905,2501,2443,3948,2711,2896,2837,2093,2790,4556
FA 22:2 (docosadienoic acid),798,762,722,885,1206,529,655,543,874,678,567,473,1099,768,749,588,568,565,666,494,891,781,490,590,591,440,468,675,475,426,790,610,724,591,628,783,539,630,760,911,460,607,722,501,503,703,603,1040
FA 22:4,5401,5824,2959,4234,1668,9133,4411,2908,1785,1572,1926,1927,1961,2439,2751,2851,769,1460,16960,1615,1650,12630,1113,3334,1644,2048,1862,3646,1519,1331,2683,2576,4538,2380,1705,4816,2800,2913,4378,1967,1743,1493,2809,1531,6443,3927,5449,7743
FA 22:6 (docosahexaenoic acid),5350,2589,2486,2881,858,8929,2829,4928,3357,2026,1522,920,2423,2012,1637,2038,242,1281,26276,3767,3013,18308,2197,2393,1653,1435,1982,3289,899,1757,2066,2288,4120,6717,2294,4592,3827,2838,3257,2766,2880,1511,2681,1563,6198,2624,4575,3729
FA 23:0,7304,5259,5131,5341,5359,5861,5292,5164,6002,5024,5104,5109,4564,4742,4865,4949,4903,3539,4116,5097,6266,5083,5723,4563,4952,4577,4861,4211,4317,3636,6110,4897,4251,4808,4645,5221,5291,4762,3407,4836,4670,4454,4775,4254,5190,4760,6514,7907
FA 24:1 (nervonic acid),1941,1667,1408,1653,1363,1913,1325,2188,1711,1288,1264,1673,1388,1612,1692,1230,1491,1301,1230,1202,1534,1953,1824,1478,1447,1542,1751,1507,1986,1942,2460,1655,1715,1988,1925,1547,1891,1495,1800,1624,1355,1315,1639,1898,1737,1771,1905,2471
FA 28:0 (montanic acid),6183,4498,5817,5137,6291,6402,6142,5081,6484,5910,4490,4645,4004,4305,5064,4434,4146,3336,4299,4590,6679,5075,5389,3744,4482,4903,4088,4622,4244,4312,6674,4716,3634,3861,4828,4039,4649,4635,3796,4143,4021,4339,6099,4502,5872,4176,5701,8940
FA 30:0,4259,3054,4012,3699,5332,4713,4939,4233,5640,5232,3699,3595,3256,3559,3173,2639,3243,2567,2370,3933,5216,3011,4010,2808,3012,3222,3096,3840,3523,3001,4655,3229,2824,3094,4163,3610,3349,3734,3326,2481,2656,3582,5090,3846,4304,3260,5014,7392
FA 32:0,1828,1787,2812,2688,3618,2395,2058,2645,3383,2711,1904,1678,1967,1559,2158,1440,1752,1617,1387,1708,3022,1221,2381,1583,1813,1698,1635,1961,2428,1594,3097,2049,1664,1526,2666,1622,2138,1673,1784,1941,2031,2439,2684,2374,2249,1592,2597,4297
FAHFA 18:0/20:2,7625,5146,5936,5594,4032,6644,6464,5321,4904,4739,5517,5340,4999,6385,4322,6337,5151,4078,7340,5731,5465,7374,7728,6239,4004,5783,6748,3419,6244,3234,5323,6971,5999,5280,6061,6491,6927,7393,2193,5700,5543,4585,3623,2709,5433,6642,6888,5858
FAHFA 38:4,828,1610,336,1076,581,643,502,5278,586,59,319,1608,413,294,507,329,198,234,826,642,398,686,546,358,391,1002,512,389,972,404,1806,666,818,458,1448,646,356,844,177,373,413,113,399,907,1670,430,1902,1746
GlcCer d34:1,3948,5333,5585,5085,4751,4931,5625,5812,4739,3625,5242,4709,5701,6219,4868,4779,4448,3077,4668,3790,3877,3866,4663,5667,4776,5639,5707,4801,6055,5445,6085,4407,6185,4616,4926,4868,4996,5283,5370,4488,4812,7972,4594,4899,5286,5605,5342,7336
GlcCer d40:1,1317,1739,1162,2246,1751,1093,1062,1521,1486,1310,1367,1357,1201,1585,1351,837,1268,910,995,1316,1649,1304,1061,1077,1393,1511,1405,1617,1541,1210,1816,1561,1502,1422,1637,1341,1363,1332,1583,2090,1744,2126,1247,1897,1298,1260,1267,1550
GlcCer d41:1,545,717,560,1328,615,730,689,804,785,654,736,807,759,863,1003,549,1048,368,745,773,862,988,578,609,820,621,559,936,986,606,880,556,733,702,862,607,550,715,1052,1287,829,1142,699,1306,491,480,1032,997
GlcCer d42:1,1212,1369,1467,2761,1461,1820,943,1200,2046,776,1234,1510,1374,1788,1349,1282,1260,1172,1142,1382,1728,1335,1137,902,1574,1309,1458,1609,1616,1316,2201,1672,1555,1774,1606,1493,1398,1925,1726,2620,1745,2851,1097,2105,1402,1288,1567,1486
GlcCer d42:2,1256,1337,1011,1963,1127,1345,1023,1374,1586,1285,1198,1046,1038,1295,1212,816,1349,794,783,964,1455,1038,1276,870,1148,957,850,1345,1263,1266,2623,1057,1401,1276,1720,991,980,1110,1111,1312,1291,1468,1135,1368,1294,1374,1335,1365
GlcCerd14:14E/20:02OH,1339,1626,1460,1920,1655,1472,1360,1406,1128,846,1892,1586,1302,1561,1352,1076,1626,1141,1124,1204,1615,1403,1334,1268,1596,1544,1322,1574,1409,1310,2921,1242,1351,1507,2200,1317,1711,1823,1784,1670,1523,1745,1360,1651,1925,1943,1614,1960
Hex3Cer 18:1;2O/16:0,8707,6978,5246,7560,7636,6134,5363,4966,5184,4869,7808,5376,4466,6976,5774,3602,8086,4610,5890,6250,7684,6734,6033,7742,7585,6480,5629,7618,7200,5560,11867,6559,6838,7117,8569,6772,6565,6426,7034,9505,6542,5461,4362,9067,6212,8241,6505,6921
HexCer 18:1;2O/24:0,3381,3943,3096,4582,3217,3249,2138,3414,3616,2186,3663,3270,2959,3181,2888,2071,4022,2656,2163,3507,4572,2891,2989,2374,3022,2909,3176,3289,4823,3520,4558,6010,2509,3079,4128,2416,3265,3501,3633,5082,5103,4875,2536,3731,3154,2244,4120,3841
lactosylceramide d18:1/24:1 15Z,4288,8901,5465,7572,6588,8701,8461,8079,5663,3171,5632,7532,6076,5231,6295,3967,7239,2473,5103,4509,4019,4948,6065,6795,5932,8107,7503,6474,7812,8678,9777,4552,8961,5446,8497,5926,7768,7644,9522,4326,6663,12369,4821,7391,8006,7780,6509,12039
LNAPE 18:2_N-19:0,569,745,784,908,728,894,1026,539,843,510,847,891,678,527,670,716,865,626,552,574,683,586,1303,674,925,739,1174,851,997,991,1186,565,753,767,1085,527,803,832,799,807,685,927,468,656,859,557,827,1133
LNAPE 18:2/N-20:0,712,942,866,1009,1198,861,864,1107,1017,696,931,971,685,871,1027,596,919,640,583,819,949,574,838,545,803,1082,784,881,862,676,897,1014,1049,1007,995,743,1080,969,919,983,827,692,762,951,874,783,702,642
LPC 14:0,7543,6045,8816,4565,4132,3901,2492,8563,5273,3428,3207,8151,4430,3911,4957,3753,6875,3114,1421,7330,5233,4081,5643,5243,6506,1972,6538,6732,5562,5099,4707,9937,5475,4193,4120,4197,6480,5271,9121,3922,7012,4864,6939,5369,5704,3001,4568,7425
LPC 15:0,5716,4619,5793,4463,4962,3054,3039,5355,3276,2792,3656,4199,3617,3589,3312,2742,4018,2674,2364,5641,3717,3695,3727,3681,4101,2933,4238,5291,4292,4337,5224,6106,4655,3620,4804,3067,5156,3952,5904,3427,4359,3675,4758,4460,4475,3139,4872,4656
LPC 16:0,506153,294310,321144,240964,332770,199615,127097,584826,252413,151938,190280,239000,224306,234775,188485,112308,318701,118343,142802,383131,244233,201863,216429,231914,461766,161684,266567,298297,196078,316265,607831,370309,363765,252821,462375,242204,331234,284743,411993,336272,323988,241667,215721,449148,375827,323340,320236,322135
LPC 16:1,10827,7247,8930,9347,7945,5423,5382,11087,10899,6170,8351,8287,5317,7597,8342,2900,13163,4427,1993,7001,5241,5851,6678,8670,9452,4312,7385,6775,5528,8028,12997,10397,7906,5119,10070,5821,8722,9462,12515,7172,8082,6219,10953,8645,9489,6779,6358,8459
LPC 17:0,10689,9053,8545,5670,7393,6758,5373,12895,6404,4890,5320,6700,6158,6148,4676,5184,7532,4273,6100,9505,6732,5588,5913,5225,8331,5304,7033,8682,6088,6941,12760,9381,9012,7085,10170,5704,10648,7800,9398,9449,8617,4730,8221,9357,7986,8137,10240,8488
LPC 18:0,146656,131466,97452,96372,125174,87212,54448,221746,82127,59814,61307,96139,61687,79859,69502,48443,114586,50987,87252,118247,79747,77600,78614,64195,161534,68473,130962,107892,56721,93623,203933,150476,106394,79372,138150,101640,147223,108871,140301,112884,106719,50784,75654,120367,124669,94302,114299,126788
LPC 18:1,56680,28532,26215,32704,42354,17007,20647,44963,24876,19866,30953,33205,20830,25124,21813,12645,39662,13707,10654,41081,22734,25636,25241,21088,44176,25455,27549,25599,14553,36030,47984,43795,34442,24482,36350,25488,32232,29280,35994,33171,29100,19936,23648,45143,32324,36198,31836,38196
LPC 18:2,3072,1915,2988,2722,4986,1440,2652,3200,3242,2265,2127,1487,1428,2307,1425,1197,1843,1445,529,4386,1506,1757,1722,1673,3015,2546,1822,2068,1103,2323,1805,3257,2879,2100,2772,1889,1698,1748,2002,2893,1930,781,2226,2715,1984,2852,2660,4036
LPC 20:0,6831,6376,2888,3813,4105,5414,3035,5105,2147,2588,2775,3877,2803,3633,2702,3825,4498,2072,3609,2244,2917,2993,3350,3630,4275,4098,3710,4796,2612,3213,5939,5359,4448,4575,3960,4976,5636,3905,3570,4074,3325,2290,2659,3853,3724,4733,4756,5486
LPC 20:1,3147,2313,1435,2108,1522,1376,1561,2296,1519,1114,2191,1559,1712,2227,1831,898,1976,970,1285,1398,1399,1279,1553,1583,2095,1436,1772,1558,2112,1763,3261,1731,2148,1886,2451,2225,2077,1646,1808,2320,2074,1834,1142,1918,1754,1891,2147,1999
LPC 20:2,3047,1846,1854,1647,1765,1559,1306,2125,1628,1453,1066,1302,1179,1348,1336,1272,1373,935,1182,1916,1406,1286,1331,1676,1353,1251,1307,1126,1514,1140,1656,1626,1465,1836,1643,1430,1581,1377,2244,1642,1434,1399,1355,1584,1762,1822,1798,1951
LPC 20:3,8855,5167,8647,9345,6489,2718,4200,6605,5534,3467,3317,4612,3552,3989,4594,2754,2098,2858,2998,5921,3672,3800,3926,3077,3693,3526,3593,4058,2724,4142,3016,5778,4307,2607,3999,3428,3333,4404,8468,4129,3348,3296,6116,4910,6463,4321,4667,5573
LPC 20:4,28639,13848,32323,19332,20731,7672,16939,17633,28455,14032,7319,6377,7637,6676,10606,6804,3342,7802,6479,22436,10677,18168,8856,5839,6837,14626,4909,12929,6674,10281,8662,10906,14394,7121,10429,9914,8308,7892,11043,11108,6117,5363,15835,11820,10675,29310,11827,10276
LPC 20:5,2370,1392,1587,2552,1065,776,1007,3414,3300,1082,762,829,828,629,1259,882,609,870,605,3094,1313,1557,2680,769,2135,1117,1096,1987,524,1378,999,1192,1645,1089,1269,961,1166,1097,2184,1413,1514,478,1611,1157,1896,973,624,931
LPC 22:6,4508,1702,6535,3953,2386,2040,2711,7393,6482,5469,2235,1131,2272,1584,2160,1426,733,2319,2088,7120,3525,2967,4557,1561,2035,2317,2475,2657,1244,2673,3027,1958,2008,2291,3936,2518,2176,2192,2270,4313,3549,1724,3154,3306,2797,3029,2030,2064
LPC 32:0,4037,4565,5073,5096,4897,3800,3426,4094,4416,2999,4214,5199,3274,4134,4542,3152,4962,3491,3697,3381,4158,2872,4152,5276,3653,4149,3834,4312,5609,4498,5887,3753,4446,3647,4909,5015,3781,3890,4119,4653,4326,5653,3177,4831,4084,4425,3805,5771
LPC O-16:0,10877,9260,6445,6166,3519,9973,5199,13349,5624,3738,4927,6302,6690,7719,6570,4884,6070,3612,10210,11375,4823,7203,6344,7009,6817,4972,6099,10634,4463,3984,10548,7567,11932,6265,7451,8326,6424,8630,8890,11279,7027,6504,4712,8753,6991,11830,10208,9943
LPC O-20:1,524,597,1131,576,443,864,849,388,1316,360,880,341,614,876,765,818,1007,460,929,331,479,735,941,801,474,693,885,597,458,727,749,345,888,928,481,529,706,204,345,707,390,794,615,999,831,700,1046,875
LPC O-22:0,1205,1120,837,969,1147,840,622,1503,984,500,1363,822,837,1082,969,421,1026,580,776,982,1248,840,1161,1080,1090,1151,1071,1707,932,1059,1735,1307,821,1217,1643,1132,961,1494,1795,1098,1173,1340,614,1115,918,1236,833,1447
LPC O-24:0,1278,2036,1824,2230,1952,1660,1089,2473,1632,1486,1682,2678,1445,1540,1573,700,2117,974,825,1540,2314,955,1301,2467,1922,2379,2173,2054,1859,2758,2877,2005,2150,1818,2379,1381,1713,2144,2199,1905,2046,1996,972,1751,1892,1766,1557,2400
LPC O-24:1,2160,1366,1131,1497,1396,1288,968,2699,1216,1112,1109,1509,1436,1667,1221,1153,1539,1590,1128,1718,1881,1230,1644,1224,1759,1424,1410,1586,1530,1730,2809,1681,2002,1385,2217,1136,1762,1819,2247,1179,1607,1993,1329,1768,1708,1574,1392,1983
LPC P-16:0 or LPC O-16:1,1915,3003,1753,2748,1741,3058,2146,3298,1519,1187,2869,2394,1702,2199,1963,1197,1961,965,1578,1740,2371,2834,2301,2265,2793,2432,2389,3386,1563,2303,2862,2499,3945,2459,3164,3594,2700,2558,2567,3039,2240,1843,2256,3028,2756,4783,3297,3817
LPC p-18:0,4518,5928,3379,3371,2065,5832,2794,7215,2492,2372,2794,3596,3620,3747,2985,3441,3163,2182,5945,4220,2627,3504,1983,4169,2465,2668,3688,5791,2850,2862,5136,5359,5694,3633,3722,4181,3287,4412,5623,3755,3885,3319,2386,3845,3588,5147,5272,7257
LPC P-18:0 or LPC O-18:1,9280,4723,3744,3236,3646,4522,3233,8798,3704,2066,4016,3665,3245,4158,3559,2633,3422,2032,5113,6234,3302,4379,3620,3823,3432,2836,3176,4926,3121,3866,7186,4959,5712,4935,4746,4529,5556,5151,4522,6117,4834,3198,2631,5950,5788,6090,5800,7603
LPE 16:0,1782,1411,1013,1234,569,2166,955,975,623,576,1064,1196,1280,1373,1258,958,1058,995,2401,1207,1259,2098,684,1410,1378,1237,1358,1319,869,983,1438,946,1588,1592,865,1274,1547,1384,1192,1099,1306,1690,1285,747,1674,1240,1003,2558
LPE 18:0,2091,3468,1949,2767,1985,4862,2034,2215,1339,1634,2333,2290,2008,2514,2493,1973,3096,1702,6972,1717,2163,3811,2424,3148,2638,3149,2969,2278,2125,1834,3509,2410,2793,3051,1726,3623,2494,2691,2421,2577,2474,2461,1789,2353,2588,2703,2109,5517
LPE 18:1,4283,3807,4704,5445,1758,3328,3432,1849,1622,2085,2907,3720,1679,2753,2558,2095,2849,2524,3807,3846,2135,6417,2369,3231,3568,3043,3127,2217,2313,2657,2364,2542,2722,3043,1846,3209,2607,2751,3328,3418,2638,2369,1833,2043,2357,2501,1998,5073
LPE 18:2,1768,1837,2706,2996,1347,1816,1719,1243,1058,1591,1623,1480,462,1257,1101,1073,1471,1121,1848,2074,975,2862,1498,491,1773,1383,1217,1067,1413,1159,1103,1136,1799,1349,1190,725,594,1482,1309,1162,1160,1010,1204,1293,1059,1245,1310,2306
LPE 20:4,5438,3835,15819,13384,1960,4472,7483,1935,4185,6678,5745,2474,1934,2444,3287,2523,1184,1762,7265,7821,2487,10892,2342,2724,2919,3483,1511,2807,1820,2128,2701,1818,3104,1899,1413,3737,2194,2363,2052,3704,2727,2185,2000,1363,2608,4022,3102,4914
LPE 22:6,619,184,944,1120,174,404,644,314,588,862,433,173,253,222,309,193,93,142,508,1109,522,881,378,402,458,323,307,271,217,290,268,215,255,312,147,308,299,296,194,504,397,188,350,174,402,404,221,298
LPE O-16:1,979,1451,1103,1954,710,2507,887,847,484,687,1261,1262,652,1144,1636,616,953,750,1008,739,890,1908,1454,1338,992,1115,1125,1551,834,628,920,1007,1434,1138,1030,1637,1021,1303,2067,1197,1188,1563,927,848,1330,1461,1009,2125
LPE O-18:1,1234,2760,1666,2148,1632,4336,1915,882,793,1132,1912,2114,1798,1861,2280,1148,1453,1249,3914,1128,1822,4454,1804,2254,1776,1878,2094,2365,973,1434,2150,1799,2246,2297,1213,2716,1964,1516,2418,1781,1725,1928,1321,1586,2059,1902,1338,4628
LPI 18:0,1690,865,1025,473,326,678,878,1417,782,443,476,590,486,407,552,576,387,359,974,970,633,754,519,659,450,466,730,622,558,651,1071,704,595,416,607,673,766,832,670,689,753,841,595,781,806,781,850,754
LPS 18:0,2933,2060,1241,1005,863,1743,1490,2327,799,713,1189,1522,1231,1414,1384,972,944,1042,1699,3103,1047,3537,1147,1781,1222,1064,1219,1982,1132,1593,1490,1149,1879,1445,1816,1706,1824,2095,1260,1741,1579,1408,1208,1351,2631,1925,2215,2461
MG 20:4,226,692,1320,2472,381,1429,807,144,378,588,739,1255,657,603,961,248,296,549,1563,178,964,1131,1087,342,1017,983,470,264,474,617,1076,439,216,538,273,853,221,342,508,931,598,545,682,507,332,501,325,1100
MGDG 16:0_20:5,1146,958,912,1362,1336,1251,1092,1132,1092,991,1319,971,1398,1369,1026,773,1070,994,1176,1090,1130,1193,947,897,1295,1210,1142,1319,1067,729,1132,1072,1417,900,1233,1337,952,1400,986,1272,1169,1027,1021,1342,1220,1381,893,1150
N-docosanoyl-4-sphingenyl-1-O-phosphorylcholine,14588,15748,18870,31219,17536,15967,14853,16783,14480,13182,15971,15525,11969,17633,16480,7996,13719,10494,11214,7023,22888,11051,16911,17000,15941,15183,13157,13744,19742,15757,31405,12800,14543,14666,22467,14410,17090,16497,14937,21043,14898,14929,14002,16829,16579,18792,13676,22055
OxPC 36:3+1O,857,1388,801,930,1167,786,1002,1029,968,511,934,1400,875,976,1017,593,1526,803,315,1121,1073,659,963,759,1189,909,1287,1098,1506,1076,1159,1087,873,1090,1270,721,1101,845,1266,1243,1264,1301,1148,1493,1247,741,880,1288
PA 18:1_18:1,2910,3422,2123,3089,2677,1231,1966,2455,2098,1898,2599,3657,2226,2050,2621,2236,3143,2206,1375,2883,2374,2885,2410,2793,2004,2704,3293,3059,2644,3011,3411,2361,2609,3003,2233,2502,2389,2912,3264,3054,3419,2718,2365,3089,2802,2962,2433,3245
palmitoyl ethanolamide,2296,2863,756,976,748,4208,2824,1268,1152,1514,1492,1174,1268,3001,1798,1370,1351,1569,5431,1041,384,3399,1029,1704,1032,818,1662,2885,1063,1685,667,2997,2808,2171,822,5099,1550,2645,4123,1437,1206,624,783,1589,2389,1925,3046,3987
PC 14:0_16:1,3257,3929,3589,4127,2814,3341,2430,5511,2913,2190,2858,9934,3232,3072,5393,3550,7643,3619,1773,2573,3308,2429,5259,5278,4881,2219,3985,3830,5531,2869,4954,8269,3339,2120,3020,2432,3533,3178,6356,3354,6460,10129,5629,3540,6118,2434,2673,4131
PC 16:0_14:0,47630,48547,55559,49323,31220,44055,22451,61621,38266,22260,42325,78609,53452,29212,45704,48938,94495,44830,20076,44373,61834,23628,51047,85846,68104,31700,57546,67629,72494,43028,48182,62776,52414,39108,36804,41072,47554,43489,65600,37821,72333,112098,53030,62867,67458,27894,29343,55828
PC 16:0_18:2,14434,17347,17720,21111,19069,12947,14633,19678,17512,14719,16352,18926,15393,15179,15757,12224,15800,15515,7327,16764,15835,9682,16625,15505,18670,18852,16641,14598,19702,16702,20069,16818,18854,16845,18314,14055,16116,13712,16565,20792,18169,17995,13722,18455,15683,15487,14035,19775
PC 16:0_22:6,1135,1103,1251,2505,1348,1435,1605,2118,2391,2516,1791,1297,2102,1371,1433,1251,590,1572,1894,2025,3562,1361,2460,1503,1958,1789,1608,1764,1957,2350,2362,1344,1305,1857,2451,1973,1975,1515,1256,2402,1931,2198,2234,1895,2065,1601,1104,922
PC 16:0_5-oxovaleryl,24588,6545,49169,13249,14605,7596,12880,14929,36518,17742,12788,14723,17626,10242,15485,3003,25028,15015,5864,19991,39421,14875,23052,9320,19656,16577,17588,14570,25260,10731,41431,15157,10816,7839,19612,12058,18266,10284,10899,15600,14881,33366,11892,24950,9369,13900,7774,10422
PC 16:0_azealic acid (PCPAz-PC),270080,103693,312065,108631,171020,58845,91952,240214,172665,173219,119003,141032,109928,161289,179164,96226,256515,126420,38507,641785,141255,92395,147081,150022,185724,98438,155077,139316,178806,127006,178220,137723,116123,101437,229014,123557,163977,132270,136199,171479,207517,182069,100428,212884,112189,105205,125780,122256
PC 16:0_glutaric acid,47614,23676,71379,23234,35873,12469,21373,32644,61917,30101,19933,24534,39662,20935,29384,14194,74756,27791,9070,41871,56003,18879,43800,27373,56307,27816,38313,37302,58238,29051,109388,33551,33504,23678,47833,26580,42932,28827,31086,39600,43355,67704,28790,53249,27363,35029,25462,20172
PC 16:0/9:0 CHO,293042,52313,331746,116063,106514,45971,86260,246967,185029,144049,111456,96583,65199,75304,114182,33058,126463,70215,30847,368898,118177,103463,99133,68037,130122,84069,105933,89019,102943,71971,132795,99326,70029,49584,154797,72291,108010,69666,88225,90204,118504,146914,66055,179895,80192,99850,74009,84898
PC 18:0_18:1,3757,4539,3695,7230,5196,2858,3770,5025,4146,3531,5009,7853,3656,3823,4580,3101,5438,3616,1650,3694,4128,1854,4831,3840,6065,4147,4980,4461,4345,4341,7094,5272,3874,3371,5629,4243,5149,5138,4936,5849,5878,4953,3733,5166,6087,4355,4877,6001
PC 19:1,841,8481,470,3224,7573,4257,1780,2575,3160,1953,8117,7379,4739,6206,5501,3573,6551,4978,3206,501,6924,690,4909,4648,6794,5003,4645,6262,6017,2127,8880,4447,4354,2955,6210,4671,3945,5076,6041,7823,5699,4475,4243,9106,4929,3042,3014,4924
PC 19:2,559,7751,482,4105,7320,5696,4062,3421,2514,2284,10712,5282,3406,7169,4314,3443,5640,3691,3821,775,7430,485,4336,4755,6036,4586,2945,8040,5456,2112,5505,4052,4910,3426,4453,5980,3632,3861,4089,9556,6151,3268,2557,7045,3020,3192,3175,6201
PC 21:4,385,3734,400,2438,6396,3378,3181,2440,2656,2274,5943,2322,1551,2966,2113,2869,1261,2459,3360,153,3342,396,2158,2631,2731,2019,1147,3596,1284,893,2034,1571,1682,1097,1041,3208,1120,1736,1894,4095,2515,1554,3084,2022,1913,2885,1885,1719
PC 24:0,4347,3938,5518,3376,5102,2947,1863,5271,4305,3475,3878,5416,5120,6544,6849,2999,9505,4874,1103,7541,5979,2223,5887,5636,8794,5491,6284,5705,7834,5624,8299,7052,5277,4128,11263,4517,7669,4392,5633,6358,8569,8970,4012,11169,5336,3155,5025,5974
PC 28:0,2910,2441,3833,2704,1471,2334,1112,3198,1905,1672,2054,7249,2652,1706,3202,3695,8022,2513,1498,2811,4334,1397,3113,4723,4553,1590,3874,4234,6169,2166,2241,8505,2294,2488,1575,2940,2583,2520,6743,1948,8791,7001,3689,3423,3562,1050,2002,3920
PC 29:0,4715,6411,7096,6675,3995,5422,3175,7513,3805,2858,4863,9684,5777,6532,5713,6900,8760,5019,2852,6057,6527,4747,7164,7588,7306,4960,6625,9894,10002,4433,5770,8523,5309,4320,4078,4910,5811,4991,9474,6282,9096,10333,8047,7627,7634,3033,4627,9857
PC 30:0,1839,2059,2126,2122,2163,1795,1489,1596,1602,1535,2134,2083,1820,2068,1662,1573,2326,1971,1662,1676,2097,1801,1869,2007,2674,1642,1912,1999,2030,1599,2986,1894,2013,1890,1960,1748,2179,1782,1749,2051,2503,2300,1546,1970,2540,2025,1758,2185
PC 30:6,6455,1773,6703,3614,2367,1810,2857,6819,4988,3389,3320,3442,1283,2983,3123,1448,2078,1587,1660,7766,2746,3795,3093,1599,2207,2317,2862,2875,2359,1629,2113,3322,2498,1485,4591,2397,2586,2061,1725,2339,2176,2071,2021,3591,2400,2879,2333,2479
PC 31:0,13698,18912,21566,45630,16371,15033,15410,15228,13918,12540,22847,24131,15920,15298,19050,12334,21441,16756,13395,14637,18929,11150,16872,17110,21456,16606,17701,20706,22241,17768,21217,15238,16821,14685,13997,10391,14665,14019,18459,17500,22709,23302,15379,16634,19180,14803,12169,25308
PC 31:1,5335,7176,5371,8150,5004,6300,4200,7036,5981,3297,7088,10415,5235,5100,8975,4452,10300,6308,2979,3691,7023,3357,7118,8586,7096,3778,6638,6862,8790,4934,9193,8822,5367,4141,6717,5431,6400,7348,10539,4939,8838,12195,8497,6099,12133,4277,3801,7368
PC 32:0,472537,515467,478878,560783,572973,287369,266005,492576,374576,277028,434333,506085,391159,410105,480857,213665,589375,310733,220588,388305,451090,210325,372763,521508,520092,401472,452547,438921,540820,510095,719547,423577,400503,434318,496806,441934,442272,442142,400402,503561,485770,486387,307664,530200,495497,419641,416668,626959
PC 32:1,54289,71881,82943,125982,79090,60685,41654,85478,92192,40258,92399,177033,81596,60054,131814,36264,191504,63433,21837,42881,82938,27563,92617,183259,111715,45066,89762,62161,97073,68062,172759,98256,69959,37553,97791,55908,77137,90969,135796,70810,123738,218254,104426,97697,173267,49697,34883,93415
PC 32:2,14954,21868,29286,42842,19489,15661,13084,24668,21338,10608,15181,39996,14802,13106,20291,10614,22101,14586,5391,12781,21202,7327,28675,20027,25388,10630,18602,15138,40993,15461,25963,24065,19304,12576,17340,13430,22505,13859,25935,14897,36545,30696,24692,17827,20623,6110,12165,32953
PC 33:0,19835,28245,21209,30202,25345,15820,15016,21667,16328,13560,23306,27621,18693,20322,22532,13676,30346,20333,12655,20886,23110,11420,22510,21728,24176,20904,24414,27612,28058,21739,33736,21503,22721,19204,22200,17750,21220,20293,21828,25448,30097,20943,17172,24729,24444,21247,21322,37864
PC 33:1,31800,42448,45315,63127,45966,29667,31658,45115,34359,27596,53636,72821,42610,33551,56370,25701,66116,41335,15127,31801,54100,17533,47414,47876,49828,32548,45212,40913,57718,39045,71869,49294,44076,27563,49179,27827,41383,46770,62492,46223,66133,77789,51808,51147,64289,33285,27260,52504
PC 33:2,23341,37875,52036,72025,51783,26849,34294,37220,31354,22060,35219,46190,25202,34633,35265,23889,27064,34411,14102,30656,49135,15305,38888,24769,33311,32645,34758,36972,60397,31558,45960,36285,37233,31311,39954,25011,34392,25017,36368,40491,53847,38675,34815,31066,30686,24419,27468,59740
PC 33:3,5006,4140,3596,4842,3320,19250,3327,3837,3512,3219,3339,3046,3155,4217,4118,2749,4059,2627,16812,3059,3480,7073,3745,3385,3542,3415,3592,4500,3603,3165,3796,3898,3806,3618,4398,4639,4397,4201,4297,4331,3192,3459,3009,3947,3657,3100,4346,3971
PC 34:0,138023,178397,111310,214738,187212,86543,84187,145351,98324,71589,165339,182273,113877,120876,152208,67034,196920,92085,60786,120695,142013,55888,146619,132069,172880,130755,166817,187620,171203,131190,255094,150765,115099,104491,152576,135269,131154,133504,147827,188278,182373,123628,75608,163108,161847,143035,130609,222120
PC 34:1,14083,14002,12952,20623,19087,10539,15319,14171,12625,9998,17323,20727,16795,16166,15582,9145,19708,12172,5715,13108,17595,6976,14999,17121,18385,13378,14602,14338,16442,16777,27518,15964,14279,11809,18919,14694,15187,17193,18399,18377,18901,21554,13108,18339,21051,13718,12318,17373
PC 34:2,18412,22438,23614,32493,31074,16032,22456,24543,22996,18570,22263,26313,19386,22891,21193,16550,20924,21667,9162,21855,25848,12095,21920,20580,24157,24550,21219,20399,26738,22656,27237,22839,24083,21804,25853,22356,21969,20584,20905,28431,24370,24120,17562,23266,20724,21117,19050,26887
PC 34:3 Isomer B,59046,72587,95741,182242,113025,65107,66070,88798,95340,50278,69630,112679,46898,60723,90317,36933,68114,77313,24942,37602,86086,40958,93736,101384,100006,59752,76112,51920,86579,80701,124760,74158,74598,54309,86285,71946,92304,70034,88699,85182,99463,96031,81891,78937,98483,51172,54665,145139
PC 34:4,2647,5259,5484,6629,3574,3394,3786,3647,4205,2285,2070,5330,3684,1708,4094,2220,2997,3054,1899,1897,6542,2353,5409,3394,3074,3136,3033,3759,6394,2849,4743,5734,3825,2833,2032,2996,4167,3062,5102,2821,4942,5898,6488,3881,4804,2218,2221,4578
PC 35:1,38566,57267,44111,80403,61221,32043,46455,53181,40681,32962,61861,83021,47570,47930,57312,30027,74981,46403,19979,42976,62928,17335,62511,49738,61947,46259,50912,54877,63767,53185,108206,55414,52013,35668,62961,41479,53171,62266,58797,70800,78098,67064,47578,63707,68136,51054,46835,74064
PC 35:2,852,1126,844,819,1350,557,964,1010,1074,899,769,975,839,790,624,635,826,852,509,923,1162,549,977,690,706,1370,589,810,938,967,985,949,1098,1016,749,750,791,788,916,1051,979,791,887,900,1023,769,827,1045
PC 35:2 Isomer B,53729,80126,77649,148644,82348,52500,75306,85715,64465,51193,75768,80885,49600,65515,63129,43154,63817,64949,29632,60898,83683,31614,81275,46453,65801,68626,58482,69887,86946,61885,97455,65470,78409,53878,80247,48453,65740,51300,64629,94823,92318,65207,59813,66798,60268,60142,53702,92734
PC 35:3,5647,7409,9010,17900,10184,6455,7197,9212,8332,5612,7112,9064,6406,6975,8027,4363,6011,6968,4717,4593,9213,4997,8696,6001,5316,6638,5921,6149,8719,6535,7865,7799,8323,5000,6761,5381,7101,5758,11643,8370,8405,9323,8114,6581,8578,4964,5568,8228
PC 35:4,403,484,582,669,1110,485,899,487,707,737,375,447,686,512,675,357,401,583,590,370,1151,315,722,438,586,875,466,490,846,776,914,624,618,405,633,654,397,367,600,584,517,716,736,564,573,888,321,563
PC 36:0,20549,30065,17355,32226,21951,13585,15617,21950,10937,13430,20792,23454,16329,16644,22887,13510,27471,14076,10468,16510,17079,9334,17790,19858,25059,19337,25585,22885,21218,16736,40125,23543,18352,16207,21777,19523,22723,19145,20389,28435,31448,18092,10463,20763,21406,17157,18595,34746
PC 36:1,5475,6427,5321,9559,8070,4652,6694,6878,5121,5113,7426,9473,5061,6068,6029,4156,8140,6106,3125,5108,7259,3125,6486,5775,8128,5419,6689,6411,6256,6608,10682,7338,6475,5413,8022,5843,7990,8132,8193,7788,7571,6155,4898,6870,7510,6932,5870,8678
PC 36:2,678094,921630,915069,1920850,1479387,647514,809774,1342992,976234,608861,904582,1349850,467789,887883,891611,426213,1006735,747483,299738,784238,1071785,353715,1146690,634718,1173774,922053,1127256,856147,1033689,883272,1532050,1200829,940251,657125,1073144,903592,1081992,775534,874152,1412033,1145719,805749,565559,919276,805975,732650,708475,1342495
PC 36:3 Isomer B,3254,2992,3710,6260,4409,1954,4245,3159,3670,2500,3579,4156,4052,3302,3543,2166,2978,2685,1761,2872,4065,1920,3791,2820,2631,3043,2801,3142,3871,3646,3291,3291,3276,3118,2783,2515,3715,2749,4462,3158,3124,4193,3400,3313,3739,2947,3005,3527
PC 36:4 Isomer A,138141,185716,148814,506727,388012,168947,177450,262866,130127,124470,179541,188911,54638,172215,162614,66024,87307,101068,75627,125171,126295,124482,207871,127571,178362,185557,192521,148605,120731,182112,123513,222199,160145,124256,123304,230922,172703,117261,120871,205175,188861,115912,115410,190175,105333,122885,144620,313881
PC 36:4 Isomer B,3125,3520,4028,4951,6238,2528,4408,2357,4681,2794,2370,2859,3990,2521,3329,1902,1739,3741,2038,1918,6940,2017,3896,2354,2281,4453,2253,2971,4808,3142,4976,3305,3553,2679,2799,3384,3570,3057,2867,3732,2602,4480,4432,3114,2981,4133,2176,2659
PC 36:4 Isomer C,263638,318193,490897,699479,653328,231428,401938,200481,493288,240288,243112,272819,344903,197265,372983,136987,162848,323724,181199,159214,853482,166572,399983,242005,225276,433715,198551,271981,518675,288505,679625,309768,307989,218587,291158,286815,287049,244205,262138,401164,302552,445217,384063,335090,267081,470340,169866,274264
PC 36:5 Isomer D,32580,38895,34240,86441,36010,31267,23819,71500,107296,22282,26061,39415,43638,14604,39493,21312,16606,32469,26437,50868,86561,25943,104781,32673,95509,32221,61842,53536,24200,40189,74239,40129,46104,41931,33221,31526,57482,34834,67932,62044,63836,29048,59327,45049,65627,18981,11597,37630
PC 37:3,5994,8970,10531,17502,7648,5646,7794,8239,8155,5821,6390,9085,7289,6467,8613,5469,5358,8169,5299,4731,12337,3233,8845,6021,4037,7723,6622,8534,10288,6990,7241,8301,7073,5268,5478,5440,7305,7031,10394,6260,8371,8514,7211,6805,9572,4527,4596,9228
PC 37:4,8573,11280,15341,19495,15480,10280,16231,7671,14900,9273,7870,8573,10145,7589,11018,6060,5918,12265,7293,6886,23848,5896,13379,7110,5936,15209,6996,11280,15511,9550,18626,10195,10293,7840,9849,8856,12306,8558,9406,13738,11278,11361,13888,9074,8419,13514,6719,11355
PC 38:1,14012,16279,10277,25814,17229,10261,12581,16441,12884,8403,15624,22486,14161,12905,14551,7084,21621,9594,6368,10468,16719,5986,15005,13035,19479,14455,17754,15110,17567,16303,34346,18082,13677,12442,17400,14728,18346,15063,14697,21325,26637,19733,10030,16069,16386,15092,12920,20711
PC 38:2,480,744,651,806,876,724,699,646,693,542,513,835,626,447,579,432,699,483,378,455,658,418,824,733,659,645,737,597,797,670,891,545,553,547,738,694,481,483,587,738,857,547,537,535,519,467,676,593
PC 38:3,1158,1008,1324,2135,1243,1228,1106,1385,1091,891,939,1605,1214,883,1533,711,909,837,959,606,1284,730,1451,1022,1134,1213,1213,1251,1241,859,908,1112,716,582,765,1096,966,1032,1544,883,916,1115,925,875,1174,682,1050,1437
PC 38:4 Isomer B,1123,1560,1657,2801,2411,1008,2226,1145,2430,1079,1101,1202,1396,1277,1633,1056,1226,1304,1289,1024,2708,1248,1534,878,1323,2057,1380,1769,2261,1093,2303,1455,1458,983,1311,1395,1459,1419,1418,1356,1184,1208,1523,1251,1260,1492,1245,1496
PC 38:4 Isomer C,122754,155491,201857,298164,264076,116408,187616,123516,254531,133443,100526,136863,126793,104173,169504,81308,79114,153683,103876,80960,311923,98763,182189,81212,110324,209754,120971,133424,174649,119041,254881,160936,127423,98240,127043,156339,171160,120117,138132,182566,112265,117431,165517,124266,119625,166931,84417,148533
PC 38:5 Isomer A,87844,73991,83713,197795,155320,63989,98537,54389,103699,73473,64753,70988,66387,47985,80698,30379,28753,64860,62381,47334,152706,53078,99967,48374,62508,95778,51786,66090,81546,78054,138393,67846,61271,48025,70537,64646,83323,64935,80951,103654,76789,75721,87563,76592,68139,92942,34821,74310
PC 38:5 Isomer B,28121,38013,35481,80073,45664,32571,37269,52869,66938,31025,27023,40156,37883,19964,43213,20337,17360,32019,23560,30913,80698,19317,74813,21562,49297,36740,52133,41569,39331,33981,64230,41980,30230,30503,26451,33037,55407,35251,48721,48186,50024,47036,39857,35214,42106,37516,14005,33157
PC 38:6 Isomer A,33172,45566,33892,96367,56740,42010,38075,36588,47416,23748,26609,28580,21942,25147,30971,17277,13123,25814,39983,23206,50532,31465,58577,22783,30999,43612,32490,39418,28994,37331,39504,42813,30514,25977,24695,41942,40976,24545,35511,39879,37884,24946,41601,37524,28850,35332,20273,42031
PC 40:1,2644,3208,2172,3926,3954,1794,2743,3083,2847,1744,2564,3293,3481,2067,2360,2108,3581,2563,1210,2411,2911,1092,2924,2878,4997,2153,3292,3211,2977,2792,5386,3717,2381,3680,3329,2581,3717,3684,2541,3561,4411,3787,2074,3365,2729,2951,2689,3954
PC 40:4,4762,6192,7585,16718,9192,7139,5725,4621,6823,4659,4851,7793,7102,5643,8732,4094,3882,4950,4745,2603,9247,2983,5253,4073,4623,7701,4953,5784,7155,5800,13227,6172,5839,2961,5300,6161,5265,5787,8592,7614,5465,7855,5701,4186,6794,7745,3117,8697
PC 40:5 Isomer A,14280,14347,13171,29150,20096,13971,13537,15195,17354,12991,11361,16968,9213,8207,16355,6692,6328,10629,10403,9923,20390,8794,17594,7974,14459,16441,12856,10175,11321,9804,19474,12728,11354,8142,12072,10731,15401,12119,20867,16743,13697,10680,14012,11837,13302,12053,5328,18743
PC 40:5 Isomer B,3533,4927,5695,13022,7130,5670,6208,3427,4875,4427,4165,7547,6361,4349,8185,2661,4246,5263,3295,2452,12388,2883,6856,3687,3497,5813,4248,4087,7130,3512,10500,6511,4186,3542,3437,4965,5222,4130,5197,4862,4435,8886,4650,4648,5328,6921,3659,5263
PC 40:6 Isomer B,9819,10045,16421,39074,14404,17099,12199,27907,27955,26267,14413,14047,16149,9896,15109,7046,5021,12962,21527,17172,58857,11701,30373,8654,22304,14863,18106,16224,14012,14525,43592,18179,7942,12509,21157,12957,20452,11993,13554,31255,25383,22730,17525,13179,17727,11594,7981,13446
PC 40:7 Isomer B,8105,4862,6087,15406,7181,6690,7226,9641,9666,11606,8300,4668,10365,5113,5026,3302,2680,5987,14806,6939,16975,6772,14227,3593,6554,6687,5426,7873,7429,9072,10928,7272,4931,7588,10397,5614,9580,5624,5127,11407,10464,13670,8917,7857,6541,5976,4192,4962
PC 42:2,3100,2314,2194,3805,3131,2169,3999,2605,5581,3911,2651,4006,5119,1800,2363,1997,4846,4104,1638,1855,8823,3087,2466,2718,5476,4336,2935,2683,2965,5130,8247,3553,2686,3339,5067,2716,2975,2816,1786,3724,3842,7487,1923,5198,3005,3798,3034,3872
PC O-18:0_16:0,863,1079,1105,838,969,842,642,815,819,634,781,1219,862,987,824,591,1095,828,662,858,901,443,901,965,1132,1103,799,815,1147,787,1131,1048,818,751,914,1151,775,936,901,827,974,992,614,911,1004,781,740,1123
PC O-30:0,6107,7300,11254,10166,5914,5321,5394,8791,8322,5195,8583,11525,7512,7703,7724,6112,11932,7220,3855,7972,8565,4656,6922,9478,7245,8069,7418,12612,9742,6118,8359,6837,7459,8458,7815,5953,6715,7399,9129,8061,9862,12061,5529,7839,7637,6962,5977,12274
PC O-30:1,1954,1758,1979,2555,2085,2791,1854,1501,1734,1191,2167,2559,1574,1893,2173,1528,2896,2134,1904,1457,3040,2793,2054,1944,1987,2543,2497,3357,1607,2159,1592,1728,2684,2215,2080,2715,2196,1941,2031,2743,2323,2384,2071,2425,2126,2078,1673,2893
PC O-31:7,473,10726,619,645,4081,2376,600,1463,1201,577,3562,9981,8763,9207,8250,10635,12103,9115,2617,578,4125,346,7877,14014,8511,6129,10077,12241,10943,11840,6631,10959,12909,11898,4830,8537,12579,18432,9757,15487,11168,9177,4984,11719,10572,1358,3859,7156
PC O-32:0,70501,69594,97928,110122,78226,52304,59759,78850,72626,48809,78150,96947,60993,84774,84652,46357,85728,51992,36115,50879,76315,38044,67136,97798,85515,80801,73542,74771,120048,70325,127219,66739,68673,65238,98362,73185,62751,77197,75627,91549,80198,112357,48084,92212,81373,87330,72497,125841
PC O-32:1,8571,10262,12610,25311,11903,12043,9854,10030,9406,6033,13817,17652,10441,14469,12837,6227,19039,10150,8215,5694,22421,10861,14269,16047,16133,17760,18493,14576,15269,11732,22835,14675,12892,11979,15676,13833,14104,13489,10942,27367,16326,17493,8674,17160,12562,16154,10897,20523
PC O-33:0,3545,4100,4098,3922,3638,2735,3411,3716,3549,2537,3076,4737,3418,3732,3906,3026,4257,3023,1989,3228,3384,2131,2666,3906,3668,3616,3425,4134,4882,3402,4241,3340,3791,2565,3841,3198,3069,3718,3558,4040,4916,4224,3566,3593,3373,3449,3255,6229
PC O-34:0,22433,32221,24802,30878,34852,18702,17815,22430,22990,16615,23414,43236,24067,23373,25810,17898,30268,18351,14346,23715,24530,11986,25599,28351,27731,26877,27579,26972,36613,21205,46167,26165,25405,18445,27749,28075,21736,25996,25634,27232,38582,31282,15982,26432,26478,27438,24792,50197
PC O-36:1,6557,12452,12226,18920,14364,7554,13284,10257,11002,10979,13519,20469,16099,10558,13626,7605,13233,10110,4412,8954,12791,2697,11169,13071,13827,15930,15054,13032,18147,13136,29802,11901,12177,8026,16108,10816,10518,14927,12893,15016,19229,22311,6713,14782,13306,15568,12560,26160
PC O-37:0,18085,23740,20877,29742,26135,21518,12304,24681,14819,10442,22907,25041,18033,17242,24522,12878,26092,16185,14617,17763,22489,13133,22062,20050,24686,20419,24389,26249,24935,16944,33208,20504,19489,16654,24719,23692,19929,22602,28386,24400,26597,25062,13588,22551,24836,18580,15951,34157
PC O-40:2 or PC 40:2e,1179,2377,2149,3244,3456,1512,2541,3306,2057,2232,698,3203,1985,2338,1513,1200,1978,840,1186,1253,2605,1149,1895,954,1644,3035,901,2112,3133,2346,3338,834,2381,1005,1948,1629,2775,2810,2588,645,3250,3602,1653,2045,2559,2557,2623,3107
PC O-42:2 or PC 42:2e,1564,2567,2928,3383,3231,1646,2453,4492,3217,3167,2338,4092,2929,1540,1858,1586,3389,1947,1419,2922,3267,1838,2861,2832,3156,1235,2133,2230,4950,4332,5553,1638,2022,1886,3249,1020,2994,1271,1833,2677,3083,4607,1126,1628,3043,2597,2868,4065
PC P-34:0 or PC O-34:1,1137,969,927,1136,1317,702,1214,1047,982,798,1113,1105,910,1459,1056,553,1035,976,551,851,1022,520,955,1509,1444,1315,870,757,1063,1194,1709,897,1317,919,1093,1238,1071,1235,945,1167,1214,1439,717,1234,1005,1241,742,1100
PC P-34:1 or PC O-34:2,23352,39820,54664,117282,35726,39509,53065,47200,41605,40082,50633,53033,37356,56415,53769,22402,40870,27839,23208,69251,59952,20573,82462,55518,49616,57252,37525,58033,50610,32001,62690,44725,59706,25782,40526,51705,29654,46367,30371,124246,87598,45666,21254,56032,23882,64997,39558,81520
PC P-34:1 or PC O-34:2 Isomer A,543,687,489,1165,532,638,1212,899,966,566,657,675,729,681,817,253,487,655,554,908,691,527,1047,667,509,673,600,765,639,484,600,512,1046,457,698,756,499,491,476,1164,972,619,521,698,318,720,746,741
PC P-34:2 or PC O-34:3,23222,29540,35878,95507,27499,40824,42323,31561,19904,22224,41235,35227,20579,44705,30818,16633,30191,22998,27022,20780,57315,24671,45162,34535,39486,52220,30955,44778,36832,29764,47599,45389,45942,22907,38919,50075,31300,30778,23094,71915,51027,34044,21317,56014,21705,50948,25703,52848
PC P-36:1 or PC O-36:2 A,13236,16357,21088,42675,23045,12898,21190,17281,17662,14158,20873,25483,14842,19094,17338,10245,18423,12209,9267,13229,22380,6261,19076,16680,20073,22351,16758,18428,24091,21693,37707,17551,17285,11388,22201,13150,15716,18591,14845,24695,24251,26994,9894,21167,15176,24983,15120,32637
PC P-36:1 or PC O-36:2 B,2725,5287,3288,8916,5056,3497,4554,3436,2971,3369,5031,4672,3512,4346,3924,2355,4704,4243,3165,3003,4715,2628,4540,3308,5429,5465,5733,4221,4565,4529,9074,4477,4706,2901,6042,3722,4213,4491,3704,5583,6043,5777,2655,5899,4284,5473,4229,8811
PC P-36:2 or PC O-36:3,4462,6904,5732,14250,6885,7269,8442,4986,5180,4525,7687,7248,5406,8840,4706,3385,6587,3662,5892,4550,9775,4601,8098,5552,6620,9389,6219,7432,6687,6353,9735,8834,7797,4140,8085,7180,6082,6915,4690,11516,9776,6841,5304,9666,4169,8891,4555,10231
PC P-36:3 or PC O-36:4,37501,49249,79709,144177,59772,46551,79375,39362,68324,55912,54438,59185,49128,57681,76258,27938,34501,48220,37442,50944,94881,33253,88701,50861,40088,72085,32315,65292,58750,46837,93637,47027,58970,32307,42372,56420,33094,42583,40853,122291,67223,55619,48432,54023,29427,85661,38889,61400
PC P-36:4 or PC O-36:5,12676,19168,24438,62584,23481,29573,31889,13964,19468,16627,19641,21023,19983,23650,28693,9951,11854,17504,21252,12008,53475,20210,37043,18944,16280,43481,16549,28385,24953,20582,33135,24882,29404,14441,21202,33165,18356,19811,17916,47528,28050,23927,23213,31005,16832,42922,15320,29940
PC P-38:3 or PC O-38:4 Isomer B,9891,17800,26724,55422,22487,16379,28172,11761,22284,19814,20250,24737,17668,18422,23902,11845,9750,17540,13000,11409,31100,9097,21738,14600,13626,28268,13167,23064,24949,16083,29400,18694,15993,9135,14076,17854,11166,16294,16683,30155,22805,22078,14420,20104,12189,32389,12013,24128
PC P-38:4 or PC O-38:5 Isomer A,32719,23596,42390,88309,53680,22792,45289,26556,55724,38964,35038,30984,27024,32922,43098,13245,12629,23874,24828,30569,62314,24192,52091,24935,23434,48032,18551,31480,32780,41588,58393,31120,24321,22677,28407,28975,24869,28535,24415,63158,40691,33705,29663,34496,19122,61934,19612,38171
PC P-40:4 or PC O-40:5,3067,3021,4960,8746,6363,3650,4431,3758,5185,3948,3671,4047,3587,4982,4123,2702,2126,3941,4045,3384,8074,2320,4150,3351,3077,6140,3229,4107,5105,4532,7065,3728,3289,2868,3983,3665,3117,3858,4256,5172,4969,4941,3318,5203,2343,6003,2254,5973
PC P-40:5 or PC O-40:6,1745,2142,2697,5439,3110,3100,2958,2121,3777,2946,3418,3438,3525,2999,2866,1453,1639,3666,2899,3116,6034,1904,5775,2179,3917,3515,2104,3912,2771,3044,3576,3040,2432,1915,3034,2935,2292,2254,2562,5075,3657,3486,2859,3582,2271,3269,2781,2996
PC P-42:2 or PC O-42:3,1730,2193,3700,5578,4340,1623,3125,3451,2217,2557,1985,4065,3247,1889,2225,2001,2667,1714,1743,2529,2309,1754,2759,2319,2312,3022,2039,2239,3220,2871,4351,2486,2469,2065,3832,2250,3468,2840,2271,2594,3510,4062,2068,2030,2670,2496,2047,3562
PC P-42:4 or PC O-42:5,1598,1333,2506,4116,3235,1842,2278,2290,2803,1655,1647,2143,2315,2341,1759,1248,1407,1550,1160,1995,4812,2036,2494,1801,1930,2520,1702,2759,2550,3300,4115,2172,1698,1660,2450,1361,2063,2144,2574,2162,2999,2206,2096,2514,2106,3316,1510,2380
PC P-42:5 or PC O-42:6 Isomer A,1159,1759,2064,3578,2508,1666,1356,1767,1834,1765,1233,2438,1994,2045,1610,1092,1564,1287,1628,1093,2475,1628,2233,1770,2141,2337,1903,1792,2765,2448,3282,2058,1662,1437,2717,1591,2011,2031,2052,2409,1920,2151,2092,1853,1359,2299,1340,2467
PC P-44:4 or PC O-44:5,1830,1704,2414,4147,4264,1699,2245,2383,3253,3195,2483,2536,2278,2591,2404,1702,1888,2583,1644,2030,4007,1774,2677,2262,2495,3043,2227,2368,2632,4037,4066,2544,1874,1362,2717,1460,2174,2655,3246,2855,3549,3558,1852,2565,2760,3125,1830,3081
PE 16:1_18:1,1030,1546,1971,5450,1105,1898,2230,404,734,1249,1985,2896,1429,2129,1488,865,1372,1239,2411,1046,1790,1106,1549,1458,2140,2255,1582,1016,1398,1769,2541,933,1228,1334,1063,1194,1061,1182,1118,1922,1924,1480,1211,991,1065,1128,526,2231
PE 34:1,2210,3584,4111,11767,2416,4309,4862,1072,1632,2358,5550,7300,3150,4649,3845,1619,5199,3314,4846,1627,4852,2620,4720,4285,5919,4426,3648,2293,3786,3585,7581,2085,2342,3413,2586,2816,2665,2625,2641,4034,5293,4386,2621,2082,2323,2228,1667,4607
PE 34:2,4189,6805,8073,28585,4680,10509,8507,2143,2968,4945,9086,13094,4843,7669,6939,3462,6366,5211,10668,3227,8253,6079,7259,6343,7635,9088,5641,3296,6073,6464,11184,3670,5195,4996,4106,4977,4250,4863,6639,6978,10288,7597,5259,3425,3693,4443,3026,10328
PE 36:1,5920,11195,12922,38438,9570,11226,11470,3236,5035,7691,18173,24022,9955,10431,13611,5459,19426,10678,13865,5489,10480,6990,14053,9105,19761,12618,12369,6796,11677,8904,21629,7509,7591,7169,8634,8704,7480,7594,9048,13799,13168,15493,7265,6516,6398,6691,3905,16142
PE 36:2,9165,10958,14642,52012,10797,12355,14881,3468,6236,8678,22340,26297,12271,13246,14878,6472,16831,11826,17825,7415,12985,8346,14722,10254,19315,15832,11636,8366,11893,12463,19927,8160,8374,7870,8040,9190,8731,8094,10168,13512,15766,14488,8744,6334,6388,8376,4999,16325
PE 36:3,1297,1187,1524,4912,864,1196,1505,242,513,1072,2007,1350,784,1437,1241,1037,1055,1186,1316,594,1213,1036,1059,1022,1132,1231,924,688,1072,1400,1084,1103,1090,689,669,967,846,888,883,1239,1301,872,1137,808,856,845,496,1236
PE 36:4,5987,7355,17958,47629,6847,13433,14053,1888,5919,8509,15042,15103,8108,9430,13883,4582,6432,8093,18272,4092,12707,8365,17285,7108,11245,14327,6047,5226,8302,5828,14866,4876,5569,6459,3760,7621,4376,7289,5601,9668,10933,10456,9325,6068,6439,6619,4418,9576
PE 38:4,667,1035,2017,4813,999,1301,1770,490,697,1552,1735,1442,1251,1052,1443,817,928,1266,2391,497,1450,1041,1521,827,1116,2043,996,817,1002,986,1473,883,1067,795,750,1095,1209,850,750,1461,1948,936,1304,696,989,684,659,1354
PE 38:5,792,909,1525,3412,818,772,1182,363,721,1074,1610,1096,826,799,1280,504,431,900,1459,452,1148,718,1396,829,975,1088,807,581,1035,962,1091,729,644,591,602,728,481,732,435,1203,1101,787,863,544,653,777,318,861
PE 38:6,2181,2700,4762,12583,1842,5345,4602,887,1714,3707,8155,4711,4153,2679,3503,1999,1933,3050,8877,1997,7149,3764,5808,2542,4820,4292,2839,1934,2553,2630,5212,2373,2069,2655,2077,2351,1981,2139,1556,4537,5333,5563,3786,2033,2121,1516,1105,2421
PE 38:6 Isomer B,755,565,685,1328,532,687,967,358,293,787,717,669,535,470,589,414,535,687,1017,655,840,520,939,492,691,753,758,545,725,361,976,522,500,749,363,512,622,488,806,674,714,717,651,513,784,551,575,640
PE O-16:1_18:1,3662,5165,6140,20380,4383,8423,6059,2465,3789,3931,6422,9534,4091,5102,8221,3069,6201,4840,8883,2728,6965,7946,7567,4771,7710,7048,6119,3122,5495,5099,8642,3961,3916,2766,4053,4655,3999,4304,4353,6101,6042,7378,3931,3994,3851,3447,3102,7435
PE O-16:1_18:2,1661,2036,2622,6896,1456,3024,2944,1798,1195,2301,2566,2637,1573,2287,1943,1267,1925,1411,3517,1036,2894,2855,2345,1107,1928,2644,2231,2039,1845,1193,2123,1666,1863,1617,1345,2797,1351,1856,1119,2394,1875,1230,2034,1465,1033,1292,2031,2822
PE O-16:1_22:6,1256,1560,2343,7622,719,3500,1844,857,1573,3055,2109,2326,2189,1499,2721,1235,1262,1494,4264,1571,3277,3290,4626,1249,2632,2387,1550,1669,1464,1911,2578,1830,1505,1951,1214,1528,1582,1617,1414,2427,2368,3094,2101,1416,1507,1637,1217,2046
PE O-18:1_16:0,395,216,177,141,136,410,157,116,131,295,170,103,132,258,261,117,240,213,301,156,93,222,190,110,85,136,139,326,0,144,216,81,182,210,173,149,237,253,315,90,103,166,245,155,187,230,242,189
PE O-18:1_22:6,285,440,469,1605,462,841,687,280,385,542,548,503,543,384,607,432,297,537,982,547,924,638,852,445,560,495,608,450,527,467,842,672,526,522,563,478,568,393,270,501,865,576,516,453,619,410,433,518
PE O-38:6 Isomer A,401,862,1131,2995,947,1493,1450,388,704,1137,913,1233,588,1134,1155,314,436,850,2005,773,1309,1634,1369,960,1301,1472,612,495,784,859,1172,598,1089,796,839,773,778,767,965,899,932,687,1005,888,695,599,700,987
PE O-40:4,247,344,636,1441,441,632,650,218,274,462,488,574,477,351,557,369,262,260,713,216,542,482,458,409,388,625,217,309,470,295,513,288,242,247,409,349,394,406,426,375,530,444,408,296,248,542,347,532
PE O-40:5 Isomer B,357,983,1303,3989,666,1416,1164,246,494,777,897,999,865,1071,1007,586,729,743,938,308,702,1092,795,730,776,1370,649,529,785,393,1057,788,490,352,406,941,445,614,677,628,739,1144,561,421,638,892,298,1095
PE O-40:6 Isomer B,259,476,890,1951,394,714,628,58,307,512,859,610,570,438,635,334,377,492,1246,266,682,703,571,442,558,757,503,472,296,384,448,565,307,339,323,390,349,554,514,551,671,505,481,452,281,318,291,855
PE P-34:1 or PE O-34:2,652,965,1112,2950,979,1189,1114,322,548,782,1014,1459,1195,1294,1407,481,1399,1202,1490,496,1007,1056,1077,1001,1606,1141,996,650,855,994,1434,894,1202,729,730,1081,734,1194,708,946,863,1274,933,732,774,897,697,1229
PE P-36:1 or PE O-36:2,2553,4317,5244,16101,4187,7498,4472,2316,2712,3578,5261,8917,3829,4283,5959,1913,5363,4124,7768,2929,5906,5493,6741,2900,7403,6347,4291,3137,4709,3477,7208,3190,3575,2135,3317,4074,2771,3042,3606,5011,4917,6449,2741,3202,3024,2484,2786,6891
PE P-36:2 or PE O-36:3,1536,2898,4003,10555,2147,4248,3760,1112,1828,2359,2858,4511,1868,4089,3111,1666,3438,2283,4833,2056,3138,3406,3822,1659,4524,3871,2934,1624,2264,1943,3770,2108,2587,1654,1996,2357,2508,1790,2780,2906,2792,3123,2161,2098,2061,1762,1585,4191
PE P-36:4 or PE O-36:5,2435,5528,11333,32775,3402,15239,8926,1223,2395,6614,7270,8787,5482,5677,10123,3153,3912,4125,15002,2451,9180,11270,9839,2990,8100,8479,4416,3480,4967,3777,10117,3944,4997,2865,3155,5305,2655,3357,4053,8266,7063,5685,4355,3465,2931,4265,2442,9197
PE P-38:4 or PE O-38:5,700,1857,2692,8128,1320,3715,2560,653,1111,2055,1876,2291,1633,2165,2230,1071,1186,1625,3345,951,2795,2440,2277,1292,2415,2602,1677,1474,1481,1317,2591,1522,1584,1232,1374,2148,1396,1249,1491,2098,2091,1392,1362,1352,1027,1376,955,2137
PE P-38:5 or PE O-38:6,2378,4471,8474,25105,3222,10556,7705,1716,2018,4840,6551,6336,3137,4705,6250,3177,2458,3715,13220,3255,7122,9504,8142,2749,5860,7354,3614,3672,3390,3465,6647,4111,3590,2542,2577,3713,2569,3479,3909,5071,4982,3642,3472,2667,3291,2889,2611,6405
PE P-40:4 or PE O-40:5 Isomer A,1848,4461,7454,25980,3333,8319,5529,1380,1973,3752,4593,5749,4075,3754,5581,2218,3199,3742,10940,1431,5893,4713,4651,3152,4664,7739,3103,2350,4327,1869,6815,2823,3297,2228,2413,3658,2047,2289,3103,3453,4679,4039,4635,2803,2784,3026,1417,6410
PE-O 18:1_22:6,1153,2216,3185,12786,1342,6043,2580,1387,2375,4122,4515,3853,3311,1970,3349,1559,2347,1830,8924,2585,4478,4376,5517,1719,4747,4461,2618,2545,2326,1847,3775,2587,2162,2661,1872,2693,2079,1633,2079,3640,4029,3158,2432,1813,2166,2208,1382,2925
PEtOH 16:0_16:0,1124,561,361,463,225,6767,707,494,325,348,270,296,184,292,181,312,274,192,6028,403,253,2110,278,420,351,251,443,359,223,353,323,252,396,901,407,716,143,374,405,339,249,183,254,194,1003,432,358,644
PEtOH 16:0_16:1,556,653,252,396,321,3541,250,176,234,222,200,276,149,299,281,260,272,255,1550,149,251,739,318,367,332,252,374,427,189,242,154,194,517,375,250,503,164,309,359,191,189,231,213,322,856,400,275,623
PEtOH 16:0_18:1,5783,655,134,2825,110,72568,2554,1999,77,45,982,82,174,1548,306,1149,558,157,37405,235,336,12211,322,1137,639,49,614,249,287,328,122,383,706,4349,197,3507,538,721,241,218,105,258,264,597,7059,363,1126,1197
PEtOH 16:0_20:4,1500,324,283,677,263,14565,941,475,395,365,538,632,348,368,353,678,445,464,11322,209,324,4091,274,438,306,278,605,277,532,609,414,577,292,845,264,1085,421,301,426,315,504,492,268,282,1169,512,429,506
PEtOH 16:1_16:1,910,3747,883,1760,454,2338,1141,898,822,386,1147,1020,629,1098,810,1102,1112,409,427,516,828,2912,722,1673,812,701,1186,1536,1090,1041,1036,581,2223,2237,942,1361,562,1016,1833,906,963,924,639,1026,1450,1312,1747,4015
PEtOH 16:1_18:1,6985,787,238,4712,421,128823,4075,2108,460,272,936,232,195,1662,342,1995,713,142,68901,690,382,16905,361,1293,510,203,732,253,402,272,252,297,866,5156,229,4164,695,575,236,208,105,190,251,370,7392,611,1093,1391
PEtOH 18:1_18:1,2202,279,222,1619,128,24171,1336,1090,235,197,392,279,192,666,190,567,341,254,12748,228,187,3700,236,398,431,321,280,245,207,274,327,148,356,1190,194,1188,294,226,220,135,159,149,211,239,1732,162,314,503
PEtOH 18:1_20:4,1206,282,163,686,132,6740,843,374,217,162,192,307,126,365,132,290,281,157,6000,125,202,2363,266,180,78,228,313,242,192,87,345,126,415,941,164,1343,259,229,186,154,142,283,201,275,971,265,321,502
PEtOH 36:1,1178,333,81,1460,68,10344,841,759,180,55,374,273,214,416,133,364,175,205,6220,53,232,2278,172,545,462,204,377,183,109,148,348,135,357,869,227,951,320,303,274,109,138,146,159,190,1353,174,342,274
PFAP-FT_diPAP,327,0,327,119,0,51,211,214,187,106,59,48,77,0,48,50,32,0,0,344,122,358,119,101,93,0,0,47,66,77,113,42,0,0,83,0,36,51,35,42,0,0,0,31,44,0,174,64
PGE2,1257,1586,722,976,703,2458,925,1229,808,453,1138,1301,1148,1565,921,1057,1149,893,2967,999,972,1445,997,1741,1151,974,1581,1402,909,817,1355,1495,2042,1314,1023,2128,1417,1767,1666,1084,1060,1152,964,1353,1814,987,1642,2243
Phosphatidylethanolamine alkenyl 16:0-20:4,434,914,1392,4069,1053,2041,1452,318,598,1138,1078,1146,1081,998,1284,697,731,748,1951,673,1224,1265,1113,882,1628,1751,1161,731,764,821,1433,662,874,923,662,1308,804,796,976,1214,1124,893,1081,780,748,922,464,1423
Phosphatidylethanolamine alkenyl 18:0-18:2,202,626,776,1506,623,885,715,303,312,374,769,816,587,633,579,573,525,449,955,379,709,559,618,536,597,848,743,445,505,587,665,624,544,490,601,500,515,517,475,640,562,842,397,554,431,648,331,950
PI 16:0_16:0,206,618,79,709,214,493,263,497,221,223,357,495,376,404,571,88,442,518,271,141,529,129,338,356,267,390,473,457,594,387,359,395,254,280,428,204,231,277,289,328,682,1010,184,528,400,246,73,371
PI 18:0_20:4,4132,4847,6940,6342,6759,3219,5379,3417,4825,5502,3336,5171,4092,3224,3859,2431,2046,4542,2832,4401,7172,2547,4538,2581,3398,5234,2700,3942,4659,4988,11306,2945,2185,2202,3879,2257,3436,3400,3520,5487,4344,4819,4074,4507,4332,6044,2282,2455
PI 32:1,555,758,639,582,760,499,553,859,617,335,499,919,659,530,526,438,795,592,210,718,729,401,621,622,1028,715,671,664,1122,1021,745,675,603,762,805,583,686,674,771,965,899,956,558,824,588,495,765,985
PI 34:1 Isomer A,1054,1377,1595,3584,961,1643,1496,1148,1157,1945,2220,1664,1235,958,1549,701,1373,1185,1916,1930,1868,1526,1694,1142,1575,1194,1166,1282,1384,1172,2554,1192,1115,1257,1297,1094,821,1136,1649,1758,2509,2322,940,1141,1148,1039,1133,1773
PI 34:2,1348,1708,1852,1810,1089,1035,903,1744,1449,1149,1566,2428,1193,978,1699,934,1457,1289,963,1296,1425,787,1696,1399,1821,1457,1452,1520,1855,1844,2377,1484,1194,1020,2052,993,1480,1396,1262,1751,1570,1676,1049,1305,999,1092,1121,1238
PI 34:2 Isomer B,1240,1166,1478,1352,1338,745,1230,1052,1166,819,1098,1382,1143,826,1188,709,1286,943,716,1045,1249,645,1077,995,1191,1087,1315,953,1270,1091,1349,1147,1057,905,1798,667,1081,997,1027,1173,1215,1725,696,1037,795,924,845,763
PI 36:1 Isomer A,894,978,803,879,1174,736,744,1242,876,666,832,1382,1193,615,880,435,1209,671,409,1450,1268,590,962,732,1211,972,1004,791,1016,1048,1188,1487,966,761,951,815,817,561,957,1092,1481,1532,739,1168,775,1088,901,1048
PI 36:4,666,958,1087,1375,743,738,715,461,800,781,723,772,796,455,792,407,523,806,644,752,955,420,520,614,780,858,726,646,701,857,1198,702,384,620,746,421,707,855,793,610,709,862,556,706,813,1049,469,533
PI 38:3,1226,821,1104,1829,966,720,1247,748,1051,758,955,1420,981,901,823,516,580,489,647,688,872,454,1018,625,1105,858,731,778,1081,1536,1211,709,609,485,963,502,534,796,803,950,976,1540,862,1017,768,769,569,632
PI 38:4,2910,4109,5168,6828,4672,2542,3986,2011,5175,3628,2542,4262,3153,1959,2726,1622,1455,2668,1741,3123,4967,1562,2835,1836,3256,4164,1500,2818,3479,3500,6938,2360,1749,1947,3367,1687,2075,2360,2340,3636,3528,3185,2708,3280,2737,4979,1612,2504
PMeOH 16:0_18:1,107,331,106,205,283,735,83,38,120,104,132,702,193,69,127,117,697,228,1009,63,230,306,636,108,291,444,503,265,427,240,744,536,153,387,231,245,301,319,154,296,211,316,126,543,251,65,167,324
PS 16:0_22:4,3134,4398,9398,17124,4349,7372,7693,1939,4848,6744,7046,6597,3474,3395,4945,2676,1952,3631,7019,3133,4475,7155,4830,3200,4000,6777,2811,3695,4806,4072,6926,2687,2972,2877,3194,3597,2455,2652,3452,4053,4329,3729,3229,2500,3329,5062,2824,6435
PS 18:0_22:6,784,650,1749,4175,718,1738,1215,472,1114,1411,1873,931,914,701,999,370,566,624,2002,1350,1719,2001,1758,1100,1335,1073,733,1022,964,1328,1650,850,954,843,988,1098,880,1085,524,1666,1774,1074,1133,930,1274,579,636,955
PS 36:1,1536,2416,4756,6799,2637,2659,3097,1630,2260,2637,3729,3561,3271,1710,2785,1854,3347,2198,2156,2549,2700,2970,2591,2885,3467,2910,2571,2610,3077,2592,5130,1854,2339,1965,2832,2637,2005,2875,2227,2600,3705,3557,2174,2501,2377,2164,1630,4868
PS 36:2,1398,2434,2012,4124,884,2687,1251,757,952,1044,1458,1097,1080,910,837,830,1226,870,2633,1067,2909,1287,2066,1664,1293,2352,839,890,1134,2552,1595,699,791,1090,1027,640,1034,801,705,1135,1142,1003,770,956,716,755,759,1510
PS 38:3,933,858,1485,3755,767,1097,1212,436,628,871,1429,1402,518,1328,927,364,649,630,1583,730,1171,1003,1243,763,688,827,465,480,693,1176,704,683,512,507,512,498,367,744,512,764,958,626,449,450,418,620,512,1017
PS 40:4,961,936,1926,3489,1152,1263,1318,487,1151,826,1268,988,929,665,1568,725,503,773,1946,458,1232,1405,708,733,946,1409,766,940,912,784,1287,1018,868,563,611,584,725,562,747,717,849,861,1079,635,1037,1045,664,1157
SHexCer 34:1;3O,1148,1151,734,1435,1147,1059,1082,1127,1210,900,1199,773,759,1151,745,850,1074,1010,727,935,1074,1144,1181,1100,1169,1268,1384,1195,1381,873,977,878,1179,1420,1100,1173,1007,1228,1049,938,1210,1376,800,1333,1221,1060,855,1353
SHexCer d34:1,1140,972,722,1331,996,1150,794,840,726,1014,1272,852,966,1045,763,577,1199,1184,815,888,824,1069,1086,668,834,1088,1249,1065,832,776,1062,796,1058,1129,1155,835,1228,1103,543,686,890,990,596,1265,975,1026,1001,907
SM 12:1;2O/32:8,5632,7613,8626,9295,14257,4705,6620,8473,10968,3578,4354,6745,6860,4232,6236,3222,6690,6190,3263,4087,11554,2967,8182,4301,5862,8111,6983,6600,10033,6282,14126,7403,7419,4852,8701,5789,8374,6040,5968,7099,5868,6860,7345,5662,6842,7164,5467,8469
SM 16:1;2O/16:0,564,659,960,716,490,673,413,539,836,367,660,891,545,584,465,662,803,485,450,700,851,741,722,665,673,895,800,819,815,659,647,583,952,519,689,722,654,757,626,535,869,623,611,604,658,715,755,943
SM 18:0;2O/21:0,3916,5663,5414,8998,5658,4585,3316,6832,6078,3292,5144,6788,3774,5346,6190,4274,7227,4119,3473,6830,7416,3880,6139,3343,5311,4821,7084,8038,8147,4642,7123,5734,5005,4184,6185,6929,5345,5595,7811,6510,6864,6956,5328,7861,5364,5855,3981,8151
SM 20:0;2O/22:3,435,468,607,660,611,654,563,544,562,379,787,544,559,669,405,408,462,400,553,212,726,313,569,686,561,498,616,506,484,570,915,709,654,555,537,678,658,577,552,501,476,613,545,687,647,570,488,854
SM 20:3;2O/24:0,25649,30997,27855,35381,34089,24513,21222,32848,17276,10964,23710,32566,18071,20570,27658,10581,29941,16830,23128,11460,29520,15101,31658,36528,33179,23096,24404,21309,30446,26838,66543,20457,24265,25253,39155,26081,35295,28282,17105,26947,30565,25232,21074,27401,35379,25261,23820,37246
SM 22:1;2O/12:0,2322,2743,2635,2950,2729,2463,2983,2420,2206,2138,3321,2360,2140,3045,2230,2179,2431,2175,1630,2525,3051,2260,2343,2507,2601,2267,2234,2681,2663,2429,3544,2446,2707,2784,2987,2651,2463,2649,2316,2851,3020,2764,1816,2940,2861,2681,2688,2737
SM 24:1,795599,909705,661810,1187572,901341,746909,625149,929376,663361,296498,886758,1026209,615625,652856,1054333,338783,1041354,544585,592814,434351,925552,448010,918267,990073,1069760,653058,794236,718466,1011275,920823,1715961,636242,835574,641833,1128963,832455,947059,876617,896803,934871,977234,1141337,596694,893812,1188588,813789,814435,1121073
SM 25:2;2O/15:1,13878,17621,21654,32244,19773,16378,15279,21186,22267,15773,19187,17220,14286,22611,20804,10909,20913,14898,14134,10755,27033,12485,21090,20563,19012,16536,19456,19685,25149,18364,32614,14765,15951,16595,25131,20335,18873,21480,20227,23136,18704,17431,16809,20718,20396,18959,13684,24659
SM 26:0;2O/18:1,991,1143,1118,1155,1105,983,1265,862,952,651,1056,1014,936,1069,1247,708,1257,973,674,932,1100,797,1030,1140,982,1128,1128,1148,1108,769,1205,1382,806,996,1055,1129,1071,1242,983,1284,988,1240,687,1197,947,1205,803,1205
SM 30:2;2O (FA 14:0),1589,1319,2311,3047,2031,1405,2056,2367,1582,1447,1464,2645,1741,1957,1974,1285,1490,1263,762,1576,1614,749,2358,1852,1892,2844,1781,1424,2689,2741,3189,2236,1511,1350,2801,1544,2232,1838,1215,1686,1876,2612,1592,2189,2688,1644,1861,2137
SM 32:0;3O,3600,3704,5039,4828,3602,5342,3036,5586,3419,3031,5374,5077,3827,4286,3708,3273,5300,3765,2448,3951,4864,3646,4945,4557,4401,4016,5300,5919,4987,4887,4742,3565,4126,5308,4361,4722,4320,4413,4542,4597,5405,6822,3145,4442,4023,3819,4364,6731
SM 34:0;3O,28997,21780,13985,24048,17857,17626,15679,14735,12096,8435,23341,21573,9548,19960,17822,10924,31506,14293,14992,16194,16849,24972,22539,19120,22284,21077,21483,18536,14655,17413,30683,20982,19873,21305,20310,18833,22259,21786,14438,37827,18480,17087,8453,18074,14118,21215,29913,27667
SM 34:2;3O,4786,5388,4589,5288,4490,4356,3164,6947,5365,2939,7148,3923,5353,6869,6035,3335,8649,4302,2430,4655,6249,3369,6597,7169,7780,4813,5496,6475,6987,6312,8706,6476,7084,5669,11486,4865,7292,7966,6114,8042,9285,8246,3663,7497,7632,4855,6038,6556
SM 35:1;2O,4005,4431,3970,4969,4055,3102,3068,2889,3646,3083,4715,3684,4107,4417,4221,3545,4777,3515,3003,4207,4728,3978,4453,3753,4021,3853,3387,6561,4131,3156,7211,4804,5402,2654,5039,4780,3351,5243,2537,5104,4932,3876,4663,4165,4738,4691,1229,5408
SM 38:4;3O,19165,23215,35864,72389,28736,23780,38978,19354,32465,26512,26228,29216,24924,28878,38634,13969,16030,23426,18414,24060,44665,16728,45542,23974,20732,36185,16485,32047,29070,23553,50363,23488,28162,16113,21019,25532,16351,20201,19353,62459,33738,27009,23299,27533,15304,42226,19030,33968
SM 42:0;3O,3793,3982,2738,4594,4000,3479,2611,5083,3381,1843,3331,5098,2882,2741,3620,2522,3989,3809,3003,3484,3031,2347,3616,3720,4072,3302,4394,3292,3989,2830,4944,3692,2453,4038,3645,3944,3558,2971,2975,3513,3659,4183,2154,3287,3060,3361,3171,3866
SM 42:1;3O,6287,6984,4835,7549,7076,5263,4778,7972,5240,3084,6374,6103,4593,6342,6376,3398,8008,5099,3612,4625,6802,3991,6831,5740,8060,5385,6342,5456,9237,6993,11170,6971,5838,5648,9751,6670,8154,6258,5870,8452,7705,7213,4761,7300,7709,5575,7258,8923
SM 42:2;3O,4414,3760,3891,4816,5067,2995,3272,5215,5736,2685,4133,5461,3278,4227,5101,2786,6116,4289,1936,3436,3781,3165,6348,4421,5164,3131,5201,4365,4733,4108,8470,4892,5448,4379,6265,4768,5245,5880,4606,5729,6703,6409,2936,5598,5831,3765,4402,5380
SM 42:5;3O,2441,1842,3085,5414,3362,2323,2868,2156,3375,3066,2978,2396,2707,3005,3029,1423,2004,2360,2101,2256,4432,1596,2942,2186,2326,3165,2734,2414,3351,2927,3987,2166,2438,1884,2475,1873,2394,2216,2710,2952,3281,3598,2038,2729,2406,3583,1940,2080
SM 42:7;3O,854,7885,985,5833,3953,1341,1217,5345,1857,1820,3602,31694,3233,1912,1312,951,27361,2052,769,1764,3612,851,6321,993,16473,1433,15950,4162,10785,1685,42339,4496,4152,1448,7777,3959,2850,1484,2636,4742,3943,6595,2935,15695,1371,2159,1994,5092
SM 44:1;2O,5118,6014,4572,6576,6686,5126,3939,6267,4687,2698,5682,5648,4119,4758,4725,3781,7253,5074,4728,4939,5132,4596,5821,5404,5101,4827,6144,5144,5186,4430,8180,5362,5542,4537,5898,6042,4727,5558,3516,4920,7799,6498,3727,4704,5246,4758,5035,6764
SM 46:5;3O,1286,1735,1968,2959,2801,1255,1736,1996,2307,1669,1914,1666,1518,1588,2094,1230,1411,1583,1052,1547,2370,1241,2083,1641,1259,3096,1284,1533,2623,2095,2768,1739,1102,1016,1994,1279,2151,1968,1605,1829,2133,2295,1846,1382,1564,2326,1398,1598
SM d30:1,4916,4011,3120,4895,2898,2561,2391,4736,4093,1933,3490,6106,2257,3617,3343,2437,7071,3276,1993,4072,5086,3166,5245,3250,3419,2594,4828,5114,4593,3289,3603,4049,3869,4138,2971,5057,4271,5012,5633,3300,4633,4731,2934,4505,3962,2473,2938,4693
SM d31:1,3575,3241,2893,3494,3039,2826,2059,3275,3591,1882,2786,4472,2600,3411,2656,2446,5391,3642,1894,2949,5211,2866,3710,2246,3864,2630,3385,4794,3943,2843,3600,3084,3571,2726,2853,3184,3521,4572,4103,2526,4192,3843,3382,3738,3224,2015,2321,4340
SM d32:1,5333,6381,4811,7540,4411,4031,4253,6078,7128,3122,4706,6533,4161,6035,5137,4440,6813,5423,3212,6264,7277,4784,6100,5435,4721,5261,5925,7200,5810,5505,5724,6166,4958,5675,4894,5866,4808,7259,6291,5839,6559,5729,4075,4924,5756,3799,3721,7698
SM d32:2,6663,7690,7273,10009,6207,5180,4752,8153,8611,3761,6783,11209,3798,6392,6960,3541,10309,5307,3865,3838,8305,4628,9147,6026,6139,5334,8339,5916,7876,7637,10462,6970,7336,6211,6702,6706,7778,9252,8691,5913,7829,8865,6107,7276,6814,5475,4010,10594
SM d33:1,123521,212471,144999,285065,160983,135108,125875,153185,159154,92270,177368,172098,115575,165245,177998,110115,215432,147559,106708,182921,179657,138525,178144,167165,156934,149497,165890,243287,200181,136378,216223,166426,186707,144611,182455,178397,138000,169790,188114,195242,206843,164337,114304,179952,164161,178193,149120,249155
SM d34:0,85056,86179,78946,104624,67608,109181,56755,89489,69674,49847,77429,70283,50143,83055,67819,51628,95271,74681,71565,66901,77730,64739,80733,99065,88626,68581,117773,74606,77370,70651,123393,67656,68479,68433,88009,82146,82824,88677,67446,102774,84592,74387,42373,77395,76602,77382,87178,91735
SM d34:1,30987,31845,30208,38384,34068,28247,31024,25741,27980,22260,33706,28911,26179,35098,25374,21761,33985,25731,23800,31141,36739,25841,27443,29256,35021,31202,28429,34876,32474,30439,47567,31008,31868,28352,40607,32370,30631,30445,29568,39568,36682,30457,21176,36654,32297,35256,31413,35808
SM d34:2,69735,88039,74208,135876,90471,72632,68840,71620,86647,44728,86749,99259,57687,84894,87020,37883,98546,69366,40471,52169,101983,56754,93979,80421,81906,76724,76289,77408,92717,78405,175765,83894,86803,66956,99894,84711,71778,92059,80046,116442,93427,94215,48524,104575,86720,105106,63780,122787
SM d35:1,44440,69376,63380,93164,58934,48392,47875,49392,55497,47670,66759,57285,46929,57065,62429,33364,73951,56008,44015,61184,72614,43490,73447,56057,69110,55647,62845,95574,71685,50179,104834,52109,62662,45816,81162,61225,49402,68166,58121,77474,83200,59768,47654,69085,71769,68336,54949,90549
SM d35:2,13826,22675,17747,27067,18493,16737,16648,16737,20625,13361,21661,20587,15739,18440,22088,10919,20256,18525,11918,14504,23928,15838,24064,18269,18539,19150,18523,24926,22827,18622,32643,18068,26419,16129,26117,19285,18449,21393,18833,23881,22759,18537,17616,21456,23066,25271,18620,32137
SM d36:0 Isomer A,31707,48861,45386,61167,38702,36934,28253,39505,39123,35467,52359,40543,41917,39361,49299,21798,54395,37824,32696,44601,52068,34148,44657,41377,54924,34163,47479,60173,48370,35882,87086,32045,42944,30478,62491,51833,39458,48566,40525,55454,51399,40556,34894,52044,57483,52416,34951,59051
SM d36:0 Isomer B,19904,23469,28760,30771,18726,35191,14585,22183,23821,20709,21869,21600,19265,20425,25096,13296,24010,21894,20530,21469,17905,17168,18508,22583,26982,14745,31567,23157,24501,15283,53926,11267,16653,13043,39725,26221,16409,21394,21133,31771,26791,17839,17555,15878,28075,19867,17289,26258
SM d36:1,144278,235898,207805,296188,190098,174944,133833,176409,180331,156279,244443,185406,199155,188331,223758,100362,254097,180550,150859,202112,247155,150203,207622,198235,251145,170953,223286,287102,228886,168199,423941,163217,200820,154525,296587,243913,184831,230834,196314,260389,245175,191751,168695,250987,266637,233218,177521,274477
SM d36:2,39418,76565,60847,101300,64075,57115,49962,42531,61543,55191,79465,64480,54453,57861,72651,27482,72571,55373,36086,43074,90807,42659,78752,60468,72676,54242,59190,80887,69923,55137,170674,48373,74398,44944,109190,68169,52576,73075,53373,92300,73734,61491,53219,86649,81380,91782,54729,90280
SM d37:1 Isomer B,12453,18374,15699,29271,17776,14408,13840,18398,17817,13839,17655,17178,15524,15583,19017,8644,21742,16684,12692,16180,27224,14293,20224,13309,17283,13716,20148,24561,22406,16175,28567,15168,17773,15118,23828,20283,18973,20937,19971,20941,23836,19693,15124,21185,20399,16017,14035,24002
SM d38:0 Isomer A,18860,23408,18428,37380,26303,18677,13202,25590,22955,11013,24127,27740,21312,17139,23168,11018,29172,16590,13136,20344,31689,16074,24546,16697,26644,19926,25474,29582,29848,18965,38886,21901,19854,18321,28295,25625,22322,24436,32201,25306,28610,27507,16490,27541,28410,20538,15468,33567
SM d38:0 Isomer B,5818,7150,7340,8017,7028,11625,5059,8011,7866,5125,6673,7292,7378,6276,7744,5736,7334,5175,5082,6125,6179,3972,6749,5945,7392,5283,9115,7109,8038,5242,11323,4190,6126,4842,9631,7661,6934,6453,7751,7898,7664,6615,5904,6038,7731,4779,4922,11429
SM d38:1,147617,187209,152808,309422,222371,149515,104449,214905,184497,86887,197700,222095,178848,150070,189415,88459,239085,134705,102574,156000,259929,119624,210429,134777,213264,162967,218769,249248,242900,168134,326403,189642,164434,154919,244761,212558,183221,199268,262123,211411,229821,230317,125853,228142,204552,163991,128061,288058
SM d38:2,47573,63762,48402,88747,56402,44436,49020,47955,53798,39756,64994,55277,52367,47457,59521,23455,61040,48860,32246,36182,79948,41168,67133,44733,61291,46303,59290,59987,65373,51581,99031,49750,62923,50956,74938,63954,62288,63046,58407,67037,56365,60784,46288,78747,61538,64870,47812,75398
SM d38:3,2112,3033,4250,5873,3409,3335,3188,3413,4234,4208,4474,3165,3828,3180,3992,1616,3607,3518,2540,1455,4410,3090,4282,3375,3040,2554,3317,3780,4755,3396,5370,2496,4609,2365,5741,3329,3271,3561,2543,3722,3098,3302,3319,3197,3272,3928,2575,4130
SM d39:1,15114,20353,17334,36193,22532,16734,12622,26554,25057,11861,18737,25368,17785,18078,20941,13796,26341,16853,12266,22705,28404,15204,24304,11323,20274,18066,24435,31954,28609,17361,25747,21365,18550,18178,23548,22391,22802,23038,29784,23806,25886,24755,17967,26577,22115,16210,15320,30494
SM d39:2 Isomer B,5377,7782,6184,11390,8733,6036,7013,6666,8164,6255,7180,7320,6023,6858,8675,4004,8639,6315,4770,4967,11133,5274,9625,5082,6910,6096,6705,8628,7840,6304,12425,6627,8480,6849,9897,7444,7479,8905,8652,8786,7160,8983,6514,8888,8959,7365,5181,9058
SM d40:0 Isomer A,81337,107630,95683,148214,120118,98722,60459,105105,77075,45650,107079,116111,78945,82219,114435,54309,126689,79409,69403,80978,106115,62103,96648,93685,109790,94643,119765,122870,114972,83696,166097,96310,96359,80530,126366,119536,95254,112049,133799,130054,134325,127235,60794,97877,115876,88163,77100,164267
SM d40:0 Isomer B,13771,21313,20020,18930,20478,30814,11527,22504,17255,11116,15821,22775,15800,15315,19079,11890,21111,13967,12820,15201,15381,11448,18400,16336,19822,14926,21994,16202,21747,15276,31296,13610,16365,14617,20885,20426,18116,17215,18774,20951,23542,21327,12769,12979,22065,12857,15399,27783
SM d40:1,344788,460720,401238,612983,504370,420869,242393,451411,317408,190204,444618,501609,333363,337508,503381,230427,535913,322082,283094,345925,448478,260802,406262,380129,483859,395101,480075,511146,501551,346226,690691,409049,393716,334265,513249,489583,403270,461466,558160,534704,556824,523699,252462,429164,507514,378074,309246,704556
SM d40:1 Isomer B,6892,9102,8785,11317,10647,9637,8153,8910,7851,6012,9243,9064,8497,9007,8508,6290,9023,8377,6406,8532,9961,6400,7940,8032,9640,9398,10499,10296,9676,7555,12024,9155,8725,7727,10133,11311,8131,9324,10315,10243,10500,9305,6567,9123,10022,7832,7148,12669
SM d40:2 Isomer B,80925,95029,76784,167690,125444,81843,65572,98807,97224,47689,114551,119755,73979,94017,108964,44532,125449,77926,48927,60393,144993,55998,108409,82364,106105,90268,109617,109829,127682,106106,208384,112533,93906,81667,115579,104870,97087,115297,127771,133852,114847,121333,63222,126113,114897,100354,74027,153584
SM d40:4,14550,16150,14819,22029,18383,14961,11454,18146,17382,10148,16461,18078,17075,13860,14891,10328,19498,13854,11624,15929,19607,13708,17201,12442,17458,14251,18244,20615,19674,15976,19658,16131,14501,15427,18028,19150,15615,16051,21018,16207,18235,19567,13791,18012,17489,14417,13374,19646
SM d41:0,13299,17803,16227,27240,19661,14328,11599,21342,16819,8881,16064,19290,14321,14188,17083,11726,19273,13215,11085,16454,19812,11985,17732,10778,17746,13446,21184,21225,20266,14466,22667,16296,14506,14865,19781,17799,17038,17549,18658,18985,20249,20026,11363,19146,16758,14200,15422,23247
SM d41:1,53049,73932,63015,103752,70457,53759,43876,85045,61135,33408,60919,79009,52890,52167,66572,42695,75199,46873,44461,61925,76339,47148,68603,39888,68843,52845,79273,83049,79731,54040,86232,61063,58761,56366,75848,64338,68091,65480,69674,72043,76091,74185,44693,75853,64849,55942,58060,89938
SM d41:2 Isomer A,960,1383,1507,1778,1309,1402,1403,1674,1748,1268,1342,1600,1269,1576,1357,1162,1703,1354,923,1241,1909,1113,1706,1217,1245,1258,1291,1397,1502,1378,1542,1534,1669,1489,1500,1323,1811,1403,1448,1197,1311,1606,1318,1632,1502,1407,1229,1632
SM d41:2 Isomer B,32352,42743,37369,70383,43049,32433,35091,44082,44879,23592,43936,51395,33794,41012,48282,21274,56806,32648,28267,32406,66025,29651,50971,33482,48090,33995,45153,52384,62738,41811,77588,39625,44704,36552,53638,43593,46874,49946,50607,51649,52129,50228,34432,58889,50904,42173,36389,63105
SM d42:0,79857,108884,83139,123854,116732,86949,53689,101579,58405,34196,92875,120667,60899,74749,96084,49032,105814,76183,60632,69127,82901,50843,105945,83960,107628,83020,111930,93039,102055,69992,168530,85046,76084,81228,112556,119925,91516,104597,62299,107771,132611,95231,44416,85945,90248,78535,77065,137934
SM d42:1,15475,18171,14766,18160,19192,16646,15149,16078,12829,8251,17012,18749,13819,17510,16141,10923,16936,15342,12288,14543,18048,11301,16967,15295,17340,15841,18630,15993,15687,13689,25661,15634,14471,16106,18144,20375,16606,16854,12144,18139,21279,18254,11080,15476,16407,14011,15515,20892
SM d42:2 Isomer B,14402,15009,12534,17327,15894,13516,15275,14977,12527,8588,14536,15070,13454,15808,13859,8444,14249,12283,10975,9260,16928,9698,14291,16924,15850,12530,14078,12800,15479,16757,25238,12401,13556,12979,16922,15814,15971,16842,13441,16066,16432,15523,12587,13913,17582,14145,14682,17030
SM d42:3,152321,171318,162157,276023,210393,150425,136761,182045,146118,83981,181302,197968,117352,164995,182447,63624,187400,103265,109042,72867,238151,100635,181577,196828,211921,133588,155334,142869,223171,191723,482940,142283,159044,143535,249004,159946,189701,182632,170897,211170,179546,178075,123558,198966,210101,188006,157086,250691
SM d43:1,514,992,368,1113,752,706,848,1135,642,431,919,736,670,608,745,621,907,774,646,524,557,413,794,547,993,494,967,894,825,398,903,465,682,768,671,1129,690,849,849,965,878,742,580,713,890,558,676,890
SM d43:1 Isomer B,16842,22255,16735,24635,19215,15176,13332,22639,16686,8832,17960,24575,14759,15868,18772,12850,22610,17559,15359,17615,16669,12443,21206,15006,21672,15305,23768,22215,20320,17321,27097,16891,16736,16115,20549,18570,20934,19657,16832,19705,23479,21087,11634,19858,19689,15702,16665,27810
SM d44:1,28526,36526,26629,38483,42634,29230,23638,41749,27838,15251,28614,39172,25509,28618,30343,20904,39834,30223,23929,26930,31362,19598,37107,33128,35818,27960,37600,32689,34267,26194,57626,30561,26687,27613,43953,36384,33455,34267,19166,29999,45546,35837,18171,32725,33953,25920,30513,44172
SM d44:2,901,977,1034,1267,876,878,791,812,854,613,966,912,742,898,716,575,922,682,824,694,1040,690,1244,1061,1393,904,1063,862,833,817,1218,875,890,1015,856,996,978,1016,661,1069,919,757,833,751,782,726,865,1002
SM d44:2 isomer A,19017,23441,17250,26196,26038,18023,15826,27850,15037,8114,19737,26759,14429,16679,22359,10268,29476,17463,15690,14049,20749,12316,26143,25781,26908,16391,25605,18922,24437,20488,51323,17338,19037,19781,29045,23576,24727,24019,14294,21135,31526,24797,15279,21492,26093,18856,19830,30197
SM d44:3,610,334,784,665,572,530,551,480,498,234,437,751,427,586,767,354,556,346,572,199,677,375,511,464,628,461,419,408,438,606,954,424,442,440,899,576,549,434,464,398,471,512,646,342,624,466,520,642
SPB 25:0;2O,657,302,314,285,417,609,500,486,287,569,528,218,392,107,383,449,545,327,628,337,478,489,722,336,351,499,296,246,325,335,538,447,323,348,383,217,461,353,275,507,189,687,104,136,445,477,552,579
SPB 26:0;2O,1372,974,989,1430,1296,1622,975,851,945,1314,1368,1186,1251,1173,1097,1264,1115,1263,1019,769,1222,1217,1924,919,832,1769,1109,1319,1337,1770,1394,1471,1184,924,1198,984,1059,1188,655,1194,832,2505,1286,678,1200,1095,1276,1627
TG 10:0_12:0_18:2,27489,29133,31896,41262,44368,24126,18052,32070,30173,22776,17096,37234,33507,31233,25268,16644,30093,20602,13193,27295,32929,15292,26665,19261,36316,24605,25230,33986,41295,28396,43912,29063,27160,28931,42520,26928,41940,25539,31146,44822,29934,33460,26157,33848,23715,18520,35780,46408
TG 14:0_16:0_17:1,20512,12812,11242,15697,18633,12924,9981,11083,11468,12855,12269,12372,12838,8773,13731,13030,10425,10635,10830,9221,15436,10728,12872,5307,10017,8208,7535,11612,10023,6888,10557,11300,6599,5785,10531,9498,13111,6648,9157,9706,8000,9616,9345,8342,12430,8659,11030,10539
TG 16:0_18:1_20:0,9190,36299,6931,15691,162433,5598,3303,93515,38237,12807,9929,20928,12969,5440,9801,9186,21521,26269,4522,24890,10818,3163,22292,4141,10283,51632,32081,15358,17887,15358,21930,47739,7735,7988,9093,8837,8402,12431,12092,9998,13584,19824,7371,12432,14850,5014,20324,13319
TG 22:0,3846,3061,1405,1531,2313,1087,1669,1427,2585,1115,1460,1207,854,1010,1750,2276,1308,1914,1047,1232,1270,1653,1163,1017,976,995,1071,1376,819,844,818,1047,1049,859,967,1278,1303,1101,983,1062,970,1383,1058,1074,1089,1059,1059,949
TG 28:0,779,1098,1618,874,1003,1409,1110,916,1165,1041,1475,1037,963,786,1444,1422,1123,895,1254,1229,1203,1642,1281,746,876,793,1467,1255,1996,987,638,756,856,781,1064,808,1255,889,1367,570,1012,927,942,975,862,1090,945,902
TG 34:0,6550,4761,2768,2182,2380,1506,2282,2405,4436,2212,2665,2033,1394,1606,2525,3043,1027,2120,1622,2938,1475,2787,1567,1295,1151,1224,1490,1949,1009,834,1134,1483,1624,1212,1164,1966,1776,1422,1619,1354,1377,1980,1711,1081,1660,1726,2108,1452
TG 36:0,11461,8934,1776,2202,4475,2157,3974,2433,7358,1803,4548,3723,1831,1585,4488,4888,1404,3243,2119,2092,2145,3545,3061,1067,1811,1556,1931,2492,1710,1045,1344,1826,1905,1213,1789,2319,2154,1837,1798,1683,1384,3247,1389,1859,1904,2005,2279,1445
TG 38:0,9073,6399,1516,1934,4139,1842,3423,2769,5858,1825,3324,2820,2130,1945,3295,3454,1560,3816,1753,2506,2323,2474,2804,1382,2214,1953,2312,2881,1671,1311,1796,1949,1309,1604,1902,1781,2399,1401,1505,1381,1853,2664,1648,1477,1614,1677,3110,1938
TG 40:0,6455,6044,1493,2027,3721,1577,2241,2711,3819,2118,2274,2317,3428,2198,2530,3403,1648,5596,2025,4689,3064,2098,2900,1419,2691,2089,3024,5738,1553,1122,1276,3039,1526,1142,1498,1928,1814,1647,1908,1490,2019,2903,1534,1861,1629,1535,7005,1544
TG 40:1,3817,3919,2541,4695,3356,4148,1914,4777,3655,2484,3481,4305,5281,3529,4172,2693,4865,3420,2331,4064,4292,3089,3817,2543,4449,2574,4282,4293,4271,3346,5695,4551,4389,2974,4495,4835,5293,4689,5443,3742,3931,4337,3717,4571,5244,3802,7430,5557
TG 42:0,4084,4229,1662,2561,2735,2829,1895,3876,2878,2261,2548,3378,5642,2792,4387,2897,3879,6932,2903,5349,5490,2487,5827,2291,3984,5490,6306,6803,3789,2269,4839,7260,4179,2527,4558,3100,5069,4419,3678,3568,3654,4380,3624,4412,4618,2394,6563,4865
TG 42:1,5321,3406,1736,1818,3804,1859,2104,3615,4343,1705,2080,2987,3142,1367,2301,2416,1379,5864,2308,4967,2817,2081,2953,1169,3063,2029,3364,6022,1730,1565,1352,4901,1208,1074,1519,1591,1738,1557,1710,1459,2423,3113,1669,2132,1461,2097,5605,2216
TG 42:2,1741,1732,143,1491,1561,1101,951,2099,1704,1236,786,1523,2041,1116,1545,1144,1205,2128,1272,2743,1614,1054,1205,544,1622,470,2489,1354,1305,1029,1592,1786,680,1076,1476,855,1330,1208,1386,930,1461,1390,1272,509,1105,1470,2330,1268
TG 43:0,4036,2505,1935,2522,2367,2393,1634,2225,2468,2618,2087,2428,2734,1828,2316,2066,2046,2368,3072,2469,2871,3037,2460,1443,2376,1758,2097,2055,2178,1503,1899,2238,1665,1700,2093,2157,2756,1842,1948,2071,1843,1591,1962,2529,1792,1995,2576,2233
TG 44:0,10835,7720,4438,4596,8022,5396,3843,12040,7850,4653,4325,6151,12504,4311,7209,4332,6776,15825,5857,16167,9554,4029,9521,3291,10315,9292,8783,14559,7786,2950,8138,16086,6602,3919,9609,4381,7265,5621,7199,4190,7736,10423,5898,10185,6349,3282,17434,4782
TG 44:1,7654,8790,3524,5151,8857,8245,3840,10497,7252,4075,5935,8842,11893,8926,13725,6769,10658,17181,6729,9541,16381,4287,19160,6645,10223,12567,22644,16050,11637,7441,16814,26790,10953,9138,13152,10475,18697,16670,12603,9739,10602,12309,9966,14767,14157,4849,11303,14199
TG 44:2,4791,4099,1601,4006,3752,4748,3636,6235,3675,3617,2329,2367,3619,2333,4890,2936,4358,4430,1579,4260,3917,3735,3805,1695,3414,2179,4827,3394,2293,2464,3370,3842,1880,2488,2276,1972,3519,2549,3069,1433,3331,2697,2094,4482,2750,3066,4941,3657
TG 45:0,10223,9699,8392,8278,9853,10948,6477,8919,9282,9004,8709,8367,8868,6109,10739,7335,8419,8751,8888,9264,11456,8375,9482,4454,9499,6418,7551,8750,7812,5174,9037,8225,5551,5819,7585,7367,8856,7707,6543,6952,7300,7193,7171,8657,7537,7124,7972,8329
TG 45:1,7758,5068,3710,3812,6634,4895,3690,3501,4220,3698,4198,5184,6633,3706,6788,4671,3576,4145,4135,3173,8189,4425,8992,2760,4856,4172,7812,6609,5990,4239,4243,7850,5151,4617,8905,6514,9158,3275,6163,4006,3703,4501,4717,4504,7475,2746,4470,5728
TG 46:0,26165,22358,15390,13457,20081,19881,12484,38162,16141,18472,12169,20613,35731,9871,19205,15833,18855,39985,15746,54235,22557,14568,22438,9891,29202,35025,28906,29764,22727,8527,12571,45777,12385,8918,13010,14317,14946,12581,20017,13363,21180,39205,16272,10738,25187,12342,45710,15344
TG 46:1,19340,17053,8235,11227,24915,12841,5874,37389,18148,8739,8216,19925,17760,5604,13201,9967,17304,36912,8787,25554,18516,7508,19470,3759,16110,16826,22297,30842,19457,5699,8234,47873,5712,4688,6521,6584,9246,7046,18869,7120,18185,30313,12599,5440,14251,5652,28181,10445
TG 46:2,10895,8292,6031,6954,12552,7449,6516,17090,8611,7204,6465,7717,7286,6566,7914,9085,6774,10185,7074,6805,8829,6826,9538,6338,7088,5580,11000,8461,6929,5671,6613,16037,6067,5358,5561,6985,6794,5397,6193,6443,6639,7112,6687,5754,7233,6410,10902,6603
TG 47:0|TG 14:0_16:0_17:0,17330,12421,10638,9314,12072,11666,8242,11450,11579,11379,10337,9468,10677,7634,11945,9892,9517,10974,10798,12473,12612,11954,10166,5366,10140,11563,9885,7952,10228,5028,8477,10845,7211,5622,11123,8740,10524,7228,7725,8890,8798,11395,8738,8015,10388,8818,11710,8806
TG 47:2,8377,4358,3773,3698,5605,4048,3277,3170,3812,3258,3597,4004,4316,2291,3604,4352,3300,2433,3230,2352,4458,4084,2390,1439,3620,1735,2365,3338,3990,2910,3275,2975,2566,2086,4469,3438,3937,2873,3250,3002,2344,3069,3729,3159,3562,2645,3800,3331
TG 47:3 Isomer B,2224,1162,1435,1755,1866,1340,1106,1260,1380,1454,1252,1039,1108,1321,1227,1390,1130,944,1390,958,1151,1418,1488,641,1389,588,1296,944,1281,1136,1426,769,778,781,1364,1282,1079,1212,1130,1422,901,972,1148,1220,1077,1802,872,1403
TG 48:0,13627,14856,10926,10903,19778,10769,5678,30582,14605,11553,7285,15007,28855,6511,14328,8100,18439,29010,8879,51148,15341,6825,20857,6897,24561,39336,29111,19965,19496,6494,12119,43831,6198,5745,9651,10011,8747,9941,16307,8851,17689,43101,11001,6629,23664,6591,37334,10488
TG 48:1,27089,32369,15083,19259,37959,22405,8113,94113,32549,15254,12684,47353,42454,8657,27859,18940,43337,57582,12806,62323,26071,10343,39508,12257,36500,45446,58311,38544,57480,13695,25951,88118,10762,9434,12473,12557,15487,16483,42754,13830,33989,91576,28497,9325,52330,8962,38971,21179
TG 48:2,15423,13224,9986,12477,28061,10630,6447,45183,24223,10128,7133,17855,11990,7364,10017,7664,18496,22122,6991,17690,14555,7287,18486,6315,15047,12537,28186,16367,23779,8775,15010,39266,5064,5665,6390,7943,9414,8788,15858,7404,15875,33115,13708,5601,15151,6964,17357,9395
TG 48:3,7814,6834,4753,6540,15001,4976,3180,20454,11045,5940,2851,7263,5075,3049,4805,2926,8129,10169,2927,7348,6097,3034,9842,2517,6735,5060,12376,9661,9779,4042,4815,19821,2977,2930,3992,3011,4369,5124,6822,3760,6950,9386,7327,2365,4797,1619,10292,3993
TG 49:0,8165,6758,4577,5458,7537,6692,4079,8120,6058,5793,4730,4611,7218,3540,6928,4727,4423,5841,4959,9685,6490,5071,5836,3301,5815,11962,5608,4222,5632,3368,4072,9171,3030,2379,5129,4146,4683,3405,4674,3940,4131,6235,4568,3805,5961,3909,7680,5023
TG 49:1,25255,19604,10922,12995,21175,16101,8886,24810,17990,11705,11333,17004,17079,8503,17016,13989,14575,19002,10041,18303,17269,11320,17267,6427,13046,21020,15453,12537,20185,8390,14363,24373,7086,5387,11100,10911,13783,8445,15076,10417,12446,20972,11850,9565,18361,7815,15166,13482
TG 49:2,11214,7467,5987,7189,10886,6892,4629,9393,8705,5460,6008,6232,6974,4325,6428,5588,7204,5218,4318,5729,7613,5445,6958,2255,5866,5503,6517,4393,7701,3933,6081,7024,2882,2413,4730,4412,6595,3489,5772,4946,4931,6691,6622,2907,7093,3179,5668,5557
TG 49:3,4442,2391,1839,2714,4683,2128,1898,3515,1453,2149,2696,2200,1781,1754,1780,1924,2064,1651,2230,1877,2997,2501,1712,1299,2279,1470,1641,1552,2349,1564,1878,2477,1453,1272,1379,1074,1863,1530,2109,1686,1500,2759,2501,1299,2533,2320,2156,2218
TG 50:0,8034,12743,5620,9252,24439,6112,2512,28927,11614,10397,6266,10579,20877,3862,10018,5919,14330,19328,6411,44193,7682,3743,18832,3982,16330,43799,25421,13418,13204,3937,8163,32899,3941,3128,4499,6795,4418,7273,10772,5618,11708,19610,7959,4095,15468,4693,29837,5556
TG 50:1,58973,127339,81335,116168,348227,59335,17835,453510,314264,66767,71605,249599,196984,38833,129606,70557,259402,224058,36481,314018,125433,22991,238285,51786,180409,323805,278802,159235,332096,81463,249873,400939,48084,49929,113874,59802,65960,96418,191811,81257,151603,542052,99852,69583,273732,35083,167793,119453
TG 50:2,60103,116065,97701,142271,342659,57351,22445,449711,317674,81657,65282,217105,147803,49354,110906,66959,248799,169693,37640,183735,105414,26154,185268,61971,147985,165810,242072,103661,285797,111548,235703,274623,48019,45367,115321,50366,74239,90443,179699,67888,132044,375393,145066,54637,237780,30008,106908,91847
TG 50:3 Isomer A,10556,16136,17318,28290,48466,6876,3362,77856,62219,11259,9069,22050,14606,6785,11010,6127,31004,19584,5461,19929,14980,4063,28286,5241,20458,15038,28455,11558,41096,18867,27948,32646,7229,5085,16994,5020,10768,11519,18945,8578,15530,44297,20829,6278,19443,2979,11805,10390
TG 50:4,3430,5108,9096,10988,17885,2852,1761,28035,24497,5410,2851,5724,4701,2997,3891,2482,9783,7120,2661,6303,5355,1564,9964,2235,8631,5044,12377,4151,12418,7360,6456,11893,4286,3414,4816,2743,5046,5006,7253,4167,4935,11201,6771,2096,4477,1584,5154,4151
TG 51:0,4749,4463,2767,3680,4242,3367,2269,5206,3362,3851,3091,2476,3957,2793,3892,3222,3326,4192,2601,5984,3306,3368,3451,1759,3343,11064,4193,3488,4278,1403,2994,6430,1908,1944,3256,3051,3127,2306,3321,2407,3622,2610,3011,2318,3963,3137,3661,2833
TG 51:1 Isomer B,10879,10621,5157,6523,15986,8188,2964,24768,10602,4402,4941,10573,11132,3264,8714,7201,10296,12340,5872,15828,8267,4778,10260,2220,7454,22044,10745,7501,13395,3815,7642,20501,3462,2404,5267,4338,5454,4048,9705,4452,5954,12414,7052,3580,11674,3960,8052,6522
TG 51:2 Isomer A,21412,21235,11155,17120,38557,13127,5462,55319,28282,11410,10220,22157,18361,8242,14601,14071,21679,23984,8567,22048,16913,7270,21881,6119,11775,26713,21468,14459,31150,12787,22394,31860,8073,5816,15187,8201,11310,9713,19316,10696,14665,30178,18916,8578,25342,5717,14207,12371
TG 51:3,13206,10184,9648,13770,25923,7608,3395,32459,19190,7118,6204,8820,8301,4034,6508,5673,11598,9710,4299,10434,10087,4101,11471,2926,8290,10292,12402,6139,18157,8432,11051,13396,5040,3759,8359,4239,7265,5663,9111,5796,7725,14809,9657,4557,9336,3175,6486,5967
TG 51:4,2791,1910,2435,2335,4731,1867,990,4722,4488,1935,1193,1925,2430,820,1152,942,2158,1753,1101,1688,2850,1008,2438,439,2073,1777,2881,1462,3084,2359,2161,2084,1186,1218,1594,1188,1447,1638,1876,1627,1281,2126,1563,1674,1736,789,1452,1299
TG 52:0,14286,13535,5124,7118,23487,5714,4880,16759,14247,20289,7662,7223,12449,3585,8152,7972,9139,12229,5701,28311,6146,6297,17861,3144,8905,45440,21903,8737,7339,3622,5307,20353,4369,2980,4860,6928,4596,5856,5729,4366,8000,6180,6919,4069,8694,4149,21461,4313
TG 52:1,28626,93734,32807,55195,435815,25466,8592,304345,166221,47124,39501,88074,80143,19909,57536,34844,110583,124838,21023,177546,38949,10793,156412,18213,74029,271822,177512,79058,85962,36105,93634,246277,24150,20749,30274,35133,24772,49037,70223,43145,73983,117645,44982,28944,102884,19902,114914,43274
TG 52:2,185631,477672,208561,528402,1585108,137574,59686,1713751,1251759,213789,255802,760613,459141,157830,326852,236159,724823,493600,99115,605448,418025,59931,759220,146716,340093,616800,713676,355837,907120,525996,1043985,758056,176764,177634,502064,177701,276695,271806,477248,272513,374881,1007856,350314,341323,651822,112921,302070,345219
TG 52:3,126547,239225,317357,466652,1646092,83652,63358,1216182,1123212,236467,181121,339011,234238,120359,173529,115964,459782,297384,73223,325709,324094,56924,401334,101769,303865,350763,478993,180622,590857,426333,628796,410158,136602,151303,401139,130141,216354,227581,244776,210780,232349,550944,227498,175558,289810,83729,219883,212890
TG 52:4,34512,48730,138493,137259,457227,22859,19814,277800,490567,82642,40482,65049,46154,32938,39757,23764,114240,66074,20829,58881,87473,19276,101475,21213,95717,78626,120170,40848,160028,107062,121414,95537,38731,37440,105652,33640,62417,65685,53406,53838,52973,128168,55287,39797,56598,22848,53971,55013
TG 52:4;O2|TG 16:0_18:1_18:3;O2,7248,16272,6770,12628,56467,6346,2834,71330,27255,5318,5728,15735,12726,10364,10292,8170,22025,14459,3897,9105,11999,3698,21766,6758,12479,13351,37862,12187,35016,19811,33666,21657,8679,9729,26187,10540,14513,18687,17605,6487,6943,21257,11428,13728,25925,5100,23177,24467
TG 52:5,6273,6025,9820,11778,25510,3547,2908,18589,38989,8515,4085,5321,4073,3518,4440,3444,10487,4691,3233,4164,7313,3501,8897,3198,9389,5822,9424,3684,10399,8407,7577,8192,3718,3952,7472,3407,6629,5728,4804,4464,4854,9076,6264,3705,4747,2954,4010,5293
TG 53:2,7298,8800,3943,8229,22212,4733,2097,42369,11399,4885,5257,11163,8258,3705,6256,6456,11999,10448,3551,12563,6387,2735,11537,2337,5484,18223,10384,6566,14788,5922,10628,18073,3841,2478,5950,3975,5009,4361,7253,5543,6288,11592,6770,5593,10745,2846,6342,5256
TG 53:3,8291,11219,7864,11558,30408,5392,2701,45625,21846,6058,6885,9780,7665,4467,6626,5885,11210,10746,3263,11088,8266,3514,10961,3434,6221,15014,10525,6516,13959,9827,11601,16214,6035,3787,8233,4611,7149,6227,8161,6506,6681,13133,8575,5732,10244,3711,6645,5389
TG 53:4,4328,3683,4495,7005,14954,2760,1557,18927,13709,3463,2687,2753,3345,1707,2474,2363,4977,3619,2417,4066,4057,1536,4798,1329,3135,4621,4429,3241,6728,4421,4075,6441,2538,2179,4065,2271,3012,3180,3454,2324,2700,5110,3700,2681,4036,1790,3326,2218
TG 54:0,44572,31135,10238,13741,36244,15622,14699,21996,32892,34850,21749,17654,16866,8648,21763,24595,14315,17066,14620,20619,13804,16007,20922,7958,12347,38120,23718,15164,12454,10573,8806,18290,8330,7524,11557,12165,12796,11088,8367,9342,9722,10578,10119,9117,15328,12409,17808,9362
TG 54:1,9789,21289,4096,7287,79835,5144,2283,34869,17556,14006,9060,8044,9175,2741,7218,6319,11884,16857,3777,20167,5484,3959,15693,2466,7761,72162,25743,10672,7251,5191,6033,31077,4751,3514,3721,6071,3981,6303,6517,4764,7862,8963,4998,4946,9009,3437,17704,4940
TG 54:2,41543,196644,29084,70680,846242,21189,11482,471468,205845,57133,45466,95669,57340,22874,46931,38509,110869,125463,19740,115773,49345,11990,107173,17767,41251,263743,160979,67042,82365,73556,107790,222688,32479,36142,41567,39151,39101,56468,52005,50950,62746,77839,31610,58287,70674,22251,91434,50507
TG 54:3,129666,280043,114165,184137,1584956,42079,39639,985840,652986,113313,96772,223851,110172,69565,89065,70046,230542,263458,36561,188543,171146,25091,253333,58077,76102,250557,290033,126810,202217,420692,309473,363216,81476,146450,126018,87788,165384,182853,105514,164808,137795,191493,73329,211813,154530,55367,170191,182052
TG 54:4,89688,106065,124694,163149,1339270,27720,33214,543736,577880,101302,73000,79486,56985,40063,49658,35462,162756,117935,28543,97657,97538,22479,137528,35920,60604,115033,164778,70534,121460,274839,130680,175409,64319,95522,103921,56514,92151,153141,56434,95073,68977,111014,51513,103131,64206,40652,101995,92632
TG 54:5 Isomer A,16539,15626,39985,38162,267134,9041,8692,81468,180444,24801,13520,14464,12230,10068,11871,8601,40762,17267,8790,15094,20056,8227,30305,7223,16323,21476,31871,13870,25663,41978,20548,29353,14642,14308,22895,11373,17929,34916,13433,17407,12574,25447,12803,17544,12769,10622,19252,17879
TG 54:6 Isomer A,6575,6337,19898,13164,70077,4840,4429,20192,76704,13370,5012,5706,5644,5419,4641,4639,14140,5913,4706,5874,7361,4983,11241,4666,8283,6487,12534,5018,8578,12823,7086,10467,6207,6118,7759,5308,7556,11998,5261,7153,5967,7645,7608,5911,5527,5656,6838,7406
TG 54:6 Isomer B,6180,4455,7068,6469,12977,4042,3052,8419,19382,5719,3908,3640,4445,1856,4598,2618,5509,4235,3160,3866,8757,3891,6436,2592,8173,4910,7395,3900,7130,5887,6185,7140,4435,3812,5500,3109,3737,3354,5073,4364,4739,10842,4504,3698,3489,3263,3280,2683
TG 54:7 Isomer A,2954,3857,6291,5093,21219,2743,2161,6428,34955,5823,2547,3251,2359,2779,2653,2183,5057,2807,3196,3301,2922,2541,4522,1614,4574,3288,4661,2875,3390,4018,3681,3661,3226,2457,3728,3601,2949,3523,2648,2927,2581,4022,3691,2703,3030,3421,4244,3666
TG 55:3,2503,2462,1628,2490,5325,1630,1038,10104,2859,1451,1401,2398,1435,1854,1565,1365,2190,2433,935,2035,1970,1096,2016,1038,1091,2278,1878,1764,2174,1667,2045,3317,1546,1168,1293,1230,1613,2019,1728,1549,1254,1677,1496,1649,2300,1145,1798,2420
TG 55:4,2031,1833,1861,2305,4050,1987,850,4453,2983,974,1144,1836,1588,1190,1449,1430,2090,1605,1574,1584,1862,1565,1919,913,1427,1890,1534,1150,1534,2080,1334,2166,1343,1257,1305,1448,1305,1782,937,1876,1259,1569,1389,1547,1808,1113,1727,1159
TG 56:1,14512,20175,5510,9337,39225,10240,5451,24702,14689,8717,8314,9436,8253,4884,7714,9573,10019,15661,7845,9727,9774,7072,12074,3630,6993,20997,13030,10874,8450,10904,6096,14343,4558,6109,6134,6808,8968,7679,6200,5534,5708,8149,4794,7249,8394,6496,11075,8736
TG 56:2 Isomer B,9596,20044,3670,5275,42454,5662,4125,38496,16601,4718,4045,5466,4334,3055,4010,4989,7915,9621,3231,7948,4356,3888,7818,2882,4209,15392,10711,6833,4946,12481,4962,13059,4258,8819,3028,3814,4720,5651,3854,4294,4386,6314,3230,5094,5986,3044,7284,5243
TG 56:3,6142,16071,4605,7509,55079,2750,2421,56139,23450,4316,3980,6381,3518,3337,4215,3830,9325,10997,2376,6735,5336,1975,8321,2283,3143,10926,10992,5748,8354,16957,7362,12459,4135,14799,4048,3457,5264,6849,3606,7041,4828,7305,3407,3969,5061,3014,6292,6081
TG 56:4,4389,4547,5984,7718,26922,2504,1629,25672,20248,3575,2794,3847,2934,2644,3438,2251,6634,6491,2591,4352,4642,1601,6794,1640,3208,5405,6027,3261,7242,10676,4181,7277,2647,6616,3575,2527,4640,4876,3323,4653,3471,5861,3046,3182,2864,1724,4136,4919
TG 56:6,4956,4304,8061,11450,26191,2411,2115,13237,22349,5892,4122,6179,7526,2876,3651,2566,8494,7999,3855,7905,12689,3485,10349,2039,10180,9493,9565,3895,10289,10563,7930,11195,4223,3001,5365,3027,5214,4362,5138,6685,5905,11745,4525,5191,4346,2899,2433,3360
TG 56:7 Isomer A,2595,1636,4152,5565,12844,1088,1240,6309,15877,3550,1807,2740,2555,1509,2010,1178,4093,3145,1834,3354,5547,1320,4796,1014,4972,3511,5196,2019,4284,4521,3536,4693,2670,1836,4025,1580,2660,2242,2291,3363,2558,5233,2150,3285,1731,1470,1885,1695
TG 56:7 Isomer B,990,1669,2954,3627,4038,1397,628,7111,14464,3130,2446,1851,3711,718,1197,1495,2459,3190,1730,6426,6689,1285,5892,913,6463,2424,3980,2547,3803,5426,3234,3717,1449,2380,2397,981,2301,1625,2210,2926,4377,6106,2555,2086,1997,712,1193,821
TG 56:8 Isomer A,1081,1039,1905,1751,1778,846,386,4166,8984,2068,1323,704,1745,586,1294,506,1083,1621,1524,2284,3955,864,2389,348,3575,1310,2132,878,2084,2622,1745,1525,1222,1225,1951,613,1378,934,1153,1219,2086,3184,1531,1224,1202,706,631,376
TG 58:2,10212,27115,6490,6569,47795,7440,4968,39805,16746,7157,6036,8771,7912,5578,6421,6709,8038,13570,5854,6639,7190,5549,9667,4883,6586,15372,11511,7731,6173,27153,5147,11758,4909,9137,5095,6332,8081,8085,4801,6883,6057,6939,4432,6762,7373,5906,7821,7808
TG 58:3,3195,4422,2479,2537,16503,2533,2164,25997,7380,2470,1769,1802,1458,1576,1620,2623,3144,3197,1447,2218,2645,2463,2999,1705,2290,4719,3491,2068,2303,7310,1680,3027,1928,6471,1850,1729,2320,2782,2572,2346,1970,3165,2245,2142,2421,1475,2484,2285
TG 58:4,2267,1983,1576,2127,7005,1712,1709,18865,5357,1445,2182,1797,2063,2176,1158,1855,1824,1507,1490,1431,1905,1792,1416,1464,1922,1939,2096,1255,1443,2223,1565,1967,1579,3500,1321,2261,2558,1764,1839,1714,1621,1820,1159,1249,1914,1150,1998,1632
TG 58:8,571,476,1299,1294,1953,454,273,3498,4512,1308,826,732,1138,318,316,467,781,1003,632,1940,2213,357,3099,356,1483,852,1422,921,1447,2525,1164,1538,1157,998,1124,357,645,742,471,1134,1585,2246,564,1017,903,371,273,512
TG 58:9,520,400,1138,1347,1087,562,406,2508,4175,758,534,447,735,312,623,403,919,1037,639,1083,1460,329,1394,209,1258,1165,1045,507,1020,1483,914,1039,584,1078,666,330,751,367,423,1081,710,1551,784,619,563,407,414,453
TG 60:1,6140,8810,2949,3462,10568,4208,2961,6628,5010,4274,4175,3074,4591,2709,3346,3343,2158,5910,3242,4659,4282,3263,4250,2072,3847,9043,3650,3030,3644,4833,3433,4015,3135,3168,3211,3440,2851,3251,3192,3537,2311,3178,2634,3390,4125,3661,3969,5229
TG 60:2,8010,16562,3472,4842,22568,5208,4678,13273,8378,5011,4409,5373,4968,3290,4422,3956,4659,7528,4150,4888,4826,4193,5780,3767,4434,7935,5957,4502,3525,12672,3857,6743,3410,5301,3657,4466,5809,4360,3627,4369,3514,3530,3087,4013,5019,3802,4093,4708
TG 60:3,5921,7469,3771,3550,16666,5583,3279,13979,7212,4326,3253,3169,3840,2754,3474,3952,3923,4638,3511,3146,4103,3014,3718,2920,3502,5156,4663,4067,2818,7883,3125,4655,3242,4622,3611,3085,3261,3786,4106,3242,2819,3266,3648,3827,3368,3615,3098,4052
TG 64:2,5957,11609,3254,3571,19155,4581,2778,16788,7116,3672,3282,4825,3399,3527,3385,3650,4455,7517,2482,2885,3514,3227,4517,2133,2855,6668,5061,4642,2830,13864,2997,5053,2154,5197,2326,3856,4209,3668,2191,3481,2910,3097,2263,4229,4792,4011,3618,3881
TG 64:3,2405,1103,1479,1228,1164,1177,1361,1243,1552,1197,1116,929,1445,1387,1398,1407,1123,1076,1587,1067,1230,1251,1218,1603,1071,1322,1070,1352,1030,1294,1062,952,1137,1517,1629,1555,1231,1636,1040,1424,1462,1305,834,2087,1364,1329,1709,1650
trihydroxyoctadec-15-enoic acid,768,1492,386,613,1056,1506,648,1278,626,249,571,995,1414,1072,926,873,1150,1196,5420,332,864,953,1126,1308,964,1038,1120,981,1736,921,1558,1129,1317,1258,2383,1274,1160,1276,1218,1212,966,1041,1254,1779,1371,503,1561,2076