Label,758167,758168,758170,758172,758188,758189,758190,758191,758200,758202,758204,758205,758206,758207,758208,758209,758211,758212,758213,761136,761137,761142,761144,761145,761147,761148,761149,761150,761151,761154,761160,761162,761163,761165,761172,761176,761177,761178,761179,772622,772631,772636,772639,772645,772647,772648,772650,772654
#CLASS,269,287,292,270,267,258,277,295,297,300,185,162,151,149,139,138,315,304,326,114,117,321,332,92,147,340,323,330,311,104,155,120,122,336,129,197,190,196,177,179,218,250,233,261,283,263,286,273
"1,2-Dioleoyl-sn-glycero-3-phospho-(1'-myo-inositol)",2768,3286,3031,3734,2571,2134,1889,2638,1669,2588,1616,2623,3464,3773,2658,2180,1121,2508,2185,1613,2170,3493,2449,2299,1540,2036,4080,1785,1783,2864,3397,2420,3266,2364,1749,3409,1903,2319,2007,2577,1825,2067,2391,322,1696,3191,5308,2679
13-HODE,13380,13207,22475,23026,30791,23734,18346,11201,6624,39449,42354,10905,6057,16351,17892,9287,14666,11594,25368,12828,16015,6937,43362,23510,19104,20653,8463,4904,6367,6429,9611,12137,8724,4835,5264,10748,61354,4851,27870,9503,10309,18262,14918,486,16157,10901,18425,12943
"16,16-dimethylprostaglandin A1",30,125,98,0,58,42,66,112,106,38,58,35,31,56,81,63,58,68,71,84,59,54,38,85,42,41,68,50,106,42,58,971,53,45,940,80,124,41,150,27,112,74,83,35,59,138,4249,85
4-HDoHE,1425,1769,2277,2530,1651,3702,2043,563,722,4155,2608,436,879,1308,1012,951,1145,882,2336,961,1407,778,1463,1716,1585,1394,713,456,490,481,743,1371,577,674,640,525,4156,478,1619,520,583,1103,881,205,1313,998,689,1038
4-methyl-2-oxopentanoic acid,2587,3204,4220,3912,5350,4176,4390,2406,1927,3385,1850,3068,1896,7596,3379,4016,1757,2534,2945,1999,1950,2505,3865,1614,1109,1970,2723,3836,3680,2001,3798,3472,2580,2747,3121,3792,2316,2509,2468,5736,2449,3813,3070,4101,3916,2625,5597,3574
5-HETE,8146,8228,10021,11130,5302,19271,7832,2054,3026,14910,13188,2524,1187,5107,6521,4150,8841,4113,9124,4661,6447,2324,9521,8986,9230,6091,2411,891,529,2339,2715,3758,1879,1271,1490,3520,16502,2886,6505,1326,1158,8670,3680,225,8587,1708,2997,12507
"8,15-DiHETE",2244,2347,1687,1660,1692,2807,1928,1679,1594,2984,3516,1707,945,1332,2881,1478,1787,1568,2308,1961,2234,1079,3260,2900,2170,1934,1179,870,932,1036,1135,2106,1038,896,1015,2211,2843,1081,2279,1140,871,2195,1488,352,2233,1382,2511,2780
acylcarnitine 08:0,908,940,275,210,1622,831,1296,992,1124,988,1672,970,730,1923,867,1416,1559,962,1434,1827,1155,1132,767,1053,672,1447,2311,516,2253,1361,1274,1745,1893,1158,376,1947,2512,1560,1847,1355,1086,1063,1810,1091,1067,1749,3144,1016
acylcarnitine 08:1,861,847,461,640,751,1089,911,849,902,986,1217,671,665,1633,1120,958,867,660,606,1020,770,885,1117,946,402,1234,2238,551,846,1001,1147,1157,1101,511,486,1897,975,699,1381,996,871,464,1230,284,1416,1108,1874,1924
acylcarnitine 10:0,927,1858,3489,1351,2840,1050,1364,1093,1973,818,1038,1078,809,3847,1496,2736,1692,763,1611,2173,873,1150,1266,1346,608,956,3815,628,1206,1891,2048,2297,1769,1499,1036,1722,1185,1076,866,2863,1299,1487,2206,689,1592,3015,7003,2902
acylcarnitine 10:1,981,1160,1515,696,1871,734,1005,1109,1366,1016,1092,1238,1183,1479,863,1349,1151,1334,1305,1129,842,850,1036,961,570,1291,2669,633,814,680,1478,1476,1121,1628,844,1683,944,1268,1370,2036,1213,893,1249,468,1602,1953,4093,1309
acylcarnitine 12:1,426,750,469,452,836,591,1196,901,714,1046,1181,1495,1562,256,778,613,1470,449,1171,1072,817,96,551,1023,729,641,531,695,891,761,346,789,1072,590,697,1291,976,945,568,764,538,143,797,784,736,399,414,481
acylcarnitine 14:1,1309,1644,2669,2402,2745,1752,1111,1252,1616,1196,1330,1267,668,3165,1185,1301,1582,1634,2088,1692,928,1252,1610,883,896,1658,1858,560,1376,1747,2044,1662,1411,1219,1123,1724,1570,1493,1158,2816,1272,1560,2603,159,1984,2300,5487,2283
acylcarnitine 16:0,48177,42021,73019,63760,56869,53433,51990,75908,80490,71514,40010,59880,20807,131744,51940,89946,52192,53389,44989,55870,60515,74325,62931,59158,43048,52847,85341,11093,43469,80216,45915,40171,76536,25015,19438,52151,66917,32484,50919,91288,47014,55857,63573,1376,74170,48482,229869,100525
acylcarnitine 18:0 Isomer A,26671,20614,26596,37370,25736,31835,40852,37249,71526,35325,24955,34422,15716,75729,40557,54011,39510,27579,30665,34423,47640,34407,59307,36208,30909,29020,46197,6915,25408,44260,20899,24431,47424,21301,11267,29843,41148,20260,40096,45309,39300,49299,37119,2419,58458,42468,132285,75327
acylcarnitine 18:1,47861,61369,56626,74756,60140,42439,33589,59329,65762,62549,30648,47345,27033,103677,59771,90428,53064,53196,55724,40573,47501,65489,64951,42859,50430,63115,84865,12885,30516,76765,40663,45344,62710,30068,27137,52396,105047,19930,51473,76601,55610,67330,56857,1472,70959,108343,401695,80131
acylcarnitine 18:2 Isomer A,18707,17469,18038,33118,24992,18182,16696,17389,12278,22131,10758,13205,9122,29479,11823,19211,16779,13405,20923,9594,11492,18534,14627,9856,15327,19868,23812,5523,3854,15568,16256,11572,19968,7582,8534,19796,31845,9115,15413,11422,9008,17369,12483,434,19938,13965,80335,22285
acylcarnitine 20:1,2232,2420,1918,2743,2509,1584,2267,3170,2687,1722,2184,2053,1242,3050,2496,2869,1893,2218,2443,1823,1947,2457,3437,2594,2466,2713,2799,990,1646,3216,1755,2256,3488,1934,1301,2094,4813,1294,1979,3211,2426,3570,2422,699,3336,4070,16968,3950
C16 Lactosyl Ceramide (d18:1/16:0),30799,23291,24005,30798,23504,28608,39040,34601,17820,40481,29823,35167,18041,42685,39304,36002,32488,38108,30981,24592,29522,55025,34866,29636,39076,35788,43078,6761,17120,41586,26908,39525,26833,16904,8639,36225,44674,11821,41650,26046,24111,32204,28682,308,15985,34424,51051,19813
CE 18:1,3799,8016,3933,5141,5678,3214,2813,5710,3545,2996,2885,9396,7600,7388,7536,3363,3084,4088,5269,4738,4273,9432,3679,6368,5183,3155,4769,3499,5628,3761,5184,7283,7120,4643,2697,6267,3012,2368,3792,7922,7202,3227,6396,422,2351,6859,20014,3620
CE 18:2,3066,6569,3221,7827,6620,2943,2064,6313,3044,2792,2173,12408,10629,7289,6340,3276,2075,3640,3079,2850,3102,8386,3110,3997,3174,2275,7146,2408,6187,3403,6864,6448,6730,5264,1403,6359,1861,2949,2158,11252,7021,2040,6638,146,2559,5848,22880,4745
CE_13-HODE,7898,11050,8711,12356,17745,9986,6609,7281,6145,7679,5748,10620,15463,14673,12240,10296,6434,9445,10622,10219,9950,15059,7095,11291,14694,6624,12114,6482,7722,9287,12395,14254,10746,8315,6040,13862,9099,7718,7036,8821,9815,7837,10597,206,7781,11324,15608,9634
Cer 18:0;2O/24:0,9741,9577,6035,10947,10658,6583,8233,8703,9078,8667,12702,5422,6080,13222,7376,11055,6696,8324,10660,13185,12473,16004,10093,10972,10617,11521,12730,5030,12749,11766,8154,8071,11149,7251,3851,8506,15865,8032,9048,8625,5835,13192,9027,1587,10587,13788,23695,16521
Cer 18:0;2O/24:1,882,943,794,934,1225,385,887,1163,693,1680,1373,981,595,838,889,1111,958,1091,1509,934,682,905,930,1052,1161,1319,1492,216,783,1062,624,978,906,655,293,1036,1340,499,1038,1259,563,1296,958,41,1109,1149,3466,1308
Cer 18:0;3O/16:0;(2OH),1278,1270,1123,1102,786,1177,1046,1816,1504,1427,1129,1011,1229,1540,1261,1107,852,1248,963,1119,1315,1176,1162,1756,1569,769,906,1188,1317,1244,1015,1289,884,997,1040,1137,1207,1147,1186,1100,849,1142,1313,359,1874,1293,1926,1774
Cer 18:0;3O/24:0;(2OH),1093,1501,1769,1926,1318,1304,1250,1336,1535,1699,990,1525,1363,1822,1538,1126,1389,2585,1855,1323,1094,1350,1538,1600,1242,926,1693,2225,1354,1167,1217,1580,2323,1698,909,1210,1298,2066,1276,1680,870,1243,1296,1265,1269,1036,1208,1681
Cer 18:1;2O_26:0;(2OH),1468,1175,1714,2245,1490,1252,1368,1511,880,1941,2884,2859,1558,2150,1641,2957,2659,2180,2176,1720,1878,2608,3574,2918,1854,2601,8947,514,1824,956,3613,2287,1777,1171,503,1716,2032,603,1882,3765,1523,1353,2678,0,743,2366,4270,1050
Cer 18:1;2O/24:2,29301,22704,17426,25152,29891,12806,21459,30427,15102,47928,40633,21884,15508,17556,21688,23083,32467,26345,46131,24402,25133,21254,24583,24836,33362,25478,43515,8414,16194,37061,23711,24557,20652,18501,4600,24732,40156,14707,24375,22243,10908,26252,23183,0,36715,22310,69454,36837
Cer 18:1;2O/26:0,5992,5007,3337,6196,4905,3742,5222,5349,5554,6129,4404,3315,3620,5039,4497,4057,5064,5007,6608,5881,4965,5203,4628,5158,5147,5267,5506,2643,3550,5342,4655,6235,4272,3250,2165,4403,6094,3212,4364,4645,3132,5895,4169,975,5167,4923,10686,6058
Cer 18:2;2O/22:0,5015,6314,3424,4874,6303,3449,6701,6137,4572,9783,8629,6320,3735,4216,4790,6433,8056,6283,7520,6575,6485,5579,5829,7417,6070,5156,7174,1797,3694,7510,3669,5235,4733,3936,1568,6529,9769,4236,7410,5703,3140,9143,7119,350,8720,6235,15891,11503
Cer 18:2;2O/23:0,2552,2402,2026,2588,2957,2480,3513,2683,2732,4559,4072,3035,2311,2319,2603,3069,3583,2791,4612,4103,2841,2782,2423,2752,3031,3175,3513,1420,2582,3547,2301,2866,2456,2555,1095,2682,3386,2045,3348,3266,2092,3764,3345,118,4045,3545,8177,5052
Cer 18:2;2O/24:1,4612,3374,3835,4291,4132,3207,3300,4308,2408,5510,4442,4618,3550,3840,4215,4084,3586,3857,4976,3713,3636,4441,4556,4457,4252,3487,6201,2099,3112,5124,4728,4433,3493,3084,2140,3701,4581,2439,3771,4036,2573,4056,3148,1561,4328,4505,14483,5549
Cer 20:0;2O/24:0,2286,1957,2270,2218,2364,1634,2184,2125,3297,2773,2369,1746,2548,2223,2128,3132,1966,2824,2369,2584,1948,3335,3035,2566,2705,2140,1851,2837,2773,2315,2325,1822,2616,2491,1489,1495,2379,3005,2057,2664,1072,2193,2435,1347,2093,2569,3078,2601
Cer 20:0;2O/25:0,1052,1125,1662,1264,1132,1379,1274,668,1111,645,834,822,1186,1115,941,1248,1175,1381,905,774,892,2005,1046,1446,1059,867,1280,1472,998,1457,1487,1300,1334,1338,1176,1171,1374,1309,1262,1344,472,973,1004,1137,1025,995,1174,1084
Cer 20:0;2O/26:0,922,894,1304,1334,1072,1332,1186,1292,1202,1262,824,1268,1313,1802,1428,1203,1344,2153,1477,1280,1513,1753,1561,1493,1476,1139,1451,1798,1219,1603,1159,1494,1284,1528,1158,745,1470,1612,1026,1924,835,1294,1889,1212,1732,1158,1004,1412
Cer 20:0;3O/24:0;(2OH),896,1063,1260,1615,1026,1149,1242,1341,1465,1350,729,1145,1358,1700,1751,1600,1293,2209,1197,1192,844,1372,1435,1031,935,1232,996,1799,1299,1144,1113,1365,1184,1673,1388,920,1235,1394,605,1730,1166,1274,1469,1368,1480,833,1019,1290
Cer 22:0;2O/26:0,1032,1231,1459,1688,1182,992,747,1324,1358,1151,953,999,1363,1596,1362,1252,1478,1409,1334,1012,1222,1309,1343,1510,1132,1381,1096,1666,724,1061,944,1067,1083,1063,978,742,1361,1007,486,1282,821,1091,1214,1451,961,995,949,921
Cer 58:11;2O,7599,6725,7134,8383,10761,4923,5480,13118,8741,9158,8017,15020,9513,11350,7631,6786,8111,8020,6029,7267,7886,9242,10495,10163,6562,7509,12681,6125,13880,8678,10407,13756,10224,8579,3696,7381,8247,6850,10237,14807,9973,6093,9775,637,2137,8411,13681,5948
Cer d32:1,2269,2195,2259,2632,2225,3031,4221,3037,2724,6941,4010,2642,2055,3010,2586,2455,4527,3054,4545,2908,3976,3561,2960,4236,2539,3027,2689,1245,2285,2356,1993,1964,2408,2365,661,2697,3996,1812,3320,2379,2080,4594,2157,361,3693,2822,4593,5195
Cer d33:1,1403,1512,1890,1678,1597,1510,2836,1606,1667,2798,1644,1418,1363,1511,1409,1192,2301,2194,2101,2215,1768,1597,1425,2142,1763,1694,1695,1277,1439,1912,1203,1332,1463,1208,642,1348,1735,1163,2220,1429,1287,2364,1501,294,2105,1456,2207,2194
Cer d34:0,3235,3401,3291,3727,3044,3371,3234,3410,4065,4129,3677,3207,2870,4947,3811,3359,3616,3503,3783,3542,4043,3568,4105,3747,3904,3448,4540,2275,4179,3825,3447,3230,4020,3313,1794,2717,4414,2118,3755,3314,2323,3676,3202,1331,4106,3296,5388,3820
Cer d34:1,31998,27336,29744,36923,34674,30776,56645,40405,34670,67483,46756,32963,17658,32370,36411,34240,65166,41157,78936,32950,35085,35365,45045,51540,39622,30648,47656,9330,22728,37793,20989,32912,28255,19744,10114,37447,54437,15644,53100,33296,23669,46930,31153,1104,38132,36607,99250,45919
Cer d34:2,2088,1884,1516,2357,1849,2061,3437,2720,2219,6394,4298,2343,1232,1443,2768,2242,4534,2579,5473,2218,2993,2316,2952,3866,2821,1754,2419,693,1936,2513,1697,1848,1618,1394,581,2404,4194,1214,3251,2297,1474,4083,2319,186,2952,1951,4246,4320
Cer d34:2 Isomer A,1833,1664,1505,2071,1591,2006,2068,2120,2302,2399,1945,1661,2244,2108,1718,1876,2372,2685,2785,1907,1820,2163,2467,2419,2967,1945,2154,1541,1912,1773,1609,2197,1362,1736,1032,1856,2097,2047,2196,1754,1749,2165,2149,232,1961,1620,2252,2353
Cer d34:2 Isomer B,1650,1447,1175,1257,1348,1607,2832,1459,1414,4720,3223,1223,976,1115,1743,1820,3363,1573,3831,1433,2247,1517,2166,2473,2540,1704,1149,819,1508,1748,923,1393,895,1036,587,1905,3254,1484,2661,1141,1133,2851,1353,216,2526,1923,1894,2268
Cer d36:1,10723,8341,8394,13106,12585,6282,15470,11822,11395,16813,12793,12359,6959,11599,10800,12919,15720,11417,16108,14215,10775,10262,17321,12733,12191,9152,17993,3181,7884,14574,8694,9716,9701,9403,2623,10961,14104,6534,15685,12305,8174,13641,11814,714,11492,12012,32123,16553
Cer d36:2,280,208,115,256,254,218,603,359,327,670,537,348,187,118,409,491,577,347,693,395,473,303,399,519,534,265,472,51,214,378,81,290,254,79,0,357,405,69,560,379,72,387,245,44,278,219,674,637
Cer d38:1,7213,5762,5094,7558,7262,4255,8121,7365,7322,9329,7019,7729,4158,7587,6937,8097,8692,7619,8284,9008,7196,7554,8156,7856,7241,6252,9201,2486,4620,8251,4700,5657,5804,4945,2075,6693,8072,3811,9061,6983,5287,8847,5984,569,7473,8833,18898,10029
Cer d39:1,1766,1782,1171,2222,2173,1684,2349,2401,2375,2592,2406,2080,1596,1886,1767,1878,2447,2555,2067,2883,2116,2130,1999,1984,1771,1418,2155,997,2002,2262,1239,1929,1885,1429,716,1859,1966,1686,2423,2023,1480,2613,2055,222,2106,2081,3564,3709
Cer d40:0,4027,3862,2921,5780,4311,2510,4011,4673,4326,4341,4520,4346,2548,5490,4066,5827,3053,3208,4512,6452,4652,6440,5075,5507,4726,4882,6292,1668,6386,4807,3109,3611,5542,2710,2050,3926,6644,2608,4358,4881,3263,5333,4410,570,3635,6597,12138,7532
Cer d40:1,26248,18230,15356,25646,23638,15770,28692,25378,19768,33172,24694,26065,12504,26508,23232,24374,25838,20577,30515,25706,25217,21103,24754,24522,20641,23619,30439,6406,19705,26101,17722,20853,21866,17437,5274,22584,28690,13765,25730,23027,17636,31326,23692,491,28171,27429,69734,43186
Cer d40:2,2078,2530,1662,2576,2396,1266,2179,2642,1903,3411,2352,3184,1538,1865,2401,2429,2390,2364,2706,2170,2527,2503,2359,2563,1899,1994,2841,649,2202,2698,1537,1805,1909,1370,604,2475,2680,1280,2714,2679,1730,2776,2356,193,2692,2977,10614,3394
Cer d41:1,9583,11716,8676,17526,18509,8879,12364,13540,11269,16867,13176,22918,10896,13906,15468,12802,13905,12455,16635,12923,12127,18009,17572,15483,12875,11815,19152,5515,14851,13957,11697,15426,11899,10666,2962,16869,11239,7834,12528,20557,14667,14557,15139,774,12805,16859,40194,23570
Cer d41:2,1244,846,1128,1675,1331,1056,1161,892,573,1255,951,1426,792,1050,864,1022,1169,995,1759,1208,1069,1018,1442,1607,1535,1161,1557,428,751,1284,849,915,849,981,296,1096,872,580,1205,1173,996,1570,1266,159,1236,1713,3644,1441
Cer d42:0,7632,6500,5904,9174,8767,5127,6568,8404,7754,8062,9242,7699,5139,10552,7362,9666,5921,6257,9066,10140,8155,12214,8620,9775,8650,11095,12185,3344,14653,8981,6565,6908,8900,5331,3301,6002,12145,5552,7917,10689,6284,11046,8553,1131,6482,14055,27169,13372
Cer d42:1,56279,45429,35284,69932,61411,32548,57311,66362,47346,82177,60882,58700,33730,53548,61643,59683,58453,48863,81055,57617,56468,61693,62855,69298,55168,61572,83448,16486,63163,59956,50252,64675,42965,37808,13413,59635,73025,28686,58994,69629,53255,76305,59933,1038,60171,72554,175632,94803
Cer d42:2 Isomer A,81790,66209,58480,93993,87539,40133,75729,97730,49120,131165,110261,87836,41278,64225,77258,85211,105845,89923,160538,67848,73442,69395,83334,87761,103777,96903,134347,21959,62554,106863,72331,74739,57504,57950,15462,77623,151074,38656,82428,89134,49363,101384,89438,377,89938,103985,340431,123046
Cer d42:3,4697,3757,3514,5663,5866,2736,3607,5216,1781,6903,5555,5414,3100,3365,4336,3779,4733,4474,7337,3240,3612,4156,5692,4652,5189,4135,8599,1260,2561,5486,3941,4766,3537,2887,1044,4147,5074,1881,4292,4910,2019,4645,4576,145,5536,5083,23668,6977
Cer d43:1,2572,2707,2366,3437,3390,2596,2917,3477,2807,3940,2675,3717,2656,3286,3333,3189,2943,3122,3633,3160,3029,3764,3417,3567,3086,2668,4083,2112,2898,3474,2643,3246,2981,2430,1397,3263,3024,2154,3181,3782,3010,3659,3774,746,3115,3891,7534,4722
Cer d43:2,493,616,736,756,757,643,734,1042,980,637,929,627,890,749,554,799,832,1169,811,727,830,1133,719,1009,1003,733,788,558,287,1094,420,578,703,810,697,308,720,707,1189,542,486,757,896,492,828,709,1156,660
Cer d44:1,4548,5051,4287,7456,5808,3798,4065,5946,4089,6187,4425,5418,4107,6102,4650,4720,4943,4293,5418,4238,4213,5410,5308,5037,4196,5332,6718,2535,5104,5175,5635,5014,3856,3255,1689,5787,5310,2294,4272,5997,4017,5862,5092,247,4878,6356,12420,7629
Cer d44:2,1200,784,747,891,615,978,1216,1356,1294,964,901,867,967,923,1256,879,953,1958,1148,774,1009,1561,1005,912,1069,1019,641,1178,624,942,942,683,1159,1093,888,759,1762,724,778,1089,273,838,1413,958,1074,1004,1319,747
Cer d46:1,1064,1169,1095,971,1223,919,1130,1082,838,1189,1035,1050,1287,1485,1253,903,1120,1895,1468,1004,992,1323,1187,1158,1390,762,1155,917,1142,1088,1069,1082,853,980,923,728,1145,1371,731,1156,949,1021,1029,880,1334,891,1259,876
Cer d46:2,701,565,557,721,553,689,832,378,998,539,603,531,389,563,657,536,796,955,580,466,662,754,549,546,500,816,540,636,356,414,555,735,725,269,214,291,748,554,384,655,316,396,436,361,530,357,372,502
Cer-NDS d39:0,793,1015,965,665,692,786,597,722,753,835,580,792,705,966,1172,823,562,732,681,833,651,847,821,989,734,310,970,668,691,921,780,618,615,411,285,456,771,1064,301,684,463,579,694,336,881,530,882,1031
Cer-NDS d40:0,7231,6356,5322,7311,6863,3971,6433,7323,7400,6975,8176,4590,3801,8119,5468,8758,5328,6591,7458,10031,7633,9452,7179,7885,7602,7345,7761,3197,9092,8159,4910,5356,7832,4074,3224,4648,11379,5126,7009,5840,4122,8647,7389,1625,6613,9753,16512,10213
Cer-NDS d41:0,2246,2780,2514,2898,2706,1862,2030,3314,2341,2417,3190,2399,2361,3327,2551,2959,2519,2415,2803,2562,3137,3126,2234,2522,3236,2222,3078,2033,3990,3484,3562,2354,3117,1814,1054,2126,2371,3421,2454,2322,1882,2855,2239,1326,2365,3141,4119,4059
Cer-NDS d43:0,1895,1861,1750,2248,2113,2518,2227,1528,1891,2108,1510,1569,1919,2342,1585,1952,1685,2782,2084,2744,1926,2035,1811,1918,2260,1569,1651,1746,2155,2845,2253,1604,2455,1542,1511,1977,2663,2751,1706,1660,1396,2001,1673,1145,3077,2021,2623,2267
Cer-NP t42:0,504,712,948,1058,1082,908,647,1084,852,613,593,1426,1213,1165,899,587,610,739,933,871,813,1077,1166,1020,943,932,1426,869,1016,686,886,1064,918,847,433,839,891,677,692,1457,1020,1133,1024,307,658,1100,2144,827
Cholesterol,27864,29547,27044,27242,28009,27822,27284,32043,27972,27181,28627,35008,27438,29500,36156,29770,28566,31362,34141,32792,31587,34288,28767,32669,32035,29106,29181,28207,28741,31884,29686,28191,29356,29380,29228,31354,32451,29877,29331,29166,32386,30508,34736,172,26221,32447,47540,29865
cholesterol 3-sulfate,10015,14537,11331,14311,13843,13520,10984,11264,17088,10610,7361,9177,12119,15798,12432,11194,12734,12867,11496,12530,10343,17874,8598,12005,10078,8466,11039,7856,11870,12977,11807,11537,14100,9421,4588,11316,12027,9991,9298,12928,10789,13974,10518,1605,9633,17854,21488,13717
cis-13-docosenoic acid,846,772,1193,810,333,621,476,658,651,737,357,1049,761,1109,1356,842,1062,831,771,832,1040,1047,699,1097,737,828,1119,736,636,1342,1212,1383,1127,1091,856,933,909,574,1537,755,693,694,844,226,941,1034,2200,721
DG 18:1_18:2,1190,1300,954,1369,1402,432,1103,1054,1085,1291,1425,1479,1994,1386,1336,943,1447,1233,860,957,801,1085,1690,1536,1498,1936,1555,1319,898,1550,1120,1629,1365,1341,552,1616,1380,756,1261,1449,1491,946,1086,514,422,1656,1487,732
DG 34:1,964,913,1022,1129,1404,664,1117,1801,1139,1290,762,1869,1209,1230,1280,1139,1362,1035,694,1115,994,1298,1055,1365,964,1083,1330,1295,1556,1355,1059,1296,1415,858,712,1219,840,1122,960,2167,1483,1053,1345,531,545,1128,1287,1255
docosanamide,415,267,1140,209,484,286,142,262,393,528,647,264,419,406,556,287,462,570,411,794,2115,757,407,377,241,397,138,163,409,374,548,372,396,502,459,452,547,271,376,255,176,363,332,190,425,119,217,433
FA 14:0 (myristic acid),12424,15700,32893,24323,24082,18650,31958,23141,15690,34243,20398,23539,14393,35062,16502,16978,16461,20822,16289,20829,25246,19959,30583,26074,14842,13284,17999,33914,17233,18234,16506,19520,18889,19609,15250,18571,19904,16260,31547,28345,13819,26524,23638,10354,15236,16164,37493,20936
FA 14:1 (physeteric acid),921,2687,2582,2126,1331,2712,1708,1112,1045,2115,1598,2287,1844,4174,2091,1066,1310,2880,1067,2013,1611,1225,2102,2583,802,1167,2121,2840,2153,1636,2727,2057,1495,1829,1213,1380,1556,860,2285,2779,738,1754,2089,1443,3514,964,4270,1862
FA 15:0 (pentadecylic acid),9643,13030,17994,17485,14555,13278,14161,12236,11698,14092,9646,14015,12140,16901,13188,13527,13229,14937,12770,11211,11200,13348,14268,14825,10018,11177,12804,14567,13245,13859,10841,13596,13106,13287,9420,10561,9512,9456,9484,18763,9806,15326,14002,6086,14782,10809,26028,13134
FA 15:1,836,2705,1250,1508,1005,2078,948,1006,1260,730,1045,2736,2197,1634,2652,973,839,2747,1196,1623,957,1057,1273,1802,899,1339,1684,2587,1872,1200,1779,1835,1917,2148,826,1257,1010,1110,1361,2879,489,1242,1833,1593,2871,941,5106,1313
FA 16:1 (palmitoleic acid),17077,23645,31868,25595,24725,23843,16200,23438,19136,30965,32207,21931,25019,33442,19761,15534,23407,36677,15406,19873,17037,13039,29651,26043,15379,16976,18630,35449,20788,16319,26571,18063,16936,23918,13821,11866,24047,14713,19439,28396,17820,17797,21833,11164,33555,13486,86776,18086
FA 17:0 (margaric acid),17306,15653,24397,22505,21996,17225,21864,22787,19213,25941,22176,21412,19293,26963,26382,21682,21856,20864,21783,23276,21428,19946,22035,24518,15984,17105,22684,16112,20563,25150,17235,20604,22375,20486,10714,18336,18433,14275,17729,22949,18497,25637,22680,6006,21832,18193,40960,23560
FA 18:1 (oleic acid),298765,384466,438214,466378,379108,274304,411850,428940,261080,800567,464854,346312,244494,424699,383405,273170,437875,320729,375390,339475,299360,289908,563167,728120,280323,329626,374289,245240,249672,292299,257193,303391,251514,244304,136412,311942,628058,156681,477259,410460,317886,513299,407280,49081,181992,522184,833102,322269
FA 18:2 (linoleic acid),154754,136853,192035,213467,163280,154191,188142,76492,61091,290211,245733,73676,66580,129036,71501,72844,154466,94543,179244,82127,114061,78202,198933,167470,111726,149683,98271,62065,28818,55828,80413,93030,55409,50392,25846,135987,289804,43153,200968,61500,51496,173250,73526,5398,102251,76503,287927,125270
FA 18:3 (linolenic acid),7004,4860,8295,10546,5854,6809,6943,2600,2089,15728,8710,1982,4432,6498,3030,3356,5391,2696,5683,2988,3755,3505,9122,3819,3194,6015,5787,2612,828,1903,4748,4456,4136,4815,1535,6003,31959,2343,12851,2215,3664,3126,2534,177,2630,3984,7265,5332
FA 19:1,1714,2410,2108,1775,2062,1741,1799,1526,1939,2539,1645,1830,1700,2625,1762,1422,1643,1737,1580,1664,1729,1603,3257,2062,1473,1661,1863,1879,1880,1718,1770,1676,1459,1679,1005,1415,2052,1101,1942,1737,1318,1829,2091,545,1475,1369,4577,2364
FA 20:2 (eicosadienoic acid),3418,2516,3141,3015,3659,3650,2799,1957,1880,4216,4729,1675,2449,1944,1711,2183,3556,2413,3098,1420,2571,2009,3557,2331,3469,2245,1500,2040,971,1727,2614,2169,1473,1572,1048,1846,4086,1606,3258,1792,1478,2911,1774,668,1820,1154,3186,1944
FA 20:3 (homo-gamma-linolenic acid),4151,4278,6045,7069,3481,7618,5540,1570,3301,15545,11846,2158,2201,4010,2555,2490,11447,4719,6971,2537,4726,2407,6430,6790,4718,2649,2514,1580,467,1706,2744,2539,1505,1455,1107,2201,10094,1698,9164,1496,1151,5801,3146,171,5260,2022,4497,4576
FA 20:4 (arachidonic acid),37828,40492,45371,48402,17266,74634,46945,6592,19726,86582,85266,6779,8920,20205,20417,16479,45681,16838,58688,19213,32154,15046,39209,40974,33306,21621,11115,6303,898,12129,10648,15798,9164,7052,3945,15616,68377,14216,35044,2897,2924,52604,14154,160,29778,10967,24879,60748
FA 20:5 (eicosapentaenoic acid),775,1510,1685,4761,502,2130,4922,482,550,2368,1350,637,1012,2811,927,426,897,895,1018,634,2304,1244,1127,1559,1356,1661,569,222,0,376,586,781,764,779,504,935,4618,467,1502,232,144,963,701,164,1240,752,1260,2560
FA 22:0 (behenic acid),9512,12151,13491,14400,11737,12139,12293,12055,10094,12587,10734,13754,12166,15863,12605,13291,13461,13392,12536,15521,12628,16103,13844,23809,10467,12508,15406,13185,10449,13852,11896,15434,15473,13297,12226,15056,13949,9362,16752,12539,11439,15425,15006,7794,10867,16467,23645,10414
FA 22:1 (erucic acid),3522,3322,4578,3265,2668,2279,3108,2819,2883,3011,2842,2959,2645,2730,3340,2760,3106,3980,2881,3313,5438,4145,3985,4711,3594,3428,3557,2290,3375,2751,2196,2794,2664,2329,1956,2440,3722,2382,3924,4398,3440,2945,4565,2025,2581,6241,5216,2824
FA 22:2 (docosadienoic acid),697,844,542,739,748,694,559,595,781,708,709,639,796,606,703,706,811,850,851,618,624,622,892,562,761,733,735,652,545,640,580,651,491,519,421,864,647,243,516,473,458,545,493,530,944,352,691,543
FA 22:4,4945,3381,6090,4904,3338,5968,5555,1086,2093,11038,11335,1160,1320,2584,2247,2411,5984,2489,4327,2607,3906,2028,6327,4278,3849,2677,1687,1576,502,1776,1492,2486,1283,1427,871,2377,7262,1409,4344,804,823,5176,2671,297,3888,1495,4020,4633
FA 22:6 (docosahexaenoic acid),4507,6889,10582,11299,2596,10631,8724,804,2836,12203,10109,758,2567,6933,2236,2059,5513,3013,8295,2307,6439,2186,4071,6857,4189,3827,1460,1353,204,1017,2162,2989,1664,1935,1861,1664,11144,1452,6656,596,667,4140,2339,71,3183,2170,1802,2490
FA 23:0,3179,4207,5271,5407,5329,4783,4962,5293,4225,4695,4084,5246,5132,5505,4677,5471,4968,5164,5319,4190,5030,5122,5732,5925,3810,5075,5465,6083,4504,4998,4120,5249,5248,5021,3740,4777,4677,3650,4980,5081,3979,5206,5563,1877,4872,5272,6559,4505
FA 24:1 (nervonic acid),1589,1430,1616,1819,1597,1484,1921,1724,1647,2185,1818,1615,1518,1644,1750,1599,1976,1554,1944,1419,1815,1862,2244,2104,1564,1995,2002,1405,1616,1895,1262,1619,1643,1136,1361,1699,3172,1244,1849,2001,1582,1972,1664,612,1649,2161,2683,1790
FA 28:0 (montanic acid),3694,4240,5486,5981,4988,4024,4476,5157,3978,4511,3769,6222,5491,5981,5492,4916,4577,5353,4994,4970,4280,6122,5389,5493,3627,4352,5259,5884,4356,4991,4686,5465,5036,5734,4634,5048,3864,3572,5051,4872,3836,4873,5773,2624,4539,4215,9067,4327
FA 30:0,3010,3620,3993,4292,4152,2937,3045,3218,2738,3384,3304,5276,3896,4405,4881,4059,4152,4280,3491,4125,3264,4934,3985,4350,3021,3207,4877,3646,3439,3856,3655,4756,3606,3970,3044,4477,3426,2609,4788,4991,3510,3926,4948,1326,3562,4111,9979,3065
FA 32:0,1522,1995,2566,2462,2232,1623,1405,1809,1799,2229,1718,3695,2570,2395,3192,2371,1977,2233,1872,2120,2021,2679,2319,2548,1807,1984,3056,1586,2733,2520,2239,2999,2271,2365,1745,2817,2222,1275,2148,2733,2150,2013,2692,602,1744,2129,7317,1583
FAHFA 18:0/20:2,1653,1576,6336,5554,6689,6889,4822,6723,3075,6295,2550,7589,5196,6765,4206,6422,6499,4976,5270,4542,4237,4444,6307,5277,6418,5509,5711,6386,3643,6310,1608,7742,5775,7408,3441,2002,4625,3562,2761,7101,3655,5678,7905,3539,1532,5527,3413,5341
FAHFA 38:4,690,1044,1058,1320,989,464,1068,959,371,2798,1065,896,416,1010,1061,344,887,720,749,809,577,605,2076,2215,550,965,916,330,374,600,536,671,381,369,171,899,1811,109,1295,1175,669,1294,908,53,193,1816,3248,492
GlcCer d34:1,7879,5527,6054,7399,5482,7349,9023,8020,5315,8936,7643,8345,5207,8403,8472,9162,7006,8219,7454,5848,6809,10383,8583,6270,8938,8411,8801,2457,4660,8191,6398,8263,6388,4854,3420,7298,8952,3739,8352,5688,5279,6918,7081,146,4075,6799,7098,4707
GlcCer d40:1,1410,1658,1457,1239,2291,2170,1602,1753,1425,1695,1447,2213,1537,1871,2148,1266,1389,1604,1519,1283,1366,2584,1390,1891,1556,1196,1747,831,2069,1332,1178,2346,1981,1678,1254,1900,1225,925,1822,2049,2012,1859,1868,56,1344,1754,3827,1124
GlcCer d41:1,539,1053,909,548,940,1021,865,818,645,722,752,1182,1085,1177,1315,668,830,646,1032,689,884,1153,910,1007,690,670,1004,526,672,800,762,1016,1147,807,484,1010,587,525,1370,943,918,740,676,155,828,1204,1626,857
GlcCer d42:1,1277,1875,1459,1198,1688,1896,1380,1812,1230,1551,1590,2049,1555,1929,1768,1419,1380,1376,1830,1308,1510,2868,1397,1778,1261,995,1860,949,1744,1470,1377,2128,2029,1285,1179,2095,1536,1085,1848,1845,2279,1840,1467,50,1475,1833,3560,1477
GlcCer d42:2,1144,1730,1156,1178,1960,1317,1483,1965,887,1739,1287,2051,1388,1189,1307,1381,1496,1320,1805,1443,1130,2509,1223,1366,1493,1146,1762,538,1095,1650,1432,1804,1372,1206,1044,1725,1252,908,1482,1580,1794,1060,1778,0,1003,1774,3208,1007
GlcCerd14:14E/20:02OH,1647,1783,1066,1331,1073,1216,1426,1460,1238,1572,1479,1540,1561,1342,1521,2074,1577,1403,1365,1480,1254,1944,1466,1622,1845,1370,1873,642,1351,1604,1336,1138,1387,1264,608,1656,1364,885,1968,1659,1917,1551,1457,47,1614,1187,3375,2075
Hex3Cer 18:1;2O/16:0,6291,6126,6549,5724,6452,6042,6041,6996,4460,5366,4824,5212,3653,7520,6353,6104,4904,6031,6032,4356,4811,6091,7116,7242,3960,4163,6881,2018,4589,5967,4335,6349,6378,3904,3131,8367,4842,3495,6021,5828,4464,5250,6034,35,6812,6352,16241,9515
HexCer 18:1;2O/24:0,3054,4818,3277,3217,4488,3350,3072,3920,3178,3401,3198,4349,4655,4516,5061,3007,3339,3443,4076,3089,3380,6237,3859,4591,2827,2936,4007,1811,3692,3220,3268,4268,4110,3252,2342,4499,3491,2555,3581,4380,3943,3594,4326,376,3379,4176,7403,3788
lactosylceramide d18:1/24:1 15Z,9095,8188,7143,8268,7554,8880,11046,9671,6072,11158,10604,13943,5805,11389,11923,11911,8533,13337,10090,8030,9286,20502,11335,10122,13844,11385,12767,2586,6061,15634,8907,13222,8155,4585,2687,12626,17932,3079,13169,8737,7315,10646,8740,84,6080,13908,18718,3960
LNAPE 18:2_N-19:0,583,792,550,936,1023,721,834,700,885,884,804,664,610,608,953,1016,848,1090,840,583,888,891,886,646,842,763,882,431,744,821,744,770,777,609,627,960,744,596,692,929,646,961,753,341,743,660,2335,895
LNAPE 18:2/N-20:0,863,610,650,755,741,770,727,1037,538,831,624,900,994,1052,762,674,622,698,712,666,874,896,628,802,634,662,670,628,809,859,1147,698,823,615,533,942,679,420,817,1072,756,677,1140,53,824,938,1433,758
LPC 14:0,3258,3739,7030,6503,4075,10099,3270,4835,2548,4266,4163,4776,1493,7848,4038,3273,3090,4056,3881,4066,5735,7003,6891,6412,2042,2914,3370,2987,4087,3115,4116,4972,3523,1864,3471,3930,4824,2041,5557,3519,3402,3101,5015,331,4500,5984,17238,9795
LPC 15:0,2037,4577,4300,5089,4515,6221,3631,2532,2020,2615,2258,4632,1294,4461,3830,2175,2790,3558,3190,3065,4968,4170,4788,5130,2009,2851,2293,1269,2922,2473,2289,4048,2686,2096,2617,2854,1783,2151,3868,2710,2531,2743,2992,385,3290,4547,8479,6797
LPC 16:0,167464,376515,519974,437362,430929,408394,174121,237021,131870,162425,169926,270381,72512,380525,258026,174091,154860,316136,252762,258293,288340,286549,436192,486592,131600,183261,242298,46179,246484,188199,175451,272610,173668,87603,184203,221324,194897,89719,253741,153525,181332,197555,193632,1717,302668,386279,1192144,407705
LPC 16:1,3538,5349,8265,6719,6456,8188,3431,5663,3299,4716,4059,5933,2877,7495,6253,3522,4617,5296,3989,5739,4856,7457,6580,8555,3123,5688,7452,1830,4690,4906,3799,5420,3815,2710,5527,4621,3758,1966,6001,3259,4171,3466,5727,500,8970,7363,25169,11307
LPC 17:0,4595,7641,8005,8495,8738,8182,5246,4798,3237,4789,3538,6339,2344,7242,7761,4058,4002,7130,6404,5290,7371,6331,8094,7956,4423,4799,5099,1719,5165,5167,3924,4502,3892,3472,4266,6540,3626,2890,5360,3435,4855,6352,4137,311,6813,7456,16779,10916
LPC 18:0,38443,70484,78421,93107,90901,79054,46903,66202,35046,39980,44045,60333,22600,82606,63772,38107,37405,57166,61785,53927,74254,68533,84143,87954,39741,40739,50454,12954,49701,40200,39608,46480,40759,26489,44307,56980,48721,19140,56235,34157,49492,48914,46162,680,106494,70811,296733,130588
LPC 18:1,15526,28812,27404,29045,24055,25157,12548,15582,10287,12173,13357,16537,7568,38252,21445,12990,12880,20915,16550,16797,17474,25151,22313,28406,10601,14625,19296,5020,15210,15756,12569,16015,14135,7116,17538,21340,15923,5883,23605,12088,14615,15185,13578,169,39308,34362,135034,38502
LPC 18:2,1211,1661,1836,1687,1058,1419,1340,1133,913,784,1036,1033,1060,2489,1031,918,921,1710,949,974,761,1404,1069,1418,686,914,1571,739,626,936,1362,1058,926,653,1004,1936,1097,665,1356,669,769,1040,932,52,3465,1906,4828,3954
LPC 20:0,1892,2418,2326,3948,3099,2690,2619,3193,1736,1742,2156,2298,1060,3209,2632,1781,1993,2914,2714,2390,2761,2099,2795,4143,2386,2271,1948,964,2238,2054,1543,2389,2137,1605,1417,2421,3774,1637,2669,2236,1793,3138,2088,208,2880,2883,12105,4061
LPC 20:1,1436,2147,1887,2291,2327,2118,1552,1690,1465,1109,1111,1440,1037,2252,1707,1424,1806,1742,1772,1831,1353,1891,2172,2613,1944,1481,1749,377,1619,1491,1124,1488,1547,822,1590,1775,1736,852,1691,957,1292,2078,1405,119,2551,2407,6927,1904
LPC 20:2,1503,1875,1832,1548,1758,1775,1273,1572,920,1153,1067,1241,851,1954,1567,1135,1188,1647,1369,1107,1452,1368,1525,1559,1185,1323,1285,768,922,1182,1304,1273,956,899,1314,1503,1563,921,1988,845,910,1259,1319,440,1632,977,3196,1802
LPC 20:3,3716,4732,5601,4473,3324,5271,3310,1927,2561,2442,2396,2362,1996,8260,2097,1707,3323,3115,2607,2902,2876,4192,3172,4377,2072,1865,3121,1829,1281,2031,2818,2327,2135,1269,2350,2594,3095,2103,4298,1564,2087,2292,2531,615,6106,2643,8453,5435
LPC 20:4,14358,17818,19328,12633,10747,18334,7567,3331,3832,5208,5677,2841,5133,21038,4701,3397,4095,5161,5024,5664,6517,11352,6435,8178,5614,3997,5378,4733,1524,4647,6015,5898,5945,2543,7267,5712,7415,4175,4754,2379,1588,7847,4766,510,14370,5074,20208,20704
LPC 20:5,769,966,791,1720,610,1071,896,355,454,597,398,412,548,3162,441,226,193,685,241,601,1138,993,428,1213,343,558,629,262,374,357,788,829,714,425,253,632,1152,530,813,383,56,472,311,72,1487,740,1618,2507
LPC 22:6,2981,5003,5935,7316,1764,4833,3171,1427,1058,2233,1818,824,1785,7119,1294,1576,1760,1793,1930,1467,2534,2810,1400,2777,1620,2010,1254,1242,518,1248,2468,2454,1944,1471,2249,2109,2416,1475,2662,654,502,1397,1118,360,3528,1911,2478,2548
LPC 32:0,4739,4126,5047,4109,4879,4490,5138,5322,4306,4414,2985,4370,2975,5363,5239,4882,4269,6191,4206,3957,4656,6327,4570,4175,4441,4602,7287,1886,3777,4224,3414,4963,4099,3667,2252,4563,3760,2352,4791,4492,4079,4274,4822,578,4341,4052,7597,4092
LPC O-16:0,6618,7882,9939,7684,9716,9908,5869,5978,4032,5473,3827,4981,1700,7598,6381,4362,4843,7902,6498,7618,6628,7871,6708,10173,3543,5767,5176,1393,5347,4446,3987,5818,3848,2165,3652,5483,5944,2990,5940,3391,5622,6923,4681,355,8614,6739,21704,12466
LPC O-20:1,554,543,472,674,746,528,701,779,669,685,106,954,596,895,542,313,285,943,311,708,807,505,892,825,1022,1101,719,771,288,570,961,708,704,627,830,794,448,479,733,394,384,220,781,344,647,742,14415,550
LPC O-22:0,892,1215,1132,996,1212,1144,1438,893,930,840,683,1163,879,1763,1115,934,979,1207,1080,1339,970,1676,1346,1716,1137,1074,1096,164,1166,1485,923,1354,993,710,550,1447,1096,407,1518,863,1164,1115,1127,278,976,1814,2628,1458
LPC O-24:0,1699,993,1781,1732,1404,1409,1948,1463,1085,1351,1189,2035,1196,2457,1749,1546,1642,1715,919,1679,2103,2481,1994,2215,1661,1758,2065,273,1668,1323,1961,1895,2318,1356,697,1943,2287,774,2092,2229,1523,1445,1502,197,1686,2775,5163,2077
LPC O-24:1,1641,1538,2313,1835,2599,2213,1712,1640,1059,1236,1256,2234,1085,1433,2028,1789,1426,2025,2155,1566,1808,2690,1789,2410,2618,1892,1743,402,1637,1606,2039,2224,1574,838,1227,1966,1843,907,1822,1338,1447,2008,1232,372,1632,3453,6062,1425
LPC P-16:0 or LPC O-16:1,1697,3559,1969,2182,2467,2351,1615,1536,870,1790,1680,1872,666,2243,1947,1198,1172,2044,2056,1964,2256,2265,1757,3045,1434,1722,1877,385,1398,1771,1344,1338,1826,993,1485,2290,2332,1050,2187,1434,1228,1906,1774,246,3205,2085,8466,4036
LPC p-18:0,3293,3844,4680,4536,4933,4958,4190,3363,3036,3562,2647,3999,1384,4413,4076,2405,3045,3975,4375,4306,5690,3951,5236,6101,3266,3106,3075,851,3577,3221,2205,3768,2835,1634,2330,3207,3942,1912,4176,2487,3088,4323,2750,377,4173,4941,11590,5255
LPC P-18:0 or LPC O-18:1,4723,6742,7048,6351,6900,6162,2981,3317,2221,2858,2872,3594,1441,4462,4438,3206,3254,5346,5076,3587,3994,6100,5990,14170,2826,3344,3047,1055,2828,3253,2514,3492,3224,1492,4045,3963,3983,1572,5060,2699,3380,3902,2422,297,5040,5976,20215,5290
LPE 16:0,1648,1476,1558,1660,1422,2338,2208,2046,1187,2334,1692,842,875,1841,1439,1527,1432,1535,2035,1321,2335,1267,1623,2093,1858,1525,1138,806,1396,1367,672,1166,1194,688,587,1218,1924,872,2014,838,1074,1511,1579,193,1475,1605,2062,865
LPE 18:0,2213,1955,2019,2199,1792,3286,2653,3777,2216,3288,2693,1626,1276,3617,2296,1767,2828,2876,3021,2435,2782,2421,3793,2949,2917,1748,1889,1023,2223,2929,1396,1954,2436,1700,1187,1759,3870,1951,2966,1501,1650,2574,2318,432,2559,1958,4439,2076
LPE 18:1,1993,3424,2506,4291,1906,4268,2867,2273,2223,3834,3208,1469,1271,6070,2749,2019,2530,2981,3440,2105,2473,2605,2574,3045,4430,2378,2587,1423,1320,3410,1478,2065,2187,1763,986,2182,5326,1223,3724,1460,1158,2862,2270,435,3856,2308,6447,1986
LPE 18:2,1251,948,1601,1334,835,1960,1170,1164,1157,1766,1161,702,868,3133,1024,710,1057,1160,1484,718,703,1191,1051,1079,874,1147,1158,419,531,1345,699,478,1116,536,460,1103,1431,485,1647,718,492,1372,799,305,1600,677,2039,1199
LPE 20:4,3758,3318,4393,4773,1835,7572,2321,1270,1273,3259,3379,761,2119,7134,1554,1303,2129,1730,2562,1786,3056,1782,1693,1523,2974,1211,1583,1431,402,1953,1508,1170,1735,1435,629,1158,4955,1056,2367,1079,530,2289,2022,255,4454,1119,2258,2011
LPE 22:6,486,486,825,995,258,705,516,249,110,459,438,235,268,893,126,177,222,299,473,244,352,243,273,282,381,318,133,117,106,320,259,247,214,250,134,118,621,119,327,216,119,275,204,35,594,206,392,150
LPE O-16:1,1361,1122,972,983,805,1225,1077,1069,941,1751,1911,725,348,1439,978,1009,963,1107,1139,1053,988,1044,907,1198,878,864,1010,574,669,1062,760,835,875,672,460,1016,2171,558,1809,640,544,1229,1038,396,1677,927,1671,1409
LPE O-18:1,1779,1889,1412,2074,1474,1996,1854,2227,1838,2988,3060,1374,1282,2101,1630,1569,1924,1610,1866,1731,1636,1412,1737,1957,1766,1438,2060,602,1009,1681,797,1247,1555,884,270,1558,3278,1129,2379,928,909,2433,1775,499,2197,1518,3332,2136
LPI 18:0,534,1185,1646,1285,1122,1340,656,683,549,546,497,518,388,1421,660,678,523,717,959,687,847,1052,915,891,290,644,862,493,610,808,585,777,727,409,707,939,314,439,775,706,721,682,461,72,751,1487,1427,703
LPS 18:0,1399,1491,2104,2193,1519,2437,1572,1267,1190,1802,1115,803,669,3850,1596,1495,924,1473,1701,1729,1837,1496,1675,2127,438,1236,1554,404,1133,1191,1338,1563,873,666,884,1198,1620,902,2776,996,979,1438,1199,30,1973,1942,3265,1982
MG 20:4,461,534,548,349,167,547,439,322,191,581,1343,118,513,525,505,122,449,197,192,486,513,432,191,209,935,170,323,288,151,716,306,190,533,577,109,506,904,134,274,136,125,446,673,140,548,224,861,192
MGDG 16:0_20:5,953,1250,1620,1246,1091,1134,972,1099,1036,1289,1123,1325,1119,956,1279,1121,878,974,1180,921,1342,1132,1127,1102,1158,940,1262,366,1153,1345,1069,946,975,1043,655,1092,993,849,1244,1265,1195,1034,1172,51,908,1116,1432,1276
N-docosanoyl-4-sphingenyl-1-O-phosphorylcholine,18932,22453,15837,17170,16882,13391,12984,19038,9082,20806,13752,15732,16907,15696,17615,14440,17490,13146,15198,11447,15327,21355,17341,15330,18877,11035,21272,5849,8036,15055,16940,14965,14434,12270,6504,19657,13625,8470,18625,13079,11151,10294,14883,675,18197,13230,36282,20572
OxPC 36:3+1O,800,806,1042,996,1122,871,769,936,762,754,760,1418,773,1022,1214,1083,840,987,989,1006,1359,1134,1345,1240,927,759,1080,760,998,1337,1212,1015,1150,890,788,1255,760,621,1362,1030,1294,902,1203,26,972,1364,2021,1165
PA 18:1_18:1,2448,3334,2699,3002,2899,2485,2702,3511,2788,2914,3460,3023,3316,3587,3035,3387,3278,2760,2698,2667,2840,3297,2942,3730,3010,2613,3153,2016,3495,3208,3177,3159,2844,2447,2194,2960,3313,1890,2645,2895,3003,2497,2769,237,3324,3015,3177,2698
palmitoyl ethanolamide,1649,1140,943,974,1049,1900,1411,1128,2405,4767,3691,1280,668,1324,1389,1094,2103,1934,1923,874,1312,1114,3349,1702,1586,1470,788,4648,1959,938,949,983,1274,866,1359,906,2312,1485,1860,828,838,2421,1146,643,3131,1286,1592,3471
PC 14:0_16:1,3536,2587,4957,4827,3154,6252,2851,9355,2661,6396,3869,6660,3665,7992,4576,4007,3603,3963,3138,4459,6779,10203,4232,5344,3360,2853,6758,5511,4269,5826,4979,5230,3996,4093,3619,3140,4484,2804,7325,4171,3458,3454,7222,1184,3395,3968,29757,5481
PC 16:0_14:0,44841,44404,58928,55306,45634,75220,43038,99281,41961,63328,48806,72453,31073,102021,58574,48520,51641,46126,29966,66253,90346,110621,50277,82154,42185,38747,76232,28170,62231,70029,59959,77215,62798,34426,20174,50329,54735,35723,76516,50700,31403,37546,74424,414,38742,57864,168889,71484
PC 16:0_18:2,18271,20079,17470,20759,20400,17077,15592,19156,16815,17183,14874,20624,20832,20299,16954,18268,16790,17877,16241,15727,17266,20886,20039,20755,18529,16703,23702,12617,16096,19556,21531,22957,21859,17381,9458,20570,15003,13896,19353,18966,15973,17741,16512,2003,16808,19726,25552,19499
PC 16:0_22:6,2342,3705,2026,2440,1821,2150,2551,2405,2270,1739,2068,1967,4148,2109,1826,1286,1679,1711,1612,2033,2016,2726,1420,1622,2057,1968,1490,1899,919,1381,2530,2276,2764,3734,1686,1734,2152,1407,2198,1274,1276,1343,1931,621,1474,2428,1714,1339
PC 16:0_5-oxovaleryl,17837,21712,48940,25632,17520,34168,11852,22942,14370,5127,6114,32741,12199,40334,36350,19161,7875,15293,7077,21703,10889,28518,21021,15787,7967,12780,37771,7841,56244,34178,21836,19111,23015,17932,8979,17837,6664,12756,8918,24115,21217,9911,30731,224,7842,22044,64263,17638
PC 16:0_azealic acid (PCPAz-PC),125869,120061,601886,280010,283847,329250,109219,154279,136396,77717,66903,273989,130269,424057,208497,254028,165498,231448,115813,229658,176642,298927,243762,213756,125509,161495,388069,91012,525063,319162,211283,210112,170199,182409,128063,203065,74739,145011,184729,275226,255653,145738,232886,929,136928,243587,401478,132372
PC 16:0_glutaric acid,33082,41653,128775,59669,49290,68442,24456,50931,29605,12884,13419,69396,22395,62994,56242,45271,16854,27609,17737,48666,32685,69136,39724,41884,18578,31202,72754,13449,105409,72511,46560,38711,37840,30043,22073,40431,16078,32350,20244,41914,42366,29474,52265,336,21268,46149,179554,45595
PC 16:0/9:0 CHO,119007,118576,469550,283052,222338,302843,66067,84105,84492,42892,37028,166814,90175,475441,162608,113158,78306,166720,60968,141517,91322,157775,198471,128126,74706,81518,226943,76500,335793,182888,177442,157539,133361,118088,84261,125614,41085,82726,102372,207104,164983,70059,183881,1054,104017,188063,281571,100220
PC 18:0_18:1,3660,4240,2674,4863,3362,3044,3376,4261,3137,3212,3342,4061,4174,5328,4962,3657,4234,3383,3271,4777,4767,4999,3544,5217,3906,2875,4242,1928,3767,4135,3643,4122,4248,3438,2598,4093,3435,1720,4783,4305,4190,3931,3820,67,3360,4916,10070,4863
PC 19:1,3394,4051,701,971,2511,804,5296,5375,3777,3443,3818,4831,4808,784,3917,4761,5034,5285,4184,5021,4187,7510,2946,2748,1604,3291,5320,2111,5021,7663,2870,3848,6585,3714,652,4672,3984,2905,3808,4546,3024,5584,4118,1170,3365,5197,14278,6910
PC 19:2,4264,4950,348,882,2514,686,6255,5669,2964,3966,3646,4194,5723,490,3916,4291,5556,5133,5067,4576,3003,5360,2475,3153,1003,3501,4686,2155,4532,7608,2710,4225,6658,3173,550,3797,2835,2384,2727,4009,2394,4356,2119,333,4763,3284,11882,6259
PC 21:4,2883,2736,487,464,1834,653,3085,2739,1589,1939,2556,2605,3487,723,2111,2208,2618,1294,2206,1813,1687,1916,1127,1140,740,1143,1465,1202,1262,2300,2284,2176,2451,1786,17,1380,1571,2129,1020,1393,525,2257,1619,80,2326,882,4130,3386
PC 24:0,4073,4536,8117,6493,9094,5551,4028,6118,4161,3293,2436,9049,3801,9366,8095,10530,7640,9777,4226,8990,6639,11595,9100,8763,3284,6106,14004,4448,16893,11949,6796,7797,6778,6028,3185,10724,3382,6179,6963,9159,9464,6104,9888,124,4448,10717,18700,6622
PC 28:0,2849,2380,3771,2694,1951,5302,2064,6978,2271,4076,2479,5270,1962,5629,3224,2368,2178,2456,1583,3518,8317,12280,3699,4649,2257,1682,3025,8959,3255,3361,3024,4428,3689,3108,1385,2380,6260,2134,6072,2570,2035,2793,5304,151,2642,3368,28963,5534
PC 29:0,4452,5465,5375,4979,6040,8535,5181,7471,4125,7830,5634,8877,3117,7659,8531,4942,6463,6311,7253,7107,12094,10856,6359,9433,6135,4097,6483,2606,6337,7781,6190,6996,5825,4593,3153,6113,5575,3591,7820,5346,4270,7745,8185,150,4217,7399,18053,9690
PC 30:0,1849,2279,1586,1805,2251,1937,2306,2154,2240,2276,1627,2002,1526,3093,2311,1836,2583,2648,1954,1895,2514,2488,2427,2597,1758,1362,2206,1286,1972,1970,2220,2219,2390,2100,1631,1970,1640,1344,1943,2133,1702,1790,2263,112,1902,2137,3664,2435
PC 30:6,2210,2381,5207,5559,5006,4642,1895,1806,1393,1066,1085,2825,2167,7870,2307,1972,1517,2734,1237,2491,2188,2853,3148,1633,1758,1751,3063,1906,3438,2428,1873,2324,2690,2141,1423,1836,1409,1579,2012,4026,2088,1711,2952,278,2453,2758,3376,2875
PC 31:0,18044,16807,14352,16736,15860,17913,18006,18773,12186,16878,15122,18855,11208,20154,17501,14820,16764,14958,12190,16865,21642,23363,14555,18013,18078,12522,20900,4229,11530,21058,13399,17383,17393,12097,5820,17767,12570,8686,19792,13972,9453,12870,17482,419,14950,16216,37728,20390
PC 31:1,5520,4227,7753,7177,6483,8478,4907,11114,5361,10228,6734,10722,5170,9728,9405,6575,8093,6088,4864,6719,10506,11790,6457,10863,5241,5455,10913,3182,7560,9042,6908,8503,6348,4462,3496,5536,4428,3804,8464,7136,4509,4568,9873,869,4352,6518,24132,11108
PC 32:0,414124,404677,428435,453032,484898,368770,422254,497665,276827,367379,370988,462797,257158,521052,460066,491887,444006,548572,342616,474149,421382,577159,529396,460550,530811,441770,660710,120652,381067,504796,337451,429077,411179,292687,185540,493377,432091,219787,507676,447548,304553,311771,466610,883,471240,533322,1003245,484032
PC 32:1,83693,73962,140326,122036,93617,113813,53655,233366,75291,127233,106994,182539,81012,195726,137459,132815,135980,90623,54552,110714,121783,186501,101488,176427,63966,77064,197911,36962,115421,134125,127497,167624,106877,59204,42942,85386,85446,43466,154310,143639,82002,46849,189923,1028,50776,111866,454864,98159
PC 32:2,19065,19855,25203,33528,23942,30660,16543,24724,13812,28927,18205,28110,17982,34668,20044,18695,17578,18608,16518,18752,28131,41154,36539,31131,19841,16183,41489,17969,18907,25466,29777,40542,25404,14815,8142,21183,24538,16131,41849,27553,15810,13383,29779,1114,14197,29926,124440,34092
PC 33:0,19820,18967,15098,22849,19862,17989,25542,23194,14761,16654,14430,23465,11021,24085,24199,20685,20912,22175,17283,22510,21631,25291,22875,23479,21964,17378,27616,6229,15107,24544,14274,18471,20515,13898,7759,26995,15448,10949,24953,17888,14421,17541,21534,633,20479,20569,55782,28413
PC 33:1,42342,55709,46459,52815,50240,52000,36374,63286,39216,44661,33550,82085,41333,72385,81506,57743,53211,43222,34370,53863,62176,69081,51705,77596,38588,37337,70963,15410,49702,67052,47341,60277,57469,36976,24164,60706,22817,22197,58864,56131,44827,36769,70060,1229,27418,55737,134413,61520
PC 33:2,37183,48588,34892,48959,52282,39174,37219,31198,23628,36725,21363,55742,31441,42511,43383,32181,38147,37378,31926,32206,46300,53804,48285,53337,42761,30247,62188,11592,24869,49043,37474,50582,50777,34716,11445,47188,19864,21529,43303,40533,23793,32601,40000,859,30721,47277,98921,60493
PC 33:3,3620,3843,3570,3626,3481,9101,3788,3790,2422,3844,3880,2650,2746,4224,3510,3568,8224,4014,3703,3527,3492,3826,3102,3737,4158,3313,3951,1550,4001,4357,2880,3879,3526,2553,1909,3512,3444,2635,3891,3569,3097,4353,3534,201,3910,2774,3980,3527
PC 34:0,114633,124244,70210,113115,102031,85612,139917,122691,84876,82475,93710,108540,63036,173874,149840,123120,118376,125713,88069,133555,164578,154027,144071,166348,148765,86873,163386,21834,87143,136600,75171,110285,125510,75247,27416,163031,124000,41957,166826,105464,77148,120906,123903,584,133281,129764,417598,171480
PC 34:1,16516,18549,18459,19382,17640,15818,14326,21422,17572,13759,13983,23079,19068,21842,21866,21379,16586,18085,14572,17311,18054,20659,21241,22096,15641,15200,23424,9463,20227,19074,17402,20972,18562,15553,13514,18702,15040,9375,21703,22071,18734,14069,23806,264,12103,22537,44866,15798
PC 34:2,25173,27896,25661,27583,27906,22948,22281,24966,20544,21768,19751,30437,29781,28555,22282,25530,24030,24762,20144,21073,22416,29175,31552,27212,23294,21038,36492,18035,21734,27511,29702,32216,27777,23334,12074,28941,19647,18834,25784,27156,21819,22182,26119,2965,20785,26169,47608,27137
PC 34:3 Isomer B,82017,100369,124224,144228,104713,106677,73716,107831,50435,131213,91181,108433,88621,117178,91779,85890,91760,83417,67236,57843,101644,139221,132751,103919,89437,90949,159859,31761,39563,83969,102752,169056,102984,82860,27478,100415,74058,47515,156936,105398,52329,46991,98739,1500,70393,99687,283118,98697
PC 34:4,4019,3931,4016,3671,3165,5133,2734,4265,2738,3929,3735,3595,3495,4389,4748,2501,3200,1976,3224,3644,3714,6409,3674,3245,3564,2023,4337,3594,1552,3469,3705,4993,3792,2758,2220,2819,4057,3842,3650,2054,1651,3408,4563,173,3134,3557,13244,7489
PC 35:1,49297,62436,37017,60189,46810,38576,49217,61475,41902,34742,29365,72512,40163,71931,85659,56100,51339,47975,42316,54705,55622,68210,53923,69325,48717,42132,71195,17782,44274,69039,40543,48096,59691,40958,20568,73798,33094,22653,60262,56166,47854,46108,68422,895,36653,65034,156615,64887
PC 35:2,1019,991,834,773,1169,994,793,791,919,533,504,1004,655,865,997,906,902,837,655,650,990,900,860,954,912,671,972,720,694,866,737,873,961,1015,511,1258,482,583,845,924,876,1018,825,176,920,891,1150,1235
PC 35:2 Isomer B,68696,84122,52285,83939,79633,53664,55649,56422,44359,48856,39979,73714,64748,79387,75732,53781,55220,63394,55215,56505,64656,77643,67309,75080,64548,45932,83267,25865,38323,88702,59645,68226,78138,56611,19895,84755,42211,34689,65353,62482,46079,63101,69407,2488,65784,69668,188234,97626
PC 35:3,6318,8282,6008,9359,7231,7311,6404,5374,4668,7073,5056,9523,8088,8795,9634,7125,7432,7323,5489,5203,7542,9083,8050,7352,5631,6609,9740,3027,3610,7454,7847,7504,8316,5662,2644,8094,4509,4220,9254,6749,4871,4358,9328,355,5334,7105,13246,9269
PC 35:4,758,813,631,493,721,518,524,604,518,505,668,508,992,601,755,710,459,250,406,461,688,854,564,491,469,469,862,648,374,655,704,819,684,594,413,519,520,622,482,590,476,549,733,71,477,508,1191,932
PC 36:0,14715,13895,9095,19369,13472,13033,16273,20330,10696,12057,16194,14499,9234,24625,20720,17035,19050,15926,13966,16307,21262,21000,15063,18830,20964,13578,17830,3310,13347,17217,9910,17071,15713,14025,4050,17783,20904,5907,20354,16516,12979,21084,18928,115,16417,13481,54713,23420
PC 36:1,5250,6202,4466,6161,5753,4542,4740,7090,4868,4828,4461,6659,5840,6536,7500,5450,5254,5073,4377,5028,5892,6906,6080,6574,6195,4724,5945,2793,5360,5871,5527,5412,7192,5171,2818,7018,5345,2835,6824,5865,5637,5221,6572,34,5846,6604,13973,6811
PC 36:2,774018,913280,535083,1009529,963466,559299,545951,922079,501991,489236,454867,913189,939393,1059757,748531,611935,635173,610322,551820,496679,792328,1078931,811633,833226,623788,503772,1046929,260570,435071,762835,842228,813733,930208,628755,219337,950225,582207,222560,908265,767022,624474,575083,793289,1446,925328,839862,2458741,1170609
PC 36:3 Isomer B,3550,3823,3002,3506,3604,2978,3547,2737,3251,2792,2961,3948,4924,3917,3297,3233,3780,3169,2526,3232,3374,4388,2993,3525,2555,2978,4247,2722,1418,2712,3937,3936,3856,3353,2352,3477,3197,2062,4116,3524,2504,2554,5453,77,2930,3444,5989,3374
PC 36:4 Isomer A,89636,141898,73900,154721,102770,94663,84268,66059,64008,96787,80371,66385,129386,129811,90026,76383,79621,84588,77329,77198,74804,159003,114023,84532,102528,82635,116289,43733,26417,82777,69252,107478,112444,93229,22638,164209,75380,36805,159817,90964,40357,53740,86766,315,241385,135139,379966,189201
PC 36:4 Isomer B,5570,6301,4095,2953,3898,3280,3134,3611,3406,2247,2962,3672,4968,3183,4407,2915,2392,2194,2245,2920,2898,5094,3528,3024,3130,2997,3761,3002,1459,3366,3743,4355,4941,3556,2168,3343,2791,3352,1961,2311,1539,3109,4643,66,2076,2817,5987,5070
PC 36:4 Isomer C,555675,765832,438135,316820,362658,329744,298812,404058,264993,234692,247622,389889,520071,359876,406368,305996,224932,173085,179418,270146,271293,582906,324421,283954,273697,221125,530231,173181,92333,395782,352819,435869,512530,353216,132497,327706,267654,252931,212773,178590,104730,244477,528253,740,210461,286098,882975,541865
PC 36:5 Isomer D,19009,35458,23290,63582,10532,22646,30413,32384,12666,23744,21225,28846,33314,75213,23525,14449,11865,26824,8734,14057,62553,57822,11114,34547,26264,26589,28700,8036,4411,14475,35265,40283,33732,28818,5607,26471,74217,10714,25803,9106,3916,9466,20621,420,29226,29099,82462,68293
PC 37:3,7483,8127,6199,9294,6728,7026,7244,6127,4776,5467,5167,8513,9009,8557,8082,5645,7817,5413,6228,5579,5979,8048,6958,7387,5801,4820,8220,4087,4143,6490,6916,6168,7241,6700,3168,8865,3999,4056,6660,6116,5712,6040,11220,394,5795,5786,12575,9301
PC 37:4,12531,17364,8696,8292,9954,9521,9422,9072,6355,7345,5791,10617,11073,8651,14679,7207,6154,4639,5996,7257,7364,12441,7890,6382,7971,6532,10816,4886,3595,11261,7072,8757,12475,10095,4354,10362,5899,6869,5443,4377,3542,7606,13004,515,6813,6169,16913,17376
PC 38:1,12865,18106,8275,17752,13518,9393,12935,20316,10476,8762,9975,14657,11352,20289,20457,15121,15738,14642,11592,13773,15702,23423,13635,16165,19372,12852,17346,3352,10063,16010,10817,14009,16649,9998,4611,18625,18216,4930,18169,15991,13687,15314,17239,178,11813,18562,60412,16961
PC 38:2,587,853,514,691,694,588,665,696,550,856,703,661,728,670,770,493,579,513,682,655,724,577,662,670,877,602,722,478,382,614,628,573,653,572,307,610,505,338,732,668,637,633,816,83,509,681,1399,558
PC 38:3,1074,910,819,1082,943,959,1034,1394,840,818,957,1222,1307,1335,870,758,1359,1092,595,805,828,1143,784,1110,785,640,1262,707,567,636,1029,1076,1384,822,591,848,910,538,1139,894,807,905,1442,133,865,796,1418,1142
PC 38:4 Isomer B,1638,1713,1293,1383,1326,857,950,1569,1300,783,1139,1089,1708,965,1151,905,797,611,614,1331,1122,1473,930,939,1040,954,1226,920,402,1194,1207,1117,1330,1433,925,1335,913,1028,640,882,768,894,1297,81,1229,959,1952,2242
PC 38:4 Isomer C,157936,180943,101932,103119,109923,99105,91090,135339,91784,55514,82651,102330,163504,113470,115294,71980,65258,52147,55461,79932,94465,155840,82692,74734,87643,68293,121784,58630,30076,96677,115263,101634,143130,119281,57123,100680,86040,69559,59438,51532,42682,81030,142314,741,106146,69986,188482,217224
PC 38:5 Isomer A,79964,105804,60862,79539,59270,56109,40010,49244,37436,39775,47694,53522,83527,79129,63857,40331,38379,29968,28103,39746,54053,87072,49992,51338,48759,45928,65864,30975,9463,53034,55683,63297,67187,67870,32836,62739,50404,32823,52605,29927,19199,34883,62825,2648,55837,47575,151882,94694
PC 38:5 Isomer B,43738,54104,21887,38658,26860,24163,25966,38670,28004,16558,31088,31399,50636,44427,45797,18517,20718,16017,17221,25466,33445,45911,21413,22680,19627,18109,27591,17613,8614,25538,28020,33916,49006,32402,12253,41587,32492,18441,25784,18815,12657,24005,40335,394,23180,21409,58218,53950
PC 38:6 Isomer A,26972,29379,19126,27879,17924,21156,19105,11024,12596,17930,18044,12246,20709,25993,21622,12777,14618,13947,12053,13183,20623,32046,13666,15173,16082,15203,19836,9044,7050,15848,16703,18304,21569,19791,7147,23393,22637,9975,16129,11174,5805,15862,18951,330,33326,19158,48701,54899
PC 40:1,2329,2822,1889,2610,2345,1989,2926,3589,2090,2200,1977,2946,2637,3304,3627,2785,2808,2723,2321,2662,2577,3743,3017,3103,3798,2836,2891,1290,2652,2608,1647,3041,3709,2061,1461,3355,3664,1861,3584,2682,2218,2490,2703,226,2745,3416,13301,3107
PC 40:4,9366,7417,4564,5511,6187,4774,4276,10024,5497,4503,5559,7212,8730,8616,6702,4594,5523,3517,3868,5183,4569,8614,5784,3962,4264,3473,7994,2880,2491,3855,5681,5371,7015,5569,2750,5654,5967,2809,4493,4848,3090,3587,7751,0,3463,3277,14626,7543
PC 40:5 Isomer A,12446,13524,8450,16178,9008,8310,7524,11756,6087,6131,9198,9025,16150,16177,8426,5690,5890,6409,4432,6004,9744,12421,7416,7859,7876,6970,9836,5737,2617,5741,11040,7456,11330,11480,5174,9350,8189,6178,9528,5846,5179,5176,10097,416,8939,6310,14574,14251
PC 40:5 Isomer B,7606,9086,3351,5884,4786,4301,4873,10533,5049,2996,5286,5828,8960,5919,8553,3226,4653,3324,3706,3713,3380,7588,4832,4029,4270,2664,4426,2962,2951,3938,4749,5899,8734,5300,2552,7947,4890,2778,5711,3950,4463,3940,9686,143,2964,3061,9478,5725
PC 40:6 Isomer B,19944,29877,16759,29303,10333,17668,16886,28224,12900,11886,15068,14864,35068,29709,14564,10355,12409,9700,12382,10039,20766,27168,9087,14290,14984,12905,12952,9069,4173,9311,21208,18115,32873,32253,10651,15393,17041,6902,17521,6530,5498,6194,19145,538,12669,11870,24641,11714
PC 40:7 Isomer B,11729,14392,9757,15037,8997,8761,8261,4830,6510,7371,7906,4929,14396,12927,9380,5042,7017,7395,6531,6534,8001,10133,6132,8908,10068,9354,7148,5437,1967,6635,9259,9888,11902,16205,9473,11091,8095,4396,12804,6352,2536,4814,8771,241,7645,11301,10680,5060
PC 42:2,4750,3622,2802,3450,2479,3026,2418,3214,1965,2311,2617,3195,1770,2894,4692,2759,2502,2829,2004,2608,2693,4253,3278,3348,3925,2088,4716,1642,2747,3793,3624,3608,5248,4323,1605,5324,3140,3959,3175,2599,2180,1772,2737,421,2782,3284,8612,4846
PC O-18:0_16:0,1077,874,894,823,880,880,941,1157,975,783,846,1057,577,1013,1060,854,838,1028,811,1304,955,1126,842,1153,886,711,1305,322,886,1210,618,1064,1043,809,313,1076,739,545,769,1056,917,1145,914,85,1018,878,1452,832
PC O-30:0,8275,7662,9165,5972,8857,8241,9548,8748,5504,7465,4978,9343,5046,11674,9540,8703,8098,10004,5243,8016,9970,16884,7731,8314,7834,7971,11495,2655,5106,7965,6460,11852,8302,5849,3436,7420,7866,4642,9699,8208,7066,8695,8929,239,9231,7698,24362,11872
PC O-30:1,2304,2132,1640,1480,1789,3473,2071,2477,1939,2776,2222,1973,1892,2235,2662,2045,2507,1706,1069,2122,2628,3471,1706,1626,2035,1406,2101,803,2134,1924,1669,2472,2612,1842,816,2197,2210,1640,2076,2199,1397,1718,1890,214,2222,1797,5570,3406
PC O-31:7,652,465,819,815,611,650,2403,11742,5593,3748,2289,2834,1725,1033,3320,6210,8148,5231,4081,9015,9855,7670,2312,10139,1513,6938,4398,3028,4027,9769,972,2151,5039,4671,1451,5255,4512,6393,6058,1660,5450,7569,3467,256,1974,4865,9968,6037
PC O-32:0,85924,72762,81316,80457,91100,75587,79758,97869,55429,73175,49415,87384,49881,97013,110301,99205,80344,114616,68258,77673,79586,149388,82735,83634,86610,90971,145618,17905,61129,91680,65946,95429,75714,52667,25794,95644,68024,33899,93517,89426,72782,69442,87556,713,82877,79613,211056,75684
PC O-32:1,13785,13498,8805,9990,11376,12164,13154,14632,6936,10836,9680,14050,8828,14127,18162,15318,12193,11540,11012,10786,11005,17449,9841,13727,13200,11019,16038,3357,12029,14655,8753,13372,14126,9646,3981,15480,12717,6457,13073,15148,10481,11551,15843,275,14207,10134,45867,18066
PC O-33:0,3082,3037,2633,3698,4039,3112,4610,4264,2785,4314,2304,5186,2668,3984,4423,4140,2869,4309,3549,4223,4393,5085,3570,3859,3649,4043,5713,1922,2891,4333,2894,3857,4079,2731,1326,4855,2942,1902,4027,3836,3608,3766,3820,80,2939,3813,7628,3753
PC O-34:0,30526,22807,19864,25230,31254,19425,28373,25466,23639,23996,21780,26649,17115,30684,34318,28241,23361,29600,26175,31315,28283,36307,29289,34182,32253,22515,41619,7859,22888,29419,17976,27101,27289,20023,8401,33557,25331,12167,29491,32003,23639,28072,25802,338,25044,30272,98114,27960
PC O-36:1,16056,12934,10428,14815,15389,10161,15940,17624,12946,10410,7702,17739,11418,22763,18897,18189,13554,14643,13125,15623,14431,23492,13803,17180,15624,12597,25095,4188,14563,16340,12496,16613,17267,13751,3230,17819,13777,5177,16626,15941,14541,15920,16215,373,10140,16158,56239,12449
PC O-37:0,18583,20382,12703,21915,20189,14382,18056,21021,17150,20875,18025,21100,14072,25534,22314,20328,20826,20247,17376,19924,23899,22975,19123,23262,20036,15801,28777,5679,18027,22015,14501,18581,19545,11304,5257,24433,22078,10251,25872,19652,17461,23258,24236,141,20783,23469,58469,31028
PC O-40:2 or PC 40:2e,2563,2233,2624,2789,3384,2571,4241,3875,2400,1301,2349,3626,4205,4824,2419,4752,2532,4526,2808,3094,2311,6342,1332,3377,5348,3350,5716,1123,2591,3302,3459,4610,2851,2775,2389,3005,4747,1704,2959,4749,3083,2072,2796,352,1143,5913,12643,1763
PC O-42:2 or PC 42:2e,4145,2557,3485,3359,3260,3056,3743,4416,3028,1994,1766,4438,4458,5094,3729,6125,3380,3453,2671,3282,2232,6091,3275,4807,4685,1490,6392,1031,2851,5236,4753,5291,4114,2335,2429,4422,3848,918,3413,4850,3463,1067,4025,666,1542,7802,12587,2189
PC P-34:0 or PC O-34:1,1013,1207,837,1097,1215,866,1065,739,871,808,640,1096,843,990,1148,980,981,1128,971,1224,1099,1373,1137,993,1130,785,1568,403,920,918,957,1050,1203,876,574,1136,992,535,929,885,881,963,1033,62,1156,1136,2259,1004
PC P-34:1 or PC O-34:2,46105,50080,26055,47239,44109,30262,43743,45492,20153,27433,19315,28545,45193,69407,50708,30715,39457,46879,44057,35932,36674,62603,26567,50137,33621,25682,52913,10191,21250,49148,25204,37612,40906,31656,10419,48694,30889,15833,33727,38239,27777,34076,34305,660,64875,25131,161621,65055
PC P-34:1 or PC O-34:2 Isomer A,613,567,482,728,791,384,636,626,458,795,487,478,672,594,750,434,507,597,489,567,609,737,504,716,599,522,554,267,534,708,492,743,946,451,253,719,525,352,468,657,447,570,435,35,835,400,1355,845
PC P-34:2 or PC O-34:3,34557,42502,20118,32553,28459,32009,28895,26409,13303,21687,20051,16806,25776,42336,28491,21390,22398,24556,21433,23609,20580,30900,12580,33229,23863,20878,33947,9511,11159,33819,16626,21798,30017,21962,10985,45141,20932,10717,21601,19597,12908,27937,21323,268,43421,18083,87148,46121
PC P-36:1 or PC O-36:2 A,21975,20757,13841,18082,19348,12661,20448,19977,12162,12714,10452,20329,18583,28852,20974,21471,15835,20117,15332,16114,16862,38795,16596,20395,21375,14652,33479,6320,10668,22367,15807,22567,24532,14883,8587,24940,18422,8020,20235,18800,16862,16087,16754,480,16687,22671,75733,17994
PC P-36:1 or PC O-36:2 B,5358,4081,2010,3878,3768,3263,3733,4138,2434,3450,3474,5123,4289,5867,4887,4045,4111,3555,3734,3721,3567,4957,3377,3604,4108,3203,5219,1655,3234,4083,3917,3149,5180,4372,1160,5803,5247,1865,4794,4240,2691,4459,4476,239,4221,3688,19773,5408
PC P-36:2 or PC O-36:3,6877,7605,3848,5995,5106,5345,5973,5953,4177,4128,4809,5050,5069,7760,6463,4349,3633,5260,4894,5314,5024,8407,3475,5587,5246,3697,6131,3272,3614,7521,3721,5185,7511,4583,2598,7378,5900,2816,5613,5372,3589,6698,4766,219,7107,5291,18523,7818
PC P-36:3 or PC O-36:4,66660,62000,42812,37819,45689,41201,46228,46310,28334,27337,27950,33979,56046,56402,45710,29862,42021,32292,30634,36614,34984,70258,30231,37284,35735,31294,49153,17974,13569,39704,39698,48867,54098,45410,19491,44258,34508,28997,33285,25559,20602,32305,48957,6618,54335,29690,125430,88707
PC P-36:4 or PC O-36:5,27670,29748,15994,12771,16228,23290,18741,13423,9751,13321,14736,14092,22751,19352,21610,15707,15408,11699,13537,13801,14430,30822,9751,14801,13288,12295,19601,7528,2962,21128,14017,15599,21901,21048,7852,22242,15825,12628,13985,9240,6289,15766,20362,508,20242,12488,44056,41497
PC P-38:3 or PC O-38:4 Isomer B,27340,21949,12626,13707,16582,15714,19030,16530,14503,9811,10344,15298,21371,23246,18670,10853,13978,10174,10649,13419,15098,26846,11213,12335,12621,9598,22698,6536,4778,15917,13308,17994,27486,21850,6131,17133,13513,9759,13458,11566,8835,14379,22101,201,16426,11353,42757,23587
PC P-38:4 or PC O-38:5 Isomer A,45949,50992,31239,25391,33655,28460,26384,18401,14757,16183,16594,16313,39741,28755,26091,19663,22708,20558,20802,19178,21337,56186,21273,21534,25824,18098,29793,12898,4033,22357,24225,33122,31236,31550,20424,31954,26152,15213,22508,12809,10512,18108,27915,375,37441,25275,80002,40930
PC P-40:4 or PC O-40:5,5864,6567,3316,4042,4202,4411,5192,4282,3187,2813,2510,3651,6088,4744,3397,3072,3167,4266,2753,3378,3176,7464,3693,3248,3353,3457,4167,1992,1405,3671,4461,5414,5382,5025,2457,3995,3792,2899,3657,2965,2144,3394,4173,169,4247,4129,7667,5345
PC P-40:5 or PC O-40:6,3940,4566,2375,2394,2671,2733,3927,3452,2522,2367,2091,2881,4100,4145,3678,2156,2715,2316,2328,2388,3112,4918,2321,2292,3095,2602,2911,1898,1735,2490,3668,3189,4454,5416,1888,4016,2757,1727,3079,2793,2016,1987,3074,823,2276,2644,5665,2894
PC P-42:2 or PC O-42:3,4431,3315,3671,3875,4179,3010,4116,4120,2592,2826,2129,4315,4264,5144,3246,3761,2627,3453,3945,2563,3019,6907,3392,4610,5465,3094,6024,1617,2029,3418,4557,5117,4174,3094,1747,3492,3150,2070,3396,4610,2556,2142,3542,317,2297,4359,9188,1733
PC P-42:4 or PC O-42:5,3283,3123,2468,2035,2586,2785,2405,2570,1544,1543,1720,2526,3568,2213,3100,2329,2109,2317,1886,2021,1867,4968,2190,1801,2375,3038,2874,1402,1622,2030,2221,3041,3006,3023,1707,2643,2786,1439,2403,2007,2012,1812,2266,133,2400,2760,6690,2334
PC P-42:5 or PC O-42:6 Isomer A,3038,2095,1460,1951,1850,1789,2572,2065,1341,1697,1906,1811,2959,1555,2213,1963,2623,1855,2149,2039,1855,3617,1640,2259,3051,2286,2469,1314,1719,1853,1749,2471,2769,2840,1727,2957,2299,1378,2213,1794,2012,2415,1461,611,1897,2820,4062,1725
PC P-44:4 or PC O-44:5,3658,2639,2947,2701,2809,3100,3339,2244,1847,1442,1863,2237,4094,3250,3262,2550,1903,2372,2114,1795,2102,5076,1906,2407,3005,3468,4231,1356,1537,1837,3175,3489,3527,3238,1991,2481,2799,1972,2357,2612,1689,1813,2753,192,1617,3541,7277,2468
PE 16:1_18:1,1473,1199,904,1019,1104,1078,1197,1681,1383,1826,2100,634,1574,1468,1040,1223,1909,1517,1576,1075,1176,1045,1073,1081,2442,955,1570,1142,1250,1775,959,1287,1540,1569,253,1392,2199,619,1656,1020,861,1347,1436,49,1941,1021,1815,776
PE 34:1,3315,2880,1696,2442,1656,2538,4067,5612,3137,4024,5441,1645,2735,4320,3548,3104,4564,4214,4268,3482,3429,2679,2910,3167,5268,2547,3214,2323,3582,5154,1573,2635,3436,3527,741,2930,5756,1528,4020,2788,2740,3083,3489,211,3114,2473,7708,1837
PE 34:2,8405,7223,3537,4571,4135,4900,5771,9185,5059,10250,9790,2425,6193,8211,5203,5027,9594,6502,6791,4591,5864,6071,4271,4550,8264,4753,6804,3328,4164,8448,3980,5281,6393,6337,997,5431,7783,2894,7823,6521,3279,5456,6067,515,7454,3959,9197,3949
PE 36:1,8783,8085,4148,6686,4464,6657,9201,14505,9355,11066,13024,5465,7401,14995,10309,8207,11072,9678,9204,8352,11283,12408,7982,7819,18013,6106,11115,4562,8340,16333,5387,7551,12587,9832,1793,9594,20824,4430,12746,9302,7070,8344,10732,837,8149,6499,27185,6050
PE 36:2,13541,9473,5795,8407,7110,8807,9853,14537,10252,10988,16485,5868,12087,15938,11215,8670,12910,11473,13048,9434,10108,11882,8083,7876,20422,7425,11316,6339,7912,16642,8216,8193,12737,10856,2034,9705,21948,4003,13779,10865,6026,9671,10850,875,10796,7847,27610,6699
PE 36:3,1114,977,733,750,473,716,708,820,694,1049,1024,351,713,1229,794,630,1213,740,933,652,691,742,947,629,1206,553,794,776,439,1084,785,604,880,889,198,945,852,496,947,768,365,715,855,122,1027,455,1406,758
PE 36:4,12559,8424,4932,4544,5495,6803,10249,9104,7276,9040,10938,2683,10491,9858,6169,5692,9173,5731,7840,6132,6903,8792,4613,3808,12579,5695,7724,5251,3697,10082,3737,5901,10432,10658,1728,6576,14610,4370,6814,4787,2724,6942,8416,418,8008,3740,9975,5340
PE 38:4,1439,682,756,883,829,799,924,982,741,1055,1218,453,1348,1149,956,1029,1082,688,864,733,1253,931,692,652,1545,872,987,1049,393,1273,513,713,1596,1233,326,803,1495,653,1079,776,479,983,1190,132,760,382,1484,518
PE 38:5,1150,635,599,717,497,831,813,550,565,691,1053,392,824,712,685,653,778,526,807,900,611,696,488,335,861,764,569,591,425,869,352,406,823,982,238,893,997,546,726,471,481,821,750,81,886,540,1290,456
PE 38:6,5886,4825,3171,3243,3189,3917,6433,5405,4092,4146,6208,1381,5843,6293,2295,3000,5158,4242,3960,2412,5788,4787,2729,2884,7165,2732,2705,3302,2239,5322,2033,2615,5803,8319,1807,2889,7694,2229,4317,2736,1546,3207,5059,727,3179,2594,3571,1400
PE 38:6 Isomer B,901,751,709,830,657,834,1030,699,554,942,920,605,830,1033,698,1023,813,806,907,581,967,668,443,592,752,717,655,781,704,881,597,480,952,900,451,611,838,694,763,621,751,540,810,141,623,714,797,440
PE O-16:1_18:1,4506,4206,2752,3643,3516,3808,4425,5039,4464,5450,7820,2600,4655,7244,3974,3521,4709,4671,5259,2900,4569,5942,3739,3870,7520,3502,5011,3229,3298,6843,3391,3500,5322,5273,1698,5468,9194,2168,5627,4733,2485,3245,5594,1316,5927,2971,10035,2703
PE O-16:1_18:2,1594,1385,759,1881,1629,1353,1584,1455,1455,2052,1866,1200,1638,1946,1667,1368,2074,1230,2309,986,1894,1871,1604,1749,2677,1509,1446,1447,735,1424,812,1589,1714,1672,779,2127,2568,1234,1379,1497,1446,1618,1744,378,1926,1292,1935,1473
PE O-16:1_22:6,2643,1992,1277,1507,1611,1826,2005,1290,1373,1954,3028,1435,2541,2042,1662,1304,2075,2148,1773,1190,1843,1571,961,1327,2074,1462,2042,1472,1115,1225,1207,1504,1685,2381,802,1988,2991,1109,2266,833,694,1650,1854,843,1704,898,1796,915
PE O-18:1_16:0,64,49,202,72,131,150,116,159,102,1257,256,128,38,101,61,115,137,0,153,80,109,100,94,95,0,65,149,44,261,68,46,125,74,69,0,109,258,288,90,52,103,160,51,76,201,81,231,133
PE O-18:1_22:6,502,644,388,457,185,546,813,441,317,698,883,617,522,603,432,371,559,439,869,406,530,512,383,157,575,419,450,633,607,384,507,424,590,899,304,509,653,300,537,463,544,527,466,168,303,450,617,422
PE O-38:6 Isomer A,768,1174,683,634,642,853,911,627,432,1130,758,430,541,695,651,656,702,728,751,558,534,754,575,599,1044,537,729,594,636,541,517,321,853,776,128,842,1402,366,699,604,550,712,887,120,785,527,1367,779
PE O-40:4,465,239,291,330,270,362,360,291,254,417,503,553,357,338,456,375,378,406,344,358,242,375,374,362,432,347,411,258,208,360,344,246,441,557,366,335,450,305,231,337,257,555,530,186,401,349,677,250
PE O-40:5 Isomer B,818,733,651,424,490,654,803,620,609,1027,1553,607,921,470,901,503,790,629,459,521,661,819,536,310,766,715,828,619,380,660,361,327,1018,795,229,614,923,402,538,465,442,741,796,83,679,208,719,737
PE O-40:6 Isomer B,675,442,200,355,218,452,678,500,318,566,615,202,463,405,361,350,523,274,455,329,568,496,196,343,489,333,490,355,149,438,264,231,490,525,0,459,649,260,503,259,338,511,536,58,430,383,485,309
PE P-34:1 or PE O-34:2,954,1007,533,635,641,948,860,896,740,1177,1304,480,1011,1108,887,852,1014,883,1310,690,760,1005,1016,750,1467,755,1119,499,682,1227,591,769,1175,1207,126,984,1259,400,947,744,612,699,938,0,1442,646,1689,793
PE P-36:1 or PE O-36:2,3485,4097,2276,3058,2315,4120,4192,4940,3649,5410,9231,2588,4626,7196,3945,3167,4290,5366,3747,3094,3436,4894,2669,2903,6557,2719,4313,2311,2692,5871,2949,2592,5128,4759,623,4249,9178,1516,4742,4269,2479,4028,4827,499,4827,2485,9434,2387
PE P-36:2 or PE O-36:3,2364,2763,1358,2235,1613,2427,2175,3214,1847,3225,3922,886,2553,3396,2350,1860,2459,2139,2544,1934,2456,3266,2157,1886,4224,1541,2249,2437,1451,2403,1576,2358,2235,2691,665,1866,5663,1355,2385,1921,1009,2496,2686,392,2299,1482,4206,1757
PE P-36:4 or PE O-36:5,5081,3447,1866,2467,2198,3435,4002,2659,2903,5060,10353,1383,3629,5610,3355,2160,3880,2836,3386,2566,2900,4373,2362,1898,6438,2480,2994,2638,1351,4488,2166,2280,4412,5100,703,3123,7174,1506,3951,1258,1837,3272,4260,300,4516,1972,4316,3082
PE P-38:4 or PE O-38:5,1515,1214,897,1040,1012,1511,1277,1161,1459,1539,2382,1146,1412,1431,1662,1018,1503,1270,1619,1230,1000,1999,770,1521,1930,770,1640,1028,848,1370,863,1432,1591,2096,382,1236,1762,912,1167,1362,1323,1414,1606,44,1215,1101,2002,1176
PE P-38:5 or PE O-38:6,3790,3306,2497,2897,2073,3334,3363,2144,1981,4266,7414,1502,2887,2818,1890,1976,3102,2144,3073,2941,2563,3834,1934,2059,5069,2639,3324,3053,768,3192,2175,1665,3147,4415,1249,2947,7012,1450,3602,2342,1164,2748,3527,713,4227,2283,4039,2215
PE P-40:4 or PE O-40:5 Isomer A,4512,2871,1919,2144,2405,2414,3202,2689,2333,4494,8351,1744,3018,2079,3465,2312,3462,2499,2040,2868,2754,4717,2344,2236,4258,2748,2939,1738,1897,3649,2574,2089,4840,4106,636,3407,6166,1406,2988,2863,1711,3528,4183,395,3347,2013,5250,2441
PE-O 18:1_22:6,3076,2541,1966,1616,1421,2264,3847,2492,2536,3599,4514,1520,3391,3348,1821,1809,4029,1835,3188,2102,2962,3326,1369,1665,3471,1558,1639,2003,1697,2340,1501,2048,4268,5159,958,2278,4899,1299,2834,1827,839,1756,2344,893,1931,1476,4058,1576
PEtOH 16:0_16:0,391,361,347,309,280,3135,837,448,220,618,960,428,213,347,381,392,3544,265,346,380,363,247,291,517,863,748,359,270,362,343,312,727,239,261,149,373,663,189,1166,129,271,732,318,162,920,229,742,295
PEtOH 16:0_16:1,315,247,281,347,321,1524,436,389,142,683,1156,247,217,240,443,340,3078,287,532,309,320,179,261,547,411,488,297,129,305,293,301,388,195,139,161,415,810,201,953,249,304,710,202,177,557,345,1309,292
PEtOH 16:0_18:1,341,202,383,1006,149,25252,3775,287,232,2408,3323,829,146,263,567,1497,37044,287,1073,1561,420,179,651,2008,4394,4478,181,69,1402,578,321,3450,311,95,117,693,1292,172,7264,95,27,4764,269,37,3277,262,695,331
PEtOH 16:0_20:4,427,304,267,439,424,6244,1095,337,499,616,1123,455,380,363,533,439,5304,338,421,379,448,397,431,449,608,940,409,490,383,388,470,673,329,406,426,411,750,315,854,300,430,899,573,304,489,295,526,384
PEtOH 16:1_16:1,1395,1045,985,1296,1067,1355,2779,1964,984,3237,6060,499,405,763,1608,762,1366,1438,2711,872,1540,812,1028,1208,1180,1196,1484,272,538,1441,938,909,497,489,182,1298,4575,787,2457,478,577,2293,392,234,2470,1148,6663,1394
PEtOH 16:1_18:1,71,332,480,1189,302,31466,4993,283,480,2981,4550,819,555,507,710,1432,47359,323,1037,1581,468,358,455,1957,7075,4342,209,184,1036,517,216,4103,105,247,82,705,1459,285,7905,170,122,6939,181,259,3989,569,642,440
PEtOH 18:1_18:1,215,175,288,519,154,5605,1117,149,175,1647,1033,425,119,276,265,582,7515,337,438,762,237,226,142,714,1492,1046,161,186,496,341,100,1251,110,97,137,267,632,111,2309,240,196,1323,207,38,1590,254,265,332
PEtOH 18:1_20:4,117,114,129,328,242,2912,685,296,95,704,728,400,35,238,340,314,2285,182,317,406,257,329,532,474,824,453,243,147,241,243,47,552,165,149,63,254,458,154,957,173,273,701,244,65,737,284,415,264
PEtOH 36:1,198,188,124,515,83,3412,982,147,138,761,916,397,100,233,238,718,4969,275,346,433,118,244,124,826,828,953,211,45,390,267,193,1035,175,167,59,260,624,113,1522,217,118,1011,202,42,854,257,490,85
PFAP-FT_diPAP,79,47,317,385,44,375,91,8,0,28,8,0,59,362,0,0,8,0,38,0,0,71,86,11,43,66,37,36,0,69,73,83,0,40,44,45,103,65,62,42,55,131,45,41,147,0,0,49
PGE2,1023,1200,1121,1181,1118,1489,1334,2110,1363,1182,1861,1631,635,1007,1737,1258,1230,1491,1436,1418,1721,904,2097,2676,1475,1662,1209,427,1324,937,1033,1253,996,534,530,1385,1485,726,1773,1204,1298,1836,1074,407,1401,1551,2153,1493
Phosphatidylethanolamine alkenyl 16:0-20:4,909,930,482,566,467,956,825,739,795,969,1250,294,733,679,393,402,666,530,909,508,664,789,286,413,826,574,773,479,94,654,517,410,880,876,56,529,921,428,898,254,138,514,758,48,654,328,669,514
Phosphatidylethanolamine alkenyl 18:0-18:2,496,528,328,403,352,542,539,638,576,684,832,179,642,675,599,495,559,436,515,427,405,549,314,548,845,348,536,392,377,707,305,361,559,578,161,529,864,93,393,362,449,434,747,57,678,312,784,375
PI 16:0_16:0,601,459,855,670,495,555,429,1027,498,623,463,843,579,1474,718,494,667,395,601,488,835,959,378,974,256,572,1031,187,535,898,689,647,812,567,363,672,486,402,667,671,394,382,852,10,395,616,2960,459
PI 18:0_20:4,4381,4891,4270,4028,3118,3170,3040,5065,2796,3171,2781,3465,5927,4863,3309,3658,2299,3254,3629,4326,3064,5269,3465,2319,2599,2850,4779,3715,1457,3709,5028,3441,5872,4908,2810,4555,2684,3152,2350,2279,2689,2781,4884,134,2934,3697,5464,3769
PI 32:1,871,925,958,1012,1124,449,657,1091,678,959,583,830,766,1049,947,1050,851,1296,637,648,787,936,893,1228,822,960,1476,458,1024,1235,1054,1063,887,660,433,1058,595,497,883,1135,1099,718,996,38,659,1086,1461,1101
PI 34:1 Isomer A,2077,1693,1793,2056,1507,1271,1744,1945,1177,1544,1769,1910,1537,3653,2158,1307,1409,1555,1452,1779,1946,2199,1214,1660,1244,1015,2072,974,1216,1877,2033,1739,2002,1354,1091,1951,1642,814,2202,2212,1641,1326,1865,37,961,2238,7686,1228
PI 34:2,1907,1569,2377,2549,1717,1725,1284,2180,2028,1692,1670,1778,2257,2950,1726,1604,1487,1549,2170,1833,1910,2052,1354,1415,1312,1094,2812,1140,1035,1509,3313,2134,2323,1375,1763,3344,1904,1575,2610,1859,1151,846,1715,98,969,1793,3117,2065
PI 34:2 Isomer B,1886,1126,1429,1841,1472,1456,1379,1743,1178,1143,1226,1392,1764,2268,1279,1239,1154,1095,1419,1183,1268,1622,1162,1246,1108,1361,1970,1197,976,1295,2021,1945,1694,1372,984,2516,1433,1269,1394,1371,1214,895,1220,96,955,1370,3219,1235
PI 36:1 Isomer A,1247,1385,1555,1330,1224,1230,954,1101,1146,1327,1437,1784,1597,2100,1793,1095,916,1178,1606,1464,1476,1785,1270,1309,867,1155,1347,905,1373,1266,1247,1725,1566,1442,1128,1521,1248,790,1461,2246,1426,1885,1338,62,874,2350,3157,1379
PI 36:4,651,892,529,700,577,889,582,1194,742,526,833,471,1032,945,799,626,362,357,670,680,602,1102,289,459,441,723,772,336,281,768,881,469,1256,694,744,937,485,400,343,539,370,377,677,39,592,779,1389,937
PI 38:3,867,949,1023,1297,1275,831,492,1226,656,860,797,776,1250,1794,823,1103,975,816,708,631,709,1473,897,1071,708,669,1518,639,750,1040,1107,833,979,869,708,1260,837,540,930,1155,903,645,1039,92,898,1160,1978,1030
PI 38:4,3680,4012,2841,3046,2666,2301,2121,3281,2071,1949,1943,2076,5040,4369,2609,2217,1237,1997,2086,2137,1877,4614,1731,1582,1403,1954,4191,1700,844,2370,2845,2261,3100,2871,1781,3583,1601,1893,1401,2003,1344,2292,3065,47,2207,2968,8351,3998
PMeOH 16:0_18:1,96,93,67,78,72,128,201,768,180,5994,143,879,88,233,637,258,268,369,288,296,201,340,509,603,254,618,642,67,1255,379,132,186,608,565,38,467,373,167,388,1227,1393,499,576,235,215,993,1271,322
PS 16:0_22:4,5671,3341,2829,3330,2603,4096,3019,3133,2487,4949,4918,1745,2820,5031,3103,2691,2790,1605,3297,2408,2820,3008,3044,1662,1973,2511,3572,2111,1063,2724,2419,2437,2622,3842,1006,3219,4450,1800,3263,2143,1147,2758,2942,69,4122,1579,6343,3141
PS 18:0_22:6,1308,1161,1033,1771,547,1217,1569,1084,818,990,1513,483,991,2015,709,834,1051,597,1083,950,1074,1146,567,906,720,825,845,581,445,855,925,1237,1381,1424,530,1050,1288,549,1428,593,383,678,865,166,887,1039,1983,725
PS 36:1,3084,3068,2571,3348,2394,3206,2788,3350,2802,3154,3163,2002,2264,5836,3068,3023,3173,2366,2712,2751,2421,3502,2308,2725,2686,2579,3771,1163,2214,3392,2649,2268,2629,1739,659,3894,3949,1194,3266,2959,1915,3111,2776,240,2155,2222,6949,2279
PS 36:2,2966,2361,1739,1371,789,955,792,786,575,1338,2891,883,907,1500,1309,885,1023,1268,1076,794,1160,877,1027,1313,855,925,1455,682,828,1223,768,1455,1211,695,391,1017,1154,420,1120,946,547,803,731,119,2757,1481,2808,926
PS 38:3,754,982,794,865,420,851,524,607,469,1131,830,475,778,1495,417,617,1368,1305,562,584,487,440,744,651,469,352,1000,353,277,646,711,775,748,621,133,733,913,353,1271,777,589,413,745,42,1672,622,1231,553
PS 40:4,1442,907,748,714,844,914,1179,1126,653,923,1850,555,720,1119,734,592,844,709,612,845,619,968,689,674,704,724,1214,858,335,695,704,880,1075,900,355,858,1182,815,879,564,514,730,887,177,842,701,1759,1007
SHexCer 34:1;3O,737,1182,942,1110,936,907,609,765,638,1113,751,637,605,1104,1247,876,682,761,777,756,854,1165,694,964,1133,571,765,427,739,681,872,1085,790,862,670,1028,1036,512,931,847,500,1227,608,126,1049,1092,2310,959
SHexCer d34:1,1067,915,872,631,566,1296,799,962,761,673,637,723,732,713,850,868,887,723,638,700,1131,1299,472,723,684,792,601,423,578,966,982,1056,525,629,518,875,797,622,1070,581,700,706,612,66,923,808,2011,866
SM 12:1;2O/32:8,6475,7009,4882,6393,7009,3620,4818,7977,4657,4088,5297,7319,5460,7939,8582,5103,3835,4322,4731,4484,6207,9009,6129,5837,5846,5772,7693,2816,3989,6746,5601,6602,5291,4480,2528,5989,7123,3629,6202,5347,4150,5826,7281,377,3873,5309,20131,9527
SM 16:1;2O/16:0,641,673,499,560,519,793,589,571,424,502,712,529,418,623,629,578,545,619,442,583,625,859,634,795,784,466,535,310,464,501,556,438,607,779,256,589,627,532,559,510,601,722,524,73,634,656,1220,918
SM 18:0;2O/21:0,3736,5831,3155,5828,5647,4896,4727,5291,4799,5738,3488,6264,4988,5728,6380,4632,4413,4840,4431,5287,6213,8049,4468,5889,4995,4435,6775,1967,5068,5100,3707,4035,4757,4610,2560,7430,4934,3700,5186,4754,5707,5644,5624,71,4732,5916,17834,7925
SM 20:0;2O/22:3,668,673,540,633,589,466,642,578,368,652,555,673,645,626,830,810,532,682,557,543,536,488,744,595,833,564,541,333,542,654,460,738,595,321,365,628,520,496,623,815,401,552,461,61,857,571,1029,658
SM 20:3;2O/24:0,31892,33202,24121,37263,32389,19220,23418,44616,19503,38101,31189,21987,19547,27640,32844,28406,33687,31893,34150,20203,30775,30397,40412,36118,53470,29987,49680,7542,16867,33927,25226,33592,25555,14980,7084,34075,38247,11819,34735,26744,15933,24598,28170,218,32497,33418,87451,33986
SM 22:1;2O/12:0,2314,3142,2570,2301,2563,2470,2407,2306,2462,2345,2145,2467,1875,2598,2736,2608,2526,2691,2609,2873,2091,2464,2885,2502,2390,1931,3077,1150,2119,2555,2492,2184,2574,2255,1609,2693,2122,2170,2455,2361,2245,2663,2731,224,2903,2731,4787,3116
SM 24:1,878652,1085797,682270,924780,1018608,505141,727819,1081597,599335,935180,896747,946185,645464,955179,1009805,980957,1032547,1206125,1109606,831750,982134,1146427,1009340,1163909,1433664,872128,1421912,180589,624634,1135968,671447,942571,972890,466963,217652,1191539,1414079,341598,1260944,1001982,621002,971461,1041634,991,917074,1313883,2870259,1133927
SM 25:2;2O/15:1,23453,24251,21312,20710,21475,16318,17778,22735,13660,25122,15368,25037,21903,18546,19919,18900,23452,22954,16382,15721,20574,28320,22226,19771,21842,17995,25311,7429,11191,20150,20153,19028,20182,17522,8568,23520,17030,12481,23835,19505,15486,14586,23657,309,20132,19073,37129,24628
SM 26:0;2O/18:1,1167,866,836,1124,984,767,1185,1444,1093,1072,801,969,714,1054,1028,1006,891,873,1062,1127,990,910,1115,1079,1345,811,980,450,928,1230,1169,1035,833,835,475,1250,1003,613,1220,949,1094,1085,896,0,1242,868,1861,1352
SM 30:2;2O (FA 14:0),2772,2113,2231,2780,2586,2026,3331,2883,2135,2279,1830,3028,2998,2751,2330,2467,2483,2375,2279,1926,2152,5113,2382,2293,3300,2924,3546,832,2234,2729,2553,2439,2654,1933,1195,2408,2638,839,2342,3505,2064,1555,1999,162,1210,2500,4818,1343
SM 32:0;3O,3776,4053,4499,4919,4021,4264,5821,4960,3767,4295,3247,6252,2663,5879,7257,4394,5155,7990,5343,5316,7896,8396,4134,5281,5139,6590,5836,1482,3340,3989,5764,8091,4491,4354,2291,5321,4479,4722,6916,5372,4075,3968,5155,262,4771,6047,14507,5284
SM 34:0;3O,14554,14579,10159,15909,11527,15393,12620,13280,7992,15469,10212,10247,10020,19221,17117,11636,14525,15715,19390,10528,16047,12520,10981,19340,16691,10573,13469,4310,11155,15230,11232,12180,12132,7685,7188,15352,17444,9002,15392,11521,10649,17913,12876,199,26909,15271,52184,27223
SM 34:2;3O,5508,4788,3951,5593,5511,3299,3976,4697,3523,3808,2529,5329,2909,6165,5522,8807,6494,7069,5068,5729,6159,7609,5404,8163,3613,5934,9960,2513,4192,8039,5317,5015,3558,3907,2638,9288,3970,3622,5374,5289,5323,6607,4227,445,5240,8079,20808,7253
SM 35:1;2O,3919,3850,3086,3870,3556,4046,5933,3988,3402,4989,2716,3327,3389,4265,3568,4170,4698,2984,2140,4505,3163,4047,1522,3139,2296,2675,4601,1937,2826,5245,2902,3204,4384,4685,1482,4349,1212,3068,3629,3415,1358,3660,3627,244,3837,3153,6416,5570
SM 38:4;3O,33199,31108,20507,18456,22529,21802,22348,22456,14436,15140,14798,15196,27081,28235,21217,14600,18842,16194,15644,19615,17982,34213,14750,18899,19055,15043,25351,8256,6796,19459,20400,24919,25239,22018,9896,21531,16573,14286,17352,13623,10358,15367,24690,1665,26836,14392,62130,44215
SM 42:0;3O,3593,3352,2348,3207,4032,2794,3823,4453,2909,3463,2873,2853,2363,4032,3767,3623,3801,4086,2866,3179,4280,4407,3864,4574,3679,3730,4427,2053,4723,3763,2660,3256,3237,2396,1852,3447,4573,1895,4669,4584,3711,4834,3403,485,3407,4121,10123,4491
SM 42:1;3O,5255,6365,4595,8150,6442,4507,5109,6849,4808,6748,4863,6354,4667,7715,7044,6789,7373,7070,6493,6041,5122,7571,6645,6894,7117,5967,8386,2072,7027,6820,5235,6237,7513,4573,2962,7225,7165,3168,8268,6630,6300,6442,5882,241,6062,8309,27597,8408
SM 42:2;3O,4466,4921,3191,4736,4376,3502,4820,5674,4955,4609,4132,4389,3179,4641,6675,7107,5690,6072,5210,4439,5898,7656,4907,7820,5708,5238,7438,1850,4113,6777,3995,4001,4337,3889,1904,5636,6980,2093,5682,4959,4961,4500,6362,661,4113,5726,18054,5205
SM 42:5;3O,3457,3451,2225,3256,3032,2432,2875,2844,1824,2289,1811,2511,3327,2665,2575,2176,1854,2483,1939,2387,3190,4826,2744,2204,2648,2680,3564,1059,1456,2885,2505,3040,3306,2789,1557,2550,2846,1635,2173,2407,1946,1894,2755,148,2981,2293,5660,3444
SM 42:7;3O,3259,1229,5446,3427,2268,1191,1094,21282,5971,5560,2947,16704,1569,1656,6334,1877,4266,4768,1647,3805,3205,4694,4767,4405,1965,2616,9017,746,29387,5337,1192,3807,20064,1973,963,7799,2808,1006,5354,28391,21382,2590,7015,227,7642,3934,49745,2790
SM 44:1;2O,5016,4753,3999,5462,5259,3416,4971,6295,4729,6251,4971,2124,3400,4988,6062,4805,5663,5328,5208,5253,4765,5007,6149,6543,5724,4972,7084,1968,5509,6556,4911,5307,4892,3493,2504,5760,5909,3161,6376,4913,5084,7111,4997,653,4351,5077,12578,6256
SM 46:5;3O,2331,2254,2475,2369,2302,1486,2248,1860,1003,1179,1250,1805,3280,1928,2300,2138,1373,1667,2203,1210,1185,4339,1254,1556,2178,2152,3041,681,894,2068,1925,2632,2937,1776,1252,1610,2052,1210,1716,1371,1255,1440,2393,179,1756,2848,4245,1835
SM d30:1,2327,2682,1600,2599,2225,2833,2397,2988,2187,2546,1760,3707,2256,3624,3086,2839,2988,3145,2118,2446,3615,6249,2848,4540,2153,2220,2750,1543,2407,2606,1983,2901,2668,2217,934,2605,6240,2076,3170,3351,2448,2632,3650,175,4078,3949,22352,6454
SM d31:1,2358,2875,1807,2443,2122,3824,2372,3174,2134,2458,2272,2958,2422,3443,2945,2719,2638,2690,1809,2145,2360,4917,2496,3155,2207,2176,2801,1325,2573,3170,2272,2371,2348,1936,1351,2930,2451,2132,2784,2333,2632,2297,2995,216,2731,2983,9339,4038
SM d32:1,3963,4721,3357,4147,4421,4518,4692,5039,3755,4870,3271,4844,4664,5675,4358,4242,5081,4381,3428,3957,5224,7304,4132,6242,3982,4239,4123,1692,3552,4306,3744,4186,5522,3309,1645,4351,4730,2990,4565,4779,4047,5020,5572,92,5113,5440,12048,7716
SM d32:2,4498,5639,4786,6840,5001,4308,3616,8101,3813,6086,3739,7486,4921,5860,7630,6205,5709,4716,3757,4925,6688,12356,6379,8804,4672,3914,5837,2501,5169,6725,4712,5785,6267,4320,2315,6517,9490,3206,6535,6916,6149,5001,7619,506,6040,7114,32460,11223
SM d33:1,136904,171010,91695,138209,169147,119484,182889,129814,106408,174023,120374,153354,101359,146294,146585,142720,167245,147109,130142,134776,143486,190425,138898,162260,151529,104398,156416,29920,89476,166048,88765,107742,144768,104141,32083,167807,106403,76244,147072,138299,104625,178955,167983,228,181604,140500,357253,256827
SM d34:0,71336,66765,68555,68771,66972,61518,57157,67090,51298,75297,71293,68728,49999,88558,73029,86738,71712,72459,77321,66839,84739,78521,56191,81745,78539,69914,85509,20733,94612,76114,58094,57756,69597,41994,27629,67069,94163,45809,70032,69146,50950,78606,70702,200,97307,76062,187651,115170
SM d34:1,28435,33552,28595,27201,30209,25049,28909,30456,23248,27869,25463,28369,24330,31597,33746,30963,32345,28687,30348,27542,27227,33383,30501,32419,30678,21681,34356,14012,22220,29442,26038,27235,29290,22391,16165,33553,28520,20156,30845,30571,26452,30447,32217,217,30908,30257,60239,40457
SM d34:2,74588,98219,71828,67504,82950,53850,51741,89323,43878,79050,50134,87701,65643,85054,94214,77039,76297,76026,65476,67490,68112,121463,80480,103013,68186,47429,100626,23502,65721,102138,53119,71143,89106,53385,26662,88025,76668,35204,75176,85883,69134,76743,86310,357,82708,86019,324913,122608
SM d35:1,55895,60095,45572,60927,60761,46486,80720,59156,49870,66071,45655,60517,48834,65159,68506,61401,69682,55922,58361,59529,59391,68287,53934,68979,54951,40064,75332,16123,34302,74332,43614,47941,62446,53229,14688,72548,42565,34210,60191,47091,43918,57857,63231,553,56005,56431,136771,90733
SM d35:2,17094,23772,12437,17761,19426,13170,22063,18625,12872,25398,13452,20932,15299,16450,20335,17605,20808,16793,19070,16872,18369,22751,18355,23210,19311,12147,21902,4942,12575,25850,12443,13811,18524,16646,5254,23230,12877,10781,16054,16318,16195,20600,21730,30,18055,18733,46181,32399
SM d36:0 Isomer A,44078,47424,41582,44802,48708,31573,56848,53419,45004,52057,42533,51482,42972,53683,47767,54524,58333,49683,43465,53044,50869,47091,49452,46359,43434,31128,65188,14081,34979,53424,44144,41164,46504,43746,14569,52210,34483,27663,45760,42551,35135,35609,52663,1076,41878,44566,94285,63971
SM d36:0 Isomer B,24156,17321,28735,21723,28747,18575,21729,23487,25108,25259,25325,26793,26049,32175,18805,34526,26600,22464,22871,27178,34171,20625,19819,23017,21862,19042,43932,12420,32143,24438,29669,20022,19095,18505,10825,16655,21732,17306,21613,22892,16379,19081,30628,11006,19091,19378,66367,33488
SM d36:1,207024,222934,188355,217345,230946,158289,264191,255985,217592,241820,209927,242987,206933,251425,230511,246716,273061,231320,211379,255437,239516,230608,228090,217742,208802,151024,317925,61187,167704,258611,216926,209638,228192,195321,68921,254763,170399,131888,221268,198411,171879,180490,249957,870,196617,221193,484136,291553
SM d36:2,61409,82675,54416,64296,70964,43334,68493,91990,54660,78707,53660,77018,67781,65609,72436,77413,80657,65195,67215,64186,69161,75480,74468,77509,67626,34953,92489,17437,49457,97162,61589,61855,75438,62409,17612,76782,48297,29733,62913,59507,51189,50198,81231,334,51348,69375,159863,104579
SM d37:1 Isomer B,15046,21388,11286,19203,16865,15198,18857,16911,16694,17191,14286,20651,17127,16527,21339,20103,17534,17951,16581,20265,18276,22328,17794,19531,15424,14877,20594,5171,13435,21946,15123,14600,18441,16604,5467,23914,11647,10745,16861,14617,13912,12635,22077,227,16382,17085,48608,24627
SM d38:0 Isomer A,20575,26576,13245,24632,23039,16752,18284,21882,18298,21963,16925,27710,19740,26373,26515,21889,22065,21975,18180,22911,24883,33085,21765,29745,18591,15766,29035,5746,17148,24003,18230,21895,24504,15632,6377,33559,20338,10996,27700,21820,17389,20215,27223,796,20192,28417,71442,32901
SM d38:0 Isomer B,7171,6470,6451,8235,6546,6241,5281,6777,6531,7946,7066,9212,6254,10228,6004,10880,7830,6466,7003,9251,9047,7666,6094,9037,6318,7176,13242,2397,11457,8156,7868,7431,5457,4711,3350,6031,7771,4293,8425,7606,6337,7928,9650,435,6899,7776,24391,9735
SM d38:1,155394,216488,121495,205127,186342,141804,162066,188037,150372,180147,138328,224848,159281,221485,234549,179079,180991,182645,146835,196505,208385,273780,176902,239552,150743,130909,231939,40600,143201,200274,149300,184190,196512,125479,47639,257587,160625,82473,222509,176311,149992,162426,229185,1075,172434,225069,607761,257360
SM d38:2,50887,74528,41263,59260,59948,42380,49831,66483,43377,56960,50856,62104,60533,48867,76275,54806,60615,59231,60031,60462,54577,65485,61869,65803,56681,36422,68881,18385,43499,73964,48611,52841,60755,50437,22887,82173,49201,29347,61745,53880,44651,43479,65849,804,54647,59911,107632,80144
SM d38:3,3938,5870,3606,4262,4891,2836,4058,3767,2998,5334,2935,4423,4076,3988,5003,3580,5098,4026,3904,4255,4109,3708,4825,4357,4139,3765,4478,2036,3613,4368,4059,3118,3384,4620,1705,5190,3408,2545,4486,4318,3968,2844,5062,151,3287,3413,7718,4672
SM d39:1,14508,21354,10820,19300,18662,17860,18440,18082,17156,18172,13031,23113,18202,22598,23208,17225,16654,17809,14238,20209,19937,30110,17179,22543,13258,14555,21000,5987,16383,19248,14477,15668,19769,15484,6234,23896,13722,11837,20789,18288,21110,18635,22673,115,19992,24299,69878,29315
SM d39:2 Isomer B,6049,10469,4595,7263,5905,6891,7073,8853,5557,6433,5109,8292,6685,5883,9176,6972,7564,6346,6674,6210,6747,12134,6945,8521,5402,5109,8560,3476,5814,10236,5592,5788,6785,6732,3177,10502,5196,4388,8688,6045,6530,5314,10707,394,6606,6397,18145,9747
SM d40:0 Isomer A,86063,92282,59739,104365,95241,65113,87156,99412,82703,107577,76640,99788,63328,126841,112596,94235,97301,96042,80720,98861,112827,106682,87769,108343,87873,74706,141895,17092,82027,103773,64001,93388,92434,57258,24808,119348,107868,46993,121132,91708,83857,112839,112273,253,103972,109458,281569,148510
SM d40:0 Isomer B,16659,15933,13181,19965,17755,14456,14035,18217,18972,20399,19225,18522,13321,28362,18624,23136,16545,14633,18474,19446,24144,19960,16855,22778,17668,18575,30951,5221,29230,22830,16638,18050,15996,11568,6175,15894,23942,12152,23959,19917,16201,22712,24351,106,14591,22783,68035,25824
SM d40:1,371187,396867,244870,445518,397425,266055,359057,416363,339198,445344,321562,421515,262853,527237,451349,399657,401776,407848,337243,408608,477882,450905,369970,442254,367319,303475,585895,73552,332673,439091,264660,382321,405806,230735,101522,485205,449149,190461,509607,387682,338958,486856,459803,1140,434263,469631,1206425,639659
SM d40:1 Isomer B,7744,8304,6697,9518,8196,6919,9317,7954,7409,8575,7152,8852,7161,11128,8878,9429,8164,7757,7714,9189,9518,9187,7973,8213,6993,7297,10369,3443,7861,9063,7024,7708,8172,6093,3580,10261,8824,5372,8883,8811,8489,10025,9728,52,8236,8652,16844,11512
SM d40:2 Isomer B,77994,123878,55619,92357,88197,62091,75240,101272,59783,88523,56808,110101,76291,99901,119598,84630,87484,82348,75002,81562,94379,140321,85909,113638,70941,61852,107066,17998,66182,99449,57570,79387,100537,62838,28949,131626,81534,34407,108785,87959,87842,88465,118828,597,92143,108269,323656,137668
SM d40:4,14483,19561,13587,18016,15796,17587,14301,15697,14990,16190,13722,18809,15650,19003,17339,19515,17095,16182,15043,17459,17377,21335,15947,19575,13702,13434,17808,5600,15688,17775,14604,16485,22223,14257,7270,20620,13599,10952,18173,16179,14289,15980,20169,1429,15132,17561,27607,20198
SM d41:0,12849,16564,10583,18455,16081,14191,16592,15434,14264,18621,12923,17195,13134,21829,20948,16035,17228,16836,17170,17882,19368,20983,14723,16968,15028,13283,22755,5578,15356,16237,13539,15481,17615,11845,6639,19899,15190,10431,19660,17143,17230,17025,19491,140,15593,20200,54296,23302
SM d41:1,53374,64001,38260,71475,60734,53960,58393,57915,56220,70729,47968,63510,50306,88182,82663,59376,61626,63659,61489,66740,75446,81384,58453,64807,57087,50583,90494,19330,54692,65637,51646,60369,66238,42292,24823,78415,56201,40657,76705,63076,66125,65505,72963,705,61276,76066,208137,91456
SM d41:2 Isomer A,1252,1841,1115,1225,1316,1242,1222,1221,1410,1389,931,1263,1143,1444,1488,1411,1399,1345,1331,1408,1151,1452,1195,1611,1155,1121,1401,824,1296,1421,1205,1253,1429,1084,812,1878,1026,1025,1729,1719,1344,1805,1468,52,1349,1445,2880,1589
SM d41:2 Isomer B,33695,53296,27562,42550,42416,32469,39593,46369,28993,42936,29140,55134,39870,39089,55639,42149,42505,42774,39930,39780,41170,62500,39136,49436,37082,32321,54525,13004,33132,49613,28470,33543,41742,33221,15198,60107,33873,21797,51588,43237,44871,37804,52311,396,41775,49665,173284,59118
SM d42:0,85163,80674,48275,86315,75262,53647,83611,97896,74311,96099,70763,49297,44229,115902,96525,80770,102796,78666,83804,87771,104347,84153,91782,109470,98258,73402,131359,18358,68265,91047,56431,81286,89445,44143,19863,93777,109033,37507,105800,81386,63330,112413,96627,350,89335,94968,308545,129955
SM d42:1,14161,14696,11543,18253,14385,12632,16516,18271,12757,17454,15098,10474,11698,19271,16982,15607,16723,14826,14934,15230,16820,15018,16084,18551,17035,14368,19299,5820,12825,14679,12462,14585,14980,10982,6015,16987,18910,9307,18611,15153,14295,19947,17600,346,14979,16414,36342,20114
SM d42:2 Isomer B,15287,16375,14263,15838,15506,11245,14826,16486,11806,15700,14613,15845,13480,16312,16270,17606,16036,16405,17597,14362,15057,17624,17608,16199,19993,15369,20624,6496,12631,16721,13900,14687,15179,11412,7661,17687,19404,8794,17379,16516,12958,15863,17940,78,14261,19537,37385,15679
SM d42:3,176517,242375,144142,191402,193536,121763,138597,228184,97536,201956,144320,191619,144551,176479,222991,164594,184321,190130,198875,132343,174942,228283,211221,203577,245483,143663,258810,40950,102177,201358,141306,183899,181818,109186,49959,239688,192596,62079,217717,166209,123304,133922,189565,536,189169,189512,651576,224773
SM d43:1,550,563,483,1068,615,541,699,785,666,1028,698,542,443,568,899,551,703,616,825,499,877,644,867,853,893,610,1088,415,842,663,458,527,478,449,209,769,875,507,946,696,420,714,635,54,914,978,1507,989
SM d43:1 Isomer B,15903,15453,10941,19781,17706,12472,17731,18438,16558,22051,14645,13240,11906,19607,19111,15458,18206,17211,17180,18170,20487,18396,17242,19822,18963,15750,22822,6435,15238,19100,12619,15137,16909,10545,4810,22306,19927,11047,23469,15524,15688,21502,19726,494,17173,19989,57013,26849
SM d44:1,29790,33122,22495,35202,29184,20439,31114,34079,29469,37027,27788,20783,18359,33743,41281,28706,35839,31109,33733,30977,35128,32595,39530,44695,38655,30421,47612,9354,32916,36248,26466,36298,28390,16928,9180,38920,35959,15847,39238,34369,28999,40358,31741,406,30293,36475,111040,41631
SM d44:2,856,986,997,987,808,725,953,1221,829,844,729,563,911,828,1055,926,966,995,1118,852,1116,939,1202,942,1188,1432,1000,588,988,1094,762,1101,635,896,505,977,1036,653,1155,873,718,908,802,39,628,1004,1815,986
SM d44:2 isomer A,20997,23366,16937,24627,19906,12786,20858,29761,17441,25696,19381,15513,12827,24458,23675,23108,26729,22454,26301,19890,24098,24282,26711,32861,36332,23857,35647,6201,15883,26137,16907,22422,20191,12183,5747,25248,34724,8761,29929,22663,15032,25886,24988,269,21700,30315,105134,25809
SM d44:3,579,676,565,648,634,481,612,638,414,521,516,294,442,461,524,558,721,351,580,447,509,445,640,628,687,496,696,347,574,474,574,637,569,282,291,594,534,351,626,526,301,616,356,52,773,579,827,419
SPB 25:0;2O,301,279,179,417,478,263,358,711,398,586,213,235,217,391,640,530,388,1112,319,285,310,581,525,411,420,326,117,641,264,661,235,425,382,390,378,0,302,259,159,487,0,410,334,455,350,487,217,201
SPB 26:0;2O,956,506,1049,1030,1002,1102,940,1081,1231,1002,859,1180,1130,1017,948,1082,1147,2078,933,945,1687,1892,1298,807,1552,1182,643,1324,934,920,910,934,1611,1190,1088,1140,897,780,654,927,651,1406,1047,690,1330,1086,782,1070
TG 10:0_12:0_18:2,23347,31307,28473,39632,42908,28294,23009,29543,23242,32449,23289,53028,35581,37541,48440,34046,27203,34945,44130,33622,31782,41028,32073,40516,40026,24201,37453,18147,32150,31190,33646,41078,32640,30160,20536,40016,26920,26254,26777,41232,37342,33990,42743,233,25678,41644,59904,33874
TG 14:0_16:0_17:1,8435,13873,11008,11632,11297,10874,9817,14913,10434,12596,10902,20380,11413,14051,9043,10995,11777,12293,10831,9517,11362,11141,10990,11201,10341,9723,11019,16841,10729,10755,11294,11879,11701,11852,9375,10424,10784,10890,12229,13382,7512,9594,16781,5616,7497,6458,11435,10598
TG 16:0_18:1_20:0,19656,24656,12230,22278,24541,5762,15446,66518,31062,37422,10950,56899,32565,49558,45126,20415,25944,20889,13612,18656,15581,28229,38986,29727,15807,33157,62865,12197,36003,28001,22404,32066,23776,26166,9240,24020,20891,10039,24319,45980,69389,21685,31396,1823,4749,75249,44724,21673
TG 22:0,1340,1422,1618,3663,2625,1520,2169,1021,1128,810,1057,1441,1477,2142,1238,1089,1283,1412,1356,984,1877,1174,1571,1869,882,1323,1079,5214,1263,1416,1670,1302,1217,904,870,1329,1108,1152,1062,1012,894,1299,1259,1021,1516,1014,1048,1400
TG 28:0,704,1127,1394,1225,1207,842,961,1095,978,1309,853,948,1249,814,2525,829,1043,1497,848,2496,664,1037,921,2391,593,961,901,809,760,1184,804,984,1316,1269,1106,1167,870,1369,887,867,740,1014,1171,1020,1014,592,620,1477
TG 34:0,2755,2107,2031,4778,4801,1740,2749,1742,1884,1404,1345,1904,2047,3268,1456,1099,1179,2205,1910,1325,2180,1442,2233,2288,1424,1168,1641,9237,1153,2092,2623,2640,1750,1904,1676,1246,1935,1769,1435,1262,1057,1821,1597,1615,2063,1001,1408,1531
TG 36:0,1845,2337,2150,10123,7899,1904,5861,1964,2032,2299,1710,3132,1894,4902,1886,1312,2204,3655,3579,1874,4227,2451,2765,3564,2054,1322,2673,12272,1943,3282,3276,2363,1821,1459,1331,1624,2186,1483,1976,1487,1298,2782,2111,1716,1827,2103,2362,1899
TG 38:0,1550,2020,2903,8290,6353,1621,4359,2092,2090,1965,1597,3578,2068,3898,1870,1248,1705,4224,4279,1565,4067,3039,3044,3472,2108,1192,2443,10991,1745,3307,3251,2561,2008,2088,1810,1864,2778,1774,3510,1791,1278,2871,2858,978,1351,2063,4049,2331
TG 40:0,1804,1987,2904,5309,4661,2304,3522,3925,2575,3155,1706,7088,1975,4364,2062,1491,1551,4355,2727,2177,4210,4660,2496,2574,2170,1156,2021,14949,2615,3701,2115,2757,3175,2240,1842,2070,2623,2044,4241,1578,2031,3072,3255,1393,1482,1541,7381,2067
TG 40:1,4049,4433,4041,4416,4545,4039,3696,4209,4504,4446,3696,8360,4024,5393,7611,4785,6038,7255,8258,5998,5759,5665,5157,7866,6856,3905,4287,4770,3873,4349,3497,5224,3878,4236,3428,5328,5071,3755,6193,5234,6731,6002,6005,430,3910,7083,9701,3811
TG 42:0,2683,2781,3594,3608,3213,1978,4003,5581,3650,5527,2878,9088,2821,5402,3885,3317,2458,6241,3078,4939,6084,7223,4736,4689,2835,3831,4536,10505,5289,5195,3203,3347,4221,4616,2633,4706,3656,3946,7743,4355,5020,4826,4806,1271,2506,3706,9604,4766
TG 42:1,1814,3605,2711,4406,3601,2006,3045,5539,1878,4964,1938,8544,2061,5029,2272,1539,1926,3985,2751,2920,4982,7757,3699,3390,2037,1211,3216,16137,3522,3897,1770,3569,4157,2637,2048,3102,3991,2583,7202,2564,2330,5064,4283,725,1680,1859,8289,2202
TG 42:2,1623,1398,1583,1805,187,1047,1532,1873,882,1236,1020,3506,1175,2070,1623,955,873,2159,2056,1572,2080,3036,1963,1636,155,1527,1477,5485,1584,1494,864,1706,1924,1314,1578,1597,1920,1056,2836,1462,967,1978,1547,248,934,1629,3157,891
TG 43:0,1764,2076,2513,2045,2347,2109,1951,2153,2142,2452,2123,4094,2263,2507,1747,1780,1873,2195,2587,2264,2309,1856,1952,2162,2207,1777,1851,2905,1843,2556,2366,2035,2370,2697,1876,1667,2520,2254,2914,1716,1536,2304,2676,2167,1758,1561,2223,2343
TG 44:0,6857,7370,9518,7641,7310,6297,8049,19119,9748,14735,5789,30621,9480,19577,6601,5523,4884,8693,4522,9713,13802,16520,10446,9940,4819,6447,9824,22020,12573,12563,6739,10422,14331,9643,6768,7116,7097,6088,21822,7253,9249,6886,13821,2575,3409,7942,37368,8355
TG 44:1,5130,6710,6476,6182,7112,4119,9134,16002,9086,11572,5666,21913,6430,10298,12045,9031,8009,14147,8197,13548,15385,21312,15373,12700,8386,12694,14113,20218,14504,11927,7534,10387,10218,17692,4762,12000,11269,11801,20211,15351,16899,14320,17290,1075,4802,14867,25128,11608
TG 44:2,2834,3278,2999,3154,2760,1937,3477,6252,3665,4363,1802,7649,3786,3998,3592,3405,2299,3501,3964,3009,3733,4641,2701,3786,3640,2980,2892,6841,3987,5241,2864,4085,4082,3448,2792,4543,3324,3875,5339,2227,3151,3204,2529,2719,4031,3076,7372,4234
TG 45:0,6308,10133,9945,9067,10998,6999,7517,8848,6873,8612,6725,13710,9694,12029,7709,7194,7391,8972,7947,6904,7428,8063,7475,8277,6913,7043,7343,10282,8023,8295,7577,8663,8630,9911,6397,7474,6111,7235,8545,9182,7562,8969,10359,4633,5958,7135,8237,8339
TG 45:1,3699,4103,3693,4102,4817,4216,4645,4345,4122,3886,3404,5848,4382,4483,3658,5173,4589,5720,5345,5588,3944,5135,6885,4449,3405,5924,6813,7103,6659,5202,3961,4264,4108,8904,2866,5073,4582,6587,7286,5307,4619,6302,6572,2342,3174,3514,6560,4389
TG 46:0,24298,16604,44337,26629,25315,29847,26811,96614,29278,76473,22168,103651,23373,64821,29840,21914,19460,26185,18081,34950,45407,39891,39390,37405,14358,13353,36476,38641,40399,33453,31427,40846,44463,29900,22897,21874,19161,23631,56930,34321,32858,19405,54760,8886,9472,13590,62034,25072
TG 46:1,13894,19551,17388,19143,17237,13534,15429,57817,18825,41250,16744,77503,22044,37929,17478,12765,9634,17253,10621,19611,28191,50052,36576,24816,9454,9173,28019,56411,34488,24083,17787,31522,27447,27559,10465,17705,25132,12434,49183,24112,23071,19270,39686,3200,4285,13352,104617,15913
TG 46:2,6503,7877,6604,7140,7872,6970,4871,16012,5926,10168,7688,22160,7655,11739,6367,6469,6091,7538,7408,5846,8778,17601,11063,6391,6834,6537,8557,21774,14102,9138,6465,10091,9747,9153,5806,7735,12793,7033,19323,7119,6587,6419,9287,6198,6939,5730,7863,6168
TG 47:0|TG 14:0_16:0_17:0,9335,9414,13843,11849,13079,10755,9049,16009,11072,16810,9531,22174,11437,18603,11353,9943,9848,10310,9753,12214,11160,9087,10488,10506,9819,8324,11574,13166,12582,11051,10346,12223,11696,11146,8960,10541,8575,10240,11594,12858,9669,9934,14593,6897,8585,8076,11173,11395
TG 47:2,3143,3238,2498,2705,3251,3889,3114,3717,2981,2738,4805,3040,3424,3304,2472,3747,4420,3345,3952,1743,3236,2428,2696,2583,4179,2584,2386,5432,3041,3202,3809,4546,3186,2722,3668,2789,3937,3406,2729,2650,1942,3035,3894,2382,2524,1620,3700,3496
TG 47:3 Isomer B,1369,1259,1258,1440,1348,1691,1077,912,1179,762,1414,935,1220,1290,1065,1302,1372,1165,1373,1067,975,1203,1137,1160,1073,1196,938,1486,844,1277,1558,1287,1436,1535,1098,1044,1274,1455,969,1083,692,991,1122,834,1428,1243,949,880
TG 48:0,31809,15822,54096,32136,32648,22759,29206,149064,46096,103197,23626,112001,34766,65117,60415,28965,33350,27282,18323,39916,53548,38081,42921,46924,12678,18406,53490,23628,47405,36951,53636,40524,48705,36019,16749,28036,12577,21436,47345,44276,48139,17165,75685,3044,5741,13261,55946,24391
TG 48:1,49587,37060,65336,63243,57717,41270,40505,176638,58941,118119,47695,210680,52727,100614,57734,44889,45403,49848,32128,67369,77654,88219,111345,87704,33053,38265,92185,67702,93211,65887,66090,96004,77717,64997,26546,41746,45281,40551,92243,98631,91593,36111,120077,4143,8487,51771,132648,39789
TG 48:2,16226,16587,17174,26252,19813,14851,15168,56238,16229,32308,14182,79300,21180,33291,19526,16390,12822,14847,9835,16380,21359,35350,34437,22872,9372,15743,36876,27379,39133,17783,21832,37284,25092,24366,9115,18558,27333,11986,34529,32224,31043,13336,32730,4892,5404,17188,76314,13462
TG 48:3,4349,6506,6762,9460,6171,5162,5163,12773,5519,8485,5456,16349,7180,10519,6334,5601,3921,6165,4082,5116,6787,16108,12190,6948,3341,6107,11396,17475,9879,6461,6351,11989,7572,11020,3437,8709,12528,4774,18838,9155,9332,7523,8020,1242,2407,6175,27103,5359
TG 49:0,5245,4934,7168,7464,7755,5507,6501,14244,8364,12916,4555,19493,7357,16360,8028,6478,5838,6510,4566,8230,7717,5632,7061,6860,4686,4076,11327,6741,7861,7608,7939,8041,8191,6311,4927,5956,3587,6044,7893,9127,5834,5638,10529,3305,3496,4101,9416,7971
TG 49:1,21219,21053,19705,19050,30830,15442,17839,33525,25144,32159,15791,57491,22210,34210,20423,20199,19219,22341,14969,18308,20204,18658,25827,24468,16083,16883,30212,18246,31074,24108,22796,28023,21846,18928,12266,19802,10638,16916,18558,35792,24354,16676,31339,4413,6647,18041,25632,19901
TG 49:2,6409,8269,5634,7808,9894,6314,5470,9975,6702,7551,5639,15694,8055,9308,6873,7454,6087,8116,5548,5686,5587,6000,7894,6880,5909,6652,9972,7392,7518,6936,7738,8608,6596,6392,4054,7361,4642,6554,5185,9657,6950,4906,9546,1890,2869,5847,8135,6337
TG 49:3,2139,2647,2105,3079,2567,2177,1775,2390,2695,2053,1907,2638,2869,2449,1855,2359,2120,2054,2038,1313,2273,1746,1948,1599,2526,2070,3197,2740,2191,2006,2039,2471,2028,2300,1540,2063,1917,1948,2042,2269,2230,1564,1987,1231,1676,1792,2542,2132
TG 50:0,17311,9735,18798,13298,18193,8301,20764,107949,42278,59336,11831,75958,25684,65608,38090,14250,25130,15873,8756,26245,32995,22406,23067,27189,8474,8984,42055,9560,36046,26883,29454,26149,28125,16533,9955,19124,5820,11496,27926,27431,33292,10677,35103,2352,3457,9437,38325,21992
TG 50:1,429354,345908,414696,477433,598754,161834,234680,1080701,584594,685474,296358,1161697,545175,606715,555219,366145,440097,439763,262379,395541,424672,450733,647150,555838,276308,375726,813520,230950,712357,524996,547736,675895,516918,499637,107946,371980,214090,254272,469103,948178,648290,336590,804752,7808,32277,380678,632458,211147
TG 50:2,240737,214425,252421,343445,398775,143417,140443,586770,273466,328080,216469,805040,344913,399340,279248,239994,260114,270666,137634,241260,252749,319243,404247,344690,185826,288978,556661,179020,454287,302449,355171,518977,301920,291410,100061,239830,269452,183865,314009,633084,431989,161112,412191,8653,37038,327056,550870,142532
TG 50:3 Isomer A,25196,27599,21898,43466,42315,14898,14127,53546,22451,29707,19622,74298,42939,40987,25945,24238,17397,23365,11449,19602,21345,33990,40465,28571,17060,31397,76440,21221,50464,25503,40757,68173,27681,28665,9947,28166,34380,18006,38474,63817,46142,11239,33537,1497,4674,28304,79420,18483
TG 50:4,7583,8191,7984,14567,10069,5828,5572,11877,4708,7571,4937,14585,10433,12418,6901,6757,4269,6833,3859,4981,6604,9240,13014,7623,4445,9890,20469,7403,9919,7239,10689,18819,10078,9153,2907,11403,7777,6892,14406,12301,9681,3291,6908,419,1924,7103,16996,5513
TG 51:0,2600,2599,3326,3632,3498,2660,4188,6328,5196,6618,2552,8897,4739,10184,4487,3827,3401,3476,3127,4809,3868,3103,3229,3712,3341,2120,7243,3111,4461,4619,3223,4586,4371,3089,2387,3338,3136,3972,3997,3676,3399,3299,4708,2057,1843,2355,5493,4892
TG 51:1 Isomer B,12878,11158,9830,14428,15938,6793,10135,26756,18321,20560,8259,49068,16216,32444,18834,12747,11169,13126,7422,12807,14711,12793,17037,18219,8749,10457,32514,9471,22699,17241,14534,18135,17216,13471,5212,12436,6481,9919,13159,28399,17431,10563,20365,2664,3899,12297,20069,14784
TG 51:2 Isomer A,24368,26863,21654,33721,37409,14043,18203,39049,30286,31654,19468,76126,29637,49058,36349,29026,26456,26345,15987,22584,24999,25328,39883,36036,21319,30705,53408,20056,46116,36349,29703,41630,29469,28926,12110,25296,19618,18625,22357,61987,43472,20992,38540,2940,6030,36627,39826,23770
TG 51:3,11901,15095,9350,19787,20844,7881,8373,14555,11794,11497,8538,28144,17243,21566,13605,12738,10429,11750,7689,9835,10015,12269,18184,13232,9415,15471,29428,9405,18484,13816,16882,24065,13121,14274,4964,14717,9259,10269,11102,27600,17143,6864,14440,1050,4090,12899,18190,10077
TG 51:4,1650,2450,1776,3310,2928,2011,1357,2482,1757,1908,1581,3084,2723,2580,1388,2100,1241,2250,1398,1455,1714,2026,2800,1895,1298,3098,3646,1497,2415,2167,2708,3935,2876,2816,1125,2787,1213,1752,2234,3122,2101,989,1719,540,821,1817,3837,2137
TG 52:0,7328,5408,8410,12515,9788,5062,13686,35577,24590,25526,6329,25585,14014,35489,18416,8292,22005,8781,5338,13686,13739,8564,10795,10431,6209,5363,22284,6813,15554,16919,12145,9332,14108,8545,7157,9659,4637,5862,11842,8513,18689,8483,11081,2836,4028,5608,19665,15007
TG 52:1,127751,82772,81401,106032,123195,37543,108252,532288,258063,257778,65663,444017,179008,340442,256880,110099,185145,99642,67890,124188,135767,148500,200704,177233,67380,98604,339875,56100,247156,168480,165818,199097,159005,133111,40497,129897,55404,65260,135768,237155,320189,203622,235859,5634,17251,148473,228700,122937
TG 52:2,854845,1041173,611276,1124818,1520280,245455,404597,1195426,1213639,830050,588423,1926849,1398028,1353098,1275994,856877,1002011,1090376,623723,713933,652098,813146,1441317,1372014,813524,1132406,1846952,490889,1631128,1159507,1150422,1758339,937777,1115405,360309,787890,875015,500866,870975,2647431,1669084,902108,1302678,11070,106518,2104382,1656313,455181
TG 52:3,531760,670175,398767,904309,1164117,222204,300369,708142,501076,418734,301325,1280988,1002453,712983,565658,508374,423912,541133,320453,376556,349845,467029,878892,569357,418794,872150,1264844,294981,968774,510137,763491,1383120,498605,693206,202467,567823,482633,369928,492677,1693740,1061277,373438,619830,10051,82678,841356,887305,253066
TG 52:4,135080,154969,80332,246915,239433,58831,77125,163130,94492,84951,60086,229161,218168,138968,97033,106253,59855,115737,53062,62512,67691,94813,207049,103951,64855,236711,324690,60458,200732,91871,184976,330322,121399,146789,37374,148593,83438,87248,133928,286853,212573,50469,105545,7319,22293,130186,187154,57166
TG 52:4;O2|TG 16:0_18:1_18:3;O2,23055,23873,17913,43286,51635,10877,25854,30768,33696,37104,32909,71961,20860,18128,43985,30178,51208,56753,44630,30384,25182,21414,127379,51928,30310,82862,66421,10691,71025,28677,33855,67239,28747,28197,9177,33316,30720,21120,49905,106571,83132,38479,43113,1648,6120,68219,54657,16114
TG 52:5,9876,8902,6398,15986,11603,4964,4332,9437,5203,6166,4829,9044,12369,9818,6282,6403,4337,6495,4094,4384,5450,7002,8809,6067,4845,12073,19026,5326,8568,6082,9990,18080,8958,9914,3307,9308,6353,7439,10375,13111,9746,4227,5555,1353,3044,7393,10221,5407
TG 53:2,10088,13990,7163,13707,17719,4826,6583,16498,15220,12532,6803,34301,16294,29016,19462,11628,10244,12628,6348,10886,10380,11444,18580,18446,9924,13626,30799,8510,20481,18745,13217,18271,14718,12912,4426,12243,8770,7881,11380,31913,17623,12114,16095,1105,2897,22209,19235,12549
TG 53:3,11316,14297,8058,18197,19176,5361,8448,15299,11490,11479,7110,26254,17890,22790,15169,13589,9260,10422,6900,8894,9156,10678,18665,13499,10046,17268,28173,7267,18216,15960,12079,19036,11384,12119,5150,12968,13117,8526,9135,26649,17654,8618,13406,1486,2877,18225,16637,11818
TG 53:4,4862,5949,2656,8893,8692,2461,3888,4275,3799,4116,2241,7612,7620,9150,4847,4924,2784,4389,2668,3587,3534,4108,6022,4212,3737,7847,13350,3062,5358,4706,7357,8326,4766,5260,2484,5059,4007,3279,5168,7995,5686,3237,3823,854,1480,5459,7047,4558
TG 54:0,9570,12228,14434,41673,32213,8312,26077,21326,21265,17466,9990,19660,18910,31706,17995,10105,26032,15536,14979,17742,23148,17320,17877,16555,12361,9654,25462,18551,13234,24010,14096,14432,18655,13345,8867,13413,12202,9223,13449,15618,16300,15538,17773,9106,7861,12273,24245,20640
TG 54:1,10185,8459,5702,9108,7589,3443,10033,36337,20087,23361,7765,26451,17893,31767,19273,10025,25299,8899,4455,12921,9679,13962,14750,14636,7489,9883,35510,8428,16663,14773,10226,13507,15544,10498,4882,15798,7508,5890,12404,11856,39765,59434,12105,1780,3835,18038,25288,18330
TG 54:2,93326,124073,47019,103764,114076,21444,69215,320876,143775,172643,47615,271125,159164,226150,205630,89794,114169,97210,62798,91515,71286,152474,188477,155365,77182,159739,317718,50104,173379,141148,102235,163425,116257,124827,39922,124176,99676,40772,124611,224607,342526,94655,150131,5604,20091,393731,233261,99270
TG 54:3,194392,376797,124798,318553,279494,60248,112030,437268,193723,323993,95314,383041,380309,280276,405242,224710,196238,231539,171113,147193,115057,264708,394772,304616,187586,464702,392656,110864,275829,269649,217091,301468,226081,318784,155785,247397,453382,84186,273111,407293,566113,232507,257134,11077,37600,1397505,542213,146299
TG 54:4,158615,216555,67626,220807,193826,42054,63726,216389,86503,149259,52055,193195,260423,140356,159717,105769,73158,125141,78224,73252,59234,140499,184539,157098,95616,341691,263268,69834,116196,120437,133082,211307,119550,159164,70485,198963,190210,64188,199912,195256,248635,102163,99133,14011,34114,449920,326813,74799
TG 54:5 Isomer A,38503,37033,13441,42090,33450,10377,13636,31981,14587,23826,11651,27201,43170,24936,22178,19336,10559,23214,11410,13239,11855,22538,30249,22910,12519,78945,55317,13929,19072,19598,25113,39852,25828,28903,11637,44435,25325,15302,43622,29277,37743,15584,16762,6251,8498,44129,50588,14961
TG 54:6 Isomer A,14109,10298,5763,14334,9138,5553,4805,9083,5192,8224,5670,7497,11853,6916,6935,7185,4564,7473,5446,5932,5260,7178,8956,6764,4827,20964,17871,5802,6488,6103,8505,12291,8971,10253,4770,14184,8197,6427,15119,8379,10492,4939,6147,4411,4678,8411,10166,6042
TG 54:6 Isomer B,7433,9299,4309,9081,7520,5743,3837,11033,5353,4347,2612,7476,9153,7055,4454,6264,2895,3999,4050,5045,5072,7174,5123,3588,3251,4897,11136,4142,5601,4986,7444,9279,6512,5417,4025,6251,3535,4838,4327,5842,5744,3796,5310,2409,3339,4115,10710,4728
TG 54:7 Isomer A,6103,3697,2944,5656,3245,3044,2908,3256,3208,2729,2924,3399,4385,2770,2923,2931,2997,3583,3265,2282,3504,3306,3503,3018,2509,5761,6441,2469,2800,3644,4382,3598,3712,5365,2508,4981,3490,2464,7009,2943,4035,2158,3142,2028,2723,3482,3511,2922
TG 55:3,1771,2417,1952,2635,2626,1552,1814,3243,1985,2949,1307,3864,3079,3135,2742,2600,1740,2137,1911,2267,1603,2238,4139,2308,1657,2716,3673,1589,2844,3035,1944,2787,2642,2078,1353,2470,3120,1459,2398,4015,2666,1537,2688,1023,1278,3676,3399,2560
TG 55:4,1863,2165,1487,2459,2135,1511,1589,2133,2206,1980,1082,2677,2272,2281,2005,1921,1296,1693,1398,1100,1780,1748,1859,2292,1329,2446,2686,1292,1645,1949,2198,1960,1949,1738,1309,2369,2071,1710,2046,1755,1782,1286,1793,841,796,1821,2507,2121
TG 56:1,9072,11650,7239,9785,9378,6092,7966,13547,11339,11923,8299,10955,10721,11618,14244,8379,11645,9319,6652,12287,7485,16136,10137,18188,9272,11970,15967,11654,9724,10343,7835,11328,13345,10179,4745,12009,9182,6357,11454,10203,18465,17409,11111,4040,5472,21300,14555,10827
TG 56:2 Isomer B,7257,10790,3859,8676,6979,3207,4794,15638,8242,11125,4852,14357,9764,9706,12961,6864,5861,7391,4632,7826,4829,13527,11125,16764,5800,13925,14230,7248,9968,7340,6505,9998,10755,8949,3699,10681,7302,4657,9224,10960,23713,9260,9254,1923,3129,29202,10447,6890
TG 56:3,10120,12365,4732,10735,14002,3305,4800,20799,8774,10518,3714,18179,14842,13746,16183,7942,6697,10816,6455,7380,4539,16310,14465,17442,6980,19344,20409,5596,12136,10352,8255,14252,8537,11255,5477,11890,19365,3798,10284,19571,27227,10998,11276,1352,2526,50768,16695,5168
TG 56:4,8098,8906,3770,8972,10349,2568,3693,9483,5002,5262,2933,7365,11723,10039,7411,5085,4497,5773,4028,3795,3599,6802,7837,8067,4128,10523,11052,4035,6133,5095,6875,8264,6097,7600,3235,7347,7972,3366,6352,10193,11564,6591,6415,1023,1755,14194,9473,2980
TG 56:6,7763,13623,5235,11471,9269,4520,2896,8728,5881,3392,2879,7699,15926,14008,4589,5336,2331,4265,2889,4643,4178,8792,3941,5177,3394,4934,14012,4668,5259,5887,7902,11082,6737,6434,3980,6618,3936,4884,3464,8167,6187,2766,7018,840,1893,8380,12370,4946
TG 56:7 Isomer A,3542,5589,2023,5633,3850,2250,2067,3969,2289,2249,1878,2794,6042,4060,2379,2879,1227,1585,1593,1992,2495,3888,2248,2084,1315,2896,5866,2223,2106,2559,3241,3846,3187,3076,1071,3684,1606,1912,1769,2759,2800,1532,2542,329,1263,3362,7413,2394
TG 56:7 Isomer B,5158,9246,4503,10521,4324,2440,2947,5299,5692,2342,1824,4726,16062,12771,3208,3291,1465,2566,1107,3013,4512,5951,1802,4020,1601,3728,6769,3079,4140,3738,7183,12970,4578,5907,2168,3249,2441,2495,2966,4847,2710,1372,4388,347,1140,4869,8075,2037
TG 56:8 Isomer A,2572,3386,2090,5771,1739,1381,1327,2505,1749,1086,1426,2105,6954,3903,1109,2101,745,1199,724,1247,2896,2779,865,2318,711,1842,3295,1578,1715,1414,4855,5797,2893,2533,842,1712,1328,1220,2645,1849,1262,1064,1802,285,768,2445,2887,851
TG 58:2,9441,18380,5898,9336,8095,5392,7169,10908,7914,10663,6457,10178,9468,9355,12746,7504,6471,8908,6431,11400,5836,17633,11172,25339,7768,12557,12397,7609,8346,8336,5883,10100,11816,7551,6039,9751,8675,5584,13619,11165,18283,15461,10222,4137,4463,56274,13811,6790
TG 58:3,3221,4262,2212,3425,2939,2298,2539,3229,2123,2882,1813,3817,2893,3221,3280,3141,2020,3210,2328,2503,1990,5847,2886,7363,2143,4165,5076,2754,2734,2434,2701,3525,3646,2391,2004,3269,2592,1987,4258,4080,5929,5249,2425,1020,1697,25041,4991,2291
TG 58:4,1934,2040,1718,1832,1771,1732,1720,2389,1341,1723,1811,2193,2069,2275,1782,2107,1683,1923,1945,1594,1727,2994,2240,3072,1500,2673,2118,1718,1815,1592,1659,1790,1656,1607,2145,1767,1590,1646,2372,1871,3040,2060,1647,1389,1468,5550,2339,1800
TG 58:8,1766,2845,1075,3022,1191,656,856,1760,1161,695,613,1115,5069,3388,1200,1122,427,1155,393,919,1149,2566,727,1134,783,1594,1700,1068,773,1071,1729,2607,1783,1651,588,1357,1028,1125,1064,1143,921,695,1581,122,509,2132,2927,735
TG 58:9,1425,1782,720,1971,854,908,680,1151,621,473,463,923,2512,2304,977,610,558,519,349,632,959,1577,639,577,408,1408,1245,663,923,971,1208,1799,1351,1303,765,919,940,938,962,843,657,319,653,279,379,1364,1689,575
TG 60:1,4238,4226,2180,3700,3595,2302,2992,3868,4142,3916,3158,3443,4145,3112,3499,3672,3766,4284,3336,4733,2370,6133,4050,5783,3139,4586,4710,4749,2871,4348,3343,4061,5097,3477,2449,6371,3393,3171,4325,3428,4255,4876,3871,3912,2650,10606,2830,3554
TG 60:2,4436,8263,3301,4633,4831,2951,4004,5562,4283,5340,3877,4308,5147,4404,6198,4143,3741,5366,3940,5956,4302,10319,5304,13742,4465,6911,6508,5405,3770,5044,4419,5197,7338,4375,4431,6503,6175,3860,6492,4421,8672,9120,5196,3498,3286,29185,6845,4039
TG 60:3,3529,4725,3782,4441,3638,2956,3251,4649,3309,4588,3147,4445,3709,3517,4764,3702,3483,3714,3298,3878,2969,6349,4185,7899,3995,5255,5224,4448,4047,3219,3173,3569,5321,3820,3133,5284,4689,3137,4513,4010,6583,6040,4184,3108,3285,12516,4032,3135
TG 64:2,3588,8284,4066,4598,3670,3432,3913,4715,3252,5030,3604,4051,4040,4088,5614,3339,2481,4353,3452,5307,3206,8791,5078,11670,2672,6213,4896,4258,3215,3354,3460,3910,5234,3680,3422,5730,4002,3215,5816,4977,8809,6166,4763,1517,2861,25188,5676,2981
TG 64:3,966,1457,1334,973,1097,1095,1067,1036,1123,978,1297,963,569,942,1206,761,1789,1165,1201,1080,1168,1167,958,1262,1461,1141,904,1618,1324,1741,1323,919,941,1115,1315,1071,1504,1271,1210,755,1413,1120,947,836,1413,1595,1044,1211
trihydroxyoctadec-15-enoic acid,1160,945,1078,761,2030,1027,1897,1129,1270,1747,1844,1085,994,882,1343,1073,1183,1918,1792,1907,1446,1693,2240,2619,3079,1644,1249,1137,1637,913,1035,589,835,759,838,1887,2837,837,2089,1030,1779,1501,1376,351,943,1267,1853,1278