"Label","758160","758161","758162","758163","758164","758165","758169","758181","758182","758183","758184","758185","758186","758187","758193","758194","758195","758196","758197","758198","758199","758203","758210","761131","761132","761133","761134","761135","761139","761146","761155","761156","761157","761158","761159","761161","761164","761171","761173","761174","761180","772620","772621","772623","772624","772629","772630","772632","772640"
"#CLASS","92","104","114","120","117","122","336","138","139","147","149","155","151","162","177","129","179","185","190","196","197","218","292","287","250","283","286","266","233","269","273","270","267","277","263","261","258","297","295","300","304","311","315","321","323","330","332","326","340"
"2.11_1258.07","1310","933","1485","1785","2109","2603","3341","1976","2522","2332","1752","2630","3567","2087","1882","3194","2882","2187","2580","2798","2575","1270","5829","2608","3986","2292","1834","3483","2680","1303","4398","2464","4675","2016","2283","2742","2338","2663","2893","3617","2203","3971","3595","1644","3898","3213","6437","3865","3359"
"2.15_760.02","2872","6131","3570","2678","4391","3650","4169","3314","4292","2036","4191","5249","2682","5961","3396","3686","5186","2899","4088","5756","3965","6153","3384","4097","2291","4196","3054","3748","2449","4048","4197","4742","3641","2877","7027","3373","4938","4638","3485","5784","3349","5635","2024","4212","4328","3496","2946","2215","3945"
"2.12_1260.08","2699","1330","1917","1773","2954","4126","3353","2335","2753","2505","2407","3189","3840","2325","1899","3400","3284","2078","2775","2913","2788","1802","4621","2536","4393","2213","2747","3159","3452","1731","3612","2428","4015","2013","2319","2762","2816","2497","3339","2901","3688","4110","3161","2651","4015","2953","4441","3420","3024"
"2.15_758.89","5567","12975","8258","5906","11429","9188","7320","4813","7605","4897","6553","8161","8101","10561","7087","4490","7499","3106","11049","6496","8884","7872","4525","3884","8860","10382","6751","7049","6135","2924","6621","8408","4514","7882","9888","6110","10149","12565","5959","5495","8381","8533","8479","6412","4117","7334","5174","5893","3591"
"2.07_704.32","2553","3372","3136","1031","3540","2531","1489","2402","3439","790","5821","3592","3909","3664","3216","2472","3984","2131","3417","6258","3245","6423","1961","2991","3134","2042","2697","4543","1086","2814","1425","4833","4153","4053","6694","2877","4842","1971","2672","3144","2205","1801","2975","1777","4342","4369","1646","2179","4207"
"2.07_703.88","4952","4680","2792","3094","5257","7444","4003","4593","5120","1801","3862","4550","5095","5527","3105","4964","5589","4742","5168","4314","5714","6008","4242","2890","4488","3987","4549","4890","2776","5463","5859","3783","4019","3586","5349","4797","6229","3972","4769","4190","3518","3787","3780","5087","4983","5354","4145","3107","5626"
"2.81_787.81","4953","4680","6497","114","2296","5685","3144","3958","4573","634","3287","1968","2730","566","3152","2632","3756","3587","3298","2346","2526","0","3524","4418","4524","7724","2808","3451","3895","4731","2703","0","3561","3227","4759","7091","2457","2406","3420","1729","5097","2074","0","5294","3351","2882","5015","2359","5353"
"2.15_1516.13","116236","414055","132606","88580","317797","108790","154883","137792","166691","25114","219909","242960","67517","257358","175638","149281","201711","77044","303295","233406","183045","300273","83267","124673","101086","153270","142797","160450","100710","137614","163180","161590","205952","87773","413170","196235","187195","215842","141223","299575","142953","140038","104557","155846","200147","164967","159280","65657","138415"
"2.34_1520.16","45005","129653","68739","39790","117425","29007","66685","81532","81590","6211","81711","100286","27002","137268","77367","146292","171135","31311","154682","91168","91873","154695","120051","78824","49242","99462","77875","121444","68394","63576","125793","79924","106458","33930","161067","147833","70872","98765","76922","147221","49692","94279","66706","78717","90221","98747","69766","52230","110500"
"1.97_808.57","1033194","871680","803100","694209","844284","561310","764150","1249718","708958","460529","961051","1152367","546206","1023668","638840","1512847","892959","776542","783179","520948","827279","897543","679802","792059","951155","728222","670641","916014","785483","651383","975044","987536","1091852","703305","645088","1280358","650406","787681","862880","1076559","832070","1375104","933170","689575","745798","1017022","1023471","890656","756463"
"1.97_809.58","447584","393190","372318","316241","384585","257480","348650","540796","320446","218514","422093","497611","257043","445029","289503","657439","409761","359306","355577","241489","377234","410632","314269","360891","417248","335018","306306","406668","349038","297233","435940","440010","481977","320790","292354","559736","297329","350635","391160","468798","373708","600810","415749","310689","344390","451226","451914","396515","342136"
"1.42_790.56","172329","301075","177754","103962","325289","202214","152183","285572","267940","88552","233173","350333","116636","272772","280251","329547","405468","157692","228475","431167","300520","219475","690470","309307","257641","336684","297805","407642","152088","221801","310166","279632","796589","215509","619134","291105","312510","246243","329405","485656","270239","596063","254382","221719","462537","432734","694613","154304","359488"
"1.58_772.55","75605","144085","75932","60649","164116","90457","99027","97810","146861","37520","108997","169418","43567","115219","107598","100954","280905","52274","164077","164566","153065","122771","283909","161314","112203","196001","181126","229427","92677","97743","144044","128147","255605","67756","235869","154809","133023","143943","165413","254629","124790","189849","132305","135710","174362","224729","217688","68911","157134"
"3.04_815.70","925199","953786","888301","507780","1339417","785833","620768","839933","1213342","241365","1255591","1069505","1019756","676056","868862","1013405","1450461","590227","1240230","1118726","1025376","1726952","633947","1279834","1435595","860484","999462","1172996","655506","1256541","1154577","1231089","1049817","1105710","1858605","1077608","951141","1221350","1039797","1480760","769765","854898","800059","768436","1237631","995231","756556","874825","985741"
"1.54_790.56","7007","13950","1542","6942","8760","12474","7831","3337","87429","3645","7753","6006","1616","11540","7707","6333","163903","5196","33788","2388","22866","6375","106458","100727","9417","65130","41454","86275","8819","19902","27588","22135","71611","6401","17754","51639","2503","14861","69426","74182","8820","28816","29057","29276","15576","88332","21131","4516","31321"
"2.07_1406.15","23345","39858","23107","10846","34512","26244","16655","24706","34198","3591","42515","37935","30407","30217","29754","22691","32731","19804","42816","45164","36684","66692","24571","32485","36874","24777","27483","33897","12772","31027","33701","32342","37885","33799","57073","25010","38102","33339","26700","41854","19256","18596","25888","33616","34280","33131","18228","20476","27658"
"2.15_759.58","2204085","4116377","2388104","1908494","3563473","2147570","2526480","2376868","2654911","883502","2973469","3182969","1630387","3333613","2709201","2463023","2911199","1711223","3621174","3071711","2752449","3420193","1858507","2304694","2019721","2605948","2474882","2618975","2092991","2406221","2632331","2658599","3019967","1844538","4032110","2865430","2743212","2943226","2456791","3464044","2441013","2478172","2089177","2616865","2883020","2688177","2680822","1547607","2414348"
"1.98_783.57","87180","206141","81857","74178","200735","98583","90154","101581","192913","37441","145148","150931","66900","135097","247992","164789","124120","55745","131905","127243","163470","195092","28486","62494","51716","98017","132119","99763","55018","75125","87276","103207","81611","70426","202710","71761","157165","139807","84482","201260","96096","105039","71163","89364","100588","87689","70321","57464","106433"
"1.44_788.54","36517","119239","52122","63759","92276","100446","61359","45420","137521","14091","68843","103448","25830","101332","122740","66608","182546","30434","78719","160682","143243","59887","444868","127106","121711","195425","170275","213507","90973","138725","123412","162591","524698","41364","297202","146363","63338","142960","208076","238299","137645","334805","137026","103081","303066","266473","424614","51503","198290"
"2.37_1546.18","11981","45079","15325","7368","42536","8612","15202","17842","28737","1753","27324","29234","6621","34523","27980","29402","40394","6934","48706","21566","26678","46074","17782","17159","11413","21994","21774","30158","14492","17776","29810","21554","28932","8732","56637","30376","19177","28575","19011","40698","14254","20872","14681","23442","19003","25341","15047","11715","21547"
"1.58_818.59","50753","68004","47133","22962","85816","50804","42597","61504","83904","29910","61286","81344","36842","67407","81315","75569","89793","42303","78282","76643","75996","61977","135086","69378","60159","71304","78200","100052","47916","51222","68002","80010","182146","50645","152657","64650","79075","59645","81085","111671","61463","117648","61321","55320","75095","108553","127578","37723","63436"
"2.07_705.58","261603","356166","282175","177793","325391","293375","234971","281059","335516","95635","355124","343526","323886","328618","306897","281693","340862","253524","371405","357461","345083","449601","280101","315511","346245","288492","299691","323583","206831","318077","323451","312171","348636","334407","425713","302625","353626","317817","287849","356555","252958","228132","281430","336843","324784","331452","237890","256310","291012"
"2.34_1494.15","20867","45767","29911","17285","36765","15939","23219","31493","35923","3932","34349","34050","13679","43836","28582","51360","59540","17470","52638","33284","36892","48322","39633","31340","17821","36492","32783","40632","21530","29342","45776","34263","44960","19650","56561","42541","31278","33441","29192","50656","24611","30304","25239","32148","41469","32041","32500","20437","42337"
"1.32_828.54","28268","98048","48796","35481","50888","28296","27757","25556","87380","10185","27614","46172","10665","69397","36066","26664","55224","15901","53089","70661","51941","35151","105925","85733","44330","66232","61056","78760","39749","69265","41082","39734","152656","35356","146583","54711","27674","63285","80379","78564","34808","69530","38794","75465","80830","83198","66257","22062","74029"
"1.64_772.55","82408","134763","75117","64402","158970","97911","110602","101044","124899","41080","115007","161917","45830","106958","108972","103030","198771","54623","137273","179388","146831","114397","225404","118596","103102","150753","159054","186364","87942","109981","137947","120134","220615","68361","211651","133293","108630","131334","136267","221022","119396","189653","113532","118568","178822","186204","203965","70757","141774"
"2.39_1572.19","9695","42252","8700","3442","44472","8065","11620","11834","28090","1470","26745","26848","5393","25154","27614","12604","19564","4858","41333","15433","18927","38917","5495","9494","7381","12741","15930","19379","9439","13862","16276","17495","23026","6704","59294","10604","16037","23232","13075","32407","12204","10086","8454","17450","11930","16932","8821","4422","9954"
"1.99_834.59","223420","209755","165028","123445","269603","169241","157095","184620","263861","126556","278249","286738","142189","192692","223744","188336","193345","160237","161270","144578","239958","251662","103275","178108","196924","161552","192809","209619","134593","185248","171160","234734","287462","134380","178944","212687","167650","187004","204784","219809","217851","212844","196701","194665","161411","231884","165622","164215","129323"
"2.16_1542.15","18613","62375","18849","12340","46337","14883","20887","16216","39749","4283","32063","40654","9479","36798","37813","26446","26751","8896","54053","29066","32801","56809","7743","18253","12603","26742","22547","24075","12430","18246","23735","24014","29113","12114","70104","24192","27599","31450","22118","40414","21314","18293","15000","26266","23531","26513","17521","10699","17511"
"1.31_830.55","29177","75506","48025","24038","48399","20120","26998","28654","54132","14823","25751","50381","11875","63858","30589","26234","100516","18814","53345","53173","45808","44029","99299","63926","35535","56053","53856","72458","43658","45402","48043","31731","132527","37964","125551","47308","31687","48086","53774","71311","34811","62428","43296","59174","71715","68910","70350","19973","71851"
"1.60_816.57","15786","34096","16732","17802","33564","30886","21149","16112","65593","5565","25777","34312","10955","32134","44690","21703","70804","12389","33585","36469","47123","21881","107582","40847","37222","51369","54684","76403","30186","45462","42675","54437","150817","14900","82205","43523","26684","41643","64263","73508","38889","82151","41923","32259","56989","86882","89515","17557","45309"
"1.43_789.55","18202","57652","24478","32353","46643","46740","31469","23042","65664","7012","34426","49529","13460","51192","57607","31913","83030","15225","36954","74858","66639","27743","207160","58885","56943","89868","79128","98451","44231","64623","59612","77131","241016","20297","135955","69836","29847","66922","96799","109467","65286","161141","65940","48667","138572","119180","196927","25751","89981"
"1.52_791.56","3657","5762","3349","3418","4632","5934","3919","2699","42229","2137","3285","3364","1927","5215","3631","3433","73421","2946","15356","4742","11366","3487","50943","48579","4583","28916","19642","42472","4904","9454","13580","10657","30282","3373","7845","22019","2841","7317","33623","35212","4004","12627","13834","13910","6504","44011","9729","3151","14077"
"2.80_184.07","40732","64510","46839","27881","70128","41338","38662","49479","62044","11640","65456","66838","60548","65715","51535","52898","70378","29215","74896","62057","59159","87727","47173","68906","65793","56095","56642","63837","34676","53302","69245","61068","61191","47548","93111","51119","51750","60480","55254","76284","48549","46848","43963","52370","68532","64176","45216","49383","63402"
"1.40_806.55","2290","3423","2239","9166","3400","29205","1997","1824","68321","1641","1962","3210","1080","2617","2195","1514","113935","1384","35557","3551","33270","2172","130796","84402","7885","136805","65213","101570","5113","43666","55036","47615","160086","1079","7060","88639","3144","48924","96462","132318","7915","54403","55377","52114","30946","119549","58150","1659","77510"
"2.15_184.07","107334","184353","116576","85862","153649","93975","113396","116453","124551","40523","131927","136391","76198","145209","123534","122772","127288","77569","151734","134683","120754","154908","90648","115772","98170","117830","114467","118726","97291","116219","121728","123325","138557","89328","186260","137701","124792","133398","111716","154744","120000","115844","97842","126935","129947","124649","116680","72095","111521"
"2.29_762.60","1317","463","757","1741","1139","1127","2225","1232","2471","0","489","451","7948","1824","1301","1740","7820","2730","5039","1908","1610","10418","6544","1488","2885","2014","1257","4588","5608","606","3839","2979","3736","4526","1578","4017","721","10722","1358","1204","4668","3629","1107","5415","6755","736","1370","3612","5547"
"1.53_812.54","5352","9715","4140","4587","6918","3599","7823","1303","20836","2110","4648","5135","2049","7456","5008","5037","25892","2603","12805","7733","11949","6011","26162","34743","5350","18614","10355","19176","5717","8568","5354","7719","12005","5818","12365","14195","4070","4543","22444","26631","5866","12414","12308","15340","8789","25256","7098","3975","12032"
"1.34_790.56","10980","13482","10658","14085","17163","16279","14689","6495","28292","4751","8904","10792","3826","20179","15960","15625","34210","5383","30329","23403","27588","9638","38083","19947","21891","23506","26782","31991","16486","21341","19033","21254","61053","7048","28730","24787","9169","20929","25286","43071","21283","37311","19868","18256","31564","38794","36019","11769","25983"
"2.15_760.58","521835","992992","546471","445327","847417","487758","586729","542521","619477","214403","689771","732908","387482","782498","618601","573519","663988","407353","860628","716018","644705","797353","432297","532138","468137","610271","562555","609483","489971","538175","602336","615306","697665","432036","983419","683235","629904","680836","561363","820046","559034","576985","481867","603751","652458","611235","619444","376695","553373"
"3.20_663.57","27545","48378","34019","24943","56589","32740","48550","25713","36929","27621","43533","60185","27940","58053","28780","34100","60391","22690","66991","65767","56751","43529","92916","50880","40978","46171","46947","60970","38106","26353","73793","44947","90175","19052","63330","53346","40639","44908","46666","59710","37658","50067","48038","50835","62188","66056","62823","29781","39120"
"3.19_764.69","357363","511109","437384","315872","582437","397288","550662","349400","443689","373823","489952","616956","400613","579968","376647","412758","582543","311420","684149","692052","621002","515675","725395","549273","465403","517908","538300","633823","472964","389444","689586","492857","775513","288257","641318","565541","465448","493693","505133","597724","443176","517010","499526","564703","599075","625727","538745","394165","437469"
"1.12_808.57","19362","18204","12701","24671","27274","46068","34971","19284","43559","10931","17081","25542","7262","17704","26170","19512","64415","11029","73310","50419","56864","20636","71290","27895","52364","37922","48087","63446","44330","36472","43344","40060","55335","13657","32985","32627","24066","40812","27649","83770","53186","51981","45018","28430","49521","50479","57928","30139","38440"
"1.81_806.55","172136","185849","148798","126477","205049","152641","121857","175001","156850","138639","203546","246033","106459","157477","142625","161641","165056","143728","107012","139564","184754","181534","92221","148130","158958","153406","152637","154208","117184","136096","134728","184976","254798","107550","142233","194525","127184","168606","192992","177489","205064","212504","162196","144988","170219","212637","202414","110790","119465"
"2.07_704.64","58567","79577","57210","46445","65265","67234","52394","60636","66209","24036","83074","72827","70976","72612","68963","64169","71069","50257","84287","81152","67004","108256","48615","66418","81795","61222","61784","64046","41293","61747","68318","65287","68343","67367","92163","58640","79887","67751","59948","81377","52720","49815","57414","79252","67742","69353","48723","51752","63786"
"2.90_780.69","159788","212146","205378","174687","278452","259753","261720","209683","253553","173777","225105","269125","319609","290791","197460","307998","325756","201435","298053","355895","340108","227189","487084","277505","360347","212958","251388","321982","252120","198598","397647","243919","452990","202375","306555","298806","240286","275112","324135","312083","266367","354729","291797","262953","348226","333197","398766","292602","256039"
"1.53_818.59","87501","91751","66006","19182","109245","14431","42935","48196","47043","35440","79957","83105","40073","80504","80596","86525","96836","55350","42852","52082","46151","77866","81220","68775","29787","60452","38802","51048","28633","32774","27300","36029","67554","94825","140935","50504","72577","25660","63028","69103","38911","80499","38859","69906","43965","60198","56593","27606","45721"
"2.93_782.70","157666","203312","172550","117962","231090","216931","220306","145216","208748","131680","203818","224726","188077","214000","172761","226283","254022","150985","289493","326848","285163","207312","286657","228090","256046","194261","220715","283005","195231","157685","307024","218971","339185","143976","235078","237099","188173","209669","222524","254953","205037","270692","223781","237431","244881","258035","249387","212114","186255"
"3.19_750.68","308725","433083","368802","271090","489247","340530","455684","293572","378744","323290","416002","497016","348820","478803","322387","362668","478335","260527","531736","546620","511336","427204","600819","454942","401518","442622","446331","519057","386259","329437","565309","418508","621202","246581","510765","475472","408487","415194","415536","480571","369130","425596","422348","469471","488224","510141","456288","329517","373358"
"2.79_815.69","157451","230037","164198","111606","255006","160209","150318","189659","238920","46215","232214","248496","254363","249065","183994","225544","272584","124866","307195","222828","218363","324885","193320","255324","237371","228642","211048","216028","130979","190410","270674","233088","227057","170634","304223","195768","195214","220838","222998","276579","184997","159143","181889","211019","280186","287505","169565","221177","246487"
"2.08_707.54","34881","53832","55344","39305","61699","22156","32409","74764","24435","12739","38878","36569","22338","59483","42452","76873","70683","31119","49518","59466","46114","40977","48738","39064","36214","46372","57915","66592","42011","39422","39807","44538","44458","45617","87054","103356","34311","58754","29008","74941","50088","77183","29359","51143","57143","49507","34676","23986","80788"
"1.97_701.56","12855","26095","15181","15699","18679","43511","14203","13424","50720","4318","17048","16538","16797","20280","24673","15318","47009","11532","28381","36378","46668","18481","51282","36856","43639","44167","52302","50015","24213","56146","43031","55819","86874","13262","36164","32249","15756","42273","42914","47903","26950","49224","36294","22958","53893","58233","47944","20068","42543"
"2.48_746.61","59167","128102","86122","56086","111593","61018","75485","70596","138187","21328","93631","97076","50542","97897","95253","118532","131018","52563","169260","84961","98529","177949","80003","101008","79236","117130","88097","121606","55100","111245","106032","101770","137232","65184","194765","97000","93729","97718","79161","139961","85804","73459","73107","128121","97765","106535","65243","77844","96785"
"3.19_277.22","30714","51544","38609","26020","62980","34775","58072","28066","41962","32001","46110","64076","32628","59279","34666","34706","65743","25826","71438","70352","60236","48884","97981","57237","41356","50804","51466","68010","42887","37957","75805","48923","103481","22749","70234","60428","44297","50533","50283","61651","40110","51160","45650","53590","62443","69446","64310","33089","41805"
"1.84_184.07","18380","21878","15142","10187","20502","13338","13719","18553","17407","7956","21136","18795","16747","18841","14816","15560","22747","11760","17380","21595","19789","26098","16455","20846","18814","16630","17796","20164","14139","16472","15768","16420","26448","17086","26558","19747","17176","20993","16589","23409","15845","16799","14657","21939","19124","19097","16420","10064","15854"
"1.76_800.58","33510","44373","26350","19188","59927","30770","39327","28596","61934","15080","43585","56167","17882","42119","50598","36634","71680","19520","55205","47710","55141","45792","74048","46622","34033","58129","64808","75135","37922","42841","46084","50849","91515","22535","80176","52012","45490","52173","57557","72202","47732","54335","44229","49790","50329","72138","55329","22544","45307"
"2.79_1626.36","5017","8739","4887","3247","10584","4504","4467","6637","8972","834","9621","10645","10300","9683","5577","8152","10693","2666","14515","8995","8513","15875","6406","10431","8966","8378","6995","7474","3624","6581","11867","8802","8767","4901","14572","6279","6319","7993","8739","12279","5436","5086","6005","8202","12139","11118","5120","8359","9530"
"2.14_1540.13","14658","64825","17348","10687","31103","10634","14838","13908","18293","2851","18375","23475","6621","31030","14436","11759","13470","7227","32051","25786","16176","35100","4579","15138","9445","14273","12852","14086","11660","15982","17705","12846","17053","11788","53529","17478","20148","31872","14128","23356","12037","11096","9844","21486","20165","13823","12417","8359","13632"
"1.40_807.56","1045","1565","1004","4283","1385","13912","1012","1084","31704","635","819","1600","575","1548","1362","769","51366","819","17908","1266","15729","906","61445","40048","4829","63337","30403","45771","2343","20113","27835","21955","72782","1040","2773","41431","1184","22401","43809","59986","4926","25200","26480","23935","13494","55032","25603","1278","36958"
"1.56_774.56","96320","92989","57486","40110","123351","42081","94129","58010","52881","33307","82300","119248","19179","69680","66131","45748","82504","32219","96164","95181","79714","97334","63872","57421","47004","67626","66808","77622","53889","49223","69369","59019","86729","47403","96909","70958","82831","81314","62589","123931","62967","67729","59710","96424","68367","87662","81238","33468","66839"
"1.44_816.57","17290","30193","17917","10261","27493","12788","15397","21053","31660","10375","20369","29398","12113","25379","35646","29257","36059","13176","25373","30186","26932","23744","40961","23971","16618","35216","28567","38925","14124","17657","22651","26157","68636","16024","67437","21618","28662","19099","24454","33997","21485","39208","19229","18573","27658","34802","39285","12931","22904"
"2.39_788.61","149461","297085","133757","86827","304182","138206","154512","153845","243556","50882","240293","233196","97018","232795","242192","162137","207397","101168","300316","185835","199087","290087","107082","148527","120679","163752","186868","195323","145600","171032","187259","189451","217886","103533","347380","191999","197707","219287","172486","268505","159762","149031","143509","189434","160787","189733","140298","89458","139495"
"1.72_774.57","27333","37081","26683","25428","40752","32212","27838","35352","50406","9901","32680","42438","15887","39962","35951","45333","72718","17651","40201","54995","52591","30950","115573","49953","46138","59375","59428","75233","38826","47037","54635","53560","96532","23249","62096","58529","30869","50436","62280","78381","40781","88000","49710","36560","71413","84135","90501","32035","71349"
"3.04_184.07","21997","21647","19772","13272","29890","17859","14408","18729","26022","5951","26622","23949","23804","16067","21181","22467","33026","13922","27210","25015","22246","36306","15906","28744","31265","20000","22023","26558","16613","28695","26143","28105","26424","23378","43675","24405","22317","26977","22235","34803","19339","20042","19742","17732","28918","24640","18922","19197","22363"
"0.97_355.32","114255","102875","99392","109545","97065","69199","82307","99421","72585","86895","74763","76069","75538","78396","92085","108072","81333","74714","95653","120971","104291","148026","96397","96045","118797","82163","84093","77601","121165","85794","94853","97789","115979","142130","112816","102457","136344","165667","105842","109944","62283","59454","66269","81999","59605","70455","65002","68410","76448"
"2.07_184.07","127330","175688","145167","90885","153932","131576","119657","144943","162661","48399","171541","168258","146178","157786","141646","139631","159357","121229","169736","171856","155203","209256","135464","150809","159688","133729","138831","153310","104973","151791","153776","147691","164421","153037","211459","150873","164268","152720","135864","167226","124024","118096","127527","154613","150643","156488","122358","121368","146606"
"0.23_455.19","1230","1449","534","553","1504","551","605","849","518","89","961","1192","633","362","581","708","779","284","1227","718","648","727","706","1179","417","746","429","577","685","350","731","645","2831","608","1860","1577","1126","512784","1791","1214","561","842","433","371","937","648","566","1279","850"
"1.53_840.57","41036","38945","28225","10420","45752","5306","23995","12304","22941","12150","31345","27198","15126","34970","32698","30797","13921","20794","23669","21859","25790","36901","29246","32015","14918","27013","16596","18769","17003","17339","8327","14171","20056","44209","59857","21815","23709","10470","28702","32936","19915","31896","18905","34198","18317","26364","18097","13541","20375"
"1.52_858.58","10964","21069","10404","6845","17261","5216","11478","6061","21376","4463","9320","11932","3584","17506","9840","6590","17596","5212","15735","14044","13924","13776","22161","20673","10689","15134","12565","18014","14430","15314","11220","10277","22339","11428","34100","12225","7792","13115","19661","20988","11360","16669","12385","18795","15946","20324","13947","5845","14604"
"1.42_812.54","17592","31398","17483","10921","30420","17529","15774","25701","24540","8384","19462","30708","10422","24646","24389","27954","37482","14482","22219","39502","26156","19805","56487","28738","22085","31217","27068","37619","15758","19775","27959","25523","67458","18745","59019","24989","27189","23840","29283","44057","23723","49295","23055","20789","39356","37531","55182","13208","28896"
"1.97_810.58","122990","104164","97632","81695","101476","67857","94460","143536","86071","59579","116221","138902","68941","120730","76666","176384","103273","91992","91960","67187","99711","109818","84152","95343","111935","85811","82536","110688","89675","79327","112754","115715","132729","87411","78437","146456","80282","93563","103677","124599","98353","157708","106582","82750","92956","123541","126550","101656","91036"
"1.39_367.34","20335","16435","16873","10655","25233","21633","18590","21167","30560","7494","22626","26062","12486","19746","19371","18639","35735","15038","23816","32743","33921","20025","47395","31116","31847","26383","32572","44562","18654","26376","34401","31352","39916","21231","30026","22460","22484","21988","28518","35321","22399","32341","28964","25432","37663","38004","34560","21812","30705"
"1.53_813.54","3232","5101","2066","3002","2970","1951","3295","1510","9897","1451","2185","2312","1262","3932","2400","2517","13094","1785","5936","3532","5645","2890","12498","15696","4562","9614","5748","9494","3605","4957","2494","3858","5534","2574","5511","6614","2040","2483","9832","12244","2875","5927","5356","6272","4268","11345","3922","2298","5049"
"1.52_856.57","4698","11985","5513","6309","8296","3991","6441","4781","19675","2288","5636","7918","2794","9313","6562","4174","8412","2654","10559","9778","10141","7137","15903","18682","7223","17319","11907","15939","6462","13182","9316","7609","22756","5585","17969","11503","6166","13797","19467","20347","6052","12517","9326","17443","12005","16906","11454","3250","10884"
"3.00_780.69","41198","64589","58504","46260","77849","78410","70123","53534","83059","46087","63417","80302","92513","87234","57485","84072","106721","55442","99347","121691","101155","72902","214029","88544","108439","67781","75166","110828","79145","57409","138599","75885","175574","50931","97553","100529","74617","92954","107608","107848","76770","116857","98643","81637","121142","113567","140052","76542","77911"
"2.89_1339.88","21009","19140","19631","12990","25400","18981","11764","19813","25864","6204","19305","20470","21743","13467","18301","18564","25047","14057","22171","19700","18996","22563","13622","24865","22678","15552","19081","18867","13638","18308","23570","24309","19240","19500","21922","19165","26513","24973","26214","24733","14832","17086","24842","17121","23628","16332","19173","21367","16804"
"3.01_696.59","14164","20959","20296","14728","29038","24432","22820","17884","27785","13333","19481","28019","32574","27691","17011","29848","38134","16650","34194","39687","31036","26045","83544","30912","36855","22262","25272","36461","24196","17749","47956","25476","66430","18678","37016","36531","26414","32628","35410","37025","23205","36764","30918","25110","42614","40547","51906","22014","26026"
"2.93_768.69","71238","92989","75917","56394","101312","97733","97870","65093","92598","60854","91272","101266","83032","95722","75622","94809","107357","67327","129917","139422","126788","86911","124462","103216","111008","84467","95755","114172","85045","66740","132228","95330","146014","64060","103537","99863","85283","89564","95713","103874","86808","110798","94100","102318","103304","106876","108047","92785","81502"
"0.21_130.09","5546","7415","10301","3169","2345","2503","2501","3580","3345","3255","4152","4049","6147","3911","3844","4398","2041","5434","2720","4079","1811","4713","1999","2443","2376","1813","2178","2857","1487","2825","2751","1731","2632","7089","4452","2202","6261","2108","3320","2984","1997","3310","1158","2314","2538","2285","2580","2191","3435"
"1.31_822.59","4930","6431","2831","28793","7949","39820","19569","3439","76378","2452","5999","5259","3434","6395","15105","6302","65764","3399","72145","32693","76434","5547","76214","20917","63563","44446","46028","69094","62117","52157","24819","39960","44889","4690","17469","24665","5521","27177","31688","79296","65719","51810","55841","19863","59193","57837","42209","30380","37740"
"1.73_818.59","1420","1612","1046","1459","1498","5432","1322","1298","28942","579","1343","1179","907","1291","1004","1034","36441","792","7505","1422","5278","1301","24630","19683","2390","14024","12635","24394","1434","6754","9303","6203","20047","791","2337","11559","2149","4796","15006","15395","2164","5531","6836","5812","3211","22447","5839","934","7016"
"1.31_852.54","13381","26509","16681","10727","15579","4867","11194","7805","13954","4967","12205","15944","3632","26403","11689","8022","22673","5777","21017","16315","15120","16026","18673","19282","10495","17634","13319","15730","9696","13703","9433","10277","38682","14038","37645","18047","10607","8873","18300","20445","10347","15630","11716","22386","14245","18954","14364","6838","24156"
"2.33_735.57","335128","420685","349574","280500","379402","321805","300716","377052","427908","138670","408175","386786","261132","405509","359279","474785","507812","297385","452719","363819","405154","448212","370480","386621","269808","384098","395107","385296","268787","406253","450500","402203","451077","348022","450092","366054","396530","351132","332083","475366","374792","345087","329834","390159","464869","333719","410090","311799","427671"
"3.08_696.59","3524","7695","6168","6047","9657","6864","8510","3216","10555","3852","7742","8479","11885","8932","7065","6151","14542","4085","14333","10140","10645","6937","23910","13231","10164","10154","10937","17663","9206","9241","16159","11416","37167","3994","15862","16429","6923","14776","16266","14180","7897","12479","10985","11312","14574","17408","18992","4767","10700"
"1.39_822.55","1631","1574","1190","1403","1541","1896","1263","1752","10071","1046","1743","1585","774","1838","1669","1368","18675","1091","3069","1504","2572","2029","14403","12789","2267","8503","6208","14556","1386","2945","3830","2771","8784","1095","2399","5573","1115","2671","5910","7248","1895","4107","5722","4008","2395","10140","3054","1392","4359"
"1.52_814.56","21856","46163","21531","14380","28735","13030","22661","12563","35790","6962","18370","20264","9421","34150","26453","23684","22143","11993","29056","30986","29395","25775","40160","37293","21484","38845","24355","33519","20249","25661","16146","19538","47461","30972","66793","30375","18253","19774","36855","39878","21106","41542","22977","37345","32235","35947","26531","13937","27798"
"2.80_1600.34","4852","7562","6275","2900","10812","5250","4492","6769","7804","609","9301","9355","7426","8943","7023","6580","9363","2999","11210","9091","8092","13679","4724","10053","9289","6446","6852","8841","3447","7642","10412","8632","8281","5971","15468","6528","5548","8475","6630","11523","5472","5398","5263","6056","10037","8259","4942","5911","8166"
"2.89_1361.87","15160","15375","14164","10396","18834","15058","9178","13352","18238","5063","14578","14157","16831","9630","14533","13890","17819","11012","16408","14427","15268","17030","9417","18913","16327","12439","15438","13862","11089","14989","16487","18049","13129","15513","16942","14194","18762","18883","20774","18918","10587","12501","17650","12129","17792","12767","13213","16104","13616"
"3.04_816.76","28132","29066","26719","16029","35886","23793","19426","25903","32534","7355","35270","30755","29533","21601","25894","29752","37734","19187","34369","32033","31371","41367","19629","34245","37629","27308","29219","33903","20891","35095","32564","35757","31269","32476","39704","30548","28120","34323","31088","37260","23977","25969","25191","24286","34815","29391","22613","27025","28842"
"2.93_663.57","10388","14479","11975","6498","17990","12323","13424","11140","12472","8244","11608","16978","14349","15617","9611","16089","16669","9182","19218","21256","17619","14459","22134","13185","17469","10343","12829","16842","11265","7515","21465","12666","27128","10558","19181","14148","15137","12244","13352","17945","11611","16237","12974","12414","16982","14780","19093","12676","10482"
"2.93_725.62","25267","32440","28795","20142","40774","32317","36449","24021","35095","19578","31180","36655","33018","33176","27375","36627","42344","22416","43388","53081","47169","37129","42645","37092","39550","30111","36249","47623","30513","25054","48956","33834","54040","25286","42042","35331","34002","34280","33087","43254","27659","42123","34152","33328","42850","39922","39940","30691","29844"
"1.10_706.47","21153","17281","17382","10995","22625","9747","10442","30528","11943","25867","34597","34515","10698","15437","11881","18739","13038","15697","8794","10446","13464","17223","11189","11927","10858","12527","10718","11707","9934","10279","11960","12505","21227","17067","12265","17029","18548","12710","12418","13208","13074","14955","11961","9765","11720","14372","16136","7864","9538"
"1.97_802.60","27861","39607","28399","17719","51157","37474","30055","36709","73641","9210","42079","45393","21292","41195","47287","38405","64676","20823","50772","51623","59975","38316","78916","44129","50356","48735","61048","75906","37708","50766","57214","62595","93671","30782","78036","47618","38400","48191","51902","74784","40188","70594","49135","40426","61005","77920","70360","28853","54482"
"2.16_1565.13","2108","45692","2458","1873","11454","2086","2741","2731","6781","762","4284","4120","799","13894","4582","3012","3010","1253","11325","9797","3924","4104","965","1648","1905","3130","2231","2816","3070","1899","6131","2187","3273","1831","30185","3236","7186","3617","4899","5642","2806","2723","2092","3145","2819","3161","2872","1604","2660"
"2.34_1563.21","30753","43722","38338","30477","42058","24552","38418","35753","42362","11651","38808","40493","29275","47002","36464","49193","50863","24292","49597","43175","42337","49011","40793","38733","34063","39576","39174","43085","34248","37744","44820","39226","44513","27909","48648","48503","39151","41313","36178","45541","33461","38240","32855","38739","40153","39592","37003","33098","38443"
"1.20_694.47","82402","63685","32821","36721","62487","42534","45454","59984","54093","45146","74009","77280","22006","55908","44698","50046","52290","35364","45704","30283","56262","39890","78828","56530","42897","51421","58500","68925","38386","47459","51455","58316","120571","48417","52718","55109","50845","43959","61453","77650","55835","71976","53694","40450","38446","73428","82646","23981","45129"
"1.47_814.56","9684","26337","13352","8816","17693","12000","9850","10749","24724","4640","11318","17312","6527","19622","19759","11508","24053","7968","17172","21473","19868","15464","33992","19493","14602","24730","23460","30554","12797","16566","17534","19039","54438","10736","50730","16804","14811","20883","21822","24200","15423","25967","13838","15808","24460","28979","28622","7916","20148"
"0.29_372.24","1069","1338","795","1104","2498","563","844","923","1531","804","927","504","677","613","4124","785","411","779","1587","708","964","1346","1938","1814","885","667","753","1131","643","1083","655","583","582","1056","1167","1038","593","499","405","584","381","969","676","399","819","398","566","455","350"
"3.17_762.59","45639","52929","32128","46682","50969","41275","65942","21925","45031","37838","81216","60290","30878","63468","28343","34191","58508","30634","47712","37088","61562","35006","41371","80984","33818","41160","56241","80183","40970","42923","76305","64470","165194","17210","46496","91280","19952","62211","111963","68197","47234","99346","62365","62342","60990","126938","82275","23505","43437"
"1.64_798.56","12818","26150","12498","9612","22131","11232","16005","11325","26813","6050","14340","22771","5982","17152","19830","13452","25604","6387","27867","19495","21818","21627","18669","18525","10345","25540","21172","27855","12568","14479","17313","18311","30711","9463","35262","17431","18597","21420","17158","28768","14589","18440","13353","19003","16437","25554","18019","9325","15692"
"1.43_810.52","4094","11211","5241","5316","8862","8211","5292","4620","11969","1522","6112","9448","3110","9183","9082","5361","12621","2842","6397","11577","10874","5973","27292","10006","10820","14077","12167","17043","7389","11117","10096","12502","34938","4528","22913","12401","6234","11644","14433","16293","9868","21428","11153","8901","20099","17800","25226","4686","12850"
"2.79_814.75","32225","46437","35088","23975","45103","32439","31821","39146","44141","11391","41102","46487","43627","48426","35177","41090","47167","27035","57706","41618","41830","55663","38493","47478","45142","46110","42748","40619","28204","39933","45825","44638","35937","36150","58768","40097","40244","42544","41814","50079","37316","31985","37068","40003","51960","50025","31940","41826","45392"
"2.35_1570.18","10836","38856","14807","8213","26116","6295","9657","11220","17065","1722","14230","18024","5213","25410","10551","9309","9887","5695","29348","16714","12579","30584","3312","12786","6962","10651","11452","12927","10791","13067","15611","11066","15325","8440","39681","13244","14776","25526","13406","16536","6946","7397","7978","19299","12853","11901","7402","5258","12642"
"1.32_850.52","6702","25274","11670","8733","10173","4948","7099","5152","18616","2281","5865","10211","1454","19275","8194","5592","10317","3315","14744","15555","10309","8550","15795","18360","9154","15821","11868","13908","10275","13205","7672","8638","34514","8645","34703","14664","4997","12385","16223","15407","6398","12544","8073","18293","15297","14143","11734","5423","16569"
"3.19_707.61","43033","62060","52012","37371","70549","46027","66283","38602","53233","44552","59378","74777","45785","68314","45412","48748","71115","35758","77495","79742","71462","62072","81171","65735","56469","62075","67551","76834","52973","44894","79231","59585","92975","30881","78425","70540","57915","62150","61846","69196","50401","62020","60936","68171","70520","72477","62835","43224","52057"
"1.42_830.55","7819","23643","14838","7270","15222","7663","7278","12017","15670","4489","9656","16769","3715","15697","8431","6021","26316","5180","13225","18829","11657","12570","29559","21443","8362","19433","14634","26283","11534","15283","18108","11444","34004","8996","39661","13572","12795","17820","16628","21756","10371","16164","10627","14999","21111","19716","20091","5398","19954"
"2.85_782.70","118018","151482","142217","62093","185647","106474","147203","125293","89027","119348","160504","184404","165855","184340","114691","177069","117421","127171","151686","210644","136635","150695","177399","135986","108909","92132","83165","124174","86207","58210","185407","94211","192789","110516","195109","137345","144379","114850","109450","130579","82859","152566","107100","138894","141181","114307","158176","121386","105511"
"1.60_854.54","64783","62594","16313","40954","22772","37787","37103","20865","28257","25768","25777","29791","16128","39035","23288","25718","29244","28021","55869","14786","33130","18898","31802","56099","40747","32142","31075","44826","20675","34538","28273","46896","73481","26321","25413","37641","15032","26534","71588","80811","55293","85629","39038","43549","29864","63013","77436","27562","23793"
"3.19_685.55","23040","33240","27138","19536","38968","26544","37306","21066","27903","23822","30913","40795","26129","36812","23950","27323","39161","19325","43325","45406","41237","33764","47694","37966","30433","31825","35363","43069","31061","25115","46206","33043","51444","19501","40867","37663","31952","35247","31506","40382","28663","33457","31464","35521","41771","39144","34845","25060","28043"
"1.98_575.50","10042","11078","7299","4278","10912","16566","7416","13056","9597","2800","10461","13476","73456","33024","8237","19743","13172","19683","7841","36368","18573","12503","9080","8424","58721","8047","6713","7738","7198","7444","10476","6401","7736","23366","11815","7247","10099","8846","8699","11014","6917","10925","6664","7696","15340","7964","8320","10290","9540"
"3.31_752.69","26319","27942","35201","23301","46868","34182","39252","43201","37711","23789","28410","42051","48071","55195","27471","79059","59374","31420","59039","64788","57597","45170","102814","45619","67888","35359","35005","57112","53891","23268","78142","36378","60874","29276","48543","63101","39922","40581","46262","59185","36780","63261","49233","46632","52970","50784","53665","72969","53200"
"2.07_703.63","117950","140100","118846","71442","147062","125723","99621","128310","147602","46824","145927","152545","149487","148671","135152","126682","149264","106475","151287","150762","151450","93100","130215","140962","149261","134063","130827","150015","86775","136241","150404","137978","140759","143011","86276","133426","148046","147147","127916","152613","102891","97163","126020","140907","142253","146042","105750","111736","132648"
"1.47_856.57","3468","12263","7024","5258","7707","5630","6792","4406","15601","1740","4700","7461","2509","9586","6081","3252","8828","3003","12368","9187","8431","5729","16852","11606","6840","6197","11172","14857","7082","11490","8559","9115","26638","4804","22854","8525","5686","12727","13331","10571","5068","9269","7378","10095","11167","13016","10687","3585","8657"
"2.11_782.62","34443","112350","39811","35279","34947","28535","34081","37482","40705","15250","34130","42941","22263","46266","27157","25286","20517","22288","56205","45263","34523","52277","4090","36732","26125","33115","31347","30307","33512","39139","36891","29411","37741","33330","90917","37374","42676","46850","34817","39383","25053","19816","22217","37268","42380","32371","22277","18372","35773"
"1.31_848.56","3967","7537","5453","5074","5261","4751","4509","3241","24759","2049","3691","4447","2429","7462","4993","3296","55740","2824","14323","7753","10129","5999","28914","29336","5449","18264","12269","26778","7532","11194","12017","9216","21942","4555","11989","14292","3542","9634","16259","19534","6463","11636","12364","13606","11898","22673","10141","4111","14825"
"3.19_736.66","20607","29034","22238","16865","32505","22302","30854","20165","25408","20900","28274","32193","22341","31482","20862","22691","31194","16447","35954","38246","32794","29137","39652","31736","25981","28642","28524","35795","25066","22631","38750","26592","42319","16013","34132","31668","25829","27831","28443","33584","24316","28966","27666","30443","33412","34746","29609","21931","24509"
"1.99_719.57","40207","49219","32755","21503","35302","36556","27809","49015","48542","13121","61167","50488","52841","43127","40609","28623","37698","34770","45776","40671","43349","57811","36370","46666","40382","31348","40494","45964","29676","43775","38526","42004","42714","42888","52569","40479","47892","49743","37317","44426","33501","34551","42335","43172","56991","46001","32810","38878","39645"
"1.44_828.54","3328","13405","6157","5814","7039","6613","4268","3572","15476","2331","4201","6661","1355","8327","5437","2813","18800","1730","8683","11422","8704","4017","26874","18278","6522","19957","14583","22818","7027","15133","12166","10120","32380","3434","24240","12648","3894","16632","16728","19210","6398","14469","9208","12334","17868","20479","16636","3330","14573"
"2.27_861.67","90603","72610","61834","61814","71122","60620","61610","96035","67063","76157","101271","95006","115453","77729","58557","98171","61382","64317","73384","52415","58991","87526","43733","74933","92767","65761","58539","57327","52383","57338","77359","76964","79516","87527","55383","56574","64815","63189","74783","70938","70540","60665","60190","56452","70198","80808","65244","80091","63350"
"3.00_766.67","33881","56496","51783","41035","64534","69952","64752","46204","73290","42573","52603","67049","78613","75050","48278","71152","87205","49271","85899","97657","85523","59662","170869","72885","91621","60031","67109","92489","71761","48192","113771","66237","147098","41796","79131","87185","61179","78741","89722","89453","64423","96293","82251","65468","106815","93944","120768","67807","69750"
"2.16_759.63","109936","178066","118804","88431","157096","105213","124947","118488","134287","46693","149363","150848","64232","163950","143052","125853","150550","87768","167807","154123","142643","158791","88240","115048","92567","132094","124024","131934","103456","118577","132567","132350","149039","87719","170520","145177","139336","147741","125414","160956","122891","123596","100736","127691","147687","130124","130463","72934","116647"
"2.91_680.57","12442","22553","9071","9968","11702","11848","12147","12654","15375","2654","11952","22727","19000","22927","13154","13679","17948","13127","19019","15840","14831","19376","8577","12734","15226","12575","13327","12794","9355","17356","12461","16491","17022","14081","16013","10101","11464","11530","15891","19663","12357","14325","10700","13661","23369","13543","10202","22509","17470"
"1.98_367.34","7553","7565","9349","5220","11002","11267","7852","9884","12508","6408","7873","11023","10070","9974","5747","9444","15170","6854","12769","13961","12378","9089","27127","11868","14666","11913","10861","14560","10308","8021","16033","10537","20146","9005","11420","9767","11401","10782","12006","14504","9879","11560","13159","9620","13816","14078","15891","10372","12507"
"2.65_1359.85","7866","9331","5681","4928","9156","6959","6054","8719","10468","2273","7070","8553","10036","10838","6861","7797","10774","6226","12733","8073","7372","10195","5784","9126","7710","8674","7723","7949","5717","5176","10013","10411","9050","6490","9989","7870","10492","8801","10022","10550","7001","6402","9972","7772","10584","9665","7677","9851","8958"
"3.31_766.71","31945","34708","45971","27145","55471","42341","46074","53266","45481","26611","33536","51020","60934","64635","33333","94301","72395","39249","70229","82758","70590","59588","139675","56461","81887","46106","44377","71666","67085","30627","95008","45008","73903","35139","59107","71065","51141","47385","57054","74794","50251","80731","63516","57130","64598","67338","65962","90934","66561"
"3.04_818.71","26173","26574","24859","14365","34745","22230","18345","24211","31343","7131","31753","27374","26935","19905","23280","28019","37968","17550","33115","29053","26403","43116","18926","34398","37621","24679","26901","31683","19566","32738","29475","33176","29035","29938","47027","28398","26323","33071","28898","39517","20638","24550","22436","21255","30093","26939","21395","23144","26676"
"1.14_830.55","3637","5432","5500","3623","6290","4744","4034","5256","7886","3206","3338","7208","2401","8211","4284","3987","12196","2351","8398","7249","6733","4672","14862","7695","5572","6911","7008","10692","5861","6931","8980","9128","14787","3756","13032","5785","4480","7875","7420","11153","6292","9926","7126","6313","9570","10540","9078","3827","6068"
"1.53_816.58","20915","34926","19885","12486","25944","6972","21965","15437","24768","7092","15583","20179","11458","32853","19608","25712","28965","12857","28627","28419","28154","27726","36154","29368","21374","48096","21809","25166","22289","21152","15248","14461","34389","22944","52366","24794","13385","15280","27269","35528","24891","40417","21217","25396","30977","31661","26759","17857","25145"
"3.04_1630.39","4016","4030","3862","1422","7479","3052","1859","3672","5765","201","6134","4868","3883","2046","3059","4514","7293","1642","5864","5421","4375","10720","1356","6825","7397","3603","4285","6077","1946","6599","5788","5802","4897","5137","11797","4792","3459","5976","4397","8135","2919","3235","2946","2896","6159","4185","1520","3973","3920"
"2.11_783.63","17928","59689","27497","20155","31035","14739","14568","18779","25190","5492","18989","23670","12664","37888","14931","12550","11727","11324","36442","30063","18936","34206","2446","21473","10650","17068","16642","16132","15031","20541","19959","11642","21542","16644","50944","20655","25978","35614","19470","22280","12253","8795","10755","26912","25717","16405","12988","10752","14199"
"2.28_577.52","2635","2952","2407","1698","3051","6923","1508","7006","3029","849","2015","2870","22850","4637","3027","8804","3264","6162","1740","5532","3724","3933","1555","3132","6495","1459","2556","2530","1782","2201","3709","2775","2265","6180","3965","1602","6102","2243","2573","3088","2675","2812","1857","1980","5480","2706","3053","5360","3272"
"3.44_636.66","4388","4169","6535","3916","10118","4082","4961","13034","4657","1879","5281","6297","6265","8560","4362","5461","14937","7257","6097","5234","5678","4401","8615","7495","12717","4160","4948","6376","7704","9443","9109","5889","4377","4668","8365","8690","5722","8094","4648","10912","4977","7262","5747","4623","25146","4835","8961","6529","16395"
"1.30_854.55","16266","28498","22898","7508","22989","4324","11904","15088","13237","8116","16885","21898","6749","29492","12620","12265","14830","10139","18555","13998","11221","21064","15600","15128","7248","12694","10469","12777","9630","10118","11253","9865","23892","16013","34080","15566","13070","12016","14604","15145","8509","10980","9652","17783","12440","12837","10028","7422","13544"
"2.65_1337.87","10913","11348","8791","7296","11818","10820","7154","11160","13373","3982","8872","10908","12936","11592","9498","10480","12617","8522","15846","9666","9823","11867","8188","11915","9805","10921","9934","9578","7983","8067","11766","12756","10874","9085","11006","10285","13027","11129","13287","12923","9213","7784","12833","10058","12087","10990","10075","12788","11342"
"1.31_700.45","156180","73397","65284","47651","102643","17781","67329","67278","52746","74366","85205","109037","33561","83946","56134","73769","31072","57452","44206","37735","57697","80961","62543","79722","37342","60327","35507","49021","43126","50678","30651","42997","70890","104062","71061","59762","78196","35260","72155","89276","52417","58816","55535","84388","40873","68254","46900","31866","54668"
"3.19_722.64","21975","33941","27531","20078","39141","24912","36020","21333","29346","23026","31768","40119","24684","36854","22073","25504","39403","18885","45622","45859","42327","33459","50345","37241","29305","32810","34162","42566","29780","25424","46336","34246","50981","16133","44358","38263","30939","32522","32150","41103","27814","35681","32679","36267","39632","42609","36086","25346","26489"
"2.89_723.60","18001","25531","24144","19293","31694","29136","28905","22950","31830","17752","24479","31540","37052","32330","21046","34668","37517","21872","33272","40176","36755","27557","49167","31545","40448","23801","28741","39413","25707","21394","45750","27595","50267","22765","37590","34084","28864","33189","37042","36016","27052","37251","33084","27443","42020","38209","43263","29788","27331"
"2.58_813.68","38913","67134","41158","28421","56416","36974","37792","38568","56262","13073","53548","64567","55383","62417","44714","36316","52272","26806","65862","55139","53333","75438","34747","53218","39392","44445","48581","43576","29861","46229","51754","50962","56470","34903","67412","37007","48275","49831","54002","59737","39540","36828","37561","56236","57022","55468","37204","42396","49981"
"2.15_759.52","29389","55233","29416","25116","42185","31852","36494","23546","32289","374","37644","38488","21851","47356","36572","32776","39761","20724","49480","34385","28124","41785","27641","32132","31017","37783","31360","26127","26912","34414","36740","33057","38083","23722","45720","31769","37511","35534","31991","33236","23588","33353","27010","16266","37114","33249","34895","20049","34294"
"1.19_806.55","6026","11949","6924","8990","12364","15292","8388","7533","18098","3557","8071","14191","3112","10924","12715","7406","25715","3786","13095","18153","22526","7017","53836","16252","14247","24393","25282","30555","13469","17764","17789","20618","44356","3993","20110","18440","8247","16415","20157","29156","18414","32188","18852","12962","25406","31160","38935","7314","21196"
"2.90_701.55","20269","25915","25371","19600","34867","29777","32290","25509","31343","22101","26565","34653","40247","35161","22040","39254","40980","24515","37325","43678","41669","28272","61408","32565","42514","25279","30882","40957","28419","22717","50109","30316","58513","23712","39792","36101","29671","34824","36539","37565","32840","41607","34572","31166","44101","38188","49100","33078","31016"
"2.13_1564.13","3506","45552","9248","4390","12832","2991","4441","4795","5976","990","4342","7818","2123","14597","4760","2340","4087","2463","11614","10633","4753","16243","2335","5108","2696","4654","3525","3693","3536","6253","6358","3954","5083","4433","31746","4687","6996","17550","4257","5769","3898","2965","2317","9761","6650","3665","3891","2082","5699"
"1.83_677.55","12391","13968","11199","6056","16203","10585","11074","14918","10819","4226","14386","10896","14948","14728","11746","11721","14183","7963","13857","19237","13298","18455","11501","16216","16174","12647","15850","17179","11413","12736","11805","12127","16160","17390","23030","16912","12280","18200","9915","18608","11787","11314","11358","18991","13312","12737","10973","6169","14518"
"2.15_1463.15","4208","8002","5008","2840","8808","4582","5202","5061","6458","1189","8213","7638","3720","6641","5938","5563","6137","3295","8987","8039","5802","10240","4517","5469","5134","4919","4425","5109","3635","5334","6418","6933","7405","3942","10386","5320","7839","6914","5746","9172","5891","7938","4097","5249","6938","5384","4360","3258","4942"
"3.33_990.87","2766","2913","3219","3436","4309","8132","5028","6076","17225","2359","3895","5054","3640","4691","3776","6371","43899","4342","10991","4312","4237","1855","74194","19504","4664","14654","8112","12732","6241","5053","21294","6115","37070","3475","8323","14288","4741","8695","20034","15817","3953","8030","14237","5740","6313","32217","22931","3079","18939"
"1.31_814.56","20633","26407","16825","12354","28255","12085","17455","19731","29523","10914","18701","23921","8865","22319","37704","40645","24105","14010","23322","28031","28631","24925","19171","16752","13569","20946","22199","23055","14108","15339","13568","16633","26319","16916","37975","14940","24967","15757","18326","30250","19647","25300","16362","19313","20037","21601","19216","15045","19682"
"1.41_813.54","8072","14075","10743","6503","15040","8862","7187","11715","12641","5460","10208","14592","6224","12476","11735","13549","16813","8006","10504","17837","12169","12956","25566","14075","11277","15577","12729","16737","7924","10572","13839","12068","30668","9546","24547","12530","12292","12892","13373","20937","11248","23303","10118","10508","17901","19519","25588","6640","14706"
"3.19_295.23","28104","44118","34099","22706","52431","30078","48124","26422","35834","27331","41650","55418","28896","50610","27990","31902","51388","23120","62818","61770","55479","41677","87334","47985","35985","39807","43328","56378","35845","28347","68133","39643","89885","19775","56870","51825","36921","41248","42184","54852","34357","44553","41202","49463","53052","57809","56528","29307","36868"
"1.42_790.62","7764","14479","9773","6160","16783","8545","8540","15095","12063","4861","12530","19212","6433","15853","14364","18179","22175","9110","7879","24089","13573","11988","35625","16546","10047","20864","15260","20561","7269","12363","17356","12793","39469","11882","33524","9486","17798","12414","18288","26449","11132","30882","14244","10630","25388","22525","33336","8724","17318"
"0.19_137.05","42329","6246","36213","438","8496","13691","2386","57037","6832","18029","10533","23724","87025","36480","15622","53199","19973","23484","9629","32925","6207","15724","339","4431","27359","1686","16523","17371","2174","2334","10678","4836","2351","49633","21142","1800","30124","1043","2446","14907","15813","10358","3123","896","40286","4863","11844","49680","8787"
"2.90_293.21","15999","21950","19807","14739","29300","25231","26932","20046","26594","15473","21376","28267","32272","28326","17598","31889","36426","17641","31205","36883","33681","24824","66724","28230","36900","20439","23334","36082","23064","17739","45601","23142","61655","20048","34996","30392","27934","27788","35316","33437","23231","35876","30077","25265","39317","35061","50801","27475","27061"
"3.41_682.61","4783","7661","5780","5636","8900","6824","7865","5930","7956","3661","6790","8967","5745","8992","4724","7192","12422","3770","9012","11285","10118","6395","21562","9519","8577","6957","7540","10843","6696","4586","14289","7558","17855","4296","9266","8651","6055","7886","11678","12080","5793","10211","8265","8037","11115","13468","14930","6352","8454"
"1.31_678.47","489064","260751","252374","154389","380132","84748","229296","324655","197469","311292","332684","461338","134232","302741","198336","301996","158104","223587","149636","141798","212085","288294","279107","304677","139298","235591","163266","228853","139128","188536","147914","197354","334784","359180","252184","214357","323604","157168","284707","315996","210929","238125","228613","270315","166260","297401","205066","116022","204744"
"2.33_1491.19","5181","12251","8582","3776","11812","4848","7647","8043","8459","969","8853","12067","6253","12230","6854","6792","9987","4722","10048","12025","9822","12029","9689","8224","6017","7541","8081","11669","6628","7731","11438","8535","10710","7281","11438","9713","7761","11803","8826","12436","5787","6480","7811","8417","10313","8361","6907","5266","9258"
"2.10_1485.14","5639","21484","8405","3388","9898","4343","4295","5667","8174","1144","6750","9953","3819","11725","4648","3594","3773","3405","11909","9623","6334","14516","1464","6542","4571","4573","5088","4986","3432","6753","6921","4570","6029","6495","20296","5984","7921","10357","6041","7906","3659","2614","3388","8648","7656","4816","2946","2900","5484"
"1.63_799.57","6215","13016","6818","4406","9756","5850","8014","5875","9268","3295","7264","9569","2836","9840","8480","6805","11205","3986","12216","8618","9854","10020","9644","9200","5691","10314","10672","11914","6715","6564","8811","7424","16492","5351","16864","7402","8129","9271","8349","12424","7075","7729","7561","8992","8118","10144","9118","5175","7727"
"3.40_766.71","28311","43028","39503","25618","47989","41317","41547","37451","44517","25895","38406","53285","43139","53952","26032","50388","63006","27952","57152","68362","59781","40423","93269","54356","59411","44401","41924","61531","47025","29972","74340","46633","86093","28787","53872","58285","38470","52132","60983","63622","38639","62347","52453","48410","59290","68475","64360","48481","47395"
"3.01_723.60","7130","11327","10533","7746","13504","13609","11720","9431","14148","7953","10693","14670","16380","14500","9484","15656","18812","9165","17452","18675","16425","13781","33474","15808","19440","11737","14164","18952","13071","10410","22440","13136","29987","9318","17871","16534","13271","16360","17475","18328","10913","17873","14230","13457","20309","19614","21745","11875","13328"
"1.59_814.56","5643","14194","7498","3653","8302","4789","4717","6344","11576","2374","4671","8232","2917","8610","5190","6306","12338","4321","9382","9134","6155","7175","9857","11035","5246","7792","7252","10949","5724","6851","8339","5928","14876","7871","19748","7774","8407","8175","8556","8637","4562","7933","4969","6719","8439","9602","8076","3946","8009"
"3.20_988.85","18282","23594","12795","23596","26366","33638","28676","30425","37023","14227","19393","35968","34553","28236","16194","30305","56409","29970","34398","26267","23716","20066","105608","29982","39631","28071","20712","23612","31486","23080","51643","25153","62677","27066","32971","27414","27215","35166","44374","48044","28306","43332","50254","20192","51566","39068","98858","33426","53269"
"1.53_796.55","44591","38518","21323","17415","43516","7778","35550","12047","28594","10149","30075","24944","7655","29245","29707","23460","16457","11505","34660","27312","36128","33854","20942","27396","19942","27657","17652","20116","22983","18412","10849","16903","16711","24175","36714","23933","19630","12634","25546","50964","23550","31270","21372","38532","21520","26524","14166","16549","23424"
"2.39_786.66","56692","103789","46822","38247","105322","52884","57495","56929","84685","17864","79838","71713","42655","79114","79490","50269","63117","39353","100802","43734","49101","99107","45634","51620","48478","53791","44631","40330","50267","40767","40327","52464","64873","45236","116836","57883","61300","57871","46605","78044","58530","55493","54660","60114","40658","48419","52966","40875","51984"
"1.31_844.57","2845","5037","3155","10891","3944","11413","7756","2045","24212","1511","3046","3916","1926","3975","6256","3290","17908","2056","23496","11344","24570","3195","23326","8881","20033","13566","14389","20923","19617","18548","9858","12706","14134","2906","8706","8897","4257","9039","11424","26361","20572","16758","16723","9512","18359","19168","13616","10326","12918"
"1.97_803.60","14973","19587","13848","8841","24442","19650","14776","16886","35880","4301","19894","22321","10841","19841","22968","19129","32741","10753","24913","25424","29371","19997","42931","22756","23321","24294","31751","36364","17696","24547","25983","28662","46044","14285","38024","22434","20175","25488","25436","40165","19103","33199","24181","19220","30184","37521","35808","14400","26111"
"2.15_575.50","3506","3433","3146","2340","4443","8245","2683","4107","2325","1440","3303","3660","4981","4271","3323","3806","4532","4294","4214","3727","3665","5990","2291","2621","3692","2488","3214","2548","2768","2282","3669","2165","3134","3526","3764","1843","4726","2802","2620","3768","2907","2712","1861","3576","4695","2547","3201","2840","3320"
"2.39_787.66","34665","55197","30979","19781","54935","30769","35546","33771","40831","11723","45566","44452","23168","43753","40660","35921","40155","24433","56351","37623","37873","37491","27041","32246","29971","36001","39807","40486","32633","37894","40422","39603","42057","21476","53927","41557","39756","43942","39550","46983","36421","34901","32880","39552","34743","39932","33437","22859","31706"
"1.54_756.55","37050","38785","21339","15897","47665","14310","34927","20973","21036","13893","31125","37117","9130","28114","21408","17889","30902","12728","40820","29690","30121","34694","23213","27766","17095","26049","22353","24779","21682","18672","20291","19297","26282","19191","33652","24902","29754","21330","26973","50886","22311","29346","23956","36631","23170","31792","22435","13752","25072"
"1.19_828.54","2805","7702","4829","2958","4926","4708","2283","3915","7445","1492","3667","4728","1884","6925","3672","2789","6376","2079","4645","6879","6129","2860","12109","6746","4982","6229","6493","8983","5244","6128","6274","6033","14597","2561","11783","4811","4665","8075","7150","6550","4515","7017","5082","5048","7900","7328","7593","2397","6055"
"2.58_184.07","30255","49685","34878","17175","54146","25835","30162","31408","47729","9994","44401","43707","32177","48089","40109","30754","44901","20364","54840","41493","43452","60249","28980","42238","33212","36913","38357","47117","25347","35715","40839","42615","46518","30199","67818","38860","39820","39790","33994","56793","27876","31347","30497","38865","36808","42399","29050","25671","35689"
"1.58_796.55","38680","17704","11543","7602","38536","6588","12079","8728","10542","6442","27936","16100","4386","12138","9440","6989","11961","5304","16124","14168","10239","13481","8124","11815","7362","10080","10762","12871","9200","8781","10687","9123","11883","7000","21037","10143","12707","13966","11130","14552","9621","9039","19719","13590","11227","11375","11245","5168","9897"
"0.19_187.01","9997","3464","40808","11784","28865","6193","9843","52598","13791","15790","7031","33867","26767","12238","21319","23183","3544","16456","16483","14149","6420","9422","3735","5273","15726","9088","9773","1174","5324","10639","7216","6393","14598","24427","19219","7432","23777","316","13276","2868","1654","2592","4218","4792","23421","4327","28205","5542","4819"
"1.81_609.45","1592","1817","1015","1426","2275","2556","2065","1132","1865","1376","1862","2284","1324","1754","976","1273","3702","1224","1995","2596","3038","1119","13003","3124","2843","2530","2157","3070","2164","1383","3500","3393","7763","1038","1807","2175","1401","2432","4896","4642","2425","5131","3353","2368","3201","6011","8383","2527","3227"
"2.22_861.67","65870","52318","38431","49844","48613","51102","52295","59481","53958","51066","60557","56366","77980","53372","43548","64345","53732","47066","58453","38561","50827","57642","34817","58626","67211","54407","49422","45450","40636","44917","60441","55447","61700","49532","34059","47778","39186","47384","60841","58755","58816","48694","46854","46485","52232","63416","52397","64689","45620"
"1.35_836.60","14511","11318","7536","12999","20239","22125","23804","11365","44991","6446","12461","16597","4003","11268","20028","13064","41488","5918","57779","31319","40165","13805","42016","19033","30505","22824","31537","42192","28179","24772","25971","25951","39312","7812","24624","20882","16673","23899","18694","51777","31336","30251","27665","21284","25518","34425","29167","17854","24617"
"1.59_840.57","5203","8724","5529","4250","9019","5409","4857","6481","10290","3031","6203","8953","3677","7337","8494","8020","8961","3843","8584","8943","7232","6205","11943","7722","6836","7817","8273","9957","5386","6682","7918","8291","16110","5580","15942","7694","9281","7803","8327","10607","6155","11156","6938","6730","8176","10644","11118","4389","7353"
"1.53_788.55","12855","30542","10552","15741","21909","9115","14902","7485","30730","4498","17711","19265","5828","24188","23795","13740","20253","4704","13664","17978","31214","17317","66830","38395","18228","43945","28609","37367","14796","26663","14805","24277","53205","13908","46425","26294","9687","18040","52898","54358","20144","64249","29534","36415","45657","54126","56356","8335","31747"
"2.07_705.72","8240","12225","9224","5455","7526","9995","7660","9890","12178","2183","13107","11952","11208","11847","10477","9728","12398","8566","13036","12226","11878","14640","9642","11033","12478","9547","10113","11874","6976","10908","11508","11403","10991","10036","14380","10374","13086","11163","9962","12659","8605","7531","9820","12056","11584","11498","7940","8889","9797"
"3.35_991.87","1559","2629","2137","2182","3156","5033","2843","4024","11704","1239","2750","4041","3205","3702","2010","3262","28365","3494","7543","2348","2824","1473","49675","12597","4424","10424","4953","9443","4181","3283","13436","3600","25820","2615","5106","11198","3635","5177","14679","9718","1955","4856","8917","3837","4030","20902","13942","2728","11331"
"1.34_858.58","6162","7363","5019","3379","7386","4754","5362","4783","11661","1996","4196","6223","2568","7610","5702","6696","13359","3527","18883","8609","7770","5589","13416","6894","6723","6818","8040","11504","7737","7826","7959","6935","17153","4773","16740","7915","5106","7909","5943","13096","8041","8234","6515","8132","7884","12739","8315","4322","8274"
"1.96_827.66","12495","14821","10856","7326","16411","15334","10581","16580","20720","3861","14817","19072","13722","17758","13724","14773","22091","9674","19519","24030","19197","16303","31923","20493","24789","22826","19949","22088","12236","18019","23320","20772","28553","15479","22567","14337","16188","17619","20787","22702","16781","21575","20255","18164","38044","25889","25746","20433","28440"
"1.97_809.63","28047","24994","23044","14565","24691","17521","22224","33467","21305","13745","26431","30752","16583","24940","18736","39209","25622","15530","23461","10772","23878","25656","22250","22336","27303","21899","19644","25694","22966","15991","28322","28692","29897","20862","16419","31918","18764","19143","24711","28938","19453","35293","26565","19251","22605","28362","29726","25600","22287"
"2.90_766.67","81975","112538","111035","92576","141000","130878","142001","108022","134097","97415","111398","140831","160912","154018","96483","156436","166821","111986","151249","177919","168017","111543","255147","137141","177783","115602","122495","163844","134980","95198","195442","125145","230780","103748","150256","153648","118709","142561","162902","152153","136634","174041","151251","134580","173808","167739","205674","150997","133104"
"1.30_826.52","4512","11382","5024","9842","7532","7133","6497","3943","16256","2330","5385","6211","2571","9353","10637","4424","14186","3110","10391","12943","13781","5841","32638","19519","8653","21993","14726","21325","12825","15166","9705","13753","30857","4988","18266","18338","4474","10954","21579","25568","12611","23311","16553","17653","19829","25849","22218","5823","21190"
"1.53_834.59","3464","3510","2337","4657","2523","7869","3014","1365","24821","1197","2938","3718","650","3729","3425","3541","21887","1698","13136","4346","14271","2900","27317","28327","5666","30538","16431","23797","3559","15550","11492","12014","20561","2881","5769","19049","3801","11688","32739","41641","4793","17837","18230","25509","8378","31157","11230","1332","18655"
"1.64_794.53","5509","9960","6125","4424","10736","6499","7811","7079","7978","3330","7887","10474","3661","7606","7990","6618","11542","4566","8942","11327","9477","7760","14699","7774","7722","9987","10174","12433","7179","7578","9615","8181","15022","6251","13547","9774","8794","8720","9122","14120","8127","12505","7833","8144","11341","12384","12799","5068","10324"
"1.30_822.55","3305","2566","1391","1303","2217","1409","910","1763","13007","1947","1673","3125","1131","2628","2054","1744","17555","1227","1789","2143","3231","1445","15880","13386","1698","9891","6288","12336","1314","4656","5354","2508","10292","1341","2291","7042","1865","2211","8580","8282","474","4085","4714","6302","2347","12424","4796","2091","7480"
"2.93_703.56","34273","40052","36620","22685","50181","38258","45099","33667","37160","27080","40877","54318","40006","44581","33027","47452","46418","31988","49815","66249","53256","46172","56563","40233","49271","34417","39627","50837","33766","24030","59632","36625","63411","33411","49187","41671","45081","38141","39054","44062","38135","51333","39969","39752","50686","43862","50868","38462","33498"
"1.56_775.57","45252","41383","26905","19448","58197","20963","43405","26539","22555","15525","39399","53869","9125","30294","29381","20042","35533","14733","48373","41719","33840","48861","25325","28915","19506","29690","27542","31257","26099","22186","31692","21900","34703","22087","44842","31197","36448","35554","28311","57849","27441","30821","26722","46091","27183","38365","34987","16774","29653"
"3.04_125.00","4744","5037","5109","2787","6814","4614","3056","5102","6140","1288","7433","5503","4831","3600","5405","5549","7497","2948","6672","5146","5744","8308","3160","7055","7432","4454","5270","6419","3177","6176","6333","7037","6233","5473","9929","5839","4700","6506","4887","8222","3227","5130","4716","4075","6532","4901","4225","4675","4909"
"2.07_705.64","18879","25633","19727","12745","24494","21506","17843","20964","24799","4902","26447","24085","23621","24020","22334","20634","20911","18020","26184","26550","24513","31461","20550","23693","24736","19602","21587","24119","12718","17169","23801","22572","22318","23835","27958","21703","26228","17269","21176","26315","18576","17079","20554","24854","24207","17843","16997","19382","16840"
"2.85_847.65","12726","15082","12320","10598","14186","12155","12377","12806","14318","6188","15624","14923","15761","15510","12273","14141","15341","10901","18220","14016","13567","16546","12308","15983","14817","15114","13781","14367","12768","12821","15457","14483","15416","12390","17176","13147","13692","13799","15583","15164","12376","12078","12584","14795","16360","16293","12818","15287","15951"
"1.30_844.53","3813","8614","4643","6671","4943","5140","5255","2954","12856","1994","3619","4737","1674","6168","4985","3886","11871","2121","6315","8783","6273","4841","17786","15037","4870","13061","9819","13821","7800","12508","6567","7914","17492","3067","12430","10060","4537","7480","12862","12159","7640","9911","8909","11571","12069","14118","11268","3644","11835"
"1.85_808.57","29849","31859","23730","24804","26327","20843","24851","27054","24780","22066","34151","33420","20456","28253","22264","31782","26914","25588","27487","20241","27776","28729","23549","28136","23514","23891","28738","29550","21123","25565","29404","34176","41190","20037","23149","31749","18235","25959","32867","30915","30714","33335","32219","31256","26520","30524","29764","24343","21807"
"0.66_1111.51","2072","1421","6347","336","3195","331","661","22343","414","3290","2742","7358","3579","3857","984","5118","161","3471","0","1382","67","4588","0","223","206","171","180","67","123","139","273","331","59","20018","1562","0","9775","276","307","179","275","129","54","58","325","300","165","563","272"
"0.20_277.07","38691","6812","53497","1696","7958","1257","2958","103638","1774","30228","8162","31963","22641","9071","3202","19612","1467","47433","1132","3024","1850","31163","1796","1590","1740","1894","1242","1449","1151","1401","2204","1041","2749","105330","5123","2046","46153","1193","5698","1243","1250","2894","1619","1398","2862","2824","3340","1343","3551"
"2.19_836.60","73332","47308","44885","37075","55795","45570","48104","59070","65387","35778","67922","72044","31671","52598","54178","66259","47288","42198","50914","27350","60400","57104","27165","45268","57222","41912","50749","64702","45320","46476","49258","72184","57515","48395","41383","66959","46966","41517","57419","66728","55966","71790","57930","48823","33650","66522","47605","47069","36440"
"2.81_787.73","26456","38294","37465","16896","43447","29306","26193","33649","35990","9084","38863","39318","37005","42577","33682","31433","38957","21027","41700","39054","38012","45469","28613","37613","41521","34289","36564","42476","26216","38684","39866","40239","39420","35056","45163","36150","34218","41744","33491","42448","29917","33843","31079","29219","40487","34349","26889","28039","34765"
"1.41_832.57","3527","7579","6745","4609","5552","6976","3407","4098","16221","2028","4156","7106","1759","7058","5556","4195","20548","2497","10305","8242","10237","4619","24156","14953","6736","19104","13381","20675","7691","11203","11935","11791","28526","4472","16299","12690","6048","10390","15364","18299","7554","14721","10541","10227","12757","20510","15526","2920","12666"
"1.52_810.52","6268","11646","4502","7845","8755","2878","8322","2954","11589","2090","7254","7195","2883","9208","10272","7079","7150","2076","8123","10361","12102","6958","18889","15532","9218","15464","8448","11185","8309","9736","3827","7592","14400","6075","16885","11983","3809","4806","17377","18292","9601","20705","10275","14327","13798","15642","11151","5528","11731"
"1.98_826.60","11188","23832","13180","6512","19913","8031","11269","9764","17809","3994","12758","15636","5797","16329","8170","5894","10744","6771","19816","15837","12595","18072","8935","12806","9791","9200","11447","14598","11789","12483","15436","11199","13876","9641","33285","9451","13323","19809","11396","13461","8064","7603","9428","16590","12264","11247","8825","7781","10486"
"2.20_786.59","68709","168815","79822","49793","107876","40073","76175","89423","88903","20931","67344","97845","57557","142119","97229","77438","116908","42170","128074","82061","85086","167638","28367","62034","52340","69818","70236","72316","85459","64343","88978","64417","73909","54341","186745","76679","62448","94929","56488","104061","83714","63410","66007","77294","89631","70775","58219","54027","70235"
"3.04_837.68","86219","84401","81849","55246","97977","75916","63549","78297","94009","31513","99490","91213","86012","68668","81019","86372","103004","66063","96861","91085","84421","115180","62417","100722","106448","82170","85477","92827","68631","98905","89290","96191","82844","90563","119036","93996","83310","93406","86128","102417","77614","78248","78194","73725","97256","83329","69462","80906","83417"
"2.11_794.67","11074","8975","14330","16243","18728","25234","25050","16825","19532","18355","14861","18812","36236","20184","13962","27588","28131","20081","21269","26910","24499","12149","70313","20354","39691","18150","17223","26486","27486","13691","41247","20519","46683","14733","17598","22893","19261","19369","28604","28576","24486","40666","35848","16152","34635","27837","58404","33335","25960"
"3.19_909.71","2855","4687","2338","3747","4826","5582","5334","4911","5996","2537","3380","7020","6046","5028","3604","5093","11809","4545","6005","5260","4010","2802","24437","6395","6637","5227","4106","4380","6286","3885","11291","3811","13917","3579","6206","4657","5203","6067","7781","8063","4434","7431","10137","3916","8648","7103","20266","5352","9696"
"2.58_788.68","28711","40261","30429","16131","44516","21286","32544","29708","48641","6016","39889","42609","13045","41300","41768","37720","41293","17201","48482","31495","42345","51354","28445","31398","32385","34045","38937","45544","27026","32902","39197","38028","36300","25481","50953","39392","37179","35026","34654","36025","26071","27881","32898","37838","26761","39592","19784","27716","37517"
"2.92_698.61","27030","37073","33288","17781","49083","29590","36511","26799","31978","22326","31976","49374","36090","41595","24137","41318","43659","25743","49002","58567","46051","37440","62878","36681","42842","29421","33206","47336","30114","20186","58922","35511","75030","27597","50785","38771","40323","33923","34707","42797","29363","43142","32379","32461","44460","42610","47391","31212","27239"
"2.15_802.63","2029","453","1039","951","737","7318","925","1784","902","994","824","621","2086","904","840","907","1260","997","768","732","811","856","1795","456","897","972","1090","922","656","939","1823","970","999","1669","921","1303","2075","748","1041","958","568","1824","1152","678","1192","865","1655","892","1615"
"2.54_369.35","17288","21239","23485","14934","29792","21805","23601","22060","27946","17816","20458","29971","17873","27621","14318","21035","34520","13089","35180","36907","33503","25662","53800","27548","30320","22636","24941","33823","24789","19422","39251","24928","45969","15478","32430","25433","25273","25520","28908","37000","22925","27408","26887","23897","31612","35879","33252","20461","26455"
"2.15_1538.11","10040","25234","12334","7623","20535","9837","13180","10409","13500","1816","17686","18021","5338","18073","14005","11660","14633","6978","21588","16977","14500","18058","7429","10685","7936","12749","10860","13336","8917","10965","12877","13861","15800","7984","24712","15130","14043","15540","11189","19925","11921","12242","9362","13127","15509","13461","12596","5419","10619"
"3.04_815.76","43942","44784","41008","27585","40477","38655","33309","40285","39924","13834","43314","47827","45703","36115","41418","45863","41005","30462","36177","47833","45931","55449","33199","38342","30909","42907","43258","42660","34454","32508","45302","45111","47607","49697","55072","37887","43891","44192","43561","41561","38396","39911","39513","38972","52498","44541","37284","40084","43236"
"2.14_758.63","87872","66899","80631","93673","55215","152270","71633","89441","84464","82038","49738","73863","184180","68265","85047","96265","45013","110863","81576","39551","99802","74656","126208","104070","120299","63940","74914","99942","121778","68649","73580","72191","55795","109695","45103","80277","58235","56079","76362","71319","89675","102166","81684","54772","77866","77520","58755","172611","81465"
"0.21_162.16","2106","2118","1590","558","1151","927","1337","2555","671","2078","1061","1656","150","802","1266","1428","202","1183","376","1519","583","1785","1137","823","756","0","119","474","1008","908","1368","0","454","1740","895","651","1585","1124","1019","1364","843","1056","919","4384","981","1468","1137","1226","18548"
"1.99_739.49","1547","982","1281","931","541","5588","1121","5917","2174","320","1314","1882","27234","10179","1460","7380","2410","7134","1880","11591","5986","2686","1575","1397","17086","1309","1777","1548","1109","1371","1336","671","2121","6741","1861","1096","1206","772","899","1095","2092","2936","920","1125","4598","1543","2137","2928","1988"
"1.31_833.57","15406","24558","21631","5558","21026","4799","8977","17477","10092","8078","10766","22941","7491","28525","11445","14992","19854","12429","13140","14450","10418","23149","21311","16047","7004","12068","9564","14266","9717","8164","11206","7243","20285","15017","31840","11364","10265","9169","11696","14449","8456","14644","10420","13686","13622","13314","14077","6548","13161"
"1.12_831.55","1491","2154","1274","2045","3171","2732","2249","3275","3023","778","2015","3620","1407","1952","1555","2458","6184","1505","4292","3703","5124","2881","1939","2257","4033","3801","4640","4672","3491","2285","2744","3366","8251","2736","1410","3181","2518","4602","2757","7045","3544","5523","3643","3591","5221","3828","5420","1953","3483"
"2.67_1311.85","6744","7176","7253","3921","9069","6366","4782","7128","8493","2158","6656","7171","8098","8680","6908","4996","6682","2275","6403","6690","7626","7802","5133","7669","6591","5523","7141","6896","5944","6922","7312","8105","8118","7479","7918","6902","9524","8833","7804","9512","5959","7101","7121","6465","8744","5842","5589","7224","5647"
"1.32_786.53","11668","22543","10611","12181","17400","10741","14126","9258","20293","3516","12155","16237","4638","20078","19842","15356","25622","6533","18557","26477","23238","13915","52740","25330","18968","32231","27065","27286","17808","19716","16143","19306","51796","10612","36485","23974","12164","16514","25435","41109","19380","35712","22394","24460","30990","37957","35084","10543","34115"
"3.20_752.69","51552","67596","59645","44147","74537","54916","74013","48184","61511","52491","66431","79099","55489","74625","53132","56066","71733","40810","82256","82755","77535","70020","89108","73530","60667","68170","67169","79119","60031","53180","86646","66783","94600","39741","80116","73729","66321","66093","66284","73989","57179","67255","65721","72569","75361","78646","69445","53483","59014"
"1.31_806.55","21555","25094","14374","18397","26827","18086","22865","19667","33372","9283","19756","26254","10303","23106","27829","28102","35214","13282","24251","41524","36715","21276","63695","35496","29075","33719","30987","39312","22301","29109","23046","25136","61206","20084","38607","30388","21049","23594","38449","55293","34250","58187","31074","31267","46981","51590","57837","18972","39281"
"0.20_188.07","4756","2352","4138","4275","5064","2026","2362","11422","1127","9439","3019","3863","5702","3747","2082","9019","5074","5717","11575","2794","3262","5237","249","6382","7591","9102","1053","2374","3104","4139","3018","3492","5849","4633","27206","9455","1547","3471","536","4674","3524","2193","1601","6384","1473","7427","3472","12128","5872"
"1.42_831.56","4306","12629","7315","3346","9106","3923","4274","6065","6812","2907","4708","8392","1896","8872","4016","3760","11674","3129","6997","8133","5844","6410","13007","9765","5024","10694","7848","11152","5475","6651","9329","5943","16431","4178","18959","6772","6862","7966","7740","9983","6253","7115","6060","7605","9224","11832","9239","3196","8462"
"3.10_849.66","15719","15751","16771","10754","19558","15153","13024","15671","16874","7367","16791","15669","16082","12564","15239","15531","17229","12700","17384","15897","16629","19541","13763","18005","16836","14541","16024","17052","12882","16580","16088","17259","15372","17253","21977","16286","15794","17717","17227","19392","12462","16270","14011","14625","16009","15848","14220","14146","16603"
"2.87_815.70","23862","29987","19009","18622","40116","25047","22546","26185","30313","9763","28217","29949","29252","27468","28649","33761","36260","16801","37416","29680","26898","33116","28694","33697","30850","29938","29150","30094","21371","26284","41543","29140","34044","21099","37926","25798","30749","32796","33666","33938","21383","39254","23219","26937","41457","33823","28064","28121","38848"
"2.68_894.67","12181","11760","5696","11866","7858","10430","13486","4017","9662","7811","14564","11476","6818","16704","4252","6619","9208","7937","11967","5149","15474","6774","9756","24656","12951","12572","16427","24115","8389","10470","15548","16291","33285","4285","7676","22356","3369","9947","28001","18438","11834","33071","17319","18295","10908","40940","18997","6135","7762"
"1.60_838.56","3186","6624","3787","2954","4338","3426","3616","1989","6182","1706","4586","4570","2483","5075","4988","3389","6136","1756","4643","4987","4546","3327","7440","4580","3503","4817","4955","6509","3339","5443","4585","5464","12659","2689","8934","4253","4234","5559","6412","6235","4973","6110","4538","4123","5402","7270","6920","2963","5588"
"1.31_870.55","4181","8002","5533","3618","5448","3065","3934","2971","11552","2412","4128","5474","1693","7803","4873","3700","19263","3217","7798","5419","6104","4638","11403","12409","4168","8788","6726","11316","5379","6514","5867","5459","11603","5229","11164","8961","3499","5907","10473","9095","4216","6745","5574","9442","7256","10006","6068","3161","7748"
"3.05_264.27","8353","12836","7819","6584","9401","8211","9411","10621","12110","2376","10018","13335","13571","13488","9764","12718","16566","9059","14721","12233","10665","12956","7352","11361","15650","9985","9458","12206","5730","12341","11247","11324","11877","11055","11732","8975","7610","10295","10905","13492","10768","10401","8750","10225","14114","11571","8455","17878","13848"
"1.52_857.57","2610","6610","3008","3069","3991","2420","3746","907","9377","2020","3022","3584","1335","4578","3729","2467","3368","2100","6257","4648","4825","3437","8986","8997","3463","9352","5343","6857","3935","6578","4890","4930","10869","3300","9667","6247","3051","6792","10127","9986","4087","6768","5854","8510","6403","9327","5986","2148","5957"
"3.20_1343.16","2130","5194","3412","1628","6214","1159","5782","1727","3226","2478","3959","6820","2466","6062","2413","2475","6640","1112","8777","8503","6686","4618","12853","6081","3505","4827","4927","8610","3873","2590","9787","4880","13970","1103","7985","6091","3867","4629","4738","6578","3167","5300","4302","5557","7284","7883","6888","2391","3432"
"1.31_874.58","4430","7433","5084","3518","6505","3267","4437","3737","9881","2851","4229","5166","2075","6219","4318","3734","8358","2992","6736","7060","6434","5911","9140","8483","4120","6397","6578","8429","5653","6878","4954","5479","10575","5119","11486","6164","4729","5558","7946","8022","4476","5212","4879","8772","8064","8395","5438","2637","7241"
"2.11_693.54","8620","10019","13663","11588","16472","19952","19003","13143","16330","11239","12321","17490","27202","19722","11243","20428","23660","14016","18978","23411","18403","12280","59566","15890","31060","14328","14040","20350","21026","10875","35170","16007","45417","11411","21120","20939","17281","19363","22723","26457","18546","29580","25658","15229","30986","22189","48399","23230","22147"
"2.80_815.75","10656","17356","11596","6712","19924","10421","10288","14301","17754","2610","16979","18636","18149","19832","11194","14895","18955","7884","24508","15736","11598","24930","11190","18724","15354","16505","12315","14036","6565","13753","19353","13755","17431","11444","22594","9588","12511","16278","16055","19151","13337","9731","6680","15818","20829","21260","10753","16666","16901"
"3.34_648.63","1847","2960","2666","1692","3124","1894","2565","2730","2730","921","2980","3135","2508","2487","1962","2988","3456","2874","3074","3131","2731","3116","4163","2836","3267","2472","2037","2950","1927","2950","3063","2726","4342","2953","3961","2717","2478","2289","3007","3201","2014","3369","2409","2263","3074","2818","3492","3401","3442"
"3.17_846.68","75431","81626","54126","74280","61745","62287","76619","34616","64444","73108","111532","72934","57242","90610","50435","58161","73361","58339","62894","49083","84427","58593","37795","107248","52880","64256","78143","96439","66959","74182","85039","96433","157499","34739","59516","125124","32584","83553","142206","85403","71123","126860","82401","84592","77586","144134","86207","41493","59225"
"1.31_805.54","3943","10037","5306","12211","7512","11646","7620","4066","24560","2621","6397","7664","2799","10327","11311","6087","28588","3055","13097","17336","21124","6582","57938","32411","11750","35635","25937","35911","16760","22908","15188","19135","53074","4114","19988","26766","6386","14896","34446","39926","20395","38777","24241","22255","33217","46741","43286","6867","32721"
"1.19_807.56","3212","5998","3653","4535","6224","7265","4352","3544","8682","2331","4859","6433","1540","5833","5593","3455","12204","2221","6514","8313","10469","4713","24570","8433","6435","11181","11634","15108","7112","8729","8621","10540","20437","2257","12036","9362","4327","8089","9225","14013","9191","15644","8601","7162","12166","13495","18150","3803","9556"
"0.20_215.03","48410","24323","70388","3886","32354","4935","8743","75923","4646","67596","27209","63439","51165","30003","6908","46054","6646","55391","4539","9769","5838","54910","6642","5020","4572","7239","3283","4096","3557","5299","6183","4798","13431","65540","13948","7629","63773","2472","12167","3498","4820","6106","7318","3572","8059","8951","16273","4024","9299"
"3.23_634.65","2476","2849","4068","2406","3942","2787","5855","6523","5597","1363","2881","6489","3770","6379","3139","4339","8994","4429","4315","6253","3610","7609","6779","6011","5248","5090","2556","5577","3539","4274","5523","4085","2901","8873","7640","5423","3410","3668","5543","7159","3374","3743","3182","5980","11834","2863","6199","4314","9093"
"3.46_714.60","11545","24044","19130","12345","27847","6864","19583","9848","12727","13130","19950","19674","8930","26226","11100","12577","16936","6795","14644","18330","14206","17965","15727","14453","7973","14892","12644","15393","8801","7566","13330","9156","19167","8052","18371","8256","13359","11695","15231","17050","10822","13414","11399","13458","17763","14974","19195","5497","13150"
"2.84_698.61","32811","44179","41932","12577","65765","21615","38615","39237","17245","27214","47621","63744","51379","57867","29330","54152","28419","31678","33370","59523","30972","51007","57576","35810","22359","18319","15974","29097","13276","10260","54927","19149","58430","33571","63008","32081","50630","28728","25978","29342","17496","37578","22830","35941","34848","27278","45710","24532","24926"
"3.20_974.84","9914","13229","6640","11594","12563","17463","14023","17016","18937","7518","10105","17914","16463","14316","9281","15631","29010","15449","18408","13278","11399","10618","53142","14551","20201","13978","10740","13689","16230","12533","25549","12958","31290","13700","15242","13204","13611","17638","22133","22619","15099","21200","24423","10712","24610","18581","50454","18217","26968"
"1.00_638.40","24171","21282","16848","11729","15671","10742","9896","15539","20373","12820","12467","21341","7383","18602","8934","7929","10764","10216","13434","13526","14057","13699","22771","20867","12305","13640","16011","20219","12254","17984","15371","18866","37585","20079","22777","12326","15697","19235","23512","17649","10494","15367","10308","17403","14856","22698","19652","6342","13308"
"0.65_596.36","20064","21199","18445","13811","15498","8410","11216","13489","8589","10574","17693","19796","6221","20628","10457","10911","9803","9367","11781","9773","12390","8588","20172","18788","6690","15496","12569","10499","6500","12713","18850","20748","34754","18201","19851","17746","12718","14622","26379","14113","10835","15039","9010","12604","9208","16324","16881","6168","13833"
"2.33_1468.13","3862","6540","4868","3345","5757","4545","3831","4955","6852","1117","6189","6299","3304","5988","4378","8603","9318","3700","7017","4964","7425","7917","5248","5484","3235","5100","5942","5220","3055","5530","7555","5863","7463","5171","7843","5942","7192","5324","4523","8385","5272","4734","3879","7119","8235","4530","6152","3891","6934"
"2.34_1542.14","5271","12153","7818","5230","11360","3700","7304","8669","8399","1095","8573","9704","4036","12261","8510","14499","15119","4101","13943","9754","10301","12983","12150","8752","5733","10808","8092","12616","7670","7651","12429","8910","10670","4142","13480","14709","8488","9823","8088","13785","6090","10576","7228","9318","9498","9897","7232","6004","11233"
"2.58_787.66","17552","32875","22738","9885","31402","17808","19141","19920","23926","5419","23574","23164","24820","31037","22397","16219","22374","11087","28981","27015","31059","35189","19601","25653","20323","22546","24021","29486","17429","23530","23684","23651","30067","21061","44424","22454","22848","27721","21338","29125","17008","19891","18998","25653","22771","23228","17061","14618","19120"
"3.53_974.87","14036","17524","12242","13983","23624","20888","24038","24012","26745","7280","15391","30058","19441","28864","9678","24057","46481","17914","37523","23329","20138","18359","109874","26706","41655","27172","17715","26804","32028","17568","62986","16594","54089","13244","26325","29240","17908","20250","33747","35959","19220","29391","43544","21810","32437","34173","69639","28913","52989"
"2.24_555.44","15023","14135","13548","9083","20671","14287","16996","14329","12337","11638","20351","24718","14427","17457","11747","20056","20536","12138","19079","30349","23336","18997","40947","16348","22696","15037","14771","18879","15175","9785","24046","16879","27589","12391","17159","13526","18908","14382","15518","24616","16874","23528","17856","14767","19014","20551","25804","20376","14556"
"1.39_834.58","4423","7039","4652","4268","9120","8016","6176","5497","16333","2650","5629","8636","2642","6644","7744","4421","20396","3162","11168","10979","14759","5651","35621","12701","10062","16762","17388","26180","9774","11847","12966","16272","35860","3057","16701","11212","6974","10350","14923","20417","11095","19971","13201","9583","14021","23577","20751","5396","12878"
"3.18_990.87","17554","24071","13366","17064","24725","26200","23810","26575","28259","13469","18341","35851","26520","25686","15253","26243","40017","26091","27620","23732","19890","17602","69209","23174","27541","22306","16253","19549","23679","18264","39979","19135","45233","21764","26296","20303","25310","24460","31535","34875","20906","31883","35428","17679","33393","26120","68549","25338","38710"
"2.10_575.50","2698","1804","1950","1070","2040","6968","980","6483","2221","650","1658","2687","19760","4367","2483","5251","2527","7008","1870","5478","3939","3180","2316","2072","6479","1427","1931","1780","1731","2189","3435","2312","2356","6506","3141","1365","4955","1789","1424","2700","2558","3380","1747","1333","5049","2224","2505","4072","1582"
"2.91_1381.11","1543","2750","2768","1655","3841","4192","3084","1966","2871","1191","2363","3833","4929","3904","2277","4256","5618","2669","4919","6601","4783","2131","13813","3619","6005","2635","3123","5332","3163","1809","8433","3171","11539","1738","4863","4355","3116","4077","4969","5552","3270","5716","4226","3203","6857","5473","8392","4085","3798"
"0.66_184.07","22046","20852","20765","14699","19436","13585","14632","33721","17953","13819","19611","27461","11624","27692","19593","30416","19964","15595","20478","23634","22216","24425","27612","21601","16806","20998","18888","22221","11685","15257","27040","19161","27318","25267","31940","17333","24160","18619","20375","24725","18386","24828","13654","16772","20660","22123","31093","14166","23857"
"3.19_1348.11","2752","4444","3525","1865","6199","3050","5992","1159","3411","2625","4321","6570","2828","6051","2395","3041","6447","2711","8380","8457","6963","4897","10270","5524","3632","4901","5346","7254","3548","2795","8695","4422","10539","1269","6979","6999","3445","4816","4228","6404","3575","4251","3842","5530","6317","6722","5437","2632","3726"
"1.41_184.07","4889","7897","5890","3771","6785","5014","4550","6470","8300","2443","4681","8545","2838","6950","6318","6344","10955","3775","5514","9061","7983","6432","18166","9423","6607","10046","9512","11709","4181","7135","8806","9016","21793","5137","15212","8166","6008","8081","9219","13424","6575","13589","7835","6040","11988","13252","17115","3627","8850"
"1.30_804.54","7321","20278","11023","23738","16597","22481","16394","7839","48715","4961","12609","15214","4027","19177","24416","11593","59664","6122","27640","34929","39975","14332","128632","64997","25241","75677","52426","72372","34580","46504","33437","42411","105862","8470","44450","57329","12297","33554","73420","80041","44139","76693","53650","46176","68601","94219","86056","15092","71106"
"3.40_752.69","15522","20992","21844","13877","26828","22027","22102","20509","24192","13935","19608","26276","26393","27800","16659","29918","32878","15715","30186","33447","32527","22425","50982","26941","31718","20328","22711","31720","25145","16730","40635","22660","41102","16797","27685","30875","19477","27328","30841","31015","20069","34335","27904","24936","31045","35203","32230","27856","26318"
"1.53_794.53","6508","9577","6207","5197","11507","6909","7257","7055","9575","2877","7280","11520","4703","8410","7471","6888","16379","4288","10708","11580","10604","8666","16389","11415","7200","12444","11687","12889","6882","6990","10471","9161","16021","5154","15771","10545","9259","12016","10441","15696","8694","11686","9388","9628","11741","14257","13107","4595","10749"
"2.07_1428.13","4665","6437","4373","2237","5829","5487","3430","4999","6365","966","7802","6806","5209","6102","6807","4865","6451","4236","7882","7513","7291","10241","4376","6042","7228","5057","5694","6538","2682","7208","6164","6114","6441","6165","9280","5111","7272","6028","4799","7025","3949","3841","5155","6653","6033","6387","3438","4239","5064"
"1.79_882.57","25448","16967","5754","12839","8885","11222","12345","7255","12003","9842","9953","10081","6240","12696","10296","9058","9198","9395","17501","4549","11551","6957","8508","16891","13312","10860","11896","14465","9115","12611","9092","14523","20634","9133","8492","10927","5303","9004","24991","23494","18856","20286","12209","16234","7574","19237","17409","8920","6874"
"2.34_1520.23","1824","8235","5160","2665","7789","1176","4917","6060","1254","373","5376","3539","1989","7032","3140","10933","12909","2051","11172","4897","4594","9467","9697","6928","3293","3671","6365","7881","3665","2441","5073","4854","2167","1910","9158","6187","2179","2043","6519","7789","3056","7667","5002","2249","6063","4319","2988","2173","6202"
"1.20_822.55","641","2435","1476","1792","2412","2617","941","805","5681","1070","1664","3006","545","2451","2168","958","10688","1377","3513","2374","3266","942","13247","7713","1730","7378","6098","7749","2610","3343","3850","4070","9885","701","3556","5947","2165","3115","6711","6662","2291","4427","4140","4330","3687","9495","5392","1608","4902"
"3.04_816.85","12034","14927","13450","5517","17931","10598","7725","11336","16319","651","16163","14191","13821","10808","11740","13277","17509","9054","18426","15352","13951","14014","8435","16438","18113","13666","13548","15318","9621","16178","16593","16024","15421","15226","6802","15126","12921","16546","14059","12657","10415","10877","10840","10795","15974","14183","8294","11603","13864"
"1.31_788.54","28144","34954","22408","16770","46328","17062","26331","21782","29292","13594","27637","39489","12557","35261","28982","31542","36315","16192","31129","47863","38725","33920","59616","36228","26976","35273","32432","39882","26783","24836","26138","25120","51585","20847","51420","34241","30522","25151","32031","49652","34531","44778","30231","36097","44160","45557","45671","20495","36559"
"1.13_844.53","1837","3898","2626","2303","2114","2079","1806","2180","3183","1053","1794","2430","891","2655","2121","1736","4446","1080","2649","3426","2652","2022","5462","3873","2189","3831","3146","5101","2487","3242","3882","2486","7858","1594","5867","2703","2435","3480","4182","3411","1870","2892","2279","3520","4463","3816","4003","1202","3635"
"1.96_689.62","11696","18941","15183","4855","16386","13503","11000","15673","14164","2638","15176","13888","19007","20237","13688","10939","14933","11311","11698","20015","14176","18623","10844","16652","19965","13196","15884","20224","10403","9898","13390","12936","20377","19915","23103","19954","17861","20590","10452","19813","10739","10048","14133","19056","18405","12871","10260","9336","15126"
"1.32_802.52","2976","9055","3837","10422","5229","5944","6371","3017","10436","1198","4362","4977","2267","7450","10157","4426","11233","2120","5620","10618","8316","4686","29192","17888","7121","24116","15069","15708","9847","13073","8805","10250","28708","3300","15012","15351","4765","10193","20520","21653","12825","22153","16129","17065","21647","21746","22067","4350","27095"
"2.16_707.60","12329","11912","10236","8065","16809","11759","10174","12523","13808","5166","16093","13080","14676","13781","13791","15413","12688","10636","15087","15370","12277","17065","13180","13420","14146","12297","13869","12309","11225","13546","16750","15105","16151","13371","16092","10298","16327","13492","12375","13782","11732","18993","12960","11844","15441","13024","10741","10219","12740"
"1.52_838.56","11526","18222","9034","5984","13779","3334","12615","5206","12516","3829","9428","8005","4518","15259","9478","11717","7713","6030","13326","10432","13018","12442","12109","13515","9532","11221","7867","9036","8769","9503","5409","6156","10373","13016","23645","11513","5942","8476","13340","15371","10241","14838","8409","12880","11013","12331","6948","7471","8790"
"2.01_597.49","26761","20411","37100","4685","33456","4147","7398","41319","1228","21837","24437","39290","48113","24559","15171","33880","1154","24126","1923","10583","2297","33692","1933","1400","6941","2991","1839","1640","5717","2951","2976","4068","2198","47076","23846","3106","45417","6601","3121","3749","9768","3703","3301","2385","7542","2355","6522","7253","4776"
"0.22_120.08","83","970","2774","4374","1453","1864","1536","1925","2143","1543","2521","2054","5468","2488","1900","2639","2818","3588","1616","4999","1538","2354","1648","2473","2303","2233","3865","2265","1520","2057","1416","2157","2016","0","3199","2383","1064","1430","2187","1778","1590","1797","1976","2202","2992","1757","1358","1882","2421"
"0.32_279.16","3889","6978","3431","6840","4263","13141","7253","12597","3655","15281","11544","4077","2027","7569","2000","1955","2127","2635","2290","20047","2347","3056","5982","4691","3245","3192","13464","3097","12486","2104","2489","2201","3771","14995","2958","4601","2953","36189","5267","3831","13549","8810","3604","2710","2114","11336","1760","2959","1942"
"2.12_796.68","15685","9144","15524","13191","18937","26306","21952","18510","19410","19734","16075","18422","35979","16899","15708","30164","26306","22608","18923","32142","28312","13698","54714","23106","38246","19608","18408","26437","23025","13635","31172","19490","35367","19439","13881","19789","22637","15437","22312","25309","23926","35308","32379","18060","28754","21873","42811","37683","24079"
"0.84_666.49","13526","12169","7333","8595","9223","6410","7706","14108","6401","8660","12737","13761","3519","10270","5969","11792","9933","7600","7848","6434","8426","6395","16069","10088","7632","11388","8773","10938","7723","7243","9761","11051","23685","8767","8711","13334","7257","7892","10208","13420","9770","15941","8905","5926","9029","12710","19944","3900","8841"
"2.41_796.55","4548","6981","5854","4227","6359","4487","6046","6166","5530","2203","5671","5759","3338","6701","5367","7108","6908","4061","6846","5972","5732","6804","7385","5481","4571","6267","6779","6874","5590","5779","6531","5740","6324","4042","6788","7020","5240","5714","5402","6286","4816","6323","5303","5616","5595","5955","5646","5161","6700"
"2.13_812.54","20963","52632","42461","19411","40847","16770","21742","25885","37861","13475","25725","32531","67017","44888","30981","20171","25176","19484","30020","22680","21127","82341","2005","14627","21709","16776","25650","17706","20332","36940","24791","27786","21995","35813","44147","22799","36934","44286","30175","28881","21204","14164","14489","22637","22312","21829","11443","24194","22922"
"2.45_744.59","13074","40591","17216","12177","28771","16560","18112","16816","34393","5221","26292","21118","15790","22538","24060","20911","26108","10862","41215","23343","30225","44759","14496","21793","16251","23921","20448","27851","12903","30530","23610","25866","23946","19875","48713","23047","27863","28220","19303","32129","19268","20819","20350","30067","19557","25107","11755","17542","19600"
"2.15_759.34","6790","14046","4115","4766","13553","6666","9231","6437","10728","515","12945","12147","6066","13152","10207","9530","9941","2855","13520","9570","8486","8958","5343","8246","6019","8150","4500","9198","5769","6729","7021","9292","9551","6820","18227","8208","6467","9123","5544","13856","7386","6058","5489","9722","9481","8169","10393","4925","7894"
"2.67_1333.83","5256","6203","5883","3297","7292","5386","3643","7174","4726","1825","7196","5838","6193","7550","5510","3732","5975","3681","6411","4740","6556","7185","4283","6535","5147","4756","5589","6681","4113","5779","5836","7499","5819","6086","7559","5429","8242","7069","6630","7852","5022","6268","6061","5213","6377","5061","4354","5300","5155"
"0.32_285.29","15826","2948","5212","5156","4755","93297","10262","3267","8287","3312","5612","3482","2373","9048","6328","4658","1297","1518","5080","2309","5363","47302","5594","5045","3762","2084","1767","1959","4064","1733","10179","14024","4881","6579","3005","12395","9474","14981","3909","6652","3571","10883","5070","6907","3129","13878","1184","2348","33844"
"2.80_814.83","14057","13814","18105","9871","11086","12191","14092","13659","14526","2515","14221","9028","13276","11452","16817","6516","13329","11646","12465","15805","19217","12459","16660","13600","6397","13053","13791","16111","16203","14645","10685","4904","12670","15142","11810","12825","17396","11564","13125","11134","15671","14164","15934","16043","10929","9702","15365","18633","11219"
"2.35_677.55","10162","7149","9062","6651","11699","11832","11861","9854","10126","10126","8446","13211","14818","11340","7691","11018","14139","9444","14066","19109","16205","9609","30442","12548","17422","10848","10789","12817","11646","7618","17388","11104","20125","8842","10081","11498","12703","10562","11868","15060","13012","14929","14264","12126","15962","13500","20540","14622","10995"
"2.91_1383.13","1171","1934","1442","1059","3743","2188","2424","2011","2616","1118","2043","3197","3301","3300","1736","3645","4318","1524","4054","5317","3502","2208","8290","3230","4043","1621","1952","4354","2027","983","5830","2704","10016","1643","3678","3312","2068","2963","3386","4123","2291","4005","2609","2812","4093","3736","5713","3666","1840"
"2.90_654.56","3113","5696","3280","1925","3613","3997","3015","4265","3974","811","3270","3557","5880","6057","4127","3439","4845","3663","4581","4674","4831","4884","2665","4024","5974","3459","3976","5136","3541","4782","2901","3734","4512","5565","5952","3213","3118","3540","3100","4734","3089","3733","3306","3719","4867","3173","2911","4213","3720"
"2.40_1615.24","6296","12913","5243","3098","15429","6193","6023","7394","11727","1389","11123","11115","4989","10873","12361","7763","10314","4168","12846","8681","8736","12824","3884","5681","5469","7489","8259","9166","6117","8373","8824","8583","9665","4725","17111","8535","8353","11266","7475","13130","7319","6318","4672","8735","6765","8182","6125","4302","6228"
"1.43_802.52","808","3340","1269","4778","1423","3673","2466","729","5928","1030","1755","2522","835","3070","3262","1337","6388","1008","3289","4156","4314","2344","19398","11065","3575","17791","10635","12222","5317","7573","6352","6132","16083","1335","6888","8172","2754","6025","11569","11971","6155","11398","11413","8936","10603","12420","12262","2367","14685"
"1.76_802.59","20395","23390","15343","11785","39358","15192","26141","14824","21448","11556","27909","30457","6886","20454","23269","13805","23071","10850","34480","20667","22006","30553","19374","17034","13347","23201","22709","24833","16745","16086","19596","18334","27714","10851","31497","19093","25217","22131","20336","31344","19000","17209","16771","26052","16847","24845","18394","10615","17318"
"3.00_701.55","5193","7826","8143","6448","9789","9652","8659","7433","9455","6028","7045","9635","11700","10496","6598","10124","11791","6652","10394","13952","11379","8864","22348","9714","12822","8866","9004","12728","9215","7257","16426","8930","19727","6407","11933","11831","9512","10744","11508","11521","9540","12334","10333","8543","14543","13213","14860","8060","9338"
"0.66_522.36","13665","19009","15016","7360","19186","9376","11528","21289","20504","6521","18433","20995","10569","23050","20257","26332","16431","12730","17522","15347","20964","32950","17313","14207","15844","15933","16197","20460","6881","14126","14515","15755","17961","13652","27153","14508","21091","16865","12204","19578","10997","18036","10163","15003","11851","18202","13306","10961","14292"
"3.19_1349.12","2487","4486","2967","1715","6192","3091","5209","2067","3447","2256","4182","6717","2777","5565","2723","3180","6227","1627","7408","8020","6612","5042","10970","5561","3682","4467","4671","6649","4219","2477","8545","4472","10167","1757","7178","5319","3941","4368","4147","6846","3461","4203","4424","5288","6203","6460","5614","2587","3464"
"2.15_125.00","19839","37435","20500","16281","33224","16156","20763","22283","26105","8540","27163","28281","16713","30662","23463","21686","25837","15288","33439","27354","25286","32486","16976","21720","17925","23135","21629","26166","18662","20978","23857","23195","27672","18782","38793","24778","25527","27192","22323","31599","22378","22882","18130","23219","26332","24035","22588","13769","21231"
"2.12_737.54","20358","21896","19820","13645","20035","22528","17024","19417","20197","10543","23847","20897","19444","18869","21618","19101","20198","17474","22029","22393","22358","24050","22022","22928","20894","20073","20608","21226","16242","20096","20171","17237","21744","22487","25297","17979","20677","20652","19481","22316","18145","18761","20467","21726","21692","20933","17898","19235","20298"
"2.85_768.69","42991","56937","53942","23572","65724","41522","55141","46180","34362","44287","55499","63012","61930","64294","45087","62087","48530","48029","58023","76399","54528","54372","65869","50134","40686","37016","35186","49049","33735","22325","66771","37962","69175","40639","67136","50063","52390","42303","41913","48432","31079","56410","41307","53317","53208","47158","55500","45788","41642"
"2.71_815.73","1649","2605","1749","4438","2122","13763","4066","2397","21921","1171","1961","1715","1592","2222","2946","1641","20006","1282","18379","8450","20920","1951","12192","4954","17561","10267","12329","19628","14187","14656","11164","16009","14063","1304","4055","5722","1640","8751","9044","15441","12035","10900","14101","4049","14309","16351","9460","8805","7832"
"3.57_1001.89","4789","5320","2787","3377","7673","7785","6333","5154","12526","2205","6325","9624","5931","6138","4496","5349","9592","3244","11621","4922","6620","7106","33118","10148","8931","9183","9055","6972","5388","7669","12641","3857","10462","2788","7645","5062","6034","4906","13675","11067","5264","5647","15596","8264","7845","10166","17547","6046","12872"
"3.44_972.86","24312","37500","19051","26102","41313","34019","44796","37728","41063","19202","29811","61904","26407","45370","20291","28052","78310","28142","53913","41148","35129","30167","129885","37098","38945","41544","31381","36360","36076","29304","76187","35184","89723","23273","48837","34618","34027","42529","47861","59601","29736","47024","57233","28022","59415","53138","131190","30370","62719"
"1.85_701.62","5682","10915","5716","2827","8925","5314","5339","6151","7437","1801","6629","6937","5738","8380","6015","5351","8052","4435","8927","9611","7214","11895","7386","7454","7957","5809","6506","6634","4536","6782","7685","6101","8555","5121","11813","5311","8264","8012","7097","9420","5018","5532","5818","7897","7613","7888","5720","4074","5890"
"3.12_709.61","3422","5756","3491","3804","4264","3833","3953","4436","5059","1515","3752","6131","5812","6657","3718","5250","5618","4495","6195","4344","4688","5940","3132","4687","5413","4727","3970","4880","3811","4392","4491","5994","5364","4063","5260","4028","3875","3808","4618","5339","4852","4459","3869","4291","6947","5263","3667","6331","5786"
"1.19_832.57","2938","5564","4284","1900","4390","3648","2815","4268","3937","2007","2592","4662","2226","4089","4320","3243","7545","2305","5061","4010","4768","3929","8776","5444","4870","5722","5493","5834","4234","4167","5408","4783","11161","3248","7817","4799","4828","3449","4717","6604","3342","4794","3510","4233","4890","6308","6213","2824","5011"
"2.81_788.73","15332","20844","20228","9617","27979","16196","16392","18851","20494","4343","23517","24304","20870","23491","15888","18536","23868","10714","22789","21437","19462","30931","14594","23071","26802","18715","22809","25865","12522","22971","24532","23103","22840","21588","30918","20689","20523","24923","16912","24753","17452","19170","16858","17758","23842","16108","14556","16415","20281"
"3.19_721.62","9980","13039","10883","10286","14614","9593","12989","9701","11968","9298","12580","14360","10713","13517","10981","10784","15365","7629","15257","15569","15520","13161","17394","14191","10886","15360","13534","15499","11196","11209","16595","12973","19608","8217","15487","14203","12127","12999","12929","14870","11391","12651","11956","14414","14961","15827","13254","11004","10182"
"0.19_276.08","9304","2082","14457","1000","2622","587","1149","27173","620","7429","2076","9436","5846","3109","1138","4896","843","10944","538","943","842","9097","1035","683","641","676","653","818","498","564","928","704","1023","27256","1600","786","11394","540","1823","806","841","1034","708","652","744","1288","1256","559","1420"
"3.03_986.84","9371","10687","4474","9627","11464","14108","12879","11358","17079","7340","9265","17914","10629","11786","8873","12148","21446","9493","13092","13939","10989","8183","39802","10616","11639","11236","8721","9289","10571","8491","18541","11062","31130","9356","12510","8190","11329","15219","17036","19292","10596","18197","18379","7422","22340","14720","49116","10661","16515"
"2.33_1537.20","11040","12643","12290","11112","13368","11766","10854","12960","15968","6448","14489","12312","11410","13291","12298","15993","16544","11356","14697","11968","14337","14113","11230","12904","10411","12192","13558","11407","9481","13726","14258","13970","15050","12298","14767","11889","13683","11739","10510","14993","13220","10642","10597","13073","15558","11681","14959","11026","13333"
"2.12_383.33","17281","13517","19927","17128","24713","27364","25571","22040","24579","17650","19348","27219","41700","27547","17364","33683","33181","22630","25586","35816","29917","18174","73855","25295","44160","22786","20824","29435","32679","15372","45937","24216","60557","21499","26692","28438","26933","27251","31400","36501","26923","40921","38479","22912","39693","30811","59182","35472","30400"
"2.33_734.63","42635","50352","43413","36803","42920","42760","35697","46683","47142","14296","45737","45821","32620","49098","43245","45406","46807","37441","53061","41718","45185","46271","45964","44915","37195","44986","45598","43129","34668","46312","48345","46219","46965","44772","50761","43836","45252","42422","39260","47583","43245","42810","41574","43647","51367","37499","46642","40064","46234"
"1.32_853.54","5892","13304","8535","4662","8985","3393","5692","4772","8416","2478","6219","7724","2985","12967","5521","5836","11298","3333","11289","8717","6619","7708","10631","10313","5967","8297","6774","8749","6972","6445","6483","5369","19620","7033","19216","10246","7053","6042","8583","11615","5006","7472","7430","10693","9204","9464","8389","4073","11948"
"1.96_828.66","7023","8400","6905","3925","9574","8986","6445","9762","12827","2559","7746","10346","8375","10119","7348","8636","12223","5680","12435","13126","11833","8844","17383","11702","13593","12204","11865","12284","8360","10051","12948","11018","14853","8398","12738","8852","9076","10445","11836","12672","9697","12237","11528","9012","19889","14147","14394","12713","15236"
"1.31_807.56","10049","11518","6993","8896","11939","8476","9593","9660","15157","5444","9764","11738","5533","11163","12844","14003","14821","7510","11881","18315","17659","9796","25106","15229","12391","14884","13820","16147","10160","13236","10296","11268","26545","8808","18324","13477","10485","10462","17242","22596","15121","24367","13934","12591","19824","21182","24487","10651","17522"
"3.19_1345.17","1165","2624","1911","845","3273","1329","2823","1013","1490","1046","2251","3358","1129","2823","1200","1785","3112","521","5221","3978","3468","2617","7003","2659","2137","1483","2279","4498","2189","1688","5421","2799","7296","1165","5051","3215","1782","2504","1955","3319","2035","2065","2581","2150","3821","3702","3571","1427","1454"
"0.66_664.42","6261","5196","3390","4185","4303","3485","4289","6061","3014","4036","6944","6386","2159","3945","3089","5842","3933","3950","3564","3659","4692","3565","6984","4495","3676","4532","4452","4931","4373","3875","4227","4392","7217","4577","3508","4344","3829","4119","5130","5771","4139","7468","4328","3329","4135","6175","8158","2661","4879"
"1.59_858.58","3467","6926","5270","2406","6252","2820","3400","3445","5263","3761","3595","6279","1652","5657","2671","2350","6390","2239","5184","4599","3715","4557","6153","6684","2869","4500","4371","7559","3895","4773","5089","3670","8906","3518","11422","3932","4767","5292","5655","6643","3052","3884","4335","5343","5281","6727","4730","2069","4040"
"3.39_973.86","17034","24540","12067","17429","27577","21875","29021","25316","27319","12791","20424","40923","18166","29182","14268","18801","50207","18764","34699","26781","23779","20442","86086","23676","26009","27316","23056","23762","22817","18930","51765","24721","57671","15902","32204","23973","22744","29196","29476","40221","20046","29819","39752","18678","38191","35523","82483","20339","43805"
"2.93_782.76","9366","9116","9050","7320","9132","10222","7849","1724","11124","5288","8506","12283","11686","7647","7899","6073","10190","2393","8379","10464","5001","11280","4625","7946","8052","7629","9517","8631","6604","5995","11878","7447","16039","9170","4821","7066","10217","8249","5705","8577","11061","5825","11795","11854","6840","13123","13214","11724","11381"
"2.00_794.59","11362","11752","7953","8408","9747","8768","8148","8658","11514","5994","11093","10622","6670","9147","9409","14571","9415","7893","11789","6906","13989","11165","5840","12173","11751","9682","9019","10774","6165","10991","11098","11420","15464","7543","9706","10083","7178","9061","9685","11800","12080","10970","10127","11216","8910","13359","10190","11847","8074"
"3.08_780.69","9539","16791","14255","17568","20666","18314","18542","11021","25969","11193","17703","18652","29727","21958","17499","12864","31833","10161","31523","24336","23558","15857","46199","30133","22302","23590","25392","36924","23526","20114","37810","25396","67771","12335","32868","35898","15825","34371","39335","30782","20826","29762","27354","30010","33079","37964","41501","12460","24893"
"0.46_313.32","5596","2099","5222","2163","1922","17589","4010","1522","2968","1319","1905","1217","1388","11711","2709","2104","793","1039","2989","1683","1619","24305","2338","2020","1891","999","640","953","2233","752","3573","6111","1533","2553","2069","4095","3859","5218","2121","2704","1509","4053","2689","2236","1429","4264","419","929","17637"
"2.81_788.82","3435","9934","9892","551","13756","6523","4674","8720","9533","1103","10380","8906","9471","11854","9251","5954","10559","3210","11772","11825","10948","14510","6795","10759","12298","8871","10012","12673","5342","10259","11691","10962","10971","9877","10448","9745","7727","11506","8211","13262","5868","7998","5587","4701","11431","8441","4555","4729","8925"
"2.58_1576.23","1661","6230","2243","834","6790","1423","2706","1750","7690","84","5157","4057","885","6033","2787","1590","4881","673","9694","2332","4970","10390","2093","2401","1562","3181","4015","7590","2170","3403","3617","4985","2545","1928","12184","5890","3889","2252","2164","7947","1637","3144","2762","4004","2491","4324","1475","1844","2097"
"2.41_794.55","11232","15975","13671","10984","14502","9263","12491","14319","13827","4783","14220","13815","8277","16228","12718","17028","16517","9755","17222","14438","14489","16858","17781","13046","11044","14409","13736","15807","14352","12989","16166","12562","15352","9390","17082","18510","12798","14711","13142","16221","11542","15497","12340","13414","14086","14719","12575","12052","15594"
"1.34_734.50","18858","9822","9706","5631","15939","6363","7426","18305","11193","11977","23841","20068","5756","10301","10431","12832","9307","9373","8792","6229","9799","12575","7222","9077","6654","9049","8482","8229","7109","6271","6926","7697","16613","11820","10047","10669","12859","7664","8359","9962","8021","8606","7566","7985","6360","11578","9297","4190","6754"
"0.71_580.36","16836","23244","18510","14429","15572","6889","11182","11293","9201","11870","15856","18084","6165","20196","7591","8207","10684","8695","10268","7388","11528","8196","22060","24092","6413","22072","11110","11854","7616","14476","18059","20875","35234","15668","23129","20675","11646","17395","22263","13103","8809","12930","9282","15564","11555","16809","12955","4974","15068"
"1.98_383.33","59883","42186","75941","18277","71393","23751","18530","85305","21182","43659","52351","86441","97601","51383","33730","71295","23713","50094","20698","32678","25262","73027","43760","20527","37014","25727","21489","23209","28153","20484","34555","26998","38663","92242","50982","21464","94917","28797","26418","35341","29452","34103","36691","19818","38457","28942","50407","24031","37021"
"1.39_874.58","3566","6688","5433","1646","4493","2402","2782","3991","6807","2490","3925","6250","1987","6106","3231","2664","8174","2534","4473","5297","3814","4477","9946","7476","3532","5333","5664","9399","3286","5244","5195","4181","12167","4110","13295","4990","5490","4997","6564","6225","2993","5890","3644","5686","5439","7771","7080","1870","5164"
"2.10_788.62","1869","1323","1241","738","906","4499","1381","3317","2203","850","1096","1181","9301","1085","1152","1761","1561","1151","1459","1520","1589","1318","2370","1825","1579","1482","1280","1254","998","1590","1982","1418","1954","1077","1641","1491","1611","1024","1628","1636","1264","2184","1532","1186","1462","1965","2334","1410","1341"
"0.84_688.42","11396","9798","6869","6705","8028","5106","6379","11389","5326","6977","10311","11859","3700","8035","5075","9121","9303","6473","6691","6094","7730","5905","14255","8895","5888","10089","7905","10475","6415","6284","8607","9399","20647","7586","8115","12421","6384","7678","9565","12199","8534","13203","7436","6072","7979","11373","16463","3728","7341"
"2.39_788.75","4896","10716","4137","2492","11530","4429","5252","4450","7251","1115","8494","8246","2534","7897","8973","5080","6772","2070","11117","6523","6997","10496","3180","4634","4232","4903","6137","6638","4672","5501","6525","5772","8127","2765","12118","6898","5108","8015","5524","9684","5532","4708","4276","5439","5222","6411","4321","2558","4281"
"0.92_524.37","12800","7628","11383","7180","13865","8540","8313","15724","14180","8167","13718","12422","8957","15330","13510","15610","10153","11972","13174","11129","14453","13843","11995","9661","12463","9240","10021","10564","7429","5939","13046","11117","7864","14695","15008","6069","15903","9510","8092","13736","9595","13627","8140","8189","9379","9131","14029","10109","10695"
"2.20_785.73","1584","15370","7181","1252","10342","0","3838","7709","10204","0","5680","11074","0","18063","11116","5964","13176","0","14627","6118","7109","14156","495","2292","1448","7280","4675","5501","9502","5729","7800","5742","6358","924","15644","6004","5465","8717","2507","12185","8249","3143","2460","6751","8677","5902","0","1411","1571"
"0.94_660.42","3388","8048","5582","3126","5374","3131","3738","3716","7407","1349","3923","5971","1307","6025","3447","2304","7090","1989","4279","4803","4443","3852","7105","6596","3239","5962","5837","7215","3491","5118","6323","3870","7060","3839","8038","5821","4438","5797","5486","4975","3344","3158","3448","7503","6065","4295","3378","2069","4545"
"1.83_825.65","5346","6612","6330","4721","6846","7117","4531","6353","8145","2744","6829","10396","5051","7457","5697","4946","10046","4962","5988","10219","8333","7309","13831","9128","7998","7612","9490","7808","5484","8143","8794","9438","14452","5533","9864","5323","6762","8103","9858","10296","8197","9471","8018","7912","13083","10095","10218","6528","11489"
"1.80_447.35","1847","1355","1261","1707","1437","1179","1268","959","1516","925","1258","1005","1165","1247","1432","1819","1355","1344","1661","1405","1288","1928","1591","1736","1409","1421","1232","1442","1452","1030","1121","1084","1345","1031","2085","1426","1266","1540","1424","1152","915","1858","1270","1128","1307","1062","825","928","777"
"3.12_782.70","3331","3315","2785","4162","6024","4684","5279","2653","14584","3711","5046","5580","5802","3820","3222","4862","31853","3321","8685","6758","7005","4725","29692","26953","3855","13695","9914","16182","5200","6411","18464","8277","29528","1953","7919","18351","4845","8560","24755","18633","3497","8406","11801","10999","7413","35189","13059","3242","11938"
"1.57_663.38","7881","6896","6915","9289","7026","4419","6389","5086","5857","6216","5462","4455","5127","4530","5620","6037","5232","4191","5071","5713","5832","6272","6844","6418","5362","5318","5032","4949","6808","5440","4855","5211","7082","6020","6053","5153","6228","10908","6046","6619","4301","3980","4282","5812","3843","5672","4095","3978","4978"
"3.01_960.82","4007","5020","3626","6417","6934","7454","7400","9975","7807","3272","3974","7252","5921","7565","4751","9334","20039","5978","8395","7647","5866","3648","32869","7256","6679","7270","6653","7203","8504","4208","13609","6532","13560","4831","10547","8225","7206","8641","8499","10295","6394","12847","11831","5903","12353","10347","20627","6252","17312"
"1.58_820.60","7520","9855","6759","3641","12059","7164","5845","8649","11548","5418","9231","11896","6016","9435","11960","10852","12448","6233","11555","11183","10284","8235","16731","9347","9461","10444","10949","13853","6928","6960","10152","11511","25450","7529","19972","9731","13491","8673","11603","15379","8797","15036","9285","7394","9603","14204","16703","5641","9342"
"1.40_872.57","1817","3384","2441","1893","1731","2255","1858","1876","6210","1020","2145","3011","941","2717","2526","1350","5800","1215","3350","3490","3267","2210","7632","6413","2915","4423","5339","7764","2898","4900","4632","4580","11719","1926","7245","3416","2264","4706","5806","4792","2278","3956","3387","4226","4698","7756","4847","1139","4158"
"3.19_1350.13","2370","3816","3010","1583","5611","3516","5337","1968","3774","2345","3666","6036","1752","4557","2472","2032","4216","1562","6515","6812","5051","3549","6785","4082","2774","4182","4389","5276","3396","2307","6348","2919","7922","1231","5621","4501","3093","3496","3087","6410","2711","4045","3457","4179","5152","4791","3495","2397","2561"
"1.45_848.57","3070","4254","2893","1995","4559","3162","3192","4896","3386","2020","3627","4256","2323","3756","4140","4472","3805","3079","3232","5447","3791","3518","6938","3577","3344","3915","3777","4367","2805","2975","3578","3779","6550","3416","5595","3531","4444","3769","4120","5663","3316","6760","3063","3417","4858","4674","7188","2588","4106"
"2.71_814.73","2008","2870","2358","8765","4030","23556","7424","2722","37804","1345","3181","2907","2656","3102","4941","3086","35090","2007","32391","16169","36219","3171","22042","8677","30403","16340","23710","37443","25137","27050","18722","27509","23111","2332","7263","11117","3660","13223","15078","27215","20493","19271","25509","7297","25635","28744","15798","14188","13408"
"1.99_858.58","15162","23879","18837","7497","19974","7148","8849","11120","17641","7174","15180","18807","10741","17176","10455","7068","8097","10162","13053","12257","13101","21646","3817","14487","8721","7421","11100","13859","6627","12078","8725","7911","9567","9472","16992","9048","12280","14507","9881","8349","7357","4134","5269","15673","9617","7394","4370","8786","6789"
"0.19_107.05","1977","1062","6952","2125","5612","1443","2017","9456","2455","3017","1632","6570","4816","3079","3423","4760","1168","3058","3684","2511","1406","2131","976","1081","2759","2018","1985","466","1102","2422","1685","1428","2879","4397","3867","1494","4169","155","2989","882","473","733","918","1324","4201","932","5889","1682","1432"
"1.52_839.56","5324","7860","4936","3871","8927","1267","4911","2317","6173","2290","4027","4123","3241","6978","4414","5914","4825","3094","6624","5759","6875","5701","7005","8704","4681","5469","4002","5029","4506","4769","2188","3270","4617","6600","9883","5467","3542","3815","7202","7764","4996","7464","4533","6382","6227","6770","3314","3929","4688"
"1.32_812.54","12945","16977","8576","9926","17283","9175","14419","9324","21659","4800","10228","12799","3970","15040","17597","16322","20052","6524","25326","21794","21325","13099","16145","14719","13605","16676","17044","17155","11609","14453","11791","12049","34021","10224","25986","14931","10085","13083","13827","28109","12626","20798","10757","16108","15483","19098","16970","9362","18417"
"2.09_859.65","21563","19484","20300","16108","19483","18376","16959","22359","20485","17557","24958","30883","31202","22591","17445","17536","17263","18560","14989","18463","20785","25486","12006","18738","20406","17056","16977","14680","13356","17062","18838","18489","22192","19058","13835","14012","20820","17967","20891","17306","16459","15874","15920","17338","20729","20931","16957","20762","17794"
"1.57_665.37","5486","4979","4459","6107","5022","3112","4501","3211","4461","4313","3385","3342","3342","3448","3941","4076","3888","2708","3537","3854","3738","4471","4383","4268","3857","3235","3825","3604","4580","3478","3653","3754","4735","4087","4625","3613","4447","7671","4001","4188","2899","2840","3073","3766","2985","2745","2983","2723","2910"
"2.15_760.71","18468","9207","18260","15849","12052","17316","19097","19792","22284","7070","20632","24655","14566","18974","22845","18445","20287","13623","15122","21486","19969","13099","15593","18549","17282","19607","20397","18493","17678","18157","20535","20652","21696","15832","14647","22121","18911","20041","18310","19229","20993","21534","16373","19760","19520","20358","20277","14048","20292"
"2.91_682.57","4716","9768","3954","4144","5002","5094","4746","5270","7147","1479","4881","9141","7965","9382","6593","5319","7649","5558","7383","7756","6046","7785","3077","5703","6845","4995","5634","5437","4815","7176","4947","7448","6943","5907","6444","5116","4992","4915","6871","8288","5147","5742","4378","5543","9974","5934","4484","9484","7582"
"3.09_766.67","8555","14939","13555","16072","18100","15930","17298","10472","20421","11802","15464","16798","27263","18828","15670","11015","27695","8773","27265","21178","22445","14733","41718","26459","20551","21245","21607","33659","19713","21385","32526","22456","60003","12470","27935","32966","12961","28452","33167","24876","19777","24930","23204","25625","30751","33392","34526","12008","21082"
"0.83_638.44","17792","19590","17978","21007","19071","16970","15992","29709","17980","15230","21325","27485","8762","16382","15011","24823","24132","13261","13898","19621","22498","13342","45163","22382","19841","30004","23222","27477","22980","20754","27502","28087","51404","18711","19979","34052","19621","21631","24404","30232","24531","34143","23897","13629","24686","31791","49239","11188","27930"
"3.33_976.85","1793","1770","2462","2517","877","3787","1274","2150","8330","1393","1930","5072","2674","1101","1275","3536","19795","2890","1580","1001","2873","671","29711","8203","2992","6563","4026","5662","3009","2989","2415","3534","15391","1586","3893","7932","3300","4028","10344","8587","1084","3533","6207","3195","3430","12514","9759","2506","10171"
"2.58_811.73","15201","25726","15674","11173","20609","14427","14954","15739","18362","4331","21693","25092","21677","25661","18393","14086","20399","9234","25742","22440","21123","30443","14096","21163","15417","18062","15934","16444","11582","18806","17578","20435","22168","13582","26924","15048","17466","19208","16457","23362","14881","10938","14259","22295","22117","20478","13806","12685","17558"
"2.20_1568.16","2643","13210","3345","1399","7027","1125","2688","4308","2368","244","4771","4967","1586","8788","6487","3479","6423","1192","7231","3802","4108","13387","713","2707","1128","2738","2595","3113","3723","2609","3778","3108","3064","1337","16833","3382","2714","4950","2641","5131","3228","2195","2427","3450","4061","2772","1862","1737","2594"
"2.89_1136.80","4378","3999","4334","3444","5619","3628","2542","3738","4418","1603","3666","3611","4042","2689","3590","3665","4967","2910","4336","4311","3368","4566","3071","5510","3980","3078","4087","3410","3298","3710","4462","5069","4221","3794","4215","4000","5248","4912","5529","4955","3055","3542","4747","3548","4218","3536","3819","4095","3531"
"2.11_715.53","1718","2310","2632","2149","3417","3871","4653","3174","3274","2337","3422","3752","5425","3414","2493","4848","4310","3191","3004","4373","3102","2180","8455","3597","4938","3111","3122","3745","3864","2424","6052","2780","6194","3052","3188","4323","3574","3538","3721","4509","3686","4799","4516","3014","4972","5193","7291","4086","4423"
"1.86_845.67","713","684","677","1086","796","2249","737","561","7172","316","456","795","318","806","711","429","12112","297","3704","1134","2843","697","13376","8067","1264","7755","5883","7206","1189","3554","5036","3593","9348","412","1130","4838","917","2868","7071","6237","1836","2882","4154","3949","3727","8333","3648","788","6785"
"2.90_1380.11","1300","2752","2409","1423","3806","3156","3188","1954","3290","1398","2594","3668","4840","4086","1780","4372","6796","1739","4109","6365","4924","2691","15110","4157","6314","2525","2808","5664","2323","2337","8555","3170","12206","1286","5064","4565","2879","4309","5635","5680","3134","5906","4408","3193","6741","5159","9308","3794","3170"
"0.65_666.40","3771","5909","5182","3380","4256","3180","2784","5300","5194","3022","3067","5500","1781","5856","2935","2769","4331","3226","3883","6981","4683","3668","9223","6822","3237","6311","5688","6430","3221","5048","5088","5191","12258","4421","8659","4984","4483","6806","6619","6324","3421","6599","3110","4778","5847","6474","7875","2209","6513"
"3.28_264.27","6231","6652","6467","5428","7451","5315","6038","7152","8349","1973","6436","9124","7196","7268","6962","8533","8800","5473","7424","7196","8231","9072","4105","6802","8701","5987","6446","7426","4602","7571","6258","7784","6994","8343","9168","6730","6256","8750","6981","9538","6569","6504","5087","6742","8454","6813","5456","9833","6555"
"3.52_960.86","11012","13081","9140","11039","16222","16808","17031","18218","20420","5817","11215","21817","13779","22903","7375","17795","35190","13826","27531","17723","15030","14020","80220","20009","32661","21602","14211","19694","23717","13452","48815","11479","39195","10561","21151","21807","14255","15208","22174","26493","15161","22464","34372","16378","24149","24782","52892","22922","41706"
"3.44_958.84","21233","30483","15626","20768","34321","28292","36448","30703","32351","13992","24746","49674","22478","34076","18356","23353","59735","21374","41827","31782","27365","26906","94707","28727","32743","31100","25921","29890","27451","22786","60388","26884","66570","19809","37899","27651","25823","35787","35551","45451","23570","37952","46478","22587","43756","42390","91333","25794","46312"
"0.63_327.29","4381","4594","4064","4699","4607","3221","3667","3947","3601","3958","3572","3298","3888","3747","4208","4679","3626","4109","5116","5845","5229","6598","4103","3846","5806","3845","3083","3478","5365","3941","4069","4271","3869","5329","4359","4041","5418","6294","3896","4920","3139","2686","3038","4642","3640","3424","3333","3833","3742"
"3.31_709.62","4692","4287","5585","3816","5992","5715","5644","6192","6200","3163","4120","6443","6748","6722","4104","10956","8607","5305","7363","8986","8825","6049","14154","6372","8438","4773","4565","7102","7077","3946","11331","5227","7791","4224","6949","8025","5926","5991","5871","8734","5482","8692","9046","6612","7523","7310","7785","9990","7657"
"1.52_792.57","5049","6286","5167","5066","6110","4241","5449","3023","14523","1497","4215","4403","2213","6754","4749","5666","28700","2284","7287","5361","7613","5111","18870","17844","4824","12484","9017","15262","5866","6032","6631","6599","11100","4321","7096","10644","3737","4609","12447","15587","4449","10422","7552","8839","7394","17978","6743","4764","8869"
"3.19_765.83","2006","7482","5600","773","10791","1510","5944","530","4200","458","6999","9640","3065","6859","1627","2502","10207","455","9143","11897","10773","6333","10762","9425","6806","7871","8788","10914","6341","544","10146","3051","12991","438","10009","9173","6625","7975","4640","10487","5645","7701","6357","9381","10400","10614","6383","3950","1870"
"2.90_1375.15","773","1470","1335","839","2816","2332","1640","1486","2467","691","1386","2658","3229","3085","1539","3007","4023","1475","3091","4358","3387","1406","10243","2878","4461","1248","1873","3238","1851","1194","6297","1873","7612","1616","3456","2807","2350","2571","3549","3816","2442","3868","3103","2481","4535","3773","5754","2114","1904"
"2.10_802.63","2652","453","976","1009","831","7047","676","4448","811","492","553","786","14404","922","861","1737","1299","1648","623","992","1287","795","2112","1875","1532","775","879","647","1182","711","1803","528","1426","881","909","1158","1053","827","713","1773","1414","1928","760","1285","859","893","1469","1100","1132"
"3.58_974.88","12254","15532","9982","11293","24461","20652","18875","25008","27939","6480","15987","31099","14150","22397","9203","19748","35720","13241","25272","19627","20744","13743","87858","19256","33220","25621","14548","27691","21566","13270","47157","13864","45464","12049","24744","20812","15599","21038","35679","29184","17023","24349","30932","22693","27463","30971","73551","20890","40670"
"3.47_798.70","29455","50497","38983","30872","49438","21476","41841","25891","31291","35723","46805","44510","25902","49989","32432","31214","36578","19356","34168","42220","35472","43901","26872","32096","20776","34399","35668","34829","25475","24539","31428","24259","35116","27365","36925","21805","35684","32639","33265","35537","26957","30102","26506","32172","42775","32390","35897","19185","28882"
"3.55_1000.89","5723","7253","4366","4384","9402","11651","9022","7201","16842","3007","8132","13729","7549","7482","5645","7067","13998","4825","17784","8075","8907","9825","45027","13858","13498","11757","14813","9897","9374","10480","17592","4860","15538","4371","11640","7608","10244","6406","18974","16345","6306","8003","21932","12197","11776","15196","23918","11570","18803"
"1.96_1227.76","6577","7763","6615","4918","7223","6374","5852","9162","8691","4599","6693","7854","5971","7585","6695","7364","6995","7159","8380","7030","7374","8762","7214","7210","7724","6422","8030","6817","4831","6858","6390","6067","6921","9039","7604","7152","10498","7181","8006","8951","6499","6865","8275","8537","7735","7446","7504","8221","8962"
"3.25_931.78","5137","6493","2280","3359","4191","9480","4482","5776","8407","3070","2379","5457","4706","6343","4679","7840","8624","3732","6894","4682","3537","5821","23068","5142","7770","7106","6968","4611","3657","2984","8271","3546","12349","4122","5485","3619","3396","7100","8424","12980","6696","6744","14547","4144","6729","7057","22986","4544","12129"
"2.53_1002.83","1780","1961","1362","2592","1977","3606","3039","2685","4416","1953","2174","3731","3386","2349","2175","2596","5858","2681","3290","3200","2567","1850","18931","2736","3932","2940","2252","2422","3639","2014","6108","2479","7728","2498","2914","3245","3275","3212","5288","4841","3225","4516","5510","2635","5191","4318","13805","3123","7097"
"2.16_759.37","9145","15259","6159","6735","11101","6387","7107","7668","9963","997","13236","10334","3833","15374","12362","8788","9188","4460","15620","9767","9620","7640","7129","9306","8109","4751","7610","1986","5636","6176","9171","8571","7877","4385","13053","7946","8598","11316","6342","14503","8561","5885","6042","8744","9840","7755","9311","4714","8190"
"2.58_789.76","4279","9755","6309","394","13977","2516","5431","5461","16170","1053","11919","11780","915","11690","10950","7927","13607","814","13143","7374","11585","17517","6568","7270","5982","7844","10688","14471","2437","6678","10813","9682","9355","3106","15199","11193","9981","8187","5835","14683","4332","5091","6898","9037","5869","11533","126","1503","8301"
"1.15_680.45","17111","17559","11897","12493","14476","9364","13776","17493","11037","10484","10402","16526","6632","16621","10995","15397","17662","8923","15148","11981","12997","12079","26581","14226","12157","13492","14859","16874","14337","12054","14637","14276","27463","14683","15926","13689","11787","12659","12381","20074","11968","18355","12119","8534","12101","16314","19490","6487","12177"
"1.20_844.53","1927","3745","2446","2786","2328","2738","1813","2325","5144","1240","1719","3113","775","3095","1987","1559","4342","1111","3107","3753","3154","1834","7659","5427","2550","5077","4665","6521","3596","4745","4732","4327","10843","1368","6793","4068","2433","4666","5605","4919","3020","4900","3610","4048","5043","6047","5549","1338","5151"
"1.13_806.55","2706","3929","2814","2529","3928","2756","8120","3433","3867","2064","3428","3898","2944","4152","3824","3222","5755","2385","5583","5502","4176","6788","8705","3848","13713","24587","5410","7711","4779","2504","4745","5175","11315","2696","6056","5914","3971","4785","4657","6790","5621","8083","4528","3272","23794","5324","7585","2834","5629"
"1.41_833.57","2283","3756","2403","2631","3069","3302","2518","2257","8454","1050","1653","3293","1199","3168","2790","2754","11160","1167","5181","4215","5102","2146","11699","7049","3832","8343","6929","10247","4106","5732","5750","5257","13814","2332","6134","6585","3361","5089","7353","10305","4124","7128","6519","6360","8119","9950","8323","2303","5805"
"1.60_842.59","2893","6583","3527","2269","5010","2913","3051","3180","5256","1762","3076","4331","3006","4300","3749","2925","4997","2199","3895","4973","3234","5177","4787","4569","3052","3134","3390","6218","2655","3727","3841","4159","6979","3747","10727","3999","4742","4915","3872","4514","2916","4709","3181","4438","4340","4691","4024","2241","3482"
"2.31_770.61","13238","33714","17207","11164","21868","10892","18556","11468","23639","6256","21255","21119","12618","14571","19426","19612","18737","8693","46237","17978","21296","39650","8987","17727","11198","20193","12674","14302","10032","20811","18717","20186","23420","11962","34358","17629","16240","16886","16353","25727","16585","12874","13586","23519","14733","22321","10610","12739","14266"
"3.19_684.61","2993","5688","3757","2389","4336","3644","3424","3839","4275","1072","3568","3874","2848","3269","3826","4634","5155","3362","4969","3865","3052","4206","3902","4219","3537","4884","3462","3650","2925","4326","3619","5612","4795","2685","6578","3187","2782","3683","4195","3886","3218","4579","3238","3785","5362","4827","3431","4415","5297"
"3.35_977.85","1205","1602","1465","1695","2186","3826","1999","2426","7231","1113","1795","1767","1738","1871","1633","2891","13005","1531","3566","2660","2213","1008","18824","5751","3777","4016","3779","4484","2373","2109","6440","2175","8807","1993","3190","3712","2606","2854","6821","4799","1986","2794","4393","2428","2577","8658","7787","1674","6290"
"1.40_848.56","1515","2106","1972","1621","1787","2637","1368","2261","6878","924","1571","2182","1236","1831","1784","1770","14276","896","3023","2060","3501","1579","10029","7308","2249","6134","5346","8443","2019","4252","3819","3435","8492","1257","3966","3646","2053","3690","5380","6258","2826","4172","4859","3666","4288","8591","5398","1822","4178"
"1.58_818.65","2941","3428","2431","1378","5244","2256","2532","3364","5118","1280","3863","4849","1722","3692","4711","4052","5379","2485","4070","4263","3657","3599","8024","3642","3546","4101","3995","4910","2194","3210","4076","3950","10218","3296","8162","3579","4564","3090","4812","6508","3419","6742","3509","2444","4413","6216","7501","2781","3270"
"2.88_520.51","844","1658","863","4153","1985","7965","3076","1168","10595","226","2147","1680","1535","1240","3118","1841","9229","735","5564","4555","8890","1338","8002","6631","8690","7424","9829","8312","4531","11524","7151","9603","11634","981","2445","5471","1328","8563","9046","9292","5480","8601","8888","3150","8502","11439","7200","3919","6700"
"2.38_1522.16","21935","49919","33255","20195","56570","14354","30708","38073","40467","3563","38467","41250","13466","66151","37651","68911","78897","15819","72298","42599","45923","70072","60566","37610","25458","49808","37306","57828","33943","30705","54833","39680","51575","17282","75715","68672","33590","48848","37120","71302","25106","46508","32045","38378","41624","47439","32608","24241","52603"
"1.84_800.58","46171","65246","42289","25917","85412","45587","49547","52850","76747","21112","60769","77183","27223","63299","69872","48446","88822","32070","78736","76125","77901","66226","80422","59884","56217","68766","79719","93493","50563","59026","64353","74319","124628","39333","124002","60451","56038","68478","65082","103224","63524","74322","56767","66494","68375","88228","75746","32596","61044"
"1.68_792.57","521","1057","753","1738","396","2285","806","692","11099","372","845","968","692","805","728","978","24585","498","4679","911","3931","941","26854","12412","1206","16489","8287","15687","1179","3812","9175","5145","13858","663","1070","13012","920","5108","8864","9756","1574","4972","7507","4697","2929","13827","4528","965","10180"
"2.13_896.59","3237","5685","4183","2377","5402","3591","3121","4265","5537","2038","4546","5190","4325","4296","3772","5888","5223","4474","6740","3570","4823","6265","5117","4544","6179","4427","3599","5908","2285","5374","3654","4399","3871","5956","5595","4263","4442","3310","4161","8148","5949","4289","5349","6266","5646","5093","3640","6176","7037"
"1.32_872.56","4518","7217","5038","3134","5760","3084","4252","2664","10624","2395","3948","5273","2011","6017","4564","3644","9286","2303","6633","6386","6100","4463","9591","10062","3644","6436","6974","9851","5213","7655","5131","5853","11297","4982","11174","6484","3952","5817","9902","7641","4051","6405","6626","8042","6665","9430","5721","2662","6006"
"1.70_776.58","16137","14512","11985","8543","20899","10642","15489","15499","17845","4982","14913","19933","5789","17458","12556","18002","31475","7694","17989","20356","19928","16240","42984","18732","16410","22895","22304","33468","18109","15626","25374","20039","29570","8371","21894","26822","15178","17418","19582","27205","16678","26304","18193","17768","19720","28588","25212","13173","26489"
"2.92_704.58","11200","11307","12485","3206","19303","5003","17739","7627","13288","9887","6719","16952","12942","21499","9006","18214","4934","9850","15111","18267","20793","16754","20538","14514","19580","7910","14748","18368","9777","7262","26183","13683","29047","10563","13568","11767","10013","16347","14399","17830","11194","23195","16132","14731","19169","16788","17231","8576","10014"
"1.97_599.50","7486","5737","6564","2206","9238","6647","2669","12142","4229","3256","6152","7344","44106","16891","4406","11729","2769","10344","4220","16594","6973","10075","1817","3455","18354","2896","2669","2339","3443","2614","2955","2585","2764","15194","5856","2907","10591","4092","2920","3845","3734","4599","3004","3332","7146","3093","3706","5791","3402"
"3.03_931.77","3959","5132","2458","3864","5524","6112","4665","3974","8034","2703","4998","8697","4337","4637","3216","5673","8130","4399","7860","5822","4195","4716","11786","4669","3777","4858","5109","3991","3979","3949","7426","4520","10785","3552","6830","3051","5426","5647","7384","9333","3737","5693","7380","3601","8732","5530","15899","4340","6080"
"1.60_756.55","13439","20350","10419","8290","24411","10862","17826","21260","11943","7776","30662","35320","3712","14827","12626","9286","16852","7250","21078","17312","15673","17190","12878","12996","8743","14731","11509","23909","11543","10540","20642","13464","19555","7418","21402","14178","17885","15468","11443","22031","12785","12678","11038","15303","12979","15201","15656","7210","13486"
"1.33_820.57","1597","2556","1348","5102","3401","9025","3729","1558","16394","744","1189","3481","1042","1644","3644","1386","17361","504","7195","5797","14370","1145","24233","8043","12480","10535","13999","18677","8297","11925","6390","8551","15228","2047","4899","5676","3803","5178","8711","16609","9974","21725","14833","6469","14232","19173","13284","4049","12356"
"2.84_663.57","10600","13957","12932","4112","18814","7497","11343","11620","5956","8317","13698","18016","15448","17000","11755","16075","9811","9654","11191","17297","9728","14244","18059","10641","7631","5864","6594","9373","5140","5090","15677","6359","17537","10568","16651","10649","16007","9092","8692","9660","6527","11890","8157","10913","11065","9583","13817","8796","8467"
"3.19_751.82","832","5447","338","884","5286","645","5912","899","1394","616","2989","5918","660","5937","1079","1323","6315","473","7768","7745","6929","3609","10982","6175","1822","2735","5900","8702","551","340","10143","162","8885","1142","7193","5203","3640","2670","1692","6789","357","4359","3039","5893","7859","8639","5881","518","1860"
"4.11_577.57","1145","3328","2261","1622","4035","1728","3498","3773","3184","615","3088","4493","1345","5194","1251","2530","6552","1570","5348","2122","2454","2744","8408","2624","2751","3070","1996","3199","2815","2590","7784","1447","6507","1372","6070","4139","1578","2290","3434","2990","1602","2732","3082","2724","2849","4792","6962","1455","6814"
"2.60_757.60","1943","1862","1228","1739","2127","2749","2337","1888","3222","1616","1724","2470","1585","1927","1604","1595","3547","1872","3804","4093","3723","1986","5586","2003","3461","2571","2427","3893","3375","2361","3679","2905","4174","1442","1767","2007","1992","2393","2947","4104","2966","2864","3231","2353","3053","3867","2806","3133","2247"
"2.53_721.57","6187","3781","6340","5412","10094","9983","8816","4492","12492","5320","5152","7677","4347","6815","5436","5611","12937","3720","18488","15798","16251","5731","16775","8313","12745","9163","11350","14204","12798","12078","14151","10331","10861","3820","8277","7750","8272","9967","8874","15120","10399","10118","10694","7493","11743","13287","9801","11164","9582"
"3.57_986.87","4361","5601","3002","3939","6564","8593","7099","5370","12797","2701","5642","9805","5411","6260","4689","6625","9329","3624","12867","5339","5997","6774","31639","9264","9369","9445","9493","7602","6635","8426","12780","3737","11422","3881","8312","5631","6164","5114","14020","11920","5010","6280","15565","8181","8260","10118","17082","8039","13087"
"1.86_776.58","12950","16055","14284","13670","20657","16003","15329","20034","25312","5478","17528","18986","10171","19632","15805","34371","38043","9784","19743","24133","26251","17771","49785","23402","23761","25162","30332","36358","19798","24713","31799","29163","45979","12258","27025","28750","13897","25629","26556","38300","20353","46305","22841","18519","32686","44950","42240","17580","33718"
"1.58_843.66","3639","3084","3445","2570","3660","3674","2910","3282","4939","1737","3353","6489","2810","4204","3694","3254","4611","3187","3140","6715","4032","3266","6604","1636","3744","3853","5223","3561","3363","3903","5816","4253","6804","3361","5150","2709","4396","3371","5063","5055","4120","6808","3700","2898","7151","5700","6814","4176","5756"
"3.37_974.87","21959","27548","14973","19439","39618","21927","33296","25386","24943","13635","30761","47618","16948","29239","17589","15730","39860","17448","35456","31641","25424","23694","44114","20507","23205","26420","23049","23399","21664","21409","41382","23695","45869","14871","34171","18899","23106","26659","26495","36057","22004","26248","30476","20274","31125","31831","60466","20511","33088"
"2.86_849.64","5430","6382","5401","4365","6543","5240","5141","5668","5876","3071","6675","7028","6360","6535","5350","6285","6514","5147","7982","5732","5786","7588","6121","7268","6292","6222","5851","5775","5682","5679","6989","6188","6043","5039","7896","6093","5971","6111","6937","6787","5696","5408","5327","6368","7042","6763","5339","6946","7332"
"0.88_660.42","3420","5951","4563","2402","5458","2974","2589","3165","3497","1437","3897","5479","1181","4182","2173","2354","3427","1940","4283","5289","3313","3520","2726","4106","2535","3969","3702","4256","3381","3359","4049","2930","4480","2505","7449","3551","4027","4311","3736","3816","2834","2955","2466","4331","5143","3746","3570","1860","3783"
"3.19_369.35","37299","61982","44907","37477","71550","40916","68773","32020","48158","35895","63854","79146","35722","74571","39121","42046","68094","28963","78434","78175","69568","54219","95208","66529","46369","55333","59279","77201","49972","40380","86945","58452","128064","25824","75871","71188","47779","59081","70065","73697","44950","65359","52381","65593","70925","89908","75036","34892","48375"
"3.40_709.62","3276","5261","5276","3405","6391","4847","5283","4139","4774","3946","3842","5491","5424","6335","3732","5700","7366","3285","6270","6739","6567","4935","10110","6168","6521","4723","4420","6895","6060","3997","10209","5041","9524","3923","5693","7376","5297","5543","7129","7439","4459","6643","6085","5558","6591","7467","7208","4898","5796"
"2.59_811.60","13530","18997","15179","10991","21743","12885","14530","14449","25337","4509","21744","20930","9251","20044","19762","17706","21341","11840","25206","14983","19779","24334","15570","15462","14839","18406","19688","22701","13905","16552","19851","19962","16056","13347","26467","19974","18909","16358","15392","23197","12786","16677","16277","18710","14650","20605","13108","13036","17887"
"1.53_822.55","14372","15220","5665","9698","13136","4770","10528","4126","9548","4535","10561","9376","3848","11652","8731","7384","5472","5679","12197","6855","10820","9414","7483","10366","10477","11456","6437","6937","7422","8506","5777","9892","10117","10340","4726","9388","7122","6023","14082","13926","11886","19745","9677","13336","8296","12681","12447","7170","9220"
"3.01_989.85","6069","9322","4515","5292","8278","8280","8124","7511","8632","4807","7063","13965","6704","8015","5909","7525","13705","6300","8873","8828","7062","6086","17647","6788","5803","7052","6119","6810","6116","5662","12234","7721","16562","5631","9416","5388","8698","9651","9798","12757","6005","10535","10801","5399","13175","9121","26658","5826","10712"
"2.33_1469.13","4138","6850","5178","3569","6195","4381","3948","5761","7730","1364","5968","6114","3709","6698","4539","8570","9314","4271","7834","4983","6336","8127","5690","5492","3900","6148","6067","6269","3838","6411","7576","7109","8347","4417","8171","5728","5703","5304","4843","7827","5255","4894","4366","6463","8021","4821","7277","4105","6772"
"1.53_843.66","8237","7650","6155","3989","7355","3887","6427","4494","5143","3001","7426","10474","4790","8926","6190","5807","4611","5035","4638","9480","7547","7881","9595","9777","6860","6795","5907","4608","3838","5260","4868","5334","7052","11991","8839","4928","6808","3190","8937","9479","6332","9159","5353","8478","10328","7635","7864","6709","8673"
"3.65_822.77","65290","89011","48401","194579","80320","201512","110341","39120","151983","27663","70370","60497","45778","72385","90521","71668","209036","38120","106223","129395","115324","70606","293114","241202","188630","257362","140128","117706","288397","182303","294035","191027","352737","42675","107539","287868","97556","339990","427276","365825","200307","274319","324673","203082","255059","312631","394880","153766","476068"
"1.21_804.54","2211","3786","2372","3162","4193","3947","2440","3237","4866","1622","3677","3966","1728","3944","3970","3119","6602","1728","3142","4474","4957","2299","14534","6022","4483","8015","7650","8364","3575","6741","4816","5806","16862","2682","7136","6142","3681","5128","7394","8210","5206","9309","5666","4643","8727","9224","12039","2537","8075"
"2.58_763.66","6557","4927","6404","2373","5876","5279","5470","7181","7867","2185","6972","6920","3948","7748","7348","6780","7966","4425","6434","7406","6987","8767","4105","7675","3294","5822","4934","6209","3375","6363","6468","7893","6519","4225","6616","6539","7745","5693","4686","7150","5602","4131","4482","7306","6622","4489","6470","5014","6395"
"0.18_184.07","3672","4347","13967","152","2657","136","1005","7408","269","3057","2838","3777","1489","9640","1104","3875","426","2097","353","1265","196","4306","342","247","211","347","299","250","96","400","339","182","977","2686","1308","336","4345","192","316","256","271","267","176","226","572","340","515","267","341"
"2.53_800.71","17055","14131","13233","19689","22610","33214","25214","12745","41306","14263","15023","18222","13916","15814","19630","17610","38951","11830","54110","49580","50201","22204","31266","26070","41726","29147","35093","40797","42174","31361","36761","37570","28288","11867","20600","23755","18778","26570","24210","45894","33954","28145","32095","24262","34551","33890","24908","35569","23594"
"1.82_809.57","3643","2647","2004","3998","3243","8773","10219","11469","2142","2822","2490","3661","8149","15146","9511","2020","10630","13012","3043","3735","11371","2356","10522","4638","4208","5001","4449","1660","3220","4959","2377","2985","5995","7986","2982","5646","2282","2238","13786","13024","12065","5454","12943","12559","11133","3866","2328","2537","9546"
"2.05_806.63","12471","35842","17412","12556","22434","8547","13393","9246","6681","3369","23998","16611","10361","28920","9918","9145","3879","7550","25700","8984","11714","15519","3320","8341","4404","11213","7002","3666","6386","9616","15249","17500","11406","13440","26089","18587","13032","18218","11584","8402","9447","5804","6844","17497","8623","9082","5515","7143","10570"
"0.94_704.45","3083","4385","3073","6116","3229","3550","3460","3707","6353","3012","3366","4646","1656","4831","3292","3350","7865","2210","4476","4674","4000","3755","16889","9820","3729","17693","8878","9283","6432","6661","9120","7042","14943","3435","7223","9975","4128","7520","10717","12658","7280","9154","10248","9272","9076","10800","11127","2690","14700"
"1.05_314.34","1841","1570","1159","3274","1162","1019","1230","1109","2235","1302","789","3035","1010","2735","1825","4641","1218","1553","1255","5665","1426","1449","2622","1786","2084","1289","1403","1331","1311","1401","893","892","1595","2296","1830","1775","784","1665","717","900","1025","1309","874","1248","2324","2165","1537","1402","1083"
"1.52_836.54","6794","13440","6289","4785","8679","1658","7934","2278","10513","2699","5799","5296","2930","10263","7181","7591","4260","3252","8131","8662","8893","8819","8612","12510","6728","11024","5295","7748","7076","7183","2966","4925","9079","8723","17017","8297","4188","3962","10766","11682","6811","10673","6746","11502","7943","9377","5367","5360","7730"
"2.12_367.34","7591","4772","7125","4881","8991","9027","7858","8533","8193","6479","6879","10154","11168","8430","6610","10422","10673","7816","7950","12655","11402","7238","18283","9361","10746","7081","7988","9624","7030","4866","12131","7591","14425","8668","8211","7025","10944","7348","8380","10151","8047","10882","9689","6608","10002","10449","12835","10853","8247"
"0.72_720.44","3058","3883","2414","3834","2403","4281","3007","2276","4369","2236","2439","2586","951","3042","3458","2717","5548","1890","3603","3693","5276","1515","13016","6149","4152","7542","5428","6066","3622","4724","4634","6240","17034","1417","4146","5324","2237","4356","7259","8257","4879","13051","5085","4965","7396","10088","16581","2041","7718"
"3.14_911.73","3835","4629","3593","4753","4657","3936","5495","5815","2622","2946","4908","9507","4177","6573","4236","5534","11683","5260","7544","5499","5301","4983","22624","5599","6483","4363","4208","5541","4842","4575","12712","5998","12790","3975","6909","3851","6051","6293","5761","8831","5387","7845","10938","3980","9447","4502","19488","6089","10569"
"1.17_834.58","3032","2204","1039","1984","3668","3537","3641","3166","6744","1389","1876","3326","1633","2469","3884","2752","7180","1590","6238","4938","6760","3057","6344","4196","3942","5395","5109","6998","3895","3582","4471","4627","5062","2188","4379","3076","4381","4368","3120","6916","5823","4960","5416","3879","4196","6679","4582","3957","3717"
"2.40_536.50","2716","3802","2501","1874","3020","2379","2275","2725","3140","856","3708","2910","3376","4259","3010","5871","3487","2614","3727","4570","3470","4169","3846","2558","4631","2191","2717","3138","2434","2749","3059","2733","2939","7228","4094","2975","2513","3109","2536","3453","2590","2897","2841","3118","4252","2664","2939","4086","3398"
"2.15_759.31","5977","11390","6248","5854","10668","8086","6984","8563","10411","1496","9479","11479","5330","10167","7489","8779","9370","4147","9517","9542","8210","12027","5224","6729","6256","7637","6956","7919","5980","7098","6085","9027","8565","5303","11670","13406","10818","11194","7873","9437","9587","6732","5338","11122","8544","7614","10009","4687","8011"
"3.17_832.67","19388","19915","14547","19315","15266","15125","19166","9498","17699","18649","26722","17283","15195","21832","12934","14824","17670","15100","15607","12193","21740","14496","9908","27869","13431","17205","20071","23962","16612","18852","20649","24540","36681","9697","14863","31825","7532","20716","33459","22005","17213","30588","20605","20148","19218","34127","21546","11421","14333"
"3.65_721.65","3377","6220","3488","11075","5430","11563","7029","2641","8679","2061","4306","4371","3211","4117","4389","4521","13648","2767","6423","6983","7003","4576","19128","14370","10367","16364","7220","7808","16746","10900","18973","12549","28180","2949","7902","19616","6328","20991","30896","24684","10983","17503","20664","12236","14635","20651","30544","8451","35395"
"0.79_652.42","23559","27242","20482","15615","17731","12074","16405","27737","14138","13664","13907","24184","8741","28918","11712","17727","38684","14472","19130","16646","20378","17504","48228","21942","16516","24369","22523","27067","23947","19447","24054","21965","54932","18146","27162","23736","10064","20247","23698","30496","26237","37958","23423","14153","26624","31817","45775","13030","27082"
"3.02_988.85","9845","13170","5490","9787","15514","14052","15072","12613","14685","7522","12657","21476","11002","12431","9416","11989","20019","10206","13683","14993","11563","9796","30094","11018","10309","11414","9756","9959","9306","8804","18906","13121","25898","8842","14650","7528","12894","14625","16545","18861","10723","16644","17625","9757","20072","14582","43296","9857","16805"
"1.31_820.53","2618","3612","2639","4941","3107","3197","2725","1882","8689","2387","2827","2989","1335","3793","3500","3712","11923","1649","4220","4513","4711","2920","15459","12655","3379","13198","7257","10698","4688","6582","5883","6481","13957","2701","6066","9737","1768","5303","12293","12161","7835","9689","10153","8720","8298","13154","9492","2507","12119"
"0.21_146.06","4382","8234","4906","9031","5056","8633","3859","5363","5552","6544","5758","4692","5685","5714","7224","6427","6760","5073","4119","8854","3479","8634","6540","5988","5373","6870","6223","6136","8568","6819","6406","8125","4624","3702","10308","4750","8665","7837","5241","6271","5534","4363","4041","4003","3506","4884","7877","3432","6471"
"1.41_876.60","1646","2683","2287","1800","2963","2104","1651","2098","5024","1131","1643","1860","919","2227","2175","1343","6340","1297","3494","3412","2837","1998","6960","3718","2691","3520","3729","5632","2831","3715","3612","3770","6837","1921","4160","3211","1569","4220","3938","4272","2219","3216","2944","3067","2945","5257","3399","1437","2912"
"1.41_791.62","3999","8393","3990","2314","8891","4913","4278","8252","7602","2279","6586","9868","4027","7420","8145","9502","11477","3505","5759","12929","8591","4300","19558","8906","7265","9167","8876","11581","3961","5984","8876","7071","19941","5712","16280","8223","8896","6227","9500","15141","6988","17265","7414","5190","14069","12723","19304","2621","10118"
"1.53_874.58","2131","3023","1715","1424","2181","1627","1830","1199","6835","846","1619","1794","958","2721","1576","1624","5275","1049","3047","1807","2845","1688","4345","5775","1549","3603","4126","4464","1838","2940","2032","2052","3597","2195","3410","3386","1653","2004","4454","3228","1948","2886","1864","3348","2539","4531","2541","1355","2043"
"1.31_888.56","2921","5352","3338","3355","4206","3242","2575","2413","9118","1332","2472","4043","970","4633","3649","2266","5128","1454","4780","4421","4453","3571","8189","9116","3487","6477","6307","8558","4293","6767","4207","4098","10940","3537","9897","5528","2558","5738","8277","6224","4643","6902","3924","7169","6071","8084","5509","2516","6199"
"2.85_725.62","19711","24576","22578","9552","32379","16137","23480","20128","14142","14945","23364","31828","28348","28135","17889","27318","19095","19032","22967","33433","21435","24871","23322","20152","16256","14138","14131","21634","11770","9458","29959","14509","28347","19666","31332","19958","25923","18869","16963","20083","10760","22466","17144","20714","22018","17730","22832","18149","16233"
"2.95_1136.80","5347","3453","3471","2091","3592","2773","1895","4178","4200","1270","3979","3180","2944","3161","3085","1909","2981","4839","6901","4242","3588","4289","3069","4543","5219","2487","2918","7923","3579","3170","2874","4052","7553","2028","3523","3036","4792","2010","3689","4313","1992","1626","3400","2611","2960","2251","1444","2846","4304"
"1.33_876.60","3069","3979","2836","2811","3494","2901","3540","2414","6633","1372","2748","3016","1477","4443","3408","2453","6407","2154","7740","5063","5161","3830","6321","5241","3764","4346","4691","6225","5700","4913","4685","3903","7353","2962","7507","4636","2930","5014","5973","5575","3643","5255","4860","5851","4396","6203","4028","3094","5393"
"3.33_911.73","680","1107","912","772","1273","1362","929","1104","4061","423","655","1089","1368","1124","515","745","8234","988","2186","1279","722","903","13108","3682","1449","3347","1679","2580","1798","1376","4169","1599","6122","779","2232","2760","1249","1987","3653","3812","1063","1807","3096","1202","1604","6251","5790","675","3653"
"3.21_764.83","627","5220","767","521","7965","388","7613","317","2974","436","2935","4412","622","8751","1985","720","805","231","3519","3663","10329","628","3552","6835","591","10493","3757","547","283","2551","3940","7310","4832","392","6536","9022","4750","3502","10308","9400","6630","576","2629","5524","8188","7328","4687","643","2571"
"2.15_760.42","5153","7128","3237","3135","8391","2983","3104","3458","2352","1152","5678","5936","2559","6486","4692","3409","5900","2655","11938","7418","6653","8102","2852","3403","3102","4115","2988","3362","3327","2436","3592","3830","6415","2763","11078","4879","5347","4165","2834","8755","3559","3081","3392","3645","5412","4664","6347","2910","3097"
"3.54_917.79","4489","6306","3555","4173","6450","7161","6599","5791","9315","2943","5479","9668","6179","7583","3562","6600","12764","5074","11773","5987","7090","6670","33585","9258","10228","8435","8463","7809","8010","6838","16543","3778","14531","4018","7968","7285","5832","5839","11696","10379","4394","7269","14006","7455","10361","10430","18672","8484","14275"
"3.19_906.77","11036","13559","7304","8730","18497","14934","15793","14381","17316","7058","12681","26527","13956","17278","7703","14195","32101","11971","19158","15428","13886","12011","66041","16364","16305","13722","11137","14032","13222","10026","33463","12640","43725","10001","18449","13189","15286","15596","21250","24282","12018","20462","22871","13764","22629","20814","61262","13865","25105"
"3.20_931.77","4729","6580","3052","5007","7022","8162","7919","5586","12642","3671","5922","8747","6861","6044","4601","7844","14204","5189","9758","7215","6561","6134","38650","8776","8739","6922","7065","5997","6343","5783","12436","4874","14647","5551","7475","5096","7593","7204","12394","13727","6742","9552","13867","5406","12077","10247","25247","7231","13251"
"2.49_367.34","5610","5368","5419","3484","8660","6155","6408","5684","6383","4359","5552","8855","6569","6807","4932","6913","8592","4507","8453","10766","9404","6683","12835","6840","8988","6040","6185","8074","5617","4201","8876","5309","11638","5776","7584","6197","7892","5645","6794","10228","5292","6637","6701","6264","8057","8188","9776","7338","6599"
"3.15_767.71","30494","37620","34237","32505","50527","24963","44053","25210","27342","29797","41318","45744","19018","33960","37847","23094","27594","20094","43229","50229","44837","43293","26999","28281","26949","35869","36482","40036","30716","32451","34089","31976","31641","21032","40402","24840","33465","31449","24452","31444","27666","26853","24503","39331","35773","36835","27299","26443","22718"
"4.11_577.52","24518","73075","54795","35413","79131","41799","71501","74786","65379","13195","68525","90358","24123","122553","25532","48131","130523","37243","115145","45098","52442","60192","155215","57891","53336","65985","44758","70080","64377","55970","138264","37542","134739","19993","137250","89746","34186","49123","71436","69530","32204","59231","69005","57851","65070","92435","134517","27987","128039"
"2.22_743.54","2998","6409","4129","3583","4773","2932","2898","4944","6851","1483","3412","3661","7075","4252","6145","4989","4349","3447","5450","3214","3875","10717","1226","2360","4386","4166","4876","3737","3422","5332","3905","4308","2290","5136","7073","4738","4352","4152","3476","5125","4181","2388","2688","4668","2973","3054","2539","3724","3649"
"2.12_797.69","9357","4545","8209","7213","9784","14257","12417","10003","10566","11229","7934","10242","19491","8583","9408","16107","14303","12549","9555","15406","15232","7573","26815","11079","19164","10598","10057","16616","12147","6671","15754","9693","17722","11180","7777","10885","13451","8189","13118","14268","13368","18738","16340","10540","14887","11808","20698","20579","12414"
"3.01_946.81","4042","5127","3037","4532","6115","5746","5044","6948","5612","2588","2625","6587","4342","5093","3933","6178","13401","4343","5709","5489","4170","3844","20128","4602","4680","5043","3780","5388","5390","3356","3358","5183","9483","3430","6641","4985","4452","5863","6071","6858","4343","8144","7883","3811","8118","7629","13924","4124","9792"
"3.18_976.85","8535","11192","7545","8138","14144","11436","11224","13165","12930","6696","8984","17642","13407","13890","6964","11574","18605","12279","12901","12552","9542","10711","31496","11075","12998","10741","8027","10053","10442","8707","18327","10140","21133","11062","13748","9655","12119","11726","14396","15284","9391","15556","15975","8917","15170","13043","31680","11940","18103"
"2.33_732.67","6823","6045","10025","4405","13538","8534","6680","8311","10791","3377","10025","11243","11042","9415","9337","5573","9004","4465","6715","9386","8080","12265","9639","7143","9026","6493","2187","4791","8496","10623","6464","8495","9316","9724","9738","7980","10853","10458","6942","11720","8106","3855","7450","6517","5532","6750","8963","4031","9999"
"3.39_871.74","8873","14305","6855","8585","16810","12665","17236","14060","16264","6849","11066","25024","9184","17316","7500","10340","31859","9938","20233","14950","11971","11725","58810","13720","15134","14537","12182","13801","11693","10193","33074","12136","38348","7931","17975","12813","12355","15539","18407","23970","11390","17469","22470","9861","21051","21789","54550","10288","26064"
"3.17_962.84","3923","5749","4328","7219","7566","8285","9214","12353","9240","3234","4615","9584","9998","8572","4490","13702","18427","9958","7832","7588","7017","4082","31020","6475","11382","5294","6075","6740","10041","6877","13185","4530","9351","6157","11673","8014","7626","10902","10338","9222","6998","14417","10916","6010","13905","8667","28106","6682","23775"
"1.31_890.57","2945","4554","3457","2964","3023","2064","2367","2835","7332","1952","2590","3635","1557","3911","3841","2230","6800","2215","4758","4622","4205","3389","8409","7228","4019","6438","5013","7974","4084","6020","4264","4070","9560","3289","7699","4461","3061","4321","6524","5407","3023","4143","3662","6713","4774","7814","5018","2556","5132"
"1.99_835.65","9045","7734","6566","3648","10194","7281","7001","7719","9596","4942","9928","10573","7161","7875","8328","6731","7832","7870","6363","4150","9672","9944","6713","8071","8634","6860","5902","7860","6573","6722","4371","4654","11352","2960","6668","8780","6156","7777","8145","8847","8363","8217","7532","8136","7019","8848","6997","4648","6873"
"1.14_848.56","1746","4369","2684","2429","2385","2116","2120","2441","4211","1384","2077","2206","1616","3167","2104","2615","6984","1292","5527","3014","2839","2837","5454","3037","3143","3366","3927","5694","4238","3030","4054","2803","5869","2325","5542","4130","2006","4360","3309","5246","3157","4018","3708","3915","4530","4095","3503","2044","3680"
"3.00_293.21","1788","2737","2240","1703","3095","2989","2708","2131","3518","1818","2162","3970","3472","3370","2044","3443","3604","2303","3748","4160","2923","2786","7963","2740","4175","2646","2310","3876","2667","2125","4880","3009","6070","2286","4224","3562","2855","3448","4098","3596","2944","3835","3350","2515","4167","4020","4861","2573","3147"
"2.07_166.06","4640","7201","4927","3618","5836","4701","4422","5476","5953","1735","6870","5944","5726","5721","5517","5633","6331","3937","6728","6556","5358","7681","4963","5857","5398","4770","4871","5635","3885","5894","5151","5647","6082","5498","8210","4991","5584","5918","4678","6701","4920","4517","5106","6490","5182","5600","4408","4202","5502"
"0.18_140.08","2320","2421","7630","42","1724","97","559","4194","119","1721","1695","2346","672","4984","473","2017","202","1064","137","568","82","2426","48","52","80","44","86","74","46","50","112","38","191","1184","710","170","2590","71","51","0","55","52","56","56","229","148","309","207","196"
"1.43_788.60","2543","7113","2281","4271","5844","5559","3297","2541","7996","1652","3386","5989","2344","5879","7204","3667","10657","2262","4546","9207","8045","3196","24957","7254","7218","11253","9585","12516","5358","8016","7227","9334","28173","2614","16039","8695","2527","8040","12345","13511","7924","18405","7630","5674","14926","15310","23312","2416","11584"
"1.99_824.58","5620","12249","7032","4468","9200","4521","4529","5275","8796","2118","5919","8085","3720","8756","4455","4014","5049","3288","8298","7348","7176","7955","5240","6426","5325","4428","5933","7653","5305","6507","7438","5858","7298","8151","16388","5763","7242","8904","6920","6387","4064","5281","5139","7396","7450","5130","5244","4861","4705"
"3.20_932.78","4372","7117","2700","4575","6724","6984","6449","4756","9790","2782","4590","7551","6582","6078","4670","6943","9727","5434","10140","5851","4731","4880","31903","7423","7686","6332","6738","5251","6287","5223","9792","5019","11961","3769","7417","6723","7838","7656","9524","11961","6531","6448","10615","4785","10076","9497","16629","6453","10459"
"2.33_735.71","8495","11926","10152","7099","11920","8448","6255","10494","11995","1127","12358","11385","5222","12188","9786","13310","14713","6743","13644","10455","11933","10564","10594","8987","7035","11173","11169","11266","6991","8868","13922","11942","13009","9483","13620","10283","11393","9886","8940","13813","10561","9317","8872","11625","13022","9364","11230","8211","12569"
"2.15_759.23","3960","8548","5474","4652","10521","5604","5161","4430","9308","1749","7847","9249","5070","8171","4623","4268","8309","3881","7626","8119","5367","6804","3401","5718","7924","6910","5338","6648","3944","6440","4700","5622","6934","3359","9564","5359","7543","5673","6889","7164","5514","5687","5739","6008","6454","7085","7361","3309","5418"
"0.66_125.00","3736","3660","3925","3250","4020","2582","3296","6348","3379","2394","3623","4649","2422","5449","3594","6720","4493","3451","4237","4686","5005","4559","5392","3923","4023","3915","3725","3831","2131","2814","5530","3648","4448","5062","6499","2553","5549","3373","2950","4966","3630","5777","2299","3496","3579","3974","6729","2987","4753"
"1.99_833.64","16264","12701","10748","7127","13875","14077","13417","16446","9665","8249","14030","11219","22145","15337","9950","9436","10599","10670","11752","11322","12812","13788","10390","15506","16929","11051","13535","16412","11500","11361","13493","11843","18294","18057","10756","13371","9732","14665","11278","13065","11755","10759","12450","15969","11937","11473","10317","7724","11859"
"1.68_784.58","2820","3687","2449","3484","6063","4703","3963","2534","5866","2051","3405","3941","2066","4058","2954","3259","6438","3347","5623","4111","4585","6139","5690","4721","3392","4826","7193","5074","3164","4901","3938","4336","7057","3213","5055","5209","4196","8750","5494","6664","4247","5025","4194","4338","4590","6272","3941","2800","4080"
"2.79_837.67","12231","15657","13024","10809","16174","13244","13025","14937","15340","6475","15812","15912","17459","15935","14139","15373","16369","11436","20239","15574","15849","18791","14723","17321","17832","16453","14437","15167","10698","14256","17127","14806","15305","12418","18595","13152","14872","14871","16330","16733","13843","12476","14227","15455","16977","17349","14449","15779","17317"
"1.55_790.62","1018","1119","541","680","896","1009","1164","812","5250","507","958","1295","598","1263","865","594","9219","534","2103","734","1619","807","5919","6171","1187","3684","2661","4887","871","1315","2235","1935","3524","919","1002","3152","1028","1250","4265","4493","674","2154","2086","1682","1074","5386","1746","563","2223"
"3.59_916.80","3610","4046","2100","3263","5446","5415","4797","3917","9143","1928","3874","7498","3795","4321","2999","4023","7960","2338","8561","3285","4386","5684","27018","7927","6796","6753","8542","7087","4352","5516","9396","2897","8659","2837","5173","4099","4629","3852","11421","8968","4676","4563","12235","6172","5195","7752","11813","5435","10409"
"1.14_676.45","13974","15085","11599","17942","14085","12641","13632","16703","15729","10479","12634","19667","6634","14407","12296","17366","19855","7918","15159","17499","15490","12454","30402","22085","15286","22685","18712","22957","17228","13535","18975","16983","35097","11637","19341","25551","14013","21657","20434","27982","22394","23143","21170","17748","21484","22884","31882","9665","23642"
"1.43_838.56","4421","8363","5240","2726","7067","2940","3658","3928","4967","2696","5574","6741","2460","6478","5118","5891","4946","3496","4878","4357","4379","4683","4935","4702","3008","5204","4932","4994","3185","3653","5161","5136","9462","5373","11397","5622","8205","4931","4878","7000","3993","4787","3413","5234","5302","5802","4760","2299","3985"
"1.31_810.52","9827","11422","8374","5781","13247","4353","9332","6117","9863","4516","8623","10645","3588","11985","8997","8863","8768","5675","10777","14158","11489","10484","15097","9926","7769","10290","8181","11117","8801","9820","7352","7449","14418","7330","17432","11354","8549","7896","9599","15722","9725","11705","8944","10953","13327","12841","11051","6977","10302"
"3.44_998.87","7247","11478","5158","6112","11983","12817","10690","7482","19684","5131","10259","17089","8422","9597","8583","8001","15824","5249","21746","7876","9417","11925","31634","12050","9887","12263","17418","10865","8899","11454","14936","7712","18866","4983","12957","7959","10964","8815","16352","20429","7634","9837","18785","7615","12882","15126","26370","8111","14295"
"2.64_845.63","3383","4555","3913","3209","4455","3849","3557","4040","3579","1854","3862","4764","4693","4268","3453","3209","3463","2916","4337","4128","4857","5170","3715","4555","3153","3560","3555","3349","3100","3900","4329","3808","3881","3260","4032","2886","3764","3775","4894","4376","3803","3292","3226","5139","4248","3862","2989","3879","3685"
"1.32_808.51","3743","6017","3293","3731","5346","2324","4490","2221","6353","764","3641","3723","1662","7073","5694","4165","6046","1811","6989","6840","6151","4274","10132","6466","5800","7344","5863","5585","5954","4981","3733","4414","12252","3320","8940","6161","3203","4143","6824","9779","4579","7646","6084","7327","7583","7560","7295","3700","9367"
"3.12_818.72","7690","6603","5810","4164","7829","5517","5186","7491","7432","3036","7900","5981","6983","5570","6831","7342","8265","6192","7822","7506","5934","9212","6269","7897","8035","7060","6715","7343","5615","7199","7905","6976","7460","6179","11446","7654","7112","8380","7212","8027","4643","11883","4678","7282","7209","7219","7166","7047","6863"
"2.12_763.59","3418","3991","3526","2963","3663","3588","3468","3516","3794","2680","4178","3739","3696","3862","3791","3471","3855","2968","4101","4495","4106","4599","3693","3574","3714","3727","3376","4004","3092","4434","3415","3787","3676","4185","4914","3841","3652","4377","4066","4182","3384","3401","3510","3938","3613","3827","3575","3688","4481"
"0.93_636.42","32643","40222","35025","22003","28081","12581","20724","46018","14088","27463","22254","42584","14878","42244","15992","29593","35188","22365","18245","17317","22119","25953","54523","34547","17024","42010","21695","26894","26556","22218","30969","30329","63593","30878","40131","38453","24360","27666","29287","38177","26657","39094","33119","24256","30640","33732","42601","13329","36918"
"3.21_930.77","3462","4088","2662","2425","4677","6834","4615","3730","10696","2526","4415","6045","4313","4173","3263","4674","8998","2752","9619","3388","4929","4118","37433","6803","4858","6024","6566","4671","4093","5243","8069","3405","11656","2841","5918","3451","5506","3925","10511","10808","3558","6026","10669","3326","6965","7230","16403","4335","8028"
"2.85_703.56","14278","18027","18295","8055","23736","14052","18390","16693","12870","13941","18761","24468","21639","22907","13996","21195","18014","15428","19381","24372","18069","20171","23605","16453","15732","13067","11393","16903","12040","8502","22224","13525","25962","15466","22624","16686","20401","14749","14967","17334","12078","19322","14374","15872","18036","16958","21592","14568","13787"
"1.30_868.53","3686","5752","4978","3766","4145","2950","3074","1962","10401","1666","2726","4127","1252","5248","3742","2259","8264","1760","6390","4474","5019","4178","8416","10725","2629","6892","5612","9160","4373","5326","4492","4139","9435","2917","10624","6103","3409","5487","6756","6927","3287","6359","3468","6951","5170","7091","3927","2550","5613"
"1.30_383.35","15392","17430","15375","16479","14500","9892","12270","12857","11973","13038","11459","12346","12059","10869","13905","14628","12087","9228","11875","14548","12886","16207","15466","14502","14048","13397","11989","12787","15034","13541","14354","13267","17185","18490","15295","15588","17140","22437","16428","14891","8835","8458","10085","11797","10942","10995","10255","9924","11358"
"3.20_933.79","4106","5644","4120","4231","6861","6120","5928","6449","8273","3858","4960","9365","7127","6108","4664","7399","9718","6482","8761","5844","5547","5499","22583","7806","6323","6081","6142","5417","5324","4545","8591","6600","12713","4445","6272","4752","6580","5227","8517","9202","4229","7207","9353","3295","7762","6994","19786","6845","8340"
"0.51_399.25","5624","2753","1136","2918","2938","1182","2384","2138","2030","1547","3382","1457","1670","2312","2307","2617","2710","2469","3136","2670","2138","12661","6536","6830","2620","2522","2454","3013","397850","2220","2253","3218","4063","9806","3407","4877","2077","2786","4061","2528","4085","3686","1970","10471","3281","6546","2167","15478","1806"
"3.65_808.76","59125","77746","43711","159749","71807","163704","98709","35238","120881","25683","63048","52849","39541","63873","76014","61904","174904","33687","92604","105041","97123","59595","237051","194604","153765","213996","116274","99834","235334","144260","233929","153571","281529","37026","93141","236923","85339","270361","325975","281440","160046","214472","257035","169768","208032","251376","299572","127771","360994"
"1.92_831.55","5185","5202","3654","4572","4253","3528","4567","4366","4477","3590","4707","5100","2489","5556","3148","5437","5119","4019","4706","4022","5359","4447","4119","4759","4150","4533","4394","5117","4694","4015","5314","10170","6086","3000","3952","6338","2755","4139","6031","5049","4460","6602","5429","4405","4258","5540","5395","5276","4374"
"1.33_860.59","2950","4559","3516","3020","3054","2096","3754","3200","4904","1523","2057","3388","1003","4146","2828","2766","6247","1780","5686","3490","3835","3312","5417","3224","2975","3135","3566","4097","4391","3220","4419","3464","6894","2908","6040","3065","2673","3633","3521","5242","3179","3722","4461","3963","3783","3763","3705","2564","3682"
"2.01_665.50","287","278","521","2401","345","10766","415","803","9052","152","217","415","994","508","2559","671","5569","628","25244","2313","5971","335","3526","1351","11171","3463","9668","9754","7134","4848","3091","3865","3439","727","430","3470","503","3246","3401","9435","7568","6436","2778","2471","4539","5770","4574","3843","2151"
"3.52_630.62","609","1391","900","2211","1124","3758","1709","496","5760","473","1066","1083","986","1043","1822","1138","5372","542","3245","2319","4070","1070","4218","3165","5203","4278","4913","4697","3147","5391","4325","6300","7095","686","1862","3012","810","3969","4924","5092","3468","4985","3219","1660","4564","7876","3155","2287","3287"
"1.44_789.61","1634","2282","1746","2622","2871","2847","2640","2355","3599","522","2187","2273","1009","2237","3133","1763","5077","1279","2161","3461","3537","2394","13377","3032","1986","5634","4260","5795","1960","2604","2421","3541","14586","1866","7943","3138","2531","3726","6025","6473","3401","9567","2718","2660","8533","7634","11933","2225","5531"
"3.58_960.86","10327","10105","7927","7264","14974","15936","11923","14351","14577","4554","10494","20381","10150","16217","7185","12036","23956","10091","17313","12432","11319","10740","55551","12960","21363","14121","9201","13035","15801","12474","31065","8876","26833","7133","15711","20013","10614","14451","21155","19019","11151","15270","32785","11131","17477","20242","37041","13601","26793"
"3.00_963.84","2400","2675","3042","3374","3742","3476","3780","4844","3736","1856","2253","3980","2741","4359","2889","5097","8892","3788","4079","4108","4020","2436","13067","4125","3421","4095","4192","3787","3748","2638","6459","3641","5753","2876","5265","3948","3499","3942","3896","4052","3044","5431","5027","3414","5329","4885","7522","3228","7684"
"2.06_1510.13","2801","11504","4184","2142","6060","2504","3510","2897","2584","360","8825","5522","3243","7432","4260","2856","1773","2265","7332","3204","3862","7620","455","3733","1930","2587","2674","1044","1324","3367","4784","5003","3752","5122","9093","4983","4787","6043","3898","3923","2141","1368","1924","5869","3225","2927","1187","1871","3451"
"0.87_692.45","5247","3502","3000","3814","5817","2302","5200","4067","7648","4909","4502","8104","2976","6008","4183","7244","8017","3195","5447","3531","6652","5584","10597","8177","3703","11229","7825","6033","3589","5124","7502","6517","13448","2782","7447","7473","7376","5079","4390","6609","4110","5406","6514","6119","6041","10717","9519","2296","9653"
"2.58_785.71","7326","13151","8933","3090","11937","7338","7829","8736","10668","2514","10266","10158","10017","13268","9799","6623","9972","4123","12115","12291","12577","15454","8351","11089","9358","9875","9764","12904","7609","9911","10288","9899","11909","8131","18689","9231","9791","11379","9032","12379","6990","8062","7170","11416","9359","9845","6517","6186","8513"
"2.89_827.70","9594","14195","11421","5535","14853","9498","10635","10407","10915","2771","12309","12620","13646","16527","11551","10402","12434","7268","11708","14756","12303","15041","12195","12317","13213","11775","16453","18235","12218","9901","15303","12976","16652","12197","19431","14157","11296","14838","11911","14017","9718","9730","10991","13530","17079","14879","9645","9754","12968"
"2.19_1018.83","1919","1551","866","2474","1542","2921","2837","2127","2438","2396","1719","2344","3763","1569","1019","2348","3599","2943","1125","2648","1611","1022","14623","2022","3074","2499","1722","1524","2484","1583","3148","2579","5732","2269","1940","1794","2819","2392","3615","3113","2892","4069","3890","1489","3578","3225","12050","2964","3729"
"2.22_794.53","6075","9429","6698","6640","9022","6692","7543","7186","6507","4101","9981","8322","5199","7586","7480","7207","7433","6090","7651","8763","7838","8508","7403","6641","6900","7040","6627","7100","5971","6519","7158","6249","7576","6236","8715","7420","7377","8017","7812","8821","7483","7908","6790","7604","7594","6991","7908","6853","7098"
"2.51_1004.85","2459","2971","2029","3199","3522","3864","3554","4341","3729","2365","2984","3840","4607","3746","2385","3041","5963","3682","3737","4195","3510","2631","16475","4892","4396","3387","3239","3044","3365","2478","7557","2977","6590","3208","2899","4499","4938","3467","5741","4718","3472","4150","6065","2834","5535","3619","12138","3616","6515"
"1.41_792.57","24286","37811","23293","15200","38476","25672","21173","37415","34587","13141","28475","46359","17101","34522","36267","41564","53599","20882","29269","55380","37368","29012","83963","40181","34801","42222","39879","52611","20768","28344","41960","34934","91012","27520","73359","37602","39386","30778","40159","64228","34444","70708","33815","29015","60179","57819","84155","21449","45660"
"0.83_622.41","11263","21008","16256","11034","15223","9152","10449","15224","17872","7005","10675","17080","4888","16779","10373","10038","18697","6360","12820","16934","15386","11787","27555","20693","11813","20555","16585","22582","13563","17233","21330","18406","39614","12648","27807","19105","13073","21892","19434","22509","11808","20322","12935","17242","21498","22767","24271","6219","22347"
"1.85_832.57","18726","26856","20353","13271","24063","11006","13021","20226","20115","11190","17899","26430","12832","25969","19297","18391","26792","13738","16449","15049","19990","30342","9677","17138","14922","16254","18991","18967","13685","14876","15405","16133","22175","9682","21496","16923","12086","18647","14394","17872","20061","15561","15290","16742","16531","17319","13112","15007","12317"
"2.91_696.59","4209","6320","5365","4118","8283","6795","6995","5049","7039","4276","5445","8091","9284","8296","4950","9290","10455","5417","8698","11597","8859","5864","19784","9288","10258","5798","7577","9391","6722","5743","13982","7608","18914","4924","9989","9190","7471","8748","10827","9681","6176","9283","8886","8750","11973","10228","14456","7522","8207"
"2.15_760.38","2767","8855","1886","3127","8089","2375","3029","3443","3816","1118","4916","5901","3204","6035","3452","4903","4479","3451","10966","4759","4416","7819","2976","3263","2496","3277","4015","4076","1961","3024","2720","2780","4615","2288","5682","3202","5714","7779","2709","5684","4180","3814","3456","3694","3438","3512","4496","2171","2838"
"2.40_577.52","3890","7107","4127","4856","6279","4991","4259","5135","9862","1894","4628","5046","10893","7390","5957","6048","8966","4718","9547","4865","6330","13056","3035","5846","7168","7734","11032","6786","4999","9546","7009","9393","4711","6284","6528","6391","10856","7497","7346","8939","7224","4271","5338","7108","7591","8437","3299","6087","5187"
"3.02_1014.87","3811","5053","2001","2401","5410","6905","4233","4148","7434","2667","4760","6836","3440","3420","5840","5700","6144","2641","7337","4019","3892","4929","10018","5434","3924","5055","5475","4148","3768","4118","5280","3477","7461","2487","4927","2682","6157","3554","5414","8128","3942","4640","7176","3656","6338","4967","11374","4156","4673"
"3.60_716.62","6478","9307","8908","6161","11736","4753","10282","6802","5940","5891","10628","9743","5855","14181","5716","13253","9637","4803","9411","8438","8632","9506","13353","10174","6111","7707","7354","10672","7998","4703","12371","6274","11603","4752","7806","11477","5677","7675","11538","9671","6326","10924","8082","8231","7959","12559","9244","5921","8055"
"2.68_880.65","6103","5313","2880","6050","4065","4998","7570","2444","3652","3460","6739","5044","4074","7917","2475","2947","4204","3984","5510","2933","6862","4139","4589","10397","5968","5908","7655","10648","3731","4979","6640","7519","15007","1927","3795","11290","2175","5189","12682","8340","5381","15105","7987","7558","4943","17751","8541","3788","4595"
"2.01_583.48","149","443","102","2510","362","8546","348","157","6899","366","91","0","99","165","2060","147","3651","328","19587","1654","3775","254","2550","1161","8398","3226","7655","7023","5238","4385","2360","2459","2087","99","795","2640","137","1903","2952","7494","5375","4210","2148","2735","3338","4612","2868","2985","2341"
"2.93_754.67","9823","12282","11411","7956","14406","12745","12193","9078","11484","7728","12216","13896","11796","12295","10376","13842","16382","9036","16517","18143","15623","12458","16793","13493","15690","11776","13265","15845","11561","8993","17893","12848","19592","8918","15069","14036","12196","12415","12575","15666","11416","14972","12967","12822","14810","15699","15183","13137","11880"
"2.35_810.66","22987","45514","25063","18129","31768","17188","19281","18492","26785","10243","23002","31033","21070","33009","19702","12538","14667","14224","34970","26534","22241","37505","8534","23108","14698","16691","19110","16432","17952","23930","22126","19684","24159","19537","40850","16590","25476","33748","24530","22880","16988","14349","15538","31817","23115","20461","14413","13444","18809"
"1.00_524.42","7008","4042","4520","3500","6299","4387","4925","8623","7686","3405","7223","7826","4191","7090","7273","8539","5278","4930","6883","5936","6852","7384","6654","5054","5446","4519","5308","5810","3318","2737","7563","6103","5229","7848","9180","3086","7583","4369","4573","7533","4230","6331","3770","4672","4617","5047","7680","4397","5995"
"1.52_880.56","10639","9245","5739","5860","8765","3080","7792","2633","9626","6108","7516","6713","4200","8078","7802","7501","6259","3417","7132","6138","9341","8808","7072","10018","5641","9188","5997","8716","6504","6727","4011","5919","8179","7982","12655","7392","3649","5235","10592","10315","7945","12288","7218","10913","6269","9450","6623","5536","6450"
"2.52_990.83","1438","1491","1249","1921","2088","3440","2472","2005","2244","1571","1604","3046","2482","2231","1495","2065","3758","2575","2403","2744","2106","1566","9203","2424","2908","2327","1493","2398","2489","2241","4427","2193","4545","2093","2637","1968","2497","2068","2727","3162","2213","2982","5011","2633","3173","2791","6707","3036","3568"
"2.07_836.54","8676","13942","9621","7880","12917","6220","5911","6327","5278","4518","11973","9177","18028","14644","11377","9211","3143","5477","9819","3717","5140","11804","1288","4895","5610","7266","7135","3211","5885","7083","6641","9171","5851","10726","9392","10432","10874","13430","10196","6400","6152","4005","4163","6034","5974","5749","2771","5264","4916"
"2.28_747.57","29269","18470","3013","6242","36884","20255","37031","10388","26271","737","5686","6810","23952","21036","10297","50767","7005","1314","11381","6638","33684","5729","5055","5696","6157","13038","9758","58397","14703","2656","7862","10886","910","3762","23663","24675","23816","6940","2086","58787","40124","8411","2948","38152","7386","38159","26629","4784","9638"
"2.22_747.57","14300","35253","26387","12137","24666","10017","20195","28752","17533","4810","19964","20388","11828","39918","24053","29394","29949","12302","21513","27314","20844","29501","23944","20200","18194","25161","26162","31130","27118","16358","25939","21121","29581","15942","44810","46595","15792","26614","16784","36185","21344","24124","19197","20016","28061","24717","16446","17856","27475"
"1.53_842.58","9913","10882","7905","4015","11304","2233","8595","4333","7919","3101","7948","7274","3623","10941","8440","8965","7074","5035","10089","7384","8971","12177","8365","8776","5826","7887","6229","7675","6005","6431","4310","4986","7280","9281","16905","7137","6251","5551","8175","10100","6141","9574","5952","11035","7110","8494","5457","6186","6729"
"2.15_760.53","2799","22211","7670","2840","19432","5818","3778","4480","10810","822","14172","15110","567","12024","9370","5660","9928","2491","13197","14700","11673","8027","5870","4390","4022","9964","6933","6571","3119","4779","8049","10068","12344","691","17109","10892","4832","13772","7691","18135","10324","4957","2366","8572","14565","8178","7860","430","6779"
"3.65_383.33","4264","8416","4078","19873","8117","25484","10372","3608","15250","1743","6648","4866","4560","7598","9279","6874","22369","2717","9271","13015","11881","5369","37626","24570","21390","30344","15718","12231","27437","22455","40709","21196","59399","3143","11556","34508","9111","44227","64191","56255","19329","42032","38432","14802","30172","43429","71467","10998","67379"
"2.72_1004.85","1572","1972","895","1681","1944","2231","1932","2127","3197","1393","1963","2809","2208","1940","1782","1902","4952","1541","2733","2641","1851","1957","14019","3926","2235","3431","1622","2355","1980","2208","4292","2165","5400","1919","2088","3342","3357","2770","4220","4741","1894","2915","4095","1860","3454","3998","7690","1934","5696"
"1.62_776.58","10579","13221","9413","6464","16323","10073","15171","10787","11803","5846","11598","16265","5150","12572","9651","9484","19214","6900","16141","15973","14609","13542","24712","11570","9519","15456","14334","18892","11001","15227","14887","12838","19919","7405","16549","16353","14206","12795","12066","18536","11518","14146","12284","12932","14216","17185","15390","7941","15958"
"2.01_643.51","700","505","444","2952","881","13324","1017","268","10740","770","746","407","548","494","2793","739","7193","415","32937","3543","5566","565","4593","2340","15143","4340","12461","11030","10606","6977","3411","4897","5704","549","1591","4710","466","4011","4422","10337","8624","7913","5000","3488","5747","7335","6658","4978","3493"
"3.10_738.67","4431","6282","6828","3809","8479","4524","7136","12925","5672","3558","5259","6077","6973","15478","5025","15101","17710","6803","8037","13035","8857","9406","36292","5517","9246","5372","7425","9889","15148","4156","14384","5724","9892","4046","8809","11219","5568","9058","8600","13660","9501","14473","14461","9855","13655","8512","12433","12429","17419"
"3.26_970.75","5916","9462","4453","7769","8560","6158","10570","5964","8595","4309","10625","11548","3877","12606","3754","5897","20321","5630","10551","5498","4636","4869","19682","9261","4216","8539","5482","4829","6290","6614","15958","6667","27387","3341","11290","7912","4542","9735","15953","13218","6195","9400","12239","5419","11811","13512","34216","4167","17555"
"1.60_757.56","7334","10630","5940","3528","11746","7775","9568","11094","6147","4448","8793","11129","2667","7272","6820","5285","8100","3441","11512","9495","7694","8859","6160","5658","5824","9178","7220","7356","5469","5915","6816","6073","10838","4097","10692","6752","14802","7933","5942","10926","6012","6555","6151","8068","6831","8325","8508","3400","7214"
"1.98_774.56","6167","9306","7346","4909","9472","6528","6715","9257","9380","1736","8587","9344","4278","10646","8485","8946","11716","5102","8808","11299","10385","8456","14147","8833","8892","9861","9753","12141","6312","9031","10656","9509","13268","5437","14883","9218","6934","9657","8475","12381","6930","12099","7321","8257","13171","12059","10258","7344","12580"
"1.31_834.59","9974","10669","9914","5360","9966","5591","8049","8714","9774","4324","5699","11037","3913","11988","7320","8439","15972","4641","14537","11451","10118","11607","17905","12084","9771","9637","9696","13239","11511","8653","8719","6279","13374","8378","15621","9416","7624","8346","11188","14842","10901","11969","9224","10664","12045","13046","10796","8129","10859"
"2.16_759.14","2868","6113","2021","2021","4919","4387","3704","3396","4969","998","4361","7541","2418","5250","5709","4450","5283","2925","6312","3482","3737","6470","3556","4727","4272","3065","5250","4881","2561","3438","6332","3169","4598","3126","4898","3967","5145","5119","4184","4591","3277","3899","3167","5424","3570","6255","6013","3331","3845"
"2.99_835.65","2782","3322","3108","2117","3394","2754","2869","2760","2649","1343","2671","3327","2727","2940","2820","2555","3248","2042","2959","3727","3041","3327","2710","3223","2932","3060","3399","3348","2842","2941","3049","3037","3173","3201","3704","3105","2822","3897","2814","3614","2552","2621","2569","3037","3444","2826","2437","2470","2716"
"1.52_854.55","4125","5193","2599","3008","3896","1999","3888","1866","6773","1254","4025","3195","1428","5158","5342","1360","4563","1614","4749","5529","4966","3837","7372","7168","4094","6204","3619","6456","3593","5035","3286","3574","5371","3873","6810","4792","2235","3198","6598","7500","4350","7337","5156","6669","3765","6656","3488","2540","4068"
"3.04_929.76","3615","4826","1991","2857","4703","5994","3927","3925","8392","2897","3523","6931","4192","4550","3854","4352","8562","3775","7316","4833","4012","4154","13565","4800","6814","4639","4354","4103","3660","3649","6540","5357","11380","3534","5647","2965","3945","5325","6480","9766","2841","5619","7328","2945","8562","6119","17225","3636","5930"
"3.14_977.86","7331","7828","5228","5692","9108","7640","7780","10372","7842","4255","7213","12262","9030","9594","5083","8474","12453","7392","7856","8896","5591","7438","22258","7249","7134","6588","6252","5652","5417","5371","13094","4366","14036","7318","8959","5867","9380","7224","9402","10068","5022","8556","9807","5904","10819","7580","19220","7669","12051"
"2.07_704.34","3004","4657","2597","935","3644","2868","759","1806","5197","983","5997","4202","3504","3196","4390","2946","4047","3040","3548","4752","3077","6266","2195","3075","5296","3299","2885","3946","577","1853","3438","3388","4910","3353","6947","2445","4732","3934","3029","4445","2383","1431","3156","3765","4286","4196","1844","1577","4217"
"3.33_933.79","1172","2038","1455","1705","1961","3066","1883","2858","5690","975","1004","2722","1478","1301","795","2476","9828","1405","5600","1162","1305","1121","20338","5522","2749","4617","2813","3020","1574","1225","6568","2570","9350","1214","2307","4103","2115","1923","6335","3624","1839","2473","4553","2470","1947","6838","7241","1030","5237"
"0.18_360.24","11675","5099","2871","1291","4522","1355","2279","733","985","3479","2031","4409","853","2487","1870","3454","519","2598","2262","1657","972","5028","1314","1413","1372","822","363","870","767","3483","67243","1750","1085","7103","1609","1071","1967","3688","3908","2676","1304","4033","2278","1825","3565","1850","1135","2789","2485"
"2.07_704.28","2227","5141","2807","1627","3888","3146","1376","2800","4014","643","1967","4078","3013","2766","2923","3086","3522","1586","5189","4460","3091","4106","2290","2450","3097","2436","2975","3664","1399","3256","3864","4733","4366","4350","4670","2661","2834","3336","3684","5412","2508","2122","2384","4483","4237","3909","2038","2061","3432"
"1.52_830.55","1929","5288","2560","2920","2932","1977","2962","1837","7769","1373","2557","2146","1157","3221","3712","2906","4942","1337","3526","3746","4706","3265","10169","9560","3388","9265","5392","7320","4233","6786","3454","4470","8260","1963","6551","5935","2171","3178","9145","8370","5196","7919","6266","8408","6177","8823","6262","2211","7835"
"0.67_582.38","2737","5617","3099","2807","3836","3322","2486","2407","5347","1925","2924","3916","1626","4485","2270","2014","4271","2318","3302","4299","4150","2566","9751","5776","3251","6638","5666","6606","3527","5639","5110","6162","12445","2874","8641","4912","2888","6379","5933","5072","3263","4980","3046","4290","6707","6341","7786","1624","6236"
"0.44_494.23","5006","8591","2895","2505","8233","1116","6913","3609","1489","8779","7278","7417","6841","9515","5914","4533","259","3976","1915","4158","2059","6878","452","2056","3677","3051","1023","854","3308","3295","1284","2037","1317","3554","5626","2377","6782","2227","1891","3240","3220","2712","2382","3787","3821","1997","1715","4626","3054"
"1.19_831.56","1851","4816","3182","2185","2780","2457","2182","3140","3164","1629","1998","3901","1482","4711","2414","2433","6336","1244","3533","3858","4739","2984","7063","3457","2904","3578","3841","5801","3366","3650","4922","3061","8203","2214","6622","3713","2082","4326","3566","4203","3358","4204","3419","3393","4716","4748","4554","1965","3537"
"3.33_906.78","1058","1916","1311","2839","1495","2908","2165","2258","8539","667","1493","3359","1919","2619","1469","1590","27331","1239","5482","1840","2610","1620","50467","9672","2339","6721","4123","6638","2428","3362","11658","2742","18751","1565","1576","6582","2321","4963","11161","8496","2181","4269","8300","4478","3991","15965","15116","2463","11001"
"1.76_780.54","9911","9862","7871","6571","7737","3182","6999","16002","4010","6043","6788","8367","3641","13224","6852","18735","14753","7852","5921","5688","7123","7340","12906","6732","7785","6704","8335","7601","14053","5599","7470","8240","11848","4323","6615","15901","4812","10611","8296","13634","9940","18717","10042","7199","10356","10895","9917","6886","11670"
"2.80_814.64","676","0","0","1463","3630","696","0","1292","1271","1249","0","0","858","6766","880","1562","5037","799","23695","927","933","10931","2298","2994","0","858","1560","1072","0","0","9697","1288","975","0","24926","0","0","0","0","10091","818","1365","857","1155","7340","518","1426","739","1193"
"3.13_992.87","3811","4159","3613","3323","7435","3176","3928","5999","5376","2917","4133","8213","5929","7146","2995","4834","10141","6516","5989","4302","4071","6131","17461","5988","5692","5270","3397","3723","4132","2923","11662","3993","11520","3715","5368","5497","6504","5485","6978","8104","4165","7756","8020","4498","8870","6286","18340","4924","9541"
"3.34_895.74","3787","4096","1962","2770","5021","3320","5185","4010","5076","2873","3867","6716","2777","4602","3090","3258","5605","2884","7554","4770","2520","4318","6866","3715","2911","5600","3846","4401","3764","2439","5779","3897","7291","2271","7417","3099","3558","4627","3886","4541","3482","3565","4405","3972","4097","4504","7955","3163","5714"
"2.90_311.22","5167","6326","5778","4138","8643","6997","7785","5460","7816","4826","7172","8251","9725","8603","5104","9439","11049","5640","9813","10342","10024","6558","18167","7844","10546","5427","6889","10079","6505","5245","13651","7520","15157","5864","10213","8717","7546","8831","11059","9488","7683","10367","8169","7532","10622","10787","13662","7541","6983"
"1.64_772.61","5237","8323","4295","3514","8338","5194","6372","6506","7278","2678","7039","9412","3094","7033","6067","5844","10744","2936","7435","9732","8462","6254","12644","6410","4843","8967","8519","10091","5009","6058","7586","7205","13167","5327","12345","7995","7131","7433","7795","12228","6649","10388","6538","7327","9766","10573","11226","3867","7620"
"1.01_650.49","11158","8393","8417","4700","9050","2694","5481","15551","3200","8831","8578","14770","3549","9257","3820","9790","5404","6328","3505","3971","5066","6753","10916","8492","3761","8284","4539","6376","3488","4103","6256","6109","11139","10019","7674","7020","9610","5212","7043","8159","5343","8097","6373","5491","5995","7862","8266","2795","6489"
"3.65_335.29","7809","12903","7249","25295","13080","26676","15027","6167","18679","3524","9550","8301","6333","11095","11521","10054","29402","5412","13836","15799","15190","10162","45273","31207","24087","36029","17490","16062","38335","22892","43350","25693","64441","5257","18592","45000","13640","50575","68360","57428","25315","39148","44987","27097","34719","47217","68380","16993","82006"
"2.68_810.57","6754","6740","4338","7321","5723","5219","7616","2682","5687","3975","8149","5799","3875","9220","2729","3687","5508","5483","7427","3373","8700","3816","6942","13919","7048","6855","8984","13871","5279","5982","8544","11411","22408","2373","5402","13246","2294","5961","15612","11042","7653","18830","9438","9945","6806","23405","10957","3339","3982"
"3.61_987.87","2449","4303","2536","2642","4288","6095","5308","3780","8266","2198","4069","6032","2937","4754","3131","4986","7598","2921","7742","4007","4914","4920","20052","4660","6248","4877","6303","5828","5303","4653","8383","3484","5996","2543","6062","3657","4275","3625","9010","7213","3160","3676","8150","4002","5824","6934","10920","4787","7624"
"3.12_933.79","4298","5889","3780","2672","7351","4255","6233","7363","5745","2035","4819","9488","7571","6416","3858","5551","8608","4868","6786","5495","5624","6368","16586","8114","6057","6329","4876","3108","3237","3573","8569","3210","9880","5217","7203","4495","6946","4571","5864","5717","4783","7026","4843","5824","7843","6953","12149","4505","9142"
"2.90_738.64","14391","20158","18215","13143","22552","19883","19956","16757","21657","13826","18214","21425","27033","24301","16303","24183","25476","17159","25366","28215","26281","19281","37570","25371","30044","17045","20386","26896","19109","15635","32234","22470","38216","16233","25893","23674","20419","22400","25567","26201","19766","27412","24150","20123","30306","27988","30627","23834","20662"
"2.16_705.64","5838","5906","5293","3539","8455","6028","4806","6380","7473","2170","8353","7156","7166","7001","6799","7673","6735","5533","8154","8354","6321","8769","5792","6504","7469","6813","6275","6172","5256","7222","8313","7710","8086","6396","8249","5555","7734","7127","6183","7133","5726","8928","5396","6473","7808","6944","4662","5531","6313"
"3.19_948.82","3378","4290","3522","5405","5780","7741","6232","8344","6260","3377","3998","7315","6021","7415","3657","7462","11100","6620","5459","4677","4581","3857","17392","4681","6852","4721","3730","4792","6864","3497","8717","4593","10482","4357","7428","6840","5513","6928","7338","9542","4618","8656","7846","3917","8557","5751","16268","5154","13446"
"1.97_809.72","11637","11402","9754","7590","9238","4986","7014","14051","6083","5610","12154","12762","5946","9377","6282","8395","7116","10867","9873","5003","10397","9988","6476","9607","10885","8703","6967","11023","10619","5508","10992","11648","11673","9708","7089","13557","8311","9435","9601","11547","10650","14917","9743","8088","6437","9634","10998","9567","8438"
"2.72_735.59","649","1017","733","2494","1502","4714","2102","766","7043","515","1136","1042","942","1152","1463","844","6050","618","5447","3280","6395","980","4474","2114","5504","3028","3746","7046","4783","4044","3708","4808","4932","822","1780","2131","841","3543","3263","5653","4163","3793","5640","2365","4876","5531","4143","2747","3393"
"1.31_678.53","26407","14756","14081","8692","20687","4670","12442","17555","10549","17255","18855","25957","7290","16797","10926","16062","8407","12296","8225","7682","11696","16116","15277","16641","7798","13395","9111","12658","7768","10364","8268","10792","18956","19544","13877","12084","16357","8404","15767","17329","11413","12868","12290","15000","8873","15843","8531","6113","11100"
"4.11_603.54","19076","53116","26888","20608","53785","27171","42262","34727","49586","9835","43862","56570","14841","62086","18004","27280","63680","17643","81029","24895","33248","51236","89263","42178","32379","53456","44532","44815","33974","42563","77366","20641","78904","11823","71327","44608","24489","26030","59005","46818","19305","28479","55192","36192","34921","61431","76093","21393","64547"
"2.93_645.56","4171","4787","4545","2940","6179","4570","5158","4214","4989","2744","5417","6747","4781","5584","4583","4806","6343","4513","6522","8039","6714","5739","8191","4675","7101","3962","4652","6245","4381","3255","7425","4478","9101","4278","6849","5571","6437","4616","4881","5833","4410","6619","4949","4676","6593","5340","7046","4505","4958"
"3.38_946.84","7167","9218","7400","9431","14488","12734","15316","20245","11383","4923","7478","18733","10278","16242","6789","15884","31157","10321","12939","13582","10882","8070","56598","9660","14800","11036","11426","13887","16852","7601","25868","8789","20323","6940","16713","14981","9953","13327","14331","17460","9812","19231","18584","12174","19066","16720","33232","10967","35865"
"2.25_797.58","6996","20811","10126","4485","7907","4122","5763","5572","8144","2945","6357","7178","4981","11486","5487","3986","435","3426","9110","8164","5561","11254","1215","6603","4597","5268","5999","6539","5302","6519","6399","4649","7263","7008","18848","6972","5818","10014","5473","7097","5334","1136","986","8568","6840","5403","3388","4362","5592"
"3.41_897.75","4619","5568","3143","3346","6122","5180","5976","5148","8235","2401","4629","8846","3452","4987","4033","4043","7506","3535","10179","4969","3865","5281","16844","6292","5587","5345","7029","5459","3992","5198","7117","3450","9841","2886","7632","3954","5686","4621","7156","8854","3555","5767","9682","4151","6204","6647","13181","4403","7982"
"1.33_842.55","1591","1773","1156","2597","2209","2897","2170","1406","7340","888","1273","1729","993","1695","1880","1281","5045","683","3631","2792","4820","2053","6384","3388","4968","4488","4997","6186","3853","4428","1917","2939","6498","1494","3642","3773","1131","2206","5332","6211","3163","5490","4439","4723","4790","5952","4705","1997","5448"
"0.28_309.21","1747","4427","1238","4817","1997","6759","4024","1214","8685","857","1836","2035","3532","5017","7386","6531","10757","2131","6070","8279","4773","2235","7694","11267","7733","11562","11445","7562","4743","5922","5687","7847","21273","1607","6873","3481","2134","5717","9483","14576","4595","15147","9451","5533","11547","10697","20918","4366","15209"
"2.60_815.64","11365","19558","13273","7247","21654","9236","13486","10628","17051","4759","16751","19748","8091","18224","14856","14350","21988","7519","33057","12391","15454","22673","9433","12853","11532","14715","14689","15961","10432","12842","17317","16362","18692","8800","26546","20146","11674","13496","14421","19890","11875","12728","12017","14378","13227","20054","10620","11666","14924"
"2.15_760.44","2445","9892","2919","2432","7917","1970","3738","4189","4048","1847","3671","4769","2612","5497","5822","3040","3893","2552","8013","4382","2861","5656","2920","4224","2237","4515","3769","3066","3676","1937","2415","2238","6717","2326","11028","6817","3781","3263","1633","7978","2753","2238","3452","3992","4579","4747","3449","2654","2436"
"3.52_768.72","5102","5103","5562","3577","6778","5410","7212","6075","6206","4031","4885","6646","5731","8228","3930","9378","8488","5056","7564","8947","7852","5955","18695","7778","8332","6960","6018","9251","7288","5572","11885","5668","11716","3605","6769","9044","4889","6137","8415","8642","5964","8395","7909","7202","7608","9701","8500","9019","8579"
"1.08_848.56","1868","2767","2308","2181","3070","3370","2611","1892","3381","886","1334","2100","1026","2139","1737","1709","4728","1219","4887","3879","2873","2506","5043","5221","2975","4936","3871","5859","3680","3390","3935","2863","5152","2436","4571","3817","2618","4211","3386","3973","2969","3089","3030","3175","4287","5482","3219","1961","3474"
"1.81_806.61","9950","11146","8388","6308","11561","8687","7082","10792","9402","7759","11748","14292","6334","10094","8858","9149","9647","7929","5746","8456","10744","10672","6260","8992","9054","8967","8596","9445","6419","8062","8005","10931","15356","6206","9161","11697","8254","10412","11458","10247","11735","12729","9586","8746","10483","12275","12012","6569","7368"
"3.08_723.61","2277","3949","3672","4559","4294","3669","3589","1908","5202","2548","3223","3436","5784","4664","3362","2207","6772","2466","6079","6234","5083","3325","11238","5602","4446","4238","5030","8387","3889","4567","7428","5136","12140","3181","6760","6727","3491","6601","7775","5719","4247","5306","4972","4930","6618","7649","7523","2992","5582"
"2.15_759.27","5248","11557","5310","4244","7203","5208","7179","6537","7457","1269","5299","11311","3570","9107","4196","3650","9481","3276","7356","9200","3186","6024","2930","6631","4848","7401","6219","6869","5396","6276","4466","5136","9173","7367","12555","7053","9629","7860","7388","8051","5437","5466","6591","6738","7702","6149","7120","2832","6542"
"3.14_907.78","5478","8756","5082","4375","10621","8563","9335","8065","5483","3837","5933","15278","8572","10289","3979","8683","18421","7929","8189","9803","5267","6758","38897","9136","9175","7452","4256","8336","8395","5399","18447","6890","22381","5937","11354","6126","8508","8042","11789","14334","7224","12125","13360","6593","13390","10946","34319","7431","15404"
"1.20_716.45","4981","4219","3006","2266","4446","2978","3129","4908","3245","3221","4611","5401","1779","3329","2886","3586","3344","2361","2923","2492","3599","3178","4885","3921","3116","3968","3875","4211","2739","3545","3661","4840","8768","3734","3640","3194","3526","3535","4022","4216","4240","4221","3274","2988","3140","4256","4608","1678","3161"
"1.06_676.46","5288","6613","6060","3876","6856","4207","5185","6671","8196","5521","6695","10516","3755","6745","5881","7590","9849","3302","5265","4139","7299","6814","12601","9388","4172","13851","7271","10218","4651","6760","7058","8184","15866","4412","8766","9672","7266","5514","8574","9208","5303","8875","7107","7511","7279","10900","7837","3427","7683"
"1.97_1249.74","3874","4776","4516","3082","5645","4178","3993","5449","5676","2383","4392","4598","4490","5153","4126","5298","4866","4259","6036","5305","5112","5931","4206","4677","4507","4443","4444","4707","2347","3741","4947","4147","4137","6764","5262","4222","6548","4998","5312","5401","3453","3698","4897","3842","5282","4861","4670","4765","5066"
"3.65_353.31","6242","10019","6566","18996","9144","20202","11528","3786","14485","3627","7227","6213","4790","7778","7683","8340","20790","4103","9573","12285","11123","7222","34066","24016","18114","27401","12933","10988","28470","17870","31018","18204","43860","4252","13054","32690","10305","35401","52232","40673","18815","29063","32386","19870","26584","37213","50645","14738","63221"
"1.97_831.55","10092","8967","8724","8744","8544","6678","9374","10924","8145","6011","9640","10660","5732","9918","6562","13081","9139","8275","7401","6943","9810","9058","7506","8324","8605","8294","6770","9400","7891","7314","9482","9902","13207","7129","6758","12474","6173","9056","9317","9781","8205","13041","9575","7456","7917","10455","10566","9290","8612"
"1.79_803.60","10897","12808","8302","6519","18794","7248","14130","7755","9733","5566","13766","16125","4642","10779","11272","6711","9646","5554","17847","12274","11378","14068","6954","7542","7717","9677","10338","11134","8968","8174","10094","10634","12426","5572","16414","9692","12101","11437","9674","14196","10296","9141","8155","12729","8182","12089","8722","5588","7972"
"2.13_833.64","14069","11346","12466","9694","12806","10963","11970","13347","12730","11382","13807","13531","15172","11657","10984","10132","8938","9372","8780","11087","16051","13671","6911","12355","12775","10515","9364","11673","8939","11407","10702","12640","15703","12820","10791","10826","11952","11281","12551","11754","10683","12624","10238","9085","9638","12212","11975","11676","7679"
"2.69_778.67","6140","7254","8212","4716","11424","8801","9456","7167","8908","6889","7110","10881","8908","10212","6469","9176","12655","6725","12133","15282","12601","9714","18991","10502","13183","9500","10824","12564","10834","6539","14803","9671","14538","6675","10205","10110","10585","8940","9993","12554","9436","11420","12153","10424","12246","11339","12264","9714","10085"
"0.88_654.43","1685","2407","1548","1514","1032","2326","1116","1383","3312","1042","934","1615","593","1821","853","987","4829","1119","3565","1125","2625","1044","6689","4948","1462","4997","3599","4467","881","2592","4363","3528","9545","1478","1348","4515","910","2557","5038","5630","2116","3991","3212","2290","2054","5451","5058","1113","2695"
"0.26_443.23","116597","38801","23639","10771","10635","2765","3795","2691","2112","2642","1815","1172","6744","991","1982","1997","1649","1753","1315","1195","2301","1822","1342","1869","1971","2281","1012","1033","2533","1476","946","1761","1375","1203","3712","889","1635","1825","2919","2574","1389","1614","1398","2001","1417","995","1119","931","1566"
"1.98_810.52","3676","9046","5938","1890","8129","2845","1393","1804","4150","1886","4329","6172","9631","6307","7056","2420","3966","3011","4099","3922","2212","10490","1313","2473","4485","2445","3213","2158","3915","4958","1200","6090","2322","7993","6315","3739","5334","6848","4032","5371","1467","2498","1262","4137","2238","2932","1210","1920","4290"
"1.01_672.42","7787","7021","6583","3553","6201","2875","4943","10671","2956","6638","6236","10322","3083","6884","3202","7060","4314","4723","3948","2856","4294","4818","7050","6591","3263","6817","4088","5041","3444","3522","4906","5134","9630","6642","6478","5508","8072","4206","5110","5995","4273","5797","4783","4326","4298","5967","5767","2796","5577"
"1.80_499.38","3661","3861","4130","2370","4622","3958","3459","3813","3559","3699","2985","5009","3099","4764","1621","3109","3149","2954","5175","7506","4721","3693","9225","4877","4887","2846","3700","5655","4494","3096","7487","3741","6097","3992","5256","2744","4504","4758","3552","4037","2602","3697","3247","4883","5134","5042","4196","4822","4218"
"0.19_297.08","12636","3448","20607","1994","4214","1263","1972","18742","2018","8448","3963","11535","9958","6242","2011","8033","1490","13862","1210","1859","1720","11523","1435","1481","1624","1715","1148","1630","432","1294","2009","1175","1780","15228","2842","1249","15288","1187","3667","958","1856","2192","1268","1507","2482","1571","2897","1129","2862"
"3.16_647.58","4840","7258","5698","5270","9958","4952","9055","4082","5165","4030","8309","10469","2915","7104","5254","2868","6902","2987","9281","9307","8875","7457","5839","7066","4749","6654","7829","8605","4585","4921","9063","5979","8872","2623","8090","5125","5331","6790","6162","6656","4235","5205","4834","7159","7052","9523","7914","3475","4737"
"1.99_1531.13","4387","4122","3917","3687","3742","2152","3260","5250","3373","2429","4025","5025","2765","4446","3227","6598","4691","2787","3205","2566","3843","3991","3002","3563","3949","3541","3229","4109","3714","3635","4455","5166","5629","3502","3223","6050","3594","3932","3757","5121","4016","5792","3859","3165","3653","4513","3811","4585","3718"
"0.58_752.49","138","279","401","3588","397","5638","325","155","6940","394","170","351","110","319","3805","170","3753","158","9066","1693","3552","346","2294","1036","7126","4495","6469","6488","4923","3312","2486","2544","2578","421","944","6014","384","2940","2493","5997","6146","4543","2288","2493","3239","4189","4785","3080","2595"
"0.72_722.46","3044","2798","2732","2598","3119","3041","2899","2632","2803","2345","2747","2957","1111","2615","2922","2476","4187","2894","2972","3139","3377","2456","6339","4023","3561","4859","3626","3789","3102","3213","3250","3125","6817","2171","3811","3947","2655","2604","3711","4178","4023","6093","3880","3191","3383","5444","6291","1779","4096"
"0.28_286.14","3126","22832","7479","1506","2718","7389","3765","2748","12951","4362","5266","1487","2056","4656","15060","8722","1766","4713","26845","15241","7307","9310","899","6539","1482","3943","2887","10736","2568","4423","2507","3133","1474","606","17281","3128","6484","3811","6247","6222","4894","875","1326","10175","1370","4139","4525","3493","1694"
"2.09_1441.21","3836","3718","4110","2889","4144","4024","4807","3462","5484","1684","4487","4682","4332","4611","4398","4336","4853","3123","5061","4783","4264","5853","4155","4318","5826","4049","4187","4515","3137","5932","5062","3955","4556","4264","5793","4295","4720","4021","4221","5289","3764","3222","4290","4261","4748","5068","4333","3377","4620"
"2.21_818.58","3282","5107","3331","3257","4349","3072","3522","3999","3372","2226","4020","4302","2959","3880","3577","3263","3957","2657","4305","4160","3642","4245","3232","3193","3337","3798","3070","3641","3099","3149","3361","4114","3462","3046","4294","4253","3581","3960","3605","4680","3649","3599","3325","3768","3706","3202","4220","2821","3405"
"2.46_1004.84","1903","1840","1058","1894","2119","2503","2380","2961","2128","1978","2348","2955","2327","2298","1030","2692","5819","3191","1715","2565","1861","1904","9524","4035","3279","2059","2005","2218","3211","2082","3392","2279","3663","2297","1938","2203","2667","1624","2544","3748","2650","2970","3709","2757","5144","2523","6797","3643","3366"
"1.30_846.55","6032","13661","7370","8054","7891","6648","5945","4993","38437","3831","5025","7722","3677","10494","7375","5614","35763","4109","17081","11938","13217","8427","31261","38443","8220","21967","17778","33569","11332","16500","13756","10727","26588","6644","18721","17429","6924","12937","21904","19957","9940","15228","13873","21339","16346","25798","14060","5946","17371"
"3.14_1016.89","5501","7666","3324","3632","6719","6730","5937","5294","8257","4531","5851","10776","7079","6259","5473","7544","8658","4933","10176","6168","4941","7955","21353","8152","4782","6783","8023","5419","4592","4734","7866","3632","9346","5632","7855","5392","8825","4877","11094","9527","4055","5604","10538","5457","7997","6078","12809","6654","7292"
"0.71_636.39","4561","7357","5802","4139","5427","2548","3724","3790","4088","3962","5847","5995","2120","5146","3213","2846","4108","2774","3398","3366","4863","3806","6277","8096","2869","6398","4954","4408","3008","4602","5246","5324","9995","4082","6409","5996","3885","5823","6701","4128","3275","3723","3948","4809","4499","4733","3512","2652","4624"
"2.15_166.06","4197","6377","4033","3230","6014","3516","3743","4223","4431","1938","5221","5422","3069","5305","4598","4229","5014","2076","5248","5600","5018","6435","2920","3790","3331","4437","4469","4633","3335","3963","4394","3413","5369","3087","7326","5687","4619","6215","4361","6800","4198","4039","3598","4909","5464","4556","4517","2684","4361"
"3.31_687.57","2762","2988","4302","2474","5709","3601","4353","4167","4323","2465","3216","4029","4534","5213","2567","7968","6347","3555","5748","6630","5806","4775","12358","4190","6886","3830","3857","5022","4782","3133","8266","4115","5732","2974","4490","5742","4990","3667","4001","5931","3851","5783","4587","4258","6124","5642","5488","7177","4674"
"2.07_836.60","15960","13909","12085","11021","16752","14363","12783","12922","16246","11370","17666","18016","10295","13238","13914","14386","12028","14539","13192","8828","15077","15182","8747","12872","14489","11711","13306","13871","11570","13496","12312","16362","16801","11220","11608","14753","12122","12873","15408","13864","15425","15618","15339","13418","11835","16558","12731","12137","8828"
"1.72_796.55","3283","4247","2649","2843","3745","2880","4094","3683","4655","1246","3821","3871","1918","3760","3890","4140","5583","2344","4288","4642","3888","3153","9057","5355","4346","5454","5994","5826","4204","4620","4794","4871","8558","2967","6006","5058","2628","5603","4838","6018","3574","6569","4024","4454","5777","6464","7157","3125","5114"
"2.38_813.62","12766","23297","16087","8903","22207","8326","11236","9400","14609","6083","16415","18355","6834","18273","14159","11364","15287","7595","25675","13783","11387","18859","6705","10857","8044","11466","10598","9433","8920","11530","12296","11902","14616","8751","22256","12251","12205","16196","12397","13561","10722","9321","10009","15633","13359","14176","11452","8704","9189"
"2.58_811.81","420","5252","1586","140","10032","260","300","3260","5490","480","6224","6478","1809","5246","2052","480","6670","387","8447","5066","6604","10922","859","2806","243","99","6156","4064","203","2611","2538","2152","5110","927","5481","1388","207","2575","2599","7250","785","1789","1809","4750","2662","6561","227","350","4810"
"1.63_801.58","5269","8109","4922","3111","8757","3464","7331","4727","4957","3461","7215","8749","2482","6610","6342","4774","6935","3373","10681","6014","6557","8496","4239","4768","3525","5556","5949","6657","4294","4613","5797","5395","8096","3410","9402","5087","6557","5256","4275","7771","4955","5470","4813","6006","5886","6550","5175","3509","4218"
"3.29_970.84","10799","15293","7167","11100","16674","14168","16183","13935","17945","9386","12077","27924","8646","13756","10048","9148","25791","9621","16178","14648","12795","10769","29074","11260","10142","11764","12644","10782","8741","11371","21844","14064","27876","9508","16345","8496","12931","18598","17452","24729","11977","17581","19547","9512","25363","18137","55509","11261","17099"
"0.68_650.40","1717","3388","1882","4451","2112","2416","2358","1688","6312","1320","1914","1945","733","2405","2024","1399","6477","989","3498","2674","2397","1858","10393","11499","1467","9944","6672","9686","3410","5375","4576","3096","7076","1843","5660","5655","2285","5615","6455","4725","2319","3663","4240","7691","5458","5220","4134","1861","7396"
"1.52_860.60","6668","8642","5164","3694","8481","2788","7160","4316","7602","2385","5453","6594","3232","9285","5014","4421","10124","3285","9982","6108","6536","8192","10114","8688","5088","7004","6571","8366","8529","5901","5048","5466","9786","5423","14174","6720","4672","5930","8326","9869","6012","7615","7347","7008","7183","9131","6207","3714","7889"
"1.81_548.47","2497","2364","1780","2032","1668","1281","2474","1690","2231","1608","1615","1907","1762","2062","1804","2396","1897","1628","1956","1783","2753","2507","2694","1951","2338","1730","1711","1526","1911","2000","1430","1469","1824","2157","3145","1911","1906","1911","2039","1932","1724","2369","1367","1634","1574","1747","1320","1781","1498"
"1.40_850.58","1397","1751","1728","976","2238","2109","1077","1247","5737","1005","2028","2282","707","1470","2363","1003","10298","868","4035","2209","3087","1515","10529","7254","2006","6983","3791","7732","2021","2492","2739","4407","8735","723","3073","4276","1817","2929","5026","5340","2366","4081","3133","3683","3053","6978","4133","1156","3892"
"2.37_1589.23","4000","8296","4956","3265","7724","2869","4853","5859","7539","967","6630","6614","3861","7793","7048","7174","8861","2701","9275","5436","6715","8641","4835","5419","4494","5981","6429","6355","4687","5421","7391","5827","6989","3818","8960","7425","5441","7432","5990","8361","5381","6300","4709","5771","5833","6455","5253","4399","5608"
"3.15_879.74","683","1316","741","1420","3168","3154","3351","3275","1902","636","675","4096","1790","1592","1745","1593","4124","2762","1870","1058","708","818","15647","2979","1005","1799","1162","2609","2868","856","5590","1145","3920","1743","4486","2127","3341","1832","1479","1965","1232","5077","1235","780","2835","3966","2360","1025","5201"
"2.65_780.69","15044","16473","15957","10664","23212","16462","18724","13374","15240","14235","16839","22259","14159","22177","11938","14891","22758","11966","24959","32453","24447","18427","32354","16333","21554","16294","17437","23951","16589","11747","25554","18143","28486","10942","21661","16419","20252","15749","16595","21975","17592","19150","17943","17272","21854","19733","22058","17998","15997"
"2.88_821.63","6990","8317","8372","4386","8763","7139","7016","8016","6928","3545","9349","7353","7217","7580","7161","6528","7654","5233","7723","8059","8867","8742","7156","8075","8767","7201","7700","8356","7046","8132","8112","7350","7697","7590","9482","7741","7552","8192","7774","8735","6173","8263","6919","6681","8964","6840","6458","7148","7413"
"2.06_794.59","15155","13261","11509","13180","12350","12436","12968","13012","13802","10252","14036","16566","9251","14834","11065","20554","11622","12852","15333","8071","14910","14285","9708","15251","15275","15556","11415","15651","10463","14447","12014","15259","20532","11928","10929","15083","10768","11488","14380","14623","16397","15862","13635","15011","12188","18168","14351","16457","10143"
"3.05_928.76","2651","3333","1627","2435","3120","4051","2861","2493","7180","2093","3070","5951","2299","2544","3113","3480","5032","1756","5513","2999","2468","3609","10064","3124","2975","3296","4541","3408","1924","3387","4768","3247","5821","2062","4419","2351","3362","4042","5863","7919","2672","3085","5403","2224","5104","3500","11079","2722","3383"
"1.30_862.54","2971","4770","2889","3417","3076","2702","2970","2205","8991","1915","2060","2635","1365","3836","2748","1787","6302","1550","4541","4300","4107","2722","7963","8948","3219","5832","5136","7548","4096","6637","3677","3816","8080","2865","4802","5129","2433","4230","6219","6333","4058","6639","4732","5621","7390","6965","5288","3023","5970"
"2.15_760.07","3919","4468","1903","2490","4286","3203","3459","3369","4240","480","2830","2990","2866","3685","2304","2332","2998","1794","5279","2446","3763","3220","2485","4152","2439","3402","2961","2675","3149","2007","3754","2904","3224","2869","6557","2489","3241","2972","2930","4246","2452","3212","2295","3211","3447","2580","3307","2766","3042"
"2.57_759.70","7015","10629","9797","4101","13599","7213","8153","8796","9597","2496","10359","12027","9507","12040","8216","7210","9578","4980","11378","11879","12562","11305","8021","9124","8792","9122","10312","13645","6108","9116","10911","9608","12852","9852","16588","9885","9642","12032","8301","12448","5800","8565","7774","9957","10151","10498","8134","4607","8311"
"0.73_638.40","4907","6259","4684","3268","3659","2995","4006","5587","4271","3005","5217","5282","1767","5807","3188","4849","7383","3314","3256","4308","5384","3811","10416","5143","2803","5047","6224","6442","4588","4398","7260","6591","10675","5298","6320","6708","3358","6397","5727","6867","4980","8721","5561","4080","5317","5931","10700","2716","7404"
"2.15_1517.34","127","10890","1391","1267","9561","1267","360","2951","2856","259","5154","7117","1244","7503","3876","1311","5503","167","8744","6529","4196","8792","753","1089","670","2018","2050","2166","506","1534","2516","2719","5284","1474","10165","4562","4358","5420","1224","7906","148","1517","110","2656","4726","3079","2735","1446","1543"
"1.80_828.54","9128","10350","8261","7731","11191","8718","7586","9072","8946","7979","11217","11816","5373","8964","7531","9010","8035","7939","7099","6706","9961","9825","5176","8642","8430","8528","7673","7606","7539","7794","7326","9958","13523","5536","7964","11177","7426","8982","9903","9750","10025","10839","9151","8117","8534","10811","10584","6421","6353"
"1.76_842.59","2588","4855","3305","1622","2914","2038","2430","3617","4158","1385","3034","4013","2468","3208","2513","2305","4083","2464","2737","3300","1962","3759","4086","3189","1778","2674","2665","3799","2288","3199","3999","2565","5617","3113","6751","2755","3760","4265","2706","3322","1757","1823","1589","3682","2333","3844","2551","1332","2693"
"2.07_704.22","2071","3305","2546","1833","2382","2276","1574","2362","3595","964","3826","3943","4027","3528","3123","2832","4009","2002","3695","3871","3209","4663","2688","4653","3424","2017","3223","3269","1178","3222","3235","3701","2694","3611","4208","2017","3586","2161","2912","2746","2409","1843","3386","3548","3115","3101","2550","2581","2537"
"2.21_734.53","2891","3717","2394","3456","3770","2731","2720","2919","2915","1403","3539","2992","3272","3142","2924","3180","2443","3606","2883","3005","3478","4123","3119","3546","3933","3119","2917","3018","2012","2996","3763","2225","3286","3970","4161","2566","3123","2875","3022","3112","3107","2223","3678","4199","3351","2885","2443","3329","3364"
"2.86_905.60","3195","3323","3365","2869","3710","3164","3070","3451","3444","2165","3955","3861","4166","3660","3263","3746","3631","2868","4245","3192","3467","3917","3680","4044","3914","3728","3734","3540","3186","3512","3740","3130","3806","3377","3762","3120","3380","3567","3830","3687","3947","3173","3241","4800","3947","3619","3506","3897","3831"
"1.39_857.57","2270","4332","3490","1920","3397","2364","2073","3275","6942","1117","2768","3679","1267","3699","2711","2345","6345","1790","3599","4810","4230","3826","9757","4708","2851","3825","5091","7137","2743","4700","4386","3672","9713","2357","8938","3759","3742","4709","4924","5820","2754","4496","3860","3911","4801","6268","5973","1454","4544"
"3.21_1016.88","5971","6544","2631","4218","6250","9755","6627","5601","13564","3406","6555","8865","7243","5234","6344","7209","9469","4566","11386","6400","5099","8153","24024","9887","6966","7834","9915","5929","5557","8048","8765","4105","9535","4888","7207","4692","8694","5352","12121","12153","5265","7109","12931","5716","7944","9103","14559","7885","11002"
"2.11_732.61","6787","17259","11638","6498","13489","3303","7197","16500","7419","1734","8411","10278","4408","21512","9331","19670","24332","6453","13887","12638","8581","15730","18947","7614","7536","9817","9128","11570","15103","7757","12146","9885","10279","4537","18373","22819","7532","15056","8703","19895","7208","13921","11068","11673","15223","12427","6912","7080","18054"
"3.98_876.79","44554","109440","46948","62354","97712","49394","84680","62936","82730","29114","83443","135845","33343","107052","43996","41964","140799","39590","110895","55634","55853","72110","91044","57052","43258","68349","54579","56147","48942","62181","134624","61861","169846","31662","144586","64165","44114","70226","83649","84006","42263","68075","80395","45574","91859","94486","198379","35956","98417"
"0.84_722.46","3934","2867","2863","2566","2887","2745","2954","3230","4468","3435","2894","4362","1763","3609","2525","2735","5374","973","2972","3721","3405","2184","7779","6003","2546","6893","4021","6033","2558","3449","3972","3913","8485","3178","4416","5619","3254","2560","4733","4157","3544","5231","4404","2845","4739","5472","6303","1740","4020"
"3.28_650.70","2442","2801","2614","2229","2914","2557","2436","2962","2861","1049","2470","3344","2969","2972","2967","3824","3210","2342","3368","2984","3378","3399","1848","3067","3876","2485","2449","3283","2149","3476","2340","3087","2759","4008","3786","2686","2417","3042","2602","3373","2605","3090","2179","2557","3442","2400","2202","3718","2561"
"1.82_675.60","6762","7780","6093","2534","9201","5690","6068","7608","5479","1878","8194","6261","8323","8242","5891","6850","8126","3866","7770","9958","6904","10808","5892","9055","8370","6609","8725","9601","5299","6935","5853","6112","9044","9444","13706","9721","6243","9827","5177","10475","6169","5706","5763","10291","6332","6858","5152","3143","8228"
"2.07_833.64","12762","11337","10557","7531","11169","11014","10575","13712","7662","8003","11555","10202","15263","12555","8537","9085","7946","8058","9180","8884","11859","11845","7740","10452","13861","10106","8836","10745","9718","9588","9677","11775","14913","14181","9621","10412","10030","9774","11698","10327","10468","10396","9487","10349","8797","11120","9972","8628","7279"
"0.81_680.45","1879","2413","2292","2787","2138","2767","2134","2011","2785","1386","1562","2039","651","2223","1704","1523","4375","1226","2540","1848","2953","1585","7928","5139","2302","5378","3654","4530","2930","3115","3373","3735","6548","1592","2581","4383","1922","2674","3753","4456","2840","4239","3728","3332","3418","4900","4910","1361","4846"
"1.74_784.58","8012","9455","6315","4713","12608","4755","9400","5373","8772","3710","10225","10858","2735","7399","7681","5239","8404","4315","13124","8030","7952","11240","5906","6512","5595","6805","7185","7847","6187","4895","7663","7376","9413","3868","10282","7609","9243","8612","7309","11157","6756","5572","5990","8187","5434","8869","6873","3500","6700"
"1.88_829.68","4581","3245","2895","2308","4222","3605","3901","3196","4540","1686","3902","5661","3867","3935","3370","3280","5485","2447","4339","5192","4487","4418","7293","5979","4103","5565","6318","6005","4108","4030","5761","5164","6085","3071","5381","3600","4612","3793","5136","5221","4493","4628","4693","5795","5740","6323","4702","4638","5433"
"1.31_808.56","6587","6547","4800","4634","9186","5230","7096","4854","9869","2964","5796","7320","3013","6933","7075","6244","9187","4191","8299","11691","9892","6088","16075","8913","7419","9799","7864","10925","6437","9640","7378","7721","14021","6122","9740","8919","6331","6079","9675","13284","8812","11578","8632","8285","11563","12254","13089","5353","10466"
"3.05_735.73","7221","9786","5822","7132","6502","7714","8297","7887","9271","2560","7111","10672","10589","12125","7967","11100","10492","8826","11352","9072","8165","9857","6040","8524","10127","9429","7846","10102","6466","8790","7855","9019","8376","8075","7644","6793","7399","7310","8558","9364","8932","9493","7323","9166","11634","9631","6911","13777","9746"
"3.34_932.79","1182","2525","1503","1904","954","3482","2066","1302","7377","1222","2067","1298","2368","704","1168","1504","7535","1010","4800","699","1491","1288","21409","5608","3917","3070","2552","3521","2075","2607","5190","1894","9405","1096","2357","2733","1779","2186","7524","6376","1456","1520","3169","2516","3321","5728","6975","1286","2768"
"0.69_524.33","2367","4992","1058","6140","784","4161","4050","1015","8304","820","4706","1478","1435","930","6548","3383","7349","1608","5425","6072","875","2789","2126","5529","1030","6866","6401","7448","3399","8403","8122","6127","10184","878","7443","6708","1138","1071","5565","6373","6173","1796","5860","4900","5913","6443","5859","2541","7312"
"3.04_895.64","13816","13802","12705","10902","13638","13264","12129","12669","14018","8180","14595","13935","13943","12601","13533","13883","14883","13461","14458","14220","14018","15656","11897","16396","14894","13621","13383","13634","13386","14735","13737","13986","13414","14733","12936","14527","13468","14644","14082","14169","13757","12743","12351","12572","12735","14578","13239","12908","13975"
"3.26_383.33","4938","5009","6163","4112","8603","6868","7061","6555","6515","4022","4578","7342","6622","9129","4753","10336","11027","5222","10671","12667","9454","6411","29990","8781","10616","6565","6382","9588","9594","3782","15474","6820","14838","4992","8374","9381","6832","7263","9066","12592","7789","11002","10395","7911","11056","9451","13481","9709","11316"
"1.40_804.54","3678","7007","3536","5065","6018","6193","4124","5083","8159","2275","5047","8242","2649","6507","5593","5170","14557","2448","5863","11307","8766","4472","30557","10911","5823","12829","12134","17028","6585","6937","10092","9158","24138","2588","14334","8702","5573","7266","11497","16279","7551","15714","9438","8517","14939","14953","21449","4095","11803"
"1.53_832.57","4919","7093","3877","4760","6853","3448","5398","2391","9396","2029","4665","6135","2215","6141","6493","4476","8638","2505","7561","6536","8036","4951","13656","10099","4902","10997","7167","9614","6031","6457","4414","6312","10298","3942","12006","7987","3815","4236","9706","12611","6026","9859","7478","8781","7623","10739","8324","3550","7568"
"1.31_836.54","7865","10902","6648","4764","12519","3674","7764","5768","9532","5251","8147","8771","3493","9796","13000","11246","6897","6095","11250","10282","9223","8386","1959","7490","5172","7079","6702","6534","5095","5803","4979","5948","10731","6586","13694","7548","9247","7048","7992","10398","6691","8442","6327","7889","6822","7594","5921","5794","7780"
"4.11_876.86","16336","32042","19008","20228","35198","20781","37016","32110","34552","6568","34624","37257","12815","35202","13208","24253","23195","15155","29998","22506","27928","32970","32168","33061","29219","31375","25855","35062","26626","29035","47791","14197","42966","11317","29614","33691","19872","26699","36435","32151","17809","28569","35516","26957","31086","40621","29572","18204","37908"
"2.79_1635.42","4035","4777","4019","3247","5885","4024","3770","4501","5549","1536","5396","5244","6255","6036","4607","5449","5806","2929","7275","5171","4745","7252","4450","5636","6048","5782","4216","4711","3406","3837","7055","5405","5436","3790","7137","4687","4585","4756","5456","6117","3877","4009","4255","5347","6842","6268","4135","5082","5903"
"3.18_179.14","4918","8476","5851","4428","11035","4802","9612","4584","7263","6270","8872","10967","4875","10592","5557","6076","9887","4140","11075","12519","9732","7968","13229","8408","6813","8265","8940","10969","7062","6089","11248","7772","17490","3626","12169","9190","7684","7844","9180","8972","5963","9499","7921","10093","9360","10719","9676","4887","6726"
"1.85_833.57","9743","14014","10295","6298","11472","5189","7413","9620","11322","5604","9381","13101","6472","13028","9136","9230","13250","6645","7474","7329","10190","15114","4501","8109","7342","8253","9013","9313","8483","6856","7277","8690","11088","5566","11043","8089","6461","9598","7113","9165","10224","8016","7212","8876","8332","9757","7222","7304","6120"
"3.00_962.84","4604","4762","4397","4798","7121","7216","6292","8558","5083","3332","3880","6723","5029","6942","4373","7566","14760","6387","7198","7832","5185","4600","22022","6292","5839","6214","5401","6267","7262","3609","11014","6920","10203","4076","8730","7810","5183","8442","6417","7284","4812","9685","8429","5050","8930","8152","13616","6328","13585"
"2.26_718.58","5071","13059","8592","6490","9717","5710","7375","8874","11155","2915","9665","9509","5389","10584","10904","9426","10661","4904","12090","10093","8534","16972","8748","8819","7811","8164","8948","10874","6626","11203","9461","9777","13575","8446","17660","9246","8551","9534","8688","11620","9451","6533","9252","13132","11688","7586","4843","5399","11219"
"2.85_782.76","6651","8619","7586","3230","10184","5670","7646","6818","4248","6421","8895","9799","9117","10414","6163","9822","6823","6960","8805","11557","7403","8213","9598","7708","5844","4984","3412","6884","4187","3222","10045","5231","10933","6184","10525","7349","7780","6447","5986","7100","4303","8368","5481","7812","7758","6545","9103","6615","5545"
"0.96_662.44","2832","3944","3033","3936","3311","2724","2791","3316","4225","2236","2473","3679","1359","4492","2893","2878","6956","1509","3828","3165","5221","3399","13377","7505","3309","10320","6769","8058","4709","5291","6157","5494","11728","2489","6171","6876","3322","5173","6459","7151","5032","7446","5715","5893","6551","8156","7631","2261","7957"
"2.12_627.53","10426","24768","19994","8525","20547","6333","12325","10973","14753","6908","15920","21280","16699","16431","12482","8009","9946","7083","16501","13682","11987","29663","4057","10433","8058","14358","11308","11219","10381","13592","10569","12101","12928","10971","21874","17347","11736","19354","15916","12820","8951","6375","8540","15682","12465","13196","8671","8281","13299"
"3.22_1014.87","5224","7546","2995","4584","7533","12076","7908","5801","18945","3641","7224","10485","9468","6343","6184","8852","13472","5330","15936","5619","7052","7305","43053","12987","10226","10705","11517","7714","7058","9266","11856","5178","15678","4817","9143","6763","9136","7530","16879","18258","7225","8405","18590","6107","10882","12810","23855","8952","14681"
"3.75_765.69","2955","4044","2165","9231","3046","7313","4965","2179","6692","1479","3088","3237","2420","3097","3837","2844","10427","1877","3825","4930","5511","3248","15710","12467","7603","13192","7950","6975","12660","7170","13662","8536","16580","2238","5457","15522","5089","14086","19662","15999","7907","12082","15489","9128","12569","15105","18276","5274","23633"
"0.21_551.03","1529","2582","304","137","4421","109","535","123","332","2331","3223","358","1459","966","589","1285","148","1788","613","6955","216","1173","124","186","255","422","1068","202","600","162","168","268","493","108","2138","483","1832","498","722","827","115","770","106","378","94","302","391","526","461"
"1.91_878.71","2006","2006","1406","3406","2641","2461","3022","4371","2442","2340","1966","3840","3009","2841","1084","2564","3936","2997","2046","3366","1743","2495","14681","2846","2824","3063","1978","1727","2557","1954","4559","2334","5951","2754","2532","2601","4350","3677","4019","5152","2291","3897","5556","1847","4701","3875","13247","2117","6006"
"1.78_830.55","7720","13252","9287","4743","9968","4766","5312","6901","7073","5382","6156","9335","4678","8875","4345","4502","4005","6200","5716","6715","6590","10132","2233","7666","4752","5986","5610","6521","3840","5407","5127","4478","5710","4114","8800","5284","5621","7407","4670","4151","4801","3495","3502","8909","5628","5261","2818","5452","4625"
"3.19_1017.88","4406","4065","1879","2646","4358","6010","3979","4263","8101","2858","4388","6236","6343","4103","3830","4355","5523","3367","6477","3311","3505","4863","14151","5281","3825","4843","5836","3827","3870","4189","4950","2851","5909","3039","4439","2712","5860","4292","6596","7759","3471","4077","7959","4768","4990","4978","8463","4713","5194"
"2.02_698.61","29811","19336","44391","7443","33170","4350","8579","47737","1402","41452","24714","38938","48587","24540","18089","33806","946","32641","1877","11798","2615","31786","1649","1579","7573","3697","2183","1295","8550","4342","2821","4009","2270","50288","20690","2109","44847","6446","2386","2924","13012","4379","3671","2423","8575","1784","7699","9128","5233"
"1.97_828.61","5717","9070","7786","5650","9439","5585","7248","6975","9497","5218","6178","8431","5242","9258","5991","7962","13840","6356","11340","8272","7937","8988","10225","7474","7162","6863","9310","10120","7285","8540","9657","7131","10915","6810","14135","7095","8251","9461","7913","10787","7082","7707","7381","8009","8917","9983","7933","5860","8844"
"3.20_249.22","2219","3222","2732","2263","3883","2560","4142","2362","2888","2265","3701","4989","2230","4189","2325","2629","4013","2512","5497","4527","4152","3554","6684","3826","3633","3449","3894","4570","3466","2165","4783","3572","6774","1959","4316","3547","3060","3140","3553","4756","2661","3339","3719","4028","4236","4087","4385","2295","3671"
"1.97_677.55","3669","4109","3577","3304","4714","5479","4312","4160","8482","2486","4518","4564","4878","5556","3629","4531","8289","3429","7609","8346","6598","4526","9161","5533","9045","5350","6609","6980","5972","4693","7668","5325","8985","5032","6961","7162","4268","5902","6656","8799","5267","6881","7234","4188","7874","7196","7854","4961","6432"
"2.11_783.71","7364","4124","7670","3557","11818","331","2544","2617","8367","493","8924","9973","793","2571","2670","0","665","0","6036","13562","2687","5308","1194","8021","0","2418","3715","0","2287","6902","4228","2021","3050","4366","5046","6688","7522","5298","5667","5271","0","0","972","8543","4205","0","735","1100","4976"
"1.40_772.55","7378","10630","8037","4396","10753","3896","5174","11007","5995","3867","7736","13962","4087","9769","8866","8604","10304","6488","6796","10930","6848","8240","15770","9959","4936","9795","7496","10142","4605","5062","8475","6209","18620","7530","17917","8437","9990","7018","8917","10966","5215","11312","6702","8098","10705","10210","13997","3631","9734"
"3.28_996.86","4803","6551","2656","3512","5425","6064","5200","3284","9735","4257","5173","10109","3015","4903","5331","4893","5861","2838","10646","3663","3622","5218","7401","5459","3625","4735","6886","4116","4071","4857","4501","4489","10311","3028","8089","3162","5453","5510","7118","10694","3763","5019","7753","3353","8290","5274","15994","3401","5068"
"2.02_859.65","6680","7337","5154","4095","6310","5168","4587","6574","6317","3281","6226","5646","7970","7006","16711","4169","5459","4949","4767","4997","7282","7686","4637","6807","5761","5022","4407","4688","5165","16247","5827","4981","7708","4299","5365","4546","4658","5397","6416","5289","4349","5060","4986","6470","5052","5501","4171","5980","4287"
"2.40_718.54","14990","27556","14516","21511","25359","18727","16284","16073","40399","6372","16449","19141","39894","27748","26320","23338","34003","15307","42938","19089","27649","57505","5178","24206","27057","31368","43379","27375","20319","41513","31743","40202","13622","27302","27684","27520","32319","32075","32618","35921","35195","16869","20934","27688","26975","34698","10072","21725","19577"
"3.16_367.34","7799","11294","7485","7067","14714","6150","11524","5682","8479","6804","11114","13151","4336","11144","7873","4772","10053","5184","12995","11147","10812","10894","9089","10189","6934","10657","10730","11547","8996","6594","10303","10630","17246","3411","12644","9050","7557","9398","9369","10336","7239","9652","7996","10807","10277","13574","11622","5197","7787"
"1.47_796.55","2858","4837","2888","2336","5376","2749","2901","3203","4563","2020","3482","4130","1582","3505","4812","3313","4499","1951","3620","3652","5443","3876","3255","2648","2614","4009","4206","3869","2433","2175","2877","3363","5194","2787","6987","2543","4092","3942","3511","5246","3081","3659","2431","3806","2486","4372","3155","2288","2812"
"0.71_286.31","2769","1967","1747","7542","2032","1442","5073","2042","5025","1788","1667","5067","2028","5498","3347","7486","2397","2383","1908","10818","3243","4075","2507","3388","2701","2159","2549","1979","2589","2515","1624","1610","2198","3889","3193","2237","2095","3678","1579","3212","2137","1900","1730","2369","4100","3544","3631","3350","2405"
"3.51_1002.90","6268","5460","2867","2850","6310","6876","6759","4669","8978","2788","6031","9672","4192","5261","4165","4898","7578","3027","10973","6282","6752","7149","20938","8798","8436","7785","8908","6787","7278","7288","12110","3446","8276","3395","7842","4330","6443","4399","11033","10635","4509","4725","12799","6859","6140","7596","10909","7382","10797"
"3.32_964.85","880","1252","1044","1462","1523","2379","1004","1687","4137","1289","1055","1273","1632","1341","1763","1625","11543","1000","2336","1169","1574","797","23290","4385","1288","4869","2493","3334","1596","1526","5463","2016","6875","1169","1820","6326","1519","2241","4727","3247","1343","2263","4228","3340","2315","7042","8082","1266","9260"
"1.53_746.53","4517","4924","4220","4439","5322","1611","3836","4706","3407","1796","2688","3661","1908","7175","3811","7071","9221","2251","4491","5352","5236","3859","17657","5917","4352","7003","5015","5235","7687","6139","2868","4094","5175","3124","7100","9552","1960","4192","5536","11171","4876","13649","7138","8122","8526","8377","4948","4274","10695"
"2.37_1339.02","1946","2752","2559","1244","3462","1689","2909","2716","2163","515","3383","4380","1552","3792","2035","3674","4542","2071","3720","3982","3788","3255","5582","2983","2953","2536","3099","2505","2886","1847","4795","3399","4728","1552","2978","3445","3096","2608","2963","3876","2494","3588","2540","2202","3673","3780","5052","3007","2790"
"2.03_453.35","3811","4786","3271","2482","3911","3057","3068","4057","3520","1904","3867","4170","4956","3405","3262","3715","4257","3542","4213","4209","3807","5182","2722","4062","4224","3057","3961","3661","2683","3467","3498","4098","3472","3721","5789","3188","3227","4359","3546","5494","2817","3115","2851","3801","3835","3232","2624","3203","3651"
"3.19_750.74","17805","24115","18999","15830","27701","19594","24202","13295","19423","12646","23189","28249","19711","26204","18433","20717","25878","14259","28967","30460","27963","24521","31644","25811","21729","25246","25085","28877","20699","19115","30743","23532","32696","13936","27722","25938","23291","24098","24199","26752","20840","24083","22970","26056","27821","27813","25364","16665","21350"
"2.76_778.67","4074","3713","4956","3005","5117","5037","4305","4414","4596","3474","4511","5529","6594","5918","3531","5944","7034","4109","6685","8463","6557","4874","12186","5590","7719","4098","4705","6894","6225","3905","8198","5298","8414","3794","6255","5360","6454","5209","5520","6998","5560","6650","6509","6280","7309","5483","6942","6123","4894"
"0.22_403.00","5755","2866","7213","390","2294","260","938","10107","281","5521","3064","6292","3527","3144","1264","3392","457","5583","621","1222","591","4578","671","652","622","630","522","528","2313","286","351","339","964","9328","2140","955","6024","987","748","1643","263","741","389","831","702","642","690","759","1195"
"2.11_780.65","5562","4099","8492","9890","9063","13540","12381","9180","10492","10303","7599","10675","17809","9748","8153","12940","13262","10611","9748","13597","12064","6729","39656","11859","19970","8965","9336","13557","13473","6460","20698","11833","21467","8653","8986","11558","10025","10661","14070","14097","13144","20323","18418","9325","16604","14236","31109","16799","13745"
"1.03_694.47","7963","5566","6069","7058","5115","4630","5866","8350","4786","5763","10182","7723","3831","6399","4052","6734","6961","5854","5982","4659","5713","4859","11356","7231","5858","6604","6443","6011","5619","6130","8097","6935","11184","6283","5030","8686","4046","6309","7681","7200","7306","7521","7246","5484","5906","7674","10220","4143","6848"
"2.10_577.52","6357","6876","5364","3196","7680","4348","5416","5705","6652","2572","8141","7561","22781","10518","5427","10363","8956","6288","5541","9508","6839","8754","6857","6123","15968","6204","6158","6796","5707","5012","7530","6026","6042","9355","9023","7633","6088","6297","6028","7323","5229","6138","4835","5703","8090","6808","6108","5695","6436"
"2.35_840.53","8759","7267","8019","11346","8128","7760","10135","9921","8308","6584","8271","8498","8039","7706","9046","9396","8121","9179","8181","7688","9312","7127","11378","8018","7778","9715","9162","8768","9739","8762","9176","8544","7881","7357","6043","9288","8044","7845","9673","7563","9084","10691","10134","8073","8233","8999","8890","9677","9037"
"2.16_759.18","4258","8426","1996","3780","7409","5952","4569","4799","3768","1296","6218","6844","4071","6350","5915","3394","6415","3990","4524","5149","4789","7092","4843","4231","3671","5525","3193","5765","3327","4447","4942","5307","5775","4312","8193","5173","3325","5502","3767","7516","4462","6589","3876","3055","5098","5296","4108","3022","3599"
"0.20_367.11","8051","4795","10329","690","4916","547","1250","7274","518","10790","3762","11405","5610","4852","875","5113","663","5749","609","1247","628","9182","1161","808","819","1216","729","608","313","774","923","768","1631","7937","1973","1132","9425","497","1894","652","598","1006","789","628","744","1142","1923","717","1348"
"1.41_401.34","10535","12587","12215","9175","14658","20023","11962","15480","18738","3947","13565","16841","8578","13378","13987","15504","20527","10591","14810","25268","22336","10884","25488","20022","26424","21552","21896","23623","14516","21453","24031","22974","29747","15716","22940","16501","11644","18843","21190","22508","18404","29095","24857","18285","32687","24049","26490","17862","27759"
"2.49_679.56","2396","2647","2761","1877","3178","3274","3388","3117","2885","1663","2579","3109","3559","3446","2956","4423","3388","3291","3154","4343","3037","3272","7092","2984","4674","2470","2686","3389","3027","2123","4172","2285","4006","2522","2710","2885","3296","3467","3407","4062","2759","4498","2765","3081","3173","3781","4326","4322","3873"
"2.12_739.53","8269","8816","7555","5830","8113","8468","7437","7791","8053","4185","9854","8143","8138","7788","8029","7197","8367","6639","9014","8788","9019","9949","8443","9390","8018","8003","8610","8197","5975","7826","7960","7089","8375","9111","9226","7258","8722","8614","7193","9976","7106","7467","8107","8821","8922","8883","7438","7013","8078"
"3.01_974.84","6678","6951","2971","6176","7074","7975","6780","6116","7211","4234","6331","11243","5291","6107","5671","6237","11641","4960","6789","7542","5759","5218","15764","5059","6605","5744","5588","5039","4644","4313","9860","6503","12007","6228","7240","5148","6472","7513","7668","10161","5826","9196","8985","4562","9783","7658","21230","4898","9146"
"1.52_802.56","4859","9063","4194","3693","5458","2900","5440","2705","8726","1490","4452","6043","3023","7439","7353","4668","5075","3288","4522","8294","7734","4094","11683","9155","7286","10240","7518","9738","6007","6364","4140","6124","12844","4712","15775","8701","3508","4125","10582","12259","6578","11394","7306","7592","10811","11919","9085","4135","7076"
"2.79_893.62","8581","8879","8440","8004","9383","8729","9699","9445","9043","6562","8687","8958","9538","9487","8949","9080","9055","8283","8928","8574","9688","8659","9066","9383","8920","9925","9199","8844","8385","9120","9334","9669","8113","8616","8641","8976","8225","9237","9913","8053","8951","8215","10574","9278","8967","9393","8226","9481","9667"
"2.07_704.37","1790","4405","2866","976","3769","4722","1287","2150","4212","657","5171","5380","3146","4786","4860","3362","3267","1413","6219","7468","2800","6667","2346","5167","3697","4055","3116","2914","1219","4964","4444","2498","5884","3834","9456","2796","2377","4446","3794","7508","2276","1261","2270","6135","4567","5902","1710","2578","3079"
"2.86_735.63","796","1380","1071","3383","1234","4675","1612","1131","2504","399","1228","1464","1014","1644","1990","1736","3012","629","1385","2561","2281","1059","5223","3548","3911","5445","3337","2526","6525","3666","6582","3876","10944","1053","1823","5948","2623","8896","10847","9451","4207","9572","7312","3200","6784","7582","17089","2605","19080"
"2.10_718.54","3070","2156","3095","1940","3538","5384","2967","4489","3280","2484","2503","2050","12505","3103","2151","4706","3099","2808","3006","2862","3225","2484","3188","2785","3242","2916","2409","4165","2511","1975","3985","2630","4182","2261","3001","2704","2764","2735","3098","3987","3013","3076","3312","2728","3377","3097","2874","2650","3491"
"3.25_956.83","8280","12562","5342","7660","11002","10666","10885","8420","13240","7688","9438","21137","6614","10186","7363","8073","18105","6684","13767","10463","8337","8358","15536","8474","6606","10059","10100","8056","7229","9439","16591","11006","20559","6825","12116","6826","9951","13402","11929","17426","8837","13556","14030","6529","19080","12862","38281","6540","13465"
"3.17_789.60","9755","9922","6673","8593","7088","6926","10341","6009","8650","8815","12923","8873","6430","10871","6077","7193","8524","8029","7947","6287","10224","7217","4411","12607","6541","7650","10034","11821","8357","9093","10126","11734","17569","5121","7153","14389","4558","10696","16064","9437","7425","14247","9460","9652","9714","16041","10132","5054","7592"
"1.10_622.41","15114","16479","13488","8824","13776","5432","7609","12299","11510","11456","9947","16803","4716","13347","5116","5194","7024","6595","7914","7303","9188","9425","14121","18919","6586","10947","9889","14668","6774","13139","10254","10531","22438","16221","15682","8881","12193","14322","15022","12758","5954","8415","7849","13792","8799","12174","8191","3598","10027"
"2.90_752.65","10959","14386","13497","11186","18238","16627","15999","14681","15830","10685","14155","18460","18769","17190","11998","18394","20560","12329","17917","19463","19390","14934","31572","18173","20883","13940","16104","17976","15777","12287","23980","16497","28732","14198","20295","19031","15474","17303","19148","19251","15008","20344","18853","16770","19617","20980","25186","17627","17437"
"0.27_311.22","5979","7750","3681","5889","5905","10147","8780","8686","11327","3336","4986","8579","17330","9406","12110","19084","15462","10157","11078","11363","6961","6414","9590","13959","14778","12036","12359","9117","5975","5959","9077","7510","18066","8729","10175","4519","8726","5983","10048","13571","5836","13988","12155","7634","13796","9818","21240","9669","15593"
"3.05_1012.85","3263","4259","2498","3515","4102","6490","3776","2893","10370","2808","3678","6419","3290","3525","4087","4514","5603","2682","6651","3113","3359","3559","11011","4801","3553","4151","4587","4313","3672","3908","4812","3428","7887","2640","4681","2159","4163","4009","5811","9347","3363","4406","7326","3663","6294","4899","13008","3066","4697"
"0.85_646.41","3367","5974","4473","3173","4395","1937","2799","2435","3083","1700","3802","4795","1290","5476","2753","2338","3413","1778","4049","3277","3554","2961","5808","5072","2699","4992","4430","4412","2474","3234","5107","4848","6430","2866","7090","5179","2953","4022","4299","4370","2796","2577","2793","3903","3627","3529","2825","2690","3187"
"0.84_704.45","1091","2731","2484","3374","1573","2566","1843","2024","3389","1406","1985","2579","922","1819","2248","1925","3550","943","2519","2049","2011","1559","7267","6038","1879","10455","4613","4838","3223","4195","3607","4156","7778","886","4045","5210","2010","4229","5861","5794","3460","3895","5526","3685","4518","5810","5304","1351","6386"
"1.83_826.60","4901","8550","5223","3205","8068","3026","5698","4560","5046","3616","5697","7644","2966","7160","4294","3608","8361","2988","8293","5919","5317","8808","3432","4583","3484","4378","5921","6295","5803","5300","5916","7320","6866","4140","12723","4908","5592","8479","5592","6967","4383","3495","3832","6978","4627","6308","4330","2654","4566"
"1.31_864.56","1432","1802","2033","2109","1852","1560","1449","1494","4854","1066","1223","1886","994","1682","1699","1413","6853","886","3357","2088","3371","1824","5180","6291","1771","5072","4586","5733","2044","3183","2812","2351","5608","1380","3357","3977","1717","2822","3940","5428","1997","3438","3451","3634","2815","5453","3248","1521","3431"
"3.34_711.62","3952","5206","4023","3700","5266","4052","4197","4380","5568","1480","4294","5518","5059","5521","4583","5094","5944","4367","5413","5090","4917","5377","3465","4863","6193","4177","4078","5880","3218","5664","4452","6653","5557","6314","6385","4741","3965","5080","5493","5265","4240","5732","4053","4790","5697","4890","4523","6089","5054"
"2.89_737.62","6486","7303","6914","5041","9613","7538","6934","6058","8864","5161","6962","8626","10519","7839","6318","9594","10643","6454","9327","10623","10542","7666","10012","9656","10041","6725","7635","10043","7310","6825","11678","8761","11803","7414","9976","9243","8763","8937","10679","10540","6604","10241","8784","8694","10779","9640","10255","8379","7946"
"1.30_835.59","3682","3602","3187","2923","4662","2252","3902","3493","5120","2155","2836","3959","1998","5190","3280","3555","6462","2443","8473","5885","5669","4353","8337","4893","4721","4521","4246","7012","5335","5159","4065","3263","5488","2995","6197","4126","3778","3872","5643","6970","6206","6406","4837","4235","5928","5824","5459","4511","4424"
"1.99_738.51","3294","4050","2422","2107","5772","2506","1846","3866","2092","923","3529","2747","14079","5737","3488","6005","1788","5344","3824","3453","2588","4872","743","2185","3405","1773","2453","1181","1320","1956","2780","4303","1186","8561","3578","3060","4579","3096","2634","2138","1974","1849","1026","2546","4610","1772","1688","4174","2465"
"1.19_666.47","5855","5433","5194","4893","6388","5480","4622","6942","6773","4250","6566","7522","3188","5437","5114","6767","6956","3888","4747","5712","7296","5030","11928","6671","5525","8098","7717","8446","6423","6863","6518","8725","15346","6194","6268","7773","7357","6749","6840","8417","7073","9418","7059","4040","5924","9396","10348","3245","6538"
"1.26_388.39","3894","4910","2659","3609","3877","1946","2754","1325","2635","4990","2714","1914","1815","245817","5520","4401","17691","2187","2465","2337","3028","2760","2438","4362","1708","3601","2028","2397","5160","2656","1655","2354","3228","2642","4332","5574","2757","2172","3179","2092","2085","2798","2174","2926","3367","4364","14601","2093","2259"
"3.31_992.88","2077","2287","2336","3338","4000","6437","3671","4532","7969","1682","2903","5392","4229","4124","2091","5003","14878","4334","5997","4473","3408","2971","23149","8912","4541","6789","4205","5931","2872","3205","9934","3472","11075","3039","6312","5767","4511","3765","8517","6815","2622","5625","5622","4389","4280","10616","10926","2463","10292"
"3.12_650.64","5280","9041","7373","4161","8220","5854","6369","8416","7921","2428","6840","6827","5265","7225","8401","9567","9247","5751","9422","7661","6669","9286","5162","7449","7658","9061","6825","6238","4543","8824","6731","8147","7222","6479","12668","5321","5046","7756","6197","7708","5752","8765","3955","8302","9667","5355","6076","9523","8382"
"2.15_760.48","1520","13052","3708","2442","6194","1716","2678","1928","2578","749","6303","2862","3712","5019","3799","1955","5871","3271","5947","5450","6553","4809","3038","2216","3911","2835","2761","1955","2212","4137","3738","3522","8031","4123","9112","1233","2927","2548","1845","6182","839","3495","3598","1313","4159","3912","2929","1435","3732"
"2.25_798.69","7954","5822","7000","3901","9048","9480","8600","7197","7981","7634","7793","9053","9107","8415","6898","9937","9630","8646","9324","13991","11279","6898","14626","8037","11911","8800","7371","9663","7818","5895","10566","7400","12993","7483","7410","6943","8663","5696","7606","9910","9698","10140","9565","7583","9357","7787","11094","11998","7643"
"4.12_852.79","12195","36226","41097","23522","56408","35412","47508","70449","42656","9433","38519","57755","15356","70182","18008","40999","77102","29095","51466","25702","29341","27869","97531","26843","32014","30859","25914","52665","42881","35653","65636","18880","62287","11162","92334","58893","20546","29961","37139","37078","20910","43474","30681","37986","40133","44621","74047","14927","100478"
"2.41_852.50","3036","3036","2936","2713","3143","2778","3617","3528","2885","1770","3260","3047","2194","3281","3165","3817","3867","3270","3409","3311","3247","3278","3450","3223","2812","3320","3020","3749","3412","3180","3373","2896","3324","2437","3178","3640","2982","3072","3217","3035","3182","4021","3420","3423","3169","3126","3519","3685","3446"
"4.24_605.55","2981","10263","9370","4141","13862","9179","8709","11556","17708","2001","19811","10573","3467","16755","4253","7164","9047","5444","22926","4752","8373","7498","16798","8677","9139","8252","8685","10729","8346","10669","16061","3237","10802","2410","31466","9195","6172","4589","10733","7107","4322","5452","6516","9427","5164","11852","10845","3297","17967"
"3.51_976.89","10322","10772","8304","7936","15519","12238","13301","14463","14388","4056","10651","17959","10460","15852","6073","13388","23495","9682","19263","14962","12534","12564","45745","14425","24898","13372","10623","14924","15469","11146","28966","8064","23093","7726","13724","12344","12572","10304","15788","20043","11399","14875","22047","11624","16227","17533","29698","18452","25687"
"3.28_737.75","8308","9848","9448","7833","10153","9054","8798","9771","9751","3050","9079","11132","10334","9338","10984","10938","10562","7731","10134","8949","10861","11378","4513","9219","12014","8164","7943","10227","6644","10378","7361","10562","8324","12855","11110","8128","8083","9725","8324","10410","8357","9863","7681","8405","9640","9095","6838","12138","8590"
"2.45_821.56","3734","5497","3797","3022","5286","3503","3853","3352","5120","2237","4979","5138","2665","4207","5153","4158","4566","2809","5378","3731","4299","5058","3673","3968","2892","3750","4135","4900","3646","3892","3991","3603","4761","3341","6205","3986","4634","4511","3789","5046","3586","3747","3667","4149","3623","4551","3920","2815","3646"
"2.07_704.44","2911","4420","3789","1309","5540","1510","2155","1894","4514","449","6301","6417","4716","6313","865","5040","4878","1614","4262","6090","4932","7695","3009","7111","4930","4024","5085","3353","744","2657","4481","6188","4478","5983","3560","4998","7655","4630","4281","7761","2479","1506","3780","5638","4409","6037","2985","2387","1846"
"2.34_1516.13","2897","4931","3693","1885","4128","1688","2718","3548","3898","770","4848","4012","1935","4609","3302","5508","5914","2339","5252","4122","4308","4459","3740","3850","2277","4365","3911","3915","2862","3720","4962","3871","5661","2577","5275","4413","3787","3638","3168","5448","3078","3813","3337","4664","4959","3219","4477","2368","4781"
"2.15_758.98","3616","5485","4384","3475","6010","3695","4908","4303","4681","2177","6358","5072","2180","6687","3513","4757","4461","3359","4767","5179","4695","5449","3170","4228","2815","6862","4110","3845","3929","4780","3904","5010","5480","4106","7809","3468","5863","4505","5062","7186","5262","3665","3203","4798","4062","3752","3907","2909","3643"
"3.44_946.84","5838","7618","6304","7654","10946","12762","14662","15162","9983","5358","7585","16885","8384","14673","6110","13043","22048","9885","11840","12085","9896","6567","47547","8227","12701","9470","9065","13202","13545","7618","20509","9120","19508","6141","17236","13010","9965","12350","12300","13798","9538","18097","13203","9538","16138","15482","29741","8742","31544"
"1.53_820.60","13475","14605","10512","3764","16857","4027","8658","7919","8301","5541","12709","13320","8092","12306","14375","14162","6451","8455","7178","10424","7432","11718","13483","10754","5215","9212","6611","8143","5008","5587","4719","5664","10576","14031","20807","8589","12917","4800","10175","13949","6383","10766","7219","10419","7156","9434","9916","5535","7177"
"1.32_791.56","4991","5674","3559","7832","5946","4794","7857","3438","15426","3141","4086","6175","3007","4180","5919","5080","12541","2878","15823","8241","15711","4758","11580","8095","12426","13631","11156","11596","9627","11817","7892","12514","19987","4329","7957","9829","3889","6441","13581","23008","11435","14975","7572","7124","11685","19186","11119","6825","9331"
"1.19_650.44","6766","9129","7174","4742","8528","5309","5248","7127","9067","4508","6198","9628","2910","8342","4909","5506","10151","3327","6794","8001","8201","5732","13702","9621","6744","7369","7847","11297","6442","8340","9081","8873","15535","6358","11594","7749","7174","9079","9844","9182","5866","8080","6422","8516","8310","10321","9189","3510","9032"
"2.22_796.68","7469","7078","6761","6309","8941","10442","8339","7625","7957","7645","7427","8705","13133","8457","6879","11257","9298","9225","9995","12993","12877","7388","21183","9668","14296","6743","8664","10304","9712","5075","12324","7558","16160","6885","6797","8318","9739","7848","9276","10288","9401","12795","10021","7296","12388","11486","14638","12215","8055"
"2.37_786.74","0","3618","3108","4349","2770","307","5296","1854","7084","3877","2183","547","0","2608","4977","4757","1919","7428","2707","489","549","3660","3020","2922","7041","5717","4549","3613","2304","0","4878","5075","2353","4012","4650","5351","0","0","5246","4516","4340","2087","2833","1399","0","3998","4177","11686","2964"
"1.98_756.61","9485","21365","9879","6753","18645","5237","9950","11548","9529","2108","10748","11118","6385","15254","10890","10088","14750","5271","10869","15644","10254","16337","6770","8045","6446","9246","9739","8363","7673","8278","9635","8733","9244","6756","26774","14344","9498","16172","6700","19097","9689","11295","7849","10498","13641","9400","8343","5799","10889"
"2.30_840.57","3649","9852","8380","3266","6272","4731","4364","6559","7736","3271","4554","4975","10426","6727","5935","4126","3209","6606","6954","5888","3942","14154","902","4018","4384","2961","6296","4117","5346","6803","5331","4984","4283","7072","6990","3618","7587","7274","4000","6007","4436","2817","4391","4920","5551","4335","2622","3017","4437"
"2.81_817.65","5963","8889","7169","5203","10745","5023","6247","6024","11657","1982","9412","9218","3787","8080","8248","9739","10958","4674","16320","7241","8649","11060","7858","8695","8078","8164","8702","9483","6353","7540","10133","11151","8641","7275","13515","9556","8428","7000","8113","9934","6619","7087","7344","7573","7258","12241","6766","6496","7816"
"1.41_793.57","5609","8565","5175","3544","8534","5740","5278","7368","7783","3405","6830","9333","3376","7981","8345","8686","11508","5579","6176","11247","8421","6762","16416","8653","7966","9241","8646","10909","5302","6053","7867","8204","18225","7000","14817","9155","9398","7866","9369","13514","7790","15185","8401","6001","11890","12159","17353","5052","10576"
"1.30_703.54","55355","38870","39672","27790","41623","17494","32271","55337","30440","52429","54829","61201","52008","51808","28229","50970","21199","38966","29905","30300","26692","52064","30388","41702","30397","30111","21007","22265","20494","25265","25543","23276","30797","78293","31098","28431","52170","23545","36259","29150","28490","24878","27739","37272","34046","33296","26071","34379","35528"
"2.59_790.68","2817","3914","4110","4069","5953","2165","6510","2760","7624","2067","4394","5477","3414","4470","5890","4680","5841","2428","9465","4383","3942","7906","2720","4146","2552","4129","4700","5362","4034","4058","3807","4613","3933","3474","11251","3879","2904","3659","1766","5631","3162","3370","2492","4766","4601","5188","3211","3280","3263"
"1.99_876.60","3538","3634","1591","3044","2405","2934","3886","2491","3100","2052","3902","5162","2148","4357","1582","1797","3858","2804","3337","1437","2561","1889","6199","4431","3171","3177","2741","3446","2319","2253","4637","4142","12187","1593","3700","4244","1538","4107","6951","5930","3518","6217","4985","3000","5380","6091","13062","1886","4610"
"3.32_766.76","2225","2049","2184","1674","3227","2247","2382","2717","2549","1852","1979","3035","3219","3222","1845","4997","3717","2119","3769","4304","3758","3066","7151","2967","4256","2376","2478","3171","3944","1745","5091","2155","3812","2829","2773","3402","2605","3054","2822","3819","2392","4278","3019","2680","3425","3216","3363","4891","2928"
"1.30_892.59","2053","2799","1776","2259","2277","1958","2377","1278","5361","1478","1700","1921","1298","2367","1717","1485","3910","1719","3659","3226","3021","2387","5326","4257","2593","3006","2873","4250","3263","4063","2804","3023","5298","2475","4565","2862","2155","3361","3631","4199","2362","3126","2770","4362","3544","4087","2866","2017","3497"
"3.04_907.70","2793","3297","1336","2252","2958","3218","2752","2859","4422","1528","2856","4525","3155","2762","2112","2819","5832","2859","3968","4226","3117","2711","8002","2785","2812","2188","2825","3089","2282","2826","4861","3139","7102","2640","3348","1772","2584","3449","5086","4853","2697","4633","3884","1832","5280","3530","10945","2465","4177"
"3.47_784.68","6817","11380","9604","8153","12127","5829","10431","6580","9696","8912","10693","11134","6882","12194","8630","8431","8966","4463","9250","9907","8227","10514","6075","7587","5131","8096","8702","11226","6584","6337","7643","6373","8800","6921","8626","5615","8519","7850","8732","8511","6365","7409","6969","8443","10173","8248","8698","4134","7599"
"3.38_960.86","9757","12486","7686","9094","17127","11715","15425","13431","11906","6932","12174","18734","8090","14335","9933","10555","19009","8901","17633","13675","11314","10961","24844","11231","12638","11763","11071","11949","10235","9712","20116","11786","22048","7459","17453","9629","12324","12725","13545","16099","10636","12676","16081","8941","15516","17006","28350","10629","17311"
"2.15_796.53","7755","8992","8170","7453","9999","7255","8367","8783","8135","3800","9364","10093","6430","9257","7802","8114","8179","6972","8436","9250","9320","9043","6841","7490","8039","7453","7811","7774","7145","7658","8373","7681","8451","8293","8841","8494","9466","8711","7800","9601","9253","7414","7280","7803","8317","8412","8603","6012","7431"
"3.69_738.68","2094","3247","1589","4433","2889","6513","2633","1590","4500","954","3207","2032","2017","2209","2723","2788","5994","1652","2984","3505","3687","2836","8189","8081","5128","6850","3634","3850","6543","4282","7831","4868","10748","1884","3554","7977","3342","9984","13069","10889","4712","8172","9114","4283","9221","9318","12616","3360","15295"
"4.02_848.77","78862","197843","179990","30544","198199","116574","179584","220784","135069","20429","125474","180701","17627","65873","89631","175556","59097","124795","44380","118759","134143","24150","54965","24497","115096","180212","38717","41730","39099","113832","41055","136138","75349","17746","420678","279214","102927","31939","157373","146723","21369","24488","182614","37804","177908","197870","278163","19472","343251"
"1.31_184.07","23251","17973","17436","11368","20754","7312","13767","19704","16330","15408","17692","22273","9366","19439","13997","17877","15951","12405","13460","14390","16306","17041","23457","21759","11771","18568","14052","17984","12452","14627","12534","15498","26662","19220","21846","16922","17354","11971","18525","20191","15640","18197","16362","17466","16791","21545","16865","9314","16612"
"2.07_727.56","15355","14656","13282","10679","13324","14377","12663","13750","14964","6669","14877","15175","14099","14559","13385","13208","15169","13079","16020","15160","15562","16390","14678","14503","15809","14010","13498","14159","12156","14174","14662","13597","14932","15047","15364","14208","15704","14903","14377","14595","12768","13105","14010","15073","14533","14025","12222","13663","13650"
"3.17_767.54","9807","11523","7884","10288","10118","9192","12803","4801","9678","9659","15661","11678","7464","13508","6687","7836","11820","8527","10213","8853","12625","7787","6809","15940","7854","9831","11293","16675","9020","9017","14347","13612","27245","4858","9289","17790","4312","11898","19890","12984","10901","19783","12978","12968","13181","20907","14237","5542","8210"
"1.39_385.35","4115","3128","3194","2557","4805","4432","3667","5179","6099","2269","4509","5029","2432","4652","4463","4003","7973","3324","4862","6250","5785","4385","7614","6681","5726","4852","6045","7760","3581","4993","6152","6010","7569","4013","5884","4134","4760","5184","4735","6488","4245","5868","6255","4928","6309","7202","6283","4355","5443"
"2.15_758.94","6826","6453","5697","4931","7112","5695","5080","6310","6233","2825","6798","6634","4160","8923","5763","6258","6314","4316","6037","6580","5157","7526","4632","5948","5080","7086","5520","5479","5005","5576","4969","6527","7251","4407","9786","6352","6417","6671","5241","6945","5812","6223","5493","6092","6381","6241","5344","4638","5214"
"2.45_812.68","6931","11354","6269","3807","12005","4251","7264","8868","6749","3391","6370","9249","5225","15284","7969","7062","13509","4036","15382","7153","5636","16669","6811","6898","6295","5891","7168","7387","11297","6926","10336","7145","8322","5316","21476","6845","4652","10744","8566","11639","7988","5852","8005","8423","8759","8197","6061","5775","7747"
"1.53_801.58","6809","7332","4238","1856","4964","1878","3708","2585","4824","2895","4705","4876","2488","5622","4618","3998","5404","3033","6040","4741","4130","6391","5038","5670","2710","5333","5041","3557","2883","3244","2348","3617","4572","4749","8729","4579","4712","2574","4318","5461","5387","4935","2988","4694","3137","5453","5275","3858","3644"
"3.25_982.84","3100","3514","1955","2115","3370","5260","3267","3232","6878","2552","3765","7412","2024","2720","4213","3374","5110","2528","7060","3155","3682","2899","6362","3873","2438","3456","6551","3314","3118","3485","3604","3544","5880","2001","5075","2345","3314","4545","5018","7549","2826","3306","5886","1977","5214","3617","11693","1789","4278"
"0.25_550.31","1740","2807","1179","2633","2286","4279","2701","935","6895","824","2659","2500","962","2684","6702","2726","3551","940","1843","3698","5252","2733","9807","5043","4039","6726","7927","9078","3120","3869","2367","4817","7420","1229","7465","3500","2574","4842","5852","6677","5267","10724","4359","4365","4807","8362","10468","1717","6514"
"1.59_841.64","2376","4312","2915","2429","3351","4605","2400","2813","6586","1472","3838","6732","3130","5356","4429","4208","5705","2425","3059","6851","5023","3995","11042","4601","6964","5320","6436","4991","3270","4915","5724","6536","11864","3130","6678","3545","4778","4486","7379","7503","5387","9376","5085","4097","10793","7580","10515","4452","7618"
"2.22_850.49","4479","3860","3879","3840","4042","3529","4504","3729","3768","3463","4090","3698","3207","3643","4265","3507","3911","3649","3669","4155","4361","3951","3836","3934","3800","3833","3649","3830","3697","3921","3920","3385","3831","3695","3829","3796","3903","3923","4403","3949","4410","4075","3836","4190","4200","3532","4370","3600","4101"
"2.14_1572.12","4103","5819","3411","3767","5171","3177","4101","3757","4182","2078","4286","4427","3947","5086","4354","3352","4135","3274","4580","4442","4259","6632","3213","3802","3587","3787","3456","3447","3775","4799","3546","4132","3925","4005","5497","4057","4363","4738","4451","5385","3911","3517","3533","4291","3822","4170","3388","3557","3800"
"1.19_702.47","3798","6649","3929","2703","5753","2301","3868","5015","4682","2354","2325","5153","1720","8110","3038","3272","11536","2235","5187","4105","4028","4783","8078","5447","3327","6140","5952","6535","5357","4236","6221","4116","7928","2527","8958","5821","2540","4888","3668","6210","4496","4564","4843","4659","5797","5384","4596","2411","4529"
"0.33_293.21","7533","7682","4172","7316","5437","9270","8761","7521","14621","3360","3351","7716","10310","7575","6921","12843","19642","11033","18273","9166","4520","6482","6956","12279","11649","13538","9542","8291","7085","4961","8798","7483","13765","11885","7919","6069","10143","9826","7594","19224","5542","9877","10397","5329","10228","9660","12928","7876","12057"
"1.52_843.59","3914","4961","3350","2133","4575","1854","4087","2469","3352","1880","3024","4248","2319","4618","3176","3674","3661","2510","5152","3330","3877","5185","5030","4063","3107","3706","2844","3480","3465","3496","2285","2483","3166","3570","7043","4516","2968","2774","3583","4275","3361","4226","3210","4060","3178","4125","2578","2312","3425"
"1.84_822.56","4176","6385","3982","3617","6761","3427","4456","4572","5910","2297","5971","6455","2865","5874","5115","4183","7483","3985","6336","6010","6166","5960","5471","4966","4803","5252","6125","6223","4281","4749","6207","5687","8297","3478","8940","5489","4945","5921","5094","7516","4747","5819","4424","6241","4944","6659","5949","3354","4639"
"2.51_605.55","1887","2665","2728","988","2908","2615","1131","3129","2582","1054","1840","3199","6141","2619","2206","3550","3329","2718","3096","2392","2679","2707","2751","2210","2714","1942","2488","2356","1756","2119","2589","2476","2915","3294","3790","2132","3392","2072","1988","3220","1700","1857","1898","1717","3667","2717","2913","2422","3356"
"1.60_876.52","5167","4163","1914","3537","1703","2710","2800","1746","1936","2107","1931","2356","1600","2702","1909","2403","2675","2838","3614","1548","2303","1753","2645","3484","3316","2513","2957","2933","2014","2790","2855","3392","4562","1927","1930","2930","1560","3010","4814","5528","3724","5789","2793","3249","2559","4211","5094","2246","2152"
"1.53_833.57","3126","3186","1531","2681","3170","2045","3878","1110","5156","1368","3354","2825","1391","3231","3128","3067","5364","1278","3919","3582","4601","2757","7571","5229","2771","5353","3731","4579","4138","3163","2570","3741","5459","2913","4703","3914","2441","2388","5196","6232","3860","5924","4055","4073","4456","5659","4126","2211","4461"
"3.63_922.77","10965","28210","12021","13732","26379","7460","20550","18291","16672","9905","19368","31615","7214","30035","7896","10552","28553","11485","20098","10435","7694","15627","42370","10650","7581","24012","8682","9458","8817","6921","17446","6611","28773","8918","20797","7654","11395","12529","19142","18872","7930","13037","15987","9659","19090","12994","54243","5086","29031"
"3.01_803.70","2657","3108","4232","2524","5304","2736","3540","2730","2702","1469","3274","3973","3183","4609","4035","4558","4497","3472","3610","3405","3399","2950","2927","4036","4499","4217","3664","3243","3692","3226","4721","3432","4640","3151","4533","3508","3687","3893","3763","3825","2401","5515","3057","2767","4531","3404","3172","2827","3324"
"0.99_738.45","8618","7117","3487","3885","3447","2627","3079","4717","2349","4848","3639","6183","3253","5334","2748","4265","3335","4090","4123","1973","2808","2989","3285","4178","3761","2862","2711","2516","2435","3284","1649","4110","5925","5928","3944","3236","4227","2947","5070","5434","4862","5853","3112","3865","2953","4354","6659","2806","2313"
"2.35_811.66","11609","26264","12710","8507","17235","7849","9556","8089","14008","4180","11090","14689","8934","16830","9120","5893","5432","6523","17540","13359","10735","18319","3783","10717","7157","7382","9076","8796","9263","12774","10891","8686","10914","9690","22263","8263","13243","18218","11749","11058","7615","6504","5787","16157","10972","9497","6535","5442","8044"
"2.53_716.62","5308","3790","4631","4915","7105","7825","8110","6376","11388","4331","4615","6729","7179","4582","5550","5974","12000","3569","14552","13587","12583","6831","14925","7138","11598","7172","9232","12012","9108","7649","11693","9106","12113","5859","6438","5857","6651","8074","7644","13989","8584","8527","10221","8310","10606","12690","8419","8406","6862"
"3.10_907.62","4751","4434","4976","3466","5428","4860","4152","4558","4838","2598","4918","4720","4816","3571","4320","4588","4954","4041","5140","4768","4729","5422","4129","5149","5092","4346","4820","4868","4139","5080","4603","4621","4770","5194","5706","4952","4355","5811","4776","5621","3922","4646","4277","4231","4809","4552","4137","4028","5072"
"1.99_770.56","4462","10233","5219","3202","4386","3760","3779","3767","4276","2477","4254","3558","3595","5981","3711","3679","3841","3201","5412","5713","3857","4961","3058","3749","5320","3037","4638","3962","4894","3401","4016","3249","4629","4349","9237","4539","4352","6430","3379","4275","2991","3580","3226","3859","4104","3628","3610","4677","4164"
"2.05_677.55","9458","7719","8478","3428","11089","5725","8073","9255","4562","8135","8395","12365","15077","12062","6050","13905","7197","9546","6207","12135","6745","9087","17842","7401","6753","5597","4636","7081","4703","3156","11379","5047","12370","9796","9885","7814","11680","5917","6641","8229","6243","10568","6625","7387","7766","7240","13275","8057","7074"
"1.31_842.52","1636","3948","2442","3638","2502","2114","3008","2009","5993","1083","2004","2905","1039","2566","2643","1717","4944","1684","3581","3718","3293","2669","8130","7226","2386","7651","4783","6760","4510","5089","3579","3632","8828","2004","5922","5870","1769","4103","6993","6781","3456","5339","4601","7559","6865","7368","4777","2210","6558"
"3.07_762.67","2218","3888","2533","2539","4166","2515","3444","2805","3537","2221","3056","3177","1700","4658","2024","3119","3732","1602","3586","3939","4166","3439","3697","3824","2342","3225","4053","4006","2374","2913","4367","3207","3956","1629","5651","4294","2109","3542","2378","3881","2825","4026","2453","4858","3590","3834","4118","1998","3176"
"2.20_794.66","4206","3370","5329","4952","5540","8320","6468","4790","6845","4934","5148","5878","12498","5860","4629","8544","8379","6284","6619","10069","9515","5150","27288","7227","12827","6748","6029","8698","9220","5037","13127","6538","16220","5596","6129","8458","6433","7869","11338","10061","9838","12664","12553","7021","12018","10014","17091","11690","10214"
"3.75_808.75","7154","11037","5476","25673","9261","28347","14346","5278","19263","3387","9268","7612","7112","9162","11172","9044","31800","5292","11462","16825","15353","9325","48241","37166","22866","39515","20832","18525","39773","20059","40524","25666","53156","4816","15579","45499","14798","45781","61063","49698","23583","37790","49281","28999","37009","45800","62658","15095","74726"
"2.51_876.68","1105","2577","1202","4761","1876","4705","3754","1193","6269","858","1623","2074","1630","2339","2811","1494","6894","1218","7684","5236","5970","1552","7329","6380","7288","6383","6049","6636","4634","4543","6979","7020","10126","1380","2280","7565","1253","5971","8643","6981","4764","5662","6013","4337","5952","8671","6189","3940","4784"
"2.34_761.33","2823","9357","5289","2780","6569","1482","3841","7006","3967","686","3040","7134","1799","7855","5168","6756","11021","2468","8470","5131","6616","7219","6425","4642","3185","6247","5197","9999","5336","5695","9114","5273","3836","2350","9024","8117","4580","5429","6066","5343","3055","5464","6287","5938","9825","7401","4622","4614","7591"
"3.44_872.74","4843","9074","4443","796","10808","8285","13027","8053","9973","4719","6931","14413","6185","11796","3873","7773","18237","6550","12193","9410","7295","9275","39955","9676","9369","8814","8373","10718","7553","6694","18991","9323","22647","5303","12299","8956","8282","9763","10167","15060","7670","10659","13497","6473","14574","13115","33770","6856","15771"
"3.13_658.57","4946","7905","7313","3981","7829","6668","6201","7280","7498","1959","7074","8037","6775","9331","6909","7864","7847","6154","7877","7880","7581","8844","4884","7259","9860","6507","6829","9354","5636","8368","8177","7932","8389","9117","11702","6305","6065","6795","6718","8676","6012","7487","5760","5431","8563","5655","5701","7605","6572"
"0.19_377.09","6657","6391","26980","2725","8869","2228","2409","4722","1415","4526","4065","3638","2889","3201","2176","5487","2242","6424","1455","6249","2479","4378","2096","1819","2341","1612","1212","1977","796","1947","1363","1795","3070","4681","1476","1768","2479","767","2798","1249","2173","2587","2391","1191","2723","2299","3042","6560","4082"
"3.02_972.82","6236","6608","2948","5601","6746","9083","6943","5793","9579","4490","5614","9481","6355","7414","5961","5532","12576","5653","7601","7858","6399","5353","20886","6038","5905","6061","5668","5550","5967","5236","10176","6817","15098","4983","7336","5448","6968","8617","11267","11161","6032","9952","10429","5311","13256","8939","25058","5747","9410"
"1.53_850.58","1638","2376","1301","1702","1207","1385","1494","861","6932","730","1143","1219","928","1271","1163","986","6948","1168","3200","1379","2241","938","7838","8967","2177","6339","4465","5659","1548","2441","2121","1780","3546","1096","2064","3293","1229","1604","4612","5324","1522","3060","3174","3758","1849","5686","2145","1449","2087"
"1.47_850.62","1185","1697","626","2548","1728","7120","2752","1223","10313","738","1484","1746","682","914","2510","1047","9319","967","7764","3134","8437","1311","10134","3196","6863","4761","7639","9193","6341","5883","4412","5521","7035","1368","2897","3068","1939","5107","4938","8768","7791","6129","6546","2882","6711","7694","6015","3125","3855"
"2.37_1568.16","1811","4828","2094","1333","4567","1232","1753","2739","3609","288","3030","3597","979","3873","3445","3608","4372","911","5738","3149","3623","5083","2736","2590","1909","3094","3080","3589","2389","2404","3922","3898","3609","1387","6299","3639","2382","3565","3295","4325","1465","2587","2165","3331","1386","3666","2490","1844","2457"
"0.98_692.45","5356","5246","3809","4067","5480","4528","4051","7829","4248","4168","4561","6659","2478","5211","3658","3988","5970","3146","2879","4551","5530","5074","10480","7353","4414","7382","5674","8235","4800","4286","6245","6313","14098","3992","6028","7122","3876","5247","6967","7798","6244","8251","6141","5051","4878","8710","10214","3362","7118"
"2.01_549.42","2277","4011","2732","2953","2885","3093","2294","2238","3696","1629","2843","3588","3331","2390","3648","3728","3959","2148","3063","3076","3143","3451","5695","4559","3652","3409","4405","3627","2852","3500","4081","3963","4246","2489","4484","3642","2918","3694","4366","3995","3031","4033","3415","3159","3303","3954","4237","2304","4294"
"3.29_982.84","3430","5076","2209","2927","5129","5411","4313","3905","7423","2804","4209","7814","2691","3922","4126","3814","5237","3061","7538","3668","3514","3836","5674","3907","3534","4569","6914","3180","2677","4345","4466","3553","7203","3019","5775","2774","4085","4410","5110","9483","2790","4037","6309","3669","6379","5191","10227","2831","4807"
"2.12_687.54","3333","2959","2616","2322","3159","3152","2351","2921","3014","2041","3548","2737","2728","2926","2890","2932","3042","2343","3207","3343","3502","3651","2869","3068","3126","2707","2723","2858","2399","2931","2946","3435","3924","3391","3258","3394","2971","3387","2884","3620","2381","3015","2901","3088","3423","3148","2507","2863","2783"
"2.73_782.70","7560","9805","8783","15485","14198","18920","16284","5000","22233","6482","8289","11392","8417","12010","10908","10243","30389","6823","28607","23823","31564","9101","31109","18933","30828","18985","21745","35122","19970","15021","27031","22195","41256","5711","14895","20451","8706","20867","26040","27291","17591","22886","20193","13497","22452","29449","23930","16790","16299"
"2.95_776.65","3902","3994","4387","2591","4777","3056","4048","4482","4304","1967","4268","3753","3411","4195","3737","4059","5055","3911","5736","3598","2940","3775","3791","3882","5384","3151","4578","4676","2891","3878","4046","3722","4185","4399","6007","4712","4739","4210","4261","6050","3849","3341","4520","3130","4739","3578","3171","3759","5417"
"3.24_367.34","4167","4704","4015","2929","6384","4736","5418","4133","4842","3119","3662","6434","3153","6266","3333","4330","5788","3293","6779","7449","6255","4566","10199","3762","5236","3805","4076","5103","4605","3315","8287","4960","8839","2827","5681","4215","4121","4237","4361","6161","4617","5667","4564","5048","6447","6308","6915","4526","5343"
"2.22_739.60","3201","2706","3977","3122","4072","5105","4264","3581","4436","3394","3815","4713","5380","3811","2743","4061","3698","3997","4435","5162","4291","2574","8822","3977","6274","4040","3234","4985","4374","2783","5408","3828","7089","3771","4017","4112","3558","3846","3961","5158","3835","5248","4658","3502","5168","4283","7563","5071","4077"
"2.01_641.52","8368","6123","13590","2544","9195","2095","2615","12399","808","11225","7580","10619","12652","8078","5763","9442","774","9803","1129","3477","1332","8440","1183","1042","3143","2082","1364","1080","1874","1322","1853","1913","1700","12111","6633","1007","11780","3197","1116","1708","3037","1815","2112","1014","3353","1267","2889","3046","2024"
"3.25_895.74","2203","2906","1265","1639","3930","2912","2898","1872","3963","2780","2607","3631","1801","1741","2484","1732","3965","1360","3742","2950","2155","2210","4688","2425","2053","2983","2730","2204","1398","2944","4816","2671","4955","1507","3342","1786","3459","2549","2554","4955","1754","2133","4251","1703","3333","2962","7126","1546","3195"
"1.16_846.55","4759","7639","6090","2761","4890","4092","2781","6400","5029","2062","4202","4932","3245","7041","2952","5319","5593","2963","4821","4677","3626","5116","7823","7292","3900","5653","5937","8796","4429","5706","5776","4064","10945","5288","13333","4734","5374","5519","7922","5202","3974","4624","4152","6203","6216","6847","7062","2192","4790"
"2.28_790.63","3213","2061","1936","1046","1742","8372","1308","5701","1809","583","1841","1529","17707","1956","1998","3859","2673","1815","1319","1439","2077","1031","2413","2522","1630","1706","901","1280","1159","990","3360","2317","1261","821","2227","1744","1619","2530","2164","1734","1625","2732","1926","1707","2423","2204","1874","1481","2615"
"1.33_848.60","1906","2150","1431","2806","2305","2904","3131","1252","10113","744","1657","1405","521","1000","3659","1880","8281","592","9062","2759","6767","2180","8035","3110","4961","6004","6543","7750","4874","6503","2833","4891","6019","1132","4142","4217","2659","3126","4740","9353","4900","4680","4889","4235","6461","7890","4354","4148","4304"
"3.44_933.83","2471","5574","4618","5214","5679","5798","7297","7136","5816","3013","3571","7418","3683","7120","4633","7205","12921","5750","6893","5174","5509","3725","21935","4605","8491","4699","4205","6564","6789","3936","11576","7106","9460","3355","9340","5964","4964","6210","6331","7570","4136","7726","8167","5564","8182","5982","17878","4142","14687"
"3.65_808.81","1675","3998","1525","8840","3992","8758","5238","1703","6539","1298","3324","2342","1787","2512","3967","2497","8736","2067","4627","5735","4183","2632","12861","10625","8207","11516","5444","5161","12430","8051","13301","7742","15123","1745","4643","13155","3813","14462","18105","15589","8472","11663","13503","9445","11461","13899","16606","7328","19720"
"3.40_687.57","2931","2988","3740","2639","4264","3893","3546","4628","3604","2376","3472","4027","3782","4180","2372","4186","4891","2807","4605","4828","4100","3362","8371","4160","4348","2993","3983","4351","3788","3069","6219","2772","6968","2772","4278","5394","3070","3614","5034","4441","3071","4493","5213","3990","4761","5294","5157","4027","4462"
"1.73_719.57","4498","5013","4293","2551","4349","4487","3458","4105","4798","2348","5180","5275","3029","4036","3234","3254","4317","3177","4131","5498","5941","5019","6283","4657","4559","4794","5540","6026","2905","3960","4905","4685","6120","4175","4970","4647","4693","4767","4425","4725","4253","3770","3819","4001","5295","5496","4723","3267","4380"
"3.30_997.86","4140","4501","2528","2869","4111","5415","4226","2798","6385","3791","4364","6783","2953","3397","3247","3286","4513","2584","6196","3108","3392","3627","6413","3656","3028","3486","6462","2885","3115","3995","4143","3235","7558","1766","6169","2061","4300","4137","4342","8874","3067","4045","5870","2728","6296","3929","9695","3101","4147"
"3.04_896.64","8636","7654","7565","7262","7461","7920","6716","7566","8390","4712","8240","8391","7716","7060","7462","8032","8721","6929","9802","8919","8000","9135","6159","9350","8592","8660","7363","8147","7483","8798","8625","7956","7193","8592","7875","8614","7204","7981","7560","8097","7906","7295","7482","7613","7663","7127","7474","7436","7510"
"3.04_902.75","5112","8688","4216","6828","8606","8339","8472","9196","13090","4023","7184","12799","8573","8594","6126","6989","18910","6155","11220","9889","8079","6516","30586","7916","8914","7274","5960","7196","7209","5711","15263","9134","26709","6758","11431","5802","7362","12137","12934","15303","5981","11911","12522","6036","17733","11306","34244","6726","12265"
"2.35_761.25","2956","6128","3872","2550","3736","914","2324","2560","4057","922","4209","5359","2375","8005","4081","6594","7097","2513","6360","4170","4410","5399","5394","3216","2982","4483","3612","4103","4452","3934","4412","4617","4340","1148","6541","5584","2498","5511","4657","4716","2103","3239","4328","4158","5210","5174","4988","3768","6171"
"1.52_882.58","4846","4527","3839","1935","5186","1136","4308","1672","4138","2177","4232","4091","1861","4713","2816","2383","2986","1826","4137","3532","3390","4592","3782","4583","2800","4021","2581","3024","3473","3969","1998","2356","3546","4203","7475","3826","2401","2820","4710","5397","3243","3787","3363","4535","2871","3716","2533","1800","3170"
"3.75_822.77","8716","14618","7089","34675","11711","35135","17184","6683","25186","4143","11696","9387","8136","12378","14582","11809","40377","5533","16174","20894","18792","11529","65997","48533","31220","55732","25750","22891","52278","26522","54003","35171","73338","7162","22197","62483","19257","57762","80263","65900","33387","52037","63049","37304","49808","59997","81484","21258","96668"
"3.39_845.72","1534","3429","2909","2690","3594","4869","4748","4902","3007","2221","2738","5534","2375","4513","2712","3825","8640","3323","4116","3915","3569","2245","16935","4119","4675","3113","2825","4521","4683","2929","6477","2668","7391","1996","5882","4201","2583","3839","4322","5319","2872","6514","4956","3879","6378","3990","11617","2497","9664"
"3.37_1016.88","3423","3868","3004","3790","7023","8856","5156","5462","16463","2619","5048","8569","5682","5577","4171","5689","15510","3685","10478","4882","4119","3651","32787","10836","8508","7460","8085","7515","6408","6153","11055","4540","12913","3878","7484","7032","5976","5255","14326","11791","4736","7093","9390","5118","7208","14583","18953","5325","9099"
"2.80_952.74","2637","2222","1669","1466","2084","2023","3018","3062","2544","2036","1926","3650","3324","2389","1674","3066","3498","3265","2634","1963","1764","1682","7841","2203","2838","1987","1654","1912","2160","1298","3201","2084","5121","2471","2111","1751","2714","2009","2905","3542","1992","4141","3094","1350","3042","2528","8139","2356","3122"
"3.44_984.86","5879","8983","4577","4235","9522","9569","11026","6322","15199","4196","7457","14258","7313","8432","7147","7053","11421","4646","18175","6976","7804","10178","24148","9737","7821","10725","13174","8052","7775","10596","12917","6234","15872","4499","11602","6809","8974","8131","13975","15623","7622","7204","15347","6515","10105","11592","20255","7221","10556"
"3.02_909.71","2959","3673","1884","2599","3998","3256","2979","2799","4421","2323","3637","6234","3251","2982","2494","3823","5958","2740","3690","3672","3368","2674","7596","3150","3116","2882","2383","2584","3086","3852","5326","3671","7921","3208","4013","2490","2969","3658","3956","4948","3015","3944","4758","2576","5952","4096","10421","2953","4479"
"3.38_1000.89","6892","8576","4493","4122","10076","9751","9095","6758","10736","4299","10294","13214","5550","7852","7773","5798","7938","4058","14602","7193","6772","9495","12892","7645","6362","8546","12527","8092","7272","11035","10837","5317","11724","4505","10388","4389","7088","5836","9939","12598","6364","5659","10883","6378","8689","10026","13505","6625","7767"
"2.53_988.81","1463","1718","894","2341","2379","2841","2432","2701","2661","1524","1528","2344","2194","1506","1613","1899","3680","2109","2017","2009","1647","1326","11606","2690","3468","2406","2287","2161","2482","2037","3829","2164","4993","1439","1864","1744","2762","2959","3486","3180","2242","3388","5165","1652","4260","3126","8649","2717","3567"
"1.97_693.54","2634","3186","3084","2288","2604","2303","2709","4461","2098","1513","2664","2627","2262","6264","3163","7442","5153","2259","3912","5872","3549","2971","4747","3286","3964","3210","5412","5621","5518","2671","3748","4179","5184","2627","9702","9150","2768","5302","2774","5317","4665","4615","3556","3266","6228","5260","3514","3022","7517"
"3.65_765.69","9995","14217","8401","27961","14160","27055","17263","6582","22043","4373","11258","10157","8279","11149","14214","11208","31411","6066","16498","18424","17073","11191","43263","35418","27048","38666","21955","17919","40541","25947","45046","26361","50428","7645","17586","42664","15538","52774","61873","54900","25453","38323","45786","28860","38065","45851","56479","21590","69373"
"1.99_734.53","3749","4768","2898","4425","3844","6117","4469","4444","4253","1358","3906","4218","25136","10650","3002","8075","4126","5948","4451","12215","6246","4132","5612","5040","19020","2923","3158","3972","2462","2845","4078","2092","4615","6432","3372","2687","4144","2557","5350","4498","3558","5259","4379","3510","5913","4529","4552","4330","4221"
"1.41_846.55","2886","4325","3164","2056","3736","3173","2421","3112","8953","2122","2879","3867","1945","4322","2451","2689","11181","2317","3592","3875","4231","2805","7928","7711","2965","6034","5185","9232","2968","5656","4877","4677","11102","3099","6660","4369","3179","3987","6520","6267","3754","5980","3774","3901","4838","7545","6049","2646","3871"
"1.98_735.54","2292","3470","2355","3208","2686","3413","3090","2790","3461","1529","3677","2854","12320","6330","2522","4796","3374","3664","2880","6938","4927","3057","1838","4455","8470","2877","2319","2162","1851","2065","3194","2440","2757","4288","2927","2021","2042","2622","3024","4959","3141","3573","2817","2559","4225","1913","2758","2738","2472"
"3.19_605.48","1208","1658","1084","1392","2086","1620","2236","2136","2141","1135","1616","2769","1839","1895","1219","2590","3452","1849","2033","2281","1763","1485","9249","1995","2020","1701","1351","2311","2220","1714","3717","1879","4702","1375","2342","2641","1899","2173","2593","2836","1986","2822","2614","1695","3194","2793","8261","2126","4344"
"3.24_869.72","4252","5860","3196","4086","6665","5292","5889","4777","6576","3515","6017","10056","3517","5901","4613","3798","12341","3746","6765","6332","5533","4923","15361","4637","4103","4632","5369","4646","3945","4578","10552","5560","14722","3826","7184","3281","5408","6874","6146","10764","5235","7022","7695","4049","10751","6989","23075","4439","8100"
"1.97_625.52","3538","6642","4387","2257","4832","3397","3078","4146","3297","1330","3903","4656","13424","7881","3373","5583","2607","3203","3879","5328","3584","7045","1125","2948","5931","2467","3109","2407","1788","2743","3265","2993","3040","4914","6219","3922","4192","4600","3346","3033","3023","1833","2163","3407","4373","2722","2023","2703","2877"
"4.52_1293.11","6386","3985","6921","2784","7241","3552","4844","6275","2078","9853","5869","5819","8167","7328","4273","9060","2755","6391","3820","7138","4663","5436","2741","3292","6246","2957","2670","1762","3459","1668","2599","2791","3428","7043","3273","2262","5453","2993","2588","3529","5103","6738","4365","3215","5110","2760","3959","4768","2151"
"2.84_264.27","2198","3154","2413","2713","2756","2606","2796","3111","3942","930","3210","4997","3635","4152","2969","3304","3875","2285","3430","3312","3092","3433","1850","3209","3459","2170","2755","3366","2225","4105","3834","3229","3520","2945","4292","2135","3021","2561","3087","4443","3544","3290","2544","2661","5176","3265","3275","5325","3813"
"3.05_1006.86","2013","2586","1746","3361","3105","3632","3008","2499","5727","1404","2143","2917","2704","3327","1850","1934","7887","2248","4640","2491","2756","1718","20391","6656","3443","7883","2882","4556","3494","3045","10236","3914","12808","1777","3258","6919","2446","6847","9862","9412","2907","4799","7662","4001","4965","9995","14077","2374","11174"
"3.69_1002.91","3194","4768","3177","2625","4587","6218","4922","4491","8680","1532","5143","4859","4130","5109","2878","4875","5733","3130","9262","4215","4385","4701","22165","7759","8285","7391","7108","5488","5638","5985","9251","2506","8172","2071","5342","4305","6159","3286","10416","6942","3197","4243","9865","9869","5060","7158","8794","4725","10959"
"3.98_601.52","12182","34773","13715","15260","34826","17067","22903","15912","26954","9270","26386","40361","9941","31618","12741","11469","35221","12782","40047","15717","15686","22903","24791","17973","10999","22926","23163","15720","14563","20659","34482","19023","53470","8766","44875","18905","13781","18618","26621","28034","12842","18035","24767","14746","25403","28090","55538","9697","28360"
"1.31_878.61","2650","2167","2002","2220","2899","1649","4090","1959","4112","1745","1976","2203","1170","3068","2668","1882","5950","1643","5133","3306","3815","2836","5547","3546","3420","3277","3504","5439","6060","3559","2700","2807","5621","1683","4600","3006","1881","3544","3629","6747","4150","3861","3890","3416","3821","4102","3403","2703","4202"
"2.22_1509.16","3378","6217","3767","2650","5337","3072","4180","4113","3818","1780","4962","4914","3095","5077","5696","3527","4917","1977","6202","4485","4610","5663","1906","3866","3316","3864","4045","4322","2985","3909","4510","4163","4554","3508","6485","4765","3899","4778","3420","4783","3914","3628","2905","4090","4200","3540","4163","2335","3628"
"1.97_650.44","19783","18712","17558","13522","15813","11581","14759","22599","14021","10044","19050","22079","11036","19739","12640","26392","18117","15765","15091","10840","16104","17043","14581","15763","17850","15884","13770","18856","15321","13933","19290","19400","22323","15241","14867","25411","14806","16537","16650","21291","16564","25184","16556","14508","14743","20125","21053","16566","15073"
"2.14_1550.14","3868","4079","4161","3767","5963","3375","4447","4406","4793","2482","6137","5412","3030","5155","5196","4079","5115","2808","5943","4967","4643","5906","3233","4326","4128","4348","3763","3958","4488","4230","4777","4439","4799","3442","6274","5044","4321","4963","4026","5908","4113","4237","3761","4190","4394","5054","4327","2804","3813"
"1.32_834.52","3491","4518","2696","2999","3508","2293","3940","2404","4966","1555","3130","3066","1188","3789","4559","3176","2739","1423","5284","3486","2603","3656","581","2146","1280","1566","2887","2450","3102","1904","2518","2337","3010","2681","5928","2809","1884","2123","2858","4945","1828","2348","1367","4081","3366","2111","1274","2732","2327"
"3.48_1018.90","486","837","694","1001","1561","2401","1200","1168","5841","507","951","1300","952","1132","839","1174","5058","1050","3319","919","1042","596","18615","5479","1294","4789","3984","3151","1335","1813","4497","1206","5054","607","1900","4727","1366","1295","5718","3652","890","1958","5062","2447","2286","6723","4419","844","5357"
"3.88_873.77","35923","91091","39247","60136","85505","39854","61948","46166","66520","28277","61662","118998","24650","75955","39631","29710","96636","27697","70961","44686","41602","49211","48948","45637","21343","50489","48700","43427","31580","46224","82741","57785","162482","22726","120702","42108","38592","75727","69944","72555","32301","55479","59579","35762","86037","75826","200425","19694","78249"
"0.66_692.46","3348","2377","1045","7258","1984","7038","3557","1134","7346","637","2244","1945","1573","2301","10612","3637","7419","1593","9539","8843","7193","2365","9160","4583","8676","6875","9971","9669","7227","5130","6952","5463","7402","1133","6752","9277","2485","5595","6390","8537","9960","7353","6362","7637","8326","7134","12652","5972","7316"
"2.73_698.61","3851","3469","3222","7031","5028","7934","6895","2620","11610","2305","3713","3870","3136","5548","4920","3125","14724","2651","13000","10437","15555","3849","14485","8444","14694","8387","10557","16730","8507","7842","13660","10502","20964","3939","5753","9006","3320","11074","12826","13067","8389","10020","8226","6685","11267","14877","11822","7482","8813"
"0.84_706.47","2318","2580","1758","3906","2137","3067","2663","1512","4575","1335","1813","2731","676","2360","2813","1909","6442","769","4859","2672","3454","1727","12537","7881","2512","10094","7678","8144","5508","4556","6309","4417","10408","1866","3637","6165","2084","4526","7047","8902","4594","6003","6280","7088","5119","7605","8104","2026","8943"
"2.65_701.55","2848","2237","2471","2146","4063","2537","3347","3110","3063","2700","2869","3425","2715","3732","2065","2025","3594","1946","3894","4120","3403","3224","4105","3062","2988","2358","3204","3438","2309","2016","3723","2707","3587","2153","3801","2204","3018","2893","3028","4121","2619","3083","2579","3087","3295","3161","3768","3451","2805"
"2.59_868.56","5375","5649","5517","3763","6425","5043","6088","4754","7033","3768","6706","6655","2953","7226","6164","6080","5926","4634","6806","5097","6605","7818","5471","6195","4701","6447","6668","7352","5686","5582","5719","5639","5076","4549","7048","7211","6452","5853","4717","5986","4826","5826","5890","6310","4932","6022","4876","4976","5796"
"3.22_944.83","5017","5793","4856","6669","9520","6971","8708","10946","7246","5112","5404","9867","5392","9045","5359","7352","20922","5454","8924","7309","6490","5492","23707","6623","5228","7747","8165","7261","8049","4569","13755","7817","12834","4760","10994","7576","7103","9224","7338","9817","5587","10348","10607","6529","13981","10857","16781","4727","15919"
"2.12_797.49","3658","3268","3376","2892","3541","3831","3094","3711","3317","2553","3407","3310","3114","3004","3605","3045","3199","3185","3500","3515","3551","3550","3122","3740","3744","3023","3443","3405","2824","3316","3180","3029","3394","3871","3071","2643","3273","3325","3398","3601","3315","3184","3306","3248","3327","3581","3183","3534","3112"
"3.40_724.66","3021","3744","4052","2877","4838","3846","3611","3337","4814","3224","3692","4386","4441","4501","2906","3957","4822","2851","5304","5197","5264","4274","7921","4701","4987","3866","4904","5635","4284","3859","7612","4443","7935","2930","5646","5352","3551","3975","5148","5071","3960","5330","5480","4617","5454","5624","5821","4244","4422"
"0.19_138.06","3512","4523","4654","2413","3863","1942","2970","5810","2365","3667","4033","6721","2200","3462","2241","3045","2833","2776","1812","3180","2421","3788","3158","2529","2035","3307","3458","2213","1802","2865","2461","2491","4397","5328","2621","2981","4636","2256","3135","2803","1996","2079","2826","2847","2716","3398","3626","1810","4062"
"3.28_751.77","12902","14348","13132","12231","14114","13186","12783","15268","14542","5665","13358","16771","15718","13509","15681","17596","14463","12507","14832","14234","15273","16582","6813","14253","17768","12172","13203","15019","10231","16824","11383","15959","11430","19433","16538","12699","12126","14393","12270","15158","13030","15176","10528","12557","14889","11588","10818","18650","11741"
"0.74_356.35","870","2311","1187","2342","369","1034","3539","1167","2319","3443","1748","7775","841","7716","3311","1500","2660","2067","1960","2920","4267","3140","2317","5418","2190","2820","9235","1601","2870","1818","1848","1718","1458","1317","3670","6877","1328","10765","2443","7258","1449","352","1316","8274","4960","1912","8519","7031","9001"
"2.20_693.55","2633","2692","3195","3326","4940","6041","3900","4569","5162","2942","3341","4232","8556","4909","3552","7112","6656","4057","5480","6943","6130","2983","17808","5971","9904","4368","3930","6929","6403","4544","10133","5657","12099","3722","4942","7308","5016","5915","7166","8149","5658","8698","7536","4465","9826","6621","13052","6566","7578"
"2.96_831.70","4459","5582","3755","1927","5955","2816","4376","3850","4614","2225","4234","2952","3367","2750","3892","6094","5859","2929","8589","3765","3463","4010","2706","3543","3717","3556","5539","4678","4906","2939","4497","2696","3474","4708","6939","4087","3238","5478","5413","4639","3556","4097","3767","4141","3777","4910","3108","3521","3633"
"2.47_827.67","3442","5852","3746","2464","4490","5330","3197","5663","5560","2148","4671","5493","3790","5536","4717","4420","5910","2581","4450","5890","5638","5139","8097","5645","6104","6749","6180","6042","3931","6210","5766","6765","8538","4175","7412","4888","3608","5416","6968","6112","4411","6925","5597","5393","8261","7319","6530","3918","6230"
"4.53_1309.11","5278","4507","5307","2778","6263","5139","5389","5274","3982","7071","5607","4870","11346","8030","4016","9536","3736","7145","4270","7185","5532","4871","5549","3346","6821","3272","3670","4718","5209","2560","4324","4616","5729","5635","3581","3258","5686","3365","4023","4497","6097","7354","6141","3238","6533","3782","5929","5702","1576"
"2.82_714.60","945","1282","1338","2713","1315","3915","1684","1287","3291","472","1522","1149","1482","1680","894","1262","7520","1193","3684","2217","2299","1403","11073","8763","1950","6671","4398","5017","1425","2776","10292","4384","17491","1048","1963","9799","884","6402","13737","10067","2050","5738","6256","5701","3777","14054","10631","1246","9488"
"2.34_264.27","3633","2992","2887","2396","2167","3507","2428","2881","2793","1889","2598","2141","5615","3235","3997","5252","2610","3996","2462","2964","3435","3035","2903","2498","5494","2155","2525","3550","1990","2771","2855","2342","3037","7463","2481","2418","2780","2528","2108","2612","3049","2295","2746","2395","3481","1878","3123","4994","2265"
"3.74_721.65","1102","1891","968","2995","1385","2827","1588","590","2796","593","1245","1389","1085","1557","1372","1387","3420","653","1637","2244","1888","1350","6883","4859","3161","5154","2567","2287","4582","2705","5031","2912","7011","818","2352","5233","1997","5172","6419","5192","2522","4022","4352","3705","4401","5314","8086","2067","9019"
"2.78_1448.18","3258","4282","3052","2165","4430","2313","2208","3273","2624","1172","3654","3742","5854","3986","3093","4306","3101","2924","4031","3400","3094","5845","2224","3929","2976","3642","2846","2289","1958","2435","3193","3831","3093","4540","4506","2045","3451","3083","3139","3497","3257","2226","2683","2789","3686","3976","2298","3723","3174"
"3.26_1054.85","8353","13988","6052","12683","12195","8745","15955","10159","13452","6524","17015","16718","5910","17988","6967","7176","28014","9185","12730","7410","6661","7059","18698","14884","5345","11691","8564","7291","9309","10103","19402","10057","31422","5075","14013","12778","5299","14460","22668","17977","9265","14281","16845","8800","17258","18749","43188","4974","24654"
"1.36_595.49","5774","4089","3157","4240","4617","4022","4108","11025","6211","2832","5192","8150","5012","2297","15377","15075","6228","3946","11959","5055","6010","11387","3558","4061","2280","7965","7181","6499","2677","2633","7859","10320","11243","5321","4231","1705","13414","5379","4826","8534","5794","4448","3847","4870","6750","9458","7484","2347","2564"
"2.14_836.60","55685","31241","33784","30874","34331","34881","40087","32182","49677","30221","43592","40666","21968","36231","37269","44642","34336","32758","41363","19673","44937","36292","25837","39428","44458","35820","38551","47117","33821","39186","39376","58138","45898","32662","26691","51027","26517","32093","45328","48582","41434","53131","44166","38003","25565","50982","36894","41434","27791"
"3.70_918.81","2664","2536","1728","2212","3559","4546","3186","2876","6834","1168","4432","4409","2735","3255","1870","4021","6256","2316","5770","2550","4580","3069","19299","5477","6090","5157","5991","4712","3301","4517","7583","2091","5881","1672","3953","3505","3683","2320","8189","6500","2837","3057","7560","8386","4164","5973","7497","3385","9319"
"1.92_650.44","4329","5219","4122","3272","3909","3108","3169","3964","3476","2449","4303","4045","9910","4716","2975","4702","5230","2974","4405","3639","3914","4217","2688","3772","4016","3848","3797","4525","3705","3251","4143","5665","6029","2439","4197","6143","1987","3597","3772","4694","4642","6655","3478","3109","3482","4697","4242","2978","3200"
"1.78_796.55","4193","8362","4198","3959","5020","3022","2822","3824","5458","2393","4404","5275","2187","5997","3373","4110","2436","2767","4961","5363","4232","4720","5972","5552","3982","5103","6665","5934","4271","6010","5850","5310","8401","4346","9835","5059","4536","6579","5153","5978","4778","7054","3563","4941","5721","6321","6028","3021","4661"
"3.98_874.85","12848","30511","14243","17458","26778","14208","16704","17985","15359","8756","22354","32577","9261","31024","12149","12109","33042","12026","31599","16445","16281","20975","24732","16739","11935","21650","15767","16300","14840","16241","31957","17901","40363","9328","34044","19622","13369","21041","24670","21187","12265","19840","22889","14008","25197","25539","29304","9849","26990"
"1.59_782.56","3840","5219","3132","2310","5534","2883","4376","3349","3621","1810","3431","5179","2297","3851","5223","3339","4922","1836","5000","3973","3725","5198","3416","2884","2995","3949","3617","3962","3742","3066","3744","2870","4637","2641","6824","2993","3796","4034","3077","5732","3612","3295","2962","3559","3472","4867","3510","2904","3193"
"2.39_768.53","3794","4017","3432","3171","3367","3385","3072","3783","4216","2315","4089","3630","2696","3495","3323","4505","4463","3299","4039","3452","3511","4243","4174","4822","3577","3635","3870","3739","3045","4260","4071","3471","4093","3921","3844","3668","3574","3774","3731","4577","4008","3494","4072","3686","4195","3387","4296","3655","4654"
"0.98_624.39","4708","3932","3757","3050","4787","3179","3642","3823","3628","3509","5310","4925","1885","5037","2433","3011","2922","2506","3358","2393","3732","2566","6120","4734","2040","2909","3171","3762","2320","3843","4479","5284","8458","4704","4579","3559","3283","4805","7337","4460","2792","3921","3035","3458","2702","5567","3729","2400","4241"
"1.77_824.58","4439","7574","4413","3312","7286","3972","5214","4109","5438","2855","5553","6159","2304","6166","5074","4087","4444","2992","7142","4316","4086","6452","3454","5009","3898","4572","4139","6205","4350","4762","4949","3964","5778","4009","10758","5204","4756","7232","4966","5601","4387","4077","3543","7498","4414","4684","5640","2312","5310"
"3.33_1019.90","2151","2357","1447","1664","3076","5254","2724","2609","5381","1586","2928","4305","3166","3214","2646","3559","3527","2431","5016","2274","2424","2277","8744","3288","3969","2918","3110","3112","3188","2625","4807","1809","4328","1703","4382","3065","3525","2595","4171","4462","2702","4162","3453","3096","3719","3647","5105","2338","4254"
"2.48_748.61","9664","17213","11737","9262","15347","9757","11349","11807","19004","5002","14460","14561","10335","13805","13778","16741","16888","10221","21057","12112","14523","22840","12599","18502","12813","15985","12541","17765","7953","14955","15069","14663","19681","12324","25371","14568","13307","14426","12526","20798","13687","11601","11635","16493","14888","17176","10639","11328","13252"
"1.23_690.47","12618","13926","12618","10915","15126","9127","11176","16078","10224","13329","14884","21595","6813","12842","10501","12425","11459","10425","10358","11959","12069","11713","10042","10562","9584","12507","10685","11399","10785","8133","10306","13169","18365","9033","14905","14770","15639","11614","11209","12976","12989","10983","10578","8541","11861","11014","13631","8131","9121"
"3.98_575.50","14333","36702","18121","20510","31840","16418","28084","23519","25584","10084","24940","42363","10496","45787","12977","17953","54242","15973","38861","18379","17330","22969","46890","18460","14500","23424","17206","19583","21235","18234","46985","21626","59066","10240","57001","27656","15967","24322","27708","27501","14304","25261","27817","17811","31509","32726","65868","10358","45686"
"0.51_500.37","2174","1223","972","1399","1111","1389","1370","1187","1013","923","1821","1158","1183","1204","1908","1365","1666","1328","1717","1252","1156","4605","3969","2682","1362","1140","1452","1481","138665","1167","1379","1706","1569","3868","1341","1891","1327","1617","2226","1504","1731","1991","1630","3743","1494","3517","1661","6509","857"
"2.05_796.68","10879","8186","10854","7460","12392","9431","11708","11934","6815","15039","10102","12489","16664","13646","9128","16431","8370","13342","7487","15395","9201","8638","18626","9089","10959","6852","5874","8504","8176","4343","11118","6543","12045","12384","11100","8240","12704","7435","9396","9233","9353","13814","11246","10121","10866","7891","18344","11474","8662"
"3.19_878.74","1499","2776","2283","3700","3584","5540","4215","4742","3778","1231","2287","5555","4422","4256","2865","6029","9993","4395","3826","3641","3369","1797","21823","3981","4853","2829","3714","4099","4810","2682","7504","2981","9338","2262","6185","4360","3555","4874","5627","7182","3060","7211","4993","3126","8074","4749","15984","2830","10906"
"2.12_695.56","5287","4038","5591","4656","6780","8041","6481","6016","6339","4784","5808","6920","10942","6256","5526","8751","9100","6214","6757","10169","8656","5826","17324","7400","11440","6616","6795","9651","8284","5181","10918","5955","12565","5125","6493","7489","8071","7047","8321","9184","8016","9928","9720","6324","9890","8137","13085","9352","7993"
"2.40_866.54","7728","8143","6210","6060","8721","7915","7504","8185","8011","5428","9131","7877","4780","7978","9259","7690","7367","7185","8067","8208","8040","7026","6362","7702","6578","7346","7655","8051","7870","7030","7250","7484","8147","6634","9107","7679","8486","6682","7925","6915","8409","7476","7715","8511","7703","8005","7724","5959","6793"
"2.89_275.20","2032","1869","2136","1413","2784","2479","2360","2073","2920","1851","1735","2493","2869","2820","2032","3434","3602","1932","3170","3516","3094","2723","5513","2324","3520","1885","2290","3068","2213","1756","3496","2389","4388","2099","2838","2894","2967","2648","3266","2860","2459","2984","2520","2824","3282","3023","4255","2483","2217"
"1.98_643.50","858","539","395","2314","662","4317","1277","513","5911","126","916","512","767","870","1841","493","4704","756","8857","3060","3446","592","4919","2489","5985","3020","6106","5551","6013","4071","4153","4017","3615","578","647","3518","856","2862","3293","2807","4855","5273","4039","3716","5268","5685","6702","3709","2501"
"3.17_765.66","2019","2678","2107","1045","2627","625","4398","349","921","1013","1838","6906","2576","4910","668","1124","3087","522","3754","5732","4856","1865","7754","5011","1051","1413","1387","6551","1040","661","6639","2044","7602","881","4552","3981","1180","3395","4303","3216","1830","1720","2765","5082","1836","5752","4177","2176","1363"
"2.71_800.71","4112","4564","3656","7182","5842","11843","7884","3593","17376","2571","5100","5363","4198","6954","5503","5355","16836","3347","15440","11842","16946","3854","12058","8575","15294","9669","12186","17245","11985","12453","12109","14690","13771","3698","8486","8060","3099","9959","10211","14964","11129","10333","12627","8802","13111","15493","10203","8935","8288"
"2.84_628.60","13684","22839","14561","17821","16540","16006","18477","16218","22699","4140","16058","29849","26346","26423","19099","19142","25443","17406","23284","21582","18776","23400","11147","17073","20240","16779","18096","19772","11678","25031","16395","20416","20493","18548","18055","12342","14760","16144","18537","26959","19672","19093","13127","17541","28967","16935","12165","30643","21745"
"2.54_786.70","8653","9913","5564","7856","9775","12152","9335","5740","12443","6162","7281","8508","6163","7594","10074","10117","12981","4709","16747","15435","15431","9216","10856","10260","13855","10946","11845","14560","13088","10782","12515","14507","11250","7567","7552","10773","7316","10407","12655","14419","12208","12273","10758","9910","12459","12083","8563","10736","7460"
"3.38_932.83","5940","7829","6370","8215","13566","11807","12813","15995","9484","4609","6570","15633","8347","12448","6231","14182","23663","7832","11091","11248","9423","7744","44294","8525","12166","8638","9067","10737","12806","6950","20271","8690","16376","5955","14046","13155","9283","11730","12627","15041","8296","15096","15412","9883","14910","14077","27057","8695","26445"
"1.53_758.53","4369","4420","4091","4183","3639","2359","4532","3662","4527","2169","3170","3228","3352","5060","5213","4650","6696","3661","5312","5747","5594","4662","10063","7549","5760","7481","5574","6514","7075","4660","4175","4735","7295","6396","9545","6688","3295","4164","7255","10088","6148","9344","6348","6937","8401","7536","7211","4722","6326"
"3.37_961.86","5239","6589","4544","5111","9187","4846","8325","5761","6729","4282","7146","10163","4483","7002","4973","5331","8892","5806","8220","6950","5993","5869","9754","5512","5966","6561","5483","6210","5428","5699","9362","5616","10290","3267","8772","5022","5220","6248","6688","8560","5129","6288","8397","4840","8165","7757","13006","5450","9058"
"2.02_684.59","17891","10446","23651","5068","18385","2702","6058","24871","834","20687","14946","21876","26602","13483","11630","19714","1887","17416","1197","6603","2334","18030","2098","1464","5315","2851","1390","1101","4332","2562","2285","2532","2128","27290","11303","1983","24526","3315","1645","2745","7900","3261","2691","1757","5784","1385","4544","5702","3278"
"2.16_1159.83","3065","5181","3200","3270","4548","2961","3983","4126","3370","768","4849","3630","1992","3747","3685","3484","3515","2033","5369","3850","3848","3419","2620","3487","3058","2992","2807","3801","2851","2907","3519","3237","3628","1743","5103","3765","4271","3428","3479","4532","3163","3721","2152","3720","4025","3246","4279","2740","3074"
"2.03_521.34","2356","4104","2015","1594","3604","2042","2392","2508","2951","1234","2975","3260","2894","2840","2468","3567","2790","2305","3824","3397","3261","4320","2274","3176","3538","2266","2286","2828","1860","2380","3149","2742","2798","3540","4587","2482","2458","3310","2344","3825","2006","2451","2422","2829","3686","2847","2203","3016","3450"
"2.25_811.60","17894","41755","21702","12063","23108","8616","19064","18629","15314","6112","13619","21296","12995","28595","19884","21872","27529","10484","33826","19959","21043","45434","5621","11752","12872","14997","16549","15311","20103","15279","20225","14218","16227","12466","47585","17688","12193","26794","13422","22278","19276","13792","15996","15971","17905","16487","13308","15105","20554"
"4.11_850.85","3524","2806","11932","6984","13893","10145","14554","17240","12659","2090","11466","16377","3782","21215","4629","11929","20710","8299","14914","7121","8836","8219","25774","7780","8976","8752","7450","10650","11768","10458","20410","5424","14630","2405","25889","16416","5792","8835","11458","8672","1174","12579","3515","11166","12007","10633","22144","3956","25743"
"0.22_321.00","5522","2951","7439","552","2506","511","1895","9004","727","5814","2460","5743","3394","3439","1535","3543","550","5056","832","1356","687","4439","723","1063","871","1204","836","877","1569","606","575","736","1276","9817","2258","1268","5638","742","910","919","520","1313","320","1205","1022","1154","927","986","1137"
"2.00_796.68","2006","1959","10141","1674","1969","2204","1984","1695","2866","2438","8602","13119","17114","1748","1580","1697","2541","1770","2086","2734","2979","2322","4485","1801","3183","2257","2402","2758","2178","1546","2572","2616","3189","1511","10491","2423","11797","2001","3238","2572","2429","2525","2672","2388","2600","2911","3450","2739","2799"
"4.41_429.37","2927","6605","4851","5690","7655","3232","5918","3057","5656","3982","6735","6117","6551","6899","6516","7422","5223","3637","8130","4208","4899","5395","4536","4816","3741","3800","3466","7700","3656","3980","6609","5129","10953","5081","10455","7670","4959","5403","5841","3357","3969","7599","4369","5387","5900","7935","9774","3121","3298"
"0.50_528.41","2419","2892","1372","2526","1841","2209","2867","1138","2548","2981","1609","1380","2247","3337","2512","2028","1541","2355","2623","2737","845","2412","2066","3085","3019","2590","1997","2492","143195","2343","1388","2115","2321","802","2716","2891","2035","2085","2180","1854","8359","2763","2756","2458","1997","2070","1965","2418","2802"
"2.83_798.70","1753","3013","2519","4788","3441","6752","2537","2748","6490","2345","2548","3084","2197","2818","2504","2732","13250","2550","5527","4440","5253","1775","17279","14826","4273","12623","6989","8196","4442","5502","15126","6772","27256","2269","2948","16122","2590","11192","22375","17247","4931","12141","11561","10269","7120","24107","17146","3177","17176"
"3.03_1000.85","1878","3427","1311","1863","3284","4097","3264","2349","4092","2087","2823","3420","2060","2045","2872","2492","3686","1980","3195","1903","2901","2804","4851","3499","2374","2672","3270","2801","2302","2507","2713","2097","3459","1370","3436","1769","2767","1940","3559","3844","2484","2635","3235","1883","4134","2936","4986","1970","3159"
"1.97_800.58","4241","6947","4543","3165","7485","4587","4976","5777","7948","1708","5468","6583","4222","6778","6674","5796","6990","3121","7832","7531","6456","8633","7328","6188","5721","6239","6795","7183","4619","5941","6531","6403","8437","5072","12318","7062","5642","6369","5595","8063","5789","5714","5066","5782","6958","7453","7934","4659","6290"
"2.94_705.57","5121","5460","6182","3763","6802","5198","6511","5472","5478","4127","5891","7287","5306","7049","4942","6683","6100","4773","6961","8446","7712","8366","8308","5958","7264","5390","5743","6762","4912","4560","7747","5661","9140","4291","7546","6611","6910","7486","6574","6334","5704","7025","5369","6556","7401","6600","7146","4659","5272"
"1.01_358.37","9247","10675","6431","24794","7777","3147","8231","3024","18286","7284","6077","32174","3590","20308","9033","26040","7139","8323","13449","46074","9984","15765","9082","15234","11682","9325","8031","9247","8559","9353","3874","6348","10180","9081","14117","13380","5649","15331","6556","8409","7909","9050","8361","9825","27103","15931","19544","19427","8958"
"2.05_797.68","6706","5904","5998","4033","7540","5951","7511","7648","4133","8406","5826","6839","9000","8032","5578","9420","5345","7739","5820","7865","4987","5026","11191","4749","5342","4186","4307","5391","3992","2513","6473","3219","7184","7111","6022","4386","7250","4233","5570","5060","5853","6843","5794","6664","6405","5233","10419","6688","6239"
"3.40_915.78","6558","8340","3822","6445","9145","9618","9529","7187","11348","4105","6944","13365","6458","8960","5080","5886","14751","5884","12088","8603","7185","8641","27774","8993","7537","9319","8681","8238","6805","6915","15518","7713","18641","4988","11951","7794","7893","9402","11555","13844","6794","9466","12543","5615","12847","11323","26604","6020","13564"
"3.19_949.82","2319","3800","2475","2839","3383","4679","4366","4837","4237","1709","2831","4547","3957","3769","2481","5517","6111","4403","4240","3051","2536","1907","11067","3225","3901","3030","3101","2946","3840","3093","4666","2851","6121","2903","4522","3839","4060","3983","4169","4501","3948","5864","4329","3191","5094","3832","10128","2972","9110"
"3.44_888.76","7748","11917","5505","8061","12883","9643","13086","9648","12125","5171","9493","17617","6668","13031","5595","8240","23859","7076","14581","10243","9712","9600","47944","11927","10472","11614","10148","11570","9496","7515","24722","9965","30337","6247","14560","9896","9267","12169","15387","20318","8394","13775","17526","8797","18025","16578","42603","7915","20150"
"1.48_772.55","4291","4656","3318","2688","6770","3073","4488","3917","3623","2132","4696","4274","1667","5302","4769","3725","4669","2375","4791","6381","4949","6834","5851","2908","3093","4425","4316","5588","2908","4884","4234","4022","6390","2894","8091","18784","5179","5565","3676","8136","4105","5938","3347","3880","5509","5652","4609","2507","4658"
"1.97_703.57","6772","8768","6778","4577","8391","7600","6380","6468","10709","3505","7576","7129","8613","8460","7592","8511","9430","6574","9719","10856","10004","9862","10058","9163","8568","9597","9942","10815","6742","10801","10163","10008","12686","8200","12387","8211","7460","9573","7995","9997","7665","10987","7054","8709","11450","11457","6847","6237","9359"
"3.27_1080.86","1730","3968","1491","2649","3236","2227","4580","2295","5073","1455","3592","3544","1509","3211","2573","1806","3822","1948","5728","1621","1763","4055","8723","3159","1613","4633","3460","1689","1407","2467","3105","1150","3420","1360","3330","1087","1795","2390","6328","4611","1220","2171","5328","2513","2763","3831","7041","1139","4669"
"4.11_902.87","4214","16109","7030","3340","13266","7627","9552","7112","15026","2290","11847","14507","2734","15869","4828","6620","11112","4712","27701","4752","8780","13502","18283","11724","7095","16905","14110","9442","8472","11922","15310","4977","19684","3205","20827","10476","6151","4165","16834","9656","4051","5188","13741","10557","7519","13808","15347","5124","14179"
"4.52_1377.16","3565","3851","5505","3506","5974","3239","4761","4016","4043","5455","5161","6391","3852","6988","4199","3467","4516","3401","5038","7892","6800","6370","6648","3776","6732","3607","3801","5561","3294","2328","5099","4139","6391","4098","4695","4196","3834","3336","4319","4269","4078","3467","4727","3217","5606","5455","4811","4934","4431"
"0.86_678.43","2464","2883","3251","2767","2985","2428","2301","3329","3770","1794","2022","3294","1637","3000","2389","2211","5455","1959","2851","2450","3621","2966","9725","5890","3479","7366","4966","5228","3604","3845","4232","3688","9921","2233","5117","5423","2319","4138","4925","5849","3571","6590","4955","3765","5569","6330","7699","1632","6211"
"1.31_850.58","1943","3993","2264","2014","2323","2692","3061","1713","6617","1104","1710","2832","1058","3349","2685","1985","11066","1212","3806","3614","3213","2423","9426","8095","2934","5096","5397","8522","3815","3470","3508","2701","7150","1646","5069","4643","1750","3677","4642","5657","3094","5139","4087","4044","3678","6601","3377","1515","4964"
"3.46_992.89","807","1230","928","1994","723","2156","1360","895","4802","824","490","881","404","1289","697","1199","10062","740","7255","753","2519","1323","30638","9042","2267","7832","4368","4914","1592","2630","8995","2720","11783","388","1633","9444","1840","3449","7624","7486","1332","3333","7431","4521","3520","11579","7169","848","13452"
"2.58_838.63","3382","5634","4344","2338","5554","2341","2673","2868","5093","1792","5147","3649","1649","3460","2800","3668","2250","1569","5427","2442","3574","5929","1231","2650","2554","2795","3287","2339","2517","3576","3450","3314","2457","2023","7057","2855","3609","4749","2689","2833","2801","2315","3063","4024","3137","2640","1939","2527","2325"
"1.92_830.55","9556","10111","8239","8553","9078","6727","8434","9463","8669","5927","8979","11308","5554","10511","7994","11593","8851","8480","8914","6326","9406","7293","7643","8882","10118","9533","7938","9599","19161","7996","10321","9899","12573","5489","8382","13017","5345","9486","10885","11260","9034","12685","9575","9812","7865","10689","10591","10209","8419"
"3.49_962.87","4846","6365","4715","5121","8091","5954","7857","7934","7906","2868","5890","9111","7715","9672","4251","7108","12469","5453","9919","7731","7152","5880","25510","8325","11231","7697","6937","9399","9168","5637","16544","4365","12511","3929","8804","7057","7088","6214","7821","9818","5578","7859","10616","6913","8758","9554","17138","8850","14331"
"3.03_1018.74","7531","7117","2682","7768","5661","6930","9374","4603","9974","3480","11270","12942","5004","10037","3597","5348","15572","6428","9162","4087","6452","5032","13154","13065","6777","8098","6943","9338","5633","6898","15647","9177","36069","3226","8761","12629","2480","10749","23611","13467","7227","17577","13765","6584","11365","23662","29602","4680","12197"
"0.19_216.05","4969","8453","9051","767","6606","1159","2924","7375","2451","4662","5817","9893","1769","5994","2231","2656","2520","3177","2153","3814","2101","6330","2576","2244","2405","3673","4247","2806","1700","3010","1440","2076","4869","5951","5877","3382","7296","2300","3178","2157","1693","1065","2329","3328","2879","3045","1780","1464","3360"
"0.28_534.33","2909","3419","2320","1862","3601","2946","2351","2729","6527","1751","3286","4438","1578","3896","5657","3738","3993","2002","2591","4045","4997","4095","5514","3925","3846","5367","4697","6277","2377","2224","2888","4016","3873","2490","6075","2902","5226","23521","3031","5818","3074","5145","3416","2802","2916","4325","4943","2291","4012"
"2.31_830.66","2476","1252","908","592","746","4339","649","2486","1184","777","1731","1138","8007","1723","1058","1714","694","1164","465","652","1015","861","1225","1678","1448","930","1009","973","369","796","1690","881","2019","845","929","928","1035","787","792","1085","695","944","1810","1110","903","1313","1743","1031","993"
"2.90_679.57","4744","6531","6829","4777","8155","6503","7316","6015","7931","4653","6242","8386","9272","8476","5989","8687","10045","5489","8656","10655","9334","6451","20031","8768","11179","5523","6547","10808","6524","4643","14424","6533","17186","5628","10074","8873","8087","8928","10019","10586","7411","9944","8630","6022","11230","10126","16166","7495","8093"
"1.31_856.57","8224","13886","10483","4662","11340","3897","6822","5650","9934","4265","7514","10249","3202","12636","7551","7276","8778","4794","11417","9876","8995","10180","11174","9306","5962","8273","7492","9852","7186","6593","6498","6316","12143","9173","18927","8569","6966","9549","8278","9291","6853","8470","6460","10298","8368","9886","7491","5631","7890"
"3.01_738.64","3810","5733","5431","4100","7837","7041","5982","4880","7686","3607","5505","6878","7854","7112","5892","7539","9552","5427","8831","11114","8246","6589","18580","8331","9423","6023","7137","10446","6850","5749","11599","7236","15287","5562","9149","9017","6560","9521","8637","8654","6335","9525","8113","7110","10366","9819","12292","5613","7368"
"4.48_429.37","1791","5949","5126","3212","6635","2721","5700","3159","3978","1813","4863","6194","2558","5208","3259","4722","4948","2257","6706","1794","3992","3928","5450","4349","2796","3584","2834","6056","3435","3833","6585","4241","10490","1877","10458","6611","3046","4810","6022","3375","2800","4115","4333","4655","3749","4732","6179","1604","3405"
"1.52_861.61","3525","4812","3126","2043","3894","1682","3911","2198","3748","1714","2221","2800","1486","4256","3025","2925","4618","2159","5331","3547","3491","4111","4833","3930","2616","4063","3009","3886","4809","3599","2736","3112","3903","2476","6956","3662","2349","3254","3787","4990","3647","3594","3136","3432","3189","4451","3942","2468","3716"
"3.36_881.76","2159","2537","1648","1379","3025","2074","2416","2076","2884","1167","2798","4358","1513","2593","2218","1515","4546","1342","3559","2393","1857","1873","6378","3359","1583","3390","3141","2559","1701","2218","3726","1735","3892","1134","2728","1853","2581","2065","3322","3437","1222","2003","3431","2069","2785","3558","4639","2042","3329"
"0.23_144.05","7733","11196","7106","8694","13514","9768","10738","4684","9754","6429","10975","8199","7524","9875","10918","8752","7726","6625","12617","10229","7447","10319","6411","8736","8479","6563","7620","9466","5178","9079","8818","7818","6516","4174","9472","9920","9522","8338","7397","5323","8072","6632","8270","9249","7421","8329","9808","7252","10378"
"3.18_937.75","1634","2175","1001","1295","2187","2675","1813","1780","3131","1081","2569","3057","1741","2196","2067","1976","2973","1925","3547","1857","2647","2150","7788","2981","1933","2441","2837","2296","1792","2048","3996","1714","3434","1066","2299","1656","2402","2086","3591","3722","1666","1958","4183","1549","2855","2900","4058","2395","2867"
"3.19_887.73","1955","2532","1477","2553","3268","2581","3630","3487","3483","1748","2197","3765","3042","3388","1933","3066","5730","2649","3667","2711","2747","2049","12371","2772","3534","3421","2586","2867","3489","2286","6376","2919","7451","1900","4033","3297","2902","3207","3849","4055","2389","4460","4542","2468","4694","4882","10522","2739","5179"
"1.30_125.00","4375","3877","3460","2817","3556","1113","2349","3413","3229","2860","3229","4802","1547","3524","2391","3015","2910","2263","2886","2520","2451","3311","4275","3640","2601","3283","2834","4318","2598","2318","2032","2753","5418","4090","3956","2862","4054","2313","3390","4005","3061","3206","3017","3629","2485","4562","3109","1678","2748"
"2.53_722.58","4060","2487","2380","3318","6316","5841","5381","3054","7274","2876","3909","4172","2812","3298","3637","2977","8891","2221","8747","9010","7785","3510","8707","4318","6967","5086","5860","7690","5665","5274","8102","5649","6066","2273","4549","3820","4091","5643","4539","8181","6075","5017","6505","4568","6132","6905","4961","5141","4321"
"1.97_607.49","1793","2615","1712","1755","2899","3063","2787","3425","5121","881","2242","3314","1788","3321","1611","2327","5496","2038","4343","3442","3543","1793","8954","3161","3912","3619","2646","2961","3149","2986","4893","3561","7064","1871","3731","3514","2934","3180","4433","4545","2427","4347","3713","2479","4359","4558","6985","2428","6090"
"3.60_742.71","2903","2877","4658","2494","4490","3861","3734","4323","4192","3216","3252","3863","3784","4682","2620","3790","5862","3976","4615","5767","5257","3046","13781","5069","5538","3482","3602","5747","3775","2654","11028","4704","10702","3775","5257","6431","3778","4786","5488","5847","3398","6401","5352","5171","5794","5931","7562","4804","6191"
"3.06_606.62","2313","3359","2020","2145","4164","2177","2203","2694","3581","872","3246","3359","3220","3995","2936","3128","3813","2472","3029","3472","4077","3779","2504","2395","4894","3698","2920","3276","2561","3576","2918","2568","3202","3927","3866","2537","2498","3400","2838","3910","3096","3618","2537","2892","4587","2201","2853","2592","2657"
"3.02_1294.36","9628","2731","615","1604","3158","9217","2652","1387","1372","1001","24972","1615","1584","1719","1237","2293","1252","2135","1315","2111","3085","2672","16085","1753","16710","483","1110","1635","683","2352","2122","4455","961","3270","4102","1093","1179","3782","2189","2116","113449","3927","1673","2608","5919","2480","3877","1516","2701"
"2.06_1384.09","3482","4182","4325","3115","4297","4598","3408","4364","4174","1500","4901","4370","4748","4461","4281","4757","5069","3699","5094","5138","4475","5498","4237","4616","5031","3791","4018","4528","2973","4077","4398","3929","4371","3921","5364","4086","4742","4110","3531","4977","3833","3808","4121","5360","4560","4150","2810","3990","3305"
"1.58_774.62","3361","5152","2423","2063","7530","3246","5078","3603","3795","2378","4513","6818","1360","2759","3505","2831","4527","1848","6190","5330","3808","5438","2277","4099","3091","4028","3480","4484","2462","2854","3796","2797","5293","2144","6377","3557","5123","4551","3601","7459","3780","3980","2892","3520","3248","5187","3849","2416","3690"
"1.52_844.60","4103","3895","3619","2266","4439","1861","3738","2144","4047","2140","3212","3844","2077","4346","3090","3547","4079","3238","4508","4208","3810","4836","3889","4328","2895","5791","2962","4400","3005","3309","3073","2915","3866","4085","5724","3687","3329","2613","4149","5042","3323","4471","3640","3598","3180","4883","3581","3213","3032"
"3.10_724.66","3892","5773","5974","3267","7278","5090","7449","11270","4933","3450","4737","6873","6595","13318","4336","13849","13710","5981","6608","11588","7271","7618","29930","4736","8025","3864","6534","7721","13789","3904","12281","4795","8312","4921","7123","9699","5217","8616","7556","11422","8081","11729","11230","8613","11185","6443","10317","10871","14523"
"1.32_824.50","2049","3461","1649","3286","2204","1367","2159","1330","3481","757","1988","2080","739","2618","4190","2072","2884","1008","2131","3511","2807","2315","5829","4070","2905","5548","3695","3805","3200","3677","2670","3110","7495","1677","5337","5195","1660","3649","4901","6546","3569","5026","3632","4827","4605","5028","5234","1849","7064"
"3.26_945.83","3985","4371","3195","5892","5706","6581","5419","7037","4819","3245","3372","6982","3839","6407","3757","4310","12326","4726","6175","5204","4539","3220","15571","4156","4264","5314","4994","5600","5207","3508","9182","5484","7954","4124","7940","5143","3844","5871","5994","6689","4597","8312","6993","3981","7367","6380","11906","4010","10170"
"1.99_764.52","2334","7019","3972","2605","3688","2937","1721","3217","4968","2416","2958","3699","8389","4617","3853","4069","2713","3710","4032","2867","3106","9035","386","2450","3273","2325","3349","1878","3050","6077","3830","4074","2370","4637","3534","2652","4401","4543","2927","4737","3573","1720","2040","3541","3290","2367","1371","2423","3211"
"3.66_822.83","3680","4730","2649","11435","4470","11360","6408","3078","8348","1825","4225","2937","1885","3806","5006","3942","12019","2729","6053","7255","6615","3718","16880","13807","10710","14739","7815","6733","16104","10246","16633","10394","19555","2594","6160","16434","5433","20179","24703","20819","11433","15909","18906","11855","14282","17875","22561","8874","26947"
"2.35_761.21","3968","4482","3907","2798","4572","1653","3000","3734","4597","483","4375","4596","1518","6174","3369","5009","5685","1534","4464","2848","3210","6372","4547","3086","1782","5141","3870","4841","3667","3008","4947","3894","5962","1834","6771","8090","3365","4450","3791","6768","2971","6201","3882","3770","4096","4681","3741","1581","4254"
"3.08_701.55","1268","2052","1676","2340","3877","2526","2670","1677","3968","1286","3048","2386","3695","3164","3232","2356","4004","1611","3595","3848","3295","2638","5809","3387","3207","3182","3109","4672","2993","2610","4259","3282","7808","1824","4426","4403","2474","4620","4528","3463","2965","3847","2867","3802","4289","5397","4497","2410","2917"
"3.05_612.61","2679","4242","2417","2202","2907","2714","3146","2965","3724","1008","2430","4230","3433","3970","2295","3421","4313","2962","3875","3786","3376","3691","2533","3182","3641","3539","2687","3619","2059","3474","2739","3087","3243","3445","3010","2722","2225","3406","3200","3659","3092","3601","2573","2625","4299","3268","2698","4757","4195"
"4.11_878.86","3892","6213","3035","4057","9135","2151","6821","3296","6549","1813","5472","12188","4601","13543","3901","3702","14007","1973","13400","2730","4481","2566","19405","5168","3352","6223","1368","5900","5575","3018","19873","1971","14041","3651","14371","9007","2196","3842","5560","6122","2057","4682","8655","3810","3507","14292","18438","3162","14714"
"1.52_770.53","4675","6790","3427","2726","6490","1972","4789","2959","4418","2002","3559","4344","1919","6253","5107","5225","4868","2289","4388","5860","5567","4596","7026","5556","4025","6147","4737","4877","4718","3694","3426","3674","5233","4097","9286","6477","3869","3383","5144","9104","4606","6630","4878","5958","6194","5722","3600","3414","5609"
"0.18_290.09","4132","2837","4843","361","1829","281","737","8035","279","5574","2069","3686","3968","2485","1017","3865","346","3916","440","1019","502","3251","364","422","414","607","326","454","530","320","413","285","583","8856","1167","441","4892","417","489","274","342","273","381","312","376","346","498","546","559"
"2.40_574.48","6070","7375","5963","4033","5682","7158","5291","6307","6681","1732","6696","4838","9065","7505","6623","11232","6574","7273","6635","8715","7985","7149","5391","5853","10671","4415","6127","7145","4736","6604","6422","4946","6529","16805","7108","6274","6348","5546","5463","7338","6018","5805","6708","6505","8518","5483","6622","9967","6305"
"1.87_709.50","3014","2961","2776","1417","2995","2434","2517","2974","1983","1205","2816","1993","3062","2994","2524","2433","3323","2269","2815","3179","3428","3315","2977","3050","2944","2732","3042","3106","2589","2754","2587","2151","3331","3547","3978","3565","2859","3200","2252","3801","2376","2392","2643","3921","2456","2899","2181","1625","3438"
"1.97_666.43","11986","10903","9178","8770","11328","6750","9081","14089","9910","6507","10551","13992","6844","11512","7422","16151","11233","9784","9701","7025","10402","11548","8570","10038","10639","8931","8608","10549","9463","8824","11842","12006","12901","9631","8811","14486","8993","10505","11153","13755","10466","15471","10758","8755","9281","12156","11131","10157","9353"
"1.52_799.57","5407","6357","3869","2826","6193","1525","5614","2607","5189","2366","3992","4231","2090","5192","6335","3653","3234","2402","5683","5096","6377","5083","4719","4017","3858","5144","4745","4208","3300","3309","2394","3093","4245","4055","8252","3855","2723","2920","3889","6409","4572","4568","3562","5714","3784","4554","2609","2839","3742"
"2.79_851.64","3983","4464","3803","3206","4693","4693","3923","5764","5135","2074","4352","5697","5209","5034","4148","4941","5512","3688","5777","4228","4895","7134","4865","5330","5247","5324","5104","4356","3104","4275","5321","4637","5001","4535","6020","4690","4035","4421","5389","4611","4015","4482","4107","4329","5218","5179","4854","4496","4945"
"3.77_1008.88","25295","42118","23567","25196","47115","19662","44791","50134","36333","14741","48752","54679","21017","68622","18218","31372","59494","25036","44052","23854","23388","41512","84351","26049","30843","40247","21870","27922","25651","20639","49962","12466","40703","22638","40347","17158","25209","21300","36919","34900","20797","28506","38252","26026","32944","31125","77332","19482","62096"
"2.45_798.70","14307","7030","8013","4929","10049","9137","7950","7570","8034","6309","8791","9235","9305","8855","6377","10016","11939","9030","8970","12339","10095","8611","17950","9801","10754","7843","7468","9738","7916","6243","11950","8453","15786","7667","8943","7933","9866","6998","9832","11065","8388","10885","9552","8450","10136","11532","12713","9200","8968"
"3.19_1002.87","3438","4770","2236","2150","3622","4766","5046","4910","6106","2730","3515","5241","3611","4203","3128","3769","5215","4043","6963","2730","3098","4326","13657","5442","4006","5856","5653","3583","3294","4202","5012","2975","4811","2663","4556","3397","5147","3962","6384","6451","2954","3930","7485","2881","4587","6269","7381","4127","5585"
"1.40_773.55","3349","5333","4207","1750","4786","2489","3145","4486","3877","2261","3726","7364","2241","5418","3997","4990","4712","3792","3469","5591","3240","4046","7738","4985","3267","4604","3477","4730","2949","2764","5111","3950","9313","4314","8887","4786","4871","4622","5140","5900","2800","5133","3606","3742","5126","4911","6350","1895","4652"
"1.31_760.51","6207","6216","5179","6062","7501","2412","4846","4442","4443","4407","5248","5462","2206","7003","5097","5593","7544","3125","5071","7404","6762","6013","11779","7444","4281","8291","7663","6213","6180","5640","4329","6838","11413","4912","11341","11941","4046","5661","7228","10524","6890","16326","5772","6568","10618","12682","8325","3740","8956"
"2.12_934.73","2344","1620","1003","2262","2367","2679","2608","2670","1877","2244","1707","3577","4177","2572","1950","2583","3885","3194","1482","2798","2043","897","11394","2081","2353","1923","1636","1436","1487","1568","3579","2071","4454","2714","2381","1583","3729","2265","3432","3632","2024","4150","3335","1608","3506","3296","8758","2536","4409"
"0.35_568.32","2615","2567","2415","1871","3714","2892","2284","2116","4740","1660","3712","3624","2520","3014","4268","3969","1851","2774","2225","2233","5222","5145","2018","3292","4765","2947","2715","2960","1893","2447","1895","2970","3086","1575","3199","2777","2946","3050","2984","3532","3428","5287","3039","2113","2094","3619","3644","3356","1910"
"2.00_822.58","7644","7973","6508","5102","5913","4689","6447","6467","6419","3225","6950","5906","4165","7382","5535","7617","5363","5124","5003","5294","7287","6206","5327","6036","7588","6361","6842","8927","4962","5256","5996","6931","7781","6205","6005","8052","4497","6694","6948","9171","7548","8315","6406","6505","5150","8424","5106","6436","4755"
"2.43_916.72","1696","1771","1627","1323","2431","2613","2464","2242","2957","1764","1758","3248","2071","1887","1479","2343","3426","2291","2584","2706","1498","1471","7948","1774","3353","2538","1657","1675","2334","1817","3296","3078","6056","1725","2828","1794","3067","3198","3878","2891","2131","2846","4190","1233","4015","2921","8008","1929","3654"
"4.53_1294.11","5926","4645","6102","3131","6586","3439","4678","6224","2255","9058","5522","5448","7383","6250","4297","9008","1859","6645","3061","6711","4424","5659","2539","2240","4148","2309","2715","2830","3444","2165","2378","2321","2811","5879","3448","1798","5498","2639","3078","3554","4826","5279","3569","3084","4716","2314","3628","4719","2017"
"3.77_951.80","5928","13781","6874","6582","10428","4232","10432","10084","11596","3300","11390","15452","2084","14521","4938","9084","11641","4881","12714","4691","5719","12433","19854","6376","6439","11268","7055","6868","5124","5208","10143","2773","9976","5437","10826","3759","6426","4789","10545","8183","4240","7414","10383","5948","7351","7691","15575","4319","13775"
"3.31_1034.78","3072","3181","3515","2441","3477","2701","2511","3408","2310","2468","3658","3149","2289","3722","1999","3671","2550","2852","2430","2560","2685","3594","2816","1970","3442","3410","3236","2752","2762","2188","3640","3181","3319","2182","2941","3928","2759","2822","2894","3364","3759","3924","3425","2529","2817","3589","3403","3096","2330"
"3.01_974.75","4465","10331","4605","2629","6508","3681","3234","3883","8112","3373","5557","5617","4628","8342","3862","6062","6929","8189","7970","3281","4684","10410","4681","4754","7996","7072","4053","7577","2970","7699","4550","4467","4228","8764","9534","6401","5786","4734","4730","9893","7463","7526","5180","5455","4882","8615","4943","4388","6261"
"3.63_1006.86","17600","36001","16520","19808","35638","10869","28050","27436","23326","15681","31464","49746","11732","37519","13803","14983","37095","16940","26260","16307","12581","23515","45728","14666","11386","27004","13186","13493","11408","10093","20698","8576","25485","16029","23725","7764","18140","15980","22005","21991","11427","16854","20901","13159","25777","15927","58133","8167","28225"
"3.65_743.63","6336","8646","4938","15921","8468","16116","10150","4048","11949","2921","7218","5794","4960","7582","9581","7834","16525","4650","9800","11281","10143","7277","23973","18141","15534","22061","12678","10151","23268","14759","24309","16216","29585","4231","9547","24036","9367","27383","33643","28802","15958","21329","24571","16214","20143","24036","30068","12280","37120"
"2.13_782.67","0","0","0","0","0","0","0","0","0","5724","0","0","4388","0","0","3202","1444","133","0","0","0","0","10351","0","7182","0","0","0","215","0","0","0","0","0","0","0","0","0","0","0","168","6575","4043","0","0","0","8169","5038","153"
"3.13_964.85","3791","5297","3820","3605","7335","6333","5828","10375","3890","2627","4684","8175","6640","6982","4634","10223","11214","6077","3991","5871","4214","4822","18602","4273","6495","3332","3864","5341","4276","3694","10165","2980","8574","4524","8276","5638","6390","6596","5137","6024","4487","8803","5219","4840","7731","4082","14663","5200","13545"
"2.07_704.25","2421","3455","2794","1436","2303","1677","1470","1866","4327","706","3774","3748","3452","2409","2344","2975","3225","1962","3735","3941","3060","5349","2691","4758","2522","1554","1566","2692","1271","2268","2766","3996","2799","3311","2183","2121","1666","3385","3473","3630","2177","1482","2041","3734","3870","3211","1710","1698","2597"
"3.64_948.79","3320","7168","2889","2699","5645","2533","4066","3545","7437","2080","6118","8322","1820","6124","3240","3181","4557","2675","7043","2194","2741","6115","13644","3548","1675","8248","4570","3175","2258","2894","3318","1804","4888","2620","5550","2129","3713","2298","5909","6009","1704","2537","5272","2979","3844","3622","9021","1612","4643"
"3.36_1019.90","2299","2756","1916","1684","4624","5031","2865","3097","5404","1419","3059","4585","4345","3295","2551","3662","3627","2482","5076","2453","3006","2310","8668","3522","4181","3655","3377","3357","3233","3072","4681","1837","5767","2169","5276","3068","4155","2685","4662","4476","2742","3562","4345","3368","3125","4419","6498","2630","5312"
"3.39_972.91","2252","2864","1223","1996","2458","1573","2470","2159","2164","1912","2022","2469","1331","3223","1274","2390","5540","2645","1506","2201","1613","3096","7708","3009","2955","2344","1799","1778","2836","1916","5332","2438","5184","1572","1350","2362","1578","2330","2666","3609","1703","3267","1929","1889","2729","3362","8746","1955","2382"
"2.33_880.59","2629","2552","1321","2946","2839","1658","3144","1505","3462","404","2291","2369","3296","3452","4225","3583","3823","1430","3039","3179","2285","3522","972","2901","2502","4203","2408","1609","2319","2648","2717","3324","3175","1547","5115","3533","3313","3361","4044","3310","4434","3708","2653","2646","3247","3473","4362","2558","3082"
"2.35_762.51","3131","4630","3901","2672","4556","1008","2851","3423","2188","756","3206","2507","1074","5219","3589","2977","2924","2413","4457","2345","4288","4974","3177","3786","3299","2442","3604","3653","5960","2744","4571","2748","2890","3141","3543","2475","2483","2475","3236","4321","3314","2944","2407","3216","3477","4548","1660","2848","5462"
"3.24_931.81","3106","4043","2440","3824","5019","4346","4411","5207","4023","2345","3231","6001","3603","5032","3406","3555","9112","3257","6007","4292","3675","2930","12156","3851","4656","4652","5212","4185","4226","3627","6538","4680","7774","3477","6336","4046","4287","6019","4756","6028","3894","5790","4871","3551","6170","5152","9229","3132","7705"
"2.15_759.01","4495","8085","5623","3650","6217","4348","5109","4792","6347","1986","6682","4806","3109","6755","4651","4991","6782","3150","6773","6375","5291","6684","3891","4149","4043","5172","6022","4366","4083","4794","4749","4470","5957","4346","8254","4285","6378","5644","4898","7002","5253","4975","4242","4521","5663","5683","6278","3385","4235"
"2.89_1419.82","2985","3120","2907","2153","4216","3110","1881","3301","3404","1218","3570","2579","3131","2339","3116","2130","3390","2759","3669","3174","3103","3039","2030","3775","2926","2746","2872","3176","2741","3070","3345","4085","2673","3527","3092","2791","3302","2713","3851","3275","1977","2354","3372","2612","3375","2698","2473","3133","2604"
"2.61_639.54","1009","972","609","5183","701","6457","2476","67","5499","273","647","487","1286","294","5746","878","3599","905","7975","4689","6113","702","1475","1680","6824","4053","6483","5140","5020","3664","2010","2897","1558","132","1260","2903","534","2979","2534","3255","6265","3182","3875","5068","4118","2555","3320","7050","2131"
"0.20_217.03","14184","8814","27113","1966","10443","2576","3575","32295","1957","22690","9612","22501","18030","8699","2825","15828","2560","18032","1988","3919","3055","16870","2309","2332","1896","3009","1566","1809","3874","2805","2364","1624","5176","27592","6152","3866","23983","1676","4294","3181","1965","2434","2690","1449","3624","3369","6066","2160","3000"
"3.65_780.72","5076","6656","4262","13951","6186","14672","8117","2914","9916","2221","5499","4487","3969","6109","6753","5326","14095","3357","8279","9499","8093","4995","21332","17415","12892","17516","9855","9098","19844","13420","20662","13391","24839","3754","8997","19676","7530","23047","30569","26617","14176","19360","23020","14247","17598","23848","28633","10521","33799"
"2.74_798.70","10819","13718","11901","10450","16929","14964","14024","12683","17536","9729","12824","16361","16654","18397","11601","16568","22666","11331","19424","24140","22551","14689","26504","15760","20076","13296","15748","22823","14480","12713","23442","16328","32868","10265","18394","17882","15251","16621","19660","22627","16168","22589","20231","15772","23897","23577","23734","14975","15736"
"2.84_733.72","2617","4366","2427","2745","2811","2668","3160","2682","3435","1406","2425","4800","4448","4066","2859","3590","4616","3240","3594","3611","3340","4532","1662","3244","3521","3021","3070","2726","2609","3568","2358","3629","2831","3668","3433","2716","2360","4181","3454","3886","3277","3618","2496","3164","4293","2721","2796","5259","3996"
"2.84_690.65","2252","3713","2082","2489","2641","2344","2359","2755","3750","701","2228","3492","3746","3474","3006","2903","3207","2393","3796","3343","2531","3074","1375","2784","3375","2409","2580","2633","1884","3260","2274","3953","2390","3167","3055","2684","2212","2476","2891","3246","2478","2679","2099","2923","3889","2551","1907","4487","3671"
"3.70_919.81","3186","3779","2834","2670","4106","5134","4348","5120","6391","1681","3554","4256","3106","4721","2565","3805","6382","3278","6643","2871","3999","3265","17946","5213","6631","5722","4870","4880","4679","5038","9005","2008","7674","2603","4997","5172","4203","3304","7673","5327","3481","4128","7216","7408","3943","6267","8629","4378","8985"
"3.11_1052.83","2646","4259","1414","4453","3480","2547","4484","2625","3792","2055","4292","4722","1706","3881","2494","1980","7548","2491","3255","2749","2140","2131","5347","3774","1450","3504","2673","1612","2584","3419","4476","2238","6119","1428","3981","2155","1996","4104","6199","5616","2263","3773","4462","2502","5325","3190","12538","1375","6511"
"0.58_636.40","1214","1659","652","3893","928","3856","1657","595","4291","471","978","909","1077","1026","2841","1140","2828","830","4645","4197","3376","757","5245","3157","3257","3686","4916","6565","3708","4438","4202","2734","5062","833","5119","4142","1053","4586","3492","3668","3354","3070","2414","4435","4785","3894","3929","2446","3535"
"1.53_776.57","15609","13910","8311","7432","16902","5495","15346","7905","10574","5694","13489","10249","4663","10404","9161","6812","8467","5023","14860","11680","13251","16292","11654","11795","9012","9819","7267","10885","8691","7645","6232","8058","11013","10210","14530","10347","6819","6723","10202","17110","9116","14881","9660","14253","8815","12884","6782","8902","10589"
"3.36_855.75","5698","6699","4359","5159","8801","4827","7913","6109","5183","3681","7601","11455","3545","7075","4199","4673","9643","4276","8823","5977","5264","6054","11919","5137","5228","6575","5908","5686","5681","5224","10968","5451","13818","3856","8865","4795","4803","6269","6801","8801","5923","7318","7989","4483","7478","8356","17425","4614","9433"
"4.49_1147.00","13312","7644","9004","8278","16011","5348","6528","12762","4322","13429","10710","10761","21521","7844","9870","14871","2588","11600","3175","8104","4581","15922","879","2890","5930","5510","5630","3866","5311","4382","2708","4513","1813","12893","4884","2009","13316","3068","2716","3017","5491","4677","4831","3632","4900","3539","2163","6026","3840"
"2.12_795.50","4878","4204","4332","3664","4311","4626","3993","4462","4570","3042","5106","4130","4473","4470","4686","4480","4736","4124","4906","4607","5010","4991","5566","5277","4272","4668","4736","4589","4107","4579","4236","4071","4822","5179","5536","3810","4739","4439","5192","4519","4439","4192","4666","5108","4484","4744","4132","4452","4662"
"2.59_812.61","5488","9052","7394","4553","8217","5468","5840","5352","8780","2705","6526","6707","2888","8279","7052","7974","7792","3838","8098","6373","7535","9482","4822","6373","5784","6205","6646","8615","7541","6189","6951","6577","6289","5909","9927","7300","7187","6701","5611","8059","3914","5579","6196","6977","4776","8212","4604","5209","6040"
"3.26_997.77","2933","4705","1936","4317","3585","3016","4845","2652","4966","2248","5025","4693","1985","4733","2980","2406","7171","2776","5153","2509","2406","3500","7673","4098","2376","3534","3392","2879","3799","3145","5426","2583","8724","1817","4425","3205","1835","3822","7099","5443","2760","3905","5320","2480","4996","5651","10503","1495","7725"
"3.96_849.84","3126","4870","3560","4277","3015","4172","3704","2074","4406","1479","2693","3974","1754","3012","2804","4872","1192","3166","5566","1724","4039","4962","2813","3119","2753","2022","4638","2112","6719","2995","698","3248","2781","2161","3808","4395","2953","5496","4974","1760","1683","5726","2877","2790","5766","4948","5968","1640","3686"
"3.55_943.81","1842","3306","1572","1514","3113","3331","2457","2302","3681","1208","2278","2788","1901","2371","1508","2745","3781","2201","5510","1855","2837","3064","8881","4150","2971","3604","2994","3596","2540","3316","4180","1646","4022","1467","2965","2379","2703","1801","5081","3825","2069","2142","5154","3857","3427","3775","4906","3388","4863"
"1.97_621.44","13655","11284","11432","10464","11912","7344","10024","15076","10281","7532","12597","15074","7609","12684","9513","17874","12221","10338","10983","7999","11270","12244","9340","11339","12622","10324","9399","12723","10977","8973","13811","12342","15952","9600","9654","16420","10136","10885","12285","14346","12161","16876","12446","9000","10566","13549","14171","11340","11351"
"2.53_798.70","14614","15833","13900","14598","22796","26977","20262","13278","28530","13135","15799","17650","16630","17289","18824","18224","32782","12013","31623","39729","34107","18792","44176","24714","31250","23118","25720","33713","25305","22709","36032","27158","34128","13349","22478","22172","19786","23035","24347","34313","25968","30912","26515","22887","30618","32525","29040","25150","22153"
"2.34_761.37","3060","6814","5898","2740","7071","1322","5434","5837","5642","542","4791","6720","1412","7236","6357","9609","8567","2410","8664","5606","8342","6746","6016","7348","3247","6335","5465","8518","5012","3158","8122","6404","10009","2556","7782","10778","5759","6337","3897","9056","4203","6782","4402","5651","6106","11051","6528","3605","6545"
"2.56_918.74","2140","2293","1923","3381","2549","3426","3427","2698","4756","1331","1920","3337","3136","3297","1909","3148","6523","3507","3247","3557","2623","2442","19891","3425","4472","3503","2548","2902","3745","2076","7295","2990","8253","2833","3957","2863","3472","3851","5005","5639","3023","4820","5619","2995","6084","4780","15885","4180","6717"
"3.43_972.92","1724","2172","1793","2120","3480","1955","2949","1669","3351","1658","2374","2972","2312","2604","2026","1850","4182","3386","2896","2418","1715","2095","8080","3199","2666","3538","2485","2503","2064","2472","5195","2449","6807","2450","2220","2954","2567","3112","2654","2406","2410","4050","3432","1875","3213","3232","7911","2295","2779"
"1.84_798.56","4213","9349","6411","3940","7201","4133","3289","5017","6449","2244","4390","6039","3279","7151","4278","4588","6842","3925","6871","7797","5661","6650","6582","6650","5085","5862","5968","7691","5049","6032","6352","5370","8190","4707","13365","5534","4848","7389","6153","6946","4756","6091","4415","5783","7201","6617","5815","3837","5754"
"1.21_846.55","4966","11226","6538","3428","6277","3068","3262","6217","6789","2768","3758","6355","2994","7400","4290","4474","8195","2982","5208","7333","4763","5130","10989","8091","4062","6228","6029","9147","6025","5509","5792","4905","13160","5274","13529","6511","6338","6075","8216","6222","3985","6711","4827","6137","7008","8390","7716","2574","7216"
"1.97_675.54","4954","4412","4064","2357","5680","3917","5102","5301","4658","2350","4768","4242","7353","5203","4224","4635","4864","3555","5284","5728","4470","5673","4374","4756","5662","4452","5676","5349","4048","4302","5270","3543","5213","5638","6206","5011","4410","6133","3631","4639","4268","4122","4895","5521","4405","4136","5382","2844","4094"
"1.32_619.45","2376","3837","2889","2176","3321","3551","2260","3944","4901","1837","3451","4144","2686","4076","3600","3620","5355","2031","2615","4881","5942","4025","7285","5396","3995","4255","5784","4471","2963","5499","4110","4546","8879","4127","6168","3263","2653","2433","6566","5449","3265","5871","4099","2801","6476","8812","5931","3113","5568"
"0.68_330.34","11086","12518","5456","39720","10419","4666","37879","4029","36946","7186","9067","52177","7603","52421","21757","39132","11509","9564","16083","65755","25775","21110","8330","17407","17887","14679","18420","10773","8675","15352","4738","6877","7883","15515","23112","21470","6165","19447","7554","26923","14992","10698","8692","15655","45499","36480","41023","33042","12547"
"0.49_484.38","2490","2637","881","3137","1701","1019","2665","2058","3052","2762","1622","1127","2398","824","1083","1889","1983","2148","3108","3040","3602","2997","2014","2873","3798","3470","2261","2346","134663","2138","2089","841","2388","2785","3165","3468","1215","3179","2310","2218","599","1328","1289","2799","1978","2599","2086","2783","2338"
"2.85_754.67","8113","10191","9241","4348","12494","6757","9734","8438","6208","8048","9502","11860","10433","12523","7595","10902","8619","7860","11236","13570","8941","9530","11627","8761","8816","6750","5759","9023","5856","5304","11823","6073","12796","7041","12712","8839","9494","8559","7084","8944","5185","9278","7258","8887","9767","8415","11144","7565","7779"
"3.63_927.73","2147","4450","1961","2437","3794","1796","3184","4126","3090","2027","3900","4921","1794","5197","1713","2042","3642","2454","3941","2170","1730","3161","5052","2520","1534","3956","1877","2233","2226","1250","4508","1454","3752","1844","3760","1528","2396","2110","3184","2974","2036","2752","3174","2261","3455","2158","6728","1371","3419"
"2.28_720.55","1763","2730","1479","1142","2915","3977","1913","3954","2418","943","1602","1617","9176","2341","1511","4273","2108","1933","1664","2018","2172","2048","1541","2019","2258","2152","1432","3352","1405","996","2875","2445","1663","2781","3082","3153","2403","1957","1275","1659","2037","2317","2475","2588","2664","1889","2551","1767","1641"
"1.53_848.57","2862","2181","2201","2605","2807","1919","2911","1599","5913","1077","2635","2005","1531","2599","2934","2617","8807","1372","3211","2359","3753","2765","6433","5935","3109","4867","3446","4937","2710","3143","2205","2828","4512","3122","3265","3433","1969","2882","5243","5239","4098","4360","4044","3538","2723","5582","3724","2270","2665"
"2.65_661.56","2567","2929","2222","1533","3513","2387","2966","2480","2778","1887","2847","3409","2760","3021","2200","2536","3875","1891","3981","5210","3379","3363","4438","2596","3517","2550","2960","4082","2622","1979","4079","3118","3775","2187","3577","2759","3033","2229","2190","3100","2891","2819","2694","2104","3419","2646","3040","2327","2567"
"3.21_947.81","2325","2968","1529","2761","3067","4162","3385","3479","3899","1705","2220","4333","3211","3073","2892","2569","5339","2941","3604","2514","2327","1810","9866","3147","2996","2537","1799","2818","2968","3054","5396","2544","5042","2797","3066","2656","2755","2786","4123","4200","2336","4296","4245","2201","3993","3867","8050","3198","3728"
"3.14_790.70","3176","6164","6097","6525","7075","2381","6355","2838","3749","3609","5442","6300","1971","4434","3696","2445","2300","2331","4820","5211","5015","4435","1162","5864","2378","3751","5528","8428","3574","6265","4380","3778","6431","2059","8892","3305","3825","6680","4405","3464","2836","3310","2607","6883","4868","6135","3395","2259","3978"
"1.53_844.54","5382","5173","3295","3187","4546","1616","4933","1523","3234","2012","3809","3807","2044","4309","3616","2433","1591","2262","3606","1695","4147","3151","2445","6323","4640","3792","2225","2285","2763","3235","1642","5323","3096","4520","3891","4661","2120","2232","4676","4893","4362","6761","2831","5478","4331","5911","3223","3572","3744"
"1.53_651.40","9346","7668","5539","10642","7893","4339","8459","4550","6850","6601","5330","4303","5663","6399","7532","6138","5884","3481","5342","5566","6534","6107","7581","8468","6524","5981","4926","4683","5980","5252","5036","5284","5812","7577","7072","6529","5957","10732","6702","7296","4327","4159","4104","6624","4274","4892","4530","4430","5165"
"3.69_988.89","2453","2770","2027","1870","3659","4926","2752","4374","6322","1115","4539","4312","3389","4569","2280","3453","4778","1936","6231","2780","4285","3232","13666","5235","6483","5094","4717","4000","3928","4433","6958","1730","5299","1821","4722","3102","5607","1761","6840","5781","2589","4150","6689","6417","4150","5036","6453","3297","7653"
"2.85_740.65","14774","14355","14023","7729","19478","10226","12735","12804","9228","9648","16637","18694","16216","17640","11181","19019","11771","11020","13979","20459","13658","16309","16672","12849","10374","7862","8884","12632","7170","6236","17671","9843","17527","12255","17456","12358","15247","11871","10792","12401","8478","15039","11513","13444","12152","11347","14957","10812","10287"
"3.07_723.73","4746","5364","4826","4096","6948","5196","4328","5716","5831","2096","5630","5374","6253","7085","6150","6607","6365","4680","6187","6003","6454","7534","2651","5662","7373","4282","4954","6563","3699","7473","4218","6031","5035","7361","6232","4631","4048","5004","4474","6161","5576","5422","3542","4664","7138","4475","3487","7100","4377"
"2.53_668.60","2782","2973","3733","2640","4244","3841","4779","3050","4236","3465","3708","5230","2233","5589","2712","3253","5960","3574","5583","6221","5867","3802","13177","4016","4795","2890","4861","4872","4157","2420","7140","4527","7037","3570","4007","3911","3686","4346","4576","5262","3460","5136","5481","4213","6258","4418","5565","4286","4344"
"1.85_773.62","4639","4225","6190","3178","4448","3429","3465","7507","4186","4860","5524","4883","4734","3486","3466","3296","2835","3886","3314","3378","3589","4767","3343","3867","4096","3939","2194","3038","2646","3426","3436","3164","4004","6313","4738","3936","5410","3024","3038","3451","2979","2903","3515","2956","3051","2938","3907","2277","2255"
"1.99_689.50","11500","10096","8066","6432","13340","8283","7693","9731","12360","7333","13750","14362","8172","10291","10521","8885","9827","8379","7408","7749","11088","12467","5814","8932","9249","6871","10154","9688","7004","9873","8043","11539","13362","8190","9157","10159","9793","10385","10015","10985","9775","10115","9668","9112","8629","11201","8464","6707","6662"
"0.80_650.40","7403","10591","10177","5091","8397","3743","3655","7387","6074","7338","6997","8943","3702","9020","4026","4753","4327","5489","4255","5600","4476","7072","4047","8146","3843","5687","4691","5453","4524","5749","5244","5036","8514","6471","8934","6160","5677","7693","5628","5233","5078","4152","3231","6734","5319","6019","4963","3103","3832"
"1.53_823.56","8952","6807","4608","4637","8116","3649","6133","3036","4765","2985","6686","5352","2208","5645","4384","5584","3558","2782","5646","3398","6127","5085","2914","6399","3096","5464","4371","3525","3778","4402","4086","5088","5298","4985","6266","4500","4071","3838","8617","7257","5375","8861","5020","7770","3966","6599","4457","4340","4410"
"3.00_752.66","4664","5049","4980","4337","7965","6360","6542","4899","7337","3168","6233","6301","6933","7344","5593","6274","8241","4118","7207","7744","7357","5647","14344","7654","8675","5617","6168","7616","6971","5219","9526","5527","12276","5306","7647","8132","5720","6811","8683","7717","5892","8303","6339","5944","8905","8310","10301","5581","6596"
"0.66_724.44","5126","4504","3009","2833","3214","1669","2879","4894","3378","3371","3760","4623","2137","3759","2911","4443","3007","1804","3446","1730","2703","3883","3123","3240","2213","3228","2702","2685","1844","2190","2774","2588","4994","3087","3163","2620","2717","2066","2948","4557","2932","3946","2252","3174","1697","3379","3357","1598","2053"
"3.26_676.66","4314","3884","3499","3282","3460","3682","3222","3884","5130","1324","4132","5217","5024","4909","3953","5660","5669","3435","4444","3824","4165","4871","2888","4617","4857","4444","4340","4756","2676","4646","3932","5583","3672","4464","4950","4124","4410","3495","5130","4140","4072","4037","3392","4374","6214","5037","2838","5606","4887"
"2.19_934.73","1912","1891","1260","2657","2470","3182","3892","2157","3758","1919","1975","3390","4616","2316","1885","2581","4258","3053","2400","2840","2342","1410","15940","3025","3552","2757","2066","2429","2981","1902","4696","3021","7989","2679","2965","2172","3538","4082","4737","4689","3068","4283","4882","1958","5173","3169","16562","2915","5411"
"2.77_796.68","7239","8135","5421","4695","8716","7465","7188","5955","6154","5635","7001","9129","6602","7541","6692","5659","8939","4889","9127","11307","10345","7956","13565","8449","8625","9383","9606","10060","6992","6028","10490","7934","12512","4485","8490","9674","7331","7734","7825","10835","7848","9113","9112","9083","8241","10488","10673","6182","7517"
"3.46_916.78","4438","6057","2610","4125","6465","4683","6123","5791","6225","2509","4892","8776","4086","5897","3549","4480","9652","4405","7326","5541","6323","5270","15375","5545","5281","5268","5663","6014","4356","4497","9740","4447","10813","3397","6799","4740","5244","5668","5511","8710","4196","6288","7566","3944","7699","8014","15054","4728","8286"
"1.59_385.35","2494","2660","2135","1957","2691","3047","2064","2809","3402","1354","2810","3044","2134","2390","2811","3109","3402","2271","2846","3656","3331","2277","4766","3160","3883","2690","3334","3108","1891","2709","3573","3127","4274","2992","3223","2768","2338","2700","3056","3791","2832","4668","3332","2387","3536","4545","3972","3065","3560"
"3.77_924.79","17813","34334","18012","16739","36322","12119","31732","31212","23771","9358","30250","37738","11894","53581","11833","22158","43550","16073","31876","15470","13702","25942","62806","17450","18337","26806","13632","17629","15869","12467","33216","8253","32152","13844","35315","12996","17329","14590","24964","23829","12350","19605","24198","16568","22223","19985","57426","11626","45826"
"2.53_714.60","3244","3507","3131","2708","6407","3517","4661","3086","4708","2439","3478","4298","4430","4390","3174","4616","5896","3024","5720","6060","5884","5813","9370","5398","6034","3914","4425","5860","3895","3926","6296","4798","7431","3929","6431","4088","5300","4229","3936","6487","4583","6017","4780","3537","5946","5839","4789","4322","4210"
"4.11_551.50","6406","14083","19309","10980","25030","18020","19290","36431","18840","4295","15316","26784","6570","27807","8999","19562","28037","15779","19698","10993","13821","12687","37467","11547","12793","13244","10771","25292","17160","15741","28335","8049","22161","5175","53624","23963","10190","12215","14614","15181","8942","17132","11477","16792","15716","20736","31693","5943","41886"
"1.97_813.65","2633","2394","2351","1590","2522","2361","2062","2430","3513","1283","2350","2402","2964","3086","2177","1722","2592","1635","2894","5262","3226","2547","3792","3872","3482","3076","2974","3700","2721","2504","3000","2702","3934","3326","3521","3319","2980","3055","2964","4516","2944","3623","3584","3824","4381","3683","3410","2288","3107"
"1.55_702.21","46017","13828","15655","7730","14258","31350","15092","9794","10971","12291","118136","11419","5567","15666","8075","14562","6158","6388","14002","10677","21794","13884","91352","11037","100501","25426","8224","8482","18348","8150","9296","12464","24233","18196","14067","25496","5661","15029","15075","7096","510303","23457","12913","13385","29715","15036","23873","7660","17389"
"3.05_749.75","8470","13341","8574","8718","9255","9990","11184","11254","13199","3731","9707","15216","14725","16735","11429","15469","16021","12121","16538","13217","12330","14829","7015","12248","15680","13245","11015","14610","9907","13165","11269","12069","11827","13055","12190","9950","9432","10711","11715","13692","12608","10973","9939","11141","16061","13390","8015","22127","14993"
"1.53_824.58","5703","5718","4578","3350","6203","1623","5332","2048","4580","2856","6826","4095","2569","5417","3996","3401","3398","2637","5448","3351","4273","6112","3580","5961","3151","3795","3679","2490","3118","3556","2498","1357","4083","4885","6495","4627","4357","2955","2727","3751","2543","4946","3230","5107","3675","4195","3484","2518","3363"
"2.84_277.22","2609","4163","4234","2114","5592","2563","3271","4169","2664","2602","4365","5001","4532","5177","3113","5060","3408","2909","3369","5625","3009","4933","5711","3091","2736","2366","2346","3323","2211","1576","4848","2275","5790","3279","5100","3250","4585","3081","3359","3711","2278","4299","2724","3629","3903","3427","5127","2777","2999"
"3.16_1371.38","7881","2883","465","1259","1790","6509","2387","1067","1575","1023","20004","1902","1284","1206","987","1647","1212","1667","1050","1390","2557","1666","12991","1479","11500","347","1228","1363","547","1213","1792","3694","651","1972","2997","731","1246","3101","1723","936","90309","3148","1476","1824","4593","1937","3650","917","1722"
"2.66_602.51","1903","3373","3056","1459","2696","2643","2767","2861","2265","1047","2219","3423","3352","4508","3049","2356","3002","2536","2698","3126","2432","3305","2295","2315","3592","1901","2501","2959","2246","3187","2101","2541","2686","5332","3150","2133","2006","2970","2133","2874","2125","2755","2161","2502","3206","1901","2690","2772","2735"
"3.75_743.63","1604","1832","1133","4306","2234","4756","2363","1535","3144","792","2068","1503","1431","2136","2736","1933","4429","1169","2548","3731","2651","2104","6924","5037","3782","6415","2785","2807","5561","3467","6917","4361","9678","1213","2798","7401","2565","7679","8469","7230","4564","6831","7031","4187","5745","6440","9582","2623","10428"
"2.73_768.69","4720","6466","4902","8315","6693","11356","8819","6344","13329","3950","5328","7087","5449","6787","6696","5527","16760","4825","16225","13073","16792","5861","16666","11505","16406","10808","12213","17281","11922","8431","16031","12424","22617","5526","8182","12166","5887","12774","15489","15503","10942","12890","10657","7842","12913","16950","14188","10537","9736"
"2.68_823.70","3954","4905","6703","2896","6487","3597","5262","4180","5344","3041","3004","6741","3619","8486","3247","3584","5765","2882","6154","5823","5147","6219","6035","6373","4202","4680","3417","6292","6598","3589","7606","3987","6866","3400","7670","3629","5037","6766","4513","4890","4268","2882","4363","5859","6777","5563","4811","3823","5303"
"2.56_946.77","1921","1755","1417","1999","2152","2392","2841","1840","3305","1361","2395","3188","2496","1806","1674","2387","3259","1729","2646","2203","1646","2182","12118","2323","2584","2443","3326","1809","2536","1911","3094","1701","3942","1591","2710","1411","3610","2016","3305","3858","2210","2323","3133","2175","3441","2787","6301","2266","3807"
"1.39_774.53","1896","3412","2311","2286","2922","3136","2079","3544","4503","1604","2383","3593","2027","3986","2398","2456","4513","1863","2640","4411","2986","2723","7913","4591","3751","4629","3858","5178","3004","3216","2890","3264","9630","2490","7177","6513","3672","3427","3967","6212","3200","6697","3079","3059","6710","6357","7035","2168","4240"
"3.00_934.81","2375","2515","2546","4015","3509","6370","3420","6331","3060","2162","1572","4085","2493","3751","3026","5143","7515","3344","3148","3018","3392","1114","12050","3105","3780","3473","2629","3871","4939","2615","4636","3967","3981","1654","7283","5418","4086","3974","3324","4186","2647","6510","3304","3517","5003","5041","7903","2803","9954"
"3.60_684.63","2122","2178","2387","1607","3135","2231","2727","2371","2284","1429","2181","2849","1869","3136","1434","3591","4026","1510","3138","2924","2999","2128","11373","3094","2893","2652","2164","3065","2724","1935","6142","1925","5368","1414","2710","3990","2228","3120","3831","3709","1910","3666","4198","2040","3197","3873","4271","2964","3686"
"3.98_577.52","11955","26632","16831","17860","28410","13470","22069","22524","19972","9112","21595","32446","8940","37944","11725","16168","43308","13401","30818","14471","15661","17812","35543","15690","11748","20208","15586","18874","17158","15858","36890","18648","49775","9149","49708","24886","12691","18979","22160","21910","11445","20952","20533","14888","23246","25677","50274","9635","36004"
"2.18_788.54","7243","7703","4475","3066","5962","5206","4034","3101","6400","2945","4736","5604","8842","5853","5005","5953","5402","10549","5453","4211","4053","8466","2895","8531","3987","9780","4510","3919","3788","12630","10692","5812","4100","5108","6771","4903","6377","5113","4140","5907","9752","5643","4128","4110","5397","6457","2770","3794","4447"
"3.19_946.81","2875","3382","1839","2894","2797","4047","3000","3643","3950","1805","2274","3393","3740","4235","2924","4792","5275","3727","4155","2854","3671","2182","11233","4477","4295","3008","3409","3549","3715","2836","6335","3256","6493","3192","3458","2912","2695","4593","4138","4695","2973","4469","5752","3285","4617","4385","10277","3944","7548"
"3.49_1004.85","5502","9707","4983","6782","9828","3615","8195","6883","8774","6031","8829","15590","3251","8094","4573","4162","9320","4915","5322","4268","3954","5401","12259","4381","3588","8657","4295","4177","3115","3890","5873","3264","7504","4877","8696","2692","6406","5389","7932","7985","3716","4724","6605","3718","8862","4680","17193","2384","9741"
"2.84_747.73","3796","5232","2688","4459","3418","3407","4395","3491","5058","1607","3934","5446","5658","5598","3345","3990","5381","3884","5211","4342","3992","5059","2684","3148","4288","3251","4035","3898","3090","6079","4055","5831","3988","4070","4696","3137","3138","3687","4611","4764","4515","3787","3165","3577","6205","3758","2795","7245","4738"
"3.04_897.64","6016","5609","5911","6221","5889","6140","5460","5725","7209","3506","6314","5288","7588","5724","6042","6789","6957","5363","6289","7358","6235","8338","4963","7386","6411","6138","5468","6421","6661","7320","6048","5401","7469","6869","6100","6877","6156","7554","6379","7901","6296","5380","5446","5757","7717","5869","5620","6552","5989"
"3.31_724.66","3208","2803","3777","2752","4351","2910","4940","4273","3958","2760","3211","4946","5029","4816","2665","7440","5378","3769","5219","6220","5677","4711","10660","5721","6469","4167","4532","5914","5578","2922","7699","3708","5884","3863","5072","5923","4256","4506","4766","5946","3898","6832","4733","4418","5534","4941","5488","6924","5603"
"2.34_761.03","3359","4306","4164","2973","4860","2446","3260","3278","3540","712","3984","4441","2124","4433","4756","6702","5788","2500","5317","4099","3981","5754","4459","4216","2943","4223","4283","6287","4673","3084","4615","3406","4871","2712","4729","5645","3267","3824","3277","4618","3209","3981","3613","4547","3487","4462","3580","3376","4292"
"3.07_383.33","5577","6859","6617","4325","9474","6826","7067","5937","8679","4439","7620","9508","5941","10759","4520","7582","11774","3996","10900","11404","10790","7728","19828","8083","9289","6301","8524","9768","7057","6237","13823","8465","17798","4504","11274","9052","6737","8349","10382","11740","6444","10390","8835","7679","11420","10709","14790","6514","9885"
"1.98_886.62","3346","2920","1864","2286","2938","2776","2949","2110","4654","1645","4340","5641","1738","3394","2608","2411","3935","1768","2954","1569","1581","3625","6661","3556","2826","2397","3361","1881","1242","2446","3203","1725","4034","2060","3401","1618","3092","2741","4680","4295","2058","2049","3958","2426","2860","3987","5934","1976","3664"
"3.01_1298.36","6508","2178","552","807","1765","5560","1470","881","1049","1203","17277","1177","743","1251","850","1708","1030","1834","1613","1203","1991","1750","10771","1077","10049","390","865","1260","551","1381","1588","2759","662","1891","2290","856","801","2873","1440","1705","71517","2634","1696","1618","4221","1696","2897","1091","1779"
"3.69_976.89","5862","6572","4599","5660","8716","9807","7518","10645","10335","3528","9247","9471","5912","12401","3672","9222","15743","6330","14064","6816","7724","7844","38403","11308","15411","11225","7042","10319","11051","8556","21127","5476","17502","4613","10696","10130","9028","7679","12378","11381","6981","10907","14070","10372","9956","14147","20785","8071","19531"
"0.20_135.05","40846","1258","10659","843","3003","1045","1203","14572","872","3311","3412","8270","11784","4488","1147","7269","1076","7311","5515","1328","1328","4846","980","1077","5767","1101","933","907","540","629","1040","727","829","13033","1077","919","7386","934","1004","760","1119","1080","824","904","5734","1888","1109","1519","1183"
"2.23_729.59","2674","4224","2850","1951","3626","3693","2390","2270","4069","1338","2516","2569","1678","3200","3077","2031","3399","2093","2672","3662","3527","2538","6316","3816","3390","4061","4671","5083","2790","4996","4300","4605","6434","2507","2957","3303","2949","4141","4542","5800","3749","4740","3732","2858","3929","4801","4368","1920","4396"
"1.79_661.47","11064","11299","10228","7784","11989","9337","8967","11736","9878","8945","11708","15533","6444","9228","8476","10117","9074","8644","6426","7929","10381","10548","6704","8962","9212","8859","9433","9309","7881","7805","8480","10476","15276","7796","9270","10864","9686","10010","10832","9587","11576","11913","9277","8489","9584","11933","12254","6708","7002"
"3.92_952.82","3584","8507","4432","4557","9289","5280","6603","6649","9975","1979","15259","7243","3098","11900","3178","4914","5169","3008","10898","2721","4499","4799","11165","3787","4520","6065","5564","4500","3957","4255","4989","1865","4758","3204","10056","3116","3248","3701","7387","4141","2835","3876","5151","4163","3993","4481","7418","2290","9454"
"3.36_908.79","1223","2217","1463","1922","2268","2671","2238","2971","4269","833","2141","2413","1757","2769","1349","2140","5183","2047","3498","1995","1476","1358","13655","3319","3122","3065","2088","3203","2056","1701","5619","1869","4389","1312","3121","3896","1943","2225","4705","3874","1478","2765","3549","2224","3549","4303","7362","1402","5618"
"3.98_958.88","111544","251019","117851","153827","179494","129712","190496","153134","197849","92125","196386","245747","87234","233017","114345","98938","233998","106232","261874","156528","145184","166755","175706","150830","113047","188532","136678","146429","144899","164747","242033","176383","306796","97871","237515","162423","118723","186938","194082","204131","115408","174476","179293","129614","204824","193418","303148","105904","180894"
"1.53_802.59","4053","5008","3665","2472","4947","2055","3603","2640","5049","2138","4426","4061","2218","4912","4491","4671","4835","2610","5691","3838","5753","5447","4651","4937","3807","6899","3717","4845","3464","5229","3614","3663","5633","3463","7802","3702","4110","3108","5188","5973","4739","5518","3297","4177","3789","6242","5136","3740","4077"
"3.37_917.79","4068","5018","3826","3232","6546","5107","6647","4391","4765","2896","5200","8837","3190","5463","3850","3610","7165","3917","8029","5347","4905","4704","7993","4444","5024","4997","6022","5883","5765","5566","8484","5864","7681","3924","7013","3721","4676","4395","4633","7068","4805","5307","5532","3466","6064","5951","9833","3849","6913"
"0.19_359.13","5288","3624","7914","489","4049","657","774","6855","522","6088","4298","8079","2983","3467","1338","3566","656","4050","951","1481","659","4223","1046","1081","571","872","908","789","930","568","738","860","936","5466","1728","906","6741","1325","1022","846","803","638","667","947","637","718","825","891","888"
"3.60_768.72","3255","3694","4153","2833","5628","4316","5238","4713","4467","2552","4437","5171","4203","5858","3360","6851","7674","3833","7091","6932","6756","4658","16928","8584","6751","5267","4179","7379","6251","3289","11095","5546","8924","3886","5453","8129","4103","6190","7138","8333","4933","7274","6383","5515","6994","8166","8593","9543","6952"
"0.52_616.46","2681","3056","1517","2348","1862","1106","2560","1246","1977","3853","2005","2078","2246","3393","2392","1938","1629","2135","2144","3354","2228","2558","2933","3004","4482","2697","1841","1863","107965","1812","1798","1923","3437","2669","3929","5479","3152","1910","1905","1836","4298","2011","1306","2069","1928","1611","837","2914","2736"
"3.65_794.74","4161","5991","3748","11820","5599","12474","7495","3397","8666","2141","5262","3681","3020","4901","6188","5141","12817","3398","7163","8137","7004","4702","16407","14161","10856","15873","8276","8021","17332","11372","17099","11338","21182","2977","4021","16983","6688","18731","24896","19809","11410","15632","18664","11912","14896","16942","23157","8850","25293"
"2.35_761.42","4787","6229","5966","4646","9141","2934","3864","6308","6220","632","8660","7330","1917","9040","5161","9463","4991","2637","11649","6590","6223","4521","11406","5409","3914","11087","5110","8029","2749","4974","11555","6649","9056","2625","7748","12824","5463","7226","4950","9103","3585","10048","5972","7450","4901","8317","5968","3953","8149"
"2.93_367.34","3818","3530","3891","2896","5526","3435","4450","3508","4458","2922","3715","5088","3130","5103","3260","5675","5938","3669","5468","6552","4654","4401","8175","4784","5137","4228","4212","4976","3622","2554","6098","3799","8795","3165","5742","4570","4237","4298","5892","5958","3315","5736","4751","3912","5171","5132","6679","3583","5039"
"3.27_776.71","6259","4808","4351","5242","6181","3285","4313","5134","3007","6741","5144","5104","7850","4630","4708","6969","2051","4877","3141","4727","3014","7035","1397","2793","3984","3607","3359","2501","4084","2492","3317","2972","1859","4698","3865","2752","4656","1964","2121","1836","4319","2930","3224","3233","4155","3455","930","4045","2669"
"1.30_796.55","5593","6086","6822","1833","7777","1803","3080","4533","2755","2229","4044","7113","1598","9828","3483","3565","3953","3924","3342","4617","2221","7631","4333","4201","2004","2502","2252","3256","2358","2102","3596","2878","3473","3765","7806","3734","4452","3128","2750","3292","2962","3191","2668","4745","3832","3470","3241","2738","3725"
"1.30_766.49","10536","7318","4389","3422","4501","2573","4253","3897","3949","5752","4518","5813","3508","6771","3846","3856","2342","4842","5419","1581","2740","3649","3352","5495","3810","3821","2770","3499","2363","3334","2248","4507","4994","7885","4221","4034","4514","2558","6093","6573","7399","5283","3624","6227","3358","4837","4499","2963","2824"
"1.31_860.53","3399","5087","2643","3350","2519","2341","3006","2374","5025","1133","2453","2879","1230","3533","2368","2283","3476","1824","4182","3641","3038","3364","4756","6587","2302","4484","3188","4974","3122","4235","2957","3468","4920","3091","4985","3882","3079","2242","5341","4259","2836","2636","2851","4977","4922","5322","3066","1811","3854"
"3.63_949.78","4443","10062","4661","4553","8069","3002","6491","5442","8200","4525","7610","10833","3692","10014","3578","4207","8379","4358","8240","3874","3102","7669","14435","5774","2719","9776","4745","5352","3241","2835","5118","2536","6864","4274","7123","2372","4916","2008","6909","6317","3245","4380","6466","3186","6257","4302","13839","2332","6596"
"2.13_834.52","2963","5434","6584","3858","6224","2349","3694","3493","5848","3283","3992","4011","9714","5657","4953","2794","3479","4084","4026","3776","3579","9222","615","2624","3750","3049","4036","3587","3261","5791","2805","4124","3688","5833","5072","3880","4754","6737","4634","4216","3603","2220","1709","3646","3091","3918","2210","3738","3707"
"3.16_766.76","3180","5805","3576","2976","6842","2953","6037","2787","3730","3810","4120","7643","3675","5899","4012","2941","3458","3623","6031","6377","8190","5252","3826","3222","4918","5482","5505","5412","5233","3736","3522","3897","6050","1445","7811","2579","4833","4353","3532","6318","4077","3046","4099","4663","4646","4024","1675","2764","1308"
"1.97_825.65","1702","2729","2856","1844","3892","3004","1904","2828","4215","1004","2193","3183","2843","3134","2772","1969","4242","2032","2968","3701","3524","3444","5409","3574","3430","3675","3313","3686","2734","3098","3436","3635","5409","2587","4342","2607","3652","3228","3945","3100","2695","3637","3227","3198","5334","4045","3729","2810","3823"
"0.24_552.33","3811","4804","3490","3314","5266","4465","3202","3845","9753","1752","4235","5551","2822","5289","9853","6174","4598","2843","3174","5297","6872","6703","11693","5529","4845","7116","8286","10005","12866","4004","3827","5221","7266","3644","9444","4582","6908","4846","5681","7649","5076","10802","3807","4599","4916","8444","9873","4142","6093"
"0.83_690.43","2958","3576","2481","2901","2756","1999","2285","2868","3820","1776","4184","3043","1894","3113","1698","3225","4839","1993","2882","2584","2051","2511","7538","4784","3303","6343","4306","4965","2649","3092","3242","4044","7737","1816","4060","5153","3138","3654","4179","4753","3106","4994","3992","3947","4703","4853","5543","1523","4900"
"2.04_606.47","6906","5137","5720","3729","5281","3161","5002","4392","2902","4491","7812","9707","5331","10006","2274","4978","3126","5715","5201","2533","5010","4990","5825","6884","5045","4366","3843","6047","3240","3401","4926","5264","8593","4326","6362","6870","4373","3235","5763","4918","4020","7716","4588","4185","3450","8445","5752","2740","2721"
"3.04_898.64","3129","3074","3881","2110","3447","2184","2642","3315","2867","2409","3594","3265","3056","3056","2590","3343","3044","3514","3267","2531","2854","4261","2189","3216","3331","4555","3084","3740","3543","3305","3621","1947","2986","2424","2999","3802","3889","2790","3317","3304","2973","3113","3017","3177","2897","2865","2804","2940","3852"
"2.10_860.61","9112","8089","7485","5765","8506","5718","8322","8570","7258","6090","8350","14588","7230","12160","6326","5994","10859","7974","7061","3612","8236","11604","9767","7608","6260","5814","7273","7698","6997","6965","9212","8056","15378","4057","8811","7714","4856","8115","11912","9515","7875","9609","9316","7098","8833","11701","17592","4404","7339"
"1.98_818.59","3136","3567","3274","1864","3419","2032","2910","2602","4929","1503","3946","3312","2721","3184","3356","3190","4672","2993","4320","2694","3523","4688","2765","3765","2842","4138","2365","3878","1868","3715","4632","3368","4742","2647","3337","3590","2625","3912","3374","3576","3602","3054","3610","4739","3055","4618","2538","2556","2790"
"1.30_725.52","13354","9905","9491","7196","9499","3586","7773","11750","7627","13488","11208","12143","11307","13631","6454","10809","4409","10648","8093","7449","7132","12173","6411","9177","7296","7357","4997","5537","5442","5779","5434","5361","7234","18411","7044","7578","10776","4837","8038","7561","7513","5789","6451","8188","6822","8038","5840","8495","7425"
"2.93_740.65","15518","21008","20026","13977","25833","20235","22529","40696","21192","12623","20232","30820","18061","28676","16305","23001","25299","20843","25343","30808","23923","20571","40615","20907","25094","18427","20370","25902","19387","14070","29136","19954","35228","15672","34980","23306","20053","19797","20134","24548","18275","24982","20540","21578","22307","24266","29260","18203","26004"
"3.17_1368.38","6793","2433","377","895","1416","7650","1809","1091","1605","823","18110","2017","998","1004","1028","1721","1005","1502","885","1542","2003","1326","10331","994","9916","256","1079","1355","401","1054","1621","2944","557","1865","3021","540","875","2356","1577","964","76197","2684","1298","1697","4185","2289","2590","1128","1833"
"3.36_935.81","1105","1863","1666","1211","2734","3070","2116","1900","3080","677","1793","3102","2563","2086","1513","2315","3099","1672","3509","1502","1862","1088","6523","2683","2412","2462","2139","2588","1923","2095","3066","1164","4198","1206","2854","2408","2678","1853","3055","2896","2099","2249","3162","2174","2965","3018","5188","1397","4345"
"2.52_715.61","2023","1957","2511","1452","2701","2912","2528","2351","2684","2038","2429","2701","3166","2519","2392","2069","2942","1939","2981","3586","3133","2407","4979","2186","2817","2216","2879","3545","2561","2915","3352","2671","4445","1616","3542","2589","3057","2175","3087","3739","3014","3259","2252","2658","3183","2910","3183","2468","2915"
"1.23_790.56","2547","2675","2750","1530","4019","2656","2927","3329","2160","1929","2863","4669","1559","2979","2208","3152","3480","1800","3024","4280","3244","2753","4112","1774","2343","2867","2668","3273","2506","3283","3467","2301","4353","2683","3614","4880","3536","2778","2840","4150","2901","2837","2496","2743","3162","3553","3850","2193","2588"
"2.22_1535.17","7684","17199","9346","6141","12191","4737","8464","10984","8030","3161","6747","9958","7332","16263","9135","9074","12635","5040","15398","8781","8907","18456","3313","6749","6693","6882","8777","7699","10403","8414","10150","7882","7862","6943","20418","8599","5257","11590","5972","10370","9346","6663","6569","9054","10227","7872","5736","6932","7471"
"2.19_603.53","4474","13120","4417","1967","5946","2573","3283","3675","4812","2452","4976","5391","9670","5039","4832","5244","3393","4060","3803","5649","4089","5724","2886","3566","7033","5024","3685","3207","2466","2624","4183","2012","4145","4739","4526","3266","9882","3880","2268","5028","4091","3258","3548","3039","3910","4484","10975","3182","3244"
"1.41_744.51","2749","2883","1749","2005","3615","1681","2061","2476","2256","1630","1256","2714","1027","2373","2524","2571","6342","1521","2994","3779","2703","1380","5408","3143","2187","3718","3186","3260","2222","2174","2496","3612","4177","1587","4145","4471","2301","3336","2599","4564","2328","5289","2187","2273","3968","4655","3406","1448","3505"
"1.05_692.45","3521","3676","4995","3279","3015","2197","4007","7421","3100","3250","3276","6414","1303","3492","3008","2776","4389","2399","3149","3579","4111","1538","5901","3801","3251","4963","4774","4673","3879","3797","3947","4013","8397","4641","3898","6687","2494","4582","4160","4976","4405","5306","3936","4011","4219","6127","5914","2562","5452"
"3.29_913.76","3907","3478","3041","3353","5099","3966","3658","3266","5630","2767","3678","6506","3005","3947","3038","3847","6408","2506","5523","4116","3401","3301","7494","4424","3272","3793","4474","3757","2468","3361","5310","3761","7655","2876","5240","3003","3443","3964","6452","6827","3485","3983","4791","2683","6805","5558","13208","2686","5567"
"2.37_603.53","2197","1635","2123","1646","3312","4741","1439","2001","2071","1243","2143","1947","9671","2640","1992","3185","5346","2560","1855","2772","2745","6461","2805","2183","2781","1579","1743","1783","2292","1784","3172","3906","2583","2004","3052","2956","3031","3600","1950","3481","2663","2434","1736","1701","3647","1540","1697","1969","2425"
"3.39_972.77","15272","21393","10053","13495","16416","12151","25316","16775","17752","7826","25391","25333","11158","37890","7305","14252","38199","17650","28854","9470","14386","13677","42044","23204","23466","17126","14161","20367","19798","17182","47223","15005","67431","6907","22922","36334","7448","14601","37979","23488","15735","29567","33303","16003","19431","44725","54589","14443","36343"
"3.12_848.69","14633","15915","11122","15881","6921","4882","16524","8064","5841","14553","10338","9147","11481","19143","9927","9977","15270","11995","12505","10240","16871","11580","9345","21081","11995","12600","17689","20261","13343","6538","17376","19767","28198","7304","11135","25468","4203","15997","26335","15546","14005","25497","11277","17680","16304","27706","9425","10151","11755"
"1.52_621.46","3711","2891","3261","1736","2384","2614","2279","2971","3719","1552","2850","2960","2285","3133","2673","2670","3229","1972","2512","3423","3761","3022","3647","3495","3666","3579","3155","4293","2587","3680","2450","3297","4828","4522","4571","2979","2475","3079","3836","4160","3271","5351","2641","1937","4392","3925","4070","2327","3880"
"0.65_328.32","3159","2095","2066","2708","2575","1498","1767","1125","1569","2015","1984","1619","1477","6056","2302","2053","2243","2673","13983","3580","2105","3275","2416","5794","2520","2058","1401","3140","65077","2529","4025","2393","1864","1833","1666","2005","7145","16169","1728","2163","2844","1714","17082","1481","1271","1304","3058","1446","1330"
"1.08_719.53","6185","4801","4492","4796","4625","5071","3688","6746","4779","5894","8483","7031","6366","4463","4094","5460","5832","4587","5016","4429","4765","4873","7046","5559","6379","5987","5039","4280","4849","4874","6706","6954","8964","6424","4022","5726","5317","4819","6039","5806","5886","5666","5103","4034","6568","6628","7642","4894","6382"
"2.07_125.00","27665","37179","30858","18237","35141","26138","23151","28503","33092","9782","36608","35173","31682","34058","31070","29482","34228","25602","35847","36459","34664","46145","29945","31665","33496","28241","29701","31025","21284","32441","33319","32117","35185","34081","44562","34333","33992","32915","29127","38448","26117","25421","28133","33346","32227","33327","26253","24153","30303"
"3.46_920.75","3344","7370","4008","1954","7510","2299","5436","3626","6163","2859","4301","11403","2411","7250","3571","3073","6102","2568","4255","2745","2295","3765","8840","3284","2855","5093","3286","2840","2706","1921","2848","2497","5719","2125","6474","2379","4056","5373","5413","4384","2409","2559","3868","1739","6839","4287","10070","2437","6961"
"3.42_873.74","1678","3619","1825","2561","4387","2898","4647","3523","4090","2330","2815","4668","2352","4529","2222","2410","5837","3016","6485","3891","3037","3676","12812","3371","3398","3361","2997","3486","2840","2486","6850","2922","8783","2211","4447","4055","2374","3630","3984","4939","2790","4536","4797","2926","4467","4393","9291","1708","5805"
"3.30_1442.40","4484","1852","877","1121","1051","4273","1084","704","999","2388","10820","929","869","1695","722","1087","838","622","2844","960","1320","803","7916","731","6504","465","710","724","639","757","793","1406","655","1066","1471","875","602","1768","1040","629","51903","1431","921","1302","2717","1231","1705","746","1327"
"1.83_812.68","3288","3358","3121","2763","4039","4753","3435","3097","4505","2839","3414","3631","4183","3807","3620","3978","5818","3032","3957","6431","5492","4042","10578","5286","6801","4320","5039","6417","5271","4447","7405","5328","8139","4034","4432","3980","3810","4525","4668","6700","5321","7516","6443","4617","6455","6513","8473","4740","6608"
"3.70_892.80","4869","5514","4297","4073","7665","7562","6971","7577","8682","2979","7633","7097","4632","9078","2589","6746","14064","6214","10903","7039","6643","5023","33118","8948","12145","9418","7493","7832","8818","7389","19760","4463","16882","5250","8760","8620","6740","6099","11210","10146","5483","8233","12247","9364","8392","12881","18959","6644","17424"
"1.73_750.62","1713","2461","1175","2066","2387","3399","2762","2208","5890","693","2055","2462","2450","2240","1306","2888","6047","1260","2887","2402","2912","2026","10080","3849","3182","3204","3787","2774","2581","2745","4098","2160","7874","1324","3026","3013","2950","2780","5018","4299","2240","3546","5323","2429","3690","4170","8571","2125","4225"
"1.97_633.51","3166","3212","1979","2797","4006","3603","3629","3469","7420","1317","3040","4997","2575","4126","2298","2823","6044","2305","5615","4514","3636","3431","7840","4387","3930","3732","3643","3598","3548","3816","5899","3007","6779","2391","5065","3235","4450","4063","5363","5684","3431","3858","5439","3067","4665","4045","7695","2714","4715"
"3.26_658.65","3229","3746","2461","2303","3447","2489","2775","3359","3592","1130","3539","4424","3503","3400","3086","4154","4644","2910","3954","2815","3649","3896","3198","3506","3697","3170","2928","4282","2653","4767","2814","4518","3282","3918","4131","3320","3004","3767","3589","3726","3149","2670","2424","3684","5127","3843","3450","3820","3585"
"2.43_796.68","5322","6437","7053","3942","10654","7916","5600","10839","5979","8703","6494","11135","11404","9399","6500","11137","8142","8659","7613","10790","7577","8078","20085","7641","9765","6122","4659","7448","7019","5525","11383","8802","14611","9293","10768","10023","10625","6662","9691","8302","6567","10384","7500","6847","9058","9020","14503","8243","8344"
"1.98_829.61","3904","4460","3354","1863","4844","2743","3850","4127","5074","2295","3836","4352","4010","4318","3319","3708","7597","3281","6111","4817","4596","4496","5848","4333","4044","4905","4853","5531","4286","5591","4874","4565","5785","2937","7130","5813","4062","4625","4162","5186","3627","4336","4805","3868","4468","5079","4606","3609","4324"
"2.13_603.53","8158","13485","7264","7764","14068","7307","10639","6296","12230","5961","12010","15265","7179","10728","9829","8272","12488","5804","11223","15991","11862","11919","9704","9091","7993","11938","10247","8147","7980","9150","9950","10089","12167","7582","13123","10262","10004","11605","9999","11546","11283","7222","7507","10445","13312","10908","10715","7901","9234"
"2.47_520.47","5652","4786","3201","4340","2870","3685","4026","5743","3843","4226","3938","5836","6763","4679","3522","6329","4422","7341","3637","3454","4239","3896","2582","4189","6571","4143","2796","4083","2630","3695","3341","4252","4202","5820","1805","3072","3158","2480","3824","4541","4334","4225","4327","3554","5411","3891","3340","8772","3770"
"0.52_572.44","2479","3001","1817","3200","1873","1903","2354","1598","2646","2981","2397","1570","1910","3575","2390","2494","1834","1823","2477","3582","3013","2347","2349","2420","3567","2767","1778","2468","106724","2157","1740","1987","2212","2232","3033","4004","2307","2657","2247","1838","5414","2256","1619","2567","2429","1406","1555","2668","3028"
"3.23_973.86","4997","7160","2805","5167","6340","4843","6434","4222","6025","4378","6853","10708","2955","5119","5340","3088","6552","4847","8283","5168","5227","3978","4793","4395","3310","4823","4338","4872","3977","3860","6112","6241","9675","3740","7421","2299","4508","5869","5687","7918","4928","5002","5963","3407","6571","5878","13364","3022","5637"
"3.05_953.60","4967","4091","4458","4031","4107","4463","3792","4380","4400","3563","3843","4407","3847","3955","4279","4329","4294","4095","3932","4999","3995","3767","4045","4066","4074","4562","4406","3986","4063","4210","4243","4339","3924","4680","4098","4563","4119","4612","4298","3898","4198","4729","4719","3974","3918","4435","4730","4206","4101"
"1.20_694.52","4334","3081","2140","1869","2722","2561","2352","2963","2487","2461","3775","4023","1773","3158","2191","2450","2558","1702","2174","1834","2538","2809","3929","3360","2012","2709","2440","3810","2028","2592","2740","2819","6644","2623","2717","2620","2398","2333","3046","3919","2542","3554","2754","2329","2280","3762","4376","1559","2340"
"1.72_776.23","30974","9415","10495","6281","11111","25875","9640","7469","7714","9696","86579","6920","4630","14183","6269","11020","4013","5831","10104","8143","14514","10419","53757","8062","71820","18213","5008","8124","14442","6571","6485","9635","18733","12653","9786","20277","3746","12827","11267","4894","481635","15886","8659","8117","23103","12367","18816","7213","13424"
"3.54_617.51","1558","1668","1426","1280","2255","1448","2198","1951","2349","942","1471","2177","1633","2193","959","1720","3128","1466","2807","1729","2102","2119","9001","2714","3364","2492","2643","2717","2202","1572","4106","1391","4328","1141","2609","2640","1582","1491","3287","2954","1787","1911","3982","2518","2493","2929","4948","2249","3533"
"3.39_916.78","3782","6158","3026","4276","6316","5279","5931","5145","6341","2557","2259","8402","4474","5886","3813","4277","10349","2995","7397","5468","4796","4935","14979","5108","5847","5357","5394","5313","4843","5536","10530","4207","11187","3989","7235","4192","4761","5212","6857","7677","4328","6266","8764","4176","8041","6164","14299","5273","7688"
"1.39_628.20","27178","9988","12634","5046","10669","24379","10027","7427","9329","8718","72149","9862","5220","16738","5669","10166","5241","4649","10114","8151","14534","9021","63422","7732","68096","20472","6551","7905","14833","5562","8247","9577","21289","11183","10816","17975","5596","15191","9940","5337","358600","17051","9899","10229","25621","10805","17597","5428","11067"
"2.38_765.57","3276","4645","4398","2325","4804","3932","4196","3840","3557","1827","4230","4635","4192","3849","3605","2468","2834","3658","3236","4794","3668","3558","4042","3929","3840","3026","3450","4896","3121","4180","3970","3687","4122","4852","3781","3298","3775","4974","4265","4343","3091","2841","4023","4209","4058","3531","3363","3332","3760"
"3.12_769.69","1554","1831","1648","1559","1605","2076","1733","2293","3045","999","823","2733","1914","2774","1400","2076","5917","953","4008","2601","2147","2585","6591","5547","2090","3896","2616","5192","1988","1462","4564","2298","7623","1900","2437","5136","1430","2763","4888","4018","2176","3257","3530","2717","2730","6080","3535","2213","3356"
"3.53_948.86","4587","5261","4974","6340","8937","8244","8698","12994","7561","2577","4379","8810","6175","9896","4785","10683","17655","6971","9068","6900","6940","5403","40360","8710","13299","6719","6293","9872","11307","5566","18471","5455","13218","4617","10632","10692","6948","6489","8774","10877","6660","13139","10736","7470","10541","10330","22688","7176","24997"
"2.81_791.69","3492","3749","4880","2882","6163","4598","3309","3899","4810","1665","4833","5233","5094","3831","3414","3297","4727","3064","5114","4169","5148","6340","3069","3610","5003","4972","4664","5553","3396","3453","4836","3434","4664","5018","4763","5189","4423","4958","3537","5771","4013","3315","4410","4161","4956","3323","3754","3393","4601"
"2.03_543.31","4253","4551","3822","3223","4006","3580","3694","4276","4306","1770","4045","3896","4211","3706","3658","3705","4058","3889","4450","4277","3969","4027","3518","4155","4220","3705","3833","3669","3736","3775","3795","4025","3360","3881","4561","3955","3469","3463","3468","4095","3706","3467","3672","3798","4486","4085","3133","3922","3952"
"1.41_774.56","2657","3476","2903","1882","4016","2764","2825","3105","3065","1421","4244","3674","1372","3119","2227","2915","3501","1844","2738","4434","3847","2894","5579","3526","2616","3633","3314","4011","1908","2495","2989","2472","5528","2507","5004","2601","4111","2914","3023","4651","2242","3290","3058","2125","3866","3515","4509","1794","4035"
"1.26_664.45","16726","14054","13557","8474","15200","6088","10352","16023","8925","11629","10069","20703","6311","14858","9815","10413","15315","8008","8265","7263","11784","11850","24517","15698","8749","14593","11314","14749","11588","12754","14121","13634","24852","13769","19564","12595","13549","14369","14264","18234","11771","15446","14030","12083","10823","17298","15483","4970","14923"
"0.43_163.08","2278","1184","794","1683","1857","1939","1534","1074","1554","1202","1593","1210","1106","1853","1537","1245","1928","1967","4436","2250","1915","2222","2466","1909","3191","2352","2168","4985","6722","3073","2579","29733","11014","2037","2262","2285","1340","3604","3127","1974","2371","1271","1801","2253","1764","1904","1331","2303","896"
"2.93_881.62","2980","3477","4414","2530","3972","3575","3185","4154","2676","1753","3639","3203","3655","3970","4046","3448","4350","2605","3438","4090","3673","4876","3212","3532","3740","3492","4357","4564","3227","3184","4706","3334","3582","3679","4207","3842","3126","3902","3391","4170","3192","3324","3029","3355","4110","3560","2901","3525","3553"
"1.56_704.21","21535","7159","8523","4912","7786","15282","6465","4932","5611","6148","53856","5188","3318","8482","4855","7901","2705","3725","6991","5674","11065","7321","42993","5654","45162","12941","3992","4822","10129","4377","4941","6770","11492","8608","7048","12561","3222","8301","7114","3828","229076","11141","6359","6500","14477","7644","12767","4474","8838"
"2.46_797.65","8154","17360","8472","5719","11148","8594","10357","8279","9401","2718","10825","11329","11484","15740","9854","4724","8703","6230","10413","11911","9733","14703","6786","9996","8162","10136","11040","11762","7534","8714","10089","9120","12935","10363","16503","10864","10028","12734","9659","11339","7753","6024","9097","13455","12841","8464","6824","6709","8963"
"3.49_920.75","4094","8399","3593","4150","6935","2200","6154","3894","6134","3761","5582","11270","2943","7475","4077","3520","6115","3657","4791","2717","2705","3720","10649","3159","1956","7437","3925","3368","2792","2373","3954","2118","6672","2689","6862","2328","3876","4574","5322","5086","2411","4308","4436","2736","6644","3791","13189","1508","7081"
"2.35_798.54","4910","6830","6779","4369","6372","3849","6904","6853","6245","2317","5687","6646","5483","6698","5957","8281","7801","4560","6939","5982","7057","6705","7462","5839","5319","6885","7018","7141","5795","5539","6883","6627","6935","5921","7115","6834","6529","6381","5622","6765","5093","6554","5774","6199","6586","6930","6486","5008","6249"
"3.22_1000.85","3377","4445","1881","2822","4188","6486","4223","4088","10497","2749","3783","5063","4471","3710","3703","5724","6449","3187","7759","3584","4205","4947","19443","6195","5318","5185","5955","4971","4166","4962","6649","3202","7905","2644","5951","3445","5782","4096","8850","8915","4456","4954","9441","4190","6168","6196","12399","4960","7490"
"3.06_674.65","3497","4554","2951","3246","3594","2728","3535","3027","4020","964","3442","6481","4801","3154","3473","3405","4295","2775","4124","3101","3802","4598","2171","3540","4157","2714","3558","3196","1585","4502","3024","4420","3951","2968","3856","2674","3087","3709","3672","3984","3442","3373","2648","3954","5144","3826","2566","5576","3959"
"2.35_383.33","8334","5569","6794","5408","10038","9342","9064","7174","8110","9699","7267","8982","9857","9300","5572","7680","9951","8081","9690","12523","11287","7304","20185","9107","12221","8394","8595","9663","8733","6197","13078","7971","16370","6623","6665","8466","9015","7898","10144","11048","10307","11795","11270","8288","11133","11925","15929","8748","9142"
"2.33_737.58","14888","20372","16895","12652","18482","14622","14422","17463","20579","6978","19571","18881","13325","18613","17007","21906","24264","13988","20375","17511","19276","20486","16945","18366","12526","18259","19374","18172","11885","18684","20888","18897","22260","15789","20742","17136","18877","17209","15758","20909","17145","17665","15220","18892","21846","15903","20994","14977","19405"
"0.20_179.06","3173","5421","6265","1101","8544","946","6413","12829","893","3665","1905","4184","3885","5097","928","2795","728","4230","1980","7759","1873","4707","756","854","2097","2199","1509","2443","294","540","1106","1145","1212","14395","13936","1592","3549","645","2106","631","1585","1388","1325","1177","1068","1882","1860","936","3592"
"0.77_270.32","7566","12252","3058","5417","7916","8842","13309","2422","4064","13322","5833","22076","14113","10524","14067","1925","2228","7745","16773","4553","12564","9093","12952","13502","8987","13352","5184","4138","8723","2738","12957","5125","32544","11711","10000","73101","8041","152190","11579","10874","6510","4865","6250","26891","13381","2773","4123","4827","45592"
"3.13_768.69","1129","3394","2208","4146","5077","4333","1786","2317","7207","4344","4382","3981","1929","603","3984","3680","10942","3657","7611","839","543","4100","11704","8941","6427","7695","5398","7926","4906","2242","430","7047","14841","1849","2411","11019","3383","502","8338","7712","4392","6563","6204","2983","4010","10675","8076","4503","5385"
"4.24_579.53","2296","4778","8395","3358","11172","8140","5606","15638","11906","1981","15281","8449","3042","13993","3829","5684","6412","7143","16633","3195","4547","4073","9849","3686","4852","4910","4054","10595","5821","7650","10773","3105","6095","2406","34242","6472","3929","3750","5929","4124","4068","5546","3686","5966","4634","7804","7474","2178","14763"
"0.19_172.99","28436","5278","13358","1048","2715","1441","2333","10402","1224","11967","5072","14040","23193","5985","1633","15790","1400","12051","1661","1871","1863","35682","1409","1471","1081","1697","2446","1580","480","1376","1892","1030","2110","14689","2813","3178","17009","723","2104","1736","4108","1289","1317","2091","1582","1182","1307","1931","1535"
"3.54_890.78","12396","12239","7868","8892","15021","12609","16496","13393","17460","5330","10737","17487","12050","18107","8636","13127","29136","14585","23436","13194","12654","11419","66380","16690","23676","17268","10547","16209","17569","10731","36790","11513","33864","8337","16628","17464","10963","13659","20485","21353","16061","17368","24768","13653","19274","22142","43730","18978","30775"
"1.76_656.56","4946","3756","5944","3636","5936","4172","4723","7447","3448","6342","4579","7651","6560","7607","2756","6560","4652","5257","4292","5999","5252","5704","15871","7121","6838","7347","4259","5429","6637","3634","9307","5258","12169","6270","5624","5704","7451","5885","8076","7897","6179","8308","9638","5779","7352","8817","11989","4551","9123"
"3.31_279.23","2092","2262","2898","2009","3357","2108","3024","3201","2981","1922","2542","3596","3053","3620","2359","5396","4631","2303","4488","3947","4089","3197","9255","3274","4975","2965","2450","4519","3525","2257","5923","2873","4281","2089","4058","4447","3191","3169","3672","4458","3276","4635","3991","3301","3874","4281","4298","4667","3846"
"3.07_709.72","3158","3501","3638","2657","3528","3777","3899","3793","3123","1675","4189","3886","3649","5489","3683","4647","4959","3905","3889","3438","4125","3785","1967","3365","4235","3538","3420","4280","3034","4538","3721","3803","4034","4144","4976","3060","3029","3717","2880","4609","3126","3628","3186","2985","4324","2614","2996","4132","2988"
"2.19_717.64","1831","3977","2438","1976","3039","2066","2517","2979","3337","888","3156","3332","3687","3566","3100","1494","2725","2257","2617","4283","2652","3936","2737","2754","3124","2969","3157","4311","1341","2879","3110","3318","3693","4173","4141","3906","2646","3570","2518","4209","2547","2050","2470","3301","3488","2642","2168","2783","2480"
"1.50_749.55","12838","12932","9731","7984","10519","10626","10941","12669","10672","8657","10469","10908","11822","11501","9266","10590","10090","9075","8060","12489","11094","11271","10420","10831","15369","9353","9067","8849","9819","9850","9007","10212","16931","11286","8887","10339","10980","11100","12766","10883","10285","11986","11239","12191","10341","14555","15066","9547","9320"
"1.61_656.51","14172","11268","12892","4212","15617","4057","7507","26669","4346","7566","14320","42411","10479","26132","4883","11724","5849","12665","6103","4172","4596","10943","17338","7536","9960","5404","3554","3923","4040","4603","8193","5724","12798","12898","22351","5044","14211","6173","7636","8569","4964","6934","5034","3926","8171","6636","17076","3845","7911"
"3.28_958.84","4329","6193","3212","5365","5642","5029","5580","4972","5954","3916","4281","8125","3864","6723","3644","3792","7968","3631","6019","6160","4082","3708","6764","3814","4538","4973","4391","3882","4723","4168","6781","4851","10814","3350","7434","3666","5330","5727","6379","6869","4971","5922","7098","3560","7768","6302","13747","3921","6377"
"1.76_429.37","4571","6146","3287","2816","7507","3885","3458","2991","5606","2448","5560","3581","5211","4617","4841","7825","4678","3665","7961","4283","5399","5666","3617","4819","5344","6023","4968","7924","3311","4055","3919","4422","5582","5053","5448","6128","5085","4793","3075","3424","3540","4617","3625","5456","4840","4757","4696","3943","3095"
"3.60_728.69","1778","2296","1990","1775","2663","2580","2638","2554","2782","1734","2564","2185","2704","2774","1855","3255","3144","2170","3155","3248","3118","1834","7803","2940","2753","2290","2457","2790","2330","1841","4691","2701","5114","2142","2882","2481","2685","2618","3942","3649","2718","3881","2767","2274","3079","3615","4749","3291","3222"
"1.33_706.50","7924","7150","5942","5466","8186","4869","5972","8268","8764","4707","6441","7617","3603","6896","7244","8930","7478","5045","7287","6375","7009","7575","7839","6882","6565","9123","7349","7358","6627","6147","5662","6208","12320","7538","9163","9546","7043","6024","7277","9184","7268","7792","7187","9328","6208","8667","7720","3973","8810"
"3.77_950.80","4822","14005","5995","7352","9017","3570","7389","5687","10497","2723","10003","10141","3384","12698","4213","6297","5826","3537","12382","3790","4254","10628","16730","6096","4428","12178","7604","5221","4064","4887","5498","2485","6420","3680","9859","3325","5859","3944","8941","6917","2769","4096","8411","6406","5314","5750","11021","3251","10142"
"3.42_846.73","1576","2469","1585","2044","3325","2738","3099","3470","2836","1377","1937","4044","2356","2998","1576","3068","4292","2462","2708","2633","2298","1791","9173","2060","2348","2436","1954","2865","3203","2053","3744","2413","4710","1494","3744","2446","2033","2830","3379","3859","2971","3282","2834","2448","3360","3002","7150","2253","6154"
"2.35_761.54","13244","32760","20914","14409","30446","5117","22776","22852","25569","462","22119","30238","1236","34034","24808","36290","42849","8804","36321","29258","29114","38177","34926","23032","15277","28129","14715","33775","21016","20045","34249","24551","28276","11828","33387","35000","23088","31846","24100","36975","11236","27384","20511","25586","30090","30122","22588","17725","32005"
"3.41_973.77","9444","13149","6436","8282","9406","8028","15971","10759","10472","4924","15187","15156","6770","23963","4533","8659","22629","10681","17795","5470","8831","9074","24247","14754","14744","12094","11550","12047","12637","10248","30263","9835","43264","4451","14359","21977","3952","9133","22361","14560","9254","17899","19301","9614","10614","25406","33745","9085","21897"
"2.84_895.63","3982","3831","4070","4568","5045","5760","4533","4435","4031","3307","4644","4621","4652","3951","3972","3919","4168","4175","4471","2725","3399","4827","3366","4015","3833","4468","3769","4363","3553","4836","4878","5215","3944","2635","3478","3050","4312","4217","4475","3992","2332","2690","5191","4371","3167","3483","4932","4185","3818"
"2.03_545.30","3089","3452","2540","2637","3711","2692","2488","3078","3500","2010","3148","3422","3451","2847","3062","2778","3024","3601","3533","4003","3212","3609","3440","2870","3677","2716","3592","2866","2938","2920","2666","3927","2888","2866","3882","3121","3406","2820","2857","3667","3513","2744","3015","3147","3106","3313","2197","3523","2619"
"1.32_355.32","11994","13522","14422","11235","10438","7517","9346","11618","9726","10324","8508","9584","8404","8631","10054","10946","9829","6989","8496","10341","8201","12498","10537","10654","9534","10431","9468","9455","10349","9518","11588","11546","13439","16459","13376","11343","15370","18409","13414","13354","7554","7239","8244","9698","7329","8952","8110","8490","10071"
"2.28_714.60","7503","4848","5582","3114","8047","7665","8898","7667","5161","7730","5612","9228","3623","7042","5783","7478","8374","5344","8141","14585","11174","7478","12810","7965","10648","7817","9357","6862","7740","5151","8627","8531","8287","5448","5357","5169","8474","6231","6259","11957","8585","6281","7172","6895","8109","7537","7328","9178","7169"
"2.34_762.54","556","905","2894","845","6063","589","878","380","713","342","2537","657","932","2654","2600","11356","8327","840","9577","4077","2635","5457","5867","1316","647","3036","3297","0","2231","2206","4456","617","7063","542","6563","3222","547","5567","2921","5874","0","5259","1393","2585","3029","3108","2740","1271","672"
"2.25_847.65","4918","4351","4065","4699","5084","4504","5532","3921","4265","4103","5024","3886","6379","3583","4151","3059","3031","3208","3189","4128","5231","4826","3237","4787","4908","3886","3731","3631","3265","2884","4305","4306","4447","4926","3592","3408","4452","3768","4057","3773","5050","3117","3185","3689","3267","4045","4131","3931","3886"
"0.53_440.36","2489","2889","1551","2459","2066","1282","2762","1756","1704","3140","2146","2248","1848","3718","1827","2117","1957","2042","2161","3764","3034","3103","2008","3043","3614","2748","1965","1962","107415","2326","1492","1445","2371","2552","2724","4401","2356","1918","1454","1816","7764","2293","1356","2023","2179","2133","1498","2842","1947"
"0.51_398.33","4294","5035","2685","1914","2968","2449","2204","5505","2626","2713","2834","2988","3746","5438","2774","3819","5494","2868","5660","3856","3116","7796","2383","2537","3060","3068","2713","3441","3325","2404","3824","3164","6044","7234","4064","3081","4599","5691","4429","3585","2856","2714","3826","4132","4388","3325","2948","3537","3629"
"2.32_1534.23","2971","3739","3693","2602","4611","3457","3553","3583","3746","1393","4354","4771","4842","4467","3868","2675","3111","2870","1963","5253","3649","3909","2589","3867","3454","2454","3240","3835","2590","4059","3779","3746","4076","5126","3489","3412","3779","4318","3777","3869","1265","2858","3122","3727","3895","3427","3716","2761","3379"
"2.36_696.59","2273","2101","2630","1999","2512","3998","2429","2256","3312","3175","3316","2751","3691","2696","1818","2359","2512","2458","2875","2952","2580","2497","5569","2692","4626","2521","2408","3309","2978","2361","2898","2715","3687","2389","1995","1600","2712","2203","2971","2962","3164","3516","3864","2064","3730","2959","3947","2906","2538"
"3.46_898.75","2795","3831","1643","2128","4214","4128","4985","3322","5494","1503","2819","5290","2647","3654","2343","3527","4841","2367","6644","3789","3291","3440","11194","4128","4286","3762","4772","3671","2794","3414","4387","2873","5905","2116","4578","2789","4256","3557","5079","7150","2550","3574","5384","2583","4580","4972","8068","2937","5853"
"2.79_816.75","2957","3227","1907","2220","3060","2657","2360","2903","2604","1061","2540","3747","3351","3829","2640","1783","3400","2496","3217","2986","3380","3790","4116","3282","3425","3543","2737","5230","2479","4155","3371","3326","2622","3251","3692","2791","3276","3191","2942","3785","3184","2390","3512","3671","3552","3715","2057","4152","3300"
"2.67_822.70","7279","13245","11574","4923","12667","5913","7008","8570","8406","6863","7824","8914","6747","12913","4154","5608","10208","5126","10935","11823","7811","9878","9810","10035","7663","6750","7482","11072","9304","5974","13570","6274","11719","6158","14878","8171","7954","10453","8535","8002","5901","7101","8937","10791","11012","9277","8215","7159","7318"
"1.52_804.57","7272","8228","4635","4304","6928","3551","5944","5753","7638","3188","6451","6168","3576","7586","7888","5654","5544","3457","5646","8416","7005","6094","9053","8572","7214","7010","5802","10244","4601","6116","5471","4850","8916","6905","10820","7245","4504","4860","7741","10526","6894","9177","5776","6146","9136","8901","7688","4927","5992"
"3.44_914.78","3284","4907","2559","2577","4138","4020","3853","3279","6604","2604","3928","6798","3381","3924","3566","3041","5979","2712","9243","3055","4753","4130","13947","5472","3548","4493","5184","3648","3496","4338","5213","3282","8348","1873","5878","3460","3674","3995","7379","8157","3558","3909","6856","4089","5113","5021","10762","3723","5452"
"3.52_919.81","3669","3389","2461","2819","3327","4096","3470","3682","5161","1461","2555","3821","2794","3710","2656","3224","4600","3248","5692","2551","3297","3042","10733","3560","5297","3837","3772","3464","4091","2939","6279","2503","6269","1583","4109","4332","3176","3134","4174","4648","2088","2953","4585","3635","3422","4637","6025","4211","4960"
"0.42_509.33","3328","3124","2653","1535","2777","3183","2169","4006","3310","1910","3008","3331","2184","3271","2741","2596","2929","2748","1838","3027","3577","2983","3840","3096","4136","3100","3692","3046","1844","3026","3367","3217","5991","4471","3670","2779","2727","2438","3404","4086","2204","4368","3229","2131","3780","4739","3945","1928","3298"
"2.78_800.66","2922","10582","5572","2987","7280","3368","5948","4445","5615","1450","5732","6340","896","7292","4493","5563","7854","2793","10438","2325","5613","8041","0","5540","6186","6098","5266","7410","503","10076","4644","4983","4969","5159","10346","7709","4575","5905","4553","8467","5905","1945","5178","6075","4688","6315","2371","2885","6730"
"3.83_547.47","2010","2907","4001","3214","4515","1953","2367","4082","2482","1354","1458","3429","1092","4412","2254","2734","4762","2315","3250","2392","2663","2233","3834","1768","1510","2495","2524","3142","2397","2242","3244","2148","4114","906","12148","3983","2468","3024","2249","1709","1241","2608","2109","2385","2592","4200","3980","1071","6272"
"3.13_774.68","2686","6360","5236","3885","6511","3230","5092","2401","5304","2920","4527","6325","2177","7133","2577","1681","2836","2121","5291","4336","4983","4575","2116","6109","1630","3080","4582","6548","3741","5274","6153","3780","7558","2179","9182","4402","3824","6221","3853","2984","2596","3379","3146","6040","6561","5023","4380","1895","3118"
"2.48_796.68","8112","11143","10866","5962","12208","7588","7681","10913","7778","8049","10914","11107","10153","12439","8500","12211","11475","8451","9274","13059","9128","11412","18612","10671","9191","7836","7618","9524","6727","6443","13120","8618","14541","9204","13852","10046","10496","10317","10877","11388","7712","12084","9787","11853","11695","10701","14470","8423","10568"
"2.15_829.68","4457","4021","3929","3045","5558","5819","3929","4291","7634","2447","5877","5783","4220","6099","3788","4917","7825","3188","5049","6948","7721","4128","10216","7360","7267","8488","7340","7536","4803","7241","9240","9073","10430","4228","5624","5526","4386","5910","7779","7377","7676","9374","6735","5451","10057","11145","9967","6582","8555"
"2.82_1331.20","3543","4400","3676","1510","4704","3013","4057","3764","2185","2943","4768","5554","4604","4505","3991","4522","3858","2737","4081","4403","3097","5340","3121","3352","2891","2008","2156","2982","1703","1399","4954","2930","3284","3466","4197","3392","4403","3286","2766","2888","2768","3230","2603","3775","3236","2589","3681","2948","2354"
"1.39_371.10","7549","2564","3576","2099","3013","6556","2877","2323","2826","3026","14459","3190","2086","4625","1921","3188","1608","1461","2478","2064","4156","2675","15355","2072","13785","6030","2100","2674","3632","1852","2311","2514","6158","3646","2493","5039","2241","4288","3201","1742","104219","5183","3148","2646","7466","2818","5133","2266","3637"
"3.01_878.74","2949","4008","3712","3237","4772","3876","3857","5713","4246","2939","2215","4577","3459","4287","2494","4335","8733","3370","4891","3861","3086","2887","15628","3593","3921","3932","3736","4356","3776","2701","5891","4112","7134","2559","8054","4156","3407","4906","4251","4617","3850","5591","4843","4287","5737","5315","8757","3089","7188"
"2.52_550.68","2777","882","938","1930","2112","15977","1844","3617","2357","761","15310","1414","1874","4162","2621","2308","1156","7491","1521","1384","1956","2375","2807","1980","1879","1185","1385","1376","701","1621","1054","11711","918","31963","1064","769","2105","1488","1601","1588","2509","7604","1271","1566","3695","4709","855","1508","1015"
"3.98_876.85","2771","6941","2053","2591","4159","2720","4482","3217","3189","1814","3768","10360","2403","7322","2019","3831","10341","2491","7514","3280","2120","2122","4572","2377","3239","3097","2815","2973","3174","3439","9285","2724","16521","2421","12209","1840","2216","1663","4066","5069","2430","2310","2928","2768","5033","4563","13950","2536","4567"
"3.01_879.75","1778","2223","2505","2464","3073","3113","2568","3785","2118","1235","1506","3148","2573","3022","1685","3372","5313","2507","3544","3113","2980","1468","9017","2880","1893","2484","2231","2694","2771","1876","3779","2281","4209","2109","4364","2355","2289","2840","2510","3516","1630","4201","3370","2564","3394","3071","6339","2094","5352"
"1.33_594.41","3681","4694","2915","3019","2853","2460","3014","2581","5082","2465","3023","3280","1334","3102","2478","2180","2904","1826","4275","3486","3465","3367","4742","5114","2581","3702","3107","4191","2819","4146","2950","3413","7044","3514","5625","3148","2597","3790","4443","4524","2386","3796","2454","4553","3564","5174","3831","2384","3637"
"3.04_955.60","4878","3587","4105","3497","3920","5149","5432","3990","4283","3777","3614","3751","4528","3414","3278","3719","3333","3396","3682","3400","4464","3736","2877","4255","3992","4522","3488","2933","4475","4142","2844","3411","3730","4441","3855","4158","4229","3429","3608","3365","4418","2764","4046","3806","3519","4260","2951","3508","3523"
"2.28_883.65","7742","5403","5032","4980","6347","4897","5288","7813","5572","7135","7692","7628","8831","6784","4906","7833","4792","5280","7586","4155","5009","6168","3966","5488","7000","5489","4757","4889","4882","4514","6084","7030","6914","6799","4655","4645","5373","4827","5811","5086","5625","4759","4650","4362","5272","6289","5534","6640","5837"
"1.06_374.36","6832","4461","3496","10866","3466","1242","3523","1506","8795","3870","2415","19086","1794","9756","5593","13336","3081","4150","5362","24975","5930","5217","4463","3948","4231","2906","3261","3457","3491","4610","1199","2316","4442","6793","5215","4883","2607","5115","2740","2517","2367","5045","2348","3747","8917","6291","6502","5393","2706"
"3.46_741.61","3205","3903","3848","3708","3724","2291","4102","3064","3198","3671","2995","4027","2752","4685","3222","3344","3246","2652","3538","3370","3029","3609","2173","3319","2192","3790","3332","3787","3054","2801","2922","2457","3096","3042","3430","2168","3366","3200","3279","3605","2890","2701","3583","4274","3899","3288","3214","2191","3234"
"3.54_899.77","3238","3261","2645","2382","4545","4138","4970","3227","5744","1486","3333","5660","2634","4402","2603","3584","6017","2698","7428","3122","3038","3364","15018","4713","5588","5783","4576","4610","3676","3638","7227","2450","6572","2240","4053","4649","3306","2986","5727","6015","2810","4622","5730","4369","3707","5120","7965","4347","6234"
"0.46_570.34","7335","3840","3619","4242","4673","4250","4778","4421","5310","2497","5884","4769","4371","6543","6630","10383","4277","4610","4034","2737","6923","5912","3135","4706","7252","3988","4225","4310","3760","2963","3915","5037","4792","3481","4106","4593","4245","4497","3570","6266","5734","8923","4486","5067","2929","5291","6561","8068","3706"
"1.81_814.69","3472","2762","3457","2851","5439","6080","4174","3884","6098","1801","3432","5152","3044","3569","3307","4183","7814","2869","9392","8606","8370","4201","8159","4863","8578","6257","8103","8224","6022","4206","7218","6143","7299","3142","4777","4920","4487","4410","5097","8068","7415","6750","7392","4965","7466","7304","6439","5967","6500"
"0.49_523.35","8819","6166","3209","3030","2047","3333","4250","3239","2499","2852","3339","4208","1810","4610","2045","2562","1848","3578","4271","1835","2852","2213","3990","4703","3721","2824","2845","3109","2155","2977","2444","2826","4132","4513","2793","2836","2917","2528","2793","3844","3254","4146","2701","3060","2739","3157","4000","2065","2069"
"2.19_662.61","2484","3207","2154","1563","1722","6204","2059","3019","3102","1882","2174","3020","1575","3165","1968","2451","3733","3561","2931","3662","3394","6966","4264","21797","4242","4738","2668","2962","3877","3308","2779","5305","2460","3468","2686","2858","1713","2246","2511","2752","3329","4289","2347","2148","6479","3276","4517","5982","4073"
"2.08_837.60","6600","5223","4381","4195","5512","4849","5512","4907","5216","4424","6083","6273","4201","5809","5081","5732","5355","4652","5621","3205","5639","6472","4135","5903","7474","5186","6069","5205","4292","5518","5713","6198","5751","4343","4675","6099","4832","4538","6193","5589","5904","6816","5406","5069","5700","7692","4883","4389","4021"
"3.45_845.72","1611","3059","2512","2816","4281","4615","4405","4395","4028","1843","2539","5753","3169","4273","2091","3848","7275","4016","4203","3764","3636","1747","14381","3142","3326","2963","3483","3712","3950","2716","6867","2689","7029","2220","6148","4747","2924","3670","4284","5557","3207","5634","4325","3276","5436","4238","10749","1949","9144"
"3.04_853.66","3171","2872","3258","1911","3690","2576","2186","2991","3925","1371","3811","3180","3531","2433","3235","3684","4362","2424","4363","2781","3359","3631","2630","2938","4424","3018","2918","3597","2251","3541","3178","3272","3618","3267","5573","3031","2945","3295","2898","4447","2842","2675","3328","2242","3717","3386","2630","3496","3320"
"2.65_766.67","8721","8590","8876","5490","12556","11104","11317","8202","9061","8217","9743","13635","9491","10794","6960","9706","12174","7075","13292","17496","13923","10181","19407","9920","11704","9848","12994","13118","10147","7817","14391","10889","14912","6628","11493","9745","11251","9169","9858","12597","11093","11689","10453","9793","12026","12740","13517","10307","9435"
"1.50_627.40","9148","7972","8208","9602","8135","5249","5911","6323","5709","7348","6089","5963","6309","5376","6684","6486","5685","2728","3020","3847","3020","4246","6269","7596","3196","6149","5801","5115","3641","5658","5727","5866","6993","7663","7713","6480","7431","12366","6753","7123","3898","3537","4101","5483","3929","4203","4470","4384","4534"
"2.16_838.51","11768","7654","10878","12785","9425","12695","12693","11200","10832","10342","9936","10772","8498","9340","10471","10117","11645","12258","9083","10198","11078","8624","11611","11841","10148","12348","10626","12495","12154","10415","10080","9830","9976","10354","7235","10098","10382","10406","11193","9883","11773","12309","12440","10613","10621","11723","13169","10453","10903"
"3.41_998.79","2711","4811","1619","2553","3309","2875","5133","2368","5783","1457","5271","3625","1585","4101","2839","3227","4418","1642","6194","2170","2327","4878","8323","4518","2522","3840","4065","2389","2783","3957","4548","1633","5046","1411","4099","2634","2237","2738","7502","4609","1825","2458","5557","3334","2776","4861","7005","2526","6994"
"2.17_766.54","4325","15790","6568","6457","9574","5120","5403","5885","9024","2855","7742","6842","10263","8982","8525","8401","5745","4335","10719","5202","6296","17543","1467","4533","5347","5703","7429","4158","5718","9191","6480","8162","3885","8164","8197","6745","6745","11593","6107","7332","5452","3477","4204","6899","6306","5498","2715","5906","5091"
"3.76_1010.89","7390","10234","7158","6681","13193","5626","12683","12653","9346","4469","13497","14793","6115","17460","5210","8280","15942","6486","11206","6748","6051","11603","21142","7920","7473","9438","5310","8309","7037","6076","12747","3159","9856","6908","9791","4043","6393","5595","10028","9115","5341","8589","10368","7460","7615","8400","18990","5105","15420"
"1.28_688.45","3179","4694","3504","3035","4098","1951","2805","2293","5511","2581","3426","3628","1748","4203","2202","2555","2585","2333","3186","3367","3334","2807","4359","4779","3033","3384","2935","5277","2551","3962","3678","3315","4910","3563","6210","3886","3783","3462","4261","3856","2818","2170","2235","4245","3455","3365","2717","2226","3254"
"2.53_696.61","8831","6550","5452","6594","4126","5676","6122","9342","5308","5970","7560","9381","13683","8407","4749","11225","6276","10505","6654","4800","5672","6815","3622","6552","10491","5711","4277","5794","3679","6407","4676","7599","5580","12203","3584","4061","5433","4236","6360","6399","7408","7564","6145","4725","7489","5931","3913","13514","5967"
"2.52_550.63","69146","16956","16179","52228","54918","301849","52689","126357","50131","16430","289716","31517","47127","80435","70575","69387","28669","135161","27899","33799","46176","58710","65376","37642","42996","42808","33231","35205","17893","39472","29830","84695","19055","612271","91478","15555","46689","36345","41751","30375","68124","151327","31966","30820","80197","99215","21866","36068","23155"
"4.24_878.88","1710","3643","5201","2112","7556","4924","3587","8051","9824","1118","12846","6007","1706","10076","2089","3080","4814","3054","13990","2089","2976","3018","8133","2645","4191","3501","3002","5929","4116","4372","9087","2491","2679","1357","14019","4688","2418","1753","3580","1819","1739","3310","2132","4346","2490","5281","5123","1505","10605"
"3.37_978.86","1516","1804","1595","1423","2848","3180","2760","3229","4440","1177","2229","2709","1848","2820","1401","3140","5816","1958","3698","2162","1960","1139","9964","2955","2717","3117","2051","3598","2518","2074","4664","2060","4579","1609","3908","3840","2661","2479","5208","3583","1925","3099","3144","2872","2491","5788","5916","1687","4980"
"1.97_801.58","2851","3623","3281","2197","4031","2699","3145","4045","5453","1904","3137","4963","2638","3799","4206","3603","3690","2320","4696","3924","4760","3941","5337","3967","3523","4106","3834","4492","3233","3555","4075","4115","4914","3473","5836","4267","3391","3126","3490","4842","3565","3991","4042","3941","4165","3784","4074","2662","3904"
"1.52_850.61","1114","1738","948","1691","1111","6081","1669","379","6096","725","810","856","792","1114","1490","545","4067","635","6190","3088","8445","1236","5302","3201","3149","4132","3645","3998","3184","3204","1683","2798","3103","1184","2713","2808","1271","1743","4023","5344","3341","4233","3297","2294","2960","3957","4056","1706","2963"
"1.53_786.53","2321","2649","1884","1714","2155","1249","1927","1398","2904","926","2629","2608","1274","2492","2427","1755","3332","1091","2873","3135","2992","2824","7437","4479","2724","4722","3096","3560","2311","3672","1719","2821","3749","2787","3001","3471","2568","2154","5144","5409","2674","4136","3225","3061","4153","4670","4433","1422","3590"
"1.33_792.57","4222","4015","4344","3989","5396","3473","5777","5243","5945","2329","3840","3405","1912","6765","4633","5810","9733","1942","7137","7490","6993","4996","9752","6796","7410","6009","5927","8152","6376","4920","5400","5398","10999","4280","8080","8539","3346","5302","5334","8899","5252","8927","4606","5914","6716","7608","6616","3068","8912"
"2.82_796.68","6058","5900","5386","4340","7856","7672","8583","6093","8165","6797","9143","7295","7073","7811","6682","5968","9396","6625","8290","10464","9156","5788","15570","7771","10196","8249","7593","8779","8034","7157","10758","8813","13279","4852","8900","8946","7100","7386","9216","9335","8497","10034","8646","6380","8893","8494","11642","7171","8048"
"0.73_708.45","4575","3814","3971","2608","3514","3420","2967","4154","3604","2744","2232","4832","1734","4506","3081","3083","5445","2507","3455","3507","4347","2756","6953","4086","2807","4260","5089","4615","3080","3707","4095","3727","7251","3014","5282","3965","2737","3408","4812","5242","3792","5167","3419","3126","4409","5053","6316","3483","4140"
"1.98_785.58","5505","12032","6061","6129","12089","6386","5811","6707","11502","2603","8585","9267","5344","8686","13757","9758","8033","4511","8896","7323","10475","11729","3038","4684","3862","6932","7885","7890","3963","5591","7198","7201","6484","4738","12079","4889","9812","8741","5737","11630","6677","6510","5181","5852","6180","6393","4760","4207","7170"
"3.40_893.72","4731","5348","3812","3962","7393","5068","5715","5562","5565","3159","4403","9021","4042","7318","2967","4635","10398","4505","8418","5984","4769","4121","17522","5102","6400","5845","4643","5489","4781","3895","11955","4594","11502","4006","7146","5333","4831","5534","6370","7954","5941","6031","7553","3687","8125","7259","16129","4601","8858"
"1.39_730.51","6219","7325","4744","3082","5954","3246","4470","6440","5987","3054","6603","13090","3725","9399","3627","4900","9354","4326","7071","4013","4895","8620","11621","7582","5999","5726","5350","6761","4893","4745","5652","4034","7440","4006","11943","5030","6119","4553","7239","8827","4340","5721","6227","4692","5309","6485","6499","3658","5014"
"3.21_930.81","5016","4952","3823","5523","6837","6130","7085","8962","7746","3306","3876","8588","3996","7207","4864","6331","15559","5226","7907","5595","5212","3913","20900","6231","5587","6387","7088","5625","6172","4299","9864","6409","10760","3808","9939","6128","6018","7592","7578","7722","4123","7315","7994","4757","9001","8209","13621","4517","12196"
"2.52_862.67","1160","1892","1034","4747","2468","4040","3331","1202","5938","1212","2381","1345","1678","1834","2677","1847","5216","1235","7820","4112","5820","1628","6183","5093","5618","5926","7076","6157","4060","4755","6448","4975","7772","1126","3100","6051","1284","4128","7440","6989","4644","5438","5440","3803","5127","7313","5084","3626","4093"
"0.71_346.33","7643","5764","3996","19494","4793","2016","8976","2136","19401","4611","3467","20513","3010","25152","8810","21815","6250","5721","6331","45890","12416","6683","4280","5437","5210","4636","5573","4249","4575","6966","1866","2830","5523","8665","6541","7017","2587","7867","3107","7986","4053","5972","3713","5809","14743","11351","10278","9592","3674"
"2.19_1022.53","3810","1705","3997","3624","2669","3646","3895","3724","2825","4814","3604","2577","3264","2829","3711","2705","3749","3921","2658","3309","3393","2794","3052","4681","3513","3628","3714","2951","3925","3358","2734","3155","2997","3322","2683","3552","3442","2847","3875","2661","3890","4343","3155","3583","2841","4118","3368","4032","3082"
"3.08_870.68","3972","7057","4224","5034","4963","2832","4132","2678","6539","2795","4299","4293","2832","8505","3759","2614","4003","2406","6128","4873","3792","5212","2678","7551","2812","3825","4576","5403","4142","4631","6101","3581","6741","2353","6778","4007","3389","5536","6405","3769","3714","3934","3005","8237","6107","6063","3958","2662","4481"
"1.72_752.64","2944","2903","1664","1770","3313","3027","2678","2907","6667","1414","2759","3680","2325","3440","1805","3549","6270","1979","3723","2941","2473","3296","7822","5020","3218","3632","4040","3992","2683","3487","4666","2626","7026","2860","3951","2734","3686","3418","4374","5402","1987","3506","4318","2435","4409","4141","8212","2619","3587"
"0.87_398.36","1300","1077","6148","1400","1244","4156","1180","1985","2824","921","2023","1017","1199","1001","1538","1354","1293","5425","707","1043","1696","42585","4824","47314","3020","898","1193","1356","921","1233","1444","846","212","1060","502","688","1593","5236","938","1787","1329","1222","1096","1268","2020","1543","1739","1434","1470"
"2.07_704.53","7761","20060","13548","2218","19157","14762","9113","12631","20073","1427","21639","21811","17072","17077","16146","15962","18128","10386","20845","21146","19008","27545","14540","13695","21018","16708","15485","18477","5055","16119","17587","16162","20429","17468","23003","13331","21031","17569","13186","21379","10075","9940","15863","18028","20737","16476","5696","10940","15355"
"2.12_717.54","3703","3212","3734","3232","4632","4789","4677","4324","4599","3465","4930","4479","5964","5161","3815","5593","5121","4943","4599","6474","5208","4007","7544","4031","6506","3578","4714","5771","4566","2697","5699","4344","7421","4929","3355","4002","5282","3621","4419","5016","4836","5617","5201","3965","5437","4135","6842","7171","4646"
"2.82_867.61","6346","4808","6822","4538","6126","5651","5580","6087","4766","3600","5852","5317","5323","5494","5626","4430","4890","4933","5162","5602","5527","5206","4837","5674","6072","5993","5742","6179","5441","6081","5001","5234","5742","6784","6062","5851","5811","5569","4873","5038","6071","5949","5806","4355","5228","5843","4935","4775","5456"
"2.35_762.48","3199","3507","3232","1564","3127","1796","3325","3512","4021","831","2968","2397","1023","4692","3213","4228","3318","2329","6733","2622","3337","4009","4543","2257","3161","2877","2726","4027","4345","4022","3602","4029","4117","1923","5560","5626","2999","3546","3583","3898","2789","2553","1986","3427","2503","3291","1848","3840","3371"
"0.31_240.23","31417","16129","6060","18970","19760","54196","25069","19955","46755","22223","10905","18338","10966","19334","17415","26833","4007","9365","15711","10213","23602","90146","18089","14045","13356","18482","6912","8189","22638","9820","16394","21038","54883","16680","24244","35419","25340","45097","16531","40044","13465","19640","12558","18432","15258","24973","5285","11060","24279"
"3.05_786.59","2999","5696","3769","3212","4579","2124","3493","1660","3884","1737","3322","3122","1428","5630","2224","2350","2907","1560","3370","3383","2719","2779","2524","5899","1588","2998","4665","4160","2388","3788","4258","2426","5934","2275","5150","2364","2238","4524","5458","3053","2504","3207","2496","4499","4696","4328","3010","1202","3953"
"0.46_372.31","5478","4733","6687","2416","6153","5811","3460","10396","4038","2792","4076","4466","5087","7729","5436","10662","7034","4451","7665","5397","5919","6340","2633","5248","5321","4554","4794","8175","3678","4013","4287","4682","6228","8854","9961","9653","7361","8162","5673","5605","4221","5506","3515","6514","5965","5503","4330","4029","6159"
"1.98_860.61","6894","7934","6778","3632","6557","3173","4684","5733","6738","4301","8251","9535","4634","8071","5987","5686","6415","5605","7107","5075","6446","8505","5922","8872","4355","4613","4534","5765","7718","6871","5996","5480","8675","3891","6635","5794","5426","5935","6333","4921","4489","4245","4976","5351","5237","8007","4788","5299","4577"
"3.18_161.13","2735","3437","2678","2142","3788","2492","3196","2391","2301","2104","3181","3846","2322","3188","1626","2529","3707","1911","4614","3940","3894","3033","5009","3770","2579","2723","3332","4341","2474","2193","4551","3198","5735","1410","3864","3748","2342","2870","4409","4082","2351","3837","2769","3630","4550","5235","4632","2167","3117"
"3.23_946.84","4093","4514","3821","4418","4748","5219","4391","5852","4988","2879","3271","4504","3272","6511","4704","4455","8940","4875","4926","4426","4983","3995","11216","3271","3091","4396","4936","3686","4796","3085","7890","4369","6227","3144","6733","4272","4234","4502","3520","4198","3468","5273","4728","3828","5264","6010","9833","3677","7216"
"3.17_846.74","4417","4758","3735","4088","3438","3639","4758","2966","4028","4025","6670","4253","3075","5135","2577","2999","4358","2927","3519","2692","4887","3383","2639","6568","2633","3772","4773","5517","3884","4345","4386","5458","9498","2230","3578","7559","2004","4942","8005","4854","3800","7522","4701","4985","4823","8350","5121","2330","3616"
"2.71_730.63","859","902","905","2608","1393","5037","2102","711","9014","775","1451","1342","877","1387","1748","1103","9085","551","8171","3805","8187","1406","6887","2050","7501","3538","5929","8407","5039","5291","4408","5315","6716","844","1811","2940","995","2671","3194","6835","4981","4348","5850","1950","6464","6797","4162","3111","3880"
"1.41_718.50","7111","7050","6032","4135","11098","5407","5831","7595","8072","5914","8463","13166","3507","7188","7161","5957","7242","5541","5934","6957","8420","7704","6734","7281","6812","6852","6486","8807","5790","6195","6503","8412","11603","5082","10283","7508","9482","6745","6744","7792","7507","7388","6341","5559","7022","9085","8040","4394","5896"
"2.79_946.72","3546","5834","4643","1948","5518","3351","2608","3212","4983","2354","4896","4143","4639","6826","3277","4635","4312","5168","5131","3112","3977","5737","4177","3451","6617","3709","4506","5932","3556","5713","4089","4583","3239","5578","5740","4787","4651","4675","3313","7778","5093","5287","4789","4621","4117","5782","4583","3931","5396"
"3.98_937.70","2234","4315","2443","2789","3744","2364","3614","3321","3415","1784","3546","4396","1915","4681","2212","2091","4741","2061","4087","2467","2291","2504","3056","2476","2745","2991","2339","2859","2015","2137","5153","2646","6002","1828","4196","3186","2232","2998","2930","3280","1811","2516","3709","2153","4335","3621","5230","1850","3421"
"1.92_852.25","19268","6374","7145","3540","6700","15747","6655","4895","4023","6032","54211","4161","3136","7591","4029","6882","2817","3801","6122","5437","9090","6695","44412","4432","44064","8313","3037","3933","8859","3493","4118","6219","10429","8113","5829","11399","3130","8947","6892","2982","240847","9415","5934","5402","14972","6657","10878","4549","8522"
"2.53_720.56","3786","5132","4363","2128","5083","6021","3591","5567","6435","3388","5671","4920","6223","5986","4938","6118","6689","6653","5313","7552","7771","6007","6842","4003","7345","4040","5344","6215","4841","5366","6077","5529","7690","5754","6456","4190","6135","3595","5432","5452","4858","4505","3915","3373","6718","8848","5253","5503","5653"
"3.52_891.78","7717","8130","7438","8701","10138","10557","9373","9047","10766","3729","5811","12256","9515","12852","5383","10888","19158","8761","15210","8190","10253","9183","45416","12492","16143","11750","7824","10693","13318","7792","24424","9137","23283","5367","11607","12609","7268","8678","13269","13695","8844","12206","16067","9048","12913","14626","27282","10111","22269"
"2.93_700.61","4317","4662","5879","3090","6719","4531","4662","4740","4789","3642","4734","7832","4927","6231","3829","5498","5407","4450","7337","8211","6073","5957","8021","5281","6468","4191","5870","7373","4373","4102","8053","4596","10368","4227","7688","5682","6878","5002","5102","6476","4578","6214","4708","4209","7403","6655","6421","4211","4163"
"1.32_704.49","7696","8972","6845","6589","8719","5528","6191","6399","10612","4896","7214","9485","3479","8757","7888","7933","10570","4676","9443","7629","9305","6377","16405","11540","6607","13005","9806","12307","9579","9052","10339","9726","19421","6509","11770","12119","6995","9812","12160","13046","9456","9764","9789","10648","8994","14019","12781","4752","9964"
"2.93_295.23","2912","3340","3103","2669","4665","3168","3380","3156","3361","2899","3098","4069","3889","4140","3029","4306","4698","2848","4528","5770","4455","4445","5808","3477","4295","3060","3326","4413","3558","2023","5432","3156","6484","3051","4409","3976","4131","3534","3732","4307","2980","4544","3298","2993","4789","4082","4415","3325","3033"
"2.06_706.64","2893","4798","3328","2618","3447","3338","3331","4039","4056","1659","4461","4144","3912","3737","3971","2865","4701","2397","4988","4151","3809","4805","3577","3526","4815","3305","3417","4680","2322","4460","4128","3921","4462","3800","5996","1835","4446","3145","3875","4667","2735","3742","3313","3050","3393","4060","3337","3510","3487"
"1.98_816.58","3495","4003","3155","3020","3248","2671","3467","3144","4418","1825","3658","3684","3163","2883","2893","3377","3415","2556","4304","3286","3577","3743","3151","3594","3252","2986","3346","4308","2804","3691","2973","4307","3740","2882","4221","2947","3427","3243","3122","3772","3127","2724","3074","3409","3661","3691","2595","2920","2508"
"2.34_1544.16","5225","13609","7276","4457","9599","3553","6233","6711","8821","1363","7790","8949","4077","11400","6741","9598","9331","3459","11797","8356","7609","11852","7298","6706","4430","7607","6524","8329","4996","6835","9273","6776","8136","4504","13619","9370","8179","9738","7028","10172","4957","7587","4899","8855","8343","7088","6261","4442","8451"
"4.24_580.54","1082","2391","3548","2105","3946","4183","2802","6116","5656","1161","6497","2798","1600","5104","2290","2991","2408","3453","6545","2112","2288","2119","4105","1522","2710","2143","1939","4191","2508","4193","3963","1531","2063","1170","13719","2800","2155","1799","2914","1879","1942","3381","1647","3366","1381","2888","2812","1122","5950"
"3.31_738.67","2827","2711","3360","2670","4728","2804","3680","3847","3659","2106","2763","3737","3754","4785","3139","6788","4854","2636","4765","6080","4899","4216","9743","4486","6012","3873","3259","4942","4598","2365","6588","3870","4953","2782","4649","5060","3594","3811","5555","5305","3380","5371","4569","4261","5154","4526","4714","6106","4392"
"4.52_1082.98","40070","26902","30920","29723","33357","29791","23151","47855","20342","39204","33390","31801","51982","32630","36392","46770","11404","41061","18695","29889","29958","44433","7633","15803","36086","34495","29483","20757","28802","26884","14352","29861","17049","53356","25745","15124","30679","24753","25176","26366","37876","31228","34647","27761","35618","24551","22347","38463","19975"
"1.67_383.33","4110","3944","3916","3810","4624","5009","4974","4646","5578","3768","3793","6669","4847","5219","3285","6492","7439","4356","5509","7920","6226","5332","18346","6679","8111","7569","5684","6842","6694","3835","9137","5695","11427","5137","5868","5551","5840","6304","6277","9586","6448","8910","8484","5043","7950","9343","10882","5790","8934"
"2.47_722.60","7560","12010","9485","7033","10967","7611","7768","9794","13033","4307","10891","9953","7702","10933","8590","10458","13905","7077","11378","8994","9407","15158","10157","8978","11395","9247","8466","12868","6134","11380","9290","10270","13647","10040","17369","8445","10484","10801","7793","14182","11707","8239","8693","11394","12851","9506","7918","9949","14101"
"2.06_967.54","4652","2931","3751","5489","3260","3656","3490","3069","2950","3635","2826","2664","3173","3819","5175","3001","3078","3623","2343","2834","3109","2611","2930","3080","4106","4161","3988","2927","2996","3920","3273","3201","2610","4262","1150","3334","3543","2382","2897","2817","3412","3381","4214","3065","3371","4161","3007","4615","3353"
"2.34_761.18","2166","2537","3330","2072","4471","1586","2532","3012","3523","984","3317","3133","1217","4698","3544","4161","4467","1402","2031","2364","4178","4941","3001","2672","2381","3601","2008","2747","3128","2918","4619","3344","3435","1355","5988","6012","4238","4093","3456","3904","1958","4333","2455","3486","3550","4350","3216","1178","4305"
"2.04_690.57","7789","7279","6745","5513","5838","4576","6780","5820","3133","6738","8180","9292","6781","10518","4247","6085","4169","7547","4214","3933","5851","5728","6841","7753","6720","5812","4824","7217","4697","4161","4833","6632","8125","5351","5740","8624","5541","4929","6702","6515","6769","9609","6203","6030","4025","10321","7714","3670","3146"
"3.97_603.53","5579","11462","6569","5547","13141","7225","8574","8691","11636","4079","9749","15091","4393","12636","5213","5900","13315","4505","17822","5168","7091","9827","13141","8092","5354","11939","9930","7824","7583","8577","13317","6220","16317","3321","20437","9304","6998","6709","12650","11287","4224","6682","10628","6960","9795","13918","17549","4829","12389"
"1.72_724.61","1882","2027","1634","2183","3374","3196","2029","2357","5624","841","1379","3155","1808","2927","1685","2449","6434","1210","2577","2557","3070","1566","10024","3360","3815","3593","3142","3494","2623","3346","4201","3194","8152","1217","3355","3139","3118","4171","5215","4846","2761","5590","3884","2416","5528","5268","10656","2505","5772"
"1.39_355.07","3988","1999","2394","1104","1776","3085","1781","1200","1404","1726","9223","1409","894","2798","906","1893","882","852","1866","1677","2287","1761","8764","1498","9426","3729","1014","1359","2599","824","1441","2021","4961","1869","1677","3411","833","1928","1755","973","42552","2627","1681","1918","2993","1661","2255","1130","1887"
"2.90_1006.86","1749","1471","1207","2175","2053","2582","2382","1575","2737","1233","1266","2481","1069","1743","1185","1718","5117","1357","2094","2098","2080","1460","7257","2488","2633","3406","2523","2452","2573","2226","3846","2314","4001","1188","1763","1995","2431","2319","3860","3600","2294","2732","4437","2452","3162","3555","5488","2200","3481"
"1.89_805.62","4265","5317","4324","2925","6024","3889","4688","3205","4833","3170","5038","5439","3675","4680","3731","3341","5111","3867","3857","3853","5384","4416","4824","4654","4448","6237","5267","6025","4096","3464","4884","2831","7658","4033","6015","4175","3895","3018","3747","5208","4101","4143","5354","2868","4074","6505","5379","2472","3212"
"2.06_520.51","3860","5793","5073","3193","5399","3875","4244","5205","6076","2780","4622","5754","5094","5875","4414","6146","5799","5333","6881","5557","5162","7558","5647","4965","6909","4966","4415","6425","2856","5605","4276","5053","4534","5500","7055","6430","5607","4235","4643","7970","6636","4439","4995","5317","5528","6066","4160","6054","6227"
"1.30_712.45","3241","3370","2156","3544","2866","1902","2702","1967","4461","2256","2536","2750","1799","2849","2633","2267","2924","2017","2839","2933","3475","2642","5211","4414","2690","4324","3096","4203","3414","4010","2932","2578","5005","2165","4170","4662","2901","3239","4210","4863","3216","4421","3830","5068","5019","3996","3180","2324","5132"
"2.06_798.69","4967","3470","4595","2859","6008","4018","4132","4043","2459","6970","3577","4459","5706","4383","4523","5073","3210","4589","3139","5858","3625","3675","3918","2980","3212","2666","3189","3088","3333","2963","5686","2693","4406","4262","3997","3492","4555","2819","3332","3974","3338","4765","3866","3723","4860","3326","5378","4606","3375"
"2.39_824.56","3495","5029","3670","2413","5262","2709","3177","3859","3781","1874","4844","4727","3238","3781","5272","3874","3804","2754","4300","3277","4096","4734","2817","3615","3755","3276","4267","3826","2738","3396","3367","3595","3591","2752","5610","3628","4507","3806","4584","5245","2933","3103","3067","4362","3304","3558","2732","2506","3986"
"4.11_939.71","2136","4320","2998","2345","4392","2773","4200","3870","3618","1390","3577","4854","1702","5036","2547","2854","5615","2266","5390","2487","3772","3662","5765","3792","3752","3970","3034","3600","3396","3970","5853","2395","6013","1662","5017","4256","2063","3219","3924","3839","2543","3378","4445","3302","3829","4762","6185","2269","5092"
"3.38_944.82","3528","4300","2756","2718","4219","3446","3968","3764","3737","2417","3689","5832","3470","4832","3281","3822","6892","3064","4686","4322","4355","3832","10143","3235","3539","3889","3575","4443","4172","4093","6943","3137","7205","2935","5610","3863","3467","3800","4235","5933","3149","4608","6614","2953","5733","4872","9512","4006","6229"
"2.84_602.59","4257","6513","4094","3130","7008","5410","5021","5562","5078","1495","4137","3831","7288","7766","5702","5552","6478","5104","5448","6033","5566","6327","3639","5587","7362","4160","5439","7471","4266","7724","3914","5660","5997","7097","6638","4163","4131","5191","3995","6673","4775","5339","3480","5083","6269","4008","3562","5658","4736"
"2.52_814.64","16487","18510","12732","10287","22359","8965","19098","27952","13694","9156","21939","37660","15391","35275","7814","15264","22138","16393","18204","8737","10313","18634","30466","15783","15144","10875","10020","11558","10144","10850","27026","9971","34923","13989","26111","16726","13516","13131","21405","19683","11657","17186","16727","12107","13527","21728","33022","9186","20917"
"2.86_836.75","1395","1180","865","6779","2290","7721","2665","1090","4574","1928","1687","1635","1643","761","4158","1519","6261","1543","2175","3806","4307","2645","8934","8704","6862","10194","5141","4457","12130","6618","11610","7426","17005","2070","3008","10989","2825","13362","17146","13738","6380","15663","13808","5309","11058","11816","27913","4654","30797"
"3.60_943.80","1660","2309","1365","1129","2500","2563","1274","1688","4360","987","2034","3934","1785","1913","2099","2390","3293","1619","3443","2173","2466","2039","6924","3571","2957","2637","2235","2971","2281","2503","3528","1696","4207","892","3382","1856","2022","1933","3715","3394","1647","2425","4437","2012","2907","4255","4755","2118","3439"
"3.64_950.79","3322","8052","3027","2712","4621","2279","4712","3760","3911","2431","4546","5928","1904","5931","2546","2313","4336","2769","4819","3074","2252","4141","7159","2325","1487","5511","2995","3134","2204","1865","3097","1965","4917","2002","4472","1219","3058","2124","3385","4311","2267","2383","3011","1968","3770","3132","7143","2100","4337"
"3.78_952.80","3471","7035","3216","3499","6120","3057","5363","4996","5873","2035","6166","6623","2340","8904","2490","4112","6648","3067","7195","3392","3346","5989","9965","4516","4081","5892","4280","3568","3151","3081","5320","1794","5366","2921","5692","2674","3944","3037","5210","4294","2985","4893","4935","3685","3826","3887","8894","2862","7357"
"1.97_537.34","10950","10481","9618","7660","8830","6675","7989","12122","7953","5601","9996","13250","6677","10595","7532","14874","10055","8418","9279","7506","9235","9569","8474","8455","10378","8520","7465","9952","9276","6386","10538","10963","11951","8097","8255","12498","8332","9809","9314","11539","9647","13877","9844","7784","8220","11187","11296","9199","8375"
"3.54_864.77","2844","3371","2620","3279","5129","5657","4838","7539","4856","1414","3036","5003","3351","5531","2561","4986","11190","3362","4408","4601","3864","2803","25720","3313","5945","3886","3694","5236","5585","4243","10916","2960","7118","2500","5657","5635","3064","3811","4636","5223","4801","7198","6350","4571","5123","6071","10919","3946","12915"
"2.35_761.14","3292","5319","3962","3704","4851","2460","3721","2698","3984","953","3012","3733","1791","5506","3750","4855","6302","2059","6934","3795","3652","6009","4848","3698","2282","3761","3369","4265","3750","3554","4634","3389","4223","2024","4883","4461","3086","3926","3165","4392","2421","4657","3354","2886","4450","3845","4306","2951","3580"
"3.83_576.50","2160","5064","2985","3099","4939","2501","3421","3438","3062","1876","3157","6879","1622","4919","2541","2411","6331","2413","4556","2540","2575","2616","3838","3071","1964","3000","2659","2735","2454","2401","4742","3316","8564","1946","7433","2551","2203","4324","3412","4584","2250","3176","3333","2518","4747","3941","11153","1587","5016"
"1.86_830.55","4981","9109","5489","5059","7191","4209","4158","5061","7000","3945","5804","6581","4845","7709","5713","3933","5212","4789","5678","6890","5944","6570","4141","8198","4926","7674","6910","6510","3629","5935","4612","6563","7069","3960","7679","5009","4111","7287","5829","4660","4837","3697","3830","8155","5992","4739","3736","4391","4556"
"1.98_759.57","5835","9841","4637","3634","8049","3314","4948","6535","5619","2681","4718","5114","3540","6604","5427","5044","4028","4186","6037","8379","5501","8258","3866","4917","3779","4817","4493","5178","4661","5659","4828","5010","4692","4253","11940","7097","4974","8138","5539","8708","5484","6502","4243","5092","6634","5057","4466","3743","5566"
"0.40_371.33","31873","20752","8541","18405","14119","10891","20831","19690","15839","12373","6993","17748","5953","11519","12148","20954","4755","9895","10240","8785","17858","14652","8577","14588","8826","8732","6681","6100","19889","7539","5651","10656","10470","10961","12437","15260","10763","32134","13219","31165","8585","19594","12946","15424","14389","19945","5483","8567","9648"
"2.96_832.70","3425","3179","1855","1613","3115","2593","3198","3037","2695","1526","2241","2487","2967","1881","2110","3158","4794","2219","4261","2322","2177","3277","2611","2738","2390","2595","4511","3795","3076","2852","3940","2129","3029","3071","4642","2221","2285","3420","3819","3115","2717","2839","2586","3600","3316","2914","3185","2984","2952"
"1.99_772.55","2425","4242","2565","2489","3211","2969","3443","3656","3932","979","2429","2833","3815","3411","2922","2927","4657","2560","2786","3608","2583","3252","4334","4177","3909","4913","3314","3922","2440","3519","4310","3539","4696","3104","4340","4088","3165","3807","3724","5254","3338","2968","3709","2876","3921","3676","4394","2586","4090"
"2.35_778.67","7942","5385","6029","5796","7559","10021","8404","7414","6112","10686","7704","8778","11783","7193","5406","7235","8650","8202","6836","13136","10850","5757","18379","8950","14108","6838","8588","8609","8769","5694","11285","6554","11454","7179","4833","6264","7912","7793","10138","8886","9963","10560","10832","7784","11054","8669","13618","10146","7841"
"2.80_125.00","11329","15813","12647","8104","18784","11892","10546","13983","16235","3652","14703","16567","15523","17482","13134","14339","17175","8823","20958","16837","15472","22439","12584","17704","16217","13708","14946","16946","11403","14038","17744","15537","16391","13544","22047","14494","14448","14199","13349","20454","13895","12032","12446","12820","18687","17251","12532","13361","15669"
"2.58_798.64","3244","7903","5464","2790","5540","2867","5171","3432","4378","1298","4625","5250","4151","6339","6311","5281","6194","2787","7385","4104","4320","11356","808","3039","4308","4468","4271","4794","4068","4675","4399","3744","3773","4250","10164","6365","4609","4403","3810","6742","4839","3541","5079","5076","3886","7043","1776","3827","4477"
"3.05_930.76","2783","2874","2401","2554","2075","2588","3995","3187","3883","1731","1875","2379","3211","3161","2173","2916","6651","2436","2404","4262","2472","2181","10478","2028","2427","2839","2425","2905","1993","2839","5876","4052","7497","1398","3887","2057","3634","4262","2040","2640","2213","4453","2947","2393","5139","2903","14734","1725","3572"
"3.67_923.77","8195","19831","8836","9341","18048","5995","14161","12922","11110","6554","14223","20640","5271","23126","7094","8400","19498","8203","13488","7617","5213","11099","31116","7285","3667","16437","7027","7300","7985","4901","11993","5133","18355","6375","15981","5093","9194","8869","13614","12660","3156","10022","10897","7225","13303","8798","37249","4208","19683"
"1.53_619.49","6193","5132","3380","4271","4159","2069","4479","4595","5621","2334","4024","4867","3776","3056","12133","11582","4608","3466","13784","3797","5901","10697","2751","4354","2051","9860","3996","4647","2884","2128","3630","6978","6880","5843","4256","1991","8244","2900","4175","7723","5369","2926","3534","6106","4701","6546","4072","2455","3316"
"3.43_941.79","1664","2962","1105","1635","2865","3216","3582","2348","4364","1431","2510","3849","2031","3232","2302","1947","3468","1355","4461","2871","2402","2803","5537","3865","2909","3331","4246","3012","2373","2713","4126","1935","4889","1026","3195","2117","2828","2073","3909","5310","2079","3090","4679","1815","2932","3112","5401","2683","3348"
"1.31_720.48","11008","9458","7413","7640","9436","4843","8345","8685","8316","8052","7475","10577","3813","9139","9435","9042","7291","7760","7807","7630","8112","8280","10781","10040","7157","9885","7545","8202","8186","7457","4936","7038","12141","8123","9297","9940","5363","7000","8872","8608","7647","7605","7427","8308","7547","8500","8006","4414","7594"
"1.61_740.60","13556","11498","14659","4707","16179","3421","8334","30125","5092","11723","14916","40730","13520","27217","5995","11095","5275","16662","6520","4054","4284","14129","13612","6773","9872","5161","4169","3341","5102","4436","8610","5557","8146","14802","18729","5346","15798","7017","7286","6577","5203","6704","6580","3957","7065","6125","14210","5119","8373"
"3.97_851.78","3747","7407","7671","5640","11055","5688","7831","9868","6310","2844","5953","9512","2994","12654","4133","7044","17136","5691","8532","4819","5456","5475","17631","5198","5016","6205","5778","7539","8006","5174","13095","5090","11932","2853","16250","11154","4568","6641","7232","6954","3817","7739","7664","6229","8780","10377","13587","3855","15575"
"4.11_905.83","6526","15293","8944","6528","14299","8867","11229","8601","14206","4337","12576","14832","5338","15868","6940","7681","12845","7167","25008","7414","9882","15318","17856","11648","8264","15804","13821","10910","9257","12164","15102","6045","18294","3917","18811","12987","7449","8301","17535","12054","6564","7519","14318","10709","8891","15334","16685","7555","14357"
"3.97_822.81","2129","3008","6360","3589","7032","3304","4130","9181","2482","2038","1303","3469","1650","8276","2077","6324","9488","4530","4570","1444","2849","1613","9711","3100","3050","5431","2975","6667","3160","3327","5641","2266","2828","1552","17397","9606","2791","2894","2433","1602","1772","5071","2263","5179","3296","5242","4514","1718","11485"
"1.31_838.55","3974","3897","511","3137","2029","2600","3346","3791","4864","1776","4473","1980","1505","2880","2458","4920","5242","2370","3976","4689","3395","1912","4686","4528","2427","3285","3279","3255","1972","2268","2996","1323","4411","3121","4741","2447","2504","5724","3426","3114","3286","3064","3219","1398","2601","4752","3579","2861","3045"
"3.15_851.70","3113","3399","2719","2288","3690","3093","2055","2818","3591","1887","4388","4002","3670","3380","3030","3930","4013","2031","3916","3447","3825","5340","2622","3399","3259","2664","3049","3602","2367","3435","4304","3634","4078","4001","4484","4237","3097","3844","3625","3991","2876","2880","2968","2872","3874","4442","2672","2592","3829"
"2.53_654.58","2361","2422","2654","1946","3013","3207","3323","2090","2595","2391","2449","3285","2303","3929","2429","2089","3197","1991","3122","4331","3353","2439","8788","2829","3500","2162","2794","2733","3182","2017","5673","3000","4481","2163","2430","2797","2999","2806","2747","3184","3224","3073","3993","2809","4683","3205","4196","3250","3162"
"2.20_575.50","2261","5296","2120","2187","3401","2679","2615","2958","3761","1325","3354","3702","6825","4206","2620","3215","4445","3581","4107","4609","3672","5774","2265","2474","4413","3176","3228","2770","2579","4449","3771","3531","3056","3205","3690","3012","7281","3307","2908","5094","4069","3042","2568","3569","4348","2980","2737","2332","2884"
"0.52_660.49","2132","2756","1611","2694","1939","1039","2607","798","2316","2609","1887","2071","1814","3570","2394","2766","1942","1635","1918","2425","1997","2407","2239","2228","3174","2299","2062","1799","79817","2264","1085","2385","2267","2523","3022","3557","2615","2135","1675","1765","4207","2203","1247","2228","2358","1544","1350","2194","2598"
"1.98_830.61","3772","3924","2791","3186","3854","4152","2985","4477","3855","2028","3814","4048","2918","3867","3200","4574","4587","2846","4153","3606","3756","4783","4303","4348","4124","3304","3866","4961","3353","3262","5625","3698","4854","3686","4887","4294","3347","3851","4882","4215","4466","4366","3745","3813","5312","4298","3734","3217","3778"
"3.40_738.67","2721","2971","3488","2678","3538","3713","2979","2918","3256","2430","3314","3681","2904","3681","2490","3762","4266","2334","3074","4578","4155","3484","6314","3278","3808","3086","3895","3689","3566","2968","4811","3562","5340","3038","3755","4196","2951","3564","3805","3689","3140","4926","3980","3364","3903","4260","4303","3011","3779"
"2.77_826.67","3580","6902","6003","3981","6391","3530","4646","3258","6347","1881","4862","7659","3987","4953","3961","7210","6705","3208","8976","3813","4150","7615","3957","4585","4076","5120","4463","5484","2438","6216","5004","4148","4445","4230","8063","5342","5502","5024","5123","10318","5244","2506","4804","5439","7188","6943","3153","3823","6021"
"1.76_822.56","3989","5030","3281","4067","5613","3788","4594","3968","5731","1430","5418","4725","3292","5187","4762","4556","5535","2952","5349","4014","4798","4502","6036","4911","3707","4653","6182","6069","3922","4658","5089","4643","6784","3308","7676","5238","5417","5275","5997","5963","4433","4543","4116","6311","4317","6870","4583","2453","4523"
"2.09_804.61","5456","9104","6363","4213","8161","7741","6234","6810","11576","3233","7376","9390","2284","7095","7279","7656","11102","4526","8874","7395","10454","7728","11149","7255","9266","9205","10576","12940","8104","9160","9504","11374","13366","5908","11722","10081","7390","8723","9562","12495","6409","13109","8563","7691","8550","13950","11438","6906","10197"
"3.02_876.73","2348","3545","1736","3513","3645","4309","4103","6027","4082","1138","3250","3917","4123","4102","2558","5700","12435","938","5170","3560","2597","3202","21071","3751","4838","4811","3294","4558","4989","2682","9798","3936","8698","2604","6645","5825","3942","4989","4963","6624","2892","7674","6561","3361","7174","6494","12955","3386","10267"
"3.54_874.76","2483","2521","1187","2280","3143","3775","3606","2966","3910","1081","2516","4017","2632","3783","1412","2561","5867","2080","5587","2824","3196","2564","15514","3441","6080","2907","2998","3539","3821","2371","9359","1951","7048","2369","2005","4296","2433","3087","4418","5518","3309","3748","6148","3338","4157","3701","9673","4443","7374"
"4.24_988.93","27651","70787","50981","31456","71039","59998","61076","53667","84366","18716","85617","77927","30295","88849","36244","49093","63676","35358","113333","33599","55465","61483","90035","67442","64866","65723","75925","63247","51102","75915","84805","27829","69310","22075","93076","54164","33688","32555","83934","57459","39572","42254","61533","58143","40736","75711","76414","31431","81023"
"0.79_608.39","4090","6650","5619","3784","4654","3126","3914","3662","4812","3320","4608","4984","2144","6829","3765","3791","5870","1982","4066","3697","5711","3082","9454","6427","3159","6606","5596","4851","3622","6275","7394","8172","11028","4358","8155","8339","3373","6700","9318","5638","3991","5303","4278","6448","4864","6230","5657","2068","6893"
"2.84_295.23","3714","5279","4316","1967","6679","3628","4531","3855","1808","3158","4943","6366","5666","5552","3307","6077","3798","4358","4062","6443","3863","6163","6022","4257","3377","2785","2936","3257","2622","1711","5988","2947","6269","3889","6222","3889","5737","4254","3944","3729","2568","4237","3223","4361","3884","3818","4814","3201","3095"
"3.75_335.29","1706","2934","1540","6151","2760","5958","3475","1448","4615","871","2536","1938","1601","2149","2644","2588","8336","1468","3548","4579","3714","2964","11988","8510","6044","8603","4573","4160","7711","4908","10631","5155","12408","1744","4285","9896","3735","10581","14480","10931","5282","9853","11089","7091","9580","10306","14090","3699","17316"
"2.04_812.68","2315","2534","1811","3478","2635","3778","1726","2051","3401","1534","2426","2207","2028","2193","1999","3069","3998","1336","2615","4353","3051","2295","9269","4579","4045","5309","3938","3541","3304","3427","8898","3997","10325","2005","3549","6099","2784","5522","8543","8282","3711","7141","6290","4316","5477","8936","11377","2658","9314"
"3.28_971.75","5116","6601","3358","5731","6528","4066","8542","5193","6512","3063","7402","7858","2942","8859","3321","4338","14725","4284","7266","3657","2381","3639","13236","6226","3531","6087","4104","4203","5276","4599","11641","4538","18502","2584","7068","6120","2636","6760","11856","8952","5053","7350","8831","4078","7457","9444","21735","2914","12339"
"1.55_371.10","5560","2264","2636","1114","1740","3189","1808","1461","1695","2116","11263","2200","1152","2613","1379","2138","908","1472","2000","1669","3032","1897","7165","1490","8508","3436","1206","1204","3486","1238","1282","1823","2703","2387","2288","3451","1141","1670","2089","1171","56490","2706","2399","1885","2833","2209","2663","1487","2121"
"1.33_776.54","5076","6900","4913","2627","5728","2728","3906","5442","4118","2840","3831","5525","3379","6590","6739","7063","5389","3701","4157","8034","4639","4944","6957","5700","4414","5647","5006","6079","4067","3013","3300","3851","12072","5736","11716","8340","6000","4327","4579","7480","4657","8959","4797","4839","7098","6013","7885","3931","5207"
"2.27_692.52","2671","3030","2973","1808","3892","3922","1756","7351","4189","1363","3167","3642","15136","5650","4647","10850","4716","9585","2936","6982","4587","5233","2262","3419","9382","2545","4027","4104","3284","2666","3313","3172","2482","8925","5084","2152","8098","2907","2529","3898","3396","3875","2397","2154","7756","3271","4577","6759","3435"
"3.77_898.77","11753","22990","22038","15896","25238","17983","29024","39308","20490","8543","29450","31604","12293","50699","9362","23731","37205","26069","23733","11962","14822","15398","48337","15860","19427","15317","14193","22014","22746","16926","33736","13586","47263","8857","47423","37351","10637","16967","25777","21269","14738","34323","18041","18915","18447","24927","51748","8838","54034"
"1.99_823.59","3976","4851","3362","2848","4048","2810","2834","4481","3915","1519","3291","3835","2802","4028","3164","3615","2891","3106","2943","3586","3839","4149","3110","3562","3716","3167","3301","3834","2822","2908","3832","3958","3836","4026","3613","4505","3025","3895","4023","4028","3300","4536","3979","3531","3207","4175","3822","3495","2631"
"3.05_282.28","2461","3072","2237","2169","2786","2764","2613","2740","2924","949","2779","3421","3263","4222","2844","3435","4148","2447","4012","4067","3126","3524","2301","3145","4033","3010","2413","3038","2159","3744","2552","3283","3089","3044","3500","2579","2120","3175","2837","3537","3341","2579","2794","2444","4521","3384","2669","4257","2925"
"2.79_782.65","6660","5135","3931","5447","8258","6261","5560","7503","9424","2872","7806","10485","6319","7998","4600","7307","13660","6325","8358","8689","6739","5841","29170","7443","10894","7908","5816","5225","8368","4116","12392","5814","14006","6114","6258","6816","8588","6253","8740","11240","6935","8625","11384","4868","10977","9320","22093","7523","12750"
"1.41_706.50","4652","3365","4049","2749","4170","2048","3196","5518","3800","3828","4686","5997","2009","4131","2881","4283","3552","3145","3263","3171","3706","3750","6624","4436","2631","4189","4387","4253","2567","2979","3912","4405","6692","4856","4361","4725","4343","3286","3950","4168","3427","4168","3697","3630","3422","4937","4422","3095","3780"
"3.19_964.85","2943","3877","2739","3333","6067","7521","6057","8739","5695","3304","3522","6372","6187","5635","3641","9045","9768","6730","4507","4604","3969","2998","14951","4259","5420","3378","3796","4505","6248","4273","6701","4303","8802","4008","7299","5243","6186","6402","6223","6793","4588","9231","5811","4172","7617","4602","13803","4396","13378"
"3.78_1034.90","6483","16527","6963","8097","10107","5103","10781","7636","14222","4638","14305","12885","4632","13861","5773","6842","7749","5305","17200","5455","6780","15294","19701","7705","7256","15429","10829","6789","5919","6447","6639","2508","8650","4312","8617","4276","7625","3653","12920","8542","4085","5058","11434","7725","7555","6512","13227","5316","12373"
"2.44_712.59","1701","2840","2156","1859","3815","2768","2692","3558","3178","2086","2666","2228","3437","2522","1665","2840","2895","2755","2857","3681","2687","2912","7618","3667","4248","2810","2204","2632","2829","1841","4325","2847","5863","3607","2848","3584","2779","3016","3444","3467","2938","4399","3130","2076","4017","3811","6342","3223","3746"
"2.30_603.53","19724","7053","29933","8417","13816","4062","4068","4652","3724","10952","2568","3361","10541","2906","3614","9484","4237","14184","2746","11060","3946","6217","3844","4069","5133","4640","5497","3319","5139","4582","3617","4310","3995","10754","3746","2896","4858","2640","4860","3642","3323","17268","2062","3433","4266","3468","3618","4147","2902"
"3.02_1020.84","2471","2466","1278","1985","2250","2483","3007","2851","2357","1926","2865","3930","2540","3114","2188","3279","3557","3106","2743","2321","1762","1479","7914","2734","2789","2916","1651","2284","2295","1471","3522","1943","4032","2195","2119","2112","2072","2384","3056","3173","2641","2846","3836","1788","2945","2763","6611","2698","3149"
"2.93_277.22","2249","2255","2445","1517","3575","2832","3057","2012","2676","1500","2445","3043","2678","2841","1983","3326","3097","2129","3631","4322","3379","2465","4002","2771","3684","2395","2924","4133","2460","1508","4084","2388","5368","2111","3788","3023","2915","2356","2795","3655","2390","3202","2713","2418","3330","3005","3940","3026","2235"
"2.64_605.55","1760","3192","2568","2647","2893","2151","2578","2533","3819","1066","2557","3027","2959","3210","2803","2682","4659","2062","5507","2430","2917","4629","2036","2415","4166","2594","3635","4029","2090","4205","2816","3683","2423","2424","3537","3242","3949","4116","2804","4649","2832","1979","2632","2940","3349","3839","1658","2649","2805"
"1.05_608.39","5868","5638","5044","3578","6532","3421","3729","4806","3745","3684","5820","5809","2616","6434","2516","3016","3252","2944","3224","3184","3714","3016","6884","7321","2709","6580","4676","4378","3228","5463","6723","7125","10322","5146","6941","5505","3670","5980","9159","5125","4078","4386","3566","5145","3653","8244","4186","1683","4694"
"2.00_856.57","6506","7339","5763","4009","7589","5203","4950","4964","6732","4492","6923","6949","4278","5332","7199","5754","5743","4515","4472","4470","6315","7298","4073","5578","5010","5319","5730","5803","4309","5732","5614","6259","7890","4666","5723","7037","4789","5778","6136","6239","6111","6219","5275","5697","4848","6398","5540","5109","5023"
"2.47_797.68","6995","7304","7242","5087","7545","7057","6190","8861","5214","4571","6892","6093","8446","9725","6019","7220","6195","6642","5195","9624","6205","6988","11307","5988","7759","4688","6081","6428","5535","5650","7251","6925","9161","6599","12237","7672","6669","7936","8338","7255","6282","6825","7663","7696","6562","7244","8993","6565","8207"
"2.89_766.72","4351","6081","5954","4186","7524","5268","7407","5581","7370","3503","5842","7802","8932","8543","4954","8512","9167","5543","8798","9843","9407","5194","13522","7570","10227","5360","6536","9295","7008","5035","10829","6233","12176","5599","8480","8227","5887","7762","8854","8374","7127","9559","8270","7232","9632","9400","11781","8168","6311"
"3.52_934.84","4410","5217","4453","4539","6042","6823","6278","8717","5634","2400","4616","6953","6033","7633","2881","7875","12799","5741","7090","5865","5505","4222","25487","6782","9144","5255","4965","7502","9093","4984","13044","4681","9739","4266","8112","8213","4754","4746","6979","7772","4254","9456","8190","5231","7486","8048","14102","5702","17058"
"1.70_726.62","2209","3358","2169","2349","3327","4195","2223","3440","6256","1645","2018","3858","2439","3502","1661","2712","6334","2098","3355","3438","3170","2287","8858","4015","4724","3903","3509","3373","3601","3576","4961","5454","8635","2219","4267","3076","3396","3588","4326","5514","3159","5424","4280","2862","5070","4523","8436","2213","4782"
"3.38_974.78","3799","4747","2721","3732","4129","3326","5740","3812","4016","2077","5156","5575","3202","8846","1943","3393","8931","4023","7113","2771","3316","3557","9916","5734","5107","4346","3990","4561","4605","4062","10633","3960","15013","1913","5634","8331","1735","4324","8669","6405","3634","6778","7547","3578","3905","9393","12638","4164","8243"
"3.42_930.81","3281","3360","2477","2540","3911","4292","4164","3904","4727","2352","4016","5785","3499","5052","2520","3084","7198","3323","5415","3941","3509","3688","11117","3589","3973","3463","3756","5653","3634","2990","2677","3637","7465","3490","5409","3055","4504","4203","5100","5119","3139","3940","5817","3800","5537","5468","11821","3084","6892"
"3.28_886.75","3473","4116","2186","2806","4632","3698","4604","3166","4452","2233","3710","7584","2737","4144","3402","2792","7570","2777","5066","4075","3454","2526","9970","4021","2619","3453","2738","3344","2786","2994","6919","3388","10336","2903","5464","2850","3149","4991","4424","7004","2739","5092","4976","2321","7050","4908","14660","2881","4899"
"3.44_944.83","3097","3848","2764","2554","3322","3338","4113","3511","3886","2175","3202","4619","2788","5490","2627","3272","7025","2921","4675","3443","3454","3820","9432","3580","4382","3575","2550","3148","3538","2252","6019","3686","6744","2128","5071","2737","3391","3525","4691","4752","2337","4184","6397","3683","4738","4540","9975","2599","6228"
"1.60_758.56","2601","3921","3000","2302","3641","2279","4026","2721","2746","1796","3675","6181","1372","3050","2478","2519","3567","1438","4160","3688","3452","3510","4511","2827","2460","3897","3584","3718","2518","3252","2885","2866","3781","1589","3595","3565","4786","3561","2966","4984","3616","2458","3432","3092","3327","4183","3061","2220","2835"
"1.93_706.56","6518","5335","3784","2978","4829","3110","4926","3044","3118","3149","5625","6350","3748","7993","2497","4001","3160","3666","5103","2439","6107","3163","4895","8421","5420","4267","5444","6586","3565","3685","5101","7430","8913","3192","5015","6154","2572","3587","6090","6104","5187","8597","4883","5260","3427","9229","4921","3147","2824"
"2.01_860.66","4268","4570","3277","2374","3849","3732","3406","4467","3471","2533","3854","3576","5194","4904","3260","3112","4466","3073","3572","3064","3759","4312","3374","4775","3297","3281","3446","3068","3113","3712","3578","4222","5096","2848","3147","3841","3407","3292","3565","3539","3095","2885","3072","3401","3478","3594","3234","3306","3206"
"1.80_785.58","2686","3682","2472","1430","5522","2352","3666","2450","2925","1658","3772","4886","1567","2545","2975","2071","3212","2264","4666","3434","3534","4772","2166","2276","1887","2593","2768","3345","2957","2615","3103","2565","3000","1698","4012","2503","3505","3469","2571","4022","3257","1191","1978","3689","2745","4056","2693","1581","2405"
"2.08_776.58","6717","8353","6063","6311","7615","6470","5710","7232","7365","2153","9335","8218","6686","9651","7413","7441","8128","4010","9990","7545","9160","9452","9583","7486","5617","7659","7676","9642","5793","7367","7617","8621","11183","5893","12590","9262","8312","9358","8174","9675","7011","9383","7899","8433","9225","9829","6586","6137","7166"
"2.54_712.58","1933","2685","2542","1954","3743","2820","3195","2269","3329","1826","2313","3086","2910","2857","2512","3288","4178","1992","3403","5250","4578","3090","7817","3348","4258","2807","2684","3018","3223","2403","4997","3294","6554","2169","4195","2444","2666","3531","4184","4227","2957","3619","3464","4213","3779","4659","4767","2684","3779"
"0.78_624.42","3249","3058","2675","3045","3137","1958","2945","3259","3025","1848","2585","3143","1178","3613","2749","3115","5652","1551","3194","3415","4012","2777","8736","3481","3200","3879","3742","4368","4012","3353","4383","3902","8082","2767","3994","5075","1274","3227","3473","4838","3403","5786","4888","2951","5127","4299","7081","2063","4506"
"4.24_603.53","2312","4107","2850","2187","5264","3973","3565","3578","6820","1472","7233","5087","1746","5755","2290","2890","3685","2126","7809","2176","3215","2998","7321","3551","2898","3865","3495","3739","2778","4715","5514","1690","3998","1374","9655","2828","2857","1939","5016","3462","1850","2733","2995","3213","2138","4185","4977","2273","6118"
"3.11_849.70","4998","4799","3606","5593","4391","3149","5426","3472","3364","5400","6340","5209","4137","8044","3250","7434","4720","4828","5035","3269","6166","4843","5769","7921","6563","4795","5288","8837","3921","3429","6654","6210","10484","3286","3462","10526","3582","4726","8698","6635","6814","11812","7114","7834","6090","11479","6321","5231","4956"
"1.53_820.54","5493","8267","4605","4138","6609","2179","4706","2253","4655","1733","5355","4146","2786","5822","6158","3597","2060","2091","4988","3496","4736","4512","1179","5363","2923","4236","3629","2521","3403","4443","3550","3480","3456","5612","8121","4001","3180","3346","5292","5809","5019","4668","3980","6078","4126","3794","3717","2896","3764"
"2.93_850.75","13467","20833","16392","15890","21874","10871","18748","26816","15843","11017","17549","29370","8194","30295","8855","13717","26510","15352","17992","11843","9898","16267","72170","22121","15575","29304","12919","13811","16033","10638","30431","10425","30417","15623","26018","17634","16440","16510","23867","21270","11233","17813","28145","16893","21877","24658","46505","9778","40474"
"2.31_605.55","5053","7347","7193","4061","9069","5559","4819","5746","7932","3308","8049","7915","9262","8276","7529","6522","9254","5660","9570","6308","6447","10059","9121","6363","8451","8451","8554","9039","4773","7120","6980","7601","6695","8775","9720","9637","8361","8316","8094","9391","6107","6554","6415","7252","8672","9151","5965","7318","6777"
"2.53_520.47","3518","2924","2566","2941","2321","2766","3028","3628","2260","2818","3068","3751","4959","3182","2537","4595","2138","4000","2633","2680","2726","3209","1753","2744","4360","3318","2071","2668","1620","2331","2489","2887","2571","5324","1548","2165","2564","2191","3016","2419","3091","3324","2235","2501","2902","2692","2922","6164","1992"
"3.18_950.84","1783","2750","2682","2268","3258","4218","3802","5490","3039","1799","2622","5239","4128","3895","2857","3806","5196","3557","3231","2924","2339","2390","7599","2891","3509","2378","2260","3100","3025","2489","4780","2512","5124","2840","4190","3212","4569","3398","3584","4073","2705","5962","3927","3175","3724","3381","6718","3726","7102"
"3.17_804.63","6408","6286","5304","6290","5061","5431","7219","3452","5761","5730","8830","5963","5261","6766","4544","4882","6486","4098","5452","4467","7073","5070","4312","10759","4520","5766","6789","7898","5653","6488","9274","7862","12487","3161","5589","9762","3451","7668","11389","7902","5977","10213","6725","7242","6510","11432","6887","3259","5471"
"3.02_813.68","4657","4982","2720","3183","4008","4363","3204","3641","4378","1177","5187","4402","3607","3476","5387","4116","5478","2826","4774","4421","4943","4848","3307","4523","4442","4174","3799","4731","3624","3958","6346","4304","4582","3233","5562","4889","3611","5705","4700","4271","3964","4641","3004","3943","4334","4560","3510","3338","4503"
"2.06_965.53","4239","3085","3052","4455","3221","4062","3443","3188","2610","3947","3242","2255","2661","3230","3638","3160","2968","4333","3155","2209","3118","2335","2630","2797","3547","3919","2829","2544","3485","3415","2118","2912","2970","3599","2629","3014","2115","2102","3169","2498","3736","3982","3036","4089","2395","2748","2715","3338","3701"
"1.74_780.23","5031","1698","2968","1344","2139","4202","1614","1917","1634","2162","12724","1989","1034","2579","964","1983","786","1025","2566","1823","2249","2167","9485","1922","12695","3256","875","1434","2285","1162","1275","2352","3194","2437","1229","2913","1165","2945","2347","1111","52631","2670","1702","1556","4777","2618","3127","1407","2274"
"4.11_904.88","2882","1394","3605","1924","3777","2525","2940","2443","1051","1819","2346","1145","1516","2335","2354","3193","2946","2205","4062","1915","3229","2037","4202","3054","3113","1407","2299","2217","2339","1573","2549","2809","2833","1107","2501","3633","2684","2603","3607","3021","2397","3023","3653","4200","3164","2532","3298","2899","2921"
"3.98_944.87","34034","71212","37289","43453","53177","36950","54392","40904","55323","26472","53432","70348","27111","63497","34298","30960","69133","33251","70743","43025","42558","46296","51335","43470","31361","49953","40289","39932","40315","44280","69371","46339","85038","29197","64827","43584","34318","51122","53407","56740","32285","48422","49857","33687","56897","55524","90261","31129","51679"
"1.30_715.54","4835","4027","2815","2931","3952","3261","3073","2757","4869","1967","3812","4045","2666","4693","3744","2951","3789","2266","3958","6401","5683","4603","9317","6312","7220","5175","4191","4315","3314","5279","3664","3950","7547","3147","5910","4612","3443","3733","7073","6360","5371","6107","5023","7081","7747","7315","5072","4070","6546"
"3.74_353.31","1061","2107","1044","3367","1876","3303","2220","1057","2740","813","1598","1242","1191","1883","1680","1255","4321","824","2017","2238","2160","1457","6444","4538","3221","4579","2938","2750","4753","2516","5285","3059","7884","819","2702","6884","1872","6143","7121","6166","3270","5721","5182","3676","5054","6007","8077","2432","10091"
"1.31_817.58","3456","3662","2653","2190","3893","2031","3138","3046","3450","1496","3613","4353","1487","3086","3531","3396","2949","1685","3810","3148","3728","4103","4149","2586","2729","3373","3475","3233","2942","2774","2436","2867","3956","2705","4744","2732","3303","2591","3177","4211","3822","3662","2893","3181","2862","3971","3693","2099","2994"
"2.21_807.57","11659","21936","13340","9113","16613","8084","12797","14088","12184","3827","11142","14151","8536","18829","13522","11024","17215","7105","17996","12404","12311","22694","5376","9980","9561","11178","10940","11263","13341","9961","13550","10635","11605","8656","23444","11863","9780","13521","9957","15421","13057","10934","10493","11850","13058","11115","9625","8363","11018"
"2.60_733.55","2309","1801","2140","2112","2488","4451","3375","2099","4424","1900","2034","2628","1736","2789","2503","2207","5538","1788","5807","6214","6149","2830","8284","3717","5341","3447","3792","5950","4922","3200","5018","3979","5841","1738","3250","3009","2544","3150","3735","6404","4220","4588","4535","3381","4534","5048","4835","3927","3542"
"1.30_690.47","8367","10110","7460","8522","10216","5928","7542","6577","12424","7339","8272","10488","3423","10183","8755","7340","11454","5951","8501","8335","11017","9053","19083","14122","7099","13121","9764","13280","10534","10664","7990","8943","16889","7452","12343","13815","7857","9733","14408","15040","9996","11500","11795","13327","11785","15087","12335","5710","13063"
"4.03_874.84","2375","31016","4258","3170","4742","9507","4319","2644","18472","1927","3619","4109","1876","4665","1415","7362","1576","1894","3895","2334","2532","1843","3318","2196","2190","3583","1692","2351","1963","1378","5032","2091","4287","1871","6246","1774","1599","1618","3139","20847","1830","2135","4047","1323","1701","4735","32161","1618","4012"
"2.73_725.62","1760","2017","1664","2896","2151","2636","2890","1695","3291","1193","1998","1924","2247","2198","2106","2287","4235","1529","4363","3493","4135","2327","4054","3115","4021","3082","3545","4428","3254","1842","3594","4287","6191","1797","2763","3747","2306","3832","4483","3562","2731","2789","3076","3009","3296","4522","4155","2701","2921"
"3.36_948.85","4384","5551","5661","5276","10462","7715","8955","11324","6004","3101","5453","10225","4479","10262","4610","8521","15006","5809","8273","9004","6541","5285","18437","5723","7997","6114","6106","8700","9627","5109","13191","5429","11064","3965","11155","8562","5698","7622","7157","9562","6313","10299","9376","6855","9389","8860","14399","8016","17349"
"1.73_778.23","17286","6526","6564","3364","6421","15679","5912","4659","4101","6083","50979","4574","3365","9099","3977","6501","2949","3331","6690","4319","9743","6675","38254","5125","46664","11288","3926","3990","9611","5052","3666","6510","11032","7511","5458","12233","2600","8235","6963","2949","217729","10267","6097","5967","14571","7237","11568","4715","8832"
"0.43_304.30","38106","15379","17980","19524","29686","24971","19482","14682","41744","34474","9911","27166","17135","28966","31002","27668","9178","13873","28289","17691","22506","53707","15161","20824","18527","22003","12781","15465","536568","12303","15941","31064","33726","22827","18085","38509","18078","21328","26156","39739","16673","16773","15255","14130","19180","30969","15372","15817","17154"
"1.34_830.61","3304","3272","2524","1790","3370","2260","2554","3542","1618","2179","3850","3231","831","2287","2722","2840","2856","1888","3866","3103","3623","3828","7394","3133","3762","4983","3399","3361","2312","3482","3314","3001","8897","3855","8179","4105","2589","1950","4733","3380","2600","3888","3808","2674","3875","5039","1907","2928","2755"
"3.52_935.84","2626","2713","3632","2409","4246","4250","3978","5847","4846","1626","2970","4486","3743","4659","2235","5638","8137","3852","4402","3168","3305","2535","15028","2923","6109","3767","3455","5057","5784","2624","7664","2284","6017","1960","4934","4904","4022","3353","4393","4899","3460","5553","5500","4185","5501","5695","8563","3768","10920"
"3.37_862.75","2449","2535","3283","3242","4566","2677","3290","5036","3361","2115","1660","3428","2156","4933","2154","5159","9205","3206","4280","4218","2971","3000","19589","3162","3697","4486","4060","4924","5344","2419","8093","2671","6784","2264","4408","4710","3215","3702","4286","4458","2926","5190","4961","3882","5215","5260","7223","2692","9739"
"3.18_880.76","1845","4357","2518","2841","4349","4783","4570","4336","4609","2031","2823","5365","4075","6731","2194","4456","6675","4089","4188","3956","3012","2628","14828","3899","3540","2682","3183","3562","3771","2496","4951","3480","7086","2199","5628","4341","3376","3918","4149","4720","3899","5470","4461","2795","4788","4150","11102","2984","8259"
"1.22_678.47","15480","12732","15569","9513","11592","5322","9165","22795","7204","13474","17339","21614","8655","14947","8215","15417","9883","10234","7992","8711","9740","11972","14891","11529","7060","10276","9827","9908","7838","7623","12399","10551","16903","18551","13141","13763","14629","11321","11256","11504","10954","10062","10965","9751","9973","10446","10581","8528","10528"
"2.58_891.61","4171","3768","3097","4203","4087","3534","3377","3602","3555","2611","4240","4082","5193","5184","3820","3438","4032","3321","3945","3911","3528","3482","4047","3751","3288","4045","3333","2802","3339","3811","3640","3433","3702","3644","3631","3647","3613","4220","4667","3384","3333","4140","4535","4076","4116","3245","3466","3876","3763"
"3.22_932.82","2531","3324","2733","2922","4267","4933","3655","4026","3824","1705","2841","3648","2813","3622","2594","3607","6351","3505","4373","3030","3075","1897","7004","3622","3154","4815","3697","3758","2613","3043","4164","3224","4880","2326","5687","3395","3043","3326","3753","4815","2166","4384","5517","2523","4872","4472","4086","2688","7087"
"3.72_920.81","2348","2612","3059","1834","2965","2812","2823","3847","3494","3814","2989","4121","5200","3773","2740","4884","5493","3153","3884","3268","3010","3348","9980","3552","4754","3963","3554","3531","3633","3323","6824","1939","4913","3384","3986","2571","3423","2114","4237","4155","2061","3153","4539","3876","2405","4961","3637","2544","7062"
"2.83_797.68","3352","3826","3398","3395","4471","4844","4134","3189","4050","3036","3701","5361","3216","4012","4143","4091","4965","3036","6573","5888","6034","4728","11244","4777","5078","4184","4614","5891","5309","4186","5950","4467","7246","3495","4818","5302","4174","5583","6086","6034","5177","5910","5555","4153","5822","6534","7376","4288","6314"
"4.24_931.85","3791","11255","7294","3740","12293","7659","8635","6247","14084","3066","9206","8836","3625","12115","5544","7059","8460","5053","18314","3993","7435","9683","15584","8469","7754","10092","11695","8850","6155","10596","11241","4657","13056","3397","14660","7732","4242","2679","11597","6885","3973","4626","9691","6461","5856","10402","11786","5396","14835"
"2.76_694.58","3081","2569","2549","2072","3467","2988","2416","2286","2737","1827","2262","3458","3381","3123","2054","3325","4234","2208","3475","4930","3323","3572","7883","2754","4471","3352","2540","3859","2905","1948","4814","3134","4665","3145","3196","3511","3513","2608","3471","3902","3856","3331","3094","2917","4239","3111","4362","3598","2849"
"2.34_764.66","4745","2690","3881","3032","3724","1625","5835","3017","3200","5895","3482","5228","6532","4630","4170","4788","4621","4700","5417","6601","6004","3229","9316","5157","6068","4631","5659","4643","4704","4065","5731","4273","5559","3781","3700","4124","3827","4185","1686","6500","5358","5643","5459","3402","5950","4966","6825","6447","4080"
"2.77_775.67","2558","2369","3550","1971","4519","2987","3461","2458","2218","1813","3038","2549","2443","4167","2392","2353","3345","1793","4021","3585","3003","4587","2668","4037","3607","2726","2916","3940","2584","2292","3386","3611","4255","3468","6312","3985","2695","4135","2628","3325","2364","4239","2918","2669","3484","2673","2307","1809","2368"
"2.37_790.56","11421","22679","19797","7448","24400","11929","11413","14176","20964","6233","16633","20460","28420","18975","16409","13684","22860","14288","22055","10484","13208","31030","5454","14087","20638","12868","20565","19232","10729","19632","15429","19692","12878","19050","25709","17161","23797","21855","18775","22323","14330","10299","17187","17865","19085","17450","8304","16803","17053"
"2.54_719.56","6504","5094","4532","4677","6560","7204","5380","4983","6162","5431","5420","6729","5843","6242","3439","5048","8144","5257","6963","7999","7929","5251","11289","6142","7793","6911","7336","7913","7279","5148","9324","7476","9444","4691","6487","5074","6076","5709","5991","8305","5809","6556","6123","6520","7930","7034","7536","4865","5270"
"3.46_908.79","1192","1307","1138","1808","1707","2131","1034","1024","3636","961","945","1352","1071","1470","1315","1927","8465","941","4627","1334","1547","1093","28002","7313","2009","6763","2929","3905","1836","2293","7238","2066","10157","1004","1851","7073","1418","2642","6931","4727","1848","2649","6131","4239","1842","8677","6251","785","9413"
"4.24_904.89","2190","4818","3182","2522","6508","3498","4053","3677","7816","1854","7605","5323","1681","7609","1732","3060","3931","1872","11643","2341","3211","2611","8637","3799","3380","4086","4075","4189","2707","4365","7701","2557","5314","2097","9059","3776","2791","1866","5404","3550","2158","2206","2656","3618","2296","5534","4207","2085","7362"
"1.28_732.48","3827","4575","4021","3416","4054","2607","2977","5924","4198","3487","3098","6275","2142","5270","3887","3220","6000","2775","3362","3366","3351","4689","9354","6123","3090","7936","5965","6502","4339","4580","4570","4376","9141","3379","4624","4964","2960","5147","6627","7118","4083","4887","7009","5945","4647","6805","5441","2372","6708"
"3.85_900.79","9368","18871","7917","9837","23383","10604","14218","8909","18408","7116","15266","20629","6760","12267","11452","8478","13633","6256","18766","8421","9799","13023","10545","11772","6519","12091","18245","10042","6941","11658","13630","10971","21849","5744","19901","8349","10774","12298","17131","19209","7236","9763","14381","8837","15331","14470","27473","6350","14773"
"4.52_1025.90","7663","4528","5542","5316","6653","5640","4924","8079","4140","6524","5622","6605","8118","6951","6531","8244","2712","7911","3414","5199","6138","7164","1852","3029","6621","6891","5755","4527","4311","4676","3845","6107","3455","9864","5423","3487","6842","4104","4385","4825","6312","5346","6642","4804","6713","4289","3423","6583","3999"
"3.97_549.49","6990","9511","14685","11756","18440","9251","13605","21915","10198","4701","8181","12952","5381","20262","7739","15445","30779","9618","15997","8595","10594","9562","32734","9041","8597","12605","10925","16576","12738","10527","23858","7918","15840","5026","31372","19173","8411","9823","11425","10326","6816","14615","11775","12870","12392","19248","18000","6260","29560"
"2.53_787.70","3903","3876","3069","3786","4838","7624","5039","3834","6963","2862","4090","5111","4057","4708","4069","3671","6663","3008","8876","7537","8091","5381","5471","5518","7723","5039","6255","7233","7020","6347","7356","6319","6654","2635","5375","4351","4644","5546","4572","7840","6112","5184","5280","5877","6235","5771","3889","7151","5434"
"1.91_575.50","3424","6323","3686","2744","5512","3038","3917","3972","4523","1957","3250","6022","2087","4957","3636","2626","6469","2096","3030","5194","5098","4304","3408","3139","3146","4020","4233","2852","4024","3297","3656","3370","3539","2401","2653","4020","3646","5547","4827","4818","4782","2531","2730","3369","5485","3398","3304","3707","4504"
"1.96_820.57","3650","5499","3259","2642","3474","2171","3442","3583","3887","2698","3942","5082","3638","3843","3114","3975","2834","2962","2971","2692","3043","3627","2322","3937","3819","3293","3271","3573","2925","3183","3213","4065","4473","3359","2999","4562","2634","3319","3489","3847","2975","4303","3964","2879","4634","3747","3600","3716","3367"
"0.83_333.30","3649","1298","1591","1404","1752","1184","3179","2146","1210","1658","1615","2013","2155","6967","2751","1983","1622","1276","2090","1996","2300","4414","1124","1180","2175","4738","1725","1452","1913","2303","1327","2820","3780","2031","4940","3835","2247","3112","1666","1754","2028","3396","2545","2242","3163","1084","1413","2115","1695"
"3.26_1040.83","4368","6125","2531","6440","5493","4217","8221","4545","6206","2553","7636","7558","2959","7131","4131","3038","11417","4012","5988","3166","3295","3846","7607","6183","3342","5132","4409","5075","4200","4915","9238","4336","12656","3438","5988","5301","2776","6504","10699","8248","4330","6525","7772","4589","7247","8063","15926","2907","11783"
"0.29_339.12","2805","3823","4467","1781","1577","522","12073","9960","973","9152","4926","4371","3602","10902","8346","4588","971","2830","704","964","1017","9223","1993","4319","623","1852","1392","3633","972","487","443","1026","1145","1525","18293","1896","1966","2583","1425","3403","1801","1102","2475","4301","3998","446","1082","3348","1273"
"0.22_162.12","23887","14511","12027","5225","8973","6624","10324","21914","5425","13364","15000","12371","15933","10832","6325","16666","7420","15038","3955","14107","3728","21988","4683","6426","3903","6322","4033","5311","4635","3550","6090","4641","10407","14605","9254","6605","18775","5814","8341","7474","2199","3999","5161","6597","4387","4018","9561","4363","5046"
"3.10_909.62","3696","3200","3799","2976","3877","3453","2718","3272","3687","2788","3724","3582","3758","2763","3286","3707","3769","2927","3548","3534","3513","3759","3322","3867","3532","3140","3532","3704","3273","3596","3756","4270","3512","3972","4312","3937","3865","3654","3776","3989","3211","3524","3365","3288","3672","3901","3344","2997","3745"
"3.20_853.73","2527","4775","1801","2741","4282","2557","4093","2333","3023","2589","3423","7558","1611","2553","2281","1900","4049","2228","4104","2862","2978","2570","3675","2170","1961","2824","2149","1933","2046","2597","3493","2775","5086","1801","3097","1818","2434","3482","2731","4031","2652","3766","4057","2107","5138","3335","8246","1491","3311"
"0.32_301.29","19581","21807","6420","21753","22191","58568","32068","8186","66525","29288","14626","13530","20780","17165","19441","22168","5541","12965","20248","15736","14147","165732","28786","10918","18085","19704","6809","11384","23218","13195","26164","28488","95207","25897","32841","32849","27885","59955","20294","16350","24114","14126","7819","13328","18872","10217","7059","14446","27912"
"3.65_779.70","3483","3367","3782","5997","3869","5825","4259","2014","4802","1688","3191","2134","2577","2591","3466","3775","6921","2883","3994","5488","3821","3098","7659","7388","6470","8159","4482","4577","9113","6059","8645","6362","8248","2236","4361","8426","4132","8903","11815","10516","5027","7892","8833","5952","7470","9746","11466","5529","12877"
"2.16_840.51","6284","4933","4590","4837","4607","4420","6229","4863","5071","3825","4906","4684","3820","5506","4400","5874","4448","4949","5420","6272","4244","4620","5752","6116","5562","5578","4959","4823","5700","5001","5982","4358","4709","4645","4350","5565","4851","3979","4532","5389","5031","5329","4623","7106","5080","4744","5131","4892","5873"
"2.24_1536.17","8615","15638","8957","5192","1642","3709","9166","9771","6898","2676","6098","9695","8918","13844","8746","7102","10258","4204","13514","8435","7986","17169","3039","6382","6381","6553","7789","6577","9491","7277","9424","6908","7709","7482","17935","7639","4995","1785","5764","10002","10019","4681","6649","7114","9286","5925","5453","7286","4878"
"1.99_904.63","3916","4610","2188","3908","3498","3322","3854","2378","4294","2082","4630","4430","2195","4404","2835","2624","2837","2990","5649","2439","3620","3723","6759","5247","4729","3380","4568","4132","2665","4025","4987","2993","9135","1252","3279","3519","2656","2804","8083","6690","3694","5571","6628","4748","4230","7161","6808","4034","4348"
"0.33_297.24","4627","3720","2793","3073","2258","3173","4357","5286","3436","1986","1805","3292","4244","4977","2303","4295","3783","3748","6957","5206","1650","2648","2874","5441","4675","5073","3872","3745","3515","2215","2818","2611","4710","5329","3979","2648","3690","3042","2163","3821","1950","3360","4368","2218","3495","2615","3776","3363","5110"
"3.68_928.83","5578","10024","8830","12051","12146","8907","7960","10743","9303","5808","5784","13235","3656","11761","9240","8190","12856","5568","10659","6094","7392","5065","5073","5500","2723","9246","10938","7801","6448","7454","8853","9972","10603","3739","25870","7208","6870","9471","7513","7810","4321","10033","7191","7281","11488","11359","15344","3334","11433"
"2.05_691.57","5717","4504","5308","2952","5553","3188","3915","4714","2907","3325","5653","5569","5640","7464","3651","4478","2639","4898","4541","2899","4659","3704","4033","5183","3905","4528","4354","5894","3470","3161","4946","4797","7234","3930","4725","4721","3734","3464","4454","4373","4714","6017","5105","4912","2935","6372","4310","2575","2965"
"0.18_128.04","8736","11384","12486","5728","7911","4735","7890","29056","4467","11863","4969","12634","21618","6996","10834","8424","1973","15180","3129","7098","4608","7374","2714","4088","3515","2733","1808","2976","2292","3066","18428","2489","3429","85332","4638","3281","21224","2201","4626","4852","3770","4037","4543","1856","3779","5168","3898","4433","5939"
"3.77_929.74","3686","5279","3383","3775","6132","3040","6017","5934","4654","1944","6452","6607","3372","9143","3010","4244","7247","3831","6183","3646","2739","6068","9585","3464","4120","4704","3681","3643","4321","3144","7527","1633","5160","3663","4915","3145","3150","3069","4687","4260","3104","4011","4710","3261","5338","4091","9491","2343","8261"
"0.20_187.04","69325","13596","38730","9926","16385","6906","9166","104207","15406","33659","18719","45391","59049","24269","18475","39284","7014","64614","5352","11092","7118","46090","4571","4863","8033","5584","12036","7859","6525","4611","10840","3832","4730","177992","15274","4339","58613","14498","14519","9414","6405","8791","4805","5593","12717","8410","8742","5776","17689"
"2.38_747.57","2594","5525","4612","2010","5060","2445","3945","4229","3043","1418","3133","2858","2091","6070","4014","4969","4471","2789","2558","5035","3259","3635","3237","3297","4067","3352","4466","6939","3946","2380","3367","3577","3644","4128","6863","6442","3130","3916","2544","5735","4106","5704","2704","3627","3860","3714","3184","2076","5154"
"2.86_785.71","5100","5112","5446","2574","5947","4167","6287","4487","4450","3705","5754","6845","6811","5805","5814","6368","4515","5463","6371","7762","5149","5771","6795","6176","4644","4703","3549","4668","3890","2831","6643","3797","7394","4704","6102","5349","5664","4651","5194","5115","3531","6269","4472","6334","5345","6653","6212","5200","4866"
"3.37_934.83","3092","3767","2884","3155","5679","3721","5625","6618","5649","1888","3078","5105","3086","5935","2526","4403","9485","3644","5114","4198","3737","3029","16008","5696","3995","4215","4843","4754","4386","3126","7762","3440","6367","2642","6802","5096","3698","4157","6312","5843","3265","6819","5343","4634","6260","5309","9949","3877","10659"
"0.30_536.33","3212","3437","3028","1824","3330","2481","2874","4297","3447","2519","3389","4124","2351","3191","4900","4533","2264","2585","2960","3164","3319","4698","3945","3316","2615","4051","3433","3862","2408","2886","2029","2652","3237","3278","3969","1862","6293","2754","2765","3765","2026","4425","2711","2272","2555","3383","4004","2365","3432"
"3.77_994.86","11074","16909","9238","11277","17961","7138","17085","17735","13996","5471","18273","20437","7984","25137","7466","12252","21260","9088","17179","8616","8371","15725","27356","10021","11708","15091","7785","10122","10128","7974","17546","5072","15812","9580","15756","7405","10050","8093","13004","12000","7437","11064","13972","9576","12237","11158","27900","7737","22072"
"3.14_1003.87","1548","3373","967","1219","2581","3800","2909","2461","3054","1847","2478","3729","2474","2241","2466","2235","2971","2238","2979","2003","2692","2505","7251","2774","2776","1987","2800","2287","1926","1841","3195","1949","4171","1806","2412","1837","3798","1712","3324","3192","1370","2016","4253","2532","3789","3020","3868","2252","2943"
"3.47_800.70","4844","8931","7124","6377","8849","4217","6877","5669","6016","6890","8364","7964","5411","8611","5288","6905","6698","3720","5729","8855","6794","8284","5683","6405","3726","6276","6626","5810","4784","4547","5616","4192","6270","5268","7355","3911","6225","6088","6861","6632","6012","5774","5629","6184","7109","6568","6797","3341","6555"
"3.18_881.76","1449","2009","1792","1612","2425","3078","3077","3576","2203","1658","2203","2578","1958","2596","1984","3582","3816","2226","2979","1949","2355","2015","8325","1853","2236","1384","1727","1751","2041","2001","3895","2326","3694","1618","4012","2460","2503","2695","2792","2770","2553","3031","2938","2317","3058","2423","6317","2420","4861"
"2.59_870.56","2185","3597","2908","2262","3061","2464","3864","3074","3590","1387","3324","2918","1971","3101","4243","3462","3970","2414","3391","2403","3518","3858","2753","3115","3778","4023","3552","3328","2659","2854","2984","3274","2557","3090","3412","3930","2927","3249","3573","2921","2801","2322","3802","3370","2086","3397","2588","2866","2761"
"1.15_536.47","38102","28764","16375","17430","15608","12887","18170","19277","11437","13325","22999","20016","19050","27099","11763","18565","10030","21300","16866","8892","16777","16218","14347","21914","27330","14482","15632","19568","11800","16127","13290","22212","18649","25925","17393","13722","15563","11023","16218","19404","21208","20407","16563","15044","11547","16148","14715","15627","8718"
"2.75_714.60","3819","5072","5612","4240","8098","5868","5547","4816","5626","3137","4141","6209","7274","7085","4120","6565","7552","4042","7012","8593","6631","5244","10979","6099","7762","4787","5216","7095","4950","3988","9154","5152","10872","4066","7874","6887","5348","5418","5877","7653","5212","7058","5565","5317","8465","7355","9176","5006","5608"
"2.09_690.51","2770","3260","2569","1266","3605","4121","1353","6564","3866","1304","2289","2993","20208","6921","3880","7691","3788","10231","2405","7460","4841","4967","1329","2855","8582","1470","2739","2338","1781","2899","2553","2934","2132","9976","4242","2104","7336","2328","2664","3182","4012","3635","2300","1220","8154","2400","3555","7049","2849"
"0.46_329.32","9394","10283","4054","9052","9778","22177","14366","4183","23248","13853","9573","8466","8407","9681","10080","12867","3457","6253","11119","7570","6499","96338","14609","4869","9618","10931","3325","7421","12571","6011","12717","16326","42495","9981","14779","16635","9239","22244","10052","8921","12256","7977","6832","8230","10472","5747","3911","6944","20188"
"3.84_575.50","4358","10664","7406","7289","11210","5225","8501","7895","7309","3794","8399","14692","3900","10993","6695","5694","12558","4593","9352","6258","5923","5220","7765","5580","3325","6590","5752","6478","5229","5650","10383","7921","20042","3231","18246","5950","6038","11442","8554","9896","4366","7060","7274","5241","10687","9591","24396","3448","11037"
"3.84_601.52","2736","6534","3155","2864","9631","4062","5077","2785","6631","2421","4871","8224","2533","4827","3438","3264","4527","3194","7358","3525","3329","4343","5106","3985","2282","4635","5291","3862","2774","4263","5656","4002","8842","1984","9452","3666","3366","4923","5003","6666","2548","3774","3797","3426","6019","6385","9379","1973","6264"
"2.89_778.66","1700","2381","1465","1988","2413","2581","2676","2594","2476","1239","2424","3738","1120","3070","1518","2364","3431","1942","2170","1927","2468","1723","10057","3638","2301","3025","2298","2314","2128","2004","3185","1519","3898","1632","2801","2586","3054","2717","4033","2907","1659","2239","3105","2438","2232","2887","5882","1374","3583"
"2.14_848.66","3568","3308","3288","2950","2631","2793","3432","3480","3760","2336","3165","3091","5002","3350","2562","2754","2778","3230","1700","3684","2813","3394","3068","3169","3555","3031","2357","3996","3066","2457","2972","4426","3964","4554","1924","2962","2656","2694","3539","3465","3676","3120","3710","3764","2708","3597","3004","2691","2551"
"3.13_950.84","2560","2849","3481","2442","4197","4336","3571","5145","2928","2395","3352","5265","3275","3907","2330","4807","5300","4218","3563","4017","2578","2339","10053","3165","3842","2390","2397","3382","3338","2459","4465","2218","5048","3265","5395","3826","3664","3456","3675","4245","2702","6136","3856","3315","6011","3688","7619","2150","7499"
"2.70_802.63","2883","3621","2578","1953","3254","2265","3159","2652","4900","1609","2676","2673","2202","3693","3092","3631","3843","1908","3806","2807","3025","3536","3065","3344","2659","2387","3967","3923","2305","2568","3727","3355","4198","3104","4373","4274","2667","3050","2981","4509","3206","3084","3109","3008","3315","3823","1972","2455","2498"
"2.07_783.52","8298","7041","7830","8733","7417","9803","8565","8088","7940","6639","8588","7094","7592","6327","9004","7618","8439","8782","7327","7575","7936","7249","8761","8403","7708","9242","7525","9044","9166","8306","7232","8992","7446","8265","6397","8491","7714","7312","8438","7050","8114","8649","7715","8499","7886","7973","8838","8309","8442"
"0.20_186.05","16679","3443","8514","2911","4700","1823","2405","31347","3733","8486","4844","10428","13616","5698","4445","9695","1640","13940","1181","3507","1991","11051","1570","2056","2110","1962","3185","1939","2134","1466","3268","1857","1486","52515","3319","1196","12660","3746","3476","2933","1887","2806","1387","1550","3657","2272","2110","1427","5053"
"3.12_800.67","1178","1267","850","2034","1845","2303","1052","1728","5675","878","2291","2521","560","2032","1503","1756","11018","881","3138","1999","2360","1473","9339","11800","1769","6107","4965","7023","943","2699","6758","3770","9662","1150","1132","8627","538","3265","9848","7163","1580","4053","5167","4765","1595","11565","3930","1970","5810"
"3.99_984.90","35396","63757","27453","30358","67662","48770","45941","32494","81998","26327","60074","71213","25151","45390","40828","33191","43197","23447","79871","33108","40957","59079","43676","51070","29686","53322","72431","36084","34287","60192","49691","32727","64460","20967","64947","32164","36961","36113","68886","65314","28583","32857","58496","38195","47959","56730","65673","29002","49538"
"2.07_741.53","6555","6742","6672","4387","5890","7643","5147","7215","6611","3164","6868","8479","7951","7287","6487","7421","6522","6198","7209","7095","6716","8461","6031","7395","7427","5600","6264","6800","5321","7393","7018","6150","6332","7724","7683","6545","7867","6577","6410","7238","5122","5452","6111","6381","6905","6323","6154","5788","6043"
"1.67_672.56","2806","3392","3252","2398","4152","5092","3151","3547","4056","2677","3168","5005","3668","4297","2982","5804","6748","3230","4808","6976","6078","4188","12196","4174","6801","5845","5397","4943","5275","3666","7151","5272","8693","3549","4508","4277","4983","3899","5190","8099","6381","8648","7040","4208","7059","7070","9172","5183","5990"
"0.80_394.35","3147","2195","1830","3013","2193","1706","3191","2019","2149","1700","2347","3442","3169","2302","2612","3543","2071","1683","2967","2516","2177","5151","2187","2209","3678","4648","2164","2100","3028","2010","2273","1548","2991","2173","2880","3360","2228","1907","2245","2701","2204","2294","1708","2132","2896","2662","1829","2691","2380"
"2.06_858.59","3187","6468","4742","3179","5417","3379","4340","2653","5763","2525","5146","4780","3225","4315","3264","3093","2701","3348","4044","4214","4753","4929","2097","4512","3907","3160","4657","4172","2628","5448","5101","3576","5239","2345","4875","3450","3340","5136","3889","3243","2751","2237","3537","5143","4436","3819","2958","3577","2908"
"2.21_782.66","3811","2751","3437","3469","4532","7060","4334","4845","4585","3760","3945","4181","6099","4210","3572","5186","4687","4330","4348","6307","5627","3586","11744","5502","7567","4203","4506","4406","5090","3552","6394","4129","6649","3905","3469","3898","5537","4659","5131","4479","4905","5936","5671","4056","6512","5113","7610","6654","4787"
"3.39_898.76","3587","4105","2210","2475","3144","4547","5150","2823","7182","2079","4338","7977","2456","3662","3447","3170","6576","2674","7185","3629","3422","4001","11951","4935","3031","3711","5161","5580","2925","4015","5373","2644","6595","2424","4348","3894","3751","2509","6337","7687","2914","4868","6834","3156","4113","5470","9846","3061","3993"
"2.61_654.58","2646","2974","5100","2602","3717","1742","3106","3318","2035","4449","3773","5038","2606","3679","2279","3115","2528","2060","1869","3402","2280","2780","2724","2697","2675","3931","2906","2836","2788","2143","2747","2371","3010","3216","3652","2955","4538","2292","3000","3204","2992","2851","3147","3044","3403","3453","3589","2304","3054"
"2.39_868.54","4183","3650","3629","2622","4433","3309","3947","4173","4356","3381","4927","4312","2406","3766","4105","4019","3354","3463","3493","3669","3570","3749","3087","3264","3482","3733","3460","3573","4011","3598","3270","3737","4111","3551","3593","3585","3610","3900","3024","4453","3456","3865","3394","3789","3612","3523","4006","2806","3595"
"3.19_738.67","5491","7996","7536","4976","8762","5094","8965","6959","6809","4724","5926","7399","7423","8215","5385","7312","7813","4803","7703","9629","8418","8891","11988","7836","6342","6932","6584","7852","7714","5974","8755","7380","9532","5756","9471","7856","6484","7107","7059","8038","8404","9152","7039","8576","7647","6927","7613","7043","8477"
"2.14_838.61","8681","5733","5064","4697","6957","5697","6709","5493","7996","4546","7041","6411","4150","6132","5970","6639","5585","5056","6017","3449","6816","6487","5270","6430","6924","6196","6172","7725","6357","5728","6213","9226","7970","5428","5247","7851","4709","5042","6497","7152","5990","7842","6639","6987","4415","7449","6376","5936","4777"
"2.33_746.57","948","2387","13581","1315","951","1793","1088","5443","992","2559","3921","751","3498","15490","1404","1771","6077","6875","1907","6516","1863","4226","5096","4495","4538","2730","1731","1271","12606","3201","4318","2573","2915","3993","22416","4586","762","5531","1288","1790","1176","7261","1319","3935","4588","966","1480","1237","6174"
"2.16_847.65","6425","5398","6996","3250","4278","4501","5160","6186","5108","4628","5600","5623","7778","6108","4348","4044","4866","4455","4111","4774","5419","5195","3962","5530","5690","5077","4975","5827","4751","4309","4840","5807","8002","7336","4494","5341","5455","4352","5332","4582","4995","3966","4748","4481","4785","5493","3964","4734","4515"
"3.35_988.85","3285","3733","2069","4391","3504","4081","5071","3748","7049","2452","3396","4641","4789","4998","3309","2794","7670","2601","6588","4276","3368","2137","19558","6617","5879","5962","4704","5641","5315","4247","9173","4435","12973","2745","5768","5360","5326","5763","8575","7263","4586","6069","7695","5560","7028","7080","15297","4041","8815"
"1.79_518.46","2035","5560","3438","2285","3522","1940","2916","1795","3420","2305","2774","3298","2777","2572","2428","5736","1919","1556","3501","1775","2532","4547","2385","3043","1978","2696","2516","2296","1630","3156","3722","2842","4002","3661","5395","2885","3550","3951","3478","2399","2610","2561","2352","3432","2894","1955","2717","1804","2654"
"2.75_639.55","1475","1177","639","6664","1274","9321","2449","474","7667","596","866","979","1485","1030","6650","1444","4738","1018","10237","6315","6530","1065","2133","2209","9328","4271","9495","6834","6426","3733","2526","3474","2088","480","2052","3427","925","2937","2325","4599","6533","3262","3735","6118","6184","3007","2986","7245","2491"
"2.42_603.53","2383","4147","2321","2204","3239","2555","2250","2247","5522","1399","2695","2840","3957","3261","3574","3631","4930","3036","5224","2503","3257","6522","2676","2617","3118","3924","3718","2931","2482","3937","2998","4028","2332","2950","3876","2965","4542","3488","3806","4011","2781","2612","2626","3468","3561","4092","1479","3349","2213"
"2.35_780.69","5834","2975","5274","5364","6026","7238","7088","4479","4461","8277","6108","5900","7090","4572","5024","4082","4750","5715","5630","8353","6836","4376","8117","5088","7858","5133","5451","5773","5855","4531","6543","6181","6882","6035","4275","3768","8283","4874","4511","4526","6912","6364","7002","5830","5349","4651","7493","7425","4023"
"3.31_768.71","12251","11387","12088","7954","16525","11259","13640","15593","10975","8946","11416","15115","14196","16237","10292","19495","18643","11221","17110","21563","17718","17203","25243","14424","20026","19693","12107","19744","15634","12807","21326","12351","15972","9849","15980","15463","13642","12140","13134","17139","12207","19290","14591","15156","14842","15484","14620","21425","15067"
"1.97_747.60","4753","6156","5956","2733","7194","4884","5385","5333","5867","2625","6914","7349","5874","5991","4632","3647","4773","4298","5198","6558","6067","5296","7328","7387","5278","4763","5830","7414","4582","6647","6255","6074","7298","6477","6316","4699","6018","5891","5842","6139","4497","4422","6512","5018","7188","6682","5903","4570","5821"
"2.73_770.69","2599","1943","2462","3460","2921","2591","3160","2285","3088","1595","1907","1841","14397","2820","2781","3897","3071","4530","3739","3021","4249","1804","4163","3899","3704","2699","2936","3776","2485","2629","3447","3002","4478","6523","2700","2758","2905","2834","3283","3398","2684","3224","1629","1926","3306","3250","3170","3128","2757"
"4.52_1068.97","29858","20860","22372","21957","24783","22864","17744","35282","15312","30577","23512","24290","35372","24320","27687","33691","8195","31175","14571","24350","22966","31064","5843","11961","26344","26129","22365","15775","19868","20850","11242","21970","12738","39501","19791","12531","21769","17002","17058","19834","27200","21930","26952","19979","26238","16177","16017","28730","14809"
"2.54_678.60","5333","3419","2721","3815","3109","2472","2857","4548","3163","2584","4307","5433","6880","3620","2791","4942","2451","4486","3129","3167","3002","3550","1774","3369","5039","2514","2221","3395","1979","3767","3033","3436","3243","5344","2361","2368","3436","2152","3298","2706","4012","3573","2742","2666","3995","3294","2557","6862","2892"
"1.85_799.57","2686","5481","2949","3059","3587","2495","3038","3497","4892","2020","2962","3222","2848","4448","2931","3368","3492","2287","4670","4327","3819","2917","5307","3917","3054","3106","3241","4113","3524","2887","3567","4024","5816","3220","6849","3660","3197","3931","3372","4256","2513","3808","2471","3092","5645","3666","4696","2266","3594"
"1.34_728.49","3815","2935","2397","3298","3477","1640","2887","2711","3573","2077","2627","3259","1677","3704","2946","3898","2984","2423","3642","4061","3201","2955","3106","3600","3397","2599","2286","2151","3041","2140","2883","2293","4529","4298","3141","4346","3263","2573","3093","3665","2427","3380","2775","3560","1746","2838","3026","2019","3711"
"1.97_820.63","3147","3003","3028","1953","3217","2855","3857","3317","3094","2119","4513","3491","2447","3550","2843","2395","3030","2206","2988","2555","2940","2761","10119","3404","3108","2798","2907","2633","2835","1432","3823","3085","4110","2721","3057","3242","3468","3188","3777","4047","2597","2490","3513","2610","4416","3071","5582","3020","3664"
"1.98_857.63","2965","5214","3141","1864","2898","1887","3614","2920","3007","2163","3239","4197","4101","2797","2523","2935","3878","2956","2803","3872","2831","3552","2646","3049","2967","2709","3395","2736","2456","3708","3148","2485","3894","2898","2877","3643","3181","3178","2759","3828","2189","2773","2435","2565","3549","2961","2279","3292","2184"
"1.98_601.52","6655","10851","6111","3898","8371","5089","7059","7556","8183","3071","8889","10921","9671","9739","8343","6414","9284","5853","6812","8863","7303","12294","5850","7214","8287","8167","7351","6475","5204","5490","7802","5115","6523","6805","11169","5937","7598","6990","5414","8872","5985","5571","6524","5669","7613","6614","5653","6099","7175"
"2.28_719.61","3566","4130","3704","2003","4413","2638","2807","4420","3915","1876","3997","3770","4431","4695","3876","3063","3310","2361","3800","4259","3013","4739","3056","3821","3557","3572","3599","3966","3065","3198","3970","4151","4953","4038","5444","4629","4288","3519","2725","4572","3325","3334","4345","2941","4151","3702","2459","3770","3619"
"1.88_600.52","58586","2823","7610","2721","2617","2193","1896","4379","3367","1804","2610","2734","1451","5270","2953","2018","2204","2418","2187","2212","2813","3508","5821","2442","2872","2124","2589","2538","2979","1860","2528","2362","3646","2928","3549","2887","2981","3482","2028","2256","5467","1276","2795","1874","2217","2607","1380","2174","2051"
"3.60_754.71","2199","2415","2445","2817","3568","3042","2806","3366","3078","2028","2164","2533","2997","3229","2343","4730","4959","2650","4019","3661","4521","3397","8657","3237","3274","2900","2755","3764","3217","2135","5117","3090","5441","2303","3185","4170","2235","4105","3641","3907","2360","3719","3483","2694","3635","4040","3904","4308","3684"
"2.53_743.63","3866","3903","3817","3821","4466","5664","4938","2935","7441","2911","3821","3229","3851","3422","3844","3645","6503","3052","9179","8671","8044","4298","4498","4742","7482","5661","7342","7576","6416","5404","6894","6562","5421","3519","5437","3910","4026","5299","4085","7441","6564","4946","5317","4730","6998","6259","4514","6019","4113"
"3.79_1006.88","2641","7164","3505","3493","4668","2018","2925","3255","4446","1936","5651","4468","1848","4927","2896","2618","3993","1629","3953","2552","2964","4589","2142","3426","1637","3471","3682","3267","2714","4559","4322","3930","5859","2025","6557","2704","2867","7701","4126","4239","2593","3019","3711","3211","4633","3423","5819","1534","4488"
"2.53_798.63","2897","7180","5136","3842","5954","2787","4254","3427","4929","2667","4692","5805","3128","5320","5114","5213","6047","2639","8546","4176","4834","9532","3261","4629","3728","4464","4168","4391","2221","6126","2943","4064","4290","4253","6823","5116","4249","5088","3331","8121","4352","3150","3725","7528","4091","5879","1746","3866","4042"
"2.88_823.63","3354","3281","3542","2163","3851","3828","3238","3409","3034","1902","4001","3448","3216","3393","3840","2779","3409","2554","3357","3617","3774","4803","3243","3397","3628","3234","3229","4151","3487","3421","3414","3435","3310","3574","3944","3386","3197","3361","3531","3654","3123","3692","3131","3076","3779","3994","2985","3189","3007"
"1.19_371.10","9962","4599","6968","1713","5374","10828","4546","2970","3934","5317","25378","4988","2998","6443","1973","4715","2665","3021","4926","3619","5262","4138","21776","3182","22259","10010","3375","2969","6011","2858","3666","3659","7953","4107","4794","7435","2629","6140","3290","2395","117049","6917","4160","3608","8944","3591","6554","2237","5807"
"4.25_962.91","29590","64918","98255","56818","104042","89861","70898","134226","129542","24221","182672","93375","37753","155469","48908","80388","88050","77084","180094","49355","66597","53100","115166","57291","71118","68576","60029","94962","75588","86336","125816","40195","67901","32782","200004","82661","44001","50892","76295","56380","51553","80916","46577","77485","55582","86587","91674","30856","148637"
"3.02_1102.83","6431","7218","3135","7880","4580","6342","9507","3795","7691","4877","9599","9352","3531","11248","2946","3252","10901","6597","9199","3235","6043","3968","10565","11048","5081","8918","6395","7952","5952","7073","12080","8257","29797","3023","5801","12895","2536","8579","19126","11156","6615","14804","12525","6272","7786","19830","25712","4130","10471"
"0.80_438.38","4067","3174","2601","2985","3063","3069","5110","2398","3016","3206","2636","5515","3019","2553","3057","2944","2738","3288","3426","3458","2726","4986","3557","4112","5456","3288","2578","3098","3071","2754","3263","2989","2012","2871","3246","4077","2613","3123","3768","3007","3465","3429","2736","2822","3366","3211","2966","3272","3466"
"1.72_803.24","6388","1953","2071","1465","2316","6190","1959","1898","1596","2077","14184","1837","1152","3580","1571","2280","1469","1295","1869","2021","2628","2103","9311","1799","11779","4146","1498","1563","3343","1348","1315","2395","3856","2444","3364","3938","1371","3085","2565","1444","64299","3276","1975","1839","4890","1652","3953","1286","2188"
"1.79_431.35","2211","6208","3537","2173","4454","1920","3143","1720","3501","2190","3228","4377","2899","2989","2865","5772","2028","1876","3901","2208","2603","5864","2680","3794","1645","3535","2978","2409","1830","3430","3694","3805","4794","2555","5208","3727","4000","5017","3713","3331","2801","3001","2802","3279","2927","2610","3219","2284","2541"
"1.53_777.58","4499","4174","3065","2180","5693","1710","5386","2203","5572","1600","3558","3886","1751","3857","4011","3569","2975","1827","5694","4815","4696","4015","4186","4726","3454","4104","2801","3822","2878","3688","4329","3033","3834","3724","5449","5242","3716","2417","3513","5567","3571","5213","3898","4430","3377","4242","3422","2366","3110"
"3.98_881.75","3481","7706","3665","5193","6336","3924","5581","4473","5029","2705","6296","7774","3805","7398","3868","3235","7754","3958","7807","3829","4972","5666","5809","5226","3882","5313","4333","4747","3932","4386","6934","4754","10192","3175","8346","4892","3308","5191","5896","7568","4139","5458","5230","3372","5546","5533","9223","3836","5746"
"2.88_924.78","1724","2139","1099","1936","3050","3150","1804","1953","2555","1149","1597","2559","1589","1397","1081","2015","4570","1331","3640","2815","2931","1199","8984","2082","2974","3423","3134","2277","2396","1777","4023","2517","4211","1572","1958","2304","2435","2097","2619","3824","2340","2932","3996","1919","3383","2718","5465","2686","4637"
"1.61_683.52","6428","7250","7119","3228","7207","2278","3538","13035","2562","5157","7579","14540","5413","10867","3227","5837","3410","7507","2604","2399","3011","6301","7484","3782","5453","3073","2629","1961","2459","2843","4028","2982","4835","6951","8851","2324","7942","2820","3627","5387","2587","3669","4319","2514","3990","3504","6638","2448","4271"
"1.76_642.55","2682","2887","3555","2337","4006","3352","3088","4325","2551","3901","3222","4730","4674","4730","1647","4122","3418","2891","2396","3587","3195","2698","8984","3551","4091","4302","2527","3375","3999","2010","6217","3281","6418","4252","3519","3670","4466","4210","4863","4973","3451","5834","5392","3507","4121","4844","6975","2820","5835"
"3.35_920.83","2247","2299","3968","3286","4731","4533","4157","8829","3886","2407","1747","3835","2745","4647","2613","6390","7993","4621","3772","3495","4167","2306","12756","3055","4040","5018","3257","5170","5806","2924","7020","3589","3948","2089","7245","7105","3053","2849","3447","3757","3048","7087","3340","5853","4715","4673","6297","2834","12018"
"2.95_792.67","6116","8648","4553","5050","8123","4766","7352","6793","8190","3224","6577","10453","3528","7782","3854","4959","8785","3323","7915","4447","6330","8308","36847","10526","6312","8697","8249","5358","4331","4433","9963","3881","10521","4163","7676","6071","8133","5817","10028","8416","3994","5190","11290","6433","6711","8294","14376","4115","11078"
"0.49_228.27","7976","3698","598","1016","2747","5698","3248","581","3678","4312","713","5150","2060","9973","7746","938","1573","1367","1125","1530","2062","1544","2260","3462","8170","3663","1163","667","1514","908","3238","2093","3164","1374","2059","6072","2134","4266","1419","2819","5601","748","824","973","3119","3675","651","1148","4449"
"1.34_803.53","1689","4519","2144","5622","2652","4658","3223","2709","5807","1548","3504","3654","1665","4704","5560","3008","5379","1362","4571","5116","4620","2786","15812","8112","2732","11250","7066","9331","5735","8717","5759","5749","15053","1698","8594","7793","3237","6738","10298","11710","6530","10691","9232","10029","11799","10559","11052","2238","14980"
"1.30_419.33","3765","3545","3616","3471","3110","2289","2998","3130","2537","3724","2522","2545","2730","2333","3390","3494","2995","2357","2697","3168","2913","3612","3390","3153","3414","2489","3063","2851","3556","3485","3196","2880","3794","4743","3331","3171","4284","4890","3504","3404","1873","2157","2774","2453","2193","2240","2332","2454","2611"
"2.75_719.56","3177","3727","2648","3122","4460","4068","4035","3668","3794","2160","3514","5216","5632","4610","3111","4530","4697","3249","4622","5815","5084","3701","6054","4607","5412","2822","3905","4969","3620","2997","5989","4023","7076","3225","4606","3893","3755","3498","4352","4441","4270","4079","4606","4034","6036","5343","5737","3884","4500"
"0.19_233.05","4001","1129","4822","1034","1526","992","972","13067","1389","1991","1549","3948","3338","1514","1227","2709","987","4530","1284","825","1043","3279","652","1204","787","1057","1428","1244","927","657","1143","660","971","13068","1069","817","3563","1280","1247","921","684","860","839","529","1210","1187","1113","840","1443"
"4.48_1313.13","1854","6196","3743","4800","6577","3879","13798","2617","5207","4652","5253","10117","4066","10179","3004","2265","11589","1832","10671","5524","4680","4620","20328","4345","4475","3658","3705","6683","4470","2311","10479","3462","10943","1022","6005","5058","3739","3887","7012","5824","3698","6576","7758","5970","5620","8410","10327","2682","3456"
"3.19_913.75","1520","2833","1525","1804","2561","1912","2308","2179","2927","1147","1805","3464","2143","1851","1259","1859","4231","1895","2323","2471","2162","1965","9024","3567","2362","2233","1922","3030","1629","1414","4009","1909","4806","1655","2841","1957","2575","1745","3477","3331","1887","3391","3994","2271","3727","2014","5751","1894","3889"
"2.34_761.00","2376","3192","3656","2238","3482","2377","2102","2557","3039","675","2693","3845","2049","3867","3236","4082","4318","1627","3593","3380","2838","4780","3598","3345","2482","4279","3257","3612","2676","2802","3711","3242","2946","1788","3271","4205","3000","2935","2025","4328","1924","3196","3556","3459","3475","4312","2713","2380","3730"
"1.61_661.47","4568","4240","4298","1899","5546","1214","3700","8593","2279","3524","5187","13065","4259","7746","2037","4189","2174","5072","2002","1963","1816","4858","5692","2850","3348","1966","1529","2046","1410","2362","3369","1898","4242","5205","7595","1936","5768","2217","2838","2842","2112","3146","2603","1728","2753","2978","5732","1744","2817"
"3.59_840.78","1096","1424","922","9090","1297","17776","1356","822","20880","1125","816","369","600","921","1642","1014","39023","1223","10546","1105","7410","729","47911","47969","4399","34935","16209","17951","4710","12530","32861","17202","53036","881","1259","40741","1018","20265","60096","42671","6536","18618","38211","24504","11315","59223","26840","1837","48292"
"0.92_397.33","4109","3803","4098","4104","4033","3067","4256","4828","3041","4153","3484","3131","3584","2696","3581","4551","3102","3476","3770","4239","4178","5494","4043","3408","5053","3333","3559","3382","5175","4013","4223","4532","4199","6745","4496","3454","6325","7621","4786","4326","3298","3023","3049","3715","3111","3343","3250","2750","2871"
"1.38_708.48","5875","5732","4091","3557","7448","4170","4933","5768","6020","2662","3386","5180","2606","5096","5473","5063","5514","2363","5433","3857","6116","4829","8594","6192","4829","5916","5703","7469","4290","5132","4712","5403","9305","5696","6483","5292","4867","4308","4506","5632","3742","4783","3858","3743","3500","4718","4589","2180","3135"
"4.24_577.52","2234","4497","4702","2739","7295","4910","3924","7825","8565","1428","11964","5754","2012","9883","2574","3620","5620","3522","14027","2871","3134","3757","8267","3297","4152","3703","3380","5824","4551","4338","8928","2675","5873","1501","18044","4862","3141","3204","4643","4374","2727","3445","3094","3764","2278","5733","6049","2608","9478"
"1.56_642.49","5988","4175","4489","2505","6320","1250","2665","8573","1510","3177","4688","13379","3405","8511","1931","4216","1847","4326","1975","1965","1454","4773","4052","1990","2615","1623","1375","1504","1817","1457","2305","2040","2682","5312","8351","2240","4902","2031","1949","2608","2375","2405","2417","1746","2934","1956","4941","1438","2709"
"3.39_914.78","1177","3464","1744","2500","3355","2759","2537","2458","4248","1324","2576","4206","2372","2385","1450","2449","3669","1850","5792","2313","2332","3529","7417","3046","2435","2024","5359","2739","2102","2408","5314","1801","4386","1082","4502","2627","1926","1934","3958","4467","2362","2437","2465","2076","3790","3291","5463","2319","2958"
"0.21_164.13","9798","1560","16985","7157","7910","2381","5589","1266","9845","8397","2638","6535","4443","3547","10828","5128","4332","5827","3754","4550","6485","6814","6169","47749","6466","4299","3080","2137","2344","3636","7884","7312","5045","10588","1069","29506","987","3973","8817","24756","3624","6647","6488","10000","6720","5229","3945","3623","6056"
"3.28_694.68","6957","6191","7128","5933","7240","5841","5818","6882","6830","3584","5982","9711","8069","6840","7549","8801","6249","6016","7067","6617","7647","8974","3493","5860","9093","5370","6271","7489","4624","8214","5186","6847","4995","9027","7577","6021","6051","6314","5726","6653","5849","6199","4578","5749","7385","5726","4744","7953","5498"
"1.88_820.56","3762","4219","4475","2787","3268","2805","2427","2722","4148","2622","3705","4263","2532","3879","4132","2914","3183","2780","1838","3161","3344","3478","2527","3489","3897","3095","3803","3942","2414","3093","3293","3160","5078","2708","4324","4144","2892","3131","3837","3530","3880","3730","3394","3053","3128","5114","2982","2632","2550"
"3.98_932.87","46695","81526","84564","74522","93324","66479","89924","105014","71762","34795","68273","95078","39927","135502","54388","82020","158588","64305","95723","71293","69324","64623","165091","62539","60935","76917","65891","81859","89589","66411","123822","64550","115734","44948","146244","110122","57791","79637","81651","79649","50304","91417","86647","79678","97553","98958","116157","50521","145864"
"3.85_599.50","3842","8823","2926","4720","7577","4426","5354","3279","6208","2887","4808","8599","2848","5291","3511","3003","6330","2716","6011","3478","3712","5471","4602","4532","2524","4609","6342","3694","2761","4653","6072","4718","13210","2437","10491","3081","4261","5320","6173","7214","3142","4661","5732","3546","6055","5447","13023","2512","5516"
"2.35_842.52","3529","3166","3712","4738","4354","5410","4695","3521","5101","2716","3812","3614","3522","4598","4069","3775","4442","4174","3490","3710","3961","3252","3975","5668","4317","4095","3838","3907","4588","5578","3543","3252","4236","3896","3125","3771","3943","3614","4245","3968","3801","4542","4015","3666","3327","4042","3678","4438","5166"
"3.62_896.75","5281","11018","9880","9458","13976","6603","12392","16187","7854","3975","10140","13241","5183","18104","5040","10880","21633","7558","9248","6325","5220","7123","29078","6083","5506","9346","5336","7056","8568","4732","12210","4546","13075","4509","14811","8204","6706","7922","10482","10974","5031","11536","9308","6881","10716","9297","26800","3783","24824"
"2.69_922.77","1771","1675","876","1262","2197","2335","3202","2175","3022","1492","1423","2471","2039","1805","1544","1806","4566","2058","3039","3488","2109","1392","8958","3219","2269","2067","2219","2580","1811","1315","4300","1997","4183","1361","2578","2842","3335","2351","2563","3838","1725","2690","4632","1921","3382","3683","6681","2668","3940"
"3.01_976.85","2589","2875","1976","2405","2561","2436","3512","3909","3358","1957","2364","3071","2585","3763","1757","2700","4205","1632","3276","3234","2643","2090","5337","2661","2847","2846","2099","2322","2814","1941","3518","2235","5779","2291","2999","2328","2480","2483","3875","3589","3400","3460","4086","2008","4423","2270","4854","1878","3296"
"2.51_730.60","3112","2609","2898","1965","3074","2739","2933","2126","2721","3260","4427","4145","2667","2732","2244","2694","3266","2477","2832","3039","2955","2685","3892","3198","2663","2938","2613","3172","3526","2070","3227","2545","4242","2206","3290","3088","2625","3078","2527","3347","2548","2712","3357","2868","3313","4663","3471","2186","2570"
"2.09_745.55","3627","6792","2640","1021","4143","3082","1044","3325","3594","782","3487","3265","5490","5209","3893","2929","2329","1025","2370","2707","3717","1248","1441","2612","2259","2986","685","3676","2038","1967","2043","2174","3498","2007","4994","2969","3676","2351","1907","3896","2295","2792","1106","2151","3187","1712","3153","2018","2303"
"1.52_699.52","5447","6875","5139","3119","6859","3267","4027","7703","3628","3955","7730","12543","4886","9215","3284","3767","5025","6282","4511","2949","3247","4713","15034","5985","5520","4093","3641","2958","4505","3219","5238","5689","9893","4735","7167","3942","7065","4030","5789","6820","3976","6263","6466","2682","4827","5516","12384","3560","5325"
"3.39_1056.86","24040","28633","16264","21791","22798","18854","36629","26341","24988","12909","39169","36274","17785","51379","13017","21299","50369","28171","39027","13492","22914","22532","42242","34330","33965","26159","22615","31977","31118","27500","61773","22985","78197","12550","32018","51941","9734","22502","54627","34468","23766","44124","46970","23364","26130","62542","63364","22966","46979"
"3.44_977.89","2701","3634","3088","1955","3608","2853","4096","4554","4657","1559","3672","4461","3222","3790","2372","3579","6432","4269","5173","3418","3585","4442","11107","3634","5555","3707","3952","4246","5036","2958","7549","3379","5050","2578","4449","3430","3580","2998","3718","4724","2888","5322","4991","2984","3848","4381","6635","5251","6773"
"4.49_1217.08","8153","6065","7693","5441","9996","3186","3694","8368","2412","10670","6110","7487","14579","5762","6349","8616","1699","7355","1656","5388","2786","9441","958","1551","3681","3397","3673","2817","3704","3199","1274","2557","1208","8793","3498","1574","7534","2360","1655","2189","4059","2391","4176","2946","3133","2647","1382","3869","2446"
"1.30_718.47","8225","8876","6107","3027","7119","2717","3946","4228","5789","5439","5615","6840","3075","6223","3534","3011","2470","4677","3525","4035","4138","6632","2953","4685","2409","3395","2972","4045","2523","3722","2872","3015","4309","6846","5298","3450","5458","3301","4129","3015","3032","3259","3124","6226","2262","4375","2679","2267","3017"
"0.65_678.44","1340","1274","765","3547","992","3318","1760","531","3091","491","1082","1215","1180","1252","4100","1917","4789","914","3511","3641","2889","792","7444","2620","2767","2855","4052","4692","3434","3817","3321","2514","4235","499","3963","3228","869","2998","3684","4115","3975","3880","3101","3039","3852","3078","8173","3055","4139"
"1.99_805.61","3966","4347","3313","2604","3959","3304","3777","4346","5243","2159","3571","5787","4365","3889","4076","4131","5168","4176","4653","4408","4506","3526","5368","3578","4375","3939","4592","6072","4010","3895","5159","5404","6759","2946","4761","3822","4459","5352","4940","5378","4321","4386","4559","4896","5302","5917","4385","3221","4216"
"3.60_800.71","20400","22485","23700","19491","27408","13265","27907","19620","16914","18848","28793","24063","19697","31916","18031","32227","21830","16896","24044","22897","25186","26559","23419","23207","20614","18588","19191","26814","21668","15179","26962","18561","21827","15199","19380","25721","17179","19130","23081","22143","20214","27324","21150","23389","21616","26042","18017","22074","16905"
"0.54_308.28","2065","2236","1314","4325","7252","5936","6686","4442","4608","2425","2447","3724","4195","19105","3453","3217","2026","871","5669","1424","3327","7959","2110","3815","4344","16360","2881","5802","810","3444","1923","10467","9610","2692","18113","2141","3885","5982","5917","3993","6126","6942","5878","7368","8076","1085","3548","8722","2510"
"1.49_520.47","3671","3921","4045","2725","2705","1953","2019","5207","2570","3521","3702","6480","4686","4689","2756","5536","2876","4349","2105","2656","2490","2775","2166","2662","3700","2572","2044","2379","1355","2472","1960","2811","2583","6309","2493","2230","3809","1844","2481","2456","2631","2648","1724","2004","3600","2315","2193","4092","2352"
"2.04_828.61","3739","4660","3450","3266","4945","2264","2807","4058","3677","1243","4130","4729","1814","4917","2953","3709","6185","3045","5332","3206","3797","3627","4755","3855","3895","3195","4650","4633","3874","4069","5088","4005","4701","2704","7253","3272","2451","4082","3484","5075","3524","3073","3713","3505","4892","5444","4078","2917","3171"
"2.73_770.60","2902","4504","3516","2026","4670","3066","3253","3179","3073","2077","2868","3516","1989","3978","2742","3331","4903","3064","3826","3271","2661","4055","3541","2741","3363","2815","2260","3772","2725","3626","2774","2757","3422","2523","3613","3040","3252","3917","2668","4368","3157","2939","3050","2944","3563","2862","3380","2781","2849"
"0.98_433.33","8681","6374","4468","3148","2930","3665","3706","7050","2279","5035","8034","6334","5010","5406","2570","5640","2291","6269","3273","2384","3297","3527","3176","4319","4298","3007","3152","3608","2596","3562","3392","3871","5202","8805","3454","3186","4273","2444","3887","4760","4067","5176","3515","2726","2586","3802","3301","3197","2283"
"1.97_627.50","2252","2075","1858","4504","2241","3806","1847","2221","1989","1522","1877","1931","2424","1919","1566","2069","1947","1885","1571","2438","2219","1964","2721","3033","4457","3656","2447","1849","4378","2962","3620","2669","3965","2402","2570","3191","2265","4595","4441","4089","4778","5203","5673","3554","4173","3682","7364","3163","5972"
"1.90_708.61","2328","2487","2403","2577","3567","3372","3250","2948","5534","1297","2271","4245","1754","4670","1493","2255","6567","2774","3833","2996","3495","2268","8736","4342","3728","3929","3355","3859","4198","3012","6000","3510","6649","1447","3504","3610","4098","3663","4512","5115","2270","4122","3782","3085","4526","3578","6777","2563","5066"
"2.16_721.48","3367","3450","4100","2798","3080","3301","2861","3473","2799","1664","3440","3500","3433","3231","3511","3038","3725","3478","3171","3575","4121","3386","2564","3206","3466","3082","4286","3501","2678","3192","3016","3211","3187","2965","3465","3276","3672","3316","3213","4537","3195","3292","2900","3643","3157","2996","3446","2357","3596"
"1.79_828.66","3146","3257","2523","2208","3723","3004","3024","2780","2779","1618","2292","4502","2003","2619","2180","2520","3071","2085","3914","3378","3834","3333","4151","3172","2620","2742","3788","3395","2642","2996","4343","3119","3427","1913","3035","2986","2908","3031","3529","3961","3932","2943","3111","3530","3683","3579","3676","2690","3893"
"1.81_827.66","3397","3500","2530","3231","4469","3247","3385","3503","4443","2202","3705","5540","2053","4196","3352","3038","5403","2914","3916","4937","4753","3619","6443","4263","3274","4578","5199","3738","3506","3564","5070","3873","5758","3170","5119","4338","3544","4131","4835","4525","4264","4903","3342","4216","5347","4484","4939","3012","4412"
"1.52_805.58","3467","4588","2725","1912","4042","2076","3190","2668","4526","1403","2970","2725","1950","3437","3466","3833","2956","2330","3069","3933","3568","3284","4476","3876","3360","4590","3082","3735","3662","3009","2071","3077","5368","4099","6154","4205","3124","3056","3737","4125","3928","4472","3351","3677","3867","4531","3860","2999","2930"
"0.32_309.17","3726","8540","2970","8986","4221","6142","9377","9689","10085","4102","3717","2249","2086","6199","4724","3278","2170","3038","3287","5048","10890","7820","3807","4816","2905","5591","3646","4486","6671","2806","2503","2843","6290","5112","2962","12250","6780","16175","5909","2705","4356","6072","6603","2767","2976","36809","2510","2991","2065"
"1.19_554.18","9071","3588","4394","2455","4131","9443","3990","2258","3750","3754","19713","4293","2066","4961","1849","4253","1920","2763","4174","3404","5045","3297","16312","2999","17521","8217","2307","2631","4624","2045","3987","3790","6232","3167","3241","6506","2208","5705","2921","2650","94635","5987","3600","3296","7280","2994","5419","2261","4994"
"1.98_775.57","4725","5189","4464","2894","7059","3557","3883","5313","4973","1439","5140","5021","3042","5392","5978","5343","6330","3202","6701","6687","6044","5146","8400","4828","5058","5113","4867","5959","4214","5113","6257","6215","8317","4051","7829","5929","4757","5046","5349","7032","4393","6344","5163","4538","7146","6264","6569","4051","6388"
"3.51_932.82","2722","2889","2714","3187","4224","2725","2985","4080","3640","1923","2404","4284","3374","4265","2590","4213","6238","2859","4560","3168","3204","4912","13272","3116","5523","4463","3110","3934","5367","2664","7402","1885","7106","2426","4046","3700","4316","3897","4430","4872","2769","3978","5183","2300","4244","4335","9569","3844","7134"
"3.05_692.67","6123","9120","5797","6007","6185","7011","6657","7135","8285","2320","5608","9273","7747","9652","7084","12530","9855","7136","8967","8551","6382","9742","4342","7247","8999","7321","5219","7381","4553","7804","6385","7712","7011","7236","6961","5960","5329","6784","6851","7885","6520","6341","5162","7528","9685","7141","4336","10761","8057"
"2.06_822.58","9077","7618","7914","4662","6316","4689","6295","7990","6150","4322","6900","6876","4720","7704","5812","8916","5533","5848","4619","4864","6561","7707","5015","8265","7795","6189","6944","8810","6186","5786","6778","8134","8931","6933","6234","10098","5816","4832","6982","8734","7843","8892","6888","5484","5874","10178","6500","7971","4788"
"1.33_774.53","2269","3499","2407","2459","3536","1791","3048","2621","4350","1558","2677","2906","1729","3439","3778","2739","3149","1796","2578","3407","3037","2864","4998","3836","3479","3492","3188","3633","2259","2766","2469","2248","7543","2448","5506","6055","2884","2948","3120","5019","2730","4532","3390","2803","3924","4307","4256","1975","4118"
"3.60_948.85","1949","3675","3675","2365","5293","7488","3991","5129","3913","1768","2955","3691","2975","7281","2556","4110","8574","4589","3974","2905","3374","2839","15631","2227","7905","2822","3356","4181","5722","2664","3848","3578","7418","2860","5747","3915","3654","2056","4421","4438","2343","4336","3858","2046","5733","4550","9494","3743","7749"
"2.72_830.68","2553","3611","2512","1403","3163","2936","2919","3156","2845","1248","2807","3320","2566","2676","2102","3474","4296","2360","3687","2725","3390","2780","3828","3020","3677","2752","3197","3653","2553","3076","2808","3141","3929","3254","4055","2923","2345","3389","3716","3641","2142","3331","3077","3522","4493","4811","2943","2854","2919"
"4.49_1231.09","10679","6500","6893","6243","12645","3803","4444","10710","2921","10712","7702","8481","18217","6537","7778","10725","2325","9130","2337","6604","3512","12530","1695","1891","4347","3973","4962","3424","4511","3498","1947","3337","1543","11112","4063","2300","9258","2480","2315","2088","5951","3332","3879","4044","3653","3433","1683","4890","3025"
"2.48_769.59","2829","3526","2535","1916","3666","2799","2709","2756","3864","1250","2721","3561","2916","3229","2920","2637","3324","2109","3873","2501","3312","4360","3071","4171","2782","3249","2951","3380","2541","4008","3549","3384","3697","2361","4435","3155","2851","3066","2521","3539","2620","2341","3180","3158","3858","4137","2498","3468","3374"
"3.83_930.85","32994","51907","49477","52276","55729","41166","51524","61118","42930","24849","41499","59894","25227","74739","41227","47058","92379","34551","62568","43663","41356","38533","64433","34204","25557","49061","44883","46794","43929","36534","68820","48691","67439","25630","78932","52750","42813","57974","50689","50010","28641","57300","57473","42418","63671","63211","71187","25512","72977"
"3.51_754.70","2786","3198","3415","1833","3634","3051","3359","3721","3166","2006","2571","3237","3486","4031","2432","4667","4344","3266","4455","5333","4581","3083","8217","3915","4330","3287","3374","5296","3634","2310","5502","3335","5588","2757","3411","4932","2711","4158","3935","4490","3050","5136","4698","3614","4375","4533","4372","4959","4547"
"1.97_678.55","1922","2418","1780","1863","2814","3430","2159","2032","3215","1978","2377","2213","2343","2732","1889","2576","3554","1550","4350","3252","3268","2058","3574","3723","5196","2712","2896","4365","2924","3472","3701","2521","4004","2361","2853","2681","1575","2759","2512","3459","2634","3586","3384","2041","3556","3573","3717","2674","2880"
"2.72_786.71","1618","1909","1040","3623","1930","5186","2052","844","4411","645","1693","1275","1299","1187","3697","1521","4352","1562","7788","3300","4591","1309","2405","2493","4849","3632","6517","6554","3839","4139","2367","3616","1903","746","1391","2343","1104","2729","2326","4026","4545","3111","4363","3625","4652","4547","2878","3880","2247"
"3.43_978.87","1071","1961","1512","1707","1609","2553","2430","1920","2752","1269","2108","2047","1330","2225","1257","948","6322","2076","2934","1919","2050","958","13564","4188","719","4294","1662","3275","1372","1881","5065","1806","4810","1036","2998","3708","2451","1989","3730","2496","1513","3465","3461","2913","2862","5811","4214","1374","7180"
"3.77_1020.88","3150","7270","3322","3658","4237","2522","4777","4644","5895","2369","5668","5474","2155","6131","2479","2371","3821","2123","7102","2279","3207","6018","8698","4193","2843","6409","4468","3848","3805","2856","2866","1456","3313","2584","3954","1682","4156","2157","5553","3527","2210","2087","4907","3240","3182","3030","5545","2133","5848"
"1.98_788.57","3301","3216","2564","1742","3851","2029","2314","2462","3645","1900","4201","3827","2965","4166","3756","2985","3439","1753","4170","3033","3069","3179","2990","3791","3168","3286","3539","3053","2825","3378","3702","3529","3464","2777","3616","3128","2749","2658","3065","3454","2416","2400","3100","3798","3548","3689","2879","2002","3590"
"3.39_999.79","6369","8097","4109","6446","5721","5741","11103","7532","8150","3553","9662","10620","4685","11770","4753","6451","11572","6011","11597","4204","5147","6989","12314","9214","8259","7747","6654","7677","7239","7696","14912","4980","18046","3146","8581","11233","2176","6244","14782","8611","5722","9034","12591","6356","6600","13593","16078","5515","11368"
"2.39_692.52","2212","2671","1450","2258","2387","2660","2320","3292","4166","919","2463","3577","6253","4097","3001","3799","3297","2993","3091","3112","4086","5167","1638","2947","4106","4147","3484","3620","2281","3513","3874","4095","2918","3828","3245","2258","4265","2341","2534","3479","3514","2789","2566","2175","4395","3314","3471","3539","2618"
"3.98_958.94","6862","10160","7189","8952","10401","7760","9420","8535","11097","5117","11154","14279","4702","10949","6861","5687","13274","6411","15295","8266","8233","9046","10486","8546","5350","8296","7865","7333","6829","9219","13688","9661","17465","5297","13793","9502","6850","10769","10976","7984","6534","8892","10656","7261","11191","10849","17221","5764","10132"
"1.96_814.69","2314","2179","2294","2353","2757","2806","2659","1968","3461","1635","2195","2688","3028","2494","2551","2405","3980","2038","3418","3477","3914","2159","5661","2822","4036","2759","3500","4050","2981","2664","3929","3461","4740","1951","2411","2792","2627","3169","3760","4089","3293","4167","3621","2467","4575","3631","3997","3563","3734"
"2.52_898.73","18945","17583","14743","11867","20478","10390","20405","32514","12335","12889","25710","40370","15897","35219","7672","17407","21367","23676","16881","10042","9685","17302","29385","17595","15423","12701","9501","10895","11764","11122","26748","11216","32175","16516","24962","17163","13219","13279","21883","17074","10525","20009","19736","10594","13671","22493","35476","11801","23227"
"1.91_734.63","3535","3119","1809","2246","3546","2972","3209","3007","6715","1321","2797","4377","2711","3912","2385","3287","5423","1671","4039","3117","2795","3160","5612","4520","4404","3527","3837","3365","3433","3021","4761","2774","6294","2369","4311","2198","3676","3596","4656","5508","2510","2639","4408","2577","3279","3435","6140","3041","4130"
"1.52_672.50","13792","13901","7922","6235","12829","3348","10886","8765","6383","6695","12176","19355","6873","17653","4907","8006","6277","10706","9196","4532","6385","8983","26381","10880","9308","8099","3413","4613","7036","4612","6550","6208","13386","11499","14704","7238","10039","6192","10902","11465","6623","11955","8878","6396","6598","10355","17202","5435","10412"
"3.08_814.69","5143","4312","4441","3394","5240","4170","4531","3927","5312","4243","5561","5701","6074","6166","3334","4661","5462","4327","5213","4684","6206","4128","7889","4868","5046","3805","4664","5043","3603","4071","5963","5922","7076","3726","4220","4528","3623","3923","5921","5808","5271","6182","4303","5146","5186","5589","7001","4387","3929"
"2.94_878.74","2208","3547","2153","2068","2705","2727","2803","3785","2474","1392","1724","2946","1819","2962","2066","3583","7551","2272","2758","3330","2210","2407","10344","1937","3511","3087","2792","3825","2514","2051","3829","2655","4660","2253","4047","3195","3071","2720","3112","2495","2092","2847","3528","2457","5109","2899","4263","2150","3457"
"3.02_880.76","1437","2493","2459","2544","3536","2970","2921","3152","2494","1587","2491","3736","2287","3842","2122","2483","5218","1651","3196","2958","2645","2811","12264","3063","3252","2336","2731","2401","3138","1843","4256","1536","4791","2058","3503","2988","3159","2409","2800","3114","2118","3471","3689","2099","2916","2948","5761","2524","5071"
"2.72_757.65","2096","2219","1577","2348","1663","4496","2860","1627","7069","1512","1339","1859","1566","1559","2917","1729","6301","936","5643","3668","8227","1442","5243","2751","7720","3203","5410","7474","5790","4732","4944","5125","5369","958","4012","2892","3146","4628","3398","6004","3950","4540","4853","2386","5294","6290","3230","3597","2900"
"3.77_982.87","19718","32612","30057","25805","35089","31741","43631","66880","30610","15251","48868","47725","20982","68833","16353","36005","54472","40863","34032","18756","24496","24132","64031","25710","32954","22590","20232","36650","34932","26681","49053","21972","61070","15322","55886","52268","17163","26767","40626","33978","25020","56627","31356","29985","30997","42708","73634","17132","73657"
"2.06_828.44","3838","4025","4149","5075","3178","5530","4411","5216","3535","3103","4879","3885","4225","4149","3884","3527","3953","4518","4023","3534","3933","3630","4211","4497","4719","4080","4191","4121","3798","4143","3866","4625","4061","4962","3676","4505","3391","3030","4820","4292","4322","4370","3919","4906","4106","4389","4596","5223","3921"
"3.24_672.59","2411","2983","2523","1861","2417","2478","3174","3099","2063","1079","2985","2815","2132","3402","2558","2596","3569","2513","2103","2995","3347","2939","2363","2667","2512","2246","2359","3489","2579","2678","2738","2754","3456","2937","3875","3351","2321","2546","3172","3354","2158","2703","2074","2536","2593","3137","2672","2439","2527"
"3.85_931.85","21240","34702","32874","33120","37098","26668","34653","38042","28862","16873","28506","39938","16652","51436","26585","29843","64306","22119","40502","28958","26497","25985","43280","21997","16689","31877","30367","31513","30259","24626","49866","32694","47574","17516","56507","34031","27829","36755","32113","33052","20535","38531","38075","28384","40069","41448","48751","17257","49755"
"1.96_828.71","1124","1476","894","1673","979","4030","1637","1075","6274","756","567","1529","1415","1510","1180","1705","4893","1057","3108","3003","4007","1247","6296","2531","5867","3427","3937","5974","4115","4350","4414","3735","4136","1087","2442","1880","1478","2439","3557","4506","3601","4818","4304","1930","5293","5692","4132","3750","3739"
"2.77_712.59","4830","4970","4187","2247","7001","3928","5749","3485","4864","3438","4129","5952","5053","4911","3261","3927","5027","3273","5297","7063","5657","4582","9088","5913","4529","5137","5671","7320","4202","3715","6975","5266","9494","3570","6501","4958","4614","4593","4399","6900","5239","4827","4733","6070","5146","7778","7300","4928","4343"
"3.69_962.87","3554","4014","3367","3660","5645","6387","4888","6278","8223","2120","6211","6952","4108","7959","2620","6131","9351","4521","8727","4386","4783","4693","22505","7215","10127","6360","4130","6610","7951","5206","12945","3802","10090","3610","6792","6640","5763","5349","8670","6858","4276","6732","8662","6815","6477","8931","13479","5493","13405"
"4.11_960.90","217719","301274","229418","232159","288347","226882","293837","286956","285129","120829","294634","308572","178610","368527","189349","238490","374608","200658","381992","233566","269623","292594","375372","289209","284700","331054","238592","286407","287965","272952","416483","218072","404379","176713","333701","307518","210270","255841","305671","293568","213437","273842","315804","248440","284620","346572","403628","237665","313235"
"3.30_740.69","3190","3828","4048","2515","4086","3347","4386","4473","4701","3059","3936","3853","3860","4682","2927","5144","5376","5094","4136","6682","4978","3904","9852","4331","4437","3843","3555","4236","4733","2891","6424","4350","5138","4599","4564","4574","3798","4801","4163","5874","4098","5821","4187","4394","5210","4628","4991","4908","5617"
"2.25_741.61","3988","2920","3641","3075","4121","4233","5053","3739","4206","3758","3694","5652","5765","4133","4053","5423","4806","3799","4848","6336","5035","4238","6706","4142","6459","4472","3264","5401","3554","3116","5764","3806","4113","4153","3655","3238","4716","2979","3441","3961","4309","4737","4591","4305","5141","3482","5235","5747","3661"
"4.08_1424.39","9572","8215","6321","3803","12574","11294","4383","4594","4410","4668","20123","5728","4178","1446","8381","4740","4260","6211","1764","5021","4610","3913","12606","5692","7437","7621","2621","4420","7919","4651","4843","10806","8643","6713","7797","5927","4263","9252","3625","4576","13167","4696","5165","10722","4666","4917","3911","4135","4715"
"2.27_784.68","2703","1749","2209","1543","2647","3557","3333","3088","2139","3128","3116","2790","3194","2655","2440","3401","2847","3395","2534","3842","2828","2076","5625","3015","4310","3187","2571","3637","2692","1864","3343","2016","3383","2561","2798","2864","3478","1775","2513","2444","2293","3658","3172","2620","3587","2626","5072","3897","3060"
"3.40_1082.88","3453","7142","2459","4348","4090","3982","5654","3767","7264","1859","6467","5131","2529","5751","3260","3336","5458","2471","8098","2450","2826","5550","7895","5223","4250","5294","6129","3037","3250","5053","4481","1552","5133","1911","3766","2828","2161","3065","9338","5607","2511","2814","7485","4336","3696","5030","7310","3246","7692"
"0.42_295.23","4588","2708","2030","3444","2228","3609","3823","3218","5246","921","2384","3283","3164","3321","3304","4803","5968","2950","4601","10330","2702","2722","4479","6253","4678","7204","5914","5032","3976","3767","3676","3442","8433","3002","3774","2878","2086","3641","5421","7379","2185","7331","6096","5069","5107","5657","7443","3563","8837"
"1.33_707.50","3822","3349","2907","2391","4063","2735","3060","3384","3816","3051","3026","3491","1981","3022","2977","4119","3224","2248","4242","3388","3424","2891","3170","4333","4192","3478","3019","3883","3289","2668","2580","2747","5295","3862","3807","4120","3623","2599","3288","3815","2995","3564","3529","3474","2895","3863","3145","2789","3800"
"2.28_884.65","4692","3396","2987","4094","3322","2672","2993","4658","3045","4547","5124","4555","4110","3596","3008","4198","2968","3745","3668","2560","3237","3549","2728","3608","4047","3375","3000","3516","3266","2706","3979","4313","4671","3847","2872","3716","3849","3264","3983","3779","3437","3037","4266","3317","3292","4451","3380","3372","2758"
"3.12_934.80","4305","4597","3407","3590","4475","5206","4905","5739","3226","3017","4011","6712","6129","6172","3326","5167","6992","4145","5220","5166","3121","4285","11403","4263","5874","3718","3857","4052","2755","2138","6696","3000","7225","4311","5154","3061","4987","3895","4419","6224","3132","6040","3572","4570","5184","3390","9836","3577","5932"
"2.85_705.57","2567","2949","3226","1588","3402","2421","3755","3413","2834","2513","3106","4213","3210","3010","2454","4195","3204","2367","3559","3697","2384","2870","3911","2557","2772","2396","2258","3002","1736","1732","3774","2072","3588","2539","4201","2769","3489","3017","3067","2764","2197","3233","2518","2577","3156","2834","3790","2657","2867"
"4.48_1243.06","3548","12120","6752","8742","12895","6509","27329","5168","10260","8331","9848","20038","6835","21233","5022","4999","20979","5691","21300","10346","8656","9183","41993","7340","9283","5849","5948","11634","9103","3843","18915","6852","23825","1987","13562","9910","8064","6965","11505","9672","6010","11712","13546","9702","10368","14703","20390","3948","6310"
"0.51_704.52","2566","2798","950","2429","1682","1111","2263","1445","2317","2093","1588","1569","1938","2937","1875","1642","1810","2007","1918","2506","2605","2789","1749","2782","3134","2318","1957","1935","50462","1916","1349","1860","1788","3078","2895","3782","2314","2085","1203","1204","2413","1921","1105","2277","2029","1537","1056","1912","2920"
"4.48_1327.15","2558","7928","4244","5289","9197","5600","18079","3789","6314","5678","6613","12607","4668","13575","3530","2173","12618","3737","12862","6397","5351","6038","26141","5241","6165","4843","4297","7976","6083","2921","12975","3861","13957","976","8017","6243","5463","4203","7807","7281","4272","8138","8948","7706","7707","10085","13200","3700","3883"
"1.83_826.65","3093","4463","4205","2768","4684","4416","3409","4410","5688","2184","4665","7033","3684","6251","4012","3025","6469","3121","4444","6572","6168","4643","8525","5269","4882","5030","6519","5151","3993","5324","5790","6191","8350","3871","5936","3956","4495","5112","7645","7043","5008","6317","4889","5228","8671","6887","6952","4524","7142"
"0.61_296.29","8783","5777","3667","6757","4634","3862","7004","4787","5159","3396","3213","4690","1980","3695","4188","7435","1682","3662","3666","2846","4570","5057","3541","5325","3101","3359","2596","3164","3510","2935","2071","3642","3683","3840","4501","3994","3834","8659","5091","11447","2763","5880","4956","4436","5003","4902","2231","3553","3564"
"2.33_1585.19","3657","4635","3880","4005","4142","2972","4728","4261","4416","1495","4919","4754","3445","5401","4392","4594","5005","3130","4939","4884","4183","4501","4071","4534","3526","4295","4512","4341","4004","4373","4900","3870","4535","4019","4447","4678","4179","4284","3879","4508","3954","4445","3608","4490","4841","3982","3781","3741","4233"
"2.61_928.74","2731","2955","2363","2555","3496","2433","2948","3530","2216","1981","3197","4163","1835","3848","1734","1920","2442","2581","4023","2164","1863","2501","5208","2563","3587","2256","2671","1899","2568","1997","4002","2358","4094","1920","3621","3120","2289","2141","2485","2525","1640","2690","2967","1892","2096","2367","4105","1498","2859"
"1.31_716.49","8286","9258","8500","5513","8255","3069","6008","6531","5073","4807","5749","9179","3156","9453","5314","5860","7591","4740","5302","6607","5879","8993","4864","6605","4526","5052","4868","5536","5599","4418","3740","4421","5959","5083","9699","7631","4889","5045","4937","6869","5631","4868","4601","6311","5875","5564","4474","4739","5212"
"2.24_367.34","6124","5475","6981","4920","9511","8719","6886","6903","7632","5839","6905","8862","10935","8297","5541","9415","10705","7582","9375","12279","10241","6669","20245","8218","12044","6824","7001","9908","8353","4870","11753","8185","15184","7375","8394","8591","9202","7738","8852","10301","8363","10535","9701","6976","10776","9956","14080","11308","8477"
"0.54_313.23","2477","3326","1734","5731","7969","5344","7006","6194","4092","3303","1507","5296","4571","22590","4066","3306","1643","1240","6568","1459","3794","9117","2141","3358","4836","18531","2893","7174","1015","3827","2393","11964","9663","3429","18697","2749","5153","6264","5576","4314","6423","7753","7254","5740","8593","970","3376","10170","2138"
"2.34_184.07","107357","162815","129936","88859","144879","86491","112260","127635","133036","42545","129784","140402","92386","154113","120513","145180","157368","87204","158556","136530","134749","156249","135259","129881","103452","129042","121029","140374","115567","121481","145330","130325","149173","103341","171605","149327","121625","135987","124755","151300","110614","123861","118795","130155","135807","135075","122911","92108","130920"
"4.53_1363.19","3780","3129","3960","2137","5460","2855","3379","3364","1308","4434","3883","4078","4791","5304","2698","4897","1751","3484","3207","4995","3652","3552","2939","2000","3882","2321","1509","2972","2775","1977","2643","2245","3830","3471","2982","1437","3470","2477","2622","2903","3735","4228","3254","2556","3843","2864","3224","3374","1986"
"3.37_889.77","3462","2806","2542","3960","5266","3434","6090","5883","6186","1943","5282","6702","5087","4938","3100","5489","13716","3043","5162","5122","4844","5150","17130","4775","5352","5482","4080","7126","6351","3525","11365","3730","9716","2763","7259","5202","4554","5005","4407","6751","4867","9923","7977","5792","9674","7654","11572","3821","10746"
"2.57_125.00","6742","11026","9215","4729","12072","7474","7726","8713","10603","2565","10537","10234","7782","11804","9832","7853","11016","4640","13075","9429","11652","13519","6958","10031","8476","9300","10870","12303","6989","8358","10917","11153","12048","8048","17090","9813","9823","9703","9272","11601","7744","8831","7877","11156","8934","11358","7936","6300","8552"
"0.21_120.10","3376","1964","4040","3206","2654","3614","2246","3878","4522","4261","2345","3122","1302","3084","3601","3654","4730","4091","2915","2469","3081","3848","4773","10500","2111","2539","3818","1949","5556","3678","4976","7081","2739","5902","2322","3275","4199","2844","2722","7457","2786","3642","2622","3306","4078","3470","5347","1604","4558"
"0.19_93.05","7769","12717","6450","21553","7362","3628","11533","10449","3651","12247","5285","6521","2124","5890","6523","4751","1616","3758","3851","6326","4695","6816","3086","5353","4098","3293","1661","3169","3066","5333","9725","1885","2193","67442","3102","6135","17075","3191","7894","4622","6672","5175","4573","5537","5154","3982","3774","3909","5804"
"1.32_726.47","2734","3288","2160","2224","2651","1246","2540","2123","4275","1700","2360","2980","1445","3019","2446","2831","2922","1874","2666","1923","3027","2472","4235","3330","2356","3427","2706","3062","2313","2740","1357","2105","5367","2155","3335","4089","2127","2068","3593","3969","2944","3289","2836","3577","3052","3429","2588","1985","3165"
"2.81_866.74","6368","5419","4194","5202","6790","8383","7287","7545","6367","5088","7782","10341","6382","7154","4261","6362","12518","7968","5934","7499","5580","5585","25035","6603","9288","7956","5611","5840","9555","4470","10210","5537","9555","6248","6018","6139","8422","6498","7890","10134","7516","9820","12505","4619","9069","8693","20001","8477","11298"
"3.84_956.86","60549","130251","55284","82449","93309","67550","95950","70680","90768","58633","101947","140304","51788","101767","72132","45807","117253","49740","106815","73364","73439","75592","69872","71110","38893","85256","74442","66096","57254","75757","114566","98807","179452","48049","128572","62048","63372","102544","98506","105864","58508","83976","98401","57190","115476","96263","198291","41827","91816"
"4.45_1012.90","4879","5858","5905","3680","7953","3827","4894","6955","3863","5590","7144","9462","5899","9474","4294","7172","2723","4527","4788","7381","5822","6053","2846","3932","4215","5636","5670","4933","4111","3365","4379","5216","4920","4888","7079","4452","3659","4270","5630","5574","4321","5621","5499","5112","5881","7619","6873","4086","3776"
"3.05_998.84","2142","3015","1807","1754","2629","3602","2536","2615","3893","2199","2049","3303","2058","2624","1933","3147","2909","1979","4631","2942","1724","2458","5043","2742","2087","2347","3376","1625","2503","2634","2890","2673","4833","1736","3340","1750","3083","2646","2744","5170","2418","3063","3799","1871","3407","2778","5855","2436","2339"
"2.40_721.59","1785","1609","2035","2324","2472","3315","2086","2358","2983","1342","2663","2719","3472","2287","2344","3181","3937","2318","3995","4860","3086","1758","5235","3190","4017","2225","2988","2980","2983","1859","3402","2993","3954","2347","2756","2178","2416","2715","2855","2529","3152","2699","2743","2676","2845","4068","3838","3175","2779"
"1.79_383.33","7109","6142","6301","3961","8518","7824","6326","8113","9078","5023","6130","9552","6327","9323","4958","8948","11383","5510","8318","10315","11850","6160","23862","9402","11761","10700","9311","11096","10034","7753","11491","9458","19293","7060","9057","8607","8296","8360","11667","13065","9426","12209","11266","7951","11705","13634","15915","7403","12251"
"3.53_895.74","4194","4914","2867","4901","5334","4451","5484","4637","4777","2527","4178","5970","5052","6372","3069","4977","8667","3959","7352","4853","4003","4163","18403","5343","7166","5717","3226","5734","5665","3697","10562","3254","9352","3501","5515","5514","4447","5603","6906","6325","3834","6986","7498","3895","5746","6842","12725","4824","9807"
"1.31_708.48","6991","6782","4947","5093","3666","3132","5850","5403","4034","4523","5077","5610","3171","6438","4115","5728","4333","3607","6148","4126","4214","4257","7008","5437","3257","4522","4358","4398","4294","4260","3359","4565","5462","5763","4017","5770","4070","3231","3819","4833","3405","3320","3816","4607","2985","4132","3461","3174","3117"
"3.05_907.78","1221","2161","1315","2293","2104","2192","2434","2758","2415","966","1822","2543","2018","2918","1249","1821","5231","1722","2819","2128","3534","1880","7267","2212","3467","2623","2803","3466","2659","1771","3914","2099","4590","1320","2496","3924","2752","2574","3223","4263","1949","2245","2846","2109","3841","2644","6567","2544","4472"
"1.99_836.65","3945","2671","2537","2375","2966","2565","2634","3075","3177","2294","3442","3400","2183","2494","2735","2401","2941","2490","2994","2704","3688","3775","5317","3967","3589","2753","3295","2993","2858","3062","2955","2775","4898","2297","2767","3127","3571","3481","3638","3031","2816","2770","3060","2318","4209","3412","3502","3437","3873"
"2.27_834.66","4092","6820","3618","3485","7270","2771","3305","2357","3527","2349","6101","4058","3183","6748","2935","2981","2998","3336","5348","3413","2179","4111","4804","4066","3212","3103","4518","2723","2573","3033","4139","4995","4113","2923","5723","3286","3408","4951","4500","4247","2616","2069","3026","4786","3806","3729","3531","2918","3733"
"3.98_916.83","8161","16427","8012","11119","12994","9971","13309","10930","13541","6329","12765","16970","6041","17541","9075","7718","16175","8065","16418","10642","10476","12366","12507","11187","7924","12040","9232","10140","9433","11589","17100","12070","21520","7090","15744","10188","8650","12785","13833","15117","8259","11596","13344","9006","14489","14072","21515","7040","12933"
"0.61_399.36","17318","15654","9199","15049","10141","7883","13969","9895","11342","7672","6416","11546","3936","9229","9686","14682","4004","7926","9850","6834","9298","10644","6711","11031","7221","7277","6133","5916","8134","6920","5608","8197","9053","8600","11354","10643","7156","20444","10403","22814","6595","12830","10076","8595","10386","12252","4409","7418","8699"
"2.80_795.67","2867","3621","4279","2472","3597","2788","2793","3563","4902","1564","3207","3775","3894","3357","3457","4621","3983","2671","4859","4313","4105","4514","4710","4520","3747","4170","3764","3339","2700","3566","4094","3911","4544","3640","5491","4285","3448","3627","3673","6295","3774","3184","4075","3905","3790","4892","3798","2740","4764"
"0.98_552.46","6891","5281","3438","3198","3008","3082","2740","4653","2670","3030","5688","5247","3829","3401","3192","3951","1781","3401","2591","3407","2166","3863","2410","2998","3501","3160","3422","2233","3069","3840","3861","4329","3983","5074","4747","3155","3597","2370","4458","3614","4640","3345","3386","2693","3122","3195","4347","3006","2983"
"3.98_970.88","9913","19193","9710","9526","19174","13446","13609","10089","24280","9176","16058","22183","7591","14469","12378","11364","13491","7967","26196","9804","12465","17026","12575","13738","8855","14968","20916","11540","9910","16310","15042","9956","19820","6301","21980","9708","10850","11231","20763","18478","8691","10834","16750","10905","14147","16974","19514","9815","13830"
"2.92_727.62","4473","6056","4616","3507","6229","5274","5557","5615","5523","3380","5246","5860","5634","5892","4364","6494","5926","3888","6577","7605","6108","5502","7388","6070","6302","4720","5546","7925","4844","4692","7490","5245","8163","4428","5961","5781","4963","5472","4947","6357","5247","6301","5939","5334","5942","6037","6158","5485","4963"
"2.75_812.68","3648","3766","3509","2932","4616","6493","4861","4020","3990","3453","3632","5595","5208","4564","3783","4577","7155","3430","5884","6911","8085","4993","6971","4621","5955","4548","6777","5330","4972","3548","6235","4314","5644","4583","3099","4376","4485","4139","3655","5699","4532","5182","4628","4089","6543","5823","9652","5259","3538"
"2.83_868.61","2418","2710","3544","2496","3061","3694","4054","3097","3175","1789","3059","3536","3165","3953","3223","3024","3318","3062","3227","2906","3183","2820","2831","3034","3112","3056","3385","3594","3353","3247","3951","2998","2903","4040","3478","3311","3433","3599","3411","3280","3334","3585","3543","2790","3470","2752","3030","2729","3076"
"2.20_694.55","1448","1739","1740","2084","2290","2973","2853","2190","3539","1805","1850","2120","4318","2602","2893","3730","4408","2308","2534","3440","3514","2059","7566","2673","4161","2324","2771","3659","3033","2487","4696","2459","6648","3122","2532","2947","2696","2989","4088","4277","3122","4689","3735","2461","4378","3558","6058","3515","3649"
"3.21_944.74","3798","4137","3198","4717","4380","4015","5907","6260","3325","2703","4786","4621","2945","8835","2317","5193","13531","4640","5612","3258","3914","3058","14159","4653","5057","3845","3956","5194","5218","3638","10739","4234","11015","2266","6450","9446","2073","4985","7984","5496","3747","8964","7153","4474","5552","10209","12095","2997","11284"
"2.81_808.67","3123","3001","1745","1850","3294","2806","3043","2435","3411","1884","3214","4429","3299","3065","2607","2532","3638","2149","3505","2461","3172","3924","15710","5013","4369","3928","4413","3110","3107","2366","3723","2218","3905","1693","3887","2527","4246","2854","4617","4996","2512","3252","4655","3524","3245","3868","6897","2970","5100"
"2.60_731.54","2635","2779","3163","2726","3897","4854","3425","2197","5642","1808","2725","3835","3393","3642","2181","2898","6439","1992","5349","7416","6807","2542","14148","4525","6462","4367","4643","7335","5699","4130","7172","5520","9947","2461","4907","4961","3475","4949","5433","7386","5454","6820","5884","4288","5981","6895","7648","4353","4327"
"2.35_706.57","2668","4130","4939","2790","3714","2484","2927","4245","3305","2242","3575","2933","2734","4609","3837","4349","3493","3070","3261","3530","3802","4112","3257","3829","4186","4177","3594","6262","3018","3754","2873","3761","5900","5702","6805","4525","3060","3958","3146","4771","5565","2727","3698","4127","4774","3441","2989","2690","4971"
"2.53_558.49","2784","3219","3827","2055","3802","1652","2624","4536","2030","3088","3646","5390","2766","4087","1910","3035","2617","2330","2151","2014","2355","4058","3771","2772","2455","2655","1907","2528","2319","2047","3449","2437","4216","2731","3551","3629","3789","2541","2882","3150","2287","2991","2500","2943","3172","3341","2848","1894","2616"
"4.53_1171.00","18474","19669","18787","14737","22949","14472","23067","18295","15788","14506","25094","20842","13991","30620","11960","18880","22872","14553","16333","17142","16294","20508","20059","21475","12672","16415","16047","24317","16423","12404","23183","16998","30668","10132","19810","21517","9994","21590","22749","17132","14709","20873","19532","14341","17555","22429","20322","10856","18510"
"1.40_835.59","3544","4569","3590","3797","4492","4732","4648","2609","8246","3205","3640","4468","1995","3842","4803","3189","10165","3114","5837","6095","8397","4339","17020","7242","5449","7930","9494","14085","5221","7133","6628","7840","15445","4387","8464","5696","3898","5895","7600","10621","5663","10510","6932","6514","6995","11940","11484","4536","8055"
"2.16_816.62","8936","7196","9259","8683","8075","8125","8031","9366","8313","7373","8378","8500","7248","8341","8255","9667","9587","8346","8534","9203","8233","6759","7579","8297","7185","8822","8215","9638","8597","7907","7699","7887","8491","6815","7592","8362","8222","7865","8375","8237","8368","9821","7831","8581","9555","8861","9024","8092","9658"
"0.18_224.06","2699","2512","3563","1179","2360","1308","1391","3822","1269","3046","2778","5894","2456","2872","1459","3728","1345","3483","996","1992","1130","3257","1475","1254","1499","1042","1077","1494","1394","1106","1075","1187","2550","4233","2637","1139","4745","1132","1425","1782","876","1231","1670","681","1396","1631","1649","986","1599"
"0.21_292.22","1647","3183","1463","6629","1818","582","5916","352","5944","2121","653","1288","333","3844","4058","1197","17811","698","1821","1142","2893","2856","3249","10275","2240","1198","211","904","1065","2276","3263","819","1205","594","3270","3067","791","842","2210","9142","1208","929","1783","1522","9845","580","864","3804","1843"
"1.30_692.48","7634","7169","8786","5001","6969","3253","5964","7544","5128","4657","4955","7446","3620","8632","5367","8430","6964","6372","5730","6165","6438","6750","7256","6702","5159","6108","6639","8111","7807","5368","4910","5805","9005","8109","9189","8604","4821","5085","5485","9508","6432","7399","6641","5735","6566","7565","5815","4312","7060"
"0.73_516.44","3396","3606","3059","1968","3104","2828","2415","3937","4186","1444","2955","3033","2061","4279","2598","2977","4353","2392","2560","4073","5687","2594","7088","4088","4073","4461","4575","5819","3497","3783","4105","5222","7076","3183","5831","3387","2883","2805","4259","4353","3829","7355","3542","3397","5640","5182","6730","3280","6173"
"3.03_906.77","3142","4748","2571","2689","4140","3961","3615","3257","4783","1684","3214","5751","3904","3194","2174","3631","7844","3201","5401","4186","4536","3501","11050","4064","4006","4312","3190","4385","4041","2989","5863","4346","10394","2678","4420","3614","4987","4243","5566","6143","3175","5166","4845","2725","5405","5406","11045","4127","6309"
"3.59_774.70","3440","3338","3439","3479","3716","2608","3506","3074","2249","3186","4524","3392","2981","4421","2169","2607","3074","3782","2980","2847","3796","3544","3951","5060","4125","2285","3547","4659","2817","2495","5157","3558","6521","1880","2602","5395","2290","3356","4832","3667","3880","6980","4152","3816","3360","5875","4188","2650","2936"
"2.29_864.68","3626","3346","2696","3710","3095","3076","2789","3769","3395","3437","4051","3728","5018","3680","2436","4130","3039","2793","3951","2270","2703","3702","2967","3763","3583","3586","2950","2647","2540","2835","3211","3504","4421","3862","2674","3116","3483","3133","3540","3524","3182","3092","3512","3196","3374","3862","3936","3669","3035"
"0.79_482.41","4709","3777","2369","3913","3300","3512","7394","3365","3122","3094","3447","7672","3367","4532","3805","3072","3250","3063","3154","4102","3605","6391","3345","3970","6494","4079","3408","2787","5136","3622","3642","2426","3340","3434","4809","4987","2732","3685","4303","3398","3648","3464","2686","2902","4039","3933","4219","3215","3708"
"2.56_679.57","2967","2944","3701","2161","3934","3211","2973","2870","3876","2642","3230","4321","4809","4193","2889","5309","4304","2278","3887","5437","4237","2950","12323","3538","4790","3333","3120","3316","3348","2464","6626","3024","7386","3267","3601","3510","3829","3321","4023","4242","2816","4639","3624","3413","5026","3448","6461","3744","4197"
"2.44_605.48","8334","16066","6791","12351","14158","11937","12104","6860","15601","4755","9607","9683","7203","11533","12580","11599","18710","5734","18911","12529","14023","15334","22195","16895","10361","14441","13729","16592","12983","11326","19883","12912","17220","4769","19203","15751","11979","15720","18081","19598","11111","14391","14839","16126","14726","16089","17436","9448","17970"
"1.98_762.60","1993","2388","1971","2725","3292","2801","3097","2733","4066","1546","3478","3503","2149","2906","2948","2950","3872","1820","3115","3903","3817","3830","4801","3239","4229","4298","3015","4953","2785","3840","4156","3413","5970","2750","4148","3418","3253","3980","3414","4702","3880","4704","2999","2640","3627","4407","4513","2503","4555"
"2.15_760.63","35200","53496","35314","36477","52004","34779","38859","37976","41720","17643","44807","45950","30774","46152","38107","37683","42801","30429","50169","45100","41868","48840","30620","36572","32825","40323","37734","39040","32799","36003","39176","39527","43109","33201","55990","42617","42403","43851","36863","50594","37118","38511","33173","39748","40758","37359","40999","30463","36205"
"2.74_784.68","5086","6644","5815","4345","8162","6558","7288","5660","7787","4273","5463","6899","7079","7860","5325","7976","8927","5332","8475","9220","8409","6408","9645","7035","8902","6145","6541","8826","6691","5258","9666","6047","12332","6268","8868","7585","6519","7934","7481","9149","6394","8727","7291","6514","8687","8285","8724","6660","8115"
"1.84_650.44","7449","8136","6397","6061","8362","6726","5957","7667","6558","6335","8996","9207","5585","6778","7223","7201","7139","6710","4749","6453","8059","8026","3468","6355","7031","6303","8047","6958","4415","6328","6772","7309","8681","5724","7065","7187","6437","7559","7374","7134","8931","8830","7088","7112","7139","7427","6833","4832","5671"
"1.95_708.61","2242","2440","2067","1913","2686","2452","2150","3151","4740","1085","1914","3309","1511","3002","1440","1907","4100","2281","3085","3525","3216","2235","5946","2938","2986","4391","2933","2889","3218","2459","4867","2506","4352","1593","3117","3651","2748","2855","3589","4443","2070","3526","3556","2160","3935","3923","5322","2473","4591"
"2.61_668.60","4693","5455","9386","5168","7438","3548","5358","6787","3916","7120","6720","10131","5114","8760","3155","4958","4403","4245","4195","6627","4583","5639","6543","6478","3626","6356","6258","6068","4817","3439","5318","4793","5874","5116","6861","4383","8163","4752","5224","4580","4887","4491","5734","6464","7233","6768","5818","2967","5195"
"1.98_777.59","2304","3774","3095","2763","3311","3359","2896","2934","3910","1515","2526","4061","3039","3520","3215","3041","4495","2072","3438","4251","3327","3090","8470","3237","4384","3461","3105","3468","2390","3842","4283","3825","4593","2938","3383","2951","4368","3890","3062","5383","3859","4851","4304","3039","4461","5485","7203","3042","4431"
"3.60_802.72","3667","4955","4430","3656","4563","3388","5640","3820","3978","3899","5047","4976","3721","5826","3289","6080","3852","3420","4457","4704","6703","4974","4021","4218","3538","3652","4020","5272","3902","3252","4989","4137","4449","3051","3849","4723","3823","3910","4559","4365","3993","5344","4920","4777","4237","5015","3484","4328","3363"
"1.27_520.47","5005","4910","2208","3673","3796","4140","4069","2988","3063","2030","3638","2806","2314","4113","3271","3263","3550","3128","4878","3852","3661","2229","3948","4700","4596","3881","3165","4206","2677","3497","4376","3957","3601","2203","3765","3163","2274","3050","3289","4984","4126","4564","3591","3858","3450","3992","3788","4078","3548"
"0.53_335.28","1769","1299","1013","1451","1837","2797","3141","2244","3229","1348","2523","2966","4431","11490","4123","1428","3271","1211","4078","1960","4762","4753","1863","1556","2087","5219","2810","1733","19651","4206","2390","4537","4517","2516","5287","3815","2938","3129","2118","4327","2852","5940","2654","2085","3202","2408","2394","2511","2803"
"2.30_1025.30","3843","1788","1656","1409","1445","3894","1756","1048","1115","2211","11054","862","862","1154","1113","1392","573","732","1311","1428","2066","1199","6749","1223","9001","1253","477","976","1483","1085","801","1755","1553","2218","1472","1931","853","2126","1539","711","40407","1911","1722","1659","2839","1478","2411","1355","1426"
"2.93_771.61","3069","4455","3881","3910","4832","2861","4108","8310","3236","2734","3983","6949","3074","7554","2493","3722","4916","3583","3396","2790","2275","3943","14546","4086","3498","5361","2729","3411","3743","2293","6385","2508","7382","4127","6552","3007","4812","3594","4309","4020","2866","3532","4890","3676","4365","4693","9199","3023","8225"
"1.61_726.59","6883","6084","8078","3177","8469","2731","5114","17296","2703","6706","7946","19655","8435","13493","3258","6258","3530","9575","3669","2778","2756","7294","5921","4186","4850","3276","2004","1958","2735","3067","4393","3165","4824","7881","9258","3359","8699","3413","3602","3522","3239","3683","3795","2403","4346","2992","6583","3271","3779"
"3.38_935.85","1865","2854","2280","2229","2915","3141","3080","3814","2523","1060","1876","2709","1621","3202","2185","3490","4843","2846","2916","2458","2389","1708","6609","2056","2664","2086","2316","3319","3478","2433","3972","2524","3512","1472","3762","2958","2090","2849","2942","3089","1922","4553","3522","3559","3330","2978","5647","2397","4652"
"3.04_905.67","3311","3763","2625","2433","2614","2473","2673","3848","2875","1510","4015","3351","3473","2703","2646","2992","3053","2784","2948","3549","3262","2982","2823","3170","3307","2751","2867","3154","2834","3218","3046","2933","2847","2854","3156","3173","2765","3093","3173","3463","3495","3290","3168","3050","3265","2760","2666","2921","2725"
"1.52_677.46","8066","8108","5140","4505","7509","2346","6439","4885","3643","4390","7406","11807","3955","10379","3512","4656","3578","6228","5467","2486","4953","6175","13127","6525","5855","4826","2732","2482","4302","3075","3998","3244","7788","7369","8525","5024","6139","3222","6420","6865","3992","7721","4681","3550","5033","5405","9645","3662","6104"
"2.80_842.67","3315","3689","3225","2828","4694","2310","2932","2815","3899","1454","4067","4450","2294","5116","3568","4411","3256","2738","5787","2441","3311","4960","4162","4193","3608","3351","3738","3550","2438","3247","4611","3960","3315","2760","4202","3077","3401","2753","4022","4352","3262","3145","3289","3748","2615","3900","2580","2618","3625"
"4.24_974.91","9913","21942","15920","10818","22816","17804","18159","16955","27634","6598","26310","21727","9797","24694","12513","16102","19289","12318","31948","11551","18652","17174","27618","19173","19372","20913","21686","17806","15605","21763","24796","9024","20942","8451","28250","16993","10519","10936","24414","17357","10762","13467","17599","16845","13910","22653","21521","11003","25854"
"2.73_769.68","4650","4358","3381","4791","4007","6138","5614","5004","6939","3194","2867","3825","23042","4696","3970","8559","9288","7829","10002","7829","10338","3257","9739","6899","10515","5920","6927","10941","6715","6230","8581","6801","11192","10324","4236","7233","6742","6519","8583","8221","6143","7490","6315","4727","7944","9278","8243","6724","4902"
"0.18_377.13","2723","2589","4778","1402","3570","1511","1412","4508","1325","4102","3086","4674","4403","2446","2391","3656","1028","2708","1247","1933","1475","3265","1382","1255","1342","1448","1206","972","1375","1140","1393","1338","1756","4514","3525","1301","4905","1317","1313","1772","1559","1630","1456","1100","1729","1578","2285","1324","1859"
"0.30_343.30","35544","34011","21954","23691","20246","30025","28370","28859","24783","22002","23494","24069","21094","25109","22345","36941","18437","18454","27365","29737","29833","20917","23173","27894","21394","31518","24781","21123","33517","26317","16012","26215","23594","15674","21125","26658","19582","36632","22991","51626","18774","25414","22849","24632","23244","32055","18959","26263","24897"
"2.00_744.54","4685","7590","23306","17294","8065","6299","8184","7979","4675","4781","8225","19791","10006","5190","18717","6804","11362","2849","6618","7730","26176","20872","2580","4711","6951","8282","5522","4418","6020","5700","12357","10924","5206","5443","20613","4567","11719","14392","2657","4783","6023","3098","10156","15128","10733","6603","2326","14538","19894"
"1.31_694.46","4876","3674","2413","3459","3318","2353","2995","2672","3477","2650","3455","3463","2401","3450","2851","3849","3526","2018","3964","2456","4034","3260","5435","3565","3468","3839","3397","4320","3297","3481","2689","2837","4898","3220","3645","3622","2949","2873","3734","4274","3148","3808","2797","4098","3353","4024","3702","1979","3764"
"2.04_676.55","3939","2922","3063","3464","2681","2641","2768","3964","1794","3669","4390","4501","3335","3901","1713","3321","2536","3867","2841","2202","3223","2198","3402","3273","2669","2567","2878","3577","1974","1677","2957","2967","4029","2750","3136","3271","2963","2386","3037","2525","2778","3733","3952","3036","2259","4174","2791","1528","2273"
"2.46_814.69","4279","4472","3282","1873","4588","3523","5151","4257","3323","2889","4518","5952","3872","5268","3646","3216","5444","3096","4667","6541","3597","3542","6234","4120","5186","4405","3551","3432","3736","3513","6945","2934","7733","3164","6265","4927","4306","3886","6418","4958","4099","3771","5594","5664","4306","4469","6305","4921","3514"
"3.65_369.35","6871","10343","7371","15571","11077","15808","11857","5965","13873","4574","8736","8975","6180","10807","8237","9999","21886","5750","10938","11290","10963","9029","31893","24542","16321","23412","11808","14134","23906","14400","26984","16846","39480","4831","11901","26700","9855","29650","45635","34714","16739","24966","27931","18764","22541","33393","40270","11325","46255"
"2.71_822.72","5851","6180","6003","6225","8742","5890","6788","14456","5655","4875","4383","8948","3873","10304","3361","6870","11121","4889","3923","6978","4598","4190","21914","5959","6460","7802","4376","7255","5915","4599","12261","3045","8313","6894","6854","6781","3776","6813","4740","5076","4467","5393","5726","8014","5250","8650","12626","3983","13991"
"2.72_738.62","2061","3351","4959","3112","5082","2365","3635","8213","3161","2648","2798","6815","2476","5970","2228","4470","7122","2787","3212","3760","2450","3253","15389","4222","3314","5412","2518","3503","3179","2211","6245","2733","5323","3440","6369","3806","4913","3961","3593","3304","2501","3711","5222","3076","4394","4840","6601","2522","8485"
"0.94_427.39","11637","8910","4802","11183","7150","5864","8091","5356","7704","5129","5174","7330","3313","4836","6194","10397","3117","4778","5250","4663","6121","7992","5883","7747","4878","4647","4016","3935","4335","5194","3084","4203","6260","5690","6391","6658","5401","11783","8657","14800","4459","8018","5715","4968","6657","6153","3577","3996","6380"
"1.30_772.55","3439","3750","3414","3099","4207","3306","4233","3360","3834","1715","3126","3745","2090","3913","3062","4947","3573","2484","3844","4462","3361","4092","6207","3651","4668","4161","3547","4377","3442","3453","2711","3113","4689","3391","4103","3468","3545","3070","4431","4632","3066","4480","4251","4121","3737","4315","3714","2962","4306"
"2.74_741.61","3204","4420","3350","4375","5634","4828","4395","3626","4379","3041","3442","3873","5743","4210","5247","5065","3648","3273","4861","5315","4537","3845","4599","4159","5037","4623","3748","4000","3394","4699","4225","5295","5807","2943","4527","3973","4764","5279","3408","4240","3563","4545","4408","4337","4663","3900","4224","4970","4013"
"2.54_840.66","3490","5564","3484","2900","4788","2076","3110","3417","3918","2521","5434","6565","3190","4943","2164","3387","3246","3633","5276","3468","2558","5430","7413","4040","3228","3266","3051","2869","3186","2936","2783","2369","4585","2158","4787","2216","3772","3489","4338","5144","1969","2582","4423","3767","3776","3022","5661","2061","4613"
"0.97_393.30","6743","5882","6322","6858","6176","4238","5581","5945","4631","5541","5283","5040","5035","5263","5862","6654","5594","5216","5805","7130","8121","8449","5608","6383","7043","5477","5557","5739","6994","4965","5969","6229","6287","8290","6737","6923","8563","10496","6104","6914","4378","3703","4548","5666","3992","4272","4236","5574","5012"
"2.84_838.75","2487","2517","2646","3118","3026","3751","2640","3015","3565","1437","2507","2857","1584","2150","1753","2379","4563","1991","2651","2193","2567","2428","7770","3496","3429","4299","2658","2066","3563","3661","5325","2562","5449","2305","2570","4057","2357","3472","4596","5847","3699","5684","5576","2276","4967","4667","11069","2751","9438"
"1.49_538.48","4665","3938","4782","3161","3260","2353","2976","7923","2840","3173","4697","8507","6102","5290","2350","6355","3132","4842","2564","3217","3800","4559","2454","4121","4727","3288","2267","2921","2135","2339","2725","3487","3941","9407","3226","2638","4166","2921","3323","2904","3572","3159","2452","2464","4771","2644","2801","4522","3356"
"3.42_367.34","4101","5752","4827","4458","5822","4019","5628","4465","4893","3414","5048","5760","3728","7032","3258","5658","6696","3644","6865","7176","6273","4741","12578","6235","5524","4711","5327","5707","5169","3315","7901","4122","8521","3123","6550","4850","5147","4617","5055","6242","5303","6564","5855","5769","6112","6437","7891","5158","5740"
"2.56_820.68","11342","10205","24147","6986","12580","3253","6601","6289","9400","11957","3754","6214","3325","11810","3921","6714","7900","12017","10106","14071","9993","6679","14878","10307","10306","8454","7793","4336","10053","8367","12290","6947","14626","10218","11464","5742","3630","9421","10355","3041","2603","8121","3072","10762","10558","9951","9307","6872","7244"
"2.95_876.76","4721","8552","4416","5494","6593","4625","7125","6227","8688","3471","6382","8601","2470","7166","3967","4150","9357","4401","7738","4601","4594","6009","35533","10574","5404","11926","9029","5728","5637","4616","9262","4553","9838","3442","8923","6324","6101","4789","11729","9250","4389","5447","12482","6732","7228","9554","13715","4133","13316"
"3.45_894.74","3420","4655","3629","3980","5385","2800","5765","5986","6376","2669","3877","6613","2334","6518","3130","4483","8762","4068","5497","2659","3456","4119","12080","3364","3815","6884","3387","3138","3175","2743","6025","2840","8303","2998","5842","3549","4215","4412","4739","7089","3751","3859","4992","4092","8128","5106","11254","2571","7512"
"0.65_332.33","33549","20283","16009","19071","42609","19468","19269","15930","21241","25241","18009","23346","21130","23066","50080","22555","13329","15278","24694","17073","19355","31022","14009","32958","19610","26564","19587","13348","535907","18864","21553","44749","25454","23135","21689","50904","19830","17909","34505","20005","18552","23312","15656","19618","21701","58554","23369","17578","13133"
"1.54_590.48","5168","4423","2813","2559","4317","1579","3536","2738","2152","2116","5174","6171","2909","7250","2258","3986","2451","3391","2525","2442","2834","4562","4077","4576","3663","2348","2314","3257","1673","1248","2522","2629","4322","3004","6723","3671","2647","2094","4972","3819","2225","4291","2693","3934","2182","4158","3275","2419","2212"
"3.63_992.85","6557","14719","6734","7265","12875","4416","10821","9754","8689","6601","11315","17197","4481","14020","5541","6345","13414","6638","9593","6322","4703","9273","15124","5671","4067","10109","5543","6077","4360","4637","8925","3486","9841","7371","9919","3295","7363","5422","7281","8787","4230","6691","7589","4925","9496","5624","19032","3963","10955"
"3.39_977.72","4026","4517","3027","3547","4338","3450","6705","4884","4427","2242","6307","7386","2966","9169","2509","3755","8810","4556","6792","2531","3582","3474","9292","5887","5559","4392","4992","5552","4982","4782","12181","3770","14131","2406","5472","9336","1988","4277","9462","5930","4117","7297","8393","4165","4466","10029","12150","3655","8723"
"1.98_826.65","2543","2865","2756","2341","3179","2870","2648","2466","3925","1239","2309","3105","2671","3301","2945","1877","3368","1939","3436","4457","3225","3062","5501","3168","3286","3150","2714","4107","2676","3024","3387","2677","3751","2489","5032","3898","2997","3575","3261","3031","2342","2631","3005","3234","4393","4017","5100","2727","3408"
"3.01_902.78","2291","2720","2227","3275","3929","2719","3019","4591","4324","1890","2163","4736","1699","3192","1996","3414","6179","2041","4038","2133","2457","2470","9714","3315","3843","3385","4612","3070","3031","1933","4493","3237","3498","1642","4371","2995","2215","3039","2663","3913","1773","2996","3612","3629","3554","3109","7179","1976","3961"
"3.36_1002.87","2587","3462","1964","2898","3725","5307","3730","3906","8306","2343","2206","3979","4118","4177","2748","4074","7570","3206","6545","2710","2927","2573","15978","5760","5246","4802","4178","3655","4354","3276","6607","3182","8429","2050","5196","4511","3394","3628","6708","6870","2910","5009","6833","3209","4812","6761","10651","3601","6105"
"0.24_285.11","1904","3584","2600","884","3238","1402","10696","4478","2397","2546","5047","3941","5562","9685","9320","4632","2198","3590","2376","1752","2243","8095","3003","6516","2034","4707","1930","4796","1466","1580","2140","2310","3032","3354","19258","3466","701","1719","2061","4350","2208","1583","4087","4727","5434","1710","3043","5159","2727"
"3.56_1000.80","2093","3743","2014","2016","4479","3264","3772","2504","5443","1192","7796","3917","1646","5870","1813","2728","3137","2590","5922","1660","3326","2677","5871","4469","4287","2959","4227","3430","3034","4136","5185","1865","4842","1399","4750","3886","1350","2544","7237","3355","3572","4189","4502","3196","1919","5695","4978","2503","5826"
"3.16_836.75","1971","3714","3740","5917","3249","4216","3911","3603","3203","1851","2508","3167","1723","3739","3213","2484","3942","1732","2228","4377","2046","2523","4287","3253","5064","5034","2686","2446","13182","3568","4685","4261","5473","2602","4333","5630","4938","7166","7096","5203","7024","5293","5716","4591","7014","4034","7647","4488","11701"
"2.81_818.65","2443","3153","2802","2418","4667","2623","2971","3221","3829","1553","3346","3861","2215","2914","2592","3018","3714","2219","5461","2510","3150","4542","3550","3149","3326","3695","3434","3345","2726","2622","4615","3297","3749","2566","4886","3348","2629","2982","3642","3724","3513","3222","3358","3037","2753","4588","2223","2421","2649"
"1.91_877.26","5514","2209","2935","1688","2245","4966","2026","1864","1269","2484","14440","1402","1241","3096","1291","2093","1110","1369","2600","2366","3510","2208","10539","1807","11402","3680","1602","1875","3622","1670","1503","2985","4518","2394","2591","4053","1132","2637","2314","1096","56927","2840","2464","2488","4506","2379","3042","1657","2871"
"3.03_837.74","5329","5269","4962","3460","5820","2764","2785","4874","6115","2165","4804","4783","4980","4318","4628","5141","6496","4048","5109","4681","4951","7703","4878","6319","6899","4094","4894","5700","4157","5578","4258","6116","5259","5530","7064","5758","5059","5651","5862","5422","3983","4901","4967","3775","6175","5445","4561","3896","6177"
"1.15_417.34","7283","4867","2912","3350","2871","2562","3508","3630","2371","2508","3944","3649","3594","4878","2691","4344","2147","4300","3278","1802","2874","2641","2711","4089","4334","2434","2536","2989","2256","3310","2799","3700","3775","4637","2652","2506","2956","2063","2690","3845","3811","3331","2425","2607","2566","2530","2796","3307","1512"
"3.03_1046.77","4568","6510","1847","3234","3319","4780","5347","2263","7534","1966","7156","6285","2208","4963","2918","3908","6540","3242","9009","2250","4732","5386","7150","9883","5777","6051","7949","5936","4456","9051","6686","3347","12822","1887","4564","6526","1769","2999","15545","7894","3534","5874","10357","6118","5419","11327","8832","4871","6847"
"2.18_1020.53","3216","1602","3005","3765","2932","4494","3166","3595","2882","4204","3298","2912","2951","2383","3687","1570","3187","5804","1799","3003","3106","2369","3029","3704","3459","3665","3056","3068","3929","3662","2871","3242","2056","4121","1525","2528","2544","2448","3299","3092","2971","3378","3325","3347","2827","3252","3650","3844","3584"
"2.31_1002.28","3663","2320","1787","1361","1817","6191","2268","1395","1191","2186","16234","1114","886","1603","1772","2302","546","860","1894","1141","1120","1655","9112","1286","8873","1944","641","683","2428","1357","1012","2367","2748","2682","1449","3570","981","2786","1854","1011","44247","1712","1668","1846","3330","1953","2622","1270","2076"
"2.54_741.61","5074","4086","4271","2831","6292","4884","3743","3135","5272","2978","4287","4451","4641","4618","4099","4145","6802","3279","7522","6847","5895","4242","7593","5561","5856","5036","4883","6851","5142","4443","6981","5569","7335","3555","5411","5309","4235","5423","5415","6245","4691","6372","5595","5856","6095","5778","5745","4499","4718"
"2.04_783.67","3051","2898","3162","2357","3407","3774","4393","3893","2167","4789","3280","4524","5500","4196","3339","4541","2719","3778","3236","4390","3354","2817","4891","2915","3046","2935","2069","2759","2420","1373","3362","2340","3878","3353","3606","2246","4372","2350","3328","2244","3265","3673","2684","3419","3361","2470","5057","3598","3618"
"0.79_326.38","11178","9866","4069","7263","6291","3383","4724","7505","3818","4197","12466","22061","7571","6460","6783","5838","15224","6335","6851","6147","5002","26384","3428","10424","5758","6724","3675","10920","248299","5556","2607","48684","4290","2792","8622","9169","6826","8063","15920","6120","9192","7301","5530","5755","8984","8710","8558","5035","4197"
"4.11_880.81","3489","5893","3656","2919","6005","3411","5487","4737","6010","1481","5436","6369","1859","7970","2433","2659","8280","1068","8558","4283","4551","6041","9888","6062","5209","6838","4793","6055","4577","5110","10325","2989","9505","2416","8861","6184","3829","4458","6252","4981","3094","4226","5319","5400","5007","7396","9092","3469","7820"
"2.46_829.67","5847","6833","6857","4280","8222","6707","5696","10438","5156","2117","6424","7467","4056","9650","3555","2913","7921","2883","9421","7854","7693","8595","6709","5151","4666","7865","8496","6848","5758","7624","7530","6448","8601","8453","11736","4231","5847","5286","7192","10670","5622","8094","5285","7359","10548","8287","9400","7753","9509"
"3.92_926.80","7336","13810","13388","9067","18148","17811","14453","28440","24343","4261","56435","19744","6766","29697","7623","13052","12796","14814","28333","6360","10365","9139","18565","10138","14433","9691","9369","17043","10837","14420","20084","6808","14439","6247","36156","14761","5640","8789","17954","10936","7919","17390","9668","12328","9269","18467","22147","4714","26843"
"3.15_794.69","2056","3327","2779","2032","3859","2137","2472","4362","3618","1466","4782","4456","2197","5425","2547","2693","2122","2499","4189","1891","2255","2932","9491","3807","2970","4569","2708","3154","3040","2538","3561","1812","3332","2583","4596","2427","3442","2522","3576","3624","2485","2210","2809","2523","2533","3409","4576","1335","4643"
"2.35_762.59","330589","557298","410981","304820","523534","261932","391295","431407","442651","100745","426474","481338","248152","567176","417909","588338","616952","268058","615201","453606","475458","581389","551054","431818","344353","480290","438291","534939","404726","391146","543423","436497","488117","284031","595534","594247","406109","478260","425580","574502","347574","471217","394231","435429","456988","485738","399301","352958","511993"
"1.83_621.44","4718","6178","4315","4095","5970","4565","3411","6791","4090","4373","5414","7115","3418","4652","4589","3973","5174","4009","2923","4896","5052","5390","3258","3673","4466","4616","4229","4721","3714","4113","3775","5498","6695","3348","4327","6212","4284","5004","4847","5335","5363","5682","5344","4355","5088","6018","5814","3379","4153"
"3.92_927.80","4078","7409","8825","5159","11299","10819","8897","17442","14284","3039","33987","11501","4583","17438","4461","8165","7770","9655","17471","4091","6577","5197","12048","5943","8469","5562","5412","10464","6637","7528","11742","4046","8342","3850","21207","9880","4181","4458","11265","6105","5393","9881","5831","6090","5123","11046","11836","3174","15648"
"2.29_939.82","67269","16759","81355","20833","43141","2738","9425","7471","5240","33027","4969","5370","3765","5276","5559","18126","5454","35111","5567","21473","4957","9669","9089","7730","5562","11823","11801","6479","13171","10133","5166","7449","8915","20591","6306","5455","4679","4644","9970","5945","5379","55470","4623","9411","7051","5300","4103","7572","5485"
"3.84_573.49","1583","4040","2213","2375","3458","1885","2619","2845","2881","2076","2776","4513","1281","4388","2195","1603","5078","1988","3612","1912","2144","2001","3042","2170","1275","2375","2180","2362","2501","2072","4156","2587","6107","1526","6707","2277","1801","2733","2996","3131","1622","2721","2965","2061","3587","3828","5092","1431","4731"
"3.13_788.69","3057","7578","8093","4820","6908","2625","5336","2993","5136","3692","4241","6161","3173","7792","2499","2330","3049","3329","6899","5547","4356","5603","2688","6278","2705","4053","4794","7121","4246","6299","6959","4335","8232","3307","10315","4001","4473","7036","5689","3721","2836","2974","2645","7908","6257","5850","4582","2336","4703"
"2.32_814.51","3296","3135","3157","2680","3448","3456","2732","3617","3359","2415","3336","3074","2740","2626","2892","3822","3213","3020","3635","3253","4180","2702","4365","3472","2936","3262","3196","2768","2607","3531","3382","3229","3017","3627","2755","3071","3116","2207","2779","3344","3491","2755","2947","3607","3194","3412","4300","3535","3766"
"1.30_691.47","3598","4180","3261","3484","3926","2371","3163","3124","5617","3034","3666","5446","2368","4628","3907","3061","4521","2637","3314","4163","4922","4209","8325","6140","3671","5894","4575","4670","4582","4707","3612","4582","7109","3957","5360","6910","3877","4663","5567","6440","5034","4483","4767","6383","4559","5039","6156","2951","5807"
"4.45_1026.92","5810","7025","7360","5583","8262","4779","5585","8892","5738","8655","9289","11385","7425","12115","5983","7952","3409","6729","4690","7341","7970","7876","3370","4762","6697","7572","8385","5844","5101","4251","6126","6024","7399","6765","8871","5936","5179","5613","6519","7399","7252","8238","7148","7100","7883","9059","9009","5730","4995"
"1.46_615.42","6352","5663","6011","7634","6928","4027","4948","4644","4394","5643","4334","4024","4516","4840","4771","4610","4220","2160","3008","2683","3126","3709","4275","4628","2732","4702","3806","3557","3290","3930","4189","4647","5431","5233","5222","4624","5189","8096","4398","4574","4088","3178","3645","4680","3061","3249","3116","3070","4031"
"0.84_620.39","3463","4863","2801","4888","2405","3684","2262","2867","5750","2094","2778","3776","1037","3612","2855","2083","4590","1774","4061","3242","3580","3012","8034","8329","3069","7913","5579","7382","4433","6271","5930","4656","11323","2408","6134","5422","3251","7203","7113","5795","3150","4718","3579","6495","6356","7023","6250","3224","6668"
"2.22_748.57","4297","10080","8222","3612","7403","2988","6070","8433","5777","2249","6061","5989","4258","10728","7068","7724","8167","4886","7531","7660","5946","7995","7357","5985","5604","6864","8189","9203","7526","4508","7434","6707","8353","4900","11830","13223","5491","7349","5165","10625","6455","6505","5361","5531","7504","8252","4971","5028","8848"
"2.94_493.39","2089","3874","1633","1561","2796","1881","2545","2925","2739","1416","2553","3864","1245","3522","1385","2364","3665","1714","2445","1582","1610","2278","12586","2766","2327","3180","2542","2476","1757","1660","4631","1121","4962","2118","3435","2114","3527","2000","2850","3189","1399","2305","3840","2049","2787","3826","5739","1340","4378"
"3.40_1058.87","8504","8596","3770","5622","6967","5205","9874","6855","6567","4160","10888","9100","4659","12980","4164","5856","13241","8270","10844","3672","6104","6402","10815","9842","9698","7149","6072","8821","8571","7723","15609","6117","21068","4183","8398","13621","3421","6115","13418","8859","6011","11492","12395","6948","6508","16035","15854","6660","12363"
"2.93_836.73","6771","9674","7965","8040","9885","5903","9358","13033","7947","5337","8377","13484","4016","13423","4061","7620","11834","7429","8249","5987","5877","7762","30608","11435","8088","13203","6349","8874","8346","6223","12510","5465","13631","7952","11744","8978","7917","9243","11297","9445","5199","8398","13205","8046","11931","10330","20450","4897","17747"
"1.98_819.63","3450","3626","3207","2582","2571","2202","4391","3473","3090","2306","3730","4165","4954","4537","2933","3091","3549","2858","3791","3143","3736","3690","3463","3359","4542","2664","3093","3250","2280","2260","3203","3150","2388","3575","1894","3102","3141","3286","2255","2933","1551","3497","3181","3187","3038","3210","3917","3110","3040"
"0.36_198.19","57333","112587","81982","56971","73648","16535","17370","101124","34002","204573","102685","76055","43487","114155","103441","72320","29832","103531","67609","53182","37497","194374","28211","45112","19298","26225","21825","24122","40880","33084","43781","28679","39722","67571","108876","22646","42437","49383","24911","50069","12999","10343","14016","15885","12683","8512","13402","7590","13490"
"2.39_787.56","4839","17399","5797","1173","21071","2817","4905","8431","16989","1238","12104","15031","2753","11818","13317","6558","13669","1367","18636","7081","12018","20006","1096","3744","0","9285","11825","11287","4598","6710","10174","9850","11073","3872","19350","9599","11691","14100","8464","18677","8240","6415","6046","8974","4067","7795","4316","2198","7715"
"1.51_383.35","21681","23147","22294","18992","18786","12483","16153","17025","14507","17600","14816","14130","13223","16896","16801","17421","14602","12403","14037","19398","15628","18820","17528","17178","14199","18146","15948","14870","15532","16170","16262","18196","22633","25820","21933","18890","22376","30192","21107","19834","11665","13212","12006","15120","12847","13528","12737","12971","15111"
"1.53_818.65","5881","5401","3772","2592","5264","1311","3283","3100","3001","2440","4922","5331","2807","5086","5108","5014","2849","2997","3628","3101","3537","5455","4995","4734","2572","5038","2696","3231","2539","2022","3256","2325","4572","6434","6260","3100","4425","2094","3021","5056","3243","5189","3405","4034","2798","4188","3651","2595","2930"
"2.84_668.59","3078","4223","2735","3120","3253","3129","2406","2738","3353","1042","3041","4619","3941","4134","2924","3620","3085","3126","3332","3263","3614","3907","1674","3231","3184","3059","2809","2268","2195","3081","3247","3577","3081","2817","2544","2508","2409","2833","3290","3192","2958","3641","2528","2765","4114","2539","2790","5119","3178"
"4.08_1426.39","14704","14923","11087","4908","18395","17191","5890","6534","6518","7319","29228","8531","5911","3230","12690","7009","5976","7335","3334","7466","6759","5978","19040","8819","10707","11590","5004","6778","12238","7228","7635","19522","14704","9610","10818","11229","7252","13669","6196","7479","18674","6937","6576","13960","6436","6492","6119","4939","7916"
"3.52_1084.89","1853","2281","1870","1300","1860","3145","5340","1481","3894","860","3982","2904","1593","3843","1107","2037","2747","1691","6177","1088","2680","1491","4940","3233","1596","2377","2571","3592","1876","1613","3736","1058","3513","871","4404","3977","878","1233","6559","2721","1834","3544","1689","2314","1353","5905","5024","1665","5216"
"2.76_764.64","6800","8582","7383","5503","12088","2674","9084","11454","7535","6611","8587","17852","4995","11213","4698","7127","12360","6248","7391","10706","3398","7212","20468","7015","4806","8212","4404","5654","3671","5202","12105","5627","13742","9494","11516","4305","10027","9228","9179","9775","4456","6952","10823","6196","10134","8932","17539","3274","10530"
"0.54_392.37","1368","2070","1295","2512","4220","3280","4971","4006","3534","1845","1122","2053","3564","16510","3226","1942","1193","729","3740","870","3239","6199","1786","2580","3739","14036","1764","4978","701","3073","1586","8262","8734","2124","12110","2189","2821","4951","3946","3736","4035","5516","4525","4008","5576","919","2829","5984","1284"
"2.34_166.06","3575","5694","4153","3154","5280","3378","5053","4537","5181","1593","5596","5918","3411","6278","4943","5395","6131","2980","6294","4731","4819","6429","5284","4188","4015","4655","3682","5282","3718","4541","6041","4338","5903","3196","6855","5903","4335","4865","4818","6536","3839","4668","4046","4504","4806","5365","4119","4114","4537"
"1.98_734.57","3183","2804","2628","2494","3045","2185","2392","3484","3473","1558","4252","3122","3824","4214","3809","3486","2357","2295","2956","3330","3400","3676","4697","4197","3847","3255","4056","3343","2771","3067","2474","3044","3595","3252","3368","3464","3266","2877","2941","3572","2680","3176","2355","3455","3608","3966","3203","3849","3562"
"1.97_812.67","2607","2621","2973","2695","3823","3605","3421","2521","4287","2459","2498","2762","3937","4396","2403","2869","5011","2900","2919","4004","4001","2020","7303","3221","3950","2878","3430","3701","4125","2325","4831","3513","6691","3259","3097","3219","3971","3675","4276","4662","4637","5245","4581","2954","4338","4005","6177","3117","4424"
"2.53_784.68","6184","6440","5995","6421","8917","10862","8112","7816","10915","5356","6711","7178","7558","7110","8137","7575","10855","4951","11755","12842","11673","9127","15782","9660","11884","9611","10159","11839","9771","8647","13048","10299","11597","7271","8950","9316","8182","9637","10579","11917","9589","11064","9964","9179","11337","12794","11094","9946","8477"
"3.59_761.64","516","177","207","2130","691","3668","261","382","3986","160","291","200","348","560","787","315","8129","589","2782","617","1773","164","10462","9751","1189","6710","4087","4331","1305","3034","7418","3035","11292","105","252","9494","525","3630","12452","8137","1526","3563","7673","4872","2816","13385","6567","488","10402"
"2.71_794.66","1150","1701","1597","2564","2193","3267","1752","1369","3033","1573","893","2132","1896","1920","1966","1850","3853","827","3047","3532","3155","1885","7689","3737","3083","3656","2949","4422","3461","2761","7407","2792","6717","932","3747","4404","1626","4090","6578","4770","2832","4288","5329","3917","4747","5011","6668","2329","6323"
"3.03_905.76","5932","7222","4103","4833","7699","6183","6070","5877","7848","2665","7122","11404","5901","5553","4646","6188","13061","4690","8145","6571","6582","5819","16145","5788","5602","6005","4858","5840","4423","4328","10058","6820","15657","5161","9046","5109","7175","7054","7289","9707","4326","9969","7657","4489","10990","7997","22870","4417","9633"
"3.84_957.93","2041","4522","2114","2024","3812","1868","2823","1597","3551","2364","3352","7818","2025","3063","1306","2497","5580","2284","2058","1310","2285","1803","2923","3232","1782","1819","2253","1496","2509","2927","5612","3084","7004","1944","4669","2076","1865","4106","4555","3090","1744","1964","3110","1947","4921","5136","10103","2763","4320"
"0.84_428.37","9294","3401","11405","7688","5563","2011","18134","4073","6747","4912","2523","6792","2050","4202","6482","8543","3152","5207","3794","3697","8874","10464","78031","96809","4800","4101","3960","3189","5474","2794","4887","4348","2218","10023","2127","14578","5244","4425","6382","14530","2777","5343","3799","4308","15925","3993","3472","4208","3941"
"2.45_920.75","7019","3904","4504","2290","4463","3061","3256","7160","2684","4100","5131","6880","9508","3671","3710","6952","3333","5131","1929","2988","2102","3519","8435","2929","3593","1923","1738","1994","2533","2561","3948","2931","3683","7015","3570","2559","6873","2634","2730","2983","3848","3534","3310","2048","3504","2599","6772","3297","4198"
"3.27_918.81","2257","2294","3316","4036","5095","5551","3158","7447","4352","2305","2089","4327","2554","5235","3111","6755","7437","3379","4347","3700","3678","2385","10511","4623","3425","4397","3822","5185","4257","3070","4922","3322","5206","1880","9173","6657","4328","4117","4138","4470","3134","6307","3714","4547","5333","5347","7237","2436","9962"
"4.12_934.88","73443","114633","159369","106631","166187","150740","159858","201118","130083","57937","135011","164313","86077","190978","93325","158591","191546","132872","133875","110489","115492","103381","207561","99477","123833","111101","102902","158281","167298","136341","177421","92677","168522","70023","213129","184080","89941","117558","119386","133745","103357","167819","109298","134770","133322","137107","196904","77084","213069"
"2.07_704.47","3314","7482","3845","719","3593","3324","2738","5772","2473","869","9946","4042","5157","8957","1642","4430","4325","4110","6332","9458","5724","6423","2532","7182","3885","4450","4919","3280","1419","4370","3120","6483","4787","9417","6489","4954","6618","4827","5416","8002","4907","2498","4060","6270","2111","4389","2866","4681","5253"
"1.15_457.33","7806","5812","3535","3234","3053","2495","3940","5230","2387","2771","4669","4687","4596","5790","2549","4634","2300","4796","3944","1816","2811","2802","2865","5431","5323","2311","2892","3817","2004","2917","2849","4440","4242","5489","3434","2967","3798","2629","2891","3801","3409","4405","2464","2385","2180","3291","2458","3600","2148"
"0.79_526.43","4221","4890","2737","2982","3272","2548","6481","2671","2876","3154","3225","6623","4977","3528","3073","3133","2352","2942","3539","4074","3052","4781","3342","4311","10568","7065","3098","3247","4769","2774","2876","1804","3188","3333","4393","4826","2823","2565","3256","2625","2760","3145","3187","3282","6404","3753","3701","2578","3127"
"3.62_980.85","8781","17719","11755","13146","17603","9078","17875","24036","10789","7241","14219","19186","6521","26633","8849","14988","29311","11195","13241","9634","8261","10812","29331","7404","7413","11813","8341","9930","11129","7089","14507","6558","14199","9372","20218","9286","9983","10146","11494","11724","7369","14317","12561","9852","14050","10255","26796","5163","28742"
"4.54_1295.12","3321","4887","4890","2967","6244","3198","5195","4109","2924","5775","4594","4124","4238","5911","4173","6789","3129","3218","3502","5338","3965","4984","3193","3009","3069","4655","3640","3339","3260","2841","3924","2946","4312","4007","3507","2154","3516","2791","3588","3637","3444","4729","3340","2721","4735","3507","3983","2155","3198"
"2.75_848.73","5933","9259","6318","6337","10896","3844","8604","11000","6391","6366","8158","18387","5592","10868","3733","5397","11214","5480","5243","4916","4272","6342","20558","6504","4320","8351","5416","5085","3929","3684","8630","4471","10661","7256","7396","4478","9228","7205","7444","7815","3610","6045","7715","4996","8788","8312","19796","3931","9866"
"0.83_616.18","2786","3537","6310","1043","2666","504","1726","6310","1137","7288","2465","3889","2851","4913","1082","2448","1673","4797","93","1190","433","2627","388","187","597","914","861","553","1706","1235","877","1585","329","7909","1886","88","4272","1089","1249","262","1014","371","246","364","1306","1215","254","739","684"
"1.53_748.55","3966","4291","3296","3216","4415","1467","4214","3488","2850","1647","2838","4517","1674","5724","3135","5686","6185","2358","3818","4234","4504","3905","9675","3640","3273","4779","4215","5073","5808","3199","3689","2998","4106","2958","4647","7058","3440","3874","3469","6666","3773","5885","4822","4435","5387","4774","3655","3147","7072"
"3.51_950.87","3110","3440","2979","3070","4802","5389","4950","7410","3885","1696","3788","4489","2573","4604","1947","4878","7155","3770","4153","3762","3625","2944","13994","3392","5945","3420","3334","5398","5955","2934","7472","2933","5818","2574","4956","4953","3729","4034","4238","4790","3729","5053","4987","3858","5283","4970","8485","4407","10051"
"0.61_498.40","2631","3364","2002","2980","1862","1902","2598","2149","2705","2656","2486","1060","1826","3347","1881","2505","1626","3008","2396","3468","3575","2936","3445","2475","3345","1921","1586","2272","31779","2669","2247","2058","2224","3299","3203","3226","2507","2691","2612","2458","937","2246","1904","2996","2668","901","2611","2601","2614"
"1.13_430.44","5954","2352","3928","2160","3948","1078","2909","1505","1577","1929","1242","1672","936","2491","2432","2543","1321","2348","1970","1324","3220","3128","8200","27892","2033","2574","796","1080","1691","1784","3537","1659","2090","4498","1138","1425","2166","1834","4821","3941","1415","2437","2199","2922","3010","1720","1493","1969","1812"
"3.02_1088.82","3798","3670","1111","3760","3170","3397","4858","2111","4405","2190","4667","4418","1985","4384","1414","1975","5587","3794","4823","1447","2820","2145","5043","4976","2791","3753","4375","4613","3338","3418","6900","3690","12019","1276","3423","5571","1945","3758","9045","4201","2824","6318","7159","3357","3561","8503","11486","2750","4987"
"2.77_790.66","4086","5102","3501","2978","5465","4447","4715","3838","5056","3860","3258","8507","2479","7072","4996","3321","4725","4031","4857","3585","4424","4508","12475","3475","4674","5608","4504","4518","2615","3608","4144","3712","6193","2735","9828","4565","6461","4106","6372","5066","2201","3148","3663","4960","6080","4987","7479","2719","5551"
"3.63_810.76","13461","16883","13807","29451","19127","31376","19871","15042","24656","7345","12921","11980","8654","13905","16496","14428","33592","11253","19186","20281","19402","12431","44120","37923","29318","44296","23113","23485","42741","29685","46072","29416","52691","9182","29132","44660","16931","50199","61625","52914","28907","40926","46337","34692","37900","48097","56953","24386","68131"
"1.94_658.54","3088","3986","4594","2387","4501","3727","3890","2091","3023","3114","3038","4836","1869","4584","1948","2298","3969","2466","5022","6859","4620","3173","6632","4563","3272","3345","3551","4924","4317","3117","7101","3579","5198","2897","4951","2828","3538","4049","3017","3645","2601","2581","2887","5094","4019","3853","3519","2743","3663"
"4.25_936.90","17358","23297","52564","24541","45675","48999","26158","89320","41684","14184","37167","39927","17006","52424","25686","41166","26463","61694","39067","20983","24514","19969","33767","22070","23261","27809","18368","55977","28591","40826","32289","15538","18697","14491","138390","32217","19251","19316","25891","18165","21523","33064","14226","39155","19536","36724","26750","10297","60093"
"4.06_954.83","2382","3650","4087","3287","5498","4286","3767","5864","5383","1962","29541","4294","2145","6922","1917","3778","2141","3651","4941","2191","3123","2851","3096","2544","4896","2538","3327","4024","2741","2943","4032","1567","2723","1779","6975","2245","2413","1644","4318","3519","2610","5027","2629","3247","2446","4146","3557","1831","4675"
"2.86_726.62","11877","14878","14612","6799","18842","9363","13470","16562","9982","9329","14030","19023","15715","17582","11734","16907","10896","12150","13564","18091","12403","15253","14774","12719","10533","8632","7731","12060","9065","6234","16970","9577","16402","11670","21248","12100","15605","11331","10384","12117","6583","13049","8952","12090","13058","10244","14360","10884","10999"
"3.84_956.92","3281","6812","2485","3064","6220","3533","5768","3686","5049","3427","4115","7798","2890","5696","1802","2374","7092","3439","6483","4043","4098","3465","3725","4001","2001","2127","3947","3267","3077","4117","4061","4694","9921","2939","6640","1995","2728","6520","6393","6637","3095","4354","2787","3396","4662","6684","10114","2176","6385"
"3.34_864.77","1770","2856","3273","1984","3637","2456","3448","3279","1655","2123","1707","4344","2395","5650","1979","3535","6045","2569","4277","3045","3153","2206","10697","3022","3165","3286","2232","3329","2944","1493","4210","2307","4138","2081","3777","3218","2214","2683","2098","3130","2671","3415","3412","2578","3655","3551","6000","2761","4511"
"2.19_629.55","2534","4904","3583","2116","4854","1583","4019","3526","2623","2193","2822","4243","3967","3557","3026","3716","4548","2250","3997","3146","3312","8236","2376","2976","2922","3620","3299","2513","2462","3047","3513","2614","3170","2162","5643","3381","2158","3590","3768","3562","3718","2507","3519","3801","3770","2750","3073","2257","2648"
"2.64_672.59","3903","4100","4937","3666","5967","3152","4532","5994","2238","4542","6084","5728","3890","5772","3070","4138","2943","3229","3059","4042","4741","3890","5500","3560","3585","3396","3400","4304","4096","2568","4339","3593","5438","3552","4427","3410","3676","4719","3560","3282","2661","3174","3455","2459","3206","2782","3625","2957","2881"
"2.39_788.66","9697","25439","6396","6364","23123","8852","10013","10801","19810","2162","18120","18943","5737","19356","19624","11316","15658","6591","23644","14088","16018","21019","9139","9356","8618","10836","15034","16099","7292","11354","12026","13789","17789","6673","28517","14007","15769","16908","12407","19637","12348","10008","9378","14648","12023","13648","8822","5437","9944"
"2.79_788.61","2378","3737","2923","3468","5167","2890","2250","3517","4698","1812","3351","3863","3334","3942","4383","3953","5574","3112","3784","3656","3460","4766","7654","3665","3265","3017","4433","3574","2675","2858","4563","4003","3816","3360","4388","4060","3707","3402","3882","5015","3777","3361","4261","3173","2379","3416","6632","2088","4099"
"2.35_762.73","12452","17219","13999","10754","18794","9234","9747","15385","16710","2325","15762","17280","8947","20051","14518","21027","19035","9040","20467","16015","18282","19632","22003","15395","13215","18024","15330","21038","14297","14099","18320","14831","15692","10583","18976","22829","14241","17500","15511","19327","12751","17815","14590","14860","17418","18309","15385","12386","18255"
"2.70_806.67","2388","3909","3403","2927","4350","2602","3027","2598","3803","2886","2325","3278","2786","4162","1477","2080","3880","3036","3672","4474","2669","3258","4311","4212","2990","2781","3679","4338","3514","2688","5259","2769","5264","1598","4135","2894","2897","3847","3660","4244","2358","3467","2712","4120","3898","4183","3382","2732","3186"
"1.98_733.54","1987","3399","1796","2632","2496","2866","2202","2731","2863","1680","2427","2907","2411","3276","2137","2827","3220","1742","3036","3367","2798","2495","5488","2563","3535","2720","2122","3474","2506","1945","4160","2967","4498","1948","3518","2826","2685","2526","3649","3996","2972","3052","2804","3212","4769","2757","4648","2720","3611"
"3.19_631.49","2134","1689","1604","1943","2193","2159","2907","2345","3685","1656","1961","2757","2194","2539","1778","2582","4181","1860","3057","2211","2376","1801","12419","2871","3390","2215","2444","2325","2127","2122","4356","2036","5921","2097","3332","2068","2449","3011","4526","4640","2639","3180","4098","1653","3712","4016","9424","2920","4680"
"4.07_369.35","13557","24661","24242","19199","27932","15962","25553","17365","20842","12821","22036","26989","15182","32897","16809","21693","27352","13507","29681","26199","24237","25077","43734","27199","19255","21959","23065","33359","21033","16952","39682","21529","37333","12039","39426","30108","16416","23766","23577","23366","16321","21721","21258","27652","25984","32063","26549","17004","26139"
"1.96_574.45","2984","3741","3484","2589","3047","2036","2612","2590","3135","2291","2167","3613","2080","3988","1524","1847","3577","1979","4340","5680","2624","2958","6257","4604","3315","2487","3045","3313","3228","2729","5800","3304","5353","2233","3482","2791","3300","3606","2666","2969","2217","2423","2450","4353","3153","2712","2843","3097","4225"
"2.52_841.65","7551","8374","5905","5770","8932","5300","8607","12468","6630","5503","10266","16392","6713","12876","4338","7429","9606","8204","7031","3969","4616","8939","12923","7609","5908","5140","5926","4560","4328","4883","9910","4778","11436","6463","11013","6125","5732","5255","9799","7270","4944","7745","7738","5394","5910","8818","13085","4995","9167"
"4.11_946.88","56309","77107","61599","59023","80762","56991","80712","72705","77231","34858","75129","84278","47074","92713","50933","65399","96715","53128","102524","63390","71856","77547","102970","75100","75369","85725","64104","74357","71276","72310","112151","55242","98907","47344","83669","78351","56079","67078","79948","74549","54494","72805","87122","64682","72507","91803","106552","61060","82695"
"2.31_700.62","4876","2827","7894","2961","3910","2660","2941","10840","1422","9498","3786","6247","7096","3344","2290","5158","1204","5544","1283","2925","2125","4166","1526","1670","2120","2650","1958","1758","3315","1870","1960","2531","1814","11853","2595","2803","8793","2038","2570","2073","3377","2482","2826","2131","2361","2326","3009","3086","2087"
"3.64_1032.88","4408","10222","4240","3525","6991","3187","5976","4442","9893","3773","8380","11263","2578","8142","4362","3988","6211","3455","9590","3618","3537","9171","13274","4563","2224","9837","7550","4234","2955","3968","3573","1835","5556","3055","5730","2622","5257","2925","6283","5658","2640","3292","5821","3384","4382","3213","8348","2085","5817"
"3.98_918.85","16253","25625","25631","22678","28826","19911","26985","28601","23158","12429","21179","30155","13102","37236","18048","25225","47305","20298","28713","23733","22510","19844","46447","20390","18183","24111","22803","23720","25695","22357","36809","20328","35816","14188","41784","32470","18390","25077","24690","25978","15601","28108","25327","24272","28245","30695","37681","16413","42518"
"2.71_772.68","938","1716","1048","1624","1791","2997","2696","1018","4512","567","1359","1045","1444","1700","2126","1558","5439","1057","4980","3031","4597","1375","4093","2601","5090","3242","3788","4987","3328","3524","2807","3839","3872","1237","2209","2945","2063","3211","2892","3892","2916","2657","3844","2430","4050","4463","3315","2351","3547"
"0.53_352.31","1632","817","813","1367","934","1637","1604","1261","2026","1152","1250","1640","2195","7068","2408","1028","1072","738","2364","1984","2442","2499","1511","1457","1840","3329","2505","1382","11465","3021","681","2621","2482","1807","3095","1994","1832","1868","1662","2302","3027","2793","1577","1241","1226","1657","1411","2169","1077"
"0.25_315.13","3531","6182","3122","4344","3758","4760","5213","2323","3262","4274","5292","4718","4687","4696","4574","4033","2828","3547","4028","4314","2947","3959","1521","4258","4113","7377","4790","2940","4616","5838","4007","4736","2965","573","5402","4787","3104","3810","4210","4916","5864","4154","5221","6797","5707","5628","5022","4785","7532"
"2.60_820.68","12243","10204","23418","7662","13877","8956","7186","7497","10561","11842","8405","8000","7818","11558","3720","6677","6852","11750","9931","13713","9916","7592","14595","11525","11538","8537","7727","9890","10882","9162","12785","7092","14158","10476","11214","7484","7936","10461","9932","6554","5630","8291","5917","11372","10702","9623","8572","6613","9136"
"2.93_467.37","2615","2832","3827","2744","4869","2585","3697","8912","2777","1889","3781","7465","2741","5256","1643","4074","3927","3235","2888","2317","2240","2856","12369","3098","2943","2859","1997","2568","3093","1743","4077","1662","5047","2585","5481","2526","3164","2852","3355","4008","2772","3583","3723","2449","3225","3133","8137","1833","7384"
"2.48_900.74","4896","4142","3524","3253","4046","2621","4716","7420","4428","3069","5276","7882","4078","6984","1956","4252","5097","4405","4089","2286","2865","3124","6754","3494","4052","3325","1858","2902","2671","2268","6067","2716","6240","3425","5210","4141","3219","3409","4611","5335","2855","5523","4155","3597","4141","4724","7751","2222","4636"
"1.31_722.50","7204","4667","5276","5442","5485","3169","4940","4485","5271","4892","6398","5729","3107","6333","4516","6160","5293","4344","4895","4186","5482","4341","7054","6987","4647","5109","5006","4465","5869","3875","4156","4963","8393","6706","5514","6815","4188","3620","6186","6712","6133","6861","6390","5152","3974","6838","5928","3806","4250"
"2.98_846.68","2917","5597","3180","3348","4627","3607","4052","2111","3458","2690","4652","3562","2445","5677","3598","3054","4773","2552","4311","3889","3790","3461","2909","5624","2522","3430","4334","5227","2907","3788","4725","3573","7437","1961","2771","4791","2149","3973","6080","5418","3389","4586","3642","4464","4431","6962","5093","2742","3841"
"2.34_756.59","2683","7852","4114","2145","4669","4194","4218","2579","5713","1113","5216","3957","3601","5536","4400","3257","3907","3313","3866","4949","5150","3761","1783","2177","3650","3556","3989","4348","3064","5838","4218","3691","4711","3851","8917","5148","5041","5241","3595","5118","4535","4690","3395","3847","4580","4275","3024","2814","2530"
"1.97_761.54","3384","3923","3018","2508","3664","2536","2664","2736","3848","1536","3611","4416","6030","4665","2643","2709","3676","3156","3341","3822","3327","5173","2651","3047","4438","2403","3422","2469","1708","3021","3414","2381","2268","3417","4449","3437","3101","2972","4060","3466","3140","2848","2589","3557","4209","2934","3099","3226","2814"
"3.38_890.78","4767","6821","3714","4611","8702","5497","8113","8788","5622","3178","6260","10746","3939","7465","4099","4744","10678","4638","7529","6565","5046","6436","14419","5176","8001","5994","5451","6824","5368","6525","11700","5013","14084","4140","9191","6149","5113","6151","6776","7964","4831","6467","8318","5315","7833","10040","16618","4910","9134"
"1.97_767.53","1925","2559","2005","2778","2612","3376","2563","2268","5083","892","2209","2332","5571","4562","2854","3158","3594","3125","3999","3280","3346","5173","1490","3551","4963","3859","4478","3594","2784","4372","3181","5081","2742","2523","3045","3673","2475","3134","4125","3989","5304","3149","2944","2217","3645","4552","2423","2979","3027"
"3.83_549.49","2749","4107","5788","3369","5640","2481","3350","5387","2818","2414","3639","4434","1775","5288","2816","4585","7422","3038","4564","3026","3049","2574","5267","2851","1800","3298","2916","4461","3306","2775","5734","3334","6357","2261","11776","4523","3149","3676","3266","3197","2415","3625","2635","3384","4190","4640","6127","1584","6259"
"3.98_551.50","3458","6751","8039","5361","9343","5619","7096","10517","6556","2824","4732","9324","2527","9895","3958","8709","11390","6324","5781","4556","4654","4583","11285","4416","4371","6111","3766","6799","5804","6047","8069","4992","10429","3678","19198","8775","3908","5129","6057","5952","3759","7261","4185","5904","6290","7135","13339","2495","13275"
"2.44_591.46","2441","4314","2022","3005","3441","3520","4209","2217","4338","1308","2632","2680","2124","3304","3265","3595","4915","1912","5234","3924","3852","3781","5889","4279","3091","3711","3685","4346","3501","3582","4932","4181","4362","1588","4569","4059","3707","4471","4756","4768","3178","3881","4420","4411","4185","4192","4543","2984","4714"
"1.13_430.39","123378","60961","81154","53024","83981","26016","65147","35325","39258","45693","28484","38247","23585","54553","51476","60181","29361","56034","38247","30999","73382","71170","168812","542804","46045","59299","20711","26664","40242","44583","85181","37703","53943","97147","32527","33713","48930","42700","104269","88637","33873","57075","53223","65887","71344","40405","36286","43755","41424"
"1.08_312.36","22466","15497","10131","32399","20346","25631","18141","20206","12029","9026","25230","86056","9234","18258","12559","14948","8003","34959","12735","12966","9599","20268","177321","15538","13057","8873","8001","8643","14480","9249","9884","9526","6360","40755","10249","6766","14569","19576","21366","15473","9921","29429","11215","9398","21857","32292","9180","12460","16826"
"2.04_782.66","5870","3479","4542","3686","7369","4951","6283","5578","3691","7004","5249","6517","9022","6271","5216","8455","3958","7643","4063","8198","4093","4881","9340","5273","3988","3589","3248","4451","3567","3161","6683","2763","5592","5526","3952","3524","6929","3532","5072","3692","4034","7302","4329","4704","5052","3896","7578","6100","5049"
"3.77_984.87","5506","7347","7381","7036","8524","7874","10556","15409","8219","3784","11790","11259","5144","14778","4276","8529","11979","9239","8232","4392","6678","5388","15150","6114","8759","5223","5136","8857","8282","6737","11676","4691","13921","3612","12404","11518","4165","6043","9553","7974","6538","12863","7443","7438","7771","9633","15893","4712","16847"
"1.08_678.47","5513","6187","6747","5955","7587","6416","5130","7674","5725","5450","7290","9086","4171","5296","5072","7494","6710","4477","5104","7011","6314","5705","8277","7911","6003","8403","5964","6474","6406","6191","6749","7296","10887","6468","6544","8669","6863","6562","7436","7630","7884","7257","6871","6036","7567","7195","9387","4961","6716"
"2.95_647.46","61361","29534","12180","74270","54094","41842","61268","31671","39087","19576","37346","28783","31365","20261","33628","50679","13255","21924","46118","47973","40299","46727","7460","21139","37473","32499","41019","23000","54641","60554","54864","51846","31864","50221","56244","44013","15160","66426","19579","27271","54835","24420","32173","40450","48833","30714","26099","25632","38580"
"0.54_151.10","3173","3661","2473","4285","7501","5971","11041","6666","5747","3911","3789","4931","7732","28520","6412","4378","3598","2077","6146","2650","5257","15069","3215","4659","5587","19826","3650","6907","2271","6537","2173","12493","11105","4406","23868","3113","5701","9692","6872","7288","7638","11294","7102","9640","13800","2062","4585","9897","4260"
"3.59_826.77","746","461","1478","3075","921","4494","1186","621","5738","1699","400","842","624","1039","741","753","10242","1414","5115","434","2071","878","12297","12659","1759","11432","5206","4416","767","4868","8678","4173","17193","545","2147","11617","1132","6057","15304","11787","2419","5259","9564","7134","3539","15901","7183","873","12384"
"0.97_391.30","20514","19629","18573","19545","16439","12687","15762","17331","14181","17132","13897","15137","14568","14368","17090","19410","15144","14911","17270","21410","19283","24232","16576","16650","20466","15379","16433","15899","19993","15785","18885","18617","20237","25034","19433","17107","24842","30110","18034","19395","11748","10895","12572","14699","11938","13487","12494","13897","14068"
"1.08_679.47","2490","3107","2769","2579","3023","2594","2316","3882","2456","3406","3533","3507","1839","2496","2375","3404","2833","2096","2161","3001","2907","3053","3889","3151","2948","3299","3125","3189","3237","2953","3504","3069","4196","3238","2765","3810","3060","3118","2988","3285","3560","3401","2679","2707","3706","3629","3688","1997","2541"
"3.68_922.82","5588","4513","5369","2511","6426","3419","4299","4388","2586","5716","4614","5736","6380","5958","3360","5766","3418","4535","3000","4832","3445","5171","3632","1978","4112","2832","2329","2095","2925","2078","3100","2930","3241","4472","3696","2741","4353","2621","2592","3125","3726","3811","3174","3105","4062","3543","4934","3898","2311"
"2.21_793.59","3160","7224","6276","4628","5788","2960","3180","3413","4864","1301","7082","3705","3498","4756","4320","3839","1944","2216","7649","4794","3550","6004","882","4026","2900","3632","2972","2952","2944","3845","4749","2666","3933","5920","5814","4480","4548","6200","2717","4231","3997","2460","2670","5759","3296","3493","2431","2736","4326"
"2.77_922.77","2253","1714","1841","1879","2236","1991","4174","1962","2667","1458","2513","2204","2277","2340","2012","1744","4595","2341","2948","1900","2213","2009","9023","3200","2794","2928","2335","2805","2020","1751","3877","2060","3985","2299","1983","2816","2989","2323","2747","4532","2572","2720","3481","2699","3267","3530","4314","1665","4184"
"3.38_891.78","3759","4363","2554","3331","5234","3463","6221","4100","4472","2322","4165","6663","3211","4846","2594","3853","8709","3803","4904","4094","3780","4110","8108","4114","4042","4161","3498","4648","5239","3377","7387","3775","6863","2424","5989","3130","4851","4358","4612","5320","4369","4156","5347","3910","5898","5309","9215","3687","6682"
"1.30_714.47","4262","5076","4794","2730","4781","1421","2903","4273","3332","2934","3417","5299","2235","5497","3812","3955","2217","3377","3260","3422","4449","4775","2941","3630","2589","3124","2659","3188","3005","2795","2210","3472","2806","4206","7188","4109","4030","3472","3653","3344","2614","2457","2758","4413","3289","3266","2752","2713","3001"
"0.43_300.29","5087","3998","2778","5913","4767","3554","3877","1906","3414","1943","3114","3329","2912","39539","4142","3111","3031","3069","18358","9451","2754","8349","3008","3011","4231","3724","2635","3173","3644","5231","10010","5493","3548","2444","4586","3618","38886","6700","2062","3955","5475","8658","31024","2238","3028","2567","8877","2632","2351"
"2.72_812.71","1230","1477","1041","4247","2186","5551","1868","1564","8545","1449","2028","1564","1125","2127","1811","1257","9170","1250","4356","4574","7856","1195","12505","4326","7502","5118","6689","10371","6111","7187","4829","7944","10055","1307","1795","3878","1640","4838","6198","7661","4783","6640","10253","2357","8699","12122","5748","4064","6221"
"4.11_929.83","6491","12397","7334","5889","11189","7800","8363","5830","14435","4083","9297","11784","6418","9916","7049","7299","8799","5558","17861","5323","8238","10489","9205","8838","6441","12422","11971","8188","7898","10656","10439","6182","14024","3671","13920","7451","7137","5465","12786","9837","5030","5757","11226","8012","7719","11308","12689","6327","9901"
"3.67_902.82","7286","7746","14558","10203","18171","11730","8378","15000","14291","6531","4465","13625","4553","13729","8313","10079","14793","10574","14940","6584","7375","7841","6544","6227","4045","18070","12175","10172","7652","8348","7625","8613","8252","4464","35535","11573","8759","8073","7046","5462","4569","8124","5351","13071","9331","11862","11346","3675","12273"
"1.13_664.45","4452","5475","5751","3061","3793","2258","3570","5475","3228","4911","4299","5162","2616","5543","3083","5348","3549","3682","2541","2992","3301","3185","5095","4391","2813","4318","3503","3255","3155","3503","4207","4034","7322","6402","5465","5174","4459","3275","3781","4906","3565","4881","4605","3928","4339","4905","4566","2066","4600"
"2.72_926.76","2808","3423","2540","2382","3503","2729","3405","4994","3775","2185","6302","6058","2742","5243","2326","2904","2072","3360","3706","1606","2034","3121","4913","3995","3612","1942","3024","2408","1973","3225","3030","1693","3487","1673","5213","2576","3207","2296","4420","3798","2774","2768","3095","2823","2153","3720","4808","2409","3969"
"2.72_936.77","6784","6067","25521","5351","7270","1115","3595","2403","2125","9361","1755","1615","1313","2849","2293","4010","2222","9850","3181","4250","2199","3175","8895","3515","2802","5525","3708","2073","7955","4902","1441","3287","3205","5222","3157","2771","2129","1567","2780","2603","1687","2561","1818","4690","2724","2442","3279","2657","2881"
"2.93_824.73","8113","11225","14422","8793","15608","9348","14828","36343","9697","7016","14982","23062","8578","20817","6875","14336","15146","16309","9403","6132","8711","9557","27156","10743","11702","7554","7223","9644","9672","7750","14655","6413","14932","8631","23700","13042","9833","9489","12725","10688","7643","14208","10011","10707","10582","10679","21873","5094","26408"
"2.79_852.68","3698","6115","4093","2968","4790","2296","3188","2956","4067","2747","4090","8223","4202","4526","3822","3831","4923","2931","6149","3104","3558","5915","2658","3968","2544","3973","3287","2719","1900","5538","3440","3181","3680","3710","5453","3901","3825","3230","4089","5809","4644","2912","3559","3659","3934","4125","2767","3830","5363"
"1.67_658.54","2046","2143","1667","1669","2787","2699","2556","2661","1984","1708","1700","2457","2470","2276","2048","3366","3704","2204","2777","3943","3217","2584","6826","3381","4123","3661","3280","3036","2895","2111","4473","2860","4667","1999","2551","2612","2598","3013","2834","4052","2879","4339","4356","2778","3337","3922","5431","3088","3429"
"2.53_759.67","2090","2808","2384","2672","3200","3441","2703","1390","3415","2364","2656","2456","1520","2139","3283","1523","4435","2066","4998","5800","3494","1839","3941","2035","4499","2169","2223","2551","3404","2889","5236","3015","4204","2344","2392","2100","1986","3137","2255","3212","3066","3377","3524","3554","3433","3771","3392","4531","3098"
"0.22_277.12","1043","10718","3418","2712","2360","780","2624","117","6670","8830","6511","727","3990","5166","4970","1481","1772","3999","3416","2541","921","402","1187","4649","6420","7737","1340","3369","4796","9907","4851","4192","3948","314","3777","5957","1244","33091","1001","17805","12571","10367","863","12608","7516","26878","3365","9053","5150"
"1.30_700.50","7762","4637","4378","3246","5706","2969","4750","4246","2505","5525","5176","6161","3441","6733","4289","4585","2627","3701","3771","3603","3981","5004","3963","4853","3348","4218","3960","2636","3295","4533","3076","3401","3852","6244","4712","3699","5337","4416","3161","4927","3682","4377","3863","4617","3985","3875","5514","4352","3536"
"3.61_870.74","5934","8182","10304","8782","10344","6432","10743","21084","6712","3968","5112","8671","3320","15814","4633","10464","14828","10782","8088","5330","6176","4824","14987","7251","6533","7710","4611","11366","7485","6494","8405","5544","9560","3380","19743","16043","4385","4851","8702","6743","4772","14595","5734","9596","6311","13101","10610","4000","18709"
"2.34_125.00","21130","34928","24591","18047","31056","17871","22216","25257","26245","10804","26127","27885","18608","31137","24377","30587","31119","19529","33773","26652","27518","32362","27265","26113","19517","26156","24670","28524","22525","24605","29345","25783","32901","20187","36911","32096","26785","29537","24420","34500","20882","24136","20815","26849","26585","27251","24656","19918","27548"
"2.95_862.75","3350","5391","2581","3113","3742","3701","3403","3868","4759","1884","3643","5502","1887","4093","2096","2586","4815","2325","4603","2180","2526","2994","15197","4518","2978","6879","4030","3787","3655","3625","5450","2487","5364","2372","4446","3636","3156","3788","6330","4874","2726","3162","5919","3643","3801","4544","7106","2784","7177"
"4.25_962.97","1914","2338","2683","3216","5285","4589","1682","4002","4849","723","8697","3970","1632","8674","2262","1500","3974","2154","10256","1931","1838","1817","5315","1998","2942","2741","3611","4441","1637","2622","5545","1842","2951","2850","11177","3413","1242","1317","3152","1411","1969","1136","2165","2354","2543","3986","4509","2172","8277"
"0.51_374.33","7231","5025","6618","3737","5788","1669","5906","2650","3630","3805","2111","2730","2138","6587","4289","3466","3486","3792","2584","2874","4788","4651","15130","22486","3255","5406","2034","2357","2096","3366","9656","3652","2936","5013","2605","4469","3750","3053","6689","6285","2791","3895","4905","4910","6950","3217","2464","3231","2993"
"4.16_946.87","52687","87892","24652","18015","69738","53126","71421","66996","66086","13460","65191","73920","12704","108703","48012","23838","25450","18099","37986","17485","65622","69352","24796","68088","68951","97486","58302","67235","23431","66392","29115","63975","32112","11550","40064","90546","52342","19623","69020","66810","51708","67392","75802","20310","20217","80173","92117","15776","73243"
"1.15_522.45","9338","7749","5885","5255","4416","3712","5371","5480","3452","4713","7465","5673","5830","8115","3255","4703","3642","6627","5624","3091","4178","4951","4296","5958","7232","4269","4237","5140","4269","4666","4267","6853","4958","7469","5317","4061","4780","3570","4970","5161","5120","6050","5027","4379","3294","4498","3737","5372","2562"
"3.14_878.78","2923","5433","4143","3485","5690","3797","4864","8724","5628","2347","5806","6571","2697","6754","3460","5687","5124","4435","5426","3085","4806","4587","12872","4543","4002","5864","3966","4032","4469","3408","5817","2998","4352","3944","7969","4370","5470","2734","5526","5086","3138","3915","4506","4117","4048","4821","6891","2505","9665"
"3.92_1010.89","2811","6110","5916","3755","5944","7099","4624","12097","9856","2436","19740","7102","3251","11315","3652","5109","4799","7170","10783","2525","3871","3896","7616","4261","6013","4408","3852","6244","4509","5695","6884","2840","5440","3223","13087","5852","2588","3620","6860","4091","3749","7552","4158","4512","4267","6695","8066","2275","10287"
"3.25_768.71","17504","10730","46896","5959","21166","5911","8047","10794","4915","27852","4198","9056","10763","10146","8007","12194","12542","28137","9918","14202","7618","7474","23408","12350","18922","22225","8128","9833","15153","10023","3883","9491","9987","12311","17391","6516","3290","5865","4622","4016","5807","13124","3159","11230","4086","8278","3506","4203","13018"
"3.98_932.93","3361","4144","4658","4098","4791","2583","4780","6145","3165","1662","3949","4926","2597","7044","3432","4710","8698","2970","5467","4112","3284","3735","8743","3182","3153","4414","4197","4386","4683","4026","6374","3096","6362","2756","7773","6343","3741","4366","4804","2860","2545","5064","4537","4401","5995","5343","6122","2453","8104"
"2.76_791.66","3324","5353","3488","3655","5682","2692","4334","4593","4914","2764","4110","7988","3090","5212","2229","2883","7447","3044","6052","3458","4428","4584","10385","3162","3629","4193","4997","2642","2701","2655","3998","3092","6286","4945","6605","3961","5040","3909","4201","5841","3083","3546","3651","2335","5513","4042","9686","3662","5327"
"2.10_675.53","1895","1899","2452","2217","2730","3664","4409","2913","2730","1655","2679","2742","4044","3110","2519","3334","3681","2799","3315","3976","2809","2855","6692","3387","4145","2419","2847","3360","2880","2223","4686","2556","5377","1882","3303","3387","3846","2818","4128","5158","2769","3712","3124","2859","3801","3719","6122","3367","3615"
"3.25_700.60","4975","5215","3255","3383","4767","2443","4408","3164","2629","2031","2293","2725","3667","3035","2901","4616","6475","2938","6260","3244","2953","3616","2378","3194","2643","2816","5381","3636","5132","2521","4837","2348","2944","5194","5412","3575","2110","3931","6056","3629","2910","2991","3642","4432","3637","3570","3261","3829","3014"
"2.53_772.68","3032","3505","2843","2647","5593","3656","3724","3025","5030","1957","5098","3449","2736","3023","3852","3087","4344","2054","6909","4603","4906","4117","3799","3792","3868","3593","3565","3911","3378","4295","5072","3844","4422","2390","3790","3771","3135","4151","2849","6000","3670","3203","3454","4230","3640","4510","2750","3793","3895"
"3.17_818.65","4273","4479","3652","4300","4506","3709","4517","2306","4076","4587","5952","3736","3580","4363","3200","3618","4478","3392","3733","3205","5907","3556","3245","6307","3580","3717","4881","5100","4325","4629","4845","5620","8282","2565","3490","6771","2343","4868","7831","5078","4380","7533","4844","5153","4758","7951","4737","2707","4270"
"2.93_719.53","3223","3655","3276","2465","4010","2983","2652","2612","2882","2864","2667","3804","2925","3350","2668","3348","3668","2731","3304","4835","3185","4233","4555","2753","3523","2792","2787","3511","2729","1863","3676","2300","4320","3008","3667","3072","3601","3042","2925","3277","2708","2951","2924","2837","3094","3119","3217","3055","2173"
"2.00_782.63","12164","25669","11548","10170","25188","12919","11520","12539","23106","4649","18174","18462","8746","16153","29355","19464","16131","8230","17414","16517","19764","24804","5407","7578","7338","13456","17172","12855","7987","10348","11382","13954","11620","9590","25628","10616","20223","18018","10178","24132","12949","13459","9526","12585","13510","10820","9192","8273","14681"
"1.13_363.25","6731","7798","5832","4513","4957","5251","8171","7403","6168","3097","4364","6301","6065","9563","6521","10758","6774","6474","14065","6947","4500","7275","2664","6353","6943","6596","5485","5499","6853","4809","4353","4395","6764","6476","6648","4471","4306","5278","4632","7730","3328","6676","10095","5970","5504","5531","4843","6709","7150"
"0.78_402.36","67176","36260","68728","31708","49184","11064","41952","24434","24403","32020","17026","26300","10853","39472","34444","30687","21158","31478","20248","17762","44396","41199","134858","286891","24313","85531","12850","14713","23266","31101","61327","23990","25208","46590","17033","40846","29827","21860","68302","47992","19213","32956","32818","35620","49573","26742","20833","25194","21990"
"3.02_1047.76","2469","2478","1468","1717","1580","1803","3535","1089","2629","937","4792","2836","1583","3125","1579","1389","2784","1046","4586","1807","2826","1679","3934","4920","3373","2617","4514","2200","2153","4308","3711","2230","6097","541","2884","1127","1145","1771","4998","3633","1612","3529","3289","3310","2730","5261","4624","3000","4217"
"2.93_745.60","2360","2919","3301","1698","3782","1913","3122","7129","2770","1600","3147","5447","2915","5172","1635","3192","2603","3035","2129","1766","1856","2028","5661","2085","2706","1904","1772","2425","2045","1777","3342","2023","3812","2862","5461","3116","2795","2211","2356","2418","2231","3225","2324","2082","2961","2033","5071","1430","4676"
"3.04_740.68","16297","4814","40613","4771","19110","2289","3542","4110","2819","21652","1868","1816","1996","2582","3739","9655","2063","22000","4047","10612","3470","4138","4648","3793","4682","10718","6604","3863","8104","8988","2211","4881","5041","8851","4063","2572","2269","1954","2832","1927","2966","2936","3549","6923","2974","3015","2121","4157","1721"
"2.02_810.66","2034","2548","2340","1892","3489","2248","2910","2546","2017","2360","1999","2756","2328","2745","1895","1959","2910","2132","2640","3182","2867","2051","6891","2937","2922","3384","2787","2620","4641","1688","3629","3258","4690","1797","2768","2746","2341","3365","3129","3297","3489","2660","4897","3276","3387","3672","4611","2508","3066"
"3.84_982.88","31961","44182","19600","28611","70573","39552","40347","26043","59248","25155","47614","59443","25282","31672","40438","27739","32270","19266","57728","25116","31524","45701","29675","38865","22862","35781","59108","28446","23726","43930","39186","29298","48739","21264","43971","22057","31795","33510","52392","60700","24758","27648","48199","26524","43305","43439","59678","21695","40846"
"3.98_930.85","6688","11843","7564","8293","9866","7024","10744","7945","10463","5453","10209","13685","6469","11536","6100","6185","13278","7573","11511","7489","7756","10331","10107","8126","6399","9197","6936","8057","7374","9232","13092","8418","15304","6117","12842","8898","7069","10282","9714","10625","7261","7873","9824","7530","10867","10686","16905","6036","9945"
"0.23_156.99","11705","8895","14301","3149","8011","2735","8736","15963","3367","10791","5448","10657","8528","9931","6799","6505","2739","10371","3166","5021","3234","9439","3401","5676","3711","5148","2020","4176","3570","3470","2559","3733","4376","20609","5829","6321","10858","2479","2804","1744","2797","4162","4105","4720","4843","3742","3189","3807","4529"
"3.84_942.85","17891","34211","17894","22607","25929","17498","24660","19119","23597","17278","26065","37493","14547","28623","19122","13461","30330","15270","30777","20626","19714","22086","19158","18789","12563","22243","20773","16874","16561","21960","29623","26830","44076","15266","31058","16948","17138","27445","26600","26757","15281","21937","26039","15753","29547","26331","50620","11348","25684"
"0.20_166.11","2586","2100","1188","2207","6448","2168","2622","4051","1266","2015","5671","3240","1285","1959","2228","2354","1422","1056","1142","1480","2042","2031","3103","2012","1559","1930","1273","2390","1484","1742","2797","1717","3015","1622","3098","2036","3210","2797","1914","1947","2259","1824","8454","1914","3821","2193","2576","2875","1813"
"1.62_536.47","9210","5569","3964","5709","2646","4870","4307","1996","3308","2836","2987","3898","3952","7926","3276","4417","2224","6184","5800","2768","5273","3186","1900","5962","7712","3158","3645","3921","2961","4600","4031","7307","4158","4870","2199","3891","2252","3922","4938","5317","6095","7041","4911","4301","3210","4913","4426","5140","2834"
"1.93_674.57","3422","2567","2316","2083","2837","2802","2529","2472","2513","2243","2722","3166","2965","3980","2517","3753","3232","3080","2671","3723","3421","2746","6091","4849","3814","2867","3400","3556","3326","2307","4357","3091","5380","3746","3549","2484","2596","2605","4101","3981","3595","5049","3998","2723","3537","4058","6234","3541","3114"
"2.14_700.57","3778","5516","4540","3496","5569","5248","4097","3981","3483","2316","5610","4680","5029","4417","4734","3803","4272","4644","3891","4170","7126","5543","4989","4921","6091","4370","5117","4152","3347","4181","5378","3811","4478","6130","5327","3985","5448","4179","4885","4204","4158","3548","5801","6944","4517","4523","3482","4726","4267"
"3.77_903.73","2646","4668","4130","3679","4467","4275","6674","7376","4175","1754","5601","5554","2551","7950","2180","4575","6425","4986","4385","3055","3137","3077","7931","3025","3893","2684","3242","4948","4110","3937","6488","2579","7253","1940","7293","6036","2053","3862","5381","3993","2730","6120","3441","3911","4332","4401","7917","3333","9143"
"0.20_139.06","6446","4959","2351","7679","2905","2503","5681","4403","4183","3903","1338","8726","320","956","4559","4077","115","3244","1453","2281","1451","5132","830","3628","1290","440","2311","434","4822","2447","6779","3208","3861","26447","803","2229","11492","1484","1946","3290","2212","1506","1558","2600","4615","2558","1779","1060","3176"
"1.74_452.52","1984","3600","1693","3097","2663","1885","4584","1102","4156","1160","2234","2281","1644","4516","4235","8960","1737","1709","2761","2822","4736","7350","1911","4626","2463","3555","2628","1628","1550","3685","963","1718","2503","3398","4203","5611","1413","1292","4156","2727","3224","2517","2534","1873","2922","3336","2434","2203","1771"
"2.50_884.72","10349","9171","7830","7116","10956","5615","11781","16607","6251","7108","13374","20315","8547","16812","4603","9261","10392","12403","7983","6145","5212","9129","14172","7534","8570","6535","5180","6083","6243","7066","12935","5546","13934","8669","12166","8159","6877","7151","10982","8494","5319","10623","10551","5398","7586","10272","18245","7029","10653"
"2.77_852.73","3701","3186","3030","3540","4661","3996","4516","5587","3684","2524","4289","5269","4070","4493","3340","3954","8345","3674","3876","3809","3783","3664","12604","3588","6403","4637","3848","3817","4782","2873","6707","3739","6554","4180","3732","3210","5191","3704","4586","6093","4096","5459","7488","3945","7191","5386","10956","4906","6555"
"2.59_838.71","2810","3117","2564","2669","2951","3511","2411","3993","2787","2036","3188","3568","3418","2130","2912","3843","5739","2608","2757","3052","2659","2937","9603","3630","3507","5076","3721","2968","4224","2213","3812","4061","4212","2684","2826","3394","3563","3802","2864","2059","2820","4146","4028","2334","2801","4002","4639","2645","5981"
"2.45_787.66","5230","12862","3749","3304","10163","7711","7307","5473","11723","2499","7759","7779","4332","7962","8160","7688","2505","2810","8462","7507","8000","7750","3108","4924","5383","7121","7508","8801","4296","6486","6740","6694","6175","4051","9794","7837","10155","5802","7379","9105","5773","4164","6671","5445","5731","7940","2558","3452","3560"
"2.07_725.61","7355","7811","7163","5533","7177","7662","6904","7292","8112","2964","8323","8013","7622","8014","7055","6674","8115","6936","8386","8846","7820","9314","7962","8086","8492","7194","7299","8021","5534","7759","7493","7364","7129","7594","8361","7548","8610","7588","7534","8199","6631","6272","6872","7983","8180","7813","6634","6988","6695"
"1.55_773.61","3960","4625","2488","3830","4090","1022","4536","2013","2751","2314","2746","2560","1716","2450","2192","2124","6021","2105","4945","4315","1843","3236","7351","3058","2855","5113","3592","5782","2114","2524","2678","2717","3969","2235","5052","4210","1747","3589","2987","7068","3238","4567","3103","2271","2471","2471","5626","2155","1974"
"3.91_928.80","2109","3036","2861","2186","3835","3451","3094","5436","4733","1577","10773","3445","1790","6283","1701","3431","2483","3419","5758","1714","2584","2602","5248","2316","3262","2254","2659","3620","2864","2760","4046","1670","2863","1196","7508","3589","1588","1685","3267","2522","1880","3859","2222","2679","1742","3919","3713","1657","4901"
"1.99_1581.10","2878","3275","4126","3323","3859","3434","3007","4224","2589","2567","3850","3193","3202","3231","3868","3343","4538","3688","3252","3484","3092","3712","3414","3557","3567","2649","3682","3035","3447","4257","2838","2663","3445","3425","3945","3696","3421","3322","2895","3178","2946","3343","2959","3485","2891","2844","2485","3332","3874"
"2.53_758.66","2442","3499","2367","2797","3708","3941","3264","2628","4894","2246","2191","2371","1770","3131","2875","3263","4610","2952","7978","6282","5113","3110","3992","2806","5406","4127","4065","4606","4540","3828","4557","5573","3908","2117","2753","3409","3044","3701","3711","5286","4208","3816","3594","3555","3735","4250","3039","4103","4134"
"0.73_556.44","2036","3047","2185","3024","2597","1709","4280","2217","2762","3146","2700","2648","1816","2961","2607","2329","2688","2403","3011","2953","3694","2902","2152","2927","4051","37158","1829","2263","9495","2651","1774","2550","2969","1335","2971","4411","1999","2954","2325","2113","1848","2826","1802","2658","9911","1809","1891","2220","2736"
"2.73_720.56","2355","2767","3021","2226","3888","2941","2277","2259","2886","1659","2896","3269","3157","3088","3309","3064","3675","2775","3290","2970","3476","2889","4346","2805","3260","2189","2578","3512","2533","2619","3435","2278","4290","2216","3418","2673","3061","3829","2742","3036","2579","2385","2514","2370","4243","3391","3313","2624","3219"
"1.99_745.59","4597","10608","9041","2619","7862","7974","7408","8646","8363","3479","7201","9839","9176","9427","7261","6030","6452","5133","9271","8496","9654","5329","10439","7696","7795","6414","7357","11213","5720","11145","10534","8891","12437","11142","8819","7791","4878","11463","10115","7947","8998","9801","10036","6810","12281","8298","10407","7411","8742"
"2.14_838.56","5206","6479","5058","3485","9009","3460","3923","3878","5087","3036","5220","4636","8682","7278","7542","5161","3226","4769","5761","3850","4657","9543","1534","3110","3264","4785","4460","3260","3295","4769","4471","7147","2857","7642","5131","4956","5850","6234","4350","4860","3946","3356","3642","3946","5978","3794","3136","3440","3959"
"0.73_600.47","2873","3104","1882","3342","2603","1717","3261","1914","2576","3209","2528","2461","2759","2985","2511","1989","2098","2498","3528","2918","2366","3365","2477","3550","4784","34120","1605","2786","7177","2632","1782","2374","3427","2442","4024","4199","2913","2921","1987","1964","1865","2097","1858","2798","2468","1524","5714","2644","2521"
"3.57_1084.90","2383","3545","2055","2411","3296","4226","4511","2719","5296","1833","7724","4459","2299","5446","2300","3009","2815","3239","5403","1795","3318","3026","4135","5048","4160","2767","3890","3830","3182","4122","4519","1324","4676","1517","4786","4692","1322","2110","6469","4086","3056","4610","3495","3044","1634","5775","4888","2180","5054"
"1.31_746.50","5661","5905","3522","4601","5302","3195","4943","3795","5635","3559","5429","8024","2681","6149","4914","4508","4833","3568","5484","3940","4387","5495","10105","7904","5822","6391","4946","5150","3910","5364","4156","4221","7718","3157","7264","5324","4468","4045","9538","9117","4894","6800","6154","5676","4614","6276","6796","3948","7593"
"1.05_369.38","12790","27298","9262","30230","31761","6247","46884","38570","81698","5125","16006","19935","10041","49640","81985","231282","6764","11361","29749","31661","122504","94697","31009","86045","19022","42499","37021","12606","12053","20455","14654","6162","27727","68375","13683","67338","11200","13185","45336","57975","15427","31039","48815","18428","47981","39914","25377","40805","12279"
"3.60_786.70","4165","5277","6945","4208","6563","4423","7469","4766","4719","4221","6821","6246","4465","7809","4218","7782","5079","4394","7383","5911","6993","6603","6025","5384","5507","4620","5366","6772","5405","4421","7036","4470","5638","4032","4941","7086","4539","4412","5487","5165","5293","6977","5014","5559","5725","6368","4163","5765","4450"
"4.11_960.96","13345","18114","14409","13465","17491","13745","17505","17039","17677","7693","18114","18466","11066","21418","11620","14729","19754","12110","23552","13779","15919","17312","13025","17501","17472","16849","14462","17160","17617","13834","20689","13410","23508","10778","20011","14212","11600","13621","17917","17711","13019","17020","18700","15280","17297","16435","23162","14117","8655"
"3.39_1042.85","11200","13002","7601","10066","9501","7503","16580","11398","10930","5730","16440","14257","7910","21268","6853","9057","19156","13017","16820","5983","9760","10676","17341","15786","14468","11399","9885","13127","12603","11636","23988","9882","30814","5555","13745","22371","4699","9878","22620","14083","10146","16577","18880","11225","10983","24525","24258","10508","18185"
"3.04_1325.27","1794","3266","1738","2010","2310","2771","2580","2875","3525","788","3286","3426","3522","3925","2458","3758","4235","2791","4549","3567","3149","4104","1857","3946","4071","3508","2651","2353","2251","3263","2487","3575","2463","2738","2145","3218","2405","2853","2850","3742","3917","2379","2016","2996","4551","3248","1721","4427","3209"
"1.98_813.68","2100","1803","1834","2425","2735","2419","2056","1971","2682","1793","2742","2243","2727","2584","1936","2752","3229","2354","3183","3175","3037","1973","5402","3125","2926","2230","3419","3242","2722","2349","3229","2403","4381","2289","2497","2658","2387","3232","2682","3554","2599","2923","3456","2888","3460","3156","4188","3028","2939"
"1.98_166.06","3613","3850","3381","1988","3836","2702","2578","3589","3567","1643","4362","4063","3406","3636","3249","3071","3633","2648","3083","3425","3341","3711","2618","3297","4063","2678","2978","2785","2530","3466","3742","3256","4057","3518","4249","4063","2948","3810","2970","4367","2878","3350","3430","3420","2928","3890","3281","3107","3303"
"3.98_927.81","4719","10195","5760","5742","9308","9149","8197","7062","9831","3988","7585","9693","4715","7831","5826","5726","7071","4379","13706","4311","6271","7451","6001","6177","4920","7424","8889","6634","5311","8479","8569","4899","11565","4650","13599","6263","5822","6532","8746","7986","4333","5965","7069","5878","7036","7640","10118","5343","7175"
"1.83_537.34","3174","4796","3200","2405","3786","3182","2891","4520","3356","3581","4722","5328","2082","3445","2992","3246","3896","2861","2805","3616","3600","3677","2813","3279","3080","3804","3876","3308","2773","3086","2725","4152","5306","2663","3567","3919","3228","3951","3618","4444","3891","4538","3428","3189","3583","4470","4768","2255","3461"
"2.07_666.48","4524","3965","4720","3327","4733","4170","3919","3840","4793","2548","5100","4104","4056","4641","4264","3921","4215","4350","4169","5100","4547","4784","4253","4811","4566","4168","4193","5189","3288","4741","3993","4140","4612","4241","4223","4186","4788","4278","4329","5308","3884","3928","3900","4765","4569","4394","4505","4409","4279"
"2.63_696.65","62792","49989","47019","36242","22124","18866","37652","16332","27374","20636","26459","21437","15392","23523","42434","33119","19849","27314","39793","30756","26876","43885","34727","268681","18022","27999","17754","22268","25186","34054","56536","30953","31409","31292","33650","26197","21207","19559","73758","51064","30408","28917","34508","40174","49199","33922","24303","28776","32799"
"2.54_920.75","2849","2922","2311","2819","4999","3737","3077","3436","3936","2457","3426","4299","4947","3344","2817","4131","5383","4023","4007","3636","2737","2406","14835","3389","4589","3593","2678","2914","3417","3158","6419","2839","7359","3111","3953","3042","3737","3574","4436","5831","2993","4760","5867","2236","5169","3907","10586","3830","5509"
"1.42_369.34","5589","6055","5769","5282","5314","3059","4391","4707","4462","4300","4111","3932","3196","4223","4812","4564","4235","3242","3891","5063","4011","5028","5245","5462","4156","5123","4659","4383","4755","4869","5158","5165","6383","6821","6409","5068","6325","7405","5663","5518","3071","3585","3707","4453","3279","3776","3102","3520","4010"
"2.73_758.22","93836","63447","50816","32190","103427","104828","32712","43425","40107","43021","161748","39516","44892","2490","119324","40657","34123","56735","2587","40687","38033","36793","110662","48662","70903","54141","37862","34929","56762","41879","40471","69906","59789","56182","42095","15129","38567","86010","34888","48483","153882","42397","46956","90746","51090","38430","33865","28218","41067"
"0.60_369.30","8633","6563","7155","8148","7762","4980","7312","8498","5320","7407","5619","5213","6600","5692","6618","7726","5817","5818","5863","8133","6673","8857","7948","7197","8924","7040","6695","5976","9114","7117","7206","7935","7405","12278","7483","6145","11199","13871","8006","8625","5621","4883","5400","7161","5913","6351","6374","5274","5872"
"2.03_784.59","5428","7298","4296","5488","4725","6347","4214","5267","13142","2741","3678","5962","5023","8522","44201","7764","6674","5170","5946","9226","6898","5274","3362","7011","9369","9987","7602","5844","2777","5760","12988","5879","11934","5090","13096","5166","5272","7972","5149","6724","7461","4569","5737","5867","7653","5294","5980","7353","7912"
"1.95_612.56","10060","10449","6021","7153","3313","2153","7788","2828","5336","3069","4053","4088","2693","5761","6977","5620","4376","4072","6161","4418","4992","5626","15106","27578","4149","5801","4377","4232","3737","7806","7567","4811","5252","4602","6170","5301","4084","4948","14309","6141","4988","5046","5347","5579","9752","4761","3991","4574","5274"
"3.16_724.66","6676","7211","6424","5170","8829","6901","7718","6161","5074","6500","7349","7809","6157","11453","6066","7830","7115","5092","8442","10458","8267","7963","10394","8607","5517","6966","7340","7450","8307","6115","7937","6318","8562","4785","8273","8747","6243","8732","6557","8673","6127","6356","6582","8935","9094","7621","7530","5921","7231"
"3.97_523.47","4541","4808","10527","6210","10139","6533","6204","15880","5601","3182","2536","5702","3355","9311","5703","8487","8981","8306","6487","3739","6103","3767","9051","4985","4796","8501","3871","11423","5426","6592","6906","3969","5605","2746","27072","11751","3869","3490","5107","4656","3122","9089","2858","7614","4310","8732","6538","2882","13780"
"2.12_888.64","5299","5451","3704","5231","3919","3571","6969","4117","5456","3473","9010","8000","3368","7891","3966","4653","3954","5017","7453","2585","4002","6798","9739","7586","4351","5336","6270","4432","3082","4906","4679","3382","8958","2771","4650","4636","3071","3304","11110","6176","3542","5236","10522","4503","3647","7582","9754","4282","6163"
"1.98_845.64","3848","3509","3410","2122","2810","3469","3552","3123","3280","2545","3249","4065","4484","3247","2842","2029","2964","2322","2035","3140","3126","3736","3698","3467","3196","2091","3111","3067","3661","2757","2995","2953","3492","3808","2344","2655","3169","3085","3194","3097","2438","2682","3077","3026","3907","3340","3691","3036","3592"
"4.11_918.85","13849","20035","15497","15330","20259","14231","20156","18271","18912","8903","19536","21591","11850","23856","12122","14626","25748","14596","25321","16040","17247","19116","26179","18308","18616","22377","16006","19478","17607","18006","29108","14477","27438","12156","21849","19068","13778","17269","18574","19638","13294","17658","21064","16463","18211","23287","25998","14833","22426"
"1.80_149.02","8461","8466","7994","7745","8066","6539","7073","8368","8425","6641","7220","7486","7867","8003","8115","8221","8139","6682","7816","7557","8133","8180","8448","8396","8226","7768","7679","8215","8622","7277","7849","7713","7658","7802","7623","7477","8486","8840","7339","7555","7705","7882","8024","7764","8277","8327","7931","7519","7626"
"3.70_954.85","12471","16503","8546","14602","14620","6958","13018","9517","11623","8774","11460","17283","4397","13646","9733","6498","12834","7867","12467","7943","8313","11254","8197","13134","4089","11678","9606","7924","7124","9605","11566","11682","18651","6475","19454","7824","7757","11362","11997","14039","6773","11394","12410","7022","16339","14809","20475","4584","13357"
"2.77_892.75","8892","5634","27088","4555","10184","1589","2564","4038","2302","10693","2286","2848","1733","3100","1975","6338","2924","11589","3878","6709","3064","3174","13368","5443","3550","6311","5914","3211","7838","6176","1719","3599","4111","7435","3028","3384","1677","1746","2832","2569","2116","2998","2085","5878","3554","2963","4224","2792","3227"
"2.71_796.70","5629","5284","10876","6372","9468","5592","7051","26999","4114","5308","3477","10232","5673","9037","5735","8546","6059","8929","5729","4227","4899","4917","10452","5115","6202","6444","3503","6971","4109","4751","2662","3877","5627","3887","18135","7598","7517","6429","4093","4687","3684","8332","3741","6484","3681","3680","8475","4670","11853"
"2.76_893.75","5356","3580","16091","3030","6014","1458","2577","2501","1192","6687","1271","2931","1771","1486","2268","3399","2954","6943","2160","4534","2098","2729","8854","2074","2256","3931","4089","1659","4432","4049","1686","2432","3148","4875","2033","2037","2027","1636","3009","2096","1428","2395","2197","3481","2815","2333","2688","2935","2294"
"4.11_986.91","64414","101365","59326","45790","93565","74930","73247","56629","119783","41278","95537","96983","51666","77773","69894","61206","67940","46487","138217","48668","81381","109303","91885","95376","61071","117296","129742","71761","64113","109917","82235","48366","90129","36664","89697","63876","68046","54210","130953","90493","54539","50761","109943","84508","64240","96780","93393","65616","78161"
"1.54_383.33","3928","3115","2547","2851","3348","2548","3330","1831","2932","2363","2984","3427","2549","4467","2068","2404","3339","2199","3589","3313","3692","3113","7951","5041","4571","3971","3496","4003","3571","2886","3555","3034","5431","4022","4396","3533","2577","3086","4677","5026","3736","4539","4443","4285","4359","5509","5215","3077","4260"
"1.97_676.54","3084","2610","2883","2692","3496","2157","3033","3236","2132","2164","4166","3160","4453","4423","2165","3306","2763","3155","3346","3461","2465","2909","2521","3165","3338","3125","2452","2918","2193","2151","2824","2480","3517","3912","3918","3151","2485","2678","3254","3051","2458","2806","2847","2942","2485","2711","2740","2651","2248"
"4.11_857.75","1592","2661","2868","2653","4242","3143","3267","3939","2593","1083","2597","4283","2078","4126","1931","2947","4570","2570","2889","2574","3134","2588","4328","2065","3049","2007","2988","2900","3009","2555","3532","2210","3011","1218","4875","4214","2498","3072","2465","2633","2258","2867","1869","3474","2764","3080","3696","1700","4910"
"1.30_650.44","5251","3770","3419","3571","3873","2605","3674","3072","3869","3234","3341","5086","2268","4092","2927","4906","4415","3212","3932","3780","3567","3439","5440","4670","3451","4169","3589","4519","5124","3024","3443","3214","5158","3989","3884","4627","3420","3747","4562","4185","4524","3615","4087","3546","3778","4389","4278","3241","3631"
"2.52_842.65","4473","4432","3392","3329","5384","2737","4848","7247","3603","3020","5888","8860","4117","8598","3178","4092","5365","5217","5260","2330","3018","4199","6458","4659","3455","4144","3169","3199","3004","3989","5793","3145","7729","3862","6617","4173","4722","3870","4728","5052","2930","4454","3953","2887","3185","4602","8558","3182","4798"
"4.52_1040.93","4062","3329","3204","3206","3611","3042","2839","5464","2528","3872","3823","3825","5165","3580","4420","4637","1503","4594","2897","3486","3529","3849","1261","1710","3791","4103","3895","2229","3495","2832","1488","3632","2346","5604","3155","2661","4194","2652","2995","2842","4220","3177","3710","2732","3310","2928","2765","3881","2591"
"2.29_961.80","15652","3880","19179","5888","9380","869","2527","2918","2353","8306","1289","1986","1229","1613","2070","4463","1867","8182","1611","5320","1896","2377","3572","2443","2326","3260","3228","1634","3790","2464","1886","2117","2478","5803","2084","1608","1799","1036","2852","1901","1890","13415","1828","2190","2325","1871","1691","2072","2205"
"3.95_861.78","5791","10733","8600","2312","8699","4590","7584","6200","1709","4634","5364","8796","2859","10278","6651","8139","10320","6334","6452","6184","5985","5832","6595","5100","4063","6686","6270","6745","2660","5325","8304","7635","15632","3903","18397","8235","5392","2749","5930","6055","4090","6129","6514","4783","2202","10056","10957","3723","9027"
"3.98_906.85","29351","34050","65101","44541","53095","36841","41075","72155","36013","25859","19278","34364","17086","57183","31821","60192","69059","48943","39702","34486","39291","26183","77483","33235","31845","44739","34128","61829","44500","41368","51166","29756","34412","23561","103219","75752","31560","34596","31985","30264","22800","49761","25965","49243","37058","50254","37676","23365","78644"
"3.46_796.74","10949","4641","19564","5094","17474","3405","3540","14327","3739","10736","2373","3607","2323","2705","4253","8107","1943","12922","2782","7685","4270","4289","2982","4370","4031","15147","5714","11725","4456","9058","2082","3665","4335","8989","20062","2954","3268","3130","3623","2469","3571","3604","2256","13616","2551","7138","2549","2992","4415"
"0.40_244.23","5666","5355","2255","2599","4730","4159","10189","3687","7472","7076","1830","5310","5243","5901","9182","2025","1134","2329","4365","5960","8126","8510","6378","8128","7487","3543","2518","2065","4904","3903","10625","5043","16339","3610","8171","28809","5100","13799","5906","6074","3266","4681","5398","8197","5427","1779","3483","5314","15631"
"2.37_812.54","2697","4078","3781","2483","4063","2502","3193","3764","3460","2729","3836","4684","6533","4107","3190","2371","4334","3699","4790","2866","3109","4282","1319","3740","4338","3037","3339","4119","3480","4239","2607","3292","3276","4408","3540","3057","4203","4141","3196","3530","2919","2915","4217","3419","3864","3338","2843","3313","3611"
"2.35_763.60","63438","99114","75299","59239","97378","51640","75260","81911","78861","19871","80391","90641","47510","98513","79839","107100","120189","49823","112306","85593","88079","111816","103833","80322","64993","87665","82126","97791","72770","72240","101380","78816","87081","56436","107352","108138","73695","91102","81749","111505","67296","89488","76367","82093","84059","89722","75972","66411","93250"
"2.73_740.65","1586","1834","1874","3820","2600","3783","3167","2764","3946","1830","2363","2464","2024","3491","1751","2952","3641","1756","5035","3546","3379","2103","4292","2946","4242","4558","3303","4229","3398","3586","4428","3626","4499","2151","5180","3175","2497","2775","4655","3010","3787","3471","3484","2575","4165","4207","4621","4814","3478"
"0.19_188.99","2076","8958","1920","1521","7722","1663","2905","3557","1835","2224","5940","1631","3067","3025","1378","4648","1685","6036","1493","3244","6760","7528","1616","1380","1691","3234","1592","2434","1335","1735","1351","1466","1287","1700","2361","2002","1659","969","1259","1501","1432","1412","1884","4636","1246","1412","1316","1394","1903"
"1.82_813.68","2123","2431","2143","1839","2724","2880","2329","3310","3499","2008","2861","2935","3323","3161","2844","3300","3796","2122","2882","4304","3699","2415","5895","3421","4805","4180","3648","4566","4067","2586","3964","3279","5620","2697","3043","2989","3039","3510","3738","4316","3521","4389","4308","3251","4737","4222","5017","2955","3815"
"0.94_416.37","6130","3444","5180","3346","3735","1247","5151","2102","2628","2522","1828","2435","1542","3588","3300","2961","2772","3657","2143","2061","4042","3862","13012","25581","2591","3302","1697","2174","2205","3030","3914","2214","3900","4131","1987","3588","2922","2482","7233","4109","2165","3509","3048","3281","5666","2363","1713","2546","2324"
"3.13_852.76","4894","4098","7342","3910","9027","5052","6174","19347","7641","2963","18568","13410","4956","10849","3809","7418","4807","8318","6307","3115","3745","5023","9430","4379","8000","3898","3449","5904","3849","4397","6845","3337","4018","5174","11842","3973","6486","3757","5762","4206","3548","5650","3797","4979","5358","5380","7170","3122","10443"
"4.37_990.94","4679","5105","8983","3854","6841","7000","3580","7639","8246","3892","30721","6129","3408","10883","3650","5601","2832","6448","8311","3117","4967","3895","5286","3801","6011","4777","5828","5019","3312","5678","4686","2450","3523","3696","15332","3599","4577","2847","5153","3798","5129","5138","3465","4078","2893","4504","3734","2080","5826"
"3.08_837.75","4643","2267","1640","3105","3617","3632","1896","1439","3358","2297","2720","4839","5137","4734","3616","4871","4840","3132","4939","2981","4464","2473","3986","4088","5370","1961","2912","4500","4230","5257","2512","5809","4496","1182","2438","3308","5125","2899","3118","5208","1778","2898","4515","3555","3466","5130","4351","3965","5740"
"1.99_125.00","13371","16262","12824","10492","15056","11902","12241","14559","14052","6889","16253","15801","13425","15329","14763","15269","15466","11412","13779","13826","14121","16594","12086","13081","14090","11288","13540","13284","11103","13475","13738","12349","17013","12931","20160","15903","13956","15635","12086","17665","13125","14036","13707","14769","14082","12812","12503","12539","14122"
"1.30_706.47","3042","3188","3317","3724","3243","2450","3339","2793","3263","2922","3585","3303","1583","3998","2829","2325","3900","2500","3054","3058","3417","3546","4602","5284","2342","4412","3201","3980","5096","4432","2670","3163","4864","2249","4688","5382","2575","3039","4226","4651","2976","3852","3404","3765","4138","5114","3322","2566","4088"
"2.01_758.57","8358","34638","18093","16238","36079","7372","21718","20024","15561","4091","21852","21875","8471","22582","23567","21670","29683","11441","21230","30403","8004","32419","13353","16896","11039","17883","21130","18606","15036","16332","20317","18914","18265","12239","51141","31974","12402","9693","15370","36914","6965","25285","19215","17214","26824","19535","18128","15767","21491"
"3.99_942.85","3167","5072","3790","3263","6530","4140","4357","3499","6617","2418","4978","6455","2632","3913","3412","3466","3929","2423","7050","3744","3444","4968","3604","4783","2631","4140","6793","3474","3627","5094","4193","2939","5584","2257","5917","3441","3273","3285","5976","7535","2740","3506","5958","3194","3905","4821","6954","2864","4137"
"4.24_1014.94","3785","9754","6576","3875","8136","4778","5923","3924","10175","3782","5112","7826","3169","6639","4421","7268","7356","4612","12010","4100","5127","9223","11210","7632","5308","7001","12369","5806","4969","8831","8116","3859","10247","3395","8094","5237","3821","4733","11296","7200","4062","3641","11481","4546","5145","8150","10189","5988","10813"
"4.12_986.97","3144","5303","4237","1843","2400","4376","3360","1464","6795","1811","5303","5205","2056","3289","3320","2321","2627","1706","8116","3506","3613","5977","4015","5172","1253","7215","6046","3276","3394","6251","3678","2671","5048","1824","5180","2366","1955","2847","7379","5292","2461","2128","5771","4339","1575","6062","4705","1992","3605"
"0.26_89.02","9473","6992","3285","2050","487","1583","949","6009","2711","4280","431","5202","6487","8122","8675","1881","2453","9137","1791","1470","1530","1652","1620","2259","2337","1291","1132","1787","928","1752","2234","954","9134","8427","3821","9588","6747","1414","12720","1757","2017","11742","1832","9533","12938","1527","1413","1775","1919"
"2.83_823.89","713","5309","5732","4890","7150","421","598","6141","7791","523","700","572","8131","6710","6986","5826","648","554","7574","7228","648","759","873","7219","6750","6879","7287","871","462","6439","607","7079","535","813","7509","5976","6590","6203","756","8171","6379","711","573","6724","6650","7531","883","5606","723"
"2.11_752.62","2470","1909","1958","2799","3529","3551","3703","2858","2877","2947","2716","3480","4174","2660","2669","3436","3685","2614","3303","2998","3631","2417","8502","3326","4686","2824","3314","3317","3953","2787","4865","2803","5626","2465","2296","2860","3503","3522","4035","4600","3449","4738","4626","3291","4038","3130","7287","4528","3947"
"2.75_834.72","4535","5625","3865","3376","6503","3283","5085","5420","3434","3765","4306","8658","2720","5763","3158","3763","5213","3192","3477","3991","2848","3815","10706","4601","2953","4441","3047","3486","3009","2148","4633","2730","5400","4378","4403","2763","5251","3792","5211","4216","3087","3499","4615","3118","4895","3901","9253","2541","5205"
"2.79_787.61","2440","2876","2266","2580","3663","3195","3351","3129","3259","2474","3672","3605","1573","3984","2551","2071","6087","3760","3079","4655","3051","3170","9566","3259","3668","4172","2194","3196","3071","2199","4963","3066","4422","2491","2545","2137","3591","3076","3006","4330","3027","3487","3803","2242","3141","3978","7796","3789","4357"
"4.25_938.90","4476","5918","12686","5723","11574","12655","6892","19364","11440","3960","10160","10146","4115","12837","6745","9416","6790","15346","9202","4805","6055","6797","8441","5228","7119","5970","5082","12712","7155","9991","8489","3759","5200","4418","31257","7732","4498","5232","6301","5571","5740","7345","3793","9737","5466","8860","6748","2913","12824"
"3.16_822.73","2357","4211","2769","5519","2819","3260","3687","2348","2016","1525","2388","2346","1969","2986","2917","2413","2624","2347","2030","4246","2051","2494","4702","3140","4799","4869","2688","1960","11902","2871","4883","3023","4275","1953","3425","4972","5274","7063","5692","5154","5822","4494","5712","3485","6756","3417","7851","4099","9940"
"2.89_806.70","5405","8059","8101","3487","7376","3262","4494","3682","4347","4404","4717","5309","3679","6659","3475","3265","2715","5249","7005","6628","5009","5255","2844","6214","3630","4191","5107","5948","3880","4122","6417","3892","5944","4823","8454","3946","4302","5211","4019","3700","3344","4150","3189","6789","4343","4806","3701","3109","3144"
"2.24_740.60","2085","1918","3418","1982","2594","3639","2588","2548","2388","1861","2539","2952","4545","4694","3081","2637","2988","2261","4350","3294","3076","1794","6134","3076","5477","3141","2091","3234","4149","2190","3238","2503","1672","2941","3031","3950","2294","2507","2195","3718","3057","2702","2849","2058","4239","2791","4229","3330","3103"
"2.11_944.70","3325","2082","1805","3520","2210","2713","3696","3034","2001","3681","4403","6201","2774","3955","2007","2116","2914","4583","1990","1562","2218","1657","5603","3621","2004","3986","2825","2220","2045","2128","3662","3025","6649","1926","2256","2488","1885","2773","5847","3522","2163","4664","3926","2321","2773","5516","9784","1660","3408"
"2.73_755.63","1712","2336","1796","3165","2450","4022","3487","2191","3891","1818","2452","1977","2901","2259","4591","1819","3311","1607","3130","3301","3043","2127","3609","2316","4297","3766","2623","3550","3109","3913","3649","3758","4152","1240","3776","2522","2465","2945","2420","3253","2944","3831","3482","2683","3583","3883","2940","3663","3275"
"0.21_497.25","8953","2507","1371","4057","3423","1553","4758","5006","3723","3066","3330","4931","3009","4295","3537","4763","2338","3244","5758","3100","2217","8806","1217","2006","3894","4960","1831","2015","4064","1641","3585","3305","3878","13359","3690","4210","3600","2296","15817","3401","3140","2872","2546","2910","2935","2469","1557","2982","3054"
"4.11_972.90","18099","28394","18139","14266","26186","19889","21359","15706","33967","12492","26200","26664","13526","22238","18919","17942","20270","14371","39447","14378","23992","30469","27079","25753","17083","29902","35670","19800","17771","30374","23903","13344","25958","11352","25720","17831","18210","14446","36871","24429","14734","14081","31417","23783","17909","26081","25236","18502","22529"
"2.40_668.62","99398","52635","70175","67549","29951","30253","63261","25644","42671","48971","38345","32979","24347","28806","63632","53517","28432","58586","38492","46373","40684","50715","91576","362048","33541","54180","27770","33717","53014","59055","74736","38396","41598","47385","25798","41705","31284","28449","120330","59722","43249","46929","53349","57494","73969","44535","40301","48633","50049"
"2.75_765.64","3718","5145","5308","4128","6678","3111","4342","7736","4253","3685","4461","9290","2584","6611","3129","5162","6994","3750","3710","2749","2140","4253","12070","4133","1945","6903","3345","3928","3372","3669","4328","2700","8522","4254","6343","2773","5971","4006","4689","4979","2220","3317","4388","1767","5434","5060","10363","2232","7535"
"0.97_360.36","11612","10238","5865","8554","14304","10957","9120","6134","11097","9100","7780","6294","5807","126730","19274","12898","14896","6442","8482","6809","9418","11436","9476","14305","6442","9969","8327","6715","80566","6698","5753","12977","10637","9300","9588","18467","9832","8563","11192","8377","8173","9284","9537","6436","11240","17583","6365","8270","8511"
"3.45_868.72","2034","4483","2993","3863","4323","3173","3286","5082","2936","2412","2316","3862","1650","4934","2375","3317","5459","3033","3197","2390","2111","1875","6529","2399","2353","3329","2561","2706","2786","1727","3861","1908","2582","1889","6763","3045","2559","3260","2663","2477","1552","3491","2463","3229","3600","3039","4220","1526","6815"
"1.58_772.61","6236","8696","4122","9085","9237","5245","10391","4286","7634","2642","5907","9749","2543","7024","6055","4100","14647","11679","8635","8877","8267","6439","14573","8878","6299","11468","9669","9297","5951","5431","8386","8103","8441","5772","7679","8159","7755","7826","8849","11127","6536","9944","7408","7296","9342","12114","11643","3695","8359"
"3.48_660.66","4294","3830","4349","3369","4324","4031","3380","3145","3952","1726","3661","4316","4527","3418","3844","9620","4994","3345","3813","4391","4152","5310","3101","4597","5254","3254","3235","4756","2907","5416","3167","4624","3862","5134","4455","3444","3892","4007","3783","4359","3679","3836","3632","3086","4461","3662","2616","4821","3885"
"3.88_872.84","2089","5095","2282","2698","2247","3396","4796","3794","3313","2289","3487","5220","2959","5474","3126","2829","4601","1983","4149","2644","3420","3098","2715","2678","1966","2935","3695","2183","2586","3059","4969","3616","3962","2156","4595","3195","3800","3460","2352","3191","3232","4584","3051","2903","3525","4449","5305","2565","4836"
"3.44_862.75","3677","3678","2718","2997","4147","3778","4881","4354","3930","1734","3049","5079","2511","5040","2858","4116","9175","3830","4945","4046","4614","3282","20168","5488","4653","4278","4431","6418","4726","3129","6446","4086","8042","2004","5451","6119","2686","4560","4805","4651","4050","6988","5391","4284","5293","6515","9082","3351","10817"
"2.97_1046.77","1323","2323","451","1452","1179","2532","1861","1603","2118","2127","3968","1630","706","2383","915","823","2710","2682","4091","480","3058","2522","5809","9366","1492","4560","4244","2655","1812","2500","2244","1990","6204","239","1789","1859","889","835","7043","4887","2913","4638","6727","4070","2985","7457","3541","3079","1973"
"3.84_968.87","9431","13245","6693","8308","19540","9359","10498","6807","15927","7653","11510","16033","7356","9376","9852","8233","8925","5824","15961","5270","8554","11335","7792","10583","6340","9813","16546","9045","7041","11075","9918","9322","14620","5842","15005","8049","8965","9469","14906","16006","6745","7853","13502","7419","11534","11962","15884","6203","10711"
"2.20_858.58","3927","2964","2796","2667","3279","3425","3136","2780","4217","2443","3255","3470","1762","3044","3967","3072","2554","2447","3053","1228","3120","3231","2037","3055","3002","3187","2739","3643","2295","3069","3108","3357","3002","2837","3244","3078","3192","3290","2824","2990","2981","3957","3200","2917","2459","4193","2983","3061","2494"
"2.11_737.58","4269","3606","5273","5446","5941","7205","7922","5331","5416","6281","6085","5349","9647","6598","4294","7453","7858","5658","5993","7770","6820","4671","15675","5964","9776","5657","5812","7352","7380","4585","10661","6258","13146","4383","6544","7261","6460","6127","7244","8538","6940","9147","9769","4998","8304","7531","13569","7963","8874"
"0.47_474.34","4762","3689","2439","3341","3239","4923","3215","3531","4169","2253","3898","2726","3405","3118","2765","5357","3762","2365","3596","2890","3920","3847","2198","4942","5341","4742","2804","3700","3261","3650","3533","4700","6475","2549","2329","4655","2175","5096","6701","3072","4211","2712","4804","2956","3349","4413","5201","6434","2994"
"3.41_944.74","2515","3120","2015","3167","3250","2650","4006","2999","2760","1729","3645","4482","2022","5006","1673","2512","3987","2773","2589","1331","2800","1534","4357","2878","3022","2514","1915","3782","2265","2639","4209","2418","9048","1094","5208","4092","1377","3530","5436","3326","2741","5457","2946","2870","3128","4920","9669","1241","6075"
"0.69_530.30","3545","3068","2786","2282","3344","3216","2885","4304","2757","2602","3291","3484","2787","3556","3540","4624","2782","3174","2912","4229","3584","3413","3689","3023","2667","3491","2587","3022","2415","1972","3312","2645","2401","4003","3582","2236","3716","2692","2708","3321","3084","3968","2727","2925","2837","2936","4535","3247","3234"
"1.97_748.60","2893","2808","3327","1875","3689","2748","3485","2865","4560","1731","3913","4014","3109","3482","2553","2150","2234","2675","3154","3912","3095","2850","3714","2849","2896","2515","3463","4196","3123","3264","4044","3251","3447","3959","3498","3071","3595","3591","3785","3394","2932","2582","2936","3021","3631","4068","3100","2896","2959"
"0.78_614.48","3378","3280","2761","2558","2782","1752","5283","2178","2637","2691","2376","5009","2998","2808","2713","2733","2209","2193","3752","2707","2344","8570","2897","3522","2886","6527","2541","2511","4159","2224","2139","2260","2490","3467","4411","4167","2642","2493","2506","3406","2285","2319","2606","3123","6483","3345","2293","3269","2636"
"1.98_797.56","3220","3187","3669","3038","3507","2578","3880","2889","3030","3289","3266","3825","3480","3626","3273","3160","3184","3090","3532","3747","3632","3040","2982","3670","2799","2514","3727","2693","5235","3130","4329","3083","3297","3314","4379","3059","3473","3156","2615","2674","3372","3027","4062","3483","3732","3191","2403","3632","3871"
"1.99_184.07","75613","94645","75176","55602","87109","64274","63591","85595","80459","39667","82889","84780","68222","85251","77183","82314","82794","59411","75252","81268","77472","91494","66315","74606","76598","66305","77678","79965","61985","73326","78921","75876","89489","74055","103436","87090","75196","81826","66097","98967","73613","78783","71769","73872","82914","76144","67048","68992","73216"
"2.46_828.66","1931","3521","3074","2734","4026","3440","3352","3705","3942","1499","4100","3747","3129","4396","2533","3393","3696","2659","2786","4660","4505","2890","5675","3160","4597","3887","4248","4025","2941","3881","3965","4458","5460","3624","4192","4080","2609","3426","3601","4786","4003","4996","3793","3100","6863","5021","5627","3811","4437"
"3.97_890.82","3954","6505","6275","5421","7879","4638","6518","7446","5383","3069","5541","7028","3352","8209","4497","6054","11389","5309","7051","5428","5605","4437","11407","3928","4970","5093","5303","6689","6927","5495","8940","5261","7640","3161","10064","7341","5636","5532","5985","5905","3850","7079","6825","5800","6756","7786","9033","4689","10603"
"2.29_983.86","25496","6591","31586","9929","14657","1678","4755","3598","2515","15944","2411","2834","1832","2399","3093","7441","2299","15049","2357","9829","3238","3933","3313","3958","2813","5525","4858","3044","5720","4419","2354","3467","3651","8942","2481","2354","2295","1971","4817","2615","2825","22409","1848","3873","3164","2115","1855","3608","2514"
"0.86_414.36","2860","3681","3849","1828","3093","2634","2430","5132","2410","1088","2729","2096","2320","3778","2919","4406","3972","2231","2848","3915","2168","3484","1968","2794","3025","2766","3156","3214","2514","2737","2072","2554","3643","5148","4434","3738","2282","5254","3441","2997","1942","2813","2572","2935","3142","2575","3179","2063","4158"
"3.07_666.65","2405","2782","2863","1763","2914","2439","2522","3103","2991","1463","2679","3179","3401","3990","2754","3153","3191","2558","2722","2918","3008","3793","1879","3350","3864","2503","3182","2684","1909","2832","2344","2803","2606","3014","3083","2694","2266","2614","2536","2661","2056","2390","2010","2661","2964","2338","2248","3514","2540"
"2.07_1587.18","2557","5224","3078","1722","3347","2842","1947","3336","3934","718","3444","4772","3533","4639","2804","4026","3895","3801","5707","3090","3965","5170","2997","2893","5188","2915","2535","4032","1350","3138","2868","3272","3577","3782","4807","3655","4313","2297","2847","5611","3588","2333","2943","4244","4129","4112","3061","3827","4796"
"3.98_1350.37","15578","12400","8750","5274","17742","17282","5043","5739","5417","6840","26394","7068","5372","2219","13405","5542","5979","7419","2282","5823","5317","5707","15382","6936","10460","9140","4299","6140","11798","6013","6605","16245","12455","9684","8090","8033","6580","10404","5244","6682","17783","6440","5879","13015","6111","5865","5539","5106","6273"
"4.34_1646.45","3590","3146","3439","1884","2950","3960","1772","1455","2114","2579","7338","2350","1718","383","2890","1785","1329","2223","460","2071","2132","1580","4426","2344","2540","2806","1034","1172","3327","1813","2038","4736","2523","2833","2393","1949","2141","3411","1753","1641","5768","1885","1798","3027","1355","1244","1470","1571","1107"
"4.11_988.91","17511","24075","15742","11528","23111","20463","18083","14280","28370","10706","23931","24064","13184","19048","18192","16087","18009","11135","31263","13225","19441","26302","23913","23177","16264","27716","31286","18297","15336","26038","19989","11991","20944","9104","20759","15710","16943","12999","31567","23391","14114","13591","29069","22480","16057","24117","23381","17186","21147"
"3.51_951.87","1869","1872","1683","1553","3622","2441","2786","4213","3536","1357","2006","2843","2029","3245","2541","3411","4188","2611","2745","2529","2222","1770","7364","2404","4268","2167","1751","2627","3811","2060","4715","2019","3638","1702","3167","2337","2827","1784","2297","3670","2664","3219","2860","1997","3195","2228","4452","2413","5405"
"2.20_932.72","2367","1815","1686","2902","2294","3235","2837","2619","2827","2110","2410","2544","3578","1968","1850","2741","3984","2503","2441","2115","2806","1843","12545","3193","2837","2169","2403","2635","2574","2336","3651","3029","7195","3012","3193","2023","3429","3391","4117","5222","2672","4726","4147","2020","5356","4029","12584","2563","4572"
"0.20_229.17","5727","3022","4154","2270","4633","1526","3130","9990","2129","3847","5115","9824","1055","2277","2816","4005","1815","4299","1716","3751","1588","7542","2017","2104","1554","1156","2176","1470","1695","1927","2981","1888","1361","7571","3328","1570","12694","1882","1708","2730","2479","1235","2108","2100","2103","1713","3274","1351","3019"
"3.23_992.88","5559","5176","2360","4087","5979","6198","5385","7217","6781","1797","4583","4489","3197","5287","4924","3757","9201","3359","5370","4650","5788","3014","7690","7097","5838","4748","4043","5136","3043","3787","5263","2488","6367","2692","5279","4053","4689","6818","4783","5167","5623","5999","5437","2894","3992","5340","9244","4074","7683"
"2.50_766.67","7169","4548","4866","4335","6020","6137","6042","6160","6020","4558","4786","6375","7455","6097","5532","9228","8607","4989","7408","10651","8339","5887","11751","6236","9748","5411","6659","6980","6774","5051","8298","5756","8474","4434","5260","5527","6250","6257","4972","7581","5935","8073","7351","7288","7323","6100","8339","9373","6689"
"1.84_466.54","2836","3391","1684","4315","2515","2638","3877","2198","4035","1732","3063","1774","2024","4668","4247","8973","1913","2368","2685","2614","4236","6516","5139","3839","3958","3132","2291","2299","2743","2865","2204","1485","2657","4596","3039","3637","2063","2400","3579","3426","3531","2639","2350","1698","2636","3379","2292","2346","1764"
"3.97_874.94","1922","3811","4203","0","10141","2213","12721","5399","8606","1033","9191","5255","1583","5726","2960","2282","3249","2320","8042","4120","3859","7471","10858","4805","1272","6617","0","2334","2731","2040","2957","5796","4370","1070","7224","8599","2018","4815","5409","5041","2068","3854","10474","2000","13605","6983","8343","1338","7101"
"2.50_924.75","3066","5367","2418","3885","3524","2408","4241","4011","4102","2128","5523","3886","2389","5168","2465","4064","3468","2467","4673","2617","2108","4829","6198","4073","3427","3612","3464","2205","2283","2961","3070","1956","4053","3004","3909","1204","3623","2013","5258","4580","2390","2798","3871","3182","3287","4274","6909","3088","4694"
"1.53_772.61","5508","5266","4247","8201","5626","2965","9053","3767","4600","4296","3763","4978","4404","4535","5273","4475","4412","7256","8871","4208","8074","5626","5069","6391","6659","7874","3693","5674","3547","4009","3633","5950","6551","5479","4972","5033","4243","5330","6180","9265","7290","6237","7148","4688","4507","6068","2905","3374","4080"
"0.20_189.06","3246","3559","2496","3141","2696","2451","1564","6012","1488","1644","2654","2670","3609","2632","949","2467","2029","3726","3018","2351","2253","2217","1077","1867","3701","3149","5902","2360","877","2371","3038","1616","1859","13378","1462","1947","3620","2242","2968","1056","1064","4926","891","2583","1922","4718","1310","3324","3757"
"4.53_1241.08","7087","7206","6737","6106","7452","6013","7856","6755","5830","5652","8933","7408","5570","10815","4237","7564","8084","5109","6551","6509","5908","6773","7518","7547","4551","6790","6316","9101","6223","5062","8872","6091","10732","3610","7541","7554","3922","7295","8518","6101","5199","7702","6614","5021","6740","7801","7705","3709","6645"
"3.98_1377.38","6020","5251","3589","2246","7642","6821","2407","2542","1915","2559","10290","3347","2281","3739","4715","2773","3735","2855","4419","2552","2339","2972","8276","3290","4198","3539","2224","2356","3286","3001","3330","5793","5416","3830","4147","6506","2369","4821","2243","3004","5993","3063","3320","5462","4184","2338","2101","2357","3250"
"2.85_727.63","3913","5738","4287","2611","6144","3840","4302","5562","2802","3446","4386","6442","5563","5467","5637","5579","3997","3496","4436","5516","5087","4992","5983","4779","4256","2972","3234","4243","2989","3433","5091","3511","5987","4339","6945","3807","4165","3511","3694","3636","3421","4862","3936","4540","4184","3289","4341","3460","4271"
"1.40_309.28","7477","9026","8792","4912","7145","5531","6736","5834","7972","4172","4677","5948","8099","7494","5556","9561","6870","7098","13743","9114","4985","7831","4522","6153","9555","6498","5848","5881","6077","5122","5833","4677","7813","7161","6433","5309","5346","4467","5783","7500","4470","5968","7677","4852","6185","6465","6188","8907","8917"
"3.61_1128.32","26038","19751","14134","8216","25851","27958","10048","8794","9985","11072","35415","9439","9313","10213","24642","10284","9841","10564","11332","10397","9286","8864","31231","11221","18117","16890","8320","10667","22285","10381","10550","29450","16707","15765","11441","16809","11211","19602","9305","8931","25599","9093","10132","20861","11475","11457","8651","8942","9913"
"4.02_900.87","2447","3578","3175","3033","3242","3076","2347","2631","6310","2967","2644","3228","2491","3356","2674","2584","3215","3031","3447","3036","2949","2185","2115","3686","2712","3757","3562","2443","3361","3293","2560","2618","3588","2410","2445","3570","3194","3644","3308","2685","3369","2945","3017","3061","3070","2175","2965","2728","2760"
"3.14_795.69","2348","1988","2779","2050","3848","2229","2565","5529","2942","1442","3968","4311","2131","3357","2060","2370","2674","2642","2622","1476","2304","1825","6821","2858","2486","2131","2251","1979","1950","2270","2726","1301","2925","2404","4362","2236","2554","1545","3035","2356","2141","2239","2136","2137","2544","2714","5148","1756","4264"
"3.13_854.76","1153","1560","1315","4175","1345","3453","1545","343","3390","812","341","1105","1245","1102","1392","1305","3289","900","2114","1814","1774","1165","4510","5741","2316","6246","3485","2571","2228","3082","4922","3596","6046","997","724","7461","1481","5652","7862","6163","2633","4440","7349","4484","4394","6191","6692","1972","11531"
"4.11_920.86","36126","40045","31617","40071","43882","44424","50235","49983","42331","25165","41255","47320","29780","48442","50665","45883","53491","40896","44039","41784","113529","39017","52896","68006","45312","56879","33876","48457","59735","44265","45462","37636","55439","37301","44504","45313","37224","38879","40068","52329","37209","53682","39659","46404","44530","35394","55003","31360","56805"
"4.08_1451.40","4578","3049","2093","1648","4512","4248","1553","1864","2423","1698","6368","2083","2179","2491","3928","1993","1849","1716","2524","2056","2142","1856","5131","2112","3732","2418","2290","1966","2841","2164","2122","5139","1525","3984","1711","3863","2375","3806","1470","1809","4114","1944","1963","3707","1862","2298","1958","2014","2423"
"4.24_948.89","36735","21055","29810","17945","32103","28793","23473","40086","38208","8892","49551","27015","14660","38587","16612","24211","26207","24856","49572","17092","21663","17411","33068","17548","23420","21785","18162","28831","24562","26630","38954","14320","20924","13439","53916","25388","14118","17259","23157","19129","15409","23401","15759","23809","17212","26144","27944","21777","40564"
"4.17_974.91","10338","19872","18490","13790","20580","11407","16373","15407","17742","4452","12343","18035","516","18610","2658","17283","20395","12938","18547","12505","16850","8087","17549","12827","5460","15643","14040","19076","16603","19737","22243","2532","22255","9590","28492","20370","559","5990","14959","7390","4582","13786","15854","11510","14934","24189","16227","9515","20979"
"1.41_502.41","2626","2985","3213","1748","3477","2246","2613","5110","3459","1650","2058","4503","1624","3698","1579","2271","2609","1796","2765","1540","2907","2007","5803","4078","5146","2822","1606","2034","1945","2461","3646","2745","4816","2609","2411","2122","3065","2362","3676","3238","2013","3918","2823","2041","3212","3118","3915","2114","3734"
"2.29_1040.94","44775","8405","44077","15224","25496","2047","6603","4877","2951","23924","2994","4052","2505","3283","4496","11383","4491","21786","3592","15641","4241","5934","5646","5804","3670","8163","9035","4527","8333","7120","3253","4984","4890","14826","3017","3398","3678","3002","6860","2996","4142","39935","2984","6633","3876","3630","2949","4789","3609"
"1.98_728.58","2940","5076","3256","2256","3526","3095","3464","3514","4087","1373","3301","4559","3784","4361","3822","3299","3799","2545","3381","4812","3456","3538","5905","3850","3533","3501","3421","5418","3116","3676","4569","3106","5357","3327","4737","3418","3536","3998","3703","3900","3526","3966","3769","3724","5077","3561","4509","3481","3715"
"0.30_379.24","10461","7303","16669","3040","6893","2387","5055","11723","4498","11680","7602","10685","10408","9283","5818","9004","3381","11617","2577","5493","2446","8072","3053","4098","4987","3598","3026","3386","2856","4117","3266","2652","5209","13953","8549","5374","12118","3886","3634","5174","2639","3771","2880","3399","5272","3434","4618","3312","4099"
"3.83_916.83","11489","16498","16169","15879","17953","14041","14907","15968","14230","9275","13147","17947","7912","21902","13581","14705","27030","12398","17212","15270","13199","14501","17994","11652","10429","14615","14009","13801","13006","12660","19610","14968","20313","9292","22404","15003","13758","18032","15097","14947","8944","15661","15811","13348","18243","18343","21058","8363","21413"
"3.75_954.85","7652","10902","7561","9541","14469","6984","5792","10441","11276","4667","7918","16764","3229","7345","6835","7173","8485","5212","5909","4567","7732","3116","2186","6196","6887","10195","9845","6555","4540","8608","6696","7198","8242","4424","16798","5178","7518","11408","6337","13850","3704","6840","11551","7328","9044","8356","19417","3754","13283"
"3.02_1130.86","3536","4603","1192","3560","2092","3572","4930","1224","5086","1559","6070","3453","2072","4170","2813","3098","3319","2707","7221","1543","4477","4214","5416","7274","3731","4602","6671","4257","3096","5408","4261","2353","7079","1133","3144","4126","1182","2020","12220","5820","2055","4360","8634","4959","2865","7634","5183","4641","6132"
"4.16_988.91","11960","8965","8216","3379","10768","6791","9200","7538","13113","3080","5379","12595","5714","8835","19381","9429","7800","2268","10927","6668","9548","5267","14787","5648","6155","18066","5701","12041","6279","11902","11167","5247","6643","6330","6457","11205","3642","4254","20154","15074","5533","5731","21824","12576","4324","4931","13138","2907","6176"
"4.12_934.93","4176","6855","8738","6679","10333","8678","9615","11951","7892","2846","7731","7901","5267","9856","5795","9182","6253","7691","8229","6611","7579","6186","11525","5276","7591","4494","5995","9618","9702","7958","9762","5269","8529","4534","12534","10370","4893","6975","7217","7081","6477","9408","6159","8208","8345","8287","10588","4414","12526"
"0.94_267.23","6533","5800","8778","5652","6031","4224","5446","5740","5200","4834","4539","6145","5161","4552","4931","5483","5755","13015","5375","6159","5230","5547","5102","6316","4599","7181","5047","4475","4669","4555","5947","5198","4847","6483","4525","5118","6087","5556","4373","5402","3947","4023","4276","4369","4461","5588","3220","4910","5939"
"3.82_904.83","28638","30418","59977","40826","54372","38915","36279","59396","35814","27450","16365","40181","15294","52152","33364","53715","69616","40899","48506","30541","36436","30058","64240","27009","21646","59222","36736","50440","39942","31766","42789","34024","36447","20652","94413","63927","29422","34004","29582","27394","18732","47294","26991","47948","34290","47100","40565","17504","67252"
"2.08_766.57","3068","5058","3191","2525","6020","2774","2404","2724","2000","1204","7854","2471","2536","1954","2899","2496","1923","1824","7256","3499","3353","3083","1555","2970","1770","2540","1732","1216","2058","1992","3032","5878","2272","6398","3890","4186","3450","3026","3191","3080","2405","1482","2391","4795","2373","3141","1549","1485","3803"
"2.69_821.68","2975","4963","4362","2213","6505","3775","4222","4535","5733","2562","4207","4639","4130","5960","3224","3621","4372","2976","5360","6477","4311","4648","5337","7600","5235","3414","4851","5713","5429","4740","7271","3778","6383","3668","6995","4194","4075","4997","4919","4949","3012","4068","3734","6800","4887","5603","4893","4142","5767"
"2.34_812.67","3903","4308","3901","3179","3921","4289","4438","3157","5808","3396","5286","994","3761","3377","4404","2289","2800","3263","4115","3726","3444","5851","4138","4598","3531","3660","2993","3389","3410","3082","4785","2423","6128","2953","5527","3933","4752","5378","4779","3100","3218","3699","3270","2272","3793","3581","3398","2332","4275"
"2.81_848.72","6392","4541","23434","3422","7075","1777","3555","3012","2282","9186","1893","1878","1425","2304","1749","4331","3583","11216","2958","6006","2353","3758","6940","2481","2837","5697","2847","2143","5383","7175","1084","3299","2895","5938","2251","3321","1806","1960","2334","1651","1818","3229","1765","2917","2743","2396","740","2808","2551"
"4.04_563.50","2151","3681","3745","2344","2977","2098","3021","3106","2153","1894","1407","2411","1341","3816","1887","3117","2673","2444","2370","2262","2743","2412","4779","2608","2706","2180","2627","2870","2119","2556","3549","1798","4183","1911","6116","3594","2031","2154","2387","2439","1670","1953","2343","2046","2711","3581","3067","1629","3647"
"3.69_894.80","2446","2033","2199","2488","2693","2851","2886","2877","2809","1512","2540","3490","2149","3589","1824","2429","4000","2271","3435","2230","2994","1771","9076","2553","4089","2932","1807","3929","2879","2520","4885","1955","4163","1665","2904","2506","2384","2460","4297","2918","2580","2696","3182","3575","2589","3995","6295","2626","5074"
"3.85_925.80","4675","7089","5060","5880","11637","5574","7284","7579","9518","4274","6449","10662","3199","6038","6993","7550","6153","4001","11952","5312","4650","7548","4607","5799","5075","11539","8154","5928","3968","6364","9894","4392","7356","4648","9646","4014","4694","5825","7755","8868","3896","4644","6860","4832","8480","6745","9079","4171","6520"
"3.77_968.85","11763","15671","12792","14141","15831","11916","21183","25363","13719","7529","19178","20245","9023","25246","9632","16566","20821","16793","14490","9010","12017","12161","25061","13259","15497","9733","10145","15139","13775","12227","18633","9492","21350","8283","20755","19454","7973","10608","16377","15459","10604","23391","12465","13426","14268","17393","28038","8139","28695"
"2.51_684.20","88960","87127","77472","32369","131421","107060","40216","48634","55786","60776","189031","47461","60635","18042","116583","37333","48476","48765","18572","48959","45006","43353","107744","53546","68423","59327","42178","32045","68181","46443","56202","82157","84591","54158","67552","70241","42472","93023","38072","57468","189563","46480","54863","108643","53511","44331","40184","31913","48794"
"1.53_782.57","3803","4177","2696","3247","3973","1869","4243","1846","4803","2426","3394","3694","2489","3657","3805","4467","3253","2347","4909","2862","4242","3879","4978","3865","3326","5243","3486","3633","2935","3787","2052","3410","3743","3915","4885","3527","3455","2709","3890","5010","4707","3820","3613","4290","4350","4337","3504","4152","2825"
"2.72_712.61","3633","4486","6857","3235","6020","2986","3448","14774","3060","2766","2071","5361","5922","6042","2988","4841","3715","4851","4126","2602","2982","3088","6573","3243","4082","2923","2106","3798","2721","1829","2919","3087","4359","3171","10242","4105","4209","2732","3418","3257","2314","4046","2930","3000","2925","4349","4408","1575","6126"
"4.11_892.83","5079","9251","11043","7732","10699","9553","10507","12701","10933","4255","8965","12131","6440","13192","7571","10293","12994","9492","9592","7709","8415","7243","13390","7832","8712","8601","7290","10213","10892","8688","11553","6819","12013","6758","15853","13505","6398","7395","8079","7851","6400","11297","7585","9608","8945","9213","13134","7916","14637"
"0.21_321.14","5179","2845","2506","5641","3292","2473","6485","2006","8610","3671","4647","2961","3985","5871","13786","4277","3389","3767","3668","5982","2276","4538","2343","5101","2926","6892","4182","2836","6256","5559","5821","4012","4949","4246","3861","4303","2346","3981","3761","3870","6686","2754","2051","4756","4694","2942","3913","2447","2541"
"2.52_886.73","3489","2947","2414","2999","3057","2356","3316","4528","2281","2629","3730","4713","3174","4292","1922","3060","3825","3627","2907","1986","2041","3088","5397","2310","3394","2753","1584","2489","2427","1855","3538","2006","4733","2242","3012","3037","2870","1758","2788","3106","2229","3327","2925","2298","1837","3153","5182","2084","3517"
"0.21_129.11","6885","6951","3870","6053","6495","3164","7082","1205","2396","4681","6439","3164","1370","2209","13931","3049","3073","1538","12633","2124","4124","4761","1920","8328","6345","7341","1110","3619","2138","3892","21207","3695","2721","1970","2380","4148","2424","4072","10621","2652","3692","65913","3036","2899","5547","2571","2869","4235","1697"
"0.22_453.22","8944","2308","1603","5999","3001","2075","5071","5809","3141","2520","3589","6135","3833","2824","5463","7540","2365","2210","6465","3046","1722","8801","3681","3425","5567","5359","2785","2411","7521","2584","5029","4139","4817","12491","3901","6031","3152","2852","15084","3321","4042","3382","2074","4097","1779","2252","2337","1706","2840"
"0.21_541.27","6443","2325","1789","4086","2494","1348","3174","4836","2631","2929","2651","3208","1758","2637","2705","4620","1493","3203","4077","1885","1611","5812","2141","2591","3550","2649","2161","1754","3287","1446","2188","2583","3420","10094","2045","2341","2575","2073","10110","2424","1686","2430","1912","1758","2228","1942","2061","1794","2321"
"3.47_978.83","3436","5348","3581","4809","5049","2059","3910","5741","4169","3187","3605","5604","2682","7393","3440","3643","7168","3120","4621","3746","2276","3012","6870","2623","1862","5349","3111","2860","3567","1890","3552","2254","3724","2861","6702","2607","4335","3483","3675","3862","2515","3419","3636","3676","4696","2499","7756","2271","8272"
"3.20_1029.83","2343","3067","1906","3195","3767","1763","2396","4662","1292","1153","1761","2995","2793","5542","1656","3290","2844","3483","3452","1834","2838","1334","5260","2354","3652","1471","2846","2392","2018","2670","5368","3961","6068","1495","3360","7304","1156","2170","3683","2927","3039","7656","3310","2910","3020","5549","5230","2185","7150"
"3.71_980.86","10557","15115","7695","11628","17209","11088","11792","9104","16238","10000","12147","17180","6924","10451","11812","9616","10285","7451","13671","8677","8941","11642","9196","10437","7349","11300","15608","9377","8491","10649","10603","11175","14308","7184","18513","7729","10845","10230","15250","18762","7561","10352","12879","7984","16764","14556","21639","7043","11969"
"3.45_952.81","2932","3694","3852","4667","4260","2215","3682","7053","2614","2062","2249","3333","1455","5870","3455","3863","5574","3511","3284","1607","1969","2734","3089","2001","1639","4424","2171","2822","2644","2693","2502","1729","2160","2209","8829","3383","2914","2375","2510","3044","1740","4469","1931","3515","3304","2921","3973","1293","6619"
"3.84_914.82","4117","8648","4729","5850","7139","4393","7040","5950","6790","4526","7228","9439","3880","7035","5218","3721","8577","4084","8502","4677","5602","5092","5317","4966","4103","6147","5430","4846","4635","5345","8051","7290","11780","3526","8971","5088","4698","7666","7501","7612","3832","6261","6283","4401","7745","7586","12709","3112","7604"
"1.30_878.54","2773","4294","2799","2875","3395","1605","2003","2018","5164","2043","2787","2280","1495","2290","1852","2181","5122","1784","3717","3804","2377","3034","2501","5359","2009","3431","3078","4157","2449","2899","2415","2566","4273","2162","2915","2944","2651","2184","4440","3541","2177","3255","1974","3928","2186","3946","2983","2043","3305"
"4.25_922.88","6232","7578","15778","8308","14211","14472","9678","25511","13848","4732","12028","12211","6098","15527","8778","12658","9730","17625","12221","7232","8298","8953","10621","7183","9092","8088","6277","17653","8990","12105","9646","5734","6625","4947","34446","10782","6018","6039","9155","6191","6993","10650","4778","12274","6641","11048","9676","4015","17595"
"2.74_281.05","3167","2672","2574","804","3332","2895","1439","1690","1227","1679","4208","1279","1370","464","3753","1193","1154","1752","566","1331","1241","1376","3196","1669","2208","2082","1012","1044","2481","1542","1319","2269","2691","1200","1513","1246","1432","2648","1099","1821","4567","1294","1678","2949","1650","1107","804","1014","1394"
"0.21_469.03","1879","1594","681","631","2055","247","969","362","576","2876","3633","887","2071","1379","1093","1767","580","2456","1246","2361","761","1716","485","417","853","779","1875","775","1336","373","378","437","994","349","2293","1265","2503","1059","1284","1628","541","1479","202","839","606","655","1030","1015","1228"
"0.80_570.46","3194","4088","2508","2401","2639","2447","8142","2470","2688","3175","2688","6125","3732","3827","3689","3465","3430","2445","7562","3551","3102","7626","2588","4023","10572","4137","3912","2639","4376","2876","3612","3119","3128","2654","5423","4721","3304","3019","2373","3247","4203","3759","3970","3630","5986","3791","2754","3359","2799"
"4.53_1255.09","10389","11227","10193","8493","12392","7321","12000","9786","7998","8425","13843","11508","7332","16428","7753","10657","11950","6787","9152","9519","9020","11004","10622","12032","7012","9338","8962","12661","9370","8137","12507","9016","16321","5579","9887","12880","5474","11831","12332","10158","7939","11896","9967","9277","10044","12466","12007","5747","10064"
"2.62_864.73","3830","4440","2418","3119","4393","4248","3760","4289","4513","3157","4680","6650","2034","4292","3085","3865","6886","3833","3601","4407","3532","3669","10018","4534","3512","4291","3462","2798","3049","2283","5014","5028","5811","3927","4671","3090","4369","4143","4218","7227","3466","4802","5407","3029","5660","4329","11443","4200","5447"
"2.44_581.43","2908","4121","2480","4510","3959","4398","3869","2463","4977","2200","3079","3130","3499","3389","4155","3993","5741","2495","5024","4138","4049","3868","6775","5761","3866","4610","4804","5436","4688","3867","5733","3879","5022","2286","4635","4490","3658","4719","6167","5133","4590","4440","5423","4841","4891","4637","5141","3502","5305"
"1.65_438.50","2302","4165","1421","3884","2655","2734","4952","1398","3965","1187","2103","1682","1997","4047","3943","8530","1688","1315","2719","2755","4958","7008","2638","4624","1928","3115","2018","1675","2223","3304","1080","1617","2703","3418","4028","5500","1390","1185","3830","2989","2455","2782","2412","2017","2598","3509","2133","2255","1207"
"3.50_936.85","2177","1944","2645","1816","2999","2888","2934","3921","2718","1270","2938","2893","2314","3061","2175","3491","4696","3213","3480","2819","2481","1375","9258","2164","3985","2373","2701","3754","3936","1937","4190","2286","3680","1579","3576","2960","2237","2114","3263","2900","2269","4483","3924","2843","2942","2783","5291","2373","6090"
"1.97_540.50","4333","5090","3744","4158","4397","4274","3335","3982","5319","2601","4283","3723","3431","3058","4067","4579","5630","3389","5945","4055","4539","4249","3735","3801","5159","4677","4220","4659","2601","4108","4020","4040","3771","4649","6303","4196","5018","5022","4180","4208","2790","3567","3859","4008","2985","3918","4368","3750","3121"
"2.54_822.70","5696","10353","9827","4224","8797","3823","5139","5974","5701","7467","7620","7145","4659","8619","4251","4387","3624","4604","5581","7219","6007","6710","4502","6654","3461","4100","3669","4713","5884","3532","7397","4781","6436","5057","9591","4700","7261","5407","4921","5278","3850","4776","3953","7713","5932","4790","4365","5121","5084"
"1.05_385.38","8424","12837","6171","13403","7796","2583","10534","18386","16336","4383","7450","6676","5308","10243","12927","13841","3892","6152","9851","7160","13875","13889","5698","16223","9047","8932","8047","5308","5955","8096","4863","8571","5354","12363","6975","15380","4352","3859","16608","10401","5667","7241","8391","6589","9261","8242","7767","10892","4489"
"2.37_759.56","2852","4717","3538","2384","6279","7631","3612","6224","7231","1190","4718","2640","2852","4543","3213","2486","3265","1949","3713","4817","4694","3820","5628","5798","2616","3483","1681","3467","5513","2214","2890","2477","3987","1962","6066","4450","3419","5473","4307","4000","3765","5348","3447","3263","3105","4024","8145","2764","2571"
"0.46_258.28","2757","4157","3898","3997","4412","3320","21824","3853","5025","3795","4443","3928","3907","6251","4712","3928","4379","3119","4823","6282","4544","24973","2104","4220","3895","21480","4246","4178","5149","4023","4474","4054","3816","3817","3894","4322","4448","4164","3848","4272","4367","2764","3070","4508","3854","4137","3095","3474","3423"
"2.21_864.53","3100","4447","3108","2928","3330","3148","3193","3611","2804","2407","3154","3158","2418","4967","3036","3256","3580","2812","4570","2926","3758","4089","2826","3050","2570","2830","3225","2831","4340","3489","3344","2823","2596","2475","4653","3218","2784","3422","3014","2578","3599","2906","3351","2972","3187","2667","4096","3782","3157"
"2.51_819.59","3754","4701","3457","3525","5759","3850","5063","6766","4104","2969","5743","8805","3875","7883","2653","4543","6195","4259","5762","3871","4539","5287","7039","4716","4454","4002","4223","4287","3146","4248","6905","3829","8394","3791","6387","5535","3401","4520","6239","7324","3249","4842","4715","3477","4108","5860","7792","3114","4954"
"1.23_444.40","6868","3268","5390","3398","4204","1574","3211","1741","2525","3048","2127","2794","1371","2775","3536","2991","1541","3901","2260","2836","4670","3339","11165","30066","2379","2448","1598","1827","2221","3413","2620","2964","4123","4316","2029","2674","2593","2587","5895","4564","2208","3650","3729","4174","4663","2482","2233","2888","3212"
"2.81_861.68","2651","3851","2738","2739","2814","2736","2459","2895","3202","1922","3554","4386","3167","3004","2478","2781","3275","2429","3913","3126","3033","3919","2753","3486","2410","2955","2767","2810","2373","2520","3605","3312","3341","2534","3427","2601","2885","3308","3311","3066","2606","2175","3064","2828","3284","3203","3192","3170","3430"
"2.94_832.24","69218","55873","37061","25312","66653","63685","26014","33801","29488","27544","88294","27529","30858","26608","85830","29711","26289","25098","29920","28334","30768","30384","71659","32510","52175","43452","28222","26607","62350","28574","28525","69187","49667","44879","31868","121798","26279","53465","26857","33084","79317","29298","31539","53954","31461","28112","24218","22992","28206"
"0.47_468.39","2471","3670","2107","5041","2398","1525","3933","4082","5901","2268","2049","1835","1962","3224","3576","3017","1734","2553","2529","2824","3671","5653","2225","3450","2235","3663","2743","1974","4596","2399","1821","2353","3703","2926","2330","4192","3642","4004","4863","2837","3185","3608","3076","2364","2798","7718","1974","2269","1777"
"2.15_496.34","3374","5002","3221","2402","4056","3087","3003","3873","3385","1390","3361","4415","2297","3666","3853","2552","3181","2112","4374","3811","3874","4259","2755","2869","3441","3599","3206","3760","2879","2783","3811","2911","3540","2631","5736","4161","3501","4070","2727","4162","3206","3062","2923","3031","3656","3335","3846","2309","2969"
"0.53_486.36","8497","8688","8514","9029","7582","7652","7590","8292","8949","9120","8691","8226","7753","8255","8576","8969","8768","6727","8757","8445","7881","9879","8531","9379","8639","7690","8280","7976","105348","8284","8902","7679","8512","9579","10186","8517","8167","8128","8009","8585","8607","7470","7164","8620","8278","9045","8066","10495","7560"
"2.94_616.60","1962","3664","2606","2997","2486","2954","2807","2687","3021","1164","2065","2765","2737","3361","3266","2034","2741","2058","2873","4056","2930","3442","1910","3637","3970","2011","2481","4184","2457","2804","2751","2999","3273","3122","3123","2967","2301","3338","2840","2756","2199","2501","2897","2792","3294","2763","1951","2623","2634"
"1.52_756.60","5083","4775","4774","3256","5929","3788","4178","8097","2946","3710","5743","10900","3949","6193","2715","4085","5392","5323","4299","3092","3480","3618","9659","4452","5004","3784","3665","4496","3487","2783","6295","3934","7043","4516","4833","3961","6634","4191","5214","5237","3678","5546","4448","3853","3822","5224","10039","2940","4824"
"2.74_758.28","4710","3398","3254","1781","6021","4762","1725","1973","2051","2050","7867","1976","1872","1742","6557","1805","1909","1549","2273","1637","2117","1841","5720","2300","3744","2577","1630","1650","2813","1811","2048","3668","6946","2907","1997","2133","1766","4287","1774","2087","7518","2038","2133","4129","2237","1820","1813","2404","1667"
"3.84_984.89","8433","11917","5054","8048","17775","9313","9744","6702","16153","6927","11216","16509","6731","8371","10642","7133","7786","5019","15104","7275","7707","11531","7894","10183","6939","8828","15807","9065","6172","10543","10036","7555","13321","5351","12966","7412","8659","8263","13272","16140","7593","7732","12596","6782","10797","10910","14066","5185","9405"
"3.39_840.78","2427","3016","1809","6667","2138","5942","3578","2662","4050","1490","2996","2808","2407","2750","3919","2379","5876","2177","3655","3844","3837","3078","5906","6743","6271","8787","5053","4265","10015","6297","8113","7060","9908","1981","3826","9782","3675","10580","13412","10090","7221","8612","10267","7076","7595","9254","10875","4242","14410"
"2.68_810.69","2781","4993","3604","3101","5238","2848","3557","4194","2794","2296","3094","4035","3327","4562","2347","4377","4457","3198","4531","4604","3935","4564","6618","4205","4378","3446","2777","3549","3871","2987","5650","3698","3480","3378","3761","2679","3225","6131","4073","4476","2974","4178","2680","4602","4372","2920","3197","3441","4352"
"3.79_367.34","1970","3091","1912","4889","3264","6213","2701","1879","5044","1648","2766","2806","1948","3255","2484","2487","8615","1590","3311","3594","4564","2143","11208","7058","4215","6578","4797","5021","4872","4983","8276","5711","15217","1771","4490","6588","2514","8868","12001","9623","3691","7820","7381","3492","6167","10805","14508","2579","10933"
"3.46_1054.30","32334","23647","17444","10577","32828","28014","10120","11204","10775","12603","39980","11159","10578","11585","32885","10544","10817","11952","13442","13074","9914","10549","37679","12875","24087","18216","9461","11213","28843","11220","10124","38143","23074","19377","12664","20464","13085","22953","11441","11821","30770","10901","10426","24588","14506","10577","10821","11706","11261"
"3.12_871.74","2454","2500","1473","1890","3234","1501","3301","3285","2940","1426","2632","3824","2215","3454","2019","3211","3801","2507","2909","2731","2401","2170","6624","2435","2663","2548","1279","2169","1829","1892","4219","1782","4611","1657","2745","1714","2396","2684","3088","3130","2017","2582","2336","2224","2886","1376","4414","1703","2891"
"1.17_496.42","16499","22227","12938","12791","11329","6001","11581","8903","14304","10485","9099","11216","6976","12986","8444","13462","8982","8768","10554","10361","11365","12065","13643","17923","10184","21705","9442","6602","137175","8167","11095","9726","14115","11267","11231","13522","9597","8724","20461","12222","19684","10758","9785","9838","8946","10591","8293","9444","8726"
"4.26_1572.43","3611","4339","2335","1139","2692","3184","1653","1418","1765","2656","5193","1792","837","104","3255","1753","1437","3052","178","1445","1565","2055","3306","1899","3261","3164","1314","1281","3955","1437","1609","4626","1309","2525","2662","166","1668","2226","1279","1370","3768","1502","1388","2153","1726","1612","1322","1657","1999"
"3.64_824.78","20035","25216","1803","43941","14439","50212","29021","3025","38435","9039","17846","18437","15069","20289","25176","21505","49716","3259","27742","33110","30814","20607","65322","55723","44978","71778","35088","42194","63562","50617","64557","47355","78607","15106","18887","66116","24810","73935","93151","79817","43527","65473","66231","59202","55924","73554","83997","33429","97210"
"3.54_712.64","3698","4687","4275","3232","3749","3129","3438","2984","3399","2203","3454","4350","2982","3697","2905","4934","4111","3132","3445","3513","3823","4180","2710","4760","4803","3479","3227","3767","2970","4342","3416","4227","3583","4452","5090","3288","3322","3379","4615","4071","3018","3823","3043","3542","4616","3474","3292","4277","3587"
"1.53_803.56","3221","5478","2938","2537","3681","1753","3486","2750","5915","2329","3432","3339","2100","4696","4368","2931","3020","2541","3820","4400","3966","2963","6231","4918","4368","6241","3740","5295","4769","3668","2352","4012","7010","3847","8000","4859","2787","3244","6118","5754","4848","7300","4783","4178","5432","5634","4654","4498","3945"
"3.30_980.28","37844","28776","22125","11804","37151","39879","11402","14395","13721","14336","46027","14540","13792","15503","43091","14875","11578","14567","17108","14640","11488","14411","45069","16021","28456","24413","12528","13721","38990","14263","13149","48294","28143","21690","16664","26209","15013","29422","15025","15081","35612","14713","15148","28998","17163","13051","13199","13112","13825"
"2.52_686.20","42791","38424","35559","16358","61889","52575","20009","23059","26933","26947","90548","21499","28784","8844","58354","18832","23710","22923","9468","22718","21979","22424","50960","26736","32582","28094","20454","20264","29137","22499","28030","36031","38794","27005","31882","35196","21264","45475","18384","26398","95112","22089","26897","54925","25015","22856","19583","16225","23472"
"3.50_893.79","2771","2715","2122","2116","4986","3192","4496","3131","3341","1551","3179","3950","2962","3943","2082","3874","5250","3300","4637","3472","3448","2767","10136","3719","4994","3250","3075","4223","3715","2689","5504","2193","4928","2555","3640","3090","3286","2959","4148","4506","3185","3367","4967","2782","4151","4319","5961","2882","5296"
"2.54_692.54","8007","2974","3302","5245","4269","4002","5721","3854","2509","5096","4722","3973","6952","4302","2897","5144","2291","4674","1844","3634","5131","4218","2720","3077","7800","3334","3789","3112","4715","3954","3064","4436","3455","4509","2781","3176","4315","3396","2234","1447","2446","3280","2099","1658","1940","2199","2040","2659","1288"
"2.54_785.68","6639","3788","5360","4605","5612","7804","3430","3024","7612","4863","5964","4162","6977","4584","4704","6958","11301","6075","6263","12107","7569","5027","11438","6898","5684","2976","4242","9068","8792","6488","6322","8362","10298","6006","9194","4783","7383","3657","6081","11113","7295","6183","9201","3266","7556","9107","10267","8900","5485"
"4.08_1453.40","5706","4895","4467","2028","6987","6283","2195","2595","3025","3259","9567","3060","2540","2259","5301","3870","2782","3669","2640","2679","3086","2915","6699","3411","4786","4762","1755","2188","5176","3629","3075","6639","4521","4227","2378","5058","3163","5139","2746","3605","5319","2623","2993","5091","2891","3204","2665","2351","2777"
"3.82_917.83","7808","9253","9750","10190","13766","8309","10535","11935","7807","7214","8155","13093","5489","12911","7919","11236","18535","8991","11447","9155","9170","9986","13048","7156","7147","9964","9141","8349","8596","7487","14803","9687","13581","6435","14827","10389","8973","10542","9432","10463","5259","10369","9820","8120","12542","13294","14168","5722","15505"
"0.78_688.52","8624","15181","8733","6818","9034","3648","7666","3946","16347","6242","5789","13853","2612","6342","6553","7289","7653","3811","7347","5309","7687","8709","11961","5125","6396","22180","4522","5210","55796","2695","3768","9015","11909","8186","5764","6611","7026","5341","6512","6230","8234","12032","3728","7477","7551","7336","3793","5651","6816"
"3.77_969.86","7743","10606","8078","8434","9742","8067","13868","15370","10272","4752","12680","13556","7420","15641","6624","10227","12857","11440","10234","6194","9543","7155","15490","8200","10237","6796","6101","9780","10262","9190","12259","8071","14107","6182","13874","12141","5134","7460","11637","9135","6654","13931","9184","10248","9110","10423","17447","5779","17425"
"0.80_556.44","18028","22707","14142","12368","15183","4481","10069","7502","28254","11596","8010","20897","4925","10978","10985","15377","8735","7771","13527","8676","12920","15114","19686","16166","9035","32279","8051","7383","122299","5550","6845","14050","18313","13169","9482","10606","11784","10069","16457","9905","25110","16593","6117","10381","10776","10222","6544","9082","8059"
"0.81_512.42","20559","20984","11309","13907","15165","4507","10580","8602","22437","12604","9033","18257","5556","11943","10340","17113","7819","7977","12494","9229","12781","15141","22584","15911","10083","30623","8523","7974","122290","5896","7284","13287","15237","13434","11582","10893","11453","9690","19833","10619","27522","14556","5341","9468","9635","9733","8294","9471","7418"
"2.82_892.76","3227","3458","3100","2488","4192","3956","3725","3444","4321","2837","3687","4070","3040","3303","2814","4528","4929","2842","3932","3532","3029","2725","13182","4083","4038","5090","4205","2807","4575","2607","3905","3266","4543","1787","3452","3910","4416","2367","3994","5153","3824","5166","5217","3519","3758","4668","6397","4200","5586"
"1.22_600.48","6410","6334","3967","2929","2376","1647","2817","2052","2150","2269","1920","2042","1339","6318","4027","2454","3104","2240","2554","2161","3851","2730","4428","9231","3179","5238","1927","2389","2517","2344","6826","4246","3290","2506","2641","2504","2989","2393","8025","3321","2352","2959","3474","4307","3486","2657","3389","2356","2315"
"3.17_871.75","3404","2205","1981","4715","1723","4253","3169","2099","2498","1699","2365","2711","1917","2640","2658","2453","2090","1960","1450","1447","3235","1776","4293","2173","4656","2796","2841","2296","4525","2853","2769","3969","3568","1807","2740","2389","2224","2673","4054","3779","4187","7638","4978","2393","3051","4667","8636","4109","3901"
"1.31_717.49","4089","4401","3817","2478","3268","1896","3219","3235","2715","2208","3696","4248","1717","5853","2989","3301","2970","3115","3376","3002","3395","5228","3555","3076","3073","3503","2551","2455","3789","2441","2251","2723","2773","2469","4286","4504","3019","3705","2293","3555","2979","3249","3356","3313","4068","2833","2689","2753","3227"
"2.81_839.75","2685","2917","2589","2178","2863","2614","1779","3222","2825","1290","3009","2430","2898","2333","1931","3067","3678","2230","2990","3043","3319","3125","4092","4329","3405","3553","2276","2384","3186","2605","5255","3035","4269","3496","2911","3423","4019","3442","3645","3484","3027","2736","3084","2705","3962","3358","5719","3346","5080"
"2.96_806.69","3370","4281","3931","3271","3550","4380","3637","2196","3344","2117","2814","3438","2299","4377","2702","2771","2972","2579","4332","2795","3464","3430","3454","4113","3121","2715","2653","4218","3082","3536","3850","3292","4440","1994","5077","3857","3054","4249","3507","3051","2945","4555","2469","4602","3816","4189","3507","3298","2875"
"0.22_409.19","9101","2147","1445","5561","3846","1882","5971","4793","1231","2337","4277","6325","3615","4870","5759","8201","2147","3063","4683","3871","2312","8260","3608","4333","2735","6241","2331","2570","9034","2875","6311","4782","6051","11203","3649","4990","3738","3088","13373","3655","5498","2155","2921","3798","2036","2185","3528","2836","1766"
"3.46_822.75","6283","4235","14508","3362","11915","4869","3417","13594","4816","8199","2490","3110","2004","3852","5354","7291","2799","8618","3811","5300","5481","3745","3719","3684","3132","16048","4318","9971","4494","8218","2699","4227","3920","4621","19779","5029","3230","2909","3607","3430","3410","3993","3445","11713","2740","6804","5571","2382","5998"
"0.35_272.26","10682","8500","7863","8536","8616","7312","8349","7131","8308","8420","8037","8482","7975","87053","9008","7271","7515","7903","15124","14831","7735","9032","7853","7097","7996","10211","7665","7020","8788","7992","19799","8684","6924","6925","5230","16003","73056","17148","7317","8156","8520","10590","66355","7528","6960","7291","19978","7476","7437"
"4.08_1455.40","3813","3605","2945","1897","4464","3971","1401","1871","1562","1942","6388","1635","1607","1420","3509","1726","1937","1663","1656","2273","1665","1955","4792","2589","2817","3245","1441","2210","3351","1845","1643","4757","2954","2568","2713","1738","1949","3712","1801","2008","3508","1685","1827","3523","1689","1849","2031","1479","1531"
"3.70_866.78","2001","1692","1763","1782","2879","2621","2402","3003","3229","1156","2717","2813","2139","3191","1421","2666","4077","1905","2423","1897","2404","2372","8421","2769","2814","2220","2538","2687","3697","1859","4452","1659","4596","1586","2503","2770","2852","2621","3532","2873","1936","3064","2086","2647","2987","3478","4947","1470","5949"
"2.86_804.69","5800","6068","15990","5815","8264","2031","2173","2494","2149","9551","3023","3111","2728","1204","1819","5901","1868","8058","3217","5429","1503","4188","7945","2737","3589","5718","3747","2665","3063","1473","3248","1755","1852","5336","1459","3656","2038","3090","2867","1054","3902","3179","2737","3694","2853","2518","1185","2678","1606"
"1.98_786.60","2714","4685","3322","2688","4145","1896","2694","2481","4011","1207","3347","3343","1920","4293","3793","2516","4302","1836","3827","4043","4784","3854","5004","3178","3363","2863","3192","4492","2332","4056","3627","3411","5655","2822","5099","3740","4252","3963","2463","5938","3194","3092","4022","2728","3263","4714","3427","2380","4713"
"2.07_830.44","2684","2777","2830","3130","2986","3176","2987","3178","3158","3141","3455","3013","2405","2652","3021","2982","3465","3630","2719","3062","3440","2931","2947","2570","3476","3088","3196","3970","2975","3205","2948","2581","2751","3647","2195","3321","3221","2615","2730","3014","2683","3295","3013","3492","2682","2514","3680","3116","3465"
"3.49_848.77","3906","4358","7855","2982","6604","4963","3102","8933","4582","4641","2240","3881","2222","3552","5088","5451","2596","6539","3048","3136","3621","3794","2936","3084","2752","6278","4617","7167","3918","4672","2322","3917","3498","3799","18912","3623","4132","2656","3447","2603","2391","3037","2181","5484","3139","4202","4389","2470","4812"
"3.83_888.80","3094","3811","3815","3799","4661","3025","3891","4073","3923","2350","2999","4785","2263","5073","3383","3216","6641","3827","4138","3666","3327","4093","4380","3674","2136","3610","3319","4307","3281","3521","4729","3764","5452","2328","6617","4119","3834","3465","3667","3624","2582","4883","4232","3420","4266","5592","5008","2145","5393"
"3.13_864.76","1755","3227","2626","2176","4192","1896","3136","4784","2716","2135","2867","3767","1569","3626","2326","2280","2556","2187","2879","2476","2057","2160","6204","2743","3299","2869","2162","3231","2172","2568","2532","1580","2802","2186","3492","2168","2909","1779","3006","3208","1204","2504","2477","2482","2893","3022","3519","1572","4581"
"0.80_600.47","15182","22587","13227","12115","15091","4591","9810","5514","31109","9676","8949","21588","4051","9923","11164","14197","9763","7378","11818","9224","11668","13654","12206","11580","7378","33696","7180","6601","103596","5114","6059","13756","19165","12574","7580","10235","11781","8590","11638","9731","13844","17384","6707","9685","10268","9791","7499","8335","9301"
"1.16_540.45","17001","23674","17616","14295","12168","6485","12211","8062","23401","11907","9480","14708","6848","12445","10380","14267","8879","8632","11667","11704","11621","15577","13877","18400","10097","23607","9148","8589","140630","10101","11406","10762","18070","13975","11620","14350","12173","11189","20935","12115","19096","14400","9604","10031","8717","10686","8207","10098","8310"
"3.40_1044.86","4468","3360","2831","3403","2996","2319","4854","3501","3078","1720","5752","4690","2600","6284","2204","2743","5322","3242","3986","2441","3589","2836","4469","4084","4973","3192","3892","3534","3509","3796","5979","2902","7806","2106","4658","5941","1549","3097","5647","5086","2996","4621","4747","3023","4007","6612","6194","2934","5754"
"1.31_616.18","4090","2977","6170","1426","2724","782","2088","5080","1517","6830","2936","3647","3161","4519","1726","3579","1483","4390","206","1486","454","3375","471","165","947","1026","1127","851","2364","1838","1205","2090","634","8402","2495","0","3943","1353","1772","629","1682","377","602","717","1713","1706","602","1672","794"
"0.21_265.14","1113","898","649","2459","2039","2448","1231","2005","3434","2986","2641","3439","1548","3330","8793","5386","2677","1423","6529","4119","3969","3780","2413","3929","9579","2066","2412","3914","5026","2968","2103","1975","3686","2322","3272","3643","1656","1871","1598","910","6551","9780","6189","10682","2765","5628","4911","3178","4886"
"2.94_834.24","44733","35151","25143","16135","45225","41802","18405","21536","19443","17685","55974","18121","18730","17570","57824","19121","16449","18619","19259","17559","21051","19841","47487","21142","32484","25781","19691","17004","38663","18200","19285","44977","32786","29349","22263","85907","17774","32319","18118","21283","49890","18326","21157","36220","19992","18187","15018","16217","18656"
"1.86_794.55","5993","5523","4711","4713","4763","2436","5206","7434","3621","4071","5253","6245","2829","6884","3738","6329","4709","3803","3500","3899","5469","4937","4120","4979","4263","3652","4387","5784","4797","3625","4826","5650","6737","4817","4912","8610","3251","4617","4722","6370","5370","7743","4880","3853","5197","5846","5182","4737","6160"
"3.10_922.77","1322","2711","1462","2508","2382","2136","1794","1161","2929","650","1008","2551","1144","1804","1299","960","5449","1634","3324","1159","1759","1018","14290","3610","2819","4854","2906","2480","1751","2949","6250","3063","9921","1365","4017","5411","2322","3658","5531","5903","1690","3192","3760","2715","3348","6335","9788","1369","7033"
"2.53_642.58","6353","5702","8227","4487","7567","3672","6812","7588","3890","8507","7514","9443","5275","7223","4707","8905","4845","5591","3573","5613","5649","5955","5944","5860","4636","5979","4920","5501","4805","3898","6013","4738","6003","5959","5497","4937","6873","4831","6778","5905","3749","6542","5560","5932","5021","6542","7210","3730","4526"
"3.88_1278.35","29888","25569","21530","14388","34672","28551","13246","14492","14430","15589","45299","15003","13962","3197","26130","14089","14473","15677","3213","14499","13647","12903","36061","16429","20560","20467","12655","14381","24264","12070","15733","35055","26504","19449","22100","29578","14617","26600","14050","13773","31289","13863","14143","26596","16108","14506","13229","13020","14846"
"3.84_959.87","4092","7437","4532","5002","5497","4830","6349","4530","6370","3956","6611","8027","3576","6554","4125","3107","6917","3644","6853","4815","4799","4572","4781","4899","3476","5676","4483","4252","3706","4719","6037","5701","9987","3188","7026","4572","3807","6350","5969","5831","4287","5021","5488","3461","6463","6384","10600","3642","6240"
"3.07_728.65","23927","14806","19564","22431","22958","16181","22548","25419","10005","29639","17674","17216","25763","17090","21501","22656","7660","20648","11120","21119","17765","23281","9034","10627","17375","13091","12830","9875","17022","12203","12090","12542","10732","24001","10546","9744","22615","12591","7469","7183","9692","8495","8131","7632","7436","6627","7944","10931","7164"
"1.98_616.18","2785","1819","4883","1746","2216","2020","1510","4363","2210","5178","2771","3375","3116","3055","1376","2271","2734","3554","168","1711","535","2632","832","769","945","1812","1852","1522","1954","2099","1811","2317","776","5959","1538","284","3461","3074","2344","835","1323","748","839","461","1978","1986","440","993","1524"
"3.24_1028.83","5878","5409","5658","6069","5503","4586","8589","10253","4498","3246","6582","6338","4021","12029","3833","7408","15601","8613","7738","3387","4492","4243","11049","5292","6254","5722","4842","5954","6803","5453","11479","5153","12118","3116","7181","11104","3871","5516","8645","6636","4906","11415","9256","5526","7173","12108","10594","5782","12896"
"0.33_421.23","9194","18016","3149","11067","2346","1477","3765","2525","2616","4988","1910","2422","1612","4391","2608","1975","1567","3456","4670","2110","2670","3805","3683","4354","4787","3566","2263","4173","2631","2652","2032","3257","5266","5362","4360","4365","3146","5852","2465","2066","2753","11268","2931","4018","14796","2362","1653","5019","3243"
"2.26_795.67","2389","3233","3148","3390","3822","2512","4031","2223","3465","1763","2757","2950","4055","3079","2670","2930","3528","2451","4535","4031","3331","4078","6060","3356","3825","3330","2573","3331","3947","2976","4421","2598","5304","3247","4401","5048","3587","3817","4345","4050","3230","3389","4543","3759","4381","3781","5995","2525","4249"
"3.67_876.80","10835","10698","20536","10159","20155","12841","11279","19355","12707","10725","4685","13291","5200","10607","12917","17543","12950","14742","13187","10712","10562","12948","8197","8843","4998","15971","13619","13368","9451","10595","7198","9870","9393","7531","43212","11809","8744","8026","9354","5850","4986","8281","3707","14224","7486","10360","10321","6083","10503"
"2.74_785.23","9252","8224","7173","3452","11230","9323","3227","4361","4092","5246","14823","3949","4544","938","13515","3979","3882","5149","915","3735","3609","3364","11306","5990","6927","6805","3880","3834","6854","4792","3612","8617","7821","5887","5392","4543","3879","8181","4298","5326","14122","4349","4584","8563","5628","3914","3700","2877","3982"
"3.65_850.78","12106","9801","25668","8532","23193","10774","8963","31817","11408","11604","4267","8833","4484","8958","11305","17395","7271","16133","8491","9609","12603","8873","6465","8265","5696","23787","10015","19575","7980","14934","4837","6741","6619","9104","40496","10552","9115","5371","6973","3396","4947","7545","3218","19118","5044","12098","6595","4202","10702"
"3.65_994.85","2873","4709","3142","2989","3520","1651","3356","3957","3527","2198","3113","4788","1722","6580","2382","2478","3803","2408","2927","2686","2069","2703","4505","2580","2389","3458","2096","2305","2237","2170","3339","1604","3394","2074","3267","1293","2964","1981","2436","3548","2154","2734","2488","2365","3671","2526","6155","1903","3548"
"2.05_827.66","7997","9979","7552","7925","9348","10223","8165","10073","11594","5852","9552","11265","5985","9585","9551","9124","8876","6360","10399","10826","10647","9114","13149","11043","13462","11282","10808","10675","7480","12903","10484","10878","15944","10236","13818","8879","8522","10637","10825","9316","13118","10388","11805","10468","14339","13193","10868","10095","10453"
"2.37_751.70","6244","1393","10882","288","9554","9870","10033","7478","8737","3487","8117","8089","4803","3688","11208","6159","8286","6291","7902","6146","2503","10764","8011","9091","6781","11791","3808","9417","11662","8353","4724","1177","5656","6428","8196","6138","5976","3076","10712","14445","7938","9398","2523","14073","12511","2830","8403","5773","3539"
"0.81_468.39","22717","15500","10163","12583","14771","4853","10620","9279","12197","10552","9581","13847","6001","12421","8346","17829","6616","7172","13067","7884","11715","11864","25181","18477","10339","24715","10872","7281","101188","7118","6254","12260","11137","11013","11046","10217","8303","9369","22912","10373","34634","10289","7562","8212","8855","9543","6830","8150","6651"
"2.39_830.79","5549","3531","1472","1063","5718","3123","2021","3660","4981","519","5835","5068","2577","5361","5120","457","5085","1554","3756","5022","4898","3288","4202","2365","5505","3950","3299","4260","4030","5626","2856","2616","4513","2957","4875","4169","3293","4240","4889","4221","2263","1741","2503","5016","3296","4967","3526","4927","2741"
"0.40_650.14","1855","1984","3327","1378","2995","814","1157","4324","595","3587","2275","2824","2199","1723","1195","2050","682","2067","564","1136","215","2558","242","171","760","719","642","217","861","813","513","878","341","4742","2053","557","3641","1134","679","263","1243","320","507","406","1208","767","477","1380","329"
"2.29_1026.93","22539","5219","25176","8009","12189","1740","3474","3041","1898","14990","2190","2265","1451","2122","2747","5913","1963","13368","2281","7728","2905","3238","3799","2812","2298","4130","4866","2457","4925","3871","2655","2564","3068","7276","2237","2178","1813","1827","3562","1366","2473","19041","2275","2995","2574","2446","1627","2485","1793"
"3.13_906.26","46634","35004","24358","15352","47746","42265","17850","19008","19635","18343","59849","18122","21382","21121","55259","22351","17743","17231","22645","18084","18836","20880","52510","21373","36606","30089","16479","18118","45183","21015","17388","59677","37662","28526","21322","40082","19146","35662","17518","22870","50902","22239","22210","36692","24560","20422","17662","18535","20630"
"3.40_1014.82","3864","4379","3149","4675","3727","3269","5274","4104","3961","2549","5377","5215","3119","6167","2585","3437","6144","5092","4775","2626","3468","3597","5598","5258","4739","4565","3466","4641","4717","4441","6775","3257","9237","1996","4881","6836","1566","3801","7076","4926","3482","6967","5412","4038","4029","7986","9395","3459","7056"
"3.11_682.65","3143","4205","2675","2251","2755","2700","3457","3545","3954","1213","2485","3704","3406","4721","2128","4089","4028","3103","4693","3575","4049","4648","2412","3630","4165","2762","3072","3407","2494","2841","3246","3985","3280","3790","3594","2299","2694","2653","3349","2914","3038","3564","3471","3544","4878","2730","2736","4538","4157"
"2.77_802.67","3058","5048","4867","2194","4611","3396","4743","3458","4238","3118","3679","4033","2481","6181","2622","2939","3062","3345","5633","4396","4549","3438","5006","2805","5443","3134","3524","4365","4314","3249","4085","3045","5590","2816","7151","3317","3539","3698","3876","2674","2719","3942","2570","4309","2369","3825","3834","3766","2936"
"3.84_940.83","2960","4151","2959","3985","5910","3764","3419","3318","4975","2538","3617","4985","2862","3564","3527","3532","3744","2239","4693","1819","2903","3560","3210","3577","1957","3405","5350","2692","2954","3957","3408","3507","4416","2468","4277","2947","3609","3366","4636","5491","2497","3435","4126","2989","3969","4230","5186","2623","3292"
"1.42_313.08","2185","1149","9528","1231","1919","1672","3226","2398","1915","13780","3222","3453","2668","1495","2462","2140","1326","1234","1540","1215","1669","2450","1559","1838","1880","1925","2462","3071","1123","1053","1608","2519","1591","2078","1305","3786","2140","1582","1052","979","1879","2414","2352","1319","3213","1121","3140","2444","2057"
"2.44_694.63","9371","7843","5258","10670","5825","4369","15415","3585","9160","6429","5221","6687","4344","6278","9171","11587","5298","5962","7664","7136","8342","9813","39266","73972","5687","4697","7145","6909","9353","8022","5354","6053","7092","8393","5526","4662","6118","5480","10512","9168","6372","6642","5994","6796","13494","7675","5723","7411","6467"
"1.52_757.60","2744","3554","2194","1624","3683","1463","2142","4343","1627","2217","3473","7419","3280","4433","2378","2356","2763","2693","3155","2668","2644","2960","6739","2364","3165","2327","2340","2590","2575","2180","3671","2740","3720","3320","3819","2797","3995","2775","3031","4323","2432","2933","3002","2172","2862","3108","6599","2483","3612"
"0.79_644.49","12360","20398","12009","8662","12409","3569","8566","4613","26924","8460","8656","19787","3799","7894","9511","11296","9994","6430","11318","7111","9218","12220","9753","10601","6603","28217","4997","5513","67763","4313","4634","10733","16146","11182","7245","8377","10176","7119","8984","8516","11030","16052","4628","8127","8374","8242","4697","7379","7881"
"3.87_1276.35","20409","18629","16726","10074","23188","20876","10402","10269","10804","10449","30776","11596","11457","3367","19162","10725","10490","10617","2909","10847","10041","12019","26141","13045","15015","14878","11069","10584","18977","9453","11279","24212","18335","15637","13065","12334","11114","18911","11698","10179","22465","10405","10631","19258","12582","11578","9518","10147","10960"
"2.51_429.09","5424","5173","4412","2278","7265","6479","2611","3101","3573","3538","11970","2540","3482","1980","5617","2985","2753","2979","1859","3321","2818","2387","6424","3451","5013","3864","2804","2187","3515","2944","3468","5336","3889","3361","4235","5645","2622","5529","2594","3023","13929","2798","2812","6925","3254","2585","3252","2433","3124"
"4.18_1498.41","5135","4311","3031","1857","5157","3979","2413","1829","2194","2395","6863","2544","1847","1665","3092","2335","2589","1485","2063","1995","2262","1580","5329","2476","3252","3342","1530","1841","3397","2181","2126","4977","3473","3162","2559","8246","2666","2946","2185","2138","4992","2013","1730","3091","1991","1454","1784","2596","2054"
"3.79_938.81","2827","3046","2898","2450","3250","2760","2512","3494","2869","3049","3125","2872","4724","4008","2226","3629","2495","3607","2375","3124","2806","3116","3653","2831","3556","2424","2507","3192","2503","2629","2300","2453","3803","3862","3935","2561","3259","3260","2500","2616","3483","3815","2915","2057","2969","2962","3455","2919","3613"
"0.30_265.15","24482","109996","19343","95121","23186","36693","62493","22590","60951","72062","37371","162797","7682","39697","31415","19601","13608","39436","47881","32422","78288","21261","30430","55845","37550","64159","26883","29847","17875","20259","13222","20683","35957","23404","32617","41539","24555","22022","55275","306097","79307","84328","134212","136167","42118","157733","18092","25312","30168"
"2.52_823.70","4142","6049","5714","2193","4762","2970","3044","3622","3628","3725","3438","4221","2974","5253","2254","2457","3638","2932","3699","4654","2904","5207","3657","5159","3014","2436","2555","3927","3390","2321","4537","2796","3900","4147","6209","3072","4785","3349","3197","2972","2396","2640","2373","4170","3112","2927","2145","2417","3296"
"4.18_1501.40","7350","5040","4502","2942","7023","5938","3096","2315","3523","2772","9971","3417","2904","1984","5041","3889","3038","2418","2760","2652","3287","3253","6652","3563","4735","4233","2655","1865","5132","3066","3233","7130","4561","4586","4314","3499","3774","4211","2375","2037","7003","3197","3378","4559","2912","2583","2741","3821","3119"
"2.50_782.66","8650","9085","5648","5540","7292","6391","4693","5760","5725","4801","9101","7432","7632","4777","5901","8756","7174","5186","7693","8178","7312","6751","9493","6300","7466","5265","2308","8740","6188","4646","9995","6860","10857","6031","4953","5141","6627","7516","9645","9552","4930","6505","7288","4883","8850","7208","8563","5304","6359"
"4.24_946.88","4089","7186","6070","4432","7302","4759","7120","6011","7708","1995","8209","6506","3791","7383","4813","6380","6117","5239","9541","4198","6018","5535","7522","6553","5759","6215","6851","6724","5231","6309","8270","2850","6860","3852","8363","5349","4039","4171","6467","5840","4987","4077","5835","6614","4715","7106","6106","4148","8195"
"2.41_740.52","2419","4001","2935","4516","4125","3525","2984","3047","6020","2355","2865","2909","5859","4427","3813","4175","4762","2718","6789","2767","4264","7478","1479","4594","3637","5335","7094","3934","4200","6237","4593","6046","2756","3785","3265","4616","4517","4953","4808","4801","4955","3579","4437","4392","4956","5523","2492","3471","3169"
"1.05_324.33","3760","7358","3116","7927","6215","1728","8814","11338","13281","1605","4083","4628","3241","8357","11773","29454","2212","3027","6644","5779","15858","14412","5681","13258","4868","7557","6248","3476","2838","4718","3019","3061","6007","10822","4670","12640","3305","3556","9366","9514","3410","5810","8624","3968","7088","7021","4804","7917","3437"
"2.72_740.62","4211","5034","3178","7579","6403","7684","5489","4904","3987","3132","5165","4451","5434","4667","7209","5222","2436","2811","5287","5718","4761","4841","1185","3752","5848","6738","4849","3188","5116","7951","5009","4782","4900","3125","5992","3593","4223","6259","3150","3222","7767","6114","6010","6249","4613","3663","2927","7478","6546"
"3.69_950.87","2189","2123","2125","2812","3328","3405","3242","5098","3382","1798","3395","3259","2559","3947","2105","3494","4617","2671","2740","2235","2431","2245","10771","2633","3887","2663","2053","3461","3623","3300","5382","2118","3929","1860","3599","3238","3004","2513","3477","3033","2387","3819","2960","3094","3265","3526","6218","2362","8296"
"0.21_288.19","8805","6443","687","10722","1693","570","1564","744","13811","5455","2173","5435","888","3096","1697","1946","1222","648","7413","1578","4791","1036","5151","5911","5615","1625","1584","2402","1014","16810","13337","1324","1577","1154","1902","2111","1321","502","2102","16799","4572","1837","3401","3155","12386","1435","6625","963","5013"
"3.87_1280.34","13885","11673","11570","7169","16306","14357","7163","6604","6602","7346","20742","7214","6576","2004","13216","7094","7483","7818","1795","8111","6556","6891","16912","8282","10934","12133","6686","7308","13381","6223","7885","17152","13426","9734","8777","7634","7289","13106","6736","6868","15674","6959","6998","13233","8306","7766","7019","6972","6737"
"3.13_839.76","1544","2599","3013","3741","1469","3145","2892","1688","3009","879","4306","3541","2112","2447","2240","3311","3735","1981","2135","2376","2458","2364","4740","4790","4771","3919","2952","3012","4383","3919","4263","4110","5845","2187","4293","4181","2553","5107","7294","5799","3221","5081","4699","3161","4376","5122","7882","2454","8803"
"3.07_838.76","1375","989","1528","3781","5012","4935","2391","417","2689","2349","1203","844","791","388","2548","2114","3731","1707","2830","3087","3033","2766","5423","3759","5312","3859","3672","2935","5491","2531","4164","5693","9152","726","1449","6212","574","5667","8775","6901","3737","7718","6452","4391","4784","6444","11825","3068","9943"
"2.85_383.33","4004","2015","1099","2998","4341","4025","2523","1625","2341","1400","1707","3716","2073","2116","2887","2555","4606","1227","2420","2614","5301","1747","5290","5473","3538","4646","3301","1961","5266","3474","6585","4159","10099","1993","2986","4395","1980","6131","8870","9005","3475","7501","5763","3143","5760","8945","12295","1885","12485"
"1.97_615.50","2610","2323","1630","2091","2467","2320","2671","2704","4124","1516","2365","3164","2088","2999","1972","2532","3496","2040","3282","2694","2168","2564","4312","3119","3405","3003","3059","2895","2040","2245","3443","2310","4593","1837","3179","2061","3082","3297","3200","3981","1903","3281","3346","2046","2705","3185","3964","2683","2264"
"0.48_512.42","3295","4774","2307","6466","3340","2652","4243","6266","7981","4309","2098","3062","2640","4288","4578","4528","2601","3071","2635","3690","5294","5968","2862","3314","3078","4047","2830","2570","4834","2190","1657","2980","4882","3117","2939","5347","5291","4132","6914","3164","3804","4724","3908","2905","3889","10065","2214","2729","1798"
"1.72_411.38","9596","10474","10033","8868","7643","5690","7818","6932","7423","7609","5842","5879","5259","7183","7809","7529","5834","5070","5567","7857","6651","8309","7256","8243","5860","6995","6118","6309","7125","6616","7237","7113","8616","9836","9293","7696","8775","11500","9291","8286","5377","5366","5801","6808","5410","5768","5179","5558","5967"
"3.77_940.82","3082","4640","4045","3616","4573","4018","5190","6247","4076","3114","4698","5304","2861","6629","2813","4428","6590","4506","4296","3340","3545","2973","6652","3422","5076","3394","3472","4855","4089","3248","5222","3592","7007","2289","7492","5837","3156","3778","5273","4286","3054","5967","3291","3508","4557","4974","7921","2217","7235"
"3.30_726.67","2004","2692","2425","2370","3071","1975","2649","2799","2988","2376","2353","3148","2155","3083","2639","3660","3303","2424","3083","4633","3006","3084","4869","3853","2627","2751","3230","2764","3723","2089","4409","2527","3209","2624","3305","3659","2173","2862","3451","2918","2868","4671","3823","3453","3081","3457","3361","4345","3525"
"2.73_503.11","4069","3690","3134","1639","4871","4200","1542","2491","1700","2227","6788","1881","2366","2388","5341","1710","1588","1945","2000","2351","1835","1660","4058","2697","3214","2971","1976","1399","2958","2063","1950","3401","2949","2253","2409","3243","1613","3607","1922","2155","6697","2252","2123","3856","1880","1725","1262","1364","1942"
"1.15_584.47","19517","29307","19092","12858","12288","5097","11303","6522","29408","10851","8874","17179","6361","12439","10037","14455","9473","8724","10845","11752","11851","15662","13891","17999","9348","24430","7022","7272","130514","7115","10975","10781","20738","13864","11443","14976","12899","11020","21558","12017","17302","17084","7972","9870","9016","11147","9702","10107","8813"
"3.46_1081.31","6781","6589","5034","1950","10226","5721","2849","2339","2333","2652","7844","2936","2725","3393","6996","2843","2504","1955","3623","3099","2491","2568","8599","4358","5111","2981","2409","2595","5791","2640","2241","8193","6754","3565","3569","11179","2612","4693","2578","2766","5786","3060","3034","5321","3619","2395","2467","1951","3237"
"3.58_978.85","5191","5575","3247","4459","5057","3657","4055","3006","5560","3547","4212","5223","3351","4191","4972","3749","3013","3323","4843","3616","3443","4130","2225","3863","2699","3687","5314","2986","3236","3269","3699","4967","4600","3105","5826","3778","4621","4748","5040","7035","3782","3324","4971","3641","6129","4080","6310","3138","3659"
"2.34_818.64","5286","6161","5787","5160","6869","4812","5862","5931","6205","3490","6329","6360","3445","6964","5919","6340","6766","4704","7878","7905","5631","5962","7387","6169","5648","7247","6840","7156","5414","5792","6763","6267","6485","4134","5949","6825","5377","5688","6253","6644","5164","6473","6213","6501","5488","6474","6429","5343","6261"
"3.40_1028.83","6043","5998","3213","6057","5063","5479","7584","5631","5208","3759","6303","7866","3674","8847","3769","4487","8677","6853","6207","3141","5344","4388","7492","6437","5644","4397","4825","7128","5231","5203","7463","6451","13830","2261","9539","9292","2648","6370","9560","6453","4755","10932","6824","5019","6364","9555","14034","3668","9998"
"4.18_1503.41","3666","3597","1243","1570","3600","2817","1800","2013","1316","1863","4643","1407","1399","1439","3031","1630","1719","1852","1414","1203","1740","1362","3497","1935","2460","2504","1345","1196","2723","1829","1583","3418","4095","2290","2534","5463","1805","2542","1625","2079","3334","1475","1333","2147","1558","1246","1489","1559","1413"
"3.39_1059.87","2398","2562","1426","1683","1988","2506","2667","2577","2300","1688","3927","2922","1951","3910","1548","1911","3938","2840","3235","1812","1961","2540","3155","3259","2686","2308","2512","2350","2869","2442","4581","2633","6009","1228","2571","3744","1073","1929","4051","2856","2248","3330","3591","2487","2350","4490","4399","2015","3945"
"3.14_838.75","3320","3583","5189","2773","5187","6716","4571","11983","4969","2121","9740","6108","3293","7064","3211","4100","1155","5631","4254","3063","4846","4305","6477","7302","6069","0","2830","3547","3578","4773","5071","2585","2017","3031","8113","4814","5282","9521","11579","1648","5902","8503","8664","208","4451","1770","2858","5285","6046"
"3.92_996.88","2709","2958","3048","2942","3963","3691","3434","5588","4720","1785","9816","3770","1866","5290","1895","2775","2411","3280","5447","1847","2289","2277","4495","2724","3818","2823","2189","2967","3012","3508","3359","1504","2718","2862","5698","3555","1976","2332","3393","3024","2566","3604","2462","3019","2234","3575","3910","2027","4444"
"3.71_940.83","3500","5563","3417","4484","4900","3491","4915","3825","4048","2601","4652","5587","1909","4700","3418","2410","5053","3605","4032","3923","3197","3697","2895","3251","1673","3829","3755","3296","2691","3636","4253","4245","6016","1850","7856","3471","3000","4110","4387","4548","2437","4652","4789","3103","4983","4870","6064","2115","4312"
"3.79_996.87","3468","5004","3385","3367","4973","2889","5031","5669","5303","2283","4839","5804","2575","7972","2521","4047","5715","3327","5014","3182","3011","4560","7248","3327","3646","4468","3607","3512","3417","3218","5258","2351","4551","3185","4759","3469","3803","2983","4281","3485","2619","4065","4818","3410","4486","4600","7088","2520","6845"
"4.11_932.86","11680","14766","12011","11105","14793","11787","15107","13806","14261","8178","13911","15230","9875","18218","9931","12520","18022","10247","17659","11831","15822","14146","19542","14930","14312","16488","12633","14998","14855","14068","20401","11114","18756","9577","16691","15263","11120","12606","14578","13969","10089","14509","16386","13075","13520","17390","20015","11627","16045"
"2.21_802.56","2298","3667","1943","1777","2611","2299","2254","2052","2418","1355","2546","2650","1861","2946","2102","2533","2337","1977","3056","2585","2379","2807","1867","2347","1978","2348","2148","2268","2037","2564","2136","2268","2537","1994","3150","2502","2441","2417","2296","2677","2519","2205","2229","2181","2470","2088","2489","1791","2001"
"3.82_878.82","24836","24024","59992","27523","48449","31799","25178","56194","34665","26383","10009","25889","10955","28383","24757","44871","34627","39834","35167","23165","26750","24093","35118","25739","17521","61939","24441","43053","25149","31302","19953","21152","19781","18315","83396","50937","21752","18641","20304","14883","14944","33233","11791","50806","16568","36070","22063","13585","42864"
"3.19_870.75","3598","3420","2305","7113","3407","7328","4322","3344","3462","2537","3327","2748","3161","3320","2544","3355","2714","2691","2286","2940","3177","3126","4222","3650","8019","3896","3889","2968","7513","4188","3913","4767","6600","2599","2972","3731","3035","4536","6489","6150","6437","13054","9203","3035","5871","5667","11498","4810","6694"
"4.11_944.86","5359","8428","5072","4740","7294","7039","6012","5059","10090","3812","8480","7634","4859","6451","5717","4836","5740","4374","11264","4539","6879","9287","7836","8108","5022","9149","9426","5786","4855","8183","7251","5269","7588","4229","7602","5339","5042","5418","10181","7173","4971","4367","8465","7283","5305","7512","7290","5660","6575"
"2.51_355.07","4121","3509","3379","1870","5001","4212","1969","1801","1987","2240","6966","2327","2566","1784","4094","1813","1880","1735","1287","2293","1927","1819","5948","2083","4497","2137","1450","1732","3607","2226","1967","3042","3630","2418","2548","3679","1754","3955","1961","2362","11007","1967","2048","4074","2400","2198","2410","1528","2106"
"3.87_740.69","2362","3153","2585","5038","3046","5760","3612","1998","4993","1707","2235","2192","2284","2828","2328","2730","7795","1717","3195","3216","4250","2605","12433","7525","4510","7138","4649","5303","6487","4323","8482","6082","15374","2100","3377","9023","2640","8354","11588","8821","4381","7585","8201","5033","6420","10503","11868","2926","10693"
"4.07_946.94","4118","4803","3709","2551","5191","2848","4181","3694","3613","2424","4079","5314","2447","6178","2297","2324","6574","2215","6412","2751","4182","4612","6820","4037","2936","4984","3558","4202","4088","3759","7321","3286","6576","2195","5439","4824","3514","2913","5214","4268","2605","3401","5184","4188","4016","4827","6790","3752","5700"
"2.31_718.54","3123","2849","3552","1886","3782","3377","2206","3942","3331","1518","3282","3467","9105","2635","3784","6501","3624","7681","3209","4523","4354","5398","2964","3043","5332","2905","3003","3041","2470","3145","3679","2774","3014","5914","5869","2636","6090","2098","2628","3203","3994","3349","2370","1944","4335","3826","3452","5187","3289"
"3.84_928.83","4504","7210","4366","4805","5634","3584","5729","4279","5465","3833","5501","7301","3125","5231","3957","3038","6906","4205","5551","4372","4522","4350","3608","4154","2776","4267","3873","3718","3256","4453","5564","5479","9935","3165","6458","3887","4341","6216","4873","6084","2973","3849","4936","3033","6082","5732","9788","2591","4917"
"3.77_966.83","4116","5555","3707","3749","5602","2500","4658","4636","4826","3131","6207","5248","3106","7439","3555","3959","5871","3166","5142","3005","3453","4872","7912","3233","3526","4292","2339","3727","4109","3217","4456","1773","5569","2624","5833","3883","3167","5662","4210","4348","2255","4136","4905","3638","4985","4225","7574","2898","6094"
"2.49_720.64","3776","6289","4896","4289","5237","3094","3950","4345","5990","2584","4576","4289","2763","5080","4098","5585","6533","3308","5074","3607","4781","7516","4806","5113","4764","3028","3963","5646","4617","5275","3901","4268","6446","4486","7843","4739","5114","4802","5290","7027","5726","3451","3782","5496","6228","3892","3253","4414","7066"
"2.38_1544.14","2255","5036","2556","3607","4318","2273","3166","4900","3633","1233","3234","4506","2682","3741","4837","9326","4563","2277","6836","4438","2501","3595","5972","3622","4252","6029","3447","4942","5520","2776","4641","4230","2449","2405","2867","4661","3497","4303","2948","6250","4128","7037","3939","4142","4517","4963","5362","3273","5328"
"0.49_556.44","3059","3096","2262","4942","2581","2126","2814","5218","5765","3369","2621","2308","1823","2924","3439","3514","1809","2431","2595","2697","3886","4900","2191","3139","2837","3252","2108","2371","4133","2390","1913","1539","4040","3163","2403","3299","4689","3454","5708","2684","2534","3148","2621","2188","3295","6227","2442","2793","2338"
"2.72_754.63","3911","3518","2889","6569","5044","7118","4259","2249","3698","2745","3461","4336","4416","3629","6815","4181","1944","3932","4440","4809","4561","4705","1135","2217","5719","5558","3638","2459","3695","6351","3759","5587","3530","2581","5398","3762","3439","7483","3286","4324","5737","5866","4032","4791","6148","4973","3570","7450","4998"
"3.48_952.82","3123","4492","2888","6410","4504","3051","4203","8232","2446","2532","2136","4319","2056","5866","3649","3188","5509","2869","3391","2536","2016","3130","3911","2635","2073","4702","2528","3781","2557","2897","3103","1821","3137","2678","8547","3548","3525","3375","2920","2686","1959","3165","1734","4045","3290","3426","3811","1789","6743"
"0.75_526.31","3169","2452","3566","1512","3196","2201","2746","5668","1831","2455","3022","3125","4706","2986","2937","4549","2992","4145","2443","3282","2472","3340","1639","2822","3362","1788","2414","2018","2786","2304","2600","2132","1892","7609","2726","3062","4568","2163","2036","2946","2330","2248","2112","1940","3162","2244","2349","3914","2926"
"1.31_717.55","2707","3813","2550","2353","3559","1811","2858","2803","2901","2081","2978","3510","1997","3065","2721","2288","2627","1737","2639","3823","2979","2963","3797","3545","2673","2599","2397","2941","2476","3191","2403","3093","3934","3960","3954","2958","2246","2102","2905","2704","2250","3375","3597","3837","3895","3845","2751","2323","2828"
"2.51_685.26","2987","2555","2205","1088","4408","3414","1737","1647","1742","2279","6398","1868","2250","401","3741","1339","1508","1744","476","1534","1700","1539","4011","1759","2282","2085","1565","1156","1914","1896","2075","2405","2380","1739","2400","1563","1794","3758","1164","1995","6143","1474","2171","3528","1701","1461","1842","1071","1551"
"2.51_651.14","3383","3117","3124","1400","4780","3513","1794","2072","1890","2012","5408","1919","2327","1285","3933","1643","1595","1870","1228","1994","1448","1600","3524","2069","2841","2195","1548","1149","2225","2564","1808","2481","2666","2542","2492","1999","1905","3641","1271","2016","5793","1904","1854","4012","2014","1513","1735","1310","1787"
"4.22_1000.93","2307","3734","3369","2198","3895","2353","2863","2040","3379","2073","2518","3333","1980","2797","2103","3748","3004","2204","5803","2591","2401","4019","3611","3510","2153","3165","4424","3024","2591","3291","2660","1851","3990","1968","4077","2815","1780","1463","3527","2137","1952","1794","3506","2013","2292","3590","3540","2646","4098"
"2.73_787.23","5379","5569","4476","2466","6215","5438","2426","2992","3189","4008","8605","2360","2978","809","6250","2528","2636","3941","674","2521","3258","2133","6088","3027","4405","3749","3073","2121","4459","2622","3017","5914","5673","3294","3539","3292","3359","3981","2451","3497","7672","3072","3033","4818","2774","2323","2407","2278","3075"
"2.42_914.73","4061","3369","2623","2343","3044","3098","2903","3386","2489","1755","4102","4081","2579","4543","1536","2935","3069","3386","3610","2213","2460","2528","4201","3588","2983","2780","2392","2331","2946","2501","4873","2125","5972","1784","2761","2707","2117","2346","4137","2700","2592","3231","3424","2862","2409","3582","5636","2877","4157"
"2.35_863.68","6874","3935","5445","7236","5146","4559","4860","6378","4344","4974","5949","5406","5714","4499","5380","7317","4613","5499","4718","3891","4262","3939","4145","5961","5995","6093","4526","4854","4279","3830","4739","5147","5887","4997","4081","5697","4721","4611","5307","4554","4160","6436","5004","4819","4831","5171","5245","5123","3885"
"2.25_692.62","3398","2004","4435","4262","1793","2126","7904","2225","4399","2739","2629","2813","2076","3579","3761","3900","2119","2556","2317","2734","2816","3383","18560","14763","2533","3017","3112","3022","2855","2539","1833","2767","2614","2998","1308","5532","2231","2381","3047","3353","2308","2739","2236","2356","4337","2780","2644","2371","2841"
"0.23_266.17","3190","4251","4499","3515","4120","4960","4260","2294","3679","1844","3985","4231","4220","2908","3791","3614","2640","2329","6888","5531","3306","3959","2620","3932","4080","2460","4043","4681","4435","2924","4179","5924","6984","5790","5580","3976","3999","3276","3190","2831","3226","7467","3898","4955","3923","3067","2950","4661","4732"
"0.82_424.36","18449","13243","8553","10739","11651","5004","8305","8583","8077","8690","7131","10833","5613","10350","6502","18648","4879","6824","9665","7358","9067","9867","22331","15303","9496","17292","9275","6048","65049","6594","6072","9234","8338","9111","9387","8049","7418","8401","18333","10557","28269","8601","7375","6646","6354","7720","6713","6613","5215"
"2.54_856.68","3190","3373","3849","1512","4164","2961","3799","5346","2792","2522","3665","5260","2706","4869","1204","3166","4800","4024","3531","2425","2413","4338","4607","3960","3473","2432","2102","3056","2687","3197","5050","2376","5384","2879","4032","3605","2445","2574","4761","3224","2496","4518","3401","2933","2398","3373","5102","2650","3967"
"2.45_830.67","3522","4988","2566","3227","5816","3695","2506","3543","3609","1515","3478","4416","3333","4368","3805","3088","4300","2630","4600","4811","5386","4602","4089","5123","6125","4144","5591","5927","5587","3339","5493","4055","6969","3067","4919","4703","3536","4060","7896","9840","4127","4861","3801","4284","6701","6089","3700","5315","4089"
"2.54_776.64","9205","4336","4863","7182","5279","6398","6887","5037","3701","6851","7378","5462","7677","5019","4118","7689","2075","8134","3270","3973","7006","5948","3515","4241","10560","4635","5191","3885","6202","4796","5057","5811","4121","6616","3247","4604","5449","4116","3192","2341","3783","3965","3420","3647","2776","3721","3350","3581","1981"
"3.98_864.80","2245","3611","6066","3710","3869","3297","4084","6008","3463","3425","1874","2794","2164","4724","2996","4006","5682","3873","3498","2717","3528","2288","5096","3583","3085","3678","2763","4408","3814","3801","4368","2957","3483","2209","8623","5947","3598","3055","3041","2675","2479","4148","2619","3908","2932","3902","3350","2768","5575"
"2.40_844.66","3704","4538","3207","2564","4636","3610","3499","3222","3885","1723","4724","4615","2687","5011","4216","3369","3844","2552","3997","3739","4123","4030","3194","2114","4001","3470","4267","4629","3193","3584","3292","3352","4206","3330","4877","4262","3459","3993","3620","3811","3522","4022","3915","3638","3668","3942","3741","2311","3713"
"2.71_808.70","4132","4057","4499","4426","5281","4066","4799","7333","3652","2064","3418","4110","3633","6737","4127","3730","5150","2888","4070","3581","4556","3787","9732","5037","4233","4704","4367","4846","4403","2741","3419","2907","4602","4200","5587","4300","3778","3615","4138","3788","2490","3671","4056","3866","5850","3590","4952","3263","6843"
"1.39_568.48","4624","3377","2259","2749","2513","1411","2536","2057","3438","1768","2277","6716","2764","2436","2701","2703","2420","3409","2464","2231","3387","5784","6031","3965","2944","6875","2514","2533","7712","3335","2114","2840","3344","2535","3026","2573","3272","3095","4586","13307","6888","2655","2563","2650","2677","1788","2291","2436","1948"
"0.79_283.26","7513","2664","31907","4246","8410","2231","6558","4929","4622","7562","3942","4537","2500","2464","5654","4416","3591","9278","2211","2716","7594","14496","6987","14050","5094","5196","2088","3083","8257","4992","10065","4630","2001","6918","1006","4420","5237","4878","7502","7813","2797","4872","5659","6045","8352","4976","3482","4670","3818"
"2.79_756.64","3781","3658","4046","3555","4147","4340","4365","5953","3986","2522","4485","4567","2761","5402","2658","4534","5811","4227","3986","3443","3442","3889","10293","3618","5928","3486","3167","3901","5766","2820","4548","2985","6689","2525","4181","4948","5728","3391","4353","4887","4218","5141","4566","2959","4216","4575","8894","2801","7005"
"1.12_716.55","10383","16538","11482","5669","6917","3741","6784","4417","12662","5577","5940","8780","3670","6582","5738","5637","6024","4589","6020","6476","6892","7530","6808","8808","5006","15791","3445","5318","25260","2907","6503","7094","11999","7050","5680","7736","6876","6740","8849","6892","7610","8941","5212","5208","5782","5046","5784","6744","5815"
"2.74_429.09","3148","2608","2917","998","3453","3063","1073","1760","1496","1541","4450","1541","1477","515","3388","1454","980","1633","577","1556","1246","1327","3159","1859","1936","1799","1062","853","2406","1212","1295","2883","2524","2024","2014","2164","1562","2520","1559","1471","4015","1408","2103","2834","1662","1147","1069","1159","1420"
"2.00_724.71","16874","5949","16254","16017","19065","15970","14523","14439","10133","13814","10751","14238","10802","7425","18856","17562","11017","17728","12806","10080","18578","7178","14937","17866","11395","18436","7776","16983","11580","14342","16071","21955","7672","18919","13612","12090","16960","16524","15416","15610","15595","14509","16138","9734","17314","16376","9328","14885","12303"
"3.71_966.85","3955","5733","3134","4007","5388","3763","3216","3051","4748","3184","4212","4607","2550","3520","3891","4068","3063","2578","4356","2963","3691","4453","3383","4455","3108","3441","5227","3861","2820","4232","3455","3767","4659","3391","7645","2870","3348","3555","5332","5961","3044","3125","4323","2910","4574","4276","5811","3238","4827"
"3.82_890.82","12856","10667","19427","12968","16341","12012","13033","15001","11267","12415","6449","11828","5002","15907","10817","18391","18385","14410","14705","11397","11793","9086","17220","10004","7624","18613","11594","14552","11935","9726","13320","11588","11774","7616","24869","20139","11551","11041","10527","8651","5955","14004","8667","13691","11110","13455","12441","6533","18155"
"3.07_890.78","2392","3462","3501","2378","4909","3956","2310","4742","3281","2350","2741","5270","2138","4306","2489","2916","3506","3416","2953","2248","2331","2641","6959","2248","2313","4180","3132","3022","2696","1839","3628","2005","4111","1756","6236","2698","3239","1999","3513","2444","1977","2857","2108","3190","2441","3123","5538","1972","4303"
"4.11_894.85","10462","14659","15303","11066","16951","16232","13524","27839","13866","10103","9590","16151","11801","17014","17351","17809","12524","18694","9432","11794","15023","12151","14216","11508","10991","10701","13144","17838","14794","13798","12697","10735","9192","8515","18709","14566","9805","9621","10326","12021","9200","14209","8902","13239","11371","12955","12861","7690","19097"
"3.98_904.83","4120","6235","6313","4708","7037","4798","6337","6571","5199","3175","4948","6685","2726","6876","3556","6045","8834","5737","6662","5125","4839","4890","8330","4956","4356","5101","5894","5782","6009","5491","7851","4357","6804","3631","8411","6822","4104","4845","5442","4877","3152","5807","5268","5686","6051","6151","6504","3110","9164"
"3.74_1202.33","22393","16051","14170","9568","23367","21513","9900","8948","10019","9623","28908","9916","10165","8220","21173","8280","10929","9477","8869","8834","9642","8851","22819","10318","14788","14558","11303","10717","17192","9247","8763","21732","33396","12722","11241","14832","10259","15388","9264","10285","21966","8892","8954","14976","12184","10432","10061","8610","9971"
"3.97_880.83","15202","14865","27614","16042","21568","17223","16063","47522","16026","12466","9166","14954","9766","18256","15788","21386","16187","27751","12463","12848","15411","12896","16290","15067","14052","20459","10965","30525","14479","20765","10723","11806","10216","12861","63115","24850","14415","11980","12758","12308","11875","20237","7698","21135","11828","19697","8940","11404","27269"
"3.74_941.83","2079","3418","3065","2765","3526","2754","2926","4280","3173","1898","3540","2880","2649","4255","2310","2328","3458","2680","2647","2145","2678","3145","4553","3073","2612","2036","2342","3310","2617","3345","4260","2674","5664","1811","5989","4890","1821","3928","2750","2860","2232","3560","3057","3404","3873","3576","4876","1567","4342"
