"Label","758167","758168","758170","758172","758188","758189","758190","758191","758200","758202","758204","758205","758206","758207","758208","758209","758211","758212","758213","761136","761137","761142","761144","761145","761147","761148","761149","761150","761151","761154","761160","761162","761163","761165","761172","761176","761177","761178","761179","772622","772631","772636","772639","772645","772647","772648","772650","772654","772656"
"#CLASS","269","287","292","270","267","258","277","295","297","300","185","162","151","149","139","138","315","304","326","114","117","321","332","92","147","340","323","330","311","104","155","120","122","336","129","197","190","196","177","179","218","250","233","261","283","263","286","273","266"
"2.11_1258.07","2240","1708","1943","2835","4083","2024","3038","1785","2992","5784","3840","3790","2149","2072","4244","3289","4290","6443","6984","4732","4480","3620","5369","4729","4576","4592","3329","2073","4142","2936","4426","5511","2370","3689","1606","3633","3871","2638","4058","4785","4058","5155","4308","0","2652","7098","2538","2873","3787"
"2.15_760.02","4969","5015","5377","5557","4800","3835","3545","3983","3157","3951","2849","5607","3997","4862","3191","3950","4284","3685","3831","3454","4121","5264","6399","4826","3521","3342","6791","1781","1962","4053","5226","5833","5260","3947","1828","6213","4221","3048","4039","4682","2979","3296","5229","0","3996","3796","10262","3828","5066"
"2.12_1260.08","3491","3029","2544","3489","4061","2881","3574","2086","2587","5470","3729","4570","1729","2198","4733","4161","4822","5366","7641","4135","4067","3154","5616","4258","4628","3684","2924","1988","3388","3168","3155","3959","2749","3089","3230","3507","4379","3531","3760","3822","3885","4327","3939","0","3247","5578","2129","4231","4357"
"2.15_758.89","5831","7589","6063","8771","11385","6762","7839","6711","5630","8282","5816","8238","6755","9592","4478","6711","7969","7360","4814","6558","8700","7225","11484","4509","3748","7467","10757","6345","11673","9212","6697","11267","8605","8145","3404","11389","5705","5822","9199","6774","6241","9033","9168","0","6187","4489","10265","6230","15888"
"2.07_704.32","2889","4216","2710","4737","2448","1773","4814","5035","1290","2631","2248","3509","1659","5873","5110","1808","4838","4196","4531","2356","3548","4105","3961","4688","4532","1850","4182","774","1490","5363","1467","3297","4866","1204","975","4462","4498","1036","3314","4403","3388","3384","2383","0","3380","2717","10229","6246","4107"
"2.07_703.88","5225","4813","4667","3753","4802","4460","4268","6961","4968","5769","3878","5261","3704","6656","3835","2206","5687","3586","4995","4878","4981","4030","6052","5479","6141","3878","3412","189","4023","6284","2364","4664","2590","4097","1697","7650","5003","3293","6123","3713","4267","5632","4642","0","5886","3849","10235","4253","4482"
"2.81_787.81","2786","531","4613","0","5397","251","2926","2843","3265","3497","6061","386","3243","2773","400","174","11841","1762","2752","0","6474","3252","10408","2436","6188","7775","4277","349","2515","328","5127","279","3051","4538","699","0","2375","399","3227","5869","4577","2964","3299","57","157","2666","1613","2340","3167"
"2.15_1516.13","199754","260524","202846","279826","274347","124626","135944","216549","112744","124624","99682","289338","216726","282160","158422","206280","195004","195547","129857","133252","169518","270478","289477","239345","184719","135771","433615","47379","113512","239361","223338","304023","269865","144765","29421","227571","129970","68194","215331","234639","116376","142848","249403","0","137929","230795","686430","200680","504191"
"2.34_1520.16","88666","130956","85349","110824","91154","57449","46939","150079","71834","53800","55318","172466","84706","186272","152468","120175","88881","96103","56152","95341","96914","162066","116012","175538","80585","63687","190827","13970","107512","132677","91234","149357","114774","55487","29619","128360","75655","20208","158793","151029","87787","55646","160016","0","46966","173714","520841","86568","352508"
"1.97_808.57","733561","633469","1862645","1089462","891823","1200824","608880","711883","931647","397226","585368","1146505","700244","1571736","858324","932190","1009355","760409","551425","974749","1045779","1193518","846750","922472","774114","579630","948790","455352","994199","1030498","763476","927145","622345","699448","564264","738483","602315","625810","1172225","894317","710876","1032005","1051578","586","923063","1068698","1268991","694287","1352587"
"1.97_809.58","331544","291959","835573","474576","398087","525356","281397","323859","417677","188096","272184","503030","323220","689970","382962","416339","446109","343582","257968","430972","450624","516516","382667","419480","351838","274865","424175","209356","440406","458464","349547","413771","287010","327387","268734","334197","268834","288212","516224","396543","326092","459893","451658","171","417198","470118","553544","314265","613049"
"1.42_790.56","275521","339080","408177","523355","515239","268183","193067","341502","196378","267517","138062","565036","109326","547493","444286","535310","344975","572550","311341","398245","343583","423675","740914","688564","176581","323104","1062329","69298","737197","728121","444177","614288","360419","169608","98149","645166","198816","144084","461663","746026","504311","374687","565681","442","250908","862572","1751230","390365","1243230"
"1.58_772.55","101520","127757","136895","181071","240164","96897","92271","239299","102084","121556","73224","320734","101359","247847","222695","207123","148851","269864","134127","167861","135779","243096","285970","267080","111188","128099","473142","57038","389305","319934","187496","272776","283989","109634","48357","286673","107902","77623","216209","429941","284638","152298","251417","507","91059","304383","871889","153643","656353"
"3.04_815.70","1154231","1080221","645578","1187134","1036890","682001","1116531","1394221","1001767","1350421","944236","640776","565443","1617257","1305115","1090509","1433889","1032743","1165526","1222055","1436185","1172917","1238592","1555559","1346998","975664","1866336","225824","930870","1260533","790569","1113198","1213821","551233","241144","1303869","1596012","469233","1536814","1099704","863410","1597673","1309531","1881","1199155","1276162","4522244","1862309","1566977"
"1.54_790.56","3762","3421","13217","13875","14686","9229","10205","276781","49013","13104","17142","280055","7987","15333","73251","24543","16423","49176","12115","28406","6995","40089","34294","45890","6013","17838","143688","5454","283218","75679","4621","17239","240923","14741","5154","64963","18724","6586","47604","589019","208712","19376","103511","315","1672","29356","504613","17392","612167"
"2.07_1406.15","27215","36628","26427","31567","38497","23543","31511","36981","17175","32529","19123","29493","14201","49740","42688","29553","43683","36937","34480","25599","28944","43878","32888","40197","34313","15958","48837","2206","17291","38632","20027","27681","37235","14105","4964","47508","34182","8868","39715","28663","22433","36936","32466","0","39834","32259","240704","62994","55052"
"2.15_759.58","2865987","3230170","2932339","3368279","3357637","2304772","2404105","3004518","2158407","2397343","1983566","3549483","3021173","3380820","2605922","2995582","2954637","2850051","2359774","2458521","2656487","3267850","3526036","3102388","2768886","2488858","4073807","1274627","2173877","3173770","3067575","3582516","3338082","2555973","917770","3040535","2379379","1619158","2977509","3089553","2231732","2488265","3312913","2537","2406973","3012169","4748645","2817384","4408131"
"1.98_783.57","81389","130391","69862","138607","93163","81412","73632","61153","59590","87106","73200","61471","120803","120601","79822","69803","71057","80341","68472","71540","68108","150728","107111","76411","92473","75453","105159","41995","24127","77385","64348","104466","102264","84750","21432","152986","68512","37019","152454","85794","35369","50114","79614","269","234142","128479","364466","175300","200683"
"1.44_788.54","92511","89740","68871","127426","146857","25162","78823","148105","94973","96535","47245","224129","46067","145870","174791","301764","187869","300984","113317","197232","151405","195284","351851","300645","68849","181070","535689","32765","379218","357289","192065","279463","120397","116888","20938","357665","63949","83001","185468","364032","282059","164637","187978","456","75909","415808","838447","154590","484993"
"2.37_1546.18","21964","31833","15896","31740","25987","12370","11299","29905","13218","12102","10112","33301","26149","45449","31091","21526","17329","18166","12590","16130","23245","43068","25268","38058","17891","14009","43993","3630","16721","28609","24152","26560","25426","12818","6408","35171","16536","2358","35857","29122","17734","13847","29197","189","17626","43896","179364","29855","88421"
"1.58_818.59","57041","64414","67709","122283","101196","71205","49145","85891","43556","57011","33409","114582","29505","105858","93141","89733","72285","90869","68922","68088","70368","93792","138363","113718","42247","59097","154986","20240","126467","112944","78711","85264","85693","46662","29029","127942","49555","23300","100331","118921","133976","75981","89218","211","89171","130338","480935","105158","351508"
"2.07_705.58","301481","332890","300117","319205","340349","281908","323228","345080","230332","344342","264028","310413","212199","401476","369201","317660","363666","336994","328890","285971","304917","373571","325214","342165","335397","233802","379660","74528","238077","356260","256006","306461","356055","213995","116238","378110","348060","165122","362325","298783","260854","341173","321608","635","345059","323308","821835","427466","427288"
"2.34_1494.15","29639","35932","32245","36947","35740","22363","25039","46323","18894","20606","21931","44307","18755","51338","45442","44466","32051","40217","22333","35497","32512","52852","44846","49562","36819","29093","65739","4530","30181","42819","27389","41797","33977","19290","9806","43264","29517","8178","47307","40464","24245","18222","45030","0","25462","52695","159139","35482","79767"
"1.32_828.54","35196","43449","37681","47354","52001","17373","31168","87756","41970","36146","24139","93010","23516","59869","67319","67914","41270","53894","30864","68564","42465","78027","78283","82636","20968","48530","133979","16276","110655","102033","41007","84899","60720","35476","8946","68503","31589","28987","41096","101869","58503","52653","74464","280","15818","90598","329148","58317","192130"
"1.64_772.55","105005","128430","143475","164258","236803","88397","84499","152922","97502","109001","70882","217372","91654","214002","168115","192091","144888","215636","119102","156414","136425","228194","230457","255326","115000","123674","370283","56762","243743","263030","179186","249821","188925","92674","50320","246418","100056","80050","184393","254513","181132","146387","200762","328","93000","252167","622909","150569","437880"
"2.39_1572.19","14691","20813","7835","24892","22756","8639","8532","21854","6826","7641","5912","21423","19857","28505","15423","10063","11176","8866","7511","6105","15346","30878","15683","16381","10603","6306","27608","2142","5278","10368","15833","13863","21849","10284","1401","22480","9018","1394","19050","13565","9844","8229","16177","0","21430","15760","144005","33153","73610"
"1.99_834.59","161318","132779","227475","252844","196591","157736","148597","183581","164566","82613","115002","193047","172258","240462","149094","145762","175803","157842","117752","149007","212007","241167","160807","149086","91636","108695","165222","90034","178767","196017","142636","149750","167961","150223","69592","177576","117101","108640","175150","180428","153186","173331","149165","238","284557","200571","358772","235782","336173"
"2.16_1542.15","24033","40111","20357","36027","33807","14410","15931","19767","13255","11400","10494","28304","30798","32920","22200","19462","18220","20755","14516","15919","18471","35230","28719","24353","22804","21007","41853","7896","8848","28726","21657","30045","31967","18355","6266","33723","15902","6893","29204","25141","13101","16174","24765","66","25899","35910","131851","30206","67016"
"1.31_830.55","27851","34654","38219","45076","44531","24604","26472","72898","31965","35528","23631","94340","23920","69445","66470","61820","53275","54722","26133","61619","39084","71254","71004","91921","16496","39600","133624","12593","105544","80156","46621","69305","56199","28701","10683","70037","30208","17983","57993","131812","84279","42179","88670","119","13173","91465","328677","41975","201828"
"1.60_816.57","23228","22119","16373","40397","39323","9647","24129","62115","30595","23926","16448","75396","14832","46276","51430","55081","44137","62496","29789","45166","42365","62594","69520","65592","20693","37196","106570","10469","96410","75959","44913","48907","51313","34347","7552","84058","23125","17089","54235","104650","92012","43010","44884","304","34731","78103","341647","58187","234117"
"1.43_789.55","41836","44765","31975","61572","68586","13061","39923","68245","46842","48807","23126","105033","20911","67675","82445","143552","89517","139077","55537","92214","69714","90779","163287","140166","32262","84384","257703","16061","181715","172252","89800","125697","55919","56815","10803","170034","31478","39066","85040","168483","130036","75637","87102","288","37132","192274","384814","72585","224949"
"1.52_791.56","1096","3417","6301","5844","7450","4261","4209","126516","21068","6873","9977","129184","3649","7051","31410","10743","7525","21877","5588","13561","4338","17806","14953","20594","3176","9362","66210","3276","130860","35403","3901","7609","113316","5633","2120","31670","10101","3037","21504","271138","92447","8515","47362","508","2180","13401","232336","8816","277174"
"2.80_184.07","59750","66092","43221","64967","66096","35440","52448","70267","43962","60527","55396","62711","40636","68121","70099","63190","63115","73554","63274","57936","64344","74444","64200","76336","77753","51403","97055","10435","46963","76239","43373","61488","62980","29873","13656","77747","81672","23710","83575","66479","45640","69135","69353","146","59285","78729","220348","81313","92573"
"1.40_806.55","2083","2246","3077","3575","4637","2446","13026","127688","37615","4162","12616","100287","3423","5235","155320","43626","11790","108511","8560","78064","15862","98890","98361","82617","2173","42568","236845","1322","318681","132790","4268","5634","108953","14061","1115","136223","17930","3355","84872","218274","208770","37540","186078","510","1716","87983","316855","42331","271150"
"2.15_184.07","128424","135734","131946","151766","146569","105967","108335","137159","97289","112114","87877","145540","126364","151060","122450","132541","125104","124296","109702","114730","119157","146639","147471","140555","117825","114746","186339","54101","101977","144501","124682","151106","143377","108330","38875","135711","111282","69099","129663","134557","110390","113772","137263","238","116238","134377","275805","131496","224853"
"2.29_762.60","2010","691","4462","6708","6644","7962","1858","1121","2055","4878","1094","928","951","2467","5391","3416","11717","5412","1077","5502","978","17326","1294","626333","1136","5171","5623","1412","636","746","841","2045","1377","1290","347","905","1524","1901","1108","693","1212","7366","983","371","2843","14346","1418","2176","1888"
"1.53_812.54","3209","3729","6407","6789","8900","4146","5636","75047","11519","6944","5526","68465","5049","9918","16793","10093","6888","18221","5956","9827","6366","17585","12183","16979","5915","7901","33575","4312","38444","23957","3534","11746","52278","6379","2690","12009","8101","4283","10755","142128","35537","9634","26370","128","2454","13192","60801","9647","112283"
"1.34_790.56","13027","8660","10742","27734","17629","8419","20676","31385","19952","29282","16167","28421","8032","37454","24913","31570","28695","42460","23993","35602","28101","41962","44197","63125","24687","23909","60529","12970","54086","54471","9428","37983","21330","15272","5098","43126","24685","12937","39531","38067","34417","26648","22255","530","8233","52806","127621","16320","74925"
"2.15_760.58","651466","741315","683762","784976","786017","537143","558986","689703","492587","569455","465774","839404","695309","784691","598955","692979","683261","651953","544494","564563","610800","757700","839714","717656","633849","579968","1005743","308069","501215","727956","708322","844670","777862","593467","228391","687370","546911","379502","683554","717652","516819","586835","774015","931","553066","704542","1245222","645869","1092891"
"3.20_663.57","34985","52051","45534","67422","89528","40927","33653","45970","35205","55554","38359","113202","60020","62940","94438","55231","47307","66288","78021","52326","52182","80708","65861","76033","75469","44938","74740","22629","63474","53976","57118","79230","52654","51356","25677","79082","43355","37613","45137","91631","78046","52699","80531","268","34360","80433","148159","57109","186265"
"3.19_764.69","422639","541898","480140","648648","766791","486288","400833","488471","429038","534102","445732","910548","607782","617057","831200","578325","496838","621513","771703","549979","543586","729424","563573","697538","740776","427758","635629","321409","537893","543944","595195","701972","559610","542914","344700","708148","479821","453568","450442","751547","674804","527824","762581","973","447601","712806","973935","592269","1184342"
"1.12_808.57","20577","25228","38240","30927","55967","25543","52260","48847","43168","87492","46258","41740","16541","54125","55075","55234","71782","100986","79850","70741","65692","84538","80787","131539","74589","60734","96447","32136","89208","94776","24447","45774","36282","27669","21126","71267","73816","34251","85462","30693","54058","53132","48266","351","15763","74587","162531","32340","137141"
"1.81_806.55","155166","121395","312151","215019","194874","170651","128885","159940","147942","69543","88577","212508","162201","228339","109232","181058","176830","165404","93275","157027","154076","221651","174806","138272","69620","123117","194824","103487","227558","214085","159654","179965","159232","159871","70613","155944","85647","177762","145492","200411","161577","165649","160480","157","176302","187074","298464","156167","302204"
"2.07_704.64","61309","75008","52264","62596","75936","53311","63566","68214","43481","73385","53782","64655","46436","94083","79520","58462","87640","72329","70152","59057","66806","84564","63324","69394","63564","40155","94313","20271","45668","81624","45179","63105","80808","44681","28439","85242","74887","42428","83480","59922","55241","82640","71803","289","75422","70405","169595","100699","93969"
"2.90_780.69","252087","276626","236298","338308","358105","230095","260815","258063","304832","368650","341374","442583","257156","254676","383641","295212","369471","433246","504922","362998","334967","385053","405877","395489","454221","306869","388534","170907","326929","302897","357331","401557","287374","292208","127714","350386","339381","263904","309536","470477","410601","399579","382752","707","256373","453504","483464","318367","565681"
"1.53_818.59","44674","67673","84473","139676","130344","75820","24018","55632","16925","28028","14468","102735","37490","152912","52067","54603","34661","55491","29475","35675","32043","47437","80774","72425","17903","32354","106895","15474","52372","66963","63541","126143","76036","39504","22873","55078","21271","14712","38863","126503","50703","50622","88939","229","63563","98762","240931","75214","177895"
"2.93_782.70","176198","229585","178425","237386","287751","213905","211780","213047","212131","281387","232845","326416","236833","239804","329663","243094","264228","293607","389766","258248","279856","332824","284701","323345","366608","190829","291168","116531","218923","248914","237268","292280","239941","199580","156169","298342","275730","172644","242861","302077","296461","288821","284909","517","230573","304278","441809","309997","540635"
"3.19_750.68","349128","448163","400581","522922","613480","405175","333771","414819","362551","442796","365245","710321","499424","501241","653002","463540","414838","496977","604744","458353","456751","594930","457792","551609","591159","366018","522124","276306","454438","450824","485391","574357","452899","463622","288590","567235","407413","392012","386928","609623","543860","449415","621648","877","385402","582624","743616","472663","912764"
"2.79_815.69","218906","270722","178391","238416","259610","132277","188562","273317","154699","238398","228063","242560","169519","238882","257972","244386","259117","301662","288025","213660","248035","284806","254504","287693","349340","226370","342039","47851","162260","276144","170348","235545","245004","122110","60262","291116","352003","87843","310689","243507","163996","243859","266396","807","228277","321249","794942","276113","282001"
"2.08_707.54","39295","34910","46916","46295","36965","59485","34075","80339","32832","51688","41735","57219","26436","84041","48443","38945","42128","39224","22383","53819","72764","88820","41567","67133","34731","33196","64326","21856","51958","56046","48927","58927","51722","28537","16095","43667","44935","27155","64506","40119","27324","30071","60192","144","29991","47808","140698","57358","125727"
"1.97_701.56","17123","20851","11346","16529","18906","12611","32463","39304","21227","27944","19430","35511","11663","16758","37806","54773","37588","39874","32992","37926","43453","55553","26919","50676","16456","34179","60724","5366","40824","58136","15620","17039","21946","21656","6644","71048","21864","16136","38999","39981","54919","37098","23002","114","25542","43868","178708","36181","80145"
"2.48_746.61","96895","118634","73765","94276","112638","62140","80071","100977","59372","56505","44351","95498","63841","104262","121304","104657","76125","114438","78835","79523","81498","176611","97451","102300","104557","85438","145405","23085","71526","106787","68719","98577","98758","64612","40335","128276","87903","31477","101969","99964","85998","75352","99921","457","88659","120702","385937","85221","193026"
"3.19_277.22","36879","53020","47786","72887","98677","44531","34101","49791","38423","56196","40081","118022","64224","61515","105011","62118","51388","66614","84457","56654","53942","87122","66275","79918","79113","46084","78623","27684","63296","59514","58475","83500","56757","56988","25581","81109","45740","39071","44141","101810","80671","54303","93806","149","36732","89128","146508","56889","182156"
"1.84_184.07","17737","18067","18974","19180","19712","16425","15078","20141","13673","14221","9950","21219","16332","26448","19437","17649","16929","18116","13012","17058","17416","28777","17100","24092","11136","12828","24065","7870","20394","24154","13962","17736","19384","12880","5944","20247","17646","11995","16889","21087","16255","17248","19264","91","19656","22428","76729","27487","41752"
"1.76_800.58","34006","34974","38488","59231","65752","29042","27747","65426","29013","33050","23380","72101","32831","75928","68617","49825","39687","58425","38128","45441","47075","74426","65157","70407","31226","38122","85836","17791","85995","71488","52963","50519","63913","35074","18258","77535","32940","19113","54336","74914","69719","40751","65130","289","40973","69748","292823","60445","189944"
"2.79_1626.36","8248","11470","5934","9537","10641","3287","5596","11674","5230","8913","8786","9418","4916","9464","10152","9901","10963","13568","12367","7063","9803","11800","9940","12792","17824","8131","18055","767","5040","12112","5638","9799","9122","3255","1084","12448","17314","2151","13496","10516","5311","10006","10763","132","8663","15618","75456","12868","11753"
"2.14_1540.13","22432","31964","18918","18077","20694","12909","11376","17358","10781","8353","9480","22697","23613","20460","14293","16459","12667","12221","9131","12192","13484","26541","19520","12836","14458","11339","29686","4843","6284","19054","19396","24294","21344","13916","2647","17623","10897","7821","12738","13079","6679","11886","22974","0","10589","15397","50729","21883","36285"
"1.40_807.56","1331","1094","1567","1871","2143","917","6185","60639","18067","2954","6142","47038","2643","2424","71441","19944","5768","51086","4813","35766","8573","48364","45793","39391","1374","19740","103498","851","150027","63157","2077","3213","52970","6622","664","62874","9551","1936","39942","98474","97937","18510","86124","214","951","40386","146900","18669","124601"
"1.56_774.56","58159","79519","88782","88802","179734","75843","41736","73377","36987","56039","34286","115767","99501","171862","78792","71365","58389","89663","56645","61751","63425","143399","87215","98214","67464","52180","169964","64004","79257","105877","93995","180510","126544","67510","37889","107834","57494","43038","86062","117958","74882","56257","114664","672","43731","102867","259782","65678","209408"
"1.44_816.57","19257","28391","25417","45989","35462","21850","13904","21060","12720","15793","8935","38828","11403","39133","37808","31158","20444","34687","22369","23840","20988","28160","47641","39304","13768","28081","50902","7983","39049","43461","26035","35113","27575","14712","12690","47513","14682","7972","34411","46625","40478","22668","32229","154","24548","66476","179124","30907","101586"
"2.39_788.61","183343","210252","129249","228295","225796","134328","131742","212601","117888","112638","107133","214312","215350","238401","175482","143862","153723","146680","127220","114770","181356","248183","188138","188717","145187","116107","240795","64083","104601","177038","203550","182662","214146","147829","52512","213378","140808","53532","209468","177983","154860","140192","185598","724","219860","196366","582462","263842","408218"
"1.72_774.57","37379","39466","36706","51270","54744","23959","33400","56136","41665","39987","26871","72590","25097","63742","67324","77954","57823","78859","42053","67730","58830","78918","79698","92825","36521","54092","119094","16393","112161","94869","50130","68128","46859","38578","19158","92646","41123","28982","68650","82081","75642","50799","62435","208","28612","104382","283632","53715","157605"
"3.04_184.07","26276","23788","15800","27600","25678","16120","25358","32810","21582","32498","22498","16068","13191","35138","32040","24728","28877","23340","26686","27972","32019","27519","28621","37796","29128","23268","42744","6271","22368","29209","18584","26617","25431","12772","5795","28730","35567","10627","33519","27622","20225","31281","30468","146","25487","28842","119580","37686","38504"
"0.97_355.32","77433","89638","105154","98584","50389","84734","55705","58282","53128","76711","70373","80717","84690","171852","86487","94721","73658","101692","70581","116665","110909","106973","92654","135099","49418","68518","133987","71834","77390","128871","126606","137637","119700","86168","115771","126410","96196","52654","146194","69988","52711","65564","83499","467","86954","82265","280240","76243","167624"
"2.07_184.07","145791","149299","144401","154668","161237","133703","149805","159387","115768","155923","125135","143179","112716","186417","176971","148486","169619","152448","149223","133203","148252","177612","150413","161615","148993","116104","185066","37649","123852","173610","130688","156605","166501","114582","54498","169837","150057","73242","165850","142482","127203","148887","146709","721","159358","147135","413491","186130","215563"
"0.23_455.19","994","800","835","2111","944","1161","92","826","373","1319","504","1258","802","881","714","1089","930","768","175","398","723","1042","394","740","847","149","461","601","919","556","978","617","880","121","112","563","1209","828","982","918","383","933","823","101","802","1013","1923","910","3591"
"1.53_840.57","13683","11956","30997","46643","55765","26478","12188","24440","9137","12399","8352","43260","19451","58825","21234","20694","15468","22629","13709","16332","15837","23941","30216","30719","12315","13433","43071","10295","17591","28478","16841","52191","30303","18729","9686","18004","11142","7238","14107","47819","16245","22631","36112","118","18136","36270","64802","30804","55584"
"1.52_858.58","7010","6534","8615","10753","12654","6310","5824","19703","8405","5845","4920","23739","8207","18161","15341","13217","11053","11393","6526","10223","10624","17483","11891","15804","5646","8042","22677","6463","16921","13647","10100","14341","14307","9412","3641","12258","6386","4470","9557","25002","14913","10512","19771","92","5151","14390","61068","14635","45284"
"1.42_812.54","23587","29248","37029","45343","42919","22145","16985","32080","18089","23871","11974","49672","11342","49689","40109","44130","28487","47217","26361","33125","30004","38364","59588","56769","15003","27001","82883","6491","64027","60097","36967","52308","29956","15849","10169","51796","18176","12748","36919","58834","43897","30087","50198","67","20461","64094","134807","34185","102074"
"1.97_810.58","87972","78256","214078","129779","106250","139344","77777","85168","108814","51646","72891","135364","85783","178089","99603","110053","119162","91718","66766","120153","123844","141750","100643","106514","95125","73109","117924","57142","116503","126636","93251","109670","74765","86205","70350","90313","73548","77109","138496","105481","87112","121570","122521","226","109488","128936","152592","86045","163016"
"1.39_367.34","19208","20071","19258","23855","36253","18882","23221","30946","21172","28940","18208","34703","10571","29013","40926","32164","30194","36535","28267","34649","33596","38705","32199","45614","28475","28769","46977","7480","39171","43317","23111","28380","25074","14018","12509","42818","31189","18649","33753","29839","32610","34780","34065","365","19459","36436","94286","37057","54731"
"1.53_813.54","2170","1974","4443","3746","4408","2432","2383","37546","4819","3581","4189","34814","3895","4309","8516","4610","3745","9080","3502","4468","2811","7121","7332","7983","3126","4028","15788","2464","18329","11623","1823","5383","24472","3087","1729","5971","3729","2477","5081","66294","13832","4164","13029","0","2077","6444","27604","3985","53101"
"1.52_856.57","6383","5694","5378","5879","6378","2983","4522","17784","6058","4251","3771","16298","4781","9246","13361","8901","6118","12303","4567","9393","6239","14107","11274","13071","3889","6265","20752","3159","14961","15436","8191","7995","14619","7001","2005","9703","4771","4227","6825","22083","10722","8282","16482","180","4165","12464","63500","12198","34416"
"3.00_780.69","63814","84104","64175","108947","111389","65309","71395","81604","97043","108466","104703","168736","83921","81335","144539","93239","127098","156863","202080","114949","109127","132852","136413","153200","165333","94050","133293","44139","117952","94999","114108","143420","97511","97261","32068","135335","105482","75619","94385","189972","161908","132597","147764","454","76106","174263","222076","98723","302090"
"2.89_1339.88","19436","20897","12895","26584","18284","18290","15833","23205","17903","27760","19489","14326","12446","27747","25562","21028","23863","19036","22519","23579","23671","18975","22997","25703","8328","15523","30897","5598","17822","25865","16826","25555","21590","10802","6158","22550","29062","10983","28797","20361","14659","24732","24408","0","20979","23749","72146","26091","26467"
"3.01_696.59","21429","27439","21753","41430","44111","21616","22741","29631","31331","39276","33788","61763","25668","30081","52031","31412","44031","57487","66722","40337","34445","46905","52917","59060","60382","31493","54886","13193","42515","33436","36311","54654","33706","29769","8652","46695","35136","22304","36084","73846","57272","47181","53108","89","24009","67353","112915","33691","135922"
"2.93_768.69","77958","100550","81667","108160","128328","100637","93943","90403","89919","123289","100637","153135","103969","98248","151469","106996","115559","127264","175353","107913","115011","140760","135193","135767","162603","90492","124700","57090","95996","100818","103360","125989","102863","94607","74778","129728","113416","77431","103615","132186","136370","120615","127009","423","99139","132352","174741","132260","236205"
"0.21_130.09","2900","3374","6703","3911","3141","3470","2476","3530","1962","3834","2006","1272","979","6945","1533","1513","2417","2740","3067","2727","1556","3806","2566","2354","404","2410","2297","1699","1263","1629","3045","2296","2088","1212","1784","2422","2337","1813","2442","2158","1496","3621","4029","284","7973","2029","5181","4400","2280"
"1.31_822.59","6257","7430","4465","6320","11637","3957","78278","77395","53412","124372","71100","21020","8824","9335","45787","63567","107947","145264","93106","93775","82247","76397","51290","177572","107983","83190","72832","32058","99896","117178","5772","18099","26714","27064","6246","66036","85814","41840","90808","23019","55125","75875","25913","487","5342","65237","91792","20226","87500"
"1.73_818.59","1436","993","1575","1581","1944","1220","1545","48332","11330","1586","4955","34622","2028","1700","14624","3466","1625","7758","1844","7696","2477","9735","5361","7921","1486","3374","17588","804","62209","12780","1788","1150","41043","1741","917","16979","4079","1218","11273","58043","41674","3522","16137","278","1086","4876","122185","4229","126122"
"1.31_852.54","11084","12584","13540","18508","18116","8135","10423","24387","9268","15748","11140","30416","8087","25100","19644","12443","17981","15087","9241","17084","11937","19539","28455","33152","5521","13310","31302","5007","20367","18818","13425","23062","17248","10913","3374","20562","14361","4545","21266","33300","22345","15010","31051","183","4672","31679","76905","11663","57306"
"2.33_735.57","351853","345300","368326","391374","409000","314173","348013","414191","238304","315329","318026","383103","219200","428111","381240","418662","373465","449597","291546","400545","359508","470766","441209","384728","431766","371731","536206","96102","327847","418896","293390","360425","342652","247133","156383","400322","370250","183291","420677","377742","258364","272441","397001","1014","395565","435625","813577","404484","480943"
"3.08_696.59","5520","6345","5063","9434","10967","5097","4917","11708","8203","5407","7675","22346","10886","8427","17545","10348","9083","16600","13816","13619","8747","18716","12310","15607","12877","8795","19047","4608","16267","10510","14250","14829","13730","13255","2424","15027","5788","7250","9263","28569","21429","11194","21933","70","5875","18800","42920","9675","57610"
"1.39_822.55","1323","1350","1522","1784","1975","1315","1617","28749","5216","1086","2170","20060","1381","2056","9789","2210","2464","5722","1346","4785","1586","5444","3834","5542","1249","2147","12455","958","81707","9839","1395","1638","20439","1619","1026","9235","2383","1731","5620","53268","27564","2883","15646","337","1486","4160","38407","3036","43701"
"1.52_814.56","15461","17594","26835","26332","31598","17174","15735","34427","14403","16450","10105","44388","16674","38092","30608","31191","21561","27651","18745","28490","21808","33830","40111","39462","14002","20050","46832","11194","35646","46050","17614","43861","32004","24462","7546","31266","14776","12507","17819","51432","25157","28846","42516","230","13537","44875","106939","31929","84078"
"2.80_1600.34","6849","9322","4706","9168","9468","4229","6917","9859","5246","9489","6324","8536","4198","10863","10415","8871","9136","9711","7860","7695","10401","9922","8498","10679","10557","6569","15824","461","5749","10050","4323","7689","8899","3403","894","11459","12156","2168","12478","8799","6008","10701","10452","0","8238","11867","55423","14024","14642"
"2.89_1361.87","13519","16433","8881","18726","12414","13483","11599","15999","14340","20008","14794","8931","9668","20458","18319","16581","17582","13688","15651","17267","18362","14196","16927","17497","6320","11604","21851","4504","12478","20295","12426","17693","16183","8130","4686","16402","22741","8386","22288","12757","10394","17288","17302","92","15979","16053","44879","19571","18289"
"3.04_816.76","33095","32188","19986","34417","29346","21816","32402","36667","29376","36004","27776","20641","17521","39839","36038","32342","37780","29369","33701","34888","38480","32732","32894","38868","34781","30202","43918","6362","28157","35356","24283","32290","31544","17918","7709","35928","39565","14103","36551","31654","26585","39021","35997","192","34393","34346","108709","42918","37846"
"2.93_663.57","12598","17220","14761","21950","24921","15400","13311","13051","12101","22987","14029","26608","12921","16055","26392","15983","19606","21685","34599","17182","17501","23330","23267","24429","28012","12991","22666","6230","14699","17335","16533","22156","14199","12967","9837","20628","18254","10085","16425","22255","22382","18617","20723","75","15195","24400","46764","20063","62372"
"2.93_725.62","28270","40247","27437","43476","48739","32822","29170","30649","32937","46006","33341","52089","32796","42627","56071","37863","42002","46475","59228","40718","46891","54220","46352","53778","57224","27880","50185","18218","30114","41886","37729","47309","37581","28691","23896","44803","44016","27242","40548","48788","44997","46944","46101","0","36552","50467","96796","52070","93567"
"1.10_706.47","16848","13676","56491","29377","27120","29735","9257","12088","12259","6422","6811","15179","14628","35618","10936","13641","13437","13803","8221","12866","11915","20203","16559","13010","4403","11036","17329","7935","20819","17826","17804","19065","13347","12331","11050","10802","6438","12659","9669","14573","13071","10505","12278","97","13921","16010","22713","10754","20617"
"1.97_802.60","32961","38736","27646","58650","50665","24099","37728","52208","34281","43758","27717","54961","21616","56003","61646","56686","58497","62331","48356","49942","66223","73491","65718","80331","34625","40407","84379","9274","65821","72892","42501","44649","37888","31296","12242","86819","39201","16895","66925","55956","60946","56398","49068","345","44144","73288","217512","78863","140032"
"2.16_1565.13","9728","3968","5478","3573","3770","3163","1692","2368","3215","1632","1564","2904","7787","3460","2484","2919","2352","2960","1788","2735","2649","3589","3697","3052","3071","2581","3619","1894","1300","5094","4256","5335","6946","2602","842","3836","2323","2350","3041","2607","1685","2589","6463","0","2745","4101","5998","8666","4831"
"2.34_1563.21","40117","46072","38039","41989","38035","32964","30117","45890","33720","29058","35330","50870","38415","46109","49499","43506","39140","44549","37176","42768","43852","46916","42701","45505","37301","33962","44420","18013","40935","47638","38592","47128","44297","34543","26628","43392","37612","23620","47463","41726","36319","33189","51052","0","34787","48004","51209","38227","59182"
"1.20_694.47","32268","26586","86776","71394","66504","67263","29184","43497","35906","20649","19673","55490","37873","107514","52088","42128","39682","53169","27458","50552","52293","78325","56603","56446","33839","36159","85346","24594","100616","74692","50472","47735","48823","45255","27856","59612","23393","30146","52179","60810","63289","37320","52601","727","56150","58468","141836","53623","114565"
"1.47_814.56","14791","19685","13624","17902","17558","10513","8887","17403","10537","9800","7625","25233","9154","19186","23121","23576","13156","21356","13242","17712","14999","24835","26091","24041","8824","17232","37071","5174","29683","32364","19012","23636","18348","12205","5469","34648","8382","9044","17885","30189","26614","15476","21455","284","11494","38846","133990","22155","68110"
"0.29_372.24","656","622","879","1099","744","793","1338","880","1301","1108","939","755","689","1501","524","766","1229","938","825","827","590","611","1518","2068","580","863","754","1366","977","550","712","1007","1475","403","832","832","795","774","829","605","508","584","942","814","954","359","553064","750","532"
"3.17_762.59","32676","30899","77760","44931","82102","53504","30723","56642","53091","27988","33424","100956","105524","25490","53707","46980","34551","56469","31028","55494","45988","126842","32521","46836","46094","25197","66066","40060","79176","57926","53547","56564","70500","85515","20975","80433","21548","48235","45969","89374","65904","62168","78385","161","50712","53930","136514","59969","205777"
"1.64_798.56","12256","17787","13956","21020","24522","13548","10059","17406","10464","11216","7131","25925","14190","25136","24059","17220","12892","19931","12137","15966","13857","30638","21731","22043","13782","15035","32866","8756","22273","25938","17949","21431","24528","11541","8173","28954","12040","7494","21896","29732","22002","13530","20254","223","13308","35397","130775","20603","73176"
"1.43_810.52","7302","7614","6573","9866","10547","2606","6629","12103","8176","7678","4260","16545","4203","11494","13230","20609","12632","19004","8116","13634","10383","14081","23383","19828","5514","12867","36055","2999","24667","24811","13712","19414","8723","8567","2747","22482","5430","6361","13464","24138","17401","11719","13513","210","5881","25010","56795","11637","33637"
"2.79_814.75","41171","47662","35066","42198","46398","31319","38643","33184","30115","41622","41308","42739","31536","42516","51030","49532","51716","55188","47452","39316","42092","48654","50784","42404","59985","41556","57832","9519","33001","48922","36580","44552","45116","28143","13147","50888","39133","9385","45340","43864","33856","45692","41455","287","42540","56753","138604","50619","47224"
"2.35_1570.18","15422","21085","9776","11868","10746","8010","6307","17148","7878","4891","6387","13771","15393","14544","14859","8130","6641","5386","4159","7933","9729","20488","9375","10550","8113","6180","16618","2655","3806","10351","11568","11262","16098","9180","3762","13216","7489","3469","8589","7131","4973","6919","16999","87","5852","10816","44839","21420","28556"
"1.32_850.52","7680","10916","7592","10290","9736","2938","8810","21471","8435","8887","6813","22168","5681","12689","15193","14829","9210","9721","6072","14274","8790","16018","20352","17109","3709","11428","23777","3497","16584","18737","7221","17558","11542","9471","1863","12162","8690","6383","8636","19349","11251","13013","16755","94","3084","17967","53107","12255","42709"
"3.19_707.61","46929","66666","56753","77064","87203","55912","45482","57521","49218","63151","48995","102761","71508","71748","94435","70062","57296","70656","88664","65661","63922","85440","68039","79953","87320","49791","74348","35058","63657","64110","70851","77389","66178","66244","38463","82402","56848","51558","52554","85101","78734","63015","91302","195","54566","82346","122141","67277","142285"
"1.42_830.55","12218","13969","11582","13292","14674","8474","6533","21295","9910","5990","5229","28068","7027","20008","25383","19698","9464","16309","6888","16721","11837","20268","18417","20640","5501","10708","36878","4809","33989","25361","18532","20114","19766","8507","3972","20242","6200","6588","11693","25020","22467","9956","27623","0","5345","25255","77268","14986","54865"
"2.85_782.70","147568","188800","167282","221161","259272","180284","83654","113379","86722","101819","87147","264730","149579","170908","201588","134820","109228","137112","183516","120876","111947","157838","183197","156220","135758","107252","172932","54869","106745","107420","185193","219191","141653","120417","119988","163013","104894","77889","118276","232842","154209","132394","203619","713","162293","199271","224171","187469","312283"
"1.60_854.54","17100","10804","68858","29837","48076","43446","30411","32829","37690","13954","22605","79840","42652","39767","29646","33543","35229","29074","17086","38619","30297","44678","49437","30356","58180","26316","88453","37819","101341","74276","29128","31109","44282","42016","13799","40349","33003","36901","75371","98207","43221","61349","64786","520","46684","40040","82231","37563","67356"
"3.19_685.55","27608","35531","30477","43370","50912","29942","25911","30419","27524","35262","28675","57207","39958","42366","55286","37867","31006","42799","50506","37567","37044","49238","35146","45991","48313","27699","41322","20997","38192","36167","38990","47351","37408","35437","22084","48453","31483","30697","30585","48448","42943","36787","50080","325","30666","47736","62771","40272","73013"
"1.98_575.50","14915","12534","10169","15445","15202","11981","56803","20859","7775","194744","19592","14815","10474","13886","20821","10401","25210","16512","43932","8621","15363","11525","18610","24805","13816","19756","17989","3605","10030","13257","13659","16022","8949","5853","3952","12226","18843","6064","12726","16024","8184","24205","10746","447","21722","13801","21344","27421","14423"
"3.31_752.69","42239","63979","48353","57222","60510","46582","44443","44984","50578","57373","55761","92285","45124","54060","105561","63150","76047","67662","123711","72619","71685","77559","67786","93485","88085","50603","57240","26782","52374","50933","50998","67106","47098","49763","45555","67977","69256","37625","66510","74035","83532","70279","82207","206","42515","99268","115062","48538","171868"
"2.07_703.63","135937","144593","127855","131459","142745","124646","137908","138227","94969","139559","121362","131124","95977","162707","142872","137677","146363","138888","141301","132269","137258","120054","138819","148337","143623","99359","152040","38773","108141","147578","113643","142886","149025","94740","53761","152196","144824","67143","150833","118116","108644","135295","138866","480","151265","139313","58131","81444","97720"
"1.47_856.57","3841","5225","4141","5898","4611","2825","3174","13708","5467","2545","3254","12424","4349","6695","11151","8644","5397","5824","2996","5811","5800","10592","7272","7599","2744","6112","16228","2319","13683","10924","7588","6850","7053","3033","2268","9801","3958","3813","5004","10096","10621","4294","6744","115","3788","10616","63914","10464","31784"
"2.11_782.62","41938","53479","43122","30815","35496","34301","31016","38635","24095","23815","26285","37927","44562","35671","39760","32549","21957","14112","16324","28058","27386","33015","33813","26098","28249","21064","41102","16363","5017","39913","36370","38540","43710","36562","14421","33364","25584","26101","19090","19404","9289","20880","49243","170","15777","28095","60661","40860","27134"
"1.31_848.56","2915","3969","5248","5219","5400","3517","5791","54975","14511","4549","7497","56604","3302","7860","23259","10470","6682","13862","4322","14533","6491","18118","11439","17291","4332","8177","29240","3658","62706","19578","4415","7932","42565","6770","2970","16577","6950","4054","13194","93820","39681","8041","30369","110","2346","12916","73613","7789","88101"
"3.19_736.66","23402","30270","25915","34072","42176","26102","21045","27168","23402","29632","24547","48540","33784","34923","43296","30075","27512","35309","41196","30297","32233","38667","30263","38336","40687","24246","34980","17945","30769","30949","33431","38383","30641","30049","17394","38551","27329","24412","25719","41214","36942","29485","41347","163","25889","39518","55093","33746","63337"
"1.99_719.57","37245","35516","30848","36236","37582","27519","29483","37752","28279","38935","30447","33889","30816","53566","43838","46322","41887","40954","39760","27714","33187","45177","34675","45041","37611","32773","52877","12014","29229","46015","30939","28030","33991","22564","13233","44681","44547","17540","33899","32009","32488","34480","36791","175","45148","36898","111324","52235","48938"
"1.44_828.54","6412","6493","4545","4642","5187","3057","4859","20769","7856","3467","4316","18794","3226","6304","22315","13728","5374","14778","3949","14641","6465","20975","15295","15494","2570","9849","36761","2163","46548","23868","8719","9117","16935","6631","1552","20671","5129","5412","11548","27408","20947","8209","22712","259","4003","18069","70708","10322","54048"
"2.27_861.67","64884","59363","137659","90180","80286","100849","66032","56418","60098","55271","75858","65049","55086","105693","66371","68653","84608","78378","85511","74526","75657","78743","72103","64621","94154","62806","78471","38853","56589","83482","55424","63656","51990","52348","43035","58525","90576","47082","82295","53934","44054","69656","62317","500","79384","77308","105141","58845","57277"
"3.00_766.67","55453","65819","55226","91728","93812","58244","62412","69987","81753","93486","91947","145642","69898","67026","119446","81277","106108","126519","168215","96809","87765","102710","116654","123340","135418","80065","100033","40476","90280","81513","95061","118868","86573","90343","30766","107911","86341","65000","82456","157709","139477","106435","129427","498","63681","141164","156994","83424","238743"
"2.16_759.63","140978","158052","146956","161265","159374","122678","121301","145876","107729","129391","96462","166954","146682","156048","129354","151096","144114","143650","118562","115715","130806","151112","170740","152869","138235","128452","165231","58820","108676","151275","147437","163451","153795","127786","46622","149431","118903","80732","151234","152245","114995","128903","163890","262","115687","147692","134110","143740","124520"
"2.91_680.57","18089","14256","12650","20133","19403","9005","14573","19426","8656","28457","24822","16526","9436","11789","17415","14149","19198","16671","29352","13458","14326","13852","17836","16071","20130","17327","27435","5748","10751","21387","14796","16269","11493","10957","2654","15093","21070","7343","17171","14624","7599","17692","16034","483","22832","15267","60311","23885","18660"
"1.98_367.34","9733","9982","10771","11672","15392","10323","11684","13116","9641","19319","12596","19703","6335","10310","23631","14542","17383","20540","25897","16737","15729","18621","17482","20103","19844","13856","16460","4226","17791","16218","10198","11533","11533","9204","6645","16494","17393","9066","14267","17191","22678","15185","21575","188","9137","18977","30936","12138","40579"
"2.65_1359.85","6930","9442","6242","10626","7055","6806","6002","9927","6351","10840","8028","8764","5690","9971","9433","10664","10889","9647","10710","6972","8919","8980","9522","9381","4199","7547","12058","3272","5836","11469","5762","10301","8802","4754","3123","10254","13490","3373","11260","7769","5029","8894","10370","64","8537","10456","35705","11188","9538"
"3.31_766.71","50791","79313","60673","69710","75668","57568","54746","55688","60409","70379","69369","117496","54622","64669","140659","74319","93991","86450","158587","91181","95219","102222","84160","128572","113350","62468","73177","33149","61795","63040","66213","83915","58594","61122","56667","81243","88044","47326","84517","90050","101751","88709","102126","578","48625","132182","155554","60583","232054"
"3.04_818.71","29767","28563","17995","32184","25137","20936","31111","35377","27359","33610","23946","18856","16286","40855","33582","29903","38479","25245","30618","32351","39272","29835","33050","39380","35671","26709","48734","6748","25419","32788","22262","28683","30932","15626","8136","34176","40815","13610","40818","29624","23485","42538","35488","232","32454","32673","110842","47716","42386"
"1.14_830.55","3687","3929","5485","6340","5922","3653","5656","8194","5791","11405","5389","8399","3221","8774","8650","8241","8084","8772","8224","7346","6226","9568","12128","14694","5123","7896","16400","3633","12512","10434","8477","6743","6412","4348","2425","10244","10732","4083","10337","12864","9443","5888","6241","56","2964","9830","47308","5269","28254"
"1.53_816.58","14141","13744","23038","24177","30332","17537","15425","30390","21815","21370","13680","42614","16525","43988","25326","27907","26634","31196","20796","25635","22044","27726","35242","45056","15263","17917","46338","10962","30062","34953","19916","43468","28850","17955","8426","25785","18113","11576","23009","55828","21799","25181","40250","347","11345","42697","96256","22543","71866"
"3.04_1630.39","5640","5041","1897","5940","4051","2581","5639","6936","4478","6718","4101","2035","1601","9841","6241","5869","7921","4302","5431","6294","7673","5744","5243","9117","7702","3645","12728","153","2345","6279","1532","5051","5975","1620","375","6390","9071","871","7527","4355","2447","9473","6294","0","5935","6570","44266","11995","8004"
"2.11_783.63","26797","34481","23886","17231","19996","16162","10096","22051","14492","13411","12226","18375","23127","16667","20531","16725","9229","7704","8435","12597","13296","27658","18177","12378","15440","10603","27750","6613","1981","21662","18364","22235","25111","12550","4182","17197","10809","13215","10076","6017","4900","14034","28606","134","11353","16211","36721","26851","32526"
"2.28_577.52","3776","4215","3004","4133","2690","36121","9231","4105","3022","71188","14516","2794","1572","3083","6621","3940","59252","4107","8361","3897","4243","2401","4202","6124","6408","7718","3297","422","3299","3607","2395","5650","2224","1060","1143","3820","11258","1908","12694","2306","2696","9228","1896","186","8672","3793","11419","4396","6737"
"3.44_636.66","10368","6236","12617","10449","5766","9309","7492","10133","9252","12272","19403","8655","7919","15564","6514","16588","20031","8838","8898","13833","13175","15048","15685","12816","11084","10968","46548","2474","6327","6397","16627","10354","10807","6788","2977","9169","12205","3398","10312","13335","5651","9114","15784","82","7241","9069","17036","8302","11118"
"1.30_854.55","11502","12539","18188","22656","16020","13936","7777","15504","6640","11267","7146","27076","15330","29928","14009","12708","8708","9554","8531","11409","9474","14815","16586","18636","7033","9823","18670","4757","13494","13638","18356","23061","18630","9563","7248","12145","10785","4844","13005","23989","11799","8678","22617","74","5603","16580","53615","11488","41198"
"2.65_1337.87","9326","11866","9076","12836","9145","9317","7815","11806","7135","14641","11300","11609","6901","12384","12340","12551","12111","12655","14320","9460","11294","11731","12471","11721","5865","9880","15210","3688","7948","14110","7764","12034","10413","6571","3608","12697","16869","5631","13811","10640","6753","11297","12399","79","10622","13881","39817","11386","12938"
"1.31_700.45","36290","36758","124174","120043","104467","97892","30407","41896","33149","21589","18566","69662","54306","173655","59220","40429","36223","66782","28114","56058","43071","74784","71119","58432","41034","34116","73621","48163","80613","64442","48737","73654","66474","63165","31405","45265","23033","24732","41323","94975","51282","36523","75398","532","47358","67681","58085","64671","86548"
"3.19_722.64","26193","34873","31491","43928","51140","31075","25625","32499","26980","34626","27606","58641","40742","39357","53205","39865","32639","40809","50062","37257","37792","51100","36914","47684","49326","27717","44277","19792","35036","36186","38863","46969","35321","35141","21469","49569","30394","29289","27798","51158","45884","34148","49588","178","28771","46480","72029","36957","78212"
"2.89_723.60","28510","31621","25557","41407","41081","25610","28725","29243","33107","42342","34158","51218","25744","30760","45052","33422","43315","45909","59441","40421","38807","43612","45240","45663","48310","31123","46014","17200","34938","35180","39092","45126","32131","31009","12981","41346","41289","27847","35522","50409","43361","44572","42828","186","30453","49733","75341","34618","68537"
"2.58_813.68","47501","63344","38092","50954","50542","33091","37713","61033","26201","54534","38900","52344","38646","46712","60126","44333","48955","51840","52200","35634","48259","62326","57039","54801","63532","39491","70955","13000","28066","56917","39040","47631","48559","30982","13364","63964","50961","17083","56268","44912","34515","36359","53127","457","48906","54961","169719","58709","70259"
"2.15_759.52","35296","39955","38255","46750","36646","29764","30518","39138","21225","33831","29354","49669","38738","42982","33253","39996","40439","37388","27308","34574","33524","39556","48806","37799","28687","33635","45756","9654","32613","40907","38152","41410","43659","29401","0","32419","33341","18231","38331","38600","27065","34105","46304","284","27693","38829","58654","34748","58593"
"1.19_806.55","8707","9334","10220","12590","16099","6132","11765","19317","13586","12651","7055","26012","6682","23072","21691","28512","17821","34119","15994","24990","19649","30584","24794","39122","7255","20761","53528","7085","48811","45767","17760","22903","17417","13261","4965","35004","10031","11961","20001","26998","36156","16346","24196","174","6810","36385","87981","12986","64101"
"2.90_701.55","29923","35179","28921","44847","47357","28338","30044","31963","36107","45187","40533","58821","30054","30808","48285","36792","44752","55809","64397","44120","40226","49833","52474","50823","58011","39002","46062","19489","42621","37422","44716","51090","34474","36118","15759","43819","42752","34173","37917","57577","48003","49956","48926","0","33283","56305","60488","36388","72829"
"2.13_1564.13","9213","14771","5742","4650","5281","3757","3262","4979","2857","2970","2524","5689","8115","4105","5129","4049","4255","4091","1809","3423","3540","9573","5790","4346","3789","3865","8132","1535","2607","4678","4408","6191","8110","4179","1580","4392","2890","2512","4447","3979","2831","3298","8512","0","3427","4948","19587","9106","11826"
"1.83_677.55","11021","13963","10793","11916","13818","12878","13404","14201","10424","13763","9248","14799","11053","19216","14868","12801","13816","14933","9721","12918","14985","25853","12446","17588","11763","12161","14181","3956","11221","15003","9847","11371","14861","9972","4027","15348","14898","8447","13739","14440","12923","15271","16289","65","15989","16669","61448","26511","35275"
"2.15_1463.15","6935","6845","6135","7870","7768","4594","5213","5758","3878","5357","4549","7730","5029","10439","6321","7628","6243","7022","5901","5183","7599","8995","6706","8387","6871","5058","11736","1353","6855","8740","6348","7191","7306","3169","1149","7340","6685","2811","7260","7806","3889","6453","7138","0","7268","8031","30823","10645","10554"
"3.33_990.87","6703","4982","4876","7751","8541","3494","9637","55769","21309","13978","10523","81513","5765","8267","22661","10287","13100","17413","8358","14246","9309","13159","27781","18451","6614","18741","41992","3568","102772","15470","7245","12236","57745","7952","2413","20105","8441","6533","16582","152837","105365","11055","26110","425","2371","16468","68578","6515","62016"
"1.31_814.56","14628","20261","21648","29911","25563","23439","15159","16537","12159","22054","12465","21078","14172","29646","19837","19616","15182","21866","19069","20053","16221","24898","27455","27560","15574","19948","24759","10704","18135","22931","13487","27966","20310","14979","10268","24957","16262","8331","26735","25291","15897","15984","21753","289","25201","35652","76537","25589","52982"
"1.41_813.54","11072","13985","17591","20620","20613","10529","8854","15864","9192","10810","6449","23259","5622","23236","19091","20308","13597","23357","11293","16328","14866","18369","26571","25605","7574","13440","38317","3291","28344","27483","18489","23090","15243","8083","4717","24362","9311","5933","17261","29585","19863","14027","22127","247","11017","29326","63469","16334","49582"
"3.19_295.23","31146","47954","41039","59760","82907","39394","29844","45428","36087","49743","33391","111720","58757","53840","85702","50892","42772","62173","73503","43960","47516","74629","58983","68017","71163","38384","67801","23944","56268","48452","53727","74779","50418","47619","25413","72176","40655","36633","39597","83588","72072","48734","79251","338","32226","78572","124074","51785","154126"
"1.42_790.62","15274","19315","23672","28077","28542","15315","9747","19082","9933","13988","7679","30495","6292","30142","24504","30155","16750","28186","17754","21757","19060","21562","36663","34203","9558","18489","45736","3417","36731","35120","23675","31495","19338","9722","5438","33048","10725","7891","20737","36573","25414","20533","27706","205","13949","38637","61340","21686","47430"
"0.19_137.05","17114","10783","11311","34117","23094","47457","36622","6716","15507","52927","48794","12305","281","39002","21155","18339","41621","30298","31612","15103","27249","10906","37161","16988","7807","23480","13635","311","2000","9994","12191","13236","2393","1956","9594","11174","48306","5334","27382","8995","2805","39394","7014","71","71432","20093","12983","34297","7308"
"2.90_293.21","24750","29612","23558","39875","43549","22303","24272","27189","30305","40941","31711","59019","24608","29482","45199","30286","42573","54587","62276","36464","33713","42206","50504","48782","53890","33881","53254","14587","36669","32215","37616","48284","29281","30323","11217","39917","36357","24547","34674","64408","48872","43067","48318","412","27385","59826","94107","31662","103636"
"3.41_682.61","7206","10460","7165","10474","14726","6365","7626","10062","8160","12227","7093","19031","7746","8429","14555","8053","10077","13746","13748","9150","8912","17264","11346","12786","12499","10068","16942","4916","15659","10780","10096","12269","8458","8494","4030","15200","10942","6284","9281","20068","18164","10546","10613","426","5552","14694","37402","13485","39190"
"1.31_678.47","152807","157532","431433","444341","366213","404762","119357","153797","129424","67592","63609","242202","192175","647713","252029","148506","129478","254319","107949","206706","167903","293218","245869","212481","148217","122875","306751","166047","412448","268837","230505","233562","250052","233467","120757","194226","77326","100174","166724","324136","252542","137305","257170","2406","211814","278280","355305","242776","343843"
"2.33_1491.19","8575","10800","8364","9853","9902","5913","8277","12338","7640","7798","7450","14697","8319","14380","11747","11007","10610","10216","7316","10484","10267","12458","10732","12756","8872","5913","18783","1224","8434","12921","8677","10639","10367","7623","2335","12524","6907","3561","11464","10165","7034","5771","14235","0","6240","11383","34541","12402","20926"
"2.10_1485.14","8078","10682","6421","5292","5906","4965","4955","6263","3269","3380","4198","6322","6446","6954","6753","4632","4098","3522","3598","3647","4376","9523","5037","5196","4630","2747","9342","602","1419","7664","4680","6461","8585","4349","1790","5787","4977","1879","3834","3377","2376","3898","7751","81","4016","4776","32464","12314","12467"
"1.63_799.57","5661","8782","7569","10568","9137","6889","5178","8866","5652","5152","4186","10839","6740","11426","10366","7940","6536","7415","6254","7048","6624","12370","9820","9418","5438","7908","14454","4644","10704","10833","8521","9568","10095","6424","5172","10089","5889","4227","8867","13278","8674","6208","10491","167","5051","11694","59279","8586","37204"
"3.40_766.71","39294","57186","41286","57977","62480","39924","46274","52665","45504","64107","48526","86624","40880","49070","79406","50924","70086","69650","97208","60930","56673","87840","61031","76406","77958","52777","70474","28298","63838","54733","51593","61766","45470","49423","29861","75767","53997","38027","53519","79898","88469","60868","70848","225","40736","76277","149846","76258","162152"
"3.01_723.60","11128","14698","10733","20158","19643","10385","11477","15448","15205","18585","15302","26916","13248","14721","24003","15966","21260","25317","31260","18528","18007","21535","21614","25043","26800","15319","23966","7401","18584","17181","18646","22253","16202","14758","6072","22711","17258","12530","15742","30980","25698","21208","24195","112","13362","28686","44526","15707","54063"
"1.59_814.56","6855","9528","6975","6496","7033","6181","5608","20369","5942","4503","4421","18405","4239","7790","11270","8064","4719","6531","4968","7585","6358","8018","9699","8343","4852","5001","14098","2139","13931","11041","7468","8091","14713","4337","2703","9490","4270","3326","6514","15797","10044","5903","9642","0","3611","8789","55871","8234","39114"
"3.20_988.85","44696","40932","29730","57361","59906","18999","52407","50379","59859","60762","59389","72781","29885","29686","55302","51594","84683","79340","64675","49826","43041","31088","152612","67967","43209","121044","79185","21207","86111","46759","50768","79533","43316","45272","20838","44185","51830","43226","72797","111137","97192","62526","58353","549","11667","79756","50262","28592","59599"
"1.53_796.55","11560","12655","28677","29354","70058","25830","21019","26065","12864","30578","10440","35258","36943","57551","22023","29930","26203","34527","24251","21408","18797","39560","32039","41113","28055","19912","52963","33351","16817","37008","12640","74149","37646","26775","10427","20765","22874","14658","20269","45086","14779","25610","33112","193","12861","37875","51017","29369","52665"
"2.39_786.66","41257","58323","47077","72611","68847","49735","46826","63544","48617","44611","46717","65817","52973","75341","41325","51644","45129","52036","48583","48134","33306","74868","42229","63735","51982","45249","73543","30178","44014","36290","48889","46954","63241","51284","20081","61593","51851","25630","61446","41843","51814","51264","52668","298","59888","46843","56418","91299","127338"
"1.31_844.57","2912","4234","3862","3194","6842","2596","23628","23964","16686","36969","23828","7595","4564","6621","13257","18971","29117","41154","27405","30451","26214","23760","16753","53554","32067","25245","23922","10892","28560","34787","3943","7856","10661","9086","2894","18349","27150","13207","28223","9953","16074","23864","9423","284","2162","20720","24977","8704","26972"
"1.97_803.60","17909","19141","13239","27307","23560","12437","18687","24624","18467","21939","14775","26882","9770","26943","28718","26138","28881","30976","23869","24977","31564","35857","33216","39616","17927","22677","42769","5462","30983","36958","20025","22481","18472","15599","6065","42827","20516","8492","33807","27299","30391","27335","24037","307","21072","37611","101014","37902","64862"
"2.15_575.50","3664","3397","3557","3495","3755","6945","8960","3954","3241","77516","5661","3604","3402","3446","4465","3665","8891","3709","6590","2540","3896","3776","5122","3464","6031","4564","5359","1963","2982","5131","3411","4157","3251","2579","1563","3759","6329","2089","4968","3340","2771","4863","2745","365","4825","3982","7460","3434","4399"
"2.39_787.66","39858","42157","30306","44635","44035","29303","30293","41724","28518","28322","26363","42000","41241","44646","38440","34060","34671","32180","30547","27332","39892","42826","38910","38576","34742","29547","42198","15523","25524","39464","40412","36569","42942","34128","13512","41313","31393","12459","41545","38464","32948","31900","39489","355","42440","37416","116495","45284","82632"
"1.54_756.55","17954","25313","35431","33108","66671","29265","18306","34307","13902","32194","13078","48624","38874","59853","30907","29103","26118","32879","27202","20788","19924","50221","37595","38894","22711","21541","65274","25834","32082","38856","27634","64121","55707","27846","14347","32324","23328","16424","28759","62212","31901","23280","45039","268","12942","37942","87054","26226","88556"
"1.19_828.54","3486","3243","4074","3885","4121","1738","2655","6614","3887","4038","2539","8681","3278","5958","6970","7185","4066","4884","3113","6219","4392","7236","5694","7100","2433","5408","11964","2099","10056","10519","6258","5675","6472","3939","1461","7294","3140","3544","3993","7627","6856","4263","5476","119","2474","7577","32437","5430","17180"
"2.58_184.07","33084","46941","25634","42977","35787","25866","33243","43551","26527","30824","25028","42007","28883","45792","51478","32551","36881","37592","31397","35131","42419","55768","39525","48411","38808","25573","51936","8382","28030","44515","28843","36592","40506","22830","9981","54402","36578","12716","45981","36868","29787","32968","43377","460","37293","43746","153488","52915","91832"
"1.58_796.55","9522","11943","12073","12772","62640","11915","8578","12499","6891","7065","5531","14804","13203","20964","11087","9179","7292","9320","26863","8973","8375","17923","12086","12928","9534","8644","20270","6282","9207","13541","13258","66542","17681","10565","5252","12362","20331","6210","9875","40184","6884","7493","13757","176","5578","13346","34642","11207","30432"
"0.19_187.01","16549","6376","5165","23561","4759","46331","3258","13002","739","3782","1908","3421","8049","32247","27363","16189","4330","2163","6665","10543","7806","6954","8427","11947","414","4348","13101","1675","1313","1290","39060","16739","16036","4298","12812","10150","4307","5054","8613","2174","5737","13732","7029","420","12710","19062","50269","24160","3820"
"1.81_609.45","1578","1208","2004","1771","4451","1320","1892","2263","2638","2409","1820","7012","2505","1730","4534","3027","2501","5270","3598","4329","2902","6117","3316","4339","4584","3119","5453","1491","6139","2626","3078","3909","1613","2750","1210","5204","2618","2312","3112","7508","8690","3528","3712","51","1379","5675","11126","2850","17345"
"2.22_861.67","45892","42975","97496","53151","58171","66603","50303","47765","49855","47835","64165","53009","47195","56067","50066","54255","67801","62931","63541","55720","57012","62286","57313","50522","82795","47350","63965","29836","46445","64273","35322","48139","41989","39240","31514","48430","67910","41058","64781","47321","34141","58375","54148","305","54529","61917","78488","48355","48987"
"1.35_836.60","10742","13981","14964","20815","28565","12117","28678","34213","24677","49178","24748","22215","9619","37252","35568","23802","36013","50784","38433","35912","40523","53753","38108","71910","35947","27493","43974","17495","43797","48021","14069","20966","24045","15904","10151","37592","44984","14582","45181","18871","32056","33552","27882","147","14374","44471","106154","26387","98239"
"1.59_840.57","6114","6589","6876","10393","9688","7042","4889","9907","5458","5730","4613","11886","3981","10494","10630","8159","6559","8807","6334","7329","7548","9663","12716","11569","5205","5905","14151","3047","11822","10300","7991","8691","8939","5100","4030","11634","5682","3489","9955","11769","11224","8307","9203","72","9394","11198","48253","10597","34158"
"1.53_788.55","5504","11070","16829","24641","34210","8679","12312","33324","174519","18890","6955","37842","18006","44234","26952","52812","33553","55406","17261","28712","24871","38989","43339","49187","9450","25183","95775","12899","65726","69240","17722","58273","37464","17570","4899","27279","9561","9365","24706","90951","34798","24848","44350","573","6482","57332","120039","30489","84747"
"2.07_705.72","10125","11605","9894","10809","12200","8844","10973","12155","8157","11206","8820","10398","6951","14869","12896","10970","12874","11406","10903","9790","10744","12976","11313","11998","11439","7873","13581","2011","8402","12510","8558","11602","12312","7025","2574","13134","12652","5036","12865","10128","8738","11950","11575","87","11357","11018","26916","15061","14995"
"3.35_991.87","3945","2561","4390","5025","5183","3135","7197","37307","14071","9756","6856","58104","3921","5855","14796","6733","8909","10969","5740","8627","5928","8206","17064","10557","4421","12462","27288","2026","70415","8271","6033","7754","38768","4510","2649","12933","5376","4800","10355","94728","69252","7714","17007","387","1202","10380","44412","4781","40891"
"1.34_858.58","4099","5556","5962","9355","9484","4242","8058","12010","5214","13929","7907","10234","4630","13097","10797","6143","10177","10927","9521","7983","9874","12514","12638","18897","6672","7108","13593","3111","11190","9905","7350","7473","7158","3883","2700","10065","12937","2769","11865","11370","10292","8347","10781","166","2715","12108","49461","7587","33517"
"1.96_827.66","17383","23225","13332","21973","22364","9570","15758","18257","11809","20993","12578","19980","7506","19270","26428","27672","32193","35831","29642","21991","26915","25153","30028","31959","29513","21754","39177","4388","19536","33782","16086","20036","12698","10203","6044","34851","27439","9494","27804","20019","18485","29833","20376","128","21283","41315","71463","31630","24175"
"1.97_809.63","20491","19604","42753","30654","25001","31263","19147","21101","24706","7765","16878","30896","20476","37357","26130","26572","28950","21973","16684","27621","29093","31885","26230","26555","22766","12996","29003","13356","24793","28917","22529","26485","18752","21899","17499","22177","17208","17911","33350","26111","21721","27336","29609","0","27051","31187","33166","19794","34602"
"2.90_766.67","128141","148973","129474","180083","190125","123850","134273","134728","159187","187365","174229","240211","132344","136297","199476","154395","191714","209988","257595","175018","165533","183686","219799","196605","227561","167163","192958","92383","170819","150533","184097","199318","147076","157488","77968","179399","167375","140409","155047","238837","216701","195053","200160","596","127931","221874","222726","157821","282586"
"1.30_826.52","5736","5804","5327","7827","9310","3408","7800","21018","9870","7209","4970","22829","5172","14102","18237","22334","10927","25588","8307","20440","11834","23368","22794","25162","4105","15883","32815","4714","38828","28922","8878","21053","19662","15584","2349","22727","6345","8625","14432","34699","24667","13137","25318","36","3977","29182","40099","13844","39962"
"1.53_834.59","1163","1336","3012","4844","4192","2575","4580","27211","10931","3373","5164","20669","2480","5074","25380","9171","5244","25186","3897","15688","6350","24640","17637","20941","2698","9763","45720","2726","42701","27848","2855","5434","33503","6567","1171","23149","6360","1448","18065","47107","31226","11995","32802","218","3506","21254","70495","15974","68869"
"1.64_794.53","8308","9102","9267","11489","15019","6112","6077","10380","6400","7560","5382","13695","7923","14017","10655","12015","9950","13859","8954","10929","9500","15001","16234","15886","8042","7579","22595","4674","15484","17684","11735","15119","11868","6299","4215","15025","7123","5661","13155","15435","11937","10438","12964","127","6916","17200","38066","9691","25770"
"1.30_822.55","1511","1197","3332","1549","1357","2727","1389","30651","5602","1839","1452","17060","1232","4727","6198","1566","1752","6835","993","1663","3075","4446","5374","8037","1461","4164","13459","2610","53514","12852","1845","3407","25349","3312","1589","9847","1279","904","4855","54637","21021","3367","12159","0","1756","4620","23091","3070","32145"
"2.93_703.56","38483","50019","44661","56992","66748","49619","37027","33445","36874","56312","38929","67600","40925","51897","64465","47192","50457","57314","78544","49804","51698","61374","58297","61968","77766","37632","53593","22628","41518","45246","49371","61167","39933","36759","33178","55881","52465","35190","46170","58195","53687","51805","51974","573","48563","63194","82596","58244","105117"
"1.56_775.57","24995","35185","40510","43524","80794","36073","21993","32966","14996","33472","14704","50786","49333","78606","34621","31619","28531","37904","25055","26588","27213","63803","39265","44275","29319","24694","74460","30601","28948","50157","41917","82638","58186","32545","17536","45534","25823","18652","35929","52055","31575","23972","44193","407","18325","45877","102962","29322","89005"
"3.04_125.00","6262","5599","3235","6882","5929","3692","5651","8104","5543","6707","5189","3905","3346","8987","6829","5278","7025","5807","6528","6245","7733","6203","6897","7567","7180","5741","9339","1385","5461","6926","4647","5884","6450","3081","1170","6355","8997","2417","7829","5730","5104","7805","7158","0","6271","6556","26211","9246","9400"
"2.07_705.64","16563","24569","20756","22880","24698","19336","20835","25081","16906","24290","18840","21463","15465","27575","26399","20471","27937","24801","24009","21196","21729","28037","23421","25161","24913","16542","27097","3774","17660","25949","19106","22950","25363","14662","4862","27928","25490","10716","26937","22174","16738","24690","22661","77","24523","24009","51690","32502","27868"
"2.85_847.65","14524","16016","12466","15511","14982","11360","13294","16687","11746","15266","14751","15779","12775","14804","16387","16641","15328","16303","18333","14776","14620","17466","14871","16037","20415","14406","19745","6471","12572","16285","12827","14294","15089","10605","7036","15895","19974","8168","17023","16434","12779","14981","14528","94","13246","19439","31187","15436","15808"
"1.30_844.53","3222","5218","5010","4045","5604","2830","5478","17243","6711","2264","2956","16629","4338","7617","11866","10214","2875","9888","1226","10761","7007","12965","10585","10063","1513","5746","17783","1156","27548","15514","4703","11527","15285","7730","1938","12215","1693","4053","6625","23954","14723","8327","15884","214","2218","12672","31877","7781","26502"
"1.85_808.57","22113","19113","57330","28537","25955","30373","19419","23802","24730","13397","16540","36432","21241","29139","23536","28163","27493","23657","16477","30007","21416","34926","27003","25330","10812","21161","30146","14973","29442","30306","22065","27390","21146","24385","19537","22416","17429","26077","23753","26696","22590","21427","27248","0","24724","27159","47158","21500","43695"
"0.66_1111.51","2208","5307","22470","18251","2600","23691","360","605","242","350","70","0","0","11950","0","54","91","157","252","336","131","207","185","207","54","0","0","0","340","326","2065","807","279","55","2349","83","152","275","98","70","333","0","0","0","3633","289","482","657","331"
"0.20_277.07","14922","8386","113952","72914","5057","59329","1048","1489","1389","2125","1094","1220","3400","109163","1518","2352","958","2179","778","1733","2974","1745","3400","1735","427","1600","4608","1049","1912","1542","7796","2786","2488","1041","1826","2479","848","1052","4943","2058","2675","1742","3531","600","12887","4076","6199","4906","3283"
"2.19_836.60","34865","30205","60099","58194","37349","59450","39353","36791","47685","16514","25749","44150","41730","80543","46547","36061","47164","29739","26129","46052","60011","59192","33303","39283","38350","26705","38478","27986","41016","50930","39246","35287","37741","44891","28482","42468","33757","26706","58731","36744","35165","52382","41453","199","65140","44236","64850","51265","71187"
"2.81_787.73","35655","38203","26549","40742","37931","29584","37181","40993","32950","42242","32523","41425","26745","45166","42137","40651","38892","38401","34480","38819","43537","40957","37730","39710","35129","31851","40545","7204","31952","39878","26498","36465","38430","25334","10723","44273","40240","19049","44615","36709","35161","42428","44863","319","40289","41498","93456","42798","28767"
"1.41_832.57","4656","4991","5442","6980","6126","3243","6742","16659","7503","4851","3688","17510","5343","10174","21541","12737","7574","17756","6600","12501","8047","17656","14707","16829","3656","10260","25408","2852","33512","19805","7199","8945","15211","5929","3100","20457","5118","3642","11836","25085","24583","8603","18949","142","4095","17457","67235","11459","49977"
"1.52_810.52","3748","3095","6503","8312","13101","3417","5741","12174","7280","7304","3794","16092","7046","15384","8665","16163","11703","19749","7200","11946","8752","14418","14551","16983","4636","10094","31163","6404","16558","21237","6094","22913","14235","11103","1659","9817","4164","6143","6918","32422","10035","12928","15270","207","3646","20826","25338","11491","23205"
"1.98_826.60","12001","13340","8598","11308","11349","7110","7577","13593","7770","6753","6658","13241","10732","12984","16220","8924","7569","6325","7500","7817","11030","16237","10792","10423","9689","7554","14659","4101","5841","11019","11135","10558","10774","7645","3793","10858","8244","5307","7621","8005","6805","8498","12441","545","6948","7625","38146","16799","23478"
"2.20_786.59","72546","92643","65447","80196","72785","56600","55548","73711","56776","65536","61077","93268","111854","99490","72672","66816","85398","56351","52081","56665","74554","104740","66112","80030","56858","54317","106125","32182","31138","69227","89107","81718","90681","60563","28814","80252","58832","31474","96467","77561","52287","48284","127787","302","68086","79309","186625","75595","155333"
"3.04_837.68","92785","93233","66559","93395","89094","71184","91399","100022","89403","96134","84215","60842","60169","110020","97012","90483","107517","81958","96078","94937","102356","87847","95647","107422","99279","84427","109908","28186","76972","93127","77437","88343","96659","61651","32059","91323","107471","52901","105896","87133","79378","110918","98480","636","97785","92833","182694","123992","99707"
"2.11_794.67","21208","18485","18442","35912","37071","20163","29913","17494","29375","44713","35345","41047","14708","16972","42669","33028","50576","59951","77480","39726","36337","32300","58968","46860","47464","43663","32078","18474","31518","25106","38800","44395","20696","39809","17142","32233","36896","30739","37014","49462","48595","49626","41218","435","22832","69864","25001","27330","38181"
"3.19_909.71","7171","6808","5234","11818","13636","3549","8081","8911","10686","10777","10424","17432","5702","5190","12359","8794","14049","15584","12023","9134","7080","5987","31729","14544","8889","21744","16306","3433","18983","8323","10011","17562","7974","7870","3845","9592","9736","6694","14664","25819","20980","13642","11029","91","2453","18577","13930","4460","15079"
"2.58_788.68","25428","36723","20073","37449","30832","21981","25240","39466","21695","20484","20272","37410","31088","44468","43859","28586","32394","29264","21117","31021","40230","42632","32145","43568","29347","21490","40788","7876","30319","36250","28260","33041","39213","19747","9376","44132","32510","8795","40189","35872","27916","32628","37027","454","30048","37775","125191","44515","82012"
"2.92_698.61","29600","46417","38385","59220","64051","44506","33141","34165","29819","57621","33681","76862","36072","49173","72105","42704","50371","58341","88613","45886","48586","62097","65128","65725","75718","36734","60586","15363","38883","41701","42510","61833","35827","33433","23970","55142","46726","25700","44924","64312","59377","48788","58690","270","41150","66895","142273","54852","169065"
"2.15_802.63","764","833","894","1042","1053","3831","3967","859","961","46915","2741","806","773","559","240","1227","5707","796","992","2462","1053","447","995","439","5425","1751","1296","751","2090","588","798","3952","943","822","1060","591","1321","1262","1334","1013","914","872","939","528","2081","1274","479","797","500"
"2.54_369.35","19126","27243","31052","32827","38285","28921","25179","26382","22011","33386","22327","46641","22859","31230","49480","28344","30385","39618","51154","33131","35218","53451","29483","46293","59554","24852","39015","15824","28021","31841","30412","33642","24591","22031","15982","38862","34486","23165","27126","35796","40244","29394","37602","377","21514","44418","98577","26283","109328"
"2.15_1538.11","14744","18285","16499","21508","20947","11289","11937","16915","10025","10374","8457","22624","17716","19321","12199","16985","17039","15815","10261","11658","13126","18235","23348","17315","15187","12511","25574","4209","9582","16952","17999","22096","19597","12145","2201","16524","10782","6196","16046","17232","9990","11418","20458","0","11164","16824","25809","14655","28688"
"3.04_815.76","48715","48763","33044","36065","45555","36036","38867","25438","46149","48049","42372","33263","31247","50046","43658","45378","24786","44859","30432","39251","39992","36044","31113","40991","41768","45518","59932","11767","43845","44740","37847","48177","36377","29919","13830","41474","48525","25021","46000","46678","42691","46617","42528","3345","39630","44390","61701","61369","47095"
"2.14_758.63","57726","56883","74633","59655","61777","104179","91842","55015","69227","113489","150716","70232","54292","64254","39409","51420","87279","67606","86437","69284","82404","59241","71900","65166","67636","75904","54436","132266","101132","80338","66491","54705","79507","83165","89801","58203","119312","167293","80144","53398","53492","86136","63408","578","129728","76994","57922","70111","36802"
"0.21_162.16","1095","3039","2029","3174","6624","62","9889","3730","12851","9956","0","507","904","3303","462","0","1463","5526","36509","485","217","6523","7167","537","91","6110","911","6647","6688","959","1203","449","545","678","273","61","701","1099","403","1532","26330","82668","595","220","699","6226","39598","798","8392"
"1.99_739.49","2771","2237","1824","4364","2468","2907","18473","6067","1774","56471","4693","3965","896","1814","8092","2231","8620","4059","12459","1648","5929","1614","5368","7386","2627","5957","2685","641","2172","2734","1677","1181","1135","433","616","2084","5926","1042","1984","1909","1332","6679","1170","0","6727","2646","3344","8312","2608"
"1.31_833.57","10770","10933","18654","20083","19000","15687","6866","13546","6827","10554","7066","28341","11774","32572","16123","12870","10952","10808","8531","11628","10421","15000","16464","20058","4317","10773","24923","3674","20241","16021","22980","25591","17147","7231","6668","13366","8945","4599","12416","32208","16383","8909","27722","132","5786","19347","50878","11250","39449"
"1.12_831.55","2771","2243","2948","2923","3024","2728","2919","4360","2030","6594","2726","3344","1932","4787","3016","4650","3941","4795","3852","4618","4381","5604","5817","8459","3442","3517","9484","1402","7529","4510","4560","2860","3664","3032","1629","5423","4786","1955","5538","1280","3825","3839","2974","88","1796","4674","22812","3562","14304"
"2.67_1311.85","6399","6637","6184","8450","5952","6399","6112","7088","5940","9398","5157","7000","3663","9155","10023","8240","7659","7747","6425","7924","8012","5728","7643","7356","1945","6132","9324","2668","6179","10402","4830","7573","6315","4525","2378","8161","7727","3705","9016","6110","5432","7598","8525","69","10035","7687","21307","10103","9316"
"1.32_786.53","12565","14228","13983","22226","28439","6625","14127","23673","14749","22176","10846","34589","10411","34404","29475","32729","26828","42120","20978","33627","23046","33446","46673","47422","13822","25731","62624","8899","54022","51084","18503","45620","22979","20704","5598","36929","17596","14410","27514","48178","30973","24564","43001","386","9628","55939","86148","24981","56489"
"3.20_752.69","56453","71787","62849","81047","95397","63438","52937","65539","57718","68632","57292","102728","77561","76602","97399","75397","64773","75357","94291","72180","72582","88919","70501","81785","88224","57580","78280","44584","68401","72482","74670","83524","70811","71884","46599","86837","63702","60556","62880","91763","82436","69091","92176","211","60331","87167","109519","73986","138560"
"1.31_806.55","19676","23829","29203","35986","48698","19585","24698","35228","23559","32724","19202","46282","16118","46531","35327","47282","35808","61651","32400","46691","37749","49274","61559","68904","25864","33651","86249","15806","74926","70663","25669","61390","39251","25960","10948","53587","27173","22589","40554","76067","41970","38381","45547","355","15607","71109","96675","35890","72097"
"0.20_188.07","5113","6013","2278","2566","7044","5044","3835","2547","1270","1748","3746","2097","5413","5472","353","9877","681","6007","9455","3347","8839","21011","1514","3964","1048","2869","1648","1083","1147","1588","2598","2416","5044","1207","4209","9964","11623","1359","1542","6692","2738","19361","5841","201","2592","14881","21134","2728","3766"
"1.42_831.56","5344","6921","6324","7429","7129","4243","3914","11207","4436","3485","2719","13329","3086","9577","12137","8438","4720","8077","3941","8096","6805","11100","9925","9551","3146","6022","16109","1867","13472","13061","10122","9628","8422","5001","2033","9396","3528","3236","6108","12313","11038","5946","12986","190","3080","11583","36407","6969","25962"
"3.10_849.66","16381","16272","12254","17833","16519","14114","16560","18864","14827","19158","15978","11888","12780","20014","17986","16023","18464","16867","15903","17337","18297","15629","15130","20195","18299","15401","19728","6804","14182","15649","15139","16111","16045","12266","6482","17910","19894","10451","19121","16111","15465","20654","16516","91","16288","16953","34585","21223","17928"
"2.87_815.70","31662","35493","27571","32272","36997","22450","23383","38084","28622","36290","34797","33455","28483","35495","37427","41571","32048","33613","40277","30753","38700","44744","36456","44727","50525","41484","59513","9770","52479","41363","29866","35482","32137","19150","11298","32513","54022","18504","45469","45496","28133","31924","40887","552","25328","56906","165855","43874","37420"
"2.68_894.67","5957","5120","19350","9492","18025","10828","8389","11908","18703","5272","9327","31911","28645","4099","9635","9348","10161","14884","5858","16195","10356","30939","8170","8206","8580","5613","16750","13949","17966","15685","11115","12287","17309","19778","3919","11308","5689","10780","11010","29567","17475","17044","18185","156","13883","10574","31462","11410","39078"
"1.60_838.56","3209","4245","2963","5118","3830","2317","3704","6988","3357","3064","2319","7343","3095","4611","4958","5569","4168","5619","3329","4580","4724","5872","5808","6409","3426","3038","8933","1735","9141","7974","4747","7186","5281","4326","1397","7815","2616","2113","6161","10305","6551","3906","4831","207","4090","6978","25746","4973","17813"
"1.31_870.55","3456","3169","3725","5203","3900","3280","3779","23154","5682","2645","4251","22758","4004","6694","10144","6396","3861","5843","4162","7668","4385","9166","6819","8613","2536","5193","12427","2037","19699","8624","6083","6455","18352","4259","2982","7535","3932","2990","6481","31582","14061","4889","13855","154","2261","6974","29238","5659","31621"
"3.05_264.27","12135","10525","8369","11685","13948","6925","10213","12915","9421","14659","14805","13447","6785","10819","10731","11308","14624","13018","21073","11972","12948","10978","11957","14590","13880","11984","18504","4064","10912","17432","10380","12931","11052","7570","2111","11933","20944","6915","13403","11129","6312","14288","13093","241","17286","14797","35650","19538","15231"
"1.52_857.57","3188","3225","2682","3910","3947","2149","2625","9364","3405","2124","2433","8472","2281","4449","8006","4421","3979","6378","2167","5206","4718","7615","6511","6046","2132","4560","10480","2291","8276","7835","5572","4552","7908","3964","1555","5278","2365","3039","4293","11683","6308","5211","8168","127","1397","6784","31848","6267","15854"
"3.20_1343.16","2108","5382","4037","8557","11947","3798","2664","4974","2307","5711","3279","18991","7120","6882","14816","6192","4656","9059","11403","5540","5656","10450","7663","9974","10412","3892","9862","1552","6528","5692","6889","10516","5919","3004","1989","9959","3866","3276","3938","13525","10765","4670","11786","0","2590","11091","24581","6279","35076"
"1.31_874.58","4421","4030","4042","4746","5619","2899","3617","9827","3511","3219","2349","9746","3109","7901","8372","5122","3322","4841","3540","5040","4292","9790","5036","7100","2747","4183","9125","2429","8467","7584","3871","5179","7573","4013","2141","6219","3244","3504","4648","9737","6903","3918","7475","185","2836","5977","30036","5941","19422"
"2.11_693.54","17751","16086","15801","30362","31545","15603","22054","16370","21073","37316","26296","38619","11548","14102","38649","25276","43667","50036","62485","32005","30698","31542","53567","41607","35726","33125","31526","11894","22849","22845","28891","40926","17856","31163","10088","28806","29368","22194","29639","42752","36289","39247","38494","78","18651","60082","44001","23266","49424"
"2.80_815.75","15293","16174","12659","17926","19145","8183","8236","20958","9320","17296","15339","17638","10553","18155","19348","11391","17060","22897","14026","15394","9437","20198","19395","21684","27193","15174","26638","3704","10229","20359","9890","16859","17873","6624","2028","21581","26071","4949","12534","18544","11599","18198","17295","108","16905","18700","48964","21260","19956"
"3.34_648.63","3447","2525","2248","4175","4365","1978","2762","3663","2463","3989","3512","4649","2603","3226","4191","3396","3634","3367","5353","3218","3243","4293","4823","4886","3406","3866","5653","1069","4437","3358","3307","4045","2641","2693","1452","3448","3892","1914","3404","6412","3669","4600","4149","53","2974","5237","13377","4715","12136"
"3.17_846.68","49366","41768","108843","61151","80784","84928","52003","74082","75339","40417","49178","90720","116462","34521","60690","65636","50274","63834","44125","75417","65038","131567","37794","49526","53630","32105","63791","66985","82397","74620","65875","56956","89141","114616","45641","82493","31751","73181","58028","79425","69374","81765","87811","587","84594","54951","96727","80049","134539"
"1.31_805.54","5638","6906","5924","9339","12171","4024","10605","31589","14241","10126","6850","33203","6343","17124","29830","34886","16547","43109","13097","32816","18348","38048","33298","39458","4803","23809","65549","6284","86801","52468","11222","26176","33224","23286","2542","40460","9009","13268","23386","68119","50157","20876","38376","298","5033","50947","77532","17951","66748"
"1.19_807.56","3910","4573","5051","6662","7870","3629","5777","10056","6177","6517","4044","13960","3018","10640","10463","13340","9112","15486","7250","11544","8851","14974","12137","17859","4494","10163","24979","3484","22089","20289","7968","11502","8227","6581","2496","16502","5221","5633","10972","13536","16454","8157","11960","109","3349","16209","41183","6495","29136"
"0.20_215.03","37301","35986","69917","66666","15815","72231","2465","5246","3407","5701","1837","3584","6275","120131","6169","7956","1679","7731","1239","3484","6987","6004","12848","6793","488","4852","12478","1599","5868","3280","30402","7112","6393","3667","12293","10969","1149","3108","11627","4831","12261","3076","9390","306","38551","12567","17559","7366","11028"
"3.23_634.65","4963","4519","7387","6897","3075","4079","5616","6450","7201","7378","11301","6967","3891","8068","4329","10610","11192","4535","6532","6774","6823","8982","9983","6786","6486","7228","22847","2427","3637","4341","8939","6169","5622","3523","1900","5839","8277","3806","5713","8961","4272","4426","8529","138","3620","6516","15070","3002","7132"
"3.46_714.60","16842","26608","17762","20451","25095","15239","4738","12975","8885","8736","4964","27252","23276","14939","15359","10299","5310","12310","11050","10230","8579","11585","9549","12183","11366","7344","22888","7320","17393","14285","19595","20423","13450","11367","5800","24666","5596","13417","7563","24162","17639","9654","16752","213","11276","22217","24280","12807","25005"
"2.84_698.61","43532","60304","54229","75596","94215","52126","12616","21953","15768","15391","14650","89913","41332","59918","57567","29119","20377","29714","41687","25427","24879","40041","55716","40594","22541","25290","52821","9130","24042","26542","58593","72989","39497","27605","26628","44767","19476","16317","28788","79487","36836","31292","63439","671","48649","63655","93538","55120","118984"
"3.20_974.84","21491","19399","14789","28289","29731","10430","27165","22428","30009","30964","29531","34237","15714","14948","26090","24062","40493","38767","29814","23801","20274","15480","73526","34625","20466","59689","38882","10989","40874","22770","23978","39482","19982","21068","13066","22126","25008","19816","38780","52592","46554","31565","26247","284","6405","41740","23828","13741","29309"
"1.00_638.40","10415","11186","24533","15525","13554","17545","7864","15681","10237","4047","4708","16677","9154","22188","16135","11423","5753","6835","5491","12586","10949","18653","9341","10897","6067","8937","18667","5618","22616","16886","13401","9642","11568","10471","7603","13885","5968","9344","6409","11744","12785","9461","13658","470","11037","11243","56388","18663","38082"
"0.65_596.36","7916","12205","35368","26187","10182","18072","8360","14821","8631","4135","4682","20148","8752","32712","12497","12331","6056","9994","7013","12315","12101","17380","8058","13506","4849","9154","14235","3255","21669","13018","15204","12312","13741","12507","8331","12713","5287","6673","11712","11836","11019","4850","11774","62","5361","13231","49006","4892","27387"
"2.33_1468.13","4696","4359","5239","5368","5899","3955","5032","6380","2657","3523","3927","6028","1931","7580","5782","6525","5389","8169","3316","5492","5240","8499","7062","6622","7826","4779","11235","776","3791","6490","3446","5541","4527","2688","1291","6380","5911","1885","6315","5124","2869","3473","6193","0","6214","7447","22261","6726","8211"
"2.34_1542.14","9677","12272","9158","11608","10154","6395","5630","14420","7456","7964","6180","15651","10160","16025","14394","12349","9155","10486","6751","9940","10568","14346","11517","15293","8751","7238","15449","2321","11165","12332","9720","14109","10768","6089","4024","12418","8535","2374","14722","14137","9618","7216","15823","247","5264","15225","23354","9103","22287"
"2.58_787.66","20447","31225","14781","22777","22884","16068","18781","24400","16373","23046","14996","27595","20891","25308","29925","21808","22387","21360","18985","20609","25008","35730","21190","28203","19718","16532","26139","5489","16573","25717","14665","20116","24144","15582","8204","32861","21553","9562","27550","21608","22125","22420","29108","339","22476","27898","80015","34576","52574"
"3.53_974.87","36707","33739","26035","45374","64323","14616","35175","41012","50905","61117","43155","98260","34436","34477","83760","50692","82585","75631","56221","48984","40761","39715","143967","89799","59328","87895","80725","19426","69539","55092","42167","77499","34156","51518","25740","40198","66883","34143","55187","117589","91266","73234","77146","440","8300","122236","65108","27471","87363"
"2.24_555.44","16928","19378","25975","27963","43155","23082","18392","12052","13726","24682","19235","31691","21888","23263","31292","22721","23106","31855","40307","23370","25348","33197","26162","32101","38978","16091","30110","10416","19443","20653","24304","27490","17804","15940","16079","27221","24965","14355","21774","30108","28729","24826","27549","259","19176","31519","66492","19974","64968"
"1.39_834.58","4206","5390","6026","9528","9912","4281","6426","18138","7440","7504","5312","17877","4087","13775","18583","15120","9800","16586","9783","13286","13403","22813","14607","21789","5340","10716","26604","3784","33132","22773","10397","11075","11523","7694","3652","24507","6694","5249","13675","19236","27829","10558","17833","251","5963","19194","80164","11696","62158"
"3.18_990.87","38311","35748","28002","47599","48693","17512","40512","35876","43896","43125","39338","58191","28939","31236","42399","41977","56216","51623","48676","35961","31692","21861","98651","48340","38815","79551","59013","16092","54563","39291","37719","58176","36431","33985","24634","34682","39791","29983","51539","77874","64191","45109","44840","415","10559","58145","35784","19952","47229"
"2.10_575.50","3269","2728","3166","3733","2648","32623","9697","4359","2289","12014","14172","3156","1326","2237","4030","2517","49557","3995","9298","2667","4444","1688","3599","4168","5254","7480","3198","736","2094","2806","2619","4111","1459","1443","1469","3330","10132","1830","7812","2185","1969","8470","1633","489","7548","2691","4895","3985","4575"
"2.91_1381.11","2879","3678","2666","6496","7901","2723","3122","3830","4407","7737","5253","11459","3527","4261","7814","4629","6992","9800","14792","6407","5429","7664","8999","9191","10612","4592","8970","1217","6394","5208","6445","8568","3849","3513","943","6553","5925","3099","5833","12322","9360","8123","8340","0","2855","962","19497","4840","21573"
"0.66_184.07","14282","27418","46732","38660","30043","35846","13837","23131","12459","13678","11535","27805","8048","37263","24952","18062","13779","23863","20275","21938","23061","24750","30798","35061","10064","16571","24691","5114","30441","22850","15939","21485","16910","10155","15936","20650","14201","9448","17988","14676","19720","15768","19632","361","22224","31051","98044","29649","61624"
"3.19_1348.11","3296","5092","4289","7486","10307","4218","2970","4152","2899","5715","3372","13612","6988","6802","11909","6923","4512","7369","10562","5829","5119","9755","5803","8995","10006","3447","7479","1430","5562","5603","6694","9582","5358","5450","2585","9345","4407","3716","3769","10527","8475","5352","10239","0","3891","9535","16878","5915","22310"
"1.41_184.07","6255","6370","8204","11818","11337","5945","4498","10430","5931","5248","3446","13321","3262","12402","13024","11036","8252","13504","6579","11305","7813","13221","15128","15125","4516","7729","22922","2135","21482","17907","9793","11483","9201","4698","2924","13626","4764","3830","9355","18944","13968","8390","14990","125","6072","17296","43547","9773","30714"
"1.30_804.54","11189","13496","12248","20464","23004","7596","20244","65059","28278","19950","12679","67601","11592","33812","64427","71142","34637","88900","24073","68461","36662","77567","69188","81965","9310","50050","136119","12457","179623","106434","24704","52285","67132","47031","4613","85241","19057","26468","48971","140962","107620","39085","82749","894","8688","100785","162005","36589","142250"
"3.40_752.69","21637","30176","22590","30878","32650","21255","23435","27618","25193","31420","27884","44238","23720","26483","42422","26500","35839","36976","49338","33842","30449","45928","30432","41869","42923","26809","34887","15863","32389","27806","28503","32589","25657","27038","16185","36708","28504","19631","28521","45322","42452","34033","39551","192","23096","44523","73305","35648","77152"
"1.53_794.53","7708","8932","10382","12111","15795","7296","7268","13577","7095","8533","5003","19201","7543","15287","14018","13529","10807","16476","8723","11232","9822","15145","18955","16091","8096","9501","26411","4034","22223","18200","11994","16515","16982","7862","3770","16846","7322","5873","14004","23143","15479","10493","15896","122","6824","18182","48575","9996","36677"
"2.07_1428.13","5378","7036","5150","6317","6341","4579","6081","6302","3371","5919","4013","5100","3393","8187","7907","7225","8185","6551","6269","4623","5216","6968","6184","7370","6568","2827","7993","789","3970","6375","3854","5330","7117","3010","1131","8082","5979","2433","6943","5209","3900","7065","5914","122","7604","6348","19210","10656","8129"
"1.79_882.57","4931","4262","17490","9049","13036","12571","8519","10087","9455","4694","6829","17600","14282","13281","8980","7823","8825","7927","4749","8937","10477","14623","10154","8577","16231","6199","17652","11618","22678","17149","8553","6690","12189","13338","4631","11690","9743","8909","17568","20360","11302","15515","15555","319","19180","9792","23958","15546","17795"
"2.34_1520.23","7319","1305","3036","7462","6733","4808","1651","4154","5590","3272","2126","9469","4259","8332","6458","5661","1965","3041","2027","7535","3952","8210","5293","13793","4054","2784","5666","853","7076","1892","2659","8500","3447","1849","1920","7321","312","1370","12162","10667","6328","2695","10802","0","1717","13576","16176","3467","25083"
"1.20_822.55","790","1858","2391","2759","3217","1266","1491","13710","3793","2449","1775","10241","1618","3181","7713","3988","2864","6694","1586","4983","2058","4712","5678","5704","2126","3293","11414","1032","36332","9392","1585","4096","14130","2220","1558","7864","2055","1550","5231","21852","16330","2408","11168","0","1528","5983","23575","3285","23163"
"3.04_816.85","14559","14277","9679","16450","13871","10489","15821","17581","13298","12348","12434","9825","6036","11024","16481","16441","13224","13823","13840","15863","19630","12394","18066","13098","16869","14236","11880","513","12178","17037","9828","15204","16064","8803","243","13691","15882","3104","15171","15146","13211","13716","10491","0","16200","16396","10005","10517","12443"
"1.31_788.54","22980","22573","40213","45382","59564","28311","23330","31210","19922","34293","19454","49764","24782","60023","41864","43925","36189","49180","30013","39296","31533","47263","52888","58564","28781","33882","71647","18872","56781","58301","37407","68483","39761","27143","18856","47074","26425","22362","36551","56160","39405","33729","48757","181","16936","58175","91232","34361","70907"
"1.13_844.53","2681","2713","2883","2299","2694","1518","1595","3829","2087","2260","1467","4415","1572","3654","4352","3509","1653","2654","1541","3377","2469","4313","3375","3408","1778","3410","5600","1242","6966","5252","2862","3357","3197","2298","1383","3985","2193","2041","2239","3684","3748","2354","4118","86","1580","3289","19028","3075","11400"
"1.96_689.62","14599","17700","9278","14603","18161","12320","19133","13625","11482","18750","13011","16488","10100","15974","15409","15448","17831","14969","13855","13787","15407","20530","15019","17082","15833","11384","16696","2456","6836","17543","9371","11450","15279","11113","3105","17424","11573","7962","14772","14213","11293","19290","17890","115","19513","14663","36624","27089","28143"
"1.32_802.52","4978","6518","3848","7502","9056","2713","5298","11198","6464","6580","3597","10986","3577","11843","17888","18176","10220","28473","7143","24065","13224","19398","31256","22306","2934","13694","32535","3954","34550","30378","8378","25145","12711","19615","1469","20353","5267","8899","13043","22937","18312","12150","27392","248","3106","40268","35876","13972","21467"
"2.16_707.60","14158","12538","13017","13835","13021","12440","11282","13211","11040","14827","13513","13532","10695","19238","14322","16241","14209","14308","13721","13265","16410","15114","11403","15747","14968","13656","16981","5033","18594","14866","10925","11464","13202","8516","6254","13351","18805","9862","13853","12479","9939","14800","13861","108","18912","15133","38099","22966","14322"
"1.52_838.56","4885","5469","10938","11033","12233","8341","6404","15765","5877","8382","6819","21040","9152","18705","9428","10299","10111","11050","8714","9178","9243","10730","13306","17015","7773","7155","17397","6089","9559","13481","7087","18493","14162","8538","3217","8017","7439","3822","7234","20035","6912","10799","15772","173","4143","16234","28713","9257","24295"
"2.01_597.49","39645","29169","31561","28049","22287","26779","6800","1266","1305","7735","1727","948","2011","22600","2394","4689","6710","5187","7232","3599","8938","3699","4734","2227","1579","5128","1826","2029","1333","2531","22374","11204","875","5797","10930","2036","2632","11965","2818","1520","1282","2931","1899","199","36674","6903","1751","5315","2015"
"0.22_120.08","928","2057","32","1344","2432","3624","1988","2025","1469","3813","3981","1606","1697","3734","2229","1947","2423","1615","2324","2216","3632","2162","2006","2656","1275","2203","1872","952","2407","1917","1813","2308","910","1160","1424","3308","4006","1405","2888","622","1918","1592","1780","1331","4542","2896","5632","4896","1143"
"0.32_279.16","2083","8890","5754","3184","7768","1962","2059","5822","23953","4874","1434","1722","2918","6598","2147","3542","3088","5836","2402","4888","1504","2614","2270","7496","5620","6957","2947","35282","13606","6635","8594","3685","4573","2443","2556","2076","2296","2930","2209","6153","4070","12154","6462","8185","2006","1826","3866","1527","5756"
"2.12_796.68","21893","21194","21524","30385","35456","25693","29789","17030","26083","44959","36434","36394","15147","19537","46307","32877","44140","47845","77879","36065","37631","27511","50694","44389","50085","34469","26231","18298","29644","26967","24189","34866","18174","27168","26701","30402","39957","25639","33700","36947","42199","43903","38840","643","28799","50845","21871","30379","45141"
"0.84_666.49","6287","6541","32098","15228","15720","18107","5703","8239","7626","4010","3290","14923","6913","23330","11309","13874","9207","12287","6031","12198","9458","16982","13028","12033","6728","8853","21526","4535","29353","16901","11958","12035","9549","10068","6859","11158","3771","7653","10125","15545","13920","8052","12622","164","7082","13347","22268","6833","17079"
"2.41_796.55","6326","6356","5941","6755","5998","5413","5450","7259","6459","5937","5280","7065","6194","7279","6946","6736","6103","5700","5268","6284","6512","6752","5755","7620","5424","5674","8084","3524","6491","6114","5875","7207","6886","5404","4950","6346","5016","3122","7406","7505","6294","6165","6608","49","4610","7275","10294","5339","8158"
"2.13_812.54","39528","19373","16829","22829","16667","25826","20404","19314","18180","37859","36055","10492","17639","37933","20217","17401","19358","12486","23931","15543","20633","18548","15376","9454","15415","16444","20587","6464","4660","21781","17185","20699","23283","24685","4600","23875","31333","11002","24218","15220","9442","20284","19842","533","32225","12651","40654","20322","18722"
"2.45_744.59","21496","24358","11321","16258","16980","14845","16708","18072","10852","12478","16960","16869","15953","24705","21280","16957","15061","15356","14588","14522","15131","27401","12575","20439","19948","13142","22019","6150","15189","22059","12930","16021","20973","15693","6956","26775","19887","6136","18919","19474","13257","16465","20228","240","26533","17163","78118","32109","45848"
"2.15_759.34","8261","12231","8152","8996","7511","9060","5005","7114","5649","8567","7153","11086","9953","11315","9107","8046","7779","10505","7625","8098","10160","7031","9901","8434","7580","7955","13547","2175","3704","14503","11070","16274","12334","6987","1145","6044","7917","2917","5908","7958","8205","7989","7344","0","9595","9291","10682","9842","13250"
"2.67_1333.83","5754","5826","4435","6930","4471","5193","4671","6615","4949","8243","4056","5678","2919","7614","7953","6471","6943","8050","5595","6802","5931","4423","6131","6210","1869","3845","7115","1340","5075","8119","3724","5545","5240","2940","1071","7822","6084","2952","8570","4739","4014","5957","6526","69","7322","5254","17497","8495","8434"
"0.32_285.29","12831","7466","8526","3644","3817","8781","74514","5544","5712","3931","4947","7656","4002","25261","4861","5626","6639","9237","3174","1914","1632","11832","15035","25552","24649","36325","4713","244746","20688","7452","3230","4404","9670","4094","4098","6035","2929","2058","1623","3945","16383","2521","4399","1790","8630","3041","6348","2320","3109"
"2.80_814.83","15183","11715","13155","4542","9874","16884","13340","13294","14872","11041","12216","4613","14447","11381","8965","10088","11864","11143","7325","15708","12155","12492","11791","10237","7521","10019","10216","706","13337","10159","14643","14656","12837","15710","5547","5091","7292","6688","3820","10501","19631","7049","10215","0","14976","12359","9819","6289","11985"
"2.35_677.55","11960","11952","13961","15245","23470","13037","12230","10038","11507","23526","16935","21882","11602","12794","24466","16153","20866","23086","33108","16595","17802","19203","23426","22636","25920","16694","18464","9140","13645","15525","16030","20031","11815","14516","11813","17635","21361","14664","15454","18371","19271","18899","21081","106","13230","24413","19906","16370","27538"
"2.91_1383.13","2451","3050","2586","5171","5949","2456","3235","2661","3128","5174","3301","8336","2561","3028","6829","3497","4718","6947","10776","5092","4220","7339","6781","8326","8353","3238","5852","889","4986","3649","4362","6054","2979","3039","735","5477","4047","1883","2749","8476","6787","5186","6028","0","2981","7053","16231","6100","18369"
"2.90_654.56","4072","3680","2634","3831","3828","2095","4721","4996","3254","7838","5356","4938","3024","3329","4289","4388","5677","4122","5793","4391","4342","4091","4021","5818","3758","3973","5193","1323","2885","5413","2368","3408","3488","2668","1043","4396","5948","2064","5266","4177","3290","6252","4454","124","5307","4608","15439","8165","7234"
"2.40_1615.24","8450","10181","5800","9430","9783","5887","5655","10630","6316","4747","5018","9898","9485","11793","8168","6243","7106","6182","6398","5013","8624","11431","8343","9138","6572","5191","11422","2007","4559","8296","8627","7738","9706","6117","2243","10036","7325","1847","9856","7188","5638","5697","7938","0","10586","7974","20584","11953","17012"
"1.43_802.52","1940","3388","1477","2818","3103","1099","3639","7192","4622","2221","1298","4817","1541","5534","16709","10019","5405","19379","4009","15487","6752","12150","18853","12496","658","9048","21024","1849","23571","19609","4452","8450","8597","8968","520","15022","1878","4843","6531","11928","13104","5715","20070","73","2101","21780","14956","7669","11393"
"1.76_802.59","15039","18667","19757","25751","33312","22433","12119","20336","11046","14988","10800","23072","24013","41233","23736","15930","14603","17332","14871","14967","20698","36834","21475","24487","16943","12933","27853","13130","20228","21682","21458","26075","28224","17389","12743","24296","14811","11282","18631","19836","20609","14533","24955","280","16176","21923","73724","22259","64280"
"3.00_701.55","8358","9713","8337","13529","12875","8482","8337","10176","10280","13002","10906","17997","8867","9888","15695","10721","14255","16003","20824","12544","11994","13024","13511","16446","17373","10332","14408","4848","11957","11345","13097","16114","11243","11337","4457","15324","11956","7946","11954","19191","16534","14569","16672","176","8708","18480","25583","11369","33691"
"0.66_522.36","13228","17981","21016","23093","16144","17757","8524","13252","7490","7337","6233","14286","5978","26903","17832","12456","10007","39713","11398","13405","12972","20069","13680","20789","8719","9988","14312","4022","13390","14732","10231","12890","11463","7733","11151","16662","8426","4514","12304","10523","13432","10367","10073","324","20299","19748","86975","20826","44273"
"3.19_1349.12","3004","5476","4204","7498","9490","3955","2786","4007","3424","5378","3218","13890","5754","6971","12418","5876","4586","6947","10277","6086","5621","9012","5874","8823","10190","3407","7016","1818","5339","5367","6794","9317","5102","5159","2386","9956","5033","3502","3717","9971","7960","4975","10165","78","3725","9902","15775","6035","20949"
"2.15_125.00","24899","28785","27961","31217","29830","20822","20323","27296","18998","20235","17156","30482","27240","32746","25780","26779","24380","24907","22030","21693","23618","31563","30560","28445","23323","22611","39350","10344","19693","30935","26500","30867","28685","19993","8675","26796","21472","14498","26321","27607","19941","20264","28364","217","22357","27987","59598","27614","45136"
"2.12_737.54","19998","23832","19384","19997","21831","18369","21122","20475","17221","21067","18048","20840","17720","21889","23674","21067","20955","19598","21939","19635","20011","23194","18342","23486","21950","16776","24699","10230","16535","20687","19312","19294","21964","16337","11005","23445","20170","14367","22339","21747","19318","21651","18836","1483","21426","22722","41158","26970","24069"
"2.85_768.69","52754","67487","60123","76725","89748","62794","29730","39468","33673","39105","30210","91874","58212","62113","71091","49832","41879","53031","69828","47113","44967","60768","66642","58251","51466","43572","62788","22974","44334","42281","67192","78999","53462","46783","45804","61143","33687","30977","43759","82643","59369","50363","72558","321","55386","70972","78711","65585","108981"
"2.71_815.73","2379","2605","1504","2249","2661","1739","19844","17244","12632","40854","23252","4468","3107","2140","16152","13137","25024","21439","35454","19766","22660","18514","7137","28968","27727","14839","11393","3316","14113","19687","2077","3266","4691","5664","1910","22708","23861","11142","18458","3847","15084","17111","4988","225","2493","11552","23443","5444","24730"
"3.57_1001.89","7503","11692","4114","8033","15055","2604","5510","11090","9720","13062","8382","14359","10532","8111","17810","8569","10258","14142","9821","9752","7190","11700","23647","20675","13499","23202","21685","5017","17069","13341","9416","16011","8395","9729","6227","13194","28853","5541","17943","25901","18939","15720","10612","305","3439","84737","26881","8713","17374"
"3.44_972.86","49885","48664","41197","83916","107057","25700","55558","58438","62822","70006","54185","111758","61029","50573","88041","71614","74085","92792","70354","51389","52575","45191","164937","89683","66495","134028","112070","24956","90258","65137","73867","137801","65777","60697","29375","68796","70392","51043","77924","154459","115891","60305","75084","639","11896","106008","72261","31907","87123"
"1.85_701.62","6912","9110","6759","6650","8196","5315","4083","8763","4185","7374","4892","8360","6308","8283","9247","7579","7358","7604","6173","6168","6780","12225","7858","10145","6860","4333","9972","2243","6523","10204","5084","6800","8683","4825","2691","8786","7424","3340","7303","8416","6293","7626","8770","122","8211","8372","31515","12294","12471"
"3.12_709.61","5438","5260","4985","5816","6019","3063","4727","5871","3326","8071","7152","5302","2967","4029","4758","5343","7346","5461","8559","4308","5154","4316","5789","5463","6714","6066","7698","1810","3593","6678","5036","4462","3831","4363","1326","4397","8298","3025","5182","4996","3460","6225","5760","116","6051","5798","14492","7188","6504"
"1.19_832.57","2725","4259","3631","4188","3711","2954","3826","4874","3100","2998","3149","7045","2493","6856","6920","5686","4921","5535","3772","4291","3680","7169","5168","7254","2612","5428","8214","1981","7205","7388","5876","4597","5623","2901","2104","6081","3604","2754","5293","6384","7001","3959","6290","75","2429","9124","23998","4277","15939"
"2.81_788.73","16425","20366","11361","22729","20842","13310","19532","23012","19982","25940","18130","23240","15266","27745","24553","22983","22365","23677","18907","23437","26929","25724","18907","25474","21727","14845","31930","3054","19153","24120","11722","20122","23722","11372","5337","27038","25859","10677","29422","19665","18632","28311","26326","438","24692","22959","52514","32568","31747"
"3.19_721.62","10607","14044","11661","15243","17881","11259","9292","12415","10456","12163","10055","20857","14099","15225","18194","13615","11586","13687","16761","14103","13519","17014","12373","16719","16120","11083","16219","8917","13758","14308","14603","16667","13263","12822","8396","16972","12186","11367","10951","19479","15232","13985","17853","187","12241","17850","27897","13619","29999"
"0.19_276.08","3866","2334","29936","16698","1637","16241","532","543","686","1083","623","652","1093","29098","605","968","517","1044","368","912","1170","853","1125","1046","172","653","1460","445","997","513","2140","1141","918","648","884","913","555","658","1607","714","906","1025","1101","388","3457","1333","1649","1560","1007"
"3.03_986.84","17225","14663","11285","26427","27776","8340","16423","15019","16926","18946","17490","29969","15724","11338","15797","16710","20049","25018","18796","14233","13596","10565","50273","19888","17348","48145","30918","6943","28740","13871","22785","36149","14562","13255","6263","17747","21907","16172","26405","41892","30120","14187","17954","104","4732","24852","12883","9582","17599"
"2.33_1537.20","12547","11481","12834","12468","13966","11743","13211","14442","7847","10663","11830","12979","8008","13681","12255","14315","12414","15938","10614","14382","12609","15143","14806","11730","14332","13100","16431","4357","11094","15007","10257","11928","11929","9398","6969","14142","13154","7901","13571","12211","8721","9821","12475","1315","15061","14346","19246","12843","13574"
"2.12_383.33","25576","27020","28788","42950","45004","26331","35212","21301","27077","57035","35583","49499","15508","22540","61935","38708","58059","64201","91257","43756","43575","46046","71270","59508","51855","46491","40738","17785","31664","33718","34147","47768","22678","38935","20548","41832","45913","28515","41837","50904","52634","54117","54243","302","31523","80227","57530","35157","83046"
"2.33_734.63","43533","43240","43430","44952","46039","39924","42076","49534","25329","37898","41571","47291","23695","46633","45885","50695","44115","47071","36523","49166","40379","48517","50809","44356","48285","44160","52801","12852","40913","47190","37885","43615","41974","34807","21454","45661","46692","22539","46147","42042","32927","30456","48060","5717","47263","48623","91344","47231","51513"
"1.32_853.54","5396","7470","7046","9044","7652","3815","5753","11533","5758","7466","5112","15801","5020","13491","9610","9315","10778","8277","4795","9485","6025","10484","13540","15581","3004","7842","15767","2450","9115","10217","5804","12454","8743","5109","2410","9617","9010","2810","10759","16806","10143","7845","14855","142","3176","15396","37768","6518","29176"
"1.96_828.66","8924","12471","7750","12232","12701","5912","9810","10621","6654","12758","7458","11648","3668","11747","14554","16402","16575","19004","16890","12901","15151","13723","17998","18173","16331","13320","20138","2699","10869","17670","10460","11696","7341","7132","3481","18634","14825","5804","15146","12242","11522","16436","12508","179","12242","22224","40483","17123","13727"
"1.31_807.56","8669","13048","14715","16301","21092","9877","11789","14730","12633","15201","8404","18948","7141","19915","15128","20696","17162","25631","15764","18649","15557","20623","26385","28093","12466","16244","35969","7185","30785","28584","11518","26328","15642","12291","5497","21756","13487","10474","16822","32287","18542","17986","19603","406","8308","30393","46206","15585","32250"
"3.19_1345.17","1347","2594","2043","4019","6618","1679","1074","2370","1897","2347","1400","10155","3848","4491","7690","2938","2074","4160","5623","3271","3645","5712","3440","4954","6393","2484","4562","737","3319","3142","3984","5960","3764","1993","1302","5146","1903","1591","2338","6658","5698","2349","6202","197","1807","5261","13117","3722","18483"
"0.66_664.42","3527","3382","10852","6384","6682","6468","3331","3203","3861","2441","2231","5836","4370","8260","4635","5788","3721","5306","3108","5698","5173","7099","4954","5392","4008","3854","7971","3988","9957","6987","6346","4999","4166","4207","3071","5057","1989","4058","4700","7354","5713","4161","4854","44","3485","6175","7054","4006","6241"
"1.59_858.58","3014","4033","3386","4489","4763","2850","2115","6105","3263","1481","1645","7509","3359","5372","7523","5662","2834","3443","2911","3582","3676","5520","3665","4739","2283","2668","7294","1371","5686","4538","4907","3978","5135","3180","2073","4379","2640","1748","3014","5199","6753","3200","5924","62","2164","4282","21475","5322","16570"
"3.39_973.86","32615","32256","27890","54676","70581","17419","35834","38812","42712","44772","34873","73683","41637","34766","57840","46282","51133","61867","45246","33601","35859","30120","102081","60269","45194","85217","73562","16898","62023","44080","51873","87782","41933","40149","19064","44947","46437","34897","51013","98224","74068","40520","49699","503","8329","70570","49778","20895","54938"
"2.93_782.76","9493","10851","7987","9689","16167","9868","8364","9112","9716","5169","13556","4394","8206","10635","17446","13673","11926","5138","18067","9002","6879","9340","13326","17471","14087","10546","7385","3820","6265","7270","10504","9655","8347","8622","7935","5538","9387","8071","8993","6584","15654","7976","3927","120","13195","11378","24674","11334","25891"
"2.00_794.59","8950","6947","16749","10186","12172","8839","8990","8362","7780","5549","5733","9440","6585","9152","10006","9005","9688","10542","7243","8970","10344","15538","8656","10637","13258","7924","11142","4235","8855","11181","6124","7985","7268","6626","6092","10703","9377","5513","11841","9933","7569","10129","7628","298","12415","11895","21011","9191","12995"
"3.08_780.69","12552","15258","11292","23087","23740","12181","11983","24565","21344","12985","20149","44989","26906","20311","34148","21158","22104","38248","29509","32252","20855","36714","23501","33250","30670","19332","36778","11857","33543","22958","32629","30671","35658","32057","5033","34974","14877","19725","21266","58430","45709","22421","42755","138","16321","42786","64723","22696","92633"
"0.46_313.32","5539","2991","1925","1074","1474","6281","30508","4593","2383","1694","1813","1694","1540","3707","1034","3241","1273","3604","1203","1024","698","4367","4318","12203","11468","11378","1501","109666","10156","3041","1318","1605","5232","1247","2133","2671","1395","750","1048","1794","14772","1020","1154","721","3719","1138","3348","986","986"
"2.81_788.82","9742","9564","4914","12245","10793","4592","10157","11773","8726","12062","7780","11990","5578","13947","12912","11119","11006","10800","7626","10312","13114","11777","10300","10436","8909","8297","15314","906","7198","11879","4543","9493","10291","1604","395","13123","11402","279","13651","9622","8980","13544","12479","115","11226","12237","4960","16256","12940"
"2.58_1576.23","2632","3201","1532","2316","2590","1706","2483","6232","1966","1082","1125","4883","2772","7232","4634","1699","2710","2104","1392","2247","4826","8570","1572","4575","2237","1774","3743","288","2469","3988","1932","2660","3566","1872","327","5111","2117","176","5221","3684","2953","2619","3043","321","3128","3112","43199","4735","22732"
"2.41_794.55","14183","15511","15088","16235","15412","13038","11603","16716","14454","11873","12603","17528","14971","18318","17540","17398","13918","13629","12826","14864","14765","16023","14693","18566","12907","12978","17476","8286","16008","14794","14826","17071","16073","11770","10814","16189","12888","7941","17168","17513","15343","12537","15806","113","9924","18089","25623","13531","21074"
"1.34_734.50","9227","7887","23645","21935","18466","15444","6164","9034","7174","4819","5751","8108","8104","24276","8199","6236","8900","8627","4574","8466","9394","14375","10045","9564","2980","7114","9563","3844","13046","9841","9639","9755","8907","7045","4820","7348","5835","4904","8940","8665","8088","6967","8076","307","9642","10896","16567","9306","17231"
"0.71_580.36","7789","12183","21114","18169","7707","14364","8910","14495","8896","3723","3746","19699","8822","25916","18043","11082","6411","10873","5373","11870","7598","16331","10664","11332","4423","8491","16415","5011","27279","14004","13482","11282","14069","14199","5665","12367","3928","6268","8003","13628","14136","4085","11948","270","4471","15877","43786","4543","25760"
"1.98_383.33","77262","62328","61491","66144","56135","55849","28126","17744","18632","38569","26736","23291","9745","53173","42316","31647","39490","57069","52941","42386","43129","44001","42166","44350","32338","37178","31240","10710","25656","33747","49205","33280","12674","26903","21737","34217","31986","31321","35888","22353","30865","42731","33104","541","74902","57147","47409","29733","51461"
"1.39_874.58","3363","3948","3805","4762","4315","3426","1959","9495","2743","1488","2226","9906","2368","5696","7984","4481","2722","3489","2627","4445","3680","6005","4204","5027","1645","2903","8189","1585","11948","6105","4927","4971","5832","2917","1516","6013","2595","1744","3098","9121","7556","3256","7097","117","2563","5566","34168","6181","22634"
"2.10_788.62","1340","1251","1259","2149","2003","20990","3490","1486","1086","5774","3815","1776","923","1622","1678","2474","31627","1367","1589","2173","977","1825","2027","2312","3899","4104","2045","867","2264","2057","1724","4062","1273","1180","606","1808","1511","1143","4436","1597","1529","3916","2136","294","3388","2552","3299","1607","3046"
"0.84_688.42","6076","5551","32899","13279","13422","16365","5849","7538","6593","3740","3023","12216","6028","24654","10222","11846","7584","10736","5275","11262","8717","15723","10965","9870","5117","7403","18747","4358","28843","15481","9532","9948","9505","8376","5617","9739","3505","6502","8635","12546","13250","6520","10967","123","5949","11382","24411","5935","17549"
"2.39_788.75","6015","7092","3673","8156","7390","4195","4718","7437","2556","3822","3293","6874","6580","8214","5937","4698","4825","4501","3859","3427","4707","9151","6440","6270","4867","3783","9056","1616","3357","5762","6250","4916","7366","4226","1191","7149","4022","1386","7418","5838","3862","3716","6263","0","7586","6703","17424","9541","14338"
"0.92_524.37","8861","13417","16531","19507","14908","15087","8469","12322","6413","7893","8473","10810","3895","17317","12604","7555","7369","11199","12068","10740","14412","11685","16359","16061","8386","8140","8661","2854","10130","7696","7357","9073","7240","5837","12313","11746","9021","3604","11453","5888","9499","10550","8894","267","18854","12965","45519","21845","26501"
"2.20_785.73","3893","10329","4254","7224","4973","1999","1658","7646","0","3023","4737","9336","12821","11316","3724","4497","6498","2888","0","1140","5988","12711","3607","7782","3510","2039","12778","1077","845","4836","9838","9089","8962","1859","0","8688","1142","853","9897","6970","0","0","13900","0","6297","7673","19698","6653","15179"
"0.94_660.42","3451","3645","3951","3954","3620","2690","2874","9799","4707","2819","3227","8037","3068","7411","7189","4056","2975","2855","2033","4145","3159","6251","4213","5088","2141","2783","8420","2602","9911","6210","5445","5693","7002","3882","1766","4335","2231","3914","2696","6303","3781","3175","5772","116","1340","4304","27358","4432","11867"
"1.83_825.65","6570","7779","7622","9602","10943","5377","5331","10993","4264","8678","4564","11242","4348","8744","12318","10388","10005","13081","9659","7648","8231","10700","13003","12496","10044","10011","17201","2190","10902","12136","8295","10609","5997","5950","3036","12661","6935","5287","9866","11330","8777","6451","7820","137","8997","11875","30248","12715","11260"
"1.80_447.35","1162","1222","1582","1315","1608","1109","1230","1049","228463","1191","1310","9256","1200","1238","2796","1078","1459","1900","996","1457","1747","1630","1214","1368","1059","1198","1591","1495","1060","1567","1423","1464","1718","1332","4881","1350","1609","1171","1259","1709","1364","1154","5413","866","1511","760","1602","1692","1190"
"3.12_782.70","3184","5319","3925","3988","4360","3766","3081","27523","13006","5035","6979","44357","7115","5639","17227","6490","5149","11190","7900","10271","7218","20069","6782","11569","5860","6139","20225","3127","45015","13130","7006","3837","28921","8687","2701","19508","6275","2951","8702","72075","56222","8002","24418","268","3301","11560","72056","7446","80901"
"1.57_663.38","4401","6283","5120","3994","3349","4298","4781","4161","3383","4233","4550","5371","5321","6993","5740","5917","3778","4345","3610","5525","5432","5544","4602","5613","2690","4174","7158","5892","4775","5435","5116","5779","5648","5264","5697","6122","5055","2641","7315","3697","3451","3648","4861","76","4831","4630","13437","3998","7180"
"3.01_960.82","6867","6968","7374","12389","13859","6156","10649","14055","10881","18598","16015","20247","7314","7704","12545","10684","14917","14807","11890","11388","12372","10588","33350","17015","10535","18991","20145","5655","21290","10929","12964","22303","10586","8877","4238","11113","15088","9433","21894","23883","22275","9194","14826","223","3039","16943","18447","8678","15878"
"1.58_820.60","8174","9668","9423","16465","13939","10493","7994","12062","6598","8498","4862","15447","5053","15100","13681","12646","9453","13016","10685","10063","10590","13538","17756","17217","6286","10741","21297","3234","17061","15001","11567","11124","12102","7164","5445","17649","6932","4370","13522","16049","18412","10482","12478","301","12274","18193","60018","14669","47700"
"1.40_872.57","2063","2048","1852","2877","2068","1267","1523","7498","3670","1534","1514","5862","1380","6792","5690","3706","3532","2709","1865","4799","3752","5204","3445","3921","1457","2768","6393","1107","9756","5502","2839","3266","4647","1814","901","5522","1904","1527","2952","7593","5658","3134","4880","75","1760","4124","25267","4015","16302"
"3.19_1350.13","2257","4504","3931","6188","8151","3250","2534","3140","2974","3794","2171","9787","5322","5525","8882","4362","3704","4763","7897","4056","3979","7639","4602","5620","7230","2387","5580","1353","3805","4306","4975","6830","4233","3554","1546","6704","3063","2777","2804","6565","5761","3705","6920","0","2888","6488","10632","4371","15385"
"1.45_848.57","4424","4548","5601","6528","5823","4258","3117","3648","2805","3523","2865","5979","2467","6286","4417","5732","3924","5827","4159","4374","3850","4537","6772","6529","3277","4013","8784","1861","6510","5885","5862","6503","4195","3222","2009","6120","2808","2714","5248","7173","5516","4829","5037","39","3457","7340","10857","4401","8822"
"2.71_814.73","3631","4105","2100","3331","4334","2696","35226","30856","21738","69074","44190","9871","5486","3981","27239","24582","44994","39570","60835","34807","41537","31840","12772","53513","47557","25271","20266","6471","25342","33488","3345","6836","8700","10778","2744","39701","45075","18207","33023","6526","26973","31341","9592","494","3604","20922","43876","10641","47604"
"1.99_858.58","14323","11273","10346","11327","10001","6685","7382","13008","7228","3777","7106","11906","13124","9957","9526","6624","6283","4257","4523","7085","7319","8509","5925","5264","4334","4521","9133","5312","6982","8678","7697","8921","11242","5901","4200","5760","5519","5946","3903","8043","3748","5653","10517","281","11347","5092","19828","14872","12817"
"0.19_107.05","3464","1588","1277","4344","1128","6928","771","2808","320","775","521","708","1565","5267","5309","3703","993","575","994","2100","1596","1501","1991","2685","56","1049","2714","681","577","545","7537","3717","3057","986","2933","2109","1089","1138","1913","486","1378","2793","1871","159","2893","3933","8806","4506","1481"
"1.52_839.56","3033","3068","5866","5558","5964","4852","3672","7438","3702","4348","3071","9167","4640","8809","4457","6087","5953","5512","4868","4863","4828","5666","6510","9084","4503","4321","8691","3017","4672","7194","3339","9783","6198","4142","2636","3467","4252","2185","4267","9402","3539","5374","7015","208","2261","7045","14091","5640","12065"
"1.32_812.54","9551","13404","13049","22793","20360","8817","14986","19200","11547","21328","12262","18883","10075","17894","16659","16658","15900","20851","14656","20739","17001","25571","29768","38178","14973","15421","29796","9205","20739","25056","8352","21070","14694","10094","6122","24518","20346","8698","24354","18302","16864","18262","17752","598","8446","31267","62438","16246","59993"
"2.09_859.65","22585","18904","30933","25897","21441","22514","17551","18921","14740","18308","18316","18278","17348","24631","16645","16454","21036","21221","20745","17241","18979","18440","21160","15203","14772","15757","18946","7850","12624","19525","15640","17841","15803","14187","9053","16162","15842","14974","17178","14158","13210","15488","14091","234","18796","16679","23466","16571","17086"
"1.57_665.37","3282","4032","3657","2875","2300","2771","2613","2577","2450","2821","3204","3622","4629","4284","3983","4533","2714","2856","2674","3803","3559","3603","3307","3855","2221","2965","5216","4068","3609","3980","3002","3548","3864","3839","3922","3598","3672","1966","5774","2520","3116","2884","3536","65","3150","2936","9786","3528","5566"
"2.15_760.71","20899","22417","25136","24651","12991","17817","20023","22933","18228","18606","16080","20426","21768","15120","21942","20682","23487","18936","17472","18757","21493","23217","15461","20347","23376","18072","12293","10708","17606","21177","20331","18795","17755","19546","7723","22796","19198","13887","22800","21788","17236","19328","19974","2093","18276","22009","16693","22403","6351"
"2.91_682.57","7600","6859","5364","8378","8200","3790","6347","8411","3511","11225","9754","6989","3845","5229","7032","6348","8495","7427","11595","5723","6363","6039","7912","7114","8768","7004","10457","2215","4416","9586","6601","6133","4961","4579","1374","6092","8598","3701","7882","6318","3136","7107","6901","73","9009","6123","22800","10151","7714"
"3.09_766.67","10461","15754","9238","19224","19991","9489","10057","21723","15980","11443","17203","39281","26707","17904","29952","19470","18805","29232","25348","26557","18411","32319","20919","27241","26634","16032","31820","10464","27718","21885","30098","28971","30029","28411","4008","30227","12394","18293","17482","53643","39636","18943","38019","314","13928","35013","51557","20048","75370"
"0.83_638.44","17504","18300","53277","35862","26391","28178","17087","19879","18170","13289","9416","26654","9470","63986","28309","39559","27024","35833","18847","34230","27293","43986","30927","33106","7170","26560","46942","14148","53583","43744","21658","27573","17486","23072","14885","28673","9948","20004","23152","23935","31476","19418","23328","281","14615","33827","48329","17333","40729"
"3.33_976.85","1392","838","896","2790","812","2317","2085","22096","11630","5637","4184","32937","2256","1382","12098","5756","7762","9218","3382","6916","3642","6256","11198","9354","1545","3877","19979","1539","40259","7780","4141","3937","21809","3478","2204","8932","352","619","8458","57553","41076","6449","12431","383","1536","5537","25075","3281","24608"
"2.58_811.73","18962","25248","15604","20201","20443","8725","9504","23537","10233","21475","11718","20689","15442","19218","22663","17144","15303","20100","20820","13861","19411","24586","22385","21873","23066","14312","27448","3474","11640","17002","14666","20065","19226","8508","5016","24496","20572","6507","18857","18106","13308","14030","20279","178","19831","20444","41267","23868","27650"
"2.20_1568.16","2890","4821","1188","3861","3190","1582","1819","2948","2017","1634","2788","4667","6211","5505","2791","2225","3250","1781","1611","1591","3029","5948","2449","3449","2480","1046","5717","866","633","2840","4111","3636","4714","1763","1113","3618","2120","917","4728","3018","1714","1692","7082","0","3157","3102","15999","3602","10457"
"2.89_1136.80","4094","3947","3015","5289","4368","3705","3283","4541","4031","5470","3846","2698","1358","5666","6503","4628","4869","3808","5433","4656","4666","3909","5002","4713","1666","3531","5630","1117","3397","4968","3547","4944","4579","2326","1282","4354","5748","2217","6390","4210","2837","4629","4862","173","4024","4881","13241","4734","4797"
"2.11_715.53","3658","3570","2925","4579","4607","2602","3963","2897","3526","26261","4668","5628","2608","2819","5625","4378","5971","7883","8241","5000","4953","5124","7250","5709","5423","4923","4093","2322","3871","4749","5415","6606","3616","4339","2083","4945","4854","4582","5365","5598","5201","6040","5280","160","3762","8521","4693","4193","5767"
"1.86_845.67","526","590","627","967","706","523","1408","12553","3639","815","1917","8692","928","796","9495","3318","1650","6405","1515","5263","1522","4481","3605","4368","1778","3387","8853","289","19163","7561","509","710","7925","1571","415","6964","2343","957","4453","16589","12363","2714","7920","168","625","5900","26442","2343","13574"
"2.90_1380.11","3020","3918","2822","6929","7393","2347","3287","3808","4432","6903","5779","12080","3189","3444","8637","4564","7657","10133","15071","6182","5835","8141","9445","9628","11166","4775","9330","1735","5773","4833","6338","9285","4244","4138","828","6634","6674","3646","5216","13404","9204","7968","8745","0","2514","12077","20016","5122","22369"
"0.65_666.40","4284","4466","7449","5539","4264","4893","2857","6250","3543","2236","1895","7362","2115","6970","7565","5299","2693","4090","2471","4754","4583","7327","5094","5810","1185","4160","8665","2019","10767","7524","4538","4991","4673","3671","2303","6142","2891","3335","2853","4844","5927","3442","6698","0","2215","6031","24824","4946","15958"
"3.28_264.27","8639","6610","4535","8870","7042","5648","7276","6798","7217","9065","7489","5973","5429","7244","6185","7204","8451","7113","9193","8745","8374","8425","7190","8335","7669","7356","9398","2627","6537","9145","7285","7790","7137","4835","2483","8103","10276","4961","7490","6581","5104","9294","7474","134","9271","9779","19950","10690","10843"
"3.52_960.86","27435","25140","20861","33691","47331","10714","25974","27695","37824","45734","32076","70618","25185","27511","62013","37788","61020","56283","42863","37129","31948","28892","96458","66741","46974","61838","61634","15612","51094","41008","33702","57175","26426","39904","18807","28523","45943","25639","43757","86001","63931","54473","59416","504","9118","91898","51413","19427","63118"
"3.44_958.84","38561","40019","32751","63547","83732","21199","41551","45389","46993","53533","40756","85669","48943","40431","66530","52734","55921","70055","51998","42948","39836","35867","117264","67209","52797","94135","83966","20679","68182","50278","57156","101474","50016","46361","22000","52520","54986","37953","60978","107616","84588","45557","56868","478","10174","78136","54298","23892","63832"
"0.63_327.29","3170","4380","5034","3758","3110","3771","2944","3153","3084","3354","3529","3629","4317","5942","4058","3654","3695","4576","3240","5415","5323","4649","4169","6228","3233","3022","5248","3866","4068","5621","5029","6502","5633","3664","5045","5770","4899","3084","7200","3020","2753","3525","3564","45","4430","4082","10992","3976","6642"
"3.31_709.62","6110","9178","5960","8548","8756","6481","6243","6257","8293","6923","7443","12838","6052","8137","13532","7319","9447","9812","15176","9233","9605","11514","8506","13185","11933","6243","8465","4366","6101","7139","7566","10011","6418","7090","6496","9352","9866","6062","10412","11271","10074","9519","10334","110","6655","14995","19014","6572","21265"
"1.52_792.57","3453","4252","6334","6501","7720","5262","4798","37500","7880","5997","4319","37389","3094","9546","11591","9603","7732","11564","5915","8538","6247","10211","10732","13663","4761","5719","23646","2738","37416","15156","3973","9252","31489","6108","3116","11337","8413","3239","10108","74093","29546","7783","16629","592","2440","13588","70214","7083","78238"
"3.19_765.83","2346","7545","5542","9814","14573","6908","1365","6610","4234","7986","3824","14036","10216","9974","13738","8851","7608","10704","12174","9082","9280","10314","7839","12507","12991","4836","10864","713","4648","9172","9512","12012","8249","8400","353","9764","7013","4657","4862","13876","10682","7483","13212","0","3953","13041","17681","8997","17515"
"2.90_1375.15","2012","2687","2001","4042","5385","1603","1800","2590","2842","4537","3600","8097","1624","2249","6107","3076","4611","7025","8317","3923","3724","5726","5975","6755","7103","3221","6538","975","3915","3313","4036","6310","2448","2722","557","4830","4404","2354","3992","10004","6607","6056","5438","0","2289","8140","17349","3531","16791"
"2.10_802.63","801","841","1247","1608","1212","45621","2744","783","803","3815","4018","1324","767","1039","910","2187","59329","1321","1154","2021","1327","715","1702","2621","6449","3131","1177","705","2329","1524","1177","4034","708","798","802","1117","1906","1032","5381","1249","1429","5259","943","392","4246","1559","715","783","2358"
"3.58_974.88","38851","26987","20883","31683","47773","11555","27470","39448","45437","59332","35831","91617","35808","29486","54370","34417","58691","79921","44905","35407","43349","29278","90735","62522","42705","81721","66402","16191","58102","40526","33512","61971","35629","34061","14757","42996","70641","26462","58138","120099","64990","51704","74680","360","9701","86329","50560","21716","81775"
"3.47_798.70","39213","57302","35797","42354","42325","40757","14694","26276","22172","21841","15113","39814","49396","36921","30652","28411","14534","25885","26053","23707","23156","23913","18515","23601","27872","16601","37106","17297","28525","29511","42699","37073","30607","27011","17640","47300","14497","33113","16942","36260","31955","21933","31976","110","31333","37125","37607","33856","34992"
"3.55_1000.89","10856","17096","5078","12917","19155","3810","8223","15305","13492","19436","11373","22218","14752","12923","26021","12767","14605","23141","13591","12777","10139","16692","35475","29138","18356","33407","30171","6101","22227","18547","13637","20519","11116","13821","7873","18769","41362","8435","24389","34053","30596","22013","14656","339","3695","122460","34726","12370","23675"
"1.96_1227.76","7308","7474","7570","8615","7232","9403","6971","7799","4498","9138","6349","7848","4417","13390","10510","9331","8453","9666","8646","5680","6746","9221","8331","6254","3831","6999","10939","2465","5221","8026","6430","9227","6858","4901","4643","8000","9311","3671","9245","6767","6338","7530","7826","68","7435","8526","15229","6916","9207"
"3.25_931.78","5552","9893","3357","8337","9941","2739","9130","8552","6875","9435","7325","18519","7108","5366","14029","7040","14683","13288","13174","6986","5981","5654","20468","17502","10698","20473","19916","3038","22231","8863","10659","17421","9808","6928","3078","11934","17228","3908","12657","18995","26663","15848","11341","197","3243","24603","17727","7896","15202"
"2.53_1002.83","3400","3443","2904","5837","5554","1992","4674","4120","4767","6055","6060","8717","2323","2410","6473","5474","7250","9847","6951","5433","3836","4210","19262","7908","4178","15680","9533","2237","10148","4050","6214","11188","5227","4667","1971","4660","6245","4751","8385","13785","11657","6835","6375","159","1309","11816","5744","2543","5656"
"2.16_759.37","11026","13289","8049","10909","7397","8551","11212","10026","8056","7660","5233","15910","9723","13345","7460","10864","10021","10856","7022","7383","8390","14164","12735","7733","12897","10105","15270","2288","4477","14246","12458","15098","10796","9557","1493","9339","8635","2574","12553","8285","8381","7603","12201","85","10773","12655","10938","12196","18553"
"2.58_789.76","3794","10595","1798","9686","6619","2640","4761","11082","3398","2205","774","9130","6763","11313","12026","5172","8142","5746","3887","6585","11237","14009","7224","13127","8065","2403","11899","1110","3777","10446","2505","6715","10381","1885","674","13464","6824","982","12574","8968","5367","5336","9598","90","7283","11326","8226","13474","7602"
"1.15_680.45","10841","11496","23335","20542","15786","15633","10896","13488","10214","10297","7445","17212","10941","33095","17821","15989","14787","18014","10743","16145","15979","21432","18561","22436","8272","13597","28955","9768","27849","20091","13399","15544","12379","12090","9225","14961","8014","8332","15009","16490","17322","8000","16649","183","7569","13703","37875","9641","31648"
"1.20_844.53","2661","2925","2341","2141","1996","1612","1860","5837","2105","1648","1267","5539","1024","3324","5424","4429","2479","3288","1792","3830","2377","5439","4885","4855","1063","2900","8492","1598","12019","6629","2479","3635","4071","2481","1231","4301","1771","3172","2350","5503","6176","2303","5628","56","1742","4978","19636","3678","13003"
"1.13_806.55","3727","9007","5968","6725","6317","3941","3711","4340","3457","5822","2568","6831","2458","8974","6685","28739","5939","29711","6258","7108","5584","7037","9087","8820","5739","6435","9283","6901","12103","9255","16799","5529","4568","3454","2150","8513","3529","3775","6243","5586","7975","15327","6718","110","2504","7634","20687","3993","21299"
"1.41_833.57","2742","3403","2546","3061","3796","1324","2314","7673","3803","3102","2958","7675","2220","5492","9699","5923","3273","7663","3961","6438","4688","9268","7620","8748","2356","4688","12646","1523","16492","10113","4130","4251","7218","2871","1694","10417","2936","2166","6875","12200","11586","4609","9030","68","2355","9524","31924","6861","20191"
"1.60_842.59","3891","4320","3903","4712","3615","3337","1762","4390","2798","2492","1651","5029","3059","6316","4232","3327","2873","2732","2564","2567","3352","4372","4071","3905","2263","2411","5914","1611","5643","4000","3952","4701","4455","2701","2138","5694","2736","1794","3658","4231","4976","2953","4491","100","3317","4911","19794","4584","12004"
"2.31_770.61","20467","23954","14370","19800","19707","13452","15255","16171","7908","10440","7799","13903","21052","24138","16550","15954","15588","15402","16048","11225","13444","33182","15739","17619","17901","13052","24019","6316","6547","16812","14836","19979","17521","14496","7331","21331","13204","6625","14930","15665","13432","11965","15848","329","21038","16303","60185","16548","38203"
"3.19_684.61","4550","4877","3324","4394","3810","2896","3374","4472","2900","4734","4590","3847","2857","4462","4282","5511","3934","3590","6080","4617","4668","4999","4780","4563","5392","5707","8051","1442","6285","5387","3741","3321","3714","2761","1289","3481","6814","2588","4964","5229","3050","4525","4544","112","3209","6535","16815","5515","6690"
"3.35_977.85","2805","2353","2431","3590","1080","1352","4260","15087","6995","5100","3694","21327","1004","3080","6452","3097","3472","5624","4207","4343","3309","4582","8655","6327","2560","6359","11383","1358","25208","4315","2944","4617","13968","2668","1523","6286","3122","3122","5469","35807","26233","4224","7793","101","1043","5699","18164","3691","16730"
"1.40_848.56","1350","2205","1631","2262","2361","1824","1754","11436","4099","1777","1758","10343","1437","2761","6743","4062","2637","4922","1826","5091","2748","6838","3251","5285","1308","2885","9014","854","17687","6553","2378","1586","9315","1861","1105","8527","2058","1731","4448","15781","10814","3430","7541","255","2075","4889","28551","3419","24595"
"1.58_818.65","3293","3563","3141","6627","5897","3722","2582","4756","2698","3416","2089","6833","1985","6242","4795","4966","4024","4736","3738","4025","3648","5428","7739","7167","2175","2717","9803","1300","6407","6760","4017","4819","4795","2326","1878","7510","3126","1885","5896","7259","7374","4308","5338","143","5150","7609","26707","6165","20143"
"2.88_520.51","1719","1921","835","1126","2219","783","4504","6929","6188","3138","3452","3232","2042","1404","5752","7148","6186","8317","6997","8784","8656","12727","4285","10363","9980","5965","10397","2117","9680","9392","1534","2475","3377","3299","774","9343","4080","3686","5733","3918","9958","4589","1933","183","1925","6656","22923","3071","14359"
"2.38_1522.16","43780","60330","41624","54375","45012","28004","16448","68959","34589","27920","25844","62306","43263","85581","71013","59960","41624","45255","27410","45726","45997","62951","54699","81326","37901","31014","84180","7497","53573","61187","44310","68614","54119","27762","14280","61814","35194","10056","72643","56936","46325","27252","76154","1318","22590","80235","240449","42425","166289"
"1.84_800.58","48870","52337","55031","86146","86631","46898","44622","78558","41362","51991","31916","92072","43563","95039","85451","70713","63407","75646","57426","58966","72957","105100","84072","95527","46618","47822","111953","22277","83049","89984","66596","70976","73709","48905","25308","93735","52042","28358","73716","78075","78255","60827","76684","2269","67652","87692","322016","97159","225728"
"1.68_792.57","458","771","768","621","910","1020","1526","26936","8363","972","3283","25514","975","695","20752","4092","1227","9080","1857","8919","1413","7654","6865","8344","1015","4352","13144","543","60143","11277","695","994","18140","2339","563","11974","2880","1103","10314","42977","32112","3630","22327","299","357","6757","49538","3937","51498"
"2.13_896.59","5093","3822","3709","4842","3912","4565","6487","5393","3034","6454","5410","4973","2958","6364","6511","5997","4021","5389","5062","3898","5078","9751","4641","5332","6453","4625","6735","1224","2596","6102","4370","5984","3944","2524","1496","5430","7005","1958","6037","3917","3810","5543","3847","0","2687","5381","7683","2971","7709"
"1.32_872.56","3978","3579","3491","4222","4589","3284","3768","12146","4195","3039","3059","11443","4518","7259","7869","5053","4415","4616","3204","5976","4521","8162","5609","6552","2623","4034","8152","2139","10274","8012","3696","5514","9070","4347","2701","7050","3157","2729","4504","11564","6977","3829","7350","246","2768","6193","29264","6148","19746"
"1.70_776.58","14803","14937","17030","19849","24610","13239","10867","20476","16009","15287","10710","33016","13427","36913","31731","25730","19065","25077","14850","23318","23135","33601","22525","37144","14925","17878","38522","8560","36246","32516","21162","27004","20019","13532","14526","30692","18069","11114","25534","29480","28317","16670","29447","314","9160","36731","84608","20365","60232"
"2.92_704.58","14299","14951","9822","28392","30306","20305","13400","9799","11813","26224","14646","30737","6423","18396","27145","17762","23533","22279","26195","10157","21781","12860","27066","19008","23216","17540","11279","8595","17353","12567","18187","16552","8782","12863","13165","17025","20727","14041","14514","20017","5033","14438","10645","294","16145","18183","28583","27089","54617"
"1.97_599.50","9900","8215","6572","8616","6188","8643","18293","5671","3719","51572","11478","3903","3983","5717","8054","3260","8398","5529","14745","3436","5424","4150","5646","6042","4596","6769","3756","1506","1727","2774","5423","4125","2429","2562","2367","3393","9731","4265","4225","2390","1788","16543","2689","566","10729","3182","4118","11080","4506"
"3.03_931.77","7655","7751","4279","10520","11767","3923","6017","6391","5374","8488","6314","10225","6573","5922","8881","6127","7425","8913","6795","4808","4761","4911","16931","9723","7659","23991","12703","2530","8823","6029","7092","12748","6619","5137","2862","9099","10294","4477","13507","11781","10330","6289","6681","201","2288","13827","11166","4804","9194"
"1.60_756.55","12192","15436","20176","21136","25929","16981","9901","16365","9877","12787","6772","24390","19283","31053","17847","14439","11824","15536","11059","12622","13684","28077","18639","17377","15259","12580","29538","9981","18428","17792","26266","22898","21578","13220","9835","30315","11768","9113","15860","20539","19851","11820","25348","383","7898","16608","49583","13746","55177"
"1.33_820.57","1697","1784","2577","2784","3582","1332","10328","16954","9609","11473","6822","4451","1749","4263","9554","13665","12833","30344","10026","26491","16545","15965","9111","44461","3093","14308","19881","3026","45337","30203","2994","5048","5165","4113","1135","22186","9166","6611","20459","8046","18539","15346","6878","199","1594","19651","36219","4626","24572"
"2.84_663.57","13429","17590","14260","21553","27361","14783","5685","8058","7196","7468","5748","26559","11901","17532","17810","10207","8289","10648","13267","9256","8744","13859","16665","12858","9207","9045","16302","3788","9037","8407","15660","21383","11617","8600","8384","14704","8018","4724","9968","25142","11559","10304","17704","236","15004","19169","31954","16002","36595"
"3.19_751.82","291","5549","2550","7232","11165","4631","465","1632","543","4647","416","11446","4130","3855","9561","4310","2945","6848","8626","6824","5103","11093","5158","9938","10940","1150","8632","1031","1872","5169","6572","9767","2670","4192","445","9265","4371","415","668","11469","6868","2639","8621","0","1330","10883","10367","4940","13826"
"4.11_577.57","5269","5255","3812","5977","8988","1367","2337","8708","7227","6002","3233","12405","7692","8437","7524","5039","5344","5948","3534","3948","4107","5385","8555","7947","4083","6059","11477","2395","10459","6716","7054","10209","6249","6188","1514","4541","3904","2656","5142","15580","9611","4525","8204","120","670","9685","11025","2422","11564"
"2.60_757.60","1583","2278","2694","1986","3830","2509","3707","2568","2522","4326","3388","3450","2133","2014","4853","3288","4330","4632","6498","3764","3782","5849","3436","5448","7841","3266","3649","2413","3054","3460","2024","2855","1909","2380","1821","3714","4217","2690","3373","3131","4497","3874","3075","44","2050","4087","8657","2677","10329"
"2.53_721.57","5663","8159","6866","8105","13542","8026","15923","10956","10078","20642","13416","12419","8255","7757","18740","11263","14601","16105","27173","15468","15793","19276","11358","19918","29111","10418","13453","7459","10203","13394","6502","11891","8550","8547","8768","14270","18828","9002","12569","6387","13508","13220","12374","215","7852","13430","26735","10588","30678"
"3.57_986.87","7738","10959","4028","9347","14329","3196","6296","11189","9676","14881","8688","15468","11354","8150","19580","9136","11400","16395","9867","9953","8617","12184","27248","21089","13659","25095","21141","4052","15848","12342","9591","16180","8650","10001","6228","12996","27933","6495","17826","25547","23729","15783","11363","328","2804","82863","25072","9294","17811"
"1.86_776.58","21050","20852","24227","21789","23246","17083","15113","28603","21567","20190","15332","33036","12011","31726","34854","41179","27274","32934","19826","32351","29293","41076","28685","48742","15905","23596","47224","9293","44724","41919","20117","29133","18955","15327","14752","40577","22697","15170","35995","30375","32812","25350","28282","377","16007","43401","105304","24023","66360"
"1.58_843.66","4116","4362","3859","6479","6374","3418","3093","5103","2771","5165","2175","4950","2346","5535","5767","6662","5774","7731","6113","3973","4716","4841","7929","7159","5727","4829","10919","1230","4641","7089","5247","4695","3157","2835","1991","6613","3700","2561","6291","5673","4905","3770","4036","204","4763","6650","18971","6104","6264"
"3.37_974.87","35512","38002","28991","50837","72854","19867","32129","27227","31587","33238","31426","47316","44615","39240","45100","42323","35267","41453","37909","27727","32213","30418","64185","44804","44577","58031","55378","18685","40598","36837","42975","72866","30208","32722","21176","37778","42586","30630","39227","53955","46428","30960","34819","724","8756","48694","35090","20034","41720"
"2.86_849.64","6541","7162","5689","6490","6891","4871","6328","7112","4805","6690","6486","7159","5494","6365","6987","7390","6342","7099","7603","6448","6355","7472","6944","7216","8613","6541","9139","2970","5448","6983","5702","6394","6386","4503","3084","7553","8492","3474","6974","7228","5822","6315","6075","43","5884","8306","13855","6548","7330"
"0.88_660.42","3295","3353","3983","4510","3893","2400","2413","4877","3319","1843","1764","5264","2241","5743","5305","4206","2633","3114","1642","2983","3162","5450","2870","4020","3119","3204","6183","1678","4068","5244","3967","4100","3614","2031","2174","2187","2022","2666","2626","2689","3003","2848","4048","188","1455","4185","15981","4091","8813"
"3.19_369.35","41497","59037","59066","76646","107345","52193","38068","58318","43249","55293","42147","130137","82764","68837","103098","64687","50647","69276","83185","61786","57287","103346","68102","81639","81455","48763","85899","33555","73069","59953","69642","91051","65116","68096","30952","90747","46605","47083","50189","108435","91188","58346","102534","1162","45096","87388","163177","64825","211071"
"3.40_709.62","4224","5916","5217","6546","6594","5315","5151","6357","5443","7149","5263","9762","4957","5956","9467","5915","7847","7619","11024","6702","6055","9995","6533","8454","7788","4839","7521","3444","7227","6026","5555","6134","5415","5737","4161","8582","6006","4493","6050","8937","9438","7462","8632","137","5285","7348","15590","8473","18278"
"2.59_811.60","14902","23510","10653","19279","14462","11206","12172","20486","14961","10370","10740","16877","16328","22886","21417","14406","16072","14530","12273","15115","20995","22064","16015","21376","16715","12099","19110","5708","14653","16860","13384","15816","18395","11612","6757","21992","15193","5697","22546","17015","13194","15357","17263","276","16082","18639","43482","21630","33931"
"1.53_822.55","4819","2928","11659","9947","11466","9021","9143","7462","6536","6845","4118","9748","11906","12864","6705","9582","11528","9022","7182","9314","7911","14091","11064","9755","8645","8076","12742","11635","11327","12212","5903","10632","9221","11124","4805","10335","7912","7479","9384","12984","7821","15216","10550","182","6298","11913","12719","7736","14461"
"3.01_989.85","10259","10151","8092","15480","22042","6755","9465","9099","9229","10715","9205","17821","11660","8361","13043","10347","11258","13065","10591","7467","8490","6316","26038","13895","10972","25944","19941","3780","14546","9159","14172","23996","10102","8617","5157","12462","12643","8706","15442","20946","16119","8445","9908","78","3152","14299","11942","6774","12416"
"2.33_1469.13","4868","4642","5415","5490","5844","4598","4849","7023","3071","3905","3992","6246","2311","7163","6291","7012","5704","7843","3950","6215","5666","8117","7989","5693","7243","5684","10479","1140","4293","7153","3729","5580","5236","3051","1881","6689","5572","1948","7476","5687","3534","3034","7539","0","5268","7147","20488","6126","10212"
"1.53_843.66","5904","5442","8707","11960","15778","6496","4137","7048","2841","6087","2792","10079","3245","13047","7738","8604","7788","11214","7076","5842","5389","6542","13615","10864","6107","6249","18783","3024","4477","10200","7480","14177","5663","4243","2676","7470","4553","3455","6106","10367","4217","7126","7273","150","7287","12241","22973","10992","8168"
"3.65_822.77","83244","75779","59691","53654","75696","25239","128278","164443","140598","89101","80326","200611","71295","46159","217523","175844","146729","279244","147830","260295","239666","367396","245704","211530","178006","280016","289456","148710","258233","196468","98594","118617","119064","329954","46507","254089","177270","295019","250405","340083","329401","258173","287117","2626","93795","356443","271721","230679","297123"
"1.21_804.54","2532","3413","3585","4777","4168","2375","3254","5607","4299","3648","2847","7630","3200","8010","7414","8071","4674","9670","3400","7581","5351","8322","9711","8927","2104","6626","16286","2099","16111","13075","6285","7742","5613","4855","1682","11260","3337","3351","6088","10679","10794","5752","9043","209","3623","11758","23807","5315","15105"
"2.58_763.66","4649","6568","3288","6442","5390","3147","7438","5409","4119","4032","5061","5760","3227","5911","7331","6763","5694","6614","4720","7133","8895","8301","6378","8623","8032","4383","8289","1470","4205","5526","3487","5699","6722","3253","1608","9111","6738","3401","8713","5922","3984","6814","6228","88","6283","4236","18098","6011","10483"
"0.18_184.07","4706","5084","4263","9441","7487","5773","245","300","219","511","89","301","256","4814","313","277","254","297","250","313","400","424","894","182","107","368","422","142","374","391","5655","1090","417","182","1451","517","193","101","192","550","384","259","436","134","1691","777","787","472","509"
"2.53_800.71","16442","21072","15424","14913","26679","18443","47878","31471","28929","56891","40528","26180","20357","16619","48158","37199","44862","45308","70107","40069","50143","53152","26606","55875","78386","31739","32121","21308","22654","38854","16087","26944","23266","21146","24982","40924","55896","28232","32741","16722","30258","39864","28906","347","24660","31746","55913","32098","61163"
"1.82_809.57","2291","1326","23305","8531","2969","4010","2382","3986","2524","2827","1864","7015","2604","12020","12782","14891","14815","2525","2430","12102","8831","13737","4129","11050","2258","3123","3137","2561","11770","3219","9006","3868","8849","4367","1903","3206","2468","8888","4215","677","10444","9110","3044","238","10138","3451","8391","3933","8336"
"2.05_806.63","12038","19293","12962","15663","5647","9253","11555","11286","6380","8580","7759","8090","18283","14068","9030","7276","8126","6952","8501","6858","10330","13624","5803","10006","9582","7679","9973","4146","2899","6719","10716","11018","17252","18818","5970","9159","9524","3860","10918","3111","3693","4539","8963","345","5764","9039","14223","5024","9493"
"0.94_704.45","2692","3766","5783","5732","5545","3697","3746","6144","4498","2970","1764","7948","3160","7917","16031","8006","6137","18693","3616","12978","6270","12175","19106","9716","1660","7842","16584","2660","24195","14845","5150","8445","10072","12820","1980","11387","2665","4437","9269","11588","14673","5292","18945","106","2445","18625","14985","7343","12834"
"1.05_314.34","13102","3020","1432","20459","1889","4969","1080","1473","5182","5315","811","1542","1280","2544","1808","961","6368","12850","8188","2101","4847","30955","21837","2261","1154","47410","19207","140256","6174","1413","1709","2742","1400","13436","1497","1063","953","907","1053","2334","979","1092","6705","875","1268","1306","152181","18594","1820"
"1.52_836.54","3572","3840","7588","7787","9247","5334","4535","9126","3925","5537","2903","11284","5799","10195","7064","8236","6420","8037","5002","7568","6199","8423","10418","13426","6018","5857","10528","4217","7595","12711","3971","14428","8232","7079","2433","5564","4237","3011","4345","12944","4434","8320","10726","0","3444","12091","17239","9315","15204"
"2.12_367.34","8579","9417","9929","11743","13484","9908","10347","8045","8533","15648","9691","13965","5885","8085","15483","11210","13894","14690","24265","11662","13249","10902","15433","14233","16641","10017","11029","4501","10929","11252","9104","11917","7791","7564","7937","10423","14451","8263","10793","12987","13961","12957","12784","308","9100","15705","17312","9787","26160"
"0.72_720.44","1703","2776","4599","2824","4533","2912","3975","4683","3010","2188","1639","7966","2285","3277","5963","6968","3500","6906","3197","6892","5733","7985","7019","7151","2394","5246","11197","2330","17715","9156","4315","4601","3947","6067","2723","10477","2373","3649","5971","8758","13949","4855","8986","136","2244","8810","16742","4978","16847"
"3.14_911.73","7583","8995","7566","12684","18407","4668","5594","7213","11902","10481","9768","12791","5157","7387","12399","11936","13187","15194","12677","9541","8503","6822","25389","14744","10653","18997","18058","4177","17134","10016","10777","19712","8229","5282","3838","10380","6372","7367","14643","24045","17171","11174","11785","357","3600","18178","12567","3600","13979"
"1.17_834.58","2164","3050","2351","4430","5044","2603","3040","3643","4574","3918","2598","4201","2261","4238","5850","4139","4692","7300","5392","5562","5390","6809","4858","9461","6448","5842","6242","3986","5902","7496","2534","4035","4013","2961","3142","6853","4827","2730","7458","3803","4527","3799","3670","181","2343","8981","17775","3517","11528"
"2.40_536.50","3567","2887","3223","3285","3678","3111","5545","4438","3152","6178","4661","3721","1963","3640","3888","3893","6321","4800","7740","3509","4045","3773","5141","5549","4129","3259","5535","940","2420","3837","2480","3622","2846","2018","1060","4014","5062","1841","6112","3988","2322","4240","3237","117","3669","4142","10555","5225","6512"
"2.15_759.31","8668","11417","4916","6599","8244","6582","6789","7781","6448","9883","5779","10442","10754","11651","6545","9810","8318","6475","5108","7230","9620","11649","9227","10000","10968","11604","12015","1976","7365","12014","11742","9701","9642","8558","998","9432","6661","5587","9500","11319","7843","7887","11444","72","5401","11243","11536","8638","12835"
"3.17_832.67","12302","10469","27900","14740","19333","21634","14283","20829","19665","10326","12021","23374","28971","8618","15094","15710","13806","15750","10867","17852","15118","32104","9931","12851","12917","7967","15583","17052","20527","19158","17056","14133","21548","30569","11928","19839","8236","18438","13901","18731","16642","20546","22526","129","19346","13737","25302","19111","33676"
"3.65_721.65","4413","4654","3501","3712","5189","1479","7336","10604","8280","5139","4818","14608","4026","3030","14409","10455","8535","18329","9475","16336","13765","25371","16404","12537","8509","18897","19091","8796","19255","11940","5656","7485","7335","21961","2668","15536","9568","15532","16395","23447","23879","15698","18739","307","4715","23703","20118","12826","23884"
"0.79_652.42","13134","12980","46402","25481","22708","24700","13909","19336","17526","12592","10437","39186","16494","42637","26468","31484","21080","24825","14835","26098","21754","34211","25276","29435","10324","18378","46549","10867","55217","32501","26158","22558","19828","17954","11710","28025","10992","14295","25915","41190","42378","15113","41560","247","11177","31110","62709","14739","53738"
"3.02_988.85","18607","17232","13205","23614","31311","10337","15135","13775","15191","17513","15209","27061","17812","13794","19929","17302","18690","21698","19279","12335","13295","11385","41185","21384","17045","40357","30468","6404","24763","14042","22605","38224","15184","14603","7921","19945","20113","15379","24594","35293","25020","13794","18333","90","4502","21856","18169","11506","19225"
"1.31_820.53","1996","2656","3792","3940","3709","2860","3474","13696","5463","3059","2205","10977","3090","5598","12113","8091","5515","14146","3443","10002","5438","10316","14149","10107","1586","6808","16461","2648","16701","15885","3227","7535","14830","9069","2427","11108","3256","4143","8266","22960","15158","5973","18786","226","2822","13605","19768","6687","19332"
"0.21_146.06","5067","4614","4570","5566","5094","3267","3223","3901","3368","5073","4857","3744","2984","797","4599","6680","2688","5332","7119","4380","6199","10973","3693","5373","1139","7134","3809","3964","3328","3206","5802","3330","6001","4342","5686","6704","4687","3225","4619","5947","3179","7279","4295","301","6216","5792","3417","7102","4047"
"1.41_876.60","2431","1809","1476","2097","1876","1942","2256","5544","2644","2019","1332","5908","1196","3738","5205","2713","2249","3385","2173","2944","2596","4255","2832","5014","1382","2662","4223","1268","6479","3569","2198","2322","3629","1959","747","4282","1950","1393","2934","5191","6099","2563","5263","137","1592","3029","15250","2758","12166"
"1.41_791.62","7204","9884","11169","14045","15251","6883","4966","8959","5873","7413","3132","14392","3625","16091","11557","14763","9131","16922","8402","11098","9985","12201","19238","19798","5039","8281","28503","2486","20668","21164","12623","17957","10638","3812","2512","18214","4953","3533","13259","21440","12747","10565","14479","135","6321","24285","37922","11160","28597"
"1.53_874.58","1104","1565","1701","2145","2380","1386","1536","11293","2724","1287","1614","8480","1409","3224","3217","1854","2245","1766","1151","3337","1785","2747","2534","2827","1342","1710","4500","1365","6060","3956","1578","1736","5896","1944","703","3093","1447","1087","2292","8493","3375","2271","3958","203","795","2943","14702","2393","12082"
"1.31_888.56","2215","3650","2528","3140","3140","1771","2548","8907","3757","1728","2135","6824","2468","4557","6947","4429","2277","4479","1896","4612","3337","6280","4511","5160","2006","3241","7305","1782","8994","7435","2715","4315","6393","3356","1319","5127","2235","2348","2911","6658","5834","3189","6171","115","1919","5090","18554","6038","14994"
"2.85_725.62","24230","32625","23985","31846","39417","25297","12055","15945","13071","13665","12025","40136","21795","29001","30368","19693","15995","19047","26388","18063","18440","25083","25326","24432","20708","15454","27426","7732","14641","18389","28461","31848","23595","15382","15329","26385","16961","12111","18489","35661","21794","21604","32208","119","27256","32110","48381","28114","50476"
"2.95_1136.80","2305","3675","2586","3370","3743","3419","1744","2875","1693","4970","3911","2573","1402","3297","3673","3343","2414","2827","2625","3428","2880","2134","1833","4678","1324","3125","2496","941","1450","2233","4014","1896","2297","1705","1344","3726","4995","1839","2329","1706","2228","4804","3562","0","3143","2010","10882","4766","5777"
"1.33_876.60","2675","2623","2496","3052","4518","2938","2986","6696","3447","3036","2742","6540","2761","4693","6174","4651","2817","4263","3085","4407","4707","6326","5201","5970","3553","3924","6631","2717","5455","4976","2418","4557","4114","3784","2221","4078","3797","2355","3617","6455","5355","3682","6224","223","2173","5872","18494","4258","14799"
"3.33_911.73","1647","1450","1131","1899","2171","978","1683","8751","4634","1816","1847","16837","1101","1561","3784","2054","2207","4515","1538","2839","2440","2953","5447","3496","1380","3226","7629","966","18268","2990","1612","2807","9562","2197","874","4156","2112","1488","3721","26013","18225","3148","4721","307","517","4766","11801","1684","12755"
"3.21_764.83","4559","798","498","6122","469","2436","2301","6602","7499","5940","2929","3637","3301","0","2562","4640","3053","7980","5318","5012","4207","5026","4572","4132","4362","2570","4899","367","7487","9526","8380","0","2143","7717","604","8739","568","5487","3845","3214","5346","10534","5549","0","5567","4120","3797","3789","4433"
"2.15_760.42","3741","8451","6681","6909","7607","3155","3827","5128","4061","2966","3751","3966","6801","3917","4130","5459","4555","5816","3031","3289","3614","7103","6491","9283","3898","2690","10039","2089","3594","5467","4883","6816","5368","3666","1290","7779","3634","3362","5569","6563","2719","3736","4937","92","3253","5566","14812","4953","11219"
"3.54_917.79","8856","12397","6226","11358","16656","3794","7531","11507","11151","16699","9015","23664","9348","9161","23633","11622","18208","20059","13246","12312","9502","11997","35670","21868","15149","26325","22557","5238","19099","15933","12088","17638","8839","12931","6898","12252","24323","7985","17950","30005","27215","16848","17693","376","2838","62256","25596","8865","24601"
"3.19_906.77","22328","23531","17954","37109","52985","10721","20988","22500","26066","30508","24656","59308","22254","21687","35391","27271","35615","40822","35506","23311","21025","19927","87883","42364","28025","59877","54901","8744","51220","28478","30145","58463","24840","20897","11011","28402","26322","18532","40090","78825","58119","30666","34337","601","5516","52472","41266","13496","59412"
"3.20_931.77","9924","10342","6182","11873","15928","3327","8732","12301","12946","12066","12239","16530","8135","6824","13409","10537","13641","19220","12790","11741","8104","8862","28599","19344","11573","29161","21875","4797","24459","11830","11244","19135","10379","8877","4088","12695","18535","8114","21849","32079","24440","17345","10863","111","2899","37943","27458","7852","18401"
"2.49_367.34","6032","7251","7442","8785","12431","7113","6706","5863","5306","11051","7048","11954","6379","8048","13141","9004","10277","10124","16164","8406","10271","10230","9459","11789","14523","8192","9436","4191","8701","8425","6741","10049","6961","5816","5970","10420","11249","5690","8118","10296","11400","8816","10476","232","6915","10201","17918","7328","25258"
"3.15_767.71","27461","38941","29687","37895","49106","32149","24923","22123","21276","23708","19482","30452","45635","48298","33369","32597","18278","28095","33900","27927","33867","41836","21119","33337","46127","17833","30776","27066","22124","29873","37716","41567","31334","26775","26244","39002","28846","26816","22270","26575","24646","25299","30398","331","28849","31183","41175","30568","41274"
"4.11_577.52","98384","103986","90536","138654","160646","33997","56078","193547","136955","133596","70909","265289","141620","147879","158848","109123","124048","120711","77064","86009","85344","99791","179819","148217","81850","128737","201164","51891","184875","131893","133293","179587","117998","137039","39517","91974","84388","57622","106292","263514","205092","92279","183435","1823","10957","181522","186791","50551","246432"
"2.22_743.54","5788","3479","2298","4139","4402","3748","3908","3754","3292","6218","5449","2270","2929","4450","2657","2771","5412","3008","4199","2514","3587","3440","2086","2547","4646","2990","3691","1985","1729","4648","3982","2836","3599","3407","567","3504","5697","2017","4166","2854","1482","3182","2990","85","5487","3072","10582","3942","3184"
"2.12_797.69","12354","11569","11452","14536","20324","13863","15642","8743","14548","22223","18200","19096","7935","10105","25077","17887","22073","23662","39477","18753","19795","13969","26192","22047","26275","15841","13751","9454","15946","13664","12535","16807","10752","13239","15251","16975","19196","13212","17152","19619","20598","22892","20346","186","15618","26470","11851","16380","22682"
"3.01_946.81","4918","4971","4863","8555","9171","4214","6569","8683","6977","11514","9337","14757","5294","5396","8364","7095","9620","9499","7580","7197","7254","6175","21215","10922","6536","13264","13018","4198","12315","7093","9119","14038","7505","6826","3274","7374","9422","6201","13322","15680","14821","6382","9468","177","2535","10679","10234","4844","9626"
"3.18_976.85","17712","17452","15596","26733","30856","9669","18232","15718","19641","19924","16942","29070","13962","15417","21155","19630","25418","24084","22260","16578","14857","10995","48637","21410","15841","37545","27328","7815","24585","18451","20966","30464","16214","16050","10211","16671","18525","13390","23496","35812","31668","20535","21208","281","5305","26355","16438","9549","19876"
"2.33_732.67","4763","9695","5834","8702","1311","8782","6294","4403","5612","10935","10284","9114","8905","10907","9717","8509","8942","8045","8045","12351","10033","8774","10544","9609","6160","7979","14542","1932","4911","11364","5681","10651","8558","5728","2466","8608","6440","5632","8425","10282","9334","6111","12214","128","6021","7521","22863","12809","7559"
"3.39_871.74","20195","20463","17122","34036","52387","10328","18507","23371","23088","24427","21838","56597","24802","19900","36367","26875","27438","37085","27283","20471","17905","18443","72821","39766","26424","54288","53373","10351","47813","27783","30407","62307","25290","22062","9076","28197","25188","18842","31709","74704","50953","23142","30619","397","4183","48577","40324","11346","45504"
"3.17_962.84","15547","10270","13018","15444","19966","8200","16754","24021","21675","28507","20440","24734","9187","11337","14032","14424","21296","20359","16606","18796","20536","12504","38945","22720","8989","22540","28381","7978","29512","16153","19787","21826","16519","8792","4830","15735","12094","14832","25674","33383","23293","14950","20741","129","3834","12846","19467","8193","17631"
"1.31_890.57","2450","2509","2559","3058","3331","2330","2312","8454","3288","1711","2750","7901","1902","3925","6010","4480","2442","3750","2169","4264","4267","5366","3771","5037","1853","2867","6979","1318","8567","5967","3524","4046","5596","2912","1592","4063","2325","2488","3523","7667","6134","4005","6052","0","1754","4927","17940","5278","13062"
"1.99_835.65","5606","4913","9253","9093","8062","5856","7121","7071","7383","4884","5999","8372","6742","9335","6927","5464","8210","6850","5208","5505","8816","9649","7976","7572","5817","6241","7232","3096","7521","7851","4679","6450","5637","5875","3756","7458","5771","4799","8283","6733","5476","7265","6638","100","10480","8227","14736","9054","12962"
"1.14_848.56","2500","2570","2720","2272","2706","2421","2305","5756","2721","2913","2109","5823","1455","4080","4456","4574","2961","3178","2675","4019","2407","4540","4130","5743","1680","2835","7191","1456","7030","4827","3361","2791","4426","1635","1693","3812","2937","1947","3354","8048","5905","2631","4703","156","1067","3979","19556","2967","16998"
"3.00_293.21","2779","3068","2751","4607","4337","2581","2923","3280","4322","4561","3753","6407","2476","3838","5376","3030","4685","5254","5810","4243","32972","3974","5079","5804","6038","3859","5596","1997","4367","4000","4153","5681","3856","3734","1316","4891","3286","2865","4027","7370","5686","4986","5261","180","3010","6937","9975","3767","11315"
"2.07_166.06","5986","6029","5607","6496","6107","4877","5578","6066","4558","5068","4303","5881","4357","6971","7105","5533","6335","5469","5566","5366","5832","7402","5832","6810","6238","3666","7129","1846","3990","6926","3905","5730","6604","3933","2490","5592","5896","2637","5962","4513","4610","5851","5444","0","6219","5448","15315","7834","8299"
"0.18_140.08","2739","3557","2594","5307","3594","3061","45","140","39","117","46","107","42","2487","134","70","32","78","47","41","80","224","368","55","44","145","328","55","107","105","3030","347","136","0","617","321","36","64","54","268","107","179","66","34","1259","443","315","201","127"
"1.43_788.60","4735","5528","4059","7395","8295","1979","4472","8473","5381","5516","2403","12632","2604","8761","9788","16573","10604","16746","6460","11254","8489","11304","19792","16502","3970","10187","29851","2519","21619","16686","11203","15312","6944","6470","1675","19390","3074","4364","10639","20768","15633","9230","10915","236","4500","22568","41929","9209","26574"
"1.99_824.58","6069","5802","3929","5996","5382","4245","3679","7471","5484","3499","4059","6349","4425","6807","7019","4149","4948","4265","4000","5114","5246","6717","4700","5441","4787","4005","6483","1986","4618","6480","5647","6431","5957","5028","1901","5789","3837","3773","4319","5124","3921","4913","5888","182","4625","5074","19883","9358","11930"
"3.20_932.78","10822","9198","4637","11872","13200","3456","6435","11422","10031","12155","8033","17339","8169","5774","13286","9004","10746","12897","10646","7938","6117","7705","25187","14055","8766","27727","17711","3855","17300","9433","8494","13854","7786","8517","5088","10915","16241","6296","19182","21082","20726","12410","9883","219","3411","37686","21670","5033","16264"
"2.33_735.71","9942","9989","10329","10790","12140","8553","9684","12575","4716","8340","6950","11622","4263","13220","10916","11947","10315","13193","6982","11546","9815","13662","12980","10705","12925","10220","16474","901","8648","12314","7899","9662","9944","5643","1245","12408","10666","1334","12199","11115","7129","6892","11953","178","10999","13194","10757","12264","14152"
"2.15_759.23","8232","6313","7727","7408","5042","4553","6091","6594","5840","6720","5677","7474","6901","6537","3925","6370","8284","6872","3650","3425","5740","11946","7747","8402","7216","5408","9421","2907","3820","8068","6398","7741","7589","5332","991","5465","6394","4189","8346","8509","4122","5429","6105","222","5995","7928","7668","4943","8449"
"0.66_125.00","3365","5783","9000","6923","6484","6939","2469","4338","2029","2298","2368","5073","1495","7552","4148","3508","2473","5281","3244","4509","5282","5330","6523","7392","2248","3223","4867","1211","5147","3723","3231","4854","3716","1914","3458","4066","2921","1807","4517","3180","3331","3143","3808","194","4156","5581","18220","5668","11513"
"1.99_833.64","10824","10288","16399","10467","12558","13526","13441","10945","11241","11357","10205","12766","11460","13498","10875","11345","15342","12060","8904","12072","15807","17164","11941","12450","12328","11831","11915","5508","10485","12664","6755","8592","9613","8898","4415","12135","12042","8846","14877","10853","10535","13603","13249","145","14470","14526","20184","13820","16336"
"1.68_784.58","3350","3287","4202","4836","5643","4147","3348","3731","4595","4313","2756","4675","3331","6212","4484","4250","3743","4891","5352","3708","4494","6513","5969","5612","2660","4065","5743","2800","5693","5053","3497","3751","4438","4122","2384","5626","3797","3387","6857","5086","5980","3753","4495","184","3537","4078","14464","4489","25567"
"2.79_837.67","15160","17789","13226","15480","16820","12311","14898","17472","12851","16095","16074","15613","13499","15376","16569","15297","17084","19870","19003","14444","16588","16506","16459","18869","19813","15642","19838","6101","11724","17982","13570","16273","16375","11659","6782","18322","19619","8961","18886","15658","12012","16063","17739","1568","14802","19037","26414","17288","15721"
"1.55_790.62","646","581","1075","820","1073","771","1276","15604","3046","976","1424","16464","500","1426","3563","2045","1720","2602","636","2259","806","2661","2544","3089","414","2004","8178","516","16203","4514","661","946","10687","1185","485","3704","1352","547","2812","31738","11930","1564","5432","253","777","1933","28167","1464","31848"
"3.59_916.80","6176","8754","2929","6879","9503","2087","4061","8068","6261","10547","5669","11548","6922","5247","14494","6325","8256","13831","6753","7028","4594","9801","19189","15517","10272","18066","16091","3952","12487","10745","6185","10232","5541","7930","3885","9117","24842","4144","13780","19588","16762","13483","7917","461","2705","76562","23042","6581","14042"
"1.14_676.45","13370","15292","26684","22359","21699","15451","13361","19161","15174","13146","7236","26891","14888","23900","28311","21701","22144","33634","13170","26962","20601","33719","39322","30526","6632","19507","34402","12880","43685","31106","17590","25339","23410","21330","10674","22671","9145","22358","21303","24916","24535","14704","27889","171","12450","31452","44512","21302","47867"
"1.43_838.56","4553","6549","5479","8916","4501","4341","3123","4199","2833","3472","2959","5860","3718","8436","6147","4289","3364","4884","3885","4421","3756","6230","6525","6087","2999","4308","6787","1343","6855","6358","5576","6041","4758","3511","2700","7300","3631","1902","4995","5857","5258","4113","5399","205","4069","8776","21743","3911","14191"
"1.31_810.52","7291","7497","11504","13285","15425","8214","7385","10880","6254","10728","6418","15536","8015","16620","11365","12975","10236","13934","8868","10928","9469","14094","15669","16397","9109","10929","21022","5774","13345","15306","8859","21517","11468","8716","5343","11169","9295","6291","10303","15791","9502","9090","14849","204","5271","14964","21595","10670","21429"
"3.44_998.87","13377","17058","6342","18665","20119","4135","9257","19172","10644","20731","10434","19430","17655","11865","21471","15895","11628","18251","13994","10737","7861","13670","28395","21820","16327","53245","27387","6235","18507","15613","13602","22952","14665","12102","8856","20323","34125","9150","27716","22477","26737","14928","10611","647","5213","59977","35007","9732","20323"
"2.64_845.63","3707","4563","3583","3913","5210","3411","3294","4257","2513","4184","4311","4074","3475","3466","4246","3667","3702","4217","4389","2800","4138","3906","3994","3943","5003","3722","4598","1953","2919","3798","3703","3719","3783","3410","1752","4163","4063","2073","4053","3712","3201","3185","3657","0","4260","4234","7978","4574","3898"
"1.32_808.51","3736","4358","3923","6466","8171","1854","4336","6978","4595","8682","3462","9021","3014","10903","6466","7509","7035","9897","5842","8956","7303","8173","12932","13073","4604","6678","12764","2665","10051","10928","5107","12994","5822","4831","2287","8125","7052","3846","9189","11699","6467","8424","11718","0","2432","13943","17539","6756","13700"
"3.12_818.72","7835","7560","6645","8442","8002","6618","6334","9155","8790","9364","9411","7348","5914","10092","9277","8953","7213","6439","8220","9233","10599","9928","9421","10490","9019","9595","10774","3684","13222","9972","6726","7755","7692","5139","2624","8073","11703","4980","9742","8711","7228","9742","8809","194","7476","9901","29590","11532","9562"
"2.12_763.59","4308","4527","3969","3728","3994","3741","4209","3705","3134","3516","3280","3609","4010","4171","4055","3981","4029","3593","3655","3987","3811","4291","3837","3567","3917","3605","4217","2328","3452","3919","4196","3515","3854","3279","2590","4069","3656","2865","4408","4160","3328","3929","3743","0","3756","3842","7226","4540","4988"
"0.93_636.42","21139","22963","66904","48621","31190","42619","17776","21501","18607","11409","8260","46200","17433","74375","46093","32457","23536","40954","15852","33172","21798","40542","50775","31218","13192","23190","54005","14637","66731","37956","41251","30958","26956","31725","17650","30214","8139","18636","26085","49662","51217","15454","55987","582","17944","49625","62004","19862","59950"
"3.21_930.77","6096","7477","2038","8621","9385","2364","5020","11690","6187","10061","6306","13482","5801","4577","11578","6945","7657","12653","8334","7436","5241","7914","21798","12939","7898","28296","16693","3142","16987","8145","6495","13152","6374","5920","3902","9969","16596","4545","18934","20586","21858","10335","6603","397","3198","46170","30041","5535","17443"
"2.85_703.56","17837","23648","22903","29285","31774","23723","12420","14278","11780","15066","11350","33888","18443","22570","25030","17943","15817","18371","25911","16315","15459","22041","23429","22665","21138","15809","22088","7489","16049","15902","22069","25393","18096","15181","13890","20305","13923","10863","15972","28266","21098","17587","24221","259","18571","24993","37074","22578","45499"
"1.30_868.53","2416","3276","2760","3991","3595","2323","3034","19051","4856","3499","2796","16183","3381","4999","8789","5569","3634","4162","3123","5491","3594","7203","5524","6315","1669","4095","9614","2317","14393","7167","3217","5332","13018","3731","1545","5277","2892","2503","4095","14530","7150","3653","10939","106","1989","5530","21005","4079","21308"
"1.30_383.35","11078","11854","14460","13202","8346","11972","8694","9961","8418","11277","10616","12777","11214","22054","14520","14051","11061","12116","11020","13384","13995","13705","13730","16195","6495","10255","17899","10173","10485","15962","16295","15236","14997","12733","13965","15605","11219","7383","17095","10935","8811","10121","13643","365","10756","10436","45349","9906","27268"
"3.20_933.79","8151","8462","5802","11964","11689","4236","7996","9514","7923","11260","7495","15832","7938","7524","13136","9239","12403","12007","12097","8301","7716","7440","23846","12268","8739","25515","17401","3335","13152","8924","7546","14900","7794","8051","6585","9272","12536","5657","15145","18451","17813","10226","10512","230","2999","23861","15655","6040","15561"
"0.51_399.25","2192","1731","48535","2319","2024","1229","1548","2142","2664","9552","2265","8937","4168","2839","10757","1710","3902","3289","2045","2359","2133","3299","9941","2467","4221","1904","2565","1888","7024","2793","1860","3156","3606","3024","1976","2057","2590","3104","2237","2442","1576","2342","6859","3175","1450","2105","3090","3996","5826"
"3.65_808.76","69724","63511","54433","46673","66265","23257","105807","140326","111011","77800","65924","173285","64723","39123","187068","153959","119296","218555","124815","205688","192324","282762","207755","167960","157631","224895","226664","124017","210380","164539","85471","104552","101951","271521","39286","203716","151057","238068","206568","279889","275107","206527","239247","2122","79921","288103","219991","185584","242727"
"1.92_831.55","4085","3744","7820","4137","4189","5254","3739","4634","4982","2587","3755","6171","5420","5582","4545","5796","5220","3571","2487","4916","4514","5481","4138","4560","3679","3613","4950","4226","5319","5461","3977","4880","3535","4206","4156","3891","2954","3751","5581","4816","4208","4404","5443","103","3980","5203","7141","3684","7760"
"1.33_860.59","1686","2475","1835","4305","3266","2017","3074","4494","2469","4036","3037","4363","2115","5424","4063","3125","4060","3189","2919","3830","3334","4865","4136","6228","2504","3048","6494","1282","4931","4168","3622","4062","3275","2036","1686","4824","4067","1759","4642","5755","4775","3437","5337","80","2066","4304","17254","3102","10061"
"2.01_665.50","378","572","584","896","370","438","2381","13570","5392","4907","5426","2327","1507","606","4201","4877","9533","7949","6135","13533","16744","9934","1961","19440","7881","8057","5523","2544","2794","9150","141","1337","3026","2256","527","7955","13979","3877","10777","1082","5175","12194","3521","131","1375","5317","24559","7391","15440"
"3.52_630.62","1024","968","717","907","1298","638","2673","3920","3892","2897","2175","2443","1850","1022","3149","5461","3104","5187","4037","4042","4854","5786","3177","5282","6799","3650","6194","1211","4846","5726","1511","2244","2575","2150","622","4389","3208","1838","3742","3040","6451","2871","1494","321","962","4409","15360","1577","7841"
"1.44_789.61","2105","2536","2400","2719","3696","1317","2255","2732","3283","3479","1704","6443","1812","3171","3728","8333","5246","8710","2729","4979","3243","4377","10162","8902","2610","4122","14026","1015","11212","10246","5606","7924","2290","2775","1065","10512","2116","2991","4672","10463","8173","4596","5193","170","1788","12183","23310","3811","13803"
"3.58_960.86","18129","17643","13693","21305","29565","7979","16947","24697","31388","30480","22885","65717","23363","25233","36511","22939","38727","35402","29613","22246","22087","18238","61920","40869","28290","45479","41772","10586","36292","26346","22478","38855","17968","23215","10392","21381","42869","17157","28835","81488","44510","31614","54415","489","4882","54143","31335","14892","43516"
"3.00_963.84","4055","3274","4560","6013","7333","3419","4449","6861","4315","7868","6633","10648","5107","4915","6732","5682","6355","6253","5801","5213","6308","4928","13506","7949","4930","7670","9829","2791","9566","5876","5842","10600","5486","4053","2541","5363","6381","4515","9835","10146","9097","4087","7049","148","1793","7161","7702","4029","8674"
"2.06_1510.13","3994","6859","3480","4776","2239","2888","3350","3366","1529","2360","1978","2447","3786","6681","3115","2484","2474","2010","2771","2227","3228","4473","1762","4418","3536","1514","3256","557","352","2316","2492","4073","6010","3666","709","4231","2584","1034","4348","1528","756","1469","2938","0","2239","3106","9668","2439","2787"
"0.87_692.45","2811","3680","9133","5819","7033","5908","3542","4669","4551","2766","2415","7178","4596","10511","6776","6500","3289","9551","4297","8258","4628","7798","7909","6072","2261","6585","10864","4094","17447","10557","5741","6283","7248","4671","5237","6085","2518","3657","3906","10468","7385","4175","8037","127","2726","12628","21639","4544","7068"
"2.58_785.71","8392","12713","5869","10208","9800","6631","7980","10197","5377","9147","6062","11659","7930","10813","12692","9004","8928","9000","8600","9077","10397","15898","8767","12260","8441","7008","11699","2590","7277","10667","6964","8624","10421","5633","3223","14259","8765","3614","12110","9366","9062","10076","12332","256","7497","11890","32904","14869","21406"
"2.89_827.70","10169","12862","8917","12400","12413","8965","12778","11978","8950","13095","10405","15147","10743","11745","14335","12145","13042","13290","12709","12377","14015","13598","12672","13388","12449","11672","18730","4205","9652","15038","9216","10298","10802","9138","3735","14294","12430","6437","17137","12147","10518","11143","15756","339","10993","15672","41798","13719","24889"
"2.19_1018.83","2912","2033","2542","4686","5234","1844","4139","2727","3248","3774","4310","5516","1723","1744","4197","3445","3939","6385","5312","3377","2674","2046","12544","4441","3551","10799","5707","2033","6367","2529","3454","6259","3620","2609","1778","3708","3513","3247","7487","7621","6695","4437","3835","86","1310","4506","2576","2577","2645"
"2.22_794.53","7996","8148","7219","9525","8917","6463","6929","7706","6152","7030","6344","8673","8935","8468","7313","7224","7320","7831","6844","6654","7130","8884","8267","8415","7776","6723","10387","5693","6785","8338","8610","9861","8738","6759","3950","8660","7580","6409","8459","9034","6452","6780","6751","895","6515","8696","11195","7701","9258"
"2.51_1004.85","5598","3960","4023","6571","8586","2953","5584","3982","5582","6778","5538","8543","3509","3614","7243","5775","7828","11057","8101","5184","5389","3297","18330","8404","5280","12530","10826","2722","7798","5147","5849","10122","5064","4979","3432","6385","6581","5419","8989","13255","8787","7098","8093","203","2491","11207","6108","3196","5688"
"1.41_792.57","35728","44818","51892","64644","64640","32514","23752","42388","24161","34287","18017","68629","16090","69851","57517","61938","42086","72049","37228","50743","44184","54813","84965","82182","22326","40783","120050","9759","87206","91245","56985","78970","48186","22065","13656","79756","26063","19995","55517","89631","58558","47137","67424","1791","31202","102318","202461","49861","137885"
"0.83_622.41","12198","13397","19948","15690","12145","11330","9611","19528","11277","6829","6116","25336","7872","27156","22728","18202","9111","15886","7626","18831","12028","28807","16466","16975","5657","12350","34312","6989","39083","27188","16933","16010","16782","12972","5673","18133","8472","11527","10643","21170","21480","10543","19424","473","5574","20364","67250","13279","43563"
"1.85_832.57","14951","15525","21762","21751","16041","12254","9588","17061","14499","7398","9400","25196","21229","21684","13817","14348","17237","13522","9730","13790","13287","20584","11988","12834","6803","9811","17901","8741","17431","17180","17022","15438","18020","12792","9039","11564","9855","10659","13552","22838","14872","12708","20651","183","17037","18072","35442","15225","29084"
"2.91_696.59","7263","8437","6927","11514","11464","6279","7174","8172","8753","11780","9906","16540","6846","8259","14141","8959","13209","15959","18656","10625","10269","12838","14611","14266","14645","8875","14741","3446","10687","9029","11047","13495","8567","9170","2642","12235","11178","6396","10210","18141","15295","12785","14771","301","6932","16566","27030","9275","33908"
"2.15_760.38","3325","4365","2992","7315","7710","3322","3204","5475","4450","3515","2741","7595","5347","6462","4603","5283","3689","4589","3230","2778","4795","5766","6837","6840","2555","3924","7379","2253","2815","5541","5105","9735","7726","4569","999","6650","3460","2178","3684","4264","2975","4013","6376","0","3307","5788","9726","4693","10020"
"2.40_577.52","8216","7076","3828","5402","4327","5776","7810","10167","5764","10641","11698","3895","5696","9504","8994","6213","8334","9067","9598","5982","7251","6546","5819","7230","11262","6079","8202","2449","6829","11092","4456","5958","7826","6052","1356","7179","12945","3510","9218","6418","4648","5746","7229","206","7902","5764","16465","5209","7472"
"3.02_1014.87","7475","6000","2962","7361","8077","2687","4160","5776","5248","6954","4648","6265","6071","3374","6815","5202","4584","5780","5402","3475","2678","4765","10878","6868","5157","25220","7440","2361","6967","4727","5769","9201","5519","4167","3113","7897","8932","4181","10883","6892","8269","5460","4431","188","2298","12104","8035","4316","6462"
"3.60_716.62","8307","12276","13472","10237","12835","11585","4579","8508","6856","5902","5424","16502","13489","8841","14584","8536","5689","8489","10926","9839","7984","12695","7154","11677","10573","6252","9218","5180","9558","7151","9783","11320","9104","9003","6498","12718","5450","6162","8206","11351","12447","8653","11818","239","5326","12794","20963","6752","30810"
"2.68_880.65","2651","2320","9881","4147","8830","5935","4639","5188","8839","2580","3765","13933","12696","2613","4140","4256","5386","6536","2833","8257","4649","13269","4100","4563","4177","2944","7141","7152","8202","6454","5715","5632","7781","9645","1656","5101","2918","4955","5113","13597","8059","7890","8269","63","5700","5621","14390","5452","15595"
"2.01_583.48","0","313","163","445","194","0","2188","10663","4137","3993","4617","2177","1119","166","2284","3860","6297","6513","4259","8947","10154","6872","1422","13173","5681","6744","3774","2486","2280","6627","330","805","2434","2148","90","5358","10222","3384","7213","971","4147","9004","2404","103","832","3553","14361","4409","9474"
"2.93_754.67","10552","13478","11063","14890","19045","12762","12866","12020","12186","16995","13860","19750","13686","15188","20394","14684","15781","17400","22605","15588","16354","18846","16753","18970","20450","11628","18147","8648","13827","15607","14002","16256","14438","12275","8927","17666","15742","10090","15921","19190","18278","16220","16813","319","14153","17845","27609","18493","32942"
"2.35_810.66","24089","27634","18997","18928","19234","16819","15512","24097","12919","15303","14448","19152","24220","17782","20686","14516","14996","12930","14426","13485","16437","25025","18212","15433","17758","12953","22026","8323","5205","17133","19125","17026","21405","19244","8983","19293","15512","10479","15349","12073","9463","13489","22082","236","19092","13776","35070","31448","24849"
"1.00_524.42","3665","6822","8023","9539","8905","7723","4483","6529","3386","3839","4080","5790","2313","8914","6133","3578","3497","5440","5677","5103","7295","6913","8758","8981","3723","3734","4734","1291","4620","3688","3799","4479","4028","2273","4063","5428","4579","1826","5221","2898","4954","4726","4419","218","11128","7048","29668","13167","17706"
"1.52_880.56","3443","2258","8415","6315","6983","6172","4133","8525","5212","3159","3294","9094","5631","8724","5490","6125","5814","6582","4397","4832","5947","7463","5700","7512","4979","4672","7921","7854","6857","7262","4164","7336","5811","6794","3699","5488","3598","4754","5127","11767","5121","8115","8362","94","8722","9511","14210","8035","13512"
"2.52_990.83","3464","2449","2539","4220","4901","2425","4558","2728","3397","4219","3626","5543","2714","1654","5290","4151","5503","5617","5303","3475","2840","1992","12858","5064","3552","8245","5277","1618","4077","3001","4178","5392","3135","3946","2311","2897","4223","3475","5194","6165","5660","4027","5577","86","1869","6395","2929","2106","4438"
"2.07_836.54","8009","8520","5479","7022","3755","7517","9472","5938","5602","8048","9647","3194","7156","16011","3710","4589","6186","3696","6685","3656","6165","5265","3217","3191","4884","3698","4940","2479","1858","5351","5333","6311","10318","8839","1785","7289","8746","3390","7496","3516","4279","3271","6983","313","5963","4175","7720","2818","5006"
"2.28_747.57","28093","6403","1364","2509","3894","9556","9186","634","34098","2820","26497","19496","30498","11196","2865","3175","12559","3383","753","8543","41226","6680","11719","8961","27820","9964","9465","1547","8271","42809","31436","41329","8005","9763","7162","2263","18583","3168","12098","39448","10330","7537","16636","1613","23777","37872","15232","43577","5115"
"2.22_747.57","19072","25018","20854","24579","22847","22819","16860","27944","17886","19748","14454","36918","17868","32974","36038","26213","24080","19531","15919","23659","26911","30487","22414","33400","18401","18335","30659","7415","21940","27991","20545","26669","24992","17691","11557","25941","11854","10351","25584","24173","19327","16586","31440","766","12944","24387","59800","25842","77535"
"1.53_842.58","4385","4528","8486","10409","11571","6979","4605","7955","3511","4878","3330","10960","6929","14635","7981","7156","6062","6685","5449","5905","5431","8840","7534","10185","4611","4675","10651","4422","6034","9364","5575","12733","9220","5836","3693","6712","5862","3469","5710","12446","6107","6339","9915","141","4358","9906","25615","8295","18808"
"2.15_760.53","12224","10230","6859","13974","18276","5793","4701","7512","8653","5460","2514","16592","7894","13293","8608","9220","7600","10645","4919","4457","9855","17277","14398","14289","10835","8047","19304","1880","3813","11199","11522","18138","16452","9151","370","13617","6544","1232","10697","14289","3621","7635","13915","134","6869","13981","27311","7613","19057"
"3.65_383.33","7922","7475","5304","4921","9887","2219","13019","16113","12966","8448","7753","17840","2935","3612","22812","20719","15647","40964","16628","33933","26909","57108","24317","23974","4273","39418","40736","13110","30083","21397","9486","10453","10284","35562","3234","27615","11419","19056","35886","36266","42937","28563","22241","657","6765","40674","41218","17664","37490"
"2.72_1004.85","3359","2657","2045","3938","4301","1575","3231","4871","2798","3518","3164","6934","2414","2357","5197","4393","4460","5232","3537","2943","2888","2790","8685","5728","3368","9846","7910","1284","9695","3851","3371","5203","5261","2815","1672","3969","3792","2290","5626","12932","9421","3427","4809","193","1241","5934","5976","3026","5899"
"1.62_776.58","10181","11735","15164","14516","21202","11993","7790","13805","9260","11016","6642","20915","10830","25004","22276","17514","12523","16968","10330","14209","12590","22412","15596","20919","10572","11657","24388","6627","20960","18728","15903","20189","15324","10298","11216","18188","11353","7679","14141","17964","19060","11048","19564","261","6530","18743","56738","11369","41484"
"2.01_643.51","362","432","489","752","874","475","4284","16395","7284","5987","6169","3863","1555","660","4508","5951","10384","9131","8410","14439","17539","11023","2955","21482","11034","10923","6699","4430","3614","10045","620","1886","3903","3632","691","8957","17329","4745","12317","2676","7533","15545","3715","162","1188","5728","20878","7353","18527"
"3.10_738.67","6942","7208","12033","10647","10620","9828","7445","14995","9900","15171","20275","21328","8702","13463","21951","13118","20735","13051","18909","17627","13963","18031","12710","22618","13112","10785","15512","4444","14137","9577","15024","15157","7620","7963","6319","11399","11725","7874","13950","17672","15374","8258","22513","277","6689","14353","28861","10604","40129"
"3.26_970.75","10673","9568","13505","15428","25571","5622","6416","15722","11117","10079","6743","30103","16896","7106","17985","11574","7790","15616","6632","8451","7614","7627","22428","14164","7851","22555","26894","5467","34972","12188","12952","25095","13458","15806","5957","16663","9042","10302","14236","29272","30218","10206","20457","262","2198","20100","12775","5620","24289"
"1.60_757.56","5540","8292","9930","9225","13752","9022","5193","7893","4483","6910","4361","13038","17778","15034","9038","7163","6195","6925","5996","5722","5927","13282","8768","9133","7275","6006","13638","5055","9072","9510","12801","12105","11253","6455","5109","14964","5220","5260","7814","9750","9798","5540","12090","236","5271","7885","23854","6773","23235"
"1.98_774.56","8311","10109","7555","11007","10945","6109","6766","10149","7754","7920","5703","11894","4950","12047","10372","13073","10752","12232","9167","10006","11681","13473","10735","14525","8596","8726","17596","3475","10273","14788","8885","11759","7489","5768","3593","14831","8237","4531","12627","13275","9368","10133","9749","166","6706","15185","38127","10438","18658"
"1.31_834.59","5895","6438","9361","10483","12287","8046","8146","11545","7618","11495","7372","14499","7144","18431","12432","12025","10382","13943","11199","13675","12036","15101","11500","22267","8644","9797","17122","8640","16017","14773","10534","14329","11071","7253","4897","12150","9957","4379","11354","15635","12239","10094","16467","352","4233","14639","29751","8520","26294"
"2.16_759.14","6748","4852","4984","4020","7432","3726","5801","5748","3180","4069","4082","5162","4763","3400","1441","6184","5213","4510","4934","4363","6354","4557","6079","8013","5589","4120","6430","2459","3651","6690","5015","2707","3625","2371","1540","3423","3840","1946","5844","3267","4271","5410","1906","0","4584","6901","9667","1776","9669"
"2.99_835.65","2490","3158","2144","3883","2622","3161","2993","3055","2562","3508","2517","3241","3103","3531","3862","3818","2796","2592","3032","3106","2949","3419","2488","3132","3321","2527","3459","1465","2600","2718","2572","2517","3164","2321","1551","3315","2686","2277","3739","3077","3395","3469","2849","48","2703","3676","6839","4619","4945"
"1.52_854.55","2481","2580","4371","3738","5963","2640","2714","5668","3024","3347","2171","6480","3843","6155","4292","4771","4539","6443","2531","4455","4042","5568","5051","6379","2718","4691","6884","3250","5775","6992","2422","6207","4976","3891","1719","5074","3802","2615","3655","8319","4632","5065","6028","167","3324","6485","12143","5051","9389"
"3.04_929.76","7317","5774","3438","9282","9162","2511","6310","6481","6043","8125","5629","9404","5178","4804","6609","5796","7465","8505","7379","5693","4639","4785","17291","9369","6497","22648","13200","2067","9823","5264","6817","14461","6014","3743","1665","8937","9952","4467","12878","14266","10401","6407","7282","434","2095","11839","12099","4697","9169"
"3.14_977.86","11785","12375","9722","17141","22507","6084","10904","8446","12826","11914","10590","18588","8852","9799","15216","11657","13911","15237","12830","11104","9531","7184","29357","14644","10393","19365","19233","6465","18730","11991","14826","21869","11309","10300","7608","11051","10302","8653","15851","24164","17114","13094","13114","244","3753","18280","11499","7288","13274"
"2.07_704.34","3044","4489","2774","5151","4235","2916","1404","4620","1210","3802","3003","2189","1135","7393","6199","2776","5963","3640","4589","1939","5253","6156","4603","6744","2902","2444","6377","583","1519","5966","1962","3582","3765","1113","517","4985","5522","1088","4932","4217","1916","4026","1998","80","4433","4328","10524","6354","4893"
"3.33_933.79","2509","1328","1479","3459","2683","1156","2292","15587","5660","3696","2610","19393","1708","3067","7540","2817","5329","5238","3010","3257","1626","3371","9163","5815","1850","7431","10401","1065","20281","4294","2513","2939","11184","4869","1068","5361","1458","2239","6226","30590","27433","4781","6806","180","1085","10013","22791","2834","16880"
"0.18_360.24","1577","2339","4594","3285","2738","2675","895","1272","686","1390","519","1390","2467","2573","1360","1034","1687","1721","863","862","1601","2452","2440","2061","527","881","9187","1058","2448","932","2456","1235","1027","1997","10460","1512","639","6315","799","4772","903","1727","2662","1074","1896","1630","1443","1153","1308"
"2.07_704.28","2218","4012","3071","3564","4905","2460","2979","3834","1606","3400","3428","3308","1293","4075","4971","3904","2334","3805","3366","3083","2172","6145","3833","4790","3414","1734","4611","764","2026","4336","2091","3150","4484","2219","1002","4446","3516","1196","5199","2743","2719","4516","3859","0","3599","2591","11681","6617","7652"
"1.52_830.55","1965","2184","2485","2712","3406","1525","2911","7081","2424","2131","2148","6467","2362","5635","6589","4860","4632","8133","2688","6588","4564","7512","7305","7382","1843","3789","9107","2173","10258","8728","2538","6054","6123","6140","1136","6170","2787","2061","4061","8447","5768","4056","8807","0","1876","9978","20008","5899","12729"
"0.67_582.38","2956","3263","4026","3102","2801","1844","2590","4911","2718","2470","1743","6451","1875","5123","5585","5536","3289","3547","2280","5385","3578","7776","3854","4459","1446","3533","9073","2076","9628","8759","3622","3330","3668","3754","1598","5885","2089","3268","2118","3715","4931","3206","3964","106","1761","4573","20238","4340","11249"
"0.44_494.23","5189","5305","5355","3291","7504","2395","2650","529","1443","2915","1121","607","1670","1643","3133","2609","2552","2558","2725","2512","3509","1544","3723","3356","159","2818","1843","154","322","2245","9534","7821","1908","4063","3504","2522","1208","4021","1507","294","735","2020","3393","93","5279","2699","1173","2802","1018"
"1.19_831.56","2624","2852","3142","2989","2642","1933","3275","5052","3151","2381","2073","5556","2075","5105","4749","4667","3607","3646","2264","3161","4039","4868","3771","5425","2471","2761","7887","1520","6866","5860","4304","3939","3319","3023","1632","5307","2105","2133","3037","6440","5272","2096","4667","78","2098","4628","18477","3358","11331"
"3.33_906.78","3003","2070","1515","3642","5679","1855","3961","27367","11608","5996","5747","56867","3553","3358","11569","4740","5974","10309","3439","6814","2767","6840","14680","10899","3009","9746","25898","1756","61499","8141","4881","5930","25201","3464","1797","12101","4255","3903","9420","91667","65696","5707","13923","863","1477","9939","40560","2744","44532"
"1.76_780.54","7486","3781","26674","11528","9127","17492","4653","16215","8438","6480","8965","15244","7178","20903","8532","11111","11817","7270","5023","11014","10518","14833","8589","11269","5753","7764","14081","7811","13472","11776","11048","10763","6886","6832","7525","5751","6174","9275","13081","11178","8612","6510","15426","163","6404","8375","21562","7160","22108"
"2.80_814.64","1212","0","0","1517","651","0","0","6533","1272","4097","767","2377","1427","1717","15425","0","0","8868","12846","0","3351","8942","11999","8540","13476","3385","11729","1251","1941","4593","1013","0","0","886","636","9222","14613","730","9463","3825","1933","819","10959","312","0","11753","32420","4754","15795"
"3.13_992.87","9630","6803","8974","11077","13307","5435","3567","6959","9825","3072","5821","15427","7950","8431","13271","6296","9402","14351","6500","6363","4329","6152","25134","13373","9013","16674","16881","3626","13131","9766","10672","18114","9262","8656","4921","8967","9374","6343","12373","20807","13416","10596","11545","243","1150","16884","10785","4870","11903"
"3.34_895.74","5091","6311","5648","7890","10384","3378","3072","5665","4870","6065","4319","7840","5156","5476","7144","6903","3853","5875","7350","4798","4930","5085","11126","5224","6660","10920","8657","3127","6038","4611","5449","7944","3100","4101","3232","5138","6207","4077","6240","5524","6323","5284","6279","144","1724","6627","6180","3090","6197"
"2.90_311.22","6078","8009","6881","11134","11914","6128","6869","7831","7816","10949","9226","16731","6980","7947","12640","8944","12106","14601","17732","10841","10185","11005","14434","12892","13354","9638","14120","4084","9856","9371","10888","13751","8714","8528","3334","10686","10541","8050","9536","18084","13027","11929","12302","384","6974","17504","22632","8953","25381"
"1.64_772.61","6275","7813","8788","10310","12965","5175","5197","8847","4830","6793","3760","12727","5305","11275","10342","11348","8392","12322","7120","8449","7436","12673","13576","13909","6097","7358","19053","3099","13005","14074","8913","13826","9785","5129","3125","12795","5257","4003","10326","13078","10583","7852","11719","232","5305","13886","33324","8361","25258"
"1.01_650.49","5894","6610","25683","15318","11978","16041","3165","4244","4298","2236","1943","9246","4556","25608","8583","5912","3988","8676","2893","7322","4795","8536","10804","7045","3759","3784","12884","3518","19068","10271","9724","8721","7225","6078","4096","6675","1955","3839","5365","11477","8812","3380","10236","96","5313","10490","15285","5155","12660"
"3.65_335.29","10882","10644","8194","7717","11294","3818","16101","23672","18864","11504","10140","32466","10160","7062","32368","22684","19911","43030","19276","35043","31810","60874","36223","29810","22564","42486","44452","19725","41025","27453","13319","16501","17021","48395","5531","36373","23643","36408","37375","57350","55175","35289","43544","685","11093","56879","50768","28662","53761"
"2.68_810.57","2857","2743","10371","5289","11464","6470","4566","7923","9246","4150","4688","21298","15868","3043","6696","5762","6279","7500","4082","10099","5449","16657","5462","5366","6342","3392","11626","6987","11642","8595","7262","6608","10488","10812","2117","7084","3181","4953","7077","17989","11303","10738","11959","345","6888","7035","32469","6895","29479"
"3.61_987.87","5303","5501","2249","6759","7584","997","4981","8217","7625","7933","4783","10818","5768","5613","10518","6184","7086","9361","6737","6285","5090","5695","13352","10866","6891","18022","13597","3339","9049","6760","6056","10689","6463","5994","3704","7991","13221","4004","11363","12383","12222","6407","6644","233","1073","28581","11566","6775","10033"
"3.12_933.79","8572","9387","7282","13356","16354","4264","4496","5915","8683","5480","4550","15577","6880","7588","10724","8780","6863","8726","6641","6094","4532","5213","23012","11265","6106","14237","18169","2949","8582","10323","10498","15548","7424","5457","6448","11439","13318","5795","10714","19464","11936","7861","10064","297","3973","18006","17038","5204","11710"
"2.90_738.64","19979","22920","19098","27735","30364","20075","21746","22652","24887","30163","27987","38670","19833","21134","32985","24325","29861","34486","43609","29639","26954","33110","33260","33470","34220","25725","33071","14091","27997","25125","27965","33070","22525","22407","10276","29064","27797","20340","26513","36502","34110","32871","34691","461","21410","37518","47429","26695","50979"
"2.16_705.64","7074","6992","7046","7070","6796","6309","5778","6568","4931","7764","7035","7142","4695","10113","7083","8691","7480","7238","7834","6466","8742","8001","5924","8263","7971","7112","9465","1983","9271","8127","5720","5417","7191","3982","2398","7113","9861","4430","7362","6977","4872","8027","7559","81","10215","7512","20401","12598","7238"
"3.19_948.82","8875","7264","8802","11129","11860","5453","10695","14191","11958","18510","11832","16232","6132","7611","10820","10172","14546","12733","11085","10269","9748","7457","25628","13388","7546","17524","16360","4572","16678","8626","9782","15237","9540","8134","4203","8679","7622","8851","15721","20243","15976","9277","11954","0","2514","9916","10036","4788","13194"
"1.97_809.72","8554","7208","11372","13418","9633","14331","7226","7932","10698","1824","5320","13924","7944","6793","10016","12409","12357","6925","5718","11218","11588","12278","7101","10904","7738","5986","11417","3573","11486","9087","8263","10594","7098","7670","7022","7249","5346","5285","12292","7079","8804","11303","12593","190","11618","11807","11219","7054","10357"
"2.72_735.59","1088","1377","767","897","1870","796","6571","5216","4823","12608","7534","2052","1658","1379","5335","4080","7462","7153","10646","6200","6906","5911","3699","9457","8259","5675","4578","1381","5214","6133","1199","1942","2015","2624","1051","7089","7736","3869","6883","1971","5477","4953","2180","0","1271","5052","9653","2830","10811"
"1.31_678.53","8378","8428","24022","25099","19955","22628","6631","8080","7039","3602","3582","13752","10557","35119","14080","8118","7070","13700","5506","11028","9203","16223","13772","11521","8266","7005","17397","9049","21639","14058","12593","12604","13722","12588","6466","10477","4195","5353","9232","18452","13477","7111","14583","312","11662","15684","19643","13228","18326"
"4.11_603.54","53469","78674","38050","70384","81810","14652","26549","83944","63237","59014","32047","114130","85531","69893","86517","53401","55738","66530","41768","43911","35102","55439","93205","83153","51254","86455","112907","29449","89846","68892","61800","95290","56633","68407","25527","55525","87015","26710","62273","143375","123541","59139","73928","1961","8042","235332","131376","30246","116917"
"2.93_645.56","4628","6127","5481","7516","10031","5574","5469","4818","4490","7753","5409","8804","4843","6948","8762","6029","6542","7717","10983","6319","6194","9043","7595","8864","10710","4675","8302","2845","5226","6652","6223","7968","5084","4896","3535","7710","7265","4575","7024","7774","6807","6531","6728","98","6353","9235","15209","7692","18748"
"3.38_946.84","18548","14453","18453","21424","35717","10705","17164","28410","23363","35831","27762","44568","19220","20080","27511","20695","28733","29475","19680","24502","28230","22530","49642","37207","21150","31278","43968","12762","37896","25884","26483","43574","22103","18858","8781","21264","30251","19723","33240","46050","32871","19866","33250","271","5247","29821","33096","15774","33622"
"2.25_797.58","5928","10199","4722","5300","5059","5322","5030","4475","3641","3587","3566","5592","6066","4525","7309","4160","3984","3128","3768","4175","3813","7057","3890","3883","4211","3919","5279","2942","1226","5284","4009","4615","851","5346","2939","4618","2730","3960","1682","2805","1253","4365","6742","82","4004","4022","9220","9337","11149"
"3.41_897.75","6358","7354","3993","9538","11945","2411","5040","8574","5767","10498","5350","12856","7863","6957","11470","6860","7882","9810","8413","5351","5156","6370","14618","12103","8595","21293","15074","3501","10611","8249","7755","13474","6960","5909","4710","9858","13956","4598","12912","13235","14085","7229","6664","323","2156","28749","19046","5652","14689"
"1.33_842.55","1483","1510","1226","1668","2325","699","4611","7346","4194","4912","3285","3145","1987","3685","3801","5166","4781","9661","4344","10387","5714","5592","5078","15253","1612","5538","6824","1556","10663","9707","1543","3284","3620","2437","870","6591","5239","2396","8648","4063","6105","7020","3668","113","887","7135","13183","3124","10349"
"0.28_309.21","5887","4424","2181","4008","6079","1115","7679","12320","5571","6824","7211","10105","2356","2586","11419","10424","7197","12122","6708","13282","8460","7862","19604","16716","2252","13951","15486","3788","18462","9760","6005","8434","8062","5129","1003","22182","9168","3480","15726","15698","19836","13682","11012","357","4389","12545","49676","9937","34703"
"2.60_815.64","14461","17952","10830","19064","14270","8994","10035","20011","9605","8525","9577","17082","13475","22877","18645","13552","13367","14373","11490","10649","14697","22615","13540","17973","17402","12495","18659","5514","13235","15066","13382","15364","16299","11463","6166","17159","13970","4149","17904","16531","11270","11584","16347","253","10316","18338","62642","14799","35900"
"2.15_760.44","3614","6015","5551","6943","5427","2983","5200","3550","3950","3265","2874","4932","6377","4096","2667","6314","5802","4595","2398","3212","4513","8600","8585","7373","5207","3340","12651","2106","5772","4487","7547","10294","6274","4867","1333","5514","1479","2495","5366","8019","2243","2460","3988","133","3588","4799","15608","3844","11739"
"3.52_768.72","7273","9587","7929","7791","9396","6474","8100","8167","8084","9109","6921","13825","8067","7632","14839","8378","10062","10691","14798","10133","8822","14532","8737","13848","11033","7635","10181","4555","10233","7581","6662","9277","6948","8039","6904","11161","9454","4424","9798","11911","14991","10573","10691","364","5426","12508","25210","9030","29032"
"1.08_848.56","2067","3021","2481","2256","2537","1254","2269","4313","2399","2807","1627","4955","1461","3707","4384","3710","2889","3230","2577","3659","2726","5716","4028","4268","1898","2322","5229","1854","6021","4893","2785","2249","4517","2174","1596","3636","2635","2364","2297","4296","3964","2461","3925","56","1094","4031","12903","3080","9883"
"1.81_806.61","8982","7095","17939","12787","11096","10490","7270","9294","8755","4237","4874","12778","9298","13597","6917","10385","11345","8797","5145","9351","8734","13629","9629","8528","2651","7024","11702","5763","13346","12932","9215","10849","9369","8981","3783","8984","4829","10084","8765","12255","9754","10047","9302","111","10175","11674","18534","9419","19014"
"3.08_723.61","2967","2678","2785","3816","4743","2278","2811","5147","5585","2498","3909","8690","5979","4836","6714","4111","4098","7004","5833","6064","3527","7641","4808","6736","6668","3688","7972","1835","6230","5144","6010","5852","7505","6057","1183","6854","3015","4304","4423","12343","8856","4469","8595","199","3672","7945","15069","4753","18267"
"2.15_759.27","7133","7313","9029","7500","8340","4766","5989","6016","3220","4949","7592","10253","5730","8671","3684","6600","6823","7615","4102","4379","6094","9487","12765","6946","8286","7161","13617","2637","5824","8378","6617","13329","7652","4082","793","8802","7938","3919","10429","8848","3397","6916","7967","67","5997","6748","13098","7046","13558"
"3.14_907.78","11659","13992","10802","21313","31210","7345","12116","9429","16009","16014","9453","32573","13274","12574","20127","15318","20147","23187","11258","13074","11451","10882","48331","23883","15949","32008","32250","4901","27173","14910","16863","35517","14148","12979","6855","15690","8518","10926","21494","45871","31433","16845","19887","600","3365","28033","23830","7790","33883"
"1.20_716.45","2279","2875","5929","4045","3943","3487","2323","3417","3210","1842","1674","3831","2648","7208","3844","2963","2998","3205","2374","2676","3496","4377","3823","3469","2267","2493","6015","1816","6872","4589","2955","3686","3358","2924","3145","3852","2209","2221","3284","4186","4474","2563","3505","124","3135","4021","10619","3434","7662"
"1.06_676.46","4157","6707","9566","10362","7230","6628","3692","7671","4913","2758","2021","8913","4010","12362","10739","7168","5524","10017","3301","8671","4991","9450","10047","7826","1713","6541","11119","3061","18278","10842","5820","7703","8128","7276","5457","10708","2762","3796","6856","13178","11592","5014","9252","133","3637","13517","27019","6024","17795"
"1.97_1249.74","4898","5716","4846","5255","4397","4723","4461","4812","3375","6109","4130","4035","2668","6652","5302","4770","4803","5281","5156","3808","4919","4716","5969","4190","2672","3346","5884","1431","4174","5744","4621","5206","5289","3335","2330","5453","5915","2114","6192","4287","4130","4912","4860","0","5732","5153","11710","5772","5690"
"3.65_353.31","8623","7388","6341","5937","9608","3100","10617","17240","13064","9095","7851","24706","7873","5856","23374","18658","13701","29969","14143","27319","23482","44617","26158","21071","17289","31208","32794","15616","30262","20270","10517","12758","11056","36108","4553","26538","16057","28886","27741","39852","40847","26461","29346","363","8180","41928","34024","22103","38078"
"1.97_831.55","7915","6842","17499","9983","9014","10882","7266","7273","9540","3864","7021","11861","7977","14043","8585","9334","9552","7205","5534","9793","9420","10566","8639","9605","7332","6500","9093","6721","11124","12042","7966","8592","7491","7416","7130","7650","6115","7649","11300","9928","7766","9832","10204","107","8536","9500","13660","6825","13264"
"1.79_803.60","7566","9003","10554","13679","17347","10873","6790","9333","5029","8195","5006","11815","13343","20726","11556","8647","9358","8326","8866","7214","10028","18636","10574","11764","7828","7226","12486","6455","7810","10123","10749","11788","12594","8905","6438","12466","8494","4219","9477","9414","9374","7578","12714","313","7718","10123","31218","13348","28435"
"2.13_833.64","10671","9884","13767","12280","10811","15945","9756","8838","11165","8950","9102","11758","8680","14304","11849","9725","10462","9588","11754","12040","11268","14081","10272","11144","8235","8010","7871","5829","9577","11308","7563","9360","9841","10469","8414","11204","9781","10746","11491","7593","10285","13105","10125","420","13640","10672","11910","12109","12934"
"2.69_778.67","7535","9423","8459","11463","15492","9217","10242","8690","9655","14634","10468","16575","9544","9687","21920","13799","15540","15819","22639","14311","12917","14713","14940","17925","24064","10354","13866","5928","9695","13001","10594","15489","9872","12542","6456","13697","13289","10554","10617","13575","13785","13253","16700","412","9978","17526","19619","11530","24536"
"0.88_654.43","1001","541","2285","1580","1063","1987","1945","5089","3801","1058","2237","8244","1827","2414","4228","2833","1956","2912","1682","3799","2283","3964","2802","3159","3384","2962","6521","1429","14172","6522","1461","1198","4588","1867","1301","3593","2542","1329","5350","8759","9722","2379","5690","103","1276","2667","10785","1894","11232"
"0.26_443.23","12587","5221","2474","2607","1624","3576","1213","1398","1224","1556","1358","2544","2101","7594","2306","1657","2973","908","1174","873","942","1280","1636","1582","965","563","1495","1290","1477","1278","1148","1560","1357","1552","2198","769","2006","1253","1192","1052","941","1145","1455","984","2782","1888","2148","971","1680"
"1.98_810.52","4584","2862","1617","5397","2271","4102","3161","2165","2722","5457","5029","2069","3167","6650","2573","1799","1239","616","2041","1140","1484","2704","1052","1230","3092","2159","2571","781","1177","2288","1424","1645","2884","3137","953","2574","5237","729","2010","2276","2235","761","2557","218","3208","1103","3511","4220","2515"
"1.01_672.42","5020","5167","18074","11885","7664","11876","4144","4294","3560","2773","2222","7130","3540","18338","6753","5272","3420","6227","3456","5080","3232","6329","8125","5221","2970","3557","9023","3276","12498","6928","7013","7062","5673","5067","3576","5013","2221","3684","4189","6977","6479","3127","7711","165","3974","7214","10984","4524","10306"
"1.80_499.38","4005","5192","5297","3876","6029","4631","3747","3043","4252","3151","3751","7655","4095","3874","7351","4008","2621","4326","5552","5061","4561","6644","4105","6330","5808","3553","4840","2559","4254","3738","4823","4457","3565","3166","4033","4819","4526","4016","2471","4404","4151","4984","5788","104","2461","5241","11453","5215","9332"
"0.19_297.08","6088","5547","23614","11226","3042","13778","1014","1416","1505","1930","1416","1253","2879","24145","1377","1451","885","2608","561","1864","2399","1691","2624","1855","336","1215","3056","1143","1321","1204","4305","2234","2031","1243","1696","1303","703","932","3821","1598","2081","1100","2426","274","7989","2885","3835","3527","1891"
"3.16_647.58","4465","7022","6044","8181","13201","5967","3520","5063","4548","5136","3065","9904","10763","9830","9642","6777","3103","5750","7287","6311","6334","11477","5502","7690","9706","4129","8960","3490","5676","6740","7676","10327","7756","5957","3369","9384","4948","4953","5448","7442","7133","4460","7653","224","4590","8257","15963","5782","19100"
"1.99_1531.13","3565","2969","9909","3988","3954","4587","3116","3802","4067","1613","2432","5346","3633","7187","3824","4569","4119","3540","2214","4501","4267","5471","3668","3989","3080","3310","4002","2671","4957","5760","3298","3732","3251","3873","2593","1739","2553","3343","4741","4595","3202","3491","4368","82","4137","4425","4420","2981","5973"
"0.58_752.49","352","184","300","477","460","210","1069","8532","3477","2256","1736","1571","1270","496","2685","4427","5307","4516","2625","7235","7713","5976","1130","7026","1514","4670","3410","2076","3312","7686","79","1401","3234","2985","1294","3733","3964","4624","4850","800","3587","5776","2561","232","1875","4400","7821","5768","5163"
"0.72_722.46","1735","2427","6199","4231","3589","3705","2214","2803","1944","2233","1161","4089","2213","5959","4041","3798","2432","5827","2024","3738","3154","4993","4853","4303","1606","3189","5733","1732","9200","5797","3092","2611","4220","3098","3322","4327","1062","2636","3079","4694","6002","3162","5522","55","1624","5493","7709","3853","7587"
"0.28_286.14","4878","8146","2003","3109","3252","5114","1732","3029","1980","2577","1721","2275","3895","5460","8614","1589","1647","4372","10358","6829","4101","5789","1755","12975","1789","845","3700","3513","801","2718","514","2929","1449","837","4906","10154","13178","1004","6448","2157","2233","2477","1056","237","6941","10782","12960","26164","4091"
"2.09_1441.21","3015","4968","3936","4036","4824","3730","3912","5161","3192","4776","4049","4126","3210","5508","4734","4481","5670","4802","5676","4291","4675","5471","4193","5237","4666","2983","4482","1498","3876","4932","3862","4053","5098","3073","2350","5219","4675","3027","4823","4125","3445","4200","4124","0","4976","4796","8944","6318","5149"
"2.21_818.58","4128","4228","3619","4286","4345","3341","3209","3951","3003","3309","3693","4304","4256","4378","3292","3878","4103","3513","3208","3181","3541","4284","5016","4058","3578","3133","5547","2705","2965","4005","4996","4868","4275","3480","2022","4326","3212","2893","3928","5097","3403","3228","4015","113","3190","4307","7144","4007","5979"
"2.46_1004.84","3930","2584","2876","6267","7876","1908","3121","2199","2629","3519","2689","4746","1883","2801","4243","3712","7926","5075","4394","3446","2795","3173","10431","4480","3121","7858","4797","2054","3851","3605","3670","6368","2368","2722","1912","3033","3557","3650","4290","12258","5257","3503","4345","0","1341","10419","2676","2303","3738"
"1.30_846.55","5710","6077","7285","7959","8488","4773","6920","65682","16522","3447","8878","53983","5859","12356","27051","13890","8592","15554","5326","18358","9217","21624","14698","19366","3169","10291","32128","4402","60909","26662","8350","14307","51237","8167","4467","18032","8674","6558","11949","50440","26629","11500","30138","811","4128","17774","80165","12635","71113"
"3.14_1016.89","9908","10596","5270","12269","13106","3338","4128","8615","5948","6919","4653","10066","8166","6950","12289","7586","6779","10707","11146","8329","5408","7677","17225","11381","6976","24202","13833","3754","9723","9744","8584","12744","6943","6582","7039","9969","15284","4841","15522","13620","14013","9343","7500","415","2783","34623","15338","6693","10128"
"0.71_636.39","3070","4838","6737","4896","3243","3740","3258","6957","2479","1637","1716","6782","3859","5799","5813","3434","2489","3632","2567","3532","3183","5348","3806","3527","985","3062","4169","1630","9388","4674","3709","3571","5807","4228","2783","5115","1701","3425","3026","3722","3684","1841","4204","52","1898","5610","13691","2860","8686"
"2.15_166.06","5402","5066","4718","5601","5333","3957","3741","4722","3665","3329","3798","5588","5013","6455","4236","4751","4660","4759","3715","4112","4587","5571","5510","5439","4089","4036","7213","2110","3949","5126","5352","5467","5669","3652","1638","4626","4053","2626","4780","4865","3824","4433","5565","0","3952","5780","9937","5045","9268"
"3.31_687.57","4088","6535","5084","5129","6929","4815","4424","4162","5398","5358","5593","9181","4888","5101","10844","6004","7237","8105","11609","7030","6948","8317","6549","10217","10004","5265","6441","2992","5056","4545","5856","7746","4595","4956","4026","7140","8694","3751","6718","8069","7842","7510","7531","141","3487","10616","11876","4550","16727"
"2.07_836.60","12356","9451","15777","16269","13020","14029","11751","11239","12475","7213","8662","12845","10995","17747","10196","11188","12947","11044","8919","11341","13067","15134","10932","10190","10823","8950","10953","8496","12102","13099","10702","10378","12454","12679","6946","14013","8309","10296","12806","11054","10900","13512","11594","263","17402","12172","13326","14885","16542"
"1.72_796.55","3559","3495","3121","4582","4864","2954","3289","6038","3629","4437","2549","7604","2661","4962","6101","6612","5001","5903","3841","5705","4854","6223","6938","6958","3806","4685","8798","1880","7878","7103","5424","6195","4423","3670","2407","7222","4778","2549","5803","6791","7428","4443","5859","217","3414","7904","18223","4700","12278"
"2.38_813.62","12607","14371","10449","16040","15721","9427","7313","10803","7491","7562","7849","12569","13070","13213","10971","9760","8691","10814","7776","6928","8055","15358","13906","11036","10864","10763","14982","5029","7411","10852","12116","12703","11462","9782","5341","13185","9852","6825","13873","11810","8465","7889","11063","489","10647","13456","33448","13608","18616"
"2.58_811.81","2227","3807","1629","3318","2765","1336","1349","4739","356","1985","1816","2455","314","4038","6666","2122","2543","4944","2655","296","2517","7617","5533","7751","5223","0","10189","821","234","4088","1897","394","0","153","180","8308","4835","575","3168","2286","0","672","6292","0","4026","2708","6970","8172","3889"
"1.63_801.58","3829","4693","5466","8360","8685","5748","3750","5096","3794","4349","2828","6328","5806","9043","6583","3621","4068","4624","4462","4129","4813","9949","6282","5746","5108","4926","6995","3624","3873","5300","6221","6593","6160","4962","3905","6928","3657","2720","6595","6122","4670","4307","7329","283","4298","10251","21369","4880","16558"
"3.29_970.84","17778","17476","12875","27137","41521","9275","14854","15027","15800","16818","14050","27522","22690","14608","17927","17753","14661","25495","14264","13839","14166","12563","39374","23013","17392","42306","39430","8679","27001","16754","27472","45127","15694","14756","6704","25246","18880","15812","26538","38430","24245","11832","14150","517","6178","23926","21651","10447","16377"
"0.68_650.40","1439","2865","1916","2626","1530","1624","1543","9741","4392","928","1919","9374","1308","2127","9897","3357","1720","4730","1537","7867","2576","6865","5156","4448","639","2679","6991","1169","20979","8763","2334","3501","9436","3313","926","4145","1377","3045","2552","7099","6544","2808","7199","0","1266","6872","16826","6230","13445"
"1.52_860.60","3745","3463","5655","6252","6483","4957","3758","8390","4296","5242","3111","11702","6005","11711","7962","6162","5762","5883","5278","5306","5842","10104","6005","9678","3693","5664","9774","3778","7805","6343","5723","6914","7382","4953","3435","5818","3519","2496","4547","12243","7772","5921","11522","0","2572","6909","23787","6192","21714"
"1.81_548.47","1835","1546","2184","2098","1945","1744","2006","1628","200406","1738","2072","16533","2289","1876","5140","1875","1714","2711","1897","1713","1290","1681","1995","2224","2236","1441","1820","2370","1834","2448","2182","2310","2392","2198","9919","2354","2522","1295","1627","1494","1714","2093","2112","1672","2121","1283","1859","2001","1591"
"1.40_850.58","1545","1390","1927","2632","2585","1550","2411","13653","3227","1876","1862","8686","756","2771","7084","3251","2675","4525","1674","4096","2850","4514","3739","4977","1531","2543","7478","1073","24496","5903","1870","2080","9389","2682","1216","6153","1547","1008","3827","15639","13655","3013","9155","97","1474","4341","24811","3135","24337"
"2.37_1589.23","4359","6827","5069","6641","5688","4559","3924","7496","5164","4705","4817","7798","6521","8812","6573","5916","5533","5286","4349","5255","6348","8516","6235","8806","5568","4654","8106","1773","4447","7076","6132","6383","5874","4664","2480","8168","5629","1493","7699","6424","5240","4777","7203","184","5904","7801","12343","6630","10178"
"3.15_879.74","5067","1661","2038","2807","9647","2810","5088","9903","6249","11709","6469","16860","4020","3749","7189","5798","7571","8921","2582","5611","6146","4863","16566","9870","2991","14158","14545","1950","14075","5200","6423","4312","5898","1903","698","7069","2309","4028","11203","16124","12862","1235","3503","162","904","6841","11797","1044","14282"
"2.65_780.69","16645","19251","18752","25134","33838","19496","17766","16072","15192","26898","20396","37494","17259","20380","36271","25736","24776","25183","41456","21530","24795","27919","25559","27757","40204","17523","23403","11042","18321","21482","21106","30094","16895","17502","14281","25035","23990","15215","19669","24615","26307","22336","29795","369","17142","28050","33924","23297","52726"
"2.88_821.63","7257","7368","5601","8775","7380","6557","8508","7235","7885","8012","6703","8353","6509","9957","8792","8848","7225","7746","6718","8827","8914","8956","6291","8108","6751","6944","10238","3099","7980","8103","7025","7239","7560","5926","3788","8813","7853","5096","9073","8001","7974","9970","8063","156","7693","8547","14688","10307","10009"
"2.06_794.59","12891","9190","21320","12611","17107","14089","11384","8917","12145","5641","7072","14322","10665","15287","12982","12713","10861","14119","8714","12532","11492","18871","11759","9497","14366","9646","13992","6702","11205","13573","10416","12296","10611","12500","11167","11200","10327","8732","12640","13449","10796","14299","11517","340","15959","14810","16329","10676","15556"
"3.05_928.76","4904","4376","2150","5923","7828","1669","3142","5125","3056","6472","3048","5890","3476","2891","5560","3926","3483","5824","4038","3318","2754","3245","10117","6543","4095","21776","8852","2004","6479","4302","4028","7280","3608","2626","1891","7036","8789","2904","11074","7184","6789","4083","3151","406","2539","10812","13757","3689","6820"
"1.30_862.54","2027","2463","3160","2787","2574","2763","3100","9344","4481","2745","2361","8630","2135","4285","7110","5096","3387","5319","2521","6537","3271","6191","4315","5957","1850","4315","7449","2252","12016","7812","2592","4159","7557","4118","1585","5692","3438","3182","5483","9428","5887","5027","7478","129","2492","6749","14665","5005","12338"
"2.15_760.07","3426","1805","3195","3381","4143","2523","1630","3759","2451","3099","2881","3554","2911","3849","3229","3853","3808","2631","2982","2755","2383","4531","4236","2858","3358","2614","6212","1657","3885","3114","5371","4005","3762","2792","1222","3487","4286","1955","4207","3762","2732","2415","2995","0","3030","4171","8794","3922","4999"
"2.57_759.70","8325","12226","6392","10635","10386","7915","8704","10419","8145","10103","7410","12466","8571","12260","12782","9819","9784","9962","8203","11173","11843","15381","10108","13940","8702","6707","13328","2068","7948","11055","8205","10048","10891","6657","2442","11442","9258","4592","11130","7533","7788","8943","12289","918","9806","12594","32864","14600","22077"
"0.73_638.40","3362","3876","8125","7226","5438","5757","2773","6416","3093","2574","2034","7577","3429","9459","6161","5438","3593","4293","2886","5657","4441","8588","4566","6788","2416","3536","8513","1870","9594","6210","5065","4374","4089","4083","2331","5866","2210","3597","4788","7319","7112","3770","5702","70","3438","5059","18360","3860","12694"
"2.15_1517.34","4652","7277","5295","7656","7654","714","1521","4184","229","657","479","7380","4788","7279","2881","4301","4766","4956","216","75","1873","7077","8056","5966","4430","2503","11197","200","1085","6653","6551","8179","6723","147","300","6011","1625","794","6478","6113","954","2923","7019","164","1624","5853","6852","3606","13250"
"1.80_828.54","8253","6704","16612","11337","11284","8839","8074","8268","8512","4835","5746","11312","9747","11109","6842","9835","9171","8055","6352","9362","8452","11194","8868","7479","5134","6134","9364","6039","12005","10992","8663","10247","8360","9801","4938","7645","5527","8829","8364","11163","8632","9311","8888","155","8592","9731","14390","7834","15103"
"1.76_842.59","2829","3086","3446","2298","2580","2561","2012","7558","2166","1851","1621","4479","2879","2151","4134","1651","1310","1644","1581","2533","2647","3366","3073","2354","1891","1472","2894","1436","4118","3449","2822","2727","4725","1337","1351","2933","2267","1228","2765","3402","2997","2210","2646","128","2331","3185","13169","3134","11530"
"2.07_704.22","2785","3173","2930","3170","3522","2575","2493","3475","2207","3532","2226","2700","1664","4565","3845","3048","4038","2665","2933","2756","3341","3883","3333","3645","3774","1286","4048","659","8893","4242","2139","2122","3719","1228","964","4648","2690","1289","3637","2640","2586","2797","3349","0","3816","2891","8727","5594","4807"
"2.21_734.53","2879","3798","2615","2231","2653","3186","4258","3635","2694","2950","3116","3316","2208","3799","3328","2753","4020","2635","3663","2098","2999","5647","3152","3856","2690","3143","3838","1289","2419","4080","2724","3442","3268","2209","1658","4613","2881","1848","3860","2400","3015","3386","2628","95","2446","3385","7093","3259","3708"
"2.86_905.60","3641","3816","3344","3999","3234","2705","3470","3601","3330","3583","3437","3924","3309","3764","3845","3830","3585","3947","4134","3673","3626","4033","3466","4021","4624","3600","4623","3098","3243","3803","3310","3720","3919","2899","2569","3775","4558","2467","3974","4033","3247","3455","3861","415","3524","4347","4294","3775","3166"
"1.39_857.57","2734","2826","2309","3686","3040","1632","2571","5558","3071","1997","1395","5114","1897","5505","5295","4036","2772","3347","2644","3355","2971","4951","4077","4960","1585","3177","7694","1083","8220","5467","3273","4220","4572","1632","1050","5761","2668","1907","4116","6456","5076","2871","4762","174","1806","6446","26764","5326","14477"
"3.21_1016.88","9095","10948","4822","9186","10664","3163","6743","12025","8101","12049","8244","9894","8055","6187","11493","9394","8262","12238","10624","9400","5715","7570","18439","13258","11090","28472","14953","4723","15569","10577","7926","10037","9086","7071","8458","10706","19540","5064","18144","13797","17124","11349","6842","498","4741","32994","17536","9375","12079"
"2.11_732.61","9944","9820","15917","14643","11590","13443","6055","27046","6707","15319","12581","21750","8769","22880","16902","15539","15834","10951","7787","12998","14566","21303","10741","20770","8830","9101","23347","3993","13219","16807","15063","19112","12715","7522","4980","10835","10195","5247","17244","16606","10199","6846","22424","489","6379","13455","44299","13094","39721"
"3.98_876.79","94828","120140","72290","152833","200914","41007","51616","127359","89090","71912","52311","215718","173291","130059","97945","85922","72576","94910","56104","66152","62577","84857","151506","100867","72276","146513","221479","53801","171544","93089","139027","238986","88937","118200","35919","100420","84587","66257","91407","287718","174220","64251","110295","2876","15239","152986","161564","43970","149836"
"0.84_722.46","2584","3354","7888","4138","4645","5140","2415","8119","3002","2716","1577","6435","1849","7014","5815","4234","3035","4935","2880","4333","3115","4918","5857","4257","2273","3417","6973","2204","20488","6633","4021","4133","9098","3314","2772","6204","2046","2680","3954","11486","10921","3324","8699","230","2334","4145","9469","3036","9265"
"3.28_650.70","3360","2938","1944","3134","3013","2110","3090","2755","2980","4487","3323","2421","1780","2892","2692","2902","3596","2697","4730","3320","3150","3238","2857","3240","2778","2817","3844","1310","2539","3714","2884","2917","2748","2211","1051","2931","3774","2299","2724","2624","2064","4080","3087","0","3929","3211","8675","4889","4202"
"1.82_675.60","5822","7744","5489","6362","7100","7081","6994","7689","5075","7412","3705","7915","4928","11169","7591","6927","7806","7272","4191","6200","8186","15012","6461","10151","5269","6047","7775","2588","5604","8057","5162","6402","8713","4900","2099","8554","7801","4293","6928","7742","6322","7855","8875","388","8782","9216","35139","15729","18453"
"2.07_833.64","9918","8486","13053","10086","9794","13649","10718","6985","8687","8636","9590","9593","8331","12942","8826","8861","11411","9059","7633","10121","11204","12363","8906","8533","7168","8400","7829","4245","8126","10223","6922","7467","8815","9248","6478","9001","8232","8229","11032","7125","9592","12550","10061","397","11145","10352","11921","10324","12282"
"0.81_680.45","1438","1976","2651","2745","1893","2069","1828","4327","2431","1656","1278","4904","1817","4423","4943","3984","2875","6442","2012","5550","2819","4733","5013","4004","1787","2949","7128","1512","14228","7050","2640","3226","5123","3715","1406","5632","1775","2131","3170","7725","6511","2467","7089","132","860","5841","8277","2850","6174"
"1.74_784.58","5987","7160","7141","8878","13278","8671","5138","8132","4411","5376","4703","10041","8945","13380","9251","5512","4689","6929","5665","5390","7504","13407","7863","7694","5633","4600","10433","5638","8318","7890","7560","8513","12135","6664","4970","9795","5758","3798","7307","8589","8937","5332","10019","233","6159","7362","25326","8305","24437"
"1.88_829.68","2995","4289","4217","5164","6087","3177","4051","4611","3278","5066","2391","6174","2983","5911","6342","5642","5643","6857","5451","4653","4209","6637","6196","6558","5801","4631","9224","1996","5673","7100","4694","5709","4528","2841","3512","6186","6629","3557","4737","4698","5777","5221","5660","207","3439","6769","15501","5399","6724"
"1.31_808.56","4752","5272","8271","9593","12134","7149","7328","10126","6673","9271","5525","12601","4312","11572","9029","12262","10201","15590","8889","12660","9691","13512","13569","18368","7403","9275","19713","5196","18472","16375","7088","14783","9330","7440","3733","12484","7910","6408","9571","16931","11376","10422","12682","311","4294","14687","26206","9897","20803"
"3.05_735.73","11678","8694","7984","8768","9631","5974","7752","9900","7793","12815","11938","10979","7338","6677","7651","9617","10901","9808","16537","9385","8471","8470","8079","9029","11197","9818","11139","4966","7635","12693","8999","8557","7948","8205","3210","8712","13953","6560","7961","8303","5253","10226","9810","80","11912","9711","15624","12178","8963"
"3.34_932.79","1552","852","1107","3431","2688","1345","1927","14133","3937","2543","1787","16796","2344","1729","3434","2312","4095","6892","2943","2769","1481","3958","9032","6258","2858","6674","11817","1922","19022","3553","1753","4868","8661","2086","878","7463","1591","1353","5858","28503","25036","4173","3381","265","1173","10715","25293","2513","15579"
"0.69_524.33","3483","2804","945","702","2813","1245","6846","4584","3440","4080","4702","6015","4285","1113","5535","5576","5836","7670","4623","6540","5721","8636","4007","3850","1683","4527","7511","1213","7120","8132","2802","4427","6701","3760","420","4548","4440","4174","5625","5025","3537","6141","5070","141","3771","6131","15282","7562","8983"
"3.04_895.64","14709","14679","12034","13508","12926","13305","13726","14629","14188","13916","13349","11394","11490","14905","14262","13491","16026","13337","13626","14957","14787","14046","13755","13828","14112","13585","13429","8196","13174","13610","13211","13370","13175","11273","8913","13504","14893","10640","14491","13188","12898","15058","14356","174","14521","12820","11241","14425","11398"
"3.26_383.33","7331","10696","9019","9863","14209","7669","8679","7427","8274","12130","10832","19482","6989","8642","23577","10329","14816","15016","26040","12431","13155","16590","15501","21049","16834","12177","13376","4196","10606","10200","10120","13889","8155","7823","7155","13606","12407","6226","12022","13917","18033","12397","15561","495","6305","21639","31907","8544","55716"
"1.40_804.54","5413","6892","7708","9114","12543","4445","4611","12478","6200","6501","3430","17516","4741","12085","15931","16150","8920","17921","7158","12494","7867","14970","17127","18221","4627","9934","31293","2571","34042","22801","12772","16915","11722","7158","3087","20619","4907","5504","11490","23633","18484","9908","19113","396","4339","22498","45625","9406","35747"
"1.53_832.57","2773","3659","6017","6473","9174","3448","4501","11515","4598","6119","2828","12664","4708","10098","10163","8979","6521","10437","5319","8453","7258","10377","9868","12016","3821","5989","12994","4391","12879","12699","4751","10175","9148","6421","2459","8683","3809","3130","6140","15120","10114","7321","13281","561","3354","11827","27194","8336","24473"
"1.31_836.54","5395","8485","8183","12627","9600","8583","6170","7821","5103","8986","5492","7603","8527","11184","7529","6741","6106","7241","8092","7459","7871","9664","11038","9389","5897","7217","8249","5040","5402","9448","5609","11506","7418","6524","4300","9191","8802","4260","9682","7914","5526","5980","8348","147","7770","11040","19361","8188","19283"
"4.11_876.86","36646","35061","31436","30503","52601","14062","23314","40052","29398","34573","31461","73380","34976","30162","46000","38776","31578","25730","30263","36248","32396","37922","56642","25533","38286","40830","61237","26125","52806","27013","35396","40521","40071","41848","20174","35268","40236","27026","38396","96283","69130","32864","34994","763","5653","72908","43951","25869","64579"
"2.79_1635.42","4206","5957","4526","5539","6718","2849","4436","6382","3177","5121","5194","5551","3991","5429","5482","5740","6594","7347","6727","5361","6221","6585","5653","6299","8021","5546","6639","1289","3908","5619","4078","4964","6209","3344","1668","6355","7777","2532","6738","5395","3592","5300","5797","0","5437","6507","11256","5858","5627"
"3.18_179.14","6933","8359","7191","10765","13456","7008","4885","8399","5112","8271","5833","17500","11107","9486","14516","9049","6612","10520","11928","8880","7280","13508","9705","11043","12314","6894","11821","4005","9278","8388","9680","13513","9618","9611","4021","12419","6300","6168","6572","14708","11343","8385","12398","360","6226","13307","22575","9030","27637"
"1.85_833.57","8204","7461","11498","10589","8123","6698","6034","8055","7402","4090","4703","12604","10972","10993","6876","7413","9078","6320","4974","8014","6549","10005","6931","7130","2818","4923","9189","4355","8195","8973","8894","7875","8847","6737","4187","7909","4265","5482","7324","11354","7977","6874","9879","118","8748","9408","17034","8146","16681"
"3.00_962.84","6606","5156","7234","10144","12400","6121","9273","11884","7680","15010","12166","18785","9167","7846","10740","9761","11365","10074","8801","8901","10417","8615","22996","13309","8723","13638","14853","5061","14866","9321","9347","16266","8947","7053","4035","8607","11356","8537","15759","16305","15491","6998","12823","99","3977","11345","14994","7817","14397"
"2.26_718.58","10083","9689","10184","7735","10711","6052","7959","10108","4098","5554","4290","9268","6307","10909","9873","9931","9279","10898","5811","9208","7112","18050","7273","10927","10078","9574","15624","2429","7304","9952","7202","10481","10525","6284","3512","8625","6117","3881","8375","8431","9962","6646","9156","250","8774","8647","27945","10426","15598"
"2.85_782.76","8227","10449","9531","11898","14270","10480","3760","6261","4507","5499","5091","14989","8168","9278","11659","7703","6303","7967","10480","6516","6390","8992","10202","8933","7373","6074","9608","2815","6006","6064","10071","11492","8558","6573","6474","8855","3584","4382","6422","12702","8914","7365","11856","201","8807","10912","12312","9913","17249"
"0.96_662.44","2377","3658","4415","4251","3242","3693","2581","6183","4033","1994","1750","7983","2884","4987","9806","6347","3408","9810","3519","7702","4009","8033","8451","7566","1512","3959","11302","2192","17217","8439","4187","5945","7217","6068","2042","7975","2274","2784","5441","9059","9630","2795","9481","270","2343","10276","16000","4585","13275"
"2.12_627.53","14391","15318","14084","12549","11942","10192","9498","16221","8634","12021","10934","11715","21296","16885","11542","11029","6566","4855","10594","9005","8810","17252","8827","5987","6273","8215","16555","7145","4910","11245","12549","11094","14761","15094","8575","13825","10497","7044","7307","8492","6933","7865","14587","440","9022","11080","22987","13091","16597"
"3.22_1014.87","10908","12307","5148","12265","12988","3171","8217","16755","10951","16039","11709","13758","10028","7284","15603","10809","12947","17368","12380","11001","6689","10705","28004","18750","12426","41325","22924","5374","24122","13995","10243","17335","11152","10179","6350","16533","26348","6780","26802","23840","29195","15988","9702","639","3928","58987","29991","9426","17333"
"3.75_765.69","3353","4080","3259","3074","4110","1582","5743","7749","6256","3272","3307","9150","2674","2707","10291","7251","6364","13756","7180","13472","9574","17042","11533","8132","3332","13769","14829","6078","10513","8080","4523","5038","5634","15702","1872","9408","4593","11792","10960","15304","17163","11493","13456","440","3414","16603","14906","8595","14306"
"0.21_551.03","1369","1934","148","140","1041","142","1418","78","102","220","220","137","201","131","172","226","158","169","344","292","207","2930","301","116","81","137","381","196","53","6875","1824","530","710","68","796","200","67","233","685","1375","799","664","523","86","3480","478","2240","547","504"
"1.91_878.71","3159","2896","3758","6492","7124","2698","2715","2471","2474","3924","3753","4103","2025","2873","4399","3509","3548","7777","4215","3294","3003","2753","14841","4484","3826","10036","8506","1720","5657","3057","6257","7837","3102","3834","1818","4360","2672","4044","5420","6277","6709","4249","5396","215","1047","8398","2862","2502","2958"
"1.78_830.55","7167","7018","8279","5181","4914","4389","4164","6912","5169","2941","4083","7572","7814","6407","4355","5106","4306","4133","2359","4576","3524","6098","4010","3808","2548","2836","5922","3182","5953","6512","5531","6579","6742","4840","2760","3229","2859","5601","3485","7523","3960","3714","5888","148","4729","4225","13090","6441","9359"
"3.19_1017.88","6191","6785","2968","5689","5500","2152","4044","6593","4403","6915","4688","5995","5474","4697","7215","4641","5063","6498","5469","4935","2893","4812","10570","7997","4947","16275","10866","2631","8526","5649","4630","6550","4823","4298","5640","6617","11394","4146","10963","8394","10098","6355","4803","209","3039","18183","9773","5395","6186"
"2.02_698.61","41137","31678","36431","31513","25410","31821","7991","1107","1323","9261","967","1100","1803","21729","2999","4725","6659","4835","7913","4960","8805","3672","5084","2682","742","6738","1556","4481","1733","2299","28860","13251","882","7194","17896","2695","1273","21936","3207","1574","1716","3246","1747","391","36982","7714","779","5143","1460"
"1.97_828.61","6284","6974","5662","8164","7649","5141","5948","9412","5659","7361","5566","9417","5965","12448","10020","9564","9352","8902","7286","6806","8775","10378","8479","11334","5757","6527","10493","2889","7873","8113","9579","8761","7138","5054","3696","9479","8024","3687","9938","9031","8240","6768","9710","554","5681","8215","28116","9013","17899"
"3.20_249.22","2527","4007","3339","4790","5521","3193","2362","3981","3120","3497","2906","7661","4096","4472","5909","3956","3285","4831","5809","3612","4027","5178","4627","5275","5134","3190","5261","2151","4522","3868","4070","5228","3427","4228","2601","5155","3306","3570","3137","5712","5462","3695","6719","0","2845","5179","9808","3557","12481"
"1.97_677.55","4424","4472","4018","5854","6389","4357","7986","5716","5056","10594","7237","6474","5016","5130","8635","6600","8809","11577","12594","8514","9655","9605","8728","11013","13355","7658","10064","2820","7977","9298","5315","5764","4275","6512","2565","7368","10056","4800","9204","7847","8193","10367","6385","69","5311","9598","15176","8640","13436"
"2.11_783.71","10385","9340","4675","2600","4384","478","3962","4910","192","496","647","3144","13811","7125","4510","0","0","1228","106","407","0","4862","181","744","0","530","2819","314","921","3565","0","6434","9233","2178","766","406","451","141","251","96","364","242","8163","145","0","197","6363","5926","6654"
"1.40_772.55","8990","9744","13516","17616","15705","8872","4112","8526","4402","5898","3378","16924","4949","17799","12341","11249","6609","10376","5964","7026","7020","10420","18536","12561","4475","7243","25494","2825","14201","14463","14176","17524","10954","5506","4301","13874","4772","3066","9650","20564","11130","8360","15673","100","7274","19199","43385","10420","29982"
"3.28_996.86","8149","6623","3796","10799","9793","3267","4258","7345","4064","8885","4074","5848","8676","4925","8298","6764","3785","6514","4647","3823","2957","5889","13027","6586","5101","33769","11074","3682","6035","4425","5825","9972","4250","5135","1682","11883","8779","4415","12776","6455","8411","4523","4901","520","2501","10496","9894","4894","6819"
"2.02_859.65","5511","5573","7372","5885","5512","4864","5160","6184","5493","5732","4351","18862","5035","4187","6352","4485","7241","5395","5651","4355","4810","6209","5498","5049","2956","5277","6812","1979","5327","6088","14977","4504","4818","4645","3213","5356","5206","3924","5608","4429","4099","4674","13706","141","4350","6110","10874","5440","7712"
"2.40_718.54","35833","28584","14314","21031","15415","20045","32252","47681","25630","32010","52262","12806","24659","39246","32652","22881","34667","40265","35315","25803","29839","25519","20840","26357","51468","18428","30082","13169","28790","47493","15980","21380","33496","25665","4513","26849","54978","11094","31803","25824","18001","25385","28868","1241","32727","19338","65468","16593","21544"
"3.16_367.34","6952","9911","9033","12264","16401","9119","6057","8581","4908","7222","5150","14788","14294","12495","12955","9994","5289","8933","11071","7980","9279","15441","8347","10797","11717","6843","11648","5441","9356","9315","9759","12413","10228","9477","5590","12180","6711","6808","7006","10802","13160","7316","12220","261","6152","10362","20552","9298","30365"
"1.47_796.55","2847","3291","2599","4246","2983","3039","2906","3442","2385","2564","1846","3462","2333","4456","3454","3454","2091","3566","2852","2935","2356","4211","4013","3596","2442","2388","4115","2037","3552","3192","3804","3458","2888","2890","1483","4786","2292","1602","3301","4179","2752","2441","3223","199","3861","4323","17841","4102","10486"
"0.71_286.31","11784","5368","2239","22541","2403","5402","1459","3292","8595","3593","1932","2526","2181","2968","4577","1640","7715","13444","4678","4892","9360","27804","13910","3694","2366","43278","19383","168805","5155","2233","2586","6080","2402","13097","2164","2153","1676","1691","2417","5279","1764","2096","19942","2101","2190","2044","138913","14493","1863"
"3.51_1002.90","7082","10981","3834","7298","11848","2898","5369","8392","8670","10263","6615","10238","9555","8445","12651","7073","7988","12019","8316","8579","6799","9567","13584","16210","12111","14447","13731","4578","12329","11021","7566","13176","6713","7562","6156","11419","24243","5266","13391","15666","13596","12220","8043","674","2743","55838","19855","6752","11503"
"3.32_964.85","1671","1316","1492","2968","2360","1663","2348","20867","5644","3935","3485","23531","1738","1358","7049","3246","3036","5914","1948","5455","2395","5905","7293","8134","1730","3446","11429","1080","31228","6171","2172","2414","15958","3225","1324","6261","3725","1586","6806","36382","23034","2714","13121","518","966","3880","15653","4717","14923"
"1.53_746.53","3342","2030","5626","5885","6275","3902","3536","11078","3468","7615","3898","10785","2624","10879","6709","8337","9297","7979","3454","7626","6398","10003","7816","14319","3936","5124","14652","3729","9742","10452","4868","13728","4935","4806","2148","4791","5724","3380","7705","12137","5295","5019","12016","151","2815","10641","25247","6627","15923"
"2.37_1339.02","2783","3942","5625","4076","5257","3561","2764","2895","2777","4149","2661","6226","3483","4121","5005","4546","4318","4570","5974","3933","4176","5512","4794","5738","5557","2304","4636","973","3347","3893","3827","4827","3499","2665","2718","4684","4743","1346","4318","4800","5463","3709","5410","77","2598","5002","5826","2802","9014"
"2.03_453.35","3502","3988","3786","4258","3848","3011","3833","4702","2604","5162","4609","3303","3138","4197","4391","3289","4278","3445","3298","2976","4313","4226","3467","5192","4604","2619","5270","1779","2903","3777","2544","3709","3367","2386","1812","3915","4526","2033","4750","3474","2703","3959","3174","105","3397","3982","21616","5333","8355"
"3.19_750.74","20604","24986","21881","28292","32980","22153","18227","22335","20299","24244","20928","36429","28052","27496","34003","26124","23031","27520","32448","26099","25667","31219","24982","30987","32437","19975","28501","15844","24496","25021","26876","31133","25151","24993","15342","30315","23061","22402","22412","32142","29218","25170","32928","317","20936","31124","37353","25709","44488"
"2.76_778.67","3974","4616","4913","6215","7596","5881","5720","4534","4906","7302","6468","10700","4948","5781","10813","8097","7562","8636","11178","6603","7615","7300","8283","9121","13864","5958","7409","2695","5996","7147","6978","8433","6220","7701","3656","8227","8557","6461","6900","7757","8001","8517","10097","377","5493","9619","9608","7351","13913"
"0.22_403.00","2159","2467","9753","9949","2984","10739","563","471","328","823","582","760","515","15184","785","707","427","719","696","523","402","1010","928","591","170","546","1167","325","380","506","2285","997","690","539","848","839","387","238","691","835","515","727","766","236","2356","1056","1531","962","607"
"2.11_780.65","11000","10179","9072","17310","17715","9319","14907","9815","15726","21284","18354","20534","7912","8407","21483","16295","25434","31255","40693","20082","18347","15776","27652","22405","24515","21124","15508","11471","16707","13062","18785","22340","10155","18978","9673","16750","19008","17521","15439","25988","25990","26276","19350","19","12346","33672","13761","12182","18686"
"1.03_694.47","4262","4575","16889","8470","7301","8618","4936","4811","5335","2533","2988","7236","4117","11638","7784","6518","5179","7325","4348","7103","5363","8799","6872","7431","3977","6430","8340","3468","10402","6752","6527","6838","5197","6059","6387","5960","4235","5708","5825","6068","6342","4651","6891","146","3918","7354","12005","4073","9874"
"2.10_577.52","7727","7975","7216","10038","6590","6516","13246","8326","6029","42661","6581","8536","7441","12042","9343","7351","10025","8270","12606","7364","7320","7815","8271","9531","6100","7784","10209","2804","6553","8992","8313","8268","8860","5097","4110","9084","9082","3846","7656","9025","6843","12110","8132","413","7276","8457","18307","8580","12577"
"2.35_840.53","9049","8222","9460","7875","8420","9063","8336","8082","10027","7801","9046","9265","11652","9370","8364","8380","8507","9180","8452","9547","8484","7069","9025","8297","7942","8530","7133","9219","11493","7973","9840","8731","8510","9499","10156","8253","8220","9601","8178","10024","9620","8982","8489","753","8026","8494","3270","7476","5127"
"2.16_759.18","4673","6114","5356","4604","4978","5381","3628","4225","3943","3724","5236","8755","6929","5757","6770","4724","3482","7287","3984","3819","4323","7091","9576","6662","2820","5982","10995","2054","4391","5725","7430","8331","5486","6280","1566","6590","4081","2342","6592","6845","2342","5678","6983","0","5767","7478","10870","4400","9486"
"0.20_367.11","5258","4847","10164","8847","1747","8337","685","950","536","673","372","629","1145","28055","3058","1110","450","1304","465","610","982","1021","2183","1183","153","681","2308","279","955","833","4310","1250","1229","692","1110","1073","466","457","1335","887","1219","516","1588","123","6096","1566","3525","1291","1736"
"1.41_401.34","14223","14085","13308","17784","19873","10752","19909","17059","13684","17191","12159","18050","6056","16518","27631","27788","29828","31506","25064","26302","30831","26529","25122","35337","17602","22617","29692","4641","20009","27200","16059","19488","12092","15682","7814","29914","19724","14495","24627","19719","18479","30722","22718","307","16939","31237","42806","33474","26806"
"2.49_679.56","3667","4754","3149","3201","4532","3580","3330","2407","3138","3956","3958","4955","2632","3036","6565","4531","6006","6339","8832","4443","4610","5948","4329","8134","6049","4167","4444","1776","3081","3698","2869","4184","3018","3496","3749","5167","5055","2628","5238","4329","3665","5154","4888","123","3245","7478","8516","4203","11244"
"2.12_739.53","7693","9181","7685","7977","8602","7355","8035","8217","6804","20794","7129","8165","6347","9264","9064","8282","8837","8311","8869","8767","8211","9464","7560","9615","10168","6562","9663","3812","6683","8621","7740","8211","8307","7785","4717","9382","8357","6150","8805","9433","8039","8645","7860","173","8892","8887","15380","9954","9323"
"3.01_974.84","8633","8449","5959","11393","15596","4860","7324","6881","8454","8497","9552","12042","8431","6603","9679","8904","8869","11383","10837","6793","7892","5909","18466","12928","8554","18499","15061","3658","12296","7657","11513","19086","8073","6992","4248","9751","10331","7831","12792","18412","12165","8666","8366","235","3060","12810","9655","5126","9392"
"1.52_802.56","3310","3714","3252","6050","7371","2905","5314","6556","3498","4998","2322","9318","2337","7244","7035","9147","6600","9149","5261","9066","5671","7446","9438","12224","3371","6103","13278","3436","9125","13043","4313","9308","7622","7265","1826","9448","4315","4137","4716","12856","7752","9734","8149","399","3904","13325","21480","9332","17953"
"2.79_893.62","8442","9319","9826","9699","8839","7944","8807","9062","8484","8817","10038","8963","10647","8818","8107","9248","9738","9077","9068","8319","8239","8402","10032","9576","10011","9322","7161","6416","8175","8639","8666","9065","9974","9222","7281","8848","8631","7884","9402","8721","8594","9850","9410","859","10167","8378","7589","9471","7007"
"2.07_704.37","4144","4917","3331","5405","4578","3312","3238","4295","1714","3168","2846","1919","1484","7853","3950","2170","7071","4790","3084","3271","4794","5102","4956","5842","4130","3302","8093","576","2092","5743","1998","3202","3057","1335","958","6169","4499","1085","5101","3238","2301","3967","5144","107","3577","2263","9568","7966","10070"
"2.86_735.63","1890","1368","1025","1102","2225","517","2225","2039","1919","1679","1223","2716","568","1050","3958","3926","2350","7413","2359","6672","5934","11809","4435","3362","951","7836","8627","3581","4843","3821","2446","2177","1844","7672","610","5290","2346","8369","6884","4139","6171","5468","4709","111","1348","10787","6142","4683","5065"
"2.10_718.54","2845","3038","3221","4072","4047","24717","4616","2299","2955","5512","5289","3657","2797","2597","5994","3861","37615","4943","6641","4485","2778","3391","5819","5225","5654","4600","3416","2404","2363","3545","3080","4823","2431","2407","2565","4216","4844","3052","6578","4285","4552","6374","5055","1060","4911","4771","3836","3789","8327"
"3.25_956.83","13291","11930","9130","21351","27915","6319","10687","10866","12075","12669","10499","21755","15699","9800","14054","13742","9652","17765","9843","9541","8631","8471","24401","15778","11326","32290","26469","5510","19137","10836","20293","32504","13367","10635","6512","17080","15084","12062","17450","28385","16902","9194","10999","666","3642","16081","15133","7393","13412"
"3.17_789.60","6002","5732","12260","7013","9388","10408","6654","8608","8942","5112","4631","11785","13843","5051","7564","7389","6143","7090","5170","8698","7159","14978","4311","6428","6988","4098","8471","8374","9116","9587","8146","6809","10736","13848","5991","10069","4157","8218","6864","8528","7799","10322","10504","172","9937","6938","11931","8837","15592"
"1.10_622.41","8029","8475","13984","10547","7100","10955","4572","9532","5900","2304","3476","10983","6254","17067","14044","5929","2892","5928","2766","8214","5245","12235","7836","6590","3912","4294","12901","4408","17343","10989","8496","6717","8874","8745","3633","8257","2975","4895","4562","9151","9315","4227","10490","436","4360","7735","29987","10184","18994"
"2.90_752.65","15889","16881","15572","22577","23201","15901","16679","17811","18667","22501","20325","29025","16139","17776","25815","19513","22643","26155","30280","21306","20267","24745","29379","24027","26154","20263","26267","11247","21376","18995","22114","24434","17389","18463","7744","20991","19635","16750","19907","30678","26640","23420","24968","265","17197","28767","29714","19476","35872"
"0.27_311.22","12208","12865","10542","13575","23700","8463","15667","15989","9219","18573","20288","16475","5273","6592","17936","13484","12364","18406","17426","17245","14479","8627","43489","27358","11253","20252","17883","4038","18690","12405","11082","14593","10671","6339","3502","23389","23355","6091","24986","17584","21055","20266","15304","504","10860","19366","47582","14859","42495"
"3.05_1012.85","6763","5797","2929","6876","6928","2588","4850","5925","3829","7213","4106","7774","5600","2971","6364","4428","4221","6730","4978","3944","2423","4032","11824","7543","5007","27948","8509","2662","8469","4501","6041","8197","4589","4180","2402","8780","8854","4250","11491","9033","9172","4574","4334","421","2227","10631","8231","3561","7461"
"0.85_646.41","2688","3457","3803","4451","2254","2939","2726","6846","2749","1960","1618","8154","2895","6430","4258","4075","2725","2532","1999","3012","3176","5086","3001","4058","2172","2873","4440","1758","5832","3451","4565","3518","5591","3853","1878","3029","2213","2406","2566","3522","2864","2033","4146","65","1617","3681","15973","2604","8418"
"0.84_704.45","1800","2559","2616","2088","1897","1318","2017","3919","2199","1243","1102","4121","1618","3185","7776","4257","2526","8674","2092","6720","3782","6323","8389","4350","507","4401","8921","1210","13488","8111","3062","3893","5424","5335","1063","5652","1584","2202","4194","6162","7666","3557","8467","119","1155","8614","6747","3627","6309"
"1.83_826.60","3946","5664","4831","4894","5753","4587","3355","6797","2550","3629","2909","6172","5867","8872","7401","4417","3821","3727","3500","3056","3909","8383","4141","5406","2740","2751","6127","2308","4900","4208","4552","5235","5820","4205","4069","5074","3501","2259","3946","4163","4205","3323","6047","355","3814","4616","17298","6027","14530"
"1.31_864.56","1087","1150","1873","1956","1873","1437","1807","7422","2693","1775","2009","6177","1448","3186","4244","2922","2572","3726","1848","4287","1848","4898","3885","4081","1322","2670","6946","1316","10537","4374","1364","2451","6159","2060","1238","4231","2340","1488","3170","9896","5692","2671","6607","77","1146","4952","12074","3492","10837"
"3.34_711.62","5532","4976","3926","6482","5191","3539","5283","6731","4309","7291","5859","4501","3370","5089","4863","5978","6913","4764","7098","5003","5682","5217","6122","6103","4892","5248","6942","1999","4992","6166","5511","5598","4285","3982","1580","5634","6362","3100","5333","5829","4699","6625","6306","130","6227","5666","12491","8706","8212"
"2.89_737.62","8093","8394","7315","10790","9988","7360","7978","8790","9013","10619","9339","11634","7326","8981","11374","9493","10711","10663","13182","10940","9861","10911","11094","10635","10903","8101","11616","5178","8966","10019","10371","11341","9331","7721","3881","11044","11009","7527","9735","11536","10139","12199","10425","0","8412","11710","15854","9143","15765"
"1.30_835.59","4204","3233","4073","5016","6090","3399","4634","4506","4807","4690","3730","5349","3008","7175","5298","5198","5502","6955","4989","6394","6433","8605","5551","11134","4485","3992","8114","3893","7644","7231","4082","7838","5080","3659","2658","5260","4557","2651","5845","8632","5566","4960","6329","168","1973","8094","13711","4602","11789"
"1.99_738.51","3393","3858","2625","3967","2022","3451","6128","3240","2048","5579","11036","1099","2514","4794","2969","1272","2406","2472","4759","2149","5048","2854","2150","2795","4306","2070","2057","1285","782","2657","1995","3160","2307","2071","713","2655","8095","1850","4245","896","483","2818","1605","154","3596","2321","3341","1330","2594"
"1.19_666.47","3850","4211","7024","9772","6222","6744","4400","6015","4582","4259","2991","5991","3390","14451","8353","6691","6007","7651","4602","7826","7536","10155","7252","8503","2645","5578","9999","3392","10212","9460","5013","5687","4557","6653","3687","8098","3491","4094","5793","4987","8951","4805","5778","57","5216","7158","17594","5923","14177"
"1.26_388.39","2144","3532","3028","2987","3044","2625","2136","2198","2061","2963","1655","9891","2701","3636","1843","1916","3388","3742","1906","2521","2042","2814","23790","2209","5236","2717","2561","3364","2737","3406","1925","3021","2563","2564","1725","2701","3026","4498","1991","3612","917","3404","4188","2320","1960","1799","2189","3164","3495"
"3.31_992.88","4956","4487","5620","5447","7227","3459","4912","18950","11540","9270","7029","27150","4728","7615","11440","6744","9407","7920","5694","6978","5173","6865","15192","11250","4393","9653","16642","3287","29513","8209","7079","8379","17981","5786","2806","9555","6458","5996","9795","40463","29252","8427","10654","534","2518","9825","20725","6155","20517"
"3.12_650.64","7221","7616","5990","7606","6841","4256","6551","7002","5089","9116","10507","6445","5466","7455","7393","9769","6867","6899","10966","8937","9097","9392","8733","7757","10485","9104","11437","2644","8093","10383","6606","6303","6588","6080","2230","5523","12134","4757","7775","7160","5055","7707","7317","394","7381","8732","25405","10633","9156"
"2.15_760.48","4728","1803","4326","611","4366","3049","1243","1972","1444","2127","3016","4672","6217","4966","3338","2842","1069","2432","1619","3188","4620","5852","4269","2208","1360","2555","10048","1245","994","3680","4399","5374","7416","2431","1393","2255","4215","2417","2230","6219","3582","4883","1419","290","3097","2729","16372","4805","10885"
"2.25_798.69","9134","10437","11490","12540","14834","11299","12269","7190","8611","16537","10282","14447","6583","8007","17950","12934","15653","13812","25046","10706","11775","10762","16395","14911","19006","10747","11457","5507","9652","10770","8462","11969","7472","7248","11087","11688","13053","7304","11287","10172","13832","12568","12957","82","10555","14409","15598","11178","24733"
"4.12_852.79","72209","58986","68681","79457","97150","26520","39320","173011","96660","115340","50771","190224","90012","113276","87954","61819","74617","75594","42744","69222","75655","80604","107893","95660","43612","65447","137068","37998","121862","88394","96382","114557","86629","84319","19294","63549","37976","43610","78258","157109","105934","56666","129391","1855","6381","61243","113663","35936","156259"
"2.41_852.50","3144","3348","3269","3301","3283","3451","2956","3754","3645","3022","3151","4020","3069","3499","3630","3656","3116","3308","3149","3338","3229","3269","3191","3809","3133","3098","3401","2512","3645","3335","2989","3636","3732","3344","3158","3679","3361","2648","3559","4051","3598","3128","3309","509","2680","3883","2751","2929","3577"
"4.24_605.55","11479","11847","6780","12087","13468","3574","9484","46353","21054","23572","6332","37472","16624","29331","23999","11371","15974","10198","8283","11747","9634","17417","21185","17549","8259","14905","40602","5467","24277","17473","14614","20281","15783","14355","4390","15273","9140","6371","15269","25710","40283","15497","20414","956","2653","37303","30180","13086","43923"
"3.51_976.89","21599","20713","15636","21733","35811","8289","17817","18351","25486","27647","23271","35649","18631","24812","38648","23370","36171","32619","27797","25241","23972","21474","47082","41342","33947","32426","33805","12319","31003","29708","23356","38216","18768","21285","15389","21824","33523","17719","27467","43377","33315","32313","32110","623","5552","51625","32150","13712","39998"
"3.28_737.75","11055","9517","7085","10328","8795","7665","9926","9307","9304","12622","9299","7281","6611","10240","8004","9425","10607","8199","11719","10118","10264","9715","7999","9255","8336","8193","10370","3791","7099","11434","9980","8839","8260","7124","3634","10021","12508","5915","8912","7097","5222","11633","9104","239","13205","8164","19235","16021","10399"
"2.45_821.56","4278","3850","3436","5576","5053","3405","3261","4314","3416","2848","3212","4471","5098","5386","3973","3592","3770","3620","3424","2876","3893","4987","3743","4280","3378","3611","5031","2578","3304","3621","4441","4041","5126","3592","2121","4345","3120","2602","3974","3884","3598","3209","3836","99","4648","4177","8600","5529","6549"
"2.07_704.44","4762","5178","4963","5021","3379","3321","2543","7102","1915","3357","1607","3655","1806","4843","4371","6122","5502","3822","4182","4022","6067","6499","4692","5619","3171","3210","6743","716","2332","8481","3701","3089","6630","1823","685","6325","4318","1387","5589","3691","2691","4588","6004","232","6607","4418","15571","4191","8532"
"2.34_1516.13","3702","3801","3843","3789","4195","3362","3108","4847","1778","2923","2986","4530","2406","4833","4426","4230","4196","4464","2697","3797","3385","5487","5246","4288","4026","3146","5725","679","3179","4156","3291","4344","3689","2862","1126","4646","3889","1215","4792","4320","3008","2067","4749","0","3297","5015","8101","3026","5844"
"2.15_758.98","4509","4457","3729","7156","6675","4369","4350","4558","4013","3548","3451","6015","4910","4602","4944","3821","4793","5413","4507","4053","3435","5574","7384","5623","4913","3326","8004","2467","3117","5707","5744","5924","4996","4179","1778","5100","4636","2995","4563","5077","3274","3123","5620","0","3701","5062","7740","4838","7598"
"3.44_946.84","16758","13187","17417","22572","30195","11659","18407","28930","20490","36629","19365","45266","17417","18384","29242","20965","25485","25679","19834","20944","22660","17224","48846","31732","17886","33582","38348","8574","30460","22071","25545","38041","20229","19061","8134","19053","17426","17814","30995","44474","32497","14408","33016","360","4240","21872","24309","12066","33041"
"1.53_820.60","7109","6806","12715","18232","19758","11497","4387","8111","4179","4709","3243","15214","6571","21744","9336","8827","6287","9449","4905","5744","5801","7575","11656","10114","3424","6516","15862","2925","8860","11225","10541","17844","10841","6463","4003","8279","5556","3151","7123","17830","8323","9132","12822","280","10226","14179","32309","11848","25877"
"1.32_791.56","4327","4527","7221","6693","7848","5330","11972","8776","10953","15956","10151","9283","4816","10155","10148","17304","15326","22298","13728","17795","15085","21014","13325","21965","11842","14369","18455","7220","17094","22492","6315","10547","8906","8666","2969","15616","13262","6661","14014","12406","11738","10822","7732","344","3583","15845","30851","6215","25632"
"1.19_650.44","5534","5595","7501","8643","6843","5751","4565","9678","5269","3287","3269","9607","3701","13620","9827","6249","4689","7061","3411","6660","6080","10599","6942","7377","3814","5055","13681","3207","15721","10028","6951","5988","7875","5844","3040","8487","3902","4386","5693","11008","11413","4489","8381","263","4228","7782","32083","7552","20017"
"2.22_796.68","9772","9115","9206","14655","16558","9766","12059","8302","10414","18355","14238","16208","6694","7015","17030","12874","18490","17901","28645","13157","14046","11019","20610","15610","21125","13486","12267","6595","11559","9170","11389","15204","7618","9557","9186","13556","15454","11524","11993","14564","16317","17188","14217","22","9774","17831","14447","11416","21058"
"2.37_786.74","0","4817","3461","3702","2036","0","492","3746","5674","6128","394","3291","0","1990","3865","4016","3215","6628","3321","2975","2954","5726","4864","2638","3285","1890","4546","7267","4046","5255","599","2251","5635","5547","11031","8891","5479","11600","6264","4115","3448","3840","3804","158","4420","5725","3624","3250","4199"
"1.98_756.61","9476","11713","13485","13636","10068","11440","7463","12078","5889","14947","10772","12110","10520","13175","10789","9631","10475","9659","7576","6788","11444","15979","14410","12172","10398","10208","18087","2345","4143","9755","11746","19466","12221","8862","3100","11103","8495","5035","17290","11939","5090","4058","11168","0","7793","11738","31298","12060","19496"
"2.30_840.57","7788","5624","3548","3573","3351","5746","4480","3170","2998","5347","9710","4077","4271","4890","5095","4057","5918","3279","3302","3569","3853","3140","3945","2831","3384","3972","5621","1768","1802","3038","3515","3546","6014","3602","1728","3939","6501","2595","3059","3166","2903","3527","4136","406","5963","1897","9755","5054","5028"
"2.81_817.65","7397","9275","4551","9748","8088","5405","7138","10378","5285","4619","5495","8330","6715","11123","11777","8379","10313","8280","6893","7376","8657","12033","7253","10182","9431","7081","9617","2240","6407","8803","5633","8134","10423","6230","2840","10714","10927","2771","10758","8692","7187","7820","9013","307","6853","9758","29337","9094","15393"
"1.41_793.57","8362","9365","10648","13667","14062","7341","5714","9055","6092","7880","4539","13655","4662","15243","12081","13599","9515","15372","8286","10381","9283","11875","17018","18480","5798","8438","24294","3099","19132","18969","12101","17049","10450","5454","3277","16714","5719","4257","11657","18711","12642","10131","14139","355","7179","21523","39408","10358","30621"
"1.30_703.54","38898","30321","75858","61335","59606","65526","27769","23459","19045","34115","23405","33214","27145","98187","31758","31323","37936","46956","34488","34141","28495","34649","42531","38165","39690","34946","45169","41076","26223","42356","32210","50383","26734","29771","24803","22517","29467","24081","26870","36010","16635","28365","31832","899","27296","46027","39462","26719","21344"
"2.59_790.68","2817","3445","4380","3129","5240","3519","2117","6231","3199","2681","2881","2985","4298","6035","6314","2854","3629","3628","4105","3868","4218","5075","3160","6179","2927","2888","4334","2018","3226","4433","5756","3711","3792","3565","2792","3605","3621","1942","4839","3586","2807","2341","4125","192","3297","2853","22049","4578","17904"
"1.99_876.60","3479","2327","5995","5308","9715","2613","3094","4869","5855","2628","3472","9274","7117","2568","3349","4367","4245","5842","1984","3885","2865","5454","6787","3483","3362","5266","9070","2353","9783","4569","5537","6780","5815","5496","1152","3923","2993","3031","6934","14243","7042","3886","4739","164","1586","3968","7734","2428","7843"
"3.32_766.76","2251","4195","2969","3485","3548","2957","2682","2776","3151","3483","3766","6188","1760","3487","7253","3698","4817","4396","8322","4550","4662","5255","4159","6458","6251","2791","3919","2342","3159","3313","3652","4498","3236","3075","3057","4176","4442","2441","4327","5066","5337","4750","5406","135","2302","6881","8211","2905","11776"
"1.30_892.59","2030","1774","1968","1923","2385","1499","1893","4503","2930","1581","1840","4411","1606","2494","3671","2485","2213","3092","1751","3347","2459","3872","2451","3790","1929","3164","4440","1718","4621","3533","1880","3009","3496","2110","1150","3977","1797","1588","3152","3826","4134","2535","4407","59","1448","2850","10487","3598","8631"
"3.04_907.70","4721","3608","2272","6044","6433","2172","4360","3375","3616","4232","4042","6514","3329","3215","4035","3943","4745","6540","3887","3996","3305","2489","10558","5930","4988","8929","8266","1937","6585","3693","6301","9361","3740","2702","1451","5795","6239","3024","7608","9283","5960","4220","3403","335","1990","5920","6091","3010","4579"
"3.47_784.68","9673","13434","8537","10309","10564","9842","4596","6944","5017","5763","3806","9010","11059","8747","7701","7158","3586","6212","7188","6725","6128","6508","4424","5909","7232","4035","9314","5045","6459","8081","10190","8509","7081","7717","4500","11412","4152","8450","4201","8861","8025","5334","8395","257","7211","10101","9393","8606","8985"
"3.38_960.86","16460","17367","14188","22708","33164","9374","16466","15548","17076","18460","14965","26112","18815","17445","22088","19384","17732","21306","18983","14566","15622","14500","35201","23419","19764","31038","29068","9195","21077","18741","20596","34248","15838","16273","10762","17607","19361","14513","19092","31997","23407","16567","19324","385","5059","23309","17867","10142","22493"
"2.15_796.53","8803","9849","9170","10162","9944","8388","8284","7826","7903","7601","7863","9205","8071","10895","7860","8770","8184","8146","7498","7664","8068","8265","9175","9140","8240","7568","9326","5526","7774","8639","9106","9001","9623","7924","4002","9480","7625","5762","8479","9095","8122","8575","8443","1035","8024","7932","8853","8457","9305"
"3.69_738.68","2495","2560","2015","2552","2475","1119","3818","4714","4163","2239","2982","5547","1796","1631","4512","4728","3869","8275","3907","7896","7074","11622","5406","6199","2356","8434","9237","3446","7244","6079","3252","3685","3437","7266","1585","6679","4045","5542","8655","8521","7602","6351","5417","99","2717","8688","10095","6251","8540"
"4.02_848.77","187817","44517","40527","61880","321668","146584","145048","608302","214012","71774","197395","818251","273211","339289","54293","251809","40552","211801","144844","36972","216120","45801","83218","50108","160405","290133","113154","175988","79054","241572","290484","442985","241647","310185","105482","184221","253427","28383","52946","543179","82590","24659","468674","8282","36070","35196","482677","143214","558544"
"1.31_184.07","12030","10461","24732","25364","19624","21276","10615","18220","11658","10306","6845","18912","13510","36227","19565","15735","13338","19352","10777","18599","13150","22033","19233","22252","10849","13029","24585","10856","30273","22735","14177","18602","18859","15723","8392","16966","8841","9549","13021","25360","20258","12540","18580","194","11522","21518","40361","16084","31042"
"2.07_727.56","13562","15138","13737","13732","16335","14127","14629","14586","12393","14397","12724","14460","11268","16177","16129","14261","15985","15303","14388","14293","14727","15109","14387","15155","14639","11774","14752","6994","11481","14647","12583","14991","14795","10588","8296","15125","14033","9550","15186","13780","13520","15526","15605","472","15071","13753","19567","16860","15678"
"3.17_767.54","6469","7216","16122","9912","14646","11892","8465","11507","10690","6887","7180","16168","18567","6474","10912","10015","7770","9728","7605","11495","8926","21436","5870","8900","9287","6018","11149","8811","13982","11565","10790","11077","13249","17323","6167","13980","5019","10985","8590","14572","11877","12489","13948","390","11144","9605","18080","12456","29049"
"1.39_385.35","4190","4245","4846","4443","5898","3539","4739","6006","4538","4914","3182","6359","2304","5288","7120","6264","6038","6176","5650","6290","6178","7199","6617","8102","5698","5639","8553","1733","7806","7339","4377","5425","4914","3302","2917","7598","5873","3817","6432","5638","7029","6611","6486","194","4350","6358","13489","6223","9295"
"2.15_758.94","6172","6339","5903","6879","7333","3596","5854","6975","5451","5407","6838","7479","6957","6098","4690","5984","4608","6800","6619","7012","5917","9377","7905","6978","5551","6740","8247","3195","3906","6608","7034","6438","6709","5878","2506","6334","4092","3733","7046","7138","5487","6376","6605","0","4267","7046","9102","6376","8332"
"2.45_812.68","6808","6461","4444","8636","5875","6075","4845","11007","5953","5594","6089","10513","9868","10197","7421","5825","6465","5400","6790","4991","6458","10791","5818","8646","6652","4820","9917","2895","5266","5422","9141","7131","9172","6308","3544","7460","6634","3482","8815","10241","7441","5134","13932","149","6598","6452","21523","8822","18844"
"1.53_801.58","3378","7388","4396","6461","7209","5642","2708","3871","1797","2678","2388","5624","2693","7994","5343","3938","3485","3992","4437","3070","3300","4239","5306","5134","2299","3582","7839","2717","3083","5268","4860","6287","4749","4133","2349","4695","2736","1845","1409","6190","3942","3451","5813","65","3336","6737","15941","4506","9624"
"3.25_982.84","6597","4407","2701","5945","5742","1977","3088","4841","2575","6104","3041","3813","5124","3395","3674","5316","2577","5359","3043","1771","2781","2997","6527","5186","4148","18953","7341","2551","5245","3598","4540","7130","3486","4122","1976","7187","6527","2587","9088","4064","5223","3252","3051","519","1600","9328","9360","4056","4955"
"0.25_550.31","2721","2836","2107","1467","1960","898","1624","2811","2133","1684","1219","2941","1215","2612","3773","4267","2065","5601","1682","5409","2841","4280","3945","7321","842","3059","7579","1007","7467","5481","2486","3489","3537","2507","1603","7980","1258","2481","3368","4447","5704","3856","3386","355","5002","7523","21831","8681","10896"
"1.59_841.64","4925","4756","4292","7169","6826","2197","4357","6446","3087","5344","3055","6477","1779","6122","6553","8077","7479","11702","6141","6229","6313","5581","11319","9746","6980","7848","14871","1822","7111","9399","6681","7228","3588","3205","1573","8841","4054","3014","8512","7142","5452","5518","4232","57","6394","13090","23039","8294","7944"
"2.22_850.49","4155","4318","3833","3950","4395","4242","3862","3850","3858","4064","3602","4537","4072","4200","3755","4138","4042","4084","4051","3987","3999","3830","3840","4593","4376","3793","4118","3583","3927","4368","4297","4566","4112","4630","3398","4099","3735","3774","4071","4116","4002","4240","3830","625","3909","4077","3250","3888","3621"
"2.14_1572.12","4796","3943","3870","4350","4213","4135","3614","3701","4046","4201","4366","3951","4553","4761","3883","4127","4438","4524","3931","4298","4196","4164","4633","3630","4842","4298","4160","2286","3499","4264","3810","4878","4061","4136","2299","4006","3904","3809","4096","3790","3487","2563","4035","0","3875","3908","4593","3769","4190"
"1.19_702.47","3370","3797","4287","4859","3943","2666","3332","8554","4412","3637","2322","8570","3881","9450","6850","5328","6121","5344","3051","4847","4139","5746","5655","6836","2282","3707","9344","1842","7997","6590","5709","5999","7339","2781","3068","5326","2975","2718","4829","10117","7305","2530","8955","170","1815","6265","20598","3487","13868"
"0.33_293.21","11033","9107","12339","14473","16237","9017","13832","34358","8755","17321","21150","23387","4739","10975","16766","10398","11210","11792","14806","12443","11557","10850","44841","21982","9815","21735","15400","5013","17484","9529","7325","10437","17593","5644","3215","17509","29769","4070","27850","24076","24003","18744","15956","804","7426","11634","71054","11156","85953"
"1.52_843.59","1936","2220","3920","4603","4425","3201","1949","3522","2509","2846","2274","3997","3422","6506","3558","3085","2943","2933","2406","2891","2655","3986","3609","4057","2162","2395","4660","2218","3331","3940","2681","5121","3789","2832","2134","3667","2356","1656","3214","5329","3363","2844","4478","73","2422","3984","11900","3286","7345"
"1.84_822.56","4763","4541","5095","7545","5905","3788","4042","6014","3707","4499","2761","7087","3898","7406","7881","5120","4480","5423","4343","3612","6058","7875","6328","6557","4700","3762","7112","2432","6161","5716","5547","5293","5773","4308","2369","6285","4389","2616","5451","5318","5969","4125","6110","219","4061","5748","19144","6661","15862"
"2.51_605.55","3926","2549","2383","3395","2666","9547","4581","3103","1989","3413","3301","2123","1246","3110","3996","2227","13239","2462","3681","3105","2899","2642","2706","3122","2928","3718","3635","245","1827","2598","2733","3198","1496","1580","726","4233","4404","1407","4903","1559","2779","3896","1721","379","3152","2609","12034","2567","5699"
"1.60_876.52","1655","1533","4545","2463","3708","3651","2259","2210","2853","1671","2272","5447","3586","3207","2086","2742","2906","2083","1991","3369","2440","3345","4020","2809","4930","2180","5466","2884","6151","4591","2719","2278","2763","3036","1533","2636","2696","2795","4866","6926","3442","4339","4340","64","3920","2842","5586","2898","4447"
"1.53_833.57","2029","1502","2468","3349","5206","2056","2967","5593","2561","3093","2188","6137","2727","5594","5037","4665","3058","4751","2980","4266","3226","4857","4671","6249","2299","3290","7252","2801","6540","6220","2844","5606","5144","3028","1096","4896","2481","1849","3491","9050","4920","4720","6101","256","1687","6222","13831","4360","10677"
"3.63_922.77","30180","33206","22509","46339","54832","12610","8904","21162","17863","14810","7622","52766","34051","24774","22674","19427","10266","23577","11177","13016","9528","6791","43300","17640","9488","35402","54109","8079","40210","20119","37186","47199","14001","17634","7969","24498","11821","15292","17386","69489","47530","13609","23040","506","3643","47490","20219","7917","20099"
"3.01_803.70","3217","4366","3225","5024","3997","3128","3128","3805","3292","4560","4132","3402","3354","6058","4166","4443","3725","3541","3682","4240","4779","3899","3495","4057","3796","3650","5178","2337","7176","3277","3234","3939","4934","3327","1408","3462","4018","2734","4922","3479","3754","3610","4378","236","3996","4033","13370","6513","7465"
"0.99_738.45","2494","2059","10496","5171","6415","7020","3296","2360","3205","2377","2143","4868","3687","9852","2893","3415","2663","2568","1918","2894","3620","4022","3768","2978","4550","2885","6715","5480","6707","5832","5081","3275","3499","3657","2315","3387","3008","3436","4776","5655","3237","4859","3884","99","5601","3522","5952","3402","4363"
"2.35_811.66","11828","14664","8557","7528","9049","6957","7424","10293","6213","4363","6327","8537","12403","8528","9474","6253","6078","4967","4829","5821","7398","12270","7769","6889","7529","5969","10933","4870","3096","8625","8558","7862","10494","9250","4599","8030","7205","4430","5878","4977","4922","5199","10054","106","8311","6147","16384","16602","12371"
"2.53_716.62","5261","7532","5683","5638","12162","5826","10112","8640","8286","15264","9802","9835","6212","7325","14331","9573","11379","16348","19191","12473","15179","19791","9115","18465","26402","8681","12616","5659","10079","12559","5979","9108","9339","5533","4694","13270","15272","7624","11299","6809","10890","11780","9304","399","6400","13421","28821","8574","31124"
"3.10_907.62","4867","4595","3621","4815","4663","4863","4939","5111","4729","5133","4777","3338","4232","5123","5316","4910","4769","4529","4498","4433","4975","4449","4086","5327","4938","4867","5331","2421","4906","4723","4431","4979","4933","4135","2482","5505","5528","3562","5368","4842","4784","5535","3957","113","4304","5053","6609","5704","4735"
"1.99_770.56","3808","4768","3662","4480","4057","3964","3852","3771","4405","4126","2355","2942","3024","3033","3695","2798","2588","3013","3548","3833","4720","4775","3968","4303","3777","3402","4371","1707","3536","4294","3272","4646","4511","3478","1830","3794","4415","2439","3673","2669","2091","3721","3737","206","4229","3130","5973","6171","6252"
"2.05_677.55","11105","11391","12129","18046","21754","12183","3470","4458","5456","4440","6285","19115","8071","11053","13280","7359","6759","10125","12188","9674","6607","8429","18330","10749","6792","7969","12449","4585","6732","7133","14002","17920","8499","7555","8639","8295","6302","6116","8986","17639","8657","10318","16163","287","11929","18496","13161","12868","18434"
"1.31_842.52","2343","2055","2108","3054","3197","1344","2339","7627","3142","2376","2320","5477","1565","3505","7789","5324","3217","6900","2346","6434","5017","5421","7586","7279","1203","4128","8785","1843","11637","9300","2807","4605","6823","4895","944","6037","2325","2974","4564","8836","5949","4156","9117","176","1290","6888","12173","4396","9484"
"3.07_762.67","2570","3323","3307","3733","3468","7630","1919","4500","2537","2857","2941","4738","4968","4420","4805","2791","1983","3537","2822","3651","3140","4893","2659","2748","3464","2468","3689","1918","2710","2656","4706","6637","3653","2757","1324","4459","3158","3073","2616","4495","3273","2251","2907","92","2178","3985","5541","3249","8548"
"2.20_794.66","6835","5913","5851","9224","8847","6144","9271","6778","9639","13101","12822","12107","4404","4920","14068","10275","15685","17980","23313","12610","11885","10966","16439","13966","14131","12330","10575","5647","10229","9047","10387","12635","7354","11241","4870","11303","12737","9421","11302","14616","15869","16692","14420","648","8202","19225","10558","10111","15392"
"3.75_808.75","9388","9964","7607","6828","11128","3193","15022","22489","17721","10377","9084","26409","4684","5070","30154","23243","18849","42659","18721","38104","31720","55258","32291","26108","7105","42152","42616","18754","35185","25776","12523","14081","17115","46548","6144","31056","14818","37046","33657","49516","50101","31775","41678","852","12662","55170","44722","26806","42788"
"2.51_876.68","1463","2024","1164","1711","2044","1514","4306","6072","5682","3926","3794","5869","4934","1675","5704","6972","5777","6991","8907","6205","5354","9769","4934","6482","17136","3908","8406","4736","7565","6852","1910","2945","4339","6997","1463","5513","3412","4907","3904","5189","9937","5511","3516","255","2684","6660","12870","2755","16544"
"2.34_761.33","3440","4992","7488","6285","7793","3804","3065","9585","4498","4251","4436","12688","4874","10243","8294","5274","6003","6330","4197","6529","5464","10305","5716","10555","6528","3533","11068","614","5516","9187","6308","7131","7379","5958","1906","7203","5901","1309","7178","8889","7320","4288","8767","0","3550","10299","15139","5679","12614"
"3.44_872.74","12014","11632","10384","19958","30920","6300","11374","14070","14963","15190","12703","34787","15187","12518","22185","16369","17599","23249","16269","12451","14453","13671","42301","24685","15789","29369","32640","1780","25041","17052","18154","37499","14993","13388","5635","17837","14774","11331","20331","41139","29086","14202","19332","285","2587","28501","22750","7214","27159"
"3.13_658.57","8725","6332","5094","9643","8302","5333","10171","8549","7552","11144","8752","9532","5041","9308","7443","8553","8694","7250","10371","9021","8764","7735","8348","8937","7389","8281","10681","2426","7031","9190","6502","7227","7481","5846","2208","7809","10880","4897","9077","7900","6438","11080","8662","265","9812","9746","20183","14563","12863"
"0.19_377.09","5757","3254","4839","3019","7454","3111","1550","2738","1192","2922","1650","1549","1731","2994","119651","1674","1624","4171","1483","1870","1580","1349","2976","2076","1019","2266","2233","1841","1616","1421","4545","2924","1226","1381","1990","3095","1424","3004","1899","1989","1396","2059","2618","1535","5342","2109","1304","1607","3259"
"3.02_972.82","9387","8831","6701","13164","15031","4362","8775","7527","9360","10210","9821","13939","9742","6111","9389","7771","9720","14494","9937","8496","6949","5719","22897","12503","9805","23756","16568","4486","15394","8697","12310","21054","8093","7866","3872","11450","12171","9098","16170","22532","13323","8139","9289","273","2923","14750","10005","5422","8834"
"1.53_850.58","1266","870","1468","1421","1625","1429","1223","15094","3106","1459","1215","9817","754","2117","5362","2181","1155","3284","1282","2944","1705","2983","3092","3229","877","1645","4757","1111","16195","4988","1148","1554","11403","1840","538","3093","1875","1297","2768","19195","9712","2245","7494","126","868","3182","13674","2295","17265"
"1.47_850.62","1362","1206","828","1121","1894","928","5923","8292","5780","8325","6330","3536","1320","1796","5714","5321","7707","10854","8586","8787","10560","8382","4468","13753","7407","6534","8331","2682","12711","11025","1015","2225","4204","2790","1254","8722","6477","3598","9797","3936","6884","6611","3308","271","1329","6761","17343","2832","13695"
"2.37_1568.16","3176","4195","3141","4007","2933","1359","1244","3861","2219","2349","1358","4034","4008","5200","3674","2794","2395","2951","1058","1904","2989","4475","3186","3884","2740","2265","4606","651","1688","3370","2917","3246","3525","1747","1249","4263","3026","1059","3941","4212","2507","2133","3896","106","2312","4506","10117","4548","7806"
"0.98_692.45","3738","4155","7623","6078","6402","4912","3149","4509","5035","2718","1899","7475","3641","9026","7741","6038","4515","7863","3760","8048","5598","9338","9210","7231","2439","5269","8802","2667","13319","9658","6963","6037","5127","6174","2903","8951","2320","5513","5654","8937","8948","3185","8482","56","3588","8776","12980","6018","13376"
"2.01_549.42","4061","2945","2594","2822","3413","1439","3097","3839","2890","2033","2373","3776","1079","2018","3157","3729","2969","3901","3149","4298","3930","3968","2959","3281","2078","3266","3602","1844","3628","3884","2944","2710","2535","2560","1473","4333","2809","2767","3435","4451","3517","3536","3283","114","3576","3891","5145","3188","4784"
"3.29_982.84","6856","6133","2683","8331","8475","2355","3757","6281","3160","7163","3198","6250","6175","3843","5070","5312","3398","5547","3619","3540","3214","4115","9113","6176","4255","25700","9309","2023","6466","4083","5418","8087","4824","4101","2761","9635","8532","3425","9899","5937","7919","4800","3236","1140","2308","8049","10268","4510","5381"
"2.12_687.54","2913","3555","3113","2673","3356","2810","3144","2867","2430","2784","3108","2870","2457","3400","3543","3104","2882","3319","3726","3783","3002","3394","3018","3274","3154","2260","3521","1472","2602","2953","2760","3014","3360","2002","1993","3175","2813","2062","3016","3067","2859","2927","2973","66","2776","3023","5659","4061","3558"
"2.73_782.70","9360","9907","11991","12450","16427","10723","23439","22933","22605","29784","19274","23628","13152","13036","29995","27148","28611","33600","47276","27156","28252","43290","23044","36756","69120","17794","30263","18191","30184","25611","11910","17066","15687","18093","7471","27630","22595","19312","20787","22426","39586","25158","15761","800","9360","29650","55566","15805","73861"
"2.95_776.65","4807","3840","3748","5008","3883","4843","6504","4614","5458","5424","4360","5112","4417","5848","5382","4622","5662","5526","3482","5322","4924","5554","3991","4891","4885","4878","6589","1308","3578","4226","3411","5433","4332","4166","1371","3661","6051","3235","5408","4654","3836","5079","3852","315","3619","4206","13766","4190","7102"
"3.24_367.34","4316","5839","5544","5888","9261","4731","4794","5136","4652","6763","5027","9833","5733","5490","9293","5819","6378","7009","10485","5953","5833","8251","7113","9514","8024","5845","7431","2434","6270","5737","5968","8365","4190","4392","3728","7511","6500","4638","5637","7637","8902","5516","7883","355","4139","8126","17074","5813","25254"
"2.22_739.60","4038","3824","5014","5005","6381","4260","5380","3686","4584","7622","6087","5908","3171","3067","7023","5007","7109","7949","11252","5665","4932","5210","8665","6490","8418","5902","4820","2734","4543","5193","4455","6251","4008","3618","3976","5477","5607","4661","4989","5701","6930","7269","5707","226","4426","7993","5933","5259","8501"
"2.01_641.52","10646","9026","10691","10293","6722","10411","2940","708","1141","3914","488","965","903","7472","1377","1674","2555","2211","2874","1565","3973","2039","2182","1298","894","2297","1146","1500","461","1393","7408","3552","467","2924","4354","1252","1135","5046","1879","774","647","1842","1027","165","9320","2787","1345","1833","1033"
"3.25_895.74","3573","3635","1804","4650","4343","1487","1893","4051","2274","4526","2331","3881","3133","2343","3612","2942","2107","4329","2708","1927","1973","3615","6425","3643","2842","13536","5871","1548","2809","3020","2993","4727","3174","2469","1659","6001","4399","2012","6397","3770","5300","2676","1940","208","1307","6720","8007","2085","4390"
"1.16_846.55","5180","5440","5838","4970","5152","3747","2281","8993","3661","2579","2950","10949","2450","6142","8477","6756","2878","3660","2590","4549","3173","5262","6283","5392","2065","4620","11780","1892","11612","6786","7196","6597","9537","2236","2204","6135","2550","2526","3650","6735","8057","4446","6576","321","2513","7324","30319","6112","18193"
"2.28_790.63","891","1161","1235","2452","1441","48713","4221","2317","1600","3629","5680","2492","1380","2097","2260","3470","74164","2631","2517","3622","1696","1562","2347","3815","6732","4071","2078","1740","2216","2364","2218","6453","1076","1174","1838","2235","2796","1547","9433","1269","2271","6263","2027","1372","5944","2285","2381","2194","4346"
"1.33_848.60","1681","1556","841","1763","2394","1122","4930","6347","5140","6844","5668","2037","1700","1941","6035","3623","5218","8740","6158","8066","6338","8231","5048","11761","6675","6622","8241","2618","14701","9428","1069","3158","5921","3437","1566","6930","6630","2918","8242","3272","7394","4382","3431","218","1341","10118","19061","4116","9669"
"3.44_933.83","8154","7237","9077","9528","14933","6057","8621","14770","12724","18060","10076","21567","7968","8914","13874","9855","12239","13917","9644","9550","12049","8620","23458","15425","9235","17097","18863","5390","14930","10690","14207","19246","13642","10704","3138","11310","9399","9640","16121","22050","16277","7969","16392","379","1538","9927","11987","6360","16606"
"3.65_808.81","2804","3446","1932","1607","3018","1283","4172","7446","5900","3904","3205","9183","3288","1523","9888","8308","6616","11777","6567","10997","10282","15359","11049","9096","8182","11900","12421","6647","11449","8735","4550","5849","5399","14479","1798","11292","7929","13225","11567","14938","14291","11232","12895","295","3172","15558","11675","10008","13296"
"3.40_687.57","3137","4861","3740","4383","4625","3339","3480","4718","4740","5145","3635","7099","4670","4680","6742","4140","5133","6646","7574","4505","4340","6563","5307","6226","7256","3554","5257","2948","5730","4083","4415","5098","3988","3966","2504","7077","4525","3276","4776","6791","7171","5009","6685","0","3423","6028","10827","5757","12627"
"1.73_719.57","3650","4061","4644","4295","5700","3876","3629","4220","2642","3826","2470","4174","2551","5332","5661","5750","4798","5363","5359","3735","3650","6831","3990","5046","3953","4418","6507","2055","4078","5191","4942","4379","3635","3282","2922","6502","3935","2564","3933","3710","4204","4008","3743","0","3647","5013","15755","6117","7076"
"3.30_997.86","6235","6047","2545","8025","7032","2833","3918","4670","3546","6186","3471","5605","6054","4251","5380","4264","2523","5663","3643","2884","2852","3542","8599","6046","3550","23042","7409","2808","4722","4697","4610","6859","4175","4818","2959","7847","7587","3312","9483","5529","6746","3386","2982","460","1711","8822","8518","3478","4842"
"3.04_896.64","7902","8520","6975","7760","7135","8871","8180","7961","9101","7775","7844","7776","7645","7936","8352","8859","8754","7004","8416","8168","8170","7628","7876","7961","9136","7012","8359","3976","8069","7605","7299","7701","8131","6756","5308","7119","8503","7021","8225","7649","7399","9363","7923","81","7669","7009","6353","8254","6782"
"3.04_902.75","11214","11405","8644","21204","22879","5409","13602","11788","11853","15820","12871","24145","9562","8422","15423","12786","17633","20688","15332","10985","10414","8631","48508","19309","13990","40455","27857","4575","22102","12150","16588","29841","12173","8912","3099","16014","16194","8658","22241","34715","24247","12084","14588","690","3213","20093","19714","8121","21086"
"2.35_761.25","3423","5873","5938","7414","5368","3232","2878","6150","2951","2878","2956","5502","4759","6228","5597","6048","3806","4158","3956","5820","3854","6191","6093","6548","3432","3167","6742","889","4588","5637","5458","4370","4998","3753","1233","4650","4590","1284","4591","4666","2695","3312","7618","42","3143","6720","12737","2539","9654"
"1.52_882.58","2023","1765","3163","3685","3735","2357","2335","4877","2169","2524","2258","5612","4422","5834","2850","2664","2822","3192","2238","2822","3041","4140","3224","3992","1971","2676","4594","2240","3456","3615","2262","4345","3652","2683","2017","2637","1808","1422","3569","5873","2829","3025","4724","69","2293","3234","7938","3736","7534"
"3.75_822.77","12611","11999","9066","9226","13931","4009","20638","31813","24122","13126","12205","35850","6404","7027","40829","30777","26487","55512","25943","51688","41038","72720","46257","32747","9555","59020","53762","23932","49387","34746","17324","18071","22678","62403","6771","44046","20226","51889","45188","65862","71328","40767","57271","1065","15191","70514","58722","35852","58847"
"3.39_845.72","5355","4692","6930","8343","11456","3644","5584","11327","7302","12853","6979","19951","6005","6190","10731","7126","8165","8891","6474","7945","8040","6391","21513","10985","5636","11361","15155","4146","14194","7586","7456","14715","8081","6868","2645","7655","5823","5315","10858","17266","13972","4767","12254","306","1584","7241","10947","4470","16986"
"3.37_1016.88","7146","5776","4206","9391","9305","3046","7720","25425","11607","11233","8258","24206","6543","7004","14109","9068","11728","12784","9437","9387","6553","9457","21509","13700","8546","25019","20443","3991","28801","9849","9600","13414","16866","7332","3834","12025","10685","5536","15291","39979","39784","11024","11000","758","3047","25796","41379","8740","25270"
"2.80_952.74","3186","2842","5484","5517","7444","3328","2921","2251","3636","4085","4885","5456","2591","3291","3531","2762","5154","5775","3472","3886","2774","2557","11010","5153","6439","8305","4822","1956","5156","3403","3551","6171","2973","2861","2095","3918","4169","3622","5795","5604","5452","5158","3917","85","1554","5935","2921","1920","4017"
"3.44_984.86","10347","12739","5497","14933","16627","3746","7093","15308","8715","16559","7972","15355","13491","9555","15841","11610","9290","14228","11731","8758","7374","10843","21277","17290","12897","39350","20209","5496","14642","12479","11187","18636","10420","10640","7119","15859","27014","7064","22768","18091","20495","11767","8457","837","5007","48021","26316","8133","15369"
"3.02_909.71","5386","4702","3533","7245","8209","2378","4186","3865","4281","4710","3901","6689","4273","3963","5072","4456","5102","5780","5334","4344","4033","4361","11252","5987","5812","10411","8192","1693","6635","4940","6213","9955","4088","2964","2216","5276","6025","3501","7705","9426","6014","4079","4209","107","1960","6616","5491","3532","5491"
"3.38_1000.89","9268","11772","5623","12765","14107","4534","7420","9413","5899","11541","5642","10458","13361","8996","11719","9129","6330","9067","9190","6326","7195","10252","13616","12001","11854","25306","13658","4424","9081","9457","9589","13829","7438","7561","7125","12052","20140","5751","15238","10614","12452","8837","8512","796","3612","25359","17008","6705","10832"
"2.53_988.81","3030","3563","1982","3536","3728","1623","3084","2681","3570","3894","3588","5563","2158","1510","4011","3609","4940","6518","4352","3573","2745","2225","11214","4466","3222","9911","5663","2194","5737","3588","3869","6771","3732","4125","1755","3329","4374","4309","4814","8349","6804","4233","3639","141","1157","7753","3879","2412","2857"
"1.97_693.54","2491","3538","2487","3734","3673","4427","3705","3766","2796","6641","2646","4385","2661","3694","4148","3820","4019","3767","4009","4046","8016","7346","4077","5994","4749","3745","5267","1914","4326","5257","4281","4532","3488","2601","2270","3562","2938","2642","4401","4597","2965","2949","4650","106","3047","4509","11843","5658","10834"
"3.65_765.69","13363","12474","9715","9381","12154","3813","18572","24448","19862","14063","11582","30401","12410","8069","31971","26004","21957","39988","20976","37305","34797","52896","33873","30810","26023","39442","43133","23380","37104","29334","16242","18070","18881","48303","7018","37385","27370","40978","37670","49101","46679","37576","40879","697","14529","49660","45205","31549","44023"
"1.99_734.53","5162","3563","6438","6147","6760","4241","14713","6145","4039","47635","6406","7653","4273","6779","7291","3283","6890","6915","10761","3748","4917","4019","5309","7953","7272","6699","6563","3337","5582","5909","3823","4176","3144","3793","2358","4451","7268","2554","4681","6526","3517","9795","4583","304","8530","9236","6506","9728","4919"
"1.41_846.55","3161","3654","3637","3832","2333","3034","3178","19555","4328","2264","2392","13641","2214","3898","7409","3944","2693","4004","3114","4443","4104","6510","5473","4433","2057","3918","9428","1257","17025","7103","3908","3925","10169","2392","1938","6594","2582","2623","3810","12192","8732","3991","7938","282","2516","5652","34192","3875","28681"
"1.98_735.54","3418","2623","4324","3936","3350","2119","10428","4435","2496","23631","3718","4170","2681","3429","5932","2821","5421","3481","6826","1724","3045","2424","3789","6379","3860","4430","3739","2333","3441","3271","2436","2331","2481","2369","2028","2741","4716","1903","3937","3852","3809","5753","2689","223","4607","3769","2977","5247","3748"
"3.19_605.48","2448","2450","2491","3629","6144","1861","2968","4321","3601","4565","3293","8352","2263","2808","4275","2917","5818","5849","4332","3958","2624","2684","10462","5819","3222","7608","8356","1485","6344","3183","3646","7717","3476","2936","1071","3806","3174","2826","6113","9127","6366","3430","4375","194","933","5811","5599","2145","6930"
"3.24_869.72","6676","6667","5944","12484","16910","4238","6994","7210","5781","7749","7127","14641","9026","6001","9106","8667","5877","10978","7290","4673","6906","6250","19814","10970","8120","19144","17233","3046","13173","6595","11710","21316","6640","6545","3937","11402","8903","5725","12148","19572","14869","5849","7793","313","2078","10508","14564","5023","13632"
"1.97_625.52","4353","3380","2498","4056","3762","3773","5814","3014","2909","11489","4532","2611","3482","3919","3020","2331","5340","2795","4790","2114","3207","4390","3208","3014","3125","3206","3613","1454","1514","2731","2736","3180","2827","2156","1605","3911","4879","2269","3783","2690","1386","5053","3506","221","4254","3210","5808","5511","3062"
"4.52_1293.11","6459","5491","10644","7947","9157","14002","3015","1260","2534","8196","1821","2653","3300","5019","5541","3725","4588","5005","7347","3592","4468","3598","4326","4057","3690","3334","3023","2251","1509","2900","2095","4105","1312","2222","7968","3880","3304","5612","2226","1481","1965","5040","3126","278","8069","6455","2368","4537","2278"
"2.84_264.27","3430","3039","2335","3620","4895","2027","3140","4611","2892","5473","4465","3333","2161","2913","2521","2933","3639","3840","5494","3250","3500","3278","3710","3158","4594","3177","6945","1197","2874","4740","3177","3630","2593","2803","589","4385","4794","1914","4098","3534","2210","3039","2856","259","4666","3744","9042","5466","4100"
"3.05_1006.86","3056","4283","3040","3964","5079","2857","4036","9186","7311","4926","4014","11290","2877","4000","10864","6860","6046","9977","5284","6879","4742","8027","16137","8835","3990","12751","15706","2129","17576","7224","3997","7342","12763","5932","1748","9137","5509","4323","8980","19840","18340","6921","13869","237","1173","14297","12353","3620","12214"
"3.69_1002.91","5234","7573","3791","5839","7051","2047","5022","11268","8036","12886","6269","12011","5308","6626","16067","7808","11205","10348","7416","8382","5975","9612","17185","13217","8272","16429","16208","3706","12555","9958","5806","9163","6416","8125","3721","8978","17112","5049","11901","15276","21355","11089","10134","422","2050","50017","15407","7952","16057"
"3.98_601.52","30493","38705","19091","45840","52695","11329","16765","41544","24148","25642","14702","57974","50836","32298","31222","25956","19393","27600","15832","17711","15957","25035","43484","31056","19242","53699","62036","14291","43316","27820","37573","59768","25260","33650","11032","33817","22565","16326","31662","68790","56112","20479","28478","1566","4983","61450","57302","13693","49892"
"1.31_878.61","1739","1462","2121","2129","2202","1844","2846","4415","2463","3629","2594","3736","1883","5165","4028","3627","3688","3403","3086","4041","3648","6331","4200","5320","3050","4050","5141","2771","4345","3842","1726","2283","3986","2814","1703","3979","3336","1125","3547","3481","4945","3503","4602","199","1391","3320","10577","2640","7809"
"2.22_1509.16","3971","4841","4391","4403","4532","3588","3613","4423","3276","3721","3538","4794","4004","4171","3829","4678","4217","3886","3504","4321","4587","4599","4418","3943","4194","3645","5757","2077","2733","4188","4045","4835","6068","3453","1869","4093","3030","2736","4102","3479","3077","3281","4609","0","3691","4339","7180","4156","7119"
"1.97_650.44","14189","13429","34962","20366","17961","23288","13221","15758","17903","9437","11290","21761","14657","28985","18221","18862","19126","15402","11272","18271","17485","22903","16573","18573","14447","12860","19773","9515","23139","20803","15665","18998","13345","14848","12157","14546","11510","12676","21633","17222","16517","17740","20288","330","16983","20608","26672","14983","27174"
"2.14_1550.14","4712","5318","4730","5255","4902","4229","3874","4729","4310","3761","3873","6140","4929","5017","3981","4528","5103","5858","4309","4632","5057","5434","5525","4817","4698","4349","6026","2205","3603","5700","5496","6114","5699","4822","2185","4508","4205","3574","5058","5164","4056","4025","4687","87","4520","4930","5365","4956","6433"
"1.32_834.52","2362","3526","3591","3865","4199","2201","2906","3423","2753","3705","2696","3082","3065","4268","2203","2686","1984","2634","2681","1828","2904","3928","3126","4041","2674","3147","2275","2115","2807","3007","2185","1874","2749","1245","1700","2070","4351","2230","4653","2730","1297","2680","991","204","2419","4893","12858","4310","8586"
"3.48_1018.90","1050","935","797","1165","1151","617","1626","14999","3387","1432","2327","12979","1695","1478","8713","3239","3079","4407","1245","2781","1687","4010","4825","5328","1310","7771","7495","553","16369","3787","1497","1941","9306","2537","517","3971","3809","1096","4499","21917","24338","4255","7474","159","627","15524","13136","2657","14603"
"3.88_873.77","73252","79844","43281","134428","136232","32241","40778","85416","52105","48257","32816","128347","120473","78521","56930","60303","32367","64227","28031","36595","40632","56615","104075","58432","36960","125852","185503","33660","107612","50034","98649","186421","66808","77716","19718","81667","47997","47378","74307","164385","115955","27723","57590","4316","12621","23298","104961","33428","86101"
"0.66_692.46","3814","4263","3207","1891","5072","1946","4529","9111","6486","5554","4873","6833","6577","2628","8641","9384","10782","10021","7213","10888","12392","11312","8039","12663","3645","7370","8333","4667","6749","13197","3604","12893","9475","6253","9743","7040","6611","9715","9229","4346","5833","8267","10655","279","12068","10123","14346","14271","8633"
"2.73_698.61","3951","4088","3438","5472","6755","3941","8876","10700","11065","12008","8412","10005","5807","5305","12537","10949","12870","15563","20290","12041","11689","20268","10347","18878","33306","8559","15616","8601","15995","12886","6119","7915","7309","8099","2147","13425","9693","8755","9355","11247","18816","11576","6891","274","3556","13640","39002","6966","45209"
"0.84_706.47","1695","2323","2492","2407","2969","1603","2149","4829","3613","1280","1384","7103","3453","4394","9000","4856","2573","10375","2556","9314","5349","8497","8416","6184","1420","4396","11528","2085","19802","10856","3244","5269","7202","5861","1663","7856","1689","3756","4971","7847","11112","3144","10787","135","1357","9878","11251","5102","8075"
"2.65_701.55","3443","2840","3443","3649","4063","3053","3113","2119","1838","3413","2845","4930","3030","3604","4673","3870","2774","3470","4857","3435","3139","4509","3939","3747","5475","2954","3930","1905","2956","3504","2998","5153","2589","2747","2624","3816","3958","2777","3097","2817","3607","2925","3669","332","3148","4170","6384","3926","7097"
"2.59_868.56","4889","5697","4781","5655","4398","4680","5121","5917","5487","3284","3522","5563","7202","6526","6119","5321","6039","4435","4723","5564","6245","6044","5007","6066","6003","5270","6020","2692","5118","5089","4958","5026","5724","4970","3831","6833","4982","2880","5985","6260","5955","4863","5740","0","4591","5114","6313","6017","7737"
"3.22_944.83","8030","6824","9330","13618","15830","6722","8209","12017","8671","14703","12542","22615","9497","9660","11719","10181","10569","12426","8196","12015","10516","10092","23592","15037","10053","15211","19148","6126","18636","10989","14492","22404","10994","8489","5482","11200","13639","9235","18471","21164","16969","6819","12193","442","3130","14074","15691","7015","14276"
"2.12_797.49","3503","3455","4401","3123","3859","2988","3311","3724","3092","3330","3353","3427","2926","3291","3340","3355","3281","3402","3572","3306","3717","3497","2881","3980","3570","2788","3219","2618","2950","3524","3410","3269","3383","3112","2700","3419","3359","2895","3151","3722","3320","3579","3321","51","3523","3493","3120","3781","2927"
"3.40_724.66","3450","5240","3820","4660","5477","3935","4342","5003","3733","5514","3881","7467","4190","4404","6704","4772","5603","6194","7511","5280","5160","7482","5203","7222","6671","4920","6548","2895","5267","4818","4660","5333","5119","3935","2625","5970","4748","3771","4837","8400","8114","5016","5542","93","3978","6076","12741","6156","13151"
"0.19_138.06","2750","3637","5515","4854","4847","7581","2683","2187","1373","2433","1471","2256","1955","8784","3096","2619","1786","3198","2361","2637","3720","3602","2216","2684","885","2340","3883","1496","2665","2583","2918","2404","1928","1993","1749","3671","2345","1833","2668","2278","3041","2128","2974","46","3372","2626","5941","2902","3293"
"3.28_751.77","17716","14909","10181","14986","12428","12581","15971","13244","13164","18826","15575","9152","10325","12194","10795","13835","15938","11445","17556","14778","14999","13141","11907","13358","13573","11879","14123","5460","12291","15879","12921","12166","12211","10298","5067","13339","16963","11310","11229","10605","8477","16975","13073","271","18967","12355","22973","20558","12340"
"0.74_356.35","3029","1103","1826","1041","211","2153","1344","10105","4111","2335","2572","7148","10192","3784","5306","1612","1604","2594","3235","3381","5030","874","5905","2367","16762","1622","3985","403","6221","1600","2283","8655","10470","2551","2328","2091","1572","1552","4043","7476","3309","7147","101815","4974","2638","2115","398","3144","1957"
"2.20_693.55","5985","4544","4654","7510","6287","4724","5395","4563","6033","9344","9273","8675","3391","3829","10365","6810","12283","13834","16676","8941","8296","7816","12858","11452","10067","8562","8550","2724","7211","6663","6328","9058","5761","7601","2517","8973","8806","4913","8453","10988","9823","11160","10628","244","4970","15678","11354","6036","14430"
"2.96_831.70","5676","4703","3730","4151","4494","2981","10084","8460","8270","6542","5263","3472","3567","5135","4734","6697","6059","7402","7035","3350","8590","10212","6267","9795","9278","4308","7257","2302","6469","8322","3996","4419","5398","4998","2998","3922","12214","2619","5642","8148","4362","3584","8787","378","4514","5856","20395","4348","5522"
"2.47_827.67","5576","5001","3276","5479","4544","3170","4655","5117","4165","3814","2728","6436","2727","4599","5779","9311","6328","6933","6315","5464","6437","6775","7051","7471","5267","6657","9750","1761","3998","8104","5187","5287","3123","3818","2592","7950","4814","3277","5371","5083","4232","6193","4236","115","4534","8866","19577","4573","6907"
"4.53_1309.11","5896","5999","9368","6573","6996","10086","4194","2695","4289","6656","5245","4494","3098","2708","5789","4404","6381","7380","9036","5662","4621","3558","6247","5536","9020","4302","3771","2364","3105","4961","4522","5599","2932","4020","4595","6444","5942","6436","4429","3027","3600","6992","5839","220","8101","6774","3111","4765","4725"
"2.82_714.60","1392","1040","1618","1689","2443","1330","1876","5687","4717","2101","2424","11456","1781","1588","8175","3896","1942","7272","3170","4925","3266","15114","5535","6826","3164","4742","12281","1390","13605","4440","1079","1787","5342","4025","514","9092","2063","1642","4336","18661","18038","4379","11153","305","860","10244","19735","4365","29037"
"2.34_264.27","3323","2553","3287","2908","4238","2878","5902","3781","3831","6950","5612","2676","1822","2567","2732","2994","6277","4096","7270","3497","3381","2636","4562","3815","4322","3267","3243","2078","2310","3697","2287","2942","2529","2764","1361","3002","5026","2935","4409","3365","2159","4498","2917","143","4394","2577","4095","3804","3020"
"3.74_721.65","1236","1826","1002","1183","1630","603","2275","3201","2686","1463","1546","4680","851","833","3855","2547","2742","4510","2242","3608","3529","6358","4271","3282","1226","4722","5546","2961","5070","2984","1799","1851","2700","6048","939","3463","2248","4626","4774","6353","7093","3396","5490","135","1527","5822","4883","3246","6151"
"2.78_1448.18","4057","4270","4548","4616","3479","2826","2403","2772","2130","4749","2371","2019","1338","2933","3544","3730","4835","4710","4122","3455","3599","3790","2456","4072","4279","3521","3181","712","1260","3711","1647","2259","2833","1889","1281","3480","3838","1215","3823","1553","1583","3778","3315","0","4352","3232","4037","3574","2547"
"3.26_1054.85","15834","14400","19457","19543","30600","9289","10717","18725","15092","13227","9348","29835","23436","10193","20737","17740","9912","19495","8609","10345","10289","9853","25037","16694","9234","26664","31428","8577","41939","17735","18438","28871","19983","20646","9715","21623","12618","15210","18322","32643","33404","12517","23185","252","2895","23064","12390","7896","22253"
"1.36_595.49","1700","5980","2594","7246","2742","7146","2723","3231","2507","2969","3043","2637","3789","3600","5056","3484","2821","4342","2000","2497","2690","6404","3113","2863","2143","1478","7251","1957","3982","2031","5296","2387","3360","2018","6871","6103","3822","1743","6968","3097","6618","1861","1800","337","4044","4791","18446","6180","10752"
"2.14_836.60","25033","20363","46076","34773","25588","41219","32913","29042","42412","13751","20955","35828","31697","41564","34046","28641","39342","23050","22134","35978","42378","40974","29490","30313","33019","26842","27270","24979","35405","34859","22727","26556","30390","38934","22151","31617","30398","24715","41330","29227","29476","44264","33629","495","43261","31763","41620","34473","51298"
"3.70_918.81","4411","6829","2047","4579","6172","1637","2676","7652","5877","8274","3518","8477","4711","4843","11981","4761","7031","9060","4868","6073","4225","9803","12506","10534","7959","12232","13818","2360","11019","8774","4153","8068","5632","5400","2953","7379","13599","2865","10063","13379","15814","8671","7079","216","1891","41791","15806","5514","11805"
"1.92_650.44","3030","3038","7996","3813","4335","4816","3262","3717","3917","1990","1919","4416","3907","5463","3792","4409","3886","3580","2001","3848","4979","6780","3289","4593","3905","3103","4945","2173","4750","5045","3153","4377","3305","3233","2760","4370","2976","2945","4841","4368","3848","16699","4477","334","2950","19631","7513","3155","8187"
"1.78_796.55","4256","4934","4919","4561","5014","2846","3933","5406","4381","4535","3061","6612","3363","6315","5656","5592","5105","6905","3691","5319","4384","6618","5488","6278","3645","3933","9681","2251","4780","6923","5063","6283","4548","3447","2383","5832","3484","2559","4870","5417","4895","4120","5539","235","3384","6941","20864","5472","11091"
"3.98_874.85","25574","29280","19856","33155","24738","11938","14700","32826","25051","20396","15012","37836","26466","30991","26615","24612","22820","25421","16844","18938","18027","21126","37920","26334","20712","32889","20524","15177","31468","24362","26419","36335","23130","34204","10639","26927","20953","19080","24058","39668","23946","18849","31138","870","4023","33260","27515","12965","38079"
"1.59_782.56","2450","4026","3767","5012","5841","3590","3311","3615","2442","3494","2117","4423","3990","6342","3860","2739","3020","3122","2768","3216","3205","6168","3997","4260","2841","3121","5620","2594","3682","3506","3660","4174","4745","2902","2992","4414","2986","1801","4469","4594","4021","2937","4373","179","2632","5097","16649","3807","11446"
"2.39_768.53","3570","3471","3980","3666","3777","3219","3528","3786","3055","2940","3279","3301","2607","3623","3671","3635","3725","4551","3438","3919","3636","4343","3593","3530","3906","3875","4575","1623","3515","4486","3083","4163","3173","2850","2085","4097","3499","2425","4274","4010","2719","3079","3229","0","3788","4123","6335","3396","3767"
"0.98_624.39","2672","2725","5206","5898","2604","3037","2200","4368","2907","1370","1552","4002","2692","7849","3737","3242","1766","2080","1843","2622","3573","4743","1918","2890","1555","2138","3512","1163","4344","3233","3856","2913","3392","3125","2206","3709","1760","2264","2645","3063","2788","2007","2777","137","2074","2684","9376","2371","6903"
"1.77_824.58","4098","5357","4954","5698","5543","4516","2927","5406","3578","3058","2230","5170","4870","8015","4702","3284","3853","3287","3636","3418","4453","7794","3996","6008","3637","3748","5643","3252","4992","4249","4633","4544","6212","3689","2357","5318","2954","3380","4344","5515","4041","3768","5262","294","4298","4173","15156","5977","9547"
"3.33_1019.90","3900","4281","2563","4992","5146","2102","2829","5359","4345","5845","2473","6174","3921","4462","7103","4134","4215","5092","3944","4062","3693","4791","9556","6145","4464","9707","8424","1856","6540","4593","4444","5571","4464","2929","2297","5206","4553","2845","6893","7143","10241","4312","4444","247","1749","10220","7005","4341","6104"
"2.48_748.61","15709","16687","11900","13058","16257","11351","11975","14085","10409","9142","9273","15327","10555","15042","16199","15417","13103","16390","12910","14744","12419","24097","14213","16043","16780","13647","20722","5866","10665","16059","11898","14994","14599","10508","6429","18227","13952","6390","11858","15831","12592","11242","14996","662","12890","17269","51043","12027","28092"
"1.23_690.47","12197","12663","20822","17541","17499","14045","9322","11078","9725","7793","5525","13970","10817","19757","11319","14306","14189","14661","10557","11560","11773","15325","16654","13421","8339","10864","16495","13277","17870","17753","15746","16453","12839","10652","9177","10478","7478","12901","10719","12697","10744","7754","10952","184","11115","13476","23766","9235","22984"
"3.98_575.50","36247","38098","30156","57869","69042","16179","19534","66256","34066","34916","22268","94196","58989","48006","41648","34857","31871","34019","20763","26537","25414","34229","59403","40641","23488","53021","87189","18896","67913","36740","51831","86954","34337","44391","12359","35409","37031","23381","35734","105423","66375","21229","49274","1104","5626","48814","68309","17231","67945"
"0.51_500.37","997","942","15191","1209","1267","883","1390","1114","1529","4636","1005","3688","1877","1208","4749","912","1912","1277","1276","1060","1692","1779","3524","1667","1928","1067","2057","1341","3166","1821","1201","1663","1508","1946","1308","1444","1680","1999","1400","1576","940","1679","2795","1462","740","1209","1632","1957","1645"
"2.05_796.68","14658","12455","14753","19468","21444","14512","5850","4961","6951","7029","9356","20805","9852","10608","14823","10216","9309","13574","15826","11328","11099","8888","20942","11645","9757","10483","12049","7025","9479","8607","15293","19604","10632","9491","16248","10114","8078","9913","9627","18121","12036","12287","21340","246","14345","19230","7313","14245","16574"
"3.19_878.74","6826","4397","6860","7976","12073","4688","7164","14353","9903","15934","8776","23611","4135","6866","9716","6564","10181","11064","9280","8415","8906","8520","25972","12750","5731","13498","17942","3031","19771","7648","10298","16546","8506","6225","1974","8789","5915","6840","13203","24473","17440","6644","11647","320","1025","7800","14820","3682","19011"
"2.12_695.56","6515","7489","8423","9701","12244","8149","8652","6150","7466","13681","10726","11333","5471","6601","16460","10467","13209","15818","20438","10842","11953","11796","15992","15226","14789","11287","10906","5057","9634","9833","8337","12009","8024","8390","5927","11248","12671","7232","12277","10672","11410","13010","13244","183","9457","17317","15714","10871","19600"
"2.40_866.54","7084","8299","7106","8291","8885","6762","7755","7064","6977","6104","6179","7563","8680","6885","6264","6351","6768","6728","7164","6022","8131","8150","7715","7587","7866","6006","7153","6291","8747","5997","8417","7902","8545","7383","5372","7581","5684","4657","6994","7589","7099","7825","7130","993","8162","6884","7113","9622","8333"
"2.89_275.20","2487","2986","2058","3603","4144","2751","2410","2683","3063","3286","3709","5754","2237","2674","4087","2867","3727","4373","5673","3588","3897","3610","4687","3917","4310","3005","4234","1394","3534","2747","3853","4026","2866","2713","1229","3584","4127","2279","3480","4673","3904","3427","4072","131","2374","4269","7959","2960","7729"
"1.98_643.50","417","436","748","988","1227","642","3026","2268","5170","1548","4491","3457","1386","961","3370","2513","1955","8960","4040","8818","6998","9981","2120","11598","9260","1893","4277","3139","3827","4906","648","2015","3023","2251","1018","8232","6278","2425","1404","2469","5803","9695","2566","271","1772","5285","11626","1852","15210"
"3.17_765.66","349","4404","2450","714","8044","2493","531","1101","1939","1883","860","8015","4604","5048","7715","4560","3009","5132","7418","4139","2186","7444","4385","6887","7434","790","6415","1064","5708","2525","3235","2082","3145","943","377","7063","4753","1890","1778","8140","5564","1939","7711","140","4406","7230","8959","5169","8793"
"2.71_800.71","5756","8322","2960","6349","9552","4463","15409","13696","9976","26380","16984","9584","6910","4872","15528","11631","19536","18517","24939","16865","19394","17674","8150","22709","21244","12049","13212","4228","14074","16610","4699","7954","8951","6694","3410","19691","18449","10085","14754","7509","13532","15155","8958","163","7603","12224","25497","13112","23657"
"2.84_628.60","23654","18754","13528","20415","23992","11400","17267","24491","11334","37214","32890","18538","12893","14920","17145","17824","23809","22314","35865","18171","19582","17199","20556","20557","26890","19668","33557","7957","12606","29383","19291","19358","16667","14915","4120","20643","31127","12433","21267","18253","9894","20880","17828","1173","28993","19134","53213","30453","19496"
"2.54_786.70","9623","8387","6406","6305","11835","6985","14173","13862","10239","16367","11775","13998","7770","7390","14640","12400","14422","15040","21513","13693","16770","17895","9899","19868","23028","11348","11233","6988","8662","13378","8524","11602","9371","6919","7321","12105","16494","8676","10392","7362","13432","13701","10513","397","12018","12357","18354","12773","19330"
"3.38_932.83","15800","11556","14532","16998","27572","8456","14166","21833","18812","25441","20885","33900","16088","18109","23003","17189","23310","22376","15267","18775","22203","18197","37975","28466","17581","24128","33612","9092","31533","19579","20624","33762","18147","15531","7897","17959","23070","16209","25924","35134","24823","15727","27173","610","3794","24806","25658","11840","25611"
"1.53_758.53","2567","3013","5142","4653","7058","4218","5009","5248","4497","7585","3710","8734","3509","5954","5770","7369","6950","7669","5750","6917","5847","6846","7446","12445","4207","4631","10889","2816","7951","7588","3344","7768","6822","4738","2833","7459","5080","3760","6227","12651","6305","5543","8632","289","3381","8343","14967","5469","13736"
"3.37_961.86","8071","10253","8641","11188","14709","4915","7130","6552","8821","8739","6543","11630","11974","10446","11123","9410","7761","8639","8754","7260","7759","7103","13903","9842","9591","13204","12625","4885","8919","9721","9239","14705","7819","7604","5216","8518","9129","7292","8581","11685","10633","7822","9918","211","2956","10341","8219","4628","10347"
"2.02_684.59","21793","17867","18145","16513","14661","17550","4388","1105","1343","4970","1298","1248","1444","12060","1826","2874","4024","4020","4679","2892","5594","2361","3322","2200","1619","4010","1798","2932","999","2124","15806","8277","506","3896","9582","1650","1583","11533","2201","1149","987","2270","1732","207","20097","4310","1701","3953","1078"
"2.16_1159.83","3124","5070","4633","4813","5385","2746","2597","4096","3894","2295","2234","5439","4707","4028","3390","4522","3912","4081","3074","3222","3459","4313","5839","5124","4035","3423","5864","1597","2728","4283","4470","5410","4914","3826","1209","3221","4015","2071","4758","4687","3450","3606","4739","89","2849","3836","4499","3879","5683"
"2.03_521.34","2906","3413","1856","3362","2953","2498","2811","3417","1809","3414","2992","2583","2640","3201","3539","2834","3461","3466","3185","2363","3872","3579","3097","4976","4153","2422","4583","1522","2040","3240","2179","2625","2596","1648","1384","3636","3593","1409","3778","3116","2515","3056","2652","128","3457","2893","10392","4621","5988"
"2.25_811.60","21021","17548","12447","16000","16794","13728","11536","17367","11998","11186","12462","14681","21310","18194","17651","11934","17117","10534","10545","12698","12902","20867","15607","14332","12123","11418","18795","7761","5227","13565","16711","17011","16961","14189","10676","18677","13215","7657","20584","14482","9690","11766","23053","855","13981","14662","38539","18460","30852"
"4.11_850.85","20217","13391","14077","22728","26718","7960","11088","28280","26472","30149","14285","40319","25450","27576","26880","11851","21263","20527","12244","19038","19779","21374","28278","25852","9096","17737","34667","11428","31153","25347","26456","29880","24002","22897","5148","18078","10560","12732","22266","28749","28621","13856","33488","581","1542","18090","28432","10116","36797"
"0.22_321.00","2338","2672","8170","9293","3399","9427","554","850","286","1194","357","1017","937","13256","981","1162","728","744","893","604","563","896","1672","1075","396","892","1226","747","671","358","2684","1578","638","670","829","848","512","466","1157","844","763","1042","1473","298","2680","1117","1622","1279","1204"
"2.00_796.68","1606","12964","14764","2210","24214","1923","2796","1868","2410","2893","2637","2417","1525","10519","2805","9627","3606","3574","4334","3044","2975","3297","2787","3431","4794","3403","12126","2257","2842","2591","16551","2628","2457","2461","1730","8901","2729","2142","2625","3046","3449","3197","2724","301","2247","3333","6556","2153","4000"
"4.41_429.37","5953","5796","4800","13507","5618","4579","3135","6870","7250","2502","3607","7090","4864","6220","4184","3607","3243","6893","6007","5428","3859","5554","9506","6076","5478","4302","7894","3343","8064","4398","7384","7837","6998","6233","1926","5317","3068","2669","3875","8823","7947","4603","6044","0","3504","9005","11682","3662","14383"
"0.50_528.41","2264","2486","3217","2233","2158","2885","1842","1740","2987","2426","2689","2355","5276","3830","1647","1674","2085","3542","1681","2474","1854","1099","742","1968","6566","1990","1350","3114","2567","2975","3499","3142","2202","2962","2734","1683","2424","2049","2107","2014","1361","3041","2521","1984","2699","4675","2397","964","2501"
"2.83_798.70","2736","2587","2979","3892","3026","2991","3530","11761","7885","3884","3688","15019","2679","3134","12512","7174","4289","11622","4660","11664","6255","24482","8163","10016","4823","7235","17868","2581","20887","8927","4312","3779","9420","7666","2531","14707","4712","3609","7645","29301","28740","9391","16821","430","2913","16694","23232","7154","34466"
"3.03_1000.85","3244","3540","2195","3365","3843","1341","2191","4066","2039","3636","2029","3522","3538","2574","3242","2930","2195","2666","3660","2026","1698","2751","4948","3993","2537","11202","3975","1874","3999","2905","3230","3565","3128","2850","2481","3831","3993","2208","5720","3433","3954","2812","2642","286","1238","6457","3361","2531","3078"
"1.97_800.58","5508","6076","5223","8243","7070","4195","6074","6708","4187","5906","4819","7290","4103","7387","7405","6427","6091","6856","6060","6038","7925","8489","8502","8474","7300","6286","9157","1733","5870","7392","6240","6729","5346","3970","2381","9812","5719","3148","7938","6768","6143","6748","7665","466","6301","8145","22626","8588","14145"
"2.94_705.57","5662","7001","6442","8650","9219","6830","6031","5261","5955","7751","5800","10505","5894","7226","10915","6714","7316","8723","11266","6788","7019","7975","8756","8821","10250","5930","7092","3391","5995","5866","7032","7969","5636","5167","5220","8062","6765","5904","7089","7748","7438","6684","7695","219","6499","8483","10872","7691","14872"
"1.01_358.37","38763","9312","9101","34989","6967","14031","4641","22114","28824","14556","4057","12618","15736","16303","14958","5448","24240","45581","21437","24913","56103","99166","55901","13740","8716","111709","67513","415803","17648","8913","9249","19379","16375","76794","9357","5103","4818","4774","9822","22092","6113","9096","122294","23401","6849","7416","499355","96091","12362"
"2.05_797.68","9111","6823","8815","11780","11940","8815","3183","3113","4646","4454","5502","12498","6453","5960","8417","5614","5144","7453","10116","5948","5325","5128","11516","6733","5634","6122","7176","3889","5316","5132","8926","10756","6360","7018","9649","5939","5163","5799","6044","9930","7055","7340","12138","271","8022","10600","4394","7366","10175"
"3.40_915.78","10480","10860","8354","17331","21853","5163","9613","13071","12655","14461","9713","21721","12371","10100","17627","13199","13776","18315","12701","9739","9741","10655","29196","19014","14070","26732","25602","5178","17792","13699","14166","27192","12378","12096","5665","14673","17289","9538","18134","30355","23236","12970","13268","368","3220","30555","21587","6795","19043"
"3.19_949.82","5966","5540","5608","6420","7832","3445","6599","8189","7834","9858","7483","9970","4070","4492","5597","6132","8926","7728","6359","5966","7080","4409","14762","8106","4950","10383","10371","3394","10715","6125","7083","9536","5710","4651","2533","5589","4490","5858","9182","11594","11262","5765","7227","288","1349","5960","5982","4840","7182"
"3.44_888.76","14670","13609","11973","25113","36227","6439","13813","17656","17092","19674","14807","39140","18499","14598","27415","19080","19629","29224","18324","14346","13810","14577","49931","27937","19757","37935","40088","6883","32595","19833","22144","43185","18634","16707","6971","20414","19921","13564","24959","52059","38898","17909","22903","726","3390","36780","29348","10203","34297"
"1.48_772.55","3791","3792","4909","5867","5415","5124","3369","3885","2763","3581","3423","4902","4045","5954","4304","4465","4498","4786","4405","3952","4194","4739","4770","5714","4863","3585","8912","2833","5869","5288","4804","5972","3910","2931","2762","5971","2960","3324","4737","5487","4233","3127","4514","292","2544","7370","17168","4887","10999"
"1.97_703.57","7503","10505","6078","7538","8117","6199","8636","7300","7973","8776","8174","8484","5822","7116","10462","10034","8979","9682","9279","8757","8916","11757","7519","11898","9073","7834","11806","2913","11029","9830","6548","6443","7826","5744","3074","12075","7531","4893","9359","8163","8832","8772","8691","465","9614","10566","29900","12390","15087"
"3.27_1080.86","4150","5766","2597","4049","5825","1254","1433","4261","2333","3599","1262","4462","7390","2034","3846","3004","1544","3572","1259","2053","1615","1522","4919","3231","1703","7494","7746","2225","6486","3357","2533","4353","3242","2403","2418","5672","4645","2718","4171","5964","7504","2540","2807","335","983","12928","3426","1509","2131"
"4.11_902.87","10776","20443","6526","17591","15695","2875","4357","24413","10871","18114","5116","19664","13968","15654","21348","10638","10791","11182","8403","8211","6829","14496","22641","16889","10434","23044","17319","6169","15448","15199","12278","17425","12855","17667","8233","13901","24849","3723","15696","21949","30302","12697","13983","847","2193","24832","26703","7586","25388"
"4.52_1377.16","3877","3923","2701","8303","9721","4434","3522","3309","4465","5863","4434","8249","4367","8271","5355","4295","4812","6895","11382","4845","4555","6504","5332","6626","15647","3214","4845","3150","3357","3932","6892","6202","2835","3513","2250","4860","4930","3862","3221","6487","5614","5600","4597","137","6078","8217","11345","3128","11198"
"0.86_678.43","2232","2490","4323","3529","2827","3124","2452","3780","2526","2461","1807","5117","1949","6262","7540","4750","3180","6447","2487","5134","3267","6407","6025","5057","1109","4184","8159","1182","13445","6586","2799","3916","4810","4827","2431","6896","2156","3069","4382","7971","8599","3726","7102","280","1761","7341","13256","3571","8590"
"1.31_850.58","2099","2082","1893","2749","3420","1880","2178","10986","3454","2589","2417","11256","1763","3890","6611","3752","3697","3999","3040","4855","3274","5574","3923","5321","1816","2133","7363","2026","14128","6107","1733","3313","9500","3277","1169","4907","2272","1709","5244","16739","9038","4250","8017","275","1298","5129","16821","3748","16966"
"3.46_992.89","1108","1113","979","1347","1186","1079","1728","19326","9838","2795","3111","25430","843","1316","16423","4442","3315","7627","2540","6008","3052","6994","12079","9924","1642","9055","12723","1056","32869","6359","1124","1775","17464","5491","909","7553","4612","1440","6445","38661","34563","6568","21672","339","1096","11465","18338","3564","23228"
"2.58_838.63","3433","4057","1907","2843","3333","2374","2099","2726","2018","1173","2445","2083","3113","4705","2881","1823","2849","1230","1198","2189","2837","3469","1512","1504","2790","2019","2456","1859","1780","2946","2654","3047","3664","4084","1264","3065","3843","2129","2762","2531","2596","2504","4034","259","2590","2143","6612","3822","4000"
"1.92_830.55","7668","6623","16058","8459","8613","9772","7254","8800","9282","4530","6953","12216","8522","10400","8908","10978","9781","7833","5403","9313","9599","11000","8926","8752","8892","6478","10261","7326","10795","10640","7303","8730","7835","8538","6926","7615","7422","7996","11562","10536","8521","8326","11123","517","7706","9668","14360","6594","15903"
"3.49_962.87","10921","10370","8057","12511","18038","5030","9532","10051","13492","14950","12283","21739","8391","11409","19861","12474","19377","18995","14571","13474","12900","11335","28018","24308","16461","19339","20279","6258","17160","15732","12010","20176","10019","12228","8265","11118","17053","10951","14781","25604","19499","17295","18214","380","3316","29936","17644","5428","21887"
"3.03_1018.74","7975","5976","13960","11107","22225","6074","6748","13670","20805","5863","8425","25361","20899","6722","10117","10118","10154","15185","4513","11732","8010","15198","15692","11221","8662","12053","26997","7311","29125","13831","13968","18978","18823","17645","3447","11917","6405","9289","17858","35652","20094","15841","17548","250","2637","14228","20320","6282","25783"
"0.19_216.05","4224","4504","6459","5113","7046","7556","1529","1968","782","2464","1197","2282","2550","17536","6162","3029","1648","2004","1556","1524","1474","2188","2421","1885","440","1631","4541","1020","1112","2448","4099","2220","2420","2211","1533","3307","1605","1403","2176","2314","2196","1510","2821","451","4772","2195","5919","2898","2548"
"0.28_534.33","2558","3357","4187","4165","3305","3198","2840","3789","2126","2099","1555","3161","1566","4441","4623","2834","2300","4917","2518","3720","2502","4042","4190","7387","1670","2308","5272","1249","4572","4344","2733","3279","2858","2008","2565","5236","3064","1780","3233","3098","3618","2795","2575","169","5974","5792","15847","6755","10695"
"2.31_830.66","1332","543","1553","2479","1977","20507","3356","717","1137","3268","2381","1467","1208","2116","925","2006","25242","1235","1358","2022","909","268","1557","1788","4645","3540","1214","1375","2218","1201","3102","3072","360","645","912","520","1567","1096","4090","1474","790","3481","1703","379","4058","1420","826","496","1764"
"2.90_679.57","6805","8614","7196","11464","11805","6993","7025","9894","8347","11580","9955","16318","7269","8368","13504","8709","11004","14252","17387","11128","10099","12884","14340","14302","15758","9944","14337","4986","12040","9693","10845","13759","8903","8208","2960","12145","10908","7199","9529","17646","13697","12478","12852","91","7435","17817","24349","9308","29112"
"1.31_856.57","4955","7760","7845","10125","9460","6661","5261","9529","5763","5908","3944","13164","6743","13886","10042","7338","6768","7078","5853","7797","8205","9407","8903","11446","6153","6292","10403","3566","8774","9054","7514","11038","8642","5677","4636","7649","6053","4209","7836","11819","7449","5583","10056","279","3037","9322","25425","7276","19571"
"3.01_738.64","5439","6843","5725","9777","9571","6655","6233","7970","8917","9876","8326","13619","7132","7567","12055","8255","10863","12604","15727","9860","8753","11100","11544","13073","13445","7772","12314","3730","9085","8402","9977","11333","8612","8109","3075","11468","8817","5612","8055","15114","12888","10886","11670","210","6278","14866","19994","8465","26788"
"4.48_429.37","3764","5100","2759","10667","7149","2245","2492","5794","5655","1793","2102","7945","5803","7006","2746","2698","1965","3877","2789","3810","2632","4736","6594","3677","3881","3595","7024","2229","5325","4562","6759","8545","5434","6201","1650","4994","2112","2479","2835","10297","8300","3097","5692","166","1800","6855","8468","2398","7667"
"1.52_861.61","1877","1995","3099","3422","3223","2834","1700","3891","2458","2530","1691","4885","2579","6075","3911","3349","3621","2882","2386","3368","3571","5071","3133","4552","1550","2675","4784","1739","3704","3443","3403","4755","3572","2788","1662","2535","2482","2122","2973","5415","3742","3087","4973","175","1829","3403","11024","3521","9489"
"3.36_881.76","2617","3274","1885","3352","4445","1208","1638","7684","3327","3090","2038","9340","3549","3266","4218","2416","1722","3710","2623","2913","2276","3237","5407","4165","3033","7588","6309","1654","11279","3269","2969","4305","6937","2898","2569","4267","5086","2115","4485","14359","9055","2354","3706","549","1195","7910","8302","2130","7232"
"0.23_144.05","11061","10828","4725","4988","9997","4115","10615","6786","5987","10585","6941","6992","5928","4069","11417","6998","6789","9286","10139","8986","10012","9190","7899","11291","7879","7999","9362","5532","3661","6973","12366","10332","10895","6996","6938","9341","11248","5467","8785","6060","4922","7800","10455","413","11532","11746","12358","18016","8923"
"3.18_937.75","2640","3671","2077","3562","4077","1044","2005","3768","2402","4247","2488","3942","3272","2036","4609","2446","2752","4614","3549","3041","2051","3186","6307","4605","2731","8391","4438","1035","3865","3378","3077","4100","2639","2817","2530","3642","5618","1933","4905","4762","6066","3284","2922","169","1106","9286","5856","1744","4722"
"3.19_887.73","4069","3963","4389","6165","6807","2878","3898","5372","4642","6323","5010","9390","3637","4188","6374","4757","6910","7896","5943","4775","5035","4517","15322","7218","5190","10775","8735","2401","7800","5202","5034","9585","2487","3405","2526","6508","4757","3664","7069","12574","10296","4854","5929","343","1503","8479","7233","3157","8843"
"1.30_125.00","1862","1667","4758","4785","3766","5200","2617","3698","2006","2420","1220","3843","2098","6622","3869","2876","2420","4134","1986","3799","2666","4314","2899","4117","1813","2344","3962","2145","5814","4143","2755","3758","3548","3033","1706","2963","1400","1574","2488","4613","3138","2119","3825","67","2223","4043","7930","2892","6450"
"2.53_722.58","3665","4884","3632","3358","6696","4613","6761","5791","5164","10285","6931","6466","4474","5265","9677","6221","8021","9686","12578","6756","8784","10995","5976","10800","15467","6779","6930","3857","5601","7945","3793","6507","4270","3981","4032","8085","9479","5218","6915","4290","6161","6712","5653","182","4982","7888","13314","5821","14979"
"1.97_607.49","3697","3319","3487","4688","7560","2502","4607","5263","4142","8474","4160","8141","3228","4045","7249","5181","7020","6020","5521","4246","4124","4383","10879","7312","5600","7954","9059","2081","8289","6374","4904","8030","4147","3215","2033","8115","5637","3988","5963","8894","7597","4742","5011","146","1047","5725","6404","3678","5854"
"3.60_742.71","4305","6002","5996","4871","6344","4342","5846","5832","4739","7335","5371","9833","3466","3754","8593","5266","8753","7744","11232","6937","6674","8712","9228","7750","7082","6953","7383","3083","7181","5093","4645","7670","3440","5355","3903","7268","6044","4714","6211","7232","9470","6830","5906","276","3068","7275","14276","4783","19649"
"3.06_606.62","2941","2946","2121","2815","3137","2668","3766","3840","2631","3806","3929","3162","2211","3793","3239","3535","3221","2993","4194","3995","2768","3830","3488","4330","3174","2990","4438","1075","2468","4421","2766","2969","3942","2388","1294","3073","4501","2036","4137","4900","2180","3277","3787","176","4820","4423","6764","5284","5499"
"3.02_1294.36","9636","1174","5094","3095","3017","3019","2894","4427","3195","3052","69315","2952","2318","1984","2428","742","4271","1455","1590","2288","1927","5261","3507","1496","4522","3258","1238","1328","10464","1171","1442","2325","1415","3617","1012","12475","1304","8182","2489","2996","631","1835","4761","1275","2250","1634","5419","40055","1219"
"2.06_1384.09","4568","4472","4938","3945","4690","3934","4934","4349","3736","4827","3827","4352","3057","5173","5004","4528","4772","5078","4337","4755","4360","4569","4346","4760","4543","3446","5016","1646","3691","5435","3241","4707","4392","3253","2318","5168","4343","3009","4934","4342","3486","4827","4821","0","5104","5098","6756","5750","5325"
"1.58_774.62","3404","4305","4638","5615","9935","4561","2354","4470","2391","3999","2166","6824","6226","9095","4354","4610","2942","4615","2806","2650","3599","8214","5542","6090","3431","2346","9981","2398","5444","6229","5700","10196","7311","4003","2527","6406","3111","3262","4868","7299","4556","3115","6564","147","2618","6059","12635","3535","12354"
"1.52_844.60","2496","2506","3633","4875","4698","3188","2466","3783","5668","2799","2075","3687","3001","6546","3842","3263","3624","4211","3498","2887","2380","4532","4324","5490","2912","2956","5105","2532","3921","3846","3796","4457","3921","3565","2489","3634","2898","1878","3699","5797","3832","3018","3933","84","1768","5395","11984","3531","6659"
"3.10_724.66","6611","6232","9646","9427","9858","8302","6579","11447","8292","13853","16611","17294","7412","11058","18170","10667","17523","11522","13591","15311","13054","15544","9989","19345","10534","9274","11967","4259","11447","8882","12986","13750","6132","6634","5651","8890","10269","6917","12291","15695","11877","7243","18274","248","5963","11509","22537","8783","28902"
"1.32_824.50","1794","2399","1806","2341","3370","1480","2275","3670","2254","2641","1638","3561","1737","3596","4506","5472","3226","6688","2195","5863","3785","4859","10510","5814","1296","4293","7169","1863","6194","7227","2491","6005","3522","5404","701","4418","2581","2356","3706","5669","4526","4746","6984","77","1124","9500","7764","4839","6978"
"3.26_945.83","5162","4546","5538","9107","9873","3984","5967","8424","5624","11020","7944","14827","6772","6924","7971","8108","6983","10919","5710","6611","6969","6560","16251","9947","7276","10444","12267","4356","12036","6647","8788","13955","6341","6357","4848","6497","8809","7593","10870","13662","10915","3900","8417","267","1597","8930","9803","5433","9185"
"1.99_764.52","6389","4094","2142","3023","2386","2959","3850","1785","2250","5255","7195","1410","4116","3247","1948","1592","2938","2638","2851","1581","3683","2731","1338","1629","4905","1829","2736","2029","1147","3461","1715","2195","2616","2234","1456","2857","5630","1005","4112","1796","1069","2579","2171","228","4820","2286","3180","2502","2701"
"3.66_822.83","4720","4154","3231","2542","4299","1547","7026","8811","7934","4868","4546","11488","3655","2552","12652","10098","8170","15943","7860","14958","13553","20899","13969","11707","10083","15672","16397","8188","15031","11353","5377","6787","7210","18528","2515","14483","10041","16433","14314","19573","18231","14528","15641","565","5264","20421","15448","13490","16331"
"2.35_761.21","5329","4773","3925","3960","5040","2825","1242","6062","3126","2653","2391","6075","4464","8401","5709","4827","3449","4790","3436","3654","3583","5297","5461","6376","3802","3009","8188","761","3942","5522","5135","6534","4223","3663","2374","3076","3608","1273","6382","5211","4080","3324","6305","161","1060","6809","12168","4647","8880"
"3.08_701.55","1566","2065","2169","3302","3865","1664","1582","3384","2522","1508","2128","5235","4005","2876","4181","2938","2883","4560","4299","4658","2305","4680","3287","4438","4395","2255","5068","1783","4379","3036","4668","3831","4612","3703","842","4533","1755","2946","2648","6968","5496","3182","5457","128","1916","4902","8019","3163","11335"
"3.05_612.61","3558","3031","2312","3692","3561","2471","2631","3348","2392","5034","4682","4000","1953","2720","3057","3455","4813","4272","6513","3594","3201","3005","3027","3968","4130","3493","5656","1646","2988","5291","3014","3610","3496","2514","1076","3414","5946","2344","3487","3953","2325","3626","3631","159","4714","3645","7907","5453","4182"
"4.11_878.86","12033","15278","5574","13687","22303","3539","4632","16083","17908","11696","5930","24250","20901","20295","17192","10439","12679","12637","6798","6920","7191","10133","20367","18445","10519","16083","26256","3568","23081","16391","16949","24861","11307","13059","2616","11396","11418","5084","12251","32681","22785","12922","17724","460","1081","28978","23704","2373","20988"
"1.52_770.53","2838","3556","5944","6148","7141","5447","3071","6607","3417","5867","2083","7239","3908","8898","5078","5954","6504","6308","3440","5440","4745","7227","6579","7251","3903","4756","9916","3144","4892","7730","4087","10137","5520","4664","2673","4431","3232","3280","4794","8361","3558","4471","7603","20","2808","6739","15793","5104","11620"
"0.18_290.09","2325","2064","7944","4903","3132","7394","297","339","262","401","322","470","554","9710","364","392","413","337","157","424","208","496","898","358","131","447","516","284","394","355","2015","698","258","312","820","516","241","234","271","405","475","504","676","162","2302","597","649","534","575"
"2.40_574.48","7374","5829","7139","7558","7473","7106","12397","8176","7862","14309","10824","6771","3663","6920","7583","7869","13077","8850","16488","7666","7469","7470","9247","10304","8643","6850","9462","2314","6113","7855","4864","7152","6617","5563","2579","8413","12051","3966","10812","7398","5288","10229","5987","403","8805","7062","18846","9792","9851"
"1.87_709.50","2602","2786","2016","2676","2634","3138","3359","2643","2702","2954","2021","3383","2543","3505","2802","2724","3049","3135","2208","2705","3048","4349","2362","3427","2668","2408","2686","1227","2824","2644","1933","2875","3996","1991","1267","2616","2881","2161","2555","3095","2417","2956","3218","148","3237","3718","7253","4940","3846"
"1.97_666.43","8661","8178","20119","13759","11485","12564","7648","8777","11363","5431","6968","12748","8476","17443","10199","11725","11158","9898","6885","11119","11081","14390","10557","11417","8791","7607","12144","5409","12332","12818","9861","10101","7832","8891","7267","9136","7529","7116","12979","10839","9270","11885","12599","300","9971","12491","15141","9384","16117"
"1.52_799.57","2101","3193","4210","4799","5509","4007","3293","4767","2565","4501","1761","4729","4332","6516","4491","4255","3860","6121","3502","3678","2822","5173","4312","5260","3986","4217","7095","3449","3792","5738","2822","6629","3093","3164","2164","4340","3469","2163","3407","5978","3169","4357","4914","99","2728","4917","11942","5852","9611"
"2.79_851.64","5382","5499","3999","5080","6273","3874","3812","5414","4103","5725","4601","4960","4019","6025","4878","5626","6584","5397","6086","4004","4423","5818","5243","5777","6489","4701","5451","1425","3552","6026","4145","4834","4852","3871","1768","4944","5629","2825","5340","4874","5445","4492","5096","784","4298","5568","7124","4798","4384"
"3.77_1008.88","68663","68432","49472","64847","102271","24487","21902","42807","62162","43928","25539","103287","73761","63201","61929","45747","37845","55106","36222","36747","31845","19466","79714","57019","37278","63571","97004","25591","76931","62671","72466","100308","35080","39032","29019","55636","48108","35756","41738","114353","81130","52219","58874","1352","11558","133653","44216","23521","46673"
"2.45_798.70","9393","10363","10410","12363","13646","10478","9590","9314","8378","13907","9531","16728","7066","8678","15873","11015","14231","14113","20918","10566","10312","12762","15293","14053","13812","10526","12375","5838","12796","9606","10265","11823","9428","7696","7408","12462","11409","6967","11323","16485","18106","11340","13797","641","8869","14124","16441","12031","27027"
"3.19_1002.87","4863","6194","3178","6345","6167","2460","4363","5909","4210","6525","4257","5178","4583","4350","6854","3963","4089","5292","5993","6359","2856","4152","9463","6921","4367","15551","8372","2526","8629","5301","4091","5530","5043","3887","3811","6480","10108","4027","10730","7774","10624","6729","4378","274","2648","16854","9766","4013","5445"
"1.40_773.55","4404","4767","6568","8674","7562","4479","2471","4218","2676","2761","1591","8128","2572","9191","6688","5420","4329","6462","2872","4042","3407","5929","8038","6092","2055","4704","11691","1795","6828","6959","6248","9936","5096","3156","2439","6845","2051","2162","4740","9372","5750","4562","7327","386","3251","9045","18817","5944","13617"
"1.31_760.51","4469","3913","8009","7828","6462","5061","4071","6037","3803","4860","3125","8782","3554","9112","6282","7624","6746","7481","3379","6346","7638","8435","10343","9227","3202","5652","12197","4006","10724","8723","6298","10958","5648","6324","2645","6899","3384","4189","7790","11180","7582","4601","8625","352","2758","11402","20247","7639","13556"
"2.12_934.73","2673","2071","2087","4181","4935","2353","3566","2156","2546","2487","3192","4872","1652","2088","3546","3319","3213","4200","3711","3500","2880","2293","13683","3981","2765","8445","4272","2038","4518","1979","3605","6478","2259","2819","1568","3262","2969","3387","5983","7608","6066","4089","4709","100","1598","5413","2729","1838","3721"
"0.35_568.32","2337","2091","3707","2723","2458","1851","2351","2343","1874","1740","1787","2469","1211","2734","2088","2437","2708","2178","2002","3174","2196","3373","2945","2711","1325","1988","1709","1659","3183","2421","2063","1605","1922","1815","2050","2718","1558","1985","2225","1956","2612","3859","1563","175","6909","2814","5939","4701","5355"
"2.00_822.58","4702","4236","6708","5268","5207","6623","6188","4647","6040","3869","4180","7392","4214","6748","6416","5096","6099","4236","4250","7254","5898","6616","5381","5529","5518","3680","5671","3676","6839","9447","3884","4117","4588","6205","3048","6239","4455","5977","6713","5712","4664","6372","6193","74","5329","6066","9173","6938","12118"
"2.43_916.72","2969","2456","2538","4287","4666","1580","3207","2432","2707","3845","3446","6090","2216","1778","4134","3385","4280","5158","4261","2932","2966","1983","11551","4651","3032","8507","5343","1754","4334","3501","3521","6206","2895","3223","1437","3268","3885","2547","6185","6444","5339","3064","3635","455","1009","4429","3374","1719","4083"
"4.53_1294.11","6469","5137","10694","7120","8213","11706","3028","872","1855","4698","1597","1642","3096","4080","3992","3319","4007","5038","6999","4106","3468","2973","4465","3571","4703","3182","2504","2324","1207","3047","5495","4180","1748","3193","7597","3385","2803","6060","3511","1409","1639","4963","3079","277","7475","5472","1735","4059","2365"
"3.77_951.80","13337","19905","9922","14402","19314","5457","4274","12241","11799","10081","4247","22559","16080","14444","13534","10163","7605","10938","7147","7453","6210","5818","18357","12571","7795","15076","21419","6008","14958","13673","14316","20371","7235","9237","6283","12153","13864","6680","10433","24384","20006","10828","12214","637","2976","59876","14200","5367","12274"
"3.31_1034.78","3375","3651","5493","3793","3793","4161","2727","2419","3241","1958","2270","3107","3772","3155","2953","3592","4066","3749","2581","3976","3555","2415","3183","3469","1817","3020","3805","2313","3797","3931","3300","3697","2633","3213","1901","2631","2285","3120","3368","2744","3135","3943","3025","0","3384","4045","3347","2970","2462"
"3.01_974.75","5965","4029","3848","4561","3779","3988","9040","6315","4391","7105","7592","9031","3542","8980","7929","5480","5914","5828","4880","4866","5538","7844","6824","6779","8249","4521","6708","2083","4749","9557","5426","6273","4395","3245","1613","5884","7567","2343","6084","5245","6329","6397","6128","324","6352","6697","10537","3251","10464"
"3.63_1006.86","43613","48715","32290","56547","68956","19058","12608","25068","27303","19889","12584","48615","47973","33743","26020","26316","14345","29920","15035","15928","12613","7180","43768","21771","13765","39380","60831","12070","42556","27406","53662","64506","20847","19673","11915","29321","17273","22368","18119","73293","45962","17276","23262","932","5473","49485","19257","11328","17016"
"3.65_743.63","7870","7466","5644","5128","7895","3669","10699","14158","11705","7856","7431","16857","6413","5125","19189","14646","13693","22459","13219","21406","18787","27550","19664","16824","14175","22109","22586","12384","21279","16301","8956","10225","10117","26664","4494","20986","14056","22779","21385","26108","25261","20430","22562","360","8226","26516","22924","18452","25183"
"2.13_782.67","0","0","0","0","0","204","0","0","0","7393","5997","0","0","0","204","0","8820","8457","18853","4952","2894","0","0","7129","8012","6538","0","1223","4856","0","0","0","0","0","7348","42","3786","2198","6245","6174","11247","7244","0","111","4303","9816","0","0","0"
"3.13_964.85","12140","7509","10939","12159","16370","6882","9464","14153","9458","15532","11188","20306","7564","12133","10841","9206","8851","11409","9054","9029","9727","7698","20687","12214","6208","10198","16644","4235","14759","9498","16169","18162","11402","7050","3393","9978","8204","7894","15581","19247","14420","7912","13724","298","2462","9002","11792","5584","12899"
"2.07_704.25","2861","4057","2376","1989","4333","1908","3192","2478","1817","3134","2825","1858","2158","3460","5502","3931","3230","3495","2834","3295","3675","5519","3575","4327","4142","1734","5363","720","1695","4451","1894","2380","4401","1381","983","3230","2667","1783","1976","3163","2069","3071","4178","0","3962","4146","10929","4566","3837"
"3.64_948.79","6772","9595","3589","9332","7708","2004","1988","6619","3036","3871","1697","8279","7166","5139","6224","3673","2125","4610","2171","2820","1995","2592","6418","3946","2455","10319","10926","1818","5980","4638","5324","6365","3526","4601","1758","6279","3894","2409","4333","10589","10647","3545","3154","440","1202","23374","8811","2763","5116"
"3.36_1019.90","4908","4275","2259","4390","5286","2122","4252","5801","4393","5631","3627","6201","4636","4589","6664","4882","5116","4928","3792","4534","5135","4506","8970","5954","4870","9139","8339","2143","7691","4380","4555","5695","4849","4075","2400","5135","4506","3525","6844","7323","9798","4122","4503","306","1726","10131","6916","4423","6917"
"3.39_972.91","2110","2603","2692","5692","6441","1843","2650","2799","4227","2504","3710","4460","3944","1547","5485","4302","3890","5948","3777","2383","2710","2810","12174","5429","3576","9631","8465","2498","6624","3599","3466","9556","4114","3494","1554","2359","5167","3303","4825","11070","8274","2461","2277","369","713","7866","3774","2147","4530"
"2.33_880.59","6574","4639","1675","1768","1519","879","2623","3345","3584","4205","3395","2214","3831","3825","2025","3795","2772","3787","895","2717","4109","2605","8320","4595","765","2970","5995","2120","2835","3861","2643","2499","3009","2519","1265","4737","1437","1865","8085","2817","3702","3137","3070","227","8404","5149","9564","2737","7596"
"2.35_762.51","3581","3190","4836","3605","3130","2053","2065","3025","3402","3030","1393","2929","3045","6096","3896","2060","2907","3257","2811","5740","3177","4809","3856","7231","2112","3009","5937","684","1579","2986","3044","3793","2890","898","1174","4204","2859","1195","4214","4993","2881","2446","1419","348","2620","5369","16729","3583","9746"
"3.24_931.81","5021","4292","4585","7486","7789","3970","5160","6962","4744","7907","6310","11598","4455","5011","6479","5762","6489","7035","4959","6100","5212","6406","12988","7957","5858","8799","9635","3111","9002","5390","5995","10180","6100","4808","3463","7022","8558","4014","9208","11365","9559","4425","6001","263","1903","10415","9218","4040","8189"
"2.15_759.01","6877","5364","4345","5216","6525","5027","5010","4332","4351","4593","5187","5595","5701","5834","5140","4975","5106","5346","3751","4531","4763","6514","7326","6243","5272","5146","7406","2730","4128","5436","6333","6378","6994","4316","1997","7339","5227","3387","6732","5565","4234","4899","5427","0","5472","5472","8970","5554","8779"
"2.89_1419.82","2875","2392","2432","1993","2946","1874","2672","3184","2559","3743","2996","2025","1238","3947","3605","3880","3696","2702","3359","3602","3790","2916","3405","3410","1322","2318","3770","1001","2621","3674","2182","2930","2965","2060","1442","3381","3590","1301","3633","2785","2648","3287","3474","0","3284","3090","4477","3556","3700"
"2.61_639.54","1624","1560","506","255","1187","309","3445","4573","4083","6166","3122","2537","2660","327","2567","3628","5366","5135","3783","5266","5478","2701","1893","4172","3044","3195","2556","3933","1599","6064","830","2790","3253","2689","3177","3061","4520","4522","3149","1287","2280","5322","3451","67","4210","2377","2320","7324","1695"
"0.20_217.03","12400","10495","27669","24029","5634","28156","1546","2323","2062","2733","1183","1542","2300","51144","1824","3307","848","3060","1069","2104","2930","3528","5038","2610","969","2007","4466","1177","3142","1744","9035","3429","2523","2087","5149","3974","1335","1729","5094","2089","4556","1721","4456","778","10620","5449","6039","2795","3953"
"3.65_780.72","6250","5664","3953","4191","6170","2764","8563","12236","10410","7027","5896","13203","5305","3754","14999","12360","10086","19634","10306","17731","15629","26050","17579","14801","11732","19180","19875","10391","18052","13880","7572","8524","9039","23052","3404","17699","12869","19883","17702","23896","23988","16718","18121","390","6647","26327","20420","16034","20302"
"2.74_798.70","13879","17616","14469","19139","22613","15036","14597","16832","14942","22786","17799","24061","13587","14969","25632","19321","21489","27221","33702","21303","19905","28807","22248","29153","27307","16106","25433","9009","22743","20653","18389","22525","17027","16511","9659","26382","18663","13772","17861","25701","28175","23661","23828","687","15417","28571","45118","23163","47742"
"2.84_733.72","4306","3625","2343","3541","4264","2070","2811","3865","2864","5281","5162","2976","2142","2495","2738","3173","4144","3255","5463","3646","3449","2819","3437","2891","3968","3179","4721","1514","2112","4026","3176","3397","2705","2653","1067","3536","4771","2188","3795","2707","1314","3427","2895","83","4383","2789","5770","4370","2582"
"2.84_690.65","3236","2624","2385","2749","2791","1885","2897","3507","2285","4656","3941","2261","1815","2245","2973","2885","3583","2523","4132","2869","2837","2304","2493","2664","3445","3049","3589","1401","1814","3857","3091","2711","2340","2294","949","3121","4230","2083","2805","2474","1483","3162","3003","114","4627","2977","5884","4453","2368"
"3.70_919.81","5854","6199","3539","5049","7049","2791","5296","8377","6696","9692","4951","11602","4814","5314","11302","6144","10442","8991","7600","6750","5110","7707","13988","11465","6622","11740","14746","2992","11995","8663","5644","8904","5313","7167","3000","6824","12183","3832","9878","14849","15635","10842","8537","669","1584","31455","13931","5424","13653"
"3.11_1052.83","4811","3929","3528","5965","7277","2080","2487","4128","2676","2415","2185","6822","5601","2291","4130","3029","1829","4486","1693","2763","2355","2064","5916","3430","2269","7769","8399","2304","9049","3861","5125","7194","4855","3630","1476","6262","2749","4491","5370","8147","7192","1932","4133","168","999","4052","2706","2319","3018"
"0.58_636.40","1908","1683","1038","660","2158","709","1928","4903","3585","1860","2156","3912","2150","1517","3321","4739","2071","2588","1973","4318","3252","4545","2171","3764","1361","3502","4675","1862","3660","6148","1877","3776","3741","3144","2468","3152","2514","3764","2412","2024","3178","2908","4128","150","2097","4324","11660","4767","5520"
"1.53_776.57","5223","6216","12678","12920","24836","10803","7744","10496","6180","10190","5416","15115","14047","23491","12153","11148","11159","14197","10273","9348","8371","17925","11663","16756","11148","8188","23040","10987","9785","15840","7564","23578","16471","9874","4864","10949","9388","7412","11203","18952","9858","10777","15917","620","5212","16123","30895","11867","28424"
"3.36_855.75","7780","9949","8539","12544","22720","6418","7215","7914","7500","9332","6218","16785","13378","10256","11953","10750","7948","9983","9558","7109","6931","7954","17651","13475","9910","15533","18023","4761","13419","9759","11139","21077","8671","8167","4855","10013","10413","7126","13229","16433","14110","9057","11511","646","2581","13129","11044","5576","14385"
"4.49_1147.00","17519","18653","11601","7033","7702","10459","4794","2116","3568","7697","2091","1382","2091","3464","2709","4184","5092","4227","5107","6394","5658","3697","2489","3151","2755","2852","1119","4812","1563","4049","2469","3184","1404","3896","13934","2311","2865","6411","2493","647","1410","3886","2127","204","11161","3022","1272","4261","945"
"2.12_795.50","4586","5007","4900","4429","5127","4428","4809","4721","4326","4314","4706","4912","4600","4573","4654","4777","4363","4417","4794","5073","4348","5056","4198","4713","4538","3512","5395","3024","4301","4821","4875","4273","4745","4048","3460","4725","4617","3885","4426","4789","4453","4364","4001","52","4811","4757","4173","5156","4403"
"2.59_812.61","5091","6655","3411","6548","6215","5477","4636","5525","5268","3686","5141","6819","6498","10024","8034","6252","6825","5416","4374","4594","6937","6639","6456","7879","6377","4319","7529","2228","5577","7786","5359","5290","7548","6394","2578","7531","6502","2433","7805","5241","5890","5122","7411","283","4206","7887","11989","8247","12235"
"3.26_997.77","4350","4739","5021","5540","7969","2963","2706","6105","3654","4193","2457","9067","7172","3032","6800","4112","3000","6291","3228","3801","2795","2673","7297","4648","3553","9213","9619","1535","11010","4666","4948","8307","5511","5947","2963","7540","4408","4248","5540","10275","10818","3887","6191","161","1241","10969","4744","2423","7900"
"3.96_849.84","3114","4294","2969","676","2428","3409","2527","15269","1494","2727","4580","27336","2005","3880","7293","8898","4438","4122","3671","2865","5384","8170","3949","3211","4180","6621","5510","2812","3210","4738","2026","5457","2368","3330","2185","1294","4816","1900","6784","14194","3086","4323","516","590","1349","9177","2576","2276","10929"
"3.55_943.81","2638","4391","2158","3423","4037","1447","2166","4806","3639","5090","2954","4832","4074","3440","6349","3292","3883","4427","3790","2754","3391","4280","7205","5392","4579","7527","6116","2150","4942","4369","3582","4171","2669","3452","2549","3829","7842","2685","5079","7072","7117","5118","3900","575","1383","21170","8100","3465","5415"
"1.97_621.44","10345","9370","22659","14211","11495","16353","8417","10436","12138","6775","8862","14487","8890","18569","12281","11903","13250","10759","7815","12887","14085","15947","11981","12184","10647","8446","12139","5998","13201","14568","11383","11920","9830","9710","8347","9845","8902","8976","15922","12760","10020","13644","14222","452","12537","14225","17318","10292","18193"
"2.53_798.70","17030","18035","15578","17531","25172","14506","26654","22432","22045","26523","24120","33990","17245","15522","36575","28776","32416","36725","44629","32929","36000","39516","25147","41248","38861","23951","34788","13722","23072","31217","21979","31683","22573","19444","17596","34837","33878","21334","27701","25718","31594","31056","27990","1170","22057","34335","51732","26224","57583"
"2.34_761.37","7272","6089","4528","6665","9536","3707","5352","10797","5380","4058","4989","7800","6653","10301","8054","7584","6267","5988","5296","6601","6973","12932","5776","9247","7659","3242","7091","1108","6697","4853","5001","8305","7047","4423","1688","7983","2535","1344","5987","6065","6040","4556","7025","0","2945","9874","20657","5195","15854"
"2.56_918.74","3534","3418","2901","5693","7134","1808","4651","4521","5955","6348","6062","9785","2500","2920","7530","5297","8562","10709","7882","4754","5328","4976","20787","8461","5279","14974","10736","2045","9877","4906","7015","12769","5868","6461","1760","6275","6186","5121","8950","15114","11789","7010","7827","455","1452","12187","7932","4173","7541"
"3.43_972.92","2747","3593","3469","5270","7211","1851","3089","3587","3076","4693","2832","8394","3318","3336","6233","3307","4467","5629","3113","2750","2841","2302","11681","5635","3052","9457","7866","2076","6126","3410","4498","8712","4216","3510","2579","3497","3925","3319","4805","7602","8441","3995","4680","170","806","7219","4452","2336","6681"
"1.84_798.56","6634","8026","6137","5784","5094","4064","4786","8075","4743","4693","3987","7564","3674","5922","7798","7482","5112","5040","4523","5861","5499","8746","7540","7324","4780","4823","9287","2801","6197","7870","4595","6534","4877","3907","2914","5783","5387","3414","5345","5493","5736","5500","6083","882","4728","6480","23092","6600","13080"
"1.21_846.55","4484","5261","5881","5760","5336","4645","2911","8941","4792","3479","2942","11125","3264","8599","8454","6626","3709","5942","2925","5260","3813","8125","6220","6710","1917","4373","12484","1747","15232","9165","7252","7058","9716","4622","2083","6394","2601","3375","3893","11588","8104","4457","10139","407","2817","7658","31262","6239","20183"
"1.97_675.54","4596","5038","3582","4194","4681","4569","4539","5170","3545","5457","4112","4889","3869","5575","4654","5083","5063","4490","4568","4487","5908","6465","4774","6084","4507","3703","5604","1995","4200","4317","4084","4189","4339","3216","2012","4588","5735","3242","4772","4927","3665","5423","4905","391","5027","5448","12752","8032","8053"
"1.32_619.45","3273","3185","4949","4855","5266","3556","3899","5473","2687","3785","2527","4934","1809","5615","3844","6354","3201","5980","4004","4499","4289","5864","4279","7142","1332","4201","9352","1295","4890","7220","2594","3954","2508","1981","1904","6969","4026","2058","4405","6447","5531","5376","3301","642","2983","7934","23687","3763","9322"
"0.68_330.34","55952","20920","10891","75718","10749","18079","6958","61833","51850","20524","11026","18396","22488","17487","84456","8611","53368","33617","27095","45757","67644","70425","62714","23070","24970","203097","58940","405361","21408","9896","15576","48769","19242","129432","13403","12637","4876","14961","26987","49531","17081","17883","453415","47475","11846","10183","338565","68534","14891"
"0.49_484.38","3472","2691","3021","2694","1902","646","1633","1919","3296","2422","1194","3474","4917","3678","2093","1474","2773","4329","1936","2833","2012","2969","2505","3326","7046","984","1409","1804","3572","2973","3627","2843","3199","3344","1396","1998","2079","1512","1302","2342","1577","3788","2643","2563","2236","4802","2123","1355","3159"
"2.85_754.67","9573","12449","11289","15260","16350","13203","5489","7723","6192","7094","5724","16998","10117","11621","13148","8935","8166","8997","13860","7684","8532","10924","10619","10364","8002","7570","11591","4145","7629","7649","11882","13577","11727","8074","10009","10943","7622","5449","9383","14356","10547","8635","13899","144","10525","12601","15032","11920","20283"
"3.63_927.73","5174","5500","3639","6654","7568","3264","1757","3836","2860","2647","1682","7088","4778","3321","3855","3610","1733","3801","2377","2509","1906","1563","5969","2939","2347","5496","7118","1803","5334","3273","5562","7124","2479","2731","1624","4233","2229","2977","2578","8613","5970","2537","3516","239","921","6313","3149","1687","3781"
"2.28_720.55","2001","1975","1891","2038","1894","18502","3879","770","1597","3248","4708","3794","1184","1096","1909","3064","30224","1807","3471","2872","1516","1858","2381","3489","5769","3845","2242","1055","2319","2716","1253","4225","1922","2036","1503","1296","3113","1753","7391","2393","1700","5011","2566","357","4100","1772","2353","3062","5079"
"1.53_848.57","1481","1577","2612","3125","3225","2395","2590","11482","4034","2403","1856","11605","2054","3649","4221","2951","2779","3642","2695","3533","2747","4699","4782","4176","1908","3119","6912","2684","9814","4561","1839","3090","8754","2916","1554","3480","2165","1670","3176","15324","6121","3532","6240","245","1642","4348","13003","2807","13738"
"2.65_661.56","2743","2742","2769","3458","5508","2877","2669","2733","2043","3021","3034","5098","3388","3431","5152","3347","2964","3825","5018","2558","3265","3560","3173","3955","5472","1940","3636","1823","2448","3391","2570","4444","2988","2131","2558","3722","3728","2260","3482","3267","3199","2810","3823","118","2690","3536","7933","2958","8743"
"3.21_947.81","4030","4367","3022","5431","5417","2330","3637","4472","4918","4359","4792","7197","3069","3849","5008","3760","5998","6168","4989","3761","3340","2788","9977","6666","4221","9233","7681","1958","7916","4649","4071","6710","4127","5117","2183","4813","5169","2731","7078","9078","6982","5786","3907","113","1795","7216","5745","2395","5198"
"3.14_790.70","4189","6364","2667","3514","4380","2697","2141","2836","3550","1716","2157","2404","7436","4792","2993","2770","1023","1510","2541","2543","3055","5977","1622","2544","2907","1942","3524","2800","1955","3073","4048","3766","4439","4200","1943","4354","2196","3367","1809","1673","1827","1831","3724","258","2390","2313","5037","3237","4037"
"1.53_844.54","1725","1473","4033","2972","3732","4079","3579","2664","2625","2229","1818","3495","3981","3968","2686","3314","3988","3961","3419","3437","2462","6680","4495","2871","3537","2869","4253","5559","3883","4826","1336","4069","3222","5388","1915","2186","2851","3974","3761","6243","2535","5779","4417","129","2278","4306","2683","4162","3950"
"1.53_651.40","4262","4291","5115","5214","4542","4348","4214","4336","3148","6128","4637","6268","5259","7846","4464","6272","5352","5696","4302","6276","5764","5534","5613","6656","3515","3623","6539","8008","4109","6542","4588","8127","6152","6583","5624","5721","5616","3433","8305","4701","3521","5233","6150","70","4245","5309","12021","4644","6440"
"3.69_988.89","4772","5383","2505","5286","5708","1447","4074","7100","6074","10017","4217","8587","5203","4958","11430","4972","8146","7431","5271","7056","4315","6593","11565","10288","6572","11402","12281","2688","8455","7936","5138","8406","4861","5617","2994","8407","10260","2881","8113","9964","14893","7833","7057","327","1679","28141","10735","7296","12001"
"2.85_740.65","14552","17395","14640","19563","24740","16688","6989","11126","8098","8564","8506","23813","14134","17809","17922","12906","9839","12229","15970","11788","11235","15344","16346","14533","13295","10392","16700","5382","10762","11551","17099","20784","13829","10730","9730","15866","10817","8322","12118","23469","13041","12591","18725","726","16222","18969","25482","18523","27593"
"3.07_723.73","5519","4446","3242","5481","5366","4347","6436","5176","5777","6197","6697","5348","3288","6216","4816","5717","6081","5587","7249","6668","6162","5599","5264","5628","5358","4729","7111","2455","4513","6812","4778","5097","5385","4144","2010","5648","7862","4058","5958","3999","4486","6883","5134","70","9329","5758","10579","10129","6336"
"2.53_668.60","3866","4700","4420","7389","8131","3130","5449","3546","6040","5495","5064","9058","5408","5453","7565","5388","6622","6475","8703","5285","5784","5749","7266","7598","8949","5005","5306","3379","4186","4599","5645","7264","4769","4974","2938","5352","6025","4908","3998","7591","6657","5389","7627","310","2768","6704","8204","5129","8833"
"1.85_773.62","3764","4914","5280","4862","3949","6339","2452","2821","3074","2704","2441","3157","2520","8474","5402","2562","2917","2490","3366","2946","3332","4108","2829","3987","2750","3027","3581","2200","2564","2887","2305","3666","3090","2380","3249","2639","2800","2758","2818","3173","2790","3972","2826","296","4288","2779","3858","3199","4451"
"1.99_689.50","8434","6985","12215","12805","10519","8259","7203","8708","8658","5269","6602","8873","7406","12749","6869","6935","8882","7948","6005","7705","10354","12621","8367","7534","6165","5844","8294","5200","9562","9105","8315","8151","9472","7273","3730","8629","6336","5898","8523","8588","8078","8990","7365","119","13569","8839","16755","12857","15645"
"0.80_650.40","6923","7069","11948","5816","5332","7265","2986","6219","4309","1593","2070","7169","5475","6650","5236","4934","2914","3409","2622","4732","3481","6756","3638","2927","1927","3350","5826","2394","7579","6841","5887","4617","5819","4089","3378","3950","2133","6240","2430","3854","4195","2923","5476","232","3895","4985","9786","5383","7715"
"1.53_823.56","3439","3226","5120","5081","6572","5898","3189","2762","3109","3112","3002","4902","6389","7085","3402","4671","4948","5953","3970","4865","5207","6615","5862","5650","5237","3632","5703","6921","4166","6852","3776","6208","4798","5376","2409","4637","3616","3261","5785","6614","4023","5429","5581","0","3584","5739","6843","5286","7345"
"3.00_752.66","4674","5978","5938","8682","8384","4457","6022","6771","7629","8998","6856","11745","5948","6556","10525","6597","9421","10110","14298","8622","7479","9050","10273","10982","11087","7001","9709","4176","8494","7426","8647","10270","7666","7695","2384","9038","7559","5301","8572","13302","11103","9797","10689","394","6348","11865","15818","7402","20777"
"0.66_724.44","2039","3041","7288","5037","4270","4607","1636","2238","1685","1081","1172","3759","2162","6627","2856","2488","2053","2865","1898","2463","2007","2830","3416","3334","2836","2131","3951","1661","5110","3118","2519","2390","2991","2250","2318","2416","1530","1195","2915","3641","3877","1713","2902","74","3828","4849","8042","2628","4762"
"3.26_676.66","4292","4872","4473","4591","4179","3039","3779","4905","3287","5951","5916","3869","2869","3228","3444","4070","5126","4705","6908","4105","4337","4335","3989","4909","4871","4174","5981","1587","3323","5879","4516","3950","4017","3953","1531","4554","6044","2730","4358","3712","2863","5450","4160","367","5541","5623","12727","6279","5082"
"2.19_934.73","3896","2905","2700","5499","5922","2762","4630","3070","3295","5500","5448","6910","1986","1967","5202","4855","6097","7798","7645","3938","3075","2703","20475","5320","3657","13793","8057","1520","7656","3606","4791","9788","3371","3470","1606","5003","3933","3309","7850","10124","8958","4681","5237","113","1760","5674","3533","2004","5521"
"2.77_796.68","5588","6706","7757","8129","11216","7955","6897","7209","5921","7769","7798","14049","9110","8195","13938","10572","7828","10546","12137","8385","9025","11886","9413","10716","11617","8311","10384","5534","8557","9620","8845","10063","9935","8759","6442","11706","7625","7062","7763","11770","11372","8719","11379","235","6405","10607","13097","8716","22237"
"3.46_916.78","6414","7694","5511","10521","13369","3749","6148","7694","8032","8838","5789","13326","8738","7385","10530","7868","8606","10786","8221","7765","6790","6339","18065","12767","8974","16008","14082","3150","10862","8568","8982","15380","7646","7064","3581","8908","10446","6504","11072","16848","14581","7956","8719","206","1847","16354","12408","4886","11964"
"1.59_385.35","2727","2674","1932","2818","3473","2570","2980","3749","2480","3600","2728","3084","1679","2497","3582","4396","3462","3361","3046","3868","3622","4019","3233","4378","2697","3339","4205","1574","3422","4282","3017","2437","2501","1793","1445","3960","3158","2193","4107","2801","4114","4361","2495","125","3310","4416","9509","3637","5359"
"3.77_924.79","46632","48648","37663","50179","81020","16310","13867","36659","40614","32726","16554","94323","53158","47949","48149","32250","23643","36388","22797","23534","19442","13403","65424","38123","23629","49572","81733","15527","62272","42738","50132","79338","23045","28905","16993","37113","28871","20345","25706","96658","64929","35201","46429","1130","7157","103406","37442","15562","44099"
"2.53_714.60","3282","4816","3554","4737","6170","4177","4093","4608","3612","5178","4383","7679","3782","4886","7668","5879","5847","7945","8923","6177","6158","7107","5419","8074","9188","4396","6548","2927","4652","5949","4414","6929","4669","4820","3163","6064","5538","4292","4939","6087","6348","6302","6473","342","4289","7769","15105","4606","16439"
"4.11_551.50","30635","23831","30995","30625","45073","12419","17834","85918","40729","60001","19744","81154","38526","49072","43421","24790","29981","29363","17104","29149","35429","33093","43280","44221","16089","22584","59237","15986","53929","35746","44571","47111","39018","31397","8273","26210","13638","17777","37160","64434","46603","22016","56351","1102","3058","26219","53053","16816","75895"
"1.97_813.65","2584","4228","2111","2633","2567","1944","3120","2716","2166","2715","2309","3119","1596","2342","3457","2763","2548","2949","3678","2881","3049","3843","4079","3399","3188","3119","3755","1103","3882","4022","2417","2480","3011","2872","1349","4897","2921","1848","3794","2148","3229","2865","3389","167","3208","4136","10748","4787","5415"
"1.55_702.21","46480","6111","14335","9387","17687","9560","8767","14152","19503","13368","301853","12276","10386","11205","6712","17961","11547","6870","11700","12263","7923","33025","10911","8430","17366","14307","7437","9960","55188","7799","9294","11948","8086","14845","14291","49998","6862","40041","11910","14075","18989","12112","15140","8471","11946","10413","29045","207490","7655"
"3.05_749.75","14847","11884","10121","11312","13936","7838","11088","14211","9650","17987","17065","12977","8334","9151","11211","13095","15877","14082","23379","12984","12743","12043","11636","13123","16206","13840","16270","5788","9349","18052","12736","11780","10195","9931","3972","12162","20586","8329","12432","12297","7772","15366","13951","268","17687","14091","24084","17895","12945"
"1.53_824.58","3438","2567","4065","4106","5815","4048","2874","3981","2070","2674","1814","3211","3878","6770","3274","4346","4047","4068","3293","3950","2843","5339","2479","6141","2949","2684","5133","2967","3921","4343","4032","6245","4035","3136","2269","2309","3256","1917","2187","4723","2224","3592","3982","113","2957","4462","9518","4144","5250"
"2.84_277.22","4018","4907","4739","7122","8142","5024","1798","2923","2173","1955","2606","9002","3704","5455","4903","3184","2867","3786","4093","2928","3595","4685","5384","4351","3281","3321","5131","1391","3007","2830","5148","6270","4187","2766","2340","4674","2503","2309","3132","6850","4091","3397","5639","85","4074","6611","9498","4861","11533"
"3.16_1371.38","7059","1283","3505","2629","2465","2472","2137","2668","2086","2780","52570","2729","2294","1531","1871","582","2304","780","1362","1804","1155","4389","2173","1145","2910","3060","1062","1030","8480","1136","1285","1954","1573","3756","821","9396","1322","5360","1701","1986","530","2288","2925","1156","1525","1991","4690","32904","1273"
"2.66_602.51","3554","2915","2425","4372","2916","1922","4290","3544","3339","4360","3358","3705","1860","3082","2822","3505","4305","3398","4150","3227","3139","2556","4280","3253","3047","2992","6057","913","2194","4067","2504","2772","2883","3222","870","3109","3903","1947","4183","2870","2371","3545","3007","172","3735","3109","7739","4662","4928"
"3.75_743.63","1990","2163","1133","1626","2764","1099","2554","3980","2961","1899","2357","4184","1162","1325","5145","3804","2599","6386","2696","5613","4565","8898","4511","4387","1478","6338","6719","3634","6245","4102","2279","2713","3370","7401","1238","4636","2876","6122","5178","7489","7448","4991","6306","207","2560","7788","6275","4139","6855"
"2.73_768.69","6247","6922","7450","6783","9002","6111","13372","12434","13624","16760","11319","12556","8327","6972","17112","14644","17142","18866","26471","14294","15793","22962","13266","21375","38322","10822","15562","11261","17535","14610","6401","9621","9347","11423","5140","16474","12622","12000","11540","11965","21091","14918","8924","479","6283","17969","28990","8554","39175"
"2.68_823.70","4140","4771","4165","3968","6271","4235","3514","4746","4684","3306","3873","7902","4873","5248","7812","6077","3952","4202","5767","5796","3734","8374","4188","5110","5058","3466","5503","2912","3612","3775","6255","5458","3929","3698","3262","4649","4035","4111","3466","5435","6301","3615","6834","109","3097","5638","10003","5693","10233"
"2.56_946.77","2600","2256","1848","2758","3569","1709","2046","3314","2121","4467","3010","6016","1963","2135","4773","2994","4059","5078","3993","3066","2901","3226","9368","4189","2786","11407","5245","1614","4949","2731","3356","5474","3655","2934","1693","4692","5796","2824","6479","5371","6662","3484","3112","239","1454","10735","5892","2320","4505"
"1.39_774.53","3331","3000","1652","3384","3585","2359","2118","3932","3180","2876","1748","5149","1341","2854","5260","5025","3439","4798","2678","4024","3286","4757","5583","5754","1879","3406","9449","770","7998","5762","3020","3833","3011","2725","806","5215","2950","1803","3685","6341","5096","3375","4275","183","2344","7683","12224","3870","11187"
"3.00_934.81","3342","2703","3911","4846","4402","3860","4938","8415","4605","11530","6355","13125","2448","4966","6217","4335","5188","5602","4784","6206","7801","5250","15577","8501","4367","5540","9429","3812","10118","5062","5189","9142","6040","4334","2593","6871","6784","4610","12539","8609","9670","4502","7050","474","847","7066","9762","4970","9030"
"3.60_684.63","2942","3944","3441","3131","4560","2486","2840","3821","2850","3322","2987","7170","3162","2994","6643","3649","4114","4489","6783","3764","4078","6067","4883","6525","5515","3841","5051","1573","5078","2557","3259","3735","2946","2752","2404","4834","4591","2144","4525","6610","7954","4392","4499","271","1804","6364","13346","2960","18188"
"3.98_577.52","26932","28837","25236","44683","52953","14882","16285","51181","27137","32753","18739","76763","46032","41326","30909","27692","23074","27735","16908","21122","21274","29742","49018","33898","19550","39867","62541","17299","54477","27488","39096","66188","27654","34663","10104","27718","21418","19058","29725","79378","55766","18606","40623","1334","4175","37659","57039","14065","59156"
"2.18_788.54","13963","12650","9587","6288","3392","6989","4323","4468","3345","6475","16664","3577","4707","8124","4965","3285","5593","7978","4542","2926","4581","3250","4144","8096","4159","4212","6168","1951","4614","4926","3900","5371","5741","3654","2299","4659","5140","2693","4984","3867","3006","3555","3706","230","13921","9910","10155","3823","5003"
"3.19_946.81","4516","3705","3954","5885","6212","2157","5561","5381","6198","6222","6065","9107","2727","3518","7535","5946","8179","8152","6093","5659","4367","3502","14929","7148","5022","11820","9117","3609","8696","5512","5290","9730","5343","4823","2561","4675","5074","4679","8173","11115","10545","6324","6696","231","1720","9184","6302","2829","7184"
"3.49_1004.85","13181","12299","6846","16357","14212","4839","3204","7155","5361","3860","2967","11574","10311","9212","4799","5847","2535","6500","3408","4993","3499","2628","9122","4235","4007","9377","13775","3394","10809","4855","16354","14415","7663","4789","2732","8671","3291","6181","4729","19557","9942","2444","5429","387","1904","9578","4527","3657","4192"
"2.84_747.73","4947","3709","3056","3697","4494","2745","3852","5020","2767","7727","7018","3424","3261","3246","4032","4375","5932","4786","6940","5089","4008","3553","5075","3703","5613","4275","5995","2532","2505","6334","3855","3977","3291","3881","1554","3885","6715","3446","4001","3231","1677","5057","3761","151","6100","3584","7810","6249","3118"
"3.04_897.64","6870","6816","5478","5812","6565","5630","6312","6082","6870","6303","5397","5104","5942","7189","5852","6307","7141","5458","6035","6995","6750","5995","6211","6158","6300","7346","5717","3233","6315","5971","5430","6452","6953","6313","4068","6659","6024","5897","6978","6099","5964","8307","7307","281","6077","6371","4487","6349","6456"
"3.31_724.66","3964","6190","4436","5445","6099","3636","3758","3680","4555","5385","4922","9031","5066","5968","10109","5468","7171","7587","10265","7265","6398","8487","6477","9827","8496","4873","5630","4163","4695","5022","5235","7333","5673","4373","5359","6599","6961","4463","7074","7594","8243","7335","7422","224","4057","10500","12034","4299","16871"
"2.34_761.03","4179","4501","4079","4035","4602","3032","3395","4859","3234","2603","3462","4573","3614","5014","5580","4779","4160","4222","3320","3839","4000","4518","5022","5213","3740","3071","5296","1384","3919","5236","3178","5182","4088","2729","2677","4791","3881","1891","5472","5505","4879","3259","4668","92","3129","6152","8994","4070","6536"
"3.07_383.33","7830","9432","8450","11732","15253","7082","7200","9476","7454","11499","8469","21027","8220","9271","18688","9681","12732","13430","16134","10985","10691","16738","13509","15896","12868","10281","14820","4936","11130","9776","10191","13317","9989","9426","4152","13805","10078","6305","9838","17172","15324","12056","13434","696","6345","15639","28427","13604","32815"
"1.98_886.62","4075","3057","3204","4054","5428","1834","1656","3277","2382","3478","2479","3380","3972","2888","4758","2339","1649","3711","1539","1758","1469","2560","3597","3673","2765","5745","5717","1568","6270","2748","3393","4386","3390","3594","2065","4202","4568","1967","5111","5471","4349","1878","2361","201","1739","9042","5452","2172","4108"
"3.01_1298.36","5726","1310","2689","1688","1764","1682","1736","1937","2018","2273","44826","1830","1343","1112","1689","554","1656","1031","1912","1332","1579","3655","1929","881","2302","2538","879","973","7168","820","964","1640","917","2154","865","7707","930","5383","1695","2078","557","1135","2885","928","1752","1075","3417","25688","978"
"3.69_976.89","13915","11138","9890","13053","18317","5980","12161","19523","20468","25315","14689","33538","9916","13660","31538","16882","31083","22551","18532","17872","15101","14859","40397","25697","16471","27858","32545","7104","29158","20606","12453","22334","12668","16872","8213","15608","19751","11718","20461","36887","38279","24956","26567","847","3453","34366","25510","11191","39936"
"0.20_135.05","4667","6045","12061","11925","5812","16788","2454","1144","1147","8770","6965","923","1172","18733","5153","1140","4387","1461","9646","1191","1230","1010","1784","1289","864","1194","1282","523","992","1061","3422","1351","1182","797","861","1015","8201","779","1657","1072","1017","5311","1514","784","7700","1406","1382","5650","1142"
"2.23_729.59","2715","2389","2273","1846","2487","1565","3618","4223","4396","2739","2841","4838","2158","2627","3365","5761","4173","4225","3808","4143","4803","4188","3282","5883","1829","2714","5903","1096","4546","5227","3370","2463","2707","3433","1196","5098","2986","2254","3532","5529","4470","1158","3757","101","2167","3593","10692","3837","9256"
"1.79_661.47","9150","7801","19594","12378","12545","9646","7868","9079","8483","3818","4867","12558","9637","14935","6547","10504","9469","9708","6054","10112","9152","12770","10546","7830","3896","7310","11089","6583","14075","12376","9764","10852","8195","9489","4446","8493","4830","11311","8117","11816","10296","9110","10239","225","9110","10910","17480","7968","17832"
"3.92_952.82","7360","8783","4988","7752","9340","2500","3335","12261","7348","10345","2821","15310","9504","11341","11542","6179","4861","6739","3466","5485","3782","4256","10165","7395","4647","9128","18371","4056","9352","8024","7090","9257","6676","5640","3714","8550","5914","3990","6886","10195","17318","7589","7212","596","1942","26114","7318","5540","9082"
"3.36_908.79","2933","2528","2367","3651","3793","1972","3682","9257","5905","4986","3204","16495","3010","3589","6573","4070","4709","5082","3725","3644","3414","4179","9357","5514","3364","6875","9452","1433","16060","4380","3454","5853","7097","2897","1263","4551","4376","2955","5053","22813","16817","5146","8501","444","923","5827","11839","2457","13755"
"3.98_958.88","180669","214419","167082","273147","304953","113191","153064","221614","188372","161577","135303","284845","286313","219443","238132","224762","184621","184382","152599","147896","154037","181941","246797","189279","182304","275659","290954","134129","258426","184941","252294","331391","183523","267879","105571","207683","188022","166334","169407","370185","304660","160087","222183","6467","47559","250702","230406","118551","254244"
"1.53_802.59","3034","2963","4294","5306","6677","4663","3134","4344","2337","3297","1548","4262","2849","5458","4018","4691","5278","5532","4053","4971","2693","5658","6327","7559","3852","4138","7152","1876","4450","6529","3189","6401","4280","4441","2384","6022","3355","1625","5466","6720","4949","4907","3962","352","3478","6153","13126","5733","9697"
"3.37_917.79","6079","6778","5024","8695","11858","3458","4804","5364","5196","6988","5191","9971","8706","6691","8161","7250","5985","7811","8688","4615","5750","4891","10978","8006","7512","10673","10278","3933","7719","5897","6806","11838","5323","6171","3500","6432","8223","4831","7480","8489","8301","5150","5988","128","1787","9855","8292","4618","8203"
"0.19_359.13","3409","4559","5910","5539","3694","8179","1365","807","413","830","596","553","688","11235","790","1086","690","1054","680","726","904","1513","1130","815","263","755","799","589","937","764","2983","965","715","898","1836","976","793","787","755","1197","627","1012","745","209","3206","861","1052","702","928"
"3.60_768.72","5405","8051","5668","6746","7010","5341","7754","6981","6376","7811","6590","12606","4658","5174","12533","6934","10610","9028","14800","7634","7510","10792","9430","11059","8193","7298","8683","3605","8386","6106","6006","7423","4444","5752","5029","8474","8104","4685","8238","10429","13852","8606","7613","526","4734","11774","19845","6645","25123"
"0.52_616.46","2560","3199","3946","2612","2580","3144","2076","2063","2797","2277","1787","3535","5769","4568","1953","1418","2218","3729","2089","2389","2102","2052","3360","2310","7496","2143","2807","3299","2540","3233","2561","3112","2254","3908","3154","1631","1704","2117","1570","2753","1140","2722","3426","2277","1953","2675","1784","1719","3966"
"3.65_794.74","5311","5141","4397","3877","5917","3433","8035","10423","8894","7838","4457","13114","5062","3483","13582","11697","10009","15958","9586","14675","14772","20383","14769","13029","10728","16341","16862","9029","15281","12731","6625","7484","7772","19335","3025","14414","11646","16651","15223","17764","19750","15430","16687","433","5838","19055","16481","14041","17729"
"2.35_761.42","6239","5503","6142","7639","7129","3603","2598","7646","5667","5078","5282","7428","5734","11564","7600","10265","3469","7026","4540","4883","3988","10584","4844","10217","6351","6266","9572","772","3257","8453","9952","7838","6425","3957","2632","12081","5893","1104","9080","8916","7055","3587","8884","538","5384","13604","21126","8727","17629"
"2.93_367.34","3992","4945","4635","6959","7587","5209","4101","4243","4482","7066","4227","8340","3926","4903","7730","5269","5861","5902","9712","5812","5278","6865","6865","7021","8534","4630","7008","2686","5478","4933","4765","6397","4328","3770","2768","5826","5324","3636","5480","7175","9078","6004","6981","290","4337","6887","13553","6545","16800"
"3.27_776.71","6466","7626","6259","3622","3445","5096","3745","2404","2228","4194","2794","2664","2314","2510","2417","3243","4473","3754","4156","5047","3811","2641","2500","2604","1804","1911","1810","2958","2192","3181","2329","2999","2346","3223","7617","2490","1798","3786","2435","1099","1604","2789","2904","309","5949","3156","2025","3558","1303"
"1.30_796.55","3334","3158","5401","6614","6630","4128","2026","3598","2170","1751","1770","7534","5151","9865","4278","3553","2278","1807","1453","2384","2136","3329","3740","3150","1290","2822","6404","1401","2592","3492","7535","7935","5201","3550","4084","3359","1843","1845","2656","6355","2928","2045","8061","334","2498","4344","7252","3413","6194"
"1.30_766.49","3171","1858","7064","5684","5770","8328","2790","2633","3023","1876","1769","4369","3836","8737","2978","2692","3440","2896","2331","3068","4005","4781","4153","3642","5399","3008","4783","7842","5709","4126","3844","3497","4374","4900","1771","3261","3299","3047","5528","4884","2866","4339","3946","427","7483","3389","6021","4719","4865"
"1.31_860.53","2004","1726","2582","2627","2420","2007","2284","6104","4017","3235","3290","4820","2194","4121","4230","3464","3548","3468","2723","5039","3830","5890","3729","4126","1880","3420","6024","1709","8550","5729","2031","4187","5617","2901","1277","3895","2609","2240","3277","7144","4210","2375","5056","271","1399","4383","9518","3547","7402"
"3.63_949.78","9956","13458","7681","15095","15270","4094","3291","8297","5374","4986","2589","12873","11608","7883","8352","6249","3965","6327","4634","5431","2984","2537","11092","6528","4155","11818","15410","3560","9715","6107","11274","13339","4373","5502","3460","8123","4739","4946","5551","17370","12996","4191","6472","379","1707","22494","7792","2583","5857"
"2.13_834.52","4866","2867","3499","3261","2949","3934","3604","2901","2980","5039","4533","1455","2817","4531","3441","3196","2852","2069","3503","2823","3109","3222","3085","1411","3149","2540","2505","1540","1309","3844","2169","2564","2904","3600","1513","3705","4773","2365","2857","1999","2358","2890","2081","240","4324","1779","4087","3220","2153"
"3.16_766.76","2952","5678","3370","5083","8245","6960","3277","3824","3606","3499","4132","6424","6626","7149","3317","3356","2839","4540","7813","3016","5033","5443","5671","3685","9084","3127","5389","3220","2475","3008","6225","5444","4255","3386","3679","6857","2823","3809","2863","2661","3824","3858","3030","140","3198","4040","4940","3804","7548"
"1.97_825.65","3196","2737","2298","3080","3435","1866","2396","3284","1988","3123","2377","3254","1969","2848","4103","3389","3894","4934","3026","3823","3731","3207","4460","4581","2888","3593","5449","1325","3004","4622","2697","3201","3635","2125","1253","5739","2694","1728","3816","4050","3252","3531","2824","77","2742","5543","10856","3831","3876"
"0.24_552.33","4555","4920","5216","6972","4447","4219","2499","5828","3093","3317","2572","5704","2365","5426","5781","5547","3016","6877","3316","6153","3831","5857","5334","8254","1674","4661","8866","1815","7638","7010","4178","5371","5325","2685","2844","8296","1885","2505","5644","7035","6485","4398","3784","496","10058","7453","28198","10644","16012"
"0.83_690.43","2113","2282","4797","3937","3047","3212","1763","3995","3141","2075","1303","5784","1941","6048","5993","5143","3018","5062","1731","4983","3802","5769","4426","4037","1038","3448","6686","1922","11167","5914","3312","3665","4790","3289","2123","4684","1718","3014","3388","5381","6190","2337","6516","283","2148","5011","10365","4724","8138"
"2.04_606.47","4196","3498","13167","8454","11961","8974","2904","3127","5204","3046","3518","13531","9351","7288","4852","3528","4978","6057","4570","5847","4031","7971","4723","4694","6639","3722","7070","4132","5702","5629","9082","6294","6108","6006","2844","3387","2578","3301","4392","8606","5002","5451","5956","272","5246","4896","11494","4174","12737"
"3.04_898.64","3618","2856","3612","3349","4038","3187","2692","2798","3136","2633","3084","2523","2429","2942","2967","3405","2920","1273","3203","3271","2898","2743","3142","3546","3466","3029","3364","1439","2893","3268","2639","2551","4339","3370","2282","3384","3597","2934","3439","2729","3072","2953","3449","88","3247","3199","3136","3380","2913"
"2.10_860.61","7841","6330","15293","14232","20986","8177","5686","8785","10410","5344","6765","17151","14842","10207","7189","7287","7207","9692","3889","7632","6507","8606","11460","6472","5321","9399","13420","5546","15493","7271","15633","13000","10163","9605","4132","6047","5097","6249","9289","21110","11063","6432","8910","291","4908","7280","10108","5875","13003"
"1.98_818.59","3564","2828","3296","3520","2860","2300","2657","4411","2448","3235","2476","4129","3579","3361","2971","2489","3002","2964","2854","3081","2822","4357","3196","3714","2074","2161","3553","1337","4190","3067","2712","2909","3346","2265","1125","3548","2581","2072","3099","4840","3538","3646","3795","278","3396","3453","9600","3759","7015"
"1.30_725.52","8449","7024","19802","13898","13837","16247","7149","5881","4649","8677","5724","8660","7656","21805","7017","8562","9607","9857","8545","7947","6708","7976","10545","8674","9420","9025","9181","9839","5416","9258","6769","13202","7070","7999","6115","5372","7931","5881","6642","7937","3691","7119","7778","758","5594","9720","5655","6770","5754"
"2.93_740.65","24516","22769","50332","46009","54660","29108","21760","30743","26102","36677","22398","52828","25013","58838","38484","24321","27370","32281","36697","26406","28001","32029","42548","34319","33551","23418","42022","13299","32174","28571","45671","41507","25235","24581","15829","30059","24855","18864","26866","43937","33125","27927","36477","928","20404","30372","53156","26767","61018"
"3.17_1368.38","5726","1160","3198","2581","2713","1921","2473","2415","2791","2406","42795","3219","1213","1385","1852","406","1832","906","1160","1385","1123","3852","2117","1017","2534","2978","715","853","7776","834","1276","1378","1092","2429","478","8461","700","4495","1191","1645","369","1500","2721","861","1765","1057","4876","27047","972"
"3.36_935.81","3404","3105","1476","3355","4233","1698","3297","4416","3435","4311","3029","8025","2812","2960","5024","3433","3728","3702","3575","3043","2977","3128","6617","3245","3387","6274","5527","1728","8092","2996","3179","4661","4258","2679","1640","3396","2709","2190","5142","8609","7495","3604","4467","127","1305","5689","5427","2738","6822"
"2.52_715.61","2011","2904","2554","3415","3638","2547","3168","2627","2685","2872","2342","4648","1817","3069","4062","3137","3698","3679","4644","3233","3695","5333","3329","4286","4451","3273","3802","1708","2633","2992","2441","3687","2618","2164","2005","3585","3141","2262","2861","3350","3574","3098","3805","286","2646","3364","7866","2998","9129"
"1.23_790.56","2992","3003","4912","3427","5313","2968","2953","2607","1818","2926","1669","3143","2933","6731","3374","3961","2625","3375","3212","3032","2891","4033","3604","3692","3231","2755","5269","2129","3462","4109","2884","4156","2936","2705","2396","4660","2518","2568","3108","2531","3040","2470","4876","128","2403","4038","8336","2696","8215"
"2.22_1535.17","8260","11174","9611","8207","8721","7325","6467","9314","6281","7225","8020","10168","12027","10315","8245","8588","10865","6850","5677","6913","8994","11056","9770","9086","6736","4911","10649","3998","3297","8122","10678","10101","10909","7304","3484","9364","6664","4762","9799","7326","4747","5558","14732","587","6605","7742","14851","8160","15262"
"2.19_603.53","11755","5449","4597","5517","3729","2833","6225","3653","1724","15043","8611","13399","15217","5690","4584","3374","4122","5596","4560","2945","3759","3021","3869","5088","7054","3765","6557","1334","2590","5038","3867","5271","4482","3048","1149","4739","5389","2235","3674","13674","2463","5351","3586","400","7418","5168","9819","4468","5279"
"1.41_744.51","2134","1896","2744","3737","3720","2568","2515","3972","2267","2578","1486","4298","1815","4881","4292","3121","2369","3931","2510","2826","3736","4413","5103","5404","2174","2333","6131","1549","7595","5018","3551","4490","2987","1947","1246","3328","2789","1705","3894","5878","3504","2250","4269","94","1717","5264","11697","3450","8622"
"1.05_692.45","2781","3284","7375","3738","3900","5231","3174","4197","3243","2541","1889","4918","3553","6489","5106","4760","3271","4389","2371","4814","4288","5793","4895","5683","1951","2770","7148","2582","10705","6265","4039","4562","4428","4293","3305","3783","1993","3617","3450","5612","5044","2957","6474","71","2708","5984","7633","3202","7319"
"3.29_913.76","5858","4135","3243","7765","9230","2895","5103","4550","3565","4835","3591","8159","4995","3824","5487","5121","4130","6308","3926","3094","4733","4047","10186","5638","4571","13235","10328","2081","6101","4285","6476","9970","4449","3888","2125","6162","5248","4829","8116","9088","7428","3543","4426","281","2087","7975","8871","3318","6040"
"2.37_603.53","3615","2544","2268","4034","3182","12271","3106","3300","2820","20472","7495","2573","3092","2036","4073","2819","16707","2928","4223","2354","3391","2133","2751","2484","5376","3078","2396","1176","2944","4392","2315","2696","1784","1273","1087","3119","3013","1971","5818","3221","1671","2760","1182","729","3963","3047","4593","2391","2982"
"3.39_972.77","21368","17234","46535","31885","63608","15477","18387","37633","48941","29102","28161","93290","49251","21849","48977","32107","40167","41190","19564","28399","22578","33871","53669","45967","30504","44987","60488","22122","66203","46708","31901","55998","31770","52705","21702","25044","31423","21544","36141","80933","58601","50530","57508","1362","6520","62253","49603","14428","88539"
"3.12_848.69","5154","9227","22567","13566","16607","17595","13184","8046","16492","9781","10736","19586","23819","7812","13914","13204","10522","12940","9832","16231","13742","25690","7681","12752","12167","4534","13858","14381","8326","15776","13236","12549","17582","21743","10972","16541","7918","14062","11995","10973","13942","17477","13570","769","15555","12370","23171","14946","27893"
"1.52_621.46","1810","2063","3213","3392","3495","3649","2939","2670","1952","3004","1472","4213","1511","4893","3460","3313","2448","3083","2372","3380","3696","3752","3477","4263","1885","2878","5866","1456","3928","4493","2881","2839","2262","1855","1530","3857","2614","1993","2943","4367","4005","4041","3072","128","2672","3805","11984","4226","6502"
"0.65_328.32","1645","2852","2312","1826","2074","2696","2296","2256","1115","1734","936","1173","1954","4067","3457","1830","3973","1642","1975","2303","2678","3523","5213","1485","1607","1892","1805","1271","2290","2145","2065","1738","1549","1819","2244","5986","2043","1396","1400","1611","577","4801","3063","1075","1602","1318","5189","1198","1001"
"1.08_719.53","5127","4646","9677","6703","7461","7153","4507","5204","5372","5000","4507","4841","4805","9410","7014","6468","7011","8564","6222","6127","6265","8669","6434","6658","4784","6990","7400","2950","6871","6710","4285","5439","4035","5374","4203","5778","5299","5050","5709","4648","5416","4644","4713","365","4310","7693","9386","4570","5512"
"2.07_125.00","31187","32972","29893","34469","33085","27359","32115","37033","25056","32064","26633","31140","23617","42971","35931","29140","35535","33591","30815","32294","31132","39451","29868","36165","30154","24207","40294","8071","24545","36879","26809","30497","37772","22001","11671","38687","32955","16775","34901","30188","25505","30711","31868","1680","33140","31829","89070","43278","46404"
"3.46_920.75","6846","8214","5672","14134","11218","3375","1517","5176","3532","3078","1897","11915","6994","2622","4204","3323","2107","3354","2529","3674","2591","3107","8149","3620","2468","8177","12530","2137","8256","3764","9316","10922","2358","3961","1960","5944","4262","3635","4488","15400","9023","2594","4728","379","1560","7873","6346","1834","4800"
"3.42_873.74","5287","4128","3803","7933","10566","2848","4457","4291","4307","6260","4397","12600","5200","4599","8195","4648","6123","7778","6052","4808","3864","3926","16205","8272","5130","11967","11717","2676","9711","6116","5948","11920","5750","5397","2494","5582","5381","3923","6810","14806","11080","4951","7339","149","1243","10439","7250","3181","10627"
"3.30_1442.40","3779","808","1861","1091","1296","847","1664","1395","1315","2925","30533","1001","1238","887","442","517","1385","599","1501","1033","772","2390","968","517","1821","2947","514","719","4463","719","713","1145","822","1485","1181","4856","855","3586","1344","763","673","1119","1047","694","1065","829","1611","17710","1315"
"1.83_812.68","3854","3914","3057","3951","6674","3205","4467","4236","2935","5496","4027","6808","2771","4311","10198","7358","6452","10370","9130","9161","7320","7972","7932","8958","7232","5724","8017","2774","6687","7285","4570","6339","4839","6274","2921","7282","6115","4869","6233","6913","7694","6996","8089","333","3790","10532","9835","5555","12836"
"3.70_892.80","10741","9331","7868","10684","17143","4488","9430","15787","16952","19684","11814","26927","8188","10279","25285","13754","23681","19060","14726","13685","11462","13235","31818","22347","11222","23538","27975","5810","26791","17376","10305","18074","10369","15460","5656","13453","16920","7700","17757","33143","30824","20291","21023","605","2867","29683","24172","8789","33861"
"1.73_750.62","2723","2205","1759","3398","5566","1152","2723","4539","3140","5044","3314","6644","2382","3094","4944","3676","5039","5684","3489","4378","2322","3906","9539","6087","4245","8387","9500","1735","8987","5220","3603","5655","5061","3705","1406","6980","6402","2672","5231","10553","8680","4442","3544","167","1243","10140","8578","3018","4608"
"1.97_633.51","5390","4135","3499","6142","8560","2264","3915","4514","3442","7961","4039","7860","4693","5311","7040","4116","5546","6059","4862","4297","3886","5002","9291","8046","6322","8497","9914","2193","6759","5719","4492","9550","4333","3969","2486","7774","9238","2750","7018","9955","7444","5904","4054","335","2459","10062","8782","3683","5649"
"3.26_658.65","3182","3531","3090","4851","3829","2212","3884","3660","2824","4883","4255","2867","2520","3909","2902","3071","3718","4056","5478","3478","3310","3173","2989","3200","3976","4284","4948","1860","2578","4425","3905","3069","3024","3002","1622","3750","4224","1792","2682","2950","2367","3792","3433","79","3818","3504","9313","4421","4181"
"2.43_796.68","9564","8991","10063","13625","12619","13025","10511","7371","7966","10999","9549","12305","9741","6697","11896","8896","13078","12712","17698","10356","8467","10690","13425","11900","11158","8722","11716","4419","10727","7519","14453","11039","6170","8882","5649","10094","10270","6545","9781","16805","14353","11970","13272","563","8066","14218","13016","11050","18224"
"1.98_829.61","3562","5346","2840","5025","4349","4580","3195","5454","2956","4584","3473","6149","2984","5489","4924","3914","4941","6360","3930","3143","5389","7034","4215","5805","3464","3902","5703","1697","4322","4204","4556","4447","3486","3210","2220","6361","3612","2898","5285","5044","4354","3992","5207","269","3235","4563","13675","6050","9031"
"2.13_603.53","12943","13981","14920","15469","12982","10513","7512","11355","8996","10456","7635","13063","16241","17205","12530","10356","7897","11942","11667","8202","11171","15107","13010","9888","6923","8644","18762","6692","6940","12861","16931","14416","16515","9491","7457","17004","10583","9122","11519","14403","8827","8704","11533","666","8151","16484","24784","10845","17924"
"2.47_520.47","4243","2884","7021","4408","4327","5365","4434","3526","4010","4905","6569","3764","2786","3181","2884","3592","6287","4779","8266","4478","4210","3567","3770","3673","6555","4299","4921","3257","3588","6556","3112","2938","3023","4028","1998","3078","7393","4023","4526","4006","2889","6596","3568","78","7175","4097","5016","5782","3302"
"0.52_572.44","3683","2610","3753","3208","3094","2730","1961","2012","3795","2397","2202","2996","4879","4061","1537","1198","2094","4269","1885","2796","1965","2797","3620","2862","9193","2502","2975","3478","2380","2861","4231","2927","2957","3528","2653","2031","2314","1874","1860","2385","1126","3493","3123","2487","2458","3106","2314","1926","3549"
"3.23_973.86","5884","6875","5244","10617","12037","4861","7382","5380","4266","6101","4339","7269","8061","6657","7510","7375","4819","5769","4875","4375","5330","4897","10262","6233","6175","12323","9976","3584","5743","5124","8373","12081","5191","7155","4654","7011","5862","4752","7606","6890","7178","4542","5680","194","1916","5694","5882","3614","6054"
"3.05_953.60","4251","4319","4015","3933","4226","4247","4122","3893","4979","4912","4897","4152","4758","4360","4101","3941","4787","4058","4084","4356","4792","3427","4239","4357","4212","4571","3557","3145","4244","3229","5330","3894","4183","4134","3085","3896","4471","3962","4229","4519","4013","4613","4563","133","4033","3928","3164","3773","3175"
"1.20_694.52","2561","1395","4714","3653","3594","3513","1850","2370","1995","1942","1119","2603","2006","5647","2922","2181","2032","2747","1404","2980","2672","4394","2956","2939","2318","1989","4234","2131","5318","3871","3138","2345","2516","2282","1696","3209","1751","987","2905","3359","3204","2119","2702","101","2728","3235","7567","2674","5876"
"1.72_776.23","41115","4990","10429","6331","15070","6509","5861","9444","15682","8901","284228","7959","8039","7605","5465","12336","7837","5130","9019","8240","6723","25438","8673","7337","15218","9352","6250","8248","30017","7447","6978","7464","6138","10738","9866","31455","4459","30190","9066","12520","14495","7376","8841","6850","8456","8204","28010","176459","8932"
"3.54_617.51","2886","2936","2043","3183","4248","1660","2077","3172","2971","4155","3238","6797","2693","2601","6788","2575","4354","5362","3299","3317","2723","3356","9437","6240","4457","6707","7068","1919","5270","4210","2969","4923","2386","3910","1920","3345","5662","2083","4503","7881","7156","5271","5170","344","1082","17339","6662","2391","6999"
"3.39_916.78","6611","7650","5024","10295","13949","3846","5796","7460","6984","8849","6559","12731","7684","6989","10757","8450","8163","10217","8293","6587","7299","6744","16535","12449","8375","16302","14634","3588","11305","8414","8096","15831","7834","7185","3456","8720","10035","6525","10937","18579","15019","7309","8889","576","2111","17810","13270","4393","11858"
"1.39_628.20","37003","5983","9264","7259","12292","6915","5598","10170","15019","10375","221546","7402","8892","7801","5506","14674","7898","5554","9518","8174","6257","25504","7088","4794","13659","10958","4936","6403","49703","5968","6987","9135","5996","9356","10314","48877","6207","29813","9657","10798","15397","8704","10038","5087","9751","6646","22140","141331","9509"
"2.38_765.57","3900","3938","3419","3990","4115","3188","4719","4627","4074","4369","3995","4514","3866","3711","4559","4320","5040","3970","4269","4384","4344","4190","3355","3995","3601","2987","5040","2026","3462","4716","3675","3246","3857","3767","1684","4374","3202","1497","3784","3986","3936","3492","4051","221","3598","3590","7139","4959","4937"
"3.12_769.69","1413","2232","2384","2092","3342","1764","2009","7356","4157","2236","2193","10499","2455","1846","5446","2220","2443","4616","2770","3485","2798","4498","2575","3772","3275","2969","5791","1721","9516","5165","2277","2566","5948","1975","2161","5253","2409","1751","3268","12496","9490","3064","6148","230","2018","4072","13221","3300","14410"
"3.53_948.86","14531","9738","14123","13600","23819","7267","12638","20460","21688","31825","19148","36628","11229","15363","21477","15229","24913","25887","14599","21645","22002","18235","39609","32677","16893","18894","33529","7818","30357","21454","17906","29135","13939","15134","6267","14130","17074","14127","24609","41599","24674","19770","28545","673","3779","23446","27275","10324","32636"
"2.81_791.69","3408","4123","2930","4673","4891","4139","4055","5041","3750","3291","3674","5830","3583","4344","6011","4135","4700","5286","5040","4890","6436","5982","4916","5471","5486","2919","6580","1742","3749","5601","3426","4712","3978","2886","1360","5582","4233","2301","4856","5451","2245","4877","4538","191","5067","5888","9631","5648","5843"
"2.03_543.31","4054","4087","3763","3920","3978","3674","4161","4431","2984","4086","4472","3283","3537","3972","4072","4199","3746","4066","4058","3751","4493","4101","4017","5059","4487","3263","4213","2180","3311","4556","3541","3786","3984","3697","2356","3770","4035","2586","4739","3805","3120","3667","4026","426","4315","4335","10270","5321","6261"
"1.41_774.56","3327","3164","4332","4900","5104","3428","1856","3446","1799","2086","1948","4206","2120","4448","3705","3141","3226","3295","2656","2724","3130","3200","5471","3480","1905","4304","6607","1105","4646","4043","3524","4295","3101","2385","1294","5713","1961","1496","3422","4418","3699","2680","3697","383","3366","5769","11394","3936","7289"
"1.26_664.45","8903","8437","16927","17587","11590","14455","6952","10338","7657","4522","3796","14884","8740","30593","16974","9515","8111","14496","6113","11430","10534","18519","14034","11924","5877","7652","21729","6018","24207","13860","15755","10283","11103","12782","5981","13672","3799","5493","11229","17708","18677","5622","17899","749","10489","15291","36822","11499","29140"
"0.43_163.08","1617","878","2055","812","2701","1198","1196","1236","1453","15936","1817","2088","2479","1418","1767","2154","3325","1476","1252","3812","2528","54661","5063","4587","2009","1037","2532","3670","1674","1539","1624","6159","1803","5580","5053","2013","1965","1556","3766","1339","1051","2068","1974","1054","4189","1139","6144","1648","2742"
"2.93_881.62","3328","4287","2614","3674","3315","3775","3492","3385","4118","4663","2970","4195","3598","3911","4054","3581","4058","3954","3684","3891","3930","3864","3107","4119","3781","3917","3897","1420","3196","3468","3004","3853","4320","2890","1969","4821","3306","2786","4661","3253","3857","3775","3912","474","3511","3529","4822","4271","4449"
"1.56_704.21","23516","3384","7574","5252","8702","4868","5376","7333","9279","6992","135818","7299","6010","5608","4696","9216","6249","4320","6406","6351","4589","17329","5722","4174","8825","6630","3522","5716","27557","4276","4755","6401","4493","7993","7474","23967","4362","19199","5603","8435","9207","6222","7419","3432","7360","5795","13780","93329","4334"
"2.46_797.65","11242","10789","7819","10897","10315","6969","9504","10081","6606","11288","6807","11439","8273","9629","10907","8776","11014","9146","8659","7478","9031","12568","9519","10171","9235","7517","12349","3638","4446","10709","7388","8309","10955","9002","2956","11470","6862","4988","11006","7380","7784","8771","11831","305","10373","8367","22091","11549","18031"
"3.49_920.75","7669","8239","5912","13403","11664","3354","2492","5466","3984","3821","2106","11352","7447","6306","4170","4261","2668","4847","2632","3623","2433","2537","7632","3444","2802","7830","12996","2013","8626","3821","10893","11378","4272","4506","1821","5784","3092","3609","5456","16025","8994","1876","5348","548","1557","8148","5868","2371","5200"
"2.35_798.54","7429","7381","6977","7156","7092","6283","5407","6393","6120","4704","5429","7344","6873","9332","6837","6627","6985","6501","5558","6528","6549","7012","7050","7782","5813","4980","7103","3396","6868","7665","7133","7623","6330","5320","4076","7019","6930","3249","7671","6837","6561","5639","7362","1001","5428","7720","9299","5426","8225"
"3.22_1000.85","6495","6491","4003","6142","7749","2404","4729","8763","6002","8513","6503","6666","5223","4347","8154","5764","7035","9768","6136","5350","4430","5929","14240","10547","6227","20507","11032","3557","11592","7351","5642","8617","5845","5613","4159","8187","12186","3552","13373","11093","13509","8307","4980","621","2596","25414","12869","4628","8535"
"3.06_674.65","3607","3751","3044","3780","4006","2216","2959","4089","2572","4735","4659","2503","2341","2762","3450","2754","4064","3717","5602","3660","3660","2707","3063","3170","3875","3417","4722","1282","2140","4510","3989","4001","3741","2859","1051","3407","4225","2165","3011","3019","1579","3072","3147","123","5567","2934","7943","4888","4120"
"2.35_383.33","7553","8801","10713","11641","17574","10771","9989","6721","7865","14609","11636","16879","10530","8409","18107","11092","13220","15170","23605","11625","11379","14592","15282","14129","17641","11420","13252","7654","10326","11613","10776","13438","9292","11104","8635","12994","11954","11798","10293","13161","16284","14070","14102","555","9514","16763","14380","10936","23013"
"2.33_737.58","16304","17053","17381","17512","17477","14832","17646","18122","12138","15100","15030","18728","11154","20657","18771","18946","17574","20754","14179","17870","16885","21881","20758","18555","19917","16611","25599","4614","15129","19244","14100","16131","17190","12519","6882","19091","17336","8976","19656","18833","13198","12673","18424","726","17756","21192","37646","18143","21699"
"0.20_179.06","3208","4069","10078","7226","1947","7826","11937","1718","736","1274","784","2335","2782","11798","1835","2187","3540","1056","1003","2068","1367","5117","6660","910","602","1353","6065","1537","1068","3980","3178","4949","4135","1355","1114","4533","1441","692","2435","6379","2378","5391","2998","207","3460","3507","5523","7110","6250"
"0.77_270.32","2983","9087","4663","44898","2449","17736","7214","4059","19338","2508","2421","59863","4750","62106","10608","5261","6465","8166","5394","6224","1796","5597","2675","17435","14591","6965","2203","20814","9383","11257","7208","14665","7030","11706","1964","4028","13050","8868","4039","3254","2095","4328","7095","2403","6898","1674","3724","2816","6186"
"3.13_768.69","1217","4579","3135","4059","778","3137","1412","14258","6559","1762","5077","19523","3248","17625","11006","5256","5026","7312","9803","6962","2568","9378","2460","6970","6795","5416","10369","1378","14039","6770","2808","6501","9637","7447","2520","8492","4476","1338","5531","21728","21871","5185","13256","457","1374","8431","22114","4345","28218"
"4.24_579.53","9168","5866","7598","6995","9238","2989","8662","44805","19493","22391","5146","33421","12934","27764","16983","7852","11365","8113","4763","10960","11600","11479","12900","14075","5653","6352","25419","4109","19894","12548","13168","14561","12433","9122","3903","9970","4595","4740","11276","16378","20549","12838","15880","1199","1647","10120","19466","10208","37046"
"0.19_172.99","2480","7067","13003","7361","5909","9329","1064","1988","1276","8539","2643","917","1548","9787","1298","3254","936","3331","1258","1445","1696","1267","1195","1162","679","1078","2059","975","1164","1655","1612","1217","1552","2532","1090","1212","1715","1235","2233","1659","1601","1635","772","1027","6388","2667","4653","18850","1821"
"3.54_890.78","19935","20205","17310","26431","37598","11785","18854","23430","28552","35784","23830","67300","20755","19353","53218","27233","49720","44832","32115","26151","21114","23776","86604","51193","30552","58394","52681","11959","46969","34033","22504","44736","19136","31115","15147","24539","39323","18981","33990","71433","59103","39371","48659","1670","6504","70558","46936","15288","63805"
"1.76_656.56","4714","5042","9998","11843","12454","9174","4654","3438","3776","5591","3591","9703","3518","9392","14192","7997","6891","12864","10435","9136","6723","12316","11697","9665","10469","8340","9364","3769","7116","6766","9210","7214","4296","10092","4639","9188","4477","6699","6175","9441","10469","7013","13016","615","4322","20031","8851","7581","13943"
"3.31_279.23","2941","5268","3662","4040","4721","3298","2774","3610","3913","4429","4438","8316","3293","3690","8063","4070","6216","5573","9278","5706","4644","6049","5954","7294","6797","3877","5012","2159","3895","3803","2881","5599","3780","3869","3290","5316","5527","2163","5275","6342","8551","4514","6913","120","3317","7831","10993","2818","16759"
"3.07_709.72","3982","3214","2962","3906","3924","3092","3942","3438","4170","4415","5016","3780","2677","3854","3250","3722","4356","3055","4965","4473","3707","3897","3667","3461","3465","3281","3570","2167","3283","3997","3093","3554","3253","3197","1438","3917","4551","2474","3838","3302","2682","5131","3610","173","5288","4178","5125","5494","4223"
"2.19_717.64","2325","3121","1732","2819","3007","2606","4363","3298","2908","3425","2102","3411","2380","3369","3304","2862","3827","3007","2693","2133","2425","3688","2893","3372","2878","2205","4185","1533","1588","4073","1807","2234","3502","2622","1300","3973","3383","2000","3021","2436","2498","2557","3155","193","2747","2854","7729","4797","5588"
"1.50_749.55","9214","8805","16829","10453","12241","14494","9104","10283","10351","9892","8023","11085","7821","15777","10199","11349","13512","11599","8863","11076","11616","16718","12087","11497","7208","7879","11028","7558","11700","14580","7736","10297","8781","11109","7218","11969","9453","11406","10783","11006","11103","15841","12229","477","11598","12260","23324","12223","15541"
"1.61_656.51","17774","13830","44927","57021","49403","19773","5280","6178","8947","7554","4877","17611","9378","57877","9759","7364","8093","14121","6142","6304","6633","7157","21133","10910","9368","12928","16286","3794","16200","11333","37560","22787","7601","9327","5616","7412","6656","6805","9744","17294","9518","6522","9185","811","4643","14792","9472","5112","10127"
"3.28_958.84","5693","5702","5443","11456","11719","4118","5186","7272","6781","7048","4867","9909","7013","5974","8258","7176","5438","7144","5402","5144","4439","5540","16112","7390","5676","16726","12519","3799","7727","8148","8067","11728","5700","5293","3838","7249","5608","6599","9950","10832","9069","4218","5046","346","1931","7778","4756","5246","7232"
"1.76_429.37","5935","6150","5819","7108","5043","5878","5755","5407","3848","9373","4672","4184","3615","5084","5714","3654","7783","5330","5921","4288","5094","5539","6136","5453","3265","3945","6723","2428","6359","4702","5035","4048","5433","3665","2031","4869","6574","2267","4724","3945","3428","4717","4394","142","4310","6584","12835","3736","10485"
"3.60_728.69","2888","3089","3019","2663","4447","2537","3226","2488","3033","3956","3059","4440","2148","2412","4344","3234","4284","4542","5423","3742","3472","5267","3459","4536","4579","3652","3939","2495","4209","3460","2539","3546","2369","3247","2220","3604","3575","2308","3479","4462","4588","3389","3608","378","1877","3908","7402","3181","10615"
"1.33_706.50","5774","6247","9817","13360","10303","6690","7063","8013","5421","6492","3891","7515","5724","15271","8770","7008","8456","8499","5946","7830","8102","10365","10059","10669","2845","5827","10309","5023","9311","8826","5656","8429","7958","7237","3656","7098","5288","4320","6803","9149","6983","6683","8499","315","7147","9365","15648","9895","14457"
"3.77_950.80","8546","17560","5993","12370","12439","2928","2904","10258","5605","10477","2295","14363","13903","10081","10605","7169","4469","7247","4438","4680","3311","4487","12707","7939","4412","12684","17522","3513","9285","8435","9444","11346","4350","6144","4424","9575","11568","3751","7132","17280","17428","7077","6549","799","2906","66487","13084","4071","9132"
"3.42_846.73","3956","2409","4434","4451","8334","2868","4496","7548","4510","9232","4203","12142","4439","4004","5895","4142","4769","5845","4083","4709","5236","3838","12080","6577","2920","7102","9116","2493","8364","4472","5329","9367","5144","3853","1595","4487","4163","3312","5804","11184","7575","3204","7891","227","1208","3590","6131","3249","9450"
"2.35_761.54","24290","37931","25483","26864","24410","18339","15714","29781","24485","19915","18822","37367","22968","43023","33271","29125","27175","29190","17747","29341","20611","38925","30700","42805","21487","21215","33972","2790","29980","34342","26958","37655","35849","19639","7472","34280","25341","117","37645","25649","25464","21892","36736","1195","16463","38749","53794","28752","50369"
"3.41_973.77","14072","10398","28796","19323","37952","10639","12809","24267","30203","19256","17677","57875","29994","14484","30824","19568","25481","23245","13149","17288","14602","21119","35372","27878","18876","27583","36837","12971","41816","27964","20246","34849","19078","33902","13749","13944","19164","13405","22825","48975","36878","30948","37502","1197","4131","39425","30070","9668","56094"
"2.84_895.63","4920","3194","4054","3853","2851","3009","3763","3330","4688","4121","5475","3259","4588","4065","4503","3591","5013","3301","3926","3832","3335","2992","3900","4197","5441","2612","5208","1827","3871","3979","3992","5090","4586","4033","4033","3594","4249","1505","4551","4433","3849","4123","4547","210","4794","3802","2892","4325","4039"
"2.03_545.30","2627","3064","3002","3444","2926","3246","3778","2967","2769","3024","4132","3038","3090","3324","3242","3514","4109","3128","3220","2929","3561","3400","3593","3551","3862","3083","3709","1701","2829","2998","2723","2614","2788","2729","1682","3593","3813","2263","3154","2803","2609","3660","2932","162","2848","3634","8249","4275","5131"
"1.32_355.32","8166","8338","12162","10912","7154","9227","5819","7106","6606","8112","8043","9600","8584","21390","10530","11586","7276","9923","7933","10463","9399","10360","8848","12103","3788","6958","12775","7606","8260","10539","12637","10993","10851","9153","10055","11530","8548","4951","13419","9618","6974","9081","9673","841","9162","8800","32844","7201","17562"
"2.28_714.60","7214","9073","10677","8087","12841","9645","8500","3998","4949","14006","7958","12763","10502","9452","17682","13411","7620","9600","20257","8183","12389","9733","9385","11638","13779","6109","8349","6163","4970","8758","6973","10235","6587","6873","12094","10688","13533","7817","8605","5810","9312","9412","9801","559","9504","7929","11548","8636","14641"
"2.34_762.54","754","4569","494","3464","1800","493","1438","6680","1693","1198","1303","7687","574","9302","7089","6228","2578","2849","550","4525","5891","9220","2593","12530","501","255","10964","593","8364","8053","4910","8858","5810","668","617","619","823","0","9366","2977","125","1282","9176","724","530","4561","24888","2081","9088"
"2.25_847.65","3689","3795","4869","4388","3265","6116","3670","3871","3437","5212","3709","3804","3509","4775","4587","3366","3447","3594","3653","4260","3690","3890","3174","3593","2708","3297","2839","3284","3411","3513","3203","3028","3122","3257","3061","4183","3679","4672","3932","3125","3776","3662","3281","181","4754","3696","4421","4230","5832"
"0.53_440.36","2116","3139","3517","2186","2774","2708","1802","2518","3291","2507","2401","2324","5565","3659","1929","1028","1805","4745","1484","2152","1620","2574","2192","3307","7604","2080","2502","3588","2589","2788","4419","2483","2093","2796","2175","1495","2541","2039","1748","2121","1248","3209","3375","2239","1659","4983","2134","2083","3072"
"0.51_398.33","3741","2863","4065","4559","4367","3258","2959","3349","3138","3523","2598","3463","1925","6290","2701","4215","4732","3676","2740","2708","2819","4054","2392","3132","3128","2449","4408","1163","2244","4409","3208","2947","2364","1882","1940","3103","5305","1765","2003","5111","2442","3366","4511","409","4687","2972","17755","4807","4348"
"2.32_1534.23","3801","4263","3136","3089","4229","3006","4380","4286","3716","4202","4077","3742","3953","4413","3811","4150","4726","4131","3861","4183","3907","3637","3940","3525","3889","2804","4907","1488","2768","4141","3473","3430","3531","3357","1429","4312","2986","3074","3416","3403","2740","3313","4600","385","3941","3529","4864","5059","4834"
"2.36_696.59","2196","2539","3129","3257","3677","2921","3513","1878","2444","4149","4011","3741","3655","2785","3208","2844","3645","4688","6873","3035","2944","2955","3835","3285","6403","3018","2532","2479","2954","3138","3529","3215","1981","2386","2558","3701","4109","3188","2830","3056","4486","4127","3717","288","3251","3655","2851","2559","3946"
"3.46_898.75","4005","4432","3054","5696","7379","2281","3355","5674","4348","6215","3900","7619","5444","4120","7451","4792","4480","5965","4512","4091","4352","4945","9230","6956","5104","11622","9583","2220","6537","5717","5219","8740","4776","4425","2887","6074","9926","3922","8447","8461","8453","5533","4711","592","1670","17998","11731","3959","8308"
"2.79_816.75","2371","2833","3071","3504","3700","3466","3660","3368","2611","3750","2107","2797","2782","3700","3522","3903","3705","3773","3236","3386","4927","3731","3636","3577","4450","3668","4203","1338","2480","3518","2704","3329","4344","2626","1917","2624","3876","1927","4016","3480","2788","4025","3235","0","2761","4050","9604","3889","3463"
"2.67_822.70","7904","9857","7645","7801","11131","6697","5740","7868","6664","5614","7242","15484","7733","7208","12780","8387","7821","6782","9682","8931","7988","12278","7185","9225","8843","6412","8614","4600","7162","7763","9545","9860","8145","5769","4744","9293","6441","5732","5654","9927","13149","6403","12252","485","5893","9305","18405","9082","20953"
"1.52_804.57","3715","5573","5920","7142","9398","5642","4254","5157","4072","6340","3292","7431","3893","9713","8181","7004","6492","8450","6831","7560","6416","6118","8059","10774","4851","5501","11689","4097","9607","11724","5132","8796","6871","4426","2393","8134","4303","3844","6215","10478","7368","8996","7387","163","3913","13217","19122","9933","13415"
"3.44_914.78","4932","4820","4009","7117","8212","2386","3956","7627","4225","7503","4030","9753","6046","5258","8860","4447","4329","7119","5050","4483","3362","5032","11786","7934","5316","19761","11162","3741","7544","5609","5080","9685","4484","4642","3840","7672","10970","4164","10644","10703","12614","6089","4448","701","2808","22211","15512","3563","10717"
"3.52_919.81","4512","4702","4065","5267","7401","3096","4434","5465","5047","7152","4339","11287","4786","4312","9950","6112","7447","6776","6197","5834","4172","5777","10998","8824","6915","7790","8180","3343","6811","7283","5331","7994","3848","4548","3529","5281","9115","4232","6595","10573","8579","6594","6947","354","1715","16897","8444","4086","10103"
"0.42_509.33","2768","2319","4434","3906","3257","3771","2537","2957","2182","2217","1308","3156","1054","5416","2040","3313","2457","3426","1771","2282","2761","4162","2151","3446","1811","2235","4404","1237","3048","4178","2900","2213","2228","1717","809","5346","1884","1853","2672","2702","4027","3800","1755","83","3056","4653","11818","3025","6260"
"2.78_800.66","7257","5475","4406","7398","6110","1865","6712","9185","3422","4162","2981","6851","4966","7657","2829","7030","4231","5526","2818","4926","4491","9522","5345","6930","6472","6216","10126","936","982","6658","6627","8971","7034","4107","1952","5978","6336","734","5963","6037","1627","2449","4652","317","3689","2625","16982","3811","11525"
"3.83_547.47","2588","2800","2549","4741","3898","2279","2209","7634","2524","3673","2675","9012","3244","5014","2598","2719","1647","2138","1847","2174","3010","3907","4730","3504","1809","2837","6439","2832","5936","2522","3987","6293","4243","3211","1662","3198","4250","1971","4561","5232","4754","1584","4039","277","454","3103","9246","2453","7276"
"3.13_774.68","3592","5414","3146","3346","4107","2830","2119","4064","3797","1702","2208","4831","6155","4924","4703","4479","1157","2492","2134","3058","2581","5572","2048","2804","2541","2007","3781","2251","2695","3921","4954","4018","4614","3903","2154","4846","1478","3777","2282","2412","3120","2351","4265","205","1566","2918","5756","3841","6582"
"2.48_796.68","9586","11411","10730","13559","13506","11894","7929","10486","9160","11178","8990","15708","9170","11081","13484","9785","11861","13236","14411","10646","10030","14737","12409","11756","10227","8882","13267","4611","10636","8952","14929","16224","12240","9561","6441","12759","9890","8650","10380","18874","14043","11833","14275","674","9871","14416","21268","12386","24874"
"2.15_829.68","4964","4991","4998","5468","6544","4618","5908","6409","5026","6339","3702","6612","3728","5215","7014","9378","9875","10281","7563","7670","7187","7995","7946","8796","5374","8994","10879","1955","8429","9586","5061","5656","4166","4201","3525","10710","6984","4413","7805","7717","6854","7431","6057","212","5857","10459","18101","8150","7357"
"2.82_1331.20","3883","4638","4060","5184","5337","4083","1234","2279","1682","1842","2264","4988","4245","4420","3288","2939","2191","2860","3371","2690","2702","3559","3461","3104","2680","3277","3900","1254","2537","4574","4713","4979","4017","2534","2685","3402","2648","2067","2632","4152","2410","3031","4564","0","5104","3798","4180","4400","5375"
"1.39_371.10","9506","1983","2618","2176","3835","1872","1721","3617","4616","3481","59078","2106","3062","2974","1611","4307","2257","1581","3314","2530","2276","8101","1828","1722","3992","3382","2493","2298","9286","1812","2685","2994","1930","3088","3490","11950","1688","8459","2720","3500","4254","2579","3059","1401","2487","2524","6929","36238","2741"
"3.01_878.74","3865","3178","4853","7594","7677","4215","4342","6895","4834","9299","6256","11504","3131","4848","7325","5670","7241","6764","5984","5362","6526","5499","15609","9189","6020","8293","10699","3285","10028","5734","5915","10501","5185","4753","2929","5577","7118","3873","10764","11675","9617","4730","7733","448","2484","7367","12007","4835","11808"
"2.52_550.68","2051","2349","1126","575","2777","1604","5676","1929","1478","8438","924","698","1669","47399","1124","7206","5561","2691","8416","1756","1029","1589","1305","2182","4142","2193","1254","1969","4628","3675","2065","1771","2983","1778","5176","1173","1523","1592","1944","1294","1399","1374","769","1392","1239","1060","1478","1525","1751"
"3.98_876.85","3079","7556","4002","12836","13173","2181","2900","9019","6342","3859","2828","20150","12833","8591","6257","4137","3166","6194","2727","2866","2289","3739","13799","5056","3079","10593","15969","1909","12892","5367","9861","17160","6754","6332","2510","6253","3793","3470","4882","21588","16742","2964","6553","283","1752","9952","10784","1514","12717"
"3.01_879.75","2958","2204","4013","3975","4673","2540","2844","5222","2884","5895","4029","6876","2466","4022","4314","3107","4014","4714","3909","4168","4295","4598","8515","5794","3392","4746","7108","1818","6056","4730","3592","6217","4581","3031","1645","3551","4271","3203","6766","6448","5603","3749","4906","337","1225","5164","7077","4096","7205"
"1.33_594.41","2580","2876","2602","3259","3015","2532","3033","3555","2534","2018","1734","3617","2515","3631","4015","3151","1686","2269","2196","3060","3125","4730","3325","2819","2092","1829","4292","2396","4637","4296","2631","2400","2805","2287","1647","3550","2814","1798","1990","2255","2579","3117","4022","282","1681","2752","12945","4583","7690"
"3.04_955.60","4106","4165","3699","2796","3636","3418","3620","3630","4343","3082","3663","3011","3628","3263","3644","3325","3841","3854","3621","4071","3507","3295","4027","3819","4178","3300","2473","2511","3425","2828","3578","3274","4138","3686","3186","2985","3579","4837","3122","3178","2839","4533","3256","674","4428","3216","1692","3954","2872"
"2.28_883.65","6135","4676","10956","7030","6524","7596","5739","4597","5253","4693","5478","6011","4699","8137","5456","6378","6032","6089","7005","6220","6652","5668","7105","5035","7121","5728","5967","3953","5446","6572","4824","6144","4079","4974","4631","5695","9068","4822","6450","5776","4219","5816","5636","171","7677","6072","6803","4729","4449"
"1.06_374.36","16415","2259","5384","23887","3101","7474","2791","9744","10239","5129","2622","5601","6426","4846","5061","2273","5256","19559","6511","10965","23628","68273","14983","5984","4277","29216","30990","98557","10516","3145","4469","6206","4556","25663","5918","1877","1640","2440","1485","5843","2662","3825","16672","10770","2409","2614","76152","14806","4898"
"3.46_741.61","3344","4634","3061","3764","3412","3636","1177","2570","2445","2283","1867","3002","3300","4213","2663","2962","1350","2954","2635","2295","2945","2485","2454","2919","2803","2305","2950","2456","2497","2877","3934","3368","2313","3060","2434","3747","1892","3226","1529","3020","3210","2440","3647","135","3002","3170","2767","3057","3060"
"3.54_899.77","4033","6599","3016","5165","8188","1749","4288","8010","4962","7525","4494","10277","5503","6298","9559","5319","5939","8949","4675","6168","5055","6251","15039","9794","6112","11713","10912","2467","8525","6460","4459","8344","4759","4998","3497","7330","10103","4764","9086","13120","12401","6179","6864","529","1912","30658","11946","4022","11036"
"0.46_570.34","3259","4055","7169","3844","4906","4507","4046","3260","3518","1998","3476","4414","2194","5452","3582","3264","3797","3932","3844","5424","4627","5958","5405","4336","3887","3376","3604","3545","3928","3685","2804","3371","2563","3233","5687","3355","3747","3007","5008","3947","3178","5786","3077","290","10229","6993","9378","6750","8562"
"1.81_814.69","4474","4612","4300","4335","7676","3827","7077","5751","2396","9418","6774","6071","3147","5335","12430","8204","8333","12386","14175","10271","10482","11090","7517","11478","11395","6595","7591","2810","7415","9898","4659","5619","5259","5501","3770","9041","9124","5390","6381","6353","9401","9068","7360","190","4806","10507","12044","6048","16427"
"0.49_523.35","2003","1867","8713","2820","4348","6703","2571","1893","2313","1870","1938","4923","2415","4132","3665","2020","3259","2839","2430","3259","2706","3290","2994","4378","3241","2392","4564","2207","3495","2672","2468","2536","2549","2815","3091","2767","2087","2354","3365","3089","2580","2644","4178","120","3534","2592","4598","4134","3366"
"2.19_662.61","2895","2332","4518","3235","3123","2735","2918","2621","1976","3244","2450","3299","1053","1968","2583","4025","3942","4458","3548","3423","3259","2845","3189","4963","4204","4572","5120","1195","3855","5900","3198","2808","2729","2343","2127","3958","5730","3491","2588","3168","2469","4832","3023","256","4519","4465","10929","5762","1532"
"2.08_837.60","5025","3928","6603","6215","4347","5833","5358","3909","4903","3385","4315","5587","4178","5880","4594","4303","4650","4756","4612","4812","5524","5632","4513","4265","4590","3913","4975","2494","4855","5463","4437","4770","4179","5770","3342","3900","5465","3614","6114","3746","3911","6196","5386","137","5176","4735","7215","4915","6075"
"3.45_845.72","5392","3837","7088","8176","11638","4014","6171","10532","6915","14230","6166","18822","7389","6439","8913","6704","7454","7930","6532","7042","7581","6261","16958","9471","5013","8993","13264","3633","11138","7460","9096","13213","7852","6711","1621","7965","4412","5338","9795","15334","11167","4721","12344","174","1105","6845","8689","3807","13712"
"3.04_853.66","3572","4140","2400","4047","2846","2285","2911","3328","4469","3447","3206","2473","2156","4200","4049","3228","3723","3215","4426","3128","3288","3056","3855","3583","3080","3657","3244","1113","2953","3123","3358","3231","3475","2617","1187","3365","3705","2102","3171","3459","2764","3859","4091","372","2990","3418","6007","4351","3368"
"2.65_766.67","10142","11311","11474","13018","18420","10832","10243","10007","8857","15009","10868","17612","11508","10853","18836","15017","13528","14147","20405","11932","13452","15813","14927","15832","23540","12709","13495","6570","11115","10989","12746","16513","9788","9899","8712","14498","13711","9020","10851","13913","14182","14324","15566","555","10268","15358","16281","12014","26723"
"1.50_627.40","5039","7029","5715","5805","3231","4864","5061","4455","3762","5375","4851","6234","3235","8000","6095","6439","4636","5232","4315","3445","3007","6314","5332","3529","1959","4210","8110","5767","4775","3539","3737","3965","3639","5962","3688","3678","3117","1794","4496","3896","4155","4167","5386","247","4232","4849","15444","5209","8074"
"2.16_838.51","10391","10849","12424","9859","10428","11635","11355","11170","12191","7848","10770","9669","11984","9031","9818","12216","10742","10763","9999","12298","10810","10076","11425","10760","13195","11612","9536","13506","12752","10562","13264","10340","11482","12355","10798","9926","11388","13418","9874","12176","11548","11848","11536","1238","10036","10616","5096","9944","6950"
"3.41_998.79","3931","5592","2744","3986","6991","1704","2205","6568","3999","7022","2597","7358","6149","3370","7742","3311","2366","6040","2501","3321","2432","3014","7846","6513","4043","9372","10016","2239","8702","5396","3709","6598","3814","4131","3765","6110","12346","3272","6646","7557","10270","5039","5400","249","1302","27183","5869","3223","6371"
"2.17_766.54","8404","7443","4335","5884","4594","5943","6600","4053","5057","5216","7025","3150","7205","7033","4468","4116","5547","4066","5034","4088","5562","5801","3541","3592","8753","3277","5904","4957","1813","5651","3891","5173","6176","7844","1735","5670","9429","3366","6123","4777","2013","4676","8068","734","5992","3413","10175","4227","5937"
"3.76_1010.89","17870","17560","12787","15649","24997","6268","5860","10511","16528","10796","6531","23621","18637","17165","14926","11041","10012","14191","8892","10017","8447","6480","19038","14999","10958","15655","23666","7088","18293","17073","18422","24596","9621","9762","7171","14360","12147","9666","11087","26665","20225","16162","14389","691","4013","33484","12167","6506","10756"
"1.28_688.45","2566","3465","2854","4301","3996","2559","2152","6725","2347","1911","1862","6192","2763","4729","4115","3090","2167","3165","1881","2795","2081","3761","3176","2467","2492","2429","3849","2600","5485","3315","3176","3482","3664","3623","1855","2248","1826","1848","2022","4079","3322","3115","3626","305","1537","2872","19273","2816","6955"
"2.53_696.61","8695","4151","11680","7785","7165","8818","6847","4293","4828","7055","9813","5895","4215","6919","3833","5222","8202","6844","10764","6404","7218","5208","5352","4660","9162","6011","7189","5097","5085","8977","6604","4617","4131","4990","3242","3972","10188","6739","6436","4339","2239","9094","5367","422","12893","6318","7347","7686","4779"
"2.52_550.63","39456","36346","23407","10398","65039","33372","41520","65634","36953","49275","21002","16913","49384","946240","51090","89435","45830","81361","116397","41045","25605","45496","20679","60841","102674","51508","31448","67789","119058","97886","37171","52465","62290","83018","56455","24880","32511","43287","41733","35146","39635","27714","11192","27515","27148","26498","27730","34963","77122"
"4.24_878.88","6946","4461","4217","5577","6648","1653","5824","26754","14012","14092","3056","24276","8608","15002","13583","5952","9830","5016","3171","7127","7269","7624","11270","9908","3952","5306","19702","2232","14225","9071","9164","10804","6371","7074","1722","7234","2659","3312","7161","14363","17565","11396","12658","898","1339","7967","13740","6767","22246"
"3.37_978.86","3203","2388","2769","4588","4036","2420","3959","8857","5910","5962","4004","12160","2819","4158","6875","4710","4876","3898","3440","3977","4190","3558","8425","5081","3563","6832","8473","1966","14460","3892","3650","4807","7804","3510","1461","4003","3088","2657","5519","16156","13224","3888","7079","157","1330","5092","9240","3298","11481"
"1.97_801.58","4174","3869","3333","4890","4483","2728","3210","4134","3368","3830","3073","4152","3403","5220","4751","3628","3928","3905","3978","4212","4357","4406","5782","5104","4164","3669","5368","1813","4248","4707","4691","4531","3326","3052","1876","5624","5131","2293","6123","4026","4631","3930","3751","224","3246","5352","12255","4623","7673"
"1.52_850.61","718","302","1279","1784","1702","1251","4009","6310","2825","6411","2373","2461","1435","1723","2946","2830","6007","4617","4809","3538","4574","3854","4863","6337","7287","4486","4487","1715","5673","5410","1063","2036","3057","2641","822","4281","3419","2559","3322","2168","3989","3128","2544","113","655","3759","7125","2668","7992"
"1.53_786.53","1816","1595","3032","3671","3601","2004","2066","4996","2823","2512","1201","4703","2329","4015","3980","4021","2744","5158","2204","4184","2714","4116","4183","4828","1804","3086","7331","1821","6582","6740","2017","4877","4105","2688","653","3452","1560","1565","2706","8404","3183","3459","4806","275","1592","5584","10337","2438","6215"
"1.33_792.57","3422","4957","6729","6228","7055","5780","6055","9025","4917","8881","4914","8652","2743","11360","9579","7229","6771","8149","5556","10151","8809","10587","9362","16268","5778","6028","11484","3045","10374","10267","5850","8561","6431","5161","3812","10594","6492","3952","10009","6321","7153","1639","8219","462","1630","9589","20380","5042","23279"
"2.82_796.68","6786","6823","7545","9809","10987","7536","7686","6813","9108","9084","8026","12149","7717","7168","13343","11131","11145","11823","12809","9621","8538","10098","10376","11813","12386","9022","10552","5436","9638","9543","9558","12018","9999","8962","6849","11837","8513","7496","8358","10973","11602","9259","11235","366","7690","11843","13262","8173","17642"
"0.73_708.45","3034","2841","6794","4921","4869","3849","2271","3748","3370","2314","2512","5853","2201","8215","4306","4370","3537","4800","2096","4211","3836","5968","4329","4836","2064","2845","7864","2046","8727","5875","5623","4817","4257","3741","1723","5920","2296","2373","4088","7476","6507","4650","5837","102","2346","5412","12831","3510","10197"
"1.98_785.58","5521","7595","5596","9835","6304","5624","6476","5187","4824","7195","4634","4895","7651","7223","5701","5270","4826","5827","4943","5061","5364","8946","6800","5980","6986","5315","7322","3016","3432","5489","4417","6908","6282","6711","2280","8884","4760","2612","9714","5859","3707","3883","6566","468","13593","8248","22289","10808","13269"
"3.40_893.72","6866","7241","5891","11003","15306","4173","6556","7368","7520","8956","7392","14337","8837","7718","10892","8739","10069","13487","9171","6427","6588","6026","21182","12342","9648","15566","14997","4119","12861","9067","10551","17500","8508","8061","3615","9302","9859","6446","12425","20039","15431","8723","10046","438","2282","14246","10878","4445","12379"
"1.39_730.51","5800","6480","10493","16949","12866","4621","3712","8280","4306","6095","3482","8606","5207","14953","8469","4822","5877","6782","3856","4450","4434","7080","8627","8455","4848","7446","9669","2045","8794","6722","8962","7720","6314","5169","3566","5714","6330","3484","7767","9681","8421","5302","7192","593","2685","15681","16856","5358","13320"
"3.21_930.81","5961","7143","6868","11032","12635","6390","7051","9310","6330","13018","9096","17069","7839","8662","9596","8348","7769","9640","7205","7152","7839","8038","16963","11940","7876","15564","15943","4756","13835","8298","10908","16351","8617","7152","3941","8390","10937","7027","14024","15630","12208","6028","9198","342","2955","14748","13175","5588","10538"
"2.52_862.67","1931","1756","1722","2274","1754","1710","4534","4836","6287","4508","3567","4653","4462","1836","4640","6096","5235","7480","6429","5760","5690","8433","4294","5850","14589","4032","6955","4641","6853","6278","1969","3705","4455","5784","1489","5017","4490","4606","4163","4521","7824","5263","3466","341","2021","6139","11234","2474","11963"
"0.71_346.33","17489","6724","5996","48072","3762","10572","3616","19796","16474","6082","3691","9233","7802","6690","17257","3568","7815","11101","6762","16429","37850","37187","14167","8403","8751","33574","23556","117556","7931","3986","6327","15478","5206","34093","7711","2909","1667","4304","4630","15154","6149","4829","52744","16690","3616","4242","83446","9932","5675"
"2.19_1022.53","3772","2791","3272","3163","2996","3702","3705","2970","3412","2574","3035","3276","3459","2711","3344","4255","3611","3333","3720","3087","3460","3084","4070","3326","3519","2938","2348","4144","3870","2288","3417","2788","3437","3480","4719","2681","3197","3455","2665","3287","3741","3894","2954","66","3547","3127","1446","3013","1815"
"3.08_870.68","4618","5418","3300","3234","4298","2626","2512","5315","3445","1647","1845","6422","7076","2386","5641","2996","1989","2527","2172","3287","3832","3908","2492","2402","3271","2522","5513","1886","6732","3756","3040","4026","5116","4386","2428","5308","1625","4423","2113","3692","3979","1881","5238","132","2463","3583","4989","3634","7167"
"1.72_752.64","4919","4298","3215","5370","6189","2279","3350","5521","3017","5887","3006","7621","3350","4396","8103","4284","4719","5694","4038","4924","3926","3333","10494","7543","4598","8708","8760","1577","8602","5576","4939","7602","5528","3226","2607","7294","7964","2275","8395","10284","8508","4570","4094","180","1687","9852","7543","3416","5841"
"0.87_398.36","4466","1524","2964","729","1572","726","1249","3517","1171","7734","875","221","1141","5431","1166","7174","3191","1032","835","1518","935","2012","1835","1568","2101","4022","1018","1100","2207","4288","2866","1117","8006","4118","1706","1143","1939","1737","1368","1064","4838","668","2704","1838","1966","1339","16198","1887","363"
"2.07_704.53","14692","19724","15728","16824","21236","12641","16656","18322","6611","17295","11570","17108","5159","25972","21371","17797","20305","18067","17896","12182","18259","23318","18459","18983","20239","13545","23350","910","5007","22949","12383","16870","19558","4437","1013","22381","20660","1458","20957","16176","14076","21557","20965","1185","19498","18615","41826","26663","24497"
"2.12_717.54","6100","3919","4733","6692","6516","5475","5398","3565","4627","9837","6191","7552","3050","4145","9101","6820","7836","8350","12375","6469","6609","5234","9368","7372","7985","6058","5833","3183","5291","7177","4370","6429","3981","4916","4557","6195","7140","4082","6335","6239","7040","6760","7886","273","6088","9151","5940","6325","9566"
"2.82_867.61","5064","5279","4697","5867","5083","5974","5263","5234","6061","5560","6230","4944","5100","5928","4698","5592","5592","5272","4696","5530","6691","4510","5260","5347","4263","5070","5343","3511","4956","5044","5593","5677","4987","5206","4280","5219","5034","5115","4733","5231","5943","6017","5745","548","5948","5092","3913","6235","4675"
"2.35_762.48","2612","3325","3304","3629","3552","3027","1944","4894","1795","3907","3002","4456","2875","5661","3280","3888","2602","5250","2936","3433","4981","2796","2949","4652","2937","2516","4232","791","3468","3474","2879","3516","2977","1751","2450","3877","2897","1335","3438","4401","4302","2800","8499","239","2482","3060","19558","3052","9767"
"0.31_240.23","38606","21512","10138","34030","17932","15518","20959","9860","60789","9443","6159","20057","10335","30349","16499","9900","7960","39656","11774","7149","4634","17919","15660","175507","31340","22129","8827","218995","44896","19089","12700","9194","15352","18847","13579","10790","8226","40467","3927","12240","6067","8653","13016","7816","15671","4943","13299","9154","11248"
"3.05_786.59","2917","4410","2504","2451","3065","2459","1524","3974","2092","1372","1611","5658","4057","2145","3852","3379","1291","1493","1375","2484","1878","3071","2257","2232","1445","1948","4303","1794","4954","3756","2941","2833","4239","3172","1611","3676","1407","2850","1977","3145","4389","1605","5280","245","1980","2854","5889","3691","7437"
"0.46_372.31","4214","4187","5705","5851","4959","5463","6796","6456","6117","7201","4138","5430","2592","11426","3584","6035","3862","3535","3542","6466","8455","7270","4343","5295","2976","3418","5101","3257","4253","7114","4080","3920","6301","2592","2519","5883","7062","3255","3755","6597","3294","6458","5835","996","5012","3113","19972","10612","9304"
"1.98_860.61","5447","5562","8150","9020","8234","4806","4660","5372","4706","4016","3853","7904","7203","6277","5187","4357","5786","5184","2830","4322","4982","5193","6033","5906","5185","6254","7431","2729","5261","5379","5716","5903","4714","2712","4153","3759","6907","2663","4949","7792","4834","4119","6875","325","5513","6853","11270","4094","9124"
"3.18_161.13","2242","3089","2799","4239","5700","2560","2291","2871","2145","3203","2376","6411","4584","3484","4818","3251","2660","3435","4621","3475","2828","5821","3915","4775","4584","2574","5555","1961","3790","3193","3925","4862","3604","3799","2100","5055","2578","2956","2718","5708","5152","3042","5061","311","2047","4433","8501","3753","11099"
"3.23_946.84","4670","4360","5303","6302","7984","4672","4544","5145","5106","7232","6123","9106","5105","6912","5740","6227","5038","7139","5252","4787","5258","5114","12983","7819","4979","9565","9823","4278","9583","4678","6478","7408","5091","4668","4338","6865","6850","3850","10115","7871","5674","3960","5521","331","1733","6805","6933","3758","6185"
"3.17_846.74","3065","2005","6275","3711","4766","5032","2817","4667","4401","3064","2693","5937","7098","2914","3517","3660","2673","3454","2434","3629","3793","7738","3591","3045","2736","2799","3722","3691","4975","4679","3997","3911","5062","6776","2914","4865","2137","4158","3768","5246","3669","4807","5345","230","4810","3017","6320","4354","8473"
"2.71_730.63","1084","1458","1098","1214","1966","862","8365","7491","4648","17737","10124","2402","1504","1533","8380","5962","11423","10034","14870","8210","9604","7462","3636","13784","12160","6686","5333","1806","7324","8410","1521","2062","2451","2862","906","10121","11922","3888","8718","1881","7952","8496","2437","251","1456","5657","17373","2847","16746"
"1.41_718.50","5525","6139","8602","10761","9514","7470","5762","7087","5335","3418","2595","8107","4928","10781","8050","7051","7823","8015","5455","7167","8049","9794","7668","8038","4592","4933","8910","6511","10388","8369","8222","7059","6961","5495","4023","6747","3608","4766","6533","7775","7321","5260","7362","451","7528","8368","12151","8640","13409"
"2.79_946.72","4861","3496","3171","4673","3265","4077","6710","5253","3744","6297","5248","6553","2397","7462","5937","4279","4568","4496","3783","4306","5734","7566","4421","4940","4931","5005","5757","1324","3256","6702","3964","5055","3868","2759","1563","4532","4946","2024","5949","3524","3798","5958","4701","210","3540","4211","7130","3124","7137"
"3.98_937.70","3927","3752","3029","4998","5968","2434","2565","3675","3681","2575","2412","5313","4805","4189","3068","3642","3195","4223","2661","2413","2721","3234","3855","3790","3179","4933","5713","2527","5331","3865","4580","6184","3149","4473","1905","3683","3526","2454","3514","6848","4508","3552","3203","308","811","4817","4389","2630","4269"
"1.92_852.25","24363","3332","6781","3899","7718","5418","4699","5889","9284","5377","150958","4928","4888","4765","4079","7208","4248","3647","5555","5807","3905","13888","5987","4043","9317","5626","4318","4636","27963","4790","4857","4593","3214","6458","5585","28817","2593","18454","4847","7254","8148","5182","6135","4539","5686","5148","16175","92626","4497"
"2.53_720.56","5898","6350","5970","8309","5759","6120","7714","6476","5209","6819","6670","6811","3816","5150","8722","5373","6327","6355","8351","6332","6517","7469","5555","7281","5912","5615","8435","3035","4862","9277","5162","5204","4225","3718","3128","7028","8070","4956","7117","4238","7063","5900","4896","478","4885","8448","19749","7398","13342"
"3.52_891.78","13571","13480","12966","18286","24418","7723","11866","12546","19385","26661","15988","45252","14123","13413","37182","20153","32529","28589","22297","18799","16683","14789","57010","33596","21335","36680","34388","8666","30906","21817","15363","29112","13639","20604","9249","15552","24864","12845","22207","49430","36686","26983","35218","2245","4883","46691","31630","10913","43680"
"2.93_700.61","5636","5753","4988","7646","8495","5824","4923","5562","4841","7451","4792","10305","4542","7050","10897","5692","7085","8658","11018","6828","6731","7813","8568","8964","9953","5333","8089","3119","4849","5962","6365","7720","5283","4232","3481","8134","6341","3751","6285","8398","8115","6855","8725","478","5704","9056","17694","7162","21300"
"1.32_704.49","5166","5786","8365","10853","9637","5785","5620","12694","6055","6061","3787","12586","6805","12498","14613","9073","8872","11226","5695","9342","9511","15421","12100","11677","3808","8719","13524","5044","17967","12477","8250","9824","11180","10270","4942","11679","4567","6514","9024","13132","12966","6945","13079","486","7213","12948","24685","12878","24122"
"2.93_295.23","3391","3836","4642","4710","5426","4333","3232","3380","2997","5065","4189","6438","3343","4353","6953","4812","4147","5506","7308","4014","4853","5440","5728","5721","7000","3891","5064","1984","4385","4267","5010","5644","3734","3676","2457","4671","4566","2790","4257","5823","6131","4681","5835","345","3479","5882","10534","4706","13678"
"2.06_706.64","3717","4473","3272","4039","4406","2582","3906","3389","3003","3018","3116","3060","2646","4414","3669","4183","4097","4701","3503","3346","3185","4348","4798","2782","3701","3036","3611","1477","2511","4799","2681","3659","4107","2777","2197","4481","4088","2142","3283","3484","3511","4593","3836","110","4392","4195","8000","5777","3835"
"1.98_816.58","3297","2812","2916","3068","3186","2213","3921","3756","2711","2844","3403","4587","3643","2545","2639","2949","4376","3068","3368","2942","3311","3537","2077","3013","3597","2109","3690","1918","3282","3642","2460","3048","3445","3366","1759","3567","3029","2542","3691","3640","3864","2742","3067","285","4166","4025","7004","4643","3975"
"2.34_1544.16","8441","9263","6462","7523","6864","4956","4414","10273","5791","5046","5343","10154","6974","10484","9459","8641","6379","5180","4419","7171","7186","10425","7846","9176","6024","4920","10897","1825","8029","7889","6506","9061","7967","4965","2850","8620","6090","2309","8378","7803","6579","5556","10509","821","4762","9080","17459","8777","15475"
"4.24_580.54","3947","3280","2951","3039","4140","1905","4097","18539","7149","9035","2337","13279","5135","11309","7929","3737","5368","3133","2041","4012","4691","5453","5431","5397","2179","2768","9781","2107","7766","5219","5444","5642","5011","3880","1679","3967","1725","2178","4435","6935","8465","4173","6877","342","1052","3430","8252","4719","15056"
"3.31_738.67","4330","5064","4077","4124","5226","3902","3950","4464","4959","5503","4378","7559","3650","5022","8853","5059","6211","6188","9608","6133","5272","7299","5411","8791","7433","4403","5285","2265","4281","4354","4690","5840","4020","4588","3922","5784","5509","3412","5349","6373","6911","6571","6720","80","3623","8799","11123","4516","13148"
"4.52_1082.98","36687","27217","53302","29332","32568","52771","23887","8385","18751","27723","15211","7945","19254","26334","16483","22398","28155","28537","24075","27623","25958","19659","21962","20908","28211","19323","16577","19761","7503","25374","21063","18255","10232","18121","33217","20401","19074","33970","19271","7201","9549","32026","15304","2254","46156","26310","10968","24299","6428"
"1.67_383.33","5640","5386","6852","8324","10743","6274","5760","4020","4332","7638","5609","9566","3452","7066","13026","9171","8921","14769","12847","9937","7807","11401","11889","12290","9255","7596","11071","3906","7694","9520","6560","8915","6061","6426","4890","10325","7625","5683","9989","9509","10583","10093","13569","472","5679","15092","21137","6732","20580"
"2.47_722.60","10272","8918","10238","9822","11382","10066","9381","12141","6550","8809","6307","11225","5977","11224","12619","11841","10224","13357","9611","9339","9822","17038","10627","10499","11325","11756","16328","3877","7689","11761","9077","11906","8870","6422","4099","11270","8246","4744","10674","10441","9474","8964","10693","485","9905","10425","23235","9869","16963"
"2.06_967.54","3413","2854","2769","2490","3263","2994","2758","3976","4217","3257","4794","3524","3655","3134","2670","4118","3040","3014","3249","3736","3071","2371","3200","2063","4345","3354","2054","4720","3462","3308","3766","3089","3632","3057","3935","2319","2949","4448","2700","2897","3578","4049","3401","127","3182","2359","870","2221","2327"
"2.34_761.18","2842","3593","3408","1386","2895","1579","2158","6051","1771","1978","3203","3061","4408","4985","4551","2854","2973","4750","2065","2177","2277","5393","4482","4844","3215","3013","6323","1108","2191","4316","2238","4253","4735","2781","1843","3037","3134","922","2897","4718","3327","3067","6008","204","1902","5382","6999","2764","9910"
"2.04_690.57","5468","4113","14580","10501","13433","10366","4798","4073","7186","3998","4966","13765","10747","7985","4966","4619","6635","6311","5179","7989","4674","8485","4955","4668","7967","3751","6874","7926","6882","6296","11347","7373","6589","7427","3575","4349","3281","4556","5013","8759","6862","5395","6513","357","6606","5342","7485","5004","9222"
"3.97_603.53","11105","13826","6635","17204","15750","4280","5457","15372","8012","9779","5855","19982","16663","14865","11314","8724","7311","10525","6656","7229","6537","11878","15900","13927","8803","19349","21885","7433","14361","11791","11249","18912","10492","11414","5436","12449","18004","6188","14787","20414","18906","8685","10622","1183","2652","29692","27355","6925","19422"
"1.72_724.61","2989","3040","2777","3541","5418","1424","3620","4807","3687","5432","3774","6703","2034","3179","5410","4702","6415","7201","3964","4322","4189","4645","9825","6662","4619","8668","11273","2405","9481","6818","3941","7144","4245","3711","1229","8040","4882","3608","5658","11733","9868","4043","4263","394","1312","6920","8405","3197","5426"
"1.39_355.07","4807","767","1535","1286","2226","1106","826","1894","2361","1574","24408","1513","1670","1551","1093","3131","1108","812","2693","1636","1221","3923","1469","978","2745","1740","1109","1383","6981","1159","1434","1446","885","1633","2473","6783","1231","4462","1903","1890","2931","1390","1791","722","1356","1240","3547","15867","1772"
"2.90_1006.86","2587","1854","1742","3139","3393","1408","3205","3712","3676","3779","3247","4437","1989","1915","4813","3512","4547","4601","2950","3109","3357","2776","7978","4713","3218","6192","6840","1383","6690","3110","2843","4338","3851","3669","1619","3759","4319","2779","5498","6388","5679","3207","4748","270","1237","4612","3439","2197","4279"
"1.89_805.62","3454","2962","5566","5126","4355","4204","4399","5395","3439","3859","2965","4971","4478","6421","4912","4941","4079","3679","4216","3985","5526","6015","4198","5178","3942","3451","6318","3472","4641","5429","5500","4033","4083","4046","3500","5337","4049","3817","4838","3787","5704","4105","4296","228","4020","5612","10876","5263","10026"
"2.06_520.51","5394","3876","4517","5676","4822","5279","6879","5935","3406","6756","6076","5919","2985","6857","7123","6590","6000","6676","5835","4625","4677","8780","6146","5498","6352","5782","7229","1676","3487","7398","4934","6726","6046","3186","1912","6064","7274","2510","6699","4831","4431","5228","4908","287","3270","5628","9454","3572","7830"
"1.30_712.45","2572","1996","3007","2618","2662","2729","2180","3423","2074","1491","1604","4223","3138","3804","4038","3225","2671","4734","2236","4649","2616","5044","3491","4725","1648","2777","5956","2534","5254","4680","2419","5322","3960","3898","1353","3341","2175","2595","2976","5105","4178","2755","4729","228","1984","5405","5411","3881","5748"
"2.06_798.69","5012","5803","5407","7007","6849","5701","3530","3306","4135","3842","3897","6271","3854","4045","5503","5022","3501","4847","5953","3896","3773","3465","6218","4233","4903","4021","4297","4176","3692","4063","5351","6486","3520","3783","7282","3962","4570","3950","3501","5801","3821","4313","5703","447","5363","6130","3489","4554","6765"
"2.39_824.56","3485","3576","3115","4701","3602","3184","2715","3953","3114","3311","2708","3642","3526","4961","2926","3930","3397","3101","3073","2530","3867","4257","4026","3289","2834","3410","4844","1990","2871","3477","4585","3400","3642","2969","1470","4093","2880","1802","3586","3089","3010","3603","3843","109","4542","4249","6392","4818","4980"
"4.11_939.71","4865","5237","3543","5279","6438","2191","2681","5703","5923","3953","3909","6954","6658","5568","5854","4253","4685","5423","4164","3789","3938","3616","6777","5702","4773","5902","5969","3505","6815","5585","4763","6545","4538","5536","3056","4336","4885","3155","4309","7929","7104","5048","5995","137","1203","8013","5321","2925","6554"
"3.38_944.82","5644","4522","4192","6718","9182","3019","4610","5354","5792","6156","5438","9258","5465","4590","7117","5147","5646","7741","5258","4824","4559","6231","12202","7756","5726","9984","10061","3340","8447","6179","6398","11066","5656","4669","2671","5843","7251","4524","6875","11578","8701","5269","6168","445","1921","9604","7673","3738","7572"
"2.84_602.59","5208","5001","3508","3846","6083","2580","5419","5426","5666","9004","6735","5513","3369","4204","3957","5672","6416","6473","6533","6030","6511","5225","4146","6615","5586","4530","6130","2878","3848","7070","3453","3595","5542","3310","2019","5543","7761","3214","6287","4692","3288","6611","5693","387","7853","5517","15007","9617","7022"
"2.52_814.64","24232","19911","47645","47845","64172","20961","12818","19130","27544","20770","16117","49176","33603","48261","24561","16581","22147","29075","13193","18182","16374","21955","36780","28317","28528","27016","42998","13728","35606","28429","43776","44308","22925","25141","14235","14948","21341","14126","23439","50846","28322","23916","24356","1391","6430","37334","29563","9231","37660"
"2.86_836.75","2243","975","1092","732","1121","830","5203","2257","3880","3016","2461","1212","1940","599","4626","8007","5552","14321","5217","12100","10249","16047","10900","3333","579","17400","14784","6050","11204","5889","957","818","2171","15666","1249","10199","2326","15551","10218","7399","14459","8943","10781","282","2347","18371","7751","6430","7451"
"3.60_943.80","2774","2997","1558","3288","4101","1234","1844","4395","2843","5253","1655","5516","3228","3047","5486","972","3501","4625","3467","2091","2606","3851","7282","4502","3499","6755","5396","2185","3176","3359","3455","4530","2372","3275","2025","4268","5569","1880","5008","7024","7575","3198","4153","185","674","13369","6335","2979","5787"
"3.64_950.79","6730","6760","4003","8372","8274","3058","2306","4599","4116","3839","2114","8361","6080","4357","4358","3740","2071","3819","2960","3586","2214","1770","6281","4015","2787","6332","7828","1850","5188","3537","6428","9139","3588","4078","2547","4458","2923","2936","3567","8655","7119","3466","4831","386","1474","9566","4380","1723","3084"
"3.78_952.80","8732","9878","6051","7953","11289","3117","2807","6422","6808","5515","2616","12721","9081","8260","7785","6177","4424","6419","3964","4236","3432","2861","9858","6036","4537","9129","11547","3272","7880","7248","8283","11136","5486","5181","3474","6726","6410","4158","5067","13544","10724","5624","7415","510","1669","25018","6415","3348","6855"
"1.97_537.34","7897","7096","18959","11922","10030","12985","7228","8419","10544","5009","6343","11419","8036","16304","9522","10796","10212","9608","6266","10250","10907","11966","9858","10408","8611","7458","11568","6475","10944","11421","9279","8621","7155","8539","6007","8292","7168","6212","12186","9953","8982","10202","11167","547","9996","11289","15264","7615","15854"
"3.54_864.77","7225","5065","6411","6216","12365","3443","6205","10640","10967","15460","10140","19716","6380","8526","11518","7075","12268","13466","7574","10900","10974","10930","19991","15064","8144","10397","18952","5028","16909","11539","8728","14120","6872","7803","2668","7406","9676","6865","13578","22676","12942","10002","14385","819","2187","13345","17240","5876","18889"
"2.35_761.14","3668","5020","3624","4199","4523","2741","2609","4964","2930","2722","3041","5829","4141","7355","4866","4490","5089","4905","3273","3478","4444","4803","6103","6076","3549","3554","5647","1284","4070","5047","4205","4513","3267","3125","1751","4448","3201","1511","3803","5053","4903","2688","5323","223","2790","6998","9775","2646","7870"
"3.83_576.50","5133","4380","3124","7494","8247","2430","2547","6315","2948","3520","2633","9217","6937","4448","3799","3488","2497","4402","2455","2474","2800","3475","5956","3317","2529","6885","10601","2657","6893","3703","6040","10967","3629","4184","1515","5271","3363","2528","5045","9205","6615","1846","4436","384","1123","3723","7773","1813","6685"
"1.86_830.55","6189","6897","6611","4363","4523","4081","4938","7296","5165","2424","3811","7201","7132","5596","4519","5507","4369","4242","3369","4450","4258","6040","4579","5034","2623","3183","5843","3210","5499","5992","4223","5665","6380","4502","3865","3625","3571","5202","3373","5640","3824","3909","4901","206","4525","4573","11100","6293","7691"
"1.98_759.57","5873","5797","6517","7271","6651","6770","4280","6380","4051","5215","4952","5761","5813","7262","5253","5055","4405","5170","4494","3841","6080","7725","9100","6375","6021","5720","8266","2649","4185","6015","6808","10285","5644","4664","2308","6891","5285","4052","8335","6901","4611","4027","6145","461","4801","5972","14382","6193","8784"
"0.40_371.33","8355","13227","17251","26089","15150","9970","6714","11158","38686","9568","4402","10233","7268","22001","8276","10423","10612","36543","13874","6070","5467","12531","10666","58773","6260","15478","7923","37400","9362","15390","10811","8735","17444","18488","6568","7213","6928","17842","2818","12111","4558","7229","12209","8013","12230","3784","13734","7404","10860"
"2.96_832.70","3555","2562","2384","2961","3971","2579","5220","5642","5177","4040","3342","2732","2483","3712","3691","4585","3813","4507","4088","2304","4809","6397","5157","5368","5528","4519","3815","1857","5460","5969","2494","3630","4719","3329","2138","2726","7168","2211","4351","5953","3267","3252","5662","347","3770","3778","13089","3061","4528"
"1.99_772.55","3163","3325","3125","3768","3351","3140","3487","5014","3570","6590","4403","3840","2506","4585","5542","3660","4106","4940","5218","3543","3422","3924","6110","4763","3019","3294","5595","1488","5157","4925","3340","4956","4479","3142","1749","4490","4884","2590","4920","4934","4973","6340","5428","135","2407","4860","8529","4769","6405"
"2.35_778.67","8058","8728","8357","9102","13538","9319","9090","5402","8551","15115","12332","11789","8604","7425","13088","9831","12351","15225","23479","12030","11716","10843","13779","14065","17210","10459","9748","8907","7920","10614","10838","11509","7555","9750","9888","11565","12513","13715","8933","11109","12283","14576","11061","602","9722","13588","8380","10544","12765"
"2.80_125.00","15571","16940","12971","18283","16821","10381","14626","18242","11904","16273","14667","15735","11950","18369","17875","15605","17460","18295","17420","14910","17339","19135","16114","19105","19010","14805","23044","4229","12660","18449","12145","15884","16052","10003","5368","19666","19325","7506","20351","16500","11901","17552","16632","1397","16136","19045","52833","20396","22617"
"2.58_798.64","6528","5780","4351","5634","4587","3314","3794","4290","3136","3811","2960","5288","6154","6289","4501","5107","7158","4245","4241","4020","4552","7481","4294","4563","4667","4453","6558","1691","1752","4583","4186","4971","5823","4289","1699","4917","3672","2442","6481","5590","3917","4284","6474","271","4941","4226","10236","4018","8835"
"3.05_930.76","2006","1080","3255","5082","7736","1865","4887","4808","4392","5169","4891","7934","3008","2980","6224","5970","6130","8088","4717","4163","3612","2540","14775","5794","5549","0","11531","1860","7683","4379","5718","10289","4476","3401","819","2686","2074","2798","5453","10490","6855","3145","4594","304","1861","2907","2971","2603","3393"
"3.67_923.77","19243","21805","18468","31896","35583","9857","6230","17235","13472","6446","3786","37490","23608","17582","16071","14113","7526","16178","9015","9553","7568","4787","28505","13682","6675","25166","39956","6127","26725","15298","24790","33222","11456","12934","5697","18313","9920","11062","12380","47039","33899","9117","17388","802","2282","31560","14154","5435","14548"
"1.53_619.49","1121","2916","2873","6046","3155","6288","2723","4329","2007","3641","2341","3903","4383","3348","4566","4866","3510","3809","2401","2651","2245","5701","3320","2470","2403","1904","5840","2151","2431","2131","2859","3311","3473","3806","4924","3165","3701","2005","4822","3448","3746","2264","2546","331","3179","3947","9581","5724","8352"
"3.43_941.79","3861","3454","1834","3930","4746","1335","2319","3967","3068","3960","2509","4937","4035","3453","4873","3867","2891","4779","3249","2473","2870","3898","5586","4529","4608","9255","6164","1272","3960","4496","3197","5299","3789","3667","1950","4361","6038","2783","5492","5287","5511","4396","2842","272","1658","9804","7678","2503","4562"
"1.31_720.48","5677","5457","12785","11383","10292","9334","6781","9244","7479","5664","3792","9650","8378","14793","8447","8218","7882","9859","6685","9834","8796","12065","11399","10730","2912","7541","10662","7029","12999","10898","5702","10856","9139","9030","5555","6307","4312","6044","6084","8883","7442","6385","9488","323","5360","9658","9957","8004","12288"
"1.61_740.60","21665","14972","41098","54575","41817","25246","6159","5905","10286","8526","5011","13975","12115","47051","8507","6318","8185","11821","5695","7184","6600","7392","18406","8196","10786","14258","10931","4515","10704","8712","39840","22095","7844","11895","7759","6378","7358","6817","8930","12501","9320","6465","8605","1213","5092","12556","4381","5680","6677"
"3.97_851.78","10001","7854","10002","12216","15790","5926","6070","23839","10938","12393","8745","32250","13233","16210","10016","8861","10328","10759","5822","9734","10476","12563","17059","13878","7663","10578","21316","7517","18198","12536","14237","21287","12152","10852","4544","10208","10771","7682","13461","23722","17010","6257","16215","1008","2209","13379","20594","5732","20890"
"4.11_905.83","12772","20852","9790","17154","16569","4856","8396","21884","11998","15303","6821","19668","19982","15143","20026","11874","11504","14887","9649","9370","8204","14490","20628","18494","11700","21831","21450","7305","15399","14832","13007","17995","13599","16619","9102","14113","25690","6607","15453","24661","28350","14308","15144","1119","2868","62889","29426","9170","22937"
"3.97_822.81","4752","1772","7275","7163","6274","3140","4378","21279","5455","14354","4610","24008","5335","10860","6379","3110","4883","4279","2100","6492","7348","9799","12800","9444","2501","3688","9888","6801","10948","6446","6623","11747","8045","7125","3019","4195","4510","2927","9498","11535","10447","2443","14000","505","1528","4842","14400","3547","18347"
"1.31_838.55","2578","2936","3667","2874","5305","1450","2708","4555","2887","4289","2185","5004","5089","2313","3300","3794","2912","3429","641","3297","1399","3853","4827","2909","3695","3661","4940","2842","7613","3815","1978","4920","5252","3296","1132","2671","3919","2487","4058","7527","4169","3364","5090","171","2592","4951","6904","1540","8026"
"3.15_851.70","3336","2989","3115","3856","4290","2431","4374","3215","3952","4324","3318","3410","2220","4080","4089","3732","3561","3152","3237","3322","4242","4305","3083","4469","4288","2888","4235","1505","3792","3938","2365","3562","2385","2277","1476","4473","3801","3032","3869","3399","3563","4270","3996","119","3402","3951","8426","4995","4338"
"2.53_654.58","2638","2453","2586","4456","4919","2073","2663","2477","3827","3712","3497","6707","4136","2785","5036","3343","4191","4537","7193","3608","3488","4062","4974","4871","5798","3288","3846","2375","2912","2845","4235","5069","3529","3700","2201","3745","4492","3402","2728","5304","4785","4073","4785","150","2950","4341","4688","3152","6018"
"2.20_575.50","4623","3462","2638","3471","2893","3671","3913","5127","2682","11518","6292","3504","3430","4139","3872","3024","5560","4599","5389","2555","4154","3649","3024","3238","5207","3557","5178","2025","2882","5023","3768","4018","3874","2920","1443","3726","5309","1827","4939","3484","2656","2634","3711","402","4077","3789","7407","3699","4874"
"0.52_660.49","2528","2275","3176","2887","2542","3400","1719","1615","3012","2083","1914","3821","5082","4213","1721","1615","2261","3658","2104","2394","1441","1822","2914","2366","6086","2330","2034","2563","2120","3048","3496","2463","3015","3326","4010","1759","1623","1783","1407","2283","938","2927","3081","1513","1796","1821","1929","1625","2184"
"1.98_830.61","3387","3253","3865","3588","4004","3711","3467","4131","3387","3241","3838","4817","3798","4722","4165","3421","4058","4058","4217","4359","3831","4803","4200","4022","3976","3533","4695","1630","3725","3648","3340","3455","3355","3577","2667","4075","3335","2318","5344","3986","4102","4534","4581","327","4037","4096","8809","3869","7403"
"3.40_738.67","3364","5060","2718","4340","4567","3206","4175","3851","3849","3697","3984","5273","2718","3228","4649","4388","4392","4145","5750","3968","4031","5569","4046","5096","5005","3312","4558","2261","4411","3886","3654","3929","3215","3989","2476","4733","3530","3074","3550","5530","4911","4110","4729","219","3377","4694","9337","5027","8986"
"2.77_826.67","7179","5560","4674","5586","4615","3701","4736","3572","2644","4075","3370","5339","6630","6301","4539","6109","4420","5507","3406","3857","3581","11192","4764","4976","7642","4578","9382","2019","3080","5244","5049","5842","5637","4947","1682","6101","6067","2566","5110","6157","3758","3247","3953","421","3150","6460","13839","3187","6926"
"1.76_822.56","3815","4164","3607","5654","4863","3123","2763","4917","3056","3221","2995","6204","4294","7322","5306","3963","3631","5184","3181","4090","5734","6466","5660","6396","3392","3225","6439","3224","5814","6078","5172","4960","6109","4034","2949","5899","3910","2261","4661","6700","5315","4552","5717","491","4548","5759","19795","4975","11964"
"2.09_804.61","6732","7164","6244","7910","7357","5234","6262","8173","6621","5940","4413","8064","4655","9273","10446","9909","7967","8140","6433","8247","10964","11968","8105","10733","5400","7260","10265","2302","8470","10236","6387","7267","6070","5834","3466","11969","7144","4201","10411","7373","9333","8784","7315","483","6746","9833","22359","11109","17284"
"3.02_876.73","4223","4941","4320","8152","7424","3321","5140","8010","7528","10275","8942","12688","4443","5743","7979","5529","8333","9824","7132","7224","7220","7171","21239","11550","6485","10853","14306","2176","14734","6756","7934","12905","7405","5842","1680","6091","8131","4835","13343","15246","12792","5898","9696","539","1797","11428","14516","5613","12029"
"3.54_874.76","4686","4290","4218","6201","8847","2087","4408","5603","7042","8065","5240","13775","4135","5528","10844","6878","10454","10203","6939","6988","5301","5701","16432","11588","7209","11275","11848","2007","10413","8579","6825","10515","4450","6895","3846","5540","8310","4680","7556","15768","11229","9634","11176","340","1623","16085","9963","4204","13328"
"4.24_988.93","66000","87120","37733","72086","76780","21515","52570","126185","77997","85577","43196","108419","94471","98983","101689","62788","71834","75409","49295","64414","49086","89813","101486","84751","64465","106279","138332","46758","81564","84884","68026","85617","70757","78738","39459","80181","76820","36883","76674","114013","155434","62335","76060","6190","19561","192660","100342","71134","116676"
"0.79_608.39","2965","3408","5184","4668","3096","3476","3108","7429","3593","2562","2469","7641","3037","8008","6172","5896","3220","4405","2753","4570","4395","7003","3924","5010","2341","4325","7284","2475","8623","6545","5159","4250","4846","5338","1938","6404","2949","2967","4765","5716","5501","2714","5766","541","1887","5741","17433","2469","11059"
"2.84_295.23","4833","6740","4936","8123","9645","5514","1904","2847","2679","2446","2375","8538","4932","6425","7151","4091","3087","4068","4964","3369","3398","5267","5489","5192","3423","3352","5611","1859","3911","3083","6070","7889","4625","2993","3219","5014","3011","2774","3876","8665","4600","4760","6909","246","4931","7744","9882","5579","12207"
"3.75_335.29","2683","2401","2131","1862","2913","1130","4073","5449","4947","2720","2641","7659","2274","1809","7335","5311","4241","10471","4263","9398","7829","13539","8279","6356","2304","8743","10674","4697","10501","6506","3089","4070","4659","10410","1441","8008","3650","8914","8498","12687","12735","8110","9675","494","3125","12599","11388","6510","10710"
"2.04_812.68","2918","2225","2953","2458","4190","2897","2866","3496","3170","4133","3732","4589","2624","2629","8051","4809","4411","8352","5700","5934","4343","10742","6798","7223","3885","5422","8377","1518","5494","4415","2628","3579","3309","6214","1536","7155","4197","3981","5280","7853","7643","5689","9132","263","2803","12791","7029","4723","7631"
"3.28_971.75","7273","6659","10988","10026","17614","4701","4749","11193","7877","7651","5741","19085","11772","6003","11552","8308","5951","11549","4547","5727","5297","6399","14126","10415","5423","13657","19776","4440","22218","9683","9233","17559","10047","10306","4485","11767","7121","7276","9707","18739","18127","7152","14058","210","1582","13850","9951","4199","17236"
"1.55_371.10","4891","1128","1985","1658","2156","1614","1234","1535","2312","1936","34666","1389","2323","1472","1326","1904","1378","878","1874","2065","1522","4116","1652","1537","2031","2303","1405","1648","5166","1762","1068","1342","1189","1682","2181","5424","1436","4875","1422","2310","2510","1598","2065","1378","1751","1760","3386","21090","1235"
"1.33_776.54","4481","4915","6341","8556","8189","6183","4169","3725","3291","6106","2886","8797","2467","7111","6045","5042","5525","5971","4058","5428","4861","4664","10771","9734","3020","4612","9643","2301","7512","7263","4544","8335","5379","3574","2423","6483","3405","2323","6011","10275","5841","5467","7356","39","2815","10807","15545","7083","16664"
"2.27_692.52","6000","4571","3801","6127","4046","5899","7581","6448","3711","12891","17644","3129","2118","4350","9760","4234","4602","5755","12311","3334","6245","4254","5439","5754","3746","5371","4635","821","3846","5065","3563","3779","2102","1766","1603","6090","15878","2706","8977","1935","2944","8255","2347","579","7798","5036","14638","5883","5376"
"3.77_898.77","37609","24009","78063","45610","78561","30123","23051","84482","64879","61250","30672","137929","58284","52896","48405","36022","43359","38776","21439","36783","37341","43371","65540","46993","23379","36342","80819","24896","74607","51989","59860","73925","43362","51641","15329","30883","18812","27193","50639","85242","56009","38341","79673","3726","6294","37915","58714","16259","112513"
"1.99_823.59","2947","2189","4307","3597","3610","3359","3542","3173","4339","2517","2807","3518","2953","4091","5979","2569","4535","3370","2631","3745","3178","3536","3322","3512","3678","2359","3312","1721","3548","4672","2033","2511","3357","2855","2611","3832","2845","4251","3889","3068","2846","4454","3861","235","1942","3550","5174","3530","6135"
"3.05_282.28","3239","2879","2365","3292","3378","1743","3180","3424","2563","4613","3880","3696","2624","2772","2866","3369","4134","3652","5156","3505","3649","3246","3591","3306","4004","3163","5125","1367","2610","4864","2463","3184","3485","2308","1102","2890","5211","2307","3738","3481","1927","4231","3416","278","4183","3635","9236","4614","4123"
"2.79_782.65","10038","9974","10808","13924","20509","3409","13424","9348","11580","13161","12656","14832","10283","8363","14466","13832","13937","19688","15043","11587","10865","9792","27931","17867","12447","18092","18168","4812","16638","12193","10527","19946","10225","10777","8821","14360","16409","8064","17348","19241","15711","13713","12127","720","2567","20681","9522","5254","13665"
"1.41_706.50","3467","3322","6273","5093","4156","5641","2371","3644","2450","1918","1753","5852","2587","10762","4634","3052","3011","3846","2479","3864","3653","4405","4280","3867","2191","2307","5203","2197","5135","3873","3568","3690","3028","3219","3870","4228","2281","2372","3342","4527","4578","2469","4356","379","3568","4698","6290","2989","6148"
"3.19_964.85","10534","7056","10036","9994","13058","6171","9986","14161","12585","15886","10999","14434","6940","7972","8862","9767","12577","11735","10168","9798","11849","7360","19931","11734","6782","13456","14848","4596","16057","9618","10082","14037","8110","7766","3143","8795","6437","8310","15328","17089","13161","7279","12498","191","2782","6340","9230","5112","12277"
"3.78_1034.90","11321","20653","7736","14530","14455","4731","3821","15076","8467","10915","3226","15674","15709","12726","12970","8871","6052","9314","6908","6526","5514","4831","15621","10098","6465","16860","17648","4269","11057","11811","10467","13052","6327","8090","6550","13237","18076","5532","9050","18241","20453","10254","8152","1606","4525","74619","14359","5685","9285"
"2.44_712.59","2690","3414","3107","4651","4396","2706","2788","3390","3634","4789","4033","4646","2251","2682","4773","2987","5289","5456","7110","4092","3627","4467","5378","4474","4828","4698","5156","2700","4545","2951","3167","4231","2061","3255","1716","4058","5348","2579","4058","5328","5436","4803","4078","90","3109","6224","7781","3946","9404"
"2.30_603.53","3857","3948","4225","13694","12108","13229","9159","3486","3340","7284","8301","4020","3172","8383","4068","2444","15588","4832","6150","3106","5601","3256","4662","8147","4233","4707","4816","3312","1905","5849","3535","4223","2799","2074","2084","3500","6510","2311","6436","3292","2313","6254","6338","2066","6901","4766","9692","3907","6392"
"3.02_1020.84","3249","2870","4623","4175","7264","2498","2615","3750","3071","3622","2844","5783","3239","2937","4028","3333","3582","4834","3424","3236","2511","2285","7285","4441","4028","6183","4928","2595","5737","3819","3923","6482","3228","3173","3031","3401","4437","2612","4488","6861","4774","3473","4317","223","1175","5917","3868","1687","3323"
"2.93_277.22","2285","3005","2767","4685","5116","3248","2835","2253","2370","4411","2439","5436","2438","4082","4763","3211","3737","4167","6010","3593","3401","4152","4746","4379","5330","2584","4217","1651","2459","3438","2982","4357","2878","2346","2186","3825","3449","2622","3693","3733","4123","3841","3898","194","2952","4529","8548","3878","9231"
"2.64_605.55","2868","3065","1690","2816","2255","3031","2816","3976","3180","3627","4223","1789","1981","3581","3232","3179","4400","3393","3492","2941","3299","3294","3110","2879","4009","2214","3527","1185","2510","4482","2451","2412","3149","2441","1093","3453","6109","1264","4531","2356","2821","3153","3175","256","2613","2476","8809","2327","3575"
"1.05_608.39","4079","4102","5379","5590","2538","3987","2743","4359","3142","2012","2102","5167","3573","8518","4648","3216","2327","3423","2134","3790","3049","5551","3557","3322","1989","2528","5050","2281","6910","4222","4677","2874","4262","4103","1802","3926","2174","2384","2779","3520","3749","2353","3576","382","2424","3955","10633","2612","8070"
"2.00_856.57","4779","4037","6183","6692","5166","4750","4056","5140","4983","3036","4219","5264","5982","6680","4144","4583","4817","4917","3679","4297","5826","6798","4404","5516","2712","3944","4918","4652","5712","5994","4478","4886","5088","4402","3293","6248","4031","4100","5825","7222","4601","5871","4960","245","8298","5686","8806","6598","8373"
"2.47_797.68","6461","10374","5839","8349","7802","7416","6120","7630","4682","5847","6542","9226","6335","7731","7394","5317","6654","6649","8996","6020","6457","7702","7260","6901","6783","5589","7734","3917","6218","6169","8176","9271","6359","6022","3019","7042","7563","5042","7155","11812","8896","6233","9532","563","6539","8046","12812","7350","12897"
"2.89_766.72","7153","7482","6744","9549","10300","6551","6868","7066","8985","9997","9509","12793","7419","7305","10842","8283","9762","12084","13687","9253","9312","10528","11630","11181","13022","8925","11058","4844","9180","7992","10460","11159","8076","8168","3980","9772","9412","7544","8604","12976","11281","11036","10634","588","7213","12177","12367","8472","15297"
"3.52_934.84","11241","7015","10191","10961","17251","5653","10078","16990","14000","23503","13548","27945","8635","10995","17690","11776","19493","16548","13389","15029","16089","12456","29926","22333","13020","14614","22320","5938","20697","14462","13695","19611","10182","12564","4679","9896","11259","10436","17320","26936","18918","15174","21567","836","2297","16969","19020","7753","25036"
"1.70_726.62","3219","2552","4085","5262","5959","3085","4689","6704","4122","8863","4322","10137","2615","5007","8594","7052","8079","6987","5966","4672","5103","4394","12051","8289","4507","9466","10709","1996","9710","7275","5036","7221","4315","3813","2861","8525","6128","3594","7915","10519","9653","4076","6459","305","1342","5966","7629","3943","8211"
"3.38_974.78","5348","4052","10299","6706","14011","3860","4706","9028","11179","6238","6962","19607","10464","4796","10902","7319","8881","8932","4481","7000","4929","8072","12113","9762","6960","10353","13929","5000","15021","9428","7119","12566","6906","11724","4723","5573","6865","5668","8444","16540","13478","11057","13688","387","1750","13382","10922","3952","19746"
"3.42_930.81","4526","5778","4661","6615","9957","2227","4547","6162","5944","5339","4591","9584","5473","4929","7553","5390","5683","8638","5615","4959","4856","4214","12628","8220","7691","10597","10396","2621","8326","6815","6322","13568","5986","5133","2685","5987","6741","4740","7320","12166","9434","2423","6334","239","2111","9286","7414","3773","8151"
"3.28_886.75","4343","4621","3870","8755","10808","3180","4499","4925","4179","5174","4390","10458","5560","4143","6303","5195","4700","7394","5061","4302","3846","3842","12971","7816","4666","14134","11654","2674","8740","4743","6691","11788","4991","4570","1735","6515","5199","4372","8021","11660","9116","3110","5186","666","1547","7589","9449","3201","8699"
"3.44_944.83","4063","4194","3167","6353","8317","3340","3893","5174","4992","5290","4045","8544","5123","4659","6502","5626","5908","6653","5278","4758","4406","2813","11830","6981","6449","9348","8407","2556","6436","5452","5102","9328","5052","5726","2764","5440","5204","4155","6626","9723","8548","4728","5829","426","1358","7720","6481","3244","6840"
"1.60_758.56","2050","4132","3207","3220","5107","3458","2642","2777","2499","3702","2175","3843","3264","5227","3926","3821","2988","3961","2907","3076","3034","5412","3538","4138","3084","2919","7076","2649","4755","4301","3409","4645","3794","2897","3118","4145","2694","3845","3919","5881","3680","2304","5041","342","1695","3607","9690","3182","8695"
"1.93_706.56","3607","3296","9508","5931","10173","6385","3187","3310","5353","3112","3884","10935","8940","4702","4528","4340","4817","4799","4146","7027","4468","8792","4949","4132","8066","2376","6651","4607","6079","5806","6407","5087","7159","5058","2550","3965","3505","2913","4387","8594","6105","5867","6789","302","3818","4307","9638","3434","9896"
"2.01_860.66","3219","3491","4637","4826","3453","2836","3311","3774","2608","3086","3014","4486","3366","2745","3792","3211","4020","3425","3754","3074","3235","4184","3372","4239","2689","3201","3384","1548","4818","4458","2579","1896","3046","2584","2125","3050","3131","2398","4406","3031","3618","2652","3002","408","3132","3806","6156","3137","4759"
"1.80_785.58","2282","2720","2922","3356","4719","2970","1936","2988","1888","2491","1577","3270","3581","6037","2989","2257","2449","2242","2002","2687","2987","5924","2835","3854","2262","2448","3828","1506","3366","3107","2943","3904","5372","2792","1849","4438","2379","1698","3274","3009","3187","2147","3581","279","2248","3067","9806","3526","8606"
"2.08_776.58","6805","8343","7991","6816","8676","6454","4959","8727","6517","6465","4848","9022","8719","11091","7650","8035","7322","7746","6940","6469","6732","8499","6448","8284","6938","6295","10776","2275","8602","9937","7100","7489","8080","4906","4121","9247","7653","3753","6787","7582","5558","6723","8856","503","7487","8742","22635","10174","15568"
"2.54_712.58","2301","2780","2816","4728","4703","3523","3080","3325","2988","3835","3568","5422","2193","3942","6570","3447","4535","5268","6805","4915","4075","5970","4788","6015","4911","3455","5024","2307","3945","4325","3481","5563","3533","3076","1450","4655","3303","2450","3257","5352","5877","4106","5067","389","2672","5873","10083","4720","13009"
"0.78_624.42","2181","3013","4403","3192","2786","2981","3335","3010","3949","2635","2355","4387","1610","4760","4688","4694","3569","5042","2751","5661","3193","6844","4910","5426","1635","3324","7677","2291","6756","5208","2939","2963","2575","2889","2202","5168","2242","2481","4493","4664","6435","3434","4703","180","1886","5107","9453","2275","6983"
"4.24_603.53","3831","5498","2067","4260","4473","1690","3601","11501","5859","6398","2834","9966","6508","9379","7554","3620","3750","4038","2470","4181","3818","6779","6758","6084","3518","5948","14124","2147","6914","5993","4257","6775","4630","4841","1818","5648","4257","1899","4993","8578","14202","4279","5918","714","1682","16640","10915","5093","11720"
"3.11_849.70","3465","3516","10115","4116","6697","7050","4513","4700","7602","3528","5315","10641","10222","3748","6640","4334","6325","5519","5452","7785","5271","11780","3441","5375","6403","3178","4620","5652","5558","5602","4259","5473","6550","7072","4105","5416","3666","4153","5191","7222","6164","8379","7958","493","6678","5246","12572","4101","14770"
"1.53_820.54","2424","3621","3984","4854","5076","3350","3394","4371","2955","2962","2588","4788","5214","6632","3083","3660","3454","3977","3664","3124","2657","4750","3536","5222","3447","3383","4672","2903","2362","4757","3463","6582","4431","5033","2599","3002","2521","3107","2897","4201","2167","3506","4169","66","3004","6201","7967","4094","6912"
"2.93_850.75","25853","29024","29673","45032","48106","16949","17545","23239","27782","20613","13710","44195","28096","49260","37241","26764","21234","38201","19470","22841","18281","17477","61549","30094","19214","44689","48965","15030","46094","25453","39886","48941","28908","31455","16298","25436","16592","21658","25246","58805","48470","21565","39147","1950","4567","61326","21827","13869","23582"
"2.31_605.55","7688","7915","8563","8402","7023","6020","6721","9213","5712","11918","7359","9739","9103","13182","9388","7704","7851","6597","8254","7878","7599","12063","6912","7346","5735","6606","10547","3202","6042","11084","7457","8713","9986","6731","4856","8672","10878","4049","8750","11017","8302","8161","8321","451","6014","12323","20680","7141","13641"
"2.53_520.47","2914","1563","4648","2974","2885","3735","2887","2545","2742","3312","3936","2586","2519","2663","1730","2826","3676","2703","4027","2387","3164","2486","2377","2908","3610","2868","3321","2288","2290","4559","3075","2835","1638","2737","1806","2811","3594","2831","2705","2708","1400","3915","2623","75","4994","2713","3307","3574","2304"
"3.18_950.84","4805","3461","5367","5993","5567","3739","5537","8048","6855","9247","5716","12180","4595","4897","7189","5486","7317","6074","6196","6218","5502","4211","13793","6077","4131","8143","9039","2863","8322","5439","5233","6479","5605","4285","2407","4641","5595","4490","7384","8794","8724","4557","8243","548","1755","4832","4847","2813","7403"
"3.17_804.63","3951","4015","8234","6294","7062","6980","4369","6480","6708","4191","4878","8113","10536","3919","5293","5293","4169","5838","3931","6729","5209","10824","3811","5510","5331","2696","5872","5597","6818","6196","5965","4697","8236","10104","3956","7564","2777","5354","5579","6209","6457","7490","7207","372","7098","4900","9408","6705","10926"
"3.02_813.68","4683","5359","2975","4948","3990","2900","3867","4593","4290","4712","4105","4408","4552","4168","4553","4045","6108","5139","4868","4320","5121","4373","4464","5552","6116","3947","5285","2429","4402","4271","4650","4394","4457","3323","1828","4870","5748","2539","5320","4475","4112","5017","4867","410","4764","4433","13439","4830","6354"
"2.06_965.53","3339","2223","2830","2549","2417","2916","3189","2827","4495","3040","3538","3075","3657","2458","2988","2216","3058","3020","2991","3728","3482","1991","2677","2494","3629","3228","2355","4189","4016","2421","3334","3045","2853","3798","4129","2124","2926","4903","2417","2477","2981","3131","2897","102","2742","2441","761","2662","2170"
"1.74_780.23","5507","986","2168","1108","2813","1030","1606","1730","2509","1495","31830","1906","1215","1498","1098","2795","1271","1235","1493","1506","1393","3868","1716","1529","2442","1715","1186","1704","7099","2139","1521","1328","1318","2380","2170","6113","1184","4133","1406","2379","2442","1662","2460","1562","1624","1300","4130","22014","1848"
"4.11_904.88","3366","4004","3024","2864","3136","1399","2967","4195","2317","2623","2709","4886","3572","2232","4321","2757","2313","1845","3243","3119","2353","2692","4475","3751","1840","3043","4215","2244","3481","3807","2293","3574","2426","2661","1984","2134","6188","2102","4203","6205","5935","2667","2528","648","999","20235","6706","1832","4312"
"3.98_944.87","51127","66050","44799","72348","88379","32419","42842","57891","53939","46652","37561","78914","85632","61637","63757","58569","51773","54253","43509","40289","42153","51101","76877","53525","51367","72511","85847","39839","69250","53311","71346","98014","52008","69715","30205","57180","53832","45761","49601","107386","84863","45728","61357","3350","15013","72126","65012","33956","69104"
"1.30_715.54","3927","4218","3103","4299","5811","2256","3589","5142","3169","5019","2351","5248","3071","5665","6906","6986","7216","7341","4187","6230","5742","7526","7973","8465","4114","5094","8768","2685","6920","9119","3555","6509","6309","5263","2270","7078","4494","3361","5118","7107","5068","8225","6619","615","3138","8861","14742","8003","6995"
"3.74_353.31","1938","1905","1251","1277","2023","685","2523","3764","2848","1740","1819","3744","1193","1148","4861","3397","2687","5325","2870","4315","3842","6590","5118","3948","1326","5789","5349","2991","5709","3663","2084","2427","2405","6215","1166","4566","2172","4977","4180","6275","7764","4204","6457","119","1930","7517","6315","4208","6906"
"1.31_817.58","3140","3012","2936","3455","4353","2600","2538","3618","2246","3516","2132","2658","2789","6330","3895","3118","3261","3618","2698","3600","2349","4346","3788","3672","3632","3335","5596","1942","3163","4544","2659","3340","3249","3652","2058","3813","3736","1682","3360","3776","3189","2666","3701","339","2488","5800","7828","4235","6094"
"2.21_807.57","12843","13203","10995","12476","11206","9849","9069","11234","9226","9461","9508","15482","16919","15083","11303","11316","13855","9620","8156","8382","11429","14912","10701","12008","8260","8262","16998","6455","6473","10732","14169","13531","14159","9881","6669","11408","8843","6865","13883","12746","7919","8490","19036","340","10669","11898","22103","11260","18336"
"2.60_733.55","1968","2714","2586","2706","5036","2498","4650","3978","3398","6942","4833","5228","2379","2945","7629","4938","5354","7280","9623","5338","6181","8536","5093","8921","11404","3972","6310","2883","5040","4648","3305","4033","2763","3105","2186","5791","6335","3334","5022","5392","6510","5283","4200","433","2376","6788","13932","4037","14671"
"1.30_690.47","6837","6763","8743","9764","9687","7038","6255","11887","7104","3731","3373","11781","8500","12274","13502","10330","7765","13089","6005","12267","10070","14922","12364","13669","4731","7770","16940","8610","19554","14138","9624","12175","13078","11583","4393","12113","4462","7626","8754","15127","13387","7076","13251","443","5487","15463","18178","12723","17786"
"4.03_874.84","3566","3766","2361","1764","26968","1537","3053","6607","2003","2948","2351","25570","29614","33419","3380","2182","3901","4338","15571","2296","12969","2380","1482","1932","3624","4929","20718","2548","1554","3456","5937","9587","24595","6330","2058","3238","4289","775","2188","34490","24422","2010","1770","931","3343","2638","4845","2339","4184"
"2.73_725.62","2270","2576","1773","2553","2496","2734","4043","4757","3573","4092","2624","3253","2398","3252","5625","3836","4320","4049","6437","3412","3154","5699","3759","4820","7670","2733","4691","2826","3992","4031","1939","2986","3009","3068","1755","3697","3484","3111","4245","3550","5459","3114","2646","433","2186","3496","9417","2601","12452"
"3.36_948.85","11421","8660","11003","13931","18661","7597","10517","13337","13480","17369","15225","19305","12278","15417","14988","12039","14072","14285","11450","13738","16042","13689","20004","17367","11915","12752","17600","7545","14797","14166","15550","19817","12095","10304","6192","12411","15605","10369","17392","15612","13127","9686","15172","739","3050","12301","16133","7799","17086"
"1.73_778.23","22877","3259","6928","3804","7973","4429","3581","6518","9761","5231","128950","4881","4736","4699","4276","8759","4638","3088","6007","5366","4228","14344","4212","3822","8814","6094","4760","4745","25808","4344","5604","4150","3901","6297","6291","26041","3388","16624","5288","7775","9052","4085","6017","4240","5358","4871","16404","88375","5510"
"0.43_304.30","32430","18438","11825","19961","20726","26207","10470","15076","23232","19281","12713","17916","17140","25353","25519","11956","24495","24615","16057","16365","12220","19616","42412","15066","21931","16985","15763","158765","25576","16836","18623","18197","12066","24008","18823","22357","18651","44641","11856","18186","8431","20530","20190","11566","25623","13990","19827","18188","25520"
"1.34_830.61","3471","3983","2846","3378","4250","2610","1927","4464","2695","3826","1464","5937","2880","3558","3788","2530","3994","2631","2666","2908","3145","2652","2449","3815","2819","3999","6946","1904","3585","3633","5260","3295","2834","4123","1631","4106","3494","1908","4792","6783","2591","3958","5981","472","948","5712","17787","1127","12753"
"3.52_935.84","7279","4840","6775","7239","10138","4659","5969","10158","9020","15021","8121","17300","5401","7123","10890","7405","13120","10153","7610","8910","9841","10236","19253","14464","7595","9900","13772","3402","12377","8664","8009","12286","6233","8368","2940","6311","7173","6492","10378","15355","12153","8003","13556","266","2099","10308","10954","4930","14605"
"3.37_862.75","4566","3157","4293","5667","6244","3142","4412","8325","5460","9074","8584","15235","3591","5133","8858","6194","10188","7930","5692","6559","7752","6791","15228","10304","5422","9992","11935","3854","11307","6497","5368","9852","4606","5356","2774","4609","9762","5793","8901","13327","11816","5042","11367","531","1880","10618","12288","4219","14341"
"3.18_880.76","5862","5079","6618","8213","10680","4198","6404","10642","6179","12474","6609","17520","5135","5714","8381","7365","8107","7945","7020","6271","6752","5673","19443","9284","4579","11395","13496","3232","11706","6326","7639","12095","6764","6148","2487","6907","4687","4568","9936","16157","12830","6434","9853","583","1761","5846","10636","3983","16369"
"1.22_678.47","10927","11670","28767","18884","12187","19331","5954","7839","6857","4664","4375","12550","6956","34110","13437","10351","9321","10559","6930","10870","8698","13965","13944","12222","6434","8376","13617","6756","14374","11440","12671","13126","9500","9169","10766","7966","5720","8059","7925","12028","8871","4259","12223","1206","9162","12092","20728","7035","16813"
"2.58_891.61","3677","4281","4427","3547","3946","3640","3437","3839","2731","4021","3992","4183","3656","3054","3797","3471","3688","3897","5018","3146","3378","3773","4448","3964","4642","4385","4070","2574","3635","4478","3781","3291","3557","3491","2372","4523","3237","2909","3145","4092","3114","3127","3674","410","4024","3574","2907","3823","3093"
"3.22_932.82","3909","3064","3498","5371","4594","3045","3932","4694","4603","5294","4146","6357","4651","4923","4839","4253","5030","4515","4581","3075","5242","4606","9420","4810","3477","4392","7979","3501","6300","4257","4666","6171","4536","3562","2934","4373","6444","3447","4848","8295","5317","3166","4879","271","1518","2858","6150","4001","8581"
"3.72_920.81","3199","4006","2962","4232","4267","2627","3870","4808","4259","5650","4515","6585","3703","4076","6764","4739","5570","6550","5532","5050","4190","5335","8950","6644","4666","7628","8322","2315","7123","5939","3629","4897","4107","4167","2179","3997","6332","3387","5676","8031","9076","6862","6045","472","1891","14306","8573","3668","9441"
"2.83_797.68","3983","4279","3580","4594","7193","4120","3928","4854","4388","6625","4225","6791","5156","4022","6817","5697","5102","7052","7625","6104","5758","6753","5717","6725","7053","4992","6077","3305","7904","5250","6054","6431","4774","5061","3449","6763","4407","4481","5172","7946","7692","4920","6135","311","4708","7235","6335","5401","9965"
"4.24_931.85","10212","11920","5924","11427","11474","2940","6151","20556","10254","11555","4597","17990","14460","14643","16568","8664","8772","9716","6984","8512","6300","15223","15149","16019","7258","18509","20960","5668","12532","11054","8637","13912","9560","11496","6075","12245","14724","4963","10310","18237","25129","10766","11556","1616","2726","42136","15985","7604","20426"
"2.76_694.58","2664","2663","2773","3802","5199","2898","2669","3138","2380","4353","3666","5585","2869","3205","6225","4152","4141","5366","6951","3689","3695","4446","4748","6177","7801","3212","5295","1885","2940","4338","4277","5731","3628","3729","1913","5710","5762","3082","4103","5544","4289","4466","6537","430","3045","7097","6464","3675","8717"
"2.34_764.66","2961","3454","5186","5045","8283","4149","5164","3204","3681","8140","6159","7377","4690","3748","5986","4612","6203","7339","11978","6805","6991","6270","7028","1388","7450","4859","4970","3491","4356","3449","6204","6091","4927","5645","4956","5681","7056","7034","4803","5276","6140","6844","6158","447","5121","7676","5260","5782","6471"
"2.77_775.67","2160","4088","2005","2876","2619","3185","2442","3387","2621","2518","2062","3379","2470","5164","2839","3757","3018","2994","2123","3556","4572","4273","2550","4375","3205","2908","4936","967","3577","3036","3075","3241","2035","2966","1043","2588","4267","2191","2511","4024","3797","3250","4588","344","3574","2483","7636","3599","7586"
"2.37_790.56","18353","14626","13111","18274","12248","15064","15602","21773","13682","21680","20174","10976","10466","33628","17430","15431","16336","11729","16352","14679","15353","17448","12645","12891","14049","15225","20532","3239","9981","21840","15379","14375","15292","11109","2669","17889","29063","6623","19198","14319","10337","15456","14270","1497","12313","12475","45849","12561","13227"
"2.54_719.56","5863","5797","6262","5500","7973","5472","6112","5751","5101","6803","5608","9825","5371","5970","9277","7418","7763","8734","9410","8585","8227","10217","8110","8626","8749","6178","8177","4786","6078","7302","5689","8391","5498","5700","4221","7314","6644","4395","5698","6815","8118","6607","7266","597","4564","7440","15260","6248","18319"
"3.46_908.79","975","1096","1315","899","1430","1620","1864","15580","6979","1821","3675","23849","1690","1471","13509","3582","3293","6360","1532","4856","2744","6060","10723","7768","1431","7663","11222","1320","28120","5210","1231","1200","13511","3836","1239","6202","3348","2044","4823","37078","29699","7327","18004","1306","905","10499","15817","2262","23618"
"4.24_904.89","4731","6559","2262","5500","6326","1124","3188","16410","7529","8771","2262","13927","8985","9694","10098","4415","5694","4096","2257","4336","3613","8254","10200","8722","4036","8158","13570","2811","9245","6719","5318","9403","6213","6096","1952","6673","5325","2139","6430","12737","15652","4622","7708","536","1423","20657","13335","4852","13683"
"1.28_732.48","2450","2769","6425","4762","4488","3928","2482","4789","3815","2495","1780","4754","3149","7296","8112","4401","3245","8130","2349","6050","3753","7503","8345","5085","1473","4455","7786","2273","11498","6847","4682","4654","6794","6014","2155","5834","2301","2846","4379","6756","9240","3401","9082","263","3251","8798","11978","5132","8968"
"3.85_900.79","17814","19322","8514","20559","18005","6586","8483","16526","10493","11763","7067","14522","21323","13803","12559","10923","7006","14916","7622","9294","9864","11636","16260","13352","8422","32929","28737","8338","12192","10947","15074","21568","13290","14960","6317","20961","13428","9495","20459","17513","17958","8778","9747","2777","4735","24753","25705","8702","16055"
"4.52_1025.90","6390","4875","8613","4766","6162","10149","4061","1588","3863","5337","2651","1503","3433","5374","3380","4279","4939","4994","4879","5175","4277","4068","3853","3823","5174","3609","3411","3805","1817","5055","4880","3167","2174","3382","5476","3830","3739","5923","3527","1750","1497","5837","3001","836","7867","4436","2180","4994","1478"
"3.97_549.49","15108","12287","15673","19580","21107","9646","9727","39846","18105","23289","16457","49321","18874","27833","16691","13599","13748","17674","9402","18888","20201","24697","26116","27866","12626","13651","31988","15477","28922","20638","20691","32992","21089","17521","7560","13950","21953","12235","23225","39640","25907","11350","26964","1202","2835","25707","47156","12297","39510"
"2.53_787.70","3892","5282","3398","4719","4738","4456","8401","5009","5185","8399","6766","5133","4850","3103","6916","6040","6949","7450","10025","6434","8525","9122","5360","9765","12490","5165","6648","5097","4460","7007","3024","5562","5245","3986","4523","7056","8803","4515","6665","2770","4896","6786","5559","170","4283","5788","10052","6596","9957"
"1.91_575.50","4485","3988","5108","6235","3949","3869","3375","6011","2788","4169","3114","4419","5351","8447","4715","4415","3555","3862","3887","3547","4281","5493","4075","4034","2615","3521","7944","2371","2230","4708","7136","4953","5198","3514","2774","6457","3185","3780","4476","5166","3767","3376","4452","452","2407","3621","10796","3477","8123"
"1.96_820.57","3408","4045","3204","4145","3783","3202","2711","3077","2937","2150","2305","3483","2949","4143","2840","4135","3072","2938","3033","3453","3672","3384","4045","3297","2428","2494","3154","1625","4296","3312","2723","2569","3313","3714","2039","3163","2055","2405","2929","2894","2976","4472","3321","109","3669","2825","3933","3703","6296"
"0.83_333.30","1438","2512","2159","1570","2137","6028","1671","11776","1603","1776","1654","3100","7156","4278","1828","1016","1964","2208","1467","1313","1444","1171","1404","1744","2330","1139","1430","1845","1336","2596","1441","2186","2720","4765","2343","983","1555","4899","1840","1520","1225","1234","9175","2499","1305","1103","1017","2027","13386"
"3.26_1040.83","7062","6056","8181","7619","13175","4261","3824","8858","8176","6015","4205","11764","10272","4534","8187","6832","3876","8929","3053","4570","4786","5289","9468","7239","4268","10531","12956","4708","17594","8578","8402","12416","8498","8944","5169","9818","4920","7591","7881","13131","12681","7823","9870","446","2170","10279","5073","4047","7990"
"0.29_339.12","1892","5043","7924","4451","1977","6639","824","1124","877","1128","256","826","1812","13696","1843","2875","1852","2651","7551","682","781","1382","3217","10417","1861","1316","1695","634","1250","2983","5051","1238","3873","8115","589","1833","2099","1005","1364","1009","2170","903","1484","498","3930","1847","8737","5035","1870"
"0.22_162.12","7132","11828","16822","18271","14465","15286","2886","4079","1877","3442","3548","1886","3295","29295","4410","5479","2778","4387","3747","2366","5873","8000","6331","2874","1443","4935","6369","2030","1388","4486","7694","3715","4939","3439","7093","6412","4235","3038","4996","7598","1688","7268","4283","1537","16636","3306","5138","10833","5820"
"3.10_909.62","3571","3712","2778","3876","3476","3278","3808","3937","3292","3862","3859","2666","3074","4259","3712","3674","3619","3325","3800","3605","3869","3362","3162","3746","3714","3612","4114","2020","3186","3577","3169","3495","3681","3139","2119","3567","4170","2859","3967","3856","3624","4305","3415","446","3261","3456","4839","4346","3485"
"3.20_853.73","3524","3280","2666","4733","8923","2911","3321","3249","2422","2836","2852","5047","4676","4561","3567","4438","2525","4218","2942","2397","2909","2997","5343","3394","3268","5571","7290","2541","4642","3476","3979","7481","2819","2836","1404","4642","3154","3272","4719","5180","4215","1569","3523","210","963","3183","3900","2830","5065"
"0.32_301.29","55845","14635","13374","50525","16377","11617","10953","10782","19988","10088","8367","22182","8529","23096","22919","7205","5609","23558","11768","10925","7919","19403","7089","9385","54329","14492","7584","328139","73935","21573","11210","9280","10816","16137","14840","14420","11628","55487","4749","9109","4634","13146","11254","10754","24482","7989","8909","9451","11479"
"3.65_779.70","2919","3002","2912","3092","3591","1533","4429","5772","4684","3512","3002","5761","3227","2786","7042","5638","4219","7726","5123","7525","7267","9893","7151","6154","5877","8215","9269","4946","7645","6399","3636","4500","4504","9108","1871","7691","5281","8792","7308","9983","7967","7512","7137","462","3761","9616","9595","6033","6603"
"2.16_840.51","5349","6078","4880","4633","4916","5446","5026","5136","5460","3814","5221","4632","5983","5581","4972","5875","4793","5289","5427","5540","4348","4202","5170","4295","5201","4657","4935","4927","5801","5136","4999","5371","4913","5467","4662","4212","4253","4580","6288","4186","5539","5266","5575","0","4806","4878","2631","5118","3149"
"2.24_1536.17","7600","10331","8596","7230","7283","6122","5833","1190","6423","5733","8512","8833","10360","9675","7742","7816","9713","6033","5853","6728","7691","10584","7169","7298","6009","4482","2213","4462","3276","7295","1519","9094","9446","6181","3680","1870","6374","5105","9407","6123","4788","5498","13772","473","6124","6601","13868","7690","14768"
"1.99_904.63","3365","2901","4717","4840","6552","2237","2809","5358","4195","4663","3104","5953","6820","4008","4581","3562","3677","4924","3535","3710","2796","7044","5571","5269","4868","6956","7138","2769","6404","7697","3851","4587","3905","4695","2328","4032","8706","2965","7485","8552","6818","6416","3969","235","2332","15521","9998","4222","7439"
"0.33_297.24","2756","4800","6753","5709","6302","3926","5505","5414","3129","8054","4917","5161","1955","7269","8189","4287","4675","4094","5106","5982","4210","2778","9277","30039","3907","6327","4993","2993","5056","4201","3467","3073","3103","3014","2356","4230","9663","1976","7459","4576","5944","5704","7745","840","2618","5549","6855","4426","10042"
"3.68_928.83","7756","8392","7368","15646","10115","7059","6558","13227","6839","8795","6393","12947","9325","10788","7046","7726","4647","6452","3788","5732","7489","10081","11856","6899","6854","9266","16511","8042","8031","6830","10329","16571","10667","10254","3781","10683","7976","7131","12187","10543","10170","3182","6990","680","2212","7369","14027","6597","10229"
"2.05_691.57","4222","3854","8201","6753","7486","6581","3707","3214","4973","2779","3746","8135","6871","5209","3500","3471","4134","4869","5042","4923","4447","6243","3746","3668","6367","3294","5735","4024","4801","4242","7155","4142","4201","4756","3148","2699","3812","3673","2866","6341","4386","3597","4695","251","7951","4704","6815","5911","9330"
"0.18_128.04","6765","8085","55107","31775","8159","31600","2195","3977","5540","5594","1963","2800","3386","25538","2791","2495","3697","3717","2983","2491","2320","12301","5100","3834","1741","3206","4825","8953","1931","2967","8387","4421","3537","2471","7482","3374","3367","4258","2238","3842","1971","7276","3699","2462","10937","3556","4817","3839","3304"
"3.77_929.74","8040","9314","6555","7668","13196","3058","2915","5764","7066","5676","3349","13053","9018","8075","7739","5856","5041","7221","4164","4179","3660","2550","10448","6864","4714","8112","12517","3366","11334","7961","9097","12526","5269","5192","3396","6846","6610","4824","5089","14835","9724","6011","8067","597","1924","16655","5873","2879","6642"
"0.20_187.04","43364","17423","144182","99219","18557","85913","4240","4887","8884","15110","17991","5162","18446","130261","4357","5245","5110","6131","6553","14781","14571","12446","7235","5987","6401","4664","9625","8109","5408","5075","16939","9095","14665","3094","5010","4820","21086","6498","21555","8617","4863","13203","4490","7383","26746","13510","14694","26980","7071"
"2.38_747.57","2749","3858","4140","4387","3241","6137","4727","4556","4633","3554","2958","5424","3413","5009","4398","5383","4782","4158","3165","4227","6173","5646","4419","5964","3205","3169","4733","1508","5003","4149","3645","4835","4560","2902","1760","4411","2313","2702","5892","4476","4102","4361","5548","282","2872","3914","6150","3964","13964"
"2.86_785.71","5328","7864","5646","7264","8522","6066","3696","4316","3877","3309","3449","8667","6300","5896","7356","5269","4248","6031","5397","4922","5795","6138","6005","5729","4727","3702","6539","2606","4781","4544","7484","7317","5579","4295","4129","6270","4379","4153","5371","8479","6540","5078","7010","455","6076","7060","7187","6963","9977"
"3.37_934.83","6339","4841","5562","7728","11839","4151","6087","9473","7568","11432","7614","12837","4989","8319","8798","7180","8246","8512","6388","7956","9545","7603","12520","12516","7481","6860","13858","4184","11326","8453","8760","15366","6867","5687","3447","7871","9498","6005","10506","13399","9787","7147","9646","361","1723","8213","11034","4997","10955"
"0.30_536.33","2624","3648","5242","4522","3618","4577","2092","2873","1743","1701","1372","2537","1491","5144","3155","2715","2757","3018","2693","3238","2449","3273","3718","4208","1424","2602","3661","1486","3048","2409","2378","2108","2328","2341","2532","3818","1935","1223","2563","2398","3881","2189","2787","468","7556","4605","11252","4359","6032"
"3.77_994.86","23560","26214","18698","23569","36245","9786","8461","17520","22880","17915","8969","35778","25080","24261","23208","17752","14421","19285","13815","13679","11584","7035","28404","19865","13365","23607","36463","9202","27287","23069","25278","36414","13798","15028","11220","19063","16926","13206","14585","41008","27772","20425","22504","1152","4619","48028","15677","8678","17719"
"3.14_1003.87","4367","3951","1773","3519","4597","1537","2002","3512","2662","3459","1950","3147","3818","3018","3768","3272","3028","3764","2143","2804","2700","2762","6515","3734","2690","7606","5091","1302","3887","3413","3020","4257","3220","2850","2323","4396","5976","1980","5571","4552","4671","3546","2823","285","1436","11001","5187","2441","3035"
"3.47_800.70","7062","9559","6622","7143","7542","7210","3320","4814","3890","4617","2595","7261","8374","6911","6188","5585","4012","4715","5276","4991","5741","5043","3963","5376","6528","3991","7063","3414","5315","5761","7206","7328","5203","5000","3737","8486","3023","5749","3971","6753","6026","4703","5738","0","5592","6400","8295","5817","6728"
"3.18_881.76","4055","2969","3512","4621","6952","2640","3356","6873","4752","7254","3155","10727","2941","3402","4324","3960","4705","4615","4770","3780","3793","3393","9372","5299","3447","6209","8510","1408","7166","4845","4770","7822","4231","2999","1914","4210","2618","2737","6138","10042","6253","3963","5724","338","1085","3216","5655","2188","7922"
"2.59_870.56","2390","3427","2765","2994","2624","2373","3173","3686","2659","1993","2616","2980","2809","4606","3055","2593","2283","3048","2492","2761","3963","2610","2827","3751","2527","2682","2839","1573","2977","2700","2673","3568","3131","2005","2103","3086","3185","1554","3099","3046","2574","2611","2603","288","2586","3349","2983","3650","3707"
"1.15_536.47","13341","10566","27283","21081","26441","25002","16869","10515","15852","12310","14842","21495","15270","23856","18190","13494","24185","17979","18816","19016","17010","17261","18002","16149","24165","12985","23363","13395","18197","26083","18176","16338","14637","15474","8620","9969","13117","13522","17590","18583","9728","17166","17094","816","23463","12804","17299","15612","12228"
"2.75_714.60","6538","6329","6937","7409","9991","5446","4692","6179","5167","8202","5788","11269","4921","6737","9227","6286","7512","10131","10966","6448","5813","11024","9025","10082","9377","6344","10215","3242","6719","8238","7463","9503","5868","6388","3444","8594","7791","5329","6341","11650","8590","8797","8798","614","5483","11163","21039","7680","18731"
"2.09_690.51","4938","3973","4595","4432","3162","6652","9568","5964","3363","16568","22228","2365","1383","3152","6586","2822","5250","5912","12267","3404","5231","2580","4798","4423","4490","5489","3889","1270","2475","4129","3398","3123","1816","1339","1208","3860","14245","2449","8031","1761","2366","8407","2038","703","9480","3429","8291","4839","4137"
"0.46_329.32","20310","8268","6922","18452","7045","5796","10593","5098","10455","5553","4927","10784","3177","9728","10326","4707","3544","10588","10072","7533","3489","8795","4448","5246","21936","7193","4956","193893","39646","10505","4919","4627","6424","6411","8953","6986","5171","35381","2290","4134","3309","5391","6578","5864","11536","3438","4318","6332","5938"
"3.84_575.50","9922","9492","6937","16342","16807","4344","6277","13777","7220","7755","4553","18659","15327","9736","7850","8663","4558","8713","4590","5645","5995","7237","13028","8857","5338","15574","22725","5206","16550","7531","12333","21634","8877","9873","2793","11082","7277","5523","10441","21076","14573","3849","9329","812","1795","8824","17187","5335","13097"
"3.84_601.52","6766","6670","2953","8341","6539","2059","2979","6651","3175","3764","2766","7261","7473","4795","5051","3830","2757","4410","3233","3055","2362","4688","7175","4979","3261","12540","10220","2782","4807","4038","5363","8249","4621","5532","1878","8046","5188","2653","8061","6412","7560","3515","3528","1018","1982","9013","11978","3072","7326"
"2.89_778.66","2572","4065","1641","4863","3263","1747","2044","3211","2583","2217","2301","6145","3504","3447","5408","2712","2316","3661","2613","2788","2478","4194","6729","5505","2524","5471","6169","1982","5231","3182","3233","4081","3303","3203","1444","4122","3252","2659","3107","6348","7118","2853","4933","409","1473","13115","4980","2499","4875"
"2.14_848.66","2593","3468","4727","3945","3443","4664","3425","2221","3267","2839","3391","3781","3199","3523","2880","3629","3602","3431","3314","3522","2769","3088","3685","3614","3072","2555","2401","1923","2467","3401","3278","2675","2607","3371","2022","2819","2449","2908","2819","3169","3066","3648","2900","121","2822","4380","3373","2829","3526"
"3.13_950.84","6912","4233","5994","7393","8737","3731","4866","7517","6025","8689","4331","11661","4008","5205","6721","5473","7174","5802","5962","4923","5766","4111","13199","6768","4665","7033","9530","3361","9059","5686","7967","8990","5757","4288","2678","7176","3924","4667","9782","10646","8417","4562","7972","235","1995","5706","7073","4097","8072"
"2.70_802.63","2747","2817","1896","3619","3350","2451","2658","3263","2881","2256","1987","3523","3118","3186","4003","3097","2253","2424","2922","3098","2884","2922","2424","3886","3105","3458","2917","1307","2443","2987","2855","3499","3906","2266","1211","4204","2529","2053","3483","2566","3173","3512","3705","316","2095","3189","9722","3848","7748"
"2.07_783.52","7762","7858","7200","7769","8815","7749","8153","6629","9781","7587","7321","7223","8115","7486","8377","8613","7946","7993","8093","8794","7719","6733","8130","7271","8572","7471","7163","7311","8870","7837","9348","8391","7543","7596","7572","7641","6885","9081","8439","8263","8828","9090","8100","792","8799","7784","4997","9075","6125"
"0.20_186.05","11446","5042","39547","27628","5427","21083","1343","1309","2524","4377","4507","1495","4146","40951","1370","1533","1520","2095","2137","4065","3808","3272","1765","1310","1811","1537","2861","2097","1280","1772","4787","2440","3672","911","1700","1115","5066","1798","5517","2372","1178","3781","1584","1729","7207","3120","4211","5953","2422"
"3.12_800.67","1812","1984","1472","1009","884","3113","2631","11248","5733","755","2825","11220","2476","2513","5488","2353","1273","3840","3134","4303","2325","7213","2076","3785","1293","2058","5828","1624","11364","4679","2200","1869","11481","1693","948","7188","2584","2021","3143","14373","12453","4048","9691","255","2104","4401","11528","3365","11955"
"3.99_984.90","55255","76572","23568","62970","60039","18029","28649","55766","37141","43992","26553","42720","80540","52726","49919","42155","26733","46727","31128","31574","27699","55446","47382","52110","44693","86618","70014","33916","40183","49246","48826","60676","48849","53476","29367","72213","66108","29907","64923","51942","61650","46204","30046","8319","17442","125494","81208","37349","55393"
"2.07_741.53","7076","7565","7048","7092","7932","7401","6570","7411","5036","6746","6304","6698","5202","9597","7335","5789","7014","6611","6599","6101","6335","7407","6292","6575","7596","4877","6235","2706","5421","6584","5831","5838","6960","4715","3325","6380","6802","3785","8468","5874","5603","7556","6300","901","7593","6208","8928","7907","7069"
"1.67_672.56","4512","4454","5186","6028","9683","5752","5050","3596","3869","6667","4814","8295","3224","5231","10663","7803","8036","13458","12901","7609","8572","9167","8309","11086","7895","5770","8046","2548","5939","8510","5532","8120","5809","4423","3380","9158","7615","3733","8391","8250","8911","8440","10358","431","5379","11696","13903","5366","14265"
"0.80_394.35","2393","2715","2573","2759","2627","2153","1673","2627","2219","2687","1885","3089","5559","3633","2565","2054","2144","2135","1894","2007","1823","2290","2300","2986","2896","2651","2210","2179","1896","2377","3250","2869","2539","3023","2589","1722","2217","3523","1776","3018","2082","2192","2885","1678","2516","2319","2341","1849","4017"
"2.06_858.59","4729","3214","4009","3009","3304","2298","2522","4501","3287","1958","3204","3540","5408","3342","3123","2390","2078","2757","2122","2652","2622","3083","2048","2178","2222","1530","2396","2038","2323","3620","3298","2876","4016","3301","2275","3251","2673","2778","2174","2653","1998","2994","3087","142","3833","2738","3749","4529","4158"
"2.21_782.66","4472","4265","4485","6666","7426","4586","5500","4026","7304","8335","6515","6953","4711","3723","8352","6302","8186","10030","12939","6420","6331","5013","9098","8282","9909","6992","5484","3476","5820","5359","6469","6787","4397","5080","4669","6614","7316","7558","5915","7311","7705","8752","6394","109","5564","9594","6287","4992","7665"
"3.39_898.76","4544","6087","4545","6351","7971","3130","3445","6257","4887","7030","2909","7847","5203","4752","7666","5036","2058","7464","5160","5478","3622","5293","9795","9468","5666","14949","11075","2716","7778","3460","4890","11181","3842","5791","3240","6614","11808","3825","8975","9885","8910","3615","4463","620","1899","20737","13945","3445","8512"
"2.61_654.58","2999","4269","4027","5774","4805","4496","1814","2411","2136","2109","1617","3860","4282","4964","3217","2613","2075","3227","3056","3273","2537","3612","2222","2300","2376","2427","2802","2403","3511","2676","5819","3215","3202","4161","2396","2454","1574","3837","1371","3017","4134","2118","3652","355","2815","3560","3097","3023","3023"
"2.39_868.54","2883","4438","3490","3765","3957","3496","2694","4507","3514","3258","2505","3283","3789","3328","4214","4534","3472","3200","3529","2922","4197","4130","3758","3606","3014","3201","4157","2337","3152","3127","3103","3380","4231","3569","3482","3359","3024","2734","3542","3224","3247","3130","3389","84","4215","3894","3179","4862","5037"
"3.19_738.67","5200","6354","6540","7951","8995","6719","6422","7430","5795","8403","8684","10580","7565","8323","10182","7396","9321","7685","9447","8503","7604","8689","7416","9492","10222","6008","7284","4598","7314","6828","7945","8063","8421","7023","4765","9554","6044","6369","6284","9337","8568","6029","9786","348","5427","8301","12519","7323","15067"
"2.14_838.61","4487","4824","7371","5533","4425","6772","5414","5537","5900","2906","3942","6337","5417","7122","5755","4793","6032","4218","4176","5777","6692","6056","4659","4915","5918","4427","3914","3901","6896","5340","3640","4467","5034","5521","4110","5345","5840","4256","6470","4785","5637","7187","5813","213","6699","5866","6289","6735","8440"
"2.33_746.57","1297","4193","9287","8987","3830","15529","3471","1958","5451","10215","1393","3263","1525","914","1756","3377","19653","3960","7837","6313","1502","6677","3173","7527","3298","3158","865","1634","5824","1448","1198","1741","1478","2459","1581","5039","1737","3187","7173","1200","2872","1619","3454","410","1812","4890","8127","6321","27854"
"2.16_847.65","3992","4508","6892","5284","4769","7084","5832","3822","4840","4262","4430","4941","4365","4921","4368","5177","5882","5564","4646","5907","5295","5363","4254","4930","4021","4613","4322","3417","4719","4823","3839","3909","3652","4719","2917","4623","3926","4175","5331","3942","4468","4835","4259","327","6473","4988","4383","4225","5032"
"3.35_988.85","4037","4591","2877","7433","6671","2219","5374","8102","7193","6843","6498","12916","5580","4792","11801","6535","8116","11987","7552","8868","5991","6663","18814","9594","6665","14447","13380","3393","12473","7213","7841","12327","8920","8873","1575","9595","5612","7119","8944","18740","15675","8297","12468","486","2165","12758","10919","4569","13895"
"1.79_518.46","3510","3166","2168","3612","3563","2713","2024","2049","1862","1715","2231","2288","4188","3576","2188","2083","2082","2231","2537","2632","2820","2788","2634","1663","2458","2508","2374","1929","2579","2707","2933","4104","3384","4241","1732","4330","2401","1931","1483","3018","2193","1825","2297","320","1811","3464","3262","2170","3075"
"2.75_639.55","1447","2173","817","698","1866","370","3622","5606","6310","8225","3282","2515","2620","568","3890","4397","7058","4952","5336","6602","6925","4659","2282","5110","4031","4011","2713","5759","2229","6181","1075","2843","4328","2730","4387","4029","6622","5774","4886","1593","2772","5427","4858","163","5329","2972","2268","8669","1825"
"2.42_603.53","3536","4025","2372","3894","3091","3135","3120","3777","2788","7116","4056","2457","3069","4242","3537","2840","3854","2778","3872","2674","3434","3477","2645","3273","5346","3077","3547","2188","2651","4277","2782","2584","3481","2729","1194","3108","5829","2078","4234","3158","2310","2821","3275","204","3856","2675","9357","2445","3864"
"2.35_780.69","5144","5523","8550","5942","9147","6340","6263","3808","5106","8888","7922","6957","6824","4768","7229","6059","6330","8380","12523","6611","6614","6117","6120","7678","10908","6084","4927","6890","5532","6221","7121","7314","5129","5994","7062","6958","8520","8028","4665","4778","6280","7899","5479","771","6278","6928","2670","5388","5228"
"3.31_768.71","12835","18105","14253","16874","19404","14577","13213","12545","15046","17380","15281","23860","13724","17755","27407","17448","19356","22717","33090","21050","21075","21669","16691","25911","27208","13390","16535","10392","11909","15057","14493","18594","13781","13235","15657","18032","19873","12464","18525","17612","19980","20502","22100","2845","12324","24903","32185","13715","44075"
"1.97_747.60","5148","5560","5895","5875","6259","4119","6614","5354","5724","6761","4389","6275","4674","5784","6739","7205","7654","5915","7013","6542","6540","7061","5411","5504","5803","4320","8551","2482","5070","6884","6317","5560","4747","4364","2744","7722","5247","3239","5179","6683","5643","5362","6623","331","4580","5167","12127","8093","8605"
"2.73_770.69","2993","3093","3357","2874","2832","2939","3619","3096","2738","2962","3719","2990","2432","2655","3559","3372","4135","4907","4957","2923","3231","4541","3164","4747","6401","3434","3871","2594","3727","3592","2328","2777","1859","2162","1949","3804","3190","2996","2949","3908","4782","3485","2689","279","2546","2818","6132","2461","6965"
"4.52_1068.97","26864","20079","42876","23162","24355","40156","17356","6467","15007","21039","9996","6248","14915","19827","13095","15845","20812","20625","18536","21065","19494","15630","15860","15195","20836","14440","11637","14524","5608","18104","16184","14617","7960","14019","25727","15257","15137","25634","13927","5648","7786","24448","12004","1654","31828","19985","9321","18067","6148"
"2.54_678.60","3604","2550","4941","4190","4343","4312","3685","2633","2843","2813","4394","3448","2023","3160","2033","2864","4838","3174","4738","3331","3021","2961","2623","3287","4591","3431","3725","2798","2252","4732","3521","3277","1996","2134","1673","2378","4788","3578","2661","2306","1855","4657","2534","470","6825","2802","4059","4134","2145"
"1.85_799.57","3927","4332","3908","3432","3286","2765","3070","4508","3853","2511","2287","5085","1874","3364","3836","3952","3270","3099","3568","3904","3479","5134","6719","5133","2827","3699","5195","1989","4669","5051","3561","4084","3840","2674","1995","3857","3575","2731","3364","2856","2631","3611","4634","101","2191","4401","11698","4012","7639"
"1.34_728.49","2577","3882","3438","5517","4724","2916","2498","3878","2044","4027","3248","2962","1896","6858","3044","2421","4196","2808","3188","2857","3064","4274","4717","5268","1744","2837","3846","2262","2796","2137","1909","3642","3490","2847","1435","2835","2819","1623","3815","3674","2964","2930","3054","527","2197","3999","10093","3859","5380"
"1.97_820.63","3843","2648","3407","3348","3115","2952","3192","2863","2160","3420","2743","3242","2172","2866","3783","2532","4110","4135","2780","2701","2353","3161","6375","3003","2619","6514","4588","1696","4896","2692","3361","3502","2925","3661","1596","3798","3410","3432","4944","4287","4291","3941","3634","366","2377","7091","5725","3026","2005"
"1.98_857.63","3296","2461","3241","3101","4184","3613","3858","3146","2387","3215","3325","3394","2447","3173","3394","3382","3551","3999","3717","3003","3244","2044","4028","3312","3172","2656","3503","1567","1987","4003","2073","3049","2851","1792","2494","1937","2561","2069","2970","2994","2548","1631","2629","84","3030","4046","3664","3013","2751"
"1.98_601.52","9304","9804","8326","9887","9063","6056","6297","6952","4664","13241","8620","7670","9814","9731","8818","7948","8900","7644","8035","4916","7052","7875","8882","9738","7506","7222","11043","2999","5384","8728","8048","8408","6842","5936","3928","8747","9461","3363","8365","9079","6863","8603","7305","500","9245","11102","17865","10323","9732"
"2.28_719.61","4866","3842","2646","4281","4433","2830","3238","2767","2814","3505","3001","3579","2763","4045","4919","3763","5126","3449","3309","3737","3585","4007","3683","3687","3379","2333","5843","1661","3659","5023","3575","2774","3340","3982","1516","3375","3209","3231","4029","3359","2542","4187","3691","142","5117","3095","9651","6645","6322"
"1.88_600.52","2337","2551","3781","1872","2861","2565","2064","2217","2365","2777","2289","2047","3348","2945","8768","1529","1728","5730","2458","9917","2656","3114","2732","9493","2045","2261","2611","2176","1981","3208","2348","2789","3081","3108","1999","1986","1754","2379","2227","1717","1717","2406","3000","1765","2571","1638","1879","7052","3044"
"3.60_754.71","3152","4851","3334","3883","4115","3397","3494","5211","3792","4204","3977","6559","2609","3045","6765","3575","5467","4307","8338","4140","4289","5771","4388","5454","4786","4040","4640","2055","3884","3106","2757","4750","3593","3284","3293","4269","4600","2356","4689","4811","7280","4384","4700","313","1945","5203","9407","3465","12701"
"2.53_743.63","3069","4096","3221","2959","4518","3375","8496","5942","5227","7995","6869","6397","3712","4173","7537","6905","6885","6789","10359","6629","8702","8212","4234","8625","10759","4462","6247","3616","4085","6930","2904","4713","5433","3970","4292","8187","8638","4793","5697","2845","5116","6772","4861","291","4744","5429","9892","5603","10553"
"3.79_1006.88","4288","6025","2781","5875","4709","2221","2625","3582","2649","1676","1711","3298","5632","4519","2290","3934","1515","2001","1508","2618","2715","3586","2635","2172","1537","3202","6491","1725","2200","2695","3758","4051","3632","2915","1762","4406","1760","3124","3009","3301","3212","1800","3453","343","1682","3647","5179","3266","3482"
"2.53_798.63","5566","5894","4408","4707","4716","3651","4458","4597","3095","3031","2780","4727","5759","5491","3642","5110","3702","4336","2544","2879","3215","8797","4261","4028","5388","3710","7652","2456","1939","4575","4053","4936","6173","4368","2464","5124","4103","2448","4677","3732","2674","4109","3847","420","4792","3505","11786","5769","7657"
"2.88_823.63","3436","3528","3404","3480","3572","3061","3545","3357","3640","3224","3500","3728","3029","4137","3689","3725","3222","3334","3027","3684","3676","3728","2973","3567","3048","3057","4532","1374","3414","3736","2931","2892","3512","2972","1714","3843","3310","2361","3649","3566","3426","3976","3676","118","3192","3701","6707","4261","4346"
"1.19_371.10","14433","2903","4403","3262","4748","2757","3101","5162","6975","5654","86055","3942","5210","3601","2742","6961","3862","2315","4807","3601","3346","9834","3463","2120","5445","5584","2246","2876","16284","2352","3187","4593","2547","4746","6597","16016","3367","13108","4146","4255","6382","4416","4493","2452","4732","3424","10453","48800","3851"
"4.25_962.91","107799","75924","89514","95990","101298","48920","106140","263051","182752","168434","71984","236796","143571","191995","167095","103843","155283","82516","66955","107532","114762","112987","150274","138980","66148","86924","179787","63795","149492","124499","144666","136767","122792","112782","48546","110864","55137","73456","110382","143173","189191","176804","164273","7377","22674","96445","130878","108619","222230"
"3.02_1102.83","5766","4854","14494","9022","17195","5892","6521","13245","18559","5547","7505","24430","22228","4056","9230","10090","8984","12500","4745","9779","6592","11850","12670","8422","7322","10934","17997","7741","23831","10835","13386","14161","13754","19771","3839","7736","5512","9950","12144","29916","19089","12035","15136","731","2475","11318","13421","4468","18459"
"0.80_438.38","3550","3689","3614","3323","4051","3512","3181","2403","3329","4216","3559","3548","5939","5126","2877","3242","3801","3493","3067","3329","2373","2739","2634","4254","3021","3857","4542","3064","2834","2931","3851","3091","4254","4223","5525","2618","3333","3259","2490","2596","3552","3237","2808","3119","2792","2962","3104","2930","4120"
"1.72_803.24","7931","1577","2770","1704","2436","1593","1425","2435","3016","1795","41449","1804","1727","1886","1352","3248","2164","1557","1953","2039","1252","4324","1552","1308","3210","2476","1367","2142","6572","1580","1534","2185","1555","2343","2212","6202","1222","5494","2149","2666","2852","1851","2078","1504","2024","1794","5143","26988","2193"
"1.79_431.35","3026","3708","2762","4600","3422","2726","2635","2584","2334","1688","2623","2851","4707","4493","2677","2481","2399","2431","2179","1783","3585","3969","2622","1868","2325","2641","3440","1799","2928","3343","2935","3799","3858","4391","1172","4244","2678","1792","2512","3514","2895","2404","2798","285","1572","3105","5380","2401","3950"
"1.53_777.58","2940","3656","4222","4023","6739","3292","3161","4838","2292","3704","1802","4646","3692","8147","3943","4090","4803","5138","4788","4329","3257","5101","3698","7706","3411","2405","7932","2652","5385","5395","2711","7945","4801","3790","1965","4659","3149","2208","3350","5655","3951","4622","3771","576","3277","4611","10681","5386","9094"
"3.98_881.75","6223","7297","4745","8929","8969","3683","4540","6608","6247","6214","4111","9721","10223","7588","6237","6473","5251","5757","5459","4859","4845","6175","7830","6682","5109","8261","9221","5098","8141","5531","7253","10510","5729","7940","3892","6734","5058","4888","5032","11130","9585","4842","6608","445","1742","7019","7342","3688","8197"
"2.88_924.78","2233","2482","2067","3133","4844","1928","4828","3457","4754","6315","3985","4355","2201","1777","6168","4199","5620","5911","5623","4001","4467","3846","8333","5769","5157","7690","6208","1745","5938","3862","2973","5873","2668","2718","2409","4409","7183","3221","6732","5255","5573","4140","4240","465","1044","5899","5845","1753","6533"
"1.61_683.52","8458","7205","17805","22652","18211","9971","3141","3068","4527","4607","2491","7028","4024","21466","4863","3882","4042","5361","2947","3580","3101","2949","8976","4166","4727","6687","5621","2452","5918","4047","15266","10128","4131","5716","3619","4098","3771","3502","4602","6401","3857","3051","4430","461","2741","7692","2715","2867","3232"
"1.76_642.55","3205","4091","6189","6834","6986","6149","3127","2529","2328","3174","2545","4565","2179","5021","8548","4297","4812","7669","6106","4997","3906","7237","7538","5557","7342","5505","5172","2034","4515","3706","6522","4970","2450","6073","3049","4699","2564","4403","3876","4873","6203","4841","7246","214","2909","11029","4409","5423","6677"
"3.35_920.83","4659","4149","5454","5903","5768","4671","6505","11066","6280","16689","8631","15343","3432","6361","7525","5186","7147","6869","5135","8897","11593","9883","16357","9994","5372","5923","8181","6388","8995","7389","5554","8287","4907","6208","3294","5028","8345","6170","11823","8543","8952","5735","11530","456","1625","6704","10888","4744","13727"
"2.95_792.67","6533","13643","7215","13470","13354","3674","3616","7312","6059","7226","4264","11714","9009","13472","12345","6202","5252","11269","6165","8093","4021","8408","18209","10393","7249","16048","16416","4151","15060","8538","8814","12682","8461","7762","4783","9437","10401","5924","10861","19304","19612","7848","8375","1755","2507","61134","16654","5409","10919"
"0.49_228.27","5420","2471","481","867","1054","2712","3439","1574","8289","2148","1399","6816","1598","8886","1772","1383","1372","2431","3361","1709","799","2370","2876","7417","10008","4208","1165","5662","5460","3954","1859","2229","2503","667","1038","1528","2543","2204","1774","737","1246","2076","3185","1653","1770","636","8134","854","850"
"1.34_803.53","3468","4158","2533","4221","5804","1884","4752","6084","4339","3529","2675","6816","2429","7769","9431","8960","5405","15187","4116","11948","6994","9057","15128","11057","1982","7472","16433","2344","17189","16120","4924","12934","7737","11096","1367","11014","3876","5568","7180","14451","9397","6892","13589","777","2532","19485","17224","8380","11416"
"1.30_419.33","2547","2835","3365","2703","2369","2809","2297","2355","2254","2608","2503","3049","2990","4951","2991","3333","2671","2499","2496","3290","3204","3229","2756","3967","1600","2329","4085","2444","2964","4172","3696","3279","3001","3223","3193","3663","2607","1824","4225","2520","2265","2236","2595","279","2627","2585","8425","2220","5012"
"2.75_719.56","3518","5673","3797","4982","5275","4412","3201","3959","3291","5887","4032","5982","3768","4455","5620","4296","4759","6922","7059","4211","4844","7117","5554","6245","6781","4509","5928","2741","4179","4204","4821","6141","4509","3904","2531","5579","4653","2851","3666","6459","5440","5694","5327","297","4102","7496","11089","6528","9949"
"0.19_233.05","2099","2023","15744","9948","1704","8779","773","937","795","886","1429","782","1068","14179","651","1121","678","845","788","1050","1494","999","723","1112","525","736","1012","750","864","757","1342","899","1131","650","769","1301","1970","917","1849","868","1138","1124","1022","561","1799","1555","1665","1423","1072"
"4.48_1313.13","5166","4238","4640","14211","19303","2399","3246","6284","5770","4135","4871","28717","1756","7165","5840","5344","4585","11377","8505","6169","4367","7290","10520","9301","13720","7325","7757","5303","4163","4101","12618","14265","4903","6165","1211","6107","4176","5215","5158","24296","12434","6258","12268","819","2102","12922","11014","4330","6154"
"3.19_913.75","2775","3089","2218","4279","5852","1624","2955","2580","4060","3469","4008","4551","3184","2860","5679","3513","3500","4446","3393","3928","2446","2662","6202","4491","3278","7337","7851","1608","5327","3489","3470","5081","2681","2542","1772","3619","5273","1777","5160","6826","4947","4141","3233","209","1282","7546","5750","2496","4383"
"2.34_761.00","3439","3810","3393","3637","3796","2404","2761","4114","2420","2243","2931","3818","3148","4687","3827","4111","4510","3309","1878","3678","3365","3798","3933","4898","3630","2311","4546","1498","3229","4117","2939","4500","3054","2998","1749","3329","2871","1795","5406","4123","2886","3014","3832","228","2416","3633","6038","3266","4921"
"1.61_661.47","6745","4635","14684","16709","13065","6941","1938","2161","3456","2740","3083","5527","4335","15382","3449","3071","2802","4202","1917","2698","2646","2323","6697","3595","4193","4161","4320","1900","3781","3594","10843","7646","2765","3770","2617","2376","2157","2477","3483","5113","2875","2316","3198","545","2082","4137","2298","2618","2586"
"3.59_840.78","665","1377","1534","1833","778","443","5738","36313","19963","3276","8508","31675","1506","856","26056","12520","5036","24606","4799","25201","7690","30946","17298","22236","4855","23252","26209","2266","60282","21212","645","824","25830","12514","777","28229","11849","6469","22115","62534","75743","19460","61003","3090","1182","20468","46407","15341","57588"
"0.92_397.33","3435","4263","5623","4843","2848","4905","3154","3202","2452","3784","3026","2963","3044","8728","3323","3601","2680","4985","3411","4810","4380","5100","4034","5656","3276","2883","6009","3994","4419","5307","5276","5608","5117","5039","4574","5020","4923","3157","6548","2933","2871","3302","3504","319","3627","3136","10553","3313","7533"
"1.38_708.48","3738","3880","6894","6892","6391","4599","3513","5438","4122","3226","2141","5745","3096","10833","7082","4686","3934","6411","3359","5073","5453","7568","6141","7246","2693","3722","9178","3222","11910","7195","4592","4135","5440","3607","2020","6024","2165","2916","5010","4659","6480","3080","4972","337","2794","4042","8393","4692","8243"
"4.24_577.52","6959","5178","4938","6967","7722","3330","6648","25361","12411","12158","4322","21983","10299","16854","14271","6857","9295","5612","4022","6690","6665","7498","11076","9760","3865","7059","19676","3082","13685","8647","9284","11121","7331","7484","2900","7624","3429","3641","7300","14252","16052","10420","11540","769","1720","8953","12918","5903","22816"
"1.56_642.49","6068","4988","13712","16351","14338","7397","1751","1951","1621","2318","1061","3262","2701","20036","2481","2021","2595","3664","1796","2383","2391","2744","5910","2704","2434","3715","3918","1594","2471","2871","11367","7555","2024","3300","2424","2080","1771","2175","2516","2506","2131","2127","2500","548","1577","4459","1976","1742","2055"
"3.39_914.78","2792","4891","1359","2633","4539","409","2858","3656","3524","4411","3157","5531","4160","4852","4328","3095","3001","4019","2617","2912","2469","3764","3844","4581","3603","10934","6275","1461","6983","3069","3162","4899","2217","1716","2065","3143","6457","2575","6479","3885","6231","5686","4257","565","1813","11634","9366","2742","5992"
"0.21_164.13","3059","1844","33764","10802","6151","1473","36007","28882","4343","3039","2006","4576","5121","10102","22436","28277","21837","20125","13689","1920","5053","6078","11686","2109","5298","8727","9871","8953","4012","3788","13132","7137","10287","14134","7229","5009","8414","12471","1284","7275","2826","5811","5312","15413","153697","4785","3581","4772","5075"
"3.28_694.68","7885","7389","5186","6722","6338","6051","7240","5553","6052","8195","7322","3568","4789","7561","4813","5653","7095","5308","7876","7111","7626","6854","4663","5472","5937","6202","5953","3588","4127","7204","5987","5608","5779","4903","2933","6048","7864","4646","5867","3499","3564","8076","6540","259","9830","6106","10490","9995","4927"
"1.88_820.56","3528","2312","4315","3402","2983","3186","2950","2872","2658","1536","2041","4111","2921","3481","2982","3719","3099","2927","2116","3434","3007","3561","3838","2667","2382","2136","3053","2015","3373","3397","2520","2710","3478","3139","1691","3281","1522","3059","2719","2688","3464","3336","3031","203","3257","3024","3377","3912","5501"
"3.98_932.87","93835","87275","97275","125127","133731","69967","69354","193736","111910","128640","101661","212092","130494","145057","106412","98593","111337","101285","67307","94808","102764","130769","136374","130962","84918","98911","169767","90512","157872","123328","140518","168798","120434","117824","50396","101504","107248","85026","112362","192859","149438","75960","149158","6488","21869","111366","174155","72712","162829"
"3.85_599.50","7228","7027","3562","11013","8778","2483","3741","7530","4284","4393","2777","9261","9076","5176","4882","5017","2574","6208","2760","3586","4114","4651","8155","5070","3312","12582","12784","3057","7364","4316","7166","11623","4989","6139","2443","7147","3962","3905","7039","10221","9283","2653","4459","1240","2185","8184","8680","3896","7353"
"2.35_842.52","3988","4079","4383","4018","3115","4376","3660","3437","4154","3679","4282","3678","4219","3604","3162","3746","3386","4246","4128","4232","4773","3770","4137","3197","4278","4323","3491","4172","4613","3848","3887","3639","3752","3945","6532","3470","3525","3480","3509","4737","4530","3505","4331","760","4091","3657","1881","3649","2947"
"3.62_896.75","16022","11418","18248","17623","27278","9583","7301","22620","12409","17080","8500","35460","17148","17808","14935","11624","10145","13569","7437","10358","11261","7847","21239","16778","7553","14840","34842","7050","31517","14575","20750","29158","12444","12162","7292","13095","11006","11220","16386","32065","23576","8331","19472","623","2488","21279","16610","6258","18169"
"2.69_922.77","3535","2251","2814","3620","4592","2370","2986","2948","3769","4041","3530","4808","2725","2089","4532","4216","4507","6060","4035","3464","3260","3433","6939","5106","3339","5331","6287","1523","6204","3242","3520","4440","4884","2931","2174","4455","5461","2750","6394","7624","5354","3347","3792","316","1425","6141","5240","2887","5335"
"3.01_976.85","4828","3184","3021","5664","4277","1591","4233","3776","4891","4754","3564","7337","3016","3387","4959","4789","4199","3652","4059","3244","4082","2918","7134","3215","3183","6536","4379","2115","3815","3280","3670","4994","3738","4013","2694","3419","3010","3467","3795","3150","3600","3400","3785","230","1355","3654","3269","3058","4377"
"2.51_730.60","2609","1997","3581","4052","4416","3621","1805","2308","2746","2959","2256","4032","4709","3459","3399","3070","2197","2734","2814","3497","2886","4989","2637","3033","4064","1933","2666","1293","3277","2892","3656","3861","3438","2500","1327","2897","2226","2380","2379","4420","5183","2492","3441","322","3738","2323","7331","3365","8487"
"2.09_745.55","3215","2940","2133","2013","3363","9306","3240","2674","1691","3112","2476","5351","2740","3451","3172","1450","11358","1136","3041","1288","3311","2846","2420","2912","3964","2818","2939","1138","1769","1534","1678","3161","3493","3192","2016","2262","2410","819","4400","3505","2267","2777","3472","659","2910","2221","4392","4260","4246"
"1.52_699.52","7076","5451","12555","15684","16202","8528","4269","4506","5591","5114","4384","9763","7561","13622","8053","5749","5938","8454","4343","5454","3793","5838","11098","7155","6256","10161","10579","3317","10273","6878","12098","10121","5291","6534","3477","4967","5035","3480","7250","11580","9761","5088","6205","473","3095","9376","5054","4231","7335"
"3.39_1056.86","32745","24162","65169","40321","71704","24055","26291","51677","69693","39297","42563","88195","65169","30016","57290","45015","52688","49821","26017","41846","34648","45969","59270","55225","40914","52291","65596","34828","74830","62801","44474","62164","44236","71058","34473","33924","42619","32694","47643","79045","62164","69866","69549","2552","11944","66084","51749","23211","81183"
"3.44_977.89","4854","4464","5484","5786","8750","3400","5168","4995","6326","8055","6323","7498","4611","7779","10808","6898","10160","7260","7527","5867","6153","5876","12407","10099","8136","9212","8743","4036","6417","6726","5213","8210","4416","3532","5725","5312","8904","4446","6875","8078","8503","8150","3965","334","1934","10703","7088","3387","10332"
"4.49_1217.08","10556","12046","7687","4467","3818","7398","3207","1870","2159","5364","1527","1406","1239","2428","1753","2740","3613","2990","3137","3621","3717","2713","2596","2142","1798","2439","1300","3289","1497","2866","1791","2754","1290","2730","9287","1567","1301","3908","1649","730","1088","2414","1538","255","8064","2316","917","2898","1200"
"1.30_718.47","4403","3107","6739","4824","3911","5314","2406","3423","2680","1664","1628","4533","4495","7485","3855","2662","2456","2731","1899","3499","2604","3304","2872","2797","1794","2304","3784","2292","3299","3927","4224","4266","3399","3435","2338","2839","2186","2502","2210","3429","2703","2122","3616","267","2598","2781","5712","4291","4378"
"0.65_678.44","1909","1529","1387","693","2311","913","1705","3975","2549","1865","2082","3160","2341","2547","3605","3980","3891","3951","2723","4836","4179","4677","2584","6437","1326","3187","5625","2508","4282","5087","1556","4341","3882","2739","3415","3962","3005","3773","4268","2610","3158","3259","4277","225","3544","5299","9049","4811","4299"
"1.99_805.61","4325","4766","3344","4403","5251","3597","5725","4818","4269","5310","3805","4518","3210","5204","4968","3750","5005","3014","3838","4798","5033","5097","5076","4987","3604","3853","5083","2000","3711","6198","3236","3804","3517","3887","2325","6476","3881","3242","5730","6821","4588","4235","4752","325","3625","5908","10251","5017","8100"
"3.60_800.71","21621","30436","28689","21920","25581","29515","15018","18192","19028","13698","16204","26079","30522","19988","25893","20321","17172","20602","26082","21786","20193","26883","14841","26917","27891","12516","17686","16686","15582","18713","23323","24372","21487","20945","22160","27632","15819","19325","18292","19105","19356","21937","21355","831","20120","22909","30253","18224","32061"
"0.54_308.28","4330","3743","8471","690","544","24799","1702","53325","3767","1245","1627","3864","1752","4211","1228","1017","1857","5032","3577","2065","3655","1073","2708","4549","2832","1330","1252","3252","2317","5504","4848","3665","3079","14066","4858","3364","2372","11313","1194","1507","2913","945","40369","5770","3202","6664","839","3741","42197"
"1.49_520.47","3146","2416","6257","6184","3989","4903","2468","1861","1655","2722","3011","2767","2006","5049","2892","3029","3296","3453","5060","2567","3402","2537","3349","2040","2745","2618","3900","1729","2894","3749","3384","2862","2170","2426","2100","1910","3361","2965","2182","2201","1505","2347","2541","212","5477","2513","3934","3384","2814"
"2.04_828.61","2969","3544","3711","3746","4018","2339","3275","4511","3174","3340","3001","4694","3151","5127","6287","4240","3929","4011","3757","3684","5079","4810","3807","4263","2595","3777","4214","1870","3386","4195","3492","2952","3333","2926","2619","5354","3701","2132","4259","3875","4169","3327","3863","191","2630","3809","9913","3944","8692"
"2.73_770.60","4233","3176","3850","5038","4287","2729","3282","3046","2943","3358","3263","4069","3421","4405","3704","3293","3148","3521","2818","3246","3900","3480","3932","3796","3360","3508","4092","1365","3027","3359","3247","4057","3169","2702","1847","3085","2892","2124","2754","3771","3892","3128","3584","288","3215","3890","6300","3141","4355"
"0.98_433.33","3141","2746","10003","4619","4997","8630","2886","2145","3005","2167","2611","4469","3081","6222","3553","3105","4366","3423","2802","4167","3271","4231","4062","3818","2867","2850","4676","2629","4235","5027","3685","2864","2836","2599","2055","2617","2499","2699","3800","3979","2783","4520","3541","333","6884","3389","5925","3968","3389"
"1.97_627.50","2380","1882","2537","2183","2457","1866","3398","1147","1851","2197","2053","1252","1182","2292","3287","3768","3077","5433","3594","4633","4343","5947","3392","3250","843","4715","2644","2487","2354","3449","1693","2218","1676","4663","1479","3056","1979","3998","3989","1968","2253","6359","4031","165","2159","4972","1891","3680","1854"
"1.90_708.61","3198","3374","3300","5187","7637","2451","5332","7056","3931","8390","3777","9066","3391","4748","8703","5778","7024","6155","4960","5026","4566","4118","11927","7544","5659","8179","10006","2420","8842","6994","4487","8537","5375","4292","2053","7124","6367","4198","5892","9803","8242","4993","5570","469","2682","5830","6029","4049","5542"
"2.16_721.48","3099","3489","3409","3615","3593","3030","3265","3253","2632","3359","3694","3788","3310","3257","2846","3866","2842","3457","3215","2991","2830","3409","4315","3578","2950","3288","3959","2723","3847","4550","3244","3681","3255","3670","2164","3130","3505","2843","3378","2995","2759","3153","3434","463","2832","3599","4031","3514","3975"
"1.79_828.66","2824","2182","2984","3418","4820","2535","2715","3193","1917","3496","2452","4109","2668","3734","4173","3180","3814","4356","3526","3805","3330","4843","4301","4845","4161","3103","4413","1525","3730","3704","3960","3653","2914","2343","2545","4726","3071","2867","4032","4305","4194","3628","4273","256","2411","4716","8241","3571","5966"
"1.81_827.66","3365","4093","3653","4659","5002","3152","2406","4619","2443","4036","2150","5154","3119","4456","5560","4377","3187","5553","4290","4103","3668","5865","5105","5031","4563","5898","6177","1875","4481","5230","3695","4189","3216","3063","2025","5571","3614","2973","4657","4176","3715","3638","5690","295","2963","5557","10999","4759","6362"
"1.52_805.58","2692","3227","4144","4056","4111","3540","2688","3438","2279","3706","1893","4405","1887","4288","3470","3676","3462","4095","3141","2953","3310","3680","4574","5334","2080","3010","5307","1986","3741","5895","2507","4130","3466","3274","1055","4281","2026","1976","2681","4893","2843","4112","3876","354","2640","4753","9108","3802","7926"
"0.32_309.17","2189","8028","6184","4414","6397","3525","2666","9051","15275","4929","2249","3795","3361","5809","2851","3378","6176","6160","3802","3091","2106","2485","3690","19280","2151","5606","3027","69671","2331","11457","5040","3276","3930","4551","2751","2194","1980","2702","2769","3605","3838","8722","5116","3612","2924","2110","5906","4304","4717"
"1.19_554.18","11766","2313","3518","2635","3658","2092","2682","4365","5038","4649","63606","2556","4262","3664","1980","5321","3267","2050","3746","3037","2225","7747","2762","1439","4739","4248","1906","2683","14610","2778","2735","4157","2554","4438","5372","13547","2800","10735","3425","3768","5103","3778","4634","1878","2995","2957","8012","38261","3087"
"1.98_775.57","5467","5403","4555","5957","5448","3164","4477","6478","5027","5977","4152","7542","3274","6452","6414","7028","5276","6154","5529","5706","6525","7327","6969","7723","4256","4887","9560","2815","6112","7929","6737","6299","5022","3247","1855","7927","4868","2896","7179","6133","5660","5287","6117","889","4111","9106","19209","7105","10655"
"3.51_932.82","4802","4002","4076","5654","8829","2462","6128","5796","5439","7945","6230","11972","4568","4621","8359","5079","8507","8687","6207","5527","5534","4976","13062","10604","7045","8862","10300","3024","9303","7345","6520","9971","5139","5740","4055","4598","6817","4131","7926","15111","9279","7458","9982","479","1755","12872","8818","4162","9538"
"3.05_692.67","7757","7342","6481","7284","7925","5037","6513","8314","5703","10204","9008","6857","4702","7056","7006","7220","9818","8462","12702","7273","7148","7304","7000","8122","9360","6768","9746","3866","6133","11283","6168","7033","6418","5247","2268","6126","12845","5178","7115","7259","3877","9708","7687","858","10816","7301","16088","11142","7441"
"2.06_822.58","5119","4912","8815","6788","6165","8803","6125","4468","6196","4001","3241","8662","5136","8483","6565","5690","5979","4440","4178","7432","6930","8921","5104","6088","5370","4552","5904","4052","6514","7982","4532","4619","4868","7006","4524","5688","4357","5523","7376","6481","5325","8111","6680","96","6664","6506","5297","6555","8750"
"1.33_774.53","1862","3390","3963","4159","3872","2063","2367","3344","2779","2895","1864","3754","2214","4439","4279","3252","3234","4262","2387","3166","2667","3832","5268","5081","2333","3575","6968","1534","5470","3929","3202","5140","3301","3170","798","4758","3713","2433","4251","5701","3781","3744","3539","188","1895","6170","7210","3054","7327"
"3.60_948.85","6782","4948","2670","7122","6062","3173","6812","12106","4917","7403","4439","13216","4245","5458","10680","4008","15071","4151","6753","6163","8886","7124","18688","5080","5302","9428","9538","2864","9283","7043","9867","4460","3679","11593","1492","6811","6677","5826","8435","14205","13534","3357","8099","445","1827","7417","4836","3141","8197"
"2.72_830.68","3504","2585","3317","2970","3669","2399","3005","3477","3016","3178","2409","3511","2632","3142","4052","3858","3657","3345","4105","2760","4346","4791","3025","4866","3200","3054","4318","1773","3126","4045","3288","2986","3038","2354","1235","3913","1901","1921","3059","3955","3818","3262","3436","124","2894","3173","10867","3628","5542"
"4.49_1231.09","13549","13966","7883","5177","4814","7429","3889","2330","3006","5537","1975","1878","1579","2757","2060","3354","3925","3876","3757","4972","4507","3196","1997","2302","2220","2858","1578","3729","1519","3160","2188","2705","1454","2785","10791","1711","1861","5436","2376","1161","1356","3272","1429","598","9107","2389","1401","3597","1605"
"2.48_769.59","3433","3747","2943","2530","3764","2633","2606","3353","2333","2614","1888","3714","2478","4016","4010","3651","2773","3429","3193","2289","2755","3840","3348","4185","3274","2411","3723","1688","2647","2707","2768","2686","3170","3092","1587","3642","3228","1911","3600","3413","2701","2805","2620","281","2604","3863","7177","2930","5417"
"3.83_930.85","51546","51732","49741","72019","70121","41245","39873","76216","49430","59783","48876","87407","67241","68725","52394","55879","46521","51064","31317","48447","45854","53929","68086","54941","48192","58012","96412","45117","77729","51365","71480","94664","53006","57137","27877","52399","69476","45313","62271","95719","73649","27553","59618","1932","14244","57277","85969","42192","69682"
"3.51_754.70","4000","4822","3485","4187","4192","4198","3953","4116","4553","4750","3425","7465","3352","4732","8554","4021","5064","5344","7630","4803","4168","8139","4601","7137","6521","3609","4862","2422","5258","3778","3558","4195","3455","3630","3269","4939","4749","2588","4506","6454","7489","5160","5419","336","2742","5856","12147","3775","14129"
"1.97_678.55","1629","2492","2072","2407","2706","1962","3347","3008","3142","5582","3919","3283","2417","2137","4215","3298","5246","4768","6856","3623","4397","4965","4703","5738","7327","5085","4176","2243","3655","3982","2020","3327","3098","3408","1478","3509","4374","2372","4369","3678","4822","4090","3307","217","2008","5026","6839","2651","7653"
"2.72_786.71","1516","1794","1655","1927","1571","1086","4335","4439","4481","8804","4074","3018","2483","1383","3922","4545","6461","5094","5297","4431","5307","2544","2679","5681","3866","4355","2101","3624","2557","4723","1069","2532","2737","2423","3191","4131","4027","4539","5102","2398","2360","5082","2969","247","3447","3361","1524","3752","2690"
"3.43_978.87","1983","1869","2492","3243","2270","1071","2315","6664","5884","1813","1349","9428","2103","1863","6378","2522","2565","3775","1948","3285","2406","4520","5474","5152","1352","2388","6649","1464","13305","4360","3089","2724","7712","2827","840","3509","1079","1861","3527","16175","15249","3106","8767","417","862","5526","7907","2631","10273"
"3.77_1020.88","5156","10342","3615","5797","5925","2527","1435","4722","3912","5234","1850","6307","7612","6046","5571","4240","3118","3812","3533","2659","1850","2500","6724","4888","2776","7240","9203","2340","4707","4628","5195","5929","2732","3521","2883","5710","6182","2591","3827","8960","8612","4641","3895","981","1729","29938","5697","2686","4755"
"1.98_788.57","3033","2771","3706","3205","3871","2457","3439","2732","3432","2695","2981","3416","2647","3836","3493","2680","3521","2285","3552","3066","3429","3959","3215","4239","3057","2529","3014","1650","3236","4088","2747","3274","3044","2313","1288","3046","3301","2763","3340","3768","2751","3277","3145","122","4637","4054","7906","5119","6108"
"3.39_999.79","8567","7932","14492","9294","17316","5825","7086","15050","16210","10908","8905","20423","16127","8274","15351","11583","11806","12614","6768","9747","7195","10482","15829","16840","10298","14628","17987","8339","17510","15518","10827","15783","12873","16750","9391","9177","14032","7912","11476","19897","17693","18223","15678","1019","3913","29154","14442","6408","19674"
"2.39_692.52","2839","3014","2330","2269","2404","3606","3599","3431","2081","6705","6980","2076","2229","3448","3849","2789","3891","3918","5101","2563","2977","2458","3938","3133","3682","4108","3329","892","2715","4472","2390","2216","2428","2256","1280","3782","6168","2459","4427","2090","2052","3055","3069","654","4921","3350","6125","2877","3349"
"3.98_958.94","10024","12379","9318","15891","10652","6616","8328","12978","11104","9693","8022","13386","13103","12460","13243","12604","10882","9517","9124","7095","8799","9416","14163","9740","11635","15435","16761","7755","14623","10845","14423","11718","10642","15791","5847","11710","11453","9522","9249","19458","14250","10355","11488","655","2603","13841","13220","5515","10850"
"1.96_814.69","2674","2933","2943","2754","3877","2264","3797","3183","3185","6291","4891","3500","2216","2471","4176","3934","4881","6017","6466","4362","4588","3912","3981","5096","3955","3641","3662","2046","4275","4986","2941","3354","2796","2497","1707","4259","4757","2920","4316","3481","4875","4375","3540","330","2415","4249","5196","2808","7924"
"2.52_898.73","29601","22095","50274","51232","65319","23901","14224","19859","36607","21274","17150","49760","41048","47190","23959","20123","24702","28433","13854","18857","16357","19697","41361","26435","30438","30294","40083","18388","36190","27912","49110","46007","24458","31732","18939","14239","20889","17397","23708","50693","28600","27594","24741","1878","7007","35137","19401","9892","25811"
"1.91_734.63","3645","3871","3237","4500","7443","2054","3275","5147","2799","6453","3484","5868","4587","4692","6146","3573","3766","4575","3909","4013","3314","3658","7234","6633","4657","7968","8494","2591","4897","5465","5208","7778","5157","3336","2371","7525","7261","2706","6526","8862","5902","5331","3709","367","1351","7850","6489","2933","3980"
"1.52_672.50","8457","6095","27421","26794","41114","12831","6460","7670","8118","10252","5256","20748","14401","27267","9585","8369","10277","15143","7882","8195","7255","9508","24325","13471","13738","15313","19830","8756","17187","11668","16861","28015","9987","13533","5979","7616","6806","6744","8939","26133","11433","9011","13439","1187","3316","15509","12152","5276","13336"
"3.08_814.69","4398","4319","8077","4991","8567","6404","4336","4460","4114","5737","4671","6815","6254","5307","6280","4813","6077","5798","7346","5607","4733","7947","4783","6082","8901","3793","5255","3858","5499","6282","4721","4552","4852","4745","5101","5992","5919","4554","5182","5023","5597","7246","5408","419","5540","6045","8460","6178","10339"
"2.94_878.74","2688","2937","3870","4917","5333","2828","2292","3863","1940","3099","4506","8478","1890","3337","3633","2615","3852","6532","4010","4447","2716","4055","9061","4331","1578","4605","6594","1739","6197","3396","4508","6473","4028","1993","1461","4817","3109","3732","5623","7297","3764","2166","3382","303","1118","2912","6420","3695","6498"
"3.02_880.76","3727","4205","3455","3909","5198","2165","3627","4657","4270","5295","3288","4635","4251","4672","4364","4216","4161","5440","3834","3629","3838","3703","6457","5363","3385","5335","6957","3099","6833","4361","4164","6968","3806","3426","2699","3808","3557","3633","5258","6635","5071","4134","3797","223","1461","6374","4509","2665","3772"
"2.72_757.65","2494","2563","4478","1899","2918","1515","6469","7277","4574","10786","5911","2122","1821","2256","4934","5378","8161","6585","9032","6691","7449","7862","3672","9781","8265","4352","4512","1788","5717","6616","1956","1940","3012","2504","1126","8248","7946","3775","6035","3054","4784","5990","3046","451","2073","5010","11096","3781","9508"
"3.77_982.87","60445","33853","112603","62540","106324","46014","39879","106207","97118","84871","50990","153859","78858","74954","70210","52677","67924","61518","33145","60296","60431","65012","85601","66180","39270","49347","101095","37248","98601","77276","87334","101954","64633","78561","26112","47378","32316","45194","72228","108547","72763","61964","104320","4476","10961","49239","71189","27300","118729"
"2.06_828.44","5582","3599","3755","3699","4132","4478","4691","4213","4552","5209","4599","3660","3925","3818","3895","4423","4191","4734","3743","3887","3860","3186","4242","4116","4112","3994","3570","3225","4199","3753","4950","4058","3949","4406","3616","3764","3766","4197","3671","4441","3862","4509","4430","597","3768","4180","2421","3731","3289"
"3.24_672.59","2735","3187","2372","4602","3780","2159","2701","2949","2692","3815","3198","3580","2604","3516","3484","3026","3321","2839","3589","3385","4115","3170","3971","3348","2953","2497","3596","1830","3356","3216","2682","3120","3062","2168","856","3236","3104","2255","2782","3558","2868","3318","3061","170","3154","3274","6384","4956","5784"
"3.85_931.85","38202","34209","32361","49460","46757","28624","25474","53534","34055","39648","32560","61012","45202","48543","35270","36185","31565","34117","21788","31632","32287","35732","47238","39397","30933","39159","67893","30318","55684","34803","48587","66667","36551","38409","19736","35662","47260","28897","43576","63301","50072","18764","41570","2862","9089","38459","59676","27976","46712"
"1.96_828.71","1421","1611","886","1491","1712","1052","4814","4538","4088","7950","5742","2155","946","1448","4361","4295","7061","7958","7457","5734","5727","6347","4667","8047","5657","5203","3603","1557","5342","8099","1462","2215","1775","2041","631","6972","6680","2912","5732","1028","5745","5550","2917","251","2057","8054","6627","2709","5610"
"2.77_712.59","3777","4086","4483","6453","9146","5891","4174","4560","3645","5295","3873","10809","4964","5631","9028","5658","5408","6990","7377","5271","5126","7924","6617","6770","6774","5027","7067","2586","5016","6470","5933","8184","6997","5299","3906","9179","4411","3855","4464","7703","7117","5812","7285","433","4613","7427","10240","4740","15377"
"3.69_962.87","8412","7072","5564","7409","12058","3861","8603","11784","12850","14951","9179","18147","7182","9764","17086","10409","18466","14226","10803","10625","9713","9739","21530","17174","9769","15236","20119","4991","18990","12301","7992","16510","8283","10174","4939","9304","12025","6439","13167","21656","20495","15691","14592","630","2765","22591","15613","7888","21927"
"4.11_960.90","313778","329043","282372","393435","403272","183254","244987","322752","368233","288729","295276","416035","388254","347839","371966","354014","398925","355389","301306","301914","289947","277751","406690","362253","329080","380258","404285","275954","394194","350499","343983","422473","318023","397230","252686","295431","306809","270235","299206","513227","423373","359710","379883","16022","97357","456811","378634","247375","378108"
"3.30_740.69","3979","5133","4688","4666","5165","4631","3921","4833","4301","6164","4988","6953","4143","4544","7723","4532","6605","5887","7986","5644","5564","7865","5243","7316","7671","4096","5809","2914","4493","4033","5078","5140","3848","4367","4454","5237","5026","3276","5649","5221","5600","4399","6775","402","3331","6148","11364","4371","11566"
"2.25_741.61","3932","4994","4701","6063","7578","5690","5259","4207","3897","6541","6165","3615","3356","3753","4737","4984","5515","6112","6523","5184","6039","5253","5373","7137","8615","5743","7655","2729","4367","4865","4817","5978","3840","3557","4778","5942","7509","3505","6658","4372","4727","6763","5101","180","5987","6956","6764","5307","6854"
"4.08_1424.39","16468","3349","3631","5541","4585","4366","2180","10951","4106","6744","19815","13771","7723","5165","5781","4818","7091","5330","2163","4835","4780","10274","4023","4588","4773","1479","4040","4450","53675","4680","5194","7494","5176","9765","9608","14804","11487","9305","9795","4932","7256","3501","5217","8431","8038","3735","9519","10877","2002"
"2.27_784.68","3742","3253","3061","4024","6046","2837","3234","3230","3465","6233","3298","3669","1798","2592","5825","4037","4906","5070","8386","4360","4572","3015","4218","4779","7507","4009","3719","2321","3807","3313","3356","3828","2786","2950","4684","3355","6303","3564","3610","4136","4013","4437","4144","333","3943","5123","2075","3344","7788"
"3.40_1082.88","4492","7845","4195","4558","6539","2111","2856","7510","4299","6376","2774","6516","7761","4776","8848","4304","2021","5173","3175","3297","3072","3625","7241","8416","4032","9616","9679","3074","8002","6835","3723","6938","4750","5300","4431","7023","12917","3417","6331","7112","10963","5843","6122","453","2144","27473","5867","3568","5279"
"0.42_295.23","3780","3799","3409","4168","5388","2229","5108","8428","4440","5285","5816","6663","1907","4338","8231","4850","3926","7914","4035","8294","4920","6046","10033","8974","2488","6299","7739","2396","11152","6557","4310","4450","5711","3969","1683","10321","8516","2557","8120","12688","11302","8588","9637","771","2496","12236","16631","6166","15444"
"1.33_707.50","3005","2415","3996","5757","5185","3260","3218","3856","2775","3318","2189","3491","3079","6475","3762","2942","3210","3508","3134","3245","3862","5014","4538","4535","1753","2930","3721","2580","3611","3565","2612","3711","3909","3063","1979","3614","3681","2276","3444","3185","3856","3046","3336","468","2820","3960","6470","4790","6163"
"2.28_884.65","2923","2526","5052","4488","3471","4539","3424","2977","2855","2920","3265","3244","3101","4633","3851","3857","3362","4039","3790","3774","3085","4138","3731","3625","3974","3265","3309","2742","4453","3477","2668","3537","2925","2789","2624","2698","3994","2244","4362","3729","2665","3476","3706","225","3753","4031","4879","3066","3760"
"3.12_934.80","8693","8328","5967","7163","10620","3145","4236","4902","6166","4584","4167","9882","4665","5870","7765","5905","4650","9121","5828","4769","5928","3804","15224","7498","3569","7753","9933","1940","6791","5895","8758","10352","6301","5277","4186","6360","3773","3641","6966","12071","7262","7568","6874","334","2833","13186","9020","3790","7465"
"2.85_705.57","3044","3868","3424","3702","5385","3468","2041","2603","2083","2245","2141","3968","2698","3179","4107","3043","3141","2712","4158","3525","2849","3819","3608","4020","3725","2810","3312","1733","2661","2467","3639","3720","2919","2217","2449","3889","2701","1935","2631","4655","3522","2665","3525","275","2758","4183","5058","3302","5899"
"4.48_1243.06","9612","6565","6510","29860","38378","4208","5660","11056","11806","8634","9781","57958","3640","11443","11522","10905","7133","22140","18837","11195","8192","12989","22665","17788","25675","15513","15270","8747","7435","7680","24775","26733","7250","11983","2264","11536","7975","11041","10161","49621","23639","14107","27097","2231","4195","28606","24382","8136","7323"
"0.51_704.52","1908","2022","3491","3006","2809","2609","1648","1407","2899","1573","1269","2552","5008","3405","1428","1356","1546","3416","1869","2572","1499","2216","2758","2312","5574","1998","3486","1833","2524","2492","2461","2323","2050","3531","2324","1416","1846","1585","1447","2469","997","1807","2963","1801","1858","3027","2210","1384","2493"
"4.48_1327.15","6472","4507","4875","20001","23908","2942","3979","7321","7597","6147","6193","35445","3344","7387","7453","7175","5489","13767","11212","8066","5666","12398","14116","11846","16180","10050","10137","5957","4696","5272","16687","17258","5119","7722","1347","8011","4737","6474","6251","31910","15375","7864","15985","1331","3175","18415","13746","6368","7544"
"1.83_826.65","3996","4851","4856","6090","7119","4208","4123","6556","3159","5144","3833","6479","3672","6570","8525","5668","6222","9286","6342","5485","5722","7354","8138","7566","7119","5966","11158","1920","7489","8228","5710","6007","4698","4276","2623","7550","5410","3437","6106","6475","5922","4747","5241","1028","5496","8648","17646","8094","10150"
"0.61_296.29","2883","3608","4788","7008","4781","3200","2047","3558","7834","3518","1760","2738","3268","6812","3450","3794","2744","10357","4705","2801","2678","4946","4116","18197","2517","4304","3027","10772","3447","6587","2875","3464","6194","5028","2073","2821","2131","7394","1587","4350","1060","3353","4523","2645","4435","1730","6350","3020","4223"
"2.33_1585.19","4393","4784","4462","4445","4373","3755","3436","4560","3723","3207","3797","4594","3891","4503","4403","4949","4455","4813","3813","4462","4347","4959","4340","4438","4537","3861","4425","1772","4227","4935","4297","3958","4828","4392","3558","4393","4487","3320","4519","4083","3918","4068","5160","723","4424","4720","2243","3628","4511"
"2.61_928.74","4479","3721","5677","6407","8033","2434","2771","2888","3675","3814","3573","4960","6135","5695","4176","3505","4303","5905","3339","3242","3109","3418","6795","4019","2553","7161","6016","2710","4802","3297","4554","5890","2350","4651","2663","2868","2863","2340","3598","4303","3161","3157","2480","736","961","4958","2705","1802","2527"
"1.31_716.49","5659","5829","8334","8633","6867","5263","4082","6790","4729","3745","3462","8353","6828","9417","5739","5654","7055","5352","3929","4741","5374","6799","6359","6897","3263","5133","7084","5707","5745","5228","5649","7746","6509","5548","3642","4277","3249","4309","5301","7058","4950","3143","6721","481","3683","6640","10479","4804","10197"
"2.24_367.34","8815","9715","9821","10834","14006","9053","10582","8817","8848","16794","12330","15076","5999","7847","17536","11789","15618","16937","22853","11903","11708","12094","17641","16641","17860","11635","12870","4612","11577","10697","9994","12751","8744","7977","8136","12923","15169","7133","12419","12738","15688","13793","12968","284","9529","17388","21357","10712","28813"
"0.54_313.23","4857","4054","10441","991","1121","29734","1850","57210","1940","2083","1559","4096","1408","5984","1545","800","1735","5529","3558","1513","2543","1101","2431","4840","2993","1178","885","4660","1702","5185","4921","3610","3916","16549","5333","3004","2487","11648","1235","1696","2909","1291","39717","6566","3988","5929","1185","4481","42944"
"2.34_184.07","126007","144594","129632","146080","132288","110723","115276","156069","112452","110833","105841","156665","123303","164962","152700","139222","128625","129421","113406","134063","132348","160696","143706","160062","123205","113222","173523","48440","130473","156816","125922","139858","131498","106938","66049","151383","119215","66780","148176","144027","121771","104722","153153","9906","110907","157974","293520","145442","230433"
"4.53_1363.19","3718","3692","5680","5822","6353","6779","1975","1737","1735","3560","1913","3174","2962","3462","4875","3243","3300","4557","6161","3132","2854","3885","3034","3697","4455","2026","2949","2007","1212","2834","4379","3684","1954","2285","3492","3417","2534","3419","2194","2950","3241","3388","2959","323","4704","5110","4735","3512","5637"
"3.37_889.77","6861","4778","6166","7229","12187","4011","5833","7807","10196","11277","8026","13965","4255","6017","9623","6978","8726","10121","5600","7310","7887","7834","16824","10736","7843","12616","13285","3688","12578","9347","8051","11859","4190","5404","4908","8523","13620","8566","11035","17336","12565","8273","9802","561","2894","13962","14399","4933","13106"
"2.57_125.00","9792","10511","6584","11206","9857","7703","7743","11714","6520","8605","6951","11385","6648","11390","13724","9594","10988","10196","8964","9350","10085","12499","10653","11932","10992","7587","11944","3093","7478","10939","7752","9994","9887","7279","2593","11967","8899","3701","12223","8941","8451","7521","11282","1228","8189","11321","33518","12432","21572"
"0.21_120.10","1458","2436","5495","4911","1898","2883","2895","3501","1669","3239","1401","1738","1766","3087","1790","9209","4761","5203","5844","3124","3060","4933","1271","2367","1632","4429","5367","1945","4191","3257","3841","2845","4378","7150","2033","6516","1686","3399","2182","4587","2595","2998","1293","3186","24597","3909","3378","2804","1874"
"0.19_93.05","3998","4647","30201","14168","6334","4307","2613","4336","3692","2958","949","3037","4299","11091","3506","2740","4626","4395","3428","2939","2706","11199","4417","2944","2009","2885","4546","11392","2103","3126","4995","5037","3478","3299","3115","2690","2998","5330","2388","4890","2162","6496","4822","2976","4096","2849","2464","6285","3218"
"1.32_726.47","1720","2231","2585","3459","3525","1593","1665","3577","2316","2509","2122","3579","1823","4085","3194","2879","2883","3672","2040","3246","2881","3133","4092","3452","1527","3183","3482","2392","3484","3932","1368","3918","3561","3207","1469","3140","2294","2151","2681","5227","3057","2275","3701","89","1569","3489","6483","2844","6093"
"2.81_866.74","11615","9744","9000","11134","16926","7248","14177","7058","11574","11945","13621","9968","10475","6384","11419","13502","10680","16621","13058","10619","10811","7245","15957","13593","10745","13105","14606","7569","14531","9611","10046","17383","10232","11585","10913","10767","12531","11006","15316","18504","12046","14531","12551","826","3479","15678","5365","5148","8871"
"3.84_956.86","107398","109089","73550","166256","153663","60958","77458","106871","84097","69658","60360","121176","142061","92450","82883","98438","63223","98563","58144","59150","61364","70277","125002","83130","68655","157251","168818","51652","122972","78514","130600","177349","92530","116954","43330","102874","78547","80736","89194","163782","134232","47923","78286","7842","26925","96354","92338","53878","96799"
"4.45_1012.90","4520","6238","10562","8308","9752","11720","3325","2546","3225","4532","2807","3512","8500","9301","5334","4964","4229","5095","4762","4768","5125","7539","3306","5415","5017","2534","4135","2551","3363","4209","8467","5925","2034","5248","3808","6243","3085","4722","3973","3192","4040","4942","4417","345","5415","7775","6429","5112","4385"
"3.05_998.84","3270","3225","2547","3908","3586","1931","3230","3643","2916","4017","3174","4438","3919","2656","4651","2728","2722","2861","2753","2839","1719","2569","6302","3175","3153","15258","3503","1808","3856","2560","4161","3860","2428","2789","2435","3893","4221","3169","5463","3587","4388","2449","2365","781","934","5868","3988","2789","3883"
"2.40_721.59","1883","3037","2308","2846","3258","3703","3394","3088","3553","4572","3682","3524","2575","3014","4210","3691","3545","3186","4158","3253","3206","4012","4313","3310","3917","3248","2679","1715","2156","3436","2888","3282","2641","2641","1763","3151","4374","3577","2981","2757","3621","4862","3375","392","2740","4229","3396","3764","4208"
"1.79_383.33","5861","6851","12974","12315","13280","10086","9879","8888","5756","10247","6618","12562","4492","11318","17927","12215","11530","18172","15964","13983","12197","19067","15342","16978","12156","10756","14908","4513","12827","13663","10143","10744","7347","10200","4948","13829","10236","7804","10692","11805","15030","12074","15910","584","6614","22099","30290","11913","29917"
"3.53_895.74","7317","6811","6453","9257","11055","4498","6656","8735","8845","10375","7519","16932","6475","8375","14937","9456","14482","12292","9469","8006","7283","7481","21536","15109","10299","14635","14161","4296","12011","9409","7293","13368","6361","8875","4190","7262","10744","7349","9472","18702","15213","11599","13392","530","2268","18862","11536","5310","15628"
"1.31_708.48","3182","5536","7743","5336","5672","7452","3496","3959","3396","3069","2687","5499","3243","9362","5274","4913","4674","6118","3666","6722","3736","5370","4624","6952","3476","5271","6689","4393","6115","5277","3194","4790","3842","4467","3184","3049","2595","3197","3362","4004","3805","2709","4031","565","2825","3784","5777","2317","4138"
"3.05_907.78","3118","2097","3130","2862","4865","1669","3688","5027","4927","4914","3819","3974","2221","2932","3216","3283","4216","4985","4637","3631","3395","3184","6439","5494","5835","5340","5900","2424","7493","3344","2273","4433","3045","3316","1547","4154","4583","3023","5154","5617","5425","4128","4451","322","912","6710","5212","2177","5089"
"1.99_836.65","3422","2435","4102","3755","3928","3427","2473","2832","3385","2224","2474","3511","2464","3193","2977","2502","3220","3453","2549","2821","3647","4040","3914","2951","2634","4337","4143","2357","4248","3056","2473","3597","3396","2511","2170","2916","3153","3021","4794","3376","2988","2760","3977","368","3192","4918","3302","2730","3464"
"2.27_834.66","1854","4102","2285","3095","2774","2978","3587","4001","2233","2960","3619","3473","3186","4138","3387","2481","2948","3147","3136","3022","2908","3231","2828","3711","2387","3427","3367","2194","2183","2426","2756","3100","4150","4602","2241","2866","3289","1841","3602","3227","3142","2424","3215","239","2229","4367","4530","2503","4189"
"3.98_916.83","12839","14805","11187","18392","22564","7948","10510","14718","13056","12005","9017","20714","20002","14527","15681","14112","12784","12647","10249","11063","10897","12256","17814","13441","13046","19036","21828","9774","18175","12533","17047","24828","13074","17472","6773","13814","11096","12086","11617","27407","21305","10982","16136","879","4164","18604","16506","8653","18548"
"0.61_399.36","5190","8448","11286","15710","10536","7646","4831","9344","18487","8221","3177","8323","6730","14651","8709","8372","8242","28145","13516","5809","4520","10325","8548","31259","4963","9864","7609","23250","7631","13443","7337","7771","11562","12468","4696","5614","6352","14641","3280","10186","3490","7236","10178","5391","10136","4348","14212","7019","8544"
"2.80_795.67","3150","3555","2806","3601","3999","3148","3842","4183","3440","3836","3624","4298","3923","3788","4305","4338","4918","5616","4176","4306","4110","5052","4621","4421","4484","4167","5853","1415","3504","4317","3007","4087","4177","2885","1631","4988","4885","2615","4419","4532","3068","3408","4571","269","3112","4691","9772","3779","5905"
"0.98_552.46","3186","3152","4293","3986","4704","4376","4194","1634","3026","2769","2725","2564","1654","6167","3201","3420","3904","3105","3113","3808","4249","4455","4786","3717","1629","2613","3378","1983","1848","3526","3803","3265","2587","3134","1051","2509","3429","2910","5643","1981","2074","4718","2854","568","5710","4358","2311","4180","3218"
"3.98_970.88","15375","22570","7749","21480","17494","7357","8628","16939","11337","15073","7537","12936","24651","15477","14115","12995","8839","13515","9389","9773","8660","16029","14186","14477","12631","27938","22224","11716","11292","15116","14763","17350","13062","15886","9617","20051","19338","8919","17787","16061","18930","14247","9919","3051","6244","36726","25602","10885","18082"
"2.92_727.62","4866","5869","4951","7313","8320","6685","5600","4564","5581","6878","4418","8386","6874","7818","8457","5586","6229","7119","8782","5928","6993","8237","6491","8336","9086","4391","8053","3895","4814","6755","6028","6812","5766","5056","3955","7389","7037","4201","5926","7120","6814","7054","6773","220","5549","7531","13449","8000","13540"
"2.75_812.68","4669","5131","4454","4736","7189","5077","5153","5363","4828","6559","5181","6326","4374","4098","6418","5999","5725","6520","8632","4148","6158","6555","5563","6723","8123","5604","6749","2934","6054","5246","4220","5452","5461","4075","4496","5843","6758","4187","5638","7604","5832","5959","6870","417","4404","6677","10299","5328","8477"
"2.83_868.61","3751","3169","2386","3363","4005","2707","2823","3057","3980","3339","2878","2908","3361","2782","3408","3541","3538","3359","3000","3143","4085","3891","2810","3017","2603","2894","3075","2309","3169","2830","3119","3597","3750","2926","2091","2779","2364","3493","3612","2811","2974","2912","3728","486","3510","2486","2893","3482","3023"
"2.20_694.55","2851","2695","1993","4369","3409","2229","3178","2397","2967","4891","4568","4739","1873","2813","5236","3450","5692","6395","7764","5051","4146","4130","5653","5212","5750","3915","4269","1817","3442","3847","3280","4877","3246","3858","1527","3657","5103","2877","3957","5325","5079","5911","5626","242","2741","7007","7039","3816","7362"
"3.21_944.74","4519","3924","12077","6190","12036","6168","4088","11920","9345","8029","9498","19988","10450","5811","8574","6325","8595","8111","3114","8229","7133","10118","9720","10018","6248","6693","13401","6165","16909","10229","7633","12006","6992","7541","4459","5340","8765","6113","11900","15093","11037","7149","14107","569","1978","9619","14995","4454","17875"
"2.81_808.67","3758","4581","3223","4311","5284","2136","2932","3788","3449","5916","3141","5161","3852","2934","5782","3875","3683","5738","4677","3447","3524","3783","7059","6251","3536","9128","6958","2672","7889","4106","3560","5007","3689","3393","3021","5030","9051","3457","7839","6876","6764","3941","3983","644","2877","17186","7399","3229","5088"
"2.60_731.54","2728","3289","2889","4055","5602","2581","4597","5360","4448","5054","4091","8805","3455","4198","9566","6608","6406","8372","8153","6853","6288","10401","5625","9899","6876","5356","8978","3213","6186","6101","4698","6416","4318","4501","2584","7858","5586","3945","6104","7552","10060","6327","6081","737","3521","9418","19545","4748","21110"
"2.35_706.57","4037","4707","4147","2898","3558","4016","5095","3332","2814","3495","1831","4490","2549","3745","3836","3670","3682","4334","2853","3985","4133","5488","3532","3374","3519","4070","4689","1508","3144","3671","2311","3522","3429","2855","1535","3691","1855","2725","3943","3250","3587","4142","3539","302","3768","3209","5076","4786","7201"
"2.53_558.49","2743","3864","5467","5691","4673","4642","2034","2437","2152","1966","1914","4253","3055","5665","3724","2099","1903","4113","2805","2489","2429","4141","2711","3219","3518","1721","3711","1887","3624","3123","5283","3146","3340","2372","1733","3263","1516","2211","2191","5103","3698","2249","3720","137","2874","5079","5214","2159","5677"
"4.53_1171.00","19714","19859","29882","22598","27260","24662","10827","19247","17854","16396","12176","29966","24069","14866","27881","18205","14528","18475","16477","17760","16263","25731","16309","21221","16579","14538","21206","8901","22281","18036","20730","19978","21336","18840","16072","23831","11302","13593","13601","17910","18157","15786","22100","943","15025","20208","22719","15119","26151"
"1.40_835.59","2865","3679","3822","6053","6203","3469","4133","7947","4134","4141","2519","7672","3664","7270","11241","7588","6104","9022","5122","7192","6686","11420","7386","11605","3588","6208","13518","2697","16273","11730","5639","6656","5945","3972","2119","12524","3763","3773","6569","9953","13510","6355","8355","1635","3530","9903","39107","5914","28895"
"2.16_816.62","8334","8385","8693","8973","8704","7997","8465","8767","8562","0","6860","9547","8154","9032","8064","9708","8702","8627","7968","10799","9004","9162","8951","8791","8252","7860","9557","8919","10070","8399","9456","9175","9179","8960","7681","8246","7598","8319","8528","9134","8745","7647","10292","345","8480","7733","7721","7795","8561"
"0.18_224.06","2665","3196","4139","4420","4161","5004","1001","1495","748","1113","987","1144","688","7374","1307","1292","847","1304","858","1397","1100","1328","1635","1310","510","1260","1678","787","1611","1210","3111","1362","945","1022","1602","2056","779","1168","1161","1305","1138","1256","1471","240","3160","1419","2071","1194","1498"
"0.21_292.22","1702","769","555","228","859","1877","1897","2553","4475","1191","658","1934","3455","1698","1254","1757","1776","1136","12035","409","603","223","2475","4387","975","3893","941","1959","805","5808","7560","2486","3775","37301","819","532","4314","10344","921","828","915","4288","2493","1437","2204","715","672","2691","1224"
"1.30_692.48","5537","4110","8512","7762","6499","9045","5616","5774","4230","4507","3437","8126","4702","12838","7799","6662","6358","6165","4380","6388","6550","8441","6263","7278","3544","5324","7318","4335","6929","6543","5723","6963","5983","6675","5097","4977","3188","3686","5554","6490","6296","4847","8021","318","3663","6365","9822","6017","11738"
"0.73_516.44","3601","3173","3787","3964","3957","2515","2469","4041","2388","3750","3099","4686","1310","3563","5539","5444","4807","6119","4150","5252","5954","5157","5187","8611","2848","5948","7498","1503","4881","7165","4578","5767","2949","2819","1799","5724","4574","3055","4922","3675","4902","4253","5000","351","3020","10208","10582","5535","6556"
"3.03_906.77","4583","4909","4051","7093","7854","3089","5734","6484","6473","7957","5240","7791","3778","4773","7786","6505","9124","8084","8039","5612","4697","4926","15646","8976","7799","13410","9792","2997","10528","5703","5126","10704","5023","4956","2091","5996","6806","4376","9080","10017","11520","5421","5957","559","1958","10605","6701","3872","10170"
"3.59_774.70","3000","2672","7621","3994","4688","5382","3197","2927","4100","3009","3653","6486","4451","2631","3428","2640","4193","4108","3549","4784","3351","6525","3198","3677","3845","2744","3588","2661","3433","4299","4471","4235","3300","4405","2721","3356","2559","3650","2867","4095","3527","4344","4084","436","3106","3445","7178","3146","8757"
"2.29_864.68","3186","2727","5897","3802","3560","4753","3130","2887","3055","3051","3532","3421","2627","3960","3696","3186","3952","3770","3818","3297","3712","4626","3755","3344","4396","3671","3690","2277","4301","3855","2677","3605","2671","2741","2421","2766","3869","2919","3770","2570","2687","3225","3360","98","3336","4051","5618","2930","3376"
"0.79_482.41","3100","4307","4910","3628","3904","3587","4690","3007","4730","5107","3003","4071","7234","5440","2634","4726","2556","4287","3065","2949","2975","2572","3616","5098","4362","3633","3303","3168","3474","3175","3948","3547","2979","4229","3561","2741","4246","3008","2641","3364","3716","5125","4262","3457","3755","2943","3885","3103","5523"
"2.56_679.57","3122","4087","3825","6416","6195","3337","4265","3458","3259","5643","4052","8309","3143","4383","7591","4326","6718","6290","9529","4695","3950","5544","6940","6597","6410","4990","6004","2119","4302","4039","5047","6470","3201","4197","3334","5695","4683","3273","5083","6464","6017","5598","8177","205","3320","6828","9860","4749","13133"
"2.44_605.48","15194","11654","9097","10913","10178","4282","10817","17036","8902","11643","9713","16861","6425","7886","19710","14421","11945","15531","10711","13880","13215","17350","16495","18261","7835","14328","20146","9911","16874","15603","9592","15548","15045","13971","6456","18516","11984","10349","17519","21600","15194","12551","21573","1082","10131","18461","29453","15348","27611"
"1.98_762.60","2852","3060","3345","3878","5061","2294","3874","4234","2757","3235","2639","3620","1884","4140","3982","3596","4306","4467","4132","3254","3131","5089","5518","3967","2930","4631","5231","1338","4116","3961","2042","3972","3072","2589","2239","4661","3395","1705","5094","4418","5098","3590","4765","228","3918","3920","8628","3178","5805"
"2.15_760.63","41505","46903","42124","45078","47194","35107","35893","43218","34265","37561","32902","49353","44843","48173","39230","44890","44560","41382","36964","37329","39400","45485","48793","45877","41334","37591","59378","24519","35738","45869","44885","50311","48418","38994","18830","42737","37400","29496","44925","46047","33770","40713","45723","20176","37231","44394","76280","42013","61456"
"2.74_784.68","6653","7888","7866","8665","9296","6638","8278","6214","7658","10463","7252","10737","7022","7863","10407","8329","9338","9972","14417","8560","8292","9439","10195","10734","9001","7483","10571","3731","8298","7995","8247","8986","7735","7289","4940","10082","7518","6175","7397","10574","11056","8956","10835","503","7192","10764","14183","9985","18635"
"1.84_650.44","7183","6017","10020","8808","8033","7729","5138","7029","6214","4019","4376","6956","6891","8438","4868","7930","8392","6768","4195","6668","6277","8974","6510","6090","3598","4466","6857","6091","7555","8254","6969","6729","7111","7682","3313","6787","3992","8070","6298","6732","5973","7174","6840","987","7816","6819","7937","7263","9201"
"1.95_708.61","3101","2806","2784","3780","5479","2145","3354","5072","3869","5518","3637","6575","3291","3679","6335","3785","6400","4118","4286","4222","3524","2917","7763","4694","4642","6377","5573","2024","6071","4766","4283","5990","4330","3976","1982","5388","4660","3095","4486","7112","6074","3739","4448","505","1355","5229","3899","3297","4152"
"2.61_668.60","5630","8564","7964","10361","9652","8086","2813","3060","3791","3335","1847","7658","8341","9131","5836","4628","2983","6080","4939","5567","3975","8414","3526","3515","4950","3440","4971","3857","5342","4944","10630","6227","5485","6453","3702","6349","1847","6526","3345","6514","6587","3564","6481","430","4919","7831","4538","5103","6263"
"1.98_777.59","2975","3102","3611","3834","6124","2461","3536","3252","2775","4868","3627","5909","2924","3313","4954","4297","4615","5180","4678","3542","3648","3887","8737","6719","3909","6136","7507","1425","5141","4534","3210","6668","3436","2742","2168","5766","5253","3508","6212","4939","4924","4096","3580","482","2305","4884","8547","2957","5937"
"3.60_802.72","4172","5646","5865","4446","5039","5058","3928","3610","3980","3468","3510","4896","6665","4095","5527","3991","3671","4185","4656","5000","3941","5392","3538","5969","5320","2608","3578","3283","3660","3535","4182","4520","4059","3932","4185","5446","3882","3644","3183","4082","3589","4250","4053","273","3706","5684","5975","3709","6545"
"1.27_520.47","2920","2806","2853","3092","4398","2606","4060","3390","4066","3477","3837","3729","3995","2378","5050","4031","3797","4417","3791","4850","4370","4023","5438","5193","7564","3564","4026","2875","3575","4572","4008","3501","3325","3773","2050","3508","4546","3116","4957","4013","3119","4658","4653","209","3657","4875","4207","5412","3667"
"0.53_335.28","2416","3302","4782","1094","1912","11260","835","54333","2162","1947","2931","3455","1887","3184","1422","697","1570","1759","1599","1503","1687","2680","1192","2197","3831","1457","1971","1579","2222","2988","2478","1893","853","3869","9967","2412","1659","8697","2436","2542","1187","2115","20188","2018","2649","1192","1788","1610","37409"
"2.30_1025.30","5307","1105","1631","715","1314","915","959","2117","2497","1424","26476","1149","1144","1088","569","1400","904","746","1327","964","1053","2101","1009","1282","2158","2097","746","1307","4784","1180","1291","1279","791","1567","1910","5348","743","3879","1227","2316","1492","1127","1096","1695","1018","1055","1754","16586","619"
"2.93_771.61","5564","6096","7105","10348","10568","4156","3110","4397","5248","4616","2541","9693","6017","11729","8424","6382","4851","8640","4396","4501","3698","3686","13335","6347","4466","9109","9754","3368","8802","5169","8532","9655","5448","6498","3401","4727","3433","4391","6127","12175","9821","5257","8654","302","1479","12070","5217","3568","6231"
"1.61_726.59","11534","8183","18291","25437","21723","12801","3135","2943","4831","4179","3436","6475","6063","22621","6002","3866","4265","5386","3906","4258","3237","3238","8886","4705","4772","6895","5266","3016","5487","4581","20020","10924","4770","7229","4110","3886","4010","3937","3975","6151","4220","3601","3639","654","2688","6499","2357","3081","3001"
"3.38_935.85","3176","3790","3625","5349","4624","2699","3926","5135","3914","5950","4729","8387","3890","4039","4256","4246","3727","4622","4195","3788","4241","3514","6313","3963","4026","5503","6248","2063","4954","4253","3726","5183","3840","3398","1928","3846","4460","3475","6140","5243","4947","4193","4726","365","1700","5252","3929","2868","5419"
"3.04_905.67","3341","2841","2551","2754","3021","2686","3409","2808","3359","3259","2580","3112","2536","3315","3491","3234","3437","2958","3163","3129","2939","2615","3345","3493","3082","3033","2941","1812","3262","3096","2789","3082","3062","2381","2038","2919","3173","3027","4194","3232","2998","3808","4120","299","3198","3221","2518","4532","2777"
"1.52_677.46","5312","3266","14992","14205","22813","7805","4838","4314","5259","6565","3615","11021","9491","14811","6086","5307","5367","8913","4712","4842","3874","5743","12812","8070","8580","9564","11018","5762","10095","6438","9068","15482","5500","8664","3637","3669","4470","4456","5989","15141","6552","5524","7350","882","1736","10028","6122","2977","7040"
"2.80_842.67","3291","3706","4607","5295","4336","2222","2491","4070","2782","2586","2636","4205","3944","6896","4227","4441","3487","4240","2999","2782","3757","4736","4048","4906","4968","4172","4817","1692","2277","4128","4361","4482","4458","2812","1676","4249","4340","1596","4463","4101","2434","3258","3172","215","2971","3535","9239","3398","4364"
"4.24_974.91","19267","25114","11678","21445","22813","8000","15568","35893","24223","26291","14378","33146","27584","29438","30064","19779","20649","20684","14784","20534","16784","27010","31245","25058","18895","30330","37265","14563","24750","26020","21173","24897","23750","23415","12318","24074","22204","12630","24045","30712","43241","20270","23647","2425","6143","50097","27387","22328","32718"
"2.73_769.68","4567","3524","6301","5562","6334","6510","7672","7173","8070","9278","6445","6865","4426","4966","8103","7722","9486","10061","14077","8511","8944","12874","6927","11966","20191","6769","8896","5715","10948","8527","5289","5525","4664","5935","3001","8625","7580","6556","6680","8191","10158","9011","5051","610","4392","9190","15311","5342","19434"
"0.18_377.13","3311","3508","3554","3953","3840","3974","1191","1511","791","1433","958","982","925","3617","6463","1266","1251","1607","1052","1376","1395","1253","1796","1051","459","1339","1806","847","1091","1387","3988","1676","1120","1273","1809","1606","862","1224","1343","1411","1262","1467","1372","179","2477","2452","1083","1544","1373"
"0.30_343.30","28785","24929","24871","50642","26135","17980","22336","26240","88829","18754","17299","20203","23013","17608","26163","25793","33351","55399","21417","21515","27946","22481","24414","124673","21161","30501","17865","53678","25903","22519","23220","19711","23704","37523","23146","22127","22928","26636","18331","28794","20341","24665","23763","25240","21081","17584","24115","22802","21269"
"2.00_744.54","4566","11941","4470","3430","7560","9045","13992","5955","10858","8546","5355","2802","13444","5025","2991","13038","10004","18250","10691","3945","18601","10539","16664","6942","4066","4277","31039","3600","8346","4118","2707","28013","5152","14375","2045","17050","8768","10550","4856","4691","15943","16634","8298","1477","6442","8262","4950","28425","23176"
"1.31_694.46","1566","2301","3991","3348","4342","3026","2878","2946","2452","2304","2846","3712","3358","5074","3185","3673","2847","3406","3101","4285","3541","4340","3431","4292","2235","3181","4638","2909","5282","4818","2873","3781","3718","3847","1881","2997","3491","2440","3548","3188","3647","3064","3664","143","2322","2907","5728","3173","4735"
"2.04_676.55","2584","2866","7308","5440","5457","4942","1896","2320","3090","2208","2326","6559","4273","4125","2321","3339","2451","4483","2765","2971","2486","3936","3000","2707","3519","2313","2557","3447","4294","2767","4703","3067","2905","4377","2522","2251","1992","3174","2235","3765","2784","3137","3810","101","3642","2567","3792","2117","4262"
"2.46_814.69","4480","5571","4637","5817","8120","3490","3531","5385","3514","4195","3178","6852","4701","5831","5059","6017","4622","6769","7153","3540","6622","7440","5251","7625","8045","5244","5357","3744","4889","6648","4552","7033","6676","3505","3092","6443","5176","2825","6067","6452","5806","2077","7789","114","4045","7733","7907","4168","9468"
"3.65_369.35","9533","11041","10273","9137","11266","7229","10583","17433","13685","9878","8418","23468","11009","7569","21661","15177","12889","26791","15494","23874","21206","36646","20535","20630","14653","24355","29178","12419","29582","18591","12010","12653","12908","26317","5809","24476","15779","21397","23840","37218","38982","22384","27306","1773","8924","35086","37068","17252","39256"
"2.71_822.72","7528","7715","11123","13418","13930","7666","4118","7860","5312","8472","4951","14454","7882","15812","7164","6125","5609","8920","3520","7315","6135","5503","14795","10118","8760","8456","12865","5697","14463","7499","11134","14421","6285","6752","4414","4692","5820","5844","8752","15810","13542","3933","11560","364","3945","15066","8289","5343","5110"
"2.72_738.62","4185","4959","6321","7724","7436","4668","2459","5004","3086","5192","3445","9184","4835","8531","6131","4041","4023","5434","2385","4692","3540","4572","8959","5772","3966","4948","9988","2677","8718","4286","7814","8928","4676","4264","2721","5129","4179","4071","4981","9035","7888","2821","7303","261","1609","7708","8688","3166","7380"
"0.94_427.39","3996","4111","6463","8237","8977","3926","4033","6640","8768","5792","2334","5179","4405","9269","6560","6773","5606","20200","5389","3688","3466","6055","6229","18587","3785","6096","5756","14295","5724","8297","4619","5076","8421","6858","3546","4723","4153","9886","2295","6572","2599","4929","6536","3773","7584","3052","11740","4561","5781"
"1.30_772.55","3332","3394","4300","4727","6056","3930","2848","3806","2451","4266","2687","4064","3008","7003","4549","5146","3921","5017","3696","4172","4446","4972","6086","6755","3733","4189","6616","3051","4944","6094","3406","5611","3961","3946","2603","4820","3410","2546","4200","4812","3545","4364","4521","309","2421","5604","8640","3505","6020"
"2.74_741.61","4206","4411","2720","3560","3905","3252","4712","2865","3425","5854","2967","5071","3270","3409","5035","3789","4130","5541","6132","4974","5279","5754","4537","5489","5701","4005","5440","3815","3651","3690","4721","4965","4931","4583","3663","4716","5413","4959","3987","5083","3930","4947","4988","552","4143","4974","8803","5097","7764"
"2.54_840.66","4492","5940","4248","6716","8406","2532","2059","4672","3099","5462","2523","5395","4872","6407","5305","2877","3274","3925","3321","2668","3164","3246","5750","3938","3942","7040","6366","1848","5198","4137","4661","6144","3842","3182","3489","3686","6408","2794","3561","5386","6218","4461","5258","565","2204","15744","5862","3214","4824"
"0.97_393.30","5079","6316","6406","6347","3924","5385","3790","3764","3640","5258","4609","4907","5529","9986","5794","6061","4142","5667","4317","6550","6991","5834","5376","8619","3665","4623","8232","4885","5450","7822","8603","8859","7115","5221","6629","7627","6030","3301","9095","4398","3606","4003","4882","565","5210","4984","14940","5695","9625"
"2.84_838.75","3518","3335","2872","4294","4360","1748","3589","3498","3952","3879","3856","3609","2482","4208","3719","3776","4886","5959","3678","5610","4234","5613","5802","4885","2650","6599","6352","2633","5839","3887","3725","4769","2581","5529","2259","3961","3668","4696","5203","6725","5986","4278","4927","337","1854","6482","4622","2293","4249"
"1.49_538.48","4519","3747","7991","7125","4866","6769","2464","2447","2026","3590","3548","3565","2077","6997","3513","3579","4852","4032","6144","3207","3086","3599","3837","3004","4068","3602","4800","1901","3366","5407","4704","4256","2864","2617","1678","2533","4112","2332","2483","2879","2205","3889","3986","366","6780","3299","5487","4646","2433"
"3.42_367.34","5118","7400","6344","6387","9034","5203","4718","6594","5510","7691","5966","10781","6306","5823","10512","7249","7130","7787","10810","6472","6821","8809","8392","9330","9626","6894","8679","3380","7955","6274","6570","8030","5610","4844","4512","8076","7054","4309","6533","9254","10279","6763","9102","437","4166","9259","16314","5845","24645"
"2.56_820.68","6643","8409","8617","11999","11100","5919","8427","3786","8327","7891","7397","5544","3158","6971","11711","8393","6445","7365","10665","10095","8233","12512","8282","3417","4303","6521","10903","5612","8774","8497","9804","10028","3727","2419","3680","8819","2787","7381","2304","8944","8715","8454","10620","848","4112","10798","14299","4084","17778"
"2.95_876.76","6976","11307","5104","10264","11034","4092","4643","9486","7665","7848","4244","11963","10431","10550","11459","7343","5246","11159","5506","7540","4953","8744","16286","11002","6356","15031","15458","5828","17788","9580","9462","12668","9129","8770","5157","9985","10938","5321","11298","18692","18815","7335","8603","2076","2002","52275","12226","5444","8399"
"3.45_894.74","5075","5761","5711","8166","10822","3404","2615","5499","6013","7928","5926","12357","6099","6676","6671","4874","4484","6587","3487","4228","4015","2623","12520","7698","4926","9837","11629","3581","10804","6906","7415","12497","4948","5030","2199","7294","6451","4743","8059","14434","9140","4605","7482","598","1516","11558","7397","3030","4973"
"0.65_332.33","21392","22484","19873","18295","21550","24897","12656","16494","18876","26130","19349","20571","22903","30666","22850","13712","30720","26455","15585","21679","16102","16857","33520","16525","40208","17155","15319","117301","18116","22283","25701","24612","21974","25033","16101","21002","27638","27795","25060","26101","12012","19686","27485","15940","19391","17168","20865","22778","28777"
"1.54_590.48","2136","2945","6473","5092","10989","4598","2116","2160","2939","3262","1820","9146","6910","4685","3073","2194","3453","3842","3457","3052","2516","5316","4184","4043","5176","2295","5354","3281","3486","4177","8038","6524","3910","4890","1194","2322","2091","2199","2277","7718","3030","4441","4606","247","3476","4193","6775","2178","7027"
"3.63_992.85","15005","18214","11937","20784","24241","7460","5558","10581","10583","7820","5414","19082","17417","13064","8987","10064","6251","10098","5748","6386","5193","3343","15570","7764","5663","14407","21055","4635","15029","10236","18847","22218","7975","7511","5214","10542","6650","8339","7212","25020","16470","6571","9312","776","2704","16327","7703","4579","6970"
"3.39_977.72","5847","3874","11304","6977","14297","3924","4174","9017","12123","6611","7622","17611","11570","5406","10205","8190","9694","9146","5666","7110","5769","8271","11516","10642","7333","9972","12781","6230","13702","10093","8438","13591","7208","12272","5646","6411","7843","6098","8725","16523","12423","12504","13487","515","1857","14732","9626","4509","16653"
"1.98_826.65","3271","3419","2753","2621","2884","2245","2787","3027","2297","3862","2379","2891","2518","2759","3748","3673","3764","3904","3689","2800","3374","3207","3997","3598","3181","4275","3869","1077","3298","3452","2562","3144","3001","2734","1737","3834","3141","2388","3646","5130","3905","3179","3708","261","3080","4860","7532","3731","3897"
"3.01_902.78","2628","2692","2405","5239","4135","2438","2636","4639","3975","3881","3614","7947","4847","4337","4512","2997","3481","3576","1953","3226","3941","4539","8752","4328","3278","4414","6986","3566","7049","3126","5159","8297","3274","3874","1634","5285","5909","3052","7600","7360","7672","3653","4180","654","969","5541","5985","2831","5090"
"3.36_1002.87","4846","5766","3734","6218","5486","2110","4816","11786","6086","7041","4996","11300","4057","4894","8159","5307","6752","8378","5825","5572","5103","4980","13818","9187","6194","14005","11499","3121","13544","6357","5134","7972","7828","5910","2021","7234","4916","3480","8723","17250","17420","7487","7266","1045","1696","13378","15306","5144","12385"
"0.24_285.11","3376","4455","3928","1498","3805","6076","2056","2649","1170","2163","964","1978","2287","4538","2466","6528","3275","2661","7617","1711","1566","3170","4671","5057","2348","1463","1890","1016","1679","4511","8239","3713","5907","12648","932","3144","2561","1657","1413","1647","3661","2996","3127","839","4265","3864","5770","5320","2793"
"3.56_1000.80","3684","2831","4220","3777","4747","2202","3268","8476","7191","7747","2916","8922","6939","4122","7472","3767","5046","4739","2106","5154","3983","7498","5339","5669","3068","5332","9775","3314","7263","6007","4992","5567","4721","6133","3256","4273","5976","2369","6166","8018","10117","6916","5941","750","1459","12590","7324","4292","13212"
"3.16_836.75","3204","2935","3391","2620","2763","1703","3364","2740","2296","4091","1837","2838","1473","3641","3723","3971","3826","6324","3407","4878","6574","7865","6746","3600","1189","7060","4465","6223","3900","3481","4834","5307","1986","13103","2450","3478","2704","14359","4538","3758","5183","4919","4216","258","2919","11866","2291","5131","4116"
"2.81_818.65","2564","3526","2401","4273","3469","2803","3420","3896","1963","2334","2170","3719","2419","3708","4357","3402","2899","3606","2676","3011","3243","4070","3253","3240","4214","1764","3061","1669","3002","2778","2784","2684","3624","3318","1200","3410","3485","2069","3612","3798","3011","2950","3800","212","2938","3516","9536","3653","5389"
"1.91_877.26","7036","1394","1974","1686","2611","1650","1351","2153","2784","1819","39656","1945","1734","2111","1170","2642","2225","1125","2118","1884","1525","4894","1745","1417","2856","1863","1624","2237","6746","1573","1858","1393","1158","2243","2250","7888","1507","5044","2290","2153","3160","1613","2546","1775","1914","1642","4270","25658","1752"
"3.03_837.74","5519","5635","4210","5812","5262","4401","5510","6407","4856","5933","4538","4110","3791","6478","5560","5594","7054","5189","4809","5779","6569","5795","6338","6124","6109","5535","6510","2942","5965","5772","5044","5908","6065","4300","2589","5539","7060","3263","6987","6331","5167","6841","5832","374","5950","6141","9683","7751","5914"
"1.15_417.34","2493","1949","7075","4387","4926","5006","3259","2402","3161","2961","3132","4252","2465","4688","3643","2356","4447","2705","3889","2878","3085","2822","4461","3431","3788","2351","4733","2372","3747","5274","3551","2889","2047","2524","2046","1803","3186","2255","3546","2885","1764","3071","3268","291","3913","2751","5435","3129","3076"
"3.03_1046.77","3316","4404","6316","4873","7587","1267","4084","9055","6961","6002","3717","8773","9706","3838","9510","5181","5148","7030","3519","6821","3637","9815","7584","8878","5675","7941","11783","3914","8755","8032","3804","6730","6892","8926","3491","5515","16182","3275","11214","13652","10088","13036","7808","1255","2115","31081","13914","4658","13452"
"2.18_1020.53","3107","2532","2930","2684","2395","3562","3910","3437","3535","3345","3357","3084","3214","2418","2878","3116","3096","2872","2947","3151","3595","2596","2573","2845","3324","2893","2712","3945","3180","3082","3510","3082","2750","3552","4692","2861","2872","4135","3292","3162","3835","2415","2560","103","3968","2660","783","2734","1273"
"2.31_1002.28","6423","1000","2639","1597","2551","944","1596","1755","2261","1897","17547","1978","963","1584","1751","2577","2145","1007","2256","1812","1771","3695","1724","1343","2585","1506","1620","1966","5973","1232","1328","913","638","1665","2319","5832","1044","3763","1421","1848","2314","984","1981","1283","1828","873","2028","13701","999"
"2.54_741.61","3937","4298","4634","4844","5509","3718","5268","4841","4069","5490","4566","7825","3449","4263","7905","5760","6356","7008","7874","6834","6488","7121","5358","7381","6384","4921","6518","3958","3961","5836","4905","8435","4751","4624","3799","6975","5698","3524","5467","4923","6474","5995","6501","500","5747","6112","10498","5242","13103"
"2.04_783.67","4169","3135","4251","5465","5874","4297","2614","2319","2639","2734","3898","6025","3024","3529","4142","2961","2799","3154","4791","3371","3387","2386","5992","4119","3171","2745","3241","2764","3004","2749","4465","5869","3663","3266","5368","3199","2448","3217","2541","4764","3326","3413","5645","203","4687","5176","2102","4537","5037"
"0.79_326.38","12064","6883","13152","7688","6117","4258","6416","2437","6495","15854","8124","12846","9797","7384","5083","5412","15397","5702","3310","8493","3407","8047","6842","3487","6065","4387","7629","12422","4095","4155","3608","7554","6518","6372","12742","3907","5703","8461","7334","6827","2384","5793","8965","10276","7181","5271","2849","13281","12882"
"4.11_880.81","6569","7945","5729","9024","9854","2412","4236","10126","9624","7523","5625","15033","11116","10253","9897","6264","9691","7559","5245","6582","6610","7173","12169","9174","6177","10845","12409","5149","11141","8611","8025","11095","7278","8872","3395","6023","6255","4409","6881","16045","13631","7182","10514","799","1872","13378","10958","5144","13765"
"2.46_829.67","6178","7445","6122","9757","8105","4107","5443","8879","6257","6094","6966","6898","6872","6389","7414","7075","7257","6523","6382","5416","5677","7919","6839","5827","9714","5536","11893","1696","7184","5175","5321","5127","6836","3516","3005","8627","8145","4072","7087","6853","6355","10268","7727","1350","10797","9847","23312","12390","8780"
"3.92_926.80","20003","12700","26015","17247","27120","10982","16251","50656","41297","32814","11722","55639","32000","39973","33402","17569","24930","15585","8100","21642","20873","23616","24835","23979","11974","13371","47854","10587","36230","24073","29294","28906","21670","21956","9018","18863","8384","12679","22330","27317","34193","44877","28940","2644","5231","20916","25445","17452","59197"
"3.15_794.69","3116","3535","2996","5086","4795","2371","2235","4575","3783","4046","2101","5626","3762","7434","4928","3394","2567","5599","3192","3259","2765","4401","6714","4083","2656","6030","7962","2024","6046","4088","4374","4501","3802","4254","2688","4590","3100","2878","4381","5750","8494","4152","5093","551","1496","10389","6076","3375","5729"
"2.35_762.59","458743","547491","452923","496629","465200","355416","325649","577843","407604","344080","357941","634369","455571","622801","587802","511812","454289","468826","363477","472083","479049","618864","519813","623823","431610","389734","640255","164967","511055","550638","462218","596528","513453","364430","261460","545839","412641","208787","604739","596885","456360","371917","614222","45553","348141","626415","1074629","451917","923082"
"1.83_621.44","4435","3421","8618","5864","5596","4678","3789","4029","3753","2712","2389","5705","3842","6159","3554","4703","5174","5664","2968","4496","4327","6775","4895","4432","2712","3458","6066","2965","5869","5157","4579","5341","4046","4812","2852","5135","3285","4800","4241","4714","4128","4670","5181","220","5456","5218","8723","5618","8027"
"3.92_927.80","12126","7015","16408","10673","15308","7491","10619","31356","24415","20365","7136","36369","18281","25914","20603","10308","14968","9442","4825","13648","12149","13375","15819","13975","8055","7989","28089","6813","22537","14578","18057","16702","12682","13021","5098","11640","5471","7215","12762","17562","21822","27566","18405","1258","2931","12399","14603","10767","36658"
"2.29_939.82","2088","4613","7703","33773","25847","4209","18469","3076","4119","5534","2709","7066","7072","15949","4523","4383","5705","8671","9603","5349","12318","4738","9718","17624","4157","4854","8946","8048","4212","9985","8353","4386","5895","4531","2899","4403","4818","3433","3763","8239","3153","8067","14344","6558","3357","5400","8038","5025","11406"
"3.84_573.49","3662","3178","3088","5681","5863","2048","2150","6162","2494","3593","2325","7039","5308","3707","2848","3329","2372","3205","2094","2212","2092","2962","3767","2824","1673","5314","8436","1586","4127","2495","4632","7798","2899","4323","1685","2618","2572","2610","3181","7444","5329","1306","3075","508","1081","3612","7677","2009","4843"
"3.13_788.69","4849","7106","3550","4619","5485","3280","2196","5641","3878","1876","2742","5250","7353","4812","4601","3625","1520","2269","2800","4168","3776","6731","2295","2741","2846","2534","4296","3222","2381","3803","5566","5074","4786","4271","1689","4708","2016","3678","1224","2629","3055","3320","5579","392","2112","2841","7233","4185","7911"
"2.32_814.51","2687","3836","3509","3412","3488","2970","3279","3176","3346","2384","2925","3410","2109","2599","3259","4270","2801","3281","2572","2940","2712","2892","3324","2805","3618","3051","3874","2040","2935","2932","2459","2936","2502","2318","2067","3824","3322","2896","2752","2702","3165","2560","3570","398","3750","3836","3299","3161","2977"
"1.30_691.47","3660","2866","5127","4264","4243","3118","3383","4862","3037","1888","1878","5329","3813","4628","5473","4132","3551","5625","2281","4728","4674","5700","4906","4704","2477","3567","6833","3527","8806","5669","4185","4835","4346","5455","2020","4895","2663","3420","5062","6424","5638","3385","5886","359","3203","6325","7410","5491","8070"
"4.45_1026.92","6790","8414","13921","11777","13450","15319","3612","3220","4601","4330","5027","4152","10156","12308","7862","5066","5429","6595","6126","6283","5844","8053","4583","6116","6947","3252","5847","4506","2987","6169","10905","7240","3530","5911","4422","7295","3443","6420","4364","3919","6207","6223","5044","491","6580","10221","8292","6441","7083"
"1.46_615.42","3772","4680","4458","4306","2425","3910","3115","3391","3168","3831","4144","5190","2620","7083","4519","5847","3635","3555","3950","3060","3398","5360","3554","2656","1839","3625","4682","4377","3688","3073","2728","2719","3523","5651","3576","2964","2963","2050","4528","3525","2915","2762","3680","260","3226","2978","8257","3556","5986"
"0.84_620.39","2364","3435","3500","2570","1972","2609","2990","5903","3207","1253","2405","6451","2582","3654","7694","5036","2775","4758","2113","6406","3893","8182","4416","4735","1300","3674","8253","1744","14872","8011","3047","3709","6032","4282","2075","4912","2548","4531","2252","4616","5680","2773","5135","1281","1841","4758","15011","4433","11571"
"2.22_748.57","5083","7226","6408","7179","6822","6872","4582","8714","5445","6341","5108","10575","5742","8638","11744","7120","6330","6268","5535","6660","7862","7769","6865","8784","5141","5852","8392","2755","7337","8394","6001","4699","7667","5305","3135","7715","3888","3269","6960","7339","6183","4948","9342","803","4149","7033","15144","6643","21830"
"2.94_493.39","3948","5029","2962","6233","6756","1998","2045","3040","2706","3085","1789","6359","3523","6828","4879","2904","2376","5343","2916","3023","2253","2660","8410","4037","3196","5713","7101","1520","6640","3349","4584","6111","3241","3043","1847","3079","3774","2283","3377","8291","6877","2720","4132","450","1155","14057","5737","2451","5221"
"3.40_1058.87","8865","6885","15865","9935","18183","6640","7433","13221","16375","10442","11097","22585","17328","7490","15149","11423","14073","13133","7645","11160","9663","12142","14959","14203","11231","13766","16099","10187","18925","16674","11822","15990","11316","18589","9743","9005","10904","9375","12374","20119","15992","17769","18585","780","3285","17579","13521","7115","20722"
"2.93_836.73","11556","12705","13494","18576","18822","7717","7425","10279","12376","9371","6589","18209","11487","20448","15275","13192","10090","15393","8482","11383","8667","9594","25452","12949","8863","21429","20799","7504","22270","11470","16641","18452","13123","14282","8999","12459","7368","11026","12189","23285","20499","10137","16210","1107","3401","24094","8767","7006","10634"
"1.98_819.63","2951","2693","4390","3666","3221","3669","3978","3045","3532","8259","2953","2179","3798","2099","3426","3622","3054","3880","3559","3191","3612","3325","3305","3671","3800","2911","3531","2190","4972","5332","3111","3058","2941","2803","1837","4070","3475","3467","4042","2950","2900","3681","3884","228","4126","2587","4017","1597","4186"
"0.36_198.19","12712","22909","55142","16504","15045","52181","16901","12194","10984","16459","18071","37488","30496","90224","47012","40326","18278","12540","16180","30365","28045","11255","20326","44153","17936","11739","18889","12238","12893","29294","67272","47350","35619","16487","34772","30291","40599","12703","35820","13789","13835","9001","12767","47319","14762","12471","42847","11116","20462"
"2.39_787.56","3939","14112","2402","12565","12917","6145","4911","10014","6101","1506","1654","11559","11451","14428","9527","6026","2546","554","2188","3935","9648","17149","10870","10214","6636","768","15969","626","3181","10033","11462","7995","13091","6854","1652","12084","8783","1131","12273","8119","2219","1438","8409","999","12166","11269","32709","17134","22307"
"1.51_383.35","12182","14432","18816","18185","13480","14582","11368","13791","11502","13672","12554","16394","14516","32699","16917","19464","13396","16013","11699","16378","15434","17091","17983","18089","7821","12916","20662","15526","14105","17748","17344","19029","16720","15636","16288","16048","13051","8730","18329","15990","12287","13697","17428","2581","13285","12941","54974","12537","30149"
"1.53_818.65","2879","2736","4431","7747","7797","4850","1838","3365","2361","3119","1285","5985","3282","9074","3226","3551","2781","3695","2313","2609","2682","3277","5447","4765","2383","2460","6222","2775","4796","4142","4167","7174","6028","2311","2204","3335","2007","1638","3220","7600","3064","3713","5343","642","3752","6344","14224","4677","10254"
"2.84_668.59","3454","3078","3204","3604","3616","2576","2542","3418","1946","5292","4005","3112","1968","2818","2214","3430","4098","3669","4854","3417","2723","3084","4082","2674","3977","3491","4060","1699","2521","3917","2777","2885","2490","3039","1458","3210","3868","2294","3202","2439","1535","2926","3016","556","4433","2229","6611","3790","2424"
"4.08_1426.39","23430","5413","19147","7326","7186","7299","3405","18449","6999","10463","28916","21091","10906","8133","8717","8564","10267","9922","11782","6135","7552","15442","7697","6861","7099","2731","7414","5465","78826","6782","8475","11100","7270","15834","16761","21499","17041","12489","14200","7856","12513","4917","9515","13021","11758","7009","14660","15807","3145"
"3.52_1084.89","2847","1654","3570","1687","4811","1252","2716","1842","4625","3351","1616","6220","5211","2836","4218","3239","3002","3283","2125","3146","2078","4121","3720","4267","2635","3273","5541","2902","5262","4088","2254","3719","4328","5385","1912","4271","4031","2463","5084","6071","5633","4763","3748","444","510","10908","5874","2864","6721"
"2.76_764.64","11713","13531","12093","21547","22930","7886","5963","7733","7476","8495","2364","17259","12301","17583","12424","9665","7560","12842","5663","10807","4060","8707","19355","11450","4559","14384","18817","5077","14132","9761","15804","20490","8149","8752","5180","11194","5693","7638","9173","21802","14757","4038","11186","1282","1363","16365","16431","4899","14434"
"0.54_392.37","3346","2174","6971","520","507","15208","1202","28593","1948","1059","1194","3504","1148","3901","1134","353","1819","4228","2943","1473","1625","985","1578","3334","2357","1239","921","1838","1572","4179","3641","2732","2962","12708","2956","2207","2125","7105","814","1552","1513","862","23563","4215","1674","4396","996","3061","27905"
"2.34_166.06","4940","4975","5461","5328","5107","3422","4321","5571","3826","3763","4624","5923","4303","6215","5388","4888","4576","5506","3527","5266","4782","7084","5217","5931","4477","3935","6222","1610","4163","5856","4301","5724","4943","4243","2394","5142","4317","2497","5847","5424","4327","3246","6164","455","4658","5446","10369","5674","9178"
"1.98_734.57","3967","2548","3726","3961","3218","2529","3418","3132","3192","3039","2746","4148","3075","3410","3733","2751","3033","3091","4275","2967","2837","3584","2858","4215","3244","3298","2894","2103","2992","3338","2717","2867","2761","2309","1746","3136","4467","2908","3050","3879","3164","4218","2483","418","4305","3385","6064","4017","4038"
"1.97_812.67","3058","2778","3563","4456","4602","2779","3347","2903","3574","5653","3518","5080","2341","3411","5810","5123","4578","6500","6490","4738","3829","4736","6716","5052","5889","4563","4165","2723","4537","4350","4353","6169","2900","3938","2144","6370","4178","3839","4038","5053","5827","4470","7076","111","3185","7361","4613","3141","6185"
"2.53_784.68","6825","7198","7147","7177","9208","5946","10145","8528","8823","9763","8873","11065","8136","8996","12796","12563","11714","13157","15155","12562","12162","13278","9157","15017","14207","9849","11553","7115","9914","10989","9239","11607","9392","10572","7143","12012","11482","8387","10852","10083","11241","10471","10508","903","9637","11447","16910","10317","20017"
"3.59_761.64","526","239","301","431","305","296","890","7673","4448","713","2057","7542","498","508","5239","2854","1022","5254","1412","4733","1690","6757","4482","4724","1460","5044","5667","671","13586","5111","467","418","5682","2439","133","6308","3135","1252","4550","15221","15501","4085","13716","670","192","4490","10424","3790","14149"
"2.71_794.66","1271","2215","1563","2277","2695","1844","2854","3107","2418","2088","2197","4680","3239","2778","5816","3673","2764","5672","3637","6910","3502","7632","4811","5308","3037","3918","6638","1450","4385","4373","2219","2859","2854","5077","1230","4732","2333","4494","4485","6599","5501","3657","5852","475","1917","9607","7942","5143","7713"
"3.03_905.76","8511","9063","7207","15307","15990","4895","8367","8738","8373","10532","8052","14137","7658","8203","11193","9400","10334","11880","10786","7315","7353","6580","25195","13339","9163","20700","18388","2819","14363","8057","11764","19596","8116","6859","2751","10379","10573","6134","15538","21079","13713","7771","10018","1437","3143","13047","13340","5905","12901"
"3.84_957.93","4618","4116","2020","8056","7490","1843","2453","3541","2913","2551","2334","5195","7726","4039","2994","2740","2254","3590","1735","2276","1946","2797","5689","2280","1993","6941","7328","2352","5941","3047","6723","7273","3490","3719","1926","4759","2935","2121","3008","8580","7182","1810","2506","356","1123","4852","3366","2027","3445"
"0.84_428.37","2748","3447","4993","3551","8704","7328","749","9108","9295","5341","2199","3983","3150","5059","4435","15859","8602","6279","7830","3378","2104","3093","3101","4115","5310","17003","5358","14728","3044","10866","15233","4345","19161","4352","4217","7706","10720","19161","2405","9519","2881","8446","6549","98200","100263","2960","15529","23838","1490"
"2.45_920.75","6563","4728","5626","6902","9173","5544","4241","2284","3059","4449","3565","3923","2897","4750","4091","3203","3624","5540","3863","4821","3219","3689","9197","4614","2436","6771","5443","2670","4646","3291","7101","7103","3214","2569","2892","3349","4163","5177","5561","6082","4045","4869","4560","697","5095","5902","3037","2821","3740"
"3.27_918.81","4178","3134","5163","6000","5439","4371","5103","8606","4160","12627","6889","17109","4079","4804","7238","4394","4670","5672","4543","5491","7514","6408","14831","8148","3613","6098","8282","5161","9401","4574","5684","9128","6100","5536","2388","6276","6213","5622","10783","7814","8643","5603","9358","787","1631","4998","8463","4737","11766"
"4.12_934.88","205356","154274","225305","203783","221824","131710","158502","317699","236845","270714","183859","308843","209232","211727","220383","186319","223453","207475","142045","201878","218436","190279","230813","205136","137171","165706","234238","153238","233628","221604","227713","223845","230747","220419","87384","179814","104394","173419","203733","257778","220137","172913","284524","13233","41573","130468","202834","135384","265439"
"2.07_704.47","7675","6489","5094","4777","3921","3645","4511","5097","3796","6201","4118","6455","2172","7023","7820","6029","6804","5955","3696","4247","4558","7266","4884","6580","3478","3245","7341","653","2581","9659","4713","5994","10343","2646","1044","8734","6771","866","5528","3397","3363","7144","7720","219","4437","5756","10458","6327","5998"
"1.15_457.33","2575","2365","8689","5381","5821","5180","3772","2428","2750","4522","3469","4894","3365","7187","3362","2418","4917","3238","3754","3831","4570","3295","5162","3392","5303","2662","4786","2311","3988","5301","3885","2617","2813","3031","2716","1809","3974","3002","3858","3577","1645","3413","3078","427","5026","2528","5385","3246","3313"
"0.79_526.43","3084","4231","2453","3658","3720","3120","4164","2391","3146","4228","2729","3514","6283","3984","2916","2286","1962","2649","3475","3150","2262","2892","2962","4315","3193","3465","2666","3359","3117","3244","3468","3286","4042","4416","3474","2327","3106","3205","3427","2852","2746","3324","2363","3421","2702","3239","3819","2559","4997"
"3.62_980.85","22600","14537","25878","24956","36116","15114","9305","28192","17770","23226","12248","38644","24244","23910","15791","16765","12208","16427","8806","13808","15255","9261","25691","17774","8973","18692","39758","11642","34856","19945","32136","39779","18048","14104","9970","16789","15206","15534","18407","35446","23839","10041","21821","1293","4404","20901","16843","8890","15988"
"4.54_1295.12","5051","5772","6316","6038","8314","5852","2071","3576","2508","4279","1759","4317","4466","3147","4547","3967","3008","4351","5292","3074","2925","2986","3122","3060","3614","2924","4143","1828","3124","2957","3810","5127","2841","3174","4563","4051","2397","4058","2982","3215","3062","3221","3796","449","4779","5310","3003","3268","2945"
"2.75_848.73","14215","12910","12344","18639","21950","7794","4744","7129","7447","6563","3935","14309","13226","15862","9027","7788","5227","10258","5385","5144","4494","5088","15504","7191","7110","13231","16671","4162","15027","7100","18279","18163","7097","6701","4195","8417","6092","6121","7407","22154","13113","4757","9679","1482","2199","15038","8711","4044","7532"
"0.83_616.18","3188","3572","11241","8614","2788","11394","1254","1687","627","977","932","67","410","4175","321","176","781","486","570","1367","683","877","848","236","355","503","312","734","1362","1217","2800","1075","728","1318","4017","669","364","1210","637","1030","1817","579","205","1282","3220","429","407","1155","536"
"1.53_748.55","3021","1860","5806","4149","5670","4752","3009","7330","2896","5421","3435","7251","3088","9094","5180","5761","6233","5032","2627","5309","4908","8412","4157","8880","2788","3838","8924","3900","5154","6918","4358","8228","4343","3956","2338","3212","3701","3716","4252","6917","3725","3170","7784","1108","2486","5622","15600","4049","11540"
"3.51_950.87","7293","5810","6889","7159","11669","4217","7053","9658","8735","13628","9288","14089","6149","8011","10537","6764","11368","9957","8352","8665","9995","7767","14089","13761","10212","8411","12750","4084","13053","10001","7533","12135","5975","6681","3047","6434","7208","5793","10464","14946","9313","7933","11291","513","2275","8205","10026","4219","14812"
"0.61_498.40","1319","3486","3951","3070","3419","3298","2348","1948","2859","2000","2425","2754","7652","4296","1465","1684","2246","3056","2496","2548","2477","2451","1126","1488","3282","2168","2985","7257","2517","3061","2113","3080","3283","3170","2875","3027","1227","1927","2340","643","1073","4204","3150","1549","2210","2400","6836","3208","4757"
"1.13_430.44","1260","1640","2604","3603","2622","2410","1944","2429","1383","2153","1437","1139","1391","5028","2998","2413","2349","3040","2996","890","823","1877","2030","1314","1397","1866","3638","2424","1274","4269","2058","1963","4365","1998","1452","1649","3132","3909","955","4410","984","3995","1708","8758","22913","3369","8140","4213","2350"
"3.02_1088.82","2783","2614","6905","3818","7481","3174","3207","5471","8203","2604","2989","10302","9684","2146","4279","4750","4265","5154","1804","4377","3706","4845","4901","4126","3212","5565","7813","3546","10669","5673","5810","6080","7586","8824","2406","4616","3522","3751","6139","12871","7699","5805","6547","434","1426","6806","6853","2695","7763"
"2.77_790.66","7301","8442","3952","10623","7331","3970","4057","5440","3450","3778","4271","7033","4948","7567","4313","4446","2511","4149","3130","2702","2629","4259","8193","4307","4537","9220","8012","2320","5739","6364","5561","5655","4147","3576","2880","6284","3539","2869","4946","7575","6873","3733","3957","1136","1742","10199","6864","2721","6787"
"3.63_810.76","14609","13660","12946","11257","13732","6288","22503","28484","22479","17816","13339","35541","13035","11055","33982","28246","24039","43618","25287","39588","36653","56467","39369","33110","28372","44085","45145","30025","41025","31300","16293","20078","20574","51098","9623","38426","29341","44775","42130","51181","51860","41207","44142","2106","15701","53108","45512","34610","47749"
"1.94_658.54","3393","3820","3990","3065","6053","3084","3772","2640","5066","2549","2821","7375","5222","3334","6900","3938","2623","3739","3636","3956","4304","5942","2723","4399","4390","3439","4227","2677","3073","3660","4746","4132","3643","3523","3604","4038","3087","4083","2398","3098","4693","3345","5294","483","1639","3900","5865","5288","7961"
"4.25_936.90","37348","21189","50497","31970","39117","26411","48726","142059","70601","96854","30559","104362","48769","87307","62832","35410","54244","32222","20831","53112","64937","42703","42299","49589","21033","18762","54696","26596","57849","51874","61067","47543","53381","37293","28849","39120","14848","31090","52739","46665","51749","24462","63437","6571","11718","15934","53894","46258","116202"
"4.06_954.83","3407","3045","3466","3426","3069","2128","3302","7558","6663","5512","3331","5768","6826","6858","5713","3131","6955","2875","1723","4382","2979","4603","3454","4334","2159","3498","10651","3046","6085","5192","3866","4346","3962","3824","1874","5551","2387","2969","3778","3292","8159","21247","3568","1578","2009","5425","5395","4277","7611"
"2.86_726.62","14330","17345","17723","22038","24205","16681","7829","11805","8775","11063","7387","23533","12594","21830","18601","12162","9661","12438","14562","11203","11288","14066","16365","14459","11485","11187","16416","5947","11855","12283","18263","19450","13507","10417","9619","15067","10214","9010","12035","20656","12539","13380","18300","1251","15310","17628","25904","16965","26875"
"3.84_956.92","6945","7220","3706","8482","7885","3250","4203","5735","4607","3612","3291","6143","8288","6168","3754","5715","2831","5431","3820","2709","3435","3866","7028","4709","3700","8884","9368","3047","6832","2896","7142","9589","5660","6774","2712","6359","3331","4420","4916","8903","7580","2154","5155","516","824","6059","2522","2335","5101"
"3.34_864.77","2636","2496","3193","4611","5671","2627","3631","5572","3712","7449","4315","8602","3811","4943","6893","3489","6331","4815","5901","4751","4121","5095","8965","7394","4886","4275","7249","2784","6994","5210","4063","9012","4195","2738","2227","4041","6856","2858","6647","6120","5898","3761","6205","549","1308","5205","8778","3712","10232"
"2.19_629.55","3970","3272","3434","3554","3303","2301","3108","3564","2358","3993","2896","2746","5235","5170","2688","2802","3414","3113","3038","2178","3115","4864","2642","2273","2194","2280","4810","2078","2570","3288","4345","2929","3679","2722","2577","3473","2978","1827","3616","4140","3503","2521","3743","643","3823","3852","6306","2569","4269"
"2.64_672.59","4039","5865","6521","8166","7328","6060","2447","2805","2457","3757","2305","4372","4949","6950","5513","3848","4309","5151","4550","4260","4375","6397","3930","4991","3255","2996","4910","3970","3548","3437","5133","4344","2775","4343","3133","3588","2105","3376","2930","3618","3527","2886","4366","359","2443","4729","3120","2737","3490"
"2.39_788.66","12727","16105","7458","18193","16773","9046","6503","15870","7223","7122","7358","15949","14674","17878","11346","8645","9582","10796","7940","8971","13499","18880","13507","14620","10286","7663","17614","4613","7152","11147","14877","14041","15810","9795","3222","15918","8484","4191","16912","13305","8918","9559","13913","1143","15756","14075","35543","20611","31174"
"2.79_788.61","4517","3995","3433","4449","6601","2621","4455","3807","3679","3760","4154","4746","3852","3561","4107","4054","4216","5607","3887","3392","3865","3711","5625","4979","3627","5403","4457","1854","5658","4045","3013","5507","4254","3165","2964","4767","4538","3734","4653","6065","5739","4369","4861","643","3148","5284","8935","4508","5442"
"2.35_762.73","17225","19958","15197","16748","16430","12346","11489","20503","14258","11344","13854","21717","16321","21521","18908","16960","15832","16440","12875","16370","17268","22243","17571","21329","15499","13607","20249","5140","17302","19366","17397","20249","17719","12810","8752","18521","15432","7453","23350","20771","15983","13093","21370","1217","12861","21716","14224","14461","16456"
"2.70_806.67","2667","3635","2961","3187","3391","2846","2941","4518","4110","1923","3131","5435","3750","987","4809","3059","3054","2372","4141","3178","2641","5022","3522","2894","3421","3346","3684","2126","4124","2993","3243","3880","3078","3256","2017","3251","3492","2862","3147","3628","3647","2679","3577","98","1615","4435","7823","3161","7147"
"1.98_733.54","2510","2477","3149","2763","3837","2913","2382","3072","2511","3768","2617","3739","2041","3172","4395","2790","4484","3751","4291","3037","3842","4091","3685","4236","3535","3183","4793","2361","3764","3254","2567","4189","2106","2281","1218","3930","3127","2528","3997","3726","3073","4290","4132","372","2683","4722","7084","3663","6222"
"3.19_631.49","2819","2901","2593","4180","6363","1416","2917","2897","4188","4145","4016","6608","2783","3213","5348","3482","4487","7387","4836","4330","3156","3723","11334","6964","3766","10135","8661","1709","7309","4472","4327","7943","3218","3043","1348","4413","4733","3478","6861","9936","8830","4683","4389","771","1009","11236","9766","2938","6860"
"4.07_369.35","21640","35991","22194","26303","31959","20781","17338","30164","21525","20350","15836","51793","34231","30968","39853","20649","19105","23790","28275","23820","24544","41894","24271","32085","25562","18597","30607","15018","28074","20920","26406","34677","30526","24049","14433","31099","18486","17809","19495","41828","39595","20777","36985","4086","14899","33561","83166","21603","103873"
"1.96_574.45","3030","4093","3587","2468","5245","2862","2535","2915","2679","3220","2325","7979","3836","2908","6744","3395","3002","2924","4115","3523","3447","5987","3138","2878","3378","2652","4111","1994","2280","3152","3171","3864","3058","2594","3196","3999","2845","3663","2339","3058","2994","2724","4515","609","1762","3077","8368","4002","8372"
"2.52_841.65","11124","10177","16897","17026","23114","8458","5472","8775","12022","8509","6264","17599","14421","18654","9592","7197","8621","11448","5564","7359","7355","8569","12664","10738","10287","11813","15253","6430","12261","11143","17367","17480","8746","10729","8363","6917","9594","6217","9677","16327","10366","10790","9875","1042","3393","18620","8629","3880","9666"
"4.11_946.88","84873","89822","70943","96539","112297","48353","63703","82858","98346","78989","73802","120130","102800","98332","105179","90115","98897","93771","80221","82981","76707","77621","110549","100198","90485","110165","118955","68574","102475","95331","89158","117303","86765","102737","65518","78557","85694","68136","84282","146479","122914","99843","103445","5946","27980","133237","103805","63740","103929"
"2.31_700.62","5028","3830","7981","7759","3707","8044","2056","1411","2120","1820","1449","2161","1350","5302","2063","1627","1964","2355","1843","2482","2764","2410","1942","1323","968","2646","1152","3354","1327","2068","3662","2284","1385","2716","4399","1384","1447","3951","1095","1559","2053","2119","1810","556","4938","2012","1051","1837","1107"
"3.64_1032.88","9681","12692","4712","12352","8836","3113","3028","7819","3715","5752","2190","8113","10689","6783","5916","5140","3539","5149","4038","3124","2382","3065","7817","4755","2761","11188","10549","2878","6574","5642","7260","8840","3488","4634","3056","7706","6418","3244","4721","10034","9825","4173","3668","1078","1596","23172","7545","2789","4002"
"3.98_918.85","28110","28165","30963","39103","41884","20646","21249","54611","34952","38199","27334","61296","38690","41348","34022","28909","32680","32668","20868","30292","31340","36218","41180","40788","25900","32051","49804","28281","41471","35791","42767","47823","36365","35741","16288","28435","32189","25916","33759","54832","43394","21874","41637","3335","8229","35246","50603","22441","48234"
"2.71_772.68","1224","1610","1596","1603","1211","1602","4318","4071","3326","7309","4629","2385","1515","1462","4358","3181","5316","5755","6780","3925","4754","4593","2273","6038","6934","4140","4142","1504","3370","4766","1456","1997","1882","2298","1025","5026","5028","3267","4297","1871","3047","4286","2416","495","1379","3280","7420","2480","7364"
"0.53_352.31","1225","1205","2568","772","901","5671","587","27835","1675","1266","1016","2794","2060","2440","1237","551","938","1116","1202","906","887","967","755","1637","3548","849","792","1778","847","1816","2102","1105","635","2790","5792","1997","1494","4423","825","1225","790","1654","12153","980","1640","799","1148","960","21788"
"0.25_315.13","5235","5017","3423","1763","5671","3300","5552","2570","3176","5303","3284","2308","4460","3141","5629","4546","5294","6322","4938","6211","6745","4536","7910","6101","2290","5964","5177","2112","1619","3910","7077","6570","3754","6778","2853","4660","5102","5203","6321","2463","2013","5542","7629","499","5297","8677","3021","5510","3441"
"2.60_820.68","7452","8725","8097","11702","11210","5956","8482","9003","8792","8128","7196","13721","7977","7443","11117","8351","7379","7115","10755","9494","8061","11894","8018","7661","10233","7158","10331","5705","9263","8641","10198","9667","7466","6955","4017","8390","7469","7867","4512","9063","8429","8503","10246","1274","4824","9952","13489","9599","16888"
"2.93_467.37","6364","5526","8825","9244","12402","5066","2444","5139","5594","5153","2984","9383","4866","12599","6081","4314","3449","7304","3634","4285","4424","4039","10113","6162","4084","4907","10207","2806","9019","5642","9263","10291","5410","5085","1856","4474","2542","3556","5107","10860","6932","4131","6542","656","1501","8324","6250","2427","7761"
"2.48_900.74","4806","5266","9845","9762","13347","4799","3792","4379","6767","4887","4115","10906","7668","9091","4799","5173","4967","7615","2413","4470","2797","4128","7949","6557","7033","6346","10240","3557","7692","6140","10519","10119","5342","6588","3869","3375","5188","4271","5511","10091","6953","5662","5480","413","1430","9167","4689","2068","5408"
"1.31_722.50","3554","2899","8789","7017","6512","7479","3836","4772","3888","3075","2720","5388","6034","11691","6197","4646","4468","5347","3886","5626","4918","7585","4803","6019","4080","4385","6548","3987","5998","5280","3878","4905","4672","6185","4803","3803","3570","3179","3955","5695","5527","4124","6214","525","3897","5879","8237","3535","8317"
"2.98_846.68","3228","3133","3840","2940","4487","3611","2370","4443","2965","2279","3086","5508","5569","2502","4482","3664","2198","3347","3108","3581","3108","5412","2483","3023","2866","2727","3929","2484","4562","3370","3227","3707","4692","4547","2098","5871","1970","3670","2821","4737","3744","3077","4811","255","3571","3592","5528","4403","6772"
"2.34_756.59","3542","3693","2927","4482","4537","4054","5590","4205","3727","3783","2736","4222","3526","4292","2795","2731","4455","2862","3473","4605","2844","4614","2846","3148","3268","2834","4603","2577","3876","4723","2766","1482","4028","2532","1949","4024","3336","2370","3051","3690","3587","4509","4331","227","4601","3121","5909","5201","7520"
"1.97_761.54","5606","3795","3740","4860","4546","3129","5190","3624","2448","11582","2837","4599","2068","4238","3723","2813","4842","4663","5337","3304","4279","3413","3886","3567","4775","3702","5241","2406","3734","4099","3511","5087","4102","2983","1846","4958","4640","2823","5097","4772","2873","4660","3351","145","3839","4704","5998","4314","4093"
"3.38_890.78","7582","8267","8345","12528","19859","4720","7125","8981","7593","11021","7405","17855","10388","9328","13179","10300","9413","10200","9411","8762","7887","8227","19934","12879","9336","17469","17784","4433","13420","8969","10249","19945","7587","8024","5636","9369","13103","6423","10272","18927","14573","7607","11023","903","2008","14348","16650","6812","16033"
"1.97_767.53","3975","2838","2187","2398","2900","599","4933","4834","3009","5327","5068","2469","2950","2948","3174","3112","2854","3517","3706","4187","4176","2496","3292","4101","4338","2149","3785","1718","2671","5097","2196","2640","3148","2831","742","2951","4364","2322","2848","4376","2234","3555","3400","639","3674","3511","4385","1676","3541"
"3.83_549.49","4129","4163","3670","6770","4968","2912","2590","9043","3195","4781","3272","11012","5376","6135","3036","3633","2707","3882","2340","3857","3769","5217","5883","4537","2603","3528","8367","3565","6958","4063","5705","7909","4455","3862","2085","3048","4425","2635","6052","8211","6230","2069","5740","458","1169","4184","11518","3087","7839"
"3.98_551.50","9182","6864","10062","11188","13071","5857","6311","27671","9572","15079","6786","26392","11117","13038","9039","7819","6965","8810","4977","8992","9718","10092","11715","10851","4512","8041","18813","7268","15935","9154","12739","16949","10759","8939","3568","8966","5682","7127","10363","17703","12577","4980","13803","987","1845","6212","16623","4543","17857"
"2.44_591.46","3877","3753","2540","2911","2702","1295","3056","4501","2801","3619","2663","4527","1652","2054","4627","3698","3219","3777","2955","3346","4309","4553","3964","4570","2307","4095","4950","2332","4468","4190","3119","3900","4004","3624","2197","5014","3498","2488","4472","5792","4470","3165","5484","343","3132","4765","6250","4085","6633"
"1.13_430.39","29148","39679","61737","57660","58865","56740","47291","40939","32554","52295","35682","35314","34978","111005","67813","50569","55785","69736","70515","19723","19418","42353","43524","31394","31538","41005","80677","55525","29415","96834","46360","46628","95901","47035","31590","41151","71684","90004","21870","95690","23543","91166","37762","173975","440294","73686","168159","93682","63192"
"1.08_312.36","12251","9474","11068","10869","19162","9924","29310","8132","8845","14112","5399","9944","11409","86408","16197","22371","19102","12170","15311","8973","8803","9893","10563","13904","13745","7179","11710","20902","21480","28806","27804","17571","13428","6755","24736","9724","8985","30474","8737","15192","15377","14065","14861","9844","9981","8981","11316","8408","9718"
"2.04_782.66","6490","7091","7195","8634","10911","7078","3041","3461","3769","3357","5265","10276","4726","5581","6843","5109","5026","6119","8027","5020","5100","3516","8802","5550","5451","5178","5677","3486","3777","2937","9085","9953","5207","5597","7730","4912","4236","4726","4123","9486","5375","5771","9681","547","8294","8318","2993","7279","6879"
"3.77_984.87","12711","7863","25088","14088","24057","10498","8854","24085","21654","18906","12950","33182","18354","16889","15386","12340","15176","14258","7773","13755","14432","14944","20159","14842","9816","11324","22657","9358","22468","17522","21085","22501","15230","16689","6317","10654","7015","9940","16895","23948","16784","13648","24087","1510","2779","10561","16410","6639","27062"
"1.08_678.47","6502","7123","12022","10494","8160","7159","5671","6755","5386","4508","3555","7505","5781","12741","8120","8619","8082","9317","6064","8022","7008","9363","10357","8881","2934","6267","10413","5456","9701","9066","6841","9002","7726","7529","5259","6892","4419","6658","6698","7503","8065","5819","7278","925","6200","9083","12633","6353","10741"
"2.95_647.46","44929","80129","29221","21099","42253","34250","54027","8904","21049","59796","22073","5067","24987","32765","34756","38113","55212","36482","39562","46805","71373","40694","49999","37606","5461","39002","25311","39408","5814","33581","24066","62025","34634","79876","87506","24447","30577","26831","33696","6164","8143","35457","50423","3649","43953","29986","7750","55914","9205"
"0.54_151.10","5915","4398","12191","1640","1870","34621","3245","56310","3208","2712","2716","4173","2942","7331","3184","1967","4197","8341","5993","3723","3384","2081","3718","5972","4602","2436","2093","4514","2599","9853","6611","4889","5636","21123","5298","3611","3776","18866","2168","3441","3014","2149","41019","9615","4941","7702","2165","6339","48629"
"3.59_826.77","623","991","1350","1262","945","1504","2424","10345","5123","1601","2762","9466","1911","1302","9306","4083","2418","7720","1980","6442","2930","9525","6591","6845","1898","6512","7300","1385","15173","5922","970","1211","7855","3751","1022","7253","3909","2219","6427","16717","22543","5511","20019","1103","840","5607","12501","5324","17687"
"0.97_391.30","14959","17490","18435","17633","11224","15820","11963","11590","11399","14792","13875","14607","14940","29393","17025","17059","13791","17978","13952","20842","19648","18309","16420","24888","10890","13570","23903","13879","14651","22701","22069","23952","20806","16360","19974","21831","17373","10461","27029","13034","10446","13187","14242","2128","16229","15108","47380","14688","30008"
"1.08_679.47","3111","3203","3963","3359","3968","2983","2403","3082","2702","2140","1601","3005","3338","4946","3109","3279","3046","4190","2747","3487","3045","3955","4724","3645","1549","3085","3953","2870","4226","3651","2786","4213","3056","2752","2487","3290","1986","3130","3089","2988","3319","2888","2678","373","2804","3767","5523","2945","4575"
"3.68_922.82","5555","5593","7731","6757","8234","7311","2737","1927","2477","5103","1621","2897","3841","5436","4350","3620","4023","4139","5776","3134","3861","3270","5288","4281","3228","5484","4369","3274","2702","3010","5353","5265","864","3038","4889","4165","2244","5194","3812","3004","4970","4074","2886","553","4752","7746","3064","3506","3759"
"2.21_793.59","4073","5300","1263","3638","2922","3196","3534","3305","2705","2209","2354","2246","4757","5777","2938","2033","3426","2700","2658","2726","3870","5981","2678","2937","1635","3386","3213","1676","1222","2381","2509","4183","3318","2899","3143","3429","3353","2423","2785","1739","1875","2247","4031","598","4085","2854","5668","5225","3124"
"2.77_922.77","2913","2919","3122","2355","4623","2775","1941","3580","22419","3775","2606","7560","2361","2164","3885","2962","3470","3693","3875","2725","3387","5054","5954","4505","3678","5980","5235","1599","6151","2701","2648","5263","3658","2939","1734","4136","3060","3250","4051","7155","6228","3277","4968","785","2617","6240","4308","2503","4220"
"3.38_891.78","6549","5631","5809","6946","12500","3052","4790","5307","6431","7112","6322","9096","7515","7225","8967","6360","5553","6496","6807","6448","5257","5865","10754","8268","7942","9056","10203","3038","7907","6948","6493","12977","5200","5629","4252","6350","7650","4799","6946","10148","7497","5500","6841","416","1677","7265","8392","3790","11334"
"1.30_714.47","3688","3031","4749","3848","4713","3986","2716","3698","2189","2373","1925","4742","3465","5902","3250","3652","2495","2406","2994","2581","2199","4238","2993","2793","2203","2651","3364","2727","2508","2933","2993","4311","3070","2735","2669","2531","1849","2170","2821","3359","2398","2337","3064","211","1917","3732","5142","2889","4677"
"0.43_300.29","3892","3586","2245","2939","3049","11428","4862","6264","4524","2779","2474","2606","3454","6916","13099","2515","8109","3037","3439","2593","4555","10966","10513","2579","4864","2551","3742","2493","4776","3583","8157","3033","3629","3285","5094","2420","3148","2265","995","2071","1191","3203","6327","2243","2451","3649","6710","1814","2307"
"2.72_812.71","1582","1302","1217","1913","1464","1560","5000","9134","6265","5973","4715","4393","1379","1285","7590","7175","6499","11275","8027","10401","8834","9340","4417","12303","4005","7160","7180","2255","13166","8919","2402","2063","2027","4430","1211","12763","4944","5066","8703","2798","12250","7868","3949","687","1374","7241","14972","3986","14813"
"4.11_929.83","9785","13254","5974","12131","12713","3816","5121","13776","7382","9142","4981","10857","14863","10834","12192","8109","7328","9861","6528","6431","5024","10876","11581","11686","7661","15178","14181","5893","9035","9582","10211","10951","8593","10519","7695","10974","17648","5593","10991","13799","15411","9417","8613","2500","3860","29041","15024","6356","14222"
"3.67_902.82","6713","10045","7544","13953","7964","8820","7856","15915","7844","12386","7783","19600","8375","13637","8722","7073","5025","6771","5480","6027","8449","17342","14968","8563","5821","7984","12513","20512","11062","8735","9059","15381","10964","12367","5563","10981","18384","6851","20605","8744","9637","8257","10459","1749","2761","7024","24674","7499","13978"
"1.13_664.45","3646","3057","8858","6780","4882","6359","3211","3526","2740","3075","2108","5008","2111","8595","5942","3556","3609","4647","2693","5139","3281","4578","6920","4666","2155","3492","5662","1966","6279","4130","4421","4415","3215","3565","2721","3536","2357","2534","4399","4464","4341","2672","4440","440","3692","4526","7249","3473","9017"
"2.72_926.76","3625","3102","4189","5275","7044","2812","2606","4398","4865","4443","2884","5908","5832","7844","4419","3290","3473","3583","1962","3140","3233","4186","5281","3288","4328","4682","7094","2385","7242","4399","5521","6165","3358","3637","2051","3412","3555","2048","4284","6354","6245","3866","3205","814","1570","7309","4739","2969","5127"
"2.72_936.77","1091","1694","4170","8982","5346","1794","7456","1999","2544","2329","2121","3313","3071","4803","2520","1969","2550","2767","5414","2132","5084","2050","4728","2498","2308","2470","3494","3350","2712","3170","5024","2712","2725","2502","1564","1872","2750","1622","2181","5463","2568","3301","5807","1533","3118","2461","2313","2127","3368"
"2.93_824.73","20079","13638","37542","30170","40804","21214","11592","23131","24954","23010","12995","35229","22990","48409","16395","14262","14246","20814","8794","17366","17813","16562","30125","19062","12507","15630","31298","12392","31130","21481","41210","31501","21529","19318","9115","13836","9482","14734","20345","35117","19425","13620","24404","2053","3846","14135","15921","8993","19386"
"2.79_852.68","5050","4181","4587","4570","3793","3186","3517","3289","1955","3206","2853","3384","4348","4689","3773","4249","4264","3984","3932","2588","2620","5630","2668","3242","5561","4100","5108","1249","1277","3297","3942","4818","3951","3479","1913","3405","3822","2123","3148","2391","2140","2247","4212","364","3398","3867","5899","2634","4059"
"1.67_658.54","2406","3507","3089","3221","5078","3093","3597","2294","2265","4085","3322","5055","1848","3157","6024","4534","4570","6775","7022","4395","4276","5270","4996","5174","5158","3675","5359","1544","3498","4330","3047","4212","3000","2821","2456","4932","4328","2604","4784","4191","4961","4512","6087","462","2852","6215","6541","2784","7543"
"2.53_759.67","1749","2908","2531","1780","2880","2395","4396","2190","3739","3629","3453","3316","1446","1779","5089","3887","4779","3903","7089","3365","4407","2902","2886","5179","4991","3641","4615","2603","1239","5036","1514","2849","3493","2948","2715","3656","5437","3843","2885","2368","1752","3456","3493","328","1543","2064","4799","3572","3761"
"0.22_277.12","2400","4326","6228","5013","2618","7034","2324","1688","1300","12470","17709","4465","10383","297","3308","3766","4739","10741","4263","776","10254","5844","4787","9400","1080","4628","3334","9129","2925","13082","2441","630","28375","4334","2819","2713","1890","5868","16440","15174","2199","6222","6253","1357","3073","4149","4975","12913","6930"
"1.30_700.50","3902","1893","7422","7165","6614","6388","2823","1828","2170","2934","3284","3897","3754","8082","3416","3123","4035","5135","2908","3620","3340","4484","5171","4562","2533","4738","5116","4063","2066","3599","3353","4437","3841","4863","2648","4282","3966","2883","4394","3934","2472","3665","4608","697","4301","5057","3837","3771","4955"
"3.61_870.74","10432","5128","24157","13229","14825","13693","8136","27385","12639","20675","9780","40282","10384","16766","10286","8871","9382","8808","7121","12567","12385","15760","17398","13167","6742","7869","16928","11082","21328","12307","14120","18988","11229","12173","6469","7090","7807","7370","20189","17524","14140","8740","21081","2600","2216","9018","20842","6357","30005"
"2.34_125.00","26404","29993","27900","28279","25760","19908","22431","33105","21072","22260","21011","34503","22905","32493","32247","29501","26334","26841","22281","26983","26916","34129","29967","32302","26863","22571","37967","9307","26293","31501","26211","29731","27416","21897","14038","30044","22307","14212","30695","29061","25121","21658","34149","2977","21854","32456","59173","27148","49684"
"2.95_862.75","3127","5204","3137","6256","4587","2668","3524","6600","3966","4533","2936","7211","5132","5898","7263","4264","3368","6805","3345","4879","3264","5346","9746","5368","3290","8869","7238","3045","8711","4571","5032","5470","5406","4920","3278","4733","6359","3717","6815","8911","11259","4669","5502","1117","1596","21687","5618","3038","5044"
"4.25_962.97","4206","1864","3608","3272","4743","2051","2721","14695","10317","9976","3154","13795","8214","13018","9515","5146","8619","1699","1815","4195","5380","6802","7129","7345","2008","3284","10700","2983","7858","7275","8374","6513","7185","3887","2479","4066","2104","2104","4830","9417","10874","9261","9483","711","2329","3051","7954","3824","12495"
"0.51_374.33","3170","3378","3647","2787","4409","4183","6673","3749","3407","3785","2453","3372","2881","8026","4314","5614","4297","5160","7085","1677","1699","4720","3361","2453","2990","3611","9658","5105","1689","3665","4439","3087","5889","4013","2308","3682","4568","6863","1614","8211","1864","6064","3568","25332","53951","4011","6632","7242","6130"
"4.16_946.87","72775","23383","22822","112597","97135","55713","73504","91585","83482","27767","66396","133742","89294","84550","37846","35416","112776","80733","92685","74979","68009","21108","38741","25275","77544","123135","29296","17390","88839","81876","77728","101217","75756","116614","75439","23561","73630","21166","73110","45185","138384","83795","116876","6636","11261","24283","28380","58623","39688"
"1.15_522.45","4027","3287","7982","6228","7654","7342","5205","3304","3897","4068","3994","7107","4827","6530","5171","4248","6486","5303","4969","4933","5003","4350","5056","4053","6890","3684","6506","4159","5155","7209","5477","4582","3763","4835","3384","3190","3966","4571","4908","5235","3296","4232","5506","422","6729","3795","4325","4785","3473"
"3.14_878.78","5739","5523","4797","7553","7615","3350","4896","7420","5699","8534","3061","9103","4316","10685","8112","5708","4470","6402","4704","5487","5906","6979","10689","6859","4261","7933","10323","4074","10754","5601","6660","7587","5822","5772","3091","6140","5658","4249","8788","8032","11561","5635","7475","895","2388","13483","9096","4695","8317"
"3.92_1010.89","6639","4330","9910","6627","9472","4348","7632","17579","16454","12627","6453","18640","10614","15552","12054","6786","9600","5766","4193","8254","7740","7795","10180","8409","6017","5742","15697","4225","13293","8195","12343","9272","8798","8059","3910","6637","4016","5399","9371","9695","13668","16141","9893","676","2526","8530","6928","6455","18043"
"3.25_768.71","10586","1178","9264","22730","11896","5861","15705","6363","13151","8808","4587","9660","5397","10956","30451","6602","21853","9044","13347","10939","10828","18413","20668","19196","6598","5348","13706","30424","10598","5147","11613","9036","6956","4579","5195","5560","5502","5751","16031","4883","24772","19102","8516","2238","8717","19936","10672","11616","7172"
"3.98_932.93","4588","3301","4947","6644","6854","3644","3710","10853","5648","5757","5683","11147","6378","8108","6204","5264","5958","5057","3535","5214","5051","6543","6735","6929","4281","5465","9129","5322","8438","5832","7437","9129","6438","6632","2345","4893","6435","4536","5903","10210","8436","3665","8022","656","1950","5921","9447","3418","9055"
"2.76_791.66","5472","6116","6732","11813","9581","3189","3688","4999","4523","5020","3599","6501","5649","7535","4156","5458","4479","5853","3960","3766","3325","4350","7339","6869","3540","9283","8929","2934","6109","5727","6168","7618","5143","4557","2503","5311","6082","3417","7029","7987","6912","5115","4382","776","1825","8517","6662","2700","4859"
"2.10_675.53","2696","3211","2962","4199","5444","2493","3417","2641","3445","4262","4447","6093","2448","2834","4708","3957","4579","6076","7176","4291","3641","3895","5671","5095","4141","4442","4622","2272","3468","3273","5346","5274","2751","3844","1497","4192","3995","3494","3607","5319","4389","6100","4476","551","2555","7352","6595","3751","6337"
"3.25_700.60","4020","3243","2388","3277","3959","3101","10335","11063","7022","5539","4612","3396","5216","4759","4172","6330","6300","5736","6429","3075","6104","9021","5402","9456","7074","4606","5318","2887","4517","7721","3852","4581","4344","4268","2493","3597","11249","2071","5681","10450","2931","4443","9595","1013","3637","4393","17610","2911","7466"
"2.53_772.68","2869","3416","3806","2408","3813","2520","4723","3722","3171","5793","3877","3679","3911","4352","4075","4474","5705","4283","4868","3781","4326","5665","3702","4898","6002","3794","4818","2993","2627","4330","2959","4028","4940","2552","2613","4177","4822","3137","3790","3567","3983","3979","3575","371","3215","3658","8252","3795","6569"
"3.17_818.65","3447","3026","6749","3585","4774","4530","3199","5412","4475","2888","3186","5194","6243","2315","3922","4607","3631","3847","2649","4489","4259","7163","2408","3985","2943","2594","4651","4202","4859","4711","4160","3952","5775","6260","3205","4382","2620","4388","3488","4667","4282","4808","5178","537","4863","3535","6469","4448","7635"
"2.93_719.53","2822","4071","3157","3818","3949","3795","2536","2965","2748","4194","2930","4334","3629","5168","4468","3338","3402","3514","5536","3668","3479","3572","4514","4132","3851","2775","3819","1701","3581","3490","3331","3597","3636","2807","2516","4220","3343","2771","3385","3893","4162","3496","4183","446","3477","3685","5534","3654","9522"
"2.00_782.63","10863","16947","10239","17432","12646","11553","10132","8305","8450","11772","9949","8472","15579","15918","11078","9980","10301","10290","9527","10002","7650","19627","14342","10831","12302","11527","14345","5904","5579","10882","9113","13363","13700","11415","4310","19310","9125","4821","18608","12242","6599","6641","11684","1697","26087","15713","37190","21310","25745"
"1.13_363.25","6265","8382","9941","9949","8627","6302","9393","8916","6098","15128","9371","7651","5884","9539","7819","5984","8930","7664","7756","7121","6665","6895","12339","15007","6130","7742","8047","5596","5688","6294","6037","6484","5525","5211","3042","7340","12622","3329","10907","9467","7119","10949","8787","1694","4181","10276","16656","7046","18467"
"0.78_402.36","19934","24639","42475","27410","31609","33138","42491","33243","22008","25973","17368","22537","22746","74930","38044","43113","32069","34994","49736","11755","10645","32201","20675","16146","18862","28164","64366","51503","16386","46076","35666","26445","54642","31088","20700","25197","36188","61395","11009","72431","14182","49718","30895","180159","391453","115385","76943","66425","44558"
"3.02_1047.76","1780","3023","3260","2916","4626","1557","1576","6074","4812","3466","2345","3943","5592","1248","4373","2158","3250","4008","1822","3414","1592","4501","4445","4496","2900","4595","4829","2506","5306","5119","2507","3921","3763","5163","1626","3471","3092","1880","6279","7360","4149","8710","4227","755","1384","11030","6538","2485","7659"
"2.93_745.60","4674","3226","8593","7285","9283","4954","2199","4500","4745","4261","2308","7447","5344","11458","3921","2971","3342","4723","2778","3511","3416","3928","6654","3953","2964","3605","6433","2650","6085","4646","7965","6782","3757","4424","2369","2859","1913","3242","3822","6485","4495","2548","4674","775","1290","3028","3768","2137","4906"
"3.04_740.68","2565","2380","3902","13040","10625","2969","10201","3224","2977","2924","1859","3939","3049","6798","2557","3946","2478","3618","6267","2521","7652","4259","4177","3588","2521","2833","3803","30432","2293","3651","5158","3761","2426","2574","2875","2030","3217","3408","3001","2435","2099","4685","3593","2641","2937","2080","2595","3027","3220"
"2.02_810.66","2535","2197","2609","2720","4026","2677","2533","2660","1974","2811","2342","3950","2103","2307","3997","3055","3556","5174","4599","3494","3078","3003","4262","4311","3301","3653","3496","2032","3488","3041","3436","4615","3049","4294","1670","3617","3512","2525","2600","4017","4725","3210","5072","453","3030","6932","3624","3116","4773"
"3.84_982.88","57714","53684","21909","54377","46029","18594","24799","39526","26799","36016","22220","29246","57365","36048","34982","34674","19686","40016","22094","23825","19936","33967","40455","39377","25834","104840","58473","25080","26341","33007","40311","46784","41943","39581","22177","59517","44126","25334","56653","38886","46012","31491","22976","13047","18460","60879","47537","27161","36223"
"3.98_930.85","9881","12500","8397","13590","17142","5872","7462","11945","10140","8930","7327","15329","15394","12329","12307","10684","9276","10551","7573","8630","8964","9305","13922","10186","9996","13374","16778","8011","12991","10068","13808","18075","10308","13654","4902","11018","10159","8580","9897","20128","14881","8449","11494","1371","3275","14107","13008","6503","13659"
"0.23_156.99","6169","6654","12728","14982","11089","15269","2419","5281","2950","6527","2213","6032","3396","20345","4566","5678","5725","3488","4197","3024","2680","3731","7804","5853","2197","4426","4783","2602","2882","1213","7501","6257","2985","3385","4002","3586","2643","2981","3054","2614","2546","4801","5640","1857","6971","4526","4954","4489","4570"
"3.84_942.85","27908","29282","19888","42664","39428","17136","20558","27382","22484","20145","14680","35393","37246","23825","24119","26946","19192","25217","17217","14888","15889","19749","34263","23076","18279","40370","43957","14655","27914","21204","33111","47480","26235","31946","12836","28137","20479","20581","25546","41732","36432","13871","23641","2722","7312","26733","25135","15101","26316"
"0.20_166.11","3146","5697","32041","1411","12838","966","1572","1173","1508","1383","1423","3519","1793","5568","2319","1374","1897","2304","2637","1419","1568","2453","1728","2411","1368","2412","1890","1660","1405","1500","3525","6105","2630","2671","1436","1696","1984","1725","4880","3578","2092","1973","1829","1392","5083","1887","3550","1922","2594"
"1.62_536.47","2502","2117","6156","3068","4500","4177","6513","2948","4220","3631","5660","4397","3698","2540","3053","4185","7319","2901","4006","4325","5071","3949","3872","3247","9149","3125","3502","4241","2567","5560","3255","2463","3287","4686","1993","2715","5466","4287","5596","3353","2167","6867","4185","611","5680","2472","2337","4335","2645"
"1.93_674.57","2941","3469","4144","4281","4339","3456","3610","2172","2938","4624","3296","4645","3111","3264","4923","4217","4348","6130","6237","4594","4000","5536","4186","4913","4361","3755","4363","2237","4354","3705","3040","3165","3744","4082","2963","3557","3636","2824","3860","3273","5333","5031","3722","411","2810","4654","5459","2994","8277"
"2.14_700.57","4280","5955","4303","2893","3817","4584","6529","5124","3818","5463","4438","4915","2824","4313","4892","4494","6726","4895","6231","4113","5700","7941","5999","5042","4684","4285","4897","2238","3640","6055","3478","5608","5129","3537","2225","6026","4540","2838","5429","3472","4655","5777","4598","260","4201","4687","6861","4778","5178"
"3.77_903.73","7557","4473","12875","6971","13469","5668","4515","13501","10880","9848","5511","17032","9436","9474","7999","6190","8066","6665","3943","7803","6551","7851","9857","7568","4923","5636","11638","4533","12044","9133","10393","12787","7728","9546","2668","6240","3655","5492","8398","12643","8000","7460","12916","755","1548","6880","8547","3721","13988"
"0.20_139.06","1201","1904","12898","3089","2122","526","599","1922","4898","576","150","3108","3414","4649","2712","477","1760","10801","2298","2876","273","8633","1504","3511","1301","955","2512","4066","261","2206","5009","2850","1780","4736","150","2212","1049","2280","452","3122","377","3723","2897","2625","717","1176","373","1815","2664"
"1.74_452.52","1798","1737","2347","2340","5457","3925","1222","3060","5052","3143","2338","2169","3957","3951","2473","3184","2487","5399","1949","2272","1456","1625","2426","2593","2814","2503","3472","6201","2533","4507","2495","3791","6459","7477","1908","1936","2130","10355","1268","3471","979","2270","2309","6404","3520","1836","3015","1524","2985"
"2.50_884.72","14707","11777","25858","24750","32396","12680","7022","9151","16077","10832","9421","22816","19065","22964","11832","9998","12853","13822","7054","10842","9073","10630","18370","14082","14530","14088","18228","10110","18217","14200","23504","19883","10569","14671","9939","6936","10220","9417","11621","22024","13750","14359","12479","1717","3812","16593","9731","5068","12463"
"2.77_852.73","6839","4733","4873","5584","7616","3771","6043","4193","5846","6905","6955","5506","5441","4100","5403","7109","6101","8153","7537","5055","5953","4152","7914","7564","5282","6187","7922","4113","7876","4982","6538","8398","5422","5781","5293","5482","7802","5417","8919","9636","6841","7275","5773","741","3043","8989","4871","3632","4941"
"2.59_838.71","4263","1980","4352","3300","4871","3858","5002","4139","3379","5744","5324","4416","3548","2848","4074","4709","4487","4133","3819","4297","4805","3428","6119","5347","4756","4587","5797","2805","5788","4098","4787","5344","2847","3476","4071","3484","5423","3504","6844","5365","3791","3908","3908","852","2190","4308","2305","3541","4029"
"2.45_787.66","7209","6191","5213","5834","7363","4517","6305","39221","6222","6250","6496","39685","7429","8469","6291","1905","6652","6740","4444","5667","8839","7428","7501","7000","7464","3394","8193","2967","6400","7770","7798","6615","7823","31559","3506","7232","7104","4056","6465","6811","5016","4048","8191","2504","8378","5280","11456","46859","10297"
"2.07_725.61","7292","8120","7058","7309","8334","6626","8084","7707","3941","7439","6451","7067","6057","8895","8251","8055","8615","7963","7829","7377","7658","7907","7546","8027","7889","5773","8555","3006","6307","7836","7236","7100","8077","5672","2738","8545","7338","5123","7781","7371","6569","7973","7957","568","8523","7942","10819","10111","8313"
"1.55_773.61","2703","2245","4121","2818","2003","3120","1505","3682","1855","2433","1492","4611","3998","3379","4676","5429","3993","2462","2901","4181","3304","5780","2949","6958","3068","2186","12021","4076","10315","8859","1444","7662","7254","3016","2465","6525","2373","2236","5327","10530","5506","2103","4390","941","1923","8574","21946","2412","8599"
"3.91_928.80","3393","2535","5818","3741","5099","2748","4144","11383","8532","6997","2053","12019","6624","7846","7054","3440","5413","3325","2114","5213","3753","4669","5803","4837","2438","2612","8722","2203","7345","4375","6072","5076","4869","4858","2506","3743","2079","3053","5444","5536","7468","8793","6716","675","1474","4374","5427","4021","12687"
"1.99_1581.10","3869","3551","3393","4166","4119","3016","4443","6066","3187","3303","3923","3502","2822","4507","4294","3375","3317","3562","3662","3839","4114","3845","3044","4341","5287","3201","2380","1110","3117","3259","2568","3898","3024","2171","1967","3042","3790","2629","5040","3469","3342","3015","2277","291","3176","3159","2762","3603","3700"
"2.53_758.66","2828","2996","2860","2224","3254","3145","5415","4840","4597","6520","4926","4031","2960","2860","5563","3972","5315","5075","8059","4698","5626","5515","4213","5608","8074","2774","4242","2801","4080","4668","3210","4094","2944","2590","4169","4936","5909","3906","4340","2449","4919","4363","3630","333","2935","4884","6519","3697","7871"
"0.73_556.44","2276","3210","3758","3005","2499","3556","2491","1974","2388","2565","2138","3005","8660","4916","2414","1916","2770","2279","2561","2625","2475","2773","2341","2321","2563","2206","3095","2869","2500","3428","2489","3164","3077","5121","3489","2220","2113","2645","1485","1944","1859","9962","3271","2064","1930","2836","1676","1295","2413"
"2.73_720.56","2630","3321","3232","3439","2867","3587","3292","3036","2569","4228","3364","3977","2250","3262","3413","3136","3003","4109","4851","3281","3396","4071","3432","3162","3651","3394","3613","2104","2757","3162","2663","3246","2666","2336","1509","4113","4091","2348","3734","3718","3275","3899","3007","269","3825","4465","6650","3569","5974"
"1.99_745.59","7268","7867","6404","8159","7037","6882","7921","6617","8516","6723","4823","7954","4999","8472","10749","9806","11876","6942","6694","9299","10599","7736","8994","12084","7458","11752","11841","3350","6760","12758","8712","9794","5756","7894","2298","13318","6618","6648","8191","7633","5830","8388","8957","718","7037","8620","16767","11160","12383"
"2.14_838.56","4998","4571","4193","4574","2866","4683","4990","2866","3407","4611","7786","1898","3617","5694","2852","2740","4196","2731","3418","3599","4602","4364","3135","3123","3170","3636","4527","2620","2151","3099","3430","3903","4823","4458","2273","3818","5770","2786","5879","2592","2595","5115","3557","1112","5686","2422","5383","3714","2958"
"0.73_600.47","1794","3381","3409","3162","3097","3002","2459","2633","2330","2591","2693","3072","9942","5600","2560","2053","2625","2325","2506","2756","2534","2393","2507","2356","3153","2655","3146","3235","2817","2179","2291","2897","3571","4544","3210","1861","2576","2611","1991","2907","1296","7931","3155","2371","2269","2097","2447","2405","2277"
"3.57_1084.90","3036","2646","3928","3480","5054","1957","3266","8411","6498","5513","3646","7590","5873","4605","6706","3578","4647","3967","2142","4270","3427","5636","4762","5192","3634","5323","7629","2803","6022","5154","3651","4220","4666","5937","3412","4228","3974","3041","5649","4681","8471","6247","5006","489","1537","10525","5654","4549","9668"
"1.31_746.50","4187","4049","8190","8421","8765","5019","3145","5456","4078","5016","2482","6859","7175","7319","7226","4837","4213","7152","3064","5112","4146","6699","8289","6422","4305","7820","8780","3709","8133","6411","5373","8027","5321","7391","3561","5660","6768","3083","6086","7700","6939","4795","6737","1094","2113","13145","8935","4566","7944"
"1.05_369.38","6082","13367","34949","25123","106911","20290","6727","31552","136188","35083","9756","29348","31658","18426","10301","26374","33572","81343","14333","20914","14856","15945","26205","47641","24012","15914","44584","206985","12364","97027","28980","70822","9912","123467","14951","17227","14833","56572","5094","49639","6601","15870","40352","64133","27611","20668","83097","10279","38088"
"3.60_786.70","7075","7938","7787","5077","6517","7116","3628","4730","5841","4454","3776","6652","7489","4705","6731","5231","4535","4639","6554","6267","5972","6587","4047","6206","7184","3617","4115","3790","4074","5768","5857","5823","5097","5570","5105","6864","3766","4739","4036","4729","5547","5189","5756","298","5694","6021","7844","4486","7419"
"4.11_960.96","16231","15725","14561","21553","22047","11948","14847","16603","21670","17432","17935","24323","15545","15301","21573","21194","12553","20473","12381","15236","18429","16511","23997","13168","19492","20976","20726","16425","21205","14617","16950","22163","14249","16775","13386","18321","18005","16312","17283","26552","24644","21082","22038","1344","6121","24984","15619","15361","23575"
"3.39_1042.85","14108","9636","26915","16340","29133","10486","12240","20464","27051","15867","16975","34807","26896","12840","23491","18389","22734","20236","11057","17895","14232","19590","22385","20680","18710","19852","26625","15237","29639","24665","17450","25746","17034","29559","16295","12608","16530","14620","18221","31566","25191","29232","28000","1980","5838","27438","19735","9175","31260"
"3.04_1325.27","4300","3686","2668","3020","3182","2086","3057","3618","2159","4711","4370","3058","1609","2407","2818","3260","4613","3264","6144","3331","3020","3320","3075","3078","3784","3180","4296","1139","2763","4992","2879","2905","1968","2567","921","3154","5314","1621","2920","2610","1643","3783","4165","0","4607","3490","5899","4853","3676"
"1.98_813.68","2096","2851","2600","3067","2704","2335","2660","2273","2536","3736","2600","3792","2557","2538","3780","3337","4446","4323","4926","3886","2898","3683","4531","3347","2733","3604","3374","1969","3378","3923","3399","3766","2844","3298","2206","3271","2557","3018","3014","3753","4091","2387","4269","347","2040","4802","3935","3348","4985"
"1.98_166.06","3115","2992","4836","4320","3384","3537","3098","2729","3014","2557","2435","3622","3113","4469","2915","3067","3674","3476","2790","3735","3413","4225","3284","3490","3265","2785","3920","1887","4117","3843","3006","3635","3715","2775","1845","3752","2381","2276","3907","3638","2543","3001","3494","356","3705","3295","6601","3356","5100"
"3.98_927.81","7157","9234","5292","10842","9598","3715","4743","10541","6728","8125","4074","9312","11456","9809","7900","5957","5495","6396","4449","6559","4533","8151","8178","7891","5576","12108","11329","5999","5761","12340","7052","8746","7415","11632","5241","8365","8282","5163","8296","8523","10539","7624","5783","2714","2984","15134","12700","8110","10192"
"1.83_537.34","3193","2973","5378","5079","4660","3270","3075","3489","2751","1723","2240","4753","3487","5295","3610","4201","3573","4174","2563","3361","3563","4823","4404","3525","2605","2687","4413","2632","5049","4101","3647","3812","3329","3388","1613","3253","2470","4163","3477","5420","3431","3362","3923","374","3328","4545","6437","3544","6132"
"2.07_666.48","4112","4629","4545","4446","4432","3718","4268","5001","4568","4236","4326","3632","3619","4800","4858","4296","4000","4150","4355","4032","3798","4295","4470","5045","4382","3889","4869","2120","3983","4321","3611","4388","4314","3374","2287","4898","4323","3474","3892","4380","4693","4561","4189","286","4689","4087","6205","5125","4638"
"2.63_696.65","16195","25065","19000","34644","37666","22920","25430","43922","20272","33223","23758","35669","30839","38478","38724","31500","42835","41629","35441","19551","23374","32542","32020","21600","19578","22166","41238","20258","23930","61639","22074","30447","53584","31059","7394","26061","47679","21435","28210","57916","21521","57743","35791","39815","148001","47465","94413","47564","33103"
"2.54_920.75","4937","3277","4138","5229","7707","2947","5758","4612","4266","5950","5530","8265","3018","2883","6837","4637","7699","8890","7048","4829","5739","3776","18094","7999","6883","11874","9382","2572","7596","4993","4760","8902","4000","4377","3420","5607","7371","5035","7896","10341","8228","5598","7665","671","2540","9379","6724","3966","8082"
"1.42_369.34","3233","3911","5093","4936","3859","4307","3631","3701","3374","3447","3235","4605","3990","8825","5267","5206","3392","4154","3337","4611","4287","5214","5141","5867","2338","3298","6207","4081","3826","5485","5455","5209","5179","4537","4420","5161","3834","2810","5755","4177","3462","4096","5728","1052","4048","4118","13594","3403","7891"
"2.73_758.22","150009","30782","5075","49678","39417","46406","2091","87272","35832","53171","196227","64636","52315","40831","41810","4610","52120","55066","4720","36699","43270","83218","53031","34859","45198","2522","31919","34599","511412","44786","42653","58521","34950","73646","83162","132758","129613","85828","92259","41378","63246","33361","47646","102831","79947","35847","71292","81792","2258"
"0.60_369.30","6297","7224","8677","8138","4673","7393","4620","4201","4074","5248","4238","5426","5875","13291","6298","6352","4659","7114","5485","8190","7666","8396","6407","9083","4424","4878","9284","7038","7310","9646","7774","9609","7434","6589","7037","8920","8595","4953","10469","5158","5280","6333","6913","810","6293","6228","13985","5780","10311"
"2.03_784.59","6517","7032","6070","10577","5832","7369","4044","7483","5320","4665","7720","4620","18720","5929","11366","14952","5192","5359","11832","7025","4737","7883","5702","7614","11776","7944","6523","2717","5888","16037","4971","6187","5018","8540","2431","5892","9397","5512","7553","5589","1983","7366","4647","3190","6158","4567","12391","5003","7652"
"1.95_612.56","3018","4237","4068","3998","6537","4086","7200","6737","3994","5111","4048","5746","4608","7179","6205","6048","5749","6470","7112","3733","3087","6756","5007","3995","3722","4244","9510","5207","4480","10447","5275","4756","7968","5018","1518","4897","6929","8278","2963","10386","3020","8504","7691","12897","45976","6784","11758","10157","8946"
"3.16_724.66","5077","7816","6840","10036","8909","6915","6622","7420","7070","7344","7355","11541","7996","8797","9849","7634","8471","7232","9149","9471","8610","9059","7345","8815","8806","6509","7749","5742","6985","7427","7868","8378","7380","5617","5144","8643","9067","6021","6428","8982","8446","6400","10036","728","5882","7968","11536","8878","13376"
"3.97_523.47","7331","5793","10490","8629","7345","6971","7419","24810","7834","18678","6421","27494","6459","15519","9250","6359","6159","6724","5407","8521","9909","12815","13479","11190","4581","4735","11365","8399","12476","8474","8257","12609","11355","8190","4872","7314","6585","5227","13268","12203","10666","5273","14109","1676","2731","6787","19046","6447","22408"
"2.12_888.64","4132","6035","8516","8796","9919","3642","3170","7316","5199","7027","3186","9013","9251","7060","7832","4163","4959","6050","3593","4536","3192","6602","8623","7310","7388","9101","7820","5655","7285","6759","5449","6855","5039","8424","4845","4188","13290","3149","8279","9530","9528","8682","5359","1428","2824","22920","9298","3616","8833"
"1.98_845.64","3756","2973","4464","3408","3236","3065","3253","2865","2552","2769","3078","3675","3070","4004","2601","3100","3693","3431","3110","2901","3105","2975","3427","2662","2922","3063","3017","1828","2784","4308","3375","2945","3142","2907","1192","3140","2152","2268","3861","2665","3224","3033","3170","553","3102","2847","4201","3009","3831"
"4.11_918.85","21016","23299","18093","25543","27201","12280","16821","25155","24461","18756","18202","31605","27248","22827","27066","21671","23746","24293","20675","20982","18479","19636","29467","26368","23152","25722","29909","17567","27488","22706","22059","31056","20893","24835","17559","19084","20279","16973","20070","39315","33183","23676","26167","2786","7130","32824","28946","15238","30727"
"1.80_149.02","7527","7337","7634","7513","7320","7700","7198","7181","113595","6894","6384","12179","7685","8454","8786","7512","8127","8308","7350","7481","7436","7799","7705","8496","7442","8315","7891","7620","7481","8231","7289","7632","7159","7128","8052","8883","7456","6939","7025","8275","7479","7887","8301","7174","6939","6441","9190","8432","8025"
"3.70_954.85","13896","11528","10803","23984","15575","7202","7031","12453","8198","9103","6680","13809","16788","14428","8166","9871","6193","9914","6029","6596","9510","10342","11739","8937","6910","16541","22161","7629","11725","9967","14658","23562","13401","14748","4800","11111","9408","8311","14146","15511","14682","3361","9957","2645","3665","10311","13596","7718","10144"
"2.77_892.75","1544","2341","4932","10419","7798","2417","7289","1975","1730","1718","2463","5029","4053","5688","2692","569","2552","5485","5026","2831","6823","2750","8110","2656","1783","1148","6573","6397","2060","4281","6360","3235","3839","2765","2306","1267","2890","2992","4560","6367","1460","5551","5628","1904","2617","2670","2196","2874","3990"
"2.71_796.70","7363","4556","15270","12448","10819","12086","6132","10342","6495","10570","5105","15750","6290","21588","5316","5370","5915","8030","4664","7474","8306","6842","11058","8379","5479","4244","9991","7827","12305","8287","12383","11192","7569","9657","5239","6224","4808","6707","10747","9186","5741","4687","7758","1397","2735","3643","3772","5352","8411"
"2.76_893.75","1255","2355","3401","6661","4356","1896","3951","1804","1896","2918","1201","2900","2962","4286","2511","1676","1767","931","3979","2300","3751","2179","4149","1825","1851","3087","4279","3449","2120","2523","3497","3021","2515","1703","2141","2747","4277","2582","4334","3736","2534","4053","2879","1426","1659","3719","2614","1755","2398"
"4.11_986.91","73992","128822","43920","86397","78001","33176","49931","88841","61336","82565","46135","68157","107925","79628","92553","69618","60899","83157","59823","62595","50103","84733","88141","95973","73213","122279","95925","57594","76990","84461","69692","81101","77594","86967","72583","93797","168213","46660","100556","91742","115942","87832","60244","15507","37194","273432","122046","75351","82322"
"1.54_383.33","2187","2368","4389","3685","5900","3470","2897","3318","2425","3463","2750","6346","3478","4335","6062","3975","4188","5960","5355","5503","3679","6059","5472","5818","5483","3971","5622","2244","4478","4522","3121","5505","3946","4901","1899","4015","3609","3102","3346","5691","4321","4661","7019","680","2513","6993","9322","4457","9198"
"1.97_676.54","3589","3680","3395","2967","3500","3203","2978","2118","2210","2989","2471","3381","3543","3309","2771","2681","3484","2960","3361","3179","3362","4038","3191","3671","2966","2884","2593","1628","2799","3088","3184","3966","2934","2278","1959","3075","3425","2541","3085","3115","2482","3301","3099","254","2877","3283","4835","3603","3884"
"4.11_857.75","3881","3140","3727","3588","4683","2798","3157","6139","4155","4732","3013","6345","4334","5059","3940","3642","4321","4159","3249","3536","3942","4098","4141","4799","2926","3213","4901","2774","5868","5248","6046","5026","4910","4174","1949","3979","2557","3027","4552","5520","4177","3360","5772","352","974","2714","5057","3377","5571"
"1.30_650.44","2690","3102","6553","4908","4361","4483","2669","5520","3055","2611","2148","5438","2788","7591","3786","3496","3413","5429","3155","5281","3426","5504","4386","4124","2553","3201","6591","2614","9929","5307","3880","4932","4768","4353","2894","3637","2337","3415","3702","7223","4471","3220","5150","580","3174","4710","8702","3880","6662"
"2.52_842.65","6199","5557","10573","10917","12670","5211","3778","5115","6831","5473","3388","10612","8528","12789","6023","4421","5293","5849","3209","4131","5097","4418","8753","6256","6309","6691","8162","4270","7150","6016","10049","8742","4862","7289","3803","3731","5182","3580","5548","9401","6126","5702","5771","599","2561","7964","5391","2595","6536"
"4.52_1040.93","3601","2991","5588","3180","3009","5134","3088","1347","2338","2743","2209","1283","2769","3076","2680","2687","2859","2959","2939","3018","3291","2247","2536","3271","1995","2779","2472","2051","917","3001","3172","2312","1589","2295","3929","2602","2131","4190","2109","1129","1512","3086","1986","441","4581","2852","1398","2662","901"
"2.29_961.80","1279","2042","2122","8825","7034","1602","4974","1531","1844","2224","1620","2053","2017","4735","2060","2183","1949","2722","2401","1258","3131","1808","3458","4543","1506","2138","2456","2130","1659","2634","2247","2544","1755","1727","1621","1961","2135","1390","1633","2571","1591","2030","4640","1890","1463","2449","1754","1713","3419"
"3.95_861.78","2162","8906","5493","11944","12273","4650","6148","9639","6269","2581","3728","18002","9849","11832","7950","6890","5167","7677","4896","4538","6327","2176","3385","2127","5567","9770","15946","5769","10541","6923","8770","13011","8022","8828","3452","2622","5076","6478","6186","15326","10364","4676","8075","1280","1853","7296","10471","6026","13380"
"3.98_906.85","43996","34554","51547","48518","51656","47277","43639","127604","58012","92006","51870","136501","47475","83186","49729","42746","45476","46062","36276","60430","69284","70089","77948","72570","38239","32840","72340","64997","74385","61317","60941","73224","71968","54647","28940","41224","42992","41932","62980","76056","66831","37553","90366","8514","13283","46254","84982","42397","100524"
"3.46_796.74","3230","3515","4266","9383","8238","3082","7173","5381","3862","5650","3190","7470","3266","9787","2718","2153","2562","8174","4161","4015","9150","8990","3747","5136","2218","1656","2839","32802","2934","6236","3870","4942","5984","4297","4068","3201","4819","3366","9555","2173","2517","6849","4047","2544","1941","2018","9534","4050","4105"
"0.40_244.23","9635","3199","1511","9737","1417","5827","2863","2456","19876","1335","2089","21314","3055","15207","6439","2608","2747","6636","2662","1928","1823","3240","3908","8662","6817","3175","611","36859","10561","4024","8482","7456","2172","5842","5050","4770","6033","14080","2987","1669","2958","4193","3827","3852","10023","1196","1193","2017","2743"
"2.37_812.54","3445","3346","3066","3452","2574","3728","3681","3746","3208","4369","4156","2109","2560","5471","2721","3487","3211","2152","3652","3817","2940","3748","2702","2772","2578","3039","3098","1849","2642","4746","3692","3040","2995","2631","1530","3359","5069","2262","2881","2778","3015","3194","3343","270","3790","2378","4801","3228","2148"
"2.35_763.60","85381","101363","84416","90514","84535","66816","61044","102954","79590","61255","68308","114887","85651","123838","107568","94747","84437","89441","67964","87261","87388","115299","94271","120150","81637","68784","127240","33212","96979","100371","89171","106429","93491","65819","47390","101949","79457","40843","112720","110076","87878","70077","113935","13020","65218","120720","207959","82859","167388"
"2.73_740.65","2394","2618","2630","3505","3431","2790","5047","3667","3275","5020","3619","4168","3252","3119","4742","3904","5018","3729","5962","5115","4214","5134","4376","5191","6761","4453","4748","3183","3667","3738","2899","4018","3682","3787","1812","5629","4200","2964","3622","3013","5194","4842","3255","578","3074","3904","7082","3207","10307"
"0.19_188.99","1729","4783","2642","2312","1630","2072","2938","1399","1702","1553","1319","1447","1618","2722","1689","1475","1919","1670","1207","1693","1490","1789","2130","1583","1650","1928","1230","1523","1195","1431","1270","1072","3127","1360","1455","2368","2101","1375","1897","1824","1340","1721","935","1674","4640","3446","11987","7580","2672"
"1.82_813.68","2720","3278","2580","2994","3648","2868","3855","2601","2279","3063","2447","5045","2792","2986","6203","5104","3850","6419","4800","5490","4205","5138","5330","5676","4387","3233","4640","1823","3467","4243","3353","4129","3167","4226","2052","5201","4177","3517","3640","4895","4611","4321","5320","539","3583","6491","6115","3503","8082"
"0.94_416.37","2323","2779","3905","2883","2589","2958","4516","3308","2521","2687","1949","2217","2191","7151","3335","4321","3200","3769","4871","1751","1550","3786","2566","1733","2139","3150","7932","3723","2018","4232","3662","2636","5972","2994","1897","3236","4199","5762","1482","7199","1609","5909","3359","18153","37973","6032","7315","6321","5386"
"3.13_852.76","10157","4783","11511","9656","13046","6590","5979","10410","12149","9332","4729","10754","8765","28548","8625","4830","7713","6338","3765","7532","7319","6705","8154","8164","4706","5193","13852","4894","11831","8129","15947","9846","8042","6479","3547","6483","4315","5428","8279","8358","8348","11752","8144","1231","2913","6676","7327","6292","7957"
"4.37_990.94","4039","4751","2995","4849","3494","2605","6728","14589","7719","10325","4204","11203","8073","12302","9390","5146","11864","4061","3079","4879","4228","6312","6488","4954","4566","4572","13220","5147","6715","6507","5532","5613","6422","7133","3333","6626","4920","2877","4866","4761","17804","23006","5622","1958","2767","7150","9493","7709","11364"
"3.08_837.75","4866","4335","1445","4207","2562","2029","1879","4977","2940","1800","4719","2420","3115","1853","4348","5047","2504","4974","4246","5602","2905","5551","3523","2682","4875","2808","5873","2236","2762","1493","2482","3641","2366","3238","1133","2753","2675","3600","6185","4204","4398","3331","3030","479","5546","2582","3636","6043","5506"
"1.99_125.00","12873","13148","15217","16458","14713","11663","11479","14578","11693","11969","12676","14658","10709","18920","14450","13507","12467","13740","12744","15009","15246","17716","14491","15745","11951","11346","17041","7021","14215","16620","12417","13490","13153","10067","6796","15209","13554","9942","15444","13471","13210","13826","13158","1941","15503","14724","32648","17900","22424"
"1.30_706.47","2006","2448","3260","2763","3222","2503","2446","3935","3315","2998","1061","4105","3871","6337","5222","3175","4117","4052","3040","3794","3565","4524","4020","4753","2254","3327","4434","3001","4255","4855","2613","3740","3608","3231","1561","4093","2051","2539","3320","3770","4191","2319","5302","345","1883","3973","4025","2881","4614"
"2.01_758.57","14809","22260","11377","30564","22598","23734","11444","22455","13747","19049","23500","23014","7482","26950","18984","6760","19695","20733","9666","12252","20688","32616","28356","24392","17655","16257","36167","7631","7561","20530","14933","38473","22821","18169","7011","21821","17988","13137","29963","26226","6072","9665","24750","3901","17205","21231","33109","23274","8701"
"3.99_942.85","5374","7027","3027","5142","5427","2029","3070","4475","3671","4252","3046","3635","7901","5647","4844","3247","3295","3726","3038","3023","2445","4695","4103","4673","3783","6600","6257","3600","3534","4335","4209","5656","4213","4391","2928","5833","5110","2980","5607","4884","5107","3774","2677","1390","2385","9806","7097","4092","5052"
"4.24_1014.94","8043","9618","3900","7960","9500","2812","4764","9761","5394","5846","3832","8762","10646","8221","9270","6760","5131","7798","4707","4942","3709","12374","9180","11144","5675","12963","9532","4799","6913","7464","6230","8088","7324","8029","5818","8692","13793","3634","7890","11479","14591","8947","6772","1813","2235","26674","8068","4636","10411"
"4.12_986.97","2423","7193","1601","2158","4155","2681","3009","4913","2595","4830","1714","3549","6172","2871","5432","3822","2359","2440","1809","2472","3273","3535","5350","3695","4455","7169","4324","1548","3146","4218","2589","3448","3768","4132","1812","5420","9567","2509","5107","4847","7212","4595","3011","1145","3007","14440","6872","3543","4117"
"0.26_89.02","10053","6100","6314","4066","4984","5790","1746","1684","3213","14241","2398","8284","2683","8946","1012","8770","1265","2035","1335","2845","2907","1010","10554","1183","1978","1605","8672","1279","1138","6904","7371","11522","2353","5945","7704","896","2663","1169","12347","11474","1608","1818","8575","2590","8005","857","8090","13658","1307"
"2.83_823.89","6849","7825","6183","465","6963","4926","5677","6972","442","657","6517","6668","4982","6647","6979","6953","311","702","645","591","7790","8028","6710","7272","7204","6716","8454","814","4655","8352","5615","7583","7695","728","724","992","7234","673","7046","6072","991","6136","6941","688","7779","945","7227","7690","5786"
"2.11_752.62","3118","2604","3668","4820","4738","2856","3168","3702","4189","5013","4185","4282","2350","3650","5292","3881","5697","7256","8658","4514","5342","4196","6842","5456","5261","5091","4282","2509","5418","3925","4938","5268","3577","4141","2105","4211","5308","4079","4557","6360","5628","6710","4523","654","4044","8198","3632","3829","4610"
"2.75_834.72","6467","6542","4960","8467","10168","4056","2975","4175","3730","4097","2569","7710","6068","8502","4686","5367","3029","5529","3412","3602","3622","3073","7692","4020","4046","6733","7876","2879","7859","3450","9121","9261","3912","3526","2894","4994","3679","2965","4264","10205","6853","2830","4228","679","2050","7822","4391","3525","4234"
"2.79_787.61","4097","3614","3713","4365","5109","4391","4096","3403","5558","4323","4735","5055","4968","4660","4634","4838","6415","5307","5241","4608","4544","3897","8789","6361","3617","7470","5469","2657","6242","4114","3965","7032","4078","3819","3284","3898","5463","3728","5870","6814","5356","5026","4663","654","1669","6474","3807","3301","4891"
"4.25_938.90","9296","5710","12643","7133","9729","6274","11816","32947","18970","22740","7535","24755","13067","21134","14660","8308","12519","8524","5205","13151","15881","9995","10514","12986","5540","4834","15508","6305","13817","12004","15232","11557","11520","8830","7031","10192","4529","7994","11085","11918","12600","5727","14196","2146","3709","4702","13474","11003","26674"
"3.16_822.73","2341","3019","3089","2971","2643","1681","3409","3054","2129","2747","1550","2711","1128","2905","3833","3344","3557","5371","3484","4192","5597","5473","5008","3094","1043","5902","3559","5025","3419","2903","3161","3836","2297","11255","2137","3194","1901","12802","3160","3619","3813","3644","3830","779","2927","9057","3059","3976","3207"
"2.89_806.70","5215","8864","4839","5100","4963","4793","3518","3877","4350","3066","3316","4441","6956","4478","5011","4305","1979","2979","3402","3293","4247","6449","3863","3241","3595","2612","5438","2321","3735","3753","4796","3863","4239","5941","3029","5393","2921","3172","2516","3358","3412","4132","4049","483","3103","2933","6191","4420","5970"
"2.24_740.60","3101","2825","4153","3826","4129","5934","4024","3277","3543","3191","3977","1798","2301","2683","2509","4493","2930","4300","3767","3336","3771","3247","3153","4085","5377","2089","3559","1848","4633","3430","3552","3913","3410","3306","2670","4163","4175","3372","3732","5095","1746","4354","1998","588","3139","4388","3867","3593","2040"
"2.11_944.70","3982","3017","6741","6622","9925","3276","3185","3404","5023","2639","2652","7963","7570","3863","3615","2714","2419","4689","1684","3337","2285","3188","5606","2936","3895","5341","5246","3473","9156","3615","7695","6421","4320","6241","2505","2639","2650","3627","4397","10777","6641","3412","4265","312","1506","4250","2501","1611","3714"
"2.73_755.63","3348","3226","2776","2371","3352","2238","3857","4058","2926","5242","2679","2731","2597","2197","4754","3286","4152","4066","4253","4077","3885","4056","2947","3855","3129","3220","3663","2344","3267","3988","1870","3159","2159","3638","1777","4397","3533","2964","3418","2639","3842","3656","2474","529","2916","3279","5898","2809","5016"
"0.21_497.25","2659","1979","4032","1853","4139","3042","1472","2712","2191","4462","1941","2364","3441","11882","2268","2258","3951","2930","3907","1478","2544","3400","5444","3292","1814","2567","3934","2257","3353","1786","4380","10532","3772","2794","2357","2432","2214","3424","2129","3562","1409","2538","5274","1347","2630","2287","4973","2289","3812"
"4.11_972.90","20002","37225","12765","24641","24084","10094","13558","26415","17675","23507","13526","20928","31809","22281","26689","19744","16152","23139","16640","19534","13772","24541","26670","27563","22096","31767","27467","17064","21165","24424","19702","23955","22919","24086","19405","25774","47244","12978","29484","27188","35111","26578","17450","4467","10752","73954","36803","20559","25065"
"2.40_668.62","28644","36086","72903","39886","59645","45142","52912","47007","36460","56534","39380","46617","46315","56632","52278","48090","59588","61372","74883","30567","32626","43131","51537","32369","29900","43047","55049","54391","35608","74296","42417","52698","72732","47229","18905","37265","63757","44394","38428","88198","34287","83595","50494","72022","271089","110973","78876","71638","33238"
"2.75_765.64","5760","7367","7836","12207","12014","4028","3850","4995","3930","4732","3666","10171","6227","10983","6245","5412","4238","7144","7080","3633","2581","3620","10124","5478","8322","8194","10850","2496","8111","5439","8761","10505","5993","4561","3364","3989","6736","4082","5378","12315","8600","2431","4649","959","1776","9384","5812","3029","5800"
"0.97_360.36","7015","10343","9428","8260","10190","9625","5455","7675","8244","10312","7482","8830","9260","12463","7739","6698","10061","10379","6794","7467","5197","7125","11532","7607","17009","7120","9137","33213","8502","10638","5564","9500","10028","8830","7454","7376","14102","14224","9104","10114","4855","8972","10392","6373","6603","8035","8347","8018","8773"
"3.45_868.72","3641","2706","4425","4436","4587","3609","2596","5581","2941","5736","3573","9180","3214","4999","4408","3400","3732","4165","2163","3351","3031","3877","5587","4241","2232","4294","6700","3280","6298","4999","3845","6721","3601","2982","1964","5085","3836","3811","5059","5484","4927","3917","5596","369","1150","3802","6020","3605","5195"
"1.58_772.61","4603","6542","8061","10053","13002","6060","6010","11460","5524","7175","3870","12304","6937","12736","12086","9598","9128","14220","8484","9175","7240","12911","10186","13635","5409","7708","21994","3049","19375","16022","8960","12657","15107","6809","4981","15117","5161","4557","11595","19937","10845","8131","10480","237","4841","15012","37331","8754","16761"
"3.48_660.66","4313","3227","2776","4865","4804","2831","3555","4029","3629","4384","3624","2670","2510","3938","3161","3357","4285","4349","4963","4817","4002","4524","3312","4958","5209","4351","4471","1853","3148","5109","3591","4127","3819","2931","1844","3898","5297","2679","3764","4292","2205","4907","3495","628","4451","4130","8783","5348","4866"
"3.88_872.84","2204","4145","3655","5599","2253","2017","2434","6065","3239","3848","2667","6643","1272","3950","3095","3972","2638","2312","2655","3182","3002","3996","8282","4486","3142","3005","1933","3890","4224","2360","2496","2972","6278","3125","2148","3753","2795","2768","3817","2540","4862","2383","2878","1274","1826","1544","3613","2845","4833"
"3.44_862.75","4743","3076","5041","6941","7911","4397","5170","10621","6713","11022","7624","16882","5505","4837","9392","6716","9403","9086","5251","7710","6952","7503","16537","10971","5058","9623","12743","3674","12462","7528","6754","11558","7016","6315","3566","6415","8105","5049","9684","16939","13562","5381","12416","1175","1582","8370","11486","4619","14227"
"2.97_1046.77","753","816","3021","1891","1848","983","1928","3549","3405","4810","3057","7163","4337","500","4718","2347","3171","4368","1573","2405","1376","2670","5189","4419","2647","5605","4563","3782","4018","3359","1262","3947","4350","2612","1742","3329","5890","1311","4427","5541","5877","5780","3351","307","415","15710","7699","1772","7335"
"3.84_968.87","15816","14680","6696","14374","12623","6399","7659","12272","8173","11297","5964","8878","16905","10464","10309","9385","6024","10696","6975","6914","6500","9998","11747","11124","7940","27384","16138","7170","7409","9417","11115","12876","10944","11736","7498","16608","11982","7613","15074","10419","12904","9046","7176","4392","6904","16158","14635","8771","10836"
"2.20_858.58","2714","2757","2675","3590","2453","2896","2237","1923","2337","1143","2040","3487","2879","4534","2690","2370","2441","1961","2076","2528","2923","2796","1920","2110","2076","1445","2349","2610","2260","3557","2696","2992","2677","3011","1782","2054","2044","2693","3564","2539","2239","2929","2410","619","3985","2552","3354","2949","4426"
"2.11_737.58","6841","5724","6021","9766","9198","6455","7928","5952","7659","12086","9248","11104","4819","5236","11503","8701","12708","14607","19311","9510","9326","9217","14650","12649","11631","10649","8090","5162","7869","7355","9402","11123","6090","10844","5108","9009","10011","7941","9695","12354","12997","12186","13317","1486","6415","15843","8318","7924","11468"
"0.47_474.34","2296","2210","3829","2375","2674","2057","2878","3357","6781","2417","2492","3469","1975","3290","2490","4841","3274","3336","3205","2944","3254","3529","3170","3236","3371","3609","3687","3081","2279","4176","2032","1940","3305","2367","2489","2331","7457","3101","3298","3271","2876","7404","2399","1030","6608","5302","8758","3591","4838"
"3.41_944.74","3243","1996","8567","4415","7757","3112","3384","10347","6592","5176","3753","13639","6984","3139","3849","3639","3369","4693","2077","4270","3482","6294","6360","4050","2632","3933","9841","3403","11769","5197","6253","6929","6389","5998","1256","4111","1560","3099","6032","11999","6986","3613","7158","783","1024","3583","7055","1937","11654"
"0.69_530.30","2786","4215","5538","4709","4467","4011","3133","3237","2383","3247","2809","3152","2149","3852","3538","2939","2453","3561","3497","3233","3363","3498","4370","5138","2295","3182","3337","1694","3230","2473","2594","3360","2513","1757","2773","3137","2815","1792","3518","2424","2664","3184","2590","705","3538","4806","8636","4567","5470"
"1.97_748.60","2648","2506","3131","3342","3720","2426","2995","3069","2783","3311","3835","4961","2764","3296","3490","3464","4007","3306","3568","3531","3171","3293","3189","3391","2949","2404","4790","1455","3680","3461","3515","3220","2539","2337","2073","4283","2786","2396","3491","3999","3552","3624","3709","322","2712","3130","6515","4176","4719"
"0.78_614.48","2250","3504","2857","2660","2665","3203","3417","1809","2375","3598","2636","3126","4755","3205","2185","2134","2579","2198","3030","2665","2746","3189","2584","2636","1936","3218","2726","2631","2731","3001","3091","3217","2744","3713","4043","2874","3156","2195","2677","2832","2133","2976","2663","2710","1932","3229","2637","2430","3934"
"1.98_797.56","3374","3311","2712","2712","3180","3507","3347","3236","3134","3507","4577","3623","3324","3541","3597","2970","4411","4033","3053","4346","3408","3393","3434","3683","3564","3560","2974","3506","2871","3152","3237","3701","3385","3414","3720","3828","3376","2598","3362","3486","3183","3619","3823","616","3214","2898","3149","3649","3977"
"1.99_184.07","72035","71279","93509","82084","77628","70562","69321","80180","60718","69526","67019","77910","63452","98547","79861","70345","76809","76573","67308","73070","82303","93147","77520","87512","71946","65151","93714","40214","73534","96161","63771","78713","68942","59849","38171","86586","70869","52501","82596","76639","64221","71268","74996","10418","83548","82802","158084","88399","125988"
"2.46_828.66","3172","3293","3875","3831","3889","4096","2615","4569","2711","3751","2658","4963","3575","4256","4201","5716","4272","4580","4556","4249","4509","5100","4713","4505","6642","5085","6068","2090","5086","4714","4316","4503","3364","3208","1927","5348","4963","2920","3828","4037","3485","4713","4982","535","3106","5827","11233","3830","5527"
"3.97_890.82","6625","6773","6624","8387","10250","5746","5228","13045","7657","8753","6675","15641","9621","11572","7595","6481","7475","7583","5733","7992","7782","9953","10382","10530","6093","7612","12807","7322","10065","8841","9745","11224","8960","8211","4073","7433","7924","6075","7952","15056","11722","6238","10740","1270","2065","7847","12880","5689","12467"
"2.29_983.86","1663","2625","3348","12746","10541","2185","7889","2189","1990","2242","1579","3056","3168","6697","2245","2001","2431","3545","4137","2585","5080","2074","3936","6564","2300","2497","3361","4021","1875","4583","3795","1992","2603","2248","1797","1506","2174","1629","1592","3796","1289","3443","6359","3952","1861","2030","2398","2207","3983"
"0.86_414.36","1769","2000","2812","3040","2147","2582","2625","2586","3228","2940","1644","3214","1163","5429","2713","3246","2018","2369","2178","2844","3212","3127","3010","3034","2088","2346","3316","925","1595","3869","1987","1826","3495","1898","1385","2247","2779","1842","2381","3642","2198","3343","3390","826","3676","2783","6639","5964","4087"
"3.07_666.65","3119","3309","2439","2613","3286","2109","3040","3184","3072","4314","2552","2480","1971","3412","2521","2955","3268","2676","3856","3008","2859","2670","2891","2362","3166","2495","3865","1455","2693","3003","2096","2370","2354","1999","1413","2894","3916","1621","3546","2047","1747","3605","3214","214","3849","2243","5533","4605","3107"
"2.07_1587.18","3719","2864","2775","3468","3389","3207","5027","3741","2383","5130","3360","4234","1529","5245","5623","4251","4172","4292","4022","2785","4286","6029","4499","3995","4755","3749","4740","94","1834","5035","2720","3846","3486","1762","367","4517","5480","1149","4864","3354","2820","4190","2769","0","2374","3871","4712","2483","5861"
"3.98_1350.37","21431","5904","14343","6903","6905","6681","2593","15850","5501","7831","22603","17343","9266","7372","7593","5999","7914","8339","7674","5714","6667","13823","5906","7059","6730","2070","6127","5599","61871","7029","6119","10151","5910","13440","13214","19784","17340","14668","13487","6291","10049","5709","8342","16094","13967","5407","11738","14682","2046"
"4.34_1646.45","5841","1181","3593","1986","1412","1793","713","2088","1986","2566","8033","4515","2413","1862","2194","1607","2606","1399","2064","1424","1679","3172","1707","1913","2028","526","2216","2204","18367","1674","1909","1899","1671","3496","5310","3985","3056","3894","3339","1417","2221","1435","1887","3781","2826","1186","2348","4016","414"
"4.11_988.91","18843","31614","12087","21181","20683","8799","12474","22511","16894","20194","11708","17145","26284","20230","22096","17544","15882","20461","14191","15803","13491","22665","21146","23902","20073","28145","23768","16056","19348","21305","18106","19687","18894","20053","18386","23486","40923","12361","24600","22449","27510","23050","15359","4910","9802","68230","30113","19193","20301"
"3.51_951.87","4000","3395","4544","3793","7212","3199","3675","5187","5551","8170","4873","7653","4100","4915","5879","4560","5786","5218","4471","5146","5581","5177","7704","7283","5119","4540","7153","3085","6385","6375","4880","7903","4046","4302","2433","3644","4210","4333","5611","7629","4760","4944","5852","559","1193","5295","5682","2908","8201"
"2.20_932.72","3150","2782","2174","3816","4329","2322","4449","3141","3146","4126","5225","4935","1789","1547","4456","3212","5000","6957","6131","3750","3673","2945","15281","4985","3161","12357","5764","2097","6052","3419","5109","7313","3304","3352","1473","4109","3775","3624","6919","7519","6616","4539","3810","1645","1775","5953","3851","2443","3920"
"0.20_229.17","4735","7558","4315","4903","7618","4063","2234","2097","1097","2381","2236","1100","1292","22221","1480","1255","63","1625","2659","1292","254","2358","2138","1301","716","1591","3379","2940","982","1615","4554","2843","2647","2085","962","1609","1841","1138","1898","1911","1278","2131","2654","1328","3219","1830","1852","2747","2124"
"3.23_992.88","5103","8443","5459","5406","5873","3897","5012","4958","10205","6324","9172","7947","4820","6797","10142","6303","11305","6994","7898","5788","5887","6112","10681","9617","5944","7328","7130","2433","9470","6351","5124","7036","5478","5225","2681","4567","5907","4113","6357","8311","8960","5274","9181","944","3582","7024","6227","4453","7608"
"2.50_766.67","6073","7249","5997","8011","10583","7447","7586","5480","7719","10487","8165","10286","5713","7049","12156","10112","10671","10474","17541","8944","11935","8558","10412","12391","12635","7287","8251","4688","7406","7195","6715","10437","6014","5650","7725","7633","10658","6391","9380","7209","8580","10532","9344","864","7064","12166","10866","7745","15227"
"1.84_466.54","3082","2167","2591","1944","5071","2621","1038","2854","5360","3072","2026","2397","4385","7745","1811","2748","2765","5139","2263","2027","1932","2687","2677","2874","3402","2215","2931","7165","2740","4371","2632","3593","6220","6067","1793","1807","2986","11184","1322","2657","1658","2209","2235","4987","2793","1591","2625","1762","3698"
"3.97_874.94","11309","3336","6679","4076","2640","3103","6618","4887","14813","3194","2048","5371","2722","2904","13224","9758","10803","11184","5537","5591","5812","6147","2111","6042","8708","4580","6134","2312","6835","5960","4457","3434","14688","2271","1301","7703","9066","3340","16279","7650","1907","4858","11700","573","2073","7466","9098","1729","3907"
"2.50_924.75","4111","5778","3883","6287","7615","3156","3204","3084","2793","4319","2379","5015","5220","5206","4277","2994","2314","5011","2944","2950","1806","3149","6596","5442","4126","8313","6658","2189","5723","4458","4439","6761","4177","3826","3484","4728","6511","3495","4498","6932","6358","4317","4608","516","1886","16348","3775","2848","3428"
"1.53_772.61","4630","5186","4088","4383","5167","5183","5019","7314","3736","4912","4001","7597","8193","6387","5025","4625","4252","4082","4580","5812","2804","5212","6452","6793","5616","5257","20821","8169","10769","5574","4301","4899","6552","5105","5338","5399","3909","3967","4663","16999","4025","4806","5971","2763","3453","3528","40084","6643","10719"
"0.20_189.06","3046","3577","5005","4575","1458","5127","4888","1786","1068","5158","3102","2272","2088","3242","2762","1738","1240","1977","3642","2956","1357","2390","2421","1739","755","2504","3645","1986","2223","1665","3927","4180","2495","1097","2797","1691","2819","1654","3426","5551","2208","4628","3628","2063","3211","2143","3630","3520","2491"
"4.53_1241.08","7141","7045","10803","7478","9751","9096","4154","7099","6170","6103","4557","10537","9609","5674","9244","6045","4630","6946","6613","6038","5942","8627","5579","8438","5253","4587","8008","2482","9585","6380","7217","7067","8065","6853","6133","8379","4199","5256","4912","7091","7933","5998","7358","727","5205","7602","7786","5702","8918"
"3.98_1377.38","9645","1840","6764","2301","3048","2367","4706","6022","3292","4546","8167","6177","4120","3879","2544","8830","3543","3953","4001","2263","3213","6005","2544","3477","2809","4534","3033","2232","21322","2986","3674","4313","2578","5555","5731","8722","7406","5776","7031","3508","4741","2218","3262","4120","4823","2891","5496","5431","4360"
"2.85_727.63","4658","5703","7644","7788","7818","5800","2750","3414","3754","3902","2676","8019","4168","8027","5679","4141","3681","5403","5512","4343","4019","4402","7589","4881","3793","3352","6294","2536","4821","4159","5993","7232","5131","4995","3305","4786","3473","4060","3920","7328","4459","4229","7425","710","4374","5193","7632","4978","8994"
"1.40_309.28","7028","7623","11962","9528","10083","6453","8199","9640","6543","12319","10657","7498","6331","9050","8808","6951","8968","7934","8780","7510","6355","9332","12643","14742","6857","7696","9707","5225","6159","6475","6012","7185","6083","6089","2964","6622","16135","3365","9910","9305","8681","10933","8498","1939","5377","10607","16766","6279","19675"
"3.61_1128.32","29130","9356","29155","9592","8700","11229","13076","29210","10329","14460","33057","21916","11746","10137","8615","26002","14407","12928","21108","9324","10616","21981","7849","9328","10107","10580","9956","9374","91317","9836","10364","12071","10820","18637","22760","27345","29025","21072","25351","9999","17776","8658","10650","29050","19356","9701","19134","19768","9162"
"4.02_900.87","2420","3471","3068","4151","4505","2575","2322","3432","3732","2688","2641","5731","3703","3181","1697","2469","2888","2798","2717","3370","3711","2601","2963","2347","3129","3808","3727","2709","3108","2983","3390","3195","2476","2745","3056","2247","2726","3077","3216","4934","1706","3091","2482","2207","2361","2134","2374","3588","3280"
"3.14_795.69","3080","2917","3575","3246","3829","1974","2545","3539","3953","3278","1600","5372","3449","7117","4525","2790","3026","3444","1978","3384","3323","2787","4292","3739","2465","3410","5365","1766","4256","2993","4258","3224","3214","3081","1834","2854","2701","2514","4035","4112","5905","3799","2999","476","1989","6658","4980","2853","4209"
"3.13_854.76","1062","1035","1372","1153","1578","372","2573","3863","3439","2582","1607","2588","1970","0","5412","3116","2159","4689","2469","5222","3394","6049","5288","3966","1146","5340","5430","2459","4867","4099","318","1871","2282","5452","1331","6005","2813","4138","4594","4827","7333","5822","9176","856","1000","7816","4174","3514","4493"
"4.11_920.86","54998","50585","63311","52572","60522","51125","51178","62883","61086","53478","52191","64111","50649","57673","57762","55359","69516","54444","60263","53467","56865","49600","51863","52272","47679","57309","68876","52146","62860","49251","62503","62582","56113","57446","73514","48374","34092","54940","56259","69733","50543","52109","57994","13489","16692","35391","58057","43143","55283"
"4.08_1451.40","6163","1324","5199","1440","1461","2747","2966","3421","1489","2364","5908","3269","2797","1763","1332","5875","2573","2538","3014","1549","1918","3664","1054","1897","2086","2597","1887","2015","14137","2359","2448","2615","1871","4371","5523","5464","4821","3774","4472","1599","2617","1388","1404","3588","3299","1568","3029","3781","1547"
"4.24_948.89","30720","23716","23530","24566","30969","16364","31354","65122","49915","46804","21387","60805","39353","50657","46168","28726","41051","24711","22007","32218","33269","33835","39596","39595","19776","25445","49541","21241","40045","37125","41052","40340","35450","32111","16579","31167","17533","21534","31136","39792","48707","48969","43823","5912","10034","29647","35679","30757","53985"
"4.17_974.91","17166","19033","9992","21544","18847","14829","12016","22580","21046","20129","12384","34820","20499","29414","24828","19014","16398","18597","10992","17759","15256","18600","25994","20854","17524","21654","26884","16706","21175","23034","19032","19186","19751","18929","3104","18438","13538","10744","16818","30375","24072","18764","21789","2797","3435","24035","18668","21675","30312"
"1.41_502.41","2831","1672","4975","5427","6444","2974","2199","2707","2751","2540","839","5715","2464","9173","4304","2775","3557","4337","2441","3107","2722","3886","5295","4726","3691","3467","5523","1356","7545","5104","3741","4716","2388","2784","1651","4189","2211","1847","3041","5531","4551","2733","4522","898","1823","4439","3114","2769","4432"
"2.29_1040.94","2235","3443","5061","18577","17935","3119","11768","2207","3100","3521","1922","4743","5137","10650","3019","2847","3674","5764","6189","3270","8371","3110","6053","11088","3378","3482","5203","6739","2695","5619","5379","2802","3577","3049","2679","2688","3725","2740","2545","5698","1921","5570","9065","7042","2373","3128","3496","3312","5460"
"1.98_728.58","3850","4134","2746","3824","4163","3596","3100","3788","2975","3996","3448","5372","3199","3556","4776","3994","4611","4391","4615","3833","3890","5506","4408","4652","4541","3527","5183","2286","3718","4494","4360","5334","3887","3389","1589","4501","4019","3072","3841","5005","4499","3577","4451","560","3459","5073","9037","5120","6673"
"0.30_379.24","6222","7596","16247","18942","8409","18045","3040","4827","2870","4916","3263","4390","3126","25278","5353","4473","4687","4173","4059","3501","2933","4743","5965","6256","2062","4074","5069","3081","3261","4482","7828","4518","3247","3524","3141","4524","2928","3142","4228","3734","3297","4697","4140","2256","6938","3760","9249","3826","5085"
"3.83_916.83","15152","15253","14820","21335","21930","12990","11757","23779","14191","16242","13814","25939","21609","20334","14202","16202","14387","15536","10108","13376","13774","16145","18470","17910","13709","18372","29412","12966","21100","16103","21414","27774","16165","16563","8846","15485","18644","13842","19742","28272","22647","9198","18499","1633","4909","17292","25547","12117","20468"
"3.75_954.85","13806","6406","8370","9505","7606","6922","5989","10615","7442","7905","5164","11842","16608","9430","7349","7074","3022","6001","4147","5900","7504","8119","4038","5487","7181","6593","11031","8123","11291","7727","13775","22222","12507","13714","4635","10794","4790","5278","14229","14556","13155","3575","8716","2732","4005","3101","9443","6862","9553"
"3.02_1130.86","2533","3611","4226","3029","4970","1772","2315","6856","5132","4202","2747","5624","8818","2680","6179","3480","3970","4774","2426","4113","3253","7696","4908","7873","4509","5716","6390","3734","6532","5894","2292","4191","5480","7905","4136","3996","10580","2734","6447","8289","7204","9556","5104","1250","2039","22633","9278","3245","7270"
"4.16_988.91","3846","3973","6926","10093","3337","3451","4390","5781","10609","8247","4982","17330","4856","7800","5142","9015","6182","2900","4486","6863","5310","13729","7924","4677","6042","5688","13928","3910","3712","5040","8689","9365","10873","12843","7791","18660","28803","4103","4725","4089","11074","9076","2816","3676","5906","6771","6191","8521","23615"
"4.12_934.93","11313","7548","12250","10501","12438","7575","9097","14015","12944","13821","10624","12678","8049","12045","12263","9255","13543","11210","6730","11766","12000","10414","10049","12249","8049","8809","11643","9075","14058","3427","12910","12888","12602","10431","4617","10308","6213","9815","11718","14662","12540","9853","12348","1043","2790","7564","12482","7793","15226"
"0.94_267.23","4843","5936","4998","6643","5098","5163","4820","5312","4578","5262","4881","4837","7187","7767","5836","5019","4972","6830","5445","4457","4893","4605","5704","5582","3470","4467","5876","4474","4626","5034","6260","3978","5273","5016","2445","5179","4403","2467","4099","5579","3546","5581","4524","1775","5590","5797","16250","5531","6205"
"3.82_904.83","35323","35360","39117","50117","39506","41451","40597","87744","40230","70649","40487","99961","39529","60980","43025","39790","34215","37071","30194","42324","51944","69153","65088","50869","29077","31558","55990","60097","66275","43937","45177","59766","49859","52202","27147","40660","71594","31397","69412","54758","58323","42365","60584","5891","10349","41299","93328","33504","75458"
"2.08_766.57","2166","2691","2167","4263","1019","2588","4260","2771","1887","2290","2007","1623","3433","5841","1983","1684","1875","3471","1430","2853","4002","3589","2115","2421","2876","3301","2565","2109","1452","2366","2790","1790","3168","3099","1105","3891","4235","2168","3300","1895","1955","1675","2468","1313","3683","2805","4123","8431","2839"
"2.69_821.68","3881","4902","3034","3444","5464","4757","4229","5626","3824","3618","3438","8457","3816","3600","6302","4940","4325","4830","5235","4073","4115","6229","5808","5212","4817","5248","5212","2218","5021","4605","3848","4753","3766","3764","2651","4974","3969","2984","4479","4163","7922","4925","6549","639","2421","5425","9795","5377","9867"
"2.34_812.67","4708","3448","4149","4294","4450","4483","3094","4042","3298","3620","3816","4252","4515","3190","3763","3457","2446","3030","3587","3556","3260","3621","4585","3293","3143","2907","4440","2225","3961","3688","3658","4305","4000","3504","2381","4541","3850","2806","3936","3070","3442","2467","2849","464","3567","3996","5856","3386","3913"
"2.81_848.72","1566","1433","2940","10212","5784","2156","5966","2409","2480","2233","1869","4370","2523","4872","1860","1697","2226","2842","4528","2205","4665","2502","3528","2316","2135","2460","4340","4160","3728","3326","4347","2844","2521","2582","1687","3164","2595","2574","2400","4448","717","3611","3927","1671","2231","3284","2508","1913","3609"
"4.04_563.50","2924","3575","2962","3217","4383","2188","2638","4535","3085","4290","1982","7949","3685","4918","4084","2774","2839","2846","2396","2358","2605","3051","3406","3745","2714","3252","5357","2848","4817","4512","3097","4687","3596","2732","1843","2381","2424","2145","2542","6604","4031","2915","4841","280","772","3526","3926","3039","6807"
"3.69_894.80","4200","3166","4030","3165","4802","2110","3722","4638","4858","5102","4098","7092","2824","4222","6104","4055","5542","5364","4126","5405","3940","4290","7722","6595","4065","6059","8354","2046","9372","5681","3069","6100","4504","4651","2331","4489","4532","2859","4906","8732","8274","5983","5667","636","1857","7942","7199","3110","8809"
"3.85_925.80","9983","9971","4417","8340","7254","3642","4845","9218","4939","9007","3407","7336","10440","7733","8613","8092","2189","7435","3727","5609","6873","5439","7678","5263","9178","13432","10011","4937","5831","6366","7567","8916","6692","7065","3978","7663","7566","6174","8456","6552","8457","4776","5864","1989","3587","7247","9279","4033","10320"
"3.77_968.85","22540","14982","42971","25275","42410","17648","15361","36278","37229","29833","18559","53504","33162","32621","24416","18781","24290","23969","13833","21228","22775","24676","31494","25673","16738","18297","40347","15516","38431","28150","33963","39719","25799","27842","11521","17972","13420","17843","26561","42952","25469","24990","37282","3460","5744","19760","26077","12220","42142"
"2.51_684.20","180278","35648","33389","46572","49722","51641","21250","100888","50023","73564","250728","85280","53432","43632","66263","32181","78884","64363","28339","49858","54784","87813","47615","37862","45493","18834","37089","38494","667624","62016","51328","72508","42908","91380","112575","155322","123496","98201","103732","52415","84454","42786","54937","94055","81165","43694","72724","96276","16430"
"1.53_782.57","2524","2673","3735","4014","5047","3229","3863","3582","3173","4525","2654","4727","2897","3973","3759","4542","3465","4478","3867","3684","3265","4236","4994","5642","3136","3844","3959","3281","4065","4466","3385","4538","4084","3391","2202","3917","4291","2387","3869","4308","4223","3987","3246","901","3047","5721","9622","3356","7321"
"2.72_712.61","4066","4213","8373","7116","6452","6559","3352","5308","3597","6042","2282","9842","3193","12396","3555","3194","2635","3605","3435","4205","4841","5215","6880","5307","4204","2727","5127","3960","7234","4678","6366","7558","4465","4777","2999","4284","2899","3337","5711","5584","5268","2549","5676","903","1538","3901","7423","2542","7599"
"4.11_892.83","12511","10313","14618","14236","15355","8916","10744","23507","15836","19071","10794","23984","13663","15604","16696","12495","15638","12825","9582","12268","13661","12846","16979","13845","9120","11813","19625","10281","16361","14720","14565","16944","14235","14289","7291","11521","8436","10740","13372","20605","16919","10710","21168","2380","4290","11208","16852","8926","21104"
"0.21_321.14","4626","2663","5177","3655","3900","4565","1556","4392","4358","7317","8366","4981","4855","3416","4206","3798","5150","4217","2006","1768","4346","6168","4364","3028","1092","3913","5968","3333","15238","3634","4171","2975","3466","4050","2101","11478","4059","5782","3024","3717","2069","4856","7041","2817","3528","4482","4952","5822","5964"
"2.52_886.73","3813","4328","5968","6912","8488","3949","3660","3279","3923","4366","3861","5971","5756","6146","4295","3083","4271","5432","3687","3272","2455","3899","6692","4811","4438","5177","5237","3910","4621","4316","6052","5849","3380","3981","2974","3332","3042","3450","4683","5910","4383","3921","5182","634","2360","4842","3431","2404","4218"
"0.21_129.11","11098","3172","3068","2635","5786","429","1839","3709","5385","2984","3982","5438","6511","2609","3391","5531","6880","5687","5240","2606","3904","2633","3343","2483","3336","3085","6293","3092","4247","3615","2629","3926","3347","6526","3728","10218","7292","19689","5130","2610","2739","1643","5510","2248","2803","3069","3745","3933","8161"
"0.22_453.22","2397","3762","3342","2002","5594","2564","3040","1768","2903","5654","2924","4091","2192","10512","3508","4377","3657","3502","4782","2336","2812","5420","2205","2220","2159","2891","2777","3355","4038","3018","5809","11598","4503","4126","2302","3013","3339","6344","2445","3874","1752","2828","7146","1184","3937","3814","4242","2735","3961"
"0.21_541.27","3645","2917","3107","1624","2790","2463","1677","2162","1597","3169","1105","3152","2482","7352","2220","1491","2515","1840","1716","1814","1702","2180","3847","2026","1315","1831","3446","1816","1670","3007","3386","7171","2371","2272","1516","1450","1602","1874","1816","2430","1211","2028","3597","896","2081","1878","5072","2681","2957"
"3.47_978.83","4488","5231","5178","8397","6601","3931","2138","4635","3367","4009","2627","6858","4615","6388","3418","4300","2906","3971","3062","2632","2969","2744","6571","3845","2387","4219","7839","2982","1934","4349","6997","7419","2882","3613","2468","4103","4134","3432","3810","6307","3656","2509","4420","437","1930","5154","3611","2579","2592"
"3.20_1029.83","4174","1526","3717","1062","3784","3457","1657","7638","5740","6940","7790","6482","3313","2871","3290","2844","4600","2080","2594","3738","4841","4177","2923","6675","2292","2353","6034","4712","6504","2011","2041","7656","3785","3345","3539","3027","6615","3495","6436","5154","3681","4502","3628","319","1041","2890","6167","3235","6497"
"3.71_980.86","21822","13143","8181","19640","13024","7607","7396","11425","7831","11667","7986","10670","16036","10211","10338","10861","7157","10373","6815","7917","7523","8206","12955","10676","7440","30391","19739","8486","8808","9461","12386","15876","12768","13900","6732","18931","11629","9697","20618","11741","14036","8107","8989","5906","6728","12669","14440","7999","9828"
"3.45_952.81","3543","2870","5853","5207","3614","4326","2924","7423","2822","5920","2039","10013","3237","5112","3827","3493","1885","2408","1795","2817","3536","3679","7711","3285","2196","1908","4754","4091","5814","3159","4103","5137","3441","3270","2437","3343","4030","3204","5242","3718","5009","3019","5749","734","1005","3026","4108","2442","4778"
"3.84_914.82","7875","8181","5304","10846","9398","4504","5375","7686","5585","4763","4509","8764","10004","6657","5527","6920","5016","6469","4220","4421","4822","5685","9547","5888","4530","10639","12407","3693","8448","4958","9074","12482","7290","8470","3687","7567","5010","5539","6296","10799","9486","3173","5551","846","2721","7471","6565","4018","6984"
"1.30_878.54","1209","2242","2671","2762","2165","1247","2329","10988","2573","1970","2126","7978","2035","4061","3499","2689","2121","2280","1576","2499","2236","3496","3005","2787","1456","2555","3930","1590","8796","3713","1714","3105","6588","2414","1438","2509","2372","2769","2465","6006","3270","2549","3709","677","2274","3247","9227","2494","7664"
"4.25_922.88","11244","7550","15157","10128","12393","8737","15095","36819","21257","25216","9697","28568","14562","27004","18415","10633","15082","10367","7262","16586","20149","13222","13669","15317","6869","6653","17846","9908","16683","15908","19339","14690","17019","11263","8896","11023","5253","10713","14857","14863","16984","8830","18991","2643","3923","6341","17550","14110","29987"
"2.74_281.05","4160","722","1021","1148","1337","1773","360","2728","1291","2043","5550","2638","1637","1391","1267","938","2164","1830","1299","1207","1325","2821","959","1252","2185","486","1011","978","13070","1525","1226","1807","1241","2605","3146","3673","3366","2441","2866","1272","2054","996","1685","2599","2075","1319","2416","2291","561"
"0.21_469.03","1672","1731","391","413","1297","413","6756","298","255","919","444","448","707","368","531","618","410","439","1222","1027","474","2665","853","446","203","367","997","340","356","3600","1737","1961","1414","252","2060","1006","655","375","1109","2501","1133","1458","1050","270","1233","1336","3059","753","551"
"0.80_570.46","3049","5152","3819","3795","2851","3672","3376","2559","3804","3803","2941","3679","6562","4303","2826","2891","2870","4834","2937","6308","2916","3394","2118","3544","2210","3059","3694","4124","3135","2836","3316","2792","2949","4584","3625","2676","3708","2793","2020","2667","3263","3692","3561","2957","3340","3426","2883","3306","5607"
"4.53_1255.09","10576","10764","15085","11267","14766","12951","6303","10912","9596","8685","7268","16243","13815","8533","14298","9408","7473","9784","8583","8866","8601","13871","8441","11406","8278","8159","12110","5149","12486","9575","12033","11756","11771","10185","9005","13106","6534","8272","7923","10598","10015","8600","12376","559","8127","12355","13733","9184","13315"
"2.62_864.73","7175","5176","4607","7437","10236","4258","6852","4446","5528","1729","6962","6760","5899","4503","5789","5806","5373","6954","5792","4150","5112","4180","10255","6986","4857","9742","8691","4052","7575","4221","5960","10260","4152","4530","3347","6274","8407","4209","9693","8403","5969","3929","5134","627","3007","7210","4565","3406","4160"
"2.44_581.43","4326","3609","2991","3287","3222","1678","3410","4953","2877","4012","3525","4928","2109","2386","5220","4299","3839","4570","3908","4418","4251","5252","4163","5259","2465","5293","5454","3498","5538","5101","3532","4584","4673","4154","2577","5938","4297","4186","5433","6531","5176","4367","5441","701","3515","4950","6021","4534","5630"
"1.65_438.50","1636","1526","3177","2039","5282","3506","1108","3177","5328","2907","1687","2293","5577","3932","1909","2687","2736","6618","1672","1685","1740","2064","2534","2037","2654","2304","3090","5810","1905","3664","2729","4732","6335","9564","1575","2023","2951","7805","984","3448","1046","1990","2390","6420","3389","1398","3797","1464","2784"
"3.50_936.85","3777","2724","4260","4391","6975","2850","3905","6123","5617","8620","4588","9093","3804","5023","5832","4893","7850","6430","4694","5025","7523","5184","8957","7768","4560","5574","7835","3214","6909","6035","5042","6994","4092","3923","2984","4756","3861","3137","6149","8933","5919","5768","7138","693","1435","5425","7480","3062","9088"
"1.97_540.50","3794","3317","3495","4006","4069","3628","4241","3667","3711","4260","3791","3421","3091","4735","5264","3551","4580","3086","4762","3724","4516","5378","4436","4485","3690","3546","3923","2302","3995","4457","2881","4149","5447","2653","2367","4683","4926","3095","4064","5216","3820","6832","3524","645","5440","5268","12612","6057","5540"
"2.54_822.70","6670","7948","5620","5272","7430","5356","3437","4621","4459","2583","4027","8152","6340","4919","5804","4525","3554","5098","4195","4470","4612","5244","3867","4503","4871","3532","5339","2814","4991","5073","7656","6419","5630","4998","3922","3905","4698","3818","3846","4177","4542","3908","8239","927","4412","4631","8298","5896","7878"
"1.05_385.38","6372","6782","18647","9046","18705","7070","4759","16488","21473","8550","4545","9086","7341","9199","4301","7121","9906","12721","8330","5977","4768","6864","7755","7082","7272","16619","10384","25728","7735","18721","12999","10341","4471","16012","5859","7212","14678","77202","1849","12343","3102","12706","13350","13023","15938","5763","9588","4305","15582"
"2.37_759.56","4865","3049","7221","4074","3431","3318","2802","3165","3381","7042","3384","4913","2693","3456","3410","4583","3180","2145","2950","2315","4780","4819","2755","3614","4004","3579","6711","2391","2300","3443","5196","3384","4549","7021","3069","4269","2624","3602","4421","4671","1839","2705","3481","825","3657","4927","6316","3562","4172"
"0.46_258.28","4743","4017","3923","4710","3944","3297","3205","3741","3194","3817","3209","4109","3399","3725","4961","4287","4250","17647","3996","4185","4379","4550","5048","3304","4844","4942","4698","4090","2953","3987","3321","4503","3849","4209","3213","4205","3439","3198","4213","3876","2885","13186","5922","2737","4307","4123","6469","5187","3454"
"2.21_864.53","2748","3093","3193","3647","3144","2632","3338","2681","2876","3084","2985","3612","4406","3091","2783","3154","3694","3364","2830","2649","3812","4068","2746","2011","3096","2674","3511","2710","2294","2500","3587","3203","3689","3516","2278","3145","2735","2260","3355","3871","3139","2442","4204","416","2866","2525","3082","3200","3728"
"2.51_819.59","6172","5029","10516","10815","12809","6484","4287","5132","7425","5084","4791","11520","8246","11154","6511","5889","5915","6948","4782","5495","4138","7355","8799","6786","9632","6313","9110","4445","7902","7042","10363","9132","5492","7235","4278","4397","4978","4594","5042","10330","6670","6485","7028","1773","2686","8211","8042","3693","9760"
"1.23_444.40","2309","3174","2853","2486","2810","3412","2081","3722","2613","3191","2049","1635","2777","6277","4506","3936","3940","4030","4646","1594","2151","3854","3145","2144","2160","3472","4848","2974","2248","4647","2896","2782","5812","3428","2193","3107","5499","4690","1985","5924","1489","5480","2498","11507","28509","3000","8421","5333","3376"
"2.81_861.68","4284","3859","3132","4119","3253","2598","3122","4102","3178","3825","3250","2886","2696","3233","3024","2766","2981","3205","3243","3302","3238","3033","5226","3034","4120","2835","4493","1314","3189","3344","3427","3565","3478","3076","1865","2996","3313","2186","3143","3070","2223","2545","2912","599","3804","3060","4130","3093","2558"
"2.94_832.24","78969","22986","113011","26715","32089","36479","26518","81130","29688","42822","97353","46884","32103","30511","22638","63520","32344","39167","50660","30763","31477","56425","22197","28849","30121","25685","24485","26422","273950","29807","30030","37192","26664","52449","65779","69113","72304","47534","65407","27377","48594","26644","27388","77932","44303","26708","45146","48928","25179"
"0.47_468.39","1968","5206","3493","2694","3902","2667","2546","3187","8025","3118","2036","2275","2916","2919","2341","3375","3312","5977","2610","2173","1841","1909","3305","17301","2718","2718","2425","14013","1896","6536","2654","2671","2296","3087","2235","1984","2126","5123","1864","2745","1762","2667","2642","2324","1965","1502","3881","2582","2786"
"2.15_496.34","3336","4189","3683","4621","4274","3997","2939","3509","3624","2795","2294","4024","3806","4300","3349","3623","3187","4411","2879","3566","3866","4464","4038","4138","3403","3120","5596","1680","3024","4094","3418","4419","4172","2765","1875","3759","3045","2538","3692","4052","2985","3125","3783","711","3271","3454","6755","4136","5664"
"0.53_486.36","8056","8713","17641","8378","8691","7435","8139","7960","7950","10552","8287","9367","6805","9353","10675","8730","8235","7757","8201","9074","8736","8458","9564","7975","7681","7984","9508","7666","8923","8293","9130","8775","8112","7953","7632","8388","7994","7843","8084","7368","7916","9183","8138","7520","8067","7931","8665","8011","8811"
"2.94_616.60","2289","2693","2452","2352","3309","2218","3636","2982","1984","4633","3291","3101","1922","1832","2541","2414","3368","3379","3110","3258","3016","2980","2134","2721","2074","2506","3101","1769","2537","3056","2487","2588","2778","3255","1047","2838","2978","2872","2860","2920","1869","3107","3927","741","3534","3074","7062","4079","4184"
"1.52_756.60","7543","5218","8739","10861","12752","7419","4670","3525","4686","4508","3631","6561","6399","9649","5520","4381","5400","7231","4637","4442","3351","4844","8818","5497","5795","7354","7741","3965","7023","5517","12590","8618","4019","5789","3317","4978","4934","4391","6319","7676","7622","4114","4396","710","2627","7024","5540","3596","4887"
"2.74_758.28","7303","1669","8056","1545","1995","2304","1711","7563","1691","2738","8768","3228","2333","2129","1712","3993","1820","2392","4345","1698","2191","4323","1304","2001","2175","1703","2168","2010","17570","1958","2332","2920","2145","7226","7772","6413","6154","3953","4591","2036","3398","1375","1979","5633","3922","1889","3466","3876","1554"
"3.84_984.89","15369","13145","6196","14362","10717","6780","6222","9871","7176","9629","5660","7070","15157","8002","8040","8808","5381","10794","5963","6071","6088","8147","10197","9535","6781","23874","14153","6301","6619","7375","9899","10673","9273","11052","5904","15084","10165","7208","14561","8700","11033","7639","6012","3320","5031","15640","13153","7527","9521"
"3.39_840.78","3374","3535","1951","1958","2578","2096","4789","5069","4348","2794","2351","4790","1964","2061","6166","5823","4045","7583","4751","9970","7241","11019","5134","4429","3531","8622","7049","5231","6628","5119","2839","2945","3431","11245","2396","6594","4618","9929","6558","6316","8748","7395","7383","836","4325","7175","6740","6818","6430"
"2.68_810.69","3260","3231","4457","4086","3273","4331","4524","4270","4091","5295","4607","5538","4031","3172","6157","4188","2982","3246","4153","4523","5122","4381","4187","4092","3887","3248","3867","3056","4016","4522","3091","4579","4677","3271","2957","3648","4215","3051","4531","3587","4566","3530","6362","448","2272","4489","4893","3739","6136"
"3.79_367.34","3007","2227","2393","1983","3036","1527","3135","7145","4831","2637","3160","7594","2301","2029","5658","5299","3629","7819","4638","7369","5329","10961","5516","5687","2709","8000","11207","2964","11343","5613","2979","2947","2622","5788","1559","8014","3641","3641","7775","10903","15079","6156","5033","1029","2599","6928","17188","3626","18937"
"3.46_1054.30","33786","11525","55183","13198","11464","13999","13955","37472","12413","16060","41527","24191","13720","12487","9902","30612","16052","16668","31294","10333","11560","26828","9631","10445","12748","12065","12378","11186","101035","10747","10985","15408","10224","21234","27902","32735","37478","22165","27093","11214","20957","12145","11119","35802","22267","9785","22218","22306","10619"
"3.12_871.74","3225","3159","3078","4991","6392","2112","1904","3407","2893","2370","2457","6400","3665","2996","4199","3081","2762","3453","2621","2541","2630","2495","9164","4057","2744","4842","5341","246","5046","3224","3446","6211","3458","1991","1720","3521","2683","2060","3804","8256","5069","3433","4104","481","1383","5220","4633","2577","5627"
"1.17_496.42","8454","10193","15641","9777","11276","7712","7390","8250","10790","8592","8443","10139","12069","13489","16793","7352","11546","12853","9303","7341","6921","7782","8201","19784","8554","10298","7909","17180","8035","10537","11627","9433","10350","32435","7038","10495","14126","11567","11471","9270","4383","11618","19560","8483","10738","8893","21346","12501","19990"
"4.26_1572.43","3839","1604","327","3096","1744","2583","216","1137","1653","1923","5717","5126","1937","1273","1615","369","3014","1614","227","1279","1384","2982","1738","1569","1517","130","1485","1511","12174","1887","1215","1872","1296","917","1151","3275","3190","2305","2949","1794","3714","1428","2794","3401","2413","1703","2297","2979","127"
"3.64_824.78","22009","19326","16792","13483","17767","9283","35515","45797","34594","32492","21544","57019","16104","3447","47988","40476","34102","68304","35794","60765","59359","83732","55954","49188","38112","60867","64905","35661","61903","50272","24865","29726","34500","69107","15158","55853","43265","62778","69024","71211","72126","57793","63083","7128","21532","71109","72770","52190","70891"
"3.54_712.64","4602","3672","3202","4676","4057","2914","3493","4475","3198","4590","3450","2863","2975","3651","3850","3615","3666","3261","4931","4536","3905","3738","3626","3725","3373","3762","4862","2137","3411","3646","3617","4083","3733","2819","1493","3591","4099","2052","3646","3598","3453","5025","3688","571","4068","4186","9384","4577","5277"
"1.53_803.56","2340","2647","3536","3677","4889","2863","3433","3778","2216","4354","2829","5726","2628","4149","4159","4671","4152","4489","4197","4525","3312","4459","5825","5727","3076","4408","6738","3486","4669","6667","2958","5342","3921","4195","1949","4858","2290","3346","3403","6280","3615","5351","4710","944","2648","6491","9265","4752","9027"
"3.30_980.28","38988","11269","59913","11586","13913","17026","16383","51052","13310","22049","47678","30134","16193","16048","12365","37688","18693","19751","39895","14969","15753","33015","11446","13969","14019","15394","13657","14331","126580","14126","14104","18148","11382","26176","37006","37343","54976","28783","36019","13678","28801","15083","15644","44729","31270","12228","26412","26406","14171"
"2.52_686.20","87828","17062","19979","21624","23557","25063","10770","44142","23498","34999","125340","38166","25004","22402","30063","16725","34106","29093","13444","25421","25919","42185","22465","20584","21956","9446","18964","18449","312125","27841","24408","33842","20600","41659","51673","77106","58979","47563","51651","23572","37621","20230","26708","44982","38544","22040","33723","48472","8297"
"3.50_893.79","4595","3628","4936","5030","8219","2446","3973","6466","5783","7202","4884","10472","4540","5070","8727","5209","8190","6964","5861","6001","4812","4472","11335","8664","6506","7352","7310","2601","6915","6741","5044","8925","4299","4767","4154","4491","6546","3304","6263","9143","7631","7400","7917","895","1419","10986","7525","3836","11310"
"2.54_692.54","4360","3753","6980","3607","4545","4397","4841","1639","2961","4400","3435","2051","3440","2644","2379","3303","7480","5829","4543","6425","5052","4635","3698","3895","3094","3436","2426","5038","1788","4513","2357","3332","2031","4136","3278","1348","2357","1852","2234","950","1617","2241","2066","569","2685","1801","1624","2223","1536"
"2.54_785.68","4148","4218","4658","5832","8581","5233","8445","9975","8132","8805","4082","8647","3829","4802","10215","6549","4143","7234","10896","7636","9745","9922","11806","13939","6784","5624","8603","4157","4178","5913","4846","12217","6220","6436","7181","10201","8798","5542","4050","7251","9035","9489","6383","1477","4681","6423","7379","8791","12619"
"4.08_1453.40","8930","2404","4345","3278","2703","2554","2873","5605","2875","4714","8774","5080","3420","2960","2382","5848","4106","4208","3594","2990","2638","5287","2364","2333","2964","3156","3303","2226","21610","3389","2844","3625","2459","6134","6803","8099","7412","5620","6077","1965","4770","2315","3143","4586","4748","2408","3754","5434","1737"
"3.82_917.83","9914","10382","9620","13541","14569","8235","7670","14226","9999","10854","9427","16465","13365","14316","9193","10553","9007","10030","7016","8637","9765","11025","12561","12021","9043","11167","18391","9023","14615","10264","14797","18430","10913","10140","5869","9338","14244","8176","13381","17182","13870","6117","11422","1488","3590","11356","15568","8267","11769"
"0.78_688.52","5034","8394","8374","4580","6392","3389","4006","4018","6637","4555","3811","6539","9610","6734","7723","7042","6640","8867","4739","3749","2721","4867","5358","7121","5097","6535","6156","10859","3781","6042","5855","5156","7428","84007","3825","11632","8081","5604","3416","5997","2409","4788","10128","9459","7959","2762","5147","4620","19459"
"3.77_969.86","14380","9397","27436","15997","28015","11755","9840","23273","22895","19777","12610","34294","19033","19849","15400","11835","15451","15126","8365","14971","14684","14993","19858","17625","10187","12482","23745","10601","22955","18478","21108","24354","16881","18025","7689","12464","8264","11562","15581","24919","15797","15406","23261","2911","4346","11943","17020","7843","27283"
"0.80_556.44","7785","13415","15475","8018","9999","6326","5830","6413","10103","8603","5649","11181","15795","10698","13194","9442","10830","13976","7010","5651","5031","9554","9525","20058","9130","10266","7687","23269","6928","9627","11074","8066","11139","83392","6065","19094","12981","9064","7480","8832","3555","10544","15716","8537","11530","5737","17207","12077","28238"
"0.81_512.42","8512","12450","16125","8806","10506","6548","6108","7539","9947","8340","6609","10687","13901","12275","13792","7843","9798","13606","6724","6412","4741","7906","8373","28804","8047","8925","7452","21603","5983","9241","10454","7583","11115","50633","5932","15157","12122","9948","7319","7999","3842","9611","15994","6910","9318","5013","19458","11947","23667"
"2.82_892.76","3779","3927","3854","4482","4182","2798","3794","4200","4087","6809","4432","3112","4588","2614","4448","4964","3371","5009","4199","4079","3602","5056","5698","5792","3390","6665","6348","3638","5781","3989","2754","5637","3486","5009","4614","4175","7442","3824","7561","5688","5659","4072","4128","1269","1966","12846","4217","2897","3212"
"1.22_600.48","2702","3062","4633","2785","2728","2141","8663","3278","2410","2372","2476","2436","1890","9967","3704","2546","2890","3495","6159","2444","2126","6611","2881","1539","2304","1995","7624","1962","2485","2289","2102","3271","2625","2447","1756","3279","3303","3117","1496","9084","1827","3535","4906","5572","17131","2312","6510","2575","25279"
"3.17_871.75","2775","1599","2436","2275","3202","2022","4017","2247","2390","2976","2289","3242","2104","1596","2222","4118","3790","4394","2688","4756","5176","4274","3376","5657","2393","6030","2934","4900","2150","3695","1107","2285","2385","4597","2406","3837","3032","3992","4617","1023","3792","5089","2886","570","2459","4873","2605","2179","1996"
"1.31_717.49","2949","3459","4124","4034","4267","3035","1965","3749","2442","1981","2051","4012","3180","4680","2815","2831","3199","2863","2336","2591","2376","4351","3593","3245","2038","2742","3978","2866","3861","3050","3423","4437","3127","2817","1701","2686","2660","2369","2723","3279","2943","1914","3643","605","2090","3157","4151","2911","4416"
"2.81_839.75","3669","5288","3063","3216","3824","2967","3177","3891","3809","4243","4293","3203","2573","3084","3496","3839","4826","4314","3783","3106","3887","3397","4737","3682","3443","4182","4678","2352","3815","3054","3229","4172","2672","3537","1785","4263","3766","2468","4919","4563","3960","3147","4153","325","2663","5468","5974","2616","3201"
"2.96_806.69","2903","4248","2829","3345","3658","3140","2815","3757","3608","3659","3918","3823","5035","3385","3610","3033","2695","1758","2457","2942","2857","4837","3935","3282","3694","2586","2837","2864","3318","3102","3300","4060","3538","2992","2161","3356","3810","2184","3770","3287","3282","3026","4258","441","2340","3693","6939","4721","5057"
"0.22_409.19","2981","4147","4023","2025","6521","3225","1719","2006","3393","4439","3972","5591","2807","10281","3242","4344","3794","3757","2019","2542","3645","5614","3485","2699","2376","4219","2517","3311","6039","2399","4431","8765","2177","5450","2938","4082","2427","7103","1217","3794","800","3295","7229","2630","4006","3984","5478","3301","5587"
"3.46_822.75","2807","4758","4607","6203","4597","3514","6225","7906","3900","7446","3131","10135","3455","8066","3555","3039","2271","7942","4973","5151","9078","12624","4944","5643","3429","2948","3949","24680","4560","6545","3596","6861","5701","5179","3757","3624","6182","4400","12254","2882","3958","8960","4802","1186","2161","3491","11366","4162","6129"
"0.35_272.26","8313","8000","6427","6579","7558","40459","10231","7898","7476","7539","6774","6366","8437","10122","26938","6786","15583","7180","9737","7519","7913","17810","16523","8729","10377","8551","7096","7729","7355","7323","12281","7977","7251","6758","9388","6714","8975","7792","6909","7496","6825","7409","6122","7939","8086","8048","7509","6599","4587"
"4.08_1455.40","6021","1555","3050","2141","1499","1520","2024","3086","2453","2542","5461","3260","2386","1736","1714","3554","2797","2280","2324","1458","1905","3431","1788","1693","1584","1731","979","1685","13610","1626","2096","2425","1515","3040","3681","5116","5265","3384","3778","1454","2652","1664","2538","3227","3305","1597","2294","3734","944"
"3.70_866.78","3446","2700","3465","3299","5300","2437","2874","6515","5466","8411","4517","8779","2535","4636","6112","3680","6150","5308","3575","5195","4144","4895","8139","5678","3599","4573","9183","2565","8505","5824","3369","5671","3865","4272","1624","3411","3124","3159","5543","8648","7417","5296","6486","630","936","4448","6511","2629","10092"
"2.86_804.69","7572","2700","2735","6701","11081","2406","3001","2739","2777","2917","2569","3975","4224","4180","1243","1815","1954","1758","7740","2157","2903","2062","2864","2869","2977","1608","2128","3983","1157","2513","7681","2462","1726","951","1380","2877","2433","2388","2298","1935","2612","4322","1894","2168","3651","1688","10945","2945","5437"
"1.98_786.60","3174","3920","2846","3303","2907","2680","1844","3698","2253","4122","2899","4155","2695","4849","5213","3107","4179","3531","3187","3182","3015","5810","3369","4331","3054","2752","4688","1652","3390","3959","3329","3462","4511","3433","1755","4575","3306","2615","4689","4707","3943","4446","4876","920","3879","3911","10368","3348","8902"
"2.07_830.44","3791","2508","2661","3464","2830","3248","3347","2724","3054","3811","3396","3061","3298","2746","3071","3402","3457","3221","2419","3325","3438","2608","3178","2738","3174","2779","3662","2204","3356","2644","3109","4026","3091","2626","3103","2921","3346","2795","3391","3057","2770","4567","3384","364","2584","2942","2048","2601","3082"
"3.49_848.77","2318","3815","3757","3619","3878","3194","4843","7610","2127","5707","2877","7676","3831","5764","3665","3289","4156","4745","2876","3594","5326","5560","3973","4572","2904","1972","3196","10392","4292","4639","3040","3931","5479","3495","3517","4402","3892","3799","6922","3782","3335","3554","4090","1415","1728","3061","8343","3205","5852"
"3.83_888.80","4055","3981","4047","6284","4997","3099","3333","6324","4062","4804","3765","6998","4923","6724","3531","4145","3932","3840","3232","3351","3986","3813","5205","4212","3541","4059","7099","3270","5763","5045","5060","7301","4161","4017","2532","4629","5148","3761","4659","6911","7020","2346","4591","409","1707","3989","6908","3823","5018"
"3.13_864.76","3273","3145","3044","3723","3449","2404","2275","3389","3539","4092","1529","3775","3138","5791","4074","3390","2567","3823","2741","2897","2809","3340","4332","3235","3349","3907","5144","2465","4409","2930","3491","3429","2953","2871","2243","3226","2716","2489","3947","3760","5044","2873","3331","539","1852","6799","3579","2681","2749"
"0.80_600.47","8009","13003","12865","7475","9918","5314","6274","6232","9267","8182","5446","10428","14924","10293","11836","8339","10060","12835","7227","5079","4732","7696","8837","13623","7751","10618","7597","21466","6190","8137","9498","7521","11076","108745","5493","21374","11790","8928","5215","7672","3167","8563","13636","10465","10229","4884","14089","10978","32039"
"1.16_540.45","9173","14227","17606","9884","12806","8067","8617","7959","9725","8487","8537","10122","14693","14606","16141","8982","12515","11941","8784","7248","6335","9588","9746","16415","8805","11019","9265","18449","7699","10806","13101","10331","12246","54820","6228","15119","16417","10814","10541","9748","4016","13024","26978","8911","11028","11296","21895","14156","28811"
"3.40_1044.86","4084","2664","6838","4258","7341","3043","3548","5456","7175","4099","4272","8743","7877","3965","5860","5096","5118","4650","3400","4688","4301","4877","7001","6560","5402","6215","6877","3639","7138","6118","4113","6342","5073","8062","4440","3435","4356","3663","5103","8314","6061","7174","7155","751","1632","7030","6279","2988","7546"
"1.31_616.18","3203","2953","8477","7735","3856","10142","1753","3469","1214","2164","1295","157","906","4497","154","227","1114","1067","1050","1346","771","1204","1129","333","764","979","372","1397","2012","1799","2532","1598","1283","2445","3609","398","719","1230","629","1278","2264","1343","522","2782","3161","764","235","1963","1012"
"0.21_265.14","2354","1989","1286","961","5827","620","4401","2766","3887","2902","2331","4383","5674","1365","2839","1863","5406","5858","3383","3561","2659","5486","3831","1849","2653","2449","3774","9515","1825","2280","4223","7312","5406","9299","1938","2596","1973","3736","2017","5049","2449","3784","12654","5463","1065","3074","1042","3590","7359"
"2.94_834.24","48955","14665","68908","16748","17884","22348","17578","50432","19862","28636","60093","31273","20396","19949","15254","40346","23109","23850","30880","20932","20947","36362","15603","18400","20221","16739","17694","18062","163208","20033","19079","25181","16662","31633","40506","44507","44651","30429","41896","17253","30779","16230","18498","51083","30576","17873","28040","32354","15505"
"1.86_794.55","4173","3467","9188","5157","4106","8048","3690","4238","4501","2951","2775","6576","3801","7737","5184","4882","6046","3558","2848","5472","4948","6012","5705","4404","3735","3364","5102","3902","5830","5847","4293","4241","4350","3962","3687","3512","2511","4339","5047","6050","4106","4256","4922","919","5126","4381","5821","3931","9557"
"3.10_922.77","3526","1461","2044","1398","3742","1152","3393","5724","3751","1572","2793","11418","2484","2615","9358","4476","2875","6648","4716","4680","3173","5292","13688","5782","1716","9361","12526","1582","12773","5110","3363","5870","7813","4516","1325","6096","3613","2651","5786","16018","15345","4002","9814","1136","967","9189","10487","2668","11548"
"2.53_642.58","5649","8358","9463","9272","9600","9185","3247","4005","4803","3372","3090","6691","6691","8939","6384","5585","3655","5809","5078","4818","4224","6774","4565","4771","6719","3591","5426","5206","5163","4448","8724","6257","5225","6200","5395","6081","3030","5313","3503","7392","7244","4184","7520","999","5920","6779","5178","5031","6291"
"3.88_1278.35","34565","14867","14913","15841","13949","17765","3640","30907","13894","19954","42727","32036","17933","15470","16484","8964","17627","16511","9453","12665","13721","28986","15415","13809","14377","3309","16101","13050","103874","13755","14602","18591","14694","25377","28350","35826","29631","25762","26517","13945","24104","14167","17131","27278","23287","14688","25589","27033","3434"
"3.84_959.87","5932","6562","4488","9827","8511","4317","4833","6356","5567","4615","3615","7814","7905","5910","5965","6467","4028","5572","3850","3779","3613","4255","8272","4902","4012","9817","9302","4032","6361","4333","7156","10791","6036","6645","3288","5873","4375","4514","5407","8740","9201","3274","6250","1128","1532","5974","6010","3711","5253"
"3.07_728.65","22749","24116","24640","20332","17862","22480","16243","5671","11076","18256","10301","5510","11122","17430","12948","13542","16936","20174","17494","19197","16606","13827","13518","16385","11348","13723","8130","22588","6686","12567","9796","13540","7159","14001","22113","6922","7690","14336","7309","2889","4679","8890","6694","1766","10209","8130","2241","7281","2824"
"1.98_616.18","3160","3591","5568","5854","2936","6931","3346","3143","1205","1301","1846","178","962","2939","468","589","932","1349","1063","1940","1519","1016","1441","483","1317","1464","931","2153","1874","2097","2492","1477","1325","3113","2119","1183","1218","1113","854","2126","3272","1750","151","1338","3231","728","341","2339","1342"
"3.24_1028.83","6315","4050","16881","7557","11739","7835","4768","13092","11238","9849","11419","16696","11068","7924","7854","7765","9725","8683","4501","9211","8793","11440","9296","11334","7207","6570","13319","8485","15382","11974","10490","12630","8775","11269","6362","5190","11144","6992","12583","14508","10899","8018","13764","973","2963","9492","12503","5156","14697"
"0.33_421.23","1730","2946","7196","3992","3681","4750","2413","3580","6853","2881","1765","3388","5527","15347","3494","3140","4846","2503","3432","3012","2692","2377","3483","3595","3118","4222","3891","4730","3597","2962","3724","6016","4462","5190","2101","1987","3282","2698","2059","6510","1982","4513","7660","3426","2826","1645","3819","1733","4420"
"2.26_795.67","4025","3553","2595","2981","2891","2553","2440","2676","3278","3006","2666","4461","2615","2845","4506","3011","3705","4889","4987","3624","3112","4590","5230","3562","3203","2973","4637","2344","3009","3067","3600","3985","3028","4615","1774","4316","3769","2767","3319","4485","3795","5113","5736","103","2604","5528","7089","4083","6536"
"3.67_876.80","7834","13227","9896","10624","11009","9998","10636","20211","9100","15591","9685","21193","11859","15205","8763","9157","7454","9529","8469","8795","10753","14540","13230","11100","6119","5781","10154","27293","12834","10192","9691","13774","13216","10386","8700","12185","17280","8468","21252","10194","9134","9549","12212","2999","3791","7262","27954","8771","15531"
"2.74_785.23","14198","3346","2819","5238","3658","5188","742","12778","3630","7040","17049","8571","6206","4154","5890","1625","6703","5814","2033","4255","4303","7923","5026","3154","5293","887","3626","3854","39947","4282","3889","5948","4195","9925","10468","11777","11945","7724","10617","4139","8204","3728","4977","9713","7439","3713","6487","7718","816"
"3.65_850.78","5497","10923","10832","10296","10179","8820","11610","18744","10073","17933","8415","20176","9781","18326","7034","6324","4944","13034","6299","9269","16092","18127","9985","11184","5074","4295","7940","33345","11092","12359","8523","11475","13922","9272","9626","9036","11792","6919","22119","6864","7076","13025","9652","3021","4151","4525","24768","9956","13273"
"3.65_994.85","4201","4397","4383","6296","6785","2681","2496","2962","3334","3964","1971","6375","4899","4655","3583","3101","2611","4118","2447","2544","1955","956","5087","3075","1872","3594","6166","1650","5782","3379","5076","5861","2974","2532","2324","2926","2322","2927","2613","6728","5186","3214","3448","448","1682","4372","2779","2900","2895"
"2.05_827.66","10034","11279","8986","8805","8485","7059","8045","14831","9781","9530","8428","10742","5830","9262","13305","12910","13538","13050","11709","11510","10607","10436","13144","11856","11435","10507","14767","6720","9986","14545","9695","12126","8844","7234","3797","13244","11293","9395","11277","10344","9976","11161","10538","856","13294","14703","25291","13599","12892"
"2.37_751.70","7994","11892","4652","5946","11381","9476","12439","12192","3575","12253","7962","3439","12759","16258","7864","7797","5851","4034","8762","3657","7314","19491","9670","12751","4464","6076","25778","5023","7641","15689","7853","13375","6344","7974","1969","3551","8481","7375","8038","14262","6137","6718","4918","6222","8818","10391","29026","5349","15049"
"0.81_468.39","8837","9540","16399","8541","9842","6087","7238","6528","12582","7379","6326","10631","11673","12081","12449","7631","8599","13133","7249","7605","5101","9040","8173","32241","8836","7850","7699","17574","7160","9555","11243","8542","9369","22795","5785","10303","11197","9441","8657","8165","5026","9353","16039","6047","8823","6263","17601","10731","17091"
"2.39_830.79","2922","1640","2832","2412","6116","1562","3589","4718","964","2180","5564","4721","3919","3193","4509","3409","2572","2207","2466","4425","4792","5750","4461","3332","3424","2755","4019","2448","1754","4500","5455","6044","4810","2813","1363","4372","6341","2222","4243","4152","2181","1644","4045","1603","6820","1967","3442","4788","3956"
"0.40_650.14","2152","2836","3352","3934","1386","4162","1216","1222","488","1105","750","224","633","2021","166","437","925","588","690","745","783","493","635","350","375","1143","357","1348","741","1248","2521","1309","461","1417","3808","371","817","1523","550","656","1055","641","366","1669","2143","538","458","750","288"
"2.29_1026.93","1734","1907","3012","10568","8926","1462","6015","1136","1208","2280","1243","2445","2926","4968","1878","2036","2221","3479","3455","1896","3962","1838","3869","5156","1425","2531","3116","4097","1847","2817","3029","1858","2158","1904","1724","1461","1737","1413","1333","2734","1534","2903","5410","3805","2341","2007","1937","2033","3731"
"3.13_906.26","53450","13170","82325","16023","19222","24593","20145","89737","18813","27705","67185","34978","22103","19734","16274","45853","23989","26839","55176","20725","20951","44041","15801","19669","21726","19567","15960","19750","166534","19510","22954","25615","14298","36186","44829","47460","55082","30542","46406","18554","36288","23103","20302","56671","34134","16103","36766","32323","18958"
"3.40_1014.82","4834","3267","9977","6382","10300","4346","3944","9297","9453","5500","5978","12006","9603","4758","6685","5384","5791","6856","3206","5326","4823","6585","7754","6548","4555","6206","9828","5549","10877","7938","7534","8759","6682","9493","3793","5052","4537","4417","6680","12173","8451","7798","10739","1139","2364","7019","8217","3470","11271"
"3.11_682.65","3255","3624","3789","4378","3728","2845","3839","4779","3408","6185","5318","3998","3339","2735","3698","4018","5150","3598","7387","3134","3262","2643","3235","4246","4875","4241","5190","2438","3145","5019","2713","2673","3180","2825","1384","3507","6977","2171","4046","4057","2334","5024","3247","638","3505","4823","9162","5296","5168"
"2.77_802.67","5007","4455","3684","3826","4248","3632","4496","3372","4002","3744","3855","7022","3488","4622","4206","2498","3896","3074","4572","4495","3300","4276","3629","4108","7046","3094","2872","2974","2950","5083","5212","3873","3002","3213","1971","2856","3651","3036","3749","3232","3202","3352","5045","657","2631","4235","7319","3317","6812"
"3.84_940.83","4831","4123","2288","5318","3824","2785","2503","3682","2967","3969","2974","1973","4852","3252","3169","3102","1731","3498","2299","2657","2932","3736","3463","3722","2791","8075","5006","2778","2478","4028","3340","4121","3680","3937","2749","5439","4484","2776","5497","3365","3430","4056","2538","1909","2832","6774","5021","2700","3625"
"1.42_313.08","2091","2195","1043","1883","834","2366","1248","3284","771","2738","1218","1603","1933","1742","1741","1188","3086","4114","1579","1487","969","1519","2677","1689","987","3013","961","896","1857","1064","1140","1168","1593","525","1604","1794","992","3190","5400","3919","1600","1304","2417","1161","3046","1480","2973","1304","4080"
"2.44_694.63","5044","5840","1814","6860","10489","7336","1018","10733","8317","8980","5305","13066","7902","6205","5931","11754","10136","9296","6737","6264","5816","5097","7584","7100","6009","9516","6997","11321","5757","16216","12285","8923","18433","7871","3903","8155","12195","14207","6403","11142","5540","13354","5395","41379","59174","4610","12144","21462","1350"
"1.52_757.60","3809","2961","4907","5715","7620","4569","1949","2380","2620","3284","1895","5898","3927","6173","3751","3904","3569","4901","3933","2213","2312","3287","5488","3730","3094","4500","6254","2356","5071","3896","6665","5037","3316","4030","2452","2898","2843","2842","3572","5167","4385","2809","3440","765","1917","3690","3323","2544","4626"
"0.79_644.49","5944","10432","10632","5582","8323","4316","4276","4465","8130","6117","4850","8590","12957","8136","10255","7530","8916","11037","5943","4444","3822","6628","6879","10210","5512","8498","6411","18661","4859","7859","7631","6748","10434","91406","5328","17178","9797","7047","4265","6712","2970","7338","11900","9912","9135","5151","11896","6955","24665"
"3.87_1276.35","23528","12060","19221","12537","10348","12886","3407","21577","11080","14730","28358","22661","13953","11778","12375","7610","13316","12210","11879","9660","10639","21064","9849","12102","10832","2864","12070","9795","73776","9426","10957","13317","10407","19184","19344","26586","19402","18143","19955","11241","17982","9789","12627","19676","15697","10567","18106","18949","3125"
"2.51_429.09","10847","2346","3449","2568","2762","2846","1961","5305","3620","4141","16654","4875","2658","2636","3848","2975","4180","3503","2812","3471","3418","5414","3034","2854","3022","2109","2789","2985","38037","3959","3589","4472","3280","4958","6052","9973","7412","6051","6206","3281","4091","2636","3615","4737","5597","2965","4997","7491","2074"
"4.18_1498.41","5436","1865","8820","2752","2160","2318","2891","4732","2215","2354","7562","5167","2703","2914","1786","6623","2929","2657","7592","2448","2175","3951","1429","1882","2627","2185","2889","1967","17662","1497","2377","2540","2142","5193","4827","4272","3970","3399","3850","2138","1858","1813","2567","4888","3157","1744","3005","4153","1994"
"3.79_938.81","3912","3881","3684","3827","4213","3635","2508","2540","2796","3629","3144","3033","3086","2752","3901","3521","3424","4061","4451","3971","2720","2830","3352","3385","5874","2882","4581","1446","3015","3427","3855","3791","2087","2272","2536","2945","2754","2718","3033","3547","3075","3961","3147","274","5248","5104","3529","3036","3400"
"0.30_265.15","10874","58700","48673","24958","27595","21478","18994","28823","164465","34046","15442","18017","25935","49191","25139","24757","42548","35846","27684","25298","17073","38528","25348","61890","24565","30374","18369","175047","33385","41099","109875","16844","24377","34657","27241","13544","10875","50443","17752","121497","29447","41540","59167","42374","20158","20529","101198","19178","82832"
"2.52_823.70","4619","4853","3948","3346","4340","2938","2989","2664","2928","3077","2730","5063","3427","3658","3567","2192","2478","2930","2967","2953","3198","3296","2723","3090","2820","2231","3183","1886","2743","2751","4093","4496","3308","3394","2690","2863","2636","2835","2834","3008","2977","2330","3996","654","2843","3100","4827","3705","4891"
"4.18_1501.40","7935","1980","7359","3944","3096","3037","4327","5865","3268","4634","10910","6875","3615","3440","2655","8040","3597","4154","4728","2685","3166","5452","1478","3230","3015","2899","3469","3075","24548","2839","3240","3401","3819","5387","6320","6519","6510","4667","5646","2634","3673","2443","3369","7865","4435","2798","3973","5874","2579"
"2.50_782.66","7603","6951","8028","5741","7214","5879","5322","4200","7455","8640","4802","10944","6281","7891","7293","10632","9968","8507","7454","6593","6952","6218","11144","5930","4853","6338","8367","5589","9363","5567","6676","9232","6014","5681","6607","6994","6824","6536","5993","6898","9953","10950","9208","947","5071","8326","8678","8138","14034"
"4.24_946.88","6005","7678","3523","6614","8378","2983","6129","10402","8727","7533","5360","10696","8971","9960","9281","5917","6563","6430","5473","6808","6901","7976","9149","6991","6103","9108","10694","6516","7585","7524","7092","8222","7219","7141","4484","6513","5564","5348","6635","9495","13547","6171","7847","2474","3258","13775","9210","6639","10397"
"2.41_740.52","4307","4159","2846","3244","2361","3279","5775","6605","4723","4974","7618","2787","3210","5686","5182","4112","6037","5592","5518","3968","4183","3729","4047","3486","7264","4046","3528","3043","4594","5843","2736","3209","5164","4555","1323","3829","7255","3284","5757","5426","3553","4112","4150","676","4122","3121","5853","2287","3921"
"1.05_324.33","2965","5147","9257","5376","16200","4785","2333","9452","20774","7840","2701","6116","6080","5345","2972","5729","6917","11628","4670","4108","3134","3952","6103","7825","5042","5512","10099","31475","3375","15680","8089","9907","2361","20743","3283","5092","5905","27523","1810","9314","1395","5008","9024","9784","8684","4517","11477","2284","8926"
"2.72_740.62","6975","6153","3779","2606","3887","2864","7231","2928","3365","8535","4007","2309","3774","3822","5375","4331","4908","4614","5748","7103","7418","5645","5159","3823","4831","3940","3744","6134","2398","4043","3159","4022","2837","5242","5314","4372","6757","6236","6506","1815","2069","5987","4747","801","4780","4459","3836","6369","3823"
"3.69_950.87","4432","3563","5332","4061","6677","3431","4008","7629","8117","9502","5508","10381","3112","4399","7619","4241","8484","6051","4034","5034","6433","5973","9671","7976","4179","5919","10957","3043","11039","7874","4250","7319","4816","4744","2401","5448","4285","3289","7006","11621","9140","7126","7751","644","1284","5906","8810","4065","11553"
"0.21_288.19","2071","3912","1367","526","2724","719","5885","7523","5911","2255","1591","4157","3064","929","1135","1036","8217","1213","16757","1394","2220","1920","3192","2814","1101","4088","4291","2913","1684","8190","11874","11923","10505","10918","672","1596","9771","25531","5507","1816","1890","14267","17342","2774","1695","5750","1939","3601","1849"
"3.87_1280.34","16092","6066","13170","8246","7475","9373","2027","15264","6310","9820","19516","15589","9149","7490","8366","4557","7906","8421","7062","5899","7013","13872","6615","6483","6787","1205","8217","6376","49627","7014","7241","8971","6780","13112","13980","17309","14455","12064","9917","7603","12618","6760","9441","14199","10891","7106","13878","12490","1797"
"3.13_839.76","3889","2804","3168","3503","2466","1761","2914","4325","3788","3921","2527","5984","2038","6536","4112","3773","3882","4571","2779","4858","4457","6223","4183","4361","2175","4801","5513","3395","4801","3548","6172","3951","2748","5315","1235","4296","2676","4612","3993","4246","5390","4222","3855","720","1896","5370","4403","3707","5403"
"3.07_838.76","4647","2092","839","1460","1578","4086","2925","3273","4150","903","621","1310","804","0","3807","5721","3655","5428","5058","6325","2466","8065","3008","4583","977","6353","5820","2518","5549","2905","1291","1368","430","6644","1786","5474","1389","6734","4992","4943","6273","5763","7580","1116","1570","4709","4978","4195","5764"
"2.85_383.33","4133","1773","1719","1455","1880","1347","2774","3115","2899","4129","2546","3101","1937","1429","4085","3582","3405","6287","3999","5712","5755","9358","3798","3448","8355","6201","6909","2772","4467","5166","2086","2882","1827","6724","1537","5162","2373","5612","7682","5210","9986","4996","4531","1423","2093","8291","6407","3873","10072"
"1.97_615.50","2532","2686","2203","3522","5253","1763","2643","3655","2263","4907","3100","5133","2672","2921","4066","3484","3706","4281","3205","2484","2554","3216","6709","4313","3314","5630","5759","1563","4321","3225","2839","4126","3078","2294","1414","4858","5049","2467","4450","4292","4247","3238","2365","743","1764","5508","4525","2427","3307"
"0.48_512.42","2165","6338","4175","3026","4459","3425","2325","3189","9059","4169","2165","3365","3059","3804","2517","3706","3570","7626","2726","2709","1856","2296","3032","20366","2814","3100","3581","14609","2279","9925","1901","3114","2877","2876","3429","2887","2862","7063","1913","3204","1671","2930","3139","3674","3033","1848","4810","3057","3051"
"1.72_411.38","5279","5893","8199","7727","6524","6235","4826","6356","4691","5773","5135","6443","6210","11459","7154","8045","5671","7340","4901","6239","6288","7341","6453","7172","3132","5032","8580","6701","5547","7634","7447","7272","6495","7135","6364","6490","5323","3341","6994","6704","4950","5704","7601","1497","5883","5570","18326","4992","12025"
"3.77_940.82","5497","4802","10974","6417","10872","5467","4377","9454","8572","7830","4916","13770","8156","7731","7300","5688","6772","6410","4708","5639","5863","6565","8059","7113","5425","5444","10630","4018","9028","7321","8855","9967","6230","8423","3635","5086","3709","5526","7293","11009","7107","6176","9585","1207","2042","6444","7247","3172","11916"
"3.30_726.67","2848","2912","2792","3418","3232","3733","2574","4014","2551","3752","3223","4846","2844","3845","4549","4546","3399","3758","4247","4139","3807","4088","3269","5332","3530","2826","3914","2054","3002","3450","2903","3792","2659","2897","2689","4015","3150","2334","3609","4140","4469","3001","3879","535","2543","3366","6165","3216","7040"
"2.73_503.11","6359","1436","4124","2393","1833","2178","1584","3937","1892","3229","7920","2804","2254","2193","2622","2060","1947","2615","3857","1969","2215","3733","1578","1827","2809","1914","1195","1447","20185","2127","2037","2593","1657","3696","3219","5715","5415","3739","3682","1739","2953","1721","2601","4019","3780","1629","3381","3700","1534"
"1.15_584.47","9044","13532","16990","9098","12249","6519","7121","6922","9561","9049","7423","9865","15712","13482","16569","9160","14207","11567","8166","6661","5409","9982","9365","16954","6600","13091","8794","21505","8334","10546","11338","8329","12002","89934","6490","15912","16989","10974","10213","9433","3706","12447","25427","10159","9816","10222","22924","12461","33709"
"3.46_1081.31","6970","3036","11385","2686","3181","3529","3070","11297","2818","3428","7912","8514","3960","3015","3448","7380","2471","3994","11396","2267","2704","5525","2284","2477","3024","3041","2915","2961","17837","2519","3549","3874","2859","4686","6008","6705","7373","4741","5902","2160","5857","3482","4154","6914","4917","2927","6669","4667","3775"
"3.58_978.85","5854","4298","3635","5004","3501","3314","3255","3541","2545","3269","2753","3552","5393","3190","2705","3328","3249","4464","3257","3258","3015","2850","4432","3052","3361","5486","6536","3099","2748","3406","4367","4126","4253","5076","2494","5160","4700","3490","6812","4182","6114","3915","2494","3661","2588","3453","3474","2753","3048"
"2.34_818.64","6152","6278","6271","6720","6591","6894","5456","6599","5935","0","5402","6787","6622","7011","6793","7125","6051","5891","5008","7125","6879","6482","6938","7387","6021","5605","6626","3981","7281","6710","6360","7525","6513","5530","4960","7376","5716","6448","6827","7001","6954","5899","6546","925","4531","6124","6824","5992","6889"
"3.40_1028.83","6546","4328","16003","8802","13000","7069","5799","17093","13749","8087","6908","18894","12881","6340","8493","7388","7569","9514","3657","8104","8881","9800","9444","7810","4769","7761","13744","6719","16456","8901","10589","11354","11134","13469","3516","6888","4745","6850","9855","17240","11074","9578","14027","2172","2827","6511","11666","3979","16098"
"4.18_1503.41","3560","1520","5385","1783","1366","1775","2312","3788","2038","2109","4922","4006","1726","2037","1511","4252","2395","1549","1626","1538","1570","2801","1376","1249","1398","1546","1847","1846","11080","1100","1648","1712","2008","2965","4272","3072","3210","2209","3030","1526","1628","1205","1879","3139","2166","1342","1337","2767","1446"
"3.39_1059.87","3643","2225","5086","3382","4804","2084","2560","4195","5116","3537","3707","5947","6376","2884","4749","3888","4388","3290","2843","3111","2887","3598","4264","3823","3606","3731","4916","2991","4915","5263","3275","4483","3415","4816","3145","2457","3506","2716","3719","5617","4934","4771","5155","225","1656","4985","3631","2397","5646"
"3.14_838.75","6194","3401","7425","5781","6773","5499","4060","6202","6829","5973","3230","6721","4688","15407","6282","5911","4855","7780","3709","4521","7793","2311","8539","5246","3169","4706","8691","4623","5657","5605","8405","6938","4383","9837","2944","1523","3287","4178","5523","4808","8026","7101","5927","1046","2083","4693","5670","5109","6068"
"3.92_996.88","3888","2936","5345","3844","4497","3049","3506","8891","7989","6255","3006","9389","4990","8009","6496","4087","4821","3511","2079","4161","4133","4069","5628","5181","2652","3054","7640","2690","6220","4195","5971","4331","3958","4981","2253","4936","2005","2603","3765","6031","5913","7915","5040","1026","1773","3855","4477","4069","7950"
"3.71_940.83","4269","3973","4080","7794","5393","2556","2444","5560","3133","3071","2971","6004","5399","4423","4215","4126","1532","3378","2453","2034","2913","4144","5630","2915","2783","6971","8009","2588","4947","2485","4662","6773","4641","5673","2224","5418","2749","3404","5828","6222","5161","2091","3389","1181","1787","3822","5164","3296","5302"
"3.79_996.87","6761","6406","5682","7513","9916","3328","2992","4830","7202","5312","2947","10372","6375","7547","6716","5018","4197","5507","5007","4563","3875","3295","8265","5681","4412","6869","8766","3115","7185","6698","6875","9338","4111","4717","3541","5645","4728","4165","4582","10299","7521","5956","6728","996","1582","11073","4615","3187","6151"
"4.11_932.86","14905","16018","14258","18286","20984","9352","12512","16799","17764","14355","13590","21950","19213","17811","20105","17983","18369","17501","14577","14898","14796","14648","20473","18987","16447","19170","22237","12454","20558","18462","17579","21709","15283","19363","12309","15172","16998","13642","14548","27091","22501","18911","19493","2788","6562","23741","20359","12560","20066"
"2.21_802.56","2552","2516","2536","2701","2740","2175","2018","2412","1870","2037","1977","2836","2941","2872","2310","2530","2644","2394","2021","1940","2201","2681","2948","2575","2514","2376","3219","1708","1958","2830","3413","3232","2744","1933","1606","2304","1709","1674","2587","2711","2201","2098","2610","244","2241","2733","4466","2753","3679"
"3.82_878.82","22148","26296","26399","26408","24432","29158","32350","61186","29988","57242","30073","70912","25214","44477","28058","23550","20116","27727","24179","32921","41838","56995","44996","35647","18183","14343","29959","76078","39969","33452","26391","37287","35997","40614","24896","24540","39272","21471","59303","27589","32462","36927","50627","6938","9228","20392","77351","26063","48839"
"3.19_870.75","2957","2869","3581","3400","5163","2271","4760","2504","3195","3940","2567","2325","2780","2768","3762","6293","5179","6334","4397","7337","6946","8301","5237","5577","1772","7252","5414","7700","3518","3707","2572","3016","2296","7021","2476","5077","3512","6505","6845","2573","3930","10333","2642","1117","3107","6276","3290","4221","3566"
"4.11_944.86","5891","9687","3500","7083","6791","3567","4415","7585","5247","6444","3996","6726","8677","6016","8070","6003","5514","6145","4907","4954","4283","6921","7966","7383","7385","10135","7864","4792","5897","7492","6237","8086","6977","7491","5836","6974","12847","4636","7785","7723","10567","6662","5409","2125","4041","21516","10723","6377","7702"
"2.51_355.07","6566","1652","2868","2561","2184","2356","1458","3156","2284","2409","11668","2820","2109","2060","2222","1853","3084","2467","2797","2443","2176","3928","2158","1632","1833","1110","1708","1830","21347","2788","1953","2824","1844","3190","3228","5653","4255","4529","3702","2407","3151","2426","2489","3092","3820","1929","4025","5421","1349"
"3.87_740.69","2627","2473","2571","3093","2846","1573","4235","6943","5277","3101","2470","8595","1881","2010","7806","5298","4154","7726","4007","7436","5518","11222","6408","5889","1677","9740","8945","3322","10152","5685","2553","3691","4443","7903","1995","7774","3801","4454","6799","11200","13900","6647","8073","1381","2972","8257","12896","4196","15812"
"4.07_946.94","5134","5761","4288","6416","7250","1902","3153","5045","6077","4672","4689","7116","6541","6366","6319","4978","6344","6137","3776","4750","4324","4825","7230","6575","5785","6658","6536","3770","6466","6145","5686","7423","5825","6363","3863","4558","5055","4116","5263","9389","7213","5955","6834","1051","2407","8452","6695","3571","6569"
"2.31_718.54","5662","4913","3952","3913","3516","3871","6276","4204","3114","10136","10020","2588","1952","3027","5086","2554","4762","4291","5880","2073","3966","3106","3771","3824","3375","4108","4431","1252","2337","3381","4261","3206","2037","2276","1594","3754","8652","2328","5397","2300","3431","5070","2476","761","8548","5456","10187","5451","5481"
"3.84_928.83","6190","7291","4258","7758","7395","3197","4280","5209","5179","4334","3697","7094","7558","5415","4824","5233","4090","5947","3505","4107","3593","3754","6996","4449","4125","9480","8470","2957","6121","4146","6479","9413","5531","6267","3491","5939","3635","4358","4943","8019","7291","3578","4575","1129","1725","4826","5470","3530","5186"
"3.77_966.83","6567","8074","6778","7192","9397","4158","2927","5749","6477","4667","2694","11004","7369","6098","6619","5501","3866","5267","4587","4098","4093","4274","8470","5027","3879","6541","9080","3506","7635","5527","6768","9181","4554","5151","3230","6492","5800","3635","4582","9752","8073","4882","5874","1126","1789","11867","5463","4533","5376"
"2.49_720.64","4781","4068","4795","4443","5816","4216","4417","5850","3812","4208","3927","4794","2897","5341","5810","5907","4780","8242","3572","4061","4260","7813","4508","4600","4694","5016","7914","2724","1896","5000","3575","4891","4585","4072","1859","5155","4775","4749","4872","4973","4044","3894","6001","2274","4465","4396","12059","3949","7629"
"2.38_1544.14","4521","4233","4627","4582","4909","2662","2773","8085","4256","3464","2998","8658","6091","6223","6535","8792","5632","5110","3451","6074","5854","4496","4993","7514","3828","4282","5370","1886","6695","6411","6499","6871","5370","3750","3208","6148","3347","1620","5892","4553","4572","2209","5179","1456","3645","8096","6395","3142","1658"
"0.49_556.44","2249","4437","3019","2262","4103","3026","2052","2487","6281","3806","1614","2663","2342","3512","2292","2433","2781","5897","3142","1904","2346","2536","2563","15668","2286","2610","2251","9538","2571","5846","2596","2632","1847","2719","3120","1758","2352","4617","1774","2642","1682","3150","2719","2422","2336","1719","3148","3056","2654"
"2.72_754.63","5210","4334","2873","2496","3114","1264","5484","2074","3143","7114","4174","1467","2685","1186","4573","5149","5096","5705","5503","5215","6752","5180","4579","4568","5051","4751","3455","5452","1480","3929","1316","3672","2826","4656","5834","4268","5459","4869","5781","2156","1990","5145","4085","239","4259","3627","2314","5941","3437"
"3.48_952.82","3310","3312","5232","4894","3566","4813","2628","7285","3431","5751","3106","11309","3094","4749","3547","3675","2513","3033","2004","3446","3465","3539","7631","3494","2391","2780","6092","5156","6035","3345","3732","5245","3340","3856","2625","3233","4385","2620","5375","3635","5896","2591","5667","854","1303","2827","4284","2206","4578"
"0.75_526.31","2410","3526","4804","4673","2770","6826","3437","2892","2507","3226","2892","2793","1347","9359","3884","2816","2718","2918","3868","2940","3328","2585","2879","3227","1335","2944","2524","803","2040","3154","1856","2859","2051","1926","2073","2635","3399","1551","4376","1765","2219","2907","2498","532","4255","3908","5877","3188","2797"
"1.31_717.55","2429","2755","3670","3495","3514","2778","4245","2632","2077","3596","1411","2781","2109","4074","2675","3438","3306","3394","2514","3051","2461","3851","3239","3714","2470","2831","4595","1504","4410","4575","2190","2840","2721","2913","1932","3745","2895","2227","2765","4237","2933","3467","3464","595","1813","3932","7501","3875","4836"
"2.51_685.26","6039","1589","871","1853","1453","2032","538","2687","1653","2521","8241","2057","1941","1266","1959","840","2266","1620","664","1558","1728","2846","2223","1198","1496","488","1458","1277","17030","1802","1942","2258","1198","2591","2670","5143","3981","3587","3697","1736","1853","1196","2177","3035","3667","1435","2486","3097","416"
"2.51_651.14","5581","1569","3849","1582","1878","1750","1146","3124","2185","2867","7430","3358","1985","2176","2938","1681","3654","2571","2496","2210","1934","3247","1951","1848","2101","924","1610","1368","18319","2364","1879","2502","1864","3209","3294","4610","3950","3187","3219","1956","2165","1446","1915","2790","3105","1550","2867","3535","974"
"4.22_1000.93","3553","3979","2069","3309","3851","1830","2233","3834","3489","2785","2378","4454","4075","4143","3954","3445","2004","2559","2488","2283","2382","4107","3727","4334","2666","4366","4590","2745","2985","3152","2996","3730","3369","3849","2844","3380","4861","1684","2909","4413","5352","3631","2669","993","1178","8746","3189","2229","4092"
"2.73_787.23","7874","1763","1766","2562","2911","3916","548","6757","2291","4489","10057","4978","3418","2786","2740","1315","4160","3055","1599","2294","4057","5240","3209","2277","2923","750","2156","2970","22319","2354","3016","4024","2352","6022","5689","6754","6116","4165","5221","2678","4744","2478","3410","5803","3691","3400","3719","4620","703"
"2.42_914.73","3207","3603","5978","4997","7211","3355","3146","3756","4625","3523","3242","6204","5746","3971","3985","3594","4271","3494","2699","3044","2826","3372","4997","3682","4648","5891","5102","3268","6023","4082","4544","5486","3106","4424","2882","3632","3846","3191","4884","6194","5915","5078","3442","889","1707","5468","3249","2278","3918"
"2.35_863.68","4277","4023","8497","5020","5215","6397","4051","5307","4502","4245","4733","4422","3834","7087","4946","5347","4763","4474","5344","5200","5820","6132","5868","5636","7324","5848","6223","3525","7948","5995","3987","5020","3766","3805","3996","3254","5475","4246","6305","4605","4128","4897","4834","1180","5467","5460","5525","4743","4613"
"2.25_692.62","2302","2411","2855","2564","3195","2526","1719","4094","4114","2216","2445","2765","2284","2580","2240","6240","3972","3846","3014","2844","2460","2905","3250","3115","2946","6171","2757","4659","2314","4744","5539","3183","5054","1737","1944","3688","3623","8382","2325","3634","2285","3101","7554","26162","13188","2071","4276","5379","1590"
"0.23_266.17","3780","3706","3850","2991","3426","1793","2087","2244","3471","6916","4389","29874","6928","3264","18342","2438","3732","9799","3232","3173","2645","4735","2691","5516","4625","2465","3034","3671","3268","5234","3459","3259","4020","6232","9624","3196","4158","3758","3723","4541","2292","1803","2783","3262","3731","1820","2234","4590","16317"
"0.82_424.36","6229","7971","12012","8185","6119","5655","5635","6629","10345","6699","6511","7819","10699","10668","10227","5355","7246","10192","4897","5772","4661","7474","6807","34627","8281","5404","5498","16366","5324","9129","8989","8158","7572","8220","4983","7183","9464","8207","6682","7242","5222","8164","12066","4604","7974","5886","15489","8735","12440"
"2.54_856.68","4752","4434","7469","6510","8692","3584","3128","3323","4870","3559","3077","7347","5673","7302","4229","3183","3710","4566","2293","3016","2914","3604","6115","4421","4129","3937","6386","4075","5088","4330","6368","6085","3643","4425","3573","3501","4382","3074","3636","8109","4009","4376","4409","834","1757","4777","4008","2676","3906"
"2.45_830.67","3616","4967","3890","4620","7412","4075","4376","5011","2514","4986","3709","5842","4023","4497","5558","5525","5417","5521","5342","9235","5340","9098","3726","4355","7250","2867","7563","2160","5205","7702","5277","5003","3117","4163","2833","8482","5461","3076","5871","5124","4523","6955","8382","0","4358","6305","13107","5246","4282"
"2.54_776.64","6697","4520","8786","4426","5213","6196","7507","2442","4845","4917","4423","2553","4536","2622","4277","4581","8306","7513","5751","7056","5540","5564","5484","4685","3927","4784","3851","8742","2999","4692","4071","4553","3406","5405","4995","2591","2960","3924","2850","1763","1717","3775","2346","1420","3701","2486","4692","2959","2081"
"3.98_864.80","3362","3325","4257","3794","4298","3320","3547","10708","4701","7958","3739","10839","4473","5975","4377","3424","4358","4114","2964","4190","4859","5139","6573","4937","2918","3267","6056","6036","5499","4436","4409","5651","4452","4454","2419","4347","4006","2796","5735","5861","5866","3467","7728","1082","1495","3630","7682","3363","9231"
"2.40_844.66","3917","3490","2649","3257","4023","2891","3102","3851","3329","1064","2774","4370","4029","4053","4169","3524","2907","3827","2741","3581","4279","4277","3039","3140","2634","2496","4123","1746","3154","4090","4031","3584","3790","3095","1893","3514","2069","1645","3851","3214","4402","3139","4492","947","4513","4127","4917","4329","6082"
"2.71_808.70","5438","4466","5718","6625","5960","4808","3743","4222","3439","3816","5087","7637","3942","8449","5460","4267","3414","3990","3586","4510","5558","5079","7238","3272","4120","4714","6462","4159","7937","3507","4890","6548","4543","4150","3696","2764","3695","3325","4595","7352","5621","3733","6641","873","2687","5547","5724","4362","5163"
"1.39_568.48","3175","3307","4378","4218","2890","2393","1407","1368","3806","2831","3076","1975","5318","2453","3083","1645","2028","4263","2364","1573","1991","5285","2601","4921","2901","4120","2273","19241","2392","2748","3327","2421","3141","5503","2436","2833","2828","2453","2759","2133","1129","2222","2908","1785","2439","3764","11371","6633","3781"
"0.79_283.26","3924","3776","19344","2533","5955","4378","19232","1712","3674","8388","3391","1201","2876","10800","3656","4412","8245","4463","13380","2901","1949","5469","2546","2241","3336","7735","9863","6456","3804","7696","5450","4559","8274","6686","5911","4299","4733","9711","2052","10588","2701","7875","3512","8976","18434","16138","8976","14847","4647"
"2.79_756.64","5758","5144","8400","5682","11278","4473","5062","5291","7065","8373","5997","8533","5243","5836","5946","5450","7174","8091","6438","5692","6795","6203","10089","7726","4836","6457","8892","3924","9823","6509","7332","9988","5267","6088","3344","5347","4913","5420","8493","10862","6947","4929","6781","1037","2211","5333","4729","3907","7466"
"1.12_716.55","4422","6583","8692","4752","6612","5146","4602","4299","4369","4682","4374","5283","7768","6615","10836","5543","8284","5975","5123","3616","3064","5933","5205","7423","5283","8118","6284","8749","4245","5853","6320","4855","6805","62140","2888","8086","9995","5643","4867","6260","2762","7165","14988","7610","6141","6700","8019","4732","17763"
"2.74_429.09","3918","835","2076","1471","943","1369","443","3180","1185","1913","5385","3055","1544","1403","1617","955","1874","2236","819","1202","1237","2462","1275","1201","1813","494","968","1042","12935","1507","1685","2013","990","3229","2805","3878","3809","2721","3267","1270","2535","1193","1912","2728","2558","1280","2477","2560","505"
"2.00_724.71","13546","16820","15016","19732","7140","13433","16953","12610","14364","9560","6201","15791","14615","7944","9890","15433","17695","19874","11401","12048","11753","13412","22451","11142","7460","13109","13369","11485","14687","9575","16306","17336","16071","12508","14708","18948","8556","10885","11761","17088","15267","14066","18038","3033","14966","17807","8045","11728","9827"
"3.71_966.85","5781","4899","3047","6276","3580","4102","2292","3748","3184","3335","2764","3612","4594","3683","2972","3712","2390","3556","2418","2863","3439","4096","4864","4010","2980","8253","5174","3291","3359","4257","4384","4212","3641","4869","2633","5366","4207","3450","6629","2828","4841","3121","3076","1884","2642","4722","4587","4002","3922"
"3.82_890.82","11293","11842","12927","15482","12169","12219","11391","23465","12160","18969","14417","27105","13072","17852","12778","12101","11227","12350","9028","13343","14853","18399","18010","13902","9609","9673","15194","17868","17055","13174","13704","17933","14737","16589","8319","11578","18937","11605","18069","15541","17206","13308","18487","2860","4342","11867","25027","9900","21511"
"3.07_890.78","4160","4584","3648","6357","5460","2668","3079","4027","2600","4752","2543","7359","3326","3742","4605","2921","2351","3970","2906","2937","3561","2989","8564","3477","2511","4379","4713","4266","6634","2867","4531","6050","3557","4131","2315","3300","4050","3041","6205","5782","5459","4016","4278","640","1395","5462","3944","2836","3557"
"4.11_894.85","15064","10834","20607","12384","16473","14341","15109","22190","18150","18221","14031","16076","15274","22197","19460","16638","15332","14325","36545","17521","23148","14878","18702","17022","13791","10639","19442","21578","17346","15525","22136","18483","18874","14884","13636","13973","6831","15469","19467","16706","15818","64900","17566","6260","8576","8706","18470","22068","14813"
"3.98_904.83","5669","6245","5635","7677","7918","5108","5458","9917","6770","6172","5481","10791","8903","9063","6564","5767","6698","6586","4332","5967","7104","7589","7601","7590","4696","6447","9430","6268","7923","7384","8819","8978","7563","6651","3589","5797","7476","5394","6823","10714","7894","4252","7721","1364","2882","6822","11213","4399","9172"
"3.74_1202.33","21861","11035","23186","9221","8671","11321","11206","33514","9622","13232","29683","18122","10478","9697","9195","21846","11995","11409","17441","8958","9206","18188","9803","8730","10230","8633","9217","11021","71723","9054","10227","11962","9376","31951","33430","20341","27168","15137","19394","9055","13336","11895","11016","22702","17003","9584","14225","16367","7250"
"3.97_880.83","13621","11318","24457","15078","13149","20210","17810","46638","18331","39765","15297","43671","15941","33457","19453","13310","13507","16320","13314","21188","27974","22718","19150","20518","11444","8438","16787","25546","22298","19751","18948","18891","25033","17007","17446","13145","12533","16547","29560","16749","17496","14095","28410","8289","9324","9715","30145","17933","32804"
"3.74_941.83","2963","3072","6000","5698","6539","2709","2015","7442","4833","4309","3406","7048","5001","4666","4218","2519","5164","3960","3694","3639","4002","3721","4604","3826","2937","3794","5564","2445","5422","4829","5635","4815","4271","5183","1959","3165","2011","2411","5003","5402","4128","4813","5064","1025","1262","3310","5493","2431","7079"
