"annotation","Module","identifier","InChiKey","ion_species","mz","ret_time","ESI_mode","Formula","Super.class","Main.class","Sub.class","Pubchem_CID_final","Pubchem_CID_direct","Pubchem_CID_refmet","CID_agree","CHEBI_ID","HMDB_ID","LM_ID","KEGG_ID","INCHI_KEY","REFMET_ID"
"palmitoyl ethanolamide","black","0.93_300.29","HXYVTAGFYLMHSO-UHFFFAOYSA-N","[M+H]+",300.2894,0.925,"ESI pos","C18H37NO2","Fatty Acyls","Fatty amides","NAE",4671,4671,4671,"agree","71464","HMDB0002100","LMFA08040013","C16512","HXYVTAGFYLMHSO-UHFFFAOYSA-N","RM0153080"
"PEtOH 16:0_16:1","black","2.04_673.48","MLHVKKWOXVSPDG-VLGSPTGOSA-N","[M-H]-",673.4798,2.042,"ESI neg","","Glycerophospholipids","Glycerophosphatidylethanol","PEth",138211560,138211560,NA,"only_direct","-","-","-","-","-","-"
"PEtOH 16:1_16:1","black","2.04_671.47","BHQKOVPFLAAQTH-IQRFGFHNSA-N","[M-H]-",671.4658,2.04,"ESI neg","","Glycerophospholipids","Glycerophosphatidylethanol","PEth",138126591,138126591,NA,"only_direct","-","-","-","-","-","-"
"LPE 16:0","black","0.70_452.27","CKPBBEOJHAPPBT-HXUWFJFHSA-N","[M-H]-",452.275,0.703,"ESI neg","C21H44NO7P","Glycerophospholipids","Glycerophosphoethanolamines","LPE",53480922,53480922,NA,"only_direct","","","","","","RM0134456"
"LPE 16:0","black","0.70_452.27","CKPBBEOJHAPPBT-HXUWFJFHSA-N","[M-H]-",452.275,0.703,"ESI neg","C21H44NO7P","Glycerophospholipids","Glycerophosphoethanolamines","LPE",90657394,90657394,NA,"only_direct","","","","","","RM0134456"
"LPE 18:0","black","1.01_482.32",NA,"[M+H]+",482.3239,1.015,"ESI pos","C23H48NO7P","Glycerophospholipids","Glycerophosphoethanolamines","LPE",NA,NA,NA,"both_missing","","","","","","RM0017276"
"LPE O-16:1","black","0.78_438.30","RRTPYUGIBQLEDN-FPLPWBNLSA-N","[M+H]+",438.2991,0.775,"ESI pos","C21H44NO6P","Glycerophospholipids","Glycerophosphoethanolamines","O-LPE",164410072,164410072,NA,"only_direct","","","","","","RM0134468"
"LPE O-18:1","black","1.14_466.33","CDONWGCJDDHTLP-KTKRTIGZSA-N","[M+H]+",466.3291,1.144,"ESI pos","C23H48NO6P","Glycerophospholipids","Glycerophosphoethanolamines","O-LPE",164218122,164218122,NA,"only_direct","","","","","","RM0133223"
"PE O-18:1_16:0","black","2.42_702.55","HEASGCOZOMIKFU-WUVHBKSUSA-N","[M-H]-",702.5497,2.416,"ESI neg","C39H78NO7P","Glycerophospholipids","Glycerophosphoethanolamines","O-PE",134734766,134734766,NA,"only_direct","","","","","","RM0008809"
"Cer 18:1;2O/26:0","black","3.48_678.68","CJROVRTUSFQVMR-UHFFFAOYSA-N","[M+H]+",678.6758,3.481,"ESI pos","C44H87NO3","Sphingolipids","Ceramides","Cer",74961299,74961299,5283570,"disagree","72968","HMDB0004955","LMSP02010011","","CJROVRTUSFQVMR-GVOPMEMSSA-N","RM0138864"
"Cer d32:1","black","2.14_544.45_2.15_568.49_2.14_508.48","PIVKMDKERPTVGC-UHFFFAOYSA-N","[M+Cl]-_[M+Hac-H]-_[M-H]-",NA,2.143,"ESI neg","C32H63NO3","Sphingolipids","Ceramides","Cer",73106923,73106923,NA,"only_direct","","","","","","RM0122205"
"Cer d33:1","black","2.28_558.46","QBFXCLDNTKBAPQ-STSAHMJASA-N","[M+Cl]-",558.4647,2.276,"ESI neg","C33H65NO3","Sphingolipids","Ceramides","Cer",52931112,52931112,NA,"only_direct","","","","","","RM0134201"
"Cer d34:1","black","2.40_572.48_2.41_582.51_2.40_596.53","YDNKGFDKKRUKPY-TURZORIXSA-N","[M+Cl]- _[M+FA-H]-_[M+Hac-H]- ",NA,2.40433333333333,"ESI neg","C34H67NO3","Sphingolipids","Ceramides","Cer",5283564,5283564,NA,"only_direct","","","","","","RM0134194"
"Cer d34:2","black","2.18_570.47_2.18_594.51_2.18_534.49","XXWRZIYYFPIQHE-UHFFFAOYSA-N","[M+Cl]-_[M+Hac-H]-_[M-H]-",NA,2.18,"ESI neg","C34H65NO3","Sphingolipids","Ceramides","Cer",75963948,75963948,NA,"only_direct","","","","","","RM0134206"
"Cer d34:2 Isomer A","black","1.97_536.50","GMWIWVUTMCBDSP-UHFFFAOYSA-N","[M+H]+",536.5039,1.965,"ESI pos","C34H65NO3","Sphingolipids","Ceramides","Cer",180282,180282,NA,"only_direct","","","","","","RM0134206"
"Cer d34:2 Isomer B","black","2.11_536.50","BCZGPUAIZZZGTF-HSCORPAWSA-N","[M+H]+",536.503,2.114,"ESI pos","C34H65NO3","Sphingolipids","Ceramides","Cer",138125108,138125108,NA,"only_direct","","","","","","RM0134206"
"PC O-37:0","blue","2.81_790.68","LBZZFYDZWFULSD-UHFFFAOYSA-N","[M+H]+",790.6793,2.807,"ESI pos","C45H92NO7P","Glycerophospholipids","Glycerophosphocholines","O-PC",164322236,164322236,NA,"only_direct","","","","","","RM0013945"
"GlcCerd14:14E/20:02OH","blue","2.13_750.53","YYILQTLJZBSOCA-IMJQGFQJSA-N","[M+Cl]-",750.5283,2.135,"ESI neg","","Sphingolipids","Glycosphingolipids","HexCer",70699246,70699246,NA,"only_direct","-","-","-","-","-","-"
"SM 20:3;2O/24:0","blue","2.81_839.70","CJWKFVAVABUHAE-JNWHQOFSSA-N","[M+H]+",839.7003,2.806,"ESI pos","C49H95N2O6P","Sphingolipids","Phosphosphingolipids","SM",138135715,138135715,NA,"only_direct","-","-","-","-","-","-"
"SM 24:1","blue","2.79_813.69_2.79_835.67","WKZHECFHXLTOLJ-QYKFWSDSSA-N","[M+H]+_[M+Na]+",NA,2.7935,"ESI pos","C47H93N2O6P","Sphingolipids","Phosphosphingolipids","SM",44260126,44260126,NA,"only_direct","","","","","","RM0134116"
"SM 34:0;3O","blue","1.97_721.59","AEPRVLRKSXEZQJ-UHFFFAOYSA-N","[M+H]+",721.587,1.965,"ESI pos","C39H81N2O7P","Sphingolipids","Phosphosphingolipids","SM",164191716,164191716,NA,"only_direct","","","","","","RM0028516"
"SM 42:0;3O","blue","2.93_833.71","QOANPDGQAVGULE-UHFFFAOYSA-N","[M+H]+",833.7084,2.934,"ESI pos","C47H97N2O7P","Sphingolipids","Phosphosphingolipids","SM",164394683,164394683,NA,"only_direct","","","","","","RM0122809"
"SM 42:1;3O","blue","2.68_831.69","PGBVCNBXYRUHSM-FCQUAONHSA-N","[M+H]+",831.6942,2.681,"ESI pos","C47H95N2O7P","Sphingolipids","Phosphosphingolipids","SM",164377505,164377505,NA,"only_direct","","","","","","RM0134138"
"SM 42:2;3O","blue","2.73_829.68","KJIZRYXAVOKYMQ-CTRILWCZSA-N","[M+H]+",829.6784,2.729,"ESI pos","C47H93N2O7P","Sphingolipids","Phosphosphingolipids","SM",164312613,164312613,NA,"only_direct","","","","","","RM0120596"
"SM 44:1;2O","blue","3.26_865.71","ICUBQMRRQYLOPA-ZCXUNETKSA-N","[M+Na]+",865.7098,3.264,"ESI pos","C49H99N2O6P","Sphingolipids","Phosphosphingolipids","SM",164283097,164283097,NA,"only_direct","","","","","","RM0134159"
"SM d34:0","blue","2.16_705.59_2.16_727.57","QHZIGNLCLJPLCU-QPPIDDCLSA-N","[M+H]+_[M+Na]+",NA,2.161,"ESI pos","C39H81N2O6P","Sphingolipids","Phosphosphingolipids","SM",9939965,9939965,NA,"only_direct","","","","","","RM0134096"
"SM d38:0 Isomer B","blue","2.66_761.65","WZSCABKLRFKQRR-UHFFFAOYSA-N","[M+H]+",761.6534,2.657,"ESI pos","C43H89N2O6P","Sphingolipids","Phosphosphingolipids","SM",133039061,133039061,NA,"only_direct","","","","","","RM0134102"
"SM d40:0 Isomer A","blue","2.81_789.68","FONAXCRWZQFJHY-JCGOJSMZSA-N","[M+H]+",789.6767,2.809,"ESI pos","C45H93N2O6P","Sphingolipids","Phosphosphingolipids","SM",44260132,44260132,NA,"only_direct","","","","","","RM0134105"
"SM d40:0 Isomer B","blue","2.90_789.68","GBLHWUFOHMAULL-UHFFFAOYSA-N","[M+H]+",789.6841,2.895,"ESI pos","C45H93N2O6P","Sphingolipids","Phosphosphingolipids","SM",138158223,138158223,NA,"only_direct","","","","","","RM0134105"
"SM d40:1","blue","2.81_787.67_2.81_809.65","FJJANLYCZUNFSE-QVMKKYBKSA-N","[M+H]+_[M+Na]+",NA,2.8095,"ESI pos","C45H91N2O6P","Sphingolipids","Phosphosphingolipids","SM",13832233,13832233,NA,"only_direct","","","","","","RM0134155"
"SM d40:1 Isomer B","blue","2.88_845.67","FJJANLYCZUNFSE-UHFFFAOYSA-N","[M+Hac-H]-",845.6747,2.877,"ESI neg","C45H91N2O6P","Sphingolipids","Phosphosphingolipids","SM",74978583,74978583,NA,"only_direct","","","","","","RM0134155"
"SM d40:1 Isomer B","blue","2.88_845.67","FJJANLYCZUNFSE-UHFFFAOYSA-N","[M+Hac-H]-",845.6747,2.877,"ESI neg","C45H91N2O6P","Sphingolipids","Phosphosphingolipids","SM",74978583,74978583,NA,"only_direct","","","","","","RM0134155"
"SM d42:0","blue","3.04_817.71_3.04_839.69","SMJLGESYPKPRNU-CRCOQUFZSA-N","[M+H]+_[M+Na]+",NA,3.04,"ESI pos","C47H97N2O6P","Sphingolipids","Phosphosphingolipids","SM",44260134,44260134,NA,"only_direct","","","","","","RM0134108"
"SM d42:1","blue","3.10_873.71","QEDPUVGSSDPBMD-XTAIVQBESA-N","[M+Hac-H]- ",873.7063,3.102,"ESI neg","C47H95N2O6P","Sphingolipids","Phosphosphingolipids","SM",44260127,44260127,NA,"only_direct","","","","","","RM0134156"
"SM d42:2 Isomer B","blue","2.86_871.69","DACOGJMBYLZYDH-GXJPFUDISA-N","[M+Hac-H]-",871.6909,2.858,"ESI neg","C47H93N2O6P","Sphingolipids","Phosphosphingolipids","SM",52931217,52931217,NA,"only_direct","","","","","","RM0122625"
"SM d42:3","blue","2.58_811.67_2.58_833.65","TXFLWJQVQCDUDZ-BRUGZULGSA-N","[M+H]+_[M+Na]+",NA,2.577,"ESI pos","C47H91N2O6P","Sphingolipids","Phosphosphingolipids","SM",52931215,52931215,NA,"only_direct","","","","","","RM0134109"
"SM d43:1","blue","3.21_887.72","ULARPQXVRGTQDC-UHFFFAOYSA-N","[M+Hac-H]-",887.7213,3.209,"ESI neg","C48H97N2O6P","Sphingolipids","Phosphosphingolipids","SM",NA,NA,NA,"both_missing","","","","","","RM0122662"
"SM d43:1 Isomer B","blue","3.15_829.72","LXMARZYBSFYVSY-KUQVZNNZSA-N","[M+H]+",829.7162,3.15,"ESI pos","C48H97N2O6P","Sphingolipids","Phosphosphingolipids","SM",52931225,52931225,NA,"only_direct","","","","","","RM0122662"
"SM d44:1","blue","3.26_843.73","LLVAOJYISMLSAW-MEIHLTSWSA-N","[M+H]+",843.7305,3.26,"ESI pos","C49H99N2O6P","Sphingolipids","Phosphosphingolipids","SM",138203351,138203351,NA,"only_direct","","","","","","RM0134159"
"SM d44:2 isomer A","blue","3.03_841.72_3.02_863.70","YXEXWUZHFGYOHJ-UOJCCMJYSA-N","[M+H]+_[M+Na]+",NA,3.0255,"ESI pos","","Sphingolipids","Phosphosphingolipids","SM",44260128,44260128,NA,"only_direct","-","-","-","-","-","-"
"SM d44:2 isomer A","blue","3.03_841.72_3.02_863.70","YXEXWUZHFGYOHJ-UOJCCMJYSA-N","[M+H]+_[M+Na]+",NA,3.0255,"ESI pos","","Sphingolipids","Phosphosphingolipids","SM",44260128,44260128,NA,"only_direct","-","-","-","-","-","-"
"PC 33:2","brown","2.04_744.55","SBNDHGBVMZMSNL-UESLNCBNSA-N","[M+H]+",744.5548,2.037,"ESI pos","C41H78NO8P","Glycerophospholipids","Glycerophosphocholines","PC",52922715,52922715,NA,"only_direct","","","","","","RM0000568"
"PC 34:4","brown","1.88_754.54","YWDDIWXKFJEMKF-JTZVLWBESA-N","[M+H]+",754.5376,1.875,"ESI pos","C42H76NO8P","Glycerophospholipids","Glycerophosphocholines","PC",52922891,52922891,NA,"only_direct","","","","","","RM0090131"
"PC 35:2 Isomer B","brown","2.26_772.59","MJWAVUYQCBFFHQ-WESJWMGVSA-N","[M+H]+",772.5853,2.262,"ESI pos","C43H82NO8P","Glycerophospholipids","Glycerophosphocholines","PC",52922721,52922721,NA,"only_direct","","","","","","RM0134879"
"PC 35:3","brown","2.08_770.57","AYXGHIQPMDYMJC-AHMBLZLYSA-N","[M+H]+",770.5688,2.076,"ESI pos","C43H80NO8P","Glycerophospholipids","Glycerophosphocholines","PC",52924614,52924614,NA,"only_direct","","","","","","RM0134894"
"PC 35:4","brown","2.18_826.56","LYNZMLHNPYEREG-ZHMZGHMTSA-N","[M+Hac-H]-",826.5612,2.177,"ESI neg","C43H78NO8P","Glycerophospholipids","Glycerophosphocholines","PC",52922895,52922895,NA,"only_direct","","","","","","RM0000877"
"PC 36:4 Isomer B","brown","2.17_840.58","IIZPXYDJLKNOIY-JXPKJXOSSA-N","[M+Hac-H]-",840.5757,2.171,"ESI neg","C44H80NO8P","Glycerophospholipids","Glycerophosphocholines","PC",10747814,10747814,NA,"only_direct","","","","","","RM0010761"
"PC 36:4 Isomer B","brown","2.17_840.58","IIZPXYDJLKNOIY-JXPKJXOSSA-N","[M+Hac-H]-",840.5757,2.171,"ESI neg","C44H80NO8P","Glycerophospholipids","Glycerophosphocholines","PC",10747814,10747814,NA,"only_direct","","","","","","RM0010761"
"PC 36:4 Isomer C","brown","2.11_782.57_2.11_804.55","IIZPXYDJLKNOIY-JXPKJXOSSA-N","[M+H]+_[M+Na]+",NA,2.1085,"ESI pos","C44H80NO8P","Glycerophospholipids","Glycerophosphocholines","PC",10747814,10747814,NA,"only_direct","","","","","","RM0010761"
"PC 36:4 Isomer C","brown","2.11_782.57_2.11_804.55","IIZPXYDJLKNOIY-JXPKJXOSSA-N","[M+H]+_[M+Na]+",NA,2.1085,"ESI pos","C44H80NO8P","Glycerophospholipids","Glycerophosphocholines","PC",10747814,10747814,NA,"only_direct","","","","","","RM0010761"
"PC 37:3","brown","2.32_798.60","OOYQEEUUQRMQKL-JUUDQZDJSA-N","[M+H]+",798.6014,2.32,"ESI pos","C45H84NO8P","Glycerophospholipids","Glycerophosphocholines","PC",52922851,52922851,NA,"only_direct","","","","","","RM0171091"
"PC 37:4","brown","2.22_796.58","QRPUCJXFPYFTMB-FBFLODOBSA-N","[M+H]+",796.5847,2.219,"ESI pos","C45H82NO8P","Glycerophospholipids","Glycerophosphocholines","PC",52922853,52922853,NA,"only_direct","","","","","","RM0134865"
"PC 38:4 Isomer B","brown","2.42_868.61","HUAVKOMRGUBYMK-UHFFFAOYSA-N","[M+Hac-H]-",868.6075,2.419,"ESI neg","C46H84NO8P","Glycerophospholipids","Glycerophosphocholines","PC",NA,NA,NA,"both_missing","","","","","","RM0010755"
"PC 38:4 Isomer C","brown","2.35_810.60_2.35_832.58","PSVRFUPOQYJOOZ-QNPWAGBNSA-N","[M+H]+_[M+Na]+",NA,2.346,"ESI pos","C46H84NO8P","Glycerophospholipids","Glycerophosphocholines","PC",16219824,16219824,NA,"only_direct","","","","","","RM0010755"
"PC 38:5 Isomer A","brown","2.12_808.59","SUACBSWYGWBPFC-GPUJSUHJSA-N","[M+H]+",808.5853,2.122,"ESI pos","C46H82NO8P","Glycerophospholipids","Glycerophosphocholines","PC",52923235,52923235,NA,"only_direct","","","","","","RM0134823"
"PC 38:6 Isomer A","brown","1.97_806.57","PLZBTDKJYHXIEW-DZUXOTHRSA-N","[M+H]+",806.5698,1.965,"ESI pos","C46H80NO8P","Glycerophospholipids","Glycerophosphocholines","PC",52923295,52923295,NA,"only_direct","","","","","","RM0097851"
"PC 40:4","brown","2.52_838.63","FHUAYOMRHXZKHT-JUGJLYODSA-N","[M+H]+",838.6324,2.515,"ESI pos","C48H88NO8P","Glycerophospholipids","Glycerophosphocholines","PC",53479183,53479183,NA,"only_direct","","","","","","RM0134847"
"PC 40:5 Isomer A","brown","2.34_836.62","IJTJDJOOHZVSAC-NDRUHXFFSA-N","[M+H]+",836.6159,2.342,"ESI pos","C48H86NO8P","Glycerophospholipids","Glycerophosphocholines","PC",53479083,53479083,NA,"only_direct","","","","","","RM0134822"
"PC 40:5 Isomer B","brown","2.44_836.62","SFESOYFQZQJCOY-FXYWPAEZSA-N","[M+H]+",836.6166,2.442,"ESI pos","C48H86NO8P","Glycerophospholipids","Glycerophosphocholines","PC",52923365,52923365,NA,"only_direct","","","","","","RM0134822"
"PI 18:0_20:4","brown","2.09_887.56","KRTOMQDUKGRFDJ-UHFFFAOYSA-N","[M+H]+",887.5639,2.093,"ESI pos","C47H83O13P","Glycerophospholipids","Glycerophosphoinositols","PI",72280035,72280035,NA,"only_direct","","","","","","RM0134537"
"PI 36:4","brown","1.84_857.52","WPXXYOUAQYYXER-BFRKKRKTSA-N","[M-H]-",857.5186,1.842,"ESI neg","C45H79O13P","Glycerophospholipids","Glycerophosphoinositols","PI",NA,NA,NA,"both_missing","","","","","","RM0134522"
"PI 38:4","brown","2.06_885.55","KRTOMQDUKGRFDJ-MWZLTEOLSA-N","[M-H]- ",885.5482,2.055,"ESI neg","C47H83O13P","Glycerophospholipids","Glycerophosphoinositols","PI",NA,NA,NA,"both_missing","","","","","","RM0134523"
"SM 12:1;2O/32:8","brown","1.98_827.60","OQIWXZOPYYGVRQ-KBKSMPMVSA-N","[M+H]+",827.5986,1.978,"ESI pos","C49H83N2O6P","Sphingolipids","Phosphosphingolipids","SM",164369355,164369355,NA,"only_direct","-","-","-","-","-","-"
"LPC 32:0","cyan","2.48_742.57","UNCMQZOMRTWPLO-UHFFFAOYSA-N","[M+Na]+",742.5716,2.48,"ESI pos","C40H82NO7P","Glycerophospholipids","Glycerophosphocholines","LPC",164437406,164437406,NA,"only_direct","","","","","","RM0007244"
"PC 32:0","cyan","2.30_734.57_2.33_756.55","KILNVBDSWZSGLL-KXQOOQHDSA-N","[M+H]+_[M+Na]+",NA,2.3115,"ESI pos","C40H80NO8P","Glycerophospholipids","Glycerophosphocholines","PC",452110,452110,NA,"only_direct","","","","","","RM0134841"
"PC O-30:0","cyan","2.23_692.56","QWXGXDFYLSOKRF-UHFFFAOYSA-N","[M+H]+",692.5581,2.229,"ESI pos","C38H78NO7P","Glycerophospholipids","Glycerophosphocholines","O-PC",164399195,164399195,NA,"only_direct","","","","","","RM0134877"
"PC O-32:0","cyan","2.48_720.59","SVWBXNAUENUONE-LDLOPFEMSA-N","[M+H]+",720.5922,2.475,"ESI pos","C40H82NO7P","Glycerophospholipids","Glycerophosphocholines","O-PC",173570,173570,NA,"only_direct","","","","","","RM0090011"
"PC O-33:0","cyan","2.59_734.60","LXEGSWFXNDUGIV-UHFFFAOYSA-N","[M+H]+",734.604,2.59,"ESI pos","C41H84NO7P","Glycerophospholipids","Glycerophosphocholines","O-PC",164333045,164333045,NA,"only_direct","","","","","","RM0052450"
"PC O-34:0","cyan","2.72_748.62","ZKTXOJMFIAILJG-VQJSHJPSSA-N","[M+H]+",748.6216,2.72,"ESI pos","C42H86NO7P","Glycerophospholipids","Glycerophosphocholines","O-PC",24779361,24779361,NA,"only_direct","","","","","","RM0134858"
"GlcCer d34:1","cyan","2.06_844.62_2.06_884.61",NA,"[M+H-H2O]+_[M+Na]+",NA,2.0635,"ESI pos","C40H77NO8","Sphingolipids","Glycosphingolipids","HexCer",NA,NA,NA,"both_missing","","","","","","RM0008613"
"C16 Lactosyl Ceramide (d18:1/16:0)","cyan","2.07_862.63","HLIJNIKSBCIDGO-UHFFFAOYSA-N","[M+H]+",862.6264,2.066,"ESI pos","","Sphingolipids","Neutral_glycosphingolipids","LacCer",53431595,53431595,53477895,"disagree","84758","HMDB0006750","LMSP0501AB03","-","HLIJNIKSBCIDGO-UHFFFAOYSA-N","-"
"lactosylceramide d18:1/24:1 15Z","cyan","2.77_972.73_2.77_994.72","MKOKWBRPIBQYJJ-LWQSSKHKSA-N","[M+H]+_[M+Na]+",NA,2.7695,"ESI pos","","Sphingolipids","Neutral_glycosphingolipids","LacCer",20057309,20057309,NA,"only_direct","-","-","-","-","-","-"
"SM 32:0;3O","cyan","2.23_693.56","NBQFCWGLZDZGQW-UHFFFAOYSA-N","[M+H]+",693.557,2.227,"ESI pos","C37H77N2O7P","Sphingolipids","Phosphosphingolipids","SM",164348457,164348457,NA,"only_direct","","","","","","RM0060322"
"OxPC 36:3+1O","darkgreen","1.80_858.58","REZDVJZZVDNTBB-HHZFRUDZSA-N","[M+Hac-H]-",858.5842,1.804,"ESI neg","C44H82NO8P","Glycerophospholipids","Glycerophosphocholines","PC",138251404,138251404,NA,"only_direct","","","","","","RM0010754"
"PC 18:0_18:1","darkgreen","2.65_822.58","ATHVAWFAEPLPPQ-UHFFFAOYSA-N","[M+Cl]-",822.5786,2.654,"ESI neg","C44H86NO8P","Glycerophospholipids","Glycerophosphocholines","PC",3033933,3033933,NA,"only_direct","","","","","","RM0171088"
"PC 24:0","darkgreen","1.45_622.44","IJFVSSZAOYLHEE-UHFFFAOYSA-N","[M+H]+",622.4443,1.454,"ESI pos","C32H64NO8P","Glycerophospholipids","Glycerophosphocholines","PC",65262,65262,NA,"only_direct","","","","","","RM0134876"
"PC 34:1","darkgreen","2.41_818.59","WTJKGGKOPKCXLL-MRCUWXFGSA-N","[M+Hac-H]-",818.5913,2.41,"ESI neg","C42H82NO8P","Glycerophospholipids","Glycerophosphocholines","PC",6436017,6436017,NA,"only_direct","","","","","","RM0010728"
"PC 36:1","darkgreen","2.65_846.62","ATHVAWFAEPLPPQ-VRDBWYNSSA-N","[M+Hac-H]- ",846.6245,2.652,"ESI neg","C44H86NO8P","Glycerophospholipids","Glycerophosphocholines","PC",24778825,24778825,NA,"only_direct","","","","","","RM0097853"
"PI 32:1","darkgreen","1.69_807.51","RNXWIPLNUTUDRT-YHSIYXGOSA-N","[M-H]-",807.5093,1.687,"ESI neg","C41H77O13P","Glycerophospholipids","Glycerophosphoinositols","PI",NA,NA,NA,"both_missing","","","","","","RM0134529"
"SM 34:2;3O","darkgreen","1.77_717.55","JMOURNFROFBOII-IDDCRRPISA-N","[M+H]+",717.5543,1.77,"ESI pos","C39H77N2O7P","Sphingolipids","Phosphosphingolipids","SM",164301220,164301220,NA,"only_direct","","","","","","RM0008931"
"SM 42:7;3O","darkgreen","1.72_819.59","IINZWIWNQHXSFK-SPRSFGERSA-N","[M+H]+",819.5942,1.718,"ESI pos","C47H83N2O7P","Sphingolipids","Phosphosphingolipids","SM",164286080,164286080,NA,"only_direct","","","","","","RM0186419"
"SM d33:1","darkgrey","1.96_689.56_1.95_711.54","LQINJRUGTUOHGS-YPDYIYJKSA-N","[M+H]+_[M+Na]+",NA,1.957,"ESI pos","C38H77N2O6P","Sphingolipids","Phosphosphingolipids","SM",52931139,52931139,NA,"only_direct","","","","","","RM0134154"
"SM d35:1","darkgrey","2.19_717.59","LDJGVBCPOLCJJN-DQRAZIAOSA-N","[M+H]+",717.5902,2.195,"ESI pos","C40H81N2O6P","Sphingolipids","Phosphosphingolipids","SM",138200616,138200616,NA,"only_direct","","","","","","RM0059990"
"SM d35:2","darkgrey","1.98_715.58","HVVDGWWLGYBUAB-JYDNXXCZSA-N","[M+H]+",715.5751,1.977,"ESI pos","C40H79N2O6P","Sphingolipids","Phosphosphingolipids","SM",138173078,138173078,NA,"only_direct","","","","","","RM0163288"
"SM d36:0 Isomer A","darkgrey","2.32_733.61","JCELSEVNSMXGKA-IOLBBIBUSA-N","[M+H]+",733.6142,2.324,"ESI pos","C41H85N2O6P","Sphingolipids","Phosphosphingolipids","SM",44260130,44260130,NA,"only_direct","","","","","","RM0134098"
"SM d36:1","darkgrey","2.32_731.61_2.32_753.59","LKQLRGMMMAHREN-YJFXYUILSA-N","[M+H]+_[M+Na]+",NA,2.3195,"ESI pos","C41H83N2O6P","Sphingolipids","Phosphosphingolipids","SM",6453725,6453725,NA,"only_direct","","","","","","RM0134099"
"SM d36:2","darkgrey","2.10_729.59_2.10_751.57","NBEADXWAAWCCDG-QDDWGVBQSA-N","[M+H]+_[M+Na]+",NA,2.0975,"ESI pos","C41H81N2O6P","Sphingolipids","Phosphosphingolipids","SM",6443882,6443882,NA,"only_direct","","","","","","RM0134100"
"SM d38:2","darkgrey","2.34_757.62","MDRFMTLYKHBJTF-NQYLGBTJSA-N","[M+H]+",757.6219,2.343,"ESI pos","C43H85N2O6P","Sphingolipids","Phosphosphingolipids","SM",52931179,52931179,NA,"only_direct","","","","","","RM0059717"
"acylcarnitine 16:0","darkmagenta","0.70_400.34","XOMRRQXKHMYMOC-OAQYLSRUSA-N","[M]+",400.3425,0.704,"ESI pos","C23H45NO4","Fatty Acyls","Fatty esters","Acyl carnitines",11953816,11953816,11953816,"agree","17490","HMDB0000222","LMFA07070004","C02990","XOMRRQXKHMYMOC-OAQYLSRUSA-N","RM0153848"
"acylcarnitine 18:0 Isomer A","darkmagenta","1.04_428.37","FNPHNLNTJNMAEE-HSZRJFAPSA-N","[M]+",428.3736,1.041,"ESI pos","C25H49NO4","Fatty Acyls","Fatty esters","Acyl carnitines",52922056,52922056,52922056,"agree","84644","HMDB0000848","LMFA07070008","","FNPHNLNTJNMAEE-HSZRJFAPSA-N","RM0153850"
"acylcarnitine 18:1","darkmagenta","0.77_426.36","HITOYGLMAFIRNI-YSESTWPTSA-N","[M]+",426.3583,0.765,"ESI pos","C25H47NO4","Fatty Acyls","Fatty esters","Acyl carnitines",53477830,53477830,NA,"only_direct","","","","","","RM0153915"
"acylcarnitine 18:2 Isomer A","darkmagenta","0.57_424.34","MJLXQSQYKZWZCB-DQFWFXSYSA-N","[M]+",424.342,0.575,"ESI pos","C25H45NO4","Fatty Acyls","Fatty esters","Acyl carnitines",6450015,6450015,NA,"only_direct","","","","","","RM0154158"
"acylcarnitine 20:1","darkmagenta","1.09_454.39","PVOQPLSKYNZHOT-SEYXRHQNSA-N","[M]+",454.3884,1.088,"ESI pos","C27H51NO4","Fatty Acyls","Fatty esters","Acyl carnitines",71464507,71464507,NA,"only_direct","","","","","","RM0154154"
"Cer 18:0;2O/24:0","darkolivegreen","3.35_652.66","BPLYVSYSBPLDOA-UHFFFAOYSA-N","[M+H]+",652.6596,3.349,"ESI pos","C42H85NO3","Sphingolipids","Ceramides","DHCer",5017602,5017602,5283577,"disagree","52961","HMDB0011768","LMSP02020012","","BPLYVSYSBPLDOA-WVILEFPPSA-N","RM0160764"
"Cer d40:0","darkolivegreen","3.21_658.59","SXPRAKSDHOEHIG-ZESVVUHVSA-N","[M+Cl]-",658.59,3.207,"ESI neg","C40H81NO3","Sphingolipids","Ceramides","DHCer",5283575,5283575,NA,"only_direct","","","","","","RM0122663"
"Cer d42:0","darkolivegreen","3.41_686.62_3.41_710.67","BPLYVSYSBPLDOA-WVILEFPPSA-N","[M+Cl]-_[M+Hac-H]-",NA,3.4125,"ESI neg","C42H85NO3","Sphingolipids","Ceramides","DHCer",5283577,5283577,NA,"only_direct","","","","","","RM0134167"
"Cer-NDS d40:0","darkolivegreen","3.14_624.63","SXPRAKSDHOEHIG-UHFFFAOYSA-N","[M+H]+",624.6289,3.137,"ESI pos","C40H81NO3","Sphingolipids","Ceramides","DHCer",9895360,9895360,NA,"only_direct","","","","","","RM0122663"
"Cer-NDS d41:0","darkolivegreen","3.25_638.64","FTSDYFFYZJTACJ-UHFFFAOYSA-N","[M+H]+",638.6428,3.247,"ESI pos","C41H83NO3","Sphingolipids","Ceramides","Cer",53817918,53817918,NA,"only_direct","","","","","","RM0134166"
"TG 54:6 Isomer B","darkorange","3.79_896.77","HBOQXIRUPVQLKX-BBWANDEASA-N","[M+NH4]+",896.7703,3.792,"ESI pos","C57H98O6","Glycerolipids","Triradylglycerols","TAG",5322095,5322095,NA,"only_direct","","","","","","RM0062063"
"TG 54:6 Isomer B","darkorange","3.79_896.77","HBOQXIRUPVQLKX-BBWANDEASA-N","[M+NH4]+",896.7703,3.792,"ESI pos","C57H98O6","Glycerolipids","Triradylglycerols","TAG",5322095,5322095,NA,"only_direct","","","","","","RM0062063"
"TG 56:6","darkorange","3.92_924.80","ZTNDRFCABXFVMY-WJTCTALZSA-N","[M+NH4]+",924.8015,3.916,"ESI pos","C59H102O6","Glycerolipids","Triradylglycerols","TAG",9544625,9544625,NA,"only_direct","","","","","","RM0110466"
"TG 56:7 Isomer A","darkorange","3.77_922.78","DODZUDCYRVWEOJ-GKZBLMSTSA-N","[M+NH4]+",922.7838,3.775,"ESI pos","C59H100O6","Glycerolipids","Triradylglycerols","TAG",9544695,9544695,NA,"only_direct","","","","","","RM0134241"
"TG 56:7 Isomer A","darkorange","3.77_922.78","DODZUDCYRVWEOJ-GKZBLMSTSA-N","[M+NH4]+",922.7838,3.775,"ESI pos","C59H100O6","Glycerolipids","Triradylglycerols","TAG",9544695,9544695,NA,"only_direct","","","","","","RM0134241"
"TG 56:7 Isomer B","darkorange","3.86_922.79","DODZUDCYRVWEOJ-GKZBLMSTSA-N","[M+NH4]+",922.7869,3.862,"ESI pos","C59H100O6","Glycerolipids","Triradylglycerols","TAG",9544695,9544695,NA,"only_direct","","","","","","RM0134241"
"TG 56:7 Isomer B","darkorange","3.86_922.79","DODZUDCYRVWEOJ-GKZBLMSTSA-N","[M+NH4]+",922.7869,3.862,"ESI pos","C59H100O6","Glycerolipids","Triradylglycerols","TAG",9544695,9544695,NA,"only_direct","","","","","","RM0134241"
"TG 56:8 Isomer A","darkorange","3.72_920.77","UBGUHMDKBGQUND-VPFWBQFRSA-N","[M+NH4]+",920.771,3.72,"ESI pos","C59H98O6","Glycerolipids","Triradylglycerols","TAG",9544762,9544762,NA,"only_direct","","","","","","RM0134240"
"TG 58:8","darkorange","3.87_948.80","KWIGMCRWEINBIR-HUPVKWKYSA-N","[M+NH4]+",948.8005,3.867,"ESI pos","C61H102O6","Glycerolipids","Triradylglycerols","TAG",9545124,9545124,NA,"only_direct","","","","","","RM0134244"
"TG 58:9","darkorange","3.73_946.78","RVXFSLZMZOFGEQ-SWIIBWKZSA-N","[M+NH4]+",946.7831,3.726,"ESI pos","C61H100O6","Glycerolipids","Triradylglycerols","TAG",9545200,9545200,NA,"only_direct","","","","","","RM0134243"
"LPC 20:0","darkred","1.32_552.40","UATOAILWGVYRQS-HHHXNRCGSA-N","[M+H]+",552.4026,1.322,"ESI pos","C28H58NO7P","Glycerophospholipids","Glycerophosphocholines","LPC",24779473,24779473,NA,"only_direct","","","","","","RM0134472"
"LPC 20:2","darkred","0.80_548.37","YYQVCMMXPIJVHY-ZOIJLGJPSA-N","[M+H]+",548.3711,0.802,"ESI pos","C28H54NO7P","Glycerophospholipids","Glycerophosphocholines","LPC",52924053,52924053,NA,"only_direct","","","","","","RM0104271"
"LPC O-16:0","darkred","0.79_482.36","VLBPIWYTPAXCFJ-UHFFFAOYSA-N","[M+H]+",482.3602,0.785,"ESI pos","C24H52NO6P","Glycerophospholipids","Glycerophosphocholines","O-LPC",3983,3983,162126,"disagree","64496","","LMGP01060010","C04317","VLBPIWYTPAXCFJ-XMMPIXPASA-N","RM0133233"
"LPC P-16:0 or LPC O-16:1","darkred","0.75_480.34","HTZINLFNXLXRBC-CQLBIITFSA-N","[M+H]+",480.343,0.749,"ESI pos","C24H50NO6P","Glycerophospholipids","Glycerophosphocholines","O-LPC",10917802,10917802,NA,"only_direct","","","","","","RM0134476"
"LPC P-18:0 or LPC O-18:1","darkred","0.84_508.38",NA,"[M+H]+",508.3766,0.84,"ESI pos","C26H54NO6P","Glycerophospholipids","Glycerophosphocholines","O-LPC",NA,NA,NA,"both_missing","","","","","","RM0021093"
"LPC p-18:0","darkred","1.17_510.39","XKBJVQHMEXMFDZ-UHFFFAOYSA-N","[M+H]+",510.392,1.167,"ESI pos","C26H54NO6P","Glycerophospholipids","Glycerophosphocholines","O-LPC",3985,3985,NA,"only_direct","","","","","","RM0133230"
"LPI 18:0","darkred","0.72_599.32","MXAFDFDAIFZFET-UHFFFAOYNA-N","[M-H]-",599.316,0.722,"ESI neg","C27H53O12P","Glycerophospholipids","Glycerophosphoinositols","LPI",NA,NA,NA,"both_missing","","","","","","RM0134412"
"LPS 18:0","darkred","0.74_524.30","ZPDQFUYPBVXUKS-UHFFFAOYNA-N","[M-H]-",524.2985,0.736,"ESI neg","C24H48NO9P","Glycerophospholipids","Glycerophosphoserines","LPS",NA,NA,NA,"both_missing","","","","","","RM0007334"
"PGE2","darkturquoise","0.24_351.22","XEYBRNLFEZDVAW-ARSRFYASSA-N","[M-H]-",351.2174,0.244,"ESI neg","C20H32O5","Fatty Acyls","Eicosanoids","Prostaglandins",5280360,5280360,5280360,"agree","15551","HMDB0001220","LMFA03010003","C00584","XEYBRNLFEZDVAW-ARSRFYASSA-N","RM0153758"
"PEtOH 16:0_16:0","darkturquoise","2.25_675.50","UYHAERNXVVKSCT-UHFFFAOYSA-N","[M-H]-",675.4954,2.247,"ESI neg","","Glycerophospholipids","Glycerophosphatidylethanol","PEth",15595546,15595546,NA,"only_direct","-","-","-","-","-","-"
"PEtOH 16:0_18:1","darkturquoise","2.21_701.51","JCABVIFDXFFRMT-VXPUYCOJSA-N","[M-H]-",701.5124,2.213,"ESI neg","","Glycerophospholipids","Glycerophosphatidylethanol","PEth",56640029,56640029,NA,"only_direct","-","-","-","-","-","-"
"PEtOH 16:0_20:4","darkturquoise","1.99_723.50","QTIJJMLOUMWMQQ-BUPHOURSSA-N","[M-H]-",723.4959,1.994,"ESI neg","","Glycerophospholipids","Glycerophosphatidylethanol","PEth",138247565,138247565,NA,"only_direct","-","-","-","-","-","-"
"PEtOH 16:1_18:1","darkturquoise","2.04_699.50","SQEHUBDFCCVGCJ-FRKBGCJLSA-N","[M-H]-",699.497,2.039,"ESI neg","","Glycerophospholipids","Glycerophosphatidylethanol","PEth",138263544,138263544,NA,"only_direct","-","-","-","-","-","-"
"PEtOH 18:1_18:1","darkturquoise","2.25_727.53","JSNRLDUOKDFFEU-WRBBJXAJSA-N","[M-H]-",727.5286,2.246,"ESI neg","","Glycerophospholipids","Glycerophosphatidylethanol","PEth",10283746,10283746,NA,"only_direct","-","-","-","-","-","-"
"PEtOH 18:1_20:4","darkturquoise","2.02_749.51","GPUYXMCSIACMOK-YBDJVEANSA-N","[M-H]-",749.5126,2.019,"ESI neg","","Glycerophospholipids","Glycerophosphatidylethanol","PEth",138162825,138162825,NA,"only_direct","-","-","-","-","-","-"
"PEtOH 36:1","darkturquoise","2.43_729.54","LFYQADSKGJQQJD-XDOYNYLZSA-N","[M-H]-",729.543,2.432,"ESI neg","C41H79O8P","Glycerophospholipids","Glycerophosphatidylethanol","PEth",138201526,138201526,NA,"only_direct","","","","","","RM0090478"
"SM 18:0;2O/21:0","green","2.69_775.66","RKFZWGKFJRROLE-UHFFFAOYSA-N","[M+H]+",775.6591,2.691,"ESI pos","C44H91N2O6P","Sphingolipids","Phosphosphingolipids","SM",138253064,138253064,90659854,"disagree","85016","","LMSP03019BUZ","","RKFZWGKFJRROLE-WZYYJWNZSA-N","RM0138663"
"SM d30:1","green","1.60_647.51_1.60_669.49","HZCLJRFPXMKWHR-FEBLJDHQSA-N","[M+H]+_[M+Na]+",NA,1.5995,"ESI pos","C35H71N2O6P","Sphingolipids","Phosphosphingolipids","SM",44260123,44260123,NA,"only_direct","","","","","","RM0134090"
"SM d31:1","green","1.71_661.53","FJYURYAFGRADQP-WSYRTZMQSA-N","[M+H]+",661.5285,1.708,"ESI pos","C36H73N2O6P","Sphingolipids","Phosphosphingolipids","SM",134729785,134729785,NA,"only_direct","","","","","","RM0120507"
"SM d32:1","green","1.87_733.55","KYICBZWZQPCUMO-PSALXKTOSA-N","[M+Hac-H]- ",733.5493,1.872,"ESI neg","C37H75N2O6P","Sphingolipids","Phosphosphingolipids","SM",11433862,11433862,NA,"only_direct","","","","","","RM0134150"
"SM d32:2","green","1.63_673.53","PEJGMBUENJSLLH-RHAKMSQVSA-N","[M+H]+",673.528,1.627,"ESI pos","C37H73N2O6P","Sphingolipids","Phosphosphingolipids","SM",52931131,52931131,NA,"only_direct","","","","","","RM0134093"
"SM d34:2","green","1.85_701.56_1.85_723.54","YLWSJLLZUHSIEA-CKSUKHGVSA-N","[M+H]+_[M+Na]+",NA,1.8545,"ESI pos","C39H77N2O6P","Sphingolipids","Phosphosphingolipids","SM",52931235,52931235,NA,"only_direct","","","","","","RM0134151"
"SM d37:1 Isomer B","green","2.45_745.62","CCIVNUZPQKBOGQ-DQRAZIAOSA-N","[M+H]+",745.6197,2.448,"ESI pos","C42H85N2O6P","Sphingolipids","Phosphosphingolipids","SM",138133336,138133336,NA,"only_direct","","","","","","RM0138770"
"SM d38:0 Isomer A","green","2.57_761.65","UGRZESKDAPEULH-ACEXITHZSA-N","[M+H]+",761.6452,2.573,"ESI pos","C43H89N2O6P","Sphingolipids","Phosphosphingolipids","SM",44260131,44260131,NA,"only_direct","","","","","","RM0134102"
"SM d38:1","green","2.57_759.64","AADLTHQNYQJHQV-SVLGDMRNSA-N","[M+H]+",759.6384,2.57,"ESI pos","C43H87N2O6P","Sphingolipids","Phosphosphingolipids","SM",44260124,44260124,NA,"only_direct","","","","","","RM0134157"
"SM d39:1","green","2.69_773.65_2.69_795.64","YXSZOBWVQJIWNE-LUJNSPTCSA-N","[M+H]+_[M+Na]+",NA,2.691,"ESI pos","C44H89N2O6P","Sphingolipids","Phosphosphingolipids","SM",134783033,134783033,NA,"only_direct","","","","","","RM0120989"
"SM d39:2 Isomer B","green","2.47_771.64","VSRBUFVNVHHRJF-XVBXMYMNSA-N","[M+H]+",771.6362,2.466,"ESI pos","C44H87N2O6P","Sphingolipids","Phosphosphingolipids","SM",138283119,138283119,NA,"only_direct","","","","","","RM0060121"
"SM d40:2 Isomer B","green","2.58_785.65_2.58_807.63","VBFKEZGCUWHGSK-ADSSWVSQSA-N","[M+H]+_[M+Na]+",NA,2.582,"ESI pos","C45H89N2O6P","Sphingolipids","Phosphosphingolipids","SM",52931203,52931203,NA,"only_direct","","","","","","RM0122299"
"SM d40:4","green","2.57_781.62","LPTFILGGDLXKLI-XUMHSMKBSA-N","[M+H]+",781.6201,2.568,"ESI pos","C45H85N2O6P","Sphingolipids","Phosphosphingolipids","SM",138204581,138204581,NA,"only_direct","","","","","","RM0134107"
"SM d41:0","green","2.93_803.69","JNBCYYBMDZJSNB-UHFFFAOYSA-N","[M+H]+",803.6903,2.928,"ESI pos","C46H95N2O6P","Sphingolipids","Phosphosphingolipids","SM",138186992,138186992,NA,"only_direct","","","","","","RM0059465"
"SM d41:1","green","2.93_801.69_2.92_823.67","SXZWBNWTCVLZJN-NMIJJABPSA-N","[M+H]+_[M+Na]+",NA,2.923,"ESI pos","C46H93N2O6P","Sphingolipids","Phosphosphingolipids","SM",46891684,46891684,NA,"only_direct","","","","","","RM0120987"
"SM d41:2 Isomer B","green","2.69_799.67","JBDGKEXQKCCQFK-JWQIMADESA-N","[M+H]+",799.6697,2.692,"ESI pos","C46H91N2O6P","Sphingolipids","Phosphosphingolipids","SM",52931209,52931209,NA,"only_direct","","","","","","RM0134158"
"SM d41:2 Isomer B","green","2.69_799.67","JBDGKEXQKCCQFK-JWQIMADESA-N","[M+H]+",799.6697,2.692,"ESI pos","C46H91N2O6P","Sphingolipids","Phosphosphingolipids","SM",52931209,52931209,NA,"only_direct","","","","","","RM0134158"
"Cer 18:2;2O/22:0","greenyellow","2.83_620.60","AWTNSRHUZXWBCO-UHFFFAOYSA-N","[M+H]+",620.598,2.834,"ESI pos","C40H77NO3","Sphingolipids","Ceramides","Cer",132994559,132994559,52931123,"disagree","134550","","LMSP02010029","","HILTUFAERVOALR-MQXYEJFFSA-N","RM0135504"
"Cer 18:2;2O/22:0","greenyellow","2.83_620.60","AWTNSRHUZXWBCO-UHFFFAOYSA-N","[M+H]+",620.598,2.834,"ESI pos","C40H77NO3","Sphingolipids","Ceramides","Cer",132994559,132994559,52931123,"disagree","134550","","LMSP02010029","","HILTUFAERVOALR-MQXYEJFFSA-N","RM0135504"
"Cer 18:2;2O/23:0","greenyellow","2.94_634.61","YVMFSKMDQVDKIS-UHFFFAOYSA-N","[M+H]+",634.6138,2.935,"ESI pos","C41H79NO3","Sphingolipids","Ceramides","Cer",132994561,132994561,52931124,"disagree","134552","HMDB0255029","LMSP02010030","","ZMECGTOWDUDJOX-YOFLLLADSA-N","RM0135505"
"Cer d36:1","greenyellow","2.66_600.51_2.66_624.56_2.66_564.54","VODZWWMEJITOND-UHFFFAOYSA-N","[M+Cl]-_[M+Hac-H]-_[M-H]-",NA,2.65866666666667,"ESI neg","C36H71NO3","Sphingolipids","Ceramides","Cer",3607830,3607830,NA,"only_direct","","","","","","RM0029559"
"Cer d36:2","greenyellow","2.43_562.52","WNPWDGNHTKGEDS-UHFFFAOYSA-N","[M-H]-",562.5156,2.432,"ESI neg","C36H69NO3","Sphingolipids","Ceramides","Cer",25201955,25201955,NA,"only_direct","","","","","","RM0048119"
"Cer d38:1","greenyellow","2.90_628.54_2.90_652.59","XWBWIAOWSABHFI-NUKVNZTCSA-N","[M+Cl]-_[M+Hac-H]-",NA,2.9,"ESI neg","C38H75NO3","Sphingolipids","Ceramides","Cer",5283566,5283566,NA,"only_direct","","","","","","RM0134195"
"Cer d39:1","greenyellow","2.95_608.60","WYSRACVJQVNCRW-UHFFFAOYSA-N","[M+H]+",608.5982,2.946,"ESI pos","C39H77NO3","Sphingolipids","Ceramides","Cer",72778956,72778956,NA,"only_direct","","","","","","RM0134162"
"Cer d40:1","greenyellow","3.13_656.58_3.13_620.60","KEPQASGDXIEOIL-UHFFFAOYSA-N","[M+Cl]-_[M-H]-",NA,3.129,"ESI neg","C40H79NO3","Sphingolipids","Ceramides","Cer",53990631,53990631,NA,"only_direct","","","","","","RM0134196"
"Cer d40:2","greenyellow","2.89_678.60_2.90_618.58","AWTNSRHUZXWBCO-UHFFFAOYSA-N","[M+Hac-H]-_[M-H]-",NA,2.8955,"ESI neg","C40H77NO3","Sphingolipids","Ceramides","Cer",132994559,132994559,NA,"only_direct","","","","","","RM0035369"
"Cer d40:2","greenyellow","2.89_678.60_2.90_618.58","AWTNSRHUZXWBCO-UHFFFAOYSA-N","[M+Hac-H]-_[M-H]-",NA,2.8955,"ESI neg","C40H77NO3","Sphingolipids","Ceramides","Cer",132994559,132994559,NA,"only_direct","","","","","","RM0035369"
"Cer d41:1","greenyellow","3.24_670.59_3.24_680.62_3.24_694.63_3.24_634.61","NAJHAHQNQCNWOP-UHFFFAOYSA-N","[M+Cl]-_[M+FA-H]-_[M+Hac-H]-_[M-H]-",NA,3.2395,"ESI neg","C41H81NO3","Sphingolipids","Ceramides","Cer",5321273,5321273,NA,"only_direct","","","","","","RM0134197"
"Cer d41:2","greenyellow","3.00_692.62","KZTBXGOBTULOIO-SZHIUZGGSA-N","[M+Hac-H]-",692.6182,2.996,"ESI neg","C41H79NO3","Sphingolipids","Ceramides","Cer",138199486,138199486,NA,"only_direct","","","","","","RM0134204"
"Cer d42:1","greenyellow","3.35_684.61_3.34_708.65","ZJVVOYPTFQEGPH-AUTSUKAISA-N","[M+Cl]-_[M+Hac-H]-",NA,3.3445,"ESI neg","C42H83NO3","Sphingolipids","Ceramides","Cer",5283571,5283571,NA,"only_direct","","","","","","RM0138775"
"Cer d43:1","greenyellow","3.44_698.62_3.44_722.67","QHPYSHVSWAOLHS-PVNBSDFKSA-N","[M+Cl]-_[M+Hac-H]-",NA,3.443,"ESI neg","C43H85NO3","Sphingolipids","Ceramides","Cer",9547202,9547202,NA,"only_direct","","","","","","RM0134198"
"16,16-dimethylprostaglandin A1","grey","0.68_345.24","CTQQHQGBBMYJPT-UHFFFAOYSA-N","[M-H2O-H]-",345.2429,0.682,"ESI neg","","Fatty Acyls","Eicosanoids","Prostaglandins",53394064,53394064,5271806,"disagree","-","-","-","-","-","-"
"FA 17:0 (margaric acid)","grey","1.24_269.25","KEMQGTRYUADPNZ-UHFFFAOYSA-N","[M-H]-",269.2482,1.236,"ESI neg","C17H34O2","Fatty Acyls","Fatty acids","Saturated FA",10465,10465,10465,"agree","32365","HMDB0002259","LMFA01010017","","KEMQGTRYUADPNZ-UHFFFAOYSA-N","RM0149933"
"FA 22:1 (erucic acid)","grey","1.62_337.31","DPUOLQHDNGRHBS-KTKRTIGZSA-N","[M-H]-",337.3109,1.622,"ESI neg","C22H42O2","Fatty Acyls","Fatty acids","Unsaturated FA",5281116,5281116,5281116,"agree","28792","HMDB0002068","LMFA01030089","C08316","DPUOLQHDNGRHBS-KTKRTIGZSA-N","RM0153624"
"FA 22:2 (docosadienoic acid)","grey","1.46_335.30","HVGRZDASOHMCSK-AVQMFFATSA-N","[M-H]-",335.2957,1.461,"ESI neg","C23H42O2","Fatty Acyls","Fatty acids","Unsaturated FA",5282807,5282807,NA,"only_direct","","","","","","RM0149924"
"FA 24:1 (nervonic acid)","grey","1.87_365.34","GWHCXVQVJPWHRF-KTKRTIGZSA-N","[M-H]-",365.3412,1.868,"ESI neg","C24H46O2","Fatty Acyls","Fatty acids","Unsaturated FA",5281120,5281120,5281120,"agree","44247","HMDB0002368","LMFA01030092","C08323","GWHCXVQVJPWHRF-KTKRTIGZSA-N","RM0153255"
"docosanamide","grey","1.77_340.36","ORAWFNKFUWGRJG-UHFFFAOYSA-N","[M+H]+",340.357,1.768,"ESI pos","C22H45NO","Fatty Acyls","Fatty amides","Primary amides",76468,76468,76468,"agree","165591","HMDB0000583","LMFA08010020","","ORAWFNKFUWGRJG-UHFFFAOYSA-N","RM0152269"
"FAHFA 18:0/20:2","grey","1.37_589.52","HPRZTBFQSJGUBH-GNPIQOGOSA-N","[M-H]-",589.5169,1.37,"ESI neg","","Fatty Acyls","Fatty esters","FAHFA",138171084,138171084,NA,"only_direct","-","-","-","-","-","-"
"acylcarnitine 08:0","grey","0.23_288.22","CXTATJFJDMJMIY-CYBMUJFWSA-N","[M]+",288.2164,0.234,"ESI pos","C15H29NO4","Fatty Acyls","Fatty esters","Acyl carnitines",11953814,11953814,NA,"only_direct","-","-","-","-","-","-"
"acylcarnitine 08:1","grey","0.23_286.20","YMIVWYONPRZBEJ-LXKVQUBZSA-N","[M]+",286.2016,0.234,"ESI pos","C15H27NO4","Fatty Acyls","Fatty esters","Acyl carnitines",53481667,53481667,NA,"only_direct","-","-","-","-","-","-"
"acylcarnitine 10:0","grey","0.26_316.25","LZOSYCMHQXPBFU-UHFFFAOYSA-N","[M]+",316.248,0.263,"ESI pos","C17H33NO4","Fatty Acyls","Fatty esters","Acyl carnitines",10245190,10245190,11953821,"disagree","28717","HMDB0000651","LMFA07070006","C03299","LZOSYCMHQXPBFU-OAHLLOKOSA-N","RM0153849"
"acylcarnitine 10:1","grey","0.25_314.23","GOOOCIIXFLVRAG-UHFFFAOYSA-N","[M]+",314.2327,0.248,"ESI pos","C17H31NO4","Fatty Acyls","Fatty esters","Acyl carnitines",53481651,53481651,NA,"only_direct","","","","","","RM0154082"
"acylcarnitine 12:1","grey","0.23_342.26",NA,"[M]+",342.2637,0.231,"ESI pos","C19H35NO4","Fatty Acyls","Fatty esters","Acyl carnitines",NA,NA,NA,"both_missing","","","","","","RM0154155"
"acylcarnitine 14:1","grey","0.37_370.30",NA,"[M]+",370.2952,0.369,"ESI pos","C21H39NO4","Fatty Acyls","Fatty esters","Acyl carnitines",NA,NA,NA,"both_missing","","","","","","RM0154190"
"trihydroxyoctadec-15-enoic acid","grey","0.23_329.23","DNWUYCUUEGGVPR-CLTKARDFSA-N","[M-H]-",329.2334,0.23,"ESI neg","","Fatty Acyls","Octadecanoids","Tri-HODE",24066906,24066906,NA,"only_direct","-","-","-","-","-","-"
"TG 28:0","grey","2.10_544.46","KHOXIGZKRZJQTF-UHFFFAOYSA-N","[M+NH4]+",544.4574,2.103,"ESI pos","C31H58O6","Glycerolipids","Triradylglycerols","TAG",15904519,15904519,NA,"only_direct","","","","","","RM0015615"
"TG 40:1","grey","3.30_710.63","GKTDXHXZBFIZJU-OIJJMQLXSA-N","[M+NH4]+",710.6277,3.302,"ESI pos","C43H80O6","Glycerolipids","Triradylglycerols","TAG",56936435,56936435,NA,"only_direct","","","","","","RM0134327"
"TG 42:0","grey","3.65_745.64_3.64_740.68","DUXYWXYOBMKGIN-UHFFFAOYSA-N","[M+Na]+_[M+NH4]+",NA,3.6445,"ESI pos","C45H86O6","Glycerolipids","Triradylglycerols","TAG",11148,11148,NA,"only_direct","","","","","","RM0061037"
"TG 44:1","grey","3.65_771.65_3.65_766.69","OUKDNADVOQVFAR-NBTXLFQMSA-N","[M+Na]+_[M+NH4]+",NA,3.6525,"ESI pos","C47H88O6","Glycerolipids","Triradylglycerols","TAG",56937112,56937112,NA,"only_direct","","","","","","RM0112605"
"TG 45:1","grey","3.74_780.71","HUPAFPZFSCXOMQ-VZCXRCSSSA-N","[M+NH4]+",780.7081,3.738,"ESI pos","C48H90O6","Glycerolipids","Triradylglycerols","TAG",138172681,138172681,NA,"only_direct","","","","","","RM0062066"
"TG 64:3","grey","4.50_1042.97",NA,"[M+NH4]+",1042.9707,4.504,"ESI pos","C67H124O6","Glycerolipids","Triradylglycerols","TAG",NA,NA,NA,"both_missing","","","","","","RM0114577"
"PA 18:1_18:1","grey","2.35_723.49","MHUWZNTUIIFHAS-UHFFFAOYSA-N","[M+Na]+",723.4896,2.349,"ESI pos","C39H73O8P","Glycerophospholipids","Glycerophosphates","PA",161048,161048,NA,"only_direct","","","","","","RM0134597"
"LPC O-20:1","grey","1.26_536.41","COFYPCHRMVFZHB-SEYXRHQNSA-N","[M+H]+",536.4053,1.262,"ESI pos","C28H58NO6P","Glycerophospholipids","Glycerophosphocholines","O-LPC",164223487,164223487,NA,"only_direct","","","","","","RM0017267"
"LPC O-24:0","grey","1.88_594.49","GOHRUNJZWITRRS-UHFFFAOYSA-N","[M+H]+",594.4901,1.878,"ESI pos","C32H68NO6P","Glycerophospholipids","Glycerophosphocholines","O-LPC",164262773,164262773,NA,"only_direct","","","","","","RM0133232"
"PC 16:0_18:2","grey","2.21_792.53","JLPULHDHAOZNQI-UHFFFAOYSA-N","[M+Cl]-",792.5315,2.215,"ESI neg","C42H80NO8P","Glycerophospholipids","Glycerophosphocholines","PC",122218,122218,NA,"only_direct","","","","","","RM0104110"
"PC 19:1","grey","0.75_550.35","ZHAHTCLACAJNQI-SEYXRHQNSA-N","[M+H]+",550.3497,0.746,"ESI pos","C27H52NO8P","Glycerophospholipids","Glycerophosphocholines","PC",138312775,138312775,NA,"only_direct","","","","","","RM0134934"
"PC 19:2","grey","0.56_548.34","FJBBYFIJZSIGIO-UTJQPWESSA-N","[M+H]+",548.335,0.556,"ESI pos","C27H50NO8P","Glycerophospholipids","Glycerophosphocholines","PC",138152330,138152330,NA,"only_direct","","","","","","RM0024974"
"PC 21:4","grey","0.54_572.33","XOZKRFBVCYMGKM-GKFVBPDJSA-N","[M+H]+",572.3343,0.538,"ESI pos","C29H50NO8P","Glycerophospholipids","Glycerophosphocholines","PC",138298680,138298680,NA,"only_direct","","","","","","RM0036602"
"PC 30:0","grey","2.14_764.55","RFVFQQWKPSOBED-UHFFFAOYSA-N","[M+Hac-H]-",764.5512,2.136,"ESI neg","C38H76NO8P","Glycerophospholipids","Glycerophosphocholines","PC",10169024,10169024,NA,"only_direct","","","","","","RM0025459"
"PC 34:2","grey","2.21_816.58","JLPULHDHAOZNQI-ZTIMHPMXSA-N","[M+Hac-H]- ",816.5758,2.212,"ESI neg","C42H80NO8P","Glycerophospholipids","Glycerophosphocholines","PC",5287971,5287971,NA,"only_direct","","","","","","RM0025463"
"PC 35:2","grey","2.32_830.59","ZSKWZJYUVZYDQU-WESJWMGVSA-N","[M+Hac-H]- ",830.5894,2.322,"ESI neg","C43H82NO8P","Glycerophospholipids","Glycerophosphocholines","PC",52922491,52922491,NA,"only_direct","","","","","","RM0134879"
"PC 36:3 Isomer B","grey","2.27_842.59","YPAZQMWFRMHBBM-CLKMJQEKSA-N","[M+Hac-H]- ",842.5905,2.266,"ESI neg","C44H82NO8P","Glycerophospholipids","Glycerophosphocholines","PC",53478785,53478785,NA,"only_direct","","","","","","RM0010754"
"PC 38:2","grey","2.67_872.64","ZQLPLCXRBVPKGP-UHFFFAOYSA-N","[M+Hac-H]-",872.6404,2.667,"ESI neg","C46H88NO8P","Glycerophospholipids","Glycerophosphocholines","PC",NA,NA,NA,"both_missing","","","","","","RM0134844"
"PC 38:3","grey","2.52_870.62","LLUINWFQEIMZRU-UHFFFAOYSA-N","[M+Hac-H]-",870.6235,2.521,"ESI neg","C46H86NO8P","Glycerophospholipids","Glycerophosphocholines","PC",NA,NA,NA,"both_missing","","","","","","RM0134820"
"PC 42:2","grey","3.04_870.70","LZCAQCSFNYERJW-HKOLQMFGSA-N","[M+H]+",870.696,3.041,"ESI pos","C50H96NO8P","Glycerophospholipids","Glycerophosphocholines","PC",138207689,138207689,NA,"only_direct","","","","","","RM0171087"
"PC O-18:0_16:0","grey","2.79_806.63","GTFLTTXDLGEBAI-UHFFFAOYSA-N","[M+Hac-H]-",806.6267,2.785,"ESI neg","C42H86NO7P","Glycerophospholipids","Glycerophosphocholines","O-PC",24779324,24779324,24779323,"disagree","75290","","LMGP01020086","","GTFLTTXDLGEBAI-VQJSHJPSSA-N","RM0135061"
"PC O-30:1","grey","2.19_690.54","CNXQXEMKYGYFSY-ZCXUNETKSA-N","[M+H]+",690.542,2.193,"ESI pos","C38H76NO7P","Glycerophospholipids","Glycerophosphocholines","O-PC",164223362,164223362,NA,"only_direct","","","","","","RM0052167"
"PC O-31:7","grey","0.58_692.46","ANUFGDKBXWACSN-KGJCVUFKSA-N","[M+H]+",692.4612,0.58,"ESI pos","C39H66NO7P","Glycerophospholipids","Glycerophosphocholines","O-PC",164196371,164196371,NA,"only_direct","","","","","","RM0180682"
"PC O-40:2 or PC 40:2e","grey","2.96_828.68","VISUXPRSUNICAX-VYEFPUSRSA-N","[M+H]+",828.6849,2.962,"ESI pos","","Glycerophospholipids","Glycerophosphocholines","O-PC",164448386,164448386,NA,"only_direct","-","-","-","-","-","-"
"PC O-42:2 or PC 42:2e","grey","3.16_856.72","URDZVAHPTRQDFK-AKXWPXBYSA-N","[M+H]+",856.7165,3.162,"ESI pos","","Glycerophospholipids","Glycerophosphocholines","O-PC",164439451,164439451,NA,"only_direct","-","-","-","-","-","-"
"PC P-34:0 or PC O-34:1","grey","2.56_804.61","QCGUXAIDEOWPBV-SNKLRXETSA-N","[M+Hac-H]-",804.6052,2.556,"ESI neg","C42H84NO7P","Glycerophospholipids","Glycerophosphocholines","O-PC",53481719,53481719,NA,"only_direct","","","","","","RM0103506"
"PC P-34:1 or PC O-34:2 Isomer A","grey","2.36_802.59","MBRHHFWRXQYYAN-RTVLTNFHSA-N","[M+Hac-H]-",802.5921,2.356,"ESI neg","C42H82NO7P","Glycerophospholipids","Glycerophosphocholines","O-PC",53480735,53480735,NA,"only_direct","","","","","","RM0033106"
"PC P-42:2 or PC O-42:3","grey","2.98_854.70",NA,"[M+H]+",854.6992,2.978,"ESI pos","C50H96NO7P","Glycerophospholipids","Glycerophosphocholines","O-PC",NA,NA,NA,"both_missing","","","","","","RM0051524"
"PC P-42:5 or PC O-42:6 Isomer A","grey","2.50_848.65","QZMFOSCFDWPISC-KQHSIIGPSA-N","[M+H]+",848.6536,2.499,"ESI pos","C50H90NO7P","Glycerophospholipids","Glycerophosphocholines","O-PC",53481769,53481769,NA,"only_direct","","","","","","RM0015910"
"LNAPE 18:2/N-20:0","grey","2.46_770.57","LMJRVTNHOFDJIG-UHFFFAOYSA-N","[M-H]-",770.5687,2.461,"ESI neg","","Glycerophospholipids","Glycerophosphoethanolamines","LPE",NA,NA,NA,"both_missing","-","-","-","-","-","-"
"LNAPE 18:2_N-19:0","grey","2.39_756.55","UCMCRSUZJUVXPT-MLWYYCKJSA-N","[M-H]-",756.5541,2.391,"ESI neg","","Glycerophospholipids","Glycerophosphoethanolamines","LPE",165300775,165300775,NA,"only_direct","-","-","-","-","-","-"
"1,2-Dioleoyl-sn-glycero-3-phospho-(1'-myo-inositol)","grey","2.08_861.55","LALGUHSIWLNTNW-UHFFFAOYSA-N","[M-H]-",861.5473,2.084,"ESI neg","","Glycerophospholipids","Glycerophosphoinositols","PI",77177520,77177520,44251424,"disagree","-","-","-","-","-","-"
"PI 34:1 Isomer A","grey","2.03_835.53","PDLAMJKMOKWLAJ-AGORXRROSA-N","[M-H]- ",835.5336,2.034,"ESI neg","C43H81O13P","Glycerophospholipids","Glycerophosphoinositols","PI",NA,NA,NA,"both_missing","","","","","","RM0138798"
"PI 34:2","grey","1.91_857.51","GIASXRZRWQSUOZ-QGLGPCELSA-N","[M+Na]+",857.5129,1.906,"ESI pos","C43H79O13P","Glycerophospholipids","Glycerophosphoinositols","PI",138160318,138160318,NA,"only_direct","","","","","","RM0138799"
"PI 34:2 Isomer B","grey","1.88_833.52","GXAHXPDRXNWFIX-UHFFFAOYSA-N","[M-H]-",833.5176,1.876,"ESI neg","C43H79O13P","Glycerophospholipids","Glycerophosphoinositols","PI",75961204,75961204,NA,"only_direct","","","","","","RM0138799"
"PI 36:1 Isomer A","grey","2.26_863.57","YOBFISPJJWPPTK-JUCSSFOXSA-N","[M-H]- ",863.5656,2.258,"ESI neg","C45H85O13P","Glycerophospholipids","Glycerophosphoinositols","PI",NA,NA,NA,"both_missing","","","","","","RM0106289"
"PI 38:3","grey","2.14_887.56","VVADTISLHXZLIB-WNWAWKNRSA-N","[M-H]-",887.5643,2.137,"ESI neg","C47H85O13P","Glycerophospholipids","Glycerophosphoinositols","PI",NA,NA,NA,"both_missing","","","","","","RM0056603"
"PMeOH 16:0_18:1","grey","2.06_687.50","VAARQXKGNHCRDF-HNENSFHCSA-N","[M-H]-",687.4961,2.058,"ESI neg","","Glycerophospholipids","Glycerophosphoinositols","PMeOH",91844613,91844613,NA,"only_direct","-","-","-","-","-","-"
"PS 36:2","grey","2.12_786.53","WTBFLCSPLLEDEM-UHFFFAOYSA-N","[M-H]-",786.5278,2.121,"ESI neg","C42H78NO10P","Glycerophospholipids","Glycerophosphoserines","PS",3451126,3451126,NA,"only_direct","","","","","","RM0134623"
"PFAP-FT_diPAP","grey","0.21_788.97","ZDYYWMSLMLTXDM-UHFFFAOYSA-N","[M-H]-",788.973,0.214,"ESI neg","","PFAS_related","Perfluoroalkyl_Phosphate_Acid_derivative","PFAP",14550408,14550408,NA,"only_direct","-","-","-","-","-","-"
"Cer 18:0;3O/16:0;(2OH)","grey","1.98_572.52","RHIXBFQKTNYVCX-UHFFFAOYSA-N","[M+H]+",572.5236,1.975,"ESI pos","C34H69NO5","Sphingolipids","Ceramides","PhytoCer",25201286,25201286,NA,"only_direct","","","","","","RM0033425"
"Cer 20:0;2O/24:0","grey","3.55_680.69","OEROUXQFUNUVIP-UHFFFAOYSA-N","[M+H]+",680.693,3.546,"ESI pos","C44H89NO3","Sphingolipids","Ceramides","DHCer",77908675,77908675,70678830,"disagree","66988","","LMSP02020027","","OEROUXQFUNUVIP-WZYYJWNZSA-N","RM0122192"
"Cer d34:0","grey","2.48_574.50","GCGTXOVNNFGTPQ-JHOUSYSJSA-N","[M+Cl]-",574.4966,2.485,"ESI neg","C34H69NO3","Sphingolipids","Ceramides","DHCer",5283572,5283572,NA,"only_direct","","","","","","RM0134193"
"Cer d43:2","grey","3.28_662.64","YWTUDCXNLITZPX-UHFFFAOYSA-N","[M+H]+",662.6426,3.28,"ESI pos","C43H83NO3","Sphingolipids","Ceramides","Cer",163180417,163180417,NA,"only_direct","","","","","","RM0006220"
"Cer d46:2","grey","3.58_704.69","AXJZLCAIYPBXLK-DMFJBLMBSA-N","[M+H]+",704.6901,3.579,"ESI pos","C46H89NO3","Sphingolipids","Ceramides","Cer",134719880,134719880,NA,"only_direct","","","","","","RM0054152"
"Cer-NDS d39:0","grey","3.03_610.61","BIFMSTXKGBZSAW-UHFFFAOYSA-N","[M+H]+",610.613,3.026,"ESI pos","C39H79NO3","Sphingolipids","Ceramides","Cer",132994579,132994579,NA,"only_direct","","","","","","RM0120037"
"GlcCer d40:1","grey","2.94_818.63","YIGARKIIFOHVPF-YAEABVQUSA-N","[M+Cl]- ",818.6278,2.939,"ESI neg","C46H89NO8","Sphingolipids","Glycosphingolipids","HexCer",6321359,6321359,NA,"only_direct","","","","","","RM0125759"
"GlcCer d41:1","grey","3.05_832.64","SJGWLQDELUWRDA-MUYAOIFFSA-N","[M+Cl]-",832.6385,3.049,"ESI neg","C47H91NO8","Sphingolipids","Glycosphingolipids","HexCer",52931253,52931253,NA,"only_direct","","","","","","RM0038137"
"GlcCer d42:1","grey","3.16_846.66","POQRWMRXUOPCLD-AAAFHMTMSA-N","[M+Cl]- ",846.6583,3.164,"ESI neg","C48H93NO8","Sphingolipids","Glycosphingolipids","HexCer",6321361,6321361,NA,"only_direct","","","","","","RM0134085"
"GlcCer d42:2","grey","2.92_844.64","WBOZIXHPUPAOIA-RBELZSLISA-N","[M+Cl]-",844.6445,2.924,"ESI neg","C48H91NO8","Sphingolipids","Glycosphingolipids","HexCer",6321360,6321360,NA,"only_direct","","","","","","RM0134086"
"HexCer 18:1;2O/24:0","grey","3.09_812.70","POQRWMRXUOPCLD-UHFFFAOYSA-N","[M+H]+",812.6992,3.091,"ESI pos","C48H93NO8","Sphingolipids","Glycosphingolipids","HexCer",74950937,74950937,NA,"only_direct","","","","","","RM0042554"
"SHexCer 34:1;3O","grey","1.76_794.51","JRFKMQPJBVVBJJ-HNENSFHCNA-N","[M-H]-",794.5099,1.758,"ESI neg","C40H77NO12S","Sphingolipids","Glycosphingolipids","SHexCer",NA,NA,NA,"both_missing","","","","","","RM0026430"
"SHexCer d34:1","grey","1.79_778.51","XJVULJZLBYKHPR-ZZEZOPTASA-N","[M-H]-",778.5137,1.792,"ESI neg","C40H77NO11S","Sphingolipids","Glycosphingolipids","SHexCer",138296974,138296974,NA,"only_direct","","","","","","RM0119002"
"N-docosanoyl-4-sphingenyl-1-O-phosphorylcholine","grey","2.37_809.65","FJJANLYCZUNFSE-UHFFFAOYSA-N","[M+Na]+",809.6534,2.365,"ESI pos","C45H91N2O6P","Sphingolipids","Phosphosphingolipids","SM",74978583,74978583,44260125,"disagree","74532","HMDB0012103","LMSP03010006","","FJJANLYCZUNFSE-TWKUQIQBSA-N","RM0138870"
"N-docosanoyl-4-sphingenyl-1-O-phosphorylcholine","grey","2.37_809.65","FJJANLYCZUNFSE-UHFFFAOYSA-N","[M+Na]+",809.6534,2.365,"ESI pos","C45H91N2O6P","Sphingolipids","Phosphosphingolipids","SM",74978583,74978583,44260125,"disagree","74532","HMDB0012103","LMSP03010006","","FJJANLYCZUNFSE-TWKUQIQBSA-N","RM0138870"
"SM 16:1;2O/16:0","grey","1.87_719.54","RPTUKVYGSPDHGQ-PSALXKTOSA-N","[M+FA-H]-",719.5381,1.874,"ESI neg","C37H75N2O6P","Sphingolipids","Phosphosphingolipids","SM",52931133,52931133,52931133,"agree","133171","HMDB0240616","LMSP03010035","","RPTUKVYGSPDHGQ-PSALXKTOSA-N","RM0059186"
"SM 20:0;2O/22:3","grey","2.64_855.66","BCTOQCAZSBNMRM-UHFFFAOYSA-N","[M+FA-H]-",855.6617,2.639,"ESI neg","C47H91N2O6P","Sphingolipids","Phosphosphingolipids","SM",NA,NA,NA,"both_missing","","","","","","RM0186258"
"SM 25:2;2O/15:1","grey","2.34_783.64","JBQDYUPDGKCATP-TXCPKXGHSA-N","[M+H]+",783.6354,2.338,"ESI pos","C45H87N2O6P","Sphingolipids","Phosphosphingolipids","SM",138183391,138183391,NA,"only_direct","-","-","-","-","-","-"
"SM 30:2;2O (FA 14:0)","grey","2.97_855.70","UKMFJSXXKFILSZ-CLPWHFLUSA-N","[M+H]+",855.7022,2.97,"ESI pos","","Sphingolipids","Phosphosphingolipids","SM",164435995,164435995,NA,"only_direct","-","-","-","-","-","-"
"SM 35:1;2O","grey","2.20_739.57","NZVSGOQOFUVMHA-QOSDPKFLSA-N","[M+Na]+",739.5731,2.198,"ESI pos","C40H81N2O6P","Sphingolipids","Phosphosphingolipids","SM",164360868,164360868,NA,"only_direct","","","","","","RM0059990"
"SM d36:0 Isomer B","grey","2.42_733.62","ZGVJYAAWNDFHCO-UHFFFAOYSA-N","[M+H]+",733.6213,2.418,"ESI pos","C41H85N2O6P","Sphingolipids","Phosphosphingolipids","SM",133039055,133039055,NA,"only_direct","","","","","","RM0134098"
"SM d38:3","grey","2.12_755.61","KULNRFSPBZSGEG-FKXCBRKISA-N","[M+H]+",755.6056,2.121,"ESI pos","C43H83N2O6P","Sphingolipids","Phosphosphingolipids","SM",138197772,138197772,NA,"only_direct","","","","","","RM0134103"
"SM d41:2 Isomer A","grey","2.75_857.67","JBDGKEXQKCCQFK-JWQIMADESA-N","[M+Hac-H]- ",857.6717,2.751,"ESI neg","C46H91N2O6P","Sphingolipids","Phosphosphingolipids","SM",52931209,52931209,NA,"only_direct","","","","","","RM0134158"
"SM d41:2 Isomer A","grey","2.75_857.67","JBDGKEXQKCCQFK-JWQIMADESA-N","[M+Hac-H]- ",857.6717,2.751,"ESI neg","C46H91N2O6P","Sphingolipids","Phosphosphingolipids","SM",52931209,52931209,NA,"only_direct","","","","","","RM0134158"
"SM d44:2","grey","3.08_899.72","YXEXWUZHFGYOHJ-UOJCCMJYSA-N","[M+Hac-H]-",899.7223,3.085,"ESI neg","C49H97N2O6P","Sphingolipids","Phosphosphingolipids","SM",44260128,44260128,NA,"only_direct","","","","","","RM0122300"
"SM d44:2","grey","3.08_899.72","YXEXWUZHFGYOHJ-UOJCCMJYSA-N","[M+Hac-H]-",899.7223,3.085,"ESI neg","C49H97N2O6P","Sphingolipids","Phosphosphingolipids","SM",44260128,44260128,NA,"only_direct","","","","","","RM0122300"
"SM d44:3","grey","2.88_897.71","BEKSPMFXMXQNCT-BVJXSWLFSA-N","[M+Hac-H]-",897.7085,2.875,"ESI neg","C49H95N2O6P","Sphingolipids","Phosphosphingolipids","SM",138125546,138125546,NA,"only_direct","","","","","","RM0134112"
"SPB 25:0;2O","grey","1.64_400.41","QXSJLYUTPJUIBV-UHFFFAOYSA-N","[M+H]+",400.4146,1.635,"ESI pos","C25H53NO2","Sphingolipids","Sphingoid bases","SPB",164399562,164399562,NA,"only_direct","-","-","-","-","-","-"
"SPB 26:0;2O","grey","1.75_414.43","HIEGLQBXJKXOLA-UHFFFAOYSA-N","[M+H]+",414.4302,1.746,"ESI pos","C26H55NO2","Sphingolipids","Sphingoid bases","Sphinganines",164272773,164272773,NA,"only_direct","","","","","","RM0186542"
"Cholesterol","grey","1.99_369.35","HVYWMOMLDIMFJA-DPAQBDIFSA-N","[M+H-H2O]+",369.3508,1.992,"ESI pos","C27H46O","Sterol Lipids","Sterols","Cholesterols",5997,5997,5997,"agree","16113","HMDB0000067","LMST01010001","C00187","HVYWMOMLDIMFJA-DPAQBDIFSA-N","RM0135639"
"cholesterol 3-sulfate","grey","1.31_465.30","BHYOQNUELFTYRT-UHFFFAOYSA-N","[M-H]-",465.304,1.312,"ESI neg","C27H46O4S","Sterol Lipids","Sterols","Cholesterols",4259412,4259412,65076,"disagree","41321","HMDB0000653","LMST05020016","C18043","BHYOQNUELFTYRT-DPAQBDIFSA-N","RM0135845"
"TG 56:1","grey60","4.44_934.88","OCYFAHIHWCVZKS-FHSLLVMSSA-N","[M+NH4]+",934.8787,4.441,"ESI pos","C59H112O6","Glycerolipids","Triradylglycerols","TAG",9544345,9544345,NA,"only_direct","","","","","","RM0116158"
"TG 56:2 Isomer B","grey60","4.37_932.86","PDEQUPGHMOMBFC-FYEHETCMSA-N","[M+NH4]+",932.8627,4.366,"ESI pos","C59H110O6","Glycerolipids","Triradylglycerols","TAG",9544390,9544390,NA,"only_direct","","","","","","RM0134274"
"TG 58:2","grey60","4.44_960.90","NFQQJRGJJVQGAV-MEADVOAOSA-N","[M+NH4]+",960.8954,4.441,"ESI pos","C61H114O6","Glycerolipids","Triradylglycerols","TAG",56938341,56938341,NA,"only_direct","","","","","","RM0086945"
"TG 58:3","grey60","4.37_958.88","RFMSTHTUAZETPD-JJPHLYBUSA-N","[M+NH4]+",958.8782,4.369,"ESI pos","C61H112O6","Glycerolipids","Triradylglycerols","TAG",9544748,9544748,NA,"only_direct","","","","","","RM0134275"
"TG 58:4","grey60","4.25_956.86","CCKRHDUCFMOBKX-AAINFQTBSA-N","[M+NH4]+",956.8635,4.245,"ESI pos","C61H110O6","Glycerolipids","Triradylglycerols","TAG",9544835,9544835,NA,"only_direct","","","","","","RM0115133"
"TG 60:1","grey60","4.50_990.94",NA,"[M+NH4]+",990.9403,4.5,"ESI pos","C63H120O6","Glycerolipids","Triradylglycerols","TAG",NA,NA,NA,"both_missing","","","","","","RM0134304"
"TG 60:2","grey60","4.48_988.93","QPNVLDQSHXVPMG-JMYPUKFOSA-N","[M+NH4]+",988.9266,4.479,"ESI pos","C63H118O6","Glycerolipids","Triradylglycerols","TAG",9545040,9545040,NA,"only_direct","","","","","","RM0134277"
"TG 60:3","grey60","4.44_986.91","IJOXAPFYWITIHW-KUBXGBLDSA-N","[M+NH4]+",986.9093,4.443,"ESI pos","C63H116O6","Glycerolipids","Triradylglycerols","TAG",NA,NA,NA,"both_missing","","","","","","RM0134278"
"TG 64:2","grey60","4.44_1044.99",NA,"[M+NH4]+",1044.9878,4.443,"ESI pos","C67H126O6","Glycerolipids","Triradylglycerols","TAG",NA,NA,NA,"both_missing","","","","","","RM0109856"
"DG 18:1_18:2","lightcyan","2.59_636.56","BLZVZPYMHLXLHG-UHFFFAOYSA-N","[M+NH4]+",636.5574,2.588,"ESI pos","C39H70O5","Glycerolipids","Diradylglycerols","DAG",53689091,53689091,NA,"only_direct","","","","","","RM0034254"
"TG 16:0_18:1_20:0","lightcyan","4.24_906.84","YWKYRFUPKVVPAH-UHFFFAOYSA-N","[M+NH4]+",906.839,4.238,"ESI pos","C57H108O6","Glycerolipids","Triradylglycerols","TAG",85034455,85034455,NA,"only_direct","","","","","","RM0114407"
"TG 52:1","lightcyan","4.25_899.74_4.24_883.77_4.24_878.82","NPCZZYKITFKRQZ-RFBIWTDZSA-N","[M+K]+_[M+Na]+_[M+NH4]+",NA,4.243,"ESI pos","C55H104O6","Glycerolipids","Triradylglycerols","TAG",5365005,5365005,NA,"only_direct","","","","","","RM0062103"
"TG 54:1","lightcyan","4.37_911.80_4.37_906.85","YFFIQXNTTVSKJC-NZEOUKRFSA-N","[M+Na]+_[M+NH4]+",NA,4.369,"ESI pos","C57H108O6","Glycerolipids","Triradylglycerols","TAG",16058371,16058371,NA,"only_direct","","","","","","RM0138781"
"TG 54:2","lightcyan","4.24_925.76_4.24_909.79_4.24_904.83","WUUWGORPQFKFQN-XDVOZUNOSA-N","[M+K]+_[M+Na]+_[M+NH4]+",NA,4.23933333333333,"ESI pos","C57H106O6","Glycerolipids","Triradylglycerols","TAG",56938183,56938183,NA,"only_direct","","","","","","RM0116159"
"TG 54:3","lightcyan","4.11_923.74_4.11_907.77_4.11_902.82","PHYFQTYBJUILEZ-IUPFWZBJSA-N","[M+K]+_[M+Na]+_[M+NH4]+",NA,4.10833333333333,"ESI pos","C57H104O6","Glycerolipids","Triradylglycerols","TAG",5497163,5497163,NA,"only_direct","","","","","","RM0134218"
"TG 54:4","lightcyan","3.99_921.73_3.98_905.76_3.98_900.80","BRLGHZXETDWABO-NOFIOOQLSA-N","[M+K]+_[M+Na]+_[M+NH4]+",NA,3.98433333333333,"ESI pos","C57H102O6","Glycerolipids","Triradylglycerols","TAG",9544255,9544255,NA,"only_direct","","","","","","RM0134236"
"TG 56:3","lightcyan","4.23_930.85","QXMHHXQBBKDSSL-BAQZNRHJSA-N","[M+NH4]+",930.8486,4.234,"ESI pos","C59H108O6","Glycerolipids","Triradylglycerols","TAG",9544447,9544447,NA,"only_direct","","","","","","RM0116157"
"TG 56:4","lightcyan","4.11_928.83","YONCDTJKIZDSKQ-IYASBODOSA-N","[M+NH4]+",928.8312,4.112,"ESI pos","C59H106O6","Glycerolipids","Triradylglycerols","TAG",25240379,25240379,NA,"only_direct","","","","","","RM0110468"
"TG 14:0_16:0_17:1","lightgreen","3.90_808.74","PGYNJJCWPCAGLG-BDUYNUQCSA-N","[M+NH4]+",808.739,3.9,"ESI pos","C50H94O6","Glycerolipids","Triradylglycerols","TAG",56938013,56938013,NA,"only_direct","","","","","","RM0063305"
"TG 43:0","lightgreen","3.71_754.69","BIVVSKATUZHURG-UHFFFAOYSA-N","[M+NH4]+",754.6916,3.706,"ESI pos","C46H88O6","Glycerolipids","Triradylglycerols","TAG",138126990,138126990,NA,"only_direct","","","","","","RM0069016"
"TG 44:2","lightgreen","3.51_764.68","LJXSUVSRRMQRRA-WHTYERKGSA-N","[M+NH4]+",764.6764,3.51,"ESI pos","C47H86O6","Glycerolipids","Triradylglycerols","TAG",56936464,56936464,NA,"only_direct","","","","","","RM0089970"
"TG 45:0","lightgreen","3.88_782.72","RIBSYLFDZQICKH-UHFFFAOYSA-N","[M+NH4]+",782.7214,3.884,"ESI pos","C48H92O6","Glycerolipids","Triradylglycerols","TAG",138252395,138252395,NA,"only_direct","","","","","","RM0065683"
"TG 46:2","lightgreen","3.71_792.71","XUEMVUXNOCIHLG-MOFPORNTSA-N","[M+NH4]+",792.7064,3.705,"ESI pos","C49H90O6","Glycerolipids","Triradylglycerols","TAG",56936582,56936582,NA,"only_direct","","","","","","RM0134217"
"TG 47:0|TG 14:0_16:0_17:0","lightgreen","4.04_810.75","LVVDEVHUTIMHAK-UHFFFAOYSA-N","[M+NH4]+",810.7543,4.035,"ESI pos","C50H96O6","Glycerolipids","Triradylglycerols","TAG",138206625,138206625,NA,"only_direct","","","","","","RM0077336"
"TG 47:2","lightgreen","3.76_806.72","IQJXUVXBOJLBGI-ZJMBEJSASA-N","[M+NH4]+",806.7224,3.76,"ESI pos","C50H92O6","Glycerolipids","Triradylglycerols","TAG",138179749,138179749,NA,"only_direct","","","","","","RM0065684"
"TG 47:3 Isomer B","lightgreen","3.62_804.71","RSOCCAXBUJEZFM-AAPVPQQHSA-N","[M+NH4]+",804.7064,3.623,"ESI pos","C50H90O6","Glycerolipids","Triradylglycerols","TAG",138255788,138255788,NA,"only_direct","","","","","","RM0015232"
"TG 49:3","lightgreen","3.78_832.74","DIGMYZZFQSIQBD-PNLKURBTSA-N","[M+NH4]+",832.7385,3.777,"ESI pos","C52H94O6","Glycerolipids","Triradylglycerols","TAG",56938088,56938088,NA,"only_direct","","","","","","RM0134254"
"PC 31:0","lightyellow","2.21_720.55_2.26_742.54","NPGWXTIWUUFYAB-DIPNUNPCSA-N","[M+H]+_[M+Na]+",NA,2.2305,"ESI pos","C39H78NO8P","Glycerophospholipids","Glycerophosphocholines","PC",24778680,24778680,NA,"only_direct","","","","","","RM0134906"
"PC 33:0","lightyellow","2.45_748.59","FHENRYRLCPXONH-LDLOPFEMSA-N","[M+H]+",748.5864,2.446,"ESI pos","C41H82NO8P","Glycerophospholipids","Glycerophosphocholines","PC",52922645,52922645,NA,"only_direct","","","","","","RM0011313"
"PC 34:0","lightyellow","2.57_762.60_2.57_784.58","PZNPLUBHRSSFHT-RRHRGVEJSA-N","[M+H]+_[M+Na]+",NA,2.571,"ESI pos","C42H84NO8P","Glycerophospholipids","Glycerophosphocholines","PC",24778686,24778686,NA,"only_direct","","","","","","RM0134843"
"PC 35:1","lightyellow","2.46_774.60",NA,"[M+H]+PC 35:1 ",774.6012,2.461,"ESI pos","C43H84NO8P","Glycerophospholipids","Glycerophosphocholines","PC",NA,NA,NA,"both_missing","","","","","","RM0134901"
"PC 36:0","lightyellow","2.80_790.63","NRJAVPSFFCBXDT-UHFFFAOYSA-N","[M+H]+",790.6341,2.804,"ESI pos","C44H88NO8P","Glycerophospholipids","Glycerophosphocholines","PC",65146,65146,NA,"only_direct","","","","","","RM0025422"
"PC 38:1","lightyellow","2.79_816.65",NA,"[M+H]+",816.6476,2.793,"ESI pos","C46H90NO8P","Glycerophospholipids","Glycerophosphocholines","PC",NA,NA,NA,"both_missing","","","","","","RM0134845"
"PC 40:1","lightyellow","3.03_844.68","BTLDQGKXGHSRQN-FCQUAONHSA-N","[M+H]+",844.6786,3.028,"ESI pos","C48H94NO8P","Glycerophospholipids","Glycerophosphocholines","PC",138130353,138130353,NA,"only_direct","","","","","","RM0171086"
"PC O-36:1","lightyellow","2.74_774.64","CTZJPIRYGNJXMR-MRCUWXFGSA-N","[M+H]+",774.6381,2.738,"ESI pos","C44H88NO7P","Glycerophospholipids","Glycerophosphocholines","O-PC",138138968,138138968,NA,"only_direct","","","","","","RM0052212"
"PC P-36:1 or PC O-36:2 A","lightyellow","2.52_772.62","ZYLPVUZBZNMVMR-ZBBHDILGSA-N","[M+H]+",772.621,2.519,"ESI pos","C44H86NO7P","Glycerophospholipids","Glycerophosphocholines","O-PC",52923754,52923754,NA,"only_direct","","","","","","RM0052630"
"PC P-36:1 or PC O-36:2 A","lightyellow","2.52_772.62","ZYLPVUZBZNMVMR-ZBBHDILGSA-N","[M+H]+",772.621,2.519,"ESI pos","C44H86NO7P","Glycerophospholipids","Glycerophosphocholines","O-PC",52923754,52923754,NA,"only_direct","","","","","","RM0052630"
"4-HDoHE","magenta","0.32_343.23","IFRKCNPQVIJFAQ-UHFFFAOYSA-N","[M-H]-",343.227,0.316,"ESI neg","C22H32O3","Fatty Acyls","Docosanoids","Docosanoids",53394255,53394255,14429109,"disagree","72624","HMDB0060049","LMFA04000024","","IFRKCNPQVIJFAQ-PQVBWYSWSA-N","RM0153146"
"5-HETE","magenta","0.33_319.23","KGIJOOYOSFUGPC-UHFFFAOYSA-N","[M-H]-",319.2274,0.328,"ESI neg","C20H32O3","Fatty Acyls","Eicosanoids","HETE",1771,1771,9862886,"disagree","60943","HMDB0011134","LMFA03060084","C04805","KGIJOOYOSFUGPC-XTDASVJISA-N","RM0158210"
"8,15-DiHETE","magenta","0.28_335.22","NNPWRKSGORGTIM-HCCKYKKOSA-N","[M-H]-",335.223,0.28,"ESI neg","C20H32O4","Fatty Acyls","Eicosanoids","HETE",5283183,5283183,53480358,"disagree","88456","HMDB0010219","LMFA03060109","","NNPWRKSGORGTIM-RCDCWWQHSA-N","RM0139563"
"FA 18:1 (oleic acid)","magenta","1.13_281.25","ZQPPMHVWECSIRJ-KTKRTIGZSA-N","[M-H]-",281.2493,1.13,"ESI neg","C18H34O2","Fatty Acyls","Fatty acids","Unsaturated FA",445639,445639,445639,"agree","16196","HMDB0000207","LMFA01030002","C00712","ZQPPMHVWECSIRJ-KTKRTIGZSA-N","RM0151650"
"FA 18:2 (linoleic acid)","magenta","0.85_279.23","JBYXPOFIGCOSSB-XBLVEGMJSA-N","[M-H]-",279.2329,0.85,"ESI neg","C18H32O2","Fatty Acyls","Fatty acids","Unsaturated FA",5282796,5282796,5280450,"disagree","17351","HMDB0000673","LMFA01030120","C01595","OYHQOLUKZRVURQ-HZJYTTRNSA-N","RM0149976"
"FA 18:3 (linolenic acid)","magenta","0.65_277.22","DTOSIQBPPRVQHS-PDBXOOCHSA-N","[M-H]-",277.217,0.65,"ESI neg","C18H30O2","Fatty Acyls","Fatty acids","Unsaturated FA",5280934,5280934,NA,"only_direct","","","","","","RM0139661"
"FA 20:2 (eicosadienoic acid)","magenta","1.25_307.26","XSXIVVZCUAHUJO-HZJYTTRNSA-N","[M-H]-",307.2637,1.248,"ESI neg","C20H36O2","Fatty Acyls","Fatty acids","Unsaturated FA",6439848,6439848,NA,"only_direct","","","","","","RM0149923"
"FA 20:3 (homo-gamma-linolenic acid)","magenta","0.98_305.25","HOBAELRKJCKHQD-QNEBEIHSSA-N","[M-H]-",305.2488,0.976,"ESI neg","C20H34O2","Fatty Acyls","Fatty acids","Unsaturated FA",5280581,5280581,5280581,"agree","53486","HMDB0002925","LMFA01030158","C03242","HOBAELRKJCKHQD-QNEBEIHSSA-N","RM0153916"
"FA 20:4 (arachidonic acid)","magenta","0.80_303.23","YZXBAPSDXZZRGB-DOFZRALJSA-N","[M-H]-",303.2329,0.797,"ESI neg","C20H32O2","Fatty Acyls","Fatty acids","Unsaturated FA",444899,444899,444899,"agree","15843","HMDB0001043","LMFA01030001","C00219","YZXBAPSDXZZRGB-DOFZRALJSA-N","RM0153612"
"FA 20:5 (eicosapentaenoic acid)","magenta","0.61_301.22","JAZBEHYOTPTENJ-JLNKQSITSA-N","[M-H]-",301.2173,0.608,"ESI neg","C20H30O2","Fatty Acyls","Fatty acids","Unsaturated FA",446284,446284,NA,"only_direct","","","","","","RM0151646"
"FA 22:4","magenta","1.11_331.26","TWSWSIQAPQLDBP-DOFZRALJSA-N","[M-H]-",331.2644,1.113,"ESI neg","C22H36O2","Fatty Acyls","Fatty acids","Unsaturated FA",5497181,5497181,NA,"only_direct","","","","","","RM0139662"
"FA 22:6 (docosahexaenoic acid)","magenta","0.70_327.23","MBMBGCFOFBJSGT-KUBAVDMBSA-N","[M-H]-",327.2328,0.703,"ESI neg","C22H32O2","Fatty Acyls","Fatty acids","Unsaturated FA",445580,445580,NA,"only_direct","","","","","","RM0137845"
"FAHFA 38:4","magenta","1.13_585.49","UWSSQGYIAHOMJM-OMCRSCLLSA-N","[M-H]-",585.4858,1.129,"ESI neg","C38H66O4","Fatty Acyls","Fatty esters","FAHFA",138276051,138276051,NA,"only_direct","","","","","","RM0152767"
"13-HODE","magenta","0.32_295.23","HNICUWMFWZBIFP-KDFHGORWSA-N","[M-H]-",295.2281,0.32,"ESI neg","C18H32O3","Fatty Acyls","Octadecanoids","HODE",5282948,5282948,5282948,"agree","","","LMFA02000155","","","RM0139907"
"LPC 14:0","midnightblue","0.43_468.31","VXUOFDJKYGDUJI-OAQYLSRUSA-N","[M+H]+",468.3087,0.433,"ESI pos","C22H46NO7P","Glycerophospholipids","Glycerophosphocholines","LPC",460604,460604,460604,"agree","64489","HMDB0010379","LMGP01050012","C04230","VXUOFDJKYGDUJI-OAQYLSRUSA-N","RM0135070"
"LPC 15:0","midnightblue","0.53_482.32","RJZVWDTYEWCUAR-JOCHJYFZSA-N","[M+H]+",482.3238,0.529,"ESI pos","C23H48NO7P","Glycerophospholipids","Glycerophosphocholines","LPC",24779458,24779458,NA,"only_direct","","","","","","RM0017309"
"LPC 16:0","midnightblue","0.66_496.34_0.66_518.32","ASWBNKHCZGQVJV-HSZRJFAPSA-N","[M+H]+_[M+Na]+",NA,0.658,"ESI pos","C24H50NO7P","Glycerophospholipids","Glycerophosphocholines","LPC",460602,460602,NA,"only_direct","","","","","","RM0134475"
"LPC 16:1","midnightblue","0.47_494.32","LFUDDCMNKWEORN-ZXEGGCGDSA-N","[M+H]+",494.3238,0.473,"ESI pos","C24H48NO7P","Glycerophospholipids","Glycerophosphocholines","LPC",24779461,24779461,NA,"only_direct","","","","","","RM0048603"
"LPC 17:0","midnightblue","0.81_510.36","SRRQPVVYXBTRQK-XMMPIXPASA-N","[M+H]+",510.3552,0.812,"ESI pos","C25H52NO7P","Glycerophospholipids","Glycerophosphocholines","LPC",24779463,24779463,NA,"only_direct","","","","","","RM0134474"
"LPC 18:0","midnightblue","1.00_524.37_1.00_546.35","IHNKQIMGVNPMTC-RUZDIDTESA-N","[M+H]+_[M+Na]+",NA,0.999,"ESI pos","C26H54NO7P","Glycerophospholipids","Glycerophosphocholines","LPC",497299,497299,NA,"only_direct","","","","","","RM0106163"
"LPC 18:1","midnightblue","0.72_522.36_0.72_544.34","YAMUFBLWGFFICM-PTGWMXDISA-N","[M+H]+_[M+Na]+",NA,0.7175,"ESI pos","C26H52NO7P","Glycerophospholipids","Glycerophosphocholines","LPC",16081932,16081932,NA,"only_direct","","","","","","RM0042845"
"LPC 20:1","midnightblue","1.05_550.39","GJTDRNFWIDPARY-GTPZACKGSA-N","[M+H]+",550.3862,1.05,"ESI pos","C28H56NO7P","Glycerophospholipids","Glycerophosphocholines","LPC",24779475,24779475,NA,"only_direct","","","","","","RM0048599"
"LPC O-22:0","midnightblue","1.64_566.45","XFOSVRQLSZRDHZ-UHFFFAOYSA-N","[M+H]+",566.4537,1.642,"ESI pos","C30H64NO6P","Glycerophospholipids","Glycerophosphocholines","O-LPC",164473510,164473510,NA,"only_direct","","","","","","RM0097834"
"LPC O-24:1","midnightblue","1.65_592.47","LANVDNZVFGFCTB-PFONDFGASA-N","[M+H]+",592.4696,1.647,"ESI pos","C32H66NO6P","Glycerophospholipids","Glycerophosphocholines","O-LPC",164321489,164321489,NA,"only_direct","","","","","","RM0007364"
"PC 36:2","orange","2.39_786.60_2.39_808.58","SNKAWJBJQDLSFF-NVKMUCNASA-N","[M+H]+_[M+Na]+",NA,2.392,"ESI pos","C44H84NO8P","Glycerophospholipids","Glycerophosphocholines","PC",10350317,10350317,NA,"only_direct","","","","","","RM0134818"
"PC 36:4 Isomer A","orange","1.98_782.57_1.98_804.55","NKQPOVROGSWLTO-NVPMBMBWSA-N","[M+H]+_[M+Na]+",NA,1.983,"ESI pos","C44H80NO8P","Glycerophospholipids","Glycerophosphocholines","PC",52922783,52922783,NA,"only_direct","","","","","","RM0010761"
"PC O-32:1","orange","2.44_718.58","BXQUYBIIGCTQFV-VLGSPTGOSA-N","[M+H]+",718.5751,2.444,"ESI pos","C40H80NO7P","Glycerophospholipids","Glycerophosphocholines","O-PC",138131771,138131771,NA,"only_direct","","","","","","RM0052166"
"PC P-34:1 or PC O-34:2","orange","2.30_744.59","MBRHHFWRXQYYAN-JEPFLRBFSA-N","[M+H]+",744.5909,2.299,"ESI pos","C42H82NO7P","Glycerophospholipids","Glycerophosphocholines","O-PC",70698781,70698781,NA,"only_direct","","","","","","RM0033106"
"PC P-34:2 or PC O-34:3","orange","2.25_742.57","QEWRXEALGMKRGP-MZWPLUPDSA-N","[M+H]+",742.5748,2.254,"ESI pos","C42H80NO7P","Glycerophospholipids","Glycerophosphocholines","O-PC",24779293,24779293,NA,"only_direct","","","","","","RM0052754"
"PC P-36:1 or PC O-36:2 B","orange","2.69_772.62","ZYLPVUZBZNMVMR-ZBBHDILGSA-N","[M+H]+",772.6205,2.694,"ESI pos","C44H86NO7P","Glycerophospholipids","Glycerophosphocholines","O-PC",52923754,52923754,NA,"only_direct","","","","","","RM0052630"
"PC P-36:1 or PC O-36:2 B","orange","2.69_772.62","ZYLPVUZBZNMVMR-ZBBHDILGSA-N","[M+H]+",772.6205,2.694,"ESI pos","C44H86NO7P","Glycerophospholipids","Glycerophosphocholines","O-PC",52923754,52923754,NA,"only_direct","","","","","","RM0052630"
"PC P-36:2 or PC O-36:3","orange","2.49_770.61","DIHWZUCEXWUHOD-IIVNATNGSA-N","[M+H]+",770.6055,2.486,"ESI pos","C44H84NO7P","Glycerophospholipids","Glycerophosphocholines","O-PC",53480801,53480801,NA,"only_direct","","","","","","RM0051673"
"LPC 18:2","paleturquoise","0.55_578.35","SPJFYYJXNPEZDW-FTJOPAKQSA-N","[M+Hac-H]-",578.346,0.551,"ESI neg","C26H50NO7P","Glycerophospholipids","Glycerophosphocholines","LPC",11005824,11005824,NA,"only_direct","","","","","","RM0048598"
"LPC 20:3","paleturquoise","0.61_546.35","BBNHCUBQEQJHIG-FZZJNMCHSA-N","[M+H]+",546.3548,0.611,"ESI pos","C28H52NO7P","Glycerophospholipids","Glycerophosphocholines","LPC",52924055,52924055,NA,"only_direct","","","","","","RM0134469"
"LPC 20:4","paleturquoise","0.51_544.34","GOMVPVRDBLLHQC-VEJNOCSESA-N","[M+H]+",544.3398,0.509,"ESI pos","C28H50NO7P","Glycerophospholipids","Glycerophosphocholines","LPC",53480469,53480469,NA,"only_direct","","","","","","RM0048636"
"LPC 20:5","paleturquoise","0.40_542.32","PDIGSOAOQOXRDU-WJPZTBRDSA-N","[M+H]+",542.3249,0.4,"ESI pos","C28H48NO7P","Glycerophospholipids","Glycerophosphocholines","LPC",11757087,11757087,NA,"only_direct","","","","","","RM0106165"
"LPC 22:6","paleturquoise","0.48_568.34","LSOWKZULVQWMLY-APPDJCNMSA-N","[M+H]+",568.339,0.482,"ESI pos","C30H50NO7P","Glycerophospholipids","Glycerophosphocholines","LPC",10415542,10415542,NA,"only_direct","","","","","","RM0134493"
"PE 16:1_18:1","pink","2.26_714.51","HGDJXBPLHZFXGO-LBXGSASVSA-N","[M-H]-",714.5061,2.259,"ESI neg","C39H74NO8P","Glycerophospholipids","Glycerophosphoethanolamines","PE",134735007,134735007,NA,"only_direct","","","","","","RM0134804"
"PE 34:1","pink","2.46_716.52","RECBGBLFDMTQRS-SGEDCAFJSA-N","[M-H]-",716.5223,2.456,"ESI neg","C39H76NO8P","Glycerophospholipids","Glycerophosphoethanolamines","PE",134763376,134763376,NA,"only_direct","","","","","","RM0134794"
"PE 34:2","pink","2.21_716.52_2.21_738.51","HBZNVZIRJWODIB-NHCUFCNUSA-N","[M+H]+_[M+Na]+",NA,2.2095,"ESI pos","C39H74NO8P","Glycerophospholipids","Glycerophosphoethanolamines","PE",9546747,9546747,NA,"only_direct","","","","","","RM0001239"
"PE 34:2","pink","2.21_716.52_2.21_738.51","HBZNVZIRJWODIB-NHCUFCNUSA-N","[M+H]+_[M+Na]+",NA,2.2095,"ESI pos","C39H74NO8P","Glycerophospholipids","Glycerophosphoethanolamines","PE",46891780,46891780,NA,"only_direct","","","","","","RM0001239"
"PE 36:1","pink","2.64_746.57","JQKOHRZNEOQNJE-ZZEZOPTASA-N","[M+H]+",746.5693,2.642,"ESI pos","C41H80NO8P","Glycerophospholipids","Glycerophosphoethanolamines","PE",9546734,9546734,NA,"only_direct","","","","","","RM0029366"
"PE 36:1","pink","2.64_746.57","JQKOHRZNEOQNJE-ZZEZOPTASA-N","[M+H]+",746.5693,2.642,"ESI pos","C41H80NO8P","Glycerophospholipids","Glycerophosphoethanolamines","PE",25244969,25244969,NA,"only_direct","","","","","","RM0029366"
"PE 36:2","pink","2.43_744.55",NA,"[M+H]+",744.5533,2.426,"ESI pos","C41H78NO8P","Glycerophospholipids","Glycerophosphoethanolamines","PE",NA,NA,NA,"both_missing","","","","","","RM0134780"
"PE 36:3","pink","2.29_740.52","GKAFCSRKMWFPSJ-RQOIEFAZSA-N","[M-H]-",740.522,2.287,"ESI neg","C41H76NO8P","Glycerophospholipids","Glycerophosphoethanolamines","PE",25245362,25245362,NA,"only_direct","","","","","","RM0044082"
"PE O-16:1_18:1","pink","2.52_702.54","RFPQMVKZNQOUGY-KXYOHKLBSA-N","[M+H]+",702.544,2.518,"ESI pos","C39H76NO7P","Glycerophospholipids","Glycerophosphoethanolamines","O-PE",138251610,138251610,NA,"only_direct","","","","","","RM0134798"
"PE O-16:1_18:2","pink","2.32_700.53","RIQAKBUOHSSMTC-PNBIJBBKSA-N","[M+H]+",700.5272,2.321,"ESI pos","C39H74NO7P","Glycerophospholipids","Glycerophosphoethanolamines","O-PE",138252555,138252555,NA,"only_direct","","","","","","RM0135962"
"PE P-34:1 or PE O-34:2","pink","2.58_700.53","ZOSSFCIAXYNTHL-CSTBBDSDSA-N","[M-H]-",700.5286,2.576,"ESI neg","C39H76NO7P","Glycerophospholipids","Glycerophosphoethanolamines","O-PE",53480893,53480893,NA,"only_direct","","","","","","RM0055691"
"PE P-36:1 or PE O-36:2","pink","2.76_730.57",NA,"[M+H]+",730.5729,2.759,"ESI pos","C41H80NO7P","Glycerophospholipids","Glycerophosphoethanolamines","O-PE",NA,NA,NA,"both_missing","","","","","","RM0009118"
"PE P-36:2 or PE O-36:3","pink","2.55_728.56","CFANDHZPOSNKNO-UDHSZFGOSA-N","[M+H]+",728.5591,2.551,"ESI pos","C41H78NO7P","Glycerophospholipids","Glycerophosphoethanolamines","O-PE",53480897,53480897,NA,"only_direct","","","","","","RM0009566"
"Phosphatidylethanolamine alkenyl 18:0-18:2","pink","2.60_726.55","QBAQUPWJTLVJBD-CZAAGYDRSA-N","[M-H]-",726.5476,2.599,"ESI neg","","Glycerophospholipids","Glycerophosphoethanolamines","PE",134760121,134760121,NA,"only_direct","-","-","-","-","-","-"
"PS 36:1","pink","2.31_788.54","AJFWREUFUPEYII-UHFFFAOYSA-N","[M-H]-",788.5434,2.308,"ESI neg","C42H80NO10P","Glycerophospholipids","Glycerophosphoserines","PS",72367180,72367180,NA,"only_direct","","","","","","RM0057743"
"PS 36:1","pink","2.31_788.54","AJFWREUFUPEYII-UHFFFAOYSA-N","[M-H]-",788.5434,2.308,"ESI neg","C42H80NO10P","Glycerophospholipids","Glycerophosphoserines","PS",72367181,72367181,NA,"only_direct","","","","","","RM0057743"
"PS 38:3","pink","2.17_812.54","WHUMBFDYURAXQS-UHFFFAOYSA-N","[M-H]-",812.5438,2.174,"ESI neg","C44H80NO10P","Glycerophospholipids","Glycerophosphoserines","PS",163173458,163173458,NA,"only_direct","","","","","","RM0057509"
"TG 44:0","purple","3.85_768.71","UXWDTZNNQVHGSG-UHFFFAOYSA-N","[M+NH4]+",768.7053,3.848,"ESI pos","C47H90O6","Glycerolipids","Triradylglycerols","TAG",14169768,14169768,NA,"only_direct","","","","","","RM0134266"
"TG 46:0","purple","3.96_796.74","JWVXCFSNEOMSHH-UHFFFAOYSA-N","[M+NH4]+",796.7388,3.965,"ESI pos","C49H94O6","Glycerolipids","Triradylglycerols","TAG",4099879,4099879,NA,"only_direct","","","","","","RM0134258"
"TG 46:1","purple","3.82_794.72","RSDIQTNCDWUNDP-VHXPQNKSSA-N","[M+NH4]+",794.7237,3.819,"ESI pos","C49H92O6","Glycerolipids","Triradylglycerols","TAG",11764207,11764207,NA,"only_direct","","","","","","RM0111561"
"TG 48:0","purple","4.11_829.72_4.11_824.77","PVNIQBQSYATKKL-UHFFFAOYSA-N","[M+Na]+_[M+NH4]+",NA,4.1115,"ESI pos","C51H98O6","Glycerolipids","Triradylglycerols","TAG",11147,11147,NA,"only_direct","","","","","","RM0134259"
"TG 48:1","purple","3.97_827.71_3.97_822.75","FEKLSEFRUGWUOS-DLOIZKPKSA-N","[M+Na]+_[M+NH4]+",NA,3.97,"ESI pos","C51H96O6","Glycerolipids","Triradylglycerols","TAG",9543986,9543986,NA,"only_direct","","","","","","RM0134225"
"TG 48:2","purple","3.83_825.69_3.84_820.74","RUOVJPPUXXFZPC-YZEIBMOJSA-N","[M+Na]+_[M+NH4]+",NA,3.8335,"ESI pos","C51H94O6","Glycerolipids","Triradylglycerols","TAG",9543987,9543987,NA,"only_direct","","","","","","RM0134224"
"TG 48:3","purple","3.67_818.72","SKGWNZXOCSYJQL-BUTYCLJRSA-N","[M+NH4]+",818.724,3.674,"ESI pos","C51H92O6","Glycerolipids","Triradylglycerols","TAG",9543989,9543989,NA,"only_direct","","","","","","RM0065682"
"TG 49:0","purple","4.17_838.79","TTWJTJMWHOYBPQ-ANFMRNGASA-N","[M+NH4]+",838.7864,4.169,"ESI pos","C52H100O6","Glycerolipids","Triradylglycerols","TAG",9543988,9543988,NA,"only_direct","","","","","","RM0065681"
"TG 49:1","purple","4.04_836.77","VYYGQDOPVVYUKW-UKFBYESTSA-N","[M+NH4]+",836.7699,4.043,"ESI pos","C52H98O6","Glycerolipids","Triradylglycerols","TAG",9543991,9543991,NA,"only_direct","","","","","","RM0134226"
"TG 49:2","purple","3.90_839.71_3.91_834.75","QZYSUBAQYSVFNX-PSMULLBHSA-N","[M+Na]+_[M+NH4]+",NA,3.9045,"ESI pos","C52H96O6","Glycerolipids","Triradylglycerols","TAG",9543993,9543993,NA,"only_direct","","","","","","RM0087383"
"TG 50:0","purple","4.25_857.76_4.25_852.80","MARPCPMDFOPPJX-UHFFFAOYSA-N","[M+Na]+_[M+NH4]+",NA,4.2455,"ESI pos","C53H102O6","Glycerolipids","Triradylglycerols","TAG",545588,545588,NA,"only_direct","","","","","","RM0134260"
"TG 51:0","purple","4.31_866.82","YVLSJEQNDDKMQI-UHFFFAOYSA-N","[M+NH4]+",866.8179,4.313,"ESI pos","C54H104O6","Glycerolipids","Triradylglycerols","TAG",138309104,138309104,NA,"only_direct","","","","","","RM0114330"
"TG 51:1 Isomer B","purple","4.17_864.80","OZAXLAGNPZMZAD-BOEMPQCLSA-N","[M+NH4]+",864.8007,4.172,"ESI pos","C54H102O6","Glycerolipids","Triradylglycerols","TAG",9544006,9544006,NA,"only_direct","","","","","","RM0134230"
"TG 52:0","purple","4.37_885.79_4.37_880.83","SDNYRTVJOFMYIW-OIVUAWODSA-N","[M+Na]+_[M+NH4]+",NA,4.3725,"ESI pos","C55H106O6","Glycerolipids","Triradylglycerols","TAG",545690,545690,NA,"only_direct","","","","","","RM0134311"
"FA 15:0 (pentadecylic acid)","red","0.84_241.22","WQEPLUUGTLDZJY-UHFFFAOYSA-N","[M-H]-",241.2172,0.845,"ESI neg","C15H30O2","Fatty Acyls","Fatty acids","Saturated FA",13849,13849,13849,"agree","42504","HMDB0000826","LMFA01010015","C16537","WQEPLUUGTLDZJY-UHFFFAOYSA-N","RM0153573"
"FA 22:0 (behenic acid)","red","1.86_339.33","UKMSUNONTOPOIO-UHFFFAOYSA-N","[M-H]-",339.3268,1.861,"ESI neg","C22H44O2","Fatty Acyls","Fatty acids","Saturated FA",8215,8215,8215,"agree","28941","HMDB0000944","LMFA01010022","C08281","UKMSUNONTOPOIO-UHFFFAOYSA-N","RM0153577"
"FA 23:0","red","2.00_353.34","XEZVDURJDFGERA-UHFFFAOYSA-N","[M-H]-",353.3421,2.003,"ESI neg","C23H46O2","Fatty Acyls","Fatty acids","Saturated FA",17085,17085,17085,"agree","42394","HMDB0001160","LMFA01010023","","XEZVDURJDFGERA-UHFFFAOYSA-N","RM0153578"
"FA 28:0 (montanic acid)","red","2.70_423.42","UTOPWMOLSKOLTQ-UHFFFAOYSA-N","[M-H]-",423.4203,2.697,"ESI neg","C28H56O2","Fatty Acyls","Fatty acids","Saturated FA",10470,10470,10470,"agree","31001","HMDB0002348","LMFA01010028","","UTOPWMOLSKOLTQ-UHFFFAOYSA-N","RM0153582"
"FA 30:0","red","2.96_451.45","VHOCUJPBKOZGJD-UHFFFAOYSA-N","[M-H]-",451.4516,2.965,"ESI neg","C30H60O2","Fatty Acyls","Fatty acids","Saturated FA",10471,10471,10471,"agree","31003","HMDB0030925","LMFA01010030","","VHOCUJPBKOZGJD-UHFFFAOYSA-N","RM0153584"
"FA 32:0","red","3.22_479.48","ICAIHSUWWZJGHD-UHFFFAOYSA-N","[M-H]-",479.4825,3.222,"ESI neg","C32H64O2","Fatty Acyls","Fatty acids","Saturated FA",19255,19255,19255,"agree","76215","","LMFA01010032","","ICAIHSUWWZJGHD-UHFFFAOYSA-N","RM0153586"
"cis-13-docosenoic acid","red","1.23_339.33","DPUOLQHDNGRHBS-UHFFFAOYSA-N","[M+H]+",339.3266,1.226,"ESI pos","C22H42O2","Fatty Acyls","Fatty acids","Unsaturated FA",8216,8216,5281116,"disagree","28792","HMDB0002068","LMFA01030089","C08316","DPUOLQHDNGRHBS-KTKRTIGZSA-N","RM0153624"
"Cer 18:0;3O/24:0;(2OH)","red","3.08_684.65","ZFUXWVVVWGWGPQ-UHFFFAOYSA-N","[M+H]+",684.6509,3.079,"ESI pos","C42H85NO5","Sphingolipids","Ceramides","PhytoCer",25203220,25203220,NA,"only_direct","","","","","","RM0048713"
"Cer 20:0;2O/25:0","red","3.64_694.71","ZBKDQSOWRSEUMN-UHFFFAOYSA-N","[M+H]+",694.7075,3.637,"ESI pos","C45H91NO3","Sphingolipids","Ceramides","DHCer",21259863,21259863,134783453,"disagree","","","LMSP02029ASJ","","ZBKDQSOWRSEUMN-JCGOJSMZSA-N","RM0122745"
"Cer 20:0;2O/26:0","red","3.72_708.72","VPEAVPNLCFWDRE-UHFFFAOYSA-N","[M+H]+",708.7214,3.724,"ESI pos","C46H93NO3","Sphingolipids","Ceramides","DHCer",77908705,77908705,70678875,"disagree","66994","","LMSP02020028","","VPEAVPNLCFWDRE-YWPUXERESA-N","RM0135522"
"Cer 20:0;3O/24:0;(2OH)","red","3.30_712.68","INIZVBFJIBJZHK-UHFFFAOYSA-N","[M+H]+",712.6813,3.296,"ESI pos","C44H89NO5","Sphingolipids","Ceramides","PhytoCer",77908714,77908714,NA,"only_direct","","","","","","RM0121964"
"Cer 22:0;2O/26:0","red","3.89_736.75","RWONAHGWHDKVBG-UHFFFAOYSA-N","[M+H]+",736.7535,3.886,"ESI pos","C48H97NO3","Sphingolipids","Ceramides","DHCer",132994873,132994873,134765426,"disagree","","","LMSP02029AYD","","RWONAHGWHDKVBG-KBRGEABDSA-N","RM0002766"
"Cer d44:2","red","3.40_676.66","IBJXLRPUPQTCQS-SJWJHEOESA-N","[M+H]+",676.6576,3.396,"ESI pos","C44H85NO3","Sphingolipids","Ceramides","Cer",138174906,138174906,NA,"only_direct","","","","","","RM0059133"
"Cer d46:1","red","3.67_706.71","VEMKTJHNOOUCRU-UHFFFAOYSA-N","[M+H]+",706.7078,3.665,"ESI pos","C46H91NO3","Sphingolipids","Ceramides","Cer",132994699,132994699,NA,"only_direct","","","","","","RM0120313"
"Cer-NDS d43:0","red","3.46_666.68","DGTRPWXWXHWLIJ-UHFFFAOYSA-N","[M+H]+",666.678,3.456,"ESI pos","C43H87NO3","Sphingolipids","Ceramides","Cer",132994674,132994674,NA,"only_direct","","","","","","RM0121145"
"TG 22:0","royalblue","2.58_600.52","OYJUWYHFGMRWBN-UHFFFAOYSA-N","[M+NH4]+",600.5187,2.582,"ESI pos","C25H46O6","Glycerolipids","Triradylglycerols","TAG",14122755,14122755,NA,"only_direct","-","-","-","-","-","-"
"TG 34:0","royalblue","2.82_628.55","RJHHICMBDSUIHF-UHFFFAOYSA-N","[M+NH4]+",628.5518,2.824,"ESI pos","C37H70O6","Glycerolipids","Triradylglycerols","TAG",164405679,164405679,NA,"only_direct","","","","","","RM0068835"
"TG 36:0","royalblue","3.04_656.58","VMPHSYLJUKZBJJ-UHFFFAOYSA-N","[M+NH4]+",656.5816,3.039,"ESI pos","C39H74O6","Glycerolipids","Triradylglycerols","TAG",10851,10851,NA,"only_direct","","","","","","RM0134264"
"TG 38:0","royalblue","3.25_684.61","SMUUMIRCIBXLGI-UHFFFAOYSA-N","[M+NH4]+",684.613,3.253,"ESI pos","C41H78O6","Glycerolipids","Triradylglycerols","TAG",4589033,4589033,NA,"only_direct","","","","","","RM0065685"
"TG 40:0","royalblue","3.46_712.64","XTHFMIVZMLNNFC-RRHRGVEJSA-N","[M+NH4]+",712.6443,3.459,"ESI pos","C43H82O6","Glycerolipids","Triradylglycerols","TAG",91865738,91865738,NA,"only_direct","","","","","","RM0028305"
"TG 42:1","royalblue","3.47_738.66","PMWOTNASJLOLJE-BNQAGZCGSA-N","[M+NH4]+",738.6605,3.473,"ESI pos","C45H84O6","Glycerolipids","Triradylglycerols","TAG",56937002,56937002,NA,"only_direct","","","","","","RM0134265"
"TG 42:2","royalblue","3.28_736.65","IDWYMMYRNPSLDA-NNBKTNTFSA-N","[M+NH4]+",736.647,3.277,"ESI pos","C45H82O6","Glycerolipids","Triradylglycerols","TAG",56937031,56937031,NA,"only_direct","","","","","","RM0062059"
"TG 54:0","royalblue","4.44_908.86","KKBWDSMULWDHME-UHFFFAOYSA-N","[M+NH4]+",908.8648,4.441,"ESI pos","C57H110O6","Glycerolipids","Triradylglycerols","TAG",131756478,131756478,NA,"only_direct","","","","","","RM0064164"
"MGDG 16:0_20:5","saddlebrown","2.13_821.54","GIEIKQLTPYMKIQ-LPNQNMOLSA-N","[M+FA-H]-",821.5394,2.126,"ESI neg","C45H76O10","Glycerolipids","Glycosyldiradylglycerols","MGDG",134732480,134732480,NA,"only_direct","","","","","","RM0074537"
"PC 33:3","saddlebrown","2.06_742.54","MEMAURRDSIYTGR-ASMNEVJASA-N","[M+H]+",742.5372,2.065,"ESI pos","C41H76NO8P","Glycerophospholipids","Glycerophosphocholines","PC",138209411,138209411,NA,"only_direct","","","","","","RM0000871"
"Hex3Cer 18:1;2O/16:0","saddlebrown","2.00_1024.68","MGOOTGNGBOPVIV-UHFFFAOYSA-N","[M+H]+",1024.6803,2.005,"ESI pos","C52H97NO18","Sphingolipids","Glycosphingolipids","Hex3Cer",73657642,73657642,NA,"only_direct","","","","","","RM0134087"
"SM 22:1;2O/12:0","saddlebrown","2.12_747.57","OAUYZGOKCOOZQY-KHDLYOHESA-N","[M+FA-H]-",747.565,2.125,"ESI neg","C39H79N2O6P","Sphingolipids","Phosphosphingolipids","SM",134754404,134754404,145720458,"disagree","","","LMSP03019C9B","","OAUYZGOKCOOZQY-GWQJGLRPSA-N","RM0059240"
"SM 26:0;2O/18:1","saddlebrown","3.32_901.74","SOVXFUWAPHISDA-UHFFFAOYSA-N","[M+Hac-H]-",901.7373,3.318,"ESI neg","C49H99N2O6P","Sphingolipids","Phosphosphingolipids","SM",NA,NA,NA,"both_missing","-","-","-","-","-","-"
"SM d34:1","saddlebrown","2.12_761.58","RWKUXQNLWDTSLO-GWQJGLRPSA-N","[M+Hac-H]-",761.5807,2.124,"ESI neg","C39H79N2O6P","Sphingolipids","Phosphosphingolipids","SM",9939941,9939941,NA,"only_direct","","","","","","RM0134153"
"PC 14:0_16:1","salmon","1.87_704.52","XGGMHQYOVYWRLV-IZNHTBNISA-N","[M+H]+",704.5226,1.874,"ESI pos","C38H74NO8P","Glycerophospholipids","Glycerophosphocholines","PC",24778615,24778615,NA,"only_direct","","","","","","RM0090012"
"PC 16:0_14:0","salmon","2.08_706.54_2.09_728.52","UIXXHROAQSBBOV-UHFFFAOYSA-N","[M+H]+_[M+Na]+",NA,2.0865,"ESI pos","C38H76NO8P","Glycerophospholipids","Glycerophosphocholines","PC",10190333,10190333,NA,"only_direct","","","","","","RM0098405"
"PC 28:0","salmon","1.85_678.51_1.85_700.49","CITGLCJVPOWHKC-UUWRZZSWSA-N","[M+H]+_[M+Na]+",NA,1.8505,"ESI pos","C36H72NO8P","Glycerophospholipids","Glycerophosphocholines","PC",NA,NA,NA,"both_missing","","","","","","RM0134835"
"PC 29:0","salmon","1.97_692.52","GWWAIYISJPUKIW-UHFFFAOYSA-N","[M+H]+",692.5239,1.969,"ESI pos","C37H74NO8P","Glycerophospholipids","Glycerophosphocholines","PC",138165033,138165033,NA,"only_direct","","","","","","RM0000646"
"PC 31:1","salmon","1.99_718.54","QFVHCMLUKNHDSH-WTWBAFHPSA-N","[M+H]+",718.5385,1.986,"ESI pos","C39H76NO8P","Glycerophospholipids","Glycerophosphocholines","PC",24778657,24778657,NA,"only_direct","","","","","","RM0090089"
"PC 32:1","salmon","2.11_732.56_2.11_754.54","QIBZFHLFHCIUOT-NPBIGWJUSA-N","[M+H]+_[M+Na]+",NA,2.108,"ESI pos","C40H78NO8P","Glycerophospholipids","Glycerophosphocholines","PC",6443788,6443788,NA,"only_direct","","","","","","RM0011317"
"PC 32:2","salmon","1.92_730.54","GPWHCUUIQMGELX-VHQDNGOZSA-N","[M+H]+",730.5378,1.917,"ESI pos","C40H76NO8P","Glycerophospholipids","Glycerophosphocholines","PC",24778764,24778764,NA,"only_direct","","","","","","RM0024988"
"PC 33:1","salmon","2.23_746.57","OFRWLQSOUIZELQ-VEAYGOGPSA-N","[M+H]+",746.5701,2.226,"ESI pos","C41H80NO8P","Glycerophospholipids","Glycerophosphocholines","PC",52922442,52922442,NA,"only_direct","","","","","","RM0134891"
"PC 34:3 Isomer B","salmon","1.98_756.55_1.99_778.54","VKVSSDKCKXJFIM-AFYHZPHLSA-N","[M+H]+_[M+Na]+",NA,1.9825,"ESI pos","C42H78NO8P","Glycerophospholipids","Glycerophosphocholines","PC",52923213,52923213,NA,"only_direct","","","","","","RM0134816"
"PI 16:0_16:0","salmon","2.02_809.51","IBUKXRINTKQBRQ-UHFFFAOYSA-N","[M-H]-",809.5143,2.018,"ESI neg","C41H79O13P","Glycerophospholipids","Glycerophosphoinositols","PI",14185941,14185941,24779556,"disagree","73229","HMDB0009778","LMGP06010007","C01194","IBUKXRINTKQBRQ-KCKFLZCVSA-N","RM0135113"
"PC 16:0/9:0 CHO","sienna3","1.01_650.44","PPTNNIINSOQWCE-WJOKGBTCSA-N","[M+H]+",650.4398,1.014,"ESI pos","","Glycerophospholipids","Glycerophosphocholines","PC",46907874,46907874,NA,"only_direct","-","-","-","-","-","-"
"PC 16:0_5-oxovaleryl","sienna3","0.74_594.38","RKIDALSACBQVTN-UHFFFAOYSA-N","[M+H]+",594.3761,0.743,"ESI pos","","Glycerophospholipids","Glycerophosphocholines","PC",9985914,9985914,NA,"only_direct","-","-","-","-","-","-"
"PC 16:0_azealic acid (PCPAz-PC)","sienna3","0.84_666.44","GHQQYDSARXURNG-UHFFFAOYSA-N","[M+H]+",666.436,0.845,"ESI pos","","Glycerophospholipids","Glycerophosphocholines","PC",10995965,10995965,NA,"only_direct","-","-","-","-","-","-"
"PC 16:0_glutaric acid","sienna3","0.66_610.37","CDZVJFRXJAUXPP-UHFFFAOYSA-N","[M+H]+",610.3727,0.664,"ESI pos","","Glycerophospholipids","Glycerophosphocholines","PC",11365502,11365502,NA,"only_direct","-","-","-","-","-","-"
"PC 30:6","sienna3","1.31_716.43","UEAGIABUXIUQCP-OOKUQGPRSA-N","[M+Na]+",716.4263,1.308,"ESI pos","C38H64NO8P","Glycerophospholipids","Glycerophosphocholines","PC",138270043,138270043,NA,"only_direct","","","","","","RM0134836"
"LPE 18:1","skyblue","0.73_480.31","PYVRVRFVLRNJLY-UHFFFAOYSA-N","[M+H]+",480.3088,0.734,"ESI pos","C23H46NO7P","Glycerophospholipids","Glycerophosphoethanolamines","LPE",25200684,25200684,NA,"only_direct","","","","","","RM0104274"
"LPE 18:1","skyblue","0.73_480.31","PYVRVRFVLRNJLY-UHFFFAOYSA-N","[M+H]+",480.3088,0.734,"ESI pos","C23H46NO7P","Glycerophospholipids","Glycerophosphoethanolamines","LPE",74413339,74413339,NA,"only_direct","","","","","","RM0104274"
"LPE 18:2","skyblue","0.52_478.29","DBHKHNGBVGWQJE-UHFFFAOYSA-N","[M+H]+",478.2914,0.519,"ESI pos","C23H44NO7P","Glycerophospholipids","Glycerophosphoethanolamines","LPE",75958059,75958059,NA,"only_direct","","","","","","RM0048672"
"LPE 20:4","skyblue","0.52_502.29",NA,"[M+H]+",502.2925,0.518,"ESI pos","C25H44NO7P","Glycerophospholipids","Glycerophosphoethanolamines","LPE",NA,NA,NA,"both_missing","","","","","","RM0097815"
"LPE 22:6","skyblue","0.51_524.28","XEVRBOQZSXWGQO-PAUXXPOVSA-N","[M-H]- ",524.2784,0.512,"ESI neg","C27H44NO7P","Glycerophospholipids","Glycerophosphoethanolamines","LPE",52925132,52925132,NA,"only_direct","","","","","","RM0134455"
"PS 16:0_22:4","skyblue","2.09_810.53","BAGQGBPETWVHAA-BHYOAKPMSA-N","[M-H]-",810.5281,2.089,"ESI neg","C44H78NO10P","Glycerophospholipids","Glycerophosphoserines","PS",138124235,138124235,NA,"only_direct","","","","","","RM0057914"
"PS 18:0_22:6","skyblue","2.03_834.53","LYYHRRPTEXPVOR-UHFFFAOYSA-N","[M-H]-",834.5291,2.027,"ESI neg","C46H78NO10P","Glycerophospholipids","Glycerophosphoserines","PS",75228707,75228707,NA,"only_direct","","","","","","RM0105646"
"Cer 18:0;2O/24:1","steelblue","3.11_648.62","WLDYKNUYRLBSJM-UHFFFAOYSA-N","[M-H]-",648.622,3.111,"ESI neg","C42H83NO3","Sphingolipids","Ceramides","DHCer",NA,NA,NA,"both_missing","","","","","","RM0134164"
"Cer 18:1;2O/24:2","steelblue","2.84_646.61","VMOXUICDIMVPPG-UHFFFAOYSA-N","[M+H]+",646.6128,2.837,"ESI pos","C42H79NO3","Sphingolipids","Ceramides","Cer",163171348,163171348,NA,"only_direct","","","","","","RM0134174"
"Cer 18:2;2O/24:1","steelblue","2.89_690.60_2.90_644.60","RYZWCKUTHDRXFD-UHFFFAOYSA-N","[M+FA-H]-_[M-H]-",NA,2.899,"ESI neg","C42H79NO3","Sphingolipids","Ceramides","Cer",NA,NA,NA,"both_missing","","","","","","RM0134208"
"Cer d42:2 Isomer A","steelblue","3.11_682.59_3.11_706.64_3.11_646.61","ZCUCZYYSYGKQQV-UHFFFAOYSA-N","[M+Cl]- _[M+Hac-H]- _[M-H]-",NA,3.113,"ESI neg","C42H81NO3","Sphingolipids","Ceramides","Cer",132994562,132994562,NA,"only_direct","","","","","","RM0134179"
"Cer d42:3","steelblue","2.91_704.62","KADBCXSPXAVXJL-UHFFFAOYSA-N","[M+Hac-H]-",704.6188,2.907,"ESI neg","C42H79NO3","Sphingolipids","Ceramides","Cer",163141710,163141710,NA,"only_direct","","","","","","RM0012730"
"Cer d44:1","steelblue","3.35_712.63_3.54_736.68","CJROVRTUSFQVMR-GVOPMEMSSA-N","[M+Cl]-_[M+Hac-H]-",NA,3.444,"ESI neg","C44H87NO3","Sphingolipids","Ceramides","Cer",5283570,5283570,NA,"only_direct","","","","","","RM0041474"
"PC P-36:3 or PC O-36:4","tan","2.25_768.59","PYVYDRMXPDZRIS-FINMKEMFSA-N","[M+H]+",768.5906,2.249,"ESI pos","C44H82NO7P","Glycerophospholipids","Glycerophosphocholines","O-PC",53480709,53480709,NA,"only_direct","","","","","","RM0052322"
"PC P-36:4 or PC O-36:5","tan","2.21_766.57","RWVKPDIHPPTVRQ-HWGQMOSASA-N","[M+H]+",766.5745,2.207,"ESI pos","C44H80NO7P","Glycerophospholipids","Glycerophosphocholines","O-PC",53480747,53480747,NA,"only_direct","","","","","","RM0053383"
"PC P-38:3 or PC O-38:4 Isomer B","tan","2.48_796.62","GWBOVQHRCURSPU-QMFAPAEZSA-N","[M+H]+",796.6209,2.485,"ESI pos","C46H86NO7P","Glycerophospholipids","Glycerophosphocholines","O-PC",53480815,53480815,NA,"only_direct","","","","","","RM0053637"
"PC P-38:4 or PC O-38:5 Isomer A","tan","2.25_794.61","YPAPIRJFGNBODV-AMFPDOHCSA-N","[M+H]+",794.6063,2.255,"ESI pos","C46H84NO7P","Glycerophospholipids","Glycerophosphocholines","O-PC",53480715,53480715,NA,"only_direct","","","","","","RM0052755"
"PC P-40:4 or PC O-40:5","tan","2.48_822.64","UWNFEVACEPZILS-RNNLSGHUSA-N","[M+H]+",822.637,2.475,"ESI pos","C48H88NO7P","Glycerophospholipids","Glycerophosphocholines","O-PC",52924022,52924022,NA,"only_direct","","","","","","RM0033149"
"PC P-40:5 or PC O-40:6","tan","2.41_820.63","KUHMJRMPHBRAMY-DDURNVNNSA-N","[M+H]+",820.6254,2.412,"ESI pos","C48H86NO7P","Glycerophospholipids","Glycerophosphocholines","O-PC",53480775,53480775,NA,"only_direct","","","","","","RM0053516"
"PC P-42:4 or PC O-42:5","tan","2.71_850.67","NLEDXBSUDVLSEN-UFFJXODHSA-N","[M+H]+",850.6664,2.714,"ESI pos","C50H92NO7P","Glycerophospholipids","Glycerophosphocholines","O-PC",52924034,52924034,NA,"only_direct","","","","","","RM0053636"
"PC P-44:4 or PC O-44:5","tan","2.93_878.70","CEZAZXUWDFPTTE-FHIJIHMSSA-N","[M+H]+",878.699,2.93,"ESI pos","C52H96NO7P","Glycerophospholipids","Glycerophosphocholines","O-PC",53481767,53481767,NA,"only_direct","","","","","","RM0008358"
"SM 38:4;3O","tan","2.25_769.59","TXPHQQBLLBPGPI-LTFXTMEVSA-N","[M+H]+",769.5934,2.249,"ESI pos","C43H81N2O7P","Sphingolipids","Phosphosphingolipids","SM",164429504,164429504,NA,"only_direct","","","","","","RM0120310"
"SM 42:5;3O","tan","2.48_823.64","GEMQHTDVCJDVFM-NIUCGTTNSA-N","[M+H]+",823.6378,2.477,"ESI pos","C47H87N2O7P","Sphingolipids","Phosphosphingolipids","SM",164257944,164257944,NA,"only_direct","","","","","","RM0060324"
"SM 46:5;3O","tan","2.93_879.70","OHEVRWBQEIUTTH-BPRLVAOOSA-N","[M+H]+",879.7042,2.931,"ESI pos","C51H95N2O7P","Sphingolipids","Phosphosphingolipids","SM",164364649,164364649,NA,"only_direct","","","","","","RM0186447"
"DG 34:1","turquoise","2.78_612.55","YEJYLHKQOBOSCP-OZKTZCCCSA-N","[M+NH4]+",612.5524,2.778,"ESI pos","C37H70O5","Glycerolipids","Diradylglycerols","DAG",5282283,5282283,NA,"only_direct","","","","","","RM0138788"
"TG 50:1","turquoise","4.11_871.71_4.11_855.74_4.11_850.79","YHMDGPZOSGBQRH-YYSBDVFPSA-N","[M+K]+_[M+Na]+_[M+NH4]+",NA,4.11033333333333,"ESI pos","C53H100O6","Glycerolipids","Triradylglycerols","TAG",25240460,25240460,NA,"only_direct","","","","","","RM0134221"
"TG 50:2","turquoise","3.98_869.70_3.98_853.73_3.97_848.77","QEZWFCZNHWUARW-XQCAQTCHSA-N","[M+K]+_[M+Na]+_[M+NH4]+",NA,3.977,"ESI pos","C53H98O6","Glycerolipids","Triradylglycerols","TAG",9544010,9544010,NA,"only_direct","","","","","","RM0138778"
"TG 50:3 Isomer A","turquoise","3.83_851.71_3.83_846.75","UFHNZOACKFBCOM-YXKNDSBASA-N","[M+Na]+_[M+NH4]+",NA,3.833,"ESI pos","C53H96O6","Glycerolipids","Triradylglycerols","TAG",25240357,25240357,NA,"only_direct","","","","","","RM0134227"
"TG 50:4","turquoise","3.69_844.74","PVMBAGXWHHZKFP-JMPJWMFJSA-N","[M+NH4]+",844.7376,3.686,"ESI pos","C53H94O6","Glycerolipids","Triradylglycerols","TAG",25240359,25240359,NA,"only_direct","","","","","","RM0134255"
"TG 51:2 Isomer A","turquoise","4.04_862.79","NSNSZGBCOIKUBU-SZOKBDNISA-N","[M+NH4]+",862.7858,4.044,"ESI pos","C54H100O6","Glycerolipids","Triradylglycerols","TAG",9544013,9544013,NA,"only_direct","","","","","","RM0134229"
"TG 51:3","turquoise","3.91_860.77","ISSGPXMQOMAFMJ-DMGKHJLRSA-N","[M+NH4]+",860.7703,3.912,"ESI pos","C54H98O6","Glycerolipids","Triradylglycerols","TAG",9544023,9544023,NA,"only_direct","","","","","","RM0134228"
"TG 51:4","turquoise","3.77_858.75","IIRQXNVLAXQEKB-KBEZCZBDSA-N","[M+NH4]+",858.7538,3.773,"ESI pos","C54H96O6","Glycerolipids","Triradylglycerols","TAG",9544052,9544052,NA,"only_direct","","","","","","RM0116156"
"TG 52:2","turquoise","4.11_897.73_4.11_881.76_4.11_876.80","TXMWKTABZBAJCW-QLHBUVOUSA-N","[M+K]+_[M+Na]+_[M+NH4]+",NA,4.10666666666667,"ESI pos","C55H102O6","Glycerolipids","Triradylglycerols","TAG",56938176,56938176,NA,"only_direct","","","","","","RM0134232"
"TG 52:3","turquoise","3.98_895.72_3.98_879.74_3.98_874.79","DQXQIWIQYYEGLG-MMWLGPPDSA-N","[M+K]+_[M+Na]+_[M+NH4]+",NA,3.981,"ESI pos","C55H100O6","Glycerolipids","Triradylglycerols","TAG",56938177,56938177,NA,"only_direct","","","","","","RM0134220"
"TG 52:4","turquoise","3.85_893.70_3.85_877.73_3.85_872.77","WHSWXEYWNPTUPW-HNJDVRDNSA-N","[M+K]+_[M+Na]+_[M+NH4]+",NA,3.847,"ESI pos","C55H98O6","Glycerolipids","Triradylglycerols","TAG",25240364,25240364,NA,"only_direct","","","","","","RM0134219"
"TG 52:4;O2|TG 16:0_18:1_18:3;O2","turquoise","3.20_904.76","GYTIAZWYWATMNI-UHFFFAOYSA-N","[M+NH4]+",904.7607,3.197,"ESI pos","","Glycerolipids","Triradylglycerols","TAG",NA,NA,NA,"both_missing","-","-","-","-","-","-"
"TG 52:5","turquoise","3.71_875.71_3.71_870.75","CQZAAIKPSLHIBC-KDJOUNIJSA-N","[M+Na]+_[M+NH4]+",NA,3.7115,"ESI pos","C55H96O6","Glycerolipids","Triradylglycerols","TAG",25240366,25240366,NA,"only_direct","","","","","","RM0134231"
"TG 53:2","turquoise","4.17_890.82","RSINITWKVQRWSZ-RFVLVDBCSA-N","[M+NH4]+",890.8176,4.171,"ESI pos","C56H104O6","Glycerolipids","Triradylglycerols","TAG",9544102,9544102,NA,"only_direct","","","","","","RM0025657"
"TG 53:3","turquoise","4.05_888.80","ZNQBEJJYVJSZLM-LEDQTTRKSA-N","[M+NH4]+",888.8024,4.048,"ESI pos","C56H102O6","Glycerolipids","Triradylglycerols","TAG",9544126,9544126,NA,"only_direct","","","","","","RM0067080"
"TG 53:4","turquoise","3.92_886.79","BMSDHYZLQWTKSQ-LSJAAEOESA-N","[M+NH4]+",886.7868,3.916,"ESI pos","C56H100O6","Glycerolipids","Triradylglycerols","TAG",9544152,9544152,NA,"only_direct","","","","","","RM0134233"
"TG 54:5 Isomer A","turquoise","3.85_903.74_3.85_898.79","OEJXMJPFOHYSIU-GRLFFVHSSA-N","[M+Na]+_[M+NH4]+",NA,3.852,"ESI pos","C57H100O6","Glycerolipids","Triradylglycerols","TAG",9544294,9544294,NA,"only_direct","","","","","","RM0134235"
"TG 54:6 Isomer A","turquoise","3.71_901.73_3.71_896.77","HBOQXIRUPVQLKX-BBWANDEASA-N","[M+Na]+_[M+NH4]+",NA,3.7095,"ESI pos","C57H98O6","Glycerolipids","Triradylglycerols","TAG",5322095,5322095,NA,"only_direct","","","","","","RM0062063"
"TG 54:6 Isomer A","turquoise","3.71_901.73_3.71_896.77","HBOQXIRUPVQLKX-BBWANDEASA-N","[M+Na]+_[M+NH4]+",NA,3.7095,"ESI pos","C57H98O6","Glycerolipids","Triradylglycerols","TAG",5322095,5322095,NA,"only_direct","","","","","","RM0062063"
"TG 54:7 Isomer A","turquoise","3.57_894.76",NA,"[M+NH4]+",894.7559,3.568,"ESI pos","C57H96O6","Glycerolipids","Triradylglycerols","TAG",NA,NA,NA,"both_missing","","","","","","RM0134234"
"TG 55:3","turquoise","4.18_916.83",NA,"[M+NH4]+",916.832,4.183,"ESI pos","C58H106O6","Glycerolipids","Triradylglycerols","TAG",NA,NA,NA,"both_missing","","","","","","RM0134273"
"TG 55:4","turquoise","4.05_914.82","JNBIJLFMSZHQLU-IGGPMUHHSA-N","[M+NH4]+",914.8173,4.05,"ESI pos","C58H104O6","Glycerolipids","Triradylglycerols","TAG",138186997,138186997,NA,"only_direct","","","","","","RM0110474"
"Cer 18:1;2O_26:0;(2OH)","turquoise","3.28_692.65","GPDLYLZQDLYUMP-BSKJHSHCSA-N","[M-H]-",692.6548,3.282,"ESI neg","C44H87NO4","Sphingolipids","Ceramides","Cer",10190227,10190227,NA,"only_direct","","","","","","RM0020101"
"Cer 58:11;2O","turquoise","3.98_854.73","GXTRSPPHWHQFMZ-NPNMLZSOSA-N","[M+H]+",854.7302,3.975,"ESI pos","C58H95NO3","Sphingolipids","Ceramides","Cer",164267617,164267617,NA,"only_direct","-","-","-","-","-","-"
"PC 16:0_22:6","violet","2.10_840.53_2.10_864.57","IESVDEZGAHUQJU-UHFFFAOYSA-N","[M+Cl]-_[M+Hac-H]-",NA,2.1,"ESI neg","C46H80NO8P","Glycerophospholipids","Glycerophosphocholines","PC",74063529,74063529,NA,"only_direct","","","","","","RM0171056"
"PC 36:5 Isomer D","violet","1.96_780.55_1.96_802.53","SUZYROYNFNQALJ-MHEIZRSESA-N","[M+H]+_[M+Na]+",NA,1.962,"ESI pos","C44H78NO8P","Glycerophospholipids","Glycerophosphocholines","PC",52923341,52923341,NA,"only_direct","","","","","","RM0134821"
"PC 38:5 Isomer B","violet","2.19_808.59","YLWBKBDNHWQEFU-YJXJLLHLSA-N","[M+H]+",808.5854,2.19,"ESI pos","C46H82NO8P","Glycerophospholipids","Glycerophosphocholines","PC",53479033,53479033,NA,"only_direct","","","","","","RM0134823"
"PC 40:6 Isomer B","violet","2.27_834.60_2.27_856.58","TYRTWVKQVGNGSZ-RGBTVBCDSA-N","[M+H]+_[M+Na]+",NA,2.2725,"ESI pos","C48H84NO8P","Glycerophospholipids","Glycerophosphocholines","PC",52923195,52923195,NA,"only_direct","","","","","","RM0134817"
"PC 40:7 Isomer B","violet","2.06_832.59","BPUROMFCPFGBOT-ZEGPSQTJSA-N","[M+H]+",832.5855,2.057,"ESI pos","C48H82NO8P","Glycerophospholipids","Glycerophosphocholines","PC",24778982,24778982,NA,"only_direct","","","","","","RM0171053"
"FA 14:0 (myristic acid)","white","0.68_227.20","TUNFSRHWOTWDNC-UHFFFAOYSA-N","[M-H]-",227.2014,0.675,"ESI neg","C14H28O2","Fatty Acyls","Fatty acids","Saturated FA",11005,11005,11005,"agree","28875","HMDB0000806","LMFA01010014","C06424","TUNFSRHWOTWDNC-UHFFFAOYSA-N","RM0153483"
"FA 14:1 (physeteric acid)","white","0.49_225.19","AFGUVBVUFZMJMX-KTKRTIGZSA-N","[M-H]-",225.1856,0.49,"ESI neg","C14H26O2","Fatty Acyls","Fatty acids","Unsaturated FA",5312400,5312400,5312400,"agree","70716","HMDB0000521","LMFA01030248","","AFGUVBVUFZMJMX-KTKRTIGZSA-N","RM0153634"
"FA 15:1","white","0.62_239.20","DJCQJZKZUCHHAL-VOTSOKGWSA-N","[M-H]-",239.2015,0.617,"ESI neg","C15H28O2","Fatty Acyls","Fatty acids","Unsaturated FA",6365140,6365140,NA,"only_direct","","","","","","RM0072422"
"FA 16:1 (palmitoleic acid)","white","0.77_253.22","SECPZKHBENQXJG-FPLPWBNLSA-N","[M-H]-",253.2173,0.77,"ESI neg","C16H30O2","Fatty Acyls","Fatty acids","Unsaturated FA",445638,445638,445638,"agree","28716","HMDB0003229","LMFA01030056","C08362","SECPZKHBENQXJG-FPLPWBNLSA-N","RM0153617"
"FA 19:1","white","1.30_295.26","YOKHLRHWEXTWJR-ZHACJKMWSA-N","[M-H]-",295.2637,1.296,"ESI neg","C19H36O2","Fatty Acyls","Fatty acids","Unsaturated FA",14275215,14275215,NA,"only_direct","","","","","","RM0138767"
"4-methyl-2-oxopentanoic acid","white","0.19_129.06","BKAJNAXTPSGJCU-UHFFFAOYSA-N","[M-H]-",129.0607,0.194,"ESI neg","C6H10O3","Organic acids","Keto acids","Short-chain keto acids",70,70,70,"agree","48430","HMDB0000695","","C00233","BKAJNAXTPSGJCU-UHFFFAOYSA-N","RM0135977"
"MG 20:4","yellow","2.51_361.27","RCRCTBLIHCHWDZ-UHFFFAOYSA-N","[M-H2O+H]+",361.2745,2.511,"ESI pos","C23H38O4","Glycerolipids","Monoradylglycerols","MAG",1541,1541,NA,"only_direct","","","","","","RM0134394"
"PE 36:4","yellow","2.16_740.52","KZLUVTCXBFEIFJ-XGLJQOENSA-N","[M+H]+",740.5231,2.162,"ESI pos","C41H74NO8P","Glycerophospholipids","Glycerophosphoethanolamines","PE",52924904,52924904,NA,"only_direct","","","","","","RM0029374"
"PE 38:4","yellow","2.46_766.54","ICYDFONFTSPCRL-BHYOAKPMSA-N","[M-H]-",766.5378,2.461,"ESI neg","C43H78NO8P","Glycerophospholipids","Glycerophosphoethanolamines","PE",138175392,138175392,NA,"only_direct","","","","","","RM0134744"
"PE 38:5","yellow","2.23_764.52","ZYMZKMQPPJPQHY-HAGCXRLMSA-N","[M-H]-",764.5223,2.233,"ESI neg","C43H76NO8P","Glycerophospholipids","Glycerophosphoethanolamines","PE",138318539,138318539,NA,"only_direct","","","","","","RM0134741"
"PE 38:6","yellow","2.09_764.52","LFGBKOUQHCWBQI-BZGLIJSBSA-N","[M+H]+",764.5217,2.094,"ESI pos","C43H74NO8P","Glycerophospholipids","Glycerophosphoethanolamines","PE",52924893,52924893,NA,"only_direct","","","","","","RM0001619"
"PE 38:6 Isomer B","yellow","2.13_762.51","MPWUZHVZZKSTPV-LGFBOSHVSA-N","[M-H]-",762.5089,2.134,"ESI neg","C43H74NO8P","Glycerophospholipids","Glycerophosphoethanolamines","PE",6426738,6426738,NA,"only_direct","","","","","","RM0001619"
"PE O-16:1_22:6","yellow","2.19_748.53","KGCPGAKRLOCUEV-ZLXBYIIJSA-N","[M+H]+",748.5292,2.195,"ESI pos","C43H74NO7P","Glycerophospholipids","Glycerophosphoethanolamines","O-PE",138193153,138193153,NA,"only_direct","","","","","","RM0134799"
"PE O-18:1_22:6","yellow","2.48_774.54","IVBLZGVNSKPGOR-XAJDCCMMSA-N","[M-H]-",774.544,2.484,"ESI neg","C45H78NO7P","Glycerophospholipids","Glycerophosphoethanolamines","O-PE",138181306,138181306,NA,"only_direct","","","","","","RM0054678"
"PE O-38:6 Isomer A","yellow","2.34_748.53","YJPYELPDWSEQHM-KTUZNUCGSA-N","[M-H]-",748.5277,2.337,"ESI neg","C43H76NO7P","Glycerophospholipids","Glycerophosphoethanolamines","O-PE",134781472,134781472,NA,"only_direct","","","","","","RM0008899"
"PE O-40:4","yellow","2.77_780.59","JWICLJISDBHCTF-MAZCIEHSSA-N","[M-H]-",780.5868,2.767,"ESI neg","C45H84NO7P","Glycerophospholipids","Glycerophosphoethanolamines","O-PE",138190053,138190053,NA,"only_direct","","","","","","RM0134715"
"PE O-40:5 Isomer B","yellow","2.74_778.57","GZMXKUALKXYCMM-XSEHFSNESA-N","[M-H]-",778.574,2.737,"ESI neg","C45H82NO7P","Glycerophospholipids","Glycerophosphoethanolamines","O-PE",134734287,134734287,NA,"only_direct","","","","","","RM0098699"
"PE O-40:6 Isomer B","yellow","2.56_776.56","NKXPONDLZHZZND-PKBJNFAXSA-N","[M-H]-",776.5564,2.562,"ESI neg","C45H80NO7P","Glycerophospholipids","Glycerophosphoethanolamines","O-PE",138219791,138219791,NA,"only_direct","","","","","","RM0134795"
"PE P-36:4 or PE O-36:5","yellow","2.27_724.53","ADWDFBQPQIEGRZ-XBICFDGKSA-N","[M+H]+",724.5272,2.268,"ESI pos","C41H74NO7P","Glycerophospholipids","Glycerophosphoethanolamines","O-PE",53480870,53480870,NA,"only_direct","","","","","","RM0043212"
"PE P-38:4 or PE O-38:5","yellow","2.57_750.54","URPXXNCTXCOATD-FXMFQVEGSA-N","[M-H]-",750.5436,2.568,"ESI neg","C43H78NO7P","Glycerophospholipids","Glycerophosphoethanolamines","O-PE",9547058,9547058,NA,"only_direct","","","","","","RM0055835"
"PE P-38:4 or PE O-38:5","yellow","2.57_750.54","URPXXNCTXCOATD-FXMFQVEGSA-N","[M-H]-",750.5436,2.568,"ESI neg","C43H78NO7P","Glycerophospholipids","Glycerophosphoethanolamines","O-PE",86289532,86289532,NA,"only_direct","","","","","","RM0055835"
"PE P-38:5 or PE O-38:6","yellow","2.28_750.54","IQSPCSIULMCRPM-ZAJUHDLGSA-N","[M+H]+",750.5431,2.28,"ESI pos","C43H76NO7P","Glycerophospholipids","Glycerophosphoethanolamines","O-PE",53479831,53479831,NA,"only_direct","","","","","","RM0090073"
"PE P-40:4 or PE O-40:5 Isomer A","yellow","2.68_780.59",NA,"[M+H]+",780.5908,2.677,"ESI pos","C45H82NO7P","Glycerophospholipids","Glycerophosphoethanolamines","O-PE",NA,NA,NA,"both_missing","","","","","","RM0014717"
"PE-O 18:1_22:6","yellow","2.43_776.56","FIJFPUAJUDAZEY-UHFFFAOYSA-N","[M+H]+",776.5572,2.429,"ESI pos","C45H78NO7P","Glycerophospholipids","Glycerophosphoethanolamines","O-PE",74819122,74819122,NA,"only_direct","","","","","","RM0054678"
"Phosphatidylethanolamine alkenyl 16:0-20:4","yellow","2.32_722.51","QDRJMAHGAQYRIN-PKKQLAOCSA-N","[M-H]-",722.5122,2.323,"ESI neg","","Glycerophospholipids","Glycerophosphoethanolamines","PE",134760384,134760384,NA,"only_direct","-","-","-","-","-","-"
"PS 40:4","yellow","2.24_838.56","LJUFXCVFKSJRPV-UHFFFAOYSA-N","[M-H]-",838.5584,2.244,"ESI neg","C46H82NO10P","Glycerophospholipids","Glycerophosphoserines","PS",163145443,163145443,NA,"only_direct","","","","","","RM0134670"
"TG 10:0_12:0_18:2","yellowgreen","3.19_708.61","GXRODSBSDBCXSO-YJMJMZFLSA-N","[M+NH4]+",708.6118,3.189,"ESI pos","C43H78O6","Glycerolipids","Triradylglycerols","TAG",164267569,164267569,NA,"only_direct","","","","","","RM0068962"
"Cer-NP t42:0","yellowgreen","3.23_726.66","ZESJDNWGTANZCC-UHFFFAOYSA-N","[M+Hac-H]-",726.6576,3.229,"ESI neg","C42H85NO4","Sphingolipids","Ceramides","PhytoCer",14653935,14653935,NA,"only_direct","","","","","","RM0134187"
"CE 18:1","yellowgreen","4.07_1324.19_4.07_673.59_4.07_668.63","RJECHNNFRHZQKU-RMUVNZEASA-N","[2M+Na]+_[M+Na]+_[M+NH4]+",NA,4.07,"ESI pos","C45H78O2","Sterol Lipids","Sterol esters","Chol. esters",5283632,5283632,NA,"only_direct","","","","","","RM0138765"
"CE 18:2","yellowgreen","3.89_671.57_3.90_666.62","NAACPBBQTFFYQB-LJAITQKLSA-N","[M+Na]+_[M+NH4]+",NA,3.8955,"ESI pos","C45H76O2","Sterol Lipids","Sterol esters","Chol. esters",5287939,5287939,NA,"only_direct","","","","","","RM0016397"
"CE_13-HODE","yellowgreen","3.16_687.57","RZXYPSUQZUUHPD-UHFFFAOYSA-N","[M+Na]+",687.5673,3.162,"ESI pos","","Sterol Lipids","Sterol esters","Chol. esters",53394273,53394273,NA,"only_direct","-","-","-","-","-","-"
