"Label","92","114","122","155","151","177","218","283","269","273","270","267","277","263","261","258","297","300","304","321","323","330","332","340","104","120","117","336","138","139","147","149","162","129","179","185","190","196","197","292","287","250","286","266","233","295","311","315","326"
"#CLASS",NA,NA,NA,NA,NA,NA,NA,NA,NA,NA,NA,NA,NA,NA,NA,NA,NA,NA,NA,NA,NA,NA,NA,NA,NA,NA,NA,NA,NA,NA,NA,NA,NA,NA,NA,NA,NA,NA,NA,NA,NA,NA,NA,NA,NA,NA,NA,NA,NA
"1,2-Dioleoyl-sn-glycero-3-phospho-(1'-myo-inositol)","-0.0912623015594912","-0.497775538583572","0.16223680910059","0.474547915285051","-0.3609403957333","-0.0132446555472815","0.180568624369946","0.268442143541097","-0.0258791897503283","0.00241472835623269","0.0730206220881047","0.281002310014127","-0.304679536234967","0.0236088896275584","-0.369288647760197","0.0930409010097524","0.180228163304332","-0.0104746141198546","0.375956148680765","0.144075977815243","0.0775798544442929","0.0538327233303455","0.517149928281258","-0.236406913289806","0.239872122462234","-0.07749625183754","0.1269512993093","0.414744249332354","-0.433971669962882","0.111416268866793","0.628457340006357","0.245767200044358","-0.284801956772937","-0.552874526082952","0.137531971459456","-0.420877356439254","-0.223801918395812","0.535822981500106","0.201325695558523","0.310766503202127","-0.214713414481014","-0.386352372621452","0.0096213889334971","-0.33819884061025","-0.222637829562223","0.21336717895533","-0.413896586418253","-0.434027944884106","-0.169747478231663"
"13-HODE","0.410736204100059","-0.47858038784285","0.34725438050277","0.279691960993344","1.2696420652527","0.137797755209408","-0.163941670099872","-0.0538216742651363","-0.874575753590336","-0.0361383058172087","-0.390304440760359","-0.148939850114737","1.03952861546227","-0.522336663616721","-0.773256332408447","0.617079224157871","-0.38787932588013","0.203102427507188","-0.320749357346883","-0.662558728496314","0.113759342977192","-0.454483763995306","0.45156844781101","-0.0565263170464268","-0.432911367927268","-0.187414324076182","-0.406466999476756","0.239021624890352","0.49090870105297","0.00958739768794661","0.332878896194328","-0.550696158621111","-0.0706289025560966","0.809386739010661","-0.126823868734403","1.0749263574797","0.25673568580297","0.254527836929976","-0.472562047271165","-0.411900163282289","-0.176739790694595","0.578800882133831","-0.392349821276871","-0.595215329456965","0.115246328964186","-0.701901671098552","0.15859815148993","0.0981132225064997","0.560810767635814"
"16,16-dimethylprostaglandin A1","0.073546569837016","-0.0594783496855106","-0.181346940114236","-0.553474102432493","0.578894442384718","-0.152220241654538","-0.680406014999992","1.26787503131013","-0.209719078560419","-0.551352836732019","-0.178316295043643","0.317651746407185","-0.836907022531251","-0.79958479136854","2.33353554010335","-0.216236300145635","-0.503965177552716","0.956546200318284","-0.703704600274907","0.0724262823515684","0.131926789834897","0.206492368476373","0.294854008158753","0.221419788451163","-0.386715300273804","0.0719672222148432","-0.160540119890168","0.285634109081383","0.388737037692085","-0.00381129936325539","0.373433986384476","-0.328662835054851","0.117791500278484","-0.286459083163458","-0.441916610111688","-0.126428688622285","-0.0471001223352263","0.308565635639269","0.146984444222132","-0.361798381283885","0.202218816699754","0.271693121071802","-0.0200395045141748","0.34272614500702","-0.431923239501158","-0.135534861360334","-0.345805240151608","-0.0238911545573581","-0.237582594645526"
"4-HDoHE","0.577709767365644","0.0359812886256379","0.448425886078536","0.225686511293924","1.55347073453518","0.233304396862295","-0.41318541855919","-0.134543995435179","-0.578269890067644","0.342855107555427","-0.346890072242921","-0.616517502215337","1.32861137399005","-0.597882695607179","-0.528842682889404","0.290382964624063","-0.427081684977442","-0.413422393609263","-0.221026144059495","-0.302893383097706","0.119247100762465","-0.68117656275375","-0.137434048358095","-0.361223386843295","-0.32342596151572","0.351895423966099","-0.14851409095323","0.151204955791223","0.579312924710475","-0.36356068966499","0.432714708676952","0.184004024771818","0.215698087320903","0.935054324213275","-0.495298792659537","1.06421890574289","0.179269210549342","0.075844628573975","-0.438240532523981","-0.466372522038688","-0.0903309607520605","0.280085653998265","-0.659477063804816","-0.783581640042004","0.0809881355654648","-0.629231593677934","-0.0183721287818041","-0.161205400423353","0.652035121980117"
"4-methyl-2-oxopentanoic acid","0.0173618913175744","0.177290457037635","0.20770995442647","0.519710001037212","0.245041118304429","-0.27490789422671","-0.286303568506063","-0.126499195120927","0.186494862926937","0.0583805356994584","-0.169875756131507","-0.344285953975344","0.267925934806208","-0.4306262711061","-0.3713407802627","0.488690519703308","0.47739080698748","-0.834023509795999","-0.306455273890378","0.498709925057317","-0.450296081894847","0.17839545491296","-0.0836055328998593","-0.33395453939862","-0.0464118793919749","-0.0933546515519853","-0.0639340802363947","-0.378556959055814","0.289781609780771","-0.629686758658175","0.551354429142457","0.29048066325794","0.0851752101376267","-0.490501542429513","0.158488181996943","0.706196343406871","-0.256491288151332","0.258934053327818","-0.211878753498632","-0.0626933691821978","0.411313650837039","-0.125325779424923","0.690806396307045","-0.0334174557249217","0.443331263641121","-0.142632970421201","0.0301177477020275","-0.373372826244889","-0.318648340573642"
"5-HETE","0.778139687667829","0.137726119224671","0.457580570452791","-0.00550907789722306","1.30471484980956","0.161398145599812","0.150091383077824","-0.642233876730782","-0.830010968425192","0.102930082295666","-0.613272124814506","-0.666219563569542","1.24129881054875","-0.195816823980435","-0.777781538405716","0.9660453266176","-0.23765397064805","-0.185023370500054","-0.0879375197179766","-0.768059371811648","0.415043097053555","-0.705773810638011","-0.0303919040042422","-0.492514127497049","0.135157829319029","-0.249093078347037","-0.257832652094448","0.00695854814924996","1.01509441399997","-0.20409085266387","0.0524655820817869","-0.163190055044984","0.543847953650871","0.741725166395213","-0.862198316075655","1.27089250391127","0.0969377805944961","0.48381392586887","0.106823639255789","-0.971619914730973","-0.371586978453243","0.921704872462856","-0.675384375430597","-0.700688430061245","-0.115335921412637","-0.802418598113033","0.283108619623839","-0.400687660448026","0.638825973854875"
"8,15-DiHETE","0.325340519207282","-0.238017972393876","0.362690712704252","-0.207186595769897","1.21807430456516","0.16251892652968","-0.291395796768429","-0.557275737112953","-0.744680823742747","0.129838397373228","0.402636422483592","-0.747443620680399","0.656302091950015","-0.299966608125938","-0.328751391754627","0.757446389767961","-0.428896183204077","-0.246712582355324","0.0260489607006194","-0.499537411728559","0.286920336864515","-0.416225563068017","-0.0269369349316","-0.34760149232439","-0.138053093376833","0.0795924273333087","-0.393706147408507","-0.0475481152378343","0.40483510994655","-0.11688033244704","0.14521344589723","-0.45987665687104","-0.00299032617694254","0.730151446068633","-0.267793026948795","0.829704823965161","-0.200580398405198","0.222329213217571","0.208210364195201","-0.329885527909421","-0.116037087506788","0.776123723223666","-0.428034916297589","0.50833428480133","-0.350838727753563","-0.640050379685052","0.222204661090695","-0.0918141904968938","0.51020107859668"
"acylcarnitine 08:0","-0.204240336461568","-0.682059310652205","-0.242971807576673","-0.0772228940689421","-0.049433636204076","-0.113765298144147","-0.188132827756926","0.687099589394137","-0.030591172089756","-0.325732401813611","0.435374021373608","0.603400491595558","-0.71340733399847","-0.575178586475683","0.0425042681706848","-0.773098126560387","-0.136314067820891","-0.0873949020921584","-0.476459736513282","-0.205677709600006","0.92406726665334","0.253544355760195","0.706844445515963","0.188322448528723","-0.252988065165321","0.026740163838414","-0.991091229256136","-0.206184247214853","-0.699975183637932","0.654206519212715","-0.190662087921368","0.0820336671134732","-0.44192511912049","-0.432104234587725","0.372885749239009","-0.102921364317482","0.0635031645231645","0.23562093891043","-0.233703438362215","0.761513170379455","0.856308665418457","0.006014464805135","0.343518580485208","0.42899736312561","0.201903957742653","0.562976583444862","-0.163228034992198","0.191924167028176","-0.0328408898544668"
"acylcarnitine 08:1","0.267878024423701","-0.547533739454528","0.646201354988795","0.288666569830361","0.254498576001173","0.56348333502321","-0.340245212295975","0.322173829219548","-0.115926896016263","-0.545899670472365","0.19141033751532","0.403803691884626","-1.42450860622145","0.0358279394858745","-0.577533424955332","-0.494898935601227","-0.467787200498643","-0.0512428128115021","0.289626401334435","0.048139772181427","0.825404299508114","0.0377982514372491","1.14438753823251","-0.346093997882683","-0.314248558828424","-0.757634618815499","-0.224050661289896","0.0765545413324622","-0.640799593958869","0.234840484115693","-0.35689319442777","0.532023379500199","-0.0832494637549143","-0.4080899871964","0.429911637212089","-0.453272867814855","-0.397697809573134","0.136957176967929","0.373504478190611","0.439652306462832","0.311267394745968","-0.346568810690219","0.235930771600264","0.059814438435499","-0.316643995726541","0.5346944617014","0.0801150848187036","0.400164448603765","0.0460895335327156"
"acylcarnitine 10:0","0.63320084659149","-0.669362978605922","-0.398118142107385","-0.167099152707084","-1.06994880666433","0.552176043823227","-0.524591988671784","0.743415693460815","-0.659355444095526","-0.323237748294958","0.0222948272063252","1.04396414650294","0.143502519681424","-0.410821199440198","0.0213202210062649","0.544761475560728","0.197432681421488","-0.206500417721357","-0.0173416996664584","0.199950734944193","0.528306977404105","-0.384281293128497","0.258096133048182","-0.282350781059922","0.230114998045421","-0.132846139997217","-0.970358400660142","-0.377132974108072","-0.310901539954186","0.330786554732928","0.66862589547369","-0.170465620826872","-0.361953835608543","-0.321584035626423","0.425187311161293","-0.16393479062835","0.0535591242846493","0.130321615919338","-0.278155563438763","-0.154792014978654","0.167722335053365","0.245052765212399","-0.617544629965488","0.3578934535847","0.70691714229743","0.306482612890413","0.266456186231892","0.30335594518814","-0.108219042770712"
"acylcarnitine 10:1","0.0995139817418486","-0.651166384190413","0.190440440700326","-0.342497296755681","-0.666932681811021","0.674580061956554","-0.253929217377867","0.311208380452515","-0.00926577464518504","-0.540489881788783","0.0157620262381043","1.00464108682205","-0.898060366233947","-0.519973880821454","-0.0249171583099385","-0.202847466998421","0.0227556222194179","0.574615654301315","-0.192866364654715","-0.169014848892429","0.796282441669663","-0.217602790081032","0.677288131517327","-0.284830654867181","-0.0888979049454467","-0.0736047025206969","-0.978048872553965","0.0910518124905857","-0.831756615669329","0.387815326900255","0.625951802027717","-0.402244077750852","-0.141446534655821","-0.563577102603971","0.605055201646847","-0.21702048982748","-0.113902525793647","0.230500037214068","-0.17474594800506","0.283658825517351","0.349368881721537","-0.29491589995962","0.105340528213623","0.109019556626905","0.469896898644324","0.481037574950708","0.242029234084776","0.528616193972899","-0.0218742599167697"
"acylcarnitine 12:1","0.579009228094608","-0.399566310743977","0.136089688068012","-0.826116674103673","0.189078843653248","0.54419840910678","-0.219188769507406","0.0593100655042587","0.0502715562640879","0.237405448332831","0.200085779548101","0.0864148826958474","-0.771650928006837","1.2724858599268","0.309519382211885","-0.708089559313444","-0.290607813957072","-0.031945266303313","-0.0393583273953016","0.319120340925809","0.0849359452005006","0.042199089029307","-0.075114150771511","-0.0431957611114288","0.137500192840642","1.03442937049743","-0.542050051329824","0.168108794113475","-1.41729369622047","0.442035553823126","-0.221357915898993","0.0345496901214445","-0.149901635424879","-0.390468666784996","-0.767346504856795","0.366215611867867","0.382265944794209","-0.767269297770778","0.371641829899834","0.271223609697298","0.560539365156599","0.26319787475982","0.0405009629455689","0.10441017413304","0.168892113790405","0.577070404507265","-1.97569024067294","0.219577662020942","0.383927896642594"
"acylcarnitine 14:1","0.335842790911","-0.169424090147301","-0.0495807757846269","-0.447862812449322","0.171882000369678","0.126981963678109","-0.0408357419296595","-0.12887671280044","-0.525584390701856","-0.288453545364793","-0.173356211772008","1.52455095199198","0.436666165582498","-0.63124948903157","-0.338395098873045","0.289020396750286","-0.0344095152097297","-0.209257958580866","0.089183860525406","-0.270415248107113","0.18067091374078","-0.309429014536722","0.302822772866378","-0.332531135405689","-0.0118323034249194","-0.263181163224917","-0.538415784431886","0.0405687468420054","-0.343747385087089","0.185404707006785","0.397235175205729","-0.169516479052525","-0.413226258643755","0.221758622533078","0.51918864998937","-0.158609987861417","0.334339507487515","0.301499695510085","-0.417696838604721","-0.132277035280132","-0.398626869781598","0.358567827338332","-0.0817990787192108","-0.0859853211355675","0.494569897112152","0.0430369535010126","-0.0130022585965444","0.455008792507704","0.168778113089139"
"acylcarnitine 16:0","0.0434781144400033","-0.130057004556488","0.282137625174758","-0.341072409898061","-0.370630662972527","-0.166958912023033","0.358784298222866","-0.000472726717670091","-0.259068996640336","-0.190747896686681","0.0332298029223023","0.208285661296101","0.68031226209514","-0.155566726405919","0.150744205418739","0.0839582662814125","0.973000030210131","-0.552781922561466","-0.302187844323202","0.0811163098798459","0.109617227979514","-0.489965133822879","0.504265067274288","0.391514115894566","-0.0947080013682085","-0.414157706120735","-0.242341831522114","-0.322472571381613","0.89801041853137","-0.340308566713986","-0.377942682941592","0.146509940548795","0.142275791418357","0.592313905071731","0.697196937632996","-0.0450779129121198","-0.155598372058107","0.0149156246050309","-0.0657630895511264","-0.0243214483044044","-0.111074081485308","-0.258960376485528","-0.300529172360631","0.0115005134052272","-0.296824411733003","0.0564629540657409","-0.202087829386656","-0.151423012388748","-0.0965277690467862"
"acylcarnitine 18:0 Isomer A","0.0619679725377909","0.225323607092455","0.273173341352707","-0.465849167829353","-0.442173687594126","0.0380359201261334","0.262703659156257","0.142160375456183","-0.0339361019135129","-0.0270100125741898","0.182766210442482","0.0588241072550938","0.571244256857519","0.280389532447924","-0.0463276629305201","-0.173420381463015","0.682565463913255","-0.539427712139605","-0.360560162718202","-0.203180847307611","-0.242192388673697","-0.387047157919021","0.646388441774611","-0.146538415046683","-0.159158894506489","-0.439237249703461","0.0250916077501751","-0.592245427062225","0.783460789042533","0.113491608385286","-0.493803936331355","0.600379746134743","0.0669549859544217","0.096595952207457","0.329958786430123","0.246678322100715","0.41098868867071","0.18239594424656","0.20743220024808","-0.265267384367104","-0.0546439556143767","0.167387715273047","-0.25264915617953","0.173818686638222","-0.409702420535753","-0.0511370349501114","-0.538367881009222","-0.206180121334603","-0.300120761790724"
"acylcarnitine 18:1","-0.000136705953088883","-0.322751955374591","0.0733134090529951","-0.308901075160601","-0.27209120142612","-0.172062936888321","0.640255363796846","0.427507501737252","0.01248547248158","0.173264483184668","-0.0208719537189887","0.395239612148465","0.447044394927384","-0.0994857262598254","-0.0483130828093347","-0.012485943807747","0.765957687758776","-0.29315235363051","-0.480483203476281","0.0226055609553854","-0.0193117014187417","-0.145989534798653","0.358636169158614","-0.263016093575099","0.0875114135035535","-0.790607057033392","-0.0843479114475751","-0.467488113545284","0.59306391781768","0.180096288851827","-0.247116054098975","0.171585070155448","0.0762285175912208","0.233442909469474","0.33265642349244","-0.559323496565628","0.391957168719254","-0.0621318419793599","0.104338558779131","-0.102151959645265","0.199832500147658","-0.178536798788714","-0.314955552116656","0.152767558695726","-0.269122760004552","0.329173542785105","-0.865784887752675","-0.123977807311744","0.355634183377242"
"acylcarnitine 18:2 Isomer A","0.250514993526717","-0.2723465191671","0.33959978711196","0.227050257849301","-0.0814564649985203","-0.106339575326956","0.649640675053199","-0.287629132960012","-0.202755528900396","-0.234047065099358","0.0222028253977934","-0.00662728711446595","0.400509537378393","-0.198002094445137","-0.478031392884142","0.359110302433894","0.804454143061421","0.165838230819466","-0.321700504733792","-0.089303653754045","0.0971529166467744","-0.392083694997747","0.128947371485591","-0.381204056090254","0.276437384984335","-0.573413270762992","0.22024242911213","-0.249475822043124","0.568581459258617","0.244689212262921","0.624540812214804","0.502098980504665","0.0403275701335283","0.444837334051229","-0.0980290152237191","-0.450889857073175","0.171631999972695","0.128507265736761","0.437725961897967","-0.612831053136165","-0.309067869523211","-0.382959272467247","-0.155669491159041","-0.425840999873039","-0.415352728224397","0.359488973210719","-0.836050073781236","-0.075047118231338","0.172023117865728"
"acylcarnitine 20:1","0.229721738201078","-0.95192134417626","0.127561896692568","-0.235954767711223","-0.0987713056028864","-0.124546346990579","0.929583364489778","0.100794927655229","-0.209347605529215","0.134211942780277","0.0584739123606428","0.313921706041594","0.188196272696651","-0.0648453879169329","-0.142478775362622","-0.253479004170152","0.35675974677839","-0.531586529722093","-0.0164669830367678","-0.282505009194084","0.0846328781755609","-0.0261172203241781","0.33867618208788","-0.511053502220707","-0.0166439480005255","-0.572298906900903","-0.236859821229784","-0.203178171139414","0.551538901986319","0.290443369859733","0.0953617534086816","0.305923724888965","-0.294508895820449","0.240375557136966","0.301484361726911","-0.350051042449299","0.335000072233875","-0.149415346640726","0.233664437414144","-0.070098954855828","0.0922375678587659","0.035401138854747","-0.082677226848791","0.508225646643381","-0.257524129695517","0.127896533610052","-0.537263216096794","0.0621522199960406","0.177353588057505"
"C16 Lactosyl Ceramide (d18:1/16:0)","-0.433416385878665","-0.434761184490547","-0.0340024917762215","0.146564346498888","0.10763277935144","-0.312238939214958","0.184618216623715","-0.108697486232125","0.178490550809502","-0.212417416678984","0.107724913969366","-0.210634868095678","0.104404928510854","-0.174890879602111","-0.0443008179963001","0.16900402821383","-0.530948923620145","0.505446657465589","0.58157402639258","0.14092972008263","0.223322030733838","0.065970846031556","0.0146932878870651","0.320036957717905","0.0295020182297726","-0.518922068621074","-0.242181589807438","-0.390220800962327","-0.0557367666589769","0.123092876850435","-0.307206958955816","-0.141020456404203","0.0182738647595995","0.142548755720496","0.228420096917684","0.403653959320678","0.251653354979917","-0.422738734924308","0.0684614630821668","0.573102652462134","-0.214833148642966","0.514510612659802","-0.302057951163692","0.27579567748617","-0.849625204478411","-0.0934422090053285","-0.17072640851426","0.192363415122936","0.533229653843985"
"CE 18:1","-0.548920023640151","-0.20628925211476","-0.558413764463451","0.211919972801628","-0.419880834326316","-0.46651443987732","-0.0807069716640969","-0.149928012677129","-0.424972891289734","0.728857536765427","0.0865012585955466","0.404114584226764","-0.757934144200903","0.172943849639682","0.370243338806021","-0.434740436275727","-0.092072003393982","-0.091597992823489","-0.371109522457387","0.324838698575671","0.130160487770472","0.407414602588819","0.396805051922473","0.00100240405225728","-0.367576509168902","0.0990420767625712","-0.0938574085904047","0.407255022969481","-0.349076539421999","-0.213584442030817","-0.197739997234808","-0.208756130681059","0.140028658700302","-0.318933671186344","0.406094525191831","-0.442052744499145","0.113533624022458","0.241134490142603","0.0424119500933404","1.23354645294269","0.440798185325656","-0.218578546412528","0.0335907038507771","0.465441711959377","0.165980038347987","0.0181720679305841","0.188741164443039","-0.211370994649053","-0.00596518534795571"
"CE 18:2","-0.775139793213113","-0.118582629363189","-0.505530185382983","0.544282433831188","-0.693816272339687","-0.556483509990185","-0.246536193593597","-0.0579237855037306","-0.00652157633992041","0.659005838479399","0.129247608587581","0.85621950619205","-0.892704591779547","0.56861755080481","0.253607709677176","-0.459332413985036","0.127646794655576","-0.0928285256624986","-0.24390900664994","0.211778672550494","0.297123973540479","0.536590915629538","0.351890927341139","-0.196271225436053","0.0948502319769703","0.020818241338459","0.00945220688346745","0.104720070383517","-0.464920734683592","0.0233484875908675","0.0287135328721387","0.151262452933834","0.518943650723698","-0.774147087541023","0.272605018842039","-0.528135377193455","0.297090523918897","0.0794474059609786","0.275019010172949","0.552074758111356","0.357331602383484","-0.518307744452839","0.281878289384521","0.439078552033222","-0.113021813183702","0.130810333175684","-0.100661792501037","-0.256262316306932","-0.572419724873453"
"CE_13-HODE","-0.0252214899343845","-0.31230631147186","-0.130248098201953","0.584391733060263","-0.595714468899197","0.00291392145117918","-0.0156143794150232","0.0623872283789777","-0.10197458541684","0.264715478357433","0.097236480135257","0.311829301312475","-0.909896064920275","-0.270207597020363","-0.334677222024691","0.0117814072498327","0.108981472028315","-0.14972974391484","0.05841581403444","0.0927401365592902","0.195860582884027","0.223187602028872","0.279812487206625","-0.361652969069402","-0.086693851418513","0.158318178418438","0.324397786241128","0.538827748304739","-0.368175962622159","-0.292400546068185","0.430421589874462","0.323493045015943","0.00176288744219906","-0.568666235474452","0.0469559387653285","-0.606067982680403","0.163155708694652","0.477741445182885","0.378369638190768","0.310759260667504","0.00935478223707931","-0.262746567735392","0.220212881965786","0.345972986751357","0.0372101993948578","-0.20120974189362","-0.074150412022736","-0.106288122874394","-0.287565368755432"
"Cer 18:0;2O/24:0","0.0238048868985544","0.0900648704137295","0.228563811719359","-0.17170045672053","-0.265716976519192","0.147744919197668","-0.19155554057779","0.202707141596601","0.299099635342287","-0.0748652726792005","0.157534873643933","0.0386734677250545","0.055803384225369","0.346363197918786","-0.533127362047072","-0.409041924306534","0.0657828921308795","-0.0391383699012542","-0.138347303892275","-0.135718189044406","-0.064775159221347","-0.311837034487722","-0.0412193962863951","-0.12795145703427","-0.244629487416936","-0.213480669544171","0.00600274398526689","-0.0921541230527203","0.254063360526852","0.0125197149518159","-0.0465326503075117","-0.0590165367418895","-0.616674310409532","1.11114001174241","-0.0252991496551074","0.257630300715849","-0.0420079727649404","0.148684433523607","0.0139746478563734","-0.471601594037569","0.336729348999028","0.481026214083617","-0.233609113647203","-0.0919120241332982","-0.367942979589312","-0.170850681340228","0.700211279331052","-0.377234723795173","0.579815322625493"
"Cer 18:0;2O/24:1","-0.277061513512054","-0.467503871731205","0.0352033890294829","0.24244064036362","0.174430672493055","-0.18380219825415","0.461576861681331","-0.262653169064003","-0.123381730047055","0.104321980892858","0.387539529394408","0.0988956138544277","-0.105371593014541","-0.0210031887258293","-0.491169514282953","-0.580179962638501","-0.271272915190686","0.123259502911922","0.0249872968550258","-0.381858983107812","0.267845755028659","0.244102139910163","0.185435050749022","0.2693545285884","-0.227834732225408","-0.110733399298304","-0.462955694352145","-0.0894102031738395","-0.4568336855426","-0.178548641191121","-0.400379118236074","0.0924409397428072","0.234735500044535","0.0690771632366662","0.494717443058591","-0.0985385413479018","-0.464963878052822","-0.097497166539071","-0.02120865335674","0.605954474027007","0.0944105999632813","0.190444227852303","-0.0697666237480712","-0.20436119491508","0.345400879676471","0.167477896002259","0.0912301639166687","0.279306461101185","0.763701461173814"
"Cer 18:0;3O/16:0;(2OH)","0.236059440265738","-0.347058145976072","0.00699662451644719","0.130980314183785","0.584514824016967","0.131061557218687","-0.257737782215188","0.043077229991751","0.540394329143354","-0.227053656671317","0.496827781766982","-0.171935019328246","0.0808878253049887","-0.245090138150309","-0.0516122697486622","-0.373560340101443","-0.191800645461445","-0.0414750050660717","0.0483392641750675","-0.214369535734117","-0.361359414963439","0.060972750505755","-0.219739912561865","-0.697468078378323","-0.361790607586097","0.696436458242603","-0.359038793700354","-0.40165250349296","-0.0446791979244264","-0.295820809846895","0.723365153363455","-0.0328816500331792","-0.593703095192375","0.0192667742208107","-0.0981401686114153","0.439716037327189","-0.387663066656664","-0.0275115821095332","-0.228186864107488","0.42321950693748","0.0759622558286323","0.269168921806524","0.371442823541271","-0.264620203378176","-0.132645652437649","0.293003488433054","0.323469565380425","0.22352472171146","0.409906491551276"
"Cer 18:0;3O/24:0;(2OH)","-0.0284180918035452","-0.401752700703778","-0.0170801235394329","0.136804371162115","-0.280035135728639","0.242423834553081","0.132837045250761","0.119151720894152","0.054518940833873","0.0667357968551703","-0.155511435943806","-0.0460687254695422","0.00511120761956259","-0.492743618095095","0.281092374322182","0.267058526953108","-0.35827339596945","-0.289497158760748","0.0125213655486671","-0.410184323963138","0.0706900190849137","0.0280971778628217","-0.340416755722174","-0.153599628053572","-0.263404832461096","0.616997121669928","-0.245164999385453","0.473183593842105","-0.192276790566985","-0.0676040924249552","0.660747163855462","-0.301827994684291","-0.0705781310761509","1.55364500392894","-0.886412897138773","0.246199947312644","-0.212056438487644","-0.0361549718520391","0.0739164629591747","0.466923658524445","-0.226799495878451","-0.212514805758145","-0.220520546964663","-0.170956355452733","-0.183841146441239","0.423124608542248","-0.0654625944391949","0.104778508673998","0.292598736515377"
"Cer 18:1;2O_26:0;(2OH)","-0.517805390104206","-0.394259702454267","-0.0996561789520774","-0.14670533201375","-0.279079707153985","-0.419613014485005","-0.541773880575489","-0.0388748888006477","-0.122519175881426","0.470273123325318","0.100710711957023","0.241134895866714","-0.86292558084147","-0.248975255431186","0.372664455464817","-0.322604414607088","-0.042068149562674","0.381686761698272","-0.0071374337044499","-0.358931796865343","0.957969267047313","0.135024798047018","0.978293506447975","0.709744700212227","-0.660016648335213","-0.398501965997232","0.0160525415935415","-0.0512451477513703","0.250029772881597","-0.533983946153389","-0.3662681181932","-0.308494896954774","0.362887254760267","-0.144275555100314","0.723713906432753","-0.0256009410660817","-0.30472986047854","-0.427849417913291","0.0339436712849874","1.44263451444704","0.0272969647005197","0.185263591169432","-0.197921223398623","-0.0221965675549232","-0.0267068775119129","0.173500557190449","-0.133970204048066","0.258669502130676","0.183196775232059"
"Cer 18:1;2O/24:2","-0.162958243196756","-0.594797794712194","0.111361966378407","0.557669968685374","0.67519195752189","0.020089242497197","0.0132571965500925","-0.269666849182008","0.304269219524161","-0.0377090164962872","0.190180930140439","0.196085066788823","0.0523870153778002","-0.537119788218791","-0.612158663237176","-0.285175362909365","-0.153250300559064","0.156950402078375","0.275002169291161","-0.244378428050629","0.532821476161773","-0.0468096396230184","-0.162353607672095","0.21429254638155","0.0384639591632977","0.239486206950925","-0.415208620613528","0.0497790919139772","-0.0210348856905993","0.102435003842321","-1.22746811243919","-0.25597874504644","0.263378968431573","-0.0640247995977905","0.317313577076786","0.135770505758015","0.0217681141995288","0.115295532297315","0.227400123774173","-0.309542470472758","-0.116464624916547","0.204307409824172","0.0588101783455023","-0.0291540240190631","-0.320329193354703","0.0546941045041626","0.116916455901016","-0.309049484210092","0.929254264858283"
"Cer 18:1;2O/26:0","0.14267449606604","-0.238601978535394","-0.030664417841559","-0.0174617253624367","0.342658213082479","0.0103353110583804","0.0260965537236047","-0.0706081527415255","0.3393664375839","-0.0302135161398883","0.312040386967983","-0.105315034616185","0.352464254246615","-0.247924596720635","-0.141252262732208","-0.05166589313571","-0.0975233097044289","-0.0920828784823474","-0.00552724945539415","-0.168319603586111","0.211838132581245","-0.364111618820088","-0.172778365095837","-0.147276404234922","-0.22547350035965","0.331129666732435","-0.210872097665531","-0.210524126270257","-0.292725986988569","-0.109815522142656","-0.190098377127711","-0.124509442640897","-0.554266395975587","1.15390412208786","0.0429432537349701","-0.152525520253969","-0.321010507104176","0.129619103439405","0.184002632202301","-0.159429231456676","0.193934781644481","0.409365765600573","-0.251040386717649","0.0718449288394303","-0.138860496634594","-0.0313105410990458","0.103445531976924","-0.213848535818921","0.809974103891933"
"Cer 18:2;2O/22:0","-0.180834419907592","-0.37963698837409","0.373262134041521","-0.16000234475242","0.643620644348922","0.149925622655458","-0.083272238273618","-0.00941961700804403","0.244343516038788","-0.0880471948116546","-0.138929841236119","0.0740623392732095","0.670997130513181","-0.204052219225439","-0.451842373219998","-0.278215662910412","0.00373209882669666","0.0024456754487373","0.248237320817772","-0.150919147611167","0.234329576031026","-0.252242522629889","-0.23835761124808","0.00885649862409708","0.0158830416121514","-0.323121505648301","-0.332738281298081","0.155697540870183","0.216049446070136","0.130502574034226","-1.11862730027855","-0.389036090867567","0.300172094023754","-0.154885558230307","0.279835709981302","-0.0376277585085861","-0.210062571271972","0.257545349029979","0.376582047602602","-0.15526522710065","-0.0820049783712302","0.584830973886645","0.160360724266706","0.402387145923594","-0.0653828445154034","-0.38685532404366","0.100665641330411","-0.274470308187153","0.511525084278891"
"Cer 18:2;2O/23:0","0.0130499245422146","-0.671307144226931","0.484933458833145","-0.175113383586099","0.310183057896775","0.0528311706816835","-0.12745977277134","-0.307589686995135","0.1648615417899","-0.0395614818759724","0.355850388144157","0.490815537562597","0.35509630945411","-0.394285174180379","-0.249380891112658","-0.281052578675121","-0.121902723428587","-0.0078915779699869","0.508792112627275","0.00356489297225353","0.186533088920942","-0.183167493567797","-0.117346846480607","0.182739162539633","0.118436433274327","-0.185474248969782","-0.758332622643144","-0.0755945168459485","0.237734056493604","-0.15778277659792","-0.829714486479857","-0.437831975674604","0.171218746775052","-0.0169655922232585","-0.0453209474816509","0.327721116272829","-0.393010139126326","0.235052393838173","0.0786893401285828","-0.165343016231386","0.145100961460975","0.16014399904674","0.1366417820055","0.495015684871555","0.0651722639190916","-0.055691262558731","-0.0535534986233688","0.25052378203384","0.319972632241632"
"Cer 18:2;2O/24:1","0.0178129940329047","-0.120496262665913","-0.143998278522967","0.273734327878466","0.182068169334397","-0.356316342517643","0.0230569989843421","-0.138761679546089","-0.279681627098622","0.251213504449458","0.125792043091977","0.290703155100109","0.0193346726861925","-0.478109566663607","-0.707281970936585","-0.181696826166124","-0.0802926312422881","-0.0404613450161969","0.310867220924496","-0.208985997169959","0.365115198235937","0.0200968107985618","-0.324898975385073","0.0504166523373556","0.0292275230884585","-0.0414384511169023","-0.635210070537154","0.0990881009120642","0.0266630659923232","-0.178894349154986","0.0554790305112871","-0.0279777708905281","0.222844809146096","-0.208930605684841","0.212190673087596","0.0750733623307946","-0.237528230950999","-0.0357529098441256","0.299701229352946","0.285078336198024","-0.128395294555966","0.302433396426222","0.102417570336923","-0.199090686925287","0.0529140081353259","0.267271174948864","-0.266439687943275","0.203870990806371","0.856174541407641"
"Cer 20:0;2O/24:0","0.328113292005893","0.0700638827785856","-0.119150357973993","-0.613621735253374","-0.373347321049535","0.0557019134153805","-0.230160788532314","0.0784109465711902","0.310937446897956","0.00761623571377043","0.218997366080106","0.211252110459586","0.116315898375397","-0.137175530136515","-0.139158499987216","-0.0914221548418824","-0.252552824425364","-0.189595811944889","0.0547923860681268","0.0183720451114561","-0.0912035374013431","-0.709556112458815","-0.118302974729491","-0.277542543249521","-0.255020950889978","0.198571803358593","0.138837160104149","0.0567790075987453","-0.137270114849523","-0.00956117913399688","0.20276329682078","-0.131439338801721","-0.494897760832187","1.77802734185025","-0.209142435460851","0.0824388773967133","-0.21379606150752","0.0195685695895121","-0.177365788407477","0.29317258881377","0.14892549222997","0.0296942016090069","-0.126341322242371","0.149858258195704","-0.264580147888942","0.170984827032057","0.136606260035428","0.105947021746309","0.379457062140379"
"Cer 20:0;2O/25:0","0.610169359568819","0.0775665844707625","0.019170812860459","-0.434795857398253","0.457863883463043","-0.114607758013241","0.340776582796195","-0.292037615443829","-0.416964106668815","0.398560115015511","-0.0533876206146197","-0.186972467532489","-0.0207579635392145","-0.411069339135994","-0.210263581916943","0.216080908333423","-0.213233460545593","-0.281859410099703","-0.0435717184925959","-0.120620867174178","-0.179370592139542","-0.251215438960941","-0.057899117674031","-0.489442665190531","0.457254363761867","0.345850958808914","-0.24660784631487","0.201064900809098","-0.802039482187417","-0.0705826287273615","1.05851835277056","-0.102804034939869","-0.0496429411132333","1.1988090624936","-0.529357451104475","0.600011719909373","-0.348918568959539","0.0739922292822862","-0.243091141247251","0.354118893957992","0.00295621585157711","-0.0332066062762564","-0.521296134754804","-0.319451278460223","0.0135695923762786","0.263670906627943","-0.0779261215327857","0.200264729786659","0.232723643214249"
"Cer 20:0;2O/26:0","0.324862110082823","-0.213681404534149","-0.239225061824742","-0.290209358535237","0.115524201024635","0.365772814637961","-0.0679392920157388","-0.0737252971856861","-0.412238080901761","0.145880311194665","0.333558105118574","-0.0908362269706381","0.0780518554403459","-0.358754170813411","0.131250496585339","-0.42927579444692","-0.105990349089766","-0.103307675262159","-0.0296152773718219","-0.228420358125874","-0.223469727399099","-0.248719401190516","-0.127690730298273","-0.386264737948333","-0.00871413846406915","0.422751110657243","-0.270885833260716","0.113383770917763","-0.225744711661335","-0.394800061998143","0.66685864521233","0.0289364420666975","0.0549790839324864","1.73551734155332","-0.481659025825273","0.516111440497046","0.174648508775069","0.14278769662995","0.333075353752287","-0.197278941371171","0.0359582448577364","-0.0726303571098268","-0.408630816139965","-0.384137765569482","0.0889840009372097","-0.206046251070732","-0.0360534137938132","0.151054255768444","0.355998470536727"
"Cer 20:0;3O/24:0;(2OH)","0.678594432963927","0.0529723887437712","-0.171961566399592","-0.0644112099275975","0.10415155945215","-0.280931829362734","0.0997270696509581","-0.0251075237153356","-0.192229315094154","-0.100002170806626","0.0245379761348621","-0.243573449026114","-0.0928569305548225","-0.937544803420953","-0.262780525036174","-0.146739745355717","-0.45537526366603","0.0537014746720744","0.397873545633478","-0.0746628290995019","-0.179004813203997","-0.112213931913439","-0.266621771141603","-0.226427507569226","0.147362944681807","0.374115520110928","0.0425391706770221","0.206427028214414","-0.517596175622663","0.143669565716161","0.482625700904405","0.121103292143441","0.120837384660125","1.25114996409793","-0.559986125823536","0.00448720755461012","-0.30828835157443","-0.493680796588033","0.212554064378983","0.568346112851339","0.173082712503525","0.121702056973906","-0.4330355123892","-0.206394529073576","0.13421159201774","0.308961909503809","-0.159714814102467","0.310242331301105","0.376164484925045"
"Cer 22:0;2O/26:0","0.510056022681369","-0.238912318334605","0.170977946706408","-0.0753001943035564","-0.580533307097112","0.120967210914012","0.367523771930702","-0.303168703736039","-0.326724333290349","0.322984877503465","-0.12791609125718","0.306407569679796","0.00132002889326134","-0.415760259423157","0.0532910264261481","-0.00653474240136674","-0.390535487599957","-0.37964861953433","0.138939975266091","-0.372016501088616","-0.0896459814815185","0.205545814681323","-0.548942911624974","-0.517736379305596","0.0770554837062867","0.187451620174018","-0.125030896242733","0.258360732169564","-0.0152936236633451","-0.110544874567534","0.465334983623918","-0.0134277164811811","-0.32395848037198","1.1341581010261","-0.826340380861002","0.0024504587869336","-0.370466942984128","0.461856504309322","0.0904010160802135","0.314311039791748","0.0210683439232436","0.168577164858111","-0.372217485474377","-0.138072333945081","0.323291535282565","0.326619716065064","0.0952243659642113","-0.0544565089926511","0.599009763618492"
"Cer 58:11;2O","-0.365192921778285","-0.17419367897689","-0.13551894532074","0.14694915783137","-0.675943576330055","-0.47675911284365","-0.437299314230409","-0.178194200547525","-0.334035762589039","0.502427966136954","-0.238965328360617","0.290341073245496","-0.800245154599459","0.157339808248317","0.24701742973469","-0.172271837735077","0.00963744910178726","-0.235440245668668","-0.0534196163523537","-0.105543983389178","0.218363953347683","0.186415809132382","0.744226632150992","0.711795340549826","-0.274462990244874","0.214630073269044","0.12399756244809","0.267723296594591","0.287916173978474","-0.0756008171512633","-0.109972658094939","-0.136329614723407","0.296564312804063","-0.176239088609231","0.754834661294238","-0.232804581873374","-0.133906882638601","-0.328457014849525","0.023128023659646","1.16603273269706","-0.348787747715992","-0.24489071282691","-0.0584461605974952","0.073342766173118","0.257612860483013","-0.0591157013862199","0.143403486883411","0.156253105300535","-0.417916025631006"
"Cer d32:1","0.196250346309189","-0.365276627444599","0.397187460679915","-0.378489938920719","0.834949512718392","-0.261160128817379","-0.283656781805465","-0.261809709038384","-0.15812456043154","-0.0580633089436385","0.0456181593639939","-0.1553814310383","1.44468013212446","-0.0610823900734546","-0.264132136395841","-0.196879734011686","-0.119656651324113","0.0440335193290058","0.104413763497154","-0.222675529670586","0.0881264279340202","-0.213080848282083","-0.168892254580627","-0.0825345393910491","-0.36630353863397","-0.267911012602663","-0.35063484197185","-0.0780492526805228","0.0879637925333218","-0.449524257818323","-0.448300560299307","-0.0195900763986063","-0.0930084852965076","0.575933520660576","-0.178522561386716","0.391385462656526","-0.227856786625059","0.287489178756418","0.314386556982845","0.267899260975001","-0.0421014378781561","0.771794007815846","-0.284855611869801","0.118484613284954","-0.075201817186995","-0.35700387842248","0.200385973765027","0.0246028254571678","0.294176174396608"
"Cer d33:1","0.122214681619228","-0.0810768108930602","0.534384640239164","-0.367116366631786","0.576633119698767","-0.0522134493114784","-0.1333146354231","-0.229869985227753","-0.250335796176634","-0.1995040038576","-0.156632921834901","-0.285202980887969","1.35310616520078","-0.304644579363837","-0.369892250918216","0.110013574722068","-0.292148869140366","-0.0406392346107782","0.290931802017494","0.285534192966861","-0.112850950884598","-0.460496052070653","0.175923677546069","-0.211785386449576","-0.322977311735989","-0.0647419009165911","-0.126274952757205","-0.030476575059984","0.0425401160662305","-0.418693434062128","-0.210286762891299","-0.179468139650787","-0.17970275013932","0.399242807887073","-0.368375870061583","0.286125688397272","-0.649610285578142","0.42418117838416","0.556280295939397","0.0134926225856987","-0.15971155147112","0.591873314586735","-0.153233094444284","0.123708100211769","-0.0141729029498625","-0.161827524053559","0.212233645052459","0.166720381189644","0.322137325143298"
"Cer d34:0","0.0630318970583499","-0.31146080582561","0.356979014611942","-0.165119370921466","0.231317695654545","0.442848378646059","-0.196729507130596","-0.36148232736974","0.155188652393037","-0.221168606481192","0.175546039207818","0.546627679353809","0.144519962463419","0.134507956162583","-0.249546991607972","-0.241034265409047","0.00765693234709654","-0.129356352094762","0.359591136648239","-0.31379742304937","0.0557051699946025","-0.429063414351647","0.0863639896194561","-0.381370439494375","-0.0912236955471094","-0.177359313163447","-0.344273300363351","-0.0993475957075542","-0.112227809443309","0.47253811258726","0.0755641999186909","0.113662690726236","-0.344669721438343","0.113852324074111","0.321767179797693","0.11813386474778","-0.489161531190392","-0.0162902590603091","0.0133927597151263","0.714908726667249","-0.145653714979811","0.0245441948022766","-0.179021065611568","0.154278867134526","0.148213459007258","-0.206931512344518","0.300533539002212","-0.350909355342966","0.22592395558708"
"Cer d34:1","0.0369450833960568","-0.466347736537533","0.282938459440316","-0.327261779602624","0.496229186917263","0.0633904282022013","0.00070704052415671","-0.464065445488175","-0.0368621565996525","-0.00613770791502878","-0.109350049235057","-0.0344524940794441","1.14998917739689","-0.221495087976856","-0.29112962801243","-0.027599807241217","-0.255612790027303","-0.16504760709389","0.127286149780513","-0.0954030701850695","0.350940268993951","-0.224655313128942","0.190286464438956","-0.0911452127568907","-0.0796764099891223","-0.357793799570295","-0.43758630349736","-0.187134352304773","0.0676941639738867","-0.0752138259916629","-1.18706336899783","0.0276351267219921","0.0705746332404312","0.557493014923665","0.0397142882499053","0.288599560724711","-0.140912391407535","0.234860691835476","0.257419794816603","0.30242638311659","-0.14082671606408","0.618472672932349","-0.0669014518563614","-0.0513459005899287","-0.118555067182531","-0.30226106247806","-0.0494498404131449","0.116244388532663","0.731439398064218"
"Cer d34:2","0.0056387368260598","-0.614563589560533","0.520872881865316","-0.325865100504748","0.935790077741245","-0.126545080512587","-0.0575695445666433","-0.415955900702212","-0.0587613756678964","-0.186986111153957","-0.309129718758985","-0.222572347969596","0.96400326202743","-0.200234050303831","-0.59188044433037","0.161346293461415","-0.124214846952897","-0.198552309599711","0.171580720878517","0.113120717628423","0.321724729610535","-0.225078522861642","0.261235126556102","-0.361190090044923","-0.169278202751579","-0.28338822088967","-0.1647793033387","-0.346783270087318","0.215407295382682","-0.170903688740036","-0.821152428011231","-0.43017243567104","0.225132626703575","0.403951706176844","-0.0538200895473184","0.525534089171895","-0.168778567928032","0.395005237260284","0.582252848530549","0.267857143082617","0.0154637901084693","0.771759169380797","-0.269166163308336","-0.103281300285177","-0.239670143166715","-0.390027079828988","0.287813186798632","0.0167981859785266","0.468012101874754"
"Cer d34:2 Isomer A","0.0159748768545191","-0.326395700483349","-0.00178339064771155","-0.173823194422832","0.208906721879228","0.157325304262443","-0.387547660442635","-0.137602885703054","0.0274597278089148","0.00846496776160096","0.115218823781172","-0.209568316268479","0.0995554350649789","-0.515495726383175","-0.345750112772775","-0.00831604689080918","-0.220834282852775","-0.180407841145726","0.290132520724102","-0.401672914825257","-0.16849303216051","-0.01190040927349","-0.0289485727265679","-0.096185007982094","0.196852826079738","0.5629781799009","-0.260381955191219","0.263199870604079","-0.0902032154404243","-0.165322275952524","0.597425957383029","-0.0829144214633192","-0.417655329545954","1.34022004850268","-0.0866882536607499","0.514385613389501","-0.306427252186881","0.160292681709656","-0.0133554728767769","0.705635261503912","0.254390461940723","0.381804808127935","-0.257700286354448","-0.527538426778934","-0.266003420506524","-0.3824921063582","-0.0546883367775351","-0.0447984467868041","0.270670207582417"
"Cer d34:2 Isomer B","-0.0394422422309815","-0.219498143605923","0.692752718868938","-0.556899286708984","1.07770592627741","-0.0197826143213617","-0.599600236490093","-0.164544257319938","-0.15982565580101","-0.156172548125339","-0.000634183709418192","-0.393054137045992","0.796814790536204","-0.648301656013207","-0.328632326364578","0.337839373114541","-0.404810475457452","-0.0468691185354233","0.0048058319415176","0.12100210922766","0.12878630486972","-0.499129814149681","-0.0833666424937233","-0.201726719945471","-0.309981355324497","-0.242536279288737","-0.531404135611087","-0.0299621062319523","0.229924102190103","0.00141666919086732","-0.694943985120115","-0.501464120812399","-0.066542087710903","0.744637518417254","-0.0466681395131008","0.634606137801719","-0.437142839539803","0.394963326765753","0.67243237244573","0.365158512451801","-0.211182903921463","0.942607955028506","-0.0756114305619844","0.156389407554049","-0.204372533603059","-0.230259183728243","0.0563277454968107","0.135057935727699","0.611132421379637"
"Cer d36:1","-0.168020496079095","0.0308515041155021","0.0630992304380317","0.137151443004912","0.440966216664329","0.179296810954691","-0.0928402574076713","-0.508771701640354","0.0170451384230782","0.0246991921834409","0.139874799740875","0.0858411748666556","0.771061793556804","-0.219593819453596","-0.315378106279339","-0.449991113808902","0.0238456909591764","-0.00563170634281667","0.0192628835161048","0.00630965512758411","0.298639244365518","-0.600990999851062","0.344093355383919","-0.012675641115825","0.187997985756389","-0.521924639309255","-0.220316204222463","0.144838418544885","0.214273870396581","-0.225824894966211","-0.93698103960396","-0.0502162618682032","0.142751678347232","-0.302393167533611","0.235485176544331","0.164467954459078","-0.209791430179419","0.334376627291123","0.223482395174231","0.179368650128411","-0.147033643804679","0.46143949984499","-0.0944814838629997","0.341718781614087","-0.12460066815024","-0.291626680115378","-0.02723177405987","-0.0611253372762496","0.375201895529242"
"Cer d36:2","-0.216936403410011","0.15691052158084","0.0885206868631216","-0.326807688391679","0.72007613589065","0.17674422682005","-0.0537158815632489","-0.433878712713846","0.0440071526945205","-0.408925401619295","0.305696111368859","0.267813502781653","0.646977608196683","-0.0439979179983789","-0.220267467322682","0.237835987358216","-0.0265487683814254","0.164667619712135","-0.136616787732555","-0.182949438151313","0.433333576777057","-0.0842506038302344","0.232789813063602","-0.0657385213796307","0.37048568130088","-0.212762925487681","-0.249614160120133","0.422804035963297","0.239081071205486","0.112540440889214","-4.1458392808257","0.0887533239330233","0.27636606942659","0.208749462304327","-0.215281955773543","-0.204040533601732","0.0267021418206602","0.373038849614598","0.269830828796937","0.247674329737014","-0.225502378540816","0.618625508878942","0.038973192826005","0.339205816063622","0.337762391291801","-0.0305131066999345","0.139384128713196","-0.293763843152945","0.192601560823798"
"Cer d38:1","-0.197056019046848","-0.269507297667624","0.412164950459263","-0.0879945841603356","0.120418859726919","-0.0152913134299222","-0.195719242601873","-0.138613981672463","0.215888488141321","-0.151208483265954","0.148242106810073","0.148120064943891","0.443263421252988","-0.0506107159540026","-0.32138054709794","-0.185551689915617","-0.105224595752242","0.0717048550535685","0.0945951716011089","-0.366776551324409","0.404794432803654","0.0275574861788255","0.314039641443373","-0.188374084933617","-0.167046654846263","-0.517262275882442","-0.353883063792358","-0.110162734737144","0.160546042116274","-0.387088737270777","-0.559827730733938","-0.0946561396338357","0.238436439701711","-0.344349656930768","0.0782708577951022","-0.00577765107450916","-0.302686475031268","0.0740673023813503","0.326319631856996","0.393074368922301","0.131654662978195","0.558754598806788","0.0569468413698569","0.235684170754004","-0.175006064320956","-0.201709362091052","0.232107818666676","0.123130629958089","0.482982809445828"
"Cer d39:1","-0.267049562265767","-0.407621915132222","0.142888870529239","-0.131075262017781","-0.13550234735103","0.121155108443148","-0.106157458705588","-0.105707995251165","-0.00470182893480864","0.20239727983443","0.0286691072452097","0.255979800457094","0.587087423565304","-0.400372385346835","0.0144381424436652","-0.509920935806646","0.149415144982815","0.10587634462276","-0.0336460947480185","0.0974112863726371","0.191960115550791","-0.23302734680916","0.240783804370323","-0.0288446598576723","0.0374117824579811","-0.147425244424672","-0.164511199689701","0.209071595167098","-0.116447888024212","0.0513686011541424","-0.297866154733181","0.227673488648793","-0.144392600724964","0.0604717986963345","0.091902946459186","-0.166509104289208","-0.982026378939803","0.195303124565685","0.0131730374588356","-0.0860049708649497","-0.00304790377058054","0.0654799881036666","0.240469302950932","0.689266573008044","-0.0916562894252776","-0.0591070089840044","0.0206337212839095","0.151971247231153","0.430362900494072"
"Cer d40:0","-0.199051671240581","0.0962460621432608","0.148747122688459","-0.0676855653761213","-0.496245512736122","-0.0298582139829518","-0.258234569271762","0.205862322920381","0.177703114109443","-0.0517232081136558","0.147534244768532","0.357094512280462","-0.320654900871452","0.540940555331724","-0.547457743428095","-0.216210499750485","-0.308485439280834","-0.0391650209197017","0.242957408129478","-0.36864284893115","-0.207570203639479","-0.42713734584655","0.111083813216285","0.0645344904429004","-0.0821041112186703","-0.444887102439872","0.268307656793624","-0.145211081566832","0.432264146059237","-0.251520724729049","-0.071120806006695","0.051692405702742","-0.448817837937398","0.673529340135952","-0.027626564550347","0.244744730667081","0.143612313155285","0.223810484550371","-0.202817323668111","0.271858225554985","0.326775956665331","0.503201380681177","-0.373108002885375","-0.0552813540781101","-0.323228081900281","0.0486400648876407","0.708018377146474","-0.445381672825155","0.420068679164012"
"Cer d40:1","-0.225389652704998","-0.263115288530092","0.231875880904402","0.0901903842807699","0.146758489878229","-0.0430451680999672","0.00440018518199359","-0.13038352039447","0.199694267758499","-0.0944065476310672","0.277564875713652","0.272857167200863","0.35167687206599","0.0950151535611722","-0.192067673584088","-0.264787959271862","-0.0387540618603792","0.0727554273294641","0.068204053039999","-0.413692921436276","0.203825086576488","-0.44517249132086","0.0590505213803791","-0.077073754106182","-0.245934839268367","-0.46324371593396","-0.291392564886241","-0.0803222757763538","0.0691954567094976","0.129602993801256","-1.10730844225803","0.056389491438609","0.217762895895082","-0.0646855233178417","0.109333398650587","0.182696761651709","-0.182434400112292","0.102073474255496","0.211422271983632","0.170571003811527","0.0608548471297229","0.524481301634564","-0.150620656178341","0.26480123771303","-0.198894888077742","-0.0492312501105291","0.304050445417147","-0.0635499376875316","0.608403587583704"
"Cer d40:2","-0.0938026955669266","-0.394115922500656","0.143039475466121","-0.057701109470179","0.528978176565499","0.149260382031052","0.010827193801818","-0.0957354709500449","0.0452792303537704","-0.203920814763135","-0.0446337704805466","0.121818270698171","0.328336024873381","-0.160513661281809","0.0669675951392125","-0.141563975046082","-0.170725463639723","0.0254639321702532","-0.00462426200387501","-0.134549062631756","0.0273975383941034","-0.110271082721371","0.0253585331402087","0.136208144852204","-0.0722434284932482","-0.711045783725917","-0.274272514880949","0.0189498082839024","0.00221551401694161","0.135128764896642","-1.56474234564329","-0.0147787131754323","0.4593074298054","-0.11862308503182","0.23142622870536","-0.166058821529959","-0.134627247701147","0.260214660255542","0.251701492288117","0.29264281566916","0.0339928873611181","0.478666673466372","0.223703258935721","0.339675992075148","0.00856527033480365","-0.209351749418061","0.3183488651264","-0.120546312287173","0.334973134236678"
"Cer d41:1","-0.209482462904627","-0.263918327056328","-0.0622542507460825","0.0586150640403439","-0.273571049100559","-0.415887255108367","-0.136921034773123","-0.189443997183699","-0.311771737239202","0.125955190287263","0.145214197541248","0.677806717390712","0.124297879986255","0.0234396371413396","0.0440544827606844","-0.446769003637523","-0.131288114107851","0.200729498245627","-0.0961036267525311","-0.0614129711747568","0.260573770284757","0.161954964690705","0.684084881954414","-0.0180673427618065","-0.141207914442546","-0.477064156426408","-0.146469578660807","0.174504860653387","-0.0877503743507352","-0.322947709065324","-0.656154711845611","0.0581348906658249","0.235617367137723","-0.408701266827223","0.174846281522847","-0.170004701625892","-0.408070581346286","0.419267281098265","0.177979942334497","0.822021312255666","0.246163975330574","0.00213084655029142","-0.000163181258427331","0.481935305624736","-0.059379926725004","-0.14422271278258","0.37456814220629","-0.0141604559020758","-0.0207080458980779"
"Cer d41:2","0.130688845024349","-0.244228526840788","-0.186811239961203","0.412615783398047","0.422069090478058","-0.28766664695327","0.0916704604828994","-0.0304591122389803","-0.126177876734909","0.21550978469196","-0.233949449885625","0.156013622189296","0.936476065033363","-0.452709971235979","-0.465407707232786","-0.334771028043941","0.180808722738509","-0.101880047407393","0.229183314351894","0.15497473150527","0.376854116382505","-0.121152104645207","0.0123451875593994","0.288140086570815","0.258589450034397","-0.446395448331926","-0.286845796843928","0.0523787550689286","0.338737124951969","-0.374116010229943","-0.744195368798708","-0.116055995828749","0.25883530209226","-0.13214366667981","-0.0655506613484767","-0.138414614938009","-0.816146820100769","0.143098219982424","-0.0296787386461961","0.461092089383697","-0.181648619772021","0.146755596806839","0.23154672508825","0.24638717879303","0.133490061002962","0.0156502558303394","-0.00478165049977892","-0.242367996503745","0.269644530260687"
"Cer d42:0","-0.124137415915215","0.11159753014814","0.0629772670027176","-0.00159537141940698","-0.516534843448889","-0.0725867599845892","-0.345700175987008","0.165596695666945","0.183781478120785","-0.109930754102954","0.199907109708021","0.299418801823854","-0.0340662213840999","0.548436029267773","-0.584397201949825","-0.550835855190531","-0.166872601193256","-0.174722766073123","-0.0528852486948382","-0.321125202639501","0.0292546943998039","-0.411795042561935","0.209645123601534","-0.103842199586411","-0.12303640891867","-0.227084826072464","-0.0462481719808536","0.0109399104076198","0.322514833568729","-0.0890089463595131","-0.24120267775681","0.119937527073612","-0.360910168028475","0.665038805003969","0.237220715760947","0.187192819088947","-0.0353535591787119","0.046606830292345","-0.219146680036825","0.348348039412416","0.215826085525316","0.385100292285735","-0.200711709859287","-0.0917754436236459","-0.317269510383481","0.0903628896173922","0.835265061750246","-0.28258558476421","0.530392807567683"
"Cer d42:1","-0.230766897555826","-0.332029110310829","-0.0741870967926846","0.187709015520072","0.163964449506384","-0.28508835171476","-0.0352177832169968","-0.141276741633133","0.167921897140038","-0.0380898432634728","0.338274338090565","0.439947215141625","0.369403557512751","-0.0288089059767112","-0.262638766472478","-0.28866063986718","-0.0688533026249298","0.170965049881556","-0.0937055896875258","-0.378608163126882","0.30568154555172","-0.0988279829898477","0.256268630614707","0.0838133406011496","-0.24439647823303","-0.26435959313462","-0.282721514368427","-0.184248362794845","-0.0614895278722414","-0.124858232281131","-1.00919209514831","-0.107699456303729","-0.122077976265812","0.0125675429962064","0.2552198057584","0.0782987850263109","-0.0989518630358423","0.0118535954997207","0.226606887872268","0.40348829393104","0.0783991096502876","0.481363758717548","-0.326599979155782","0.331406191375476","-0.291216310221998","0.15672874648388","0.374320527174338","-0.177924092606918","0.758292372609899"
"Cer d42:2 Isomer A","-0.230019746522339","-0.605626833333872","-0.0415367959077674","0.190185633464843","0.358076103032388","-0.310379817882739","0.151099701656927","0.06908423169563","0.00827283531151389","-0.0983946918687869","0.400654444850218","0.291987456639586","-0.0266516566699189","-0.200513073755579","-0.288086011482618","-0.358935351353027","-0.338853107651094","0.175103674640684","0.090448744959731","-0.261945999417525","0.515098428055847","0.152220235673378","-0.0257622756324766","0.344233236684359","0.00940088210544652","-0.291856612250295","-0.496871747136928","-0.0931389593188669","-0.124810036832206","0.102484575131332","-1.29927878810371","-0.214046484913506","0.288179704760136","0.11307883864538","0.433384278263215","0.139370412469626","0.245961007704153","0.0415134191855275","0.014975205604491","0.170744731930967","0.0880360744151485","0.37109379925509","-0.188206359751183","0.107984633493302","-0.273185636086516","0.0248111556335604","0.162017513143281","-0.106442323030482","0.815041350495676"
"Cer d42:3","-0.115544235616711","-0.435723044865663","0.0463315343564613","0.613393871687545","0.375681550958194","-0.162141786960646","0.254008597922066","-0.323176039968744","0.0472679740079561","-0.129890612365034","0.228547635194837","0.294255983915894","-0.104938209863449","-0.328358965465598","-0.643420520969829","0.0963363444897055","-0.330770474010175","0.279087613253711","-0.000752646271631007","-0.145741731684502","0.62378029827829","-0.00435120781731103","0.0130145476363111","0.202965426962532","0.215557671769756","-0.185457725245177","-0.601823489615127","0.0318155223744927","-0.148018288663902","-0.0777261076277342","-0.948392428350433","0.0227444490203709","0.486028091836093","-0.236690592180145","0.28632826816273","0.10253370269138","-0.00599172195635309","0.170755309344941","-0.013806033464676","0.297415115782658","0.168293036324224","0.00499074981341086","-0.179582121316542","-0.239972946540481","-0.191387616322673","0.198553105503681","0.12764489351762","-0.363015272587485","0.729342524925161"
"Cer d43:1","0.115355067539182","-0.0069843776045401","-0.135619903255521","-0.15335404499297","-0.0494146576513483","0.0098102766265934","-0.0610146161368379","-0.01500048001145","-0.369392312797618","0.160633737022404","0.0902185822120017","0.623433702141407","0.131573172151094","-0.189543961974454","-0.218366181088716","-0.171757098811558","-0.0744756587128666","-0.0355597278620267","0.0268602975827496","-0.304476681057405","0.000296438669832648","-0.182439515033947","0.57520596969185","0.104559996144747","-0.0609751305278901","-0.0307021650764487","-0.251739452531283","-0.217543775431872","-0.202870554208098","-0.391554321760489","-0.0980587948601282","-0.0825085653144634","0.146374855696901","-0.29154117511086","-0.0451167238590593","0.0932264451631152","-0.471655541384694","0.0292647619992106","0.0827111926528432","0.63635806955093","0.0795451622257167","0.180409664538177","-0.260196567026607","0.314092139699014","-0.0488709853033696","0.12783816241886","0.070132605024815","0.229087406215894","0.59374526441918"
"Cer d43:2","0.208083515926618","-0.104964100829539","-0.410397449645835","-0.646315319411173","-0.0827000638934409","0.0858568236723935","-0.0593256921152181","-0.676363277251002","-0.672723514355671","0.694086655181471","-0.423762893684005","-0.176259957053283","0.127154468373926","-0.458650199062819","-0.376048756211605","-0.434105704633502","-0.266583139416284","0.154960533620953","0.115499151908375","-0.193213756747476","0.350002728647246","-0.0956617592581561","0.0293221172977168","-0.226231015485624","0.026240039372341","0.96241775562542","0.128992748514962","0.0286618549656207","-0.246316134448295","0.0993937150755444","0.5888687522223","-0.290338178396565","-0.151289544070379","0.984910058198241","0.3137073285884","0.321350194714466","-0.253411015673467","0.0152154168699272","0.434964439629422","0.0659572117224902","0.228444367831586","-0.2950665368074","0.262807646666851","0.171348190997263","-0.0566263389808264","-0.111980644214199","-0.0829575042266354","0.514248229988516","-0.121201449739643"
"Cer d44:1","0.211809933408759","-0.141841650862229","0.204346257185026","0.129785721561238","0.22673267863813","-0.0935903797664885","-0.21962657605641","-0.0413167397762796","-0.121526250347672","-0.373541533553106","0.263350070530498","0.36387449799619","0.133199924814923","-0.275972171303778","-0.333109124682776","-0.389493705545205","-0.169571885452822","-0.0711828694454109","-0.0472442956147595","-0.143651167219192","0.141539882946923","0.06998877718608","0.517818668935865","0.0429081458610738","0.109842609826757","-0.36276861649101","-0.231234833742437","0.125718464306528","-0.292262087122367","-0.19922280333884","-0.576425670413025","-0.0439263427757354","-0.0801394742165576","-0.0677712533408253","0.478757682913431","0.184957587810652","-0.326508472931667","-0.186590762426686","0.22061619724581","0.357179267225182","0.24467311954818","0.212628673315926","-0.265305568042138","0.00202419121608136","0.0204612031283356","0.177973607003519","0.182432236657191","0.159565163796222","0.271639671408895"
"Cer d44:2","0.26638535818191","-0.156002656378017","0.0975007231888651","-0.217279135338669","0.274260365847787","-0.0715582793510108","0.262195382125078","-0.222985453868251","-0.152534476617439","0.449576970611665","0.0439386172761011","0.261100047518083","0.0180391186898787","-0.523666566711537","-0.125507094381916","0.344520552428593","0.0544498925708544","-0.0390284116959915","-0.35590599875602","-0.130738409622949","0.085618157419082","-0.576788037604405","-0.386091012669777","-0.393415103920806","-0.105346381898918","0.544265577860976","-0.373775416861357","0.0803219174618393","-1.16719396638863","-0.307035971139258","0.622687513851764","-0.0793659355408728","-0.0136690458843123","0.890818061779166","-0.180693382455336","0.468522275886582","-0.100593086837544","0.110764795628462","0.095506944056292","-0.128130379026368","-0.333785686600463","-0.0807058624406428","0.199914776029335","-0.350338642640067","-0.0320403633643448","0.26986376191935","0.395166992968126","0.200807222304265","0.567949732390848"
"Cer d46:1","0.182711380023622","-0.034005423589229","0.0708739053258535","-0.580228183176331","0.0411313632651462","0.267221544362876","-0.243592503137217","0.457678142716729","-0.0871599629658011","0.268046066276955","-0.207653881068","0.253074893919801","0.25314795420238","-0.440482368520593","0.059253057881554","-0.257279433534774","-0.223805951685173","-0.204329809848722","0.178791138271371","-0.143506525565241","-0.0288362150558962","-0.277443881232997","-0.32611952888264","-0.321588109439909","-0.415300659120077","0.243847410824974","-0.229450143081838","0.0777188723356759","0.0298034752969373","-0.227078877409002","0.447005470433907","-0.145465694514233","-0.466847121051908","1.53153518361796","-0.566535761238057","0.148690658918033","-0.163008370535511","0.0719237028163856","0.0276780410993895","0.335791959173078","-0.266013112056307","0.0338618003303497","-0.137433337894195","-0.527392939774339","-0.0806386398713989","0.284433557578072","0.176763068198528","0.329425568691253","0.830788218688554"
"Cer d46:2","-0.0166592795076941","0.597594860127407","-0.0832907035036563","-0.986081091023046","-0.0374707078686267","0.0917455644717802","0.166987906038047","-0.397104907681594","0.00802695042317547","0.697700967401248","0.160497966301339","-0.0478630013337899","0.0405410211601092","-0.347964993058999","-0.305309881207418","0.00893838741062392","0.162891139579621","-0.566143800616556","0.442944973022406","0.107431930932809","-0.262161033566261","-0.487415272237172","-0.476228371235771","-0.0906958671399828","-0.26391227098471","-0.014421613129135","-0.311798752773969","0.290710414696918","-0.416295877259436","-0.437330354914216","0.424942605890899","-1.31115083178386","0.0092885318068372","1.03233355958934","-0.0651889509452288","0.440779521624556","-0.352928335104578","0.21695508401689","-0.0701848196488246","0.703674144598246","0.289269416250916","-0.0315928391970059","0.215098292932098","-0.246952576176594","0.176434100234104","0.45463730345018","0.195261604322161","0.677024191778294","0.0144356938381255"
"Cer-NDS d39:0","0.427601007936153","0.263000565740893","-0.072468264768272","-0.198325878818053","0.291226081790289","-0.0139891617805746","-0.469510589022193","0.0395706609183786","-0.10168894732886","0.178840023702829","0.100804102295754","-0.0229903493672697","-0.168837151245683","-0.298152494241025","-0.38454639382392","-0.29516053050818","0.0101259191529936","-0.15754325334832","0.673532487251109","-0.558599183488122","-0.201689669853333","-0.235878266778225","0.364007730285177","0.102133498890189","-0.0267932478337367","0.38109594578111","-0.392616669185429","0.339820997359853","-0.471658115785175","0.269629511082702","0.20187971069445","0.427349292065365","-0.513219430009461","1.05170114600142","-0.0280464828831221","0.26554532824128","-0.868816209128229","0.244087387315132","-0.390087918700738","0.0187414675428456","0.300420251310967","-0.0669912679992017","-0.0852490383382817","-0.131471682948622","-0.215367841696284","-0.14071303329395","0.24554037277509","0.0579726222693528","0.255784961770937"
"Cer-NDS d40:0","-0.197764796385327","0.179528600069896","0.358570108521657","0.0731254205359768","-0.41680321264387","0.224294505914356","-0.160612926023336","-0.0114748557563523","0.142063133217351","-0.206460808619018","0.196451721254438","0.0342610915751121","-0.0596840430428915","0.215175021560759","-0.430259744881898","-0.0731462470266822","-0.190370365313001","-0.211082428304861","-0.0517882506120956","-0.323779511626201","0.122998276857621","-0.512101994110978","0.195840510977297","-0.309051612840318","-0.151838446535217","-0.164250201441523","0.170791810709539","0.015955469227368","0.434980708269695","0.0886815401167607","-0.0234481914874949","0.0583484371651128","-0.387455013119404","1.03045493657409","-0.0555978690422616","0.471261892758907","-0.161285851407412","-0.0138671990597347","-0.00945018868368867","-0.0687761886193615","0.103557361421991","0.453166560132295","-0.452451458305992","-0.189140356991965","-0.128367969934901","-0.365999780801517","0.651111149839661","-0.41063456584643","0.516325821763852"
"Cer-NDS d41:0","0.0818627720892774","-0.219369030157608","0.624498568245106","-0.163246284184811","-0.507465284605479","0.181891999702713","-0.48381863717032","-0.17277272074779","-0.0645443260264973","-0.009545948986048","-0.00551773844940751","-0.0381491892433721","-0.240976178851819","0.0486426364617456","-0.428199217627987","-0.251496974253374","-0.0473240554432307","-0.230136514767524","0.0645553602658483","-0.157135136711827","-0.095729982998099","-0.462481113037951","0.605160305748405","-0.0253321012344047","0.00329522655979623","0.245962520525086","-0.222469897407825","0.184562732754203","0.488956265319189","-0.0282086715850329","0.198400418461895","-0.0239669607468479","-0.232885973519415","0.919285463231284","-0.0152533657115776","0.139669880489371","-0.295175886366237","0.11552032953078","-0.156378791448606","0.0386994354638639","0.155768683661236","-0.113168438732348","0.00901495811115917","0.228880420039745","-0.247188404959086","-0.255266854895045","0.382142490739882","0.291325824901585","0.185107387567404"
"Cer-NDS d43:0","-0.0125420290337814","-0.0727789212873535","0.273179526533902","-0.473703960288626","0.312145163496726","0.0271235673531513","0.194328811881812","0.0833525084475769","-0.203667902260948","-0.205654880344802","-0.00235067663234904","-0.282704065455395","0.0549510999139592","-0.319811011468739","-0.119853104410963","0.110530715022981","-0.278352062054235","-0.273472505092715","0.0106133640965149","-0.15203173499116","-0.215940947958009","0.101566973270388","-0.0659137235249588","-0.411734768182475","0.412612156251216","0.321715338951669","-0.249869890782789","0.0224318263868384","0.0559550807178976","-0.029520926620213","0.77303543753862","-0.0610804658713534","-0.477482705731525","1.17938833604291","-0.281567883161708","0.107132228236227","-0.423190402712499","0.523184995056998","-0.104226972499122","0.30660995843446","-0.168850772978131","0.0346717594792671","-0.573957160103512","-0.199641081965806","-0.337332099637024","0.230076424113519","0.569863677146646","0.0705522056795931","0.222211500997315"
"Cer-NP t42:0","-0.141488858502438","-0.279704992753998","0.16370089622743","-0.0270678489545764","-0.0454039787987096","-0.20047275588636","-0.334793348804705","-0.464273825809177","-0.431377194333261","0.201628187286633","-0.206383439211935","0.590446443147087","-0.495457481795918","-0.247054938675367","-0.184121133648375","-0.00048534340382228","-0.327819423794873","0.0950938412283199","-0.068006658897603","-0.3047659027297","-0.394291904472344","0.366388421544944","0.556472803958467","-0.245029350471126","0.377372609899802","-0.3422284173539","-0.261102379188783","0.260565724782388","-0.210018603783749","-0.39339542082575","0.348576464332612","0.0723355732173969","0.232566339740122","-0.392614284414329","0.128926522392607","-0.0439624219421687","-0.0329965800810027","0.327175496113622","0.326128778657231","0.996843413360242","0.38191280919976","-0.13306102951853","0.0681431203637244","0.314077194813963","-0.0472055059499681","0.290759111346181","0.115631116902477","-0.123163062583639","0.163001218071095"
"Cholesterol","0.0933035836678515","-0.318951607550761","0.361506449625862","-0.0480889995236716","-0.0208150748028649","-0.181891948020133","-0.491316196728926","-0.0364372209910376","-0.1465424632691","0.221553972289674","0.116794536924834","0.184229196783395","-0.0467592085313165","-0.652901872788158","-0.259272814499347","-0.0157064497758312","-0.047333980679004","-0.251265823268996","0.183039619163872","-0.0367141331630835","-0.00753098559066926","-0.0217337128096997","0.317269070460832","-0.143505939504046","-0.509928058234004","0.327071108985958","-0.48421878476546","0.0773638040027448","-0.0525849903134093","-0.0876469031739717","0.761606358746923","-0.154187790338992","-0.300230116238018","-0.449484875559792","-0.108315645605761","0.0889774153828758","-0.0791049986680927","-0.0216279721670426","0.106020055802236","0.960008578104828","0.0892635077734275","0.0975016600835618","0.166258984591624","0.0467300455742667","0.324312254929287","-0.0176220200746723","0.0128402841528412","0.186734176722703","0.269335922866258"
"cholesterol 3-sulfate","-0.0738590302772268","-0.0630719400033215","-0.126952522604264","-0.151719835707918","-0.0844432367936434","0.23334045592178","0.0961499020457918","0.113497748037487","-0.141854711409007","-0.18678405570325","0.156034749936232","-0.0361130890407394","0.102386866423945","-0.389781578530463","-0.156873190404724","0.181512471003524","-0.280815089666824","0.114084840395441","0.164190771577804","-0.155756837961713","-0.394173742354479","0.129600898692851","-0.649040680240539","-0.00251236593789921","-0.128963834786154","0.196538427980399","-0.190407920166909","0.113958902496851","0.0266954634635668","-0.103626474237341","0.553552074169111","0.232164895228359","-0.348039811749567","0.328355164821069","-0.448572326882737","-0.0359459963737713","-0.383415320437514","0.472692340606258","-0.0058273934053981","0.370179447704271","0.445519161000448","0.205328290559837","-0.189750976623823","0.272914350314907","-0.448083809187527","0.0603494729807287","0.0979269295829921","0.255945922784163","0.253466222758931"
"cis-13-docosenoic acid","0.29245496673196","-0.431867396055014","0.097688314281496","-0.252358440461112","0.13272667939508","-0.0668474548694816","0.0909588822195902","0.151560405654074","-0.346423623012977","-0.0231723761625163","-0.0338122257061614","0.440735143630248","0.385444724411252","-0.210723504358294","0.08342138615714","0.665403164111589","0.440454517773631","0.188221338574002","0.101962837413432","-0.46601879781128","-0.698747400008658","-0.409245910806126","-0.0240627701651217","-0.294770849947483","-0.379964086262114","0.428143058335792","-0.538469858577323","0.264475508130124","0.302150705248122","-0.276395078562771","0.521058447618497","-0.107647980287295","-0.334987806061915","-0.211798310678878","0.0103357208321802","0.0774043690482871","-0.219466562261677","0.194661793787739","0.32225168305819","-0.258654150442049","0.494436358521904","0.444877938776916","0.106855856257786","-0.119350314879508","0.334591512331897","0.159026085789727","-0.126826876289991","-0.00747673598160167","-0.89221288844131"
"DG 18:1_18:2","-0.137755885577178","-0.78932030019444","0.286234181372231","0.0934256661948298","-0.29642964702745","-0.452563382173902","-0.243010643417937","0.0828236543666951","0.203361440791487","0.223967796302926","-0.0483334388694304","0.808809470837837","-0.837360852364206","0.166071445647616","-0.215934804745922","0.452624770445646","0.0738184080250198","0.199292356074166","0.219960253445323","0.112590733545105","-0.14389151342693","-0.234529096496639","0.837482084862832","0.259728103582286","0.341254715620555","-0.446455128404488","0.245466125584963","0.0599374344122562","0.0898037438405268","0.529754168490034","0.293284875753472","0.141938712303019","0.113182066956446","-0.307662314905469","0.555781156048167","-0.742624483816299","0.158788945793531","-0.197591225130842","0.112440842641066","-0.121443993046435","0.0596326140647821","-0.555075262287389","0.100883543822986","-0.335945034240573","-0.0258203341408149","0.147067236432826","-0.45652261102497","0.0910705158718918","-0.472207111839216"
"DG 34:1","0.222695423635846","-0.119109059277475","0.254891950179505","-0.201868147194304","-0.0800344517209797","-0.72385801604705","-0.512580414143798","0.151773374540151","-0.191176108177622","0.528317370155566","-0.11665705253093","0.449538314777491","-1.30117539173558","-0.119558126513369","0.0677342818704284","0.0675344618142772","-0.148021497132034","-0.203681669346918","0.125219851419229","-0.169658990216392","-0.322912669777035","-0.00744122835635973","0.669784050911274","0.114248114033024","-0.219135639643112","-0.27757250202867","-0.0195709461356136","-0.00751464157288422","0.329684905676626","0.863758720833662","-0.593393930600102","0.0229535161599066","0.0984486774707586","-0.129504719547681","0.613836899061339","-0.153227856396694","0.193661877803605","-0.738957433794999","0.261541768579728","0.282449714196412","0.291422674977292","0.177263047479085","-0.178887708607748","0.00161161154436671","0.0189344660318178","0.169894707238545","0.315032217385841","0.276839138725306","-0.0335729360037298"
"docosanamide","0.244953852228631","0.219337250810609","-0.117381303010196","0.103382401887883","0.286470654130614","0.00144900389906971","0.110760431819741","0.146874456364822","0.127379101128782","0.325135135438935","-0.389695596466968","0.0768864400340055","-1.0276668018409","-0.736826812353324","-0.162333730495399","0.0273980212295026","-0.364870570019782","-0.352226033128388","-0.0476135731760656","-0.235142035582518","0.250153216314518","0.0904104951554218","0.776657272921444","-0.960248510124065","-0.37430336238299","0.488481074483063","-0.542909064624552","1.13443172319734","-0.129715720525338","0.304152446092968","-0.257807797026579","0.339031460693187","-0.0697722380040639","0.15026989234518","-0.301226771889561","-0.384452713398342","0.0900911601864304","0.369907872604011","0.12245285151189","-0.195785364616451","-0.0193453603287756","-0.214059764337169","0.00546305256082659","-0.322092548129427","-0.144493854770924","0.0879270877153148","0.388069710931856","0.497834397220566","0.584609063325158"
"FA 14:0 (myristic acid)","0.327444311550122","0.416031896571986","0.095516438486982","-0.215185531563938","-0.0583060201344475","0.0470702475804653","-0.540542126711573","0.01153235692284","-0.153322424538696","-0.675278827732235","-0.339792636875509","-0.509536410478906","0.188962997229205","-0.328850710451689","-0.256363250828467","-0.111145378927079","0.0896557392097772","-0.257383865392638","-0.206056014611948","0.176979432328966","-0.256352481205651","0.0641854226056765","-0.245105433453762","-0.12121163840137","0.0577679888344699","0.435204205603635","0.112351475958039","0.200272309792674","0.558560230362596","-0.356546342483741","0.405057941834931","-0.36178052706262","-0.0878046031058551","0.376507331095123","-0.245552619171634","1.68664849271308","-0.274747285334173","0.17703167465206","-0.00709484099613665","0.161087129874648","0.0742874969115482","-0.158296006781521","0.0497929064369844","-0.0214748225298113","0.264164837573103","-0.146774165973812","0.254674080450986","-0.177077722500747","-0.119205257331931"
"FA 14:1 (physeteric acid)","0.281541220226066","0.340693959859505","0.310597427226977","0.187543934418907","0.126386932783376","-0.151991388049976","-0.0994546102053863","-0.0958249545912424","0.0888258045828611","-0.295378120789202","-0.403254902073338","-0.0713710551517476","0.804229848757131","-0.272603118294994","-0.528075405018635","0.634859951192952","0.871157367168047","0.292143253853561","-0.676409154353228","0.135561665545392","-0.379254891433426","0.262855983091024","-0.606163643756082","-0.369203896295872","-0.447074811781972","0.324751552926743","0.194695008242406","0.154551417858532","0.506665654415709","-0.380363939333197","0.287121822062608","-0.789600493657478","-0.659796833805161","0.097904534284258","0.107819996950651","1.60548856383656","-0.405787324451155","0.246225468393044","-0.0139911336605233","0.203045008978559","0.379858824899027","-0.319907319681683","0.177873061604247","0.188776536222584","-0.172673863789351","-0.34122003095593","0.154392541616473","-0.891030398176767","-0.595136051690862"
"FA 15:0 (pentadecylic acid)","0.309564142208086","0.285658195153368","-0.0887996132931444","-0.3020555797515","-0.214141676270411","-0.0252413801407797","-0.177384142583975","-0.0669163754242967","0.00937525726661578","-0.148571137223457","-0.0718403508181106","-0.130840735583217","0.210835000306721","-0.503192800086967","-0.202596213478278","-0.108380142182074","-0.00575973418019474","-0.119956448953759","-0.151456240644099","-0.0302152875701884","-0.262992912064038","0.0207938551392821","-0.396232552737766","-0.135197558928037","0.165410002848092","0.453555954299323","0.035612104697124","0.165230177092881","-0.207793855958806","-0.265674566390437","0.479047126417926","0.0910502792761321","-0.26649919243723","-0.268960391281978","-0.369925203211027","1.81380622349298","-0.539950008625822","0.151634620002177","0.0496522949957974","0.441737904060271","0.154833846880547","-0.131255211164599","0.0176244670452446","-0.079565151792591","0.162593311854618","0.041577582253926","0.10079702780337","-0.00471103400251903","0.115716123684824"
"FA 15:1","0.154975249824456","0.36986136091028","0.221301847058801","0.333877842196054","0.0871852241395491","-0.144076135931091","-0.107350503221911","0.115849411892764","-0.0539137650657491","0.10765652640495","-0.00241070114934375","-0.31203251407833","0.369218514875217","-0.64797875029142","-0.390050340521728","0.532129294699662","0.801269371827792","0.494280263946371","-0.552232914248505","-0.280092267629166","-0.434371964516251","0.285979896969308","-0.764179924919869","-0.538550713982181","-0.484662657405378","0.40074632263151","0.0442291261307352","0.159592134972314","-0.306111017180377","-0.390431938292887","0.40756561343695","-0.573275955412413","-0.83395416487445","-0.221691355751921","-0.00152315158347751","1.86376382395958","-0.447195029458201","0.154416133741295","-0.0135757258156751","0.433285272405145","0.770401859630169","-0.155061609067964","0.202862912990878","-0.199823104995972","-0.135850102721074","-0.218142470098998","0.523020755918635","-0.35861334966565","-0.266316632682429"
"FA 16:1 (palmitoleic acid)","0.294907317634782","0.765856829911287","-0.0943488947644173","0.148722651113892","-0.0316233111350647","-0.427761454963634","-0.188230639759384","-0.0382370368682533","-0.401390974638172","-0.0229769055640001","-0.220126277937999","0.0164962390363112","0.61390652025646","-0.746880084953312","-0.343694748198799","0.122053004892918","0.392890570021624","0.212440188664721","-0.28503718518085","-0.223836501938713","0.065293484357979","0.0799633013179738","-0.317981807969116","-0.0774849966582888","-0.355469575161789","0.370291107089371","0.282005021327124","0.15479386001425","0.114387491379739","-0.596793970061535","0.443194335168031","-0.417022538718563","-0.231257674919301","-0.0900473061644524","0.185588897699348","1.9901749452689","-0.132412549647623","-0.00304319337303107","-0.405089789465541","0.317339356508656","0.392131456392215","-0.477008926748851","-0.283050017535861","-0.437495565282307","0.274295815437924","-0.445610615588348","0.167195233395577","-0.0294561092628812","-0.0805589744289969"
"FA 17:0 (margaric acid)","0.323466421642554","-0.293230448200283","0.307562284578087","-0.28372578926381","-0.0213456232794235","0.0486790742684428","-0.499247693875173","-0.0784727340047902","0.0742493773504125","-0.181906048598067","0.214766252650193","0.17971160164843","-0.00191478979492289","-0.529019539853144","0.183154554168465","0.0340999648464925","-0.190122909023821","-0.165033401501156","-0.0321135884779648","-0.137466330633464","-0.0614168062983792","-0.0190704649613985","-0.0296871028241057","-0.167741099292714","-0.184208278947794","0.109927774084272","-0.317067921126588","0.136386884513865","-0.142045641941188","-0.0511217821248761","0.241554324956281","-0.036683106049097","-0.304855340644337","-0.373444780861156","-0.16648920033219","0.661558411503575","-0.478430319828188","0.404946805010371","0.131234407624738","0.434834003069406","0.250365786464788","0.223411686557788","-0.117174348259106","0.162730525769024","0.23464073307636","0.176771163413563","0.211769354192821","0.0618387356891746","0.0553749629180345"
"FA 18:1 (oleic acid)","0.366113362395848","-0.309411765455899","0.136087237921955","-0.0793519744925287","0.111595385549761","0.00567946977324672","-0.0475979912633113","0.134781657367211","-0.332728059221367","-0.301915961617021","-0.359180881990288","0.170946188836914","0.118733158598567","-0.476857244220469","-0.496170376854473","-0.221383420796565","-0.236398687484025","0.0770844385777456","-0.427064655992452","-0.132233418350296","-0.157075479097022","-0.147725993541152","0.0780132818552321","0.139117640251422","0.012769312412028","-0.0557285438313982","-0.554067623767956","0.577856749599949","0.223228097566637","0.0309841194939048","-0.0966512481700403","-0.279781561097778","0.229318081340901","0.54827614584222","0.166701560440765","0.339477536971366","0.874075486132649","-0.0314200904623561","-0.28766929736757","-0.775411602226104","0.103554259063967","0.236006612885905","-0.0434710804043357","-0.256805031175216","0.302012867666034","-0.239687735211607","0.130591761191438","0.912600325937934","0.320184986417627"
"FA 18:2 (linoleic acid)","0.459414666983666","-0.355810133464158","0.254254952893115","0.281469675134417","0.832362990754756","0.374297066935644","0.106285818624354","-0.206737440019443","-0.551342398907342","-0.46262199764636","-0.288309350764621","0.031704634464806","0.561618447048638","-0.414918102623454","-1.11647402916811","0.343677238696683","0.0248124425067179","0.574695810062858","-0.270827446903176","-0.521172414735204","0.0559115079565669","-0.450094046488997","0.368245275894101","-0.0471906220391744","0.0336063354656644","-0.179903445006975","-0.380516364140591","0.225721551007369","0.386751359632275","-0.0257009758272553","0.321812043517791","-0.371655363036431","0.129727899920771","0.775388384348402","-0.110354499293856","0.634624893014691","0.423414009449914","0.588910468034456","-0.273601946322025","-1.31604385660265","-0.207040534397568","0.430997508509559","-0.0963672700908633","-0.832283529223785","0.0284468965301429","-0.618725920859114","0.187873581338887","0.226308577586506","0.435357651248385"
"FA 18:3 (linolenic acid)","0.575578141826424","-0.305628783535558","0.581338456564467","0.469750619370444","0.176086049802466","0.360955549456289","0.254150660756004","-0.000740050952813053","-0.526806931492174","-0.493538343847729","-0.134518917133996","-0.116245518349944","0.25016185301273","-0.187740202550742","-0.963142777691881","0.590102971048297","0.11510338171716","0.722800093846728","-0.417371310158598","-0.438982242621675","0.0723102713336382","-0.566361110257778","0.11497375558256","0.0296932980899371","0.262321307766724","-0.0604564667798464","-0.31511084713458","0.0933128713547406","0.373735656707918","0.193472012452592","0.61126569807316","-0.303315821319179","-0.220437909148086","0.732236203715804","-0.165445484716434","0.16176579218761","0.14902608451892","0.469765184132944","-0.452027823991942","-1.25333163665845","0.137160222849063","-0.277614391569382","0.432782178118056","-0.509668626628963","-0.126253799075582","-0.168202838636383","-0.173786098653679","0.318295529032301","-0.0714159104115874"
"FA 19:1","0.169031780152641","0.643095573960086","0.158084107757794","-0.00773691663601726","0.184913408432611","0.264539983389349","-0.546592000858965","-0.159952191799395","-0.181204109645844","-0.0470930792199088","-0.0754973471812227","0.0511516206084783","0.00623446697651866","-0.522169437416864","-0.24290934811312","-0.187323749152544","-0.110681611502564","-0.32834041638579","-0.271032619230088","-0.572184192581537","0.00252358000301064","-0.205263439344367","0.0516873763562431","-0.0139938071683644","-0.2233212280601","0.117021857579093","0.1036430036482","0.0409306773553676","0.416524457351295","-0.0790357660074878","0.688510840190146","-0.316276477902914","-0.220325606479826","0.046530791453327","0.0868220825614171","1.09547071400119","-0.22285900189518","0.204002262346877","0.0505557108714629","0.488753513509565","-0.357538526559903","-0.28443781133984","-0.0650926061339988","0.00903036201813258","0.191405925936837","-0.184290311483792","0.184057818487135","-0.0825589649185882","0.253188652071445"
"FA 20:2 (eicosadienoic acid)","0.38693229570224","0.747032690860651","0.294736744351705","-0.0408614398392756","0.881196648447593","0.145989839531046","-0.282315708827473","-0.353855470498287","-0.3402700155369","-0.185522531442562","0.00509850914918474","0.215587642278711","0.287264988359768","-0.60283807686383","-0.619364339559452","-0.00910739314397899","-0.416362150231613","-0.154659215503877","0.188881638111022","-0.675580769832538","0.322462154351409","-0.103857451174557","0.252892216531066","-0.0275037542212182","-0.30172364310612","0.0810503206057258","0.349785856784656","-0.145459232139566","0.415464442260749","-0.122038431730349","0.500866170827412","-0.904781660019218","0.0585812616402678","0.104415669378117","0.260767187083873","0.515668325281224","0.612783973763155","-0.0903581605573936","-0.0147925524222355","-0.631983879070226","-0.332933273492664","0.495062446122133","-0.383589141568806","-0.726490826428208","0.0403999126762242","-0.575603397972115","0.39964188849483","-0.0604214906307291","0.539711183220432"
"FA 20:3 (homo-gamma-linolenic acid)","0.315898994681788","0.00699249612381468","0.0389180220232113","-0.174594964608613","1.33470874647504","0.222958480189759","0.255902024812515","-0.509023610230766","-0.423005069527846","0.00279705606983478","-0.22238739871937","-0.410891145196735","0.765218782170171","-0.217102577922258","-0.892603854060669","0.0332723098236611","-0.267319119867486","0.169601555724078","0.123715457022882","-0.535695051966766","0.378996449033141","-0.342677751503465","-0.0109739897761535","-0.225666093616642","-0.0362367135541282","-0.121047379585245","-0.186677396914739","-0.0056576819572198","0.887336988844159","-0.557871299453019","0.234513871948376","-0.467295050524841","0.378317072953201","1.0067665268113","-0.0700935739784093","0.787814516977083","0.367507559423106","0.29297721062794","-0.0458581497992433","-1.39195019886323","-0.477294095087758","0.758888530512612","-0.468290791413145","-0.780541104491543","0.18065910108398","-0.844089082400892","0.38668510276261","-0.0145460655144813","0.768942354440407"
"FA 20:4 (arachidonic acid)","0.483314028946267","0.155682636496847","0.414297956356182","0.025942647375035","1.33255788666735","0.221745064265958","0.212381755563547","-0.846355701049239","-0.360414599972618","-0.0106528135965418","-0.288681188437585","-0.567285605678926","1.10917727207867","-0.229293167622283","-0.981851559451577","0.522363462425204","-0.224289271631316","0.104797236436541","-0.14176713770994","-0.458810443386332","0.274294727865888","-0.500397685021437","0.0175192117862278","-0.339553554205176","0.0812281422406019","-0.0301000588733397","-0.220498014965463","-0.136001685935996","0.900732710288067","-0.194146271689396","0.354632462630198","-0.270577229561174","0.282686498170269","0.927807621866089","-0.892741538202914","0.947365763648636","0.165535332032646","0.568860868886028","0.167950156982543","-2.11839196276683","-0.28419674546835","1.00245388484338","-0.616009642717369","-0.731123111957826","-0.0175075536364305","-0.766395685926052","0.449561214712443","-0.211112509567277","0.715266196466772"
"FA 20:5 (eicosapentaenoic acid)","0.595935699354345","0.37944853732398","-0.0230077477188473","0.0629239704144981","0.745046033426362","0.195753613341588","0.110664835163881","-0.399056750453122","-0.597886506353711","0.204577104042056","0.591041295810837","-0.39552632047442","1.3683174313579","-0.451039254968324","-0.261498488167065","0.307870798689229","0.00703326112054051","0.0492420379578253","-0.229518089639759","-0.212573151289554","-0.0357317051548465","-0.553837603357287","-0.110665013362265","0.0910448129538913","0.0899837327986255","0.175687740889908","0.30221833921029","0.212426992464939","0.81624866470954","-0.309721227028541","0.384727808772864","0.191119681608463","0.464015199019474","0.751830150650051","-0.931540831536587","0.261728044876284","0.202616401257688","-0.0784837885509246","-0.119394475746279","-1.89729012771243","-0.374047954821503","0.058688081747475","-0.84272287191482","-0.117093150897777","-0.0377733082674488","-0.419543795270564","-0.164493556464788","-0.164119644438209","0.106375094626528"
"FA 22:0 (behenic acid)","0.592314477161559","0.192101514876433","-0.251556859791745","-0.331624025310481","-0.234165963596839","0.0186909100830192","-0.130448246596685","0.0734970441302128","-0.144019027730634","-0.171513036198961","0.0290898435277027","0.109696331955935","0.158654647250025","-0.404512152197748","0.0413792790004408","0.173543633756577","0.209473378686043","-0.0853719240725645","-0.13022074822711","-0.110051925517071","-0.340657822615663","-0.201786886647384","-0.0863495883014721","-0.253705340395592","-0.000437531625623073","0.478524862948335","-0.0776855696880937","0.107371357619927","-0.258425461165058","-0.213040398458735","0.849742851750215","-0.121513472208008","-0.230013866458815","-0.0237202955931715","-0.504988213799296","0.152738040184141","-0.475519157788724","0.263361891009005","0.108350374950111","0.585572680573235","0.00749841895645063","0.448593595388782","-0.173936917046355","-0.397960384131926","0.29102570967491","0.160506973075684","0.0128281710670711","0.0416397672766333","0.247029060261309"
"FA 22:1 (erucic acid)","0.153484621488087","0.0779772981244137","0.296860022440349","-0.252298346220955","-0.00141455491609028","-0.0336724587537511","-0.331106349584574","-0.31506008336402","-0.387171253128115","0.337798810411204","-0.295884308491536","-0.0362726814182648","-0.0793398954659683","-0.765456261385608","-0.54839371698425","-0.0971779670107417","0.0728132679951344","0.157254478998622","-0.134129317577357","-0.566638630244887","0.0216780260946018","0.183370108730662","1.11684271866465","0.585646586588663","-0.275202367570483","0.149457465647307","-0.201483885079666","0.704990267594051","-0.38551771987099","-0.0655253141946086","0.426573669196978","-0.0286320817939123","-0.119194663808695","0.187683908223168","-0.226200793176582","0.117546543226498","-0.5672715191225","0.136196927109984","-0.161198275546713","0.522038728293997","-0.157849332839873","0.25326154021435","-0.0582713035537975","-0.0254057720206807","0.0404980872669606","-0.132682017739285","0.202332744808577","0.434475993937671","0.0696690558079726"
"FA 22:2 (docosadienoic acid)","0.175871826010735","0.620861643586803","-0.373017724067694","-0.270600860722816","0.553319922878064","0.0312694015613714","-0.237511227866533","-0.241266942175464","-0.261151355409363","0.416970329416377","0.250404847722115","0.0317460358867237","-0.0656621748771098","-0.572539325450314","-0.245314982287872","-0.0514667468768471","-0.280210340790141","-0.363269316738907","0.439995506092379","-0.32390096574368","0.00700778631033232","0.056391622006583","0.333098080445811","-0.424277371327907","-0.705064247027516","0.56211813886842","0.184589589375629","0.680459762700274","-0.224002684737767","0.0813866490200177","1.12744428318426","-0.0890261794368178","0.0394381216016737","-0.0148006993706161","0.069748329743965","0.385246936020926","-0.124152290726319","-0.105982898817621","0.0117160244533749","0.117378144101885","-0.176465374161859","-0.309378371578176","-0.823450248628752","0.0546678441316293","0.30104639525047","-0.296419043168563","0.0803402597311617","-0.0875603051295155","0.0539741970171855"
"FA 22:4","0.160703249654794","0.0353473758963514","0.278963599513412","-0.286993382435021","1.12602413601094","0.131485835833506","0.101758722011085","-0.608167673262952","-0.152188717719263","-0.175685724489174","-0.26423229276662","-0.253045467822239","1.10415312308294","-0.152834198156304","-0.753752070543091","0.289653992314709","-0.184309660070117","-0.0577033708257763","0.0423328528027773","-0.262129654028509","0.127443541342274","-0.407681691679367","0.00865932920164305","-0.187453452373438","-0.00851430480809643","-0.0158281289937073","-0.335610152299003","0.0124583462574778","0.803300336492089","-0.225887821222745","0.335517432887067","-0.353897276807452","0.237983941578057","1.03333964841842","-0.493344997199349","0.906601063683267","0.226303940764488","0.470673290950498","0.151725586790115","-2.1324157555191","-0.432922419560988","0.752018783254637","-0.584202603025128","-0.332718782372196","0.0428085052582211","-0.527787350049491","0.459455077067834","-0.257286311252324","0.607881548214847"
"FA 22:6 (docosahexaenoic acid)","0.627150418343926","0.537842402697","0.335976127169431","0.0579399112430016","1.25110219586037","0.377408752040543","-0.429782871670525","0.0357549198343087","-0.424672906077475","0.21258286535306","0.0787196631214524","-0.570174426808383","1.11115651326795","-0.48216905630617","-0.2994619436271","0.311874147210025","-0.309179775401408","-0.186088961383424","0.0518336667335336","-0.377806003210405","0.0156003946693755","-0.379949476345313","-0.104220824423863","-0.329178140028411","-0.0137222454428256","0.324541618894903","-0.0408685234027626","0.0637732049966752","0.696987132797103","-0.820414511411925","0.570036389369452","0.300273416707758","0.345986150942988","1.11746536468107","-1.00043475706371","0.727570046274828","0.306333772819127","0.060136722727663","-0.0619910262606976","-2.3521454072814","-0.411121418449447","0.356859931349063","-0.755607210581154","-1.07768088706995","0.0246277600715279","-0.26903171718872","0.335911655189693","-0.197542478623433","0.657799423692657"
"FA 23:0","0.460999044807295","0.188169216843658","-0.0446994386984173","-0.176551543368113","-0.290074731379147","0.0751339435928354","-0.266785346467954","0.00387601651899328","-0.0696468999308354","-0.280001183623808","0.215196731577984","-0.1368915396116","0.0931020751337423","-0.490204307228655","-0.194959524669638","-0.186951068640211","-0.276208459120222","-0.302479644771937","0.179543714488902","-0.196331908633891","-0.269708807489679","-0.228065337928571","-0.101119007722477","-0.0670821090491956","0.243616476220876","0.35827627932584","0.0840556081089757","0.261818196796133","-0.372913685465828","-0.291181564619619","0.847269526165654","-0.22879835864739","-0.224544325106242","-0.169428858912164","-0.3864949133783","0.469465993226542","-0.179927031004377","0.212876237243385","0.239985460611085","0.537385424696671","0.164088863590854","0.0434157749874594","-0.271893070167186","-0.0916446508063223","0.272720331350073","0.339632392135341","0.035248122996899","0.0328958240421753","0.435816061980406"
"FA 24:1 (nervonic acid)","-0.00140298985101118","0.0163200266390884","0.0434160653417607","-0.196269379255468","0.0498388907304072","0.100155114548871","-0.25579884771534","0.174763299581317","-0.257267907564629","-0.00818628733531688","-0.0602607367721175","-0.16547233847474","0.531991667815849","-0.716991363023679","-0.301115356429312","0.0454426797639661","-0.666666388607585","-0.190195006163993","0.0884832223459521","-0.170597118031643","0.120690913121998","-0.0728030156500397","0.463542205460976","0.263791048024459","-0.316835013647735","0.167734154590207","-0.19685376303798","0.0908306715720119","-0.289421404454587","-0.333424672205862","0.563376022134621","0.189455275401907","-0.0212759999103754","0.309310909570645","-0.281300591155822","0.569681483327632","-0.476048698561556","-0.308710625115595","0.0704533632190833","0.761205432528769","0.0749848725351183","0.272541362229047","-0.0357914555221404","-0.274849218096905","0.0159131730503663","-0.238671487692414","0.0374476979058972","0.384910479602086","0.429929633233812"
"FA 28:0 (montanic acid)","0.492118798951468","0.153930234837006","-0.192780432499862","-0.281550653288012","-0.270735536087112","0.132195712206788","-0.155644845186287","-0.0976921758820704","-0.176516193691703","0.06263523780669","0.100519256811579","0.348014931297575","0.286913090025913","-0.487239503097901","-0.0390734610862904","0.0923985811982356","0.272995232513221","-0.118558780018326","-0.282088231860709","0.0254038269445613","-0.12844863403227","-0.114480270506332","-0.104252478259194","-0.220237708688919","0.162696987755174","0.703154249209665","0.00720592966437115","0.217421896305767","-0.526951461243019","-0.0403752370938958","0.84660700827356","0.0661688987588845","-0.168250357760611","-0.264845642902203","-0.245157074646678","0.030597434459987","-0.388189142193558","0.00586623417776697","-0.0457517915634331","0.702530118728005","0.151596168480448","-0.269268832500839","-0.292582328335663","-0.312584960458392","0.208709971596671","0.193059575797601","-0.0950923076638212","-0.0163989856976937","0.0720076504438587"
"FA 30:0","0.398687337552938","-0.00445401357276419","0.0156109038835151","-0.510149701251562","-0.154534588162321","0.0593638323985319","-0.368089277789019","-0.161052216711209","-0.219154866340726","0.0458377805416394","0.235841933131728","0.486506154146425","0.246279019116816","-0.160103544791216","-0.0119557306063632","0.109570195622861","0.394794331730719","-0.0498308231851845","-0.324219562348685","-0.251927314793785","-0.173470969805349","-0.346267403385532","-0.00860265456766714","-0.374761402247776","0.0297743140751079","0.706730774856964","0.0250746772775547","0.202859355895808","-0.206650823383473","-0.209166063810965","0.802179432139821","-0.173186477868896","-0.162666110050109","-0.193218593728405","-0.169504075718672","-0.160586715146283","-0.430841618059775","0.209198814592126","-0.0130465057515805","1.09467061175164","0.200749778771089","-0.188054484177363","-0.303465432565169","-0.101573781914107","0.0513041565323218","0.182309601976033","-0.109180633888805","-0.0119557306063632","0.0543281102354891"
"FA 32:0","0.368862786330093","-0.178034912435843","-0.368857910252744","-0.0252222635810915","-0.338993194831325","-0.15066392371528","-0.187374507848528","0.0541164859452612","-0.390041751296178","0.0933199561521981","0.350032384487374","0.673285605043409","-0.0941603933475502","-0.248006108761684","0.075793096177803","0.0991568915570425","0.552806026922847","-0.0838659735604037","-0.406879543711361","-0.189246993906797","-0.384684915594569","-0.0869024234117952","0.376917804131242","-0.446206684540828","0.0469517590415173","0.558328440815748","0.0893175178099307","0.338414953318789","-0.270062531501832","-0.349837638180321","0.681129409709545","-0.0174869992963645","-0.35411726210088","-0.146574779020787","-0.170702228977325","-0.264259826329181","-0.38374267129812","-0.0178013523920382","-0.160756367511307","0.948764612250464","0.356317552226758","-0.0369580340765499","-0.15316669605711","-0.0802233786985876","0.354283724024687","0.278641770215232","-0.147415802683929","0.00137779647237432","-0.165571503712006"
"FAHFA 18:0/20:2","0.681703615789809","0.00513731762265836","-0.963763922207631","-0.348572682303598","-0.351345122484641","0.317288098314398","0.160859104459963","0.353427424571008","-0.101164946198535","-1.65631027603358","0.00414566253952564","-0.418409555928179","0.442135257505035","0.0302566251979661","0.288288049970153","-0.537951936102387","-1.1061855467555","0.0696062321020531","0.227877756330784","0.499433096336785","-0.0505911398572837","0.131344437054752","-0.387038149999487","-0.098065980487252","0.29030016684369","0.296403782495192","-0.0357836271376369","0.522758209011826","-0.71012144342751","0.201487738964021","0.421164077151876","0.144686139271293","0.272387781669961","-0.0458417815622103","-1.09958380676826","0.288516958450044","0.0107277546612024","0.541310568526012","0.282922526363522","0.375574637004391","0.402845581135707","-0.0614105523491413","-0.511359113347675","-0.429411126295786","0.42081444367348","0.298825283937238","0.304970646146775","0.197549185292668","0.428162550852501"
"FAHFA 38:4","0.327079017153016","-0.399860854650005","0.258794196501473","-0.0721745162471724","0.453037239579814","0.013080883346755","0.230571359795677","0.385947845374547","-0.591442396860396","-0.282389689014778","-0.530755256620359","0.146018531614827","0.305423028185701","-0.368432495094998","-0.560009646920456","-0.739907822020563","-0.446408582739356","0.254210936931264","-0.62632043443058","0.0553138196589409","-0.418049606017993","-0.246121969065527","0.0869777885028037","0.448385999487001","0.326802978425378","-0.402428469627617","-0.457236017154437","0.736640857296884","0.520902847386981","0.20433443366706","-0.624364821559153","-0.707811304748942","0.495158072734682","0.811091160933477","0.275285990538123","0.203559719638942","1.05842841199606","0.0959100538989814","-0.54912585686117","-1.45194148081325","0.0278115809843626","0.588877901992468","0.259748965592703","-0.749456952602568","0.383982354460603","-0.366066489799546","0.427034845591982","0.878657329312819","0.331236512265537"
"GlcCer d34:1","-0.350908206892155","-0.325860212396201","-0.0637022342713679","0.106149210666253","0.173890897717981","-0.249697597749707","-0.0106381568265738","0.0110593217927214","-0.000297217586918976","-0.282416032227177","0.243604893169066","-0.233641933560751","-0.161271355703704","-0.374941462292293","0.0191288962940324","0.0788386049213789","-0.522392632879229","0.225998759952382","0.698280210841151","0.020794157752922","0.304743204182603","-0.0022396789286101","0.209009879349459","0.251879488730773","-0.0633503862733942","-0.126750796281087","-0.417198752689533","-0.321201720165346","-0.0611935237016469","-0.0680606736726996","0.0425349524411343","-0.120147464689316","0.163129392421062","0.0593993490370493","0.0877724407914498","0.603451095373622","0.111139016180399","-0.451622890421698","-0.0667890978327002","0.567306841427176","-0.109417085568767","0.385703302508505","-0.238316761111237","0.223627574590495","-0.448977044316186","-0.15916327981702","-0.0335144303504686","0.0959162987323633","0.580352839331807"
"GlcCer d40:1","-0.279819580732028","-0.130891939765095","0.261373952347234","-0.177112933438234","-0.234871079557174","0.114292846559369","0.0345750959327346","-0.213378354478041","-0.197149227525217","0.153086487793812","-0.522425094534924","0.235532750251599","-0.252238069348939","0.0388352105851479","-0.0714441579162255","-0.00626331387786119","-0.166656696125221","0.0575855850480426","0.5225120960331","-0.115564731567884","-0.327742430514705","0.242618484103708","0.147322435298087","-0.305947415437383","-0.678924083416827","0.595414561775824","0.0310058037509078","0.0602053365279695","-0.433452998322773","0.112557877771047","-0.225035820422218","0.382794005450386","-0.0267335767976228","-0.229262475712776","-0.18542469100143","0.0911369819648079","-0.239131733817649","-0.278739561557745","0.550417485026692","0.499621284529909","0.230414804406962","0.174451679642252","0.149753350534052","0.0509746786085044","-0.437451622201126","0.249366072922607","0.432760077491481","0.420849795247712","-0.103797151534844"
"GlcCer d41:1","0.0271150104975701","-0.173759961784881","0.273054713003637","-0.619423144674709","-0.0960539066213955","0.115046085154217","-0.0322782863722296","0.0502009132298533","-0.80008840764934","0.556869218662038","-0.575547321068239","0.479174317596246","-0.0623957069216831","-0.397056283687732","-0.0560672452043569","0.446979181479157","-0.0941573867386086","-0.296361163109674","0.284260182600819","0.0475058157386497","-0.302390810433185","0.102058930281318","0.172620581865059","0.0665102220399441","-0.305916305660902","0.00156711353335744","0.34885624035194","0.0895194431814221","-0.145655920702081","-0.366899639988037","-0.133090276056277","0.631109066873893","-0.316806985055336","0.0118842390901382","-0.434864292333142","0.0819790973319606","-0.483587780810267","0.362966003811885","0.514975358076227","0.83867329781768","0.164240144295544","-0.119578921641953","0.178084435100452","-0.340115623353115","-0.14048452567967","-0.00333782096608228","0.161658200249167","0.40906469605939","-0.12005479140866"
"GlcCer d42:1","-0.102116734886366","-0.291890799373061","0.189122753996007","-0.228539680303786","-0.230653857098176","0.284117094774793","-0.293859806273154","-0.043830587821908","0.230596285340872","0.213697169504046","-0.431501825450464","0.440856903978486","0.300043131766399","0.0951291488954877","-0.383321550949738","0.11568824893569","-0.342709226408983","0.0726229060564637","0.407924421817774","-0.0465982458405257","-0.0778756098056738","0.105476419390742","0.319622461559811","-0.157361229589714","-0.499372346121262","0.222619104544293","-0.182150647608596","-0.360243687576121","-0.262875870567263","0.0406669747425557","0.213088425296675","0.421138067729568","-0.378268379002316","-0.0933128946972469","-0.225238952697128","0.0945708316665173","-0.373546545810833","-0.30767374869477","0.260016748566095","0.586109360077869","0.304636117483807","0.323320239108079","-0.345995875286702","0.05135842405259","-0.160866792590424","0.155244869997249","0.303973800214951","0.310781932902777","-0.242616947945387"
"GlcCer d42:2","-0.202355357094449","-0.782259919947077","0.315354364059802","0.00803024417146127","0.128062280568596","-0.302329566443709","-0.179490926025921","-0.139651234786753","-0.115531317463721","0.204832832843696","0.170143066585375","0.409541264438429","-0.0950462017700325","0.157443985287403","-0.198139399888266","0.438524113882424","-0.448736713833308","-0.0435027121033102","0.297845905306778","0.136128741123575","-0.327121330382823","0.41596165332323","-0.123624992288847","0.139098773173126","0.0117775626955852","0.199342067476843","-0.098835281993029","0.00559604642192605","-0.101040338643598","-0.228574403167125","-0.455066785961007","0.18429118305651","-0.00993421067732683","-0.215130545105832","-0.103236645977271","-0.0572596724729487","-0.219705742663525","-0.392802044291217","0.0414009257911566","0.797534937039406","0.0938850117034794","0.25432189929221","0.0141949214510358","-0.20295417176976","0.114205713803473","0.184035853966839","-0.111341442354154","0.360821301752835","0.0712963078898176"
"GlcCerd14:14E/20:02OH","0.0626772195680594","-0.637590523552338","-0.0934842844771564","0.0238476428214209","0.860446478234508","0.208200164452114","0.25142738086905","-0.166963072285688","-0.226143386221938","-0.193117894045027","0.0624586969158288","-0.0671995885002331","0.370370480682165","0.0379722193067244","-0.257642349850889","0.19452566175142","0.122515821065395","0.235346666078271","-0.212889903746158","-0.11056549966086","0.444858104684581","0.31712520015322","0.092570864785691","-0.0683622436271821","-0.395200386075177","-0.163804346584063","-0.250936181793822","-0.165279647752761","0.00420865902473617","-0.00410242331904948","-0.712138881811811","-0.151256717385049","-0.360162530144405","-0.297702480011251","0.29748276233966","-0.050032852196865","-0.106870291463075","0.144556262565613","0.155682173576213","0.565933020222544","0.627512470716215","-0.211017951614543","-0.0454176920327295","0.0428436954957638","-0.685153879220533","-0.133943076585595","0.369033946844688","0.128932288630108","0.146450203174204"
"Hex3Cer 18:1;2O/16:0","0.148681981468961","-0.357613596026975","0.329356131236414","-0.108389271130582","0.0440230393863579","0.212245587175126","0.23259049819012","-0.142671012419407","-0.0158657238012728","0.193926011922594","0.0186039260672488","0.547862501242157","0.244405027098362","-0.510107431306457","-0.112918330278079","0.356793538169162","-0.00652520707852754","-0.18176354110064","-0.232554328973959","0.0743813094432544","0.143792014423809","-0.0304671369537399","0.0661007060654128","-0.044108892275803","-0.340696103150246","-0.315084283058708","-0.554951512516333","-0.393036167493624","0.141348629384723","0.125454333703099","-0.647514549097054","0.535155831942382","-0.127783220954038","-0.503889230778961","0.226163319879251","0.0187838247889947","-0.302289516402387","0.0138637508590299","0.48883029515215","0.493531230724646","0.287625429281731","0.029039994565808","0.164091002646512","-0.0325238942506845","-0.418868411070232","0.274446027545626","-0.177328312171711","0.0108393376020085","0.135014392324478"
"HexCer 18:1;2O/24:0","-0.322413017847412","-0.324778358385705","0.452501721784075","-0.48940630294208","0.1622331293932","-0.125143457695246","-0.369335672327552","0.140320906180904","-0.0523487616866035","0.192060291690219","-0.469119832089177","0.764298149375968","-0.322277062392641","0.15806496331895","0.0525625522744661","0.122869193083677","-0.15964493376988","0.0902156141120337","0.44355702985371","-0.124737139863305","-0.0363644474387492","-0.384241535241814","0.246168653815052","-0.247856557643415","-0.344751349258606","0.173744100834845","-0.317558546827717","-0.110677250430162","0.10547770003321","0.00340794603922712","-0.0178443300014147","0.126873667770118","0.0680999535166435","-0.433801797174925","-0.194174128148528","0.0934040065116058","-0.0850245674314215","0.0256367646852809","0.391710027700731","0.498624632913745","0.405778731243652","0.0905220965318788","-0.139802538573115","0.0937538776916882","-0.17354435286061","-0.266022952536792","0.271728493978257","0.337234863832592","0.0000198244011407184"
"lactosylceramide d18:1/24:1 15Z","-0.525435798484636","-0.317342440584037","-0.339475167580775","0.153309303153205","0.206927188949086","-0.316924902641725","0.154742843868376","0.150302694213912","0.110001599935696","-0.11378544606851","-0.0223063925134712","-0.354859102233603","-0.0755780330704127","-0.101148197789365","-0.149977303027713","0.250522941705265","-0.278622248336151","0.596760854426316","0.780494038470556","0.163143915703944","0.138147353755186","0.514895400082088","0.0870952150143128","0.227445443921728","0.0620681819773654","-0.598605561719208","-0.0723728679294872","-0.404950771633583","-0.176708393810199","0.177512386715967","-0.669045866778805","-0.47104836055944","0.137963357982732","0.54270254784907","0.256416456791937","0.39977956535942","0.277396945181334","-0.634111106564655","0.054094319912403","0.402691488342689","-0.183026107453651","0.391169349302772","-0.334097584678474","0.163721684997203","-0.921404295842159","-0.250137986411417","0.136092236044561","0.174464873337958","0.601101748716393"
"LNAPE 18:2_N-19:0","-0.0987395400255729","-1.00229985841239","0.363709311037608","0.105115029628835","-0.0109328501459138","-0.14679057526215","0.297132311827792","-0.664989305949541","-0.12186714191202","0.0369408517464939","0.209707861966099","-0.0367518526226642","-0.136562764611856","0.385559058246559","-0.192722626922843","1.08211693868153","0.116570035657024","-0.0500518138811006","0.218648509687203","-0.3628192829622","0.317677922134859","-0.0192274430057843","0.0125778415172717","0.293293523511083","-0.101283288537254","-0.329562912120225","-0.277530102168952","-0.0188263913885857","-0.343759555625428","-0.107789588675085","-0.224978644827311","0.154021222016916","0.100948693710339","-0.370503616297921","0.0099096358791849","0.429929010623254","0.00769005526514857","-0.0299136340349052","-0.139498134322457","0.218390720151866","0.144242447724955","-0.17371283900589","-0.145348924890883","0.0774824917274513","-0.164397519227439","-0.0209065413629864","0.292221710952397","0.0112264967976884","0.406655067707799"
"LNAPE 18:2/N-20:0","0.339850960905882","-0.348555172661335","-0.0480070714340702","-0.170694399600226","-0.219357029290701","0.500109966860292","-0.244744752022994","0.0134246723496101","-0.13950755366134","-0.186190520580706","0.265972499269793","0.0148454352713655","0.0434450467798311","-0.390753326170446","-0.31490391426734","0.198847586040142","-0.16362573228405","-0.410185648049677","0.509481919593686","-0.0382441454797855","-0.231844132351661","0.0111544997651442","0.269785595781207","-0.480624375678647","-0.12124600889889","0.110699590709886","-0.206333114245946","0.212061105344271","-0.222544271102234","0.329783734420785","0.335909007053401","0.264384057034528","0.0455506500265404","-0.360180075172822","-0.299318955847803","-0.212525754285302","0.232733083586557","-0.293278344461017","0.34031161957559","0.659659523967069","-0.0934857218605277","-0.229298939013415","0.17559967662108","0.0630531311629244","0.0138490320307034","-0.156931083752061","0.0234257248012473","0.404323105053549","0.204118818167922"
"LPC 14:0","0.483405298008546","-0.0613462947109643","-0.557371001882244","-0.316663636699373","-0.617047667129684","0.17773925598275","-0.0187154374743875","-0.000983693579338621","-0.928485350834707","-0.0823499805484417","-0.0425167300551929","-0.420665733641685","0.189387630761251","0.225273102413633","0.41669411126347","0.0463075059088484","0.0310128398872163","0.26841268476374","-0.138488873851791","-0.281117978627042","0.217318342210218","0.153485401501327","0.401331988453718","0.371960987804733","-0.467749485667758","0.299991102554748","0.0872058142422782","-0.00821656759752962","0.749536318600376","-0.808873202568346","0.138093029568655","-0.440775620157416","0.120167659913903","0.563558496751694","0.165933469611718","0.112386206519068","-0.0708529509342449","0.367044007539843","0.228911298145638","0.467490847396989","-0.197290435321668","-0.12965609908162","-0.0429848794450522","-0.0396722272540348","-0.236123878211496","-0.485996367399489","0.645636013542787","-0.339150838193691","-0.195188482479955"
"LPC 15:0","0.239900090955958","0.143721693673189","-0.287325107346316","-0.094485717604853","-0.23951969598017","0.241755373845337","0.0374705806849423","-0.0435549497632526","-1.02172468552747","-0.0196875341615576","-0.0929587885287778","0.00746767404908559","0.429618865768175","0.175242084105178","0.0598098327100496","0.152812053735605","-0.234228452972337","0.293594224379368","0.365096020549964","-0.384090679305028","-0.126403562747563","-0.166072427395477","0.641789749912099","0.143890118270256","-0.473161269870354","0.0481637748298599","-0.508520603725797","-0.241735593315301","0.623691790559776","-0.239779536022268","0.0534184351499611","0.00866787081436824","0.212031670803302","0.313437439636242","-0.172134539549243","0.0668403172347404","-0.833753306664828","0.530289400567514","0.342878481061295","0.403334861411986","-0.0913152564553905","0.249922473606698","0.023106828137463","0.1328710184038","-0.499968074508153","-0.440709402028882","0.347187833025216","-0.205123362879883","0.128241988471477"
"LPC 16:0","0.258045684586798","-0.37765486711267","-0.0774216268841444","0.324898669483426","-0.25737296219584","0.1984741163418","0.227693896511805","-0.160253887263884","-0.964790856218751","0.479720541949985","-0.103384881955228","-0.27732347167116","0.380213009607448","-0.0491366865556735","-0.554251933392574","0.374903920940492","-0.299198535476376","0.151386158106996","0.034664490307703","-0.36681153817818","-0.0125607685850017","-0.15978343783176","0.988416131029072","0.195957600454784","-0.576459720178224","-0.0669409487853966","-0.300668518981029","-0.0931788587518778","0.79103113948251","-0.221334325940558","-0.0727515256765606","0.176896841540522","0.0657547525291658","0.602693753501184","-0.0649329247424598","0.0831431308719577","-0.214846313680567","0.284801754430639","0.196616542741687","0.698865686889502","-0.106436125051326","-0.0762357434543186","-0.232299965965873","-0.107386040465307","-0.659314395651038","-0.194412597781851","0.39105965272708","-0.355231502545291","0.0971374869383503"
"LPC 16:1","0.0262815527625127","-0.381796971322325","-0.623200009794037","0.210293355319871","-0.377440815763418","0.487337641752347","0.690525837769151","-0.256979282150347","-0.933971209501467","0.119878763011453","-0.0446561944923896","-0.205399490986089","-0.119056384440154","0.0195672778952588","-0.368905300914559","0.205719629703314","-0.0771221020743093","0.264816342990778","0.129141530250895","0.045735539575631","0.0550219700785826","-0.177575347287452","0.403927224393941","0.357187441030526","-0.149095539038339","-0.309125787636597","-0.442152847572351","0.117821841421458","0.580534629562224","-0.104388055709658","0.190588012630477","0.0198074776012355","0.53671300537808","0.524818698741863","0.25490486684818","-0.136218000211698","-0.340472959314921","0.128843399846427","0.019046273444459","0.677902624125001","-0.551115583588828","-0.170445923916233","0.170457798351592","-0.295279637834055","-0.0393108266635297","-0.362044525614248","0.112259387037262","-0.105391897986517","0.222012572291002"
"LPC 17:0","0.196356389955306","-0.28689731462795","-0.0361288720745486","0.182247531026476","-0.20620755769697","0.391843977319623","-0.165608695414202","-0.00190691035307107","-0.745130369194259","0.315826506475999","0.131160957404233","-0.00111328873116404","0.758319132012226","0.148763702162578","-0.559189551104708","0.0383737800935531","-0.64581662622403","0.0895497300543942","0.147457150682568","-0.29999286019325","-0.0281738482053147","0.108773950482297","0.508600183260268","-0.0762200097117472","-0.491687646509706","-0.21158324212869","-0.567977814194393","0.0386124484366286","0.440912042497178","0.0475443099143934","0.28350744553401","0.166464277953902","0.162895498911277","0.252339458513001","-0.182665204496299","0.135029857807626","-0.401527906162822","0.214520542192107","0.108074642081596","0.614726577253077","-0.0405641426970013","-0.102775494378612","-0.0500814635170045","0.073185420127993","-0.318690897833407","-0.239227040857003","0.210956635158231","-0.285913636319803","0.179038245315412"
"LPC 18:0","0.37563684186606","-0.434215341236314","-0.0547903419707306","0.322760629845724","-0.195641209816279","0.312118848973253","0.0761057075071051","-0.28095180077226","-0.764802605034547","0.396507791396007","0.182506216858762","-0.152283207973076","0.429513948225613","0.0137636324501295","-0.754607927130651","0.393927218552563","-0.345312173225734","0.142777703965606","-0.0767773773393523","-0.284164315046943","-0.270574381803735","-0.0846738874565568","0.645691758911498","-0.0285635264010506","-0.795183335094353","-0.305688217440126","-0.151732044014748","-0.108691059957922","0.496093094132602","0.316359122797972","0.20034794265698","0.301587422827497","0.00502935561157618","0.31736558072211","-0.0788564352410833","0.179823172816784","-0.105380479115924","0.00541626625565341","0.300401956191635","0.608043039211316","-0.141810861052534","-0.0300583381491431","-0.082732427714717","0.0601247155117411","-0.335436508927869","-0.2296192286428","0.266554680219976","-0.255811332162942","-0.000098284786763179"
"LPC 18:1","0.0773818423643322","-0.280157178308892","-0.266128482867328","0.294577361877795","-0.226937794485169","0.721147641667799","0.697992976390459","0.0398829849785231","-0.772529838700082","0.0164297870830747","-0.259143359051628","-0.462005354836929","0.134065451230387","-0.00584532759066758","-0.659424267805601","0.555209394143433","-0.325491962566638","0.224166562882614","-0.0354956094806774","-0.166475504176572","-0.361396560182172","-0.00352186089331392","0.303930036704775","0.0389535954858898","-0.425583006130451","-0.287897807101298","-0.0803287031888432","0.0459715351181082","0.561608054112278","0.441662072766496","-0.12872740566761","0.286552120185692","0.234836016223253","0.889138291339583","-0.111900895211276","-0.108553108904415","-0.128105779124188","-0.0373675316841358","0.359559894428766","0.401051328317458","-0.243763601364225","-0.0997700373888157","-0.041703916597603","0.262388912504334","-0.534823080384722","-0.599693098178098","0.225501149656751","-0.396959701343353","0.237723763752897"
"LPC 18:2","0.193006076109669","-0.0350134199467971","0.280563748331085","0.477776395908978","0.00695382910696629","0.838938733603754","0.739880675474371","0.109801496784358","-0.447756709404337","-0.267846879167202","-0.296631869406564","-0.575452087616316","0.192141357937095","0.303610161590369","-0.528574782062034","0.645884698872226","-0.260219352008333","0.41240006767206","0.383406644825584","-0.274531060772225","-0.50197421833902","-0.0791646462874188","0.211232735102051","-0.353705018235422","-0.139467046382595","-0.346882322341766","-0.176782797554645","0.268877058592725","0.399003133601051","0.41478950499476","0.368502258813747","0.576735039050791","-0.0910003956693526","0.143239001811213","-0.481853416965263","0.113196823123845","-0.278061884850884","0.0662449271074422","0.114043133095475","-0.304119323651661","-0.34409096921277","-0.249400553850925","0.0549077999977291","-0.0401053743710819","-0.413233686968719","-0.371791696999528","-0.13433325964964","-0.144817055336726","-0.178325474456124"
"LPC 20:0","0.606915076916972","-0.490135734202119","-0.0703618447630152","0.0482382614833842","-0.242087132339546","0.513085240691929","0.161361342415284","0.0633651257449378","-0.47957261484152","-0.12860496228017","0.00418190176843875","-0.318909785508921","0.0365225137784063","-0.230756536860005","-0.600522410774302","0.427837201871868","-0.720722336027387","-0.0189095638233158","-0.263131672523114","-0.11961966903909","-0.311450277901096","-0.0392913151040504","0.42659133378639","0.106166947200872","-0.348014002162317","0.209518130845949","-0.513882361534887","-0.102491859161431","-0.00815484880676978","0.400715682555782","0.321835631218357","0.130063435642628","-0.199458069782051","0.581032246827166","-0.151681316145451","0.123305679583737","0.143869799413306","-0.0328558049330741","0.271224583831447","-0.0110478494273405","0.195010155354537","0.255488689668806","0.0140451468046596","-0.265433258374467","-0.044764319731989","0.0539383430219391","0.355413340513586","-0.075613300185891","0.337747035292938"
"LPC 20:1","0.412225132580079","-0.218827621800368","0.187297056547791","0.13646084961538","0.10053337026251","0.367113435364915","-0.233163258080174","-0.0316017169325325","-0.180756566342177","0.0507501189908929","0.124262545717426","0.0472762157817461","-0.0979046395662135","-0.384057767172904","-0.24663839636877","0.179762142118184","-0.804458021575378","-0.180760364858481","0.216724778551168","-0.12944659060864","-0.649206469811126","0.0121873506046984","0.293130567194638","-0.257939447302504","-0.62688548690943","0.166842227091627","-0.139670124291583","0.194818349237419","0.0457181754157819","0.17836800413851","0.741835986984706","-0.039385749403627","0.0297219364402514","0.362161843327656","-0.068815384473463","0.0574220317477669","0.331773403201105","-0.0924725274050366","0.454644538483766","0.46413490648867","-0.0827640184639664","0.377296795054256","-0.296392068415395","-0.287105522452107","-0.520701564637094","-0.514671281308656","0.425818058211706","-0.21206230254884","0.337407071575816"
"LPC 20:2","0.301928303809902","0.0785870332876549","-0.0160521436385529","0.0145788034950087","-0.140029856814082","0.425385949483806","-0.0951612231479595","-0.364424833935214","-0.218256021142847","0.0703061709100651","-0.271595903924846","-0.308637050083905","0.653797265910589","-0.32900331348142","-0.334606962888549","0.161544697971615","-0.756968999361037","-0.0548662440102972","0.612124850197772","-0.493026599934361","-0.0265855240004002","-0.521779632191079","0.358203864602632","-0.0325726929806864","-0.354029450015004","0.0476253387071998","-0.314014109060521","0.246838732198285","0.49345233626179","0.0157633661264453","0.517840199540917","0.110211930289171","-0.206789924766541","0.624233102227072","-0.276783904982923","0.240386844772635","0.172674133311171","0.286127874862946","-0.0312179364431831","0.0660158142629205","-0.339013356523813","0.0909468924461623","-0.0417373361113691","-0.341438691479177","-0.197589166726934","-0.38888326533239","0.377439675776114","0.0157906000982592","0.473260362426959"
"LPC 20:3","0.351997897182719","0.151212885916974","-0.0379182236159866","0.538973872621516","0.0455089544243631","0.363181967100174","1.06128043317905","-0.416326724589141","-0.584164126435108","-0.344699139744376","-0.428410240764347","-0.77435577170219","0.555741815003371","0.322632085777602","-0.790039518825645","0.165031870799812","-0.208487751047536","0.188763498283042","0.370586393961513","-0.308561701296265","0.0111378737372316","-0.204422258233032","-0.0344111978865462","0.0286673124315501","0.0409918877259231","-0.139204711409521","0.134951505416601","0.0715777199564164","0.96504253803468","-0.38910782128952","0.000887462246575973","-0.0687929865096151","0.574175618575412","0.534909939220444","-0.251039649971773","0.0658452099597098","-0.200623345034055","0.142479908253513","0.156427880769025","-0.302611323881795","-0.318451694625107","0.0801361213494958","-0.426183575658439","-0.302582309068891","0.136206778080766","-0.688301447009493","0.0351324619401249","-0.347253261412018","0.472466888062797"
"LPC 20:4","0.707206662350683","0.53708129595194","-0.0264268212715668","0.692229004039398","0.0835687362358706","0.188336633881706","0.87494468758227","-0.584009528916883","-0.486401563257785","-0.11166971419194","-0.871585983628566","-0.858345513544127","0.941759452333237","0.144877776219465","-1.01452974269493","0.90164322472562","0.189728948583109","-0.0316315779574614","-0.128137851650377","-0.0178696268067629","-0.187804119774157","-0.531241633335454","-0.132541271343485","-0.165990962030582","0.370038362486873","-0.0263442826352213","0.487273846207219","0.0184526194919187","0.819568168336509","-0.0328432549958602","0.627576353285426","0.507514806456019","0.415368355195437","0.240083840127889","-0.872911551765082","0.28942024253278","-0.112064878087764","0.413819640975309","0.272047332153562","-1.14207671236594","-0.348229457173271","0.102976787205293","-0.392366810839163","-0.341732164482838","-0.371154170653913","-0.575977608174619","-0.286760479426626","-0.428525976086961","0.253656480733803"
"LPC 20:5","0.798356404389679","0.210213796891772","-0.171465469173158","0.320745490794952","0.0824833514495216","0.547718244619859","0.534600291475816","-0.687218912640589","-0.670664140040801","-0.238641982627205","-0.0334984859084937","-1.21173772289313","1.14865153547566","-0.363519454848272","-0.140685325157068","0.611485853132607","-0.0103771534376968","0.229956182435477","-0.0505195947611571","0.240737603137803","-0.147757262685264","-0.295268739458852","0.0241323965104424","-0.0411548178117481","-0.0353049219152953","-0.0734979163092851","0.851231227996682","-0.0292046551965141","0.619222868719274","-0.342718791821318","0.52836509716193","0.996104741350858","0.321651521431566","0.327342189926242","-0.720236300626682","-0.164586383179186","-0.427687467356356","-0.099824557460443","-0.177177518432509","0.0919172611800269","-0.370906039823444","-0.396269791354117","-0.39380588557325","-0.35056791355117","-0.24281856245905","-0.300764490689115","-0.145768848316211","-0.1930172362759","0.0417502837031131"
"LPC 22:6","0.59070764868503","0.45981114832457","-0.0400580532268964","0.750445917869864","-0.0674018622803217","0.537728095610168","0.283315768734007","-0.51566874923986","-0.587155194025716","0.164832548714654","0.148835129052904","-0.892247354115784","0.753162325737653","-0.0372627383190803","-0.322886700206066","0.667177382734328","0.0376322863900191","0.06585343656617","0.0440224480688952","0.085550852594871","-0.344675871272157","-0.493616511313474","0.0350717502852504","-0.199276449418632","0.441571632971632","0.243112139411635","0.312464637295634","0.256857356623643","0.690343391886081","-0.623399766938093","0.658998866301519","0.778298360743323","0.624210453187266","0.543134564404265","-0.978490624723999","0.433751983350507","0.156030914003251","-0.109075866890538","0.0200750553528329","-1.1748467171576","-0.547200831000712","-0.069956680535895","-0.580927049284697","-0.828966527128122","-0.344791167804111","-0.315869997296866","-0.456133757361077","-0.285082505521699","0.0319948801614197"
"LPC 32:0","-0.334035449528595","-0.38122960046219","-0.108346769759208","0.0677967724696816","-0.138824272616598","0.124561982418589","-0.0270015288632511","-0.169215689359001","0.140133561433321","-0.215538585020667","0.00390998822128876","0.460238654585318","-0.216280650755055","0.219591360890257","-0.416531085999979","0.384871724864833","-0.0155038741417417","0.0759595437508742","0.740125896396002","-0.00597850284595372","0.371513431512915","-0.179536028369715","0.31072494533308","0.193960994216322","-0.505892038917022","-0.306887248148197","-0.417357507719962","0.129187625637387","-0.0588011133933301","0.065111244489336","-0.203229648061571","0.245092050135333","-0.292129896638283","-0.206686903344247","0.28735157290017","0.00789580303904039","0.0577507550902529","-0.0866079674095465","0.183550195707525","0.795177052778097","-0.103367767337367","-0.0382298965564574","0.0206280847786906","0.0456478435164657","-0.194282171615696","-0.203229648061571","-0.203229648061571","0.0855925546048941","0.0115798542171047"
"LPC O-16:0","0.0392886207950815","-0.324824760452544","0.00575124428497643","0.0594036593790712","0.181103844663402","0.158384694120139","0.0725991502581542","-0.493351603948603","-0.662578481026756","0.444973158318951","-0.343096359964515","-0.259392861581227","0.82819921434254","-0.137969968272062","-0.678250992891907","0.36171660094936","-0.439228673801183","0.145949207454895","0.242468707958464","-0.401327259034345","0.0695383867552699","-0.264058576297759","0.149897443206912","0.0251132080977342","-0.668647106416072","0.0516180834575437","-0.550635132420946","0.117512787147684","0.481683127172271","-0.00763518113548202","-0.0332366740176134","0.196411010342783","-0.307843535538139","0.608445352604451","-0.107054685296899","0.280302136651446","0.455976779175576","0.434425974234834","0.10683309772102","0.29551876357258","0.0646768617992865","0.50354698203478","-0.494330286038287","-0.206541422539931","-0.298300639789874","-0.603361341457453","0.677652413324695","-0.122600800427384","0.345275832525083"
"LPC O-20:1","0.11397522571976","0.431904561911346","0.0990297785336488","-0.510377644227394","-0.116784172432951","-0.115456782004741","-2.82895446921058","0.790776816477309","-0.209986697704072","-0.716467490373253","-0.102858025624997","0.299856660361715","0.217331076186115","-0.120406980851397","-0.112921794966494","0.561821639902317","0.17334826604355","-0.156321717662128","0.529474591433648","-0.316663674006895","-0.0988373011791437","0.0474209258702774","-0.311611434851522","-0.186288019759459","-0.149228813140153","0.541723015635007","0.168804325887699","-0.0870528189881315","0.363577536190634","-0.717401140477951","-0.32713547979311","-0.206394739648783","0.223228452436142","0.310097595359803","-0.566829657425442","0.134722385377579","-0.326257348834469","0.231652294240245","0.302217305993758","0.569906617090645","0.296528214137228","0.486155302924986","0.198314525569969","0.169516801911715","-0.222243469869183","-0.177206966293653","0.406600304382853","0.331134486756342","0.684567932991611"
"LPC O-22:0","-0.143974598437245","-0.391843593760938","0.229409571190284","-0.506597609940152","-0.50108063707371","0.190698052777876","0.232163514216243","0.220496022205679","0.153019725224281","0.0743732858514043","0.232206506104823","0.0926481397002638","0.531265895118386","-0.246698551515355","-0.305945662268091","-0.115825480367183","-0.44539404769453","0.00311097647231503","0.24440616342222","-0.43856040896139","-0.351953655109","-0.25930354033349","-0.0667790914572897","0.319755422381236","-0.273062594697606","0.248630577542248","-0.297625868524949","0.219206733930758","0.171586812219343","0.0893343227218541","0.507817922915926","0.245845969210381","0.153518447477837","0.0732936555920918","0.137524106259426","0.241762805604537","0.270948934638375","0.112033326662891","0.0564861322721715","0.672235628778379","-0.703783843450255","0.270661155849345","-0.236865159672331","0.333314178405227","-1.03756351315598","-0.511424506250725","0.431275508037963","-0.246562893368979","0.321815763255434"
"LPC O-24:0","-0.090730190845733","-0.188492960720846","0.303946711407621","-0.213597434713642","-0.0311756941137841","0.120286089068075","0.0389378025957915","0.629103434040766","0.278575946872349","0.166705596719493","0.127567614087853","0.145389313060175","0.235973245179882","0.0792842811150667","0.0631473731444641","-0.198369429041083","-0.572378384311616","-0.18601851572231","0.383177737375061","-0.443243115530834","-0.259039564972337","-0.687283723885406","-0.100954108984249","0.39669474043616","-0.00414265169988985","0.0601610804953641","0.105441690995566","-0.270108561664607","0.194489169716995","0.0411741590622751","0.0959505439021214","0.517507259472198","-0.294779467019263","0.0144326559359514","0.210282886038867","0.0333115176133461","-0.0817270689790177","-0.267454443997715","0.0627997529752229","0.49598714654238","-0.388980982690793","-0.015996390352066","-0.0938004508307627","0.50391041025232","-0.576217089564423","-0.198691745623732","-0.375903481943237","0.518990061867528","-0.284142762765547"
"LPC O-24:1","-0.414361763068636","-0.445214187404744","0.0776022863728081","0.180869179423282","-0.105708714550849","-0.191894191356316","-0.0458580759142593","0.651725050420996","-0.349373858616232","0.0157330295706798","-0.256666257122615","-0.0402568214202416","0.720621539340366","-0.276460282721592","-0.396371201123693","0.132209548923572","-0.543357128933881","-0.0569319927529852","0.0852155039277224","-0.131823841571494","-0.0299448830606656","-0.054012562351299","0.145224279440746","0.0655965571778724","-0.333376507012552","0.534596624396861","-0.151612030305945","0.1021271302137","0.432233312626799","-0.0426199576042111","0.184228254115032","-0.0598097607303375","-0.107593738949288","0.160397898841682","0.350238119194294","-0.208183859379627","0.548993895716474","-0.0852202373766501","0.0670413956857205","0.382994536190721","0.036939048133011","0.202793041073966","0.15296275699183","-0.273077170515289","-1.06133440062716","-0.0328655058607816","0.0949936717475068","0.138171456148718","0.230420814656977"
"LPC P-16:0 or LPC O-16:1","0.136852397951474","-0.336897050256526","0.0831712229178352","-0.164306847007542","-0.0627528630630198","-0.0721746480936391","0.223316132071187","-0.0477905640735641","-0.60732429557687","0.167080516038929","-0.193538738332872","-0.377332155096878","0.460765935236256","-0.0318817271405755","-0.52540178406693","0.737204934669803","-0.173538167256319","-0.100453822569904","0.350005708167797","-0.473945320026036","-0.0377938688676658","-0.29059233990083","0.196045383911139","0.0980600244464424","-0.127762212310502","-0.117495221853446","-0.432086994067712","0.0492930802615633","0.00924405490423187","-0.289650826487561","-0.441438571687438","-0.126319885133484","-0.0593581080855146","0.397573260988834","-0.0241928163864444","-0.0699197859781711","-0.103718912897719","0.31378429249035","0.313324031193292","0.580844190996681","0.00632021070550894","0.579086702731048","-0.129892934616311","-0.164459729992984","0.0302714646399114","-0.317395121672398","0.627693373423368","-0.201477669643893","0.740956064397102"
"LPC p-18:0","0.153827081619602","-0.126328962058324","0.106918949972472","-0.185224595778674","0.162355127674947","0.0803166115526359","0.000727148578425519","-0.445751217280105","-0.548275884138925","0.200145191925081","-0.281877233213181","-0.252328980284892","0.660369853283169","-0.0691197008286294","-0.869229326282673","0.279429854756826","-0.264132965939064","0.173992272215825","-0.164466625025108","-0.375050812675096","0.128782638067274","-0.488164892733641","0.325968607002295","-0.0638710281246451","-0.66349870502892","0.290507449127323","-0.378780555716742","0.329968215156254","0.312225061682273","0.0404944762076334","-0.346444046795954","0.460984863317138","-0.183025743632623","0.480431969480734","-0.341978482240302","0.349028772158607","-0.0606753821683727","0.213928553338147","0.29699173632977","0.364384487063705","0.123614670404071","0.783195789391426","-0.297913942896635","-0.00868786436105633","-0.311356435837198","-0.574035054285798","0.492023088980471","0.180844724978269","0.308761243062187"
"LPC P-18:0 or LPC O-18:1","0.110696129125177","-0.315696962895613","-0.192555864768849","-0.157158438244154","0.00759317408374392","0.494761149776151","0.180307666703602","-0.159691180768512","-0.625825030297445","0.38411284426961","-0.290095052012531","-0.134358285762393","0.394148094087183","-0.168296127927621","-0.50453892411845","0.700674323833043","-0.572995046745819","0.235829158881998","-0.0152841547564855","-0.131459391484599","-0.173416564224818","0.159717294457041","0.30318456235549","-0.118394647414689","-0.616299926233877","0.108548225323793","-0.661892502432793","0.115729479890039","0.612154578946275","0.0489413244176498","0.318190572990445","0.153838608221524","-0.42384668764714","1.04636090063185","-0.0464798305304207","0.122980575205732","0.515478532649723","0.0536180345151677","0.0487683556872053","0.161736978139967","0.143303746325437","0.216924858844862","-0.418009033108582","-0.445216777052353","-0.187497400694651","-0.756977365933487","0.379800430513978","-0.371092305850032","0.46967790102863"
"LPE 16:0","-0.0793800676887726","-0.621566399751434","0.308399890074197","-0.274466839035924","0.966761937181978","0.19980879661425","0.150939428171019","-0.111584810108898","-0.013987501529136","0.0469496199204928","-0.314444709422899","-0.721262545743219","0.624838625105366","-0.558125587067206","-0.59093726584935","0.385467334075775","0.196961748504246","0.100577842540169","0.382696322506926","-0.140664009540042","0.126597936871128","-0.388864877693912","-0.318123357013341","-0.216654728161772","-0.405862354828179","0.165081977997675","-0.162080116071817","-0.172859449671438","0.209304793968416","-0.157508052158842","0.0953692049471194","0.229435703166858","-0.380736825157415","0.317181019932808","0.079955509467526","0.423770808697689","-0.166987926194232","-0.014014209367114","0.157878917565476","-0.684401073102597","0.0908450522947408","0.457305372547342","0.156910921266547","-0.359745781742386","0.0933978771471556","-0.166705923996108","0.458947694560683","0.101659094880904","0.493920980889548"
"LPE 18:0","-0.350236361193466","-0.702889834834204","0.384799663667136","-0.138132713872528","0.689396287871908","0.100621703412737","-0.0733067231367147","-0.245261133690865","-0.237963959682199","0.040289958264864","-0.125105335933946","-0.107150273344338","0.259281542659979","-0.128104364261087","-0.190201062368569","0.547017510319885","-0.266085956916529","0.15685010093349","0.230778104669208","-0.384936729871816","0.573940804018973","0.118637183675787","0.0211563424526238","-0.0313915544052699","-0.44663861189036","0.114755152761569","-0.284655442873074","-0.0481587495305319","0.473329147324198","-0.20252109084084","-0.133526462226321","-0.223849849132891","-0.133113192821878","0.106380155805055","0.0136582586088329","0.289852958180572","0.345226090319726","-0.17857041941318","0.0581791982743338","-0.729344607408657","-0.599145788247116","0.635027122713133","0.0700361579895456","-0.110596104771309","0.369380422118289","-0.288541293647141","0.0989281220909413","0.127718782161747","0.534186846020298"
"LPE 18:1","0.0317378577217751","-0.216327234373409","0.016365288149027","0.105338863474165","0.8118351005302","0.0843909752733717","0.754099132606645","-0.206944008334581","0.0234948487065871","0.111575800461783","0.0256335350223362","-0.684020084279377","0.763391893567877","-0.41171135841224","-0.123980695174356","0.744964366538874","0.122116615802663","-0.00798212576732058","0.31270857034987","-0.513364128145744","-0.0768692108424958","-0.0358337865078541","-0.736759790937828","-0.516297955952744","-0.2179324962687","-0.32497401638881","-0.178302110272799","-0.373246572397446","0.367946714629187","0.126681363965383","0.269886921584099","-0.022494946946664","0.0501248575640087","0.314652764700994","0.131967983022352","0.312373638443039","0.168583075886044","-0.330376916152001","0.0177996309843371","-0.85528650644231","-0.161569476988562","0.640538687112262","-0.203979886887983","0.0143763269229454","-0.0591899660724149","-0.550506318551613","-0.137373433023783","0.110432966372255","0.512305245728951"
"LPE 18:2","-0.155961494157554","0.0239843222246133","-0.27806927988705","0.67383290622474","0.938543822748022","0.0821563472740784","0.628425867608985","-0.301254816198659","0.246539106032353","-0.199762480535662","-0.23894977701967","-0.876555228311296","0.774957000330837","-0.260640661219196","-0.33920725150294","0.690281053080637","-0.317904396734656","0.151189475523227","0.446215498881188","-0.528442357611889","-0.332034169485785","-0.185766203670672","-0.238883577709075","-0.495570150811058","-0.00647718979312798","-0.468279482685478","0.0840360465998465","0.122164603968169","0.419946557760961","0.195448951011266","0.78594477301589","-0.0343334465674205","0.201956758982349","0.302374473697251","-0.0169299876849668","0.140774145796673","-0.216230111389689","-0.0536897531606536","0.258593221969797","-0.625963010394293","-0.517140222466435","0.321554410539982","-0.0274748300169628","-0.155766344140516","-0.604266357621677","-0.499968870822393","-0.150841019520842","0.0471438653690031","0.59029926247975"
"LPE 20:4","0.50934492321345","0.532534005963949","0.0384792499457934","0.386411371069536","0.916379954894362","0.10777680775394","0.786393883547482","-0.563189990817345","-0.0875016063100022","-0.288019526033069","-0.245383540814031","-0.928326271553806","1.08443871680891","-0.267801153945908","-0.486102376646059","0.867679472574993","0.09627186580503","-0.0773951922515253","0.00861983735832564","-0.200945487180412","-0.212757011187858","-0.384569660871923","-0.816090278317952","-0.602422459276214","0.375404529569827","0.035475530794984","0.287120503274212","-0.00662924608967732","0.852165932317045","0.0153850469360215","0.96682940267306","0.405956909735191","0.374777798500828","0.0441344174147469","-0.605310232298592","0.468945572492856","0.0115647168539869","-0.0298139166608647","0.0744228114272686","-1.63620469636315","-0.144642657022065","0.417291191529967","-0.172673429251741","-0.452052762229518","-0.301772740129015","-0.497611230455674","-0.570357209260824","-0.412792253775847","0.326560476287303"
"LPE 22:6","0.706469601527942","0.353322831131348","0.0441900978413024","0.254640725700758","0.965192279223711","0.366363934221303","0.542071323474707","-0.263133085650097","-0.0262425541525824","-0.0429854005988456","-0.357675752138346","-0.530757445622765","0.966032930603265","-0.0984857808783132","-0.422522846398347","0.258870573620999","0.304757533499649","0.0330395719648782","0.0686605015825889","-0.0534926834541819","-0.324128752377434","-0.700874878227933","-1.45455806607844","-0.570176049929159","0.234324901640677","0.346308839115895","-0.0136546507357301","-0.00239809096400156","0.775772362854104","-0.780656729384388","1.04512792936897","0.747944513213979","0.139988067139166","0.654076477829756","-0.903319658717269","0.455768225549846","0.125050370716476","-0.254785938383556","-0.210372769898469","-0.718714019177094","-0.196104872116914","-0.109685902622364","0.141200882107918","-1.09214043397577","-0.16651358229311","-0.403195138276057","-0.23669038589048","-0.174344577380863","0.578435571393266"
"LPE O-16:1","0.0993948239478022","-0.755771678381578","0.472756210567605","-0.107605624536638","0.796426538577889","-0.0393944318078959","0.0875866241959417","-0.335523483325377","-0.324244316079967","0.261280416339444","0.411446401605816","-0.265246279534581","0.498996296085282","-0.239469845247899","-0.28537340669153","0.631089868966892","-0.0732468784291256","0.272024633414627","0.297036161705392","-0.0933793887997112","0.246230720897981","-0.10153015306302","-0.122190108661139","-0.0509843410590889","-0.310919865610784","0.0936825642278579","-0.768591910880934","-0.732998255763345","0.459822910019196","0.112152775208152","-0.521889285861714","-0.603210744444353","-0.132339091592388","-0.251142965266381","0.0289662461083412","0.396405348562622","0.153073263100598","-0.0481248828267618","0.198204724529933","0.341277424637929","0.0893928554584875","0.460842803497386","-0.220947890761303","-0.175943581072833","0.305003606972757","-0.684798992052172","0.309765270731034","-0.208145242027131","0.430154154418682"
"LPE O-18:1","0.194659929308547","-0.321833023437266","0.40625784091809","-0.468034644625294","0.934153594841404","0.00916849300314859","0.154670500274465","-0.620483781925043","-0.314511679814379","0.170759839098368","0.0784551002493057","-0.437873525699138","0.59154395495602","-0.550529980175968","-0.397837110947183","0.602652018741374","-0.226653239505017","0.238780136606702","0.294457547831652","-0.101103552277116","0.338929034908127","0.128694764462066","0.0321403818605727","-0.434013007915076","-0.0521887317978084","-0.0597720120570982","-0.130853290473817","0.10828568287268","0.207102002062134","-0.16837480559501","-0.615781007030845","-0.415560098847932","0.0600323095007217","0.154647113255203","-0.370562493230836","0.37344512158557","0.215748420164095","-0.211187897041304","0.464050732288154","-0.590473358452205","0.209694871046072","0.570819286009335","-0.0389103226168146","-0.257466353289655","0.146091269790408","-0.521097035186422","0.601215599536987","-0.22131783402204","0.239963240792068"
"LPI 18:0","0.552171185375981","-0.282060430898828","-0.0660615604441079","0.7105834589907","0.119419643120044","-0.0963937425958235","-0.203615440124561","-0.247141445107952","-0.40115430454774","-0.330091141587639","-0.279433805326775","-0.134197423156833","0.784858510257848","-0.69374461937326","-0.377641739930749","0.283593098855956","-0.208238598604546","-0.206888826655204","0.00856099838415742","-0.508901901391296","-0.188069992798022","-0.12522451840536","0.723545975314542","0.19182346847566","-0.236085770495167","-0.22036241296881","-0.0748303661443424","0.0444317700526411","0.413218378988628","-0.500337117007561","0.740518513037791","0.118502952117306","-0.503164457470025","0.796309937327552","0.0372823803271299","0.518827455778318","-0.0987529118159258","0.26193979632865","-0.117379168650143","0.114404446314823","-0.139306896688332","-0.192274971303172","-0.239175042693188","-0.0425664340659455","-0.0275025821685354","-0.283338883154105","0.464192934194262","-0.320122273952687","0.45987387628465"
"LPS 18:0","0.284993693765151","-0.112592745480378","0.376686366023407","0.259969782007021","0.654732801269107","0.463586394690742","0.241999390094557","-0.330840902406658","-0.423544101835011","-0.204388289521363","-0.202381979351953","-0.748649461855506","1.01552533262476","-0.57855184480194","-0.311628788237556","0.853714736144301","-0.377009089457625","-0.203789300104045","0.100468863574077","-0.445637366923049","0.00705447292403658","-0.102774634896651","0.152662141129978","-0.236956315508323","-0.541031966271911","-0.134260458546124","-0.251330604607838","0.131115459341001","0.712138072471124","-0.238068546683108","0.260716798347529","0.148671397338927","-0.501969817047131","0.282156709021464","-0.236242859259591","0.660921898650686","-0.270313462338331","0.189313553175728","-0.085620164311155","-0.493128917295567","-0.104365054160101","0.31097681620719","-0.30679077245217","-0.166164919990482","0.0131188162329183","-0.433778423726419","0.209062279864369","0.147664617611689","0.564560394560215"
"MG 20:4","-0.509048446917197","-0.38027581829792","-0.0709489938598412","-0.289927549146963","0.664962178160924","0.346122822633823","0.734139122702015","-0.523845959379052","0.451840961799029","0.0626971761055918","0.320796615801201","-0.047551809249332","0.335818118662929","0.0924790099793558","-0.132897035480047","0.623203748773312","0.8567419889684","0.324815272765258","0.036905845141729","-0.0118242175140039","0.107467014384524","0.367982402702539","0.3054074839558","-0.084327280440248","0.616156579196514","0.506040729445072","0.0666234355185783","-0.194428533448371","-0.193158706691488","0.822767604510005","-0.403045865968001","-0.224488218964627","0.468088509993462","-0.778442857330922","-0.406940063526993","-0.297860216583275","0.257360903152972","-0.306180840683801","-0.259202869734388","-0.835472447184672","0.0367039662032874","-0.2407051827696","0.0798270736000629","-0.189400709834671","-0.179206232058515","-0.348594803789469","-0.730336074943116","-0.766985832167963","-0.0798519981919136"
"MGDG 16:0_20:5","0.250281229749411","-0.0953405292263406","0.511738983626135","-0.126774792834214","0.393382747740722","-0.242726120125284","-0.196170153201469","-0.366972763206341","-0.489930234125698","0.0577131602263054","0.296856031601272","-0.00934139885761415","0.292956307442191","-0.694630465223885","-0.254888619816914","-0.11399689293904","0.105185153229931","0.202690148459079","0.0883033485261167","-0.0619041705742496","0.0731036240355333","0.478504396425674","0.134252806037121","0.0118634838948964","-0.379802333878774","0.188225784343159","-0.695433306198694","-0.215677283795419","0.0136506157126922","0.502754193902474","0.110096211652036","0.0844780950836196","-0.300662167777746","-0.43483395503539","0.0672355651601805","0.266518861467231","-0.0705692642625843","0.00894464301315179","0.341959014326232","0.282320118269412","0.078262571078373","-0.312208399559567","0.225474693337818","-0.0711749825171869","-0.349872584223389","0.0272847794355451","-0.150513467370294","0.134830168595016","0.404557148378759"
"N-docosanoyl-4-sphingenyl-1-O-phosphorylcholine","0.0351910584455712","-0.259736426714796","0.0996022727224906","0.493886128697005","0.651261719674021","0.102984306405328","0.508410235354455","-0.492657755641279","0.0046438034656088","0.0968159501764938","0.0637176801981568","0.168325489824355","-0.213734205078558","-0.153982560442419","-0.60664852957529","0.157076126288144","0.200174198381549","0.127825269774032","0.227045848800147","0.272697502913319","0.270351680718206","-0.0371230724873226","-0.311674436287877","-0.0603820025921321","0.497665636429063","-0.0793477694383485","0.0252018821725387","0.0455215710944141","-0.194347673722624","0.0306102227904984","-0.512014552372259","0.256738689602007","0.325171329224861","-0.841880181930607","-0.0800332138932551","-0.147285963306729","0.0689877408861874","0.263640347337811","0.307021858883537","-0.218898102604332","-0.0106311169095029","-0.279978071932378","0.0176596403659005","-0.523883391567397","-0.206855232506053","0.341753076151568","-0.248856802095707","-0.0675834825002288","-0.112446723178173"
"OxPC 36:3+1O","0.0209039648690545","-0.669804044330358","0.0469887931613554","0.00537135008239566","-0.863968224493949","0.135651673494486","-0.0464296499333054","0.502278974576695","0.0359270155898117","-0.220750175356547","0.328962969302451","0.337767269934005","-0.277105838226926","-0.147441538503536","-0.0163583658703636","-0.0896787051806192","0.250104021935363","0.481865683743895","0.0620923095441025","-0.13144648608603","-0.13044395083623","0.185586564855932","0.342128803401364","-0.066640882842484","-0.429727565344782","-0.537899752738748","-0.137030526198521","0.221656324600956","-0.339384782975153","0.0136427638506354","-0.47571714818929","0.0976952292440031","-0.586059834388583","-0.206406700716002","0.163441738044264","-0.397325939846613","-0.195377829263101","0.0284961154867888","-0.16074231374823","0.834088185642075","0.472521058370735","0.0759245049712292","0.0465486122568925","0.212332684025262","0.280049120810268","0.315496527747052","0.476336358324159","0.24810709362185","-0.0962254564177115"
"PA 18:1_18:1","0.102518475172587","-0.386562029046049","0.307566699092974","0.266747901537878","0.278956419949141","0.027384917827576","-0.0422616469478758","0.150541707151478","-0.124092207588394","0.241316851514716","0.0901789626564711","0.370504520222749","-0.0722412278592359","-0.346253529041917","0.204769466674736","0.634459034734637","-0.185208334896686","-0.207267162204863","0.159769362802667","-0.441812959788594","-0.234057530177938","-0.159408721156396","0.420308211881556","0.0539493042274504","-0.209857286900413","-0.049039230279994","-0.545146953689069","-0.19548907502828","0.013080678121311","-0.453697131048223","-0.180176847453688","-0.37104688040177","-0.317378564897851","0.0536429817423696","0.0483906924322202","0.321010379001636","-0.313093011755464","0.00271455961335188","0.103436566643087","0.491063085553118","0.4031662569674","0.333868750553896","0.106753013144771","-0.0582825275503476","0.0621767079095455","-0.394561441892282","0.425828325525851","-0.398822037609598","0.0116525045597526"
"palmitoyl ethanolamide","0.495906308754772","-0.851547897066938","0.0466219741786247","-0.449734346600372","1.06727143954306","0.2947107381454","0.477374463065326","-0.57679591137133","-0.389855542683048","0.0688440624053312","-0.29355644036706","-0.177724580435425","0.573030673203328","-1.01992778020202","-0.045036103473574","0.140794880396095","0.405426308013827","-0.22079577587982","0.162982453412697","-0.180318854884894","-0.0546587016591974","-0.481876846762246","-0.00176068952344916","0.0232895319605663","-1.20851294283545","0.125524961461337","-0.204828804439253","0.176699742544942","0.222634667867159","0.16260837032919","0.433917213822828","-0.496572578894273","-0.639006230531843","0.641585750096183","-0.477466597471018","0.779546927231946","-0.397482186157575","0.262069093143276","0.16208297676377","0.338345087535434","-0.108636191100426","0.765418644574731","-0.218749455620578","-0.607766797110178","0.218088951225532","0.156518313445205","0.431400592508932","0.0181928149153431","0.451724314525129"
"PC 14:0_16:1","-0.341250115308048","-0.305337588587837","-0.732876711809079","-0.384214669419353","-0.632099235984396","-0.133829378355366","-0.33667413472419","-0.0952758787470208","-0.308801381240217","0.0522515868038101","0.130816882394123","-0.161913987073683","-0.594647739078862","0.355128824721329","0.870844390296944","-0.0188770768999493","0.0552851966515583","0.212485341594798","-0.246575975958917","0.418951200539899","0.0729590179889686","0.499435109596681","-0.226613934808169","0.455340806693428","-0.400477642097707","0.252373718030496","0.196332804790624","-0.147909475015724","0.546022685268081","-0.501353522736646","-0.171758065035313","-0.566178454942746","0.291815766726674","0.518816204051826","0.896074705095453","-0.201285098223735","0.177362740390695","-0.132097962552479","-0.0963537072730036","0.625443990184084","-0.0402531843189618","-0.216455239718642","0.170687648884392","0.112540323016985","0.578195271560707","-0.467118961737522","0.505287885170671","-0.184386369638886","-0.349836609165773"
"PC 16:0_14:0","-0.201811844362213","0.02269785938382","-0.53135905131625","-0.323264342307852","-0.675482646539419","-0.0962010130819934","-0.328874878730374","0.0191903802741094","-0.241032152506555","-0.185704004013498","0.0361841661702304","-0.132826683075622","-0.0678822990700336","0.290502883493594","0.8707835552515","-0.346449205346752","0.260280835163201","0.42254388461131","0.371095036493796","0.0914823775811948","0.238924596692828","0.039856968998861","-0.0574613954609642","0.610707960182256","-0.134082009136073","0.102636720426074","0.0658903056973418","-0.309897709097228","0.612304986124912","-0.665097255617129","-0.802244124912018","-0.193163644162241","0.115388995783748","0.528851882171461","0.491091497000233","-0.203360226395307","-0.217952182326133","0.210902092227537","0.0685630907932139","0.457212155148222","-0.144280286845874","-0.220310672645609","0.300399905572271","0.363184408209997","0.0849214178143657","-0.521948120213786","0.694070080026516","-0.282185178050971","-0.486797116078709"
"PC 16:0_18:2","-0.0384333355710599","-0.498724787023704","0.363545438735504","0.129855499695427","-0.528777855952199","0.00971865954212524","-0.0895535970505111","0.0194358218876214","-0.1362525812469","-0.0735322036935363","-0.0634181857582038","0.176233179322018","-0.230279704783889","-0.462876051352077","-0.122474727126691","0.134358860109115","0.0414506549591073","0.0620413736343894","0.388970013276961","-0.0984246982454251","0.100236585516314","-0.214134304095792","0.463989629859065","-0.203208349668623","0.039118078892661","0.21631414294765","-0.134182365934141","0.260911568217339","0.0285733620263497","-0.0889249560165961","-0.0526240315244402","0.317000449568865","-0.20542013820221","-0.39943796090344","-0.0392278010729442","0.00278304913448359","-0.26745707176582","0.173900354988639","0.300154823137628","0.514906530672639","-0.0864200357387014","-0.0374481355358923","-0.107367296934181","-0.0461042077846015","0.0132608531685929","0.127689345624088","0.225288049166509","0.137728633682622","-0.0227605747841283"
"PC 16:0_22:6","0.427280092814663","0.252783472322594","0.108290625539238","0.167929348477077","0.060746920055721","0.0546487306482058","-0.173182192971008","-0.196110685150278","-0.00123428285033128","0.240260886592115","0.216813053916947","-0.0359344711308331","0.149239187597699","-0.177684228128612","0.16652242012792","0.0220213803015919","0.146102048561774","-0.373343997597842","0.0923652725492569","0.127057308526185","-0.395064374463468","-0.107972729399314","-0.0900186994856227","-0.0856648453997644","0.364309533815284","0.58867154613563","0.318582716207811","0.244235138866761","-0.178060105478939","-0.463193717008872","0.456224052577105","0.80960120295554","0.325394182117696","-0.128693327595241","-0.759249206300687","0.16513261771725","0.211744993499079","-0.275709725874487","0.0628889723776669","-1.33796415484561","0.0916643660952494","-0.586881528311735","-0.196891856984295","-0.737119026595747","-0.228998494202634","0.631318134208184","-0.0278657348110948","0.00710100271589797","0.0479081772662769"
"PC 16:0_5-oxovaleryl","0.384612569893636","0.378567293353941","-0.541043169854072","0.271123876892516","-0.768785727906738","-0.95303861669427","-0.361790805214295","0.437146484507771","0.102642792295093","0.0747407473267882","0.0946452520752162","0.890653818868361","0.39834129230817","0.187353961922675","-0.0456585422861617","0.0893649880614752","0.262966764289969","-0.169428080761047","-0.383499442036056","0.192191271665244","0.0185328693641642","0.157146430945674","0.173427525319007","0.0489116739827106","0.563103157978461","0.082179196862456","-0.161058599485405","-0.304089717879032","0.378611193759405","-0.191452585544608","0.716090524956775","-0.272962146607853","0.286032829614826","-0.716506054412785","-0.405886351974199","-0.0940782441956619","-0.514459333910349","-0.330642749673043","-0.217032518219174","0.806292368878727","0.728856752507694","-0.520867782547754","-0.03918968034251","0.199773323966909","-0.219466734650213","0.298046377750841","-0.0264849475385729","-0.189276378217046","-0.794657129397661"
"PC 16:0_azealic acid (PCPAz-PC)","0.492215732250497","-0.423755511411313","-0.106294038039426","0.311949068974109","-0.789803353989732","-0.421309052648318","-0.604894520183318","0.18296964864244","-0.31512182313482","-0.00697411537293786","0.24607894389887","0.968425409045012","-0.118759832246941","-0.593970825329291","0.274164239580749","-0.248114361485359","-0.248920155239586","0.216144014003638","0.258711444101585","-0.532133304396624","-0.107650125604827","0.280196942477667","0.988225547764213","-0.110487018679496","-0.0261043433916524","0.123623431468505","-0.294868611980991","-0.124115814139604","0.409818589133899","-0.441074222605444","0.489726643529329","0.318460561487528","-0.121516120744219","0.0704779639516466","-0.00308231646656805","0.015615041683099","-0.476149647772079","-0.470898716983744","-0.0463956814401771","0.913198861350245","0.0812868303878544","-0.193723343904949","-0.0631877245777595","0.112022649005287","-0.0686674018836974","0.108035619103528","0.637884768825494","0.0839356570279464","-0.625195624040262"
"PC 16:0_glutaric acid","0.470593051559599","0.0412370902736745","-0.207337892351566","0.174828056825407","-1.01578109131507","-0.772763422276644","-0.356743481911646","0.15098418281747","0.0534087965098394","0.181245632479965","0.0707867252492071","1.02728905625875","0.18887590464818","0.193747893970151","-0.16861461603441","-0.0939342588984516","0.158201666582093","0.0203943664074026","-0.157909491854356","-0.0202634464535264","0.237123399459028","0.285419896054529","0.742975979830478","0.0317541004420729","0.440635219931785","0.125840574430004","-0.310563499192767","-0.451053186091645","0.277547454669913","-0.180926458596431","0.191324134207397","-0.326651613093845","0.239888245016914","-0.64238632364582","-0.354062630147674","-0.169825246011648","-0.355704460265579","-0.0546914243039062","-0.0743431580207091","0.846692894307933","0.412727859096715","-0.255636656192737","-0.0339388053969581","0.25027058385798","-0.263700845592129","0.271858125586213","0.333811249502411","-0.412201988343695","-0.740428143983894"
"PC 16:0/9:0 CHO","0.618294851297775","0.0799005884254825","-0.574549344241481","0.745945539303399","-0.445868866347251","-0.463542281407465","-0.196582458046992","0.201340836116372","-0.473087670534946","-0.107361360724004","0.0121406959273197","0.538878641685506","0.404919525250829","-0.371526681585158","-0.0412495317025628","0.400445280581621","-0.239388139246735","0.0662100770646934","0.00195901567617195","-0.246750383145945","-0.135805356143106","0.169550254498209","0.4394282475538","-0.0575082643826436","-0.0404831182607793","-0.0804991434401504","0.0425658959774767","-0.101693627343421","0.911500697811009","-0.623490623251005","0.857716096234657","0.292205084679968","0.167114349519321","0.277719287843484","-0.202397706632084","0.235096154437089","-0.85265419251886","-0.555660395331577","-0.205409113896603","0.830277776102454","0.240773409478192","-0.476843770357682","-0.345620630661549","-0.114779923909929","-0.419197967218484","0.0740728608996936","0.259077349206925","0.0977218067942482","-0.592903772035283"
"PC 18:0_18:1","-0.095187698258992","-0.35382828523641","0.0114081414752771","0.219050632404692","-0.884935081411","0.480957481588478","0.0759161178225243","0.0789682102157869","-0.254376211136747","0.236134089553214","0.480748512107891","-0.00410509011347979","-0.113980016836737","-0.0451104574664592","0.248656136974724","0.173025895009695","-0.281103015440943","0.152910950839535","-0.15895303991129","0.0388333640211257","-0.246240629092714","0.164814398287116","-0.100774209517506","-0.143336932590322","-0.253022011945566","-0.0590190562320753","-0.0532768501019433","0.02126464574334","0.0509343039803351","0.322707082257746","-0.666938047460815","0.0599297197715562","-0.213724199148076","-0.126320244100324","0.161315674825971","-0.325074483760808","0.211957658674658","-0.386102903160155","0.104997681906227","0.542338754622729","-0.090215889702825","-0.157811234272215","0.145405037336968","0.461607782925242","0.232579882044939","-0.0414588075054123","0.261606898980613","0.0987906528872412","0.0180346881451938"
"PC 19:1","-0.176784727738192","-1.01699369064562","0.256041753142934","-0.516674868797136","-0.593354749727707","0.461576572565326","-0.289675348278679","0.561440621157499","0.64066974603366","0.551100527185583","0.50182087343338","0.636019945431469","-1.05139308029881","0.262306571841158","0.447288777199238","-0.736935292274395","-0.79445345591622","0.297785307967637","0.516118105180707","0.207600815689114","0.18918836275543","0.548175339221796","0.340890748286581","0.325742721930759","0.113384212338254","0.47924326703713","-0.932939865585071","0.431229671107422","-1.09023798113951","0.676250796251725","-0.473394075225091","0.0552205357209852","-1.03058257986635","-0.20005408036536","0.531261333221738","-0.463134310703793","0.15440116802631","0.355619682270248","-0.71531011299526","-0.274723324237722","0.337155518802044","-0.821067792283323","0.367473374640725","0.590451810158911","0.130458992846425","0.458314034537845","-0.472902547024581","0.311307098412204","-0.0849264012914163"
"PC 19:2","0.0432668104017347","-0.669472076741517","0.438360385387817","-0.100822764526857","-0.530986796989645","0.614368804624021","-0.0246595508001503","0.407903157036079","0.543593988488232","0.533819226449844","0.400075181868675","0.616867417081365","-1.13690748837401","0.42501932459652","0.445661209601433","-0.639068191113338","-0.732411953687962","0.281858576599963","0.581782518543596","0.0439045679862356","0.230366441609902","0.445300463487988","-0.0875341306706308","0.0915723082277242","0.600563754789062","0.458802713702207","-1.83170098129602","0.396074992560031","-1.41350815450579","0.697435570114926","-0.241649170415694","0.50393209389347","-1.1378056852431","-0.219219588267867","0.404408206007421","-0.328079852617944","0.199401467735192","0.550090001633951","-1.11704824286881","-0.168974495165189","0.205791490006441","-0.905324884487108","0.472463644732689","0.529416017338936","0.290602300438754","0.256035599152306","-0.401179644580319","0.182519180170006","-0.204903761914576"
"PC 21:4","0.551529924788819","-0.100437358344539","0.171061464383265","0.045235416800061","-0.000686867252358032","0.606411654654106","0.175299327722419","-0.0724444241557752","0.196244463956094","0.183267737898603","0.0435805073281541","0.213929818655769","-0.81234436457498","0.73697757590956","0.151508776409772","-0.367822918573682","-0.816238098095581","-0.106759358789989","0.541711587897608","0.149092089823437","0.138150316635108","-0.104211965576097","-0.0586766980128459","-0.166596844162102","1.10091457561559","0.306181681039769","-1.41996016745211","0.448898187743529","-1.74901581275519","0.426661807883783","0.427134880762061","0.550036493927748","-0.586622047864063","0.0524914674329282","0.0308090224553139","-0.13953386676044","0.530097294616319","0.744427309948456","-1.41472709395553","-0.454822627142085","0.36459362812068","-0.519538384908085","0.464607349739354","0.348509081026801","0.294129394072839","-0.32670751358141","-0.44499460456327","-0.139561491165289","-0.191790329562538"
"PC 24:0","-0.258992805581756","-0.698128166214094","-0.0717801425039739","0.0253145602008517","-0.875621245210384","-0.34905639327347","-0.65651845045069","0.435986269622291","-0.124489163580854","0.250661556262329","0.339729275148965","0.919663978205745","-0.632068188983635","-0.395260371396136","0.294444487495442","-0.35974582938133","0.0848028375749742","0.215426106914896","0.326073769291076","-0.126799775553333","0.253564122390929","0.521123419116775","1.04871711233791","0.280662817080339","-0.164175117430631","-0.0254079304792042","-0.316446644149821","-0.224300349156327","-0.0259497064176925","-0.167389451356213","-0.145746719546593","0.0355955719677497","-0.370257313930853","-0.224466334015026","0.00388316186239658","-0.901654830473178","-0.474386605489971","-0.0580680113779753","0.0475736701407476","1.09572861578238","0.226920171047952","-0.190955766694754","0.207945488771734","0.276649373133496","0.195915472546303","0.256912743224996","0.649094812574177","0.348837377308332","-0.503561457354888"
"PC 28:0","-0.0919495450256508","0.141800622068912","-0.48333607926533","-0.353573876727221","-0.595012659174034","-0.00935124910862932","-0.16917006389927","0.0311817337041573","-0.441044463397331","-0.36892350078424","0.132760032390869","-0.24630362109004","-0.516634413554564","0.354619606461413","1.37097072160716","-0.329125765104666","0.00749487891286313","0.308696191286156","-0.0300167962810899","0.808129454924517","-0.0642577054678581","0.411072183192273","-0.456162848180771","0.350090230311631","-0.629871306589541","0.337314887659079","0.43350437990738","-0.376603658083498","0.588642490294618","-0.632284212381398","-0.290399290039069","-0.553501063073821","-0.141104686260045","0.674294352173108","0.59204331241124","-0.192999593103523","0.609308525990875","0.191543337737012","-0.0600107041748732","-0.0280778375166965","-0.120831604995426","0.0217515616556933","0.377951929589393","0.363501531626655","0.139518728556209","-0.894894731931885","0.761658647546224","-0.48526576430476","-0.447142300492201"
"PC 29:0","-0.220828667217349","0.21014411230642","-0.588984735279587","-0.560948029388191","-0.558191619596354","0.0386469528903807","-0.374525156462671","0.18553857941241","-0.478969697165741","-0.0407949013792783","-0.0547185383374414","0.169086497452681","0.0282109356526421","0.411322481719728","0.98584866011313","-0.296822514397032","0.160997746804192","0.389835626244149","0.21068074666329","-0.0902036137893029","0.290808392677043","-0.0215723448594521","-0.127808093386956","0.347172198240734","-0.275026829173358","-0.0761213456923752","-0.146367069619746","0.117814098156356","0.466190432361104","-0.962470615359695","-0.390098237154997","-0.322367357699695","0.0765323195178784","0.368281500806772","0.136817799118418","-0.350582579667717","-0.2203897583269","0.376734934998175","0.0424418834202543","0.464431346330661","-0.147800409004427","0.102417579673007","0.336472697827017","0.454014734329251","0.00482685345978103","-0.525545803967197","0.691912534898506","-0.298766214415056","0.0627224862665383"
"PC 30:0","0.304288990092424","-0.0350250673094883","0.0991721662985714","0.0751868506565429","-0.0833276723777544","0.185470195424147","-0.197134454247068","-0.664256305077107","-0.199150361745738","-0.200049667909184","0.00593219120528332","0.240078447443407","0.296818132024849","-0.498900238563444","-0.0051590732793377","-0.275941058803173","-0.099095744310584","0.141821635701607","-0.0233570113199701","0.134207035088494","-0.372630798255314","-0.15538074644072","0.115054062102456","0.412189664959782","-0.279255866772032","0.326908014482515","-0.464019830905258","-0.0176737685852863","0.136956460447134","-0.13664919330514","0.248977196177051","-0.0533147640623669","0.0158978950518345","0.43373201611359","-0.0524874161163509","-0.0802741595344521","-0.42350372727747","-0.00356352520560228","0.136727891622015","0.721709422641871","-0.0510176323922234","-0.18730861934364","-0.328850969076796","0.422394948005421","0.139620823178671","-0.407056084920989","0.277230300045226","0.359752088200769","0.0642573301728301"
"PC 30:6","0.924211645627014","-0.103650276299213","-0.708099396879821","0.570411664840094","-0.0768185155206514","-0.0603585545350649","-0.00335035202768367","-0.0543754702808571","-0.255316559651756","-0.387031296510561","-0.243066376334883","-0.0211146197665604","0.912650570813623","-0.18825994280476","-0.0962233993443617","0.385555688653229","-0.614414733626525","-0.208935415858182","0.00691209203078831","0.0581026740932999","-0.453289612218177","0.158895244728412","0.0485647492226995","-0.0268269362727923","-0.141334179117431","0.436509868344496","0.0951887147129345","-0.0233132464469406","0.546534312101766","-0.124886635554748","1.20669895043995","0.562879978195379","0.124174302013924","-0.134297977295762","-0.414199306973761","0.208518747411671","-0.565949334628315","-0.432496138783872","0.0689520626833278","0.137532932829526","0.217924306714531","-0.241467024471716","-0.767385323279198","-0.374045909689992","-0.256190439836291","0.0679021741098747","0.310201678445837","0.0966973553015705","-0.168322739304075"
"PC 31:0","-0.283441815955446","-0.0932818145769922","-0.193529492870365","-0.28745214917886","-0.0556085092742972","0.384395653284225","0.278171397222311","0.0200669838760008","-0.131295339640648","-0.0168864810333928","0.246712334362269","0.0319591570117503","0.243420798606902","0.367561344018476","0.422993691738638","-0.0373327859752135","0.0430962115947225","0.394519985210145","0.468104637319563","-0.180195571719854","0.244991187077028","-0.288064016298932","-0.211994935237119","0.227638013962395","0.176548143062577","-0.263704033478171","-0.0816535063865234","-0.253059230878065","0.38432260375685","-0.152474443706348","-0.82768365502134","-0.0676825572397724","0.178347970352738","0.167271446169498","0.128059049626962","-0.0687919089281829","-0.617236750234865","0.184423618847942","0.172491829371927","-0.144635198034795","-0.240890949807255","-0.169248085790892","0.380766340120801","0.413628353689904","-0.0478970168970712","-0.598749196899803","0.163319838619445","-0.19897368363169","-0.211047460207189"
"PC 31:1","-0.36494701582075","-0.0127204579779522","-0.307738035974521","-0.302972641969727","-0.356507750330476","-0.0299016875427216","0.00337007527691116","-0.0756488047170283","-0.440215009755107","-0.112880225182569","-0.0729913661222776","-0.0961817657462266","-0.372838350663523","0.318832527355361","0.686699349038265","-0.327407966382331","0.160915335351396","0.385659437951673","0.0303241541357732","-0.0927579341929023","0.405768537018025","0.116224766466535","-0.30106449007065","0.452055476496279","0.190182428970842","-0.198182049315952","-0.292858593415472","-0.172648418784631","0.482750268469381","-0.494436758287469","-0.815135357240638","-0.454459490437235","0.474671029819019","0.398571020611727","0.649097517493777","-0.249628008774178","-0.465585754658539","0.320676275307045","-0.195690403210977","0.879465517054726","-0.384337743675488","0.264198057489408","0.226957674428536","0.168867417167953","0.602977234606858","-0.595906270662015","0.384753373759439","0.100713722264791","-0.118088845622361"
"PC 32:0","-0.0373270251469915","-0.333804192149579","0.127056679631925","-0.0174935114799168","-0.427122555523162","-0.0836872498844172","-0.00547810019725835","0.0507419341823779","0.0558117712852413","0.347213806774203","0.286881640648634","0.336576550749915","-0.126000068567763","-0.358969257412445","-0.197409013328569","0.13979827960708","-0.193226817883797","0.16951745457552","0.343691174674069","0.00438833068120034","0.339205234257475","-0.223538944378711","0.524774949946833","0.185428595730711","-0.233714403630463","-0.113541011524397","-0.379625737486011","-0.248247322430515","0.0512753014805299","0.217564039463679","-0.692714100955236","0.218943042713048","-0.140089814329589","0.218765000021537","0.494260913000008","-0.0663387275502722","-0.0950577311151172","-0.178965752666743","0.261114637952358","0.512547284001085","0.0583625514916656","-0.473494653779011","0.124279133230767","-0.0151741070502878","-0.265475206937733","-0.202244237025665","-0.00815514031153945","0.0147270986676452","0.0339692779777086"
"PC 32:1","-0.429572587626227","-0.0898679749956072","-0.889852698998269","-0.162960928693664","-0.771175481894331","-0.18515988155879","0.193395156190886","-0.031997843155419","-0.442457723731821","0.17254119701318","0.00130998729389","0.0703766500255171","-0.679809286777349","0.14770941679741","0.703175229935704","-0.429284356438787","0.305320530476303","0.519233118487831","-0.172320844324972","0.0185298515410354","0.330928741408886","0.14434955189063","-0.0905180164425934","0.607857791744258","0.180249837477042","-0.281372214851391","0.0347870262948197","-0.103715883001537","0.538763619240165","-0.512079685509068","-0.979557899202681","-0.305716013027703","0.553145917728383","0.61648747243543","0.902978221333213","-0.363651377543391","0.0175129143444978","0.0978878706397455","-0.0633328181443333","0.921254682984296","-0.464605520359193","-0.369129542603803","0.0630239372987052","0.0624675153585135","0.574536036376569","-0.295101882783073","0.421837183727154","0.150486429010188","-0.236905425390249"
"PC 32:2","0.191491048160122","-0.110867800524308","-0.80003919058319","-0.192033009354442","-0.928708112589903","0.0283258249792259","-0.19107231154193","0.114160209210732","-0.384791442128811","-0.132422813386121","0.0385912378762681","0.116622428711607","-0.59475685722611","0.364919502687886","0.626207523439735","-0.257792961759323","0.550784727250791","0.680740787909938","0.0332889144083704","-0.133138151715017","0.39711051359274","0.440986116562907","0.0265103371780272","0.0202748626254864","0.197409957319168","0.180005686742617","0.452369917379814","-0.168710653781112","0.173615990202601","-0.655278798161074","-0.321193552520583","-0.404208296606132","0.0885371066621143","0.0389706915547426","0.714836395399201","-0.611727869894599","0.331461864512967","0.469285614989826","0.0499208048371434","0.139885617040649","-0.123151897659321","-0.321917796009068","0.0932498483929887","-0.188554238188368","0.0157763541023523","-0.392084886643673","0.792657722622162","-0.231348021974086","-0.224198944105011"
"PC 33:0","-0.116289052462258","-0.0766783281158147","-0.134100622057969","-0.292007805603935","-0.460926692231969","0.312245785758785","-0.047247221039318","0.0227856717009824","-0.00685562674040883","0.250130291875843","0.241921280805837","0.205072317043607","0.283169202087235","0.200721383015222","0.369554670832945","0.0421694667016097","-0.182227080773102","0.357847387955516","0.287816242932822","-0.101349856417764","0.151282566755863","0.0937025878396893","0.0452779257591867","0.085636864469748","0.104615268588735","-0.748176189741135","-0.294280937917709","-0.255418931474475","0.0601513222181235","0.267247623600145","-0.915506574784115","0.149209646268499","0.188506927355451","0.0321078952329973","0.221172615112432","-0.229308443598259","-0.351970227889632","0.0568888557165483","0.235459432268895","0.0459312437865527","0.0345137223593446","-0.155542651621183","0.388190509122722","0.395427610913638","-0.0796003376931349","-0.366332389273902","-0.151709056345506","-0.120282093482157","-0.042946198815228"
"PC 33:1","-0.302190472757473","0.0151701202876129","-0.821910095034599","-0.154896782367548","-0.666573217290536","0.152592836684711","0.0755621153653813","0.172275081292936","-0.438108216162295","0.162392353698275","0.0582369016648986","0.250089581492502","-0.32444452223124","0.39527244492463","0.76379426569546","-0.353923472184716","0.142785765051746","0.37615627544219","0.132869650779582","-0.14625043823224","0.257552890471316","0.101188131411324","-0.145349219796747","0.258803417634979","0.212430845302486","-0.41327595481819","-0.0815521783390103","0.0317217252005028","0.28320414674755","-0.299799831764507","-1.20210674059548","-0.202082067769366","0.473927063597713","0.267053509015659","0.352061484154654","-0.507857464107491","-0.298102487233999","0.152080538105858","0.0438077740884829","0.632635016819904","-0.085629442208043","-0.200081813234167","0.253931997068506","0.433027280257188","0.387634791444368","-0.427440512916359","0.278017504704381","-0.00818648156885396","-0.0365140977919363"
"PC 33:2","-0.132801473259806","0.0731470792417903","-0.459976118237638","0.146698694592347","-0.560764915887662","0.320192313129926","0.190111625625908","0.11476673728986","-0.461450801793001","-0.128958664879047","0.140230094756633","0.510346032708477","-0.148172043352698","0.77269639210025","0.398816740125959","-0.336923138868067","0.272529953597492","0.449817749338965","0.276620894537187","-0.279691539677033","0.465462014736744","0.00442303645966909","-0.069686225897593","-0.294769791464887","0.705184303529993","-0.24557566554024","0.152712238787153","0.016804242212917","0.0819282110257097","-0.284465740529907","-0.666523034758785","0.105965495274179","0.440337037017016","-0.359760332123365","0.00958211095721813","-0.523927652401447","-0.305191346220057","0.53220208048855","0.237662121632062","-0.390685916348635","0.00245986944773158","-0.128400050295422","0.132613264221395","0.250786136968332","-0.215150789524962","-0.491233198648797","0.181668996992234","-0.218775149362734","-0.28288187772391"
"PC 33:3","0.21432169207052","-0.341390152863002","0.661293571949552","-0.238758653748349","1.00469799823447","-0.250757626453895","0.0699686291457124","-0.0390586664868388","-0.0233539161225327","0.0828858240419538","0.248157280835697","-0.174404613974965","0.0517987833409878","-0.413729188653607","-0.390633615969752","0.318012761221746","0.0202820423035121","-0.401532573161561","-0.0997962357851525","-0.137995015684293","0.0389036147993913","-0.0195586451013714","-0.0832123164516627","-0.264338133798186","0.0194617100952786","0.1197712068892","-0.211303968130818","0.015263066235192","0.31667021190429","-0.0356817989382425","-0.269885204439569","0.32257934172304","-0.401267941565707","-0.392449467090377","0.114281726017685","0.334908510060122","-0.22455768677878","-0.0761454028247986","-0.0489880484200665","0.0972795964314901","-0.0734147855737809","0.22258402188973","-0.142250042163851","0.161321506783518","0.125621763123119","0.193150406160964","-0.270412473514625","0.0235036276029199","0.248157280835697"
"PC 34:0","0.108970931143191","-0.188363551048971","0.107428510313044","-0.10465592299629","-0.427142292449218","0.203446159079832","0.283719689190912","-0.10406510031643","0.203196138774922","0.299292200069739","0.30536560302291","0.037405812397048","0.180600687773405","-0.0816346240627178","-0.0741154871956596","0.238145260414806","-0.196105003575889","0.280390726824307","0.0816836620468719","-0.0429066083305155","-0.100504150146267","0.0242094003417466","0.168801743823767","-0.036198684875053","-0.210368252896957","-0.601418179890477","0.119299964648815","-0.213819184367265","0.0932860712411478","0.468827964049729","-1.27361829170429","0.519219041540361","-0.127491823672166","-0.196037115491419","0.239633678151716","-0.161969466282192","0.0781199636978678","-0.117756125053093","0.40528031081467","-0.0319607106805821","0.202997484871326","0.0275718071093413","0.267111126757564","0.277885288127608","-0.40872014949265","-0.27924728164277","-0.12915485283747","-0.0884111334569216","-0.0262252337613726"
"PC 34:1","-0.124283276609942","-0.266269070447941","-0.226565487759956","-0.121213800537703","-0.802532671392422","-0.12023154476269","0.0864609537477268","0.168206500790698","-0.148245695877651","0.214137076957407","0.16268596989831","0.118453372750278","-0.483866811259386","-0.307564946248064","0.319737327622773","-0.134086741699745","0.0461391771680307","-0.0387619639902867","0.0360440240955765","-0.0602032950056497","-0.0581492239208942","0.00171243016538032","0.301414994403792","0.133522208129507","-0.119905862506638","-0.0896762320527444","-0.21659633789753","0.0748593575871198","0.142793902589752","-0.139168053195276","-0.68115012585544","0.0284874594651166","0.11873261293335","0.213589539913661","0.226823813338071","-0.255283100251776","0.0852303261063546","0.0170335059943522","0.11917713889963","0.90298181885032","-0.0313706302268213","-0.297079640655296","0.098311572323472","0.216670513492714","0.389687325477244","-0.137943923911142","0.315604476494172","0.223823200585971","0.0978278362842176"
"PC 34:2","-0.0258108590719886","-0.510233073576606","0.251258260811074","0.166400908106414","-0.640296450659014","0.107321834265306","-0.0137525781253467","0.0395374706109585","-0.27398131275388","-0.174677366960531","0.144187827259999","0.0456703788975269","-0.228904102345555","-0.34458791993733","-0.015322438358859","0.0179031715186306","0.0971153335503591","0.123270825335586","0.412819975636382","-0.0757245854651279","0.165957964685418","-0.125520544346422","0.483777137065399","-0.136892689885964","0.291888473557558","0.256087499723881","0.0183987155081353","0.303327679939864","0.00943201306601597","-0.206364169781163","-0.115808452712945","0.330708958174242","0.00192554080134697","-0.427544431569599","-0.0329424905163746","-0.0232106264548493","-0.170571716341213","0.274432845882069","0.202372840282593","0.302762632294295","-0.0452431151164136","-0.184278056954349","-0.189426087722321","-0.109374158027822","0.00425322842417652","-0.00861951580195371","0.146029245570587","0.0996656875555549","-0.217419706037749"
"PC 34:3 Isomer B","0.0479991223583659","-0.254320020351156","-0.533572411565027","0.0159325032796402","-0.43788810343492","0.110129064635413","0.361277724067603","-0.0838293215588904","-0.3513922371357","-0.0242479394348884","-0.0173170511525856","-0.104311910061723","-0.568783369651294","0.76357390003424","0.555652056570177","-0.045664420098391","0.569367873208875","0.598117824731972","0.199152517820058","-0.0427518590419233","0.282181881149297","-0.0838542354278747","-0.0149408198937508","0.0310226652053556","0.671932785100665","-0.206980116361207","0.41152992555298","0.119703078551462","0.260908940811735","-0.134815656847819","-0.782300443661092","0.0962932004679312","0.3839423232706","-0.101350560881153","0.474583825357084","-0.404598454995786","-0.155713259448501","0.384088344534669","0.0533885333315248","-0.268956202552477","-0.241376233713768","-0.531072829845822","-0.0440535444918658","-0.245731527188241","-0.0790737966812675","-0.450731425794372","0.246738753551469","-0.102652469967316","-0.325236622352297"
"PC 34:4","0.243228305597044","0.302904351770924","-0.556638484413881","-0.461693681580439","-0.663960662273436","-0.438768135743864","0.0877686464299904","-0.0952120554896423","0.00522432876628067","0.172276683219727","-0.0468239426969513","-0.0850571408789189","-0.397038962868786","0.678441563535599","0.363445728654806","-0.235077915557019","0.730616258492642","0.22105527112006","-0.168190602778891","0.0465453083585928","0.378365373072725","0.106064374565404","-0.0457423422509666","-0.022876289921935","0.64792643923162","0.406230229066087","0.342799022267648","-0.359391148099418","0.356661180216105","-0.489005444997602","0.124706359469747","-0.634985595997902","0.440284957107316","-0.317194645594746","-0.125977143212229","-0.230101177194862","0.490592267925832","0.409869822992711","0.115984456247949","-0.436001105010981","0.101319673763556","-0.0462577997457417","-0.169869890510401","-0.354616495705349","0.0945424640736873","-0.364990108358466","0.671590995323722","-0.398663676626406","-0.394309613760941"
"PC 35:1","-0.197178824057441","-0.00588982861006896","-0.47956281085485","0.0439455429239896","-0.745210623034878","0.217530298768859","0.180662756371996","0.15245975926025","-0.16036623348321","0.241904662632958","0.249144724719748","0.171439026295691","-0.329330322989294","0.411244635969367","0.523753328625781","-0.100654272206864","0.0383732933958044","0.338198832550014","-0.021784368568278","0.00060348955424251","0.062466530155333","0.295590191077324","-0.208760094798298","-0.0806198525445789","0.2055210093536","-0.730956746911665","-0.254258559887352","-0.0177188424375825","-0.0398895362987573","0.306083149474447","-1.24554668893522","0.0705432876090855","0.282926903434039","0.0393061141461667","0.290416492591847","-0.53147238196289","-0.0959226268647984","0.145686777584463","0.182567447609078","0.392034621556903","-0.0332644720690331","-0.150256143116268","0.267731971946866","0.43557570350895","0.0868343456823645","-0.0353822205261927","-0.108831520324223","-0.00626637441397339","-0.0534215519034571"
"PC 35:2","-0.0569968527280311","0.105487690697348","-0.213424890886823","-0.339038875868186","-0.221046350518156","0.177160531044057","0.122221562593623","-0.20650063831413","0.108431353905156","0.129153569993037","0.00383072400754681","0.010225734242584","0.088056742353161","-0.0780462319174102","0.0849548268691576","0.29434655289976","-0.134393374688784","0.277068666920745","0.194180485436005","-0.372157335110797","-0.0171002482451462","0.77679080700762","0.20946258659875","-0.378411527086087","-0.0110124702083594","-0.382895738063759","-0.133779809167018","0.741493982597299","0.298870022152339","0.069179580816674","0.04099332133747","0.17249516295836","-0.288946478102354","-0.372418604091505","-0.480038815552395","0.104964604166857","-0.388392392546808","0.22014034688062","-0.0227777347639785","0.141160265886686","-0.0661044777049816","-0.0721065268314141","0.196758189101002","0.3211566401198","-0.126796568261824","-0.147473361273357","-0.241154474168196","-0.135608082238094","-0.00196209224807389"
"PC 35:2 Isomer B","0.0525901460036698","-0.108727972286382","-0.264241165970049","0.36582879900856","-0.401613812193633","0.429780205598352","0.406849860785611","-0.0882939775177416","-0.170607967605088","0.0167838884551073","0.22444862433069","0.249971305344114","-0.134030674202492","0.725435232090443","0.15897114581004","-0.0479008180621863","0.0631870887137676","0.282505573885669","0.23144400886382","-0.168655512659757","0.169127255871381","0.16227170727547","-0.141473232266124","-0.35609918500271","0.760057032292542","-0.534487029426781","0.0499605230366713","0.0502746343781758","-0.0717837788359379","0.0821811482690559","-0.767069270151311","0.312997930877313","0.307176021344689","-0.311724389195081","-0.102050296007129","-0.528296075805098","-0.0388442610461138","0.328158843312298","0.0511772496902825","-0.401982881733709","-0.0896078781418351","-0.151539757071155","0.125737409298712","0.184399819576106","-0.205226616367106","-0.0354900585728854","-0.35342070194575","-0.109354758309463","-0.208793383737017"
"PC 35:3","-0.0432138405134264","0.107511363503369","-0.707399452819641","0.212478093871791","-0.461765902923737","0.245431372713599","0.549756323736565","-0.07227307993947","-0.450546144757924","0.0257949485884427","-0.12374243595042","-0.0138619847925012","-0.188208055782172","0.790512029950266","0.224443646357894","-0.221211239908961","0.26964684263741","0.27411401094135","0.539813880594539","-0.187303999739618","0.351804321827662","0.047173212649466","-0.0677879684550318","-0.210327790049886","0.660496892860339","-0.24168537832031","-0.0395928563241831","0.0977476723346491","0.330352959589301","-0.0532969506348629","-0.651106967762837","-0.0688473108408588","0.725572032329233","-0.223819102644097","0.186695224372161","-0.382238872878197","-0.212499762172332","0.167864282229925","0.150154210333326","-0.411715258891918","-0.252806042782601","-0.381512872474161","-0.0820172484684927","-0.0511437875237545","0.321491794880376","-0.448183777087539","-0.000627717179477296","-0.0317398893152475","0.00162057463199286"
"PC 35:4","0.411759312740726","0.125073238410244","0.209780836766971","0.0869311848612467","-0.547369553145387","0.130795986185303","0.363199196409856","-0.306044017029601","0.43137676362288","0.229818094376068","-0.101618660145352","-0.115940634110368","-0.813358727760918","-0.0906858175534028","-0.417247461868438","0.179042228325215","0.293473272997589","-0.279809702523796","-0.597985713611941","0.309593265192021","0.0129811968079615","-0.412884674174204","-0.435968250386937","0.271676922967513","0.594155911853186","0.651468165163439","0.0275108075846867","0.042416761165354","0.0663030992001811","-0.0111530270677252","0.506427445359403","0.177499350689359","0.38548983671631","-0.14719091176395","-0.194205646538535","-0.053040431166028","0.168768483034655","0.193882230398628","-0.515081118811813","-0.295445531261707","0.0503065297033589","-0.0799383939346402","-0.571238732419746","-0.207855396656598","0.0434284104064345","0.302603516969974","-0.129439087741921","-0.0717723661597391","0.129511807924189"
"PC 36:0","-0.124433333587795","-0.0894957664924688","0.0793089222370236","0.0592820437661887","-0.497660620921829","0.144974597471578","0.245764745173005","-0.178140392584074","-0.00729441489098452","0.281307979141342","0.53821283581601","-0.149590650607887","-0.0480631552383815","0.0277132096940347","-0.0111073489951893","0.147012801893111","-0.315820048977793","0.134307636689152","0.127338188742163","-0.318333727859964","-0.157572030799538","0.240061632412147","-0.364040985625125","-0.106836402232556","-0.302758201979917","-0.638422147719633","0.141336545009765","-0.164270486505438","-0.144057110755831","0.545601996256322","-0.841613353698154","0.448104668401872","-0.263052545174602","0.309787635279825","0.188387831291187","0.219994488945701","0.249380330980939","-0.334874825648523","0.303041629031635","-0.433418208765701","0.0729020597188178","0.4966558156877","0.221805450752068","0.270564785050652","-0.093479496867128","-0.137959527388095","0.0637093836058106","0.0141018558113295","0.151635714457233"
"PC 36:1","-0.0460848460567221","-0.364809372974581","-0.0102726109278099","0.120504728831355","-0.211480900575012","0.461598106554806","0.122472727668862","0.0121418506016212","-0.0933349033384915","0.162737066328062","0.654748031030848","0.0366407265059591","-0.525459182608057","-0.148219736186575","0.206050296067789","0.0738630566740049","-0.148048978837074","0.111037963202063","-0.105373021296495","0.239979608979662","-0.252306614205314","0.0727855881106755","-0.042094215696166","-0.119725876262425","-0.17119991951327","-0.343269211285193","-0.0561719751576461","0.0117894254219039","-0.0978061351439911","0.300769484467437","-0.980634011587438","0.190330653467892","-0.0623313239017171","-0.155963210623406","0.111201952100032","-0.281548349264744","0.102486338053662","-0.303893625334488","0.321619438839766","0.551092372824606","-0.217308683400524","-0.262615030211841","0.0812756381926937","0.381002685211156","0.237670701816129","0.0184596326594609","0.172408836583805","0.216061956021425","0.0292228681733033"
"PC 36:2","-0.049718510900659","-0.549945548022551","-0.0598967639511357","0.36004908666801","-0.609332427895504","0.507244648913353","0.396223762312558","-0.072767787867968","-0.0669423670435507","0.119367376865996","0.211632268323425","0.298452353752154","-0.626261503770156","0.410904598277506","0.0228576528142315","0.199586948601864","0.246097998279884","0.389393984995973","0.186920999719951","0.0349117640962424","-0.122548129445188","0.128869944553093","0.0113626856183889","-0.371359247496278","0.400065271370842","-0.667268834475308","0.466562028551214","-0.0279496826786768","-0.149203952796947","0.41390304145043","-0.923020133861824","0.44943220910844","0.196477923093786","-0.264801991036442","0.200291329894579","-0.450032281318409","0.425254490149972","0.0109401413962772","0.27516655950034","-0.208683772747893","-0.251652055004093","-0.398714093908146","0.0912460579131151","0.149561640629042","-0.0262417766240656","-0.000336028928596106","-0.109365221664001","-0.0526158252852369","-0.544118830128041"
"PC 36:3 Isomer B","0.122640624782781","-0.0825174765690089","0.0301438549190654","0.211733136431225","-0.347524936969975","0.311403201117857","0.478983089056769","-0.293983184752433","-0.394453866324333","0.294688820894543","-0.0830872526495143","-0.242866847910801","-0.322380397910382","0.0584898618546481","-0.206442983925087","-0.297232845056624","0.06629032131087","0.04664275248667","0.584352056197152","-0.2942711482176","0.126642960591941","-0.170359793929368","-0.0334752011762313","-0.1967382974218","0.627999150861708","0.127379062008318","0.0969342437065522","0.0408693363480511","0.18011717578387","-0.0259338654938932","-0.160319142380598","-0.151949316428078","0.509954792873458","-0.259147905849911","0.334539493471473","-0.0475894499693563","0.100132523752083","-0.1571183790213","0.151374443821311","-0.309690186928636","-0.264010320578674","-0.346178165169058","-0.226457152286087","-0.240800128030596","0.646405547934492","-0.321215780001932","0.000728428037215266","0.302678845565432","0.0246203011437948"
"PC 36:4 Isomer A","-0.0125953256260442","-0.388554687411625","0.2274749214404","0.372148433938736","-0.363386571528927","0.986138918933528","0.471761885129572","-0.0128784617936298","-0.38045418170708","-0.225169485615275","0.132442995364622","-0.187016726740318","-0.361793891693656","0.28062019200221","-0.452537082103591","0.494894313420989","0.297917555608177","0.545303345830225","0.165736675977607","-0.16504357043222","-0.0515202111871414","-0.208000099560111","-0.242354090033338","0.000501218178804105","0.490531117988945","-0.062980677313484","0.47075142202454","-0.0321433334810358","-0.00720522159732464","0.608274459566533","-0.457594111795807","0.390138247365332","0.155635508365781","0.363872834533449","0.13756764966394","-0.425033574712655","0.0383259447691482","0.143760209451773","0.561129770259261","-1.10554374665198","-0.482083660293097","-0.750784191931351","0.269533198160372","-0.0502950336739555","-0.469632499416907","-0.180599560415374","0.138592755352105","-0.251174141801771","-0.416679434808351"
"PC 36:4 Isomer B","0.227807515215162","0.165752879759604","0.246723731185974","0.0558555276926407","-0.344431107990633","-0.352472559521417","0.319749151078817","-0.0338437127840042","0.187273419892035","0.127861210771949","-0.311714204800061","0.0201644363156806","-0.102009557011054","0.356487953869641","-0.0166072829890242","0.148446777212973","0.601925076337372","-0.187933758063066","-0.0386868537198989","0.318074783911376","0.146227199707843","-0.377001049227737","-0.0995971854113672","-0.117987106978674","0.877510040047275","0.333864297220554","0.0950303058010907","-0.140270685402595","-0.0113619854203308","0.0558555276926407","0.175471655043552","-0.0407790223172011","0.505898288259971","-0.867734583461071","-0.632609048550454","-0.11532969170875","0.24738914646367","0.240235990954962","0.202354562507673","-1.06673088422581","0.113277952418996","-0.393336341586874","-0.1058400234301","-0.227562655143166","0.336625139619459","-0.13322201851677","-0.201598295442199","-0.119725251506241","-0.0674777037724118"
"PC 36:4 Isomer C","0.02002598093585","0.308846708631769","-0.0074116294214578","0.265612822155256","-0.331041239717872","-0.306928709379621","0.585405817113974","-0.154933400596844","0.105428893423318","0.11955167219564","-0.204603024627209","0.0868206682390878","-0.127811389044067","0.747084014884493","-0.0859572963016229","0.303381917462949","0.778186085594146","-0.00757659247576628","-0.261012673012182","0.43372459432616","0.249151399562442","-0.220682419876076","-0.209187588935731","-0.0212638640885296","1.12492541571376","0.186579060212975","0.388324700443904","-0.0333182722391267","0.00126916179522514","0.222451754924983","-0.456228464016513","-0.0325435967058612","0.62778527237324","-0.572372123261871","-0.527213807193422","-0.367243002054956","0.456811225456342","0.391114585766773","0.00656119363727347","-1.42328266102153","0.059525097989352","-0.369311260723481","-0.21814075973254","-0.268511782582252","0.0189670526630297","-0.0588017858404076","-0.420326112038418","-0.387240526043216","-0.414591114571369"
"PC 36:5 Isomer D","0.462920719093584","-0.0583536695878148","-0.271309660534414","0.18762315312329","-0.222615710742755","0.261743882091319","0.192532891084781","-0.145404543414327","-0.277799119470458","0.146821738005645","0.783363498854669","-0.636585807703994","0.792201472374449","0.282660381427957","0.600796380986174","0.0582358093500191","0.527996993274633","0.199491865099475","-0.356648693556596","0.693835220372849","0.155981411702915","-0.415371117610067","-0.35868064088455","0.147757697025935","0.806643078866217","0.0741797917518431","0.872073672267053","0.15673477841695","0.469886911281436","-0.352407536036167","-0.829464431889743","0.915422932355435","0.66169860620046","-0.162712277833497","-0.576461473258479","-0.66220169232454","0.358191536368549","0.0720822186379887","-0.138051723421138","-1.11331828860892","-0.0318879064800039","-0.751137335730957","-0.463619349914526","-0.381450783450575","-0.334278538693172","-0.023415655377193","-0.540239652689178","-0.436761421790219","-0.340699609010338"
"PC 37:3","0.126448874013941","0.17687859610408","-0.424588622112524","0.235968169862294","-0.226255191139961","0.00970919165826967","0.528798105011972","-0.252109785357863","-0.24348234249997","0.195847526114206","-0.135923538154623","0.0900440301335026","-0.133220986826238","0.77827585025843","0.0117295902130451","-0.599893248636161","0.0578525103714879","0.114584517909645","0.400055404696134","-0.191548446323403","0.133453071982065","0.125999679377467","-0.129137511371873","-0.36386377363548","0.645734788498775","-0.316954140811236","-0.0244550846189697","0.0778885393579537","0.144023288286807","-0.182183216785659","-0.298272398525293","-0.192495746830827","0.729700047551114","-0.530410845659987","0.265627165753148","-0.240625527682294","0.151511405813564","0.174280377220687","0.067345467308299","-0.470738745680156","-0.0973341763737046","-0.216216971923705","0.16362044242331","0.0555219832780964","0.543873693724582","-0.308842277271878","-0.569709619636534","0.0000650634312584836","0.143424817504202"
"PC 37:4","0.206727478565378","0.373251419287204","-0.126810268550983","0.110917725033506","-0.215558967280131","-0.0554149269901999","0.45891520625588","-0.0728894438913457","0.0198637932594441","0.153436713402011","-0.0160555018112876","0.190971376272625","0.211355963116724","0.791993193575488","-0.0178191042901969","0.136090936425459","0.511473733955724","-0.0618687537654355","0.0245198057476155","0.281312763077079","0.0671024550324609","-0.11882506368073","-0.489497308208991","-0.303662903123958","1.11180202489401","-0.0652380924360111","0.130877985898425","-0.0331490453353536","-0.0847723048962932","0.278777867324603","-0.258539175921154","0.122667226807375","0.583565121628459","-0.710822413348638","-0.657045422717888","-0.288283058176562","0.304312786634384","0.296066807812382","-0.038547862496125","-1.12691281518833","0.0879939278436968","-0.26574468304873","-0.0490504390612322","0.0204566201262844","0.100799593422201","-0.0430976516082144","-0.724488916114421","-0.440102543967244","-0.31105585948896"
"PC 38:1","-0.266143757369268","-0.219255017697529","0.0229323795730809","-0.00499250624572671","-0.649587350871596","0.138114552063365","0.228716929557273","0.0339351469084307","0.196231469320577","0.414713043093078","0.437992154376055","0.081420977894033","-0.492608720267875","0.0365607320918681","0.180102896378762","-0.0567367748086419","-0.199158558279625","0.00709772883391211","0.119582784592441","0.00170874370600498","-0.291869437672618","0.347275862310545","0.0918488391776565","-0.183120703090262","-0.141428378900178","-0.486479837070199","0.0736490549057154","-0.101522420382272","-0.267718369335145","0.52332329124005","-1.06650994469631","0.300210011420057","-0.153037664477451","0.132826913387184","0.441999487354137","-0.574025484893273","0.694710402651291","-0.301202530484442","0.152663708972603","0.184443541852381","0.223552003942516","0.0842345292589451","0.194231179127113","0.260814044597554","-0.298490617280241","0.000412276454713594","-0.111450468407917","0.132107519318427","0.127926337870801"
"PC 38:2","0.286637604688238","0.305000748934966","0.169102133949439","0.316536630822146","0.305203275146465","0.250984727269321","0.115784901821663","-0.0285938430342487","0.239471817233265","0.159141996597349","-0.245679683644512","0.340396573494573","-0.0904466892827998","-0.617460363749861","0.151989621880169","-0.324370509108274","-0.514378331331092","0.173068926779032","0.447203341540055","-0.0366253579263158","-0.105602314162152","0.118909405820777","-0.271331164458533","-0.0404122880441665","-0.35869649192695","0.310726089699198","-0.477956524335693","0.237241881689338","-0.316302074729995","-0.0980967234376487","0.335385214350423","-0.0538474543762633","-0.412521736515735","-0.387880223051743","0.0824241121437999","0.0580964813830638","0.193539112365755","-0.28287913582506","0.590447720717402","0.256497870342728","-0.183297932539456","-0.352276229194455","-0.122376576152298","-0.254848441573923","0.123056197562949","-0.00838383767600207","0.2625391783013","0.242910615344931","-0.488032253801171"
"PC 38:3","0.466348016010972","-0.141129132224626","-0.416198512640542","0.351652813798421","-0.00766000709206083","-0.147757610258085","0.392809893262242","-0.469937519279633","-0.0286211782832003","0.21054986926175","0.329245628909454","0.0663829612388003","0.115882298307193","0.14260905251604","-0.535573486477376","-0.348104503577614","0.0539802899696207","0.0805592252081684","0.359092715114214","-0.303575342639703","-0.206449388876312","0.029037501107184","0.424578716742175","-0.19087303367462","0.0775536228461967","-0.518021675136166","-0.150679182747144","0.427697665684725","0.043126924563433","-0.206288163402375","-0.0666615758301641","-0.291000354563356","0.258877298498239","0.0170134597706927","0.281817155910577","0.19837654804269","-0.0799250981220104","-0.141192124573252","0.290071842324502","-0.0339179473309431","-0.168750234228243","-0.555746089608534","-0.073993613261585","-0.323923549165785","0.646915210357102","-0.278515868558344","-0.165837378611761","0.247533372739155","0.338620487979894"
"PC 38:4 Isomer B","0.268182284920055","-0.103679868644499","0.128188534096626","0.477421031694262","-0.173372302384468","0.0998663350128204","0.241864962080647","-0.411737783724367","0.181949089927686","-0.143583041089734","0.0667817513330336","-0.0200986771831443","0.422213187745157","0.16700745666736","-0.435004285582509","0.316048385684908","0.453768185118752","-0.429146534799844","-0.262238356444212","0.344719544955371","-0.0896327282211783","-0.139261649901728","-0.0189656820358358","-0.135250728966518","0.430278417926136","-0.0276272236608106","0.179369633456817","-0.00368719453325041","-0.378547155672509","0.180238751189376","0.622039320650757","0.416564859836302","0.201339567603451","-0.639721216702641","-0.96368788777384","0.0760607405830044","0.24250466090659","0.122016727123068","0.316134702440452","-1.02750901124204","-0.0413072574412622","0.00298675999626691","-0.144109066292509","-0.0652360728362846","0.134393167147176","0.080773620689099","-0.435584015846052","-0.120243098913888","0.0365191611079522"
"PC 38:4 Isomer C","0.298559917131309","0.0961018108091397","0.0501383935975029","0.306426777958029","-0.142003162363271","-0.10877429192399","0.440116016194601","-0.299751515322863","0.157279603604379","0.0437757368467899","-0.0838019638009822","0.094235468507006","-0.0419835894334302","0.587029762210647","-0.356598222986196","0.349009102066911","0.660176239914495","-0.114503186128125","-0.123179393344352","0.417207532897795","0.0181821021811395","-0.12112408062323","-0.278648086809161","-0.20533866116317","0.871605934935106","0.157430542895564","0.334753636123246","-0.0134727488221974","-0.108425703911318","0.389813158157913","-0.132942517671611","0.155978963356741","0.419550173388599","-0.790814561497106","-0.675765555441829","-0.200324146713657","0.430062559164917","0.162966159315211","0.0891314373470449","-1.37723492872622","0.162644146561157","-0.330145476245622","-0.105999306047839","-0.167969138987007","0.13842488755152","0.175921579329999","-0.54624368585268","-0.257931586663349","-0.423546131567562"
"PC 38:5 Isomer A","0.255339032034545","-0.00200751698166149","-0.306709516096326","0.219745662310371","-0.212859684374738","0.188494699106273","0.830664345399239","-0.155489017732876","-0.168392756543835","0.203439802102736","0.227271747902138","0.00573127503969386","-0.135700151896851","0.450346924063023","0.255642377023455","0.173587500382128","0.633566359206092","0.111562301188383","-0.0435091574267718","0.310893648295056","-0.128363501276623","-0.198643816332173","-0.173045951115851","0.0637716561969702","0.825438245529958","0.0550348897860393","0.36681076088232","0.115555507487209","0.0319352117445032","0.274841532845192","-0.380138048530307","0.235078115045147","0.50567554448257","0.0348290668732764","-0.417715213204799","-0.484951560002312","0.275195344548599","0.109012422490082","0.234972861523911","-1.80896098936544","-0.201986408453169","-0.624938858278841","-0.16755162086785","-0.299951630338485","-0.121140226141329","-0.0139959928469239","-0.342760865683946","-0.284933073228738","-0.320691276769073"
"PC 38:5 Isomer B","0.189922783853655","0.0146158129233194","-0.260732778314811","-0.00266193646262994","-0.249755584642757","0.153974541900204","0.522110809640759","-0.348747008735577","-0.160611626204061","0.129955936706475","0.509447215183945","-0.233159514199864","0.32993870529564","0.614666481341307","0.194419219565181","-0.114848323238173","0.55613019288835","0.0306626647359931","-0.0552637999110894","0.407394943799711","-0.320978764851101","-0.2886663512109","-0.25081589082758","-0.100073820150736","0.82256003618214","0.0115943588859665","0.522194570788073","0.0645075363945827","0.0684697334721827","0.101726762068814","-0.688408209074669","0.520195541229517","0.434930481390985","-0.12673586769943","-0.344823244589096","-0.535687112757438","0.209912578757147","0.141538602207477","0.470185910325435","-1.61981490692016","-0.0735360291240721","-0.347803672385714","0.043907461989297","-0.29034289553637","0.00257622918926348","-0.0374268314847553","-0.096617654369716","-0.376462692821085","-0.14356459520364"
"PC 38:6 Isomer A","0.374269666132302","0.0220138866896026","-0.0808126438250196","0.175585447584097","-0.153799764607529","0.322111793448942","0.602183942758245","-0.00917045957512348","-0.248461253795242","0.0418123833738578","0.292385001072699","-0.274407685964845","0.303424429736071","0.396144418912957","0.0616881304510383","0.412227684500343","0.65958271869877","0.137703218220159","-0.0657690016054073","0.253136787159956","0.0490186219232979","-0.323166495436391","-0.26694680514757","0.0249319505586709","0.717694130686084","-0.0214922134605598","0.42161052078316","-0.129355683694438","0.0617187337040663","0.288620608074717","-0.470185354076844","0.327004685134342","0.431104107706125","-0.135334001441441","-0.652710680200685","-0.360680418331752","0.301647639224799","0.23725763230824","0.247602295094321","-1.76366138948972","-0.263016953816798","-0.408881335515308","-0.139526403756343","-0.369829638828223","-0.257653518051438","-0.0997230168985362","-0.0682364880276343","-0.361044222106915","-0.238615006283098"
"PC 40:1","0.414739198683318","-0.59676984073737","-0.10408307083017","-0.395726728249297","-0.257782091534519","0.149370471534786","-0.0871498538429207","0.192956115191058","-0.0535752738034587","0.511167332139918","0.588723510140328","0.105892752674084","-0.219022486719147","0.00577290748610357","0.160645627170058","-0.169260235662137","-0.144695309696582","-0.0413316319389593","0.191327820509427","-0.00523781436029431","-0.229020114954054","0.221070257454796","-0.0286211566218264","-0.218087976372959","-0.449929229386072","-0.365011290513092","-0.273833128588303","-0.289207787925917","-0.38300822325641","0.36632964912817","-0.651906842302234","0.589283998300038","-0.396567589093761","-0.139056371005988","0.171392012552582","-0.107131628145675","0.59931243835846","-0.148068757854434","-0.0685011942701082","0.499539163555886","0.181414532914508","-0.313117200191885","0.301495906051027","0.173090618340709","-0.276833643880763","0.423514144279221","0.152048221876174","0.121356844911177","0.292092948486509"
"PC 40:4","-0.335199047378282","0.0928968375773474","-0.167158246373756","-0.00518833701539633","-0.0997677995235466","-0.22381912135437","0.73354131348649","-0.631225254150694","0.155547296773375","0.286055121035194","-0.18681647957017","-0.0525712507634981","-0.341039274206032","0.608222807271779","-0.0384749821813464","0.00874507857184863","0.474756944407585","0.243462697714254","-0.160485173443205","0.0512496851340317","-0.217406516950587","-0.0887918520229743","-0.178119007152946","0.343059256980472","0.549862158218683","-0.047441716525672","0.23737964958344","0.0933535317589567","-0.0538728332790125","0.35744489992606","-0.71457202491584","0.107200620228787","0.416673166854008","-0.0304023834755631","0.11288731975191","-0.112899271122939","0.504883073807289","0.322811481486764","0.255102890855414","-0.858621844296405","-0.217263357473305","-0.340903897543894","0.116155639279815","-0.205134447899225","0.26499328898478","-0.0196646167195412","-0.222691831066239","-0.372348816500228","-0.414405376783614"
"PC 40:5 Isomer A","0.409503619968716","-0.141656983763702","-0.344691688431054","0.250004351587769","-0.114900164508862","0.387851927765626","0.643871832297667","-0.652537182488737","-0.0795390892371771","0.286925495598131","0.616411139922001","-0.360890247157858","-0.0764119355324447","0.0625863251847731","0.325444847470781","0.164293564748043","0.421838366756466","0.246924684590494","-0.0832187915425943","0.329318694926601","-0.295444896440724","-0.14898789389339","-0.089663546326101","0.237366888297869","0.384418067806215","0.113732749299337","0.518025122967116","0.29142087992081","-0.0293636487028558","0.108232087092487","-0.213312709271764","0.651963982336403","0.335522998510707","0.181007837831068","-0.237922652830741","-0.444542339712026","0.0862702721803007","-0.233318689803111","0.201337331014143","-1.13668004949911","-0.383089331582345","-0.686274759455939","-0.224711421298531","-0.534659482808756","-0.0596154751667911","0.268964470038583","-0.356900701213411","-0.232578618121252","-0.362325239322829"
"PC 40:5 Isomer B","-0.321728728823656","-0.0597832953545694","-0.379436782456781","-0.141868312054121","0.103859786467682","0.058257190114048","0.671821265506478","-0.433808120244293","-0.00991775013456768","0.286302483322004","-0.397174356894082","-0.0506409432209769","-0.204700918475939","0.922372649707118","-0.16676135292817","0.125478147789533","0.586210499368628","-0.0696791688773452","0.0850439811013253","-0.136768342596554","-0.206861925161238","-0.312656534150076","-0.0710765736972399","0.0712308419794585","0.697046397079594","-0.178888960137482","0.13009606016922","0.247612990478296","-0.153961673072327","0.116087557032449","-0.485525818114966","-0.0727286622091335","0.395876831441879","-0.233742881687345","0.00899624758262524","-0.135538873271876","0.19043896305077","0.12219573941215","0.514873851476914","-1.62794683935954","0.108739147057895","-0.157228196614352","0.17097980715061","-0.20059563065032","0.507320158137338","0.0338725069620672","-0.0376337308470472","0.272380291153745","-0.180439022507834"
"PC 40:6 Isomer B","0.185893048613341","0.12137779460456","-0.0648121333378236","0.33031606348562","0.164514759813699","0.232095322507482","0.160722424101161","-0.307671501868187","-0.0959803182388373","0.352790876384041","0.65716211450688","-0.0383789640011951","0.0824244649397011","0.324787097025709","0.192926366328779","0.166112644272242","0.431340455274398","0.0555424815341999","0.0190282953880457","0.353672408174199","-0.293876639369482","-0.103353963750811","-0.515304276728677","0.0132789770054127","0.651635036614131","0.252773341140558","0.659679260580869","0.312598787339439","-0.170166910906602","-0.434683085717384","-0.0296709567223179","0.87564216013504","0.717539887205096","-0.000456983072641779","-0.664691509977539","-0.164908699721075","0.399620525181549","-0.468310986081154","-0.0191632103334702","-1.65945579316634","0.0510423283621846","-0.785904238814388","-0.354657488305515","-0.864821732105154","-0.0879558035647217","0.521757629655024","-0.610930246356861","-0.187504718395374","-0.363614389637813"
"PC 40:7 Isomer B","0.386727985943046","0.0741997439515267","-0.113563754473239","0.299923092362675","0.0199032445898331","0.538064877381344","0.0924353562281885","0.130137023315491","-0.214624323668412","0.225697022532566","0.369067626954343","0.150402384729093","-0.0373360094936525","0.196904661227278","0.0877867374629284","0.142866866591198","0.193910520739494","-0.0241369216376258","0.290079267079772","0.10212368114685","-0.1958044705843","-0.00415791401302658","-0.379971860752462","-0.184983726482971","0.764726122372061","0.240511699314344","0.331779041944412","0.42533092415858","-0.327016249171863","-0.131194107987447","-0.126338358894447","0.59661482452648","0.437264390568083","0.196240118765342","-0.510795458280544","-0.361861072249847","0.32738442570651","-0.409515980689392","0.393014866500062","-1.97820797293567","-0.200575476085913","-0.602282944490484","-0.22260554134813","-0.853337556477242","-0.144215803821809","0.198825592629821","-0.205772299740152","-0.138955143755539","0.155330848312844"
"PC 42:2","0.0479135400919619","-0.554215583735515","-0.0813651336043167","0.0759944367619862","-0.67682758421386","-0.301593523166247","-0.139098177845958","0.285388377075294","0.253990746414118","0.237866135798542","-0.00433777925597022","0.080468247865208","-0.443443524989158","0.0624813461030608","0.131982674658439","-0.608690502484896","-0.439081545652683","-0.210126349449705","-0.205325319670176","0.811200933249124","0.484572408545321","0.472109680345777","-0.205325582005401","0.168903026947711","0.309373190902888","-0.317206232881379","-0.373831520904058","0.172758828411275","-0.46089539668567","0.547984164899725","-0.815077274679377","0.438764122653496","0.429856088923758","-0.0559493522867567","-0.122308559930222","-0.649150636339705","0.166976990106949","0.206076106477687","-0.131337299000449","-0.0846250452443194","0.809047112566122","-0.314063938614952","-0.322547282075743","0.36709504276762","0.150565957028133","0.61388681206773","0.128212713969316","0.0636131969045475","-0.000658736819273326"
"PC O-18:0_16:0","0.207991253603465","-0.0337015438241675","0.234557419528108","-0.199423052606838","-0.208664794303023","-0.32741260171586","-0.127850747233724","-0.00626032067310859","0.271530504951365","0.0190512355652442","0.215117446817926","0.165326131969094","0.296664629745243","-0.285666687065198","-0.43176371951234","0.322441225336086","-0.152474578915772","-0.00721191683549117","-0.160583587882092","-0.422219880966921","-0.134333056814844","-0.153813068533303","0.367938387526436","0.257338528920632","-0.752839815755312","-0.413267226950335","-0.0939068193528498","0.387929028580958","-0.0834690406630518","-0.36100203270292","-0.130955027380989","0.134797206060886","-0.182526733908956","-0.0337569003512636","0.220667525981135","0.12783531702327","-0.48979887694612","-0.295102276130209","0.0747045869276223","0.712712222440038","0.241747289398373","0.379065206603296","0.234173178336662","-0.150523225751365","-0.0355605079534554","-0.085689508744279","0.334192263024367","0.095767378880328","0.458229582253259"
"PC O-30:0","-0.534222226202255","0.049976967527702","-0.0247577633850231","-0.221221022667748","-0.375095467769623","0.0577021625678459","0.367748896230675","-0.164398649077476","0.130310932209826","-0.261806168328594","-0.104047679962364","0.122957418099141","0.57869365658926","0.351342971501082","0.395033497269716","-0.138798245255628","0.0545178189033887","0.397380057218544","0.789691860087502","0.156543226913729","0.058426631052837","-0.0756420764858824","-0.374244241714183","0.441923337466309","-0.216925621392777","-0.453974590560477","0.0127351628557678","-0.118755376294615","0.158613965435996","-0.117015094035093","-0.874089812677205","0.248530469554832","-0.207869682919781","-0.0691619645300616","0.0998112643381264","-0.288693384380863","-0.244542872790672","0.00893453241804927","0.121139433396566","0.401564524365245","0.14877155410459","0.0805785788216251","0.241002039646003","0.698776143534179","-0.235133033832417","-0.494110221870867","-0.0820185450036563","-0.016863002686042","-0.479320358285234"
"PC O-30:1","-0.249156788499467","0.0687135090211842","-0.0411909140926675","-0.264657957201427","-0.292836444236208","0.216108686902231","-0.0200033268420795","0.148440602909614","0.416640640962626","-0.21582016711694","0.370602749670688","0.343529857679821","0.319595008199042","0.145402901567936","-0.0407251382169186","0.6314576216494","0.248082814358168","-0.196835903048778","0.302602866596072","0.473599337514383","-0.0921191585125552","-0.256657840233197","-0.648227449184873","-0.106497365294541","0.09344971028598","-0.307393719845149","0.182681615492277","-0.246932057306362","0.267609928451256","-0.28941216191436","-0.612178807058522","0.205988345957686","-0.242206727532621","-0.400116898780879","-0.0266696271457706","-0.17472276145299","0.0875720320331108","-0.0247456706669969","0.420454372562065","0.276862142101068","0.254737802418096","0.176754753598544","0.104129380746362","0.2594057142128","-0.344007759458883","-0.481708528285742","0.268828471004002","0.0411765085628633","-0.749604202529344"
"PC O-31:7","-0.88476339457504","-1.02744980624804","0.92346523884341","-1.02848250015291","-0.664719498777379","0.293136171852637","-0.617273744942331","0.440974805600345","0.3878605742204","0.145535263818043","0.28820088602388","0.0940734856533277","-1.12690444318305","-0.531646902012291","0.778654052589586","-0.886465217647484","0.131436784175938","0.611994033345258","0.848021491123319","0.133951959132837","0.409346202541247","0.395370023899333","0.691679161012727","0.0194640987918294","-0.92694816958422","0.519564543722823","-1.13388018871293","-0.242121533715064","-0.934914233974088","0.743296755059745","-0.562170205198514","-0.962627921502065","-0.936132632555298","-1.25158867964077","0.39764580925775","-0.652699848907109","0.915791083870613","0.0297410934348913","0.256240191588041","0.376004331381436","-0.281105689136279","0.817118710068237","0.844400227820355","0.694013525619766","0.900949831616917","0.207092461348088","0.615852050087317","0.292471567262792","0.448548195701974"
"PC O-32:0","-0.379205827624493","-0.304414573992883","-0.131460902647641","-0.00131755550994616","-0.299897758613633","-0.0432151396889837","0.423753932003339","-0.162234304112009","0.138123351282985","-0.178685150745447","0.158259840444065","0.556595403690288","-0.108746871848037","0.262816603118779","-0.325537323595717","0.27993462222745","0.0992863785397321","0.46151820618684","0.596552570459126","0.135976980282833","0.379909297800237","-0.0908309438777535","-0.126869854705309","0.535185562191439","-0.145402002108665","-0.351347227217401","-0.201906406618595","-0.341140196934622","0.000938807599686762","0.301138620422836","-0.789919093065276","0.0899522773679822","-0.11391015684269","-0.0160419965394678","0.556060130989355","-0.175944080172372","-0.195359669262601","-0.242758052097132","0.0793867759742078","0.431542164248411","-0.0866801184841179","0.084074218563325","-0.120794382067143","0.269673999219818","-0.495220009502732","-0.283378257813953","-0.225759439197324","0.0461006063974407","0.0511969458757809"
"PC O-32:1","-0.638644786362653","-0.408346165357859","0.0211021012139171","-0.189079914215408","-0.0759902861410783","0.102815920254701","0.124002215015019","-0.0892184101151709","0.488150871607143","0.000838554677024722","0.462450556865184","0.585846584660187","0.0508917115443799","0.521746893256029","-0.163711658780403","0.490170091227343","0.144009832180437","0.0241749368017456","0.307988071618599","0.249557631434812","-0.0562712567338906","0.0276610054580478","-0.423222884501548","0.0475819339896712","0.304755968848854","-0.415183181492075","-0.0337546546240831","-0.28051144851462","-0.162991865672162","0.367081610585373","-1.09676384468069","0.207063352873685","0.0336623985913371","-0.593215965483301","0.287906173095423","-0.53196764579051","0.451912139014896","0.0492927956022766","0.282086026861756","0.162133563105956","-0.0368193842148276","-0.170273420643047","-0.00731268868524214","0.0555834239511421","-0.408500706185776","-0.295082416880636","0.0869196396087252","0.353153331163179","-0.213676750031862"
"PC O-33:0","-0.322883136742451","-0.0218109521473051","-0.122574973744431","-0.0960843133714973","-0.411075546755731","-0.149704431960282","0.0733069133419225","-0.0993417083974444","-0.0397746766443694","-0.192900511260586","0.159127971818478","0.353469231161295","0.023283117885235","0.161517337432127","0.351859533369624","0.102255290222427","-0.254052356872369","0.596543537882392","0.443667655363176","-0.0656143448122995","0.143979495257059","0.161517337432127","-0.0643326276238829","0.265038335567812","-0.120016448057365","-0.672581171173323","-0.284785009879402","0.107646771628988","-0.0952866428554609","0.0350171630329616","-0.64278675415964","-0.155441896365182","-0.00483746622058526","-0.0357451824475435","0.259523489624552","-0.239607181737889","-0.489514490972077","0.0369831035696975","0.253641071069234","0.401092548346551","-0.312405497673164","0.161517337432127","0.169311201173593","0.901678865937119","0.0103663242132063","-0.314514737137123","-0.0374956750601994","0.0202952989629273","0.0525288023469695"
"PC O-34:0","-0.0609848453687753","-0.126555945240936","0.156560706951154","-0.099402041446767","-0.299017349211801","-0.281576518460081","0.153948024764095","-0.166974406252834","0.292369664463167","0.0676244088602547","-0.0951916842429876","0.395534068694519","-0.0239813804068613","-0.0729057044279686","0.10900296832418","0.101877723697213","0.0783159720524609","0.452036211151434","0.315614259849197","-0.0265122321778302","-0.0657574535765098","-0.0292177827761185","0.0636541156372741","0.000523899458545366","-0.167263367076522","-0.607357958296196","-0.137653445954505","0.0887005329764471","-0.0924006048166383","0.171806586871484","-0.864526651281789","0.0890077987075272","-0.159190836273777","-0.324934664182327","0.607529806494524","-0.00415845303382672","-0.052697857901298","-0.172117532639282","0.10382412715264","0.344778944647623","-0.000756245249032738","0.295456223010084","-0.0435810900858471","0.420098240853098","-0.420313019518137","-0.333688318264385","0.0750593398347156","-0.0371643528407682","0.382558116552175"
"PC O-36:1","-0.508297701453488","0.176612905527443","-0.150007575796263","0.0276986166655066","-0.676457798942501","-0.133363727913444","0.288479019626756","-0.0581876506447151","0.287108151346739","-0.075452641013078","0.0888756906066911","0.258142455860698","-0.20217202631113","0.281354218232179","0.564794773515055","-0.0166601734830952","-0.0172795011922369","0.464811520927403","0.102660661132139","0.0840303324387994","-0.0195344237828472","0.262825948411537","-0.477397814498548","0.00903486353695579","0.00241943937031092","-0.511933601310916","0.217520327864603","0.296782247782224","-0.335140324836961","0.328545337934916","-1.42638767254431","-0.0161415801838124","0.0734879213983904","-0.322359209739378","0.26411206783715","-0.296862484379826","0.319561628182947","-0.206941690006047","0.0911070362519059","0.500435896864975","-0.31386795189947","0.289964569642226","0.0916046380837492","0.553994888335131","-0.134598902649903","-0.051781525539365","-0.0761232152229101","-0.045030221925574","0.146014257893393"
"PC O-37:0","-0.274745833739428","-0.215807226704634","-0.0300324200661505","0.112519817818074","0.116066894683027","-0.0061152303418834","0.249776207394428","-0.23070567507964","0.0668291022410496","0.316992112318864","0.314646516916763","0.195950462642481","0.0628633168934251","0.130156115037225","-0.102580142367848","0.0968726232029814","0.142032114311839","0.187939946375801","0.109701366305098","-0.33132423141342","0.273048026566603","-0.0753073398308425","-0.0911730283162965","-0.111807873713633","-0.379306446065735","-0.534527536543533","0.0472979124766948","-0.0309799048140352","0.17935584669454","0.0867000397731031","-1.17865166498417","0.238104403290794","-0.0150858669087829","-0.329283328493397","0.190497818760701","-0.470090277168972","-0.159856279755353","0.118200925486757","0.303635850131188","0.247783286411661","0.293407289304996","0.462075369185204","0.0854881924357517","0.33599975799414","-0.170713920918859","-0.0744041655992008","0.074262240712554","-0.141622697886662","-0.0840824646532696"
"PC O-40:2 or PC 40:2e","-0.304138228140531","0.296073927520433","0.0770206335474399","0.0475350061752249","-0.551345385288661","-0.605251196154591","-0.227304751745124","0.326196114166784","0.422769859547993","-0.263525354441969","0.254922141754518","-0.183903806743696","0.0428612621152253","-0.0943511759039612","0.385012931779444","-0.178282447600252","-0.594076199058304","-0.00185387156124264","0.390618861741395","0.101523455291266","0.146396977559436","0.121525120125329","-0.343779041154657","0.412025342162401","-0.299599510845617","0.103993282856771","0.00524846937254657","0.522658468570703","-0.0176343828514753","0.089298207215006","0.0931365477024767","-0.0695026620219772","-0.121093801210213","0.269037063043888","0.325243738329965","-0.711738927277345","0.679892803286188","-0.755662615108005","-0.759721449681481","0.897717855062315","-0.0345956127608784","-0.244778630132043","-0.171286140558309","-0.104883768530901","-0.330636061117186","0.189937150073937","-0.258435781062112","0.386280506501318","0.640455075448532"
"PC O-42:2 or PC 42:2e","-0.0950195745629093","0.22030648063973","-0.934922557690491","0.25040481084093","-0.521546748017177","-0.0389687711931496","0.0545099197840861","0.400775547769572","0.137324052677485","0.242277636577986","0.127035409512606","0.513596183693771","-0.195288324203809","0.200265213288778","0.460650693720934","0.0619747754404616","-0.114780622762115","0.286525327298817","-0.528210111895819","0.247948642956164","0.145472141730698","0.144288250711308","-1.36487484944056","0.350336129543765","0.0221955755169099","-0.532340911601841","0.0600231851581097","0.295084752763981","0.213324807916385","0.150800594874266","-0.0411229870003512","-0.055283827945825","0.217663920186685","-0.1402398681485","0.543360881932428","-0.045186603383542","0.555035890319487","-0.340346985024382","0.015221994371652","0.802955955300228","-0.0706120900263589","-0.855232687108807","0.197987779356238","0.190504650282139","-0.953649236543281","0.178729906460373","-1.01601128561621","0.337695882421741","0.219361049117416"
"PC P-34:0 or PC O-34:1","-0.486685095711553","-0.213384560447943","-0.261268009154529","0.0669896783748485","-0.389734350455765","0.511471332523476","0.138165997603133","0.100190491608932","-0.112365388407335","0.0788192330601647","0.157575788594535","0.217285817186354","0.00944841433173882","-0.121244645118756","0.0293306203599335","0.202751222397043","0.344128985455395","-0.207131221203155","0.243065929651424","0.3154365355699","-0.267657986960881","0.0639726430570539","0.308479693193479","0.206041825451457","-0.46824958479174","0.0558218002086691","-0.45351016759139","-0.067628672357746","-0.18058813755487","0.00978594278753449","-0.147222030178018","0.10955216286285","-0.28814639396468","0.040642256484308","0.067208452468488","-0.226867167197465","0.0627336056121032","-0.281892199267182","0.406858287930622","0.519869089343138","0.195511795527669","-0.200565040604859","0.0577461683658309","0.292091355931827","-0.622552956902324","-0.479410970311734","-0.141452517316028","0.00704709377836949","0.799534875777682"
"PC P-34:1 or PC O-34:2","-0.283624897269182","0.0584281045879895","-0.212435866267989","0.0256943661723314","-0.146448008686524","0.257237101233489","0.540238583637198","-0.2359722440747","0.0994773355343713","0.165194935014865","0.31044817646541","0.464265865480313","0.0421801879557992","0.40068184027076","-0.047424165492195","0.0636087301671547","0.207592668455081","0.149985735111552","0.349428954876906","0.269320665793302","-0.166693675322202","0.147119920027028","-0.736979165056844","-0.108811843198904","0.494592568518337","-0.603589706758619","0.120497948097118","0.171166484258291","-0.479559999866745","0.616827665426389","-1.03779795998346","0.514761586223302","-0.354723529418032","-0.407018152877509","0.129315118411289","-0.399132550511237","0.926096918876214","0.367245903192046","0.495312297870376","-0.531622722401095","0.1145949537161","-0.245697585831212","-0.218767376593751","-0.067745629654365","-0.383421691904983","-0.206816167807618","-0.0547147827971686","-0.22481911970589","-0.347497773892795"
"PC P-34:1 or PC O-34:2 Isomer A","-0.0320069048658223","-0.20273132629012","0.0851163335915967","0.201482278828588","-0.37615716386086","-0.00292874060670016","-0.0772641990805428","-0.00535929243913845","0.187613152676206","0.317117686597625","0.681143088564433","0.416036395497358","-0.0768445298537544","-0.257244916735809","-0.584306241331072","-0.00576920925698647","-0.104804817930285","-0.0675786978132924","0.202599816516311","0.337914249223634","-0.171279296817152","0.478400659020528","-0.908940421942143","0.00746932790885254","-0.0766740398607708","-0.228419724598208","-0.220678543530901","0.248163609487613","0.305653421553303","0.383454596027073","-0.226070356358096","0.447419130380606","-0.363599009244116","-0.267410225665263","0.262796795691797","-0.101533684026202","0.25045856908504","-0.0129793501729336","0.272664294233464","-0.273157356733236","0.106621721269237","0.271073797455861","-0.451771286099342","-0.163097534205438","-0.0689791656075453","-0.108171720330788","0.0736518323354868","0.458565515670485","-0.559658516358573"
"PC P-34:2 or PC O-34:3","-0.216865765667073","-0.207678876930865","0.173821977373532","0.0656589809150155","-0.160099250424227","0.200615121353282","0.501129579108096","-0.0826777849713068","0.238278360401521","0.0589805867665439","0.362200156585837","0.345378146325886","0.228596375374299","0.562618199718397","-0.0828027725939203","0.223871840577346","0.531141603293317","0.287017843052489","0.500556776850408","0.010645022001392","-0.10336592392871","0.198873753836151","-0.713008616062565","-0.238518869482597","0.74802838403875","-0.465934979020113","0.1046258756165","-0.309194393926193","-0.529040904544349","0.230005833605488","-0.774415824137625","0.410561224024119","-0.185903738942994","-0.456108175814045","-0.225146545454718","-0.490347898847492","0.292385886608432","0.250625962537065","0.639518121899355","-0.960768892288563","-0.180237881092265","-0.24226244869301","-0.0682916195425492","-0.00829182403566751","-0.301278832977544","-0.00562178280863771","0.163515382773565","0.0528252930430311","-0.373612685492783"
"PC P-36:1 or PC O-36:2 A","-0.445918282602436","-0.0819987906673696","-0.322930840714619","0.091229498990471","-0.47668601499008","0.0638890222685577","0.644282560388235","0.342881085720172","0.272543565909308","-0.00616358366058451","0.106840559634654","0.275037532182143","-0.263377657375163","0.385800184831146","0.148136442146876","0.100514936201812","0.0582450799417459","0.389266462915899","0.134787310074832","0.480254325727435","-0.0535762111190613","0.460446995816386","-0.597702872641536","-0.0276004581218278","0.220744865533842","-0.457437075598093","0.111592347499345","0.154879094993848","-0.519948292473928","0.447437750656848","-1.06744814877438","0.183029947328116","-0.257250329743468","0.0827950611363937","0.233378240065584","-0.608818689273517","0.607196959759965","-0.141217116023599","0.223343789982314","0.171603307653504","-0.0377027266370805","-0.189747131547197","-0.100615273961597","0.198558587090119","-0.568020043920809","-0.0946520005410126","-0.226527386867237","-0.0444674883689779","0.00109090117402809"
"PC P-36:1 or PC O-36:2 B","-0.293478588404164","-0.371675479707625","0.529198258272402","0.0902183168172516","-0.306552341771632","0.261432046642906","0.313468394738418","-0.10023132410332","0.391727648715814","0.154798195839073","0.330278444812064","0.0929830744833782","0.064976074721715","0.517233922708824","0.148718015484381","0.00656191826650354","0.119141783419486","0.43725993448322","-0.0248869305388994","0.0569306512852045","-0.284998955666568","0.199063854272849","-0.526730273089088","-0.311640784321595","-0.0314268736712632","-0.585652015851931","0.296540170748501","0.0114576267143081","-0.359283936513949","0.340690906205266","-0.792590898655668","-0.0064788636980313","-0.330901974178214","-0.717275167365133","0.262188818819904","-0.147500627924089","0.379471748463426","-0.00562617155414929","0.415041297474395","0.0244242023681966","-0.0818779406342692","-0.042865613757054","-0.14827818237311","0.435131376439514","-0.470448833999518","-0.185981445408688","0.241145530891185","-0.144309004242527","0.150610014342298"
"PC P-36:2 or PC O-36:3","-0.420476743878275","-0.22702699652482","0.0436662801959645","0.0426490841194642","-0.245094774702296","0.190234490505546","0.359540788147681","0.134911979317007","0.18634447274747","0.144339039842355","0.367477718129864","0.0306769852877609","-0.234182560879625","0.513567588636915","0.0576812863065395","0.161058646016891","0.39051903400797","0.326674044864881","0.161027753195629","0.0864114280668261","-0.366352508901557","0.304672114442265","-0.144916884846811","-0.207127386066166","0.696988809891133","-0.373976920902887","0.0794965664900497","-0.125642691768048","-0.360385535140147","0.460521941086457","-0.513782335844685","0.339576743990724","-0.303094017801159","-0.434508392716192","-0.225634552762911","-0.796785172932634","0.413086912372346","0.0893217049347377","0.360217270489521","-0.410327731842979","-0.31571021918258","0.0198097887406828","0.144944781132926","0.252494633417776","-0.53848754352722","0.0668871963514149","0.0179975202517705","-0.0258724692975421","-0.173411163462033"
"PC P-36:3 or PC O-36:4","0.0994015067378824","0.36225023347323","-0.0641368308017127","0.00356642377974282","-0.134452525559993","0.105443897591858","0.83638026117423","-0.330574038881628","0.110023990339562","0.126508651101273","-0.0136746579677311","0.0350516357437847","0.153607270266583","0.548320828831823","-0.036315129744883","0.258785977040777","0.435290618787173","-0.130580201339237","0.172598469597514","0.312935538984541","-0.135696441690742","-0.272803881387698","-0.744878001508836","0.0126319795360569","0.639974785078192","0.0963344048388182","0.27071459581655","-0.00680428315427808","-0.27500970761457","0.281064556444808","-0.517516242608032","0.461330098638485","0.157217383300351","-0.465620689615141","-0.351755048789562","-0.298279484366646","0.91369825795025","0.305711240757462","0.138710094896449","-1.22558802236697","-0.0354965255610809","-0.300794443483836","-0.191501737595663","-0.27099763309946","0.079950996693916","-0.117278303234356","-0.469043409019896","-0.223262807357424","-0.305443650651938"
"PC P-36:4 or PC O-36:5","-0.11631989660328","0.0401378140766063","0.251487220058493","0.0106401571026086","-0.0987432135436061","-0.0204647677236415","0.492335934387175","-0.183847204033139","0.309363350532877","0.145316705282824","-0.114345132789845","0.147515421690025","0.229416090433108","0.527770573644027","-0.144905208553469","0.390567780933803","0.826852662310614","0.115708418998726","0.220598564925388","0.368241720516654","-0.182776518468011","0.0512374802221973","-0.672952760054207","-0.0468440815467365","0.838552672321519","0.0170672871898348","0.187638461703415","-0.234731946602902","-0.228800168502198","0.256156071756719","-0.658239501759804","0.222800493477549","0.150503525826016","-0.638416954950113","-0.557738789506486","-0.54661073822874","0.482050412741942","0.352656718729029","0.257311139902676","-1.71857265022315","-0.0260275011849854","-0.202658153960515","0.036984580362931","-0.56185695742834","0.275011501654766","-0.0488212600325022","-0.101509073869251","0.0170792963016076","-0.115819577518206"
"PC P-38:3 or PC O-38:4 Isomer B","-0.120241429233662","0.394009561678945","0.00262338293013646","-0.00845283482636099","-0.148323036186739","0.159702489037722","0.897422027967573","-0.23282910099543","0.204148265652944","-0.0750127349616796","-0.188268739077997","-0.149423001698039","0.155157922065987","0.66286065615785","0.202353757472914","0.316111544520989","0.464458104796504","-0.00232107586324718","-0.0659840115728223","0.294650290008863","-0.0952064874669473","-0.260931985691888","-0.910365777379043","0.0412287176056796","0.561634973789477","0.0386684001016284","0.476853126109783","0.221666720136836","-0.204429337189273","0.364299039519954","-0.715921743456842","0.478239301223723","0.273415958777389","-0.502883870968765","-0.251158708666989","-0.288070048048969","0.339488009453252","0.266404720516139","0.222531267224055","-1.45179032463158","-0.185204428757301","-0.0607541108881152","0.0863371473348283","0.0202975913315096","-0.0380323225565878","-0.260898398471802","-0.39396692290004","-0.148822553721851","-0.385269990202715"
"PC P-38:4 or PC O-38:5 Isomer A","0.0502335233491359","0.24465525039624","-0.0745428904297607","0.210008381473041","-0.041547902176101","0.24034172425209","0.90171572106494","0.0295969941898411","0.0300470442166144","0.242262780806308","0.0345285921874814","0.0426294688141226","0.00382914018167288","0.437658992695622","-0.0737274040894874","0.220274140777329","0.388948192586345","-0.116013636001909","0.0942877231513084","0.514069603716291","-0.179255937022373","-0.118255633554131","-0.507580197303567","-0.122426134935492","0.586500762272703","0.261724448815776","0.358962578686867","0.0606424374560271","-0.260517393782916","0.167036734655833","-0.22391410013237","0.44500391421441","0.0439810342890536","0.0855160009201876","-0.654025150945773","-0.448761281265086","0.83822125227804","0.200044832861749","0.236431278160148","-1.78127178221736","-0.0882420420952886","-0.396829963916335","-0.214722662476356","-0.448610240372902","-0.112592482589628","-0.117791142680024","-0.578178405044365","-0.204846501466912","-0.205499663971033"
"PC P-40:4 or PC O-40:5","-0.395936027388451","0.289165683483009","-0.181752658497655","0.303934886340445","-0.149365828762846","0.0848762047530773","0.645318174890635","-0.126734331353479","0.0743842430564529","-0.0319385279018159","-0.217590372916091","-0.128651263125071","0.0212708291858747","0.490081120483687","0.234999738901231","0.454540433905739","0.563245420227089","0.0836450236622635","0.0561773804279569","0.502985056467589","-0.126734331353479","-0.184532856647544","-0.17072192325983","-0.112647489905435","0.58748413455581","0.273677638938363","0.342515093277908","0.257691344096389","-0.236850865352408","-0.228490316515223","-0.193534705194445","0.376509764896762","0.318684851199338","-0.087934761518136","-0.549921137844102","-0.3971991118233","0.511551882801555","-0.0905423187877007","0.241074825193203","-0.783620013693175","-0.160053882098545","-0.154822518048287","-0.186277970804508","-0.20949353939869","-0.538166145149293","-0.229281764907419","-0.368737525016532","-0.000536302072095839","-0.471745241408822"
"PC P-40:5 or PC O-40:6","0.28129961766981","0.315291136318263","0.00242162860521167","0.17926442300939","0.204969114067596","0.181101274919355","0.126113213508879","0.0128951095610979","-0.0585247282034508","0.0544119612055036","0.140767659108849","0.133591320186883","-0.265074221380253","-0.0797149037014862","0.158296810944779","0.289624850066336","0.286530342867197","-0.199484442828534","0.381502928279895","0.24558246618602","-0.61887231546905","-0.337004282196946","-0.287608638269131","-0.297417755148981","0.370571201271311","-0.0302101120504739","0.56768717060235","0.626426682061049","-0.400530708893572","-0.00924632372715955","-0.30443764587855","0.830913869330548","0.271758234755312","-0.303108355047421","-0.574079208814189","-0.369814975652208","0.0677082750648259","-0.150143139697121","0.407185386602719","-0.278582983510866","0.0334046153531718","-0.226300416223109","-0.196798349253761","-0.543651768534326","-0.416756713360743","0.2482987658372","-0.361477097699425","-0.0383342464365744","-0.0704447254062218"
"PC P-42:2 or PC O-42:3","-0.36948064738023","-0.178578531924532","-0.340491583690806","0.491121416819543","-0.175405214808184","0.163080948640003","-0.127512880419167","0.453138288428145","0.199886198831587","-0.032564700969762","0.269547347869119","0.387647629741563","-0.359180209544985","0.1217746649571","0.2049387282168","0.148815530812169","-0.179590830648033","0.472502963096359","0.148479145343986","0.049781271815695","-0.195765418380155","0.23921588284707","-0.0109257687324655","0.0775856662144809","0.131163416107502","-0.238831021266609","-0.0911719801455226","0.173913202241806","-0.208318625575878","-0.282435583169102","0.323504642822054","0.135952969827246","-0.400147231066154","-0.309822054442299","0.517202155275574","-0.145127824949537","0.41551202080551","-0.720263945339239","-0.471762830829662","0.359275077938472","0.163256171814295","-0.562106572628974","0.0682625653442866","0.0304170962504515","-0.456938503140458","0.165250158680152","-0.172693187065157","-0.109293511953565","0.227183497329506"
"PC P-42:4 or PC O-42:5","-0.197816429083724","0.470369224934699","0.119314882230495","0.199828962566463","-0.0436108767518925","-0.00129861655431846","0.515859621465588","-0.0339463533081263","0.059899398719518","0.0295570653673875","-0.150349012129898","0.194968379845523","0.116401014710212","0.522293653939978","0.164747286318685","0.223511423132263","0.221807031622196","-0.244169364648102","0.452658320116274","0.18134092291619","0.131414091994962","-0.308007414928475","-0.0602752190171364","-0.0474270311314793","0.425065390141411","0.13221658421858","0.0699754725642939","-0.0308664904798009","-0.48180085147104","-0.248209785346645","-0.0855759894264472","0.456529622822752","0.272553361839685","-0.414972083837841","-0.562416724320234","-0.063712063939411","0.78352550313621","-0.262262769496282","0.32509196005235","-0.0598482849639742","-0.261312605578578","-0.546942788424258","-0.114574106318278","-0.118208141203992","-0.656538497794557","-0.0966939187739159","-0.665190826289469","-0.0965265461253797","-0.216376383312462"
"PC P-42:5 or PC O-42:6 Isomer A","-0.412627380079309","-0.368421900461841","-0.000784768740913732","0.520030494172239","-0.406000226713353","0.247546959982295","0.161085518892529","-0.153100662494355","0.269213263236339","-0.267670029924011","-0.0172175017463677","0.26918347757253","-0.160979443489563","0.153919810465284","0.0251085349692331","-0.193437650427175","0.0584899849903679","0.109211015923234","0.363409964716158","0.0658610103853261","-0.00313195256306975","-0.242605281331754","-0.0471359684358908","0.300197965911659","0.23697739792075","0.252858505814854","-0.065168060531663","0.305734308016782","-0.559759941284435","0.412394399452615","0.149247128248405","0.21905480184352","-0.111657341659834","-0.237471842868558","-0.575821188905276","-0.132499059150454","0.594207759165276","-0.095347735952806","-0.001700072989336","0.502102454102621","-0.284620630284658","0.0595295158936945","0.0152160300309338","-0.515717018506649","-0.0790989102930457","0.312841964127281","-0.489163718829542","-0.0641714793082855","-0.11811249886178"
"PC P-44:4 or PC O-44:5","0.251141121421644","0.103925471436336","-0.292341396418153","0.14486143208986","-0.279584235662802","-0.138273633959216","0.480352179049039","0.257306079436407","-0.013331004400235","0.236986887237386","-0.134740115138085","-0.041090943779407","0.263580823620182","0.320133013075379","0.428746938256118","0.29241893297281","0.00810589560139306","0.00666015316978543","0.106178851643569","0.0988535019268797","0.0168413875515397","-0.147548332881085","-0.546262290423425","0.200314381719451","0.269844484764737","0.353441249110692","-0.0286545318206244","0.122580082809466","-0.0768027222001723","-0.0513177039191551","-0.0343920642191328","0.32582145666421","0.0543516754085434","-0.192132349242062","-0.261842141902614","-0.190120561403615","0.519893414053531","-0.0627531293365132","-0.0451826342846209","-0.817549307426712","-0.310378133202679","0.296866788207224","-0.0861078350066402","-0.00613234448259503","-0.863458865957838","0.273033743073187","-0.54264759084687","-0.0399173894702748","-0.229678686914844"
"PE 16:1_18:1","-0.50671821878093","-0.503910236428114","0.00895733276318761","0.0587041789208981","0.335028852956417","0.0369433336172063","0.608745974235903","0.0875363147493365","0.57947080918893","0.00436606907342758","0.602363493166144","-0.349817371089486","-0.222266022851752","-0.434583155172868","-0.0501080946134445","0.107901074408542","0.140531496356666","0.281034286228882","0.658709692565093","0.163943251063269","-0.239151595161207","0.081990580603146","-0.933233601102482","-0.380656401469175","0.437593501573531","0.525231192575301","-0.224483334415254","-0.275215996987643","-0.437355684418375","0.389611943033565","0.0461042372736765","-0.0737784735017338","-0.101074962505284","-0.41960557366754","0.379904816127462","0.300570049551754","0.000771361090939364","-0.0842618804017078","-0.0934054872791661","-0.867532805857115","0.0139432456163584","-0.0177301939565015","0.0494784516026027","-0.217627490229108","0.0578907579990871","0.275682619659205","0.099106917454882","-0.10460542574316","0.205006172176631"
"PE 34:1","-0.60711579679354","-0.536117926629819","-0.0467695835637953","-0.427733047747635","0.617404185828473","0.100209212662975","0.648134057255637","0.427415056238321","0.505043650108181","0.100850868487936","0.638827236192821","-0.52174532639139","0.15005052954043","-0.450829549297666","0.217040003039048","0.0868383017691135","0.138881186964195","0.142407130865774","0.442398601934254","-0.0953267603813988","0.0352964238875129","0.189465640101982","-0.739284001808143","-0.38377504368154","-0.11331516383054","0.283366986774843","-0.417960569885953","-0.293045087510466","-0.481217667482097","0.370621972466466","-0.0484937277121066","-0.398833170052371","-0.0806598417222485","-0.178696934850361","0.488840048930257","-0.227647374641485","0.382972871490889","-0.326978894212267","0.257594713398578","-0.901618019000634","0.0786330836872914","0.0415104454928735","0.476950214244816","0.123726772046438","0.142906792582842","0.180568863467434","-0.17944791201932","0.0825834166470659","0.106073133108325"
"PE 34:2","-0.575909478617171","-0.61597428420506","-0.103599874588644","-0.229362116279535","0.791733071561105","0.122680864387747","0.806368314238527","0.0529841140671322","0.484213917295493","0.172472384050698","0.250275665538517","-0.473864408078696","0.0411325103437005","-0.34309506647237","0.00194076645459702","0.139680196399453","0.110444637587632","0.363265944177343","0.687855007974686","0.00744010151388029","0.132860268113607","-0.0497383800937478","-0.783569497388285","-0.266013562843046","0.233493263202866","0.269023238457836","-0.2188191463999","0.119573769853488","-0.380948073691398","0.43004619425201","-0.539495439600592","-0.15568478390179","0.0227590412732825","-0.330513155348815","0.416764618474331","-0.106496932828629","0.0729862899344018","-0.24196537139311","0.225039720717128","-0.768803848972529","-0.124324334069289","0.114717769630526","0.257700542800268","-0.12510545170974","0.0583590041756266","0.265235868249332","-0.0991840935817645","-0.101376041178744","-0.0172037434823577"
"PE 36:1","-0.489902916039763","-0.45668637329514","0.0308585446470409","-0.288852457470428","0.389470898502775","0.074659950934198","0.695230558732377","0.196097695511244","0.530251101291463","-0.00490571750747356","0.414235439737972","-0.484578263551085","-0.070807311899245","-0.219680282226892","0.000396401461633763","0.237370625891249","0.250500385479045","0.547694302473299","0.372289742288831","0.250338695876619","0.00677329843915604","0.299945411868949","-0.751053916220787","-0.14238036695024","-0.000109457902460018","-0.0858153412903514","-0.0157370667807485","-0.170580623302282","-0.582659700001289","0.549907877841339","-0.756508420416145","-0.234921315370459","-0.135320957751197","-0.353689571587495","0.601685904029551","-0.369658988515653","0.643048000346538","-0.366180869141612","-0.00423136108768234","-1.03731089006465","-0.0937161211067739","0.271593069652544","0.471850716942575","0.328239030904917","-0.0939271405496115","0.195633087005012","-0.489281246788434","0.169083387518625","0.171342549440945"
"PE 36:2","-0.484852281912888","-0.518734871236895","0.0125035406229047","-0.230924289478851","0.536239217084607","0.554156409935865","0.734725023689754","0.278507385625956","0.488348593758402","0.124758382645972","0.506060240083834","-0.442270922481401","-0.0244582426940503","-0.175017258140512","-0.0761564554044373","0.372445491957473","0.240499043342293","0.238019112997602","0.44525994905136","0.092044792302149","-0.0487168011786865","0.278088509371191","-0.7035285043289","-0.388769821492725","0.0837407383548824","0.154875046967551","-0.0706651599008648","-0.146555617910693","-0.345409707911901","0.602297210796767","-0.662720894670893","-0.169222054771693","-0.196559594193218","-0.182229351041977","0.385203303311689","-0.377627577664886","0.436309851367668","-0.414260201901826","0.162369278688275","-1.32152878841616","-0.28719999008758","0.17690345583565","0.543687393176616","-0.0383765276896767","0.0197964000848583","0.104348067924135","-0.432997586425007","0.0447846921194946","0.122811369838782"
"PE 36:3","-0.330744174863401","-0.6380803956649","-0.0200248476381701","-0.148841263718207","0.505891135497489","0.521767816911249","0.489288687779848","0.2384259501805","0.424058552712124","0.251819643210083","0.521236839804202","-0.554010191674538","-0.141921012728855","-0.606655571938047","0.0732150741434315","0.011557799085238","0.00870291977285488","0.25924054764892","0.505154621099353","0.134386488008196","-0.30704150494626","0.109616497127257","-0.639520024643118","-0.530000815689364","0.106336228211655","0.115022623983054","-0.00476531744295768","-0.177487410963692","-0.210910815996754","0.519588512113102","0.0260995209243547","-0.15866479418907","-0.0372541219598916","-0.138888935377618","0.23975946187644","0.131894527593125","0.31697950848622","-0.104845776424596","0.232457832199159","-1.27892839007089","-0.0957957894351977","0.0767720608494953","0.246083795595918","-0.377210457990675","0.28599862624696","-0.148962408802262","-0.240919101382903","0.248519690610794","0.291598161870347"
"PE 36:4","-0.267458123569394","-0.252059552824226","-0.0253494809411527","-0.18413063118746","0.699974473336858","0.175131344399835","0.962061573303991","-0.247362558001735","0.559378698034114","0.0734388074501085","0.198966497005233","-0.489577937327969","0.299461813851791","-0.0869269552549715","-0.122748715635548","0.191638060423974","0.583702138140978","0.0577445707193731","0.216594069192588","0.213862420431392","0.0217102533296198","-0.0824890648413866","-0.667656181824764","-0.16729673847932","0.391869971594489","0.419328548070666","-0.0593807672574928","-0.0326241429134315","-0.331993645991834","0.417561533501279","0.102828406718194","-0.121289417997232","0.272362571115445","-0.115899802619724","-0.234513614753136","-0.0192218118438367","0.272541735483327","-0.156364014303759","0.0852368776298716","-2.14862466181942","-0.2264197490661","-0.00499656328094299","0.225447811639809","-0.339205776369369","0.114700020394191","0.248954803658087","-0.26343902224936","-0.234538283919694","0.0770702148480448"
"PE 38:4","0.0662520343453172","-0.106828998627492","0.106418437781141","-0.309867560869533","0.324915846833655","-0.0876966033862055","0.571502315764553","-0.175139783099105","0.279632441880864","0.0789296084123989","0.447590284493986","-0.401682105831523","0.0354550936143154","-0.551212219794033","-0.217390412506297","0.137276639858379","0.656633917969722","-0.215431242379653","0.327127689801237","0.0283350283413134","-0.341361280494652","-0.108927013424133","-0.631848676750938","-0.61855089275686","0.354611652559339","1.0157564072432","0.0801631871170646","-0.164119456751662","-0.239423629768298","0.33844457901347","0.110141770012892","-0.255571270490485","-0.0536242431489237","-0.356110783990258","-0.483484159404441","-0.364946360771384","0.616371089171621","-0.236093936870174","0.228779903580656","-0.531779029468907","0.104150010226942","-0.209733819763136","0.240215466595161","0.0377052291546475","0.255783561315658","0.381059961030154","-0.423029743268324","-0.0326970752415208","0.293298142740243"
"PE 38:5","-0.305807754078026","0.0771701812560556","-0.289954951615256","0.0382723869643683","0.415230045073147","0.223557392595361","0.8080342450771","-0.0163102045319506","0.519637519781293","0.00245299499463952","0.433534892736386","-0.409381790262818","0.154955182121852","-0.536628352932515","0.100166648237189","0.121215505805774","0.634314244291667","-0.000387005223053365","0.535512223690799","-0.0160343328910527","0.189148996815728","-0.463597891997539","-0.780526774915541","-0.270633663122404","0.298285721730357","0.305315871524451","0.0456004299448437","-0.308517038555734","-0.391931664747686","0.286486535306041","0.412730671927773","-0.479450810408618","0.25257726577583","-0.00862750536911515","-0.306407883343647","-0.423887220437937","-0.0429344893321129","-0.0878024935868215","-0.253726466290163","-0.161349702333689","-0.189392324489769","0.287083630480329","0.015416866267592","-0.0241088110101764","0.334343114195496","-0.178657099232986","-0.482393895110256","-0.384490396366703","0.321897955591493"
"PE 38:6","-0.177959670712361","-0.0568894709085161","0.084193967927471","-0.450384570669465","0.941525546771027","0.169449756944903","0.119092949862816","0.216453277845997","0.246411330546719","0.178402104268409","0.243115859521091","-0.411923056102347","0.170954082528595","-0.194479186038034","0.411748391303014","0.0524006625114053","0.615430713823574","-0.363736338853323","0.419033987938605","0.202411472668985","-0.285409176171046","-0.0737657254350411","-0.630191821887415","-0.115959265321064","0.699406947553223","0.798487520571726","0.286689725801508","-0.161471035302189","-0.35068435422602","-0.344174992217746","0.306900054178731","-0.0170851700081584","0.400511182083373","-0.145115711566216","-0.350067784795206","-0.0708568341754827","0.422897545712201","-0.368021582946091","-0.261650632073349","-1.16219243524866","-0.185514970281833","0.243582997963795","0.229647756340171","-0.665585925276863","-0.22709778572947","0.591691381659146","-0.347080985271194","-0.573095750106304","-0.0600449850030951"
"PE 38:6 Isomer B","-0.100129201593718","-0.716003282413668","-0.19580873134687","-0.585956931301018","0.827499479674517","0.0276988486157614","0.0166530775488218","0.427820744823999","0.428557081167836","0.298044515465275","0.335710169264517","0.336152592455043","0.0655609297954114","-1.05109157276374","0.245854233003444","-0.195937573481832","0.187316837446245","-0.399961166366915","0.363826107786079","0.0690246276450721","-0.195445991626423","-0.179360613642557","-0.0836957662444527","-0.248356513766606","0.131644214402593","0.545475912426284","-0.189567806074584","-0.0648833192303459","0.193357407017198","-0.422529185579466","0.507781315167914","-0.142699407202434","0.1393989631297","-0.00858389394537055","-0.346125789988852","0.155271180666878","-0.306630332881422","-0.173933872636294","-0.0722518727673412","0.529148606784619","0.205439255206178","-0.0685476773027101","0.119026562712601","-0.291649762833696","-0.0583129605359853","0.377336091356887","-0.118240929747438","-0.69894538312083","0.381050784831697"
"PE O-16:1_18:1","-0.675182303518948","-0.85277490377031","0.0458913544368152","-0.30552370138531","0.793685242411535","-0.0938621887158283","0.724662065031342","0.0488981387741344","0.458506663681494","0.0449675028874673","0.5629013035151","-0.286131267220676","0.0134200068969267","-0.309761287364227","-0.247499415149603","0.151428787104791","0.414784352267791","0.363383246462254","0.830265873086713","0.312032914265673","-0.179957431952685","0.198809076974333","-0.215704350340415","-0.400150409624036","0.144224320161974","-0.0639237196665376","-0.124997636688107","0.10318182234298","-0.311846672147536","0.438507430987967","-0.123243399235926","-0.218319077266677","-0.00379702301528203","-0.411313972095266","0.300086577520749","-0.288528266140293","0.336051236145231","-0.39327617451996","-0.0538137606147392","-0.345053206046193","-0.0798697020457126","-0.0104389429317123","0.0750912707300493","-0.230489370543007","-0.0835760246967033","0.100059637829332","-0.323968810694282","0.0473096634880102","0.124854530387313"
"PE O-16:1_18:2","-0.288914980304676","-0.904677492734697","0.412971984814069","-0.330395702492142","0.955075760089625","0.00111547356099463","0.348969925451274","-0.0208865256795721","0.286650946357863","-0.201771318382778","0.0811902998517568","-0.0198332762982633","0.166857338148188","-0.789450277145843","-0.1479142608232","0.366969443541914","-0.0374528919212584","0.36055353336733","0.140106608462737","0.0120858744250415","-0.167592319790696","0.197382881285798","0.685073711038313","-0.384625423734925","0.22014096237973","-0.0413905072085183","-0.0140237098138411","-0.207718248574135","-0.426095978630633","0.27373400449057","-0.0812254792799459","-0.171878140139537","-0.274532696622788","-0.603362019106627","-0.285100162571561","-0.11769803397801","0.326907979625196","-0.0775541493703181","0.0551505262156463","0.151371725693928","-0.246036987676831","0.0183263852166336","0.266525778146424","-0.0219984077126727","0.040406578396074","0.091781634417189","0.118137972723525","-0.193922591903953","0.478564254197606"
"PE O-16:1_22:6","-0.508602183772326","-0.306251171842959","0.498541779457807","-0.159416630542852","0.90602848047516","0.243542511304203","0.352744713867747","0.0397891661285218","0.340918988885294","0.103161119126928","0.442688527521821","-0.217347381996696","0.555115592043541","-0.536965109401878","0.042771747826257","0.437072700527528","0.241797739682738","-0.0114257077561001","0.150873259276002","0.33096358209339","-0.121414309552794","-0.194767149119063","-0.643355639283853","-0.400050745328339","0.321674106604354","0.664271318477059","0.00432799950584697","0.122485352853179","0.0812141105607902","-0.367764328575607","0.220754490048861","0.129309439629802","-0.0611195094272111","0.00334002674466343","-0.562007304908722","-0.294422018650881","-0.0232348824977937","-0.38821906225287","0.0888599989219666","-0.119768989137295","-0.265891622209283","-0.538115275369148","0.224891068613296","-0.668635652347379","0.0397496783629212","0.320125976564513","-0.530379195122967","-0.261274412341067","0.273414806332894"
"PE O-18:1_16:0","0.340185559636988","0.240626110581189","0.615271444748581","-0.233321264464182","0.920644502326519","0.33838169041918","0.0224922821439651","-0.12992066131493","0.218667346102868","0.234313818138795","-2.8955992778857","0.159401675603166","0.659276666456941","-0.0348733170371261","0.145911759708473","0.559531139787604","0.393279325782397","-0.0336487599151472","0.120815682554906","-0.147895161895241","0.157482787207673","-0.306574849869951","0.556074454513676","0.0480251202049602","-0.0847327743808611","-0.311511481415396","-0.580516000361973","0.480434351866378","0.224874622025953","0.372741801002167","0.57852587509678","-2.8955992778857","-0.183456058933467","-0.142843598382025","0.0833423311790634","0.487291679758868","0.0992659955109551","-0.132867081472118","0.252743084516288","0.505254037564292","0.18026501682568","0.577430477591371","0.367099914242419","0.395576440592078","0.113279401781446","-0.101505970645106","0.100977398719962","-2.8955992778857","0.560981019553028"
"PE O-18:1_22:6","-0.142382051882612","-0.103604864910392","0.0847946707851239","-0.388989646564989","0.937643255742233","0.0741725997878698","-0.414401588976526","0.160426479131859","0.0396531328590362","-0.0124738137756833","0.414032291462149","-0.398345551912332","0.225085781587211","-0.0799867961282387","-0.107782106284928","0.0644037120770331","0.136730925229661","0.0275125376197605","0.404893562701036","-0.0428412349577725","-0.0251810141611523","-0.0894845891747133","-0.390648427176954","0.239394909522009","-0.470303574352232","0.514914156990228","0.0824565241090109","0.20742127861324","-0.366953040866499","0.0311616383516474","0.503420409251249","-0.20365131396368","-0.0133784734829723","-0.400040328079509","-0.216751306680881","-0.0310653151738544","-0.0248036742334055","-0.295125932578445","-0.362407993314895","1.03512034407234","0.120952569426808","-0.423628264372033","-0.11674777266157","-0.43225199813369","0.394206137095242","0.333865365372562","-0.569596511613487","-0.184650045222971","0.275214948849113"
"PE O-38:6 Isomer A","-0.389752982398896","-0.35163406805699","-0.138669319181913","-0.145479263712305","1.02327032421415","0.168069618593268","0.346417225596923","0.172251233809199","0.204936689071737","-0.0539469584744745","0.374438771767122","-0.283725727651483","0.694634950629505","-0.353305841896322","0.20676301570134","0.0418029649465523","0.320289643519651","0.195766564213905","0.162094637091498","0.286625780836767","-0.536035530643014","-0.0162416568798615","-0.276794957449457","0.226445238428023","0.235625707853878","0.142582023822893","-0.0093110026162719","-0.0237556491211536","0.012200141173824","0.159835117835417","0.160801800804905","-0.204174321228496","-0.357190262267436","-0.517221165887913","-0.249527257289362","-0.179550013204293","0.25358268232604","-0.40461825761647","-0.0698253577475866","0.525089866108887","-0.595758057494373","-0.408316248888983","-0.220109234438798","-0.324585593182454","0.289669865691623","0.337459434285371","-0.204227734482491","-0.23832909373328","0.0114322572215939"
"PE O-40:4","-0.177865823420203","-0.328202463977783","0.134480650241649","-0.121872546352899","0.623974494128121","-0.0334672020309588","0.596305126029548","-0.765054661956931","0.909057466899147","0.290520891803673","0.308628266974991","-0.05644647968719","0.190900427149228","-0.440761066113687","-0.423123970317893","0.142538560960545","0.363071951504297","-0.166885633607232","0.194814216999963","-0.0080994539867349","-0.127079340970138","0.0751436568074506","-0.391760119733444","-0.428402510929929","0.100053692997857","0.247552314767728","-0.189252934945117","0.459758355145734","-0.291321290046846","0.146098132189282","0.12397373624963","-0.215720416091285","-0.203911530961505","-0.641880788014007","0.114743033860368","-0.327097880268825","-0.250727485112053","-0.0915433748345688","0.100837293333004","0.187080447844774","-0.343956231739257","0.0723361093753027","0.238987234926729","0.273409493830124","0.174943200680516","-0.0928996359058882","-0.129102215034257","0.197181875041115","-0.0199555737021332"
"PE O-40:5 Isomer B","-0.33699460260695","0.0745343801154584","0.798697498486262","-0.654637103195325","0.696126674024709","-0.298198797316455","0.476997417812228","-0.702030899541233","0.438008656121919","0.153703562922688","0.128258919386273","-0.392355631100342","0.0539237676017689","-0.0586470002461589","-0.373349142106947","-0.203683154291117","0.320557084516978","0.147433714057087","0.232764673928975","0.582261884640015","-0.133059227035875","-0.0329638158566963","-1.04248772484477","-0.242939071519184","0.656540979938584","0.0434440533979307","-0.213048648334057","-0.0996602453381272","-0.211939322106549","0.29872956013605","0.426154404052499","0.130189580342853","-0.0263185315268698","-0.371866713989655","-0.239274738323935","0.440329626752691","0.273447548125072","0.0101205479890428","0.155585353210599","-0.454856515281622","-0.303818503280491","0.442075861343194","0.123982329785522","-0.557622924420678","0.198956078917483","-0.00629440583238237","-0.323188471410324","0.0580703997247964","-0.081659367824939"
"PE O-40:6 Isomer B","-0.418997469728803","-0.14407236818005","-0.163591584792989","-0.17393763265959","0.627719262620618","0.492401082027598","0.394629941603512","-0.437389533850056","0.354869205842358","0.265087019599198","0.625429719856604","-0.385466842737272","0.399931564809216","-0.638415763278331","0.313128779014668","-0.292405193545004","0.503111270353771","0.173002660186177","0.593165939232055","0.353462858748653","-0.0859924947467244","-0.233181809564253","0.0823010461927989","0.155252158892032","0.203344031198607","-0.0781245442544226","-0.0337175786752572","0.234830273826904","-0.313053689909083","0.273100615545106","0.44924534577005","0.0659282671460601","0.141393940322485","-0.207371250831798","-0.64798076710316","0.00459830120303809","-0.169110162789537","-0.468155748294543","-0.118840531769861","-0.502316003847582","-0.360494406899534","0.00179394007580017","-0.214195806588584","-0.946396562785261","-0.0268559189439721","0.355299933654405","0.0100171093677184","-0.0718758332384444","0.058895231924677"
"PE P-34:1 or PE O-34:2","-0.571729807295755","-0.671806773550591","0.523166551620954","-0.299754933628245","0.433572736322275","-0.287956552519696","0.521255147469732","0.291119001843939","0.24509671991972","0.0309251670578155","0.619905337850852","-0.341134017501889","0.27337228347226","-0.410329004864476","0.0811113805775273","0.0385166983613115","0.676212383764079","0.0228862543789659","0.485417111055244","0.170538073915962","0.223378467514191","-0.210087323400811","-0.613481960706137","-0.273059676691597","-0.259086062496783","-0.120728344636542","-0.158602371871885","0.0152857360613577","-0.388023647329598","0.0789969736177633","0.191773859903322","-0.289824281992376","0.0739444459400661","-0.126147923704371","0.335269501497554","-0.27124650920847","0.231284203237408","-0.488392113464477","-0.448764031354846","-0.804620717890573","0.0556730375240822","0.134764041499265","0.0613262504044892","0.245056482684834","0.318666849070938","0.155532235008537","-0.135275715650962","0.401483990813466","0.234520847372176"
"PE P-36:1 or PE O-36:2","-0.448923128749811","-0.476433646080934","0.054332796766372","-0.535203951865648","0.846173106718266","-0.300520212822565","0.704277587362498","0.14849884993992","0.558526197364666","0.180806592470161","0.65375422361312","-0.360649002822436","0.163482831516501","-0.209335644444321","0.139723040881186","0.364843157658769","0.304064388103961","0.469720148965696","0.47843011319819","0.166408720347473","-0.0610970342927973","0.0260585043983967","-0.476573049875332","-0.210649354567467","-0.118991423310407","-0.0973440366563336","0.0085869073498771","-0.135870185894809","-0.514817062405462","0.220390534435346","-0.740481196081682","-0.162105664252374","0.0113031513275586","-0.423663690537597","0.434813513815983","-0.392394805132045","0.263312427120447","-0.291458904585226","-0.0269869557619944","-0.918079863184983","0.0187732726114904","0.243657940607461","0.175416156116086","0.0588421228358018","-0.00696893352665409","0.184630461772843","-0.069890752452927","0.211417997955242","-0.111806245949508"
"PE P-36:2 or PE O-36:3","-0.206964899610153","-0.511135593430658","-0.00893532810627395","-0.22225378286708","0.7538351049281","0.0769962688068698","0.434321913255792","0.0389135783391978","0.575213822711251","0.11409347207789","0.606591297378221","-0.540687044047594","0.176984040344328","-0.279430070545535","0.0292733578448588","0.353268130374987","0.280760441963761","0.310156748051793","0.466111238769619","0.230411611355203","-0.195465284238354","0.484943023187716","-0.560643524430819","-0.126412487475726","0.167016954675329","0.201559165963899","0.0281242971093226","0.10253996258387","-0.132067646493771","0.560895768866194","-0.3148157913688","-0.404369864226775","0.0396251529570777","-0.412483382162284","-0.0148950440788383","-0.363878148201607","0.522064211177268","-0.405022803589328","-0.0556999378042397","-1.36798507332051","-0.185491883169476","-0.0177675530778411","0.101515986493127","-0.223288677855527","-0.117306758239531","0.120678875368162","-0.419900529553295","0.256381651200698","0.0546250321094838"
"PE P-36:4 or PE O-36:5","-0.256228198667492","-0.126417751086986","0.120122499464371","-0.26246392352125","1.1695356154285","0.137805866974876","0.743725656353351","-0.224473020293318","0.526110960965874","-0.131674798863554","0.526651747176405","-0.393433501767201","0.494958854086146","0.0735144530846914","-0.015558007634608","0.222720557587011","0.576173781015977","0.152139991699125","0.361009872422885","0.13921300743833","-0.135749468322783","0.184920509385813","-1.07400391829409","-0.157264996817855","0.648898488703694","0.257160910761907","-0.102004855837563","-0.149209348753333","-0.227955847492797","0.0698705179990384","0.0170449268988817","-0.277843419320935","0.192465625520527","-0.472521031720232","-0.370791370895688","-0.0679781978962313","0.369509134424568","-0.289891722219278","-0.0155618769017682","-1.58373570707851","-0.286075070856712","-0.0275363697604758","0.10792997211283","-0.485227632795487","0.135223121259553","0.31177292088412","-0.521590824172766","-0.127014829541596","0.243726698864032"
"PE P-38:4 or PE O-38:5","-0.0642011771391442","-0.388800166891288","0.684724585132223","-0.319315506749699","0.849322961912882","-0.0935225942738057","0.592828513293367","-0.319684389079565","0.415600079802248","-0.0563167889863592","0.421375392637062","-0.191489780628891","0.140550972273704","-0.0132438488416893","-0.0474100504592974","-0.160404683156624","0.604294473516781","0.173132871670839","0.234414473393291","0.369426461740501","-0.326870711302411","0.0107003807663865","-0.479248831118489","-0.514584762893802","0.25746499113631","0.222687246149661","-0.160037380047154","0.0330004212764519","-0.274996987297454","0.108081087420391","-0.162330410150285","0.0467250559611538","0.213205347840227","-0.515116891277409","-0.369084833745104","-0.368350959412477","0.0482019586225413","-0.0533228927248253","-0.109573671753799","-0.0222062831371686","-0.304487280157942","0.0156617246489959","-0.121374040961631","-0.342588949756539","0.355187378410844","-0.042134960756145","0.0704735571031778","-0.0360105053136996","-0.0103505966963416"
"PE P-38:5 or PE O-38:6","-0.0871208188102814","-0.512756836365486","0.0760698666765747","-0.331995501865876","1.35851195961809","-0.0281240769155225","0.829625934145295","-0.105884501607078","0.28549524885757","-0.161149610187116","0.544170434548099","-0.407999210374319","0.621814641031574","-0.273206453871645","-0.288686125056611","0.0799072192151633","0.465782917036493","-0.041286455163561","0.453951825787774","-0.00725948906073575","-0.100895344316552","0.0999511956868662","-0.567139422809801","-0.195791549097633","0.524382026683264","0.181651096920862","-0.144936798962519","0.123371955290689","-0.274986566633604","0.147567434894248","0.383679243565482","-0.446527446808821","0.0309171945203953","-0.237730545495291","-0.362204090858961","-0.202838079000587","0.225770124549375","-0.739303396898922","0.0302094919728693","-0.68931467833827","-0.0465481326637253","-0.0463722093915089","0.247291973466801","-0.439746588883518","0.168780360801931","0.129643532305829","-0.462021862194403","-0.00699056768412576","0.200270681741233"
"PE P-40:4 or PE O-40:5 Isomer A","-0.621007943857935","-0.438235397964582","0.0732794308540282","-0.293619151467328","0.940326682906477","-0.187253294513469","0.824478511201965","-0.575365945211192","0.798430776862074","0.313505524649264","0.409494302822103","-0.0266864347927783","0.115957265140692","-0.119051794418201","-0.208504415402957","0.01737793632488","0.456008264166784","0.37508733146273","0.188826123192179","0.283321635687784","-0.292234085691714","0.182111062088094","-0.464742022957934","0.0379751162188022","0.414732727857483","0.0890766361851071","-0.12950411817813","-0.21132356611277","-0.317573471709005","0.459202661666965","-0.265545817455849","-0.52094336441994","0.124485364824491","-0.676701035479449","-0.0398099986009938","-0.183607699458323","0.318972821655311","-0.223486909394668","-0.00398689101577114","-0.779790783858551","-0.288487493395099","0.315843804418962","0.245694343184495","-0.100026023071044","-0.0577409742989301","0.277956080586345","-0.0960571935754476","0.0561484773267346","-0.197007054981691"
"PE-O 18:1_22:6","-0.141015807299105","-0.230759899181137","0.197514974789442","-0.445781747254272","1.20381742374943","0.0959958953877773","0.246240353821582","0.0253404296057945","0.382756354426808","0.246467111092102","0.443867086894217","-0.444225969849376","0.433035600973125","-0.307456513902576","0.074364769113499","0.106855146204658","0.408281950503187","0.0944210535440337","0.483108271413738","0.271488082437663","-0.281159955710671","-0.253583788473368","-0.381165194016701","-0.184029666106149","0.29965727453919","0.50074988969717","0.0957060916927751","0.0967820864429865","-0.296253705736468","-0.16656340552385","0.122215495757157","0.197150416147749","0.189257915571578","-0.0926892476460757","-0.453855311868345","-0.325434510872501","0.233979675119884","-0.952156280019253","0.169501939140521","-0.473403730430856","-0.0645820164755869","0.144001532681904","0.268358019424604","-0.664176449707759","-0.324027494034916","0.458194440945828","-0.703635660194491","-0.335191967291825","0.0320390404768734"
"PEtOH 16:0_16:0","0.135577600495886","-0.230882487541573","1.31345767199232","0.0801446803812028","1.7782887267856","-0.128514975784491","-0.338610403472152","-0.721511966267126","-0.468923513981749","0.240994297828521","-0.0912969604289368","-0.268454276746863","0.466742078557411","-0.490449321702424","-0.91177076435443","0.31428511513589","-0.265253813931061","-0.0771765575435447","0.0638024019548402","-0.705888238484686","0.0280136034229096","-0.343287602002926","-0.0530874190430126","-0.108802619014295","-0.192648388359693","-0.0785873213323226","-0.239028301060824","-0.571094406832127","0.940437622637099","-0.38094407821549","0.0392629889687304","0.185164188931506","0.0766082170385841","0.49038104175186","-0.363812522700165","0.516295494871514","-0.353627407342565","0.161563379916329","-0.151287279381037","0.32262290920048","0.0174937992722712","0.355090518902695","0.111915394813399","-0.174976824189939","-0.071222158274163","0.0184095149237125","-0.112203492331554","-0.28472993935696","0.521521791893341"
"PEtOH 16:0_16:1","-0.0281038651576963","-0.530928344889265","0.537257046147357","-0.396982881394339","1.37814240947925","-0.317082950193062","-0.0881522958001261","-0.61095498148641","-0.503491054847774","0.303886771392286","-0.0632954677320457","0.112580944071309","0.830807949772014","0.0230134471865551","-0.296706705788052","0.622809324783119","-0.255931000247728","0.163289586233266","0.0180466880202558","-0.80714689745003","0.419240503082167","0.151040661336868","0.134019306162147","0.162449908879881","-0.415511746430137","-0.241671220862405","-0.288502282415913","-0.799755202315711","0.889776154170971","-0.736165624456904","-0.166940264394008","0.189767276976263","-0.198319978908091","0.0287526231086727","-0.0606969014226202","0.67620738827205","-0.54629375394093","0.342432975867503","-0.0680410162758045","0.197053257636867","-0.144360926224242","0.676315216082464","0.141064554576559","-0.740043841163861","0.180024385472817","-0.0346019837838398","0.242011354779049","-0.248138492221591","0.167829946312905"
"PEtOH 16:0_18:1","1.06261550725011","-0.412929125523789","1.89579712239102","-0.685486477126986","2.20688805912102","-0.320347911946536","-0.0762199021181739","-0.826723337590819","-0.415884629657652","0.997969919757398","0.233496357514225","-0.063935570744798","-0.0624121278630345","-0.0784265775721139","-0.882219749616297","0.43054582782302","-0.887037203257652","0.028217933032508","0.0061905411142102","-0.380579870433158","-0.18440836377624","-0.517912463755578","0.300762249642016","-0.54642301506978","-0.431402624164843","-0.446403350705692","-0.528589905595621","-0.551199076238946","1.39020422309027","0.213714261930654","-0.871877737206137","-0.431564767347494","-0.228616568962348","1.11180963734926","-0.279138315074505","0.625575296944605","-0.164193846571602","0.0958445893588359","0.396058134297646","0.0471255462966551","0.392072529830391","0.208830537956006","-0.856118905447033","-0.0909670602553445","-0.567815029880117","-0.437076571323713","0.660529641860989","-0.339227638986869","0.260889807252034"
"PEtOH 16:0_20:4","0.0694197161868","-0.6800019594097","0.85034731536235","-0.0219652103144449","2.31453321171895","0.0876363252189395","-0.184169572192003","0.0562184560547991","0.158486282444774","-0.0305441813914327","0.0570936695218793","-0.169498963469898","-0.109843994485814","-0.37035653272817","0.125133397452718","-0.204847501359997","-0.592733002133346","-0.482056429011261","0.231537166902352","-0.276860176567199","-0.217117167042986","-0.328120685156947","0.20510829123428","0.157463932175707","-0.340945348597835","0.0389327678232517","-0.47518568897789","-0.162576371121062","0.825518300981392","-0.243067347667585","0.453049581497834","-0.157363677741567","-0.0482772039179308","0.208265910274391","0.0198979883785066","0.0739462036036824","-0.203211038811656","-0.144355678852699","0.0191550688748579","0.450628164920443","-0.245542915778916","0.238792417269022","-0.106387701650746","-0.330587480186288","-0.160522444430388","-0.109140050146552","-0.258986022840273","-0.362990246660595","0.376090424748258"
"PEtOH 16:1_16:1","0.162638499758379","-0.082706658974409","0.494400603427313","0.0788328453926072","1.51598941026719","-0.0373510031959989","0.244152748215223","-0.306057716123916","-0.518337769319491","-0.0381604259371298","0.030128471523116","-0.539528688020784","0.885282573613348","-0.171343650686249","-0.696694326656131","0.69668137419748","-0.31420419076104","-0.164661161565763","0.0234561196350429","-0.45505111730361","0.816318086297322","-0.349487143517112","-0.0980512618267811","-0.108521135132498","-0.462536279698171","-0.661344686154336","-0.190203955301791","-0.809288538107545","0.451894604609375","0.000258439157756526","-1.05775586363619","-0.114572775945293","0.305979099428835","0.409091029562257","0.0588872428851786","0.930868657592725","-0.690525785837426","0.356242042525679","0.315510873944927","-0.140406316235637","-0.290213967981948","0.931419326775994","-0.0297104265347149","-0.293734275227794","-0.132118909991856","-0.416679595488535","0.176223050523857","-0.327577005726117","0.612569531554668"
"PEtOH 16:1_18:1","1.08342266309276","-0.113824870591144","1.99206495408746","-0.570178439539153","2.36190688164353","-0.225535478881063","-0.370756038762936","-0.418270682567132","-0.614387597377941","0.671209399351819","-0.108157254297907","-0.868975927876209","-0.176303781204019","-0.126950300554461","-0.552417656766648","0.501480851667384","-0.347463179984438","0.0116418416212894","0.112033965057216","-0.576821568526709","-0.03106207771944","-0.564035823634057","0.0227414569586608","-0.158206279167632","-0.373491114016054","-0.214152554886257","-0.446042891497113","-0.627823580569768","1.3962772630336","-0.177818579774422","-0.115039375582073","-0.570523500034974","-0.0537646537538769","0.590927577351689","-0.109221626521444","0.672262799777295","-0.478771178948601","0.194969867190999","0.493226230381456","-0.137881906008969","0.334688817914737","0.385519031368048","-0.560268461805005","-0.44370237897895","-0.419630940643664","-0.632313001360985","0.414332079374038","-0.423653783948989","0.36874080591005"
"PEtOH 18:1_18:1","0.855728739211347","-0.260595499077573","1.4908789549869","-0.290816744796439","1.83118769009295","0.152302364687116","-0.297890327514536","-0.731788596768684","-0.714513935405485","0.696325628825924","0.238960219353927","-0.557855307900008","-0.496455223528472","-0.180405010715647","-0.353733988237249","0.465104488056283","-1.18605592478517","0.265926977284217","0.0683455252329224","0.0609505393367023","-0.282163743984755","0.0705226219698765","0.30480708022597","-0.379942494117844","-1.57341259818206","0.0227447537826817","-0.11243712293818","-0.0988613562498746","0.949245657359392","0.0141927008933212","0.326314180689398","-0.284185019546716","-0.40902936711569","0.75973792524174","-0.334460126292505","0.325078309679967","-0.478520216526238","-0.429924593642562","0.315130148561562","0.175428923526204","0.224790751620494","0.204632980015839","-0.105154604449593","-0.1664575192437","-0.24802831132851","-0.484728903253365","0.420526707646836","0.181805705164702","0.0367469621545968"
"PEtOH 18:1_20:4","0.446200269440616","0.161875463117283","0.941477550337509","-0.0582267473442672","1.65774590897397","-0.400817720718847","-0.170421557076141","-0.20117073274803","-0.176974910171949","0.354902957350529","-0.0210961743535152","0.263451512770067","-0.126514082568976","-0.131389909275582","-0.175689170670097","0.603832822578763","0.213025733229371","-0.0225018418871067","-0.0963822402925113","0.0214960685587195","-0.0276590260007627","-0.245966075155987","0.206674753626267","-0.388247529413499","-0.265258162216837","-0.128960545506841","-0.303825835736878","-0.224666467919157","0.589817783435909","0.129370811200362","-3.92888607123211","-0.0791769055140267","-0.0954841604933417","0.585148254292067","-0.274330152780662","0.321378371549826","-0.351925056143415","0.326704516372112","-0.00084865769153408","0.357154272419065","0.505890523620064","0.270353934501771","-0.333691808499226","-0.14715221012959","-0.0644228471990063","-0.0921207387856565","0.157051614182594","-0.0627465849814961","0.483000800950187"
"PEtOH 36:1","1.01812695615516","-0.0753936598665655","1.4521582761391","-0.62173122718353","1.59205342337892","-0.612401668661808","-0.80663525026562","-0.0928000138309989","-0.371530880481637","0.842133500068355","-0.056922901591076","0.444534065998212","-0.44132443221946","0.0277708094428451","0.0180200155863232","-0.025931295743374","-0.384020410368676","-0.226386915238381","-0.545470568024426","0.111071027572022","0.158342153940203","-1.01427981674786","-0.175365036111308","0.0407818913614793","-0.459541734651822","-0.3888834054648","-0.473438374932438","-0.396671626966851","0.917686241441114","0.185442295735393","0.0325107658715391","-0.140356931253892","-0.0406897793162489","0.799601276356424","-0.452175699757515","0.482265772588251","-0.803678084435359","0.171566738818953","0.411908116822643","0.42607137523635","0.187824620544154","0.31285119969428","-1.14232018774397","-0.347866911539343","-0.404277913817559","-0.0902922886655926","0.714723968154979","0.201222258171818","0.0417202658015905"
"PFAP-FT_diPAP","0.761902856945797","0.904824034003504","0.502194267404228","1.08755148678991","0.740185500044948","-1.67088550113695","0.785780483632298","0.286032171263199","-1.67088550113695","0.146102234449523","0.631344911742096","-1.67088550113695","1.02118061580814","0.587759388062803","0.283434844157246","1.0314338407505","0.739829523965774","0.828710738562289","0.2761552923383","-1.67088550113695","-1.67088550113695","0.577145319699126","0.252747700707519","-1.67088550113695","0.603731602349021","0.08752656233847","0.195599815637416","0.341806732602688","1.08073645529891","-1.67088550113695","1.28766322370332","1.00264639024177","0.776717336937031","0.722115156554591","0.351680828187831","1.0933118897922","0.10881949155931","0.6233397511519","-1.67088550113695","-1.67088550113695","-1.67088550113695","-1.67088550113695","0.373358958700116","0.217454927981035","1.12797464680714","-0.0815944350485023","-1.67088550113695","-1.67088550113695","0.364306969658854"
"PGE2","0.951423000679121","-0.370002568152485","0.124460828746616","-0.265764054151244","0.718576914747843","0.0591080196708753","-0.494587080511374","-0.363561311266618","-0.475133421044185","0.333843532520555","-0.124109146456783","-0.103174993098466","0.30761219368554","-0.214530851276839","-0.226885771546585","-0.219423781747236","-0.367940217779762","-0.504239746834412","0.110995641198956","-0.350076248438679","0.288316137253346","-0.273603044723295","0.438525759707423","-0.268599947481396","-0.435689908084763","0.0842798835440439","-0.641160703809447","0.239761950079819","0.199111969734924","0.109518051011261","0.228732245022745","-0.666038234149455","-0.261525902855652","0.140082787868724","0.246048700333953","0.624732884840729","-0.0717572212985284","0.0860750208141213","-0.170925548962102","0.195432519809287","-0.0738031458418618","0.86901293810087","-0.226965639748668","0.127345004958533","-0.324805333750679","-0.243363849845471","0.799695438252541","0.236876555570053","0.218099694704101"
"Phosphatidylethanolamine alkenyl 16:0-20:4","-0.346989989230771","-0.0593187324658288","0.451578429300797","-0.0923859077153208","0.838789651648473","0.157752489038454","0.385418419787379","-0.138718700665466","0.40687608105493","0.307092125784454","0.177799692477855","-0.0050970586724353","0.422052144884558","-0.333567854880714","-0.19551669257592","0.338027132490249","0.497322700330167","0.0618007304287221","0.220275300752539","0.245770554576184","-0.111722857668107","-0.0478438091489161","-0.718821806175928","0.211721392812723","0.383348885461638","0.135013504240735","0.141485069568023","-0.0327971414153012","-0.0703958571447182","0.0756629818449167","0.257278953234636","-0.194633040010612","-0.0523108374977442","-0.259017363528448","-0.343309383646876","0.100422086436256","-0.0351988066695042","-0.0204797203214808","0.035601118336286","-2.52869867697407","-0.147068857621976","-0.0226664489191898","0.0217303925108175","-0.370562912418943","0.394287989052009","0.110742592835403","-0.477042810832563","0.051920416804362","0.174394430508264"
"Phosphatidylethanolamine alkenyl 18:0-18:2","-0.395125090377479","-0.601073618210888","-0.0719166994624048","-0.627011798274758","0.684828734579157","0.034882798108031","0.392898150093604","0.186888121990023","0.00942450573972422","0.28535027042576","0.631450912503897","-0.12509992053788","0.0467651906216936","-0.490054989264426","0.221507419420084","0.422874786288814","0.0130339227866224","0.160570241578107","0.507405545495246","0.184881751686164","-0.239435640212895","0.199564303051259","-0.652926219211433","-0.47799741021395","-0.146715545524218","0.0373351012639777","-0.306580309276848","0.0859662037568126","-0.247709890742218","0.548585884525999","-0.416664679369498","-0.0531737618272427","-0.428754198211859","-0.0133987331323644","0.420182918260845","0.11139952335021","0.638285926245127","-0.759744643122802","0.0890511540512507","-0.772996158713373","0.0492090337443095","-0.273246030721896","0.07035282869662","-0.209648754043737","0.375303570545097","0.0535839853381756","-0.0396894538938617","0.333350753831804","0.554030006367619"
"PI 16:0_16:0","-0.087129388652964","-0.0915736056831994","-0.27648751199947","-0.136369653008358","0.104295956363506","-1.32237037360111","-0.0113704910688956","0.447372682820229","-0.622346021755235","0.161658281809658","0.0501833207020518","0.270105220050074","0.337852444674701","-0.188236690710873","0.452473043933004","-0.632584728262559","0.0240226142550424","0.339420794296112","0.206786925181389","0.29567276254993","-0.042027271577584","0.215525007785208","0.325359655759234","0.13802240880984","0.178783812221422","-0.35241106949968","0.0563418231113916","-0.203380707179856","-0.0564672650506459","-1.47410595264857","0.0759381379529479","-0.0134138035244261","0.114092973238052","0.0708453579794577","0.381157797772826","-0.576688011357092","-0.558813731414898","0.412432935819233","0.216141999734252","0.687639040853566","0.327036910377744","-0.120293032833672","0.488627707026325","0.244649784295355","0.358041419656408","-0.431183057943042","0.481475048052833","-0.385089129695915","0.120385630386241"
"PI 18:0_20:4","0.0679349787306515","0.182593227354918","-0.233276193118749","0.453017730695402","-0.0746248336663251","0.0157556958016184","0.692347250875067","0.527220194454583","-0.0223691581655133","-0.217472632644507","0.225917743208802","-0.0572805416316883","-0.123884268863256","0.350093191935183","0.348321294870719","0.140696162157837","0.346730413799689","-0.277390118781038","-0.0793521881494651","0.209154604533","-0.196698795691593","0.182760232705202","-0.0734051021504221","0.0609501179953088","0.68137290554192","0.038469555236061","0.261205856665727","0.235244876228127","-0.277179332587172","0.120703549677904","0.16343631204981","0.291097875721073","0.25208190701243","-0.415505938445036","-0.349228895419941","-0.472017664006088","0.0886108724832478","-0.0233626036018392","-0.110119762286895","-0.509139177416665","-0.140814948618771","-0.610363156110734","-0.0239906209352008","-0.124436333742184","-0.293960102937348","0.264080356400659","-0.698492511598653","-0.472807742561168","-0.322624283004686"
"PI 32:1","-0.314176335583405","-0.466604415137198","0.346866990830409","-0.00367022233773918","-0.415406871650756","0.443014742799314","-0.73562833539881","0.196899830579726","-0.133840589051457","-0.235340464166031","0.0409084147157998","0.422124508005729","-0.383001932621152","-0.27443285285924","0.0295300079552914","-0.0749427147163614","-0.343447596098589","0.489701059651426","0.00403779028531757","-0.266493207610124","0.0651454356955315","0.266345814848813","0.618694799055372","-0.0670668337590521","-0.26453135431222","-0.352126350371578","-0.0482349233423252","0.232953558646111","0.139690425782188","-0.130781389918073","0.0889777413591661","-0.160392658479427","-0.434869404251764","-0.379365375045804","-0.0197979169424431","-0.30805281821312","-0.203653737543791","0.419893782218792","0.378451717008546","0.644574857967559","0.269442210629495","-0.232675581238306","0.0625203336538371","0.243388533076582","-0.0534796969524909","0.312861259590977","0.65899369465899","-0.0837907890609852","0.0107868576472633"
"PI 34:1 Isomer A","-0.0197447272740601","0.121656667875824","0.12116454758519","0.316694383131995","0.705083753711667","0.10108531570006","0.073277943910057","-0.013610216853704","-0.428925159156759","-0.0831125783029923","-0.0105244712043136","-0.148613755335012","0.446950045614177","-0.0796457850496806","0.161036697192543","0.17552752334087","0.372334637312242","-0.186090732219294","-0.0614269593928226","-0.0209212912331647","0.0977163647016095","0.0243451158110746","0.0390644982631568","-0.187378719848858","0.172543739790905","-0.476770914266135","0.0972514227511287","0.299181639092571","0.111781445954378","-0.333540223679336","-0.461315317834787","0.122625787176294","-0.163449638668335","-0.213336447714315","0.0997152733928034","-0.505609844667265","-0.147384964542577","-0.0940330645590176","0.253811265657316","0.360309055367547","-0.198576827067009","0.0803085753642241","0.174646362398516","-0.681063572119385","0.651756287083807","0.0122927537012908","-0.270585070047573","-0.294763431872449","-0.111737388972399"
"PI 34:2","0.12212668842105","0.258878235232714","0.236513792666866","0.50324405266856","-0.049179968217979","0.146242274260254","0.00900625482096402","0.112665489566177","-0.397853327991773","0.248064350748702","0.189052369141361","0.400229873430308","-0.353196835437371","-0.359252158871864","0.00179913335549296","0.140352272791569","0.373384206861198","-0.140102336279178","0.269885090145932","-0.322166882242389","-0.18059332816824","-0.183335154588972","0.29752815463079","0.0333301926841633","0.185335284789039","-0.249934766673424","-0.0678846208890679","0.153880878462408","-0.132056996876889","0.162000272040958","0.4540204307149","0.183260814992242","-0.158586630341857","-0.338525690477215","0.440984219495048","-0.616120306048513","-0.721182554278104","0.328510267214912","0.202467737599325","0.50352295360409","-0.644333958160243","-0.492056709422109","0.208335581816041","-0.527161292182376","0.416010119325465","0.159019076363862","-0.184469234794381","-0.139208289844784","-0.482449026057657"
"PI 34:2 Isomer B","-0.0696249595875176","-0.501062913920855","0.202833175722234","0.366074326460843","-0.36605486226964","-0.153960560242978","-0.177088110212535","-0.197952040839525","-0.185684959163431","-0.11524155321221","0.495871032562626","-0.0763629877921612","-0.0958411191806799","-0.440464384057915","-0.515419170055565","0.0810351678463277","0.316511166165475","-0.157434594991539","0.501085250570765","-0.0402946458687769","0.401935204655557","0.0550307962381528","0.306334937859813","0.142814166209032","0.0658238027650709","-0.0241245360072041","-0.103098027150131","0.220745414825806","0.271319878623319","-0.197678182732987","0.356452751564142","-0.125458026618172","-0.267215732586221","-0.500351674292978","0.414907055079335","-0.237962675820172","-0.534906205859076","0.194969336396669","0.425701835351475","0.508855209941134","0.004787523512997","-0.523780290859831","0.297276471146817","-0.210319950510912","0.173940924392164","0.102373157671634","-0.414161611121193","0.105177122846986","0.219688066545839"
"PI 36:1 Isomer A","-0.441210989835772","0.0147343115103785","-0.169890621655644","0.371233736416841","-0.678419355638382","0.152216820979633","-0.326200146534757","0.397990939026656","-0.141218834848845","0.119965558041908","0.521677164088037","0.221841326867292","-0.470591688480991","-0.230696354306706","0.34128514151366","0.0487626347392389","-0.413498135615911","-0.419286384261481","0.083208101330216","0.23385428384501","0.0656279963736222","0.269936863646559","0.0718195327588061","0.0430744885883672","-0.0526772933642497","-0.56696872486327","-0.293493309900578","-0.0101961348916884","-0.463419024180145","0.0807226597401845","-0.486979311004553","0.138253948443825","-0.236937136982143","0.0126786166301773","0.105741023829596","-0.518884308810128","0.0653475436271978","0.0665601253776969","-0.0199526118944667","0.898451123761312","0.375290982881546","0.109465991561248","-0.0165153573283194","0.599446487005979","0.18507380593799","0.151963750003866","-0.109180768618355","-0.111505154313096","0.431496688802637"
"PI 36:4","-0.373445537749389","0.447184876847231","-0.239813444727589","0.450900405926381","-0.921554714156911","0.417267445860681","0.414842977855311","0.103348893818385","-0.0503769401265644","-0.310721871334054","-0.0983834692668833","-0.333059031049695","0.113432703509138","0.269067242733422","0.278910573493036","0.27712449940605","0.557228432774713","-0.0517720233455764","0.0000209049820032805","0.18940286969791","-0.00471632241690009","-0.224554554590813","-0.344356609743141","0.420689976957017","0.571912914711833","0.0231561022507362","0.0662629627174335","0.217323880905922","0.232889575677013","-0.146755577611658","0.0636028094045225","0.359554277566453","0.165974896022653","-0.114067929607968","-0.0174777129099648","-0.163255121764342","-0.677072608553212","0.10038547095721","0.227703726067809","-0.244858149002683","-0.385753023139479","-0.642558667996934","0.0161306460389491","-0.327825757363586","0.532391067471749","0.0547500265507558","-0.84327252937357","-0.122651897492262","0.0668433331188626"
"PI 38:3","0.0724554530094124","-0.231375310964966","-0.655403471914183","0.0761937623854958","-0.237722244564554","0.163867709980705","1.09993344142247","0.232468047053415","-0.27461711752908","-0.0512708640548589","-0.0688770919481451","-0.268716711964315","-0.0477963139683562","0.223551283795863","0.0905502189877367","-0.219852818461433","-0.252221132843753","-0.0338656273921025","0.614260738829587","0.249566067240953","0.159462088033645","-0.0175186457172269","0.306997505642869","-0.140413318797739","0.0211852948171473","-0.10867564585337","-0.19834866853945","0.372861978699568","0.365509318048348","-0.176275240110848","0.127762757701544","0.394724480005557","-0.141530479152889","-0.250816378877403","0.824743018960978","-0.333057301099746","-0.219760449199097","-0.0847052240545423","0.0138443569318739","-0.217988473261421","-0.413873191415263","-0.694189179720391","-0.0151121845214011","-0.0537470611028708","-0.0678988344487029","0.118810353738383","-0.175132743072047","0.183481575864357","-0.0614677265997424"
"PI 38:4","-0.138043282969863","0.215554836325847","-0.381978654341259","0.623796649702014","-0.238752921529306","-0.0849519963911804","0.968897353197548","0.0680480520948934","-0.0408693391798707","-0.203368954620069","0.0415259567367782","-0.063517369948232","-0.132241940917369","0.212001102957173","0.282175478750901","0.0726678479695304","0.59500613727037","-0.153902731578287","-0.154274655782095","0.41948239826493","0.15595954924891","-0.00177022072986456","-0.331576329477698","0.280650996337755","0.551459686024742","-0.0780126473998893","0.316379294334883","0.0603895727805253","0.00301129640416065","0.278437647936145","-0.0191643417135863","0.480008044289352","0.076207292640745","-0.378835441773104","-0.408186512916101","-0.415774816066534","-0.0528178709462313","0.102680024614193","0.21123791189027","-0.871538885664882","-0.0451633191355666","-0.657282469203371","-0.0610264468757124","-0.144982715272522","-0.129064065909117","0.62620675943905","-0.77887225548258","-0.363747894365363","-0.312065809021064"
"PMeOH 16:0_18:1","-0.471713911403884","-0.521964415146403","0.451626827932352","-1.01469981996413","0.501287052675351","-0.858300826533629","-0.792775785254657","0.628383238528724","-0.26019097904419","0.422051312189369","0.305970610053635","0.515192582520836","-1.01917066205355","-0.62077162630494","0.116164865099837","-0.174358916876473","-0.327457982770285","0.380694280153771","0.124362756501685","0.0929757489891273","0.309638282424047","0.588200740120106","0.385474988888907","0.41013059282409","-0.531494320820776","0.157018925064138","-0.768108295181815","-0.0771928767921014","-0.274972987883559","0.588041410307838","-0.0940635273428501","-0.932515162830427","-0.328594784195539","-2.28147744454202","0.755311366045472","-0.0197045586278399","0.473103244784967","0.478124080631358","-0.148718909076058","1.04794661304035","0.642475314217615","0.349055897358823","0.427526904698625","-0.234149842163236","0.246412660289853","0.496400727976421","-0.0139844810167792","0.62865040736813","0.244160685139709"
"PS 16:0_22:4","-0.111833610656854","0.33829403286897","-0.092815327020443","0.320515857923815","0.9255804422264","0.194154825580992","0.925281782749048","-0.275749173564292","0.274795910662627","-0.161170753411459","0.134773590214269","-0.150234020054438","0.32063105420887","0.0716577236847844","-0.371267267454109","0.275602582347809","0.491691850698357","-0.00790532365767362","-0.120239299811987","0.0202832251695478","-0.108214350621342","-0.230164489666378","-0.393731924123309","-0.10120036486585","0.467173573592927","0.00030474214498362","0.329097146213364","-0.0644381095667923","0.0742473213465581","0.340943264592435","0.133046905070887","0.146951696225176","0.441966881463345","-0.164079396562114","-0.169898379339438","0.089846993520371","-0.090740510661536","-0.242925477315381","-0.0912265572959158","-1.97333041793079","-0.466867174745655","-0.176180691649713","0.0472318420729761","-0.428925243720553","-0.0268418767518933","0.15815649550383","-0.266562516341356","-0.352571958073515","0.116884474780442"
"PS 18:0_22:6","0.0829357938822671","0.0614800788195106","0.0947069629658537","0.283083992642711","0.874954511097295","0.431713046949842","0.165106978708255","0.306100293236975","0.0841989960522454","-0.0536199938130679","0.255134108844512","-0.11376347731964","0.507833204624613","-0.180921914696418","0.0803111912502771","0.190233261297361","0.410586264050688","-0.319762570696028","-0.182029632715494","-0.190698066239084","0.079031771205329","-0.0116487156035362","-0.287383002425236","-0.13269030961343","0.308870250313462","0.247182298509026","0.198572009105212","0.0931502008407407","0.0833747169976237","-0.759373488137205","0.308857242182223","0.52227089243566","0.307442678166557","0.20827871472893","-0.983831280336396","0.179375156964667","-0.0618217793808739","-0.330554634839025","0.201234281177433","-1.70673476599492","0.0494907296242844","-0.477722298248306","0.126828773784147","-0.474307632657786","-0.112791798274341","0.580216999723667","-0.42315459638349","-0.258055946767732","-0.261689496039361"
"PS 36:1","-0.253717008662492","0.132796240811553","-0.0984835813878846","0.201601229940431","0.593524552840921","0.0435557012416429","0.281711527119269","-0.349372370939777","-0.0581576147756337","-0.10151697621181","0.2011042673218","-0.125753024192194","0.366741345703967","-0.0376098843764237","-0.237561195292472","0.799995932254186","0.0028643997318641","0.120155277747602","0.155158224525386","-0.0392111761751538","0.295410123438732","0.140517189465832","-0.283484960542079","0.273710577488937","-0.157750295044807","-0.511697371791577","-0.0341405269186034","-0.325975960549758","-0.087684457949572","0.144927767826388","-0.173006485201045","-0.0366481267906566","-0.154506192760122","-0.367933123457018","0.212274274605101","0.235168025353096","-0.293543627825021","-0.701650443207404","0.0840082459272986","-0.943616229530833","0.0680474695209546","0.492310450869194","0.175345575533965","0.12354501009009","-0.144289280376617","-0.0260453590691417","-0.484829361364975","0.278477697308564","0.605233527726294"
"PS 36:2","0.772771944422878","0.0185580459378152","0.505412874393837","-0.06846099310533","0.25334871799704","0.00282254651195214","0.0824280899047866","0.529219616370661","0.70134514005257","0.558552235004355","0.267781319354533","-0.261535989432908","-0.107556741688346","-0.15185098526507","-0.161219295549724","-0.0716200943738482","-0.185595742777879","-0.226640592737966","0.614204893248255","-0.161555410479609","0.0791758442368591","-0.0713172755777076","-0.334157265509406","-0.50034545024587","0.0466884097134215","-0.372939440323486","-0.371468442749613","-0.363190165453266","-0.398156827054461","-0.0765884022327048","0.15473436646661","-0.0485028618942075","-0.289488524866766","-0.24230227673241","-0.0172730857041031","1.01977559323326","-0.43466898144499","-0.438324576878688","-0.0331118211418902","-0.29345919340568","0.435083529460014","-0.0423383589750652","0.200308400994484","-0.475176388963333","-0.394663796724842","-0.0403636965322733","0.0988268866354391","0.276544058397133","0.016290165485545"
"PS 38:3","0.307931275610858","-0.25378688604603","0.232546994594089","0.128234130164245","0.748611902904942","0.326257209085347","1.02802910936736","0.0101100491817217","-0.0959964595933445","0.0584059101761181","0.292381563030644","-0.525110237686651","0.374504839880963","-0.55177777758703","0.0616817981634859","0.176742419200924","-0.261431295918832","0.13746209474379","0.782399061178268","-0.365686476792416","0.0645640819237191","-0.241870708635473","0.07800522108427","-0.206812045246859","0.0870152514040997","0.0389124773678713","-0.231751087515913","-0.159759329673448","-0.510904510860981","-0.123949654309456","-0.320488260723955","0.164629812700312","0.210118465982261","-0.24722289937803","0.315293933915788","0.461343818601916","-0.109286854400186","-0.0514918284192156","-0.0395651734120851","-0.381475945730565","-0.311144281084655","-0.0735842011409646","0.048364479986214","-1.01031642685352","0.0816700485117009","-0.00224547162873068","-0.816420515368973","0.843381006942426","-0.166518627696028"
"PS 40:4","0.264011855669515","0.109777928883442","0.306252676654662","0.0836029619894385","0.677713495303755","0.1506998902431","0.523733825879569","-0.330640183397158","0.339451880766639","0.148100768234091","-0.166988337443086","-0.13253273839251","0.0922008623829963","-0.0915248638186691","-0.630599300115504","-0.0430187705461828","0.183565307113109","-0.176120649827124","0.330609733922109","-0.282526287811906","0.199395367937424","-0.199914908716596","-0.344104592387521","0.244865578263383","0.42637859281452","0.0429995197340825","-0.0826346932516594","-0.232499750369398","0.113160381545596","0.0779293434320908","0.38143641452513","-0.227085011829049","0.0849438665052211","-0.627091989087704","-0.470322733057694","0.559798563107162","-0.163366480871969","0.163958570866106","-0.214856574440589","-1.14405760900471","0.219714366856179","-0.123218071078604","0.190385920205285","0.0585322301276686","-0.141411791953922","0.107952693685243","-0.281501337687901","-0.133819414008456","0.158663492450399"
"SHexCer 34:1;3O","0.413511119934424","-0.0693447782938716","0.168586955236119","-0.253853357693545","0.116990121887602","0.437738677940244","-0.242027070797589","0.334770573567767","-0.00748955414952156","-0.521563476796486","0.307188562573752","0.332809747100204","0.441550870712121","0.183717813437317","0.0364146276335022","0.266133218200754","-0.040774213905118","0.131281989414474","-0.486536220974055","-0.0516895663995521","-0.61867237027476","-0.233650334036164","-0.278246766794459","-0.0675146303039662","-0.147909228054853","0.281600290938887","-0.28614140221859","0.452204763015874","-0.129731229337811","0.0812476860154307","0.332099050021209","0.149796703338534","-0.580384204744923","-0.283798349508472","-0.642080995662802","-0.63977182205787","-0.286044583541853","-0.146652046747062","0.194221065297725","0.201502549051437","0.373923365977946","0.292729374467739","0.253127344292367","0.131920642973306","-0.159294161216651","0.0624992785234144","-0.0914797994472964","0.207839731989771","0.0792440394153543"
"SHexCer d34:1","0.276251259763395","-0.145489102838585","-0.122013085810556","-0.0209542929818262","-0.114050474422143","0.127497291873296","0.0934933799988512","0.427598522916374","0.404818535599656","-0.332659293683089","0.269064041095016","-0.218427442398234","0.371069168894333","-0.174516372320639","-0.137204548489146","0.541094906923918","-0.554564214327902","-0.19782622406343","0.204960204590462","0.370377519925806","-0.363129515882006","0.0973379162680529","-0.00497139974327064","0.0541042860007806","0.0509670423807964","0.35228160603636","0.0295176363172179","0.207926327577977","-0.235454016104828","0.423306930823101","-0.346576993293806","-0.280300541334412","-0.398599531585733","0.359468376057772","-0.710637527509864","-0.422231093754362","-0.0353283433286382","0.256359425002539","-0.316946540425388","0.438419087988214","0.328090963928067","-0.385990019109374","0.393310859146445","-0.0129751019531664","-0.323280470105133","-0.439368125608692","-0.0163943782459288","0.62252640210402","-0.389953041892299"
"SM 12:1;2O/32:8","0.192692640282953","0.0248064585351953","-0.200104263929342","0.252090593797654","-0.495579533297331","-0.33351752797291","0.0915112741888227","-0.37875760525717","0.00975835922878429","0.329572961901843","0.100316503543934","0.340304397977115","-0.176408812587637","0.494332092232591","-0.381104677303573","0.265402558950562","0.606525435237945","0.042410242939526","0.0300151703104084","0.347275470883911","0.0102941785150301","-0.177886372656738","-0.0221982393164414","-0.116249030281888","0.421110016678269","-0.149651470396865","0.162862912146715","-0.103095842043403","-0.0858830646464947","0.472683236592903","-0.573522077078544","0.348317478049274","0.268054761123746","-0.966919382972482","-0.124184008679243","-0.554246183513675","0.314843770817585","0.232683650354754","0.139199730886915","0.286136403983107","0.15415728753831","-0.159557514931451","-0.0906750511255505","0.231103391496269","0.220857638349641","-0.0526192626551572","-0.586154576775193","-0.306541791122757","-0.354462327999914"
"SM 16:1;2O/16:0","0.529382608711886","-0.0892287008683671","0.56369778064576","-0.226466869179715","0.418257669916923","-0.193139302962874","0.093297315349384","0.0480939343693225","0.169523500044222","0.0142264809697549","0.212186143862842","-0.0686775366929884","0.384571260145337","-0.257274955382451","-0.0893797462823059","0.248170048137144","0.102297891610914","-0.457770820081772","0.626929869155049","0.0983265730077081","0.338179857176113","0.0750020908073919","0.145703083784831","-0.0268541290623935","-0.83398211482678","-0.298272211896357","-0.480162829795136","-0.454328395545993","0.00173125602008097","-0.485459007058918","-0.500177101192413","0.117320363589357","-0.516924936969989","0.0143229332350398","-0.0736046361208293","-0.0569116089156216","0.161317926765833","0.261182143696673","-0.0758616856108573","0.503883820987059","-0.186686493016062","0.478709886433055","0.427680835698513","0.0146794405990141","0.266505422490531","-0.217435583306867","-0.3445296763062","0.115843557475327","-0.49789535361018"
"SM 18:0;2O/21:0","-0.242454308024169","-0.271095917160028","0.297972129173764","0.007765487701624","0.134310980944376","-0.0471515931167181","-0.293690000293047","0.0468520559432671","-0.199351857803129","0.156069169782416","0.0256952278342258","0.451240073520135","0.181289246809908","0.0093862884824652","0.269221193190875","-0.00052095298464105","0.329083833126512","0.395226035876323","-0.00422222799429401","-0.104076498223022","0.222468582872007","0.16714096684373","0.317702616530318","0.180153780194202","-0.352968203541645","-0.675884307711143","-0.000962266404561516","0.238262543799729","0.187557079662922","-0.122440156951168","-0.579956827642498","-0.189897359278072","-0.0760917341890942","-0.639491805245422","-0.105167964115589","-0.711437809687986","-0.660283338165018","0.220803660334216","0.370763122879547","0.327755291698774","0.429326949779885","0.130819824787965","0.128255688078157","0.561252795743686","-0.156789518285985","-0.155063733466369","-0.0108055738060449","0.14265373583832","-0.329224407339706"
"SM 20:0;2O/22:3","-0.190984920477428","-0.618018084895223","0.167522577188391","-0.107388227544188","0.296098315991449","0.0793274161554317","-0.331013688524739","-0.0336942032698952","0.0789208464612665","0.0707445778172604","0.435635395339562","0.296919342995865","-0.892753739977115","-0.325083012883094","-0.189363419099569","0.00491643282269239","-0.180409576587652","-0.0357251401976488","0.27888565712938","-0.023052860135622","0.482392120636389","-0.00495328429561924","0.0484367673050576","-0.288193335529552","-0.46268849661862","0.334536062503574","-0.711754623275153","0.506750189269809","0.0126791447528888","-0.119152247233748","0.0814537436948854","0.355107703652136","-0.00411762844468915","-0.225891001620835","-0.029974977015614","0.348342271383747","-0.552009794402456","0.494174644066818","0.306387409837514","0.345750844320238","0.217764256480587","0.174152558595","0.118608326786733","-0.119660918162446","0.0998587231168325","-0.13048471807116","0.0862533920345302","-0.135409052087718","-0.00984176998824332"
"SM 20:3;2O/24:0","0.102887972528251","-0.552418495239288","-0.046679960349491","0.65451529351611","0.584892935515412","-0.0977529909419224","0.335040762982494","-0.0718619416303775","-0.0224630107301525","0.23475721723461","0.531357971613123","0.131411428167834","-0.319309174015577","-0.244580627260607","-0.407743296606805","0.0827324222326661","-0.0201143471766466","0.157767181829553","0.181236435273904","-0.0315484104154286","0.476351965014074","0.187559415226569","0.0789503956879157","0.341414968890122","-0.102374158614052","-0.152316505325861","-0.142680982467354","-0.460290557077508","-0.203076830400103","0.169057466281775","-0.85953119216719","0.189447328499812","-0.273533222165066","-0.143450006890784","0.225210102105126","-0.303378756020286","0.165961476770814","-0.0496188971584","0.226184343538816","0.0000318608410227245","0.293816559182134","-0.038398119131291","0.1132035203084","-0.4893917946907","-0.586226340186931","0.378076640782035","-0.27815978663856","-0.297536510844369","0.35257025012217"
"SM 22:1;2O/12:0","0.099779085993087","-0.196081673658232","0.568055055106233","-0.0817703407059911","0.0285986679256834","0.309246080095085","-0.0960113052543682","0.0382048306125844","-0.141015330345439","-0.0277218472799296","0.256751563625814","0.02907189916574","-0.0901583892659277","-0.746732815908964","-0.326291348519423","0.129983073665353","-0.0941814264395686","-0.229013437700147","-0.0417953493217961","0.0490835768657436","-0.0281775055067534","-0.0268909451661006","0.210006683514547","0.162762530107228","-0.0956177560290817","-0.333485585985026","-0.484371184480619","-0.0326826172952946","0.0996988417887384","0.286652646191227","0.1888264264193","0.253787695944197","-0.450530941645898","-0.172456705883145","0.00196337083754494","-0.0289742580699002","-0.101031154859544","-0.0297594891367666","0.260845906859694","0.656424083571713","0.138971065633088","-0.0612707601229995","0.107294437251613","-0.115752554717397","0.192732798508707","-0.213143295738739","-0.0392202055687946","0.126404811445974","0.0889930934769524"
"SM 24:1","-0.251393689202638","-0.583882951812133","-0.0681258147235671","0.216689072243676","0.448058386549858","-0.141436233640844","0.35584482459083","0.127961207283596","-0.186306223903512","0.405310211816335","0.241325707896946","0.0648765102323366","-0.290984716824282","-0.0364484686377085","-0.246794913410341","-0.0212780065807371","0.00967971627515388","0.234619050178426","0.113473699310901","-0.0396302474566043","0.380062034557486","0.390641132468354","0.00734283639158796","0.186382141351314","-0.23729170478308","-0.538005835561404","-0.0489728662442999","-0.350573033873551","-0.084739856937731","0.14876777302052","-1.35175792651527","0.174387681916357","0.0188886180076432","-0.0306182305343925","0.345643155849257","-0.467261762915236","0.211292044469283","0.00511175645408406","0.166649298523574","0.308286352284482","0.327044539002529","0.243013702515558","0.0434447630240855","0.0188033789422489","-0.446362192415149","0.126291225442182","-0.25624597305206","0.000255913167987977","0.357963915257938"
"SM 25:2;2O/15:1","0.0908163452549725","-0.296982442790851","0.0713783142377202","0.387230345717954","0.623811854182863","-0.00204344184146969","0.160514413378802","-0.322594134038623","0.0200378729954868","0.0715631850647706","-0.0348285449012151","0.314063112266883","-0.0437538652542933","-0.324159465112564","-0.241511155691486","0.0539567480753129","0.32043843151392","0.00568216257424075","0.192820567390079","0.377558977287521","0.380213769202784","-0.131131947067116","0.067023786958547","0.106661071524564","0.235221625596334","-0.563119137284638","-0.0866310321636938","0.314679597261022","-0.220231494263343","-0.442864923590891","-0.521350018638376","0.100252329103174","0.435519991518569","-0.81705826026812","-0.19409547391942","-0.279729385650784","-0.18263941906537","0.286493044077291","0.226342861679152","0.119066881668417","0.167305684361684","-0.247650566287995","0.317849320306504","-0.269754501855814","0.127046992604727","0.0410040046823144","-0.203036836410071","0.119858850264264","-0.309246094653739"
"SM 26:0;2O/18:1","0.143490119506796","-0.478994521076978","0.503229792782912","-0.00960710786833117","0.156308022977676","-0.264067555783484","-0.221248450097319","-0.467895508065278","-0.323570224599876","0.132195436686987","0.208631928299087","0.0945539126490874","-0.1285313460711","-0.483072823369171","0.123780593016084","-0.0360837844989607","0.16790827756528","-0.0724272873267438","0.0409992449178169","-0.590292378474459","0.405944967019053","-0.215097035214212","0.220913391900921","0.514909032216124","-0.454006316056947","-0.218209374668543","-0.0927155061616667","-0.522271039566676","0.0955509271464862","-0.0472229287702442","-0.20040857318933","0.169461493498855","-0.250670629340773","0.0651305070152447","-0.248028541589005","0.2015508644557","-0.424135459114563","0.0405758091828038","0.383292839094193","0.333035076609907","0.175934673486801","0.166421815146876","-0.0419474067068642","0.0599160822433536","0.0829467770256168","0.192003189202629","0.402051542305623","0.323615146328036","0.386152335330568"
"SM 30:2;2O (FA 14:0)","-0.296742849660389","-0.0654918872754587","-0.0234324070870922","0.367310294091698","-0.190137662191418","0.0604194462664351","-0.159308538438891","0.351421889184023","0.0791214939323249","0.0609998414333225","0.614303659386768","0.264093728506061","-0.305220591731989","-0.00924149066203966","0.388364142219833","-0.171808254057222","-0.0811222799142563","0.0526792616195256","0.36454292776407","-0.245702513411909","-0.3269866803264","0.0689711850503252","-0.24285745103892","0.0153671577686802","0.0264365144173301","0.229519071783335","-0.159773821303848","0.347886243529167","-0.458936266034822","-0.194458982169327","0.241528475969177","0.285186837900577","-0.270227093179475","-0.362850406916964","0.405229810102943","-0.302918635578455","0.340479617452505","-0.145546115014933","-0.571408208973355","0.254065781867251","-0.171743420686266","-0.469982351197578","0.243082824235331","-0.310613072264299","-0.276655429728118","0.163471141633292","-0.111023638347154","0.509187042732122","0.19052165834448"
"SM 32:0;3O","-0.410735394383668","-0.378442495707131","-0.244034499299072","-0.404286488252711","-0.0723720850824294","0.0680516780687999","-0.0861396559361955","-0.237764834778258","-0.0568518914676993","0.0235937064562477","0.201310452229891","0.246888686564777","0.396490376417067","0.116980978704234","0.312986754410235","-0.238266649940294","0.123306260335307","0.105624330836582","0.642822949255458","-0.231582349976334","0.818846870229794","-0.0942530870679279","-0.217437097781437","0.249037307230303","-0.386300768150843","-0.145087694545392","-0.0265207659129484","-0.289330522820373","-0.00303840350701294","-0.058439036897249","-0.500476154227236","-0.0958064425838129","-0.455523694321696","-0.0633770782052893","0.00892106520917046","-0.0740893737729091","-0.125236241041302","0.0118471938406792","0.094296604175069","0.774845749711723","0.0809369337511972","0.438328654994297","0.0466065808704925","0.648002025177661","0.171735071997537","-0.429270981850264","-0.326931320758877","-0.120378180859737","0.190512958661575"
"SM 34:0;3O","0.409701174273868","-0.522485474694632","0.107007023821474","-0.0798765171771699","0.483812646477642","0.270682254713563","-0.0373558210390656","0.181067966607861","-0.0179775548600563","0.131825530787246","0.391405885665655","-0.125403938622074","0.12931299652902","-0.144277417408743","-0.240406455866603","0.774308608602715","-0.0152413894006579","-0.0904366611455838","-0.0969851793811427","-0.34716086910644","-0.0700780869941681","-0.0113276850045192","-0.204135043552198","-0.567966703315021","-0.204583346590023","-0.413180889978918","-0.288491382577224","-0.456601042999131","-0.239772731617626","0.49180149172437","-0.37162061260867","0.399192504621888","-0.62585336069195","0.145963027169791","0.021792546920953","-0.253634666853921","0.0993376646293729","0.35665061404569","0.181422978170495","0.19227110198979","-0.00409030404057916","0.277708020484031","0.329413614079511","0.0494797712726505","-0.268319244045033","0.0322215657392706","-0.0973835842979942","-0.0170706024958236","0.355337578038118"
"SM 34:2;3O","-0.247308688888024","-0.588601380348055","0.238679086127381","0.0690406684358996","-0.155256994442859","-0.0619292372928263","-0.370369509700569","0.0281298317583275","0.296990393901789","0.180466738629517","0.347972923615824","0.558662224921375","0.0755346625443759","-0.288278767687297","-0.0732700377657843","-0.28209855952585","0.134679668009806","0.11913217484054","0.178218583527363","-0.113174424853396","0.500264656115567","0.277409076777377","0.60973579593496","0.11488002103052","-0.351901907798639","-0.573678651195298","-0.557216262762503","-0.383216413008074","-0.282365409469407","0.00424141625016966","-0.61533212248987","0.00197966905280581","-0.210270963130215","-0.532160610137596","-0.149434605049811","-0.370463267853494","-0.748360092708034","0.146109264304629","0.411462971884487","1.01672767669106","-0.0553773997350868","0.355710744813141","0.350030527187574","0.157734704876249","-0.241893126394657","0.251408095069854","0.508614249061227","0.193999204693499","0.124143402182029"
"SM 35:1;2O","0.305270831983481","-0.119547839821485","0.42260288014311","0.173184145101336","0.372024791275155","0.00328906042561839","-0.344985516761173","-0.245094850141325","-0.0527724169941705","0.00846751016006367","0.434404075566761","-0.0441902765068929","0.476767635842525","-0.31510637960431","0.0779770728909382","0.0358100840149737","0.407504821602644","0.100582550812353","-0.712064675491344","0.127508237042115","-0.0573632943722918","0.0954615121149108","0.0364048988192297","-0.0253936691219506","-0.215373348683841","0.00608551161560307","-0.363568698385252","0.327624052023977","0.305854589105732","0.137867692849952","-0.716110354549454","0.375014291948715","0.0455800953020279","-0.639717471037378","-0.398275618617832","-0.0083591546865833","-0.56862420888169","0.492129511118505","0.216609281619638","-0.716387545368582","0.327587204266875","0.0304172028375801","0.452321188517844","0.363154926238874","-0.0581946918764535","-0.178642704174346","-0.374216192165036","-0.248151903871305","0.244635155872156"
"SM 38:4;3O","0.0721141169455628","0.332865846336656","-0.0656194813489239","0.0111467565676792","-0.110246141340408","0.157145803139385","0.825684500415688","-0.272697953497737","0.0679046738005228","0.160836734224004","-0.0534847745503039","0.0109252193415079","0.183368734833227","0.525587005210613","-0.137209568547869","0.231965581666605","0.557384240829427","-0.121498133892821","0.131901270339521","0.289038892785929","-0.141880656133078","-0.175351702512832","-0.719896538379375","-0.0176103935651712","0.628994018316636","0.0955748929387753","0.32870389025804","0.0074280220116828","-0.346034409834178","0.281417621288957","-0.462995775482999","0.48521152218571","-0.00100551836427785","-0.389971249756082","-0.36329846615073","-0.350443634131764","0.90853381591788","0.388324994541716","0.160470280331298","-1.2745165520676","-0.0546507202800394","-0.358412152589515","-0.12248317619395","-0.244800674177426","0.0372328551287305","-0.121750239332386","-0.409313803272762","-0.312004970675205","-0.252584603278327"
"SM 42:0;3O","-0.0287960445047094","-0.292392058787156","0.276881773455248","-0.189846858662571","-0.256320680175002","0.194900679339517","0.404847089654427","-0.117416420969097","0.31160175201795","-0.0365734703428025","0.17988920427413","0.00376935321774062","0.303738467550085","-0.104153885753987","-0.320616892951509","-0.335382679334763","-0.130529770761848","-0.0373927347351967","0.177922016145441","-0.387779928218621","-0.102021296723527","-0.163883979682906","0.125405449480028","0.175775078157504","-0.574904098374269","0.369883804837825","-0.351145907045657","-0.0481595044949203","-0.418752637610713","-0.0463505082455394","-0.263293507567189","0.312381993890802","-0.703492981387335","0.175525449949824","0.413058017557255","-0.25860136392593","-0.194411971517686","-0.0402527791339899","0.146790804247476","0.680905778434386","-0.0025471358718886","0.607987836948454","0.164301309975551","0.172708104078121","-0.215900896086268","-0.179272836707994","0.0943445955801872","0.354828690721193","0.152745580059931"
"SM 42:1;3O","-0.062417168239411","-0.514772289920879","0.2822929850038","0.128786885518735","-0.0602926408711374","-0.133148036312753","0.166066305189739","-0.0255358345278209","0.0565087926378227","0.174885444565033","0.447884546406952","0.232024248248979","-0.391278297355881","-0.0645321384283523","-0.325522754149373","0.158971876259068","-0.113372457067254","0.171808016136069","0.221775341966143","-0.360838299364286","0.165831324374497","0.263429715481648","0.0640551844210586","-0.223333031971213","-0.521146307281597","-0.154772888058629","-0.240226570941058","-0.313571594458245","-0.364069782219985","0.198859704089883","-0.428562698163819","0.27405101558377","-0.256973904486354","-0.203053140049623","0.224102876736984","-0.251687807933675","0.189105725958784","0.219436328619329","0.226566378822833","0.710740249408089","-0.0337698335061761","0.100213987757888","0.132139970101704","0.298108549514643","-0.27733123753043","-0.128771852469049","-0.0549691481583787","0.245075998357215","0.151228262304711"
"SM 42:2;3O","0.0625578299767471","-0.363717529883707","0.179886300097358","-0.139518534177802","-0.133922161699886","-0.30574949977858","-0.401580065234945","-0.123853962603488","0.113743154010559","0.290458644937735","0.105269034337991","0.433576782526002","0.0105160079248804","-0.173828701109339","-0.106958426227134","-0.22801112177414","0.17400169142855","-0.103659375722248","-0.12844651092078","0.070601899062478","0.448704645233192","0.269833836156912","0.361108390991381","0.221344915506148","-0.208354079820584","-0.738396769920991","0.0121754802406552","-0.147350681503304","0.177561381415794","-0.271882521334118","-0.561490641818259","0.0813932124675937","-0.251359828379262","-0.377597956846657","0.111688098603101","-0.109457175736068","-0.258742490801694","-0.10417723030404","-0.0442504885296775","0.799455164906508","0.0268545843213758","0.278939030339084","0.410666379917537","0.167367791911298","0.267514380684378","0.133473595961091","0.25676845785846","0.0205142650478127","-0.203669201737918"
"SM 42:5;3O","-0.203578385761468","0.364703811167881","-0.00930644740655724","0.0972177523953823","-0.24516739450539","0.148957387401927","0.613232022082161","-0.217781261816985","0.0860903794788925","0.0291952922331409","0.13040391405403","-0.142524813454657","0.32445147519036","0.240908983086335","0.0534651192828033","0.148302843666056","0.334182629046742","0.0422187490539308","-0.090829816267975","0.246010908275383","0.278831212979821","0.0140173637969157","-0.22434993763051","0.121584369781213","0.216654232080421","0.105284690253822","0.259802164873545","0.330363791292956","-0.236967882979017","-0.131689994848564","-0.392434986445406","0.538841989170046","0.148888755589054","-0.161778611417618","-0.752084747184335","-0.487117147551794","0.437314718142949","-0.243441465599619","-0.0376965455757398","-0.444265713101101","-0.429524984596468","0.0626302338744028","0.228219406715253","0.0311004494080364","-0.510693396552214","-0.150401959762446","-0.391833707044682","0.15328261541446","-0.282688060285372"
"SM 42:7;3O","-0.537161902645461","-0.723705837406968","0.110571208622641","-0.510725108240184","-0.860288427373805","-0.606405223697038","-0.56759976537788","0.634170885064961","-0.0727752007858346","0.23872430313136","0.105834208939155","0.822185864537604","-0.275463128893813","-0.44508870436023","0.334553481379231","-0.121535485346284","-0.101769568415697","0.476903891333594","0.0485769696884415","-0.0507154318356751","-0.0311679408411762","0.908808757434306","0.342778368295993","0.178804559099532","-0.568067394859209","0.242758713901461","-0.775390263982818","-0.642179720792023","-0.411046633521496","1.0930578125051","-0.494125057529951","-0.39479459719275","0.0846114954884195","-0.48716291251884","1.38530802871518","-1.05142400772733","-0.108484243805034","-0.305686723934173","0.10863555541677","1.18567105303564","0.851377713456211","-0.280918767275041","0.542337430760543","0.831312842769612","-0.762383665177401","0.690665117484582","0.372193805933704","0.242758713901461","-0.646535067359391"
"SM 44:1;2O","0.236298765086837","-0.378828734117745","0.284799518390465","-0.170469418305823","0.121727965735279","-0.186232946400715","-0.0540836109545322","-0.543083450919072","-0.0368144967499383","0.0996205576503322","0.487273682342882","-0.262173964626615","0.399148334768358","-0.219673123967739","0.0122746007171377","0.173210557772412","0.10969095655359","-0.0573446194943852","-0.0932506774197093","-0.0885259635047912","0.103107959442791","-0.0752589438202027","0.501748380325253","-0.00616395516012612","-0.673550614942345","0.0203971639689107","-0.0928663186333551","-0.1283176609961","-0.0955228224744731","0.116631526640296","-0.162579706851306","-0.0634402166285532","-0.918903326241473","-0.0345544416168222","0.328362489735637","-0.401576582271189","-0.168231283366015","0.250686123790801","0.155035052029754","0.519160329898873","0.149796225001811","0.272553072875798","0.130808276130418","-0.0437128535220846","-0.175941802636448","0.213261826588522","0.101734227747946","0.188493349597278","0.155280592830177"
"SM 46:5;3O","-0.298241535736364","-0.102491566989777","0.09395050964685","0.156044180646771","-0.379751919681966","-0.0617748651865832","0.333401899894348","0.518268602842668","0.379398255709951","0.475586184351509","-0.334360628583458","0.350405744340228","0.272441704737962","0.198266191198803","0.19317385560462","0.307838497901468","-0.225571537019481","0.00479165766005839","0.0533394880862822","0.197410476513686","-0.0545926735177758","0.0305279022327863","-0.491031471479372","0.540275024862467","0.0289404634979792","0.311684339289928","-0.0554448997950822","0.321566973326155","0.106655703171869","-0.05988058120442","-0.109649083000188","0.190151970555367","0.0205853133337523","-0.575687603066125","-0.296148536541172","-0.234650633117071","0.368751382252079","0.0588357717002286","-0.137806024053543","-0.288122062647274","-0.315368855224281","-0.207478556326012","-0.19586873630382","0.156377138844272","-0.4513567063572","0.0442389193211188","-0.747136529192037","0.257826776738416","-0.348319923238623"
"SM d30:1","0.176798350712991","-0.389930247972158","-0.252170639219227","-0.485416065173023","-0.144302639784961","0.075739007343912","0.122203961933236","-0.0490686315626328","-0.271836411770435","-0.403800036344358","-0.113664465096274","0.330340748322963","0.285617229073585","0.162953355707712","0.519395950351954","-0.290895250093387","0.52546826080595","0.20022810459299","0.32630882755041","0.398920333670651","-0.064856808490272","0.427246955609101","0.307395388215936","0.252706236591461","-0.265725172573218","-0.685601054426058","-0.0866019201105468","0.00439276622953385","0.127441387126067","-0.315916917949823","-0.74020536395876","-0.0604291005523848","-0.225433620953484","0.156574031159968","0.187089138613051","-0.606682829955814","0.291777658385414","0.228184868000461","0.00272137277202379","0.377664555937992","0.460717449039523","-0.230096364741279","0.428033850619434","0.229148355731656","-0.228276280573031","-0.0972004485149925","0.107775834399478","-0.140844738665135","-0.5638889700162"
"SM d31:1","0.317143099856748","-0.213161697212594","-0.312438258869827","-0.516750741146089","0.0343640820706712","-0.129340468430187","-0.10643410371743","-0.067596733816507","-0.080991253331867","-0.347416369261402","0.345376205871241","0.154439255356503","0.200182218186388","0.317066622817542","0.367692222133826","-0.14868093787114","0.429303363625821","0.230297720153312","0.239462847029996","0.0362851555242885","-0.0214812022081771","0.351118848933186","0.304928794587358","0.0884020095119673","-0.438828517337811","-0.629194222525214","-0.0230909050050218","0.12825813713222","-0.0526609648257301","-0.418482977740586","-0.376833279211115","-0.366079481445638","-0.0575394715856573","-0.457468542073062","-0.135428339004539","-0.310363938421388","-0.454334093093337","0.40071673246289","0.230440375873264","0.428441223425282","0.296536334056369","0.1306683685868","0.471058397272633","0.462461409537719","0.0498494894613276","-0.212295231064753","0.159331049953484","0.318073575350905","-0.615005809572672"
"SM d32:1","0.202569282284916","-0.213599655390455","0.210290679663529","-0.308629796373213","0.291520542026925","-0.0374081126635816","-0.18210213943804","0.0670142905976141","-0.0515198853980245","-0.187522402116581","-0.146799802015493","0.0641169310438492","0.422426747196574","0.0507616159874298","0.122969844304004","-0.21310932411081","0.382047558886497","0.00799608063364694","0.0893076978772497","0.486920215145828","-0.12291341032246","-0.195561270410792","0.0130098418462667","0.433885549310346","-0.18513965006728","-0.809633173979434","-0.0499204562904295","0.0576771885700876","0.277236369462602","-0.566189114178408","-0.653325538087834","0.207223863519784","0.0632114934164736","-0.184240633549585","0.0410878249276149","-0.18039813288157","-0.387272298621904","0.398019907767734","0.103402222566947","0.502978006081065","0.438187735641575","0.122835499126164","0.26684634572567","0.252572441647074","0.137822929613171","-0.400760951928544","-0.0918315475707125","-0.0183627118322118","-0.527698697643273"
"SM d32:2","-0.0281101465484283","-0.383277429477496","-0.508681702472938","-0.507791127651524","0.220813991655105","-0.303069690296961","0.109133269191144","-0.0873064795740348","0.0799853074305723","0.0397955424407151","-0.251337831401652","0.220303678067919","-0.320435167297994","0.349135420469861","-0.114855462339084","0.067848065550599","0.248503026436238","0.274045192995122","0.264759212601186","0.517709373527197","-0.0000784945744602428","0.371357848571677","0.154514500079712","0.215046965244118","0.180990813035277","-0.75878224905486","-0.0465217329570971","0.0149493769501606","-0.0666078477045864","-0.143044243239639","-0.549436612230334","-0.500846822560817","0.11004098373347","0.00326850434555383","0.316575248828438","-0.519259943851196","0.171398815565764","0.438240460836648","0.253606130848043","0.402851440462722","0.204600969408893","-0.194314717346074","0.29619751030717","0.161786056547814","0.164778242901531","-0.0109483329492396","0.118146113802882","-0.201968095246663","-0.473707933060455"
"SM d33:1","-0.112062030439873","-0.162626281328807","0.1642189152572","-0.100023096235112","0.518690748406769","-0.0408384386597289","0.0531445006673889","-0.145399712794048","-0.175433220287594","-0.0281934311813972","0.0112214020341899","0.39297636890486","0.439025431762638","0.0675459441593515","0.250555004560766","0.298202087269214","0.371835911560335","0.185295092307501","-0.127302893766395","0.313856141462193","0.250385989711431","-0.135357222684818","-0.136913252268882","0.0242841330599429","0.00440011330069217","-1.05004519765805","-0.167093644690309","0.18912701580107","0.112613544535917","0.0125129126540716","-1.18672653312856","0.126824591334232","0.180428813628666","-0.506813137836447","0.0585089873109936","-0.0492915595049362","-0.606732052338729","0.34225709661431","0.0783645722385653","0.0992685491705716","0.191881408623295","0.471459740660393","0.195037098326515","0.422681820485915","-0.183980556933029","-0.388570351868919","-0.348049014731547","0.141612061926097","-0.316764369397915"
"SM d34:0","-0.0141330411957219","-0.640400577757608","0.218075370306493","0.00479871665264156","0.317031985227834","0.121632899858823","0.0205600555531442","-0.122687414695195","0.050711889602202","0.376002684108188","0.40669402051693","0.322974944511033","-0.0500958961906846","-0.315157986372058","-0.445633917695192","0.306549985676981","-0.0246132518320517","-0.116255753210822","0.160236433172592","-0.124857268177599","0.2153257166046","0.0809539501133355","-0.0864955544314033","-0.0884946612667735","-0.578682410757633","-0.477076554144692","-0.0717254532551435","-0.352395304496895","0.013195614640097","0.123589344226098","-0.644516895197857","0.404657909425329","-0.255000279222214","0.0116230160244366","0.0381338427933453","0.0577306115759513","-0.0600872710917186","0.180320008928578","0.0248799223627607","0.315061267820344","0.0441957292292092","0.202410751313824","0.011816694577945","-0.131941019781337","-0.0239671454375594","-0.0306570376098343","0.612413030757174","-0.0237702831081024","0.0370685813482029"
"SM d34:1","0.109002471395204","-0.386316839940409","0.493867598580302","-0.0603023624996341","0.0374009305716383","0.147927273186152","0.0689513529492574","-0.0895472877292287","-0.114130245972537","0.0220908481788203","0.180184458933818","0.165640102060296","0.238630605523002","-0.446724323778123","-0.302387209167676","0.0961229021433985","-0.0520877194860602","-0.0139111279491365","0.172808738808926","0.0534651031880718","0.0168293623988269","0.0365495901158301","0.188768986693798","-0.132849687824924","-0.380377563655165","-0.30891672770855","-0.432793664070697","-0.151625510359691","0.0688328058528303","-0.0314964591420922","-0.222357175792709","0.475694538101722","-0.253301676413433","-0.501021342465288","-0.0197959000893465","0.0225986837257892","-0.121320646298059","0.0408543121438391","0.276627342111129","0.583028650561831","0.256755617001393","0.0903033781334098","-0.00275773978003261","-0.0312440509998804","-0.0967790097796148","-0.0797071937078981","-0.149713442537558","0.356871827282617","0.181657427505836"
"SM d34:2","-0.0747344802930182","-0.434395139280496","0.0189590819705528","-0.0641274056712379","0.375951573085781","-0.0456881977076928","0.443538104580616","-0.207612828738017","0.0167090742946016","0.167083225438436","0.000988131424343191","0.277916229354096","-0.339008241198078","0.15674303767699","-0.424004407732844","0.272464371592661","0.168005482376857","0.240395161764711","-0.0507786165960186","0.464184804982353","0.120759073332052","0.131440545245265","0.083196254406566","-0.179629595391106","0.28372508017809","-0.664785977321615","0.0206388211121825","-0.175188344795285","-0.124777852118921","0.0901004005969741","-1.17923322068944","0.0425534667563506","0.0972902969111369","-0.526636689278374","0.238491212169958","-0.251867419347241","-0.00719484603340229","0.400215639955528","0.185732367589425","0.612986709932644","0.142695388871482","0.241698227848343","0.00992043632151823","0.00372338987348639","-0.182517637746228","0.0263982174718845","-0.134226425531766","0.0779166473456892","-0.346013128989809"
"SM d35:1","-0.0147718616940406","-0.05770719710208","0.145957621620322","0.162286192733985","0.501985842215148","0.12669314100108","0.0762614907776375","-0.267768214967648","-0.022101285572147","0.111910976370186","0.190970709073784","0.296503161751238","0.565663224445041","-0.137459722455564","0.179566110297241","0.144812580763304","0.252801377796557","0.174046403665515","0.0572926726622523","0.103389919556286","0.20168874511598","0.058568481993895","-0.101470090191988","-0.106955892466742","0.035553772192914","-0.911334416805112","-0.153700744888798","0.0921231000083027","0.111928730346392","0.0444741595615185","-1.03864873067842","0.216821822590211","0.0276322892145211","-0.78930670805348","-0.238350418792466","-0.118959728800311","-0.471124948634788","0.403527209971098","0.243810828955885","-0.108575446580022","0.0379778660972991","0.107593580094587","0.209048197066944","0.39902994587338","-0.0170281696158256","-0.132443985650752","-0.474767384451968","0.0611387091067032","-0.178583915517047"
"SM d35:2","0.00144199919562328","0.0597108409649586","0.112910243481705","-0.114699378480869","0.591177741958642","0.0722383702698274","0.094569233647695","-0.235157380696982","-0.0389941248555572","-0.00625600110773838","0.123508654094964","0.330503444146712","0.234267408802689","0.204228336747706","-0.0144973136514081","0.045915372427697","0.283087936893302","0.178939783322647","-0.115208209327649","0.278239585624798","0.216116620940492","0.089005441318346","-0.116905777848856","-0.0845019811479996","0.418354946992135","-0.843374475889601","-0.167252378080945","0.187928941855185","-0.0220828896223584","0.00480066673463109","-1.25700811750039","-0.0708156397444898","0.19000596635226","-0.920107055451271","-0.189947026364039","-0.10429208171095","-0.436413850969515","0.467377507335172","0.180844787435265","0.274212430387237","0.147821527446636","0.115409936257275","0.078175353003386","0.260845987657675","0.0355920335670946","-0.0795493361135668","-0.425147233557526","0.0922298962829923","-0.127250743023033"
"SM d36:0 Isomer A","-0.0687551822924506","-0.0264537031066272","0.198541625218531","0.396087438304369","0.567685460596125","-0.0247198395970535","-0.153003680723248","-0.473008021641299","-0.0116733073140285","0.0996211242065649","0.172840962200379","0.225609042696148","0.442096898470393","-0.416424414910472","-0.342505184726754","0.124535997788358","0.378136532169283","0.140051891259195","-0.0597787705952487","0.0620040708606066","0.30053333770467","0.07655875131989","0.202876577309618","0.032540948412338","-0.153936150505962","-0.574024078671034","-0.000992587317376175","0.0275369749788745","-0.00551102113783436","0.0106895430956825","-0.64291871775468","0.227250862840346","0.0551338102398416","-0.89631034244872","-0.289023334291159","0.151830382028269","-0.47338127715898","0.306113219022894","0.199840790912723","0.435765937315998","0.0373227595629384","-0.10457376217151","0.0398161702008122","0.156631840305012","-0.0359972126826298","0.0690450482806617","-0.298528097597827","0.138174873222306","-0.22335418387793"
"SM d36:0 Isomer B","-0.0159577708086452","-0.261506111498857","-0.0492443434934021","0.499550077316047","0.49375800747574","-0.0763368773869703","-0.117944302669672","-0.651647368337904","-0.103601910741014","0.377847424085598","0.151890876087839","0.594934418181129","0.138330799159203","-0.413341628167829","-0.488393380644507","0.153363526695326","0.434925174408916","-0.171073933192495","-0.134820082413102","-0.285431838801045","0.498040146734137","-0.0706616418643103","-0.0222812106341965","0.01849028943113","-0.436931517589849","-0.40843400612336","0.360569509101763","-0.100670069801274","0.117426147104957","-0.659609687443522","-0.0959308172409909","0.452866932745384","0.321910770116716","-0.410634029921927","-0.0576076867644781","0.320593908754001","-0.253982537965414","0.0679589681096167","-0.358980720196704","0.243390219931803","-0.33502376990414","0.0777388109345903","-0.232282820394502","0.133973454633576","0.481069224006931","0.0859118663178495","0.361118880994547","0.130071135926358","-0.303400504253039"
"SM d36:1","-0.103879092323994","-0.0661533427249705","0.210368291059128","0.38868370825348","0.47904763152102","0.0216256353162642","-0.0600460141970124","-0.420147411007694","0.0555626051539633","0.148127356735524","0.15608562884201","0.199456936488931","0.397374857408048","-0.484062471123968","-0.288400479233071","0.11551351412772","0.360255967128106","0.10619621793457","-0.0529320904995391","0.0497123320848928","0.287285156342206","-0.0242247337653801","0.170124699039317","-0.0125402278446233","-0.113359079487311","-0.599459478273911","-0.0187801456621181","0.0886243661607723","0.0256441707075738","-0.00873501035661993","-0.79131564161253","0.299935354570234","0.022152194123377","-0.922211649590991","-0.19829496441256","0.120953843603406","-0.494119615777375","0.30836017912918","0.221478543566203","0.407005998685144","0.0785643916841172","-0.136659142680724","0.0532425493209238","0.223322459484593","-0.057765989275418","0.105083426077258","-0.28705767327932","0.177868301020071","-0.137512062438919"
"SM d36:2","-0.110866615310152","0.0986333297364656","0.0951726632198626","0.2872296516469","0.56160181055324","0.0300653157155274","0.130580891712368","-0.403383933762281","0.0111456104525425","0.0658041422859759","-0.00737143789018528","0.170941612305531","0.202184058707617","-0.218614747688298","-0.328406992337844","0.241610358278824","0.402990101969535","0.24556584028683","-0.250179766138612","0.303472704639884","0.185448412990435","0.0803545793887723","0.0328357623610816","-0.0496816474387244","0.507784313733775","-0.587420342607224","0.0838950130822184","0.178533247706647","-0.117947963587005","0.0556462886552374","-1.21241479846326","-0.0217346796150368","0.203161495842429","-0.915513286015346","-0.245827471394761","0.0418544738149995","-0.169756614661568","0.401928939050937","0.178309724968638","0.307680612124866","0.0474641802159653","-0.175715093887155","-0.105182758004884","0.178813863430299","-0.12562273569941","0.19786628457488","-0.295611281333711","0.083425785811766","-0.270748903428576"
"SM d37:1 Isomer B","-0.173487498782833","-0.0465733871801948","-0.0608868950613014","0.193986308320388","0.266743348530983","0.000779919868465687","-0.0715034775376317","-0.146702651535409","-0.175033176910291","0.179792900286256","0.356659557949782","0.373111958253622","0.297956904190603","0.136183233792466","0.102671477320369","0.158653847285583","0.492665914716297","0.107025179082546","0.146020275968698","0.125432773813473","0.0368187315485502","0.0352333660052305","0.0784092199893439","-0.032138388854289","0.16840872821002","-0.903575899470391","-0.124821810018148","0.211751258542307","0.0294848577860305","-0.0136248883144414","-0.563839349910747","-0.0502830159272471","0.168352973687448","-0.945280179092244","-0.188110596910085","-0.280912784119485","-0.395264435442046","0.301284741966283","0.202450377091112","0.0498467216963521","0.238422414617732","-0.449357274944087","0.266206916539582","0.469507667191714","0.0868067528701651","-0.0261684985459778","-0.35970710737889","0.17681909869317","-0.450216109878828"
"SM d38:0 Isomer A","-0.132785190219923","-0.176230964284311","0.0587198386782807","0.330088178754115","0.175267955141216","-0.0338234332741306","-0.0902438556647793","-0.0844644273631312","-0.127661116566854","0.307341743006934","0.322314343490458","0.409251867967623","0.0927392757743985","0.123026286436807","-0.133243482528282","0.0221005751566656","0.258698621294227","0.177178567646416","-0.0453803074990648","-0.0115812477562591","0.00663065895542163","0.0809996156510493","0.156127275687315","-0.168620753296582","-0.153700950809812","-0.45532436767141","0.131877204003092","-0.0188097832809214","0.0115064428477216","-0.0327335001045345","-0.984191284027394","0.118888441403908","0.0911006688186637","-0.5553835062917","-0.0238962599447597","-0.584327760203312","-0.265881379068811","0.219823304600226","0.457410467697198","0.290869435963512","0.390539387816012","-0.0867237799556587","0.111456007069817","0.551547360723635","-0.154210805547638","-0.159930758027838","-0.0282062742657688","-0.0462290155033986","-0.341919321428438"
"SM d38:0 Isomer B","-0.242769265465445","-0.00445692245214949","-0.162162846315074","0.106290298236557","0.335301695334378","0.122959226526805","-0.244157489707233","-0.413295728932501","-0.0524885526869831","0.392210906072527","0.301040069910876","0.571430662563163","-0.100209700715431","-0.125403408504534","-0.364239397293133","-0.0198882638884173","0.327194323761649","-0.0191200308300013","-0.0574619386551685","-0.565897980660106","0.569083778103215","0.073315389071923","0.408241704037892","-0.251489558350166","-0.492547514579885","-0.218656806699078","0.247860047556817","-0.247918852363264","0.0979065154455409","-0.455594955792805","-0.516590833389536","0.0663100332243593","0.12257635823037","-0.331393739141038","-0.0241605902053115","0.018787556176981","-0.112359180547048","0.0964648785721814","-0.568345895200506","0.433073346755479","0.0655820433313661","0.181672133267645","-0.107081662398079","0.241318026898579","0.198103081980898","-0.0519942127075688","0.926287971299919","0.113284883763627","-0.266609602642289"
"SM d38:1","-0.242177428708878","-0.107414112328269","-0.0990713284644269","0.302188653903672","0.206463029419702","-0.116472675550216","-0.0247666379607097","-0.0121807282583688","-0.111988587939232","0.236509688261462","0.250620874053624","0.460153114785606","0.111021441729316","0.230057827270618","-0.0572224104637015","0.0763850985146682","0.289888573757456","0.163718962859791","0.0700913777296796","-0.0164843931883689","0.0543224073976993","0.067969854255067","0.0829142525870952","-0.178328597715656","-0.180923160770674","-0.856564304225869","0.191752150101159","-0.00926128804014892","-0.0444798024798657","-0.0485238532698673","-0.970195748857514","0.180280294156645","0.155077991030186","-0.484376872988902","-0.00685658779043293","-0.532950631049746","-0.118907359462651","0.220601662471387","0.454272974124649","0.245373841273329","0.315075260998583","-0.025680717968138","0.150847918149908","0.520032656875935","-0.238578168628639","-0.137904560545933","0.00511849582637795","-0.0333794745357179","-0.386048970341707"
"SM d38:2","0.160301678928029","-0.0409087783519066","0.0466485347163915","0.347129605060537","0.493294417686419","0.00557549872853247","-0.100399537997678","-0.139641664022512","-0.0815134706479349","-0.00876471375719049","0.210608076648693","0.232182987181358","-0.144283070526245","-0.184441034668898","-0.393465744416306","0.255011862370933","0.282448466470302","-0.0183816923298589","-0.036466509913437","0.105879099796367","0.104010737619569","0.271035802641661","0.042825950295607","-0.420398451661257","0.281980631834156","-0.502015230186323","-0.0564938215037205","0.218915648362415","-0.193869347103237","0.242745568986859","-0.851001755592512","-0.103313426621332","-0.0838732076027891","-0.87168853859721","-0.0286519219176054","0.050965070155877","-0.197029669766768","0.351688962439531","0.579720279907386","0.330519273275613","0.277963882792282","-0.34152770004727","-0.0554479343980313","0.193211711037293","-0.204446404905002","0.116057024618285","-0.195756174201521","0.0789124190376972","-0.0258533898552585"
"SM d38:3","-0.11145646461811","-0.112424350150666","-0.202363343103562","0.0525966704954185","0.71334325901682","0.162794090128847","0.0839782206396411","0.195537824173848","-0.0404993091008225","0.134760334977793","-0.29764966374423","0.548804183333854","-0.00978015030686344","-0.201456821088177","-0.138174265253524","-0.179342651317989","0.571523624852494","-0.0444572741311179","0.230859268103108","-0.00943097333918611","0.557260308964212","0.0894111602738462","0.245278004551666","-0.118318025040548","0.300065296041477","-0.275973813978217","-0.414601700642996","0.299979494706565","-0.124163869115444","-0.048115235405301","-0.768939824422938","-0.187865222495286","0.203078007157559","-0.618514615087675","-0.102851699237149","-0.047653682204525","-0.439640715862679","0.257749208052865","-0.0337782964750951","0.687314956103835","-0.0454326158245201","-0.425430614792492","-0.0150955824343374","-0.281573684546918","0.265466507861854","-0.190747650970855","-0.0706957181635726","-0.00582650806309972","-0.0375460785178088"
"SM d39:1","-0.13593712711728","-0.0797102750323278","0.0218418882165139","-0.147430975264854","-0.0210465030672333","-0.129418891801296","0.0307228753959441","0.0322571765574677","-0.181099893038873","0.0771365147654022","0.164906303013592","0.452317697519595","0.310485730665395","0.274786228455838","0.364639144862602","-0.0807532792044132","0.409441778955008","0.24383534394422","0.149564506733005","0.0772923962357958","-0.0174033485773382","-0.0639777046464918","0.133878877611626","-0.150806315427876","-0.192403358133238","-0.931063842146338","-0.0012565770488709","0.207180135931734","-0.00677925612954044","-0.251110901660405","-0.570460637238665","0.0077646146869775","0.108010589030331","-0.778808892826727","-0.0350690174426918","-0.322819387132392","-0.491405887834432","0.281220216695827","0.336600357324052","0.185869563599227","0.403766648808827","0.0919116278383322","0.160887922198949","0.65720465421464","0.0560094550691397","-0.232839841186555","0.10811418316295","0.0321184314778599","-0.558162951013012"
"SM d39:2 Isomer B","-0.0984292139605283","-0.118842633870893","-0.343871661703683","0.111806228851814","0.292959024895265","-0.0557561547699724","0.0088611575053618","-0.305076860502324","-0.267909557195913","-0.0991841619278065","0.150541818552676","0.272127106156821","-0.00280129058956857","0.170067246893221","0.0126703420092864","0.148210494208656","0.522315958001678","0.0183535843154186","-0.123886024156966","0.360910984376033","0.171660286982302","0.0436593592080472","0.0719828279732068","-0.134437261665406","0.528471418718936","-0.635297955045885","0.149312580098778","0.2853211192558","0.0525520492941307","0.184520921089836","-0.137621150508229","-0.272972232593018","0.216600374959694","-1.03886481883869","-0.127561348045346","-0.159864429104701","-0.364767860754672","0.277034947749055","0.380646040771754","0.322349561482035","0.295472771940725","-0.490750475250671","0.25528989855941","0.361953389271598","-0.291883373115408","0.11338666740573","-0.259825021043271","-0.0349176041495043","-0.414517071734815"
"SM d40:0 Isomer A","-0.24680923123707","-0.214677049171749","0.0434603516141355","0.120859981201248","0.236351169107835","0.00701864739368834","0.351979397710453","-0.111593792311855","0.0809669851785391","0.247220900200597","0.336673526659943","0.154177582398146","0.0700176891294313","0.217888456711978","-0.0956534929282404","0.0761108902597155","0.200273610461051","0.236807181678574","0.114071324931122","-0.254784888591088","0.234816377372189","-0.0256208820027684","-0.0773876940980745","-0.100272561926282","-0.335224360016752","-0.698846567557093","0.0998059659634013","-0.245873499096201","-0.0396198554854773","0.0449180676362514","-1.26432376340104","0.272980250884226","-0.0151038266954969","-0.324069004088632","0.212061246826606","-0.493660091447499","-0.110540279098003","0.16949935667196","0.256288689814722","0.116670465476298","0.213137646916272","0.432513106695457","0.129175005853651","0.332190416068093","-0.232192046601173","-0.0594242797462384","0.0435272192281634","-0.0970684117119822","-0.00871593283102874"
"SM d40:0 Isomer B","0.00370721062629015","-0.217546793377408","-0.043932803388991","-0.0319647984527266","0.243917278582329","-0.00496490746435221","-0.0426023472236805","-0.151415658662391","-0.0399057880182547","0.421577962256136","0.28958925749244","0.368949451725822","-0.215163947398181","-0.256333520640186","-0.242664322550801","0.143931999990419","0.249759768252911","0.00835128986489876","-0.195800102732691","-0.540912473643076","0.300138742762809","-0.16929498411526","0.148040740416009","-0.0306056311735599","-0.46394255708826","-0.51660764423846","0.153294522763463","-0.186694670162622","0.201571554416698","-0.466242817570841","-0.474058202820268","0.171124273358847","-0.137906047843104","0.0550055381111337","0.171591227228418","-0.274304577120488","-0.196883231722324","0.117561088035149","-0.196328062846524","0.329083063144933","0.130396130095419","0.576005524709833","-0.0135916690300503","0.0152581905402696","0.0747133980675514","0.134911491816407","0.985761526633632","-0.258206663399777","0.0736329917924601"
"SM d40:1","-0.275227869300673","-0.194108410352973","0.0513666654855671","0.1652316766545","0.259986182541294","0.0401479690403347","0.320801160901337","-0.145278983095963","0.0963308238862288","0.298516844480635","0.343745096778736","0.189526888668814","0.0668754156951913","0.255193862165597","-0.12366133291664","0.0655856053092573","0.252204072931885","0.256020764751107","0.0562408975331425","-0.303869811621482","0.23427347243171","-0.0132877745130816","-0.108792497505503","-0.0697113942679746","-0.323179920247288","-0.741307699353056","0.131832223890736","-0.236729374516424","-0.0333568601589496","0.0327670287675986","-1.27291280146665","0.287160028430213","0.00201899459804465","-0.355465805072415","0.170008543749999","-0.545095695254295","-0.0945405365888652","0.183226207553488","0.293048627335459","0.114166667321484","0.255920402951702","0.417572337882751","0.113564801172783","0.314071978124204","-0.241490359850096","-0.103032794061852","0.0571801583547405","-0.0797718134565849","-0.0637636657877812"
"SM d40:1 Isomer B","-0.00464439087540094","-0.0583663029721846","0.129381702470321","-0.036634561934387","0.141936398670646","-0.0152693343675496","-0.00289467085568635","-0.0936232449614598","0.0520114354510556","0.149456709574432","0.445150218519489","-0.0460878282987756","0.0639325491672885","-0.238156619238863","-0.069503997358138","-0.00798445784665318","-0.0182572573157761","-0.105098514995583","0.157278260418633","-0.425745214509743","0.162101463334737","-0.175869058180538","0.0511629037663333","-0.164381668063548","-0.466278795463706","-0.415102536490125","-0.238590421297193","0.109255107167372","0.0886558441331529","-0.0396954990980746","-0.393802900241972","0.343877424899104","-0.0975528659771829","-0.559997626120751","-0.090394391510541","-0.321059790487589","-0.381204624224357","0.111789958312392","0.35485985345172","0.388844554021476","0.197154231468551","0.410827268312518","0.0288297973563052","0.187535007040612","0.148022493353055","-0.0230197673861669","0.316845985885164","0.187219563520145","0.263087609777438"
"SM d40:2 Isomer B","-0.258936337551587","-0.203894478921969","0.00159868585554141","0.0295340096779828","0.273650747053436","0.129823272576905","0.369761844328072","0.072349289895112","0.00325842998731189","0.153592695825193","0.206006892864474","0.421322331201566","-0.137959502175997","0.380020286354085","-0.101199510090871","0.051549127574702","0.217345688373778","0.148064415296673","-0.111931003261336","0.217551805002485","-0.0235530003804575","0.0147548440338967","-0.216664573848486","-0.234066016179083","0.130094724113158","-0.794862091760156","0.14494431831038","-0.111775475436666","-0.124877079739651","0.126872762144632","-1.22630340861948","0.165891975633743","0.241993103635447","-0.618415457025366","0.094058626319386","-0.585584887859367","0.0636999868101144","0.258709085949285","0.524799793550337","0.154532678122267","0.307935562630874","0.0416694560976408","0.135304722651113","0.371124093704697","-0.124168502871743","-0.052505477051494","-0.0713999054092593","-0.145654154137791","-0.308064393253538"
"SM d40:4","0.0370855955711421","-0.0185440809349365","0.110963393629865","0.16158837455577","0.336307729786834","-0.113276814521257","-0.261167921113266","0.0707398018336134","-0.0869755882814316","0.231433042516397","0.219437755182586","0.252355276164433","0.120792981398629","-0.273880659362833","-0.234771934415842","0.203986194270836","0.264654074797727","0.025356693848351","-0.00268764463045266","-0.0434170056869435","0.023291950498088","-0.151312835189429","0.242087500559144","-0.316257441614039","-0.528977155730116","-0.351147205072767","0.00902767245569562","-0.0108640923333011","0.062851933899338","-0.0564884928185503","-0.438421121080728","0.213304674690422","-0.0345095292857215","-0.499699648113743","-0.0882101909333672","-0.289995325593472","-0.269099170749358","0.165716474193709","0.404925565941799","0.428048036192024","0.315784604761021","0.0270196480820127","0.0746496025139892","0.486072210337913","-0.130507742052393","-0.0516456842156868","0.0869230737935447","-0.0831605727808918","-0.239386004964358"
"SM d41:0","-0.0438622106527867","-0.202270761732787","0.129320330040776","-0.054592898247482","0.167935798147252","-0.0197312041977735","-0.055662207946279","-0.121387060945151","-0.257514667093161","0.218280373357641","0.093025306460078","0.394032246608699","0.409421104388875","-0.0125192353842639","0.0938481312473987","-0.0085754056883125","0.108536187652714","0.185940374946524","0.0972879441009549","-0.0785317921546972","0.205443474300097","0.0621361935998983","0.105198839477555","-0.0796111548213527","-0.231556703333509","-0.767502037127708","-0.0961487060597433","-0.0880809717455893","-0.10181322075025","-0.15263560716462","-0.631920822125271","0.156296526480178","-0.282679708540194","-0.444815029492434","0.0374395121794349","-0.359551965808382","-0.40364514843178","0.382109600355967","0.260367302564823","0.512925143058384","0.17357541570479","0.218578638155419","0.269124175894628","0.412270564785992","0.0240099044220252","0.0298387414600876","-0.194091746447838","0.0381724618723775","-0.0964140253712025"
"SM d41:1","-0.0422394811749408","-0.283011194431693","0.0954928185193421","-0.0672194089932071","0.0553211875131043","-0.0140102645535131","0.0197823433093549","-0.087992731032032","-0.206691378544807","0.273812588761657","0.263126725187651","0.399234699539068","0.325191346877671","0.0657977101686354","0.100148876460474","0.00601848541765004","0.258171768729686","0.215468842934926","0.0598644904320879","-0.216935250590539","0.29863926107391","0.00345100379251356","0.0777684722679721","-0.125176285181987","-0.268077453731873","-0.670692033597734","-0.0182806520311391","-0.0395089579337149","-0.098157380055878","-0.182850544317714","-0.734129839754237","0.177931025751967","-0.268190023837581","-0.433103707790574","0.112291690596402","-0.408673787235097","-0.453952181340386","0.428277182706386","0.268436303421619","0.372749447629866","0.206946536843755","0.190620419646916","0.282305375195479","0.380254685610638","0.0298743389499901","-0.115343463291617","-0.103271766707075","0.0575680905221718","-0.18703793173356"
"SM d41:2 Isomer A","-0.336001889750373","0.276938806933285","-0.0778146940642507","-0.0883086503283144","0.107745168080876","-0.237385923294508","-0.0277358001653656","0.0274283885410403","0.121207217465422","0.210279803157234","0.0692023362760838","-0.0325896550191427","0.473780607274148","-0.224617328498462","-0.00786846332036621","0.0735478973293368","-0.0731146917587751","-0.31955899117802","0.336716498178309","0.141823694467707","0.0493308271495985","0.0214040504349941","-0.000145981949478746","-0.29090949006684","-0.300030481679554","-0.322320487186043","-0.33492376085352","0.100609659498935","-0.268549295163134","0.103004543656576","-0.0158696599958011","-0.242171813068111","-0.0290046207686181","-0.487199787197313","-0.491354099837192","-0.00403864632459965","-0.557559175886987","0.324776100355941","0.445959363076407","0.484123670912375","0.0809957163882437","0.234964687195331","-0.151496274918412","0.502010563945065","0.388268191054089","0.199322217170836","0.145572612628879","0.0623951813034615","-0.0608381402009877"
"SM d41:2 Isomer B","-0.217086007812776","-0.300724074814403","0.0203549228479855","-0.123624479005981","0.283620658032177","-0.0704770608841713","0.237193470285178","0.00743049998424927","-0.277390111429455","0.170077767334207","0.147018201033707","0.438387740129002","0.0494113388054755","0.16393662325703","0.118914414421483","0.0850414590979017","0.265300375751148","0.245065484186808","-0.051106582656945","0.250097800051238","0.229938985090854","0.0966008241977339","-0.0317711908827159","-0.158603531503987","0.0946518800157593","-0.832397725778888","-0.0859244993091306","0.128658737101991","-0.0757567693967904","-0.0511250886848592","-0.946181757773403","-0.02661692979618","0.251428637726787","-0.811247162347327","0.091262078507736","-0.543680410790366","-0.316171695932365","0.281265335180136","0.352844940630274","0.379896212597561","0.275312242074627","0.0716954919546662","0.148393447218415","0.419312278526679","0.0408604653367289","0.0325443570479086","-0.205151619013412","0.0242306677972355","-0.275710638409543"
"SM d42:0","0.0501784226142279","-0.332899644000042","0.0497668490640871","0.0501475954152349","0.229720204259122","-0.130473480803707","0.40289335792706","-0.163794460882913","0.216627347694261","0.241423901908283","0.418410214340918","0.105956763029691","0.200146701665874","0.222517400079707","0.0149861671057845","-0.000528681464811291","0.191578402801994","0.293450519161852","-0.0378886993784805","-0.350131396316493","0.236142957810658","-0.0670642512245279","-0.0643635040483776","-0.00365363825106753","-0.372519603865864","-0.564963818570812","0.045313907984474","-0.494531824045811","-0.209934134008992","0.226209957149427","-1.00322168326603","0.319979244706843","-0.688511306280004","-0.166251169527707","0.502061968847404","-0.319860414859948","-0.0546425265382523","0.0697797168670039","0.161273237302205","-0.113135645232725","0.378407249829975","0.528100564403781","0.0281026148172758","0.172473385250205","-0.262517334926251","0.111646517483138","-0.0820106846318536","-0.116043212866419","0.131645945470591"
"SM d42:1","0.27081741136823","-0.239960941860043","0.415658403738637","-0.193723136276815","0.229037923586227","-0.0567920170677224","0.105061949026116","-0.203636162699897","0.124003048642469","0.0261605223220516","0.575363655941118","-0.0251243390339835","0.156937111997995","-0.123089724607527","-0.0279459801784341","0.0775600467789243","-0.00912467855897781","0.193879849299357","0.00263275314030682","-0.292722922908575","0.113918043141782","-0.132516551758458","0.0971874870843752","-0.0314410508323005","-0.509735758946083","-0.337876477506526","-0.026915761609087","-0.351761023049672","-0.0216840985074272","0.0330794425753604","-0.486721575903736","0.217503182664292","-0.606224457103472","-0.244386706426435","0.129089777596085","-0.0108025647695607","-0.215016703241651","-0.103026010011869","0.255776496419336","0.239717060687821","0.308892578038248","0.268640354244138","0.133124784461629","-0.0319845019727024","0.0125257325896985","0.111602517285848","0.0686800258259735","0.0563886943691738","0.0589742920057525"
"SM d42:2 Isomer B","0.0523761239653098","-0.454643669164677","0.164808546325952","0.0508898660857208","0.27735577415676","-0.134829525313679","-0.0181173482205459","0.164389355141898","-0.27224596710453","0.207355028755489","0.420495348605019","0.0493359803048853","-0.29628390982471","-0.442267379431096","-0.142165247835288","0.0822615186694022","-0.188286461046051","-0.0877101249208934","0.229333477543739","-0.0588091577887292","0.181004582011343","0.17618216714167","0.174513879423864","0.119380963480736","-0.364221620304007","-0.175146159119214","-0.480567749648669","-0.117788842287701","-0.0768153446860778","-0.129285451889812","-0.447840139907748","0.234065444786571","0.0309223294028037","-0.26016400781976","0.150176241269888","-0.173570558906871","0.0520494081492014","-0.136430359703469","0.0610459480652339","0.534601806614303","0.156707102191265","0.073104042740222","0.02715485162402","-0.128827244463581","0.196077000542436","0.0946054286227415","-0.0849989046123046","0.124690162614111","0.586132795764836"
"SM d42:3","-0.0723351220686544","-0.433851691946111","-0.0170390024317155","0.394254085582301","0.440432475528985","0.0201525071869753","0.464390272583214","-0.053226133400926","-0.0434963240453472","0.227590517096819","0.297341945734157","0.276322178232658","-0.440832532878959","-0.0570864551240661","-0.485945108900042","0.143176210808673","0.0164760311989678","0.196365136337358","0.0290913834777842","0.191178740913251","0.256926972482349","0.161371021131027","-0.0751166491433015","0.0266959567419103","0.201081324885874","-0.401866693251414","-0.0521963929062489","-0.140145446614369","-0.200415430737976","0.220744441168463","-1.06495588344789","0.275281769762614","0.232251905414596","-0.53497429929281","0.112911007728103","-0.45398944961002","0.163371380152323","0.162476717079844","0.379460294411782","0.0610878777483467","0.228255334673325","-0.16399950185394","0.046301187967428","-0.2006114423528","-0.378279418833276","0.232716879023082","-0.238921879240136","-0.122656998813765","0.174236301841574"
"SM d43:1","-0.20915097420136","-0.00379821858700518","0.506618939155508","-0.0602900808175626","0.464086566388806","-0.0123707796576043","0.339207086658423","0.111640536676003","-0.299421108223032","0.0271156749112346","0.241869739714856","-0.0156519410966043","0.0189445821777382","0.161293990468883","0.0297084258924244","-0.491905653544458","0.226244906246355","0.541610649239711","-0.0485668173499799","-0.455039065429721","-0.00216074126937707","0.44044111008884","0.0306201235376779","-0.105060229851378","-0.472000741423377","-0.0663226469586688","-0.376693825769514","-0.113339576368228","-0.197792067878698","0.433099882029703","-0.651429750083574","-0.208588401029555","-0.191128965037782","-0.40320516622957","-0.15507654196589","-0.0998488128583403","-0.398110740913766","0.651370071303318","0.360089919137693","0.520301265869828","0.172791181345379","-0.162573162356964","0.250534575874536","0.109510858190547","-0.130338959091048","-0.317815470552771","-0.20168235581663","0.209980037756152","0.00228267169883504"
"SM d43:1 Isomer B","0.038479125165987","-0.397312165896068","0.271276835756409","-0.16988585666571","0.156111012341944","0.142906696432112","0.0626352102066518","-0.113979075102846","-0.207426644461381","0.129677435649263","0.413384294677506","0.138428437110039","0.393100802597811","-0.0892155016338073","-0.0384287396604451","0.136667441361201","0.0195407537686183","0.214760689995684","0.0922469250616943","-0.170507996619112","0.268663545482645","0.234553045969298","0.185765783294412","-0.0438278903100637","-0.283075821869997","-0.495852657152719","-0.139125255402521","-0.187222741818393","-0.292542801336355","0.0761965839856557","-0.696810337655618","0.127638190139622","-0.599547660300795","-0.331104736896812","0.292253844571695","-0.363739358862004","-0.408570718833304","0.205549243911011","0.30611586415541","0.229052177339776","0.198889494756118","0.186209302445641","0.300831798195163","0.32967688960353","-0.129018097497619","0.0342142395514126","-0.159475802965177","-0.0100336831098161","0.14187788052426"
"SM d44:1","0.175307961910045","-0.369683939620968","0.167681365507064","-0.0442197086563724","0.0593231711182072","-0.086207020725506","0.102121499093978","-0.315751872236786","0.115041897775369","0.273789200746485","0.386832393821472","0.0470476680271321","0.141203461310642","-0.0877114431537028","-0.0788585904165544","-0.00957986378057616","0.234156072419285","0.125324429801959","0.0846836177154453","-0.207490907510991","0.296166106434845","0.0373667148532566","0.350268178531622","0.142595477121492","-0.50099004235501","-0.2766260728121","-0.129346801067667","-0.42025608570845","-0.109618093559341","0.186864094599766","-0.792617261993712","-0.0772624635749213","-0.881646368629538","-0.181911465705816","0.455476768744139","-0.349683752676709","-0.113582356251735","-0.112988247765377","0.359304294183217","0.401161912678641","0.389835922928594","0.351749219830699","0.181806650964727","0.0352473864675369","-0.312618438760613","0.219775711136709","0.0422433884697872","0.00918061403231439","0.0870956167380129"
"SM d44:2","0.393928606081098","-0.27343372004109","-0.0186473408416444","0.116769238241405","-0.0627868894937742","0.0270287527703739","-0.42938429986466","0.030674552479338","0.158201536884162","-0.0732854125235469","0.190388829942945","-0.521243803889239","-0.0627159861624075","-0.658302191882853","-0.20714102058014","0.120309855898551","0.0136290045530712","-0.151658897459875","0.159439101726743","-0.0276182280073695","-0.0547220233271856","0.0535564248221447","0.479882967050831","0.197136622365905","-0.59521762704324","-0.089694488827953","-0.443996409529349","-0.233192963166384","0.174523873885876","-0.265350871286713","0.163574147319512","0.157691066816009","-0.826626381339459","0.0366402296835695","0.315928880366583","0.410744923637345","0.0870712340694594","-0.0897288478244567","0.420239710245436","0.387774882813457","0.0479919011361146","0.00131463946134282","0.448197235802456","-0.244265287904865","-0.241606637807599","0.342830743715055","-0.0963289701837699","0.228552216028938","0.502927121189856"
"SM d44:2 isomer A","0.188048448950372","-0.685164465411807","0.00615580102695106","0.0915469594923237","0.287682343223063","-0.220312277238928","0.341182798682706","0.0282894990007265","-0.0884535426728931","0.205273649684564","0.508513413452121","0.0764260062957661","-0.179586610501338","0.0177628192883019","0.0966368226523065","-0.175949839690888","0.0744834355867156","0.0767827563103573","-0.0549771195780844","-0.190905030188839","0.354827521942204","0.332410945077713","0.052089983727501","0.327699652150551","-0.338080695345271","-0.456011057247845","-0.133522635157999","-0.498235061529255","-0.235038117966123","0.19429736257328","-0.985970599537064","0.067289900897617","-0.480441448296886","0.13844092230617","0.497603276634992","-0.357043959550668","0.236492116314143","-0.114923195713247","0.206637411963309","0.17276617102164","0.402101268940018","0.265148443103201","0.114695581165108","-0.00105436313057395","-0.394548508782359","0.260069351863892","-0.234204396783949","-0.0881497748809413","0.291218035877353"
"SM d44:3","-0.0839921824266002","-0.539721160484341","0.365116437849674","0.656288052344384","0.338138957028802","0.197015365195733","-0.175918187005966","0.0462751796658524","0.219158425231135","0.348408615093278","0.377141277905786","-0.33119488841891","-0.114644453643579","-0.7717857368884","-0.170444719468169","-0.164588009309927","-0.335431271776438","0.0554697117927985","0.299138406286071","-0.129989878425093","0.240850611522786","0.214043770986055","0.317361737244163","0.0455867300054471","-0.394177096387483","0.0862542235875913","-0.105650145260567","0.200782301814171","0.0488566827503552","-0.0815646910053854","-0.116251752397622","0.207019103720007","-0.324001496154437","-0.086004373364428","0.0602074456874595","-0.044698478559724","-0.596999356235393","-0.188964473318773","0.328148275183467","0.576321949777393","-0.17473824286762","0.158767696437228","0.070905778705909","-0.849653479310651","-0.0247220604030974","0.541584417418691","0.162673880924853","-0.154209231816692","-0.202169669229798"
"SPB 25:0;2O","-0.0476126717161819","0.329531684091312","0.122944429400378","-0.633684439218614","-0.200065920750498","0.479925610716273","0.319023312677404","0.248245370465288","0.134794884084206","0.561672213724258","-0.0381399964820432","0.361221951004986","-0.0542062587797271","-0.222436232626681","0.27275503658937","-0.146837953801132","-0.711383627336713","0.00359868447541414","0.327933984350995","-0.119136340156711","-0.506133800515425","0.0970816618629943","-0.34787343123807","0.37835954340123","0.189568962020494","0.385013480947128","-0.237991401031651","0.553284176292255","-0.578990573903846","0.551130844254323","0.859993736186706","-0.112274016790228","-0.0490764032842807","1.28109137658254","-4.15143038954253","0.170005333201263","-0.0284649330272985","0.243048974695664","0.148968265653629","-0.160355017883471","0.148674767385695","0.401249095121181","-0.161640472866795","0.0530738526343892","-0.136130010380311","0.235465306572167","-0.097614222910778","-0.098335979536455","-0.0178424446121072"
"SPB 26:0;2O","0.0315171904513093","0.147027632627879","0.0831782750173853","-0.0412947540649826","-0.00702747555211924","0.244158992178521","0.171794901812169","0.0517835517638594","0.204985262964323","0.319947958286713","-0.340709189994842","-0.0441925459586252","-0.216746069308181","-0.65235212271343","-0.0130863413835523","0.47353845700476","-0.278734990536681","-0.186857305294314","0.0675657342449311","-0.237534934176477","-0.286540990730056","-0.179427248330311","-0.296374574775475","0.196176297243724","-0.0664440941047785","0.158282021622159","-0.206916240535106","0.133820792424426","-0.768395985730166","0.24479955947963","0.91342015609332","0.0502258654088306","-0.280551703124743","1.82843307728168","-0.661515652916739","0.173726860916272","-0.249564662643763","0.0692980363594138","0.235896173006434","-0.58997741391643","-0.155740745458376","0.397350573958955","-0.171299177090054","-0.610955352137239","-0.10947900945459","0.0971749286500856","0.175442313848849","-0.046969894991922","0.22914386227733"
"TG 10:0_12:0_18:2","-0.355613658022727","-0.446257127633392","-0.0734816910119563","0.23592817267268","-0.229420411557659","-0.370628159640467","-0.292820329829569","0.0536994003765712","-0.450600498025249","0.47518769130556","0.172071490944699","0.556699175146258","-0.744269434367685","-0.213794706182461","0.0623473835448135","-0.0280789754393404","-0.0100595006095535","0.0690500727911513","0.021145260587794","0.14354491453152","0.221987778566205","0.323633428089876","0.376272316585982","-0.351502652047362","-0.245835591545005","-0.341564237163758","-0.142191967542588","0.302001616577394","-0.54488894585641","-0.231896748487193","0.359423650142221","-0.0629068074619317","-0.0137639702658176","-0.490613010594484","0.180499408964817","-0.322701650851773","0.0861764307787179","0.245724911482782","0.399294911559704","0.907536381577423","0.263769661193121","-0.123730243447036","0.118863575188702","0.252769331428172","0.0646282084698014","0.0234029969895866","0.152149809433715","0.125476779897633","-0.10666444124349"
"TG 14:0_16:0_17:1","0.288720584644051","0.782449835758436","-0.27051530329424","-0.237131958777584","-0.563165725441753","0.152579333590734","-0.185901195817519","-0.000863109802621624","-0.027094057048509","-0.226499381385379","0.321457892391692","0.355377894884437","-0.000287857545145742","0.406231601179217","0.222017970882397","-0.000604331984523608","-0.177913718549297","-0.487384012762987","-0.526724608507502","-0.0414364451993674","-0.00810798496841574","-0.00268525471447309","-0.302879807480206","-0.145752153450672","0.108629302230617","0.398169053143937","-0.0451906206322782","0.176882687096258","-0.00757810200640902","-0.326271237308395","1.01358279725334","-0.579605556971567","-0.221746147648369","0.567959006317518","-0.176001285883412","0.702486187788001","-0.515746021312235","0.066309439737781","0.301870558373433","0.382676808825019","0.140567704088481","-0.0508283390844403","-0.171122824497838","-0.126615406165644","0.000135848547657359","-0.211056430639254","-0.20808753215194","-0.44544815617023","-0.0978599395307998"
"TG 16:0_18:1_20:0","-0.533153251835763","-0.223714796873369","0.258338497947336","0.253401654660623","-0.735764662890916","-0.510135770102831","-0.197411799180099","0.101551940059653","0.223734081222167","0.618332503729496","-0.694799078772649","0.265828118117004","-1.047317265472","0.69839349425173","0.000296613500804522","-0.427448621461789","-0.57695806459039","-0.138202449133451","-0.341999863516831","-0.0844464480500313","-0.299376780976996","0.31256401657194","0.507218885115004","0.519692288430533","0.000856416576322281","-0.35877110809544","0.209167801349976","0.201369092445676","0.105416619667032","0.55609524968952","-0.816510270739313","0.628898301873043","0.502723110996472","-0.192053345867224","0.078852172492246","-0.1696137192318","0.788544472562154","-0.627830219211982","0.0611760581292317","0.936774174515552","0.104906018813013","0.0579513672559388","0.213326228381863","0.157932275595997","0.027403355224908","0.358488579444375","-0.257081109390281","0.0838704856145361","-0.600515248840985"
"TG 22:0","0.784853643759397","1.41867180786238","-0.299473909350799","-0.289800695335376","-0.174541451364768","-0.176058861997436","-0.367662154449047","0.404501781808796","-0.0428524094021426","-0.384274517574086","0.0997141185868334","0.0346834635171868","0.387723877156518","-0.345025549725896","-0.357094400566303","-0.24692151289631","-0.548146400014012","-0.566839531135721","-0.0890420132584538","-0.111161232563621","-0.37902655870983","-0.265852862353454","0.021816087542225","-0.58007826829109","-0.27231130990449","0.0306422320425273","0.744662461267322","0.171209241947475","-0.059014245329251","-0.163058835349028","1.13245526457061","-0.085619514821746","-0.496651887811768","0.390276682884386","-0.256650144309478","0.920644220183471","-0.466433021371728","0.257541739415857","-0.327235911517385","0.4278464343991","-0.216465412238139","-0.153913928289742","0.0459751498025287","-0.00842215907222588","0.656958019328286","-0.0181671354501228","-0.249605903407388","-0.19577631931196","0.263001831097894"
"TG 28:0","2.46477948771569","0.662959244756611","0.00544994311903999","-0.416798466366997","0.149569358790945","-0.212482994937473","-0.468840174607645","0.213183618476828","0.0277241790897631","-0.0796501055353767","-0.629873737245998","0.0643022911363473","0.0961917552424288","-0.3171363775301","-0.375269559326897","0.105747977869588","-0.25443650718858","-0.524993935533943","0.615152266518655","-0.253902946908526","-0.408142793980012","-0.114592473766491","-0.181897535328215","-0.538015937473831","-0.39618732514948","0.180574251393118","-0.271174133520716","-0.150115559169938","-0.0288768472042691","0.11123633353982","0.367178743267052","-0.207640043940346","0.281377264805158","-0.23437404402638","-0.0445151059366812","0.22908754665292","-0.0768441947868874","-0.120536378677452","-0.279458255132908","1.11454929290554","-0.169456405177095","-0.118621783625044","-0.0159569106859193","-0.140037374223305","0.363958688144448","-0.0556198537109898","-0.469968795327784","0.14383861250628","0.358555700095055"
"TG 34:0","0.947938478129583","1.29938416735004","-0.327429956948735","-0.240240327589018","0.182675574627874","-0.047061621930785","0.0393641693143429","0.270470494312189","0.0540070032729873","-0.588172463708688","0.0506473418916757","-0.0311337918391331","0.684352077467608","-0.328711570546646","-0.235034532422948","0.136059896410489","-0.658270074794676","-0.631226935303276","-0.143579489175569","-0.205816506685639","-0.371123823657675","-0.356595431090172","-0.421014096935754","-0.795642374332481","-0.343090516229067","0.136675868070514","0.689312043089576","0.0984906600088497","0.297868333287439","-0.444005521318671","1.27659043238922","-0.0900537248365118","-0.241275812975884","0.477484253849721","-0.560240917882845","1.1100274268687","-0.517956301441555","0.412791166674671","-0.134431456089821","0.066876296795983","-0.0458511905235715","-0.174030138793074","0.272927792237264","0.0859526873038817","0.508574124413208","-0.285839034477836","-0.439776045560865","-0.503989725440178","0.0631230947652596"
"TG 36:0","1.02891303929225","1.52674712069385","-0.469795563291325","-0.681922975702492","0.0124304906578327","-0.236869392354749","-0.113457534874344","0.599144345127357","0.405367939631458","-0.399338311550094","-0.0275319239141085","0.00881522883212871","0.580253195048917","-0.229248128954421","-0.571074405291235","-0.25441489135277","-0.474688854037191","-0.56313810487433","-0.271174515395435","0.0118128193609596","-0.282563929190088","-0.288740310807787","-0.427008859642885","-0.37614950078883","-0.137655701523223","0.0974068881415104","0.983322896500349","-0.171700136662568","-0.10573917784281","-0.455302135203596","1.4090987122158","-0.557312046219893","-0.415162894012847","0.337320625974595","-0.569373779517776","1.28616427021208","-0.502440888489498","0.753443252172678","-0.170411783281985","0.369032223952955","0.0181624420134453","0.0180882906851941","0.201656476157347","-0.00130850144308851","0.444430491183576","-0.317915224264831","-0.337384054564099","-0.24113402181696","-0.441653200989025"
"TG 38:0","0.872651965083342","1.41143665362152","-0.450607763660304","-0.357108495270014","-0.396446168280327","-0.243964887133997","-0.148386968136988","0.696815775028839","0.287522957263555","-0.560091906587548","0.091684923728732","0.00106292133202156","0.62313508377343","0.218842629652244","-0.36841070463643","-0.607933871414947","-0.606658315865004","-0.523198483519528","-0.418972399093395","0.14216269365506","-0.337201941646684","-0.105048389582717","-0.18362524437656","-0.354699743354603","-0.0575647510693312","0.0838976236231067","0.891772362941685","-0.0757744195288026","0.290168149224408","-0.356963345186776","1.33203404197557","-0.560249025737672","-0.386187929225961","0.279493305732138","-0.651542769527359","1.15870700538743","-0.590594149971632","0.553339079199671","-0.231110235628856","0.325867824044961","-0.216512086639093","-0.183704591940455","0.0728396404977015","0.300710245452222","0.353164375511847","-0.388842490085875","0.0869211613839727","-0.507620560068009","-0.205208780944596"
"TG 40:0","0.630611975675976","1.12723842849344","0.0297685250311701","-0.609303560626891","-0.464134100641461","0.00220458658978073","-0.440914270892195","0.933383273067363","0.252554351256155","-0.620474298344067","-0.0648256809348702","-0.336323541276886","0.15009016695103","0.871839378902001","-0.265601818390411","-0.256289616489965","-0.412009728543583","-0.941749508817289","-0.0902765676650528","0.728681742803528","-0.404162181734071","0.224586891584231","-0.267225126911847","-0.164080778961229","-0.132268507172564","0.231297379888663","0.827244455903205","-0.0830207661450778","0.774867885061163","-0.191030147232981","1.06858659778361","-0.552042918555239","-0.382126723989133","0.0515806152174151","-0.604317202750324","0.913385520496958","-0.61742421986618","0.097111023717792","-0.142107624144004","0.284369555434933","-0.0670253661646194","-0.280545883958815","-0.0382102203196693","0.646562236848305","0.109257324861946","-0.378830038812955","-0.217416510112221","-0.48161495829264","-0.44987004782243"
"TG 40:1","-0.472613130171941","-0.0898638719317646","-0.173521400306494","-0.183386741737877","-0.00569135217273016","0.0394043684111599","-0.312020938952056","-0.0654964113831108","-0.51531073168949","0.552363143116282","-0.177443701112492","0.209015531736376","-0.351575054987712","0.0733237095092671","-0.0075586926741349","0.0776733065929915","-0.285944779207203","0.0330725951007439","-0.269375838668744","-0.00681722643649424","-0.0253083620814104","-0.0204564867849198","0.331406545103838","0.100750672180603","-0.826917311006105","-0.351676572888551","-0.0562927134360958","-0.10596836140458","0.524660025202784","-0.0386110945527938","-0.116825262267017","-0.46004750175647","-0.143042665564827","0.307723858837874","-0.0578114390034453","0.029334102205499","-0.302306148500846","0.106349536251371","0.204338685474964","1.14984602852091","-0.0186163947559091","0.39461959844323","-0.465957545129679","0.462011973237423","0.444962733555898","-0.207745571375468","0.371095848925043","0.181803396574377","0.520447642959724"
"TG 42:0","0.0550222245860486","0.399009772175276","0.32579620617824","-0.411424660212276","-0.610956189380398","-0.365904697139469","-0.656869162396318","0.853626869430997","0.208332654441068","-0.126348999968278","-0.219421620084954","0.223924659266307","-0.370985649218938","0.826807666466675","0.0549280745107416","-0.408622496027316","-0.0102979126432154","-0.0756202516684133","-0.0630637858245293","0.402451362230335","-0.274187416132556","0.551102555181312","0.387021630266125","0.338941183933809","-0.491120651092449","0.140601681258519","0.399583798529666","-0.212685076607485","0.810930471551735","-0.130185492745411","0.179664893936105","-0.823490946772173","-0.654711759061071","-0.149194437482315","-0.146781965731924","0.420080630611601","-0.553670193214326","-0.388528375782472","-0.259430289381694","0.333070403505989","0.0964892531688281","-0.0323788002450833","-0.251810979498172","0.594986222141084","0.148987082607738","0.239638613008904","0.158548423816129","-0.033238698803891","-0.428615825688103"
"TG 42:1","0.483698149689647","0.996346410667164","0.0619986987987609","-0.394113323845458","-0.584811646412954","-0.00274259243437312","-0.32162863245272","1.14730018566481","0.258923246927397","-0.814113003500148","-0.220622683911631","-0.326073152796655","-0.020067611904958","0.94354037506619","-0.239527198147639","-0.129821666992531","-0.502355433743639","-0.778666082316167","-0.198881811449139","0.763363554367766","-0.492580146718535","0.246324544365473","0.0699234510445979","0.104125625207872","-0.26141578942374","-0.030489931463127","0.796758908416782","-0.00783143507741901","0.791881543998469","-0.213764712372447","0.942532412867259","-0.740173065156223","-0.261911187399332","0.204056020027497","-0.350262977464589","0.630601836518533","-0.434431959047814","0.1047586883606","0.0415114549437137","0.0529562508906209","-0.199892287076441","-0.314704361921103","-0.127105673901843","0.576437714299956","0.391450241512093","-0.296583217981055","-0.444562763781183","-0.450640182935439","-0.4487147820069"
"TG 42:2","0.255685068198887","0.486559093554352","0.00163432425034873","-0.259568680450518","-0.281112815181323","0.348067388503779","-0.502623969211094","0.930260253757513","0.205651816292872","-0.399507857368732","-0.392371863973479","0.178748352098753","0.159621606034","0.910151454375471","-0.336404819030086","0.032935047669114","-0.130549997850473","-0.421582599957465","-0.00937549461630379","0.677695633881196","0.290638471825015","0.158036236235607","0.200376534335856","-0.00847451043300216","-1.24155997980152","-0.321477499139481","0.496447401049321","0.0340228957808896","0.616450900620229","0.072347746761997","0.597688017185335","-0.536901775652274","-0.29732827072738","0.0749500772419776","-0.337575004893499","0.165569172203342","-0.696153667917616","-0.297494275015293","0.4150386385987","0.184878484637764","-0.376743122978845","-0.435058537893457","0.337571261208671","0.558088294802233","0.198515707531744","0.107714924445868","-0.764382959428026","-0.357394994632364","-0.291702106928606"
"TG 43:0","0.340988229848386","0.257683724978846","0.036347996435337","-0.334117830554838","-0.226272530780266","0.458001472310197","-0.0837442120696208","0.110212700570576","-0.186819506963072","-0.420265594336295","0.185794104772498","0.0167272349304707","-0.256165182101381","0.746247859640987","-0.0602619367242878","-0.019601633118701","-0.423100874786054","-0.446292253169846","-0.137580484177031","-0.0157225050471873","-0.0749260796766484","0.0415825444549817","-0.354269423108863","-0.238561469783088","0.0367990398473863","0.53671597284597","0.309691605290499","0.0992973759846584","0.508320216991958","-0.189750863432466","0.724562935966766","-0.180817911762902","-0.446046099359761","0.242960912502227","-0.388004285971651","0.787877402868197","-0.480498439375495","-0.154668691014242","-0.0884557267245775","0.407233877217972","-0.051391110009166","-0.0381341280544072","-0.268941864117613","0.224695191683675","0.248325965673328","-0.368568075895316","-0.116342874606976","-0.175070601022744","-0.0956741770704248"
"TG 44:0","-0.0863992984820986","0.47245629421747","0.302214907842402","-0.0365885791143303","-0.703463979798366","-0.195454362202378","-0.453325456581686","0.682826560036668","0.201712909523616","-0.138046346614301","-0.345991457993369","-0.0676768947826992","-0.998114631745383","1.37326693005212","0.247211028317009","-0.283882710884097","-0.135940217007647","-0.224408373748073","-0.14924240843666","0.603364706308764","-0.426691368256427","0.567515034233066","0.128659395797635","0.141648134891279","-0.259161131681859","0.191670077929039","0.561738736721184","-0.15548830741863","1.06181587116364","0.125999451050037","0.0339331470880322","-0.676776603108133","-0.210560046150321","0.125862220327672","-0.215303330274996","0.470108503902273","-0.596219581733213","-0.540703486515003","-0.126428260691303","0.357758890939214","-0.115834109276611","-0.32684471493361","-0.367973196489363","0.872401212176082","-0.230824955956052","0.127590030432465","0.160325908145547","-0.018063707423041","-0.724672433795568"
"TG 44:1","-0.363594736789365","0.146304843371413","0.318171108227626","-0.666301754018912","-0.973687054988943","-0.393735098754676","-0.847222186358348","0.684671679494377","0.126326528083936","0.17057266362705","0.0199104358860651","0.504936532827508","-0.904350336915823","0.510816253317984","0.386437958380858","-0.366619107207879","0.233658709682076","0.153940275757916","0.0553698099477294","0.357271061197582","0.0130241059617241","0.4440586086426","0.684607416550164","0.711703544897699","-0.667453779053306","0.201140284811421","0.0834200809516962","-0.184534220405138","0.304590816816212","-0.111116479903974","-0.246838604996634","-0.930349735892734","-0.558160102149881","-0.174923594755806","0.0237070303581249","0.0117884791565665","-0.447457806258791","-0.323093903702072","-0.101548314308782","0.535999827707701","0.141804983477833","-0.0910130288148768","-0.117519502124946","0.18835625090671","0.544175619209412","0.553372092934709","0.267119514838883","0.298918399283059","-0.206655568905747"
"TG 44:2","0.310070464956296","0.309127762452409","0.125597728817753","-0.102223063298223","-0.365332030313663","0.0261882635476261","-0.207078468133456","0.477466865836294","-0.048385959130851","-0.239551119024421","0.176996566264961","-0.177212420370307","0.0930072308209398","1.18998786438122","-0.0103842080913851","-0.339001278195819","-0.273892603929451","-0.551402137357766","-0.413387706416331","0.145091750525975","-0.623699411796589","0.0378601186053186","0.461711071202383","-0.0526091674847672","-0.315906342737562","0.147551579684193","0.361159744106935","-0.213819924162813","0.549663624579402","0.0441753267513298","0.862754193854908","-0.367010364268203","-0.229365901929658","0.229658545119882","-0.348892467832279","0.546382029967772","-0.346208376162872","-0.378642859836379","-0.342601012792319","-0.218198110999368","-0.183478743020016","0.163053222252113","-0.0382566263484108","0.240553287424743","0.33422036084707","-0.0451385025667687","0.189588508648337","-0.301197470667846","-0.288989833780333"
"TG 45:0","0.347582530849328","0.223454401592748","-0.3995353007173","-0.314884041206024","-0.585845921893828","0.290730293010955","-0.176155244566053","0.113552397384406","-0.318378925049","-0.137730470332902","0.0615846911885396","0.349848602484616","-0.35564753559516","0.6237078404571","0.143199110560969","-0.302907734411608","-0.298461682014502","-0.367593523492611","0.08878290240447","-0.221920795580149","0.0103399134323069","-0.102828908355838","0.162180425553348","-0.19152806571855","0.0665567877713121","0.586838379446028","-0.113318704001689","0.518413670926913","0.223502227051653","-0.126767406474543","0.518715362473826","-0.514600157256382","-0.290868140648283","0.248949252238161","-0.237842263185931","0.441942553617289","-0.472558662948932","-0.185889422632584","0.000958340376980658","0.616334500531918","0.272018730235247","0.13204030615782","-0.253096317257071","0.0960104642720395","-0.0687391851174007","0.115596187513876","0.00708466625153997","-0.230472843979335","0.00764671465228631"
"TG 45:1","-0.0260376221227731","0.281055701620123","0.00555970102918616","-0.70030856322058","-0.595843181783","-0.39609359533096","-0.374538511628996","0.559105358667394","-0.0139600852086485","-0.322068999489977","0.378970598544134","0.680967689722046","-0.385052178384132","-0.0273881303023916","0.508634495646669","-0.11098809968847","0.0283698175868615","-0.440434125144585","0.03271903618746","0.106816367494761","0.294693771596835","0.540201387780789","-0.291631630403785","0.512136459634548","-0.0664541826212266","0.299869507617134","-0.0247958997526083","0.0790122334639949","-0.477634216070138","-0.220884467308122","0.416332476795301","-0.707576303998093","-0.67832361448489","0.366977254748559","0.0286107098081488","0.469528755661901","-0.627810995638057","-0.134507484707145","0.100546235158531","0.45543873192513","0.350142103952251","-0.188862091556332","0.0787579318899073","-0.159974626543827","0.126882309883863","-0.041966302065182","0.455499635856853","0.0128594915827575","-0.156552856401219"
"TG 46:0","0.0156424157603715","0.467345459123054","0.32510292378768","-0.0967448081365536","-0.557155378592252","-0.0459153259423583","-0.409675278760327","0.321614391095019","0.0458361477938798","-0.30023894915951","-0.408039140677631","-0.342658383370379","-0.564973152940298","1.27174044249131","0.396580347457007","-0.255018208122921","-0.409456087728572","-0.550714405524479","-0.240122924222956","0.190679780181485","-0.345883106123657","0.280953846569917","-0.0060391700633028","0.657725966096349","-0.242148020795764","0.265865498966675","0.319031800437187","0.189115336515898","1.16437112848392","-0.0837165478847132","0.152693944479664","-0.713519586075205","0.128055528819051","0.316955629111163","0.0318355753415667","0.748818760164312","-0.541354278373501","-0.437753556681258","-0.00293371892731112","0.533061077843364","-0.112132785462769","-0.267491744630162","-0.482619649446156","0.682517842277552","-0.0103920979905069","-0.330142217586805","0.293598327028864","-0.62837782829108","-0.413925818314852"
"TG 46:1","-0.117948210865742","0.708306304991343","0.266473668779651","-0.00826740844638873","-0.989286657142478","-0.272886895420882","-0.38468132542497","0.846759516814139","0.0119074446215352","-0.156885419828389","-0.336637602067227","-0.0890039275394637","-0.587123858423349","1.23010250539391","0.510950633033702","-0.249144633463624","-0.30771872421583","-0.745781432377173","-0.538770051277885","0.665745542816891","-0.46638309194281","0.357100850744832","0.0919197579606795","0.531332851326988","-0.27176263264899","0.179158783174912","0.612921286471712","0.0060771326402599","0.810368458222162","0.201649866029687","0.196434085884751","-0.956729015903433","0.0849139309962313","0.291842212992926","0.29648347562519","0.419743942718817","0.0785378032818841","-0.264376448268089","0.00931548726703551","0.488258649222409","-0.125329522245515","-0.519616285206764","-0.131355775889614","0.571878363138618","-0.101849641183394","-0.258095921252676","0.101196572698658","-0.879619618555302","-0.810125027258933"
"TG 46:2","0.00454484294461339","0.49138019168594","0.187783612776433","0.0735266544711313","-0.241498008038367","-0.205624530542196","-0.319518917388932","0.543933880563674","-0.282572543274579","-0.338572704490004","-0.074850256493051","-0.0359299418792691","-0.119978164001703","1.35802356073753","0.0422544801882237","-0.215731389147506","-0.135798235326346","-0.6062418452696","-0.0364128488980528","0.561989824121731","-0.255949085297583","0.332420464597537","0.491982923521342","-0.272470379403849","-0.13266011180633","0.0856197780298419","0.453487766096674","0.00817901932864194","-0.154485173385896","0.113356988439616","0.689885017841817","-0.483053117347769","-0.251682187685989","0.431851884971998","-0.190474419730026","0.540882136065595","-0.362256013327495","-0.0647566986836558","-0.0626661268634354","0.116029948616238","0.0156960580792845","-0.383137374283771","-0.20460143741509","-0.330642547555813","-0.138791276425734","-0.293282110405659","-0.142516175128806","-0.147599031981057","-0.0590763816002922"
"TG 47:0|TG 14:0_16:0_17:0","0.431600977455479","0.357753608273106","-0.166981493115943","-0.133608338524569","-0.365008748420525","0.137010038536126","-0.227966096274997","-0.247540450346865","-0.156395565328513","-0.294793827057254","-0.14554212047315","-0.0372506520418113","-0.213483615773391","0.670111198043902","0.150281234982722","-0.0803296137911527","-0.306546648099728","-0.157785082126907","-0.200603475895586","-0.28923605374294","-0.0978797145945567","-0.218199334639393","-0.163404452770193","0.0770344731798918","0.0137419491119845","0.63937624711478","0.00263453274280759","0.409978992072524","0.580898763523069","-0.399037836994135","0.601365203714688","-0.33022593603944","-0.0623234643425936","0.267576165452943","-0.501700527197834","0.705434422826513","-0.485472883175274","-0.119112656921752","0.0708018662560838","0.426541149245882","0.28104967999146","-0.0200739711168728","-0.377080798676919","0.178734303070997","-0.0494237499796089","0.0135866299429442","0.0635312761419061","-0.163063199220338","-0.0689724049975637"
"TG 47:2","0.119694824973676","0.710688439162432","-0.0239644404637504","-0.245135106396669","-0.00147175078123577","0.276470482393613","-0.151015208331918","-0.107866463993834","-0.297506615958947","-0.35168285363705","0.299971755385094","-0.109906500725745","0.048961436613902","0.156148384885916","-0.184084274772855","0.0971707978123914","-0.0415806092223482","-0.305916019021457","-0.128452725940781","-0.289637697885418","0.17028107386259","-0.293725512159423","0.0156100697547506","-0.48239278555427","-0.369481905694474","0.219844617247556","0.200136305672078","-0.103568013159616","0.000627458435331148","-0.144429816754969","1.00356537102913","-0.250105317901918","-0.566599517737165","0.699603947580243","0.312793271213258","0.548218843343529","-0.295214048195023","-0.235234646846117","0.0437254538991401","0.498132411495211","-0.148453284855922","-0.132846210385168","-0.25565497073635","-0.39785575962126","0.318904015158303","0.221189146770574","-0.441248876013744","0.151387949698418","0.241904876360286"
"TG 47:3 Isomer B","0.372474295435782","0.624798684781826","-0.10850077685094","-0.0486098028982934","-0.406590876136482","0.192670556175319","0.193108675402863","0.116652059304952","-0.362620636431662","-0.0529071716027683","0.248273781668407","-0.0255969481716251","0.473192598257365","-0.389243094588747","-0.423541634982069","0.22761475975101","-0.144906954794207","0.00495116318970714","-0.213720595692597","-0.416585936289642","-0.16250065740158","-0.129894407087119","0.00586273267742532","-0.024909201074247","-0.515671716230724","0.169370087436399","-0.0641134444710445","0.252163728973423","-0.491554801201239","-0.089587550151152","1.08985446781419","-0.366271394094447","-0.522575791344804","0.306942402340299","-0.288780731391487","0.266627309161165","-0.344784771808503","-0.122697509779944","0.311663384491673","0.368816927483645","-0.0925993780465591","0.0936684462049594","0.0340708422096992","-0.291476301166113","0.237182659431009","0.192724435928642","0.115684665761637","0.185680701203961","0.0161927186026366"
"TG 48:0","-0.355524165697592","0.423187795694465","0.494089119413972","0.358846527169488","-0.719918011141925","-0.260962566266073","-0.355294684072287","0.000167621973315624","0.113294977350197","0.11086608242374","-0.459110302105615","-0.125592779581238","-0.897671502844895","1.14748995608203","0.393310823293307","-0.346130724501835","-0.426488730646311","-0.54127140003518","-0.413299536004709","0.176850171150297","-0.282617656102817","0.222711754834608","0.352705818774172","0.74643305617978","-0.296168894050522","-0.0525430355422186","0.30252643684435","0.161650957161534","1.17099820460293","0.0695715823673837","-0.286334073365026","-0.39995665144033","0.38534599758298","0.305181463262869","0.265206838015526","0.695376519295718","-0.266195427036264","-0.50309233116276","-0.118899311391812","0.780163759088205","-0.299823229491703","-0.327321219630832","-0.578026437662917","0.6692567073436","0.292731570894788","-0.206903211185176","0.210684666863917","-0.533318149713173","-0.796184376989957"
"TG 48:1","-0.359477367762509","0.347901250012625","0.129978535831472","-0.115014525554824","-0.786166223188247","-0.290460433432271","-0.737760853708849","0.183129410063932","-0.0285766088437106","0.280104539191119","-0.243664593848216","-0.00634088064549674","-0.857485341785478","0.840096557795539","0.646960198525658","-0.348045986061765","-0.292596381126098","-0.449702092752919","-0.468321925757964","0.206560531905015","-0.153882441120057","0.246116191103527","0.368797127611533","0.8394543356846","-0.463557550828311","0.296824661589434","0.354561229480659","0.167318022494497","0.820426345760909","-0.125649488891312","-0.223075392740938","-0.769180318151285","0.412671077157109","0.287752402526473","0.642963816446803","0.278934797991772","-0.175738613406553","-0.454105512092761","-0.0226299406028344","1.0465472091339","-0.299584186601483","-0.284588533578436","-0.176785457004322","0.46657583352344","0.207899426111115","-0.268294184954228","0.375251585361205","-0.3773118326614","-0.668828418200068"
"TG 48:2","-0.341183357574378","0.435551346247029","0.0565024953852897","0.0741174639272629","-0.762979436512343","-0.32838196230109","-0.54397385419521","0.564734550911461","-0.324557189595485","0.171152582594914","-0.0687366192153499","0.295174990169136","-0.626665413344618","1.13739849186788","0.43780527804933","-0.255142814918081","-0.105605254045731","-0.540577771167882","-0.704225391605223","0.219366907900267","-0.0365999299502857","0.312701775285468","0.460187540270626","0.690536000071719","-0.28642666902652","0.222708327967841","0.40464003026459","-0.0245190967511237","0.540680940425964","-0.0322233560418011","0.0942666763800954","-0.912136146524189","0.398898468844347","0.118730287919623","0.647746796629733","0.154192090154787","0.159195854147518","-0.433011221212142","-0.154723461762798","0.840556489825713","-0.29699769374235","-0.74640085257667","-0.121272038294528","0.30144330358608","0.131844296780147","-0.21119271079803","0.121061664121235","-0.418181645558296","-0.715480763013935"
"TG 48:3","-0.283840588816217","0.37444423834298","0.465570077200319","0.305609015926056","-0.631648185581723","-0.218003990304384","-0.582461573266588","0.737168177582512","-0.325825866371643","-0.0295756096285944","0.223757485043617","0.0256973771502136","-0.734819643208238","0.973766702484818","0.155643376048909","0.00139221021297355","-0.114855013377945","-0.431076026720808","-0.579336196291021","0.312470400249795","-0.140142485144986","0.275029886607668","0.723679315525334","0.535616012657908","-0.45891730128421","0.375669454388387","0.465427128483476","-0.107865621539833","0.391605786730865","0.370948844592078","0.146762726451618","-0.997267794741019","0.10223472505785","0.114854671993803","0.514405593556037","0.347129447782148","0.151312381996332","-0.489479627768074","-0.275319369344414","0.134795209954304","-0.36662928886436","-0.766577861960999","0.124254749944398","0.0447331553248117","0.0270016869885746","0.0138017093685373","0.198892385823091","-0.343139636698001","-0.756892252556358"
"TG 49:0","0.285950011602686","0.527134056565567","0.274794512066308","-0.14359668192702","-0.430085562134525","-0.0111618443828906","-0.231317649962958","-0.154848537435635","0.172969460427041","-0.368845063884013","-0.221661685202292","0.0365481716056956","-0.471901802058429","1.08858591822861","0.16555924253615","0.0913536482975065","-0.478648619790442","-0.463915607736878","-0.45534477666747","-0.230113460953942","-0.303540619030312","-0.0656200505958862","-0.0569611545411653","0.40956472942249","0.0917536899278793","0.172222459901909","0.131710188347605","0.262266204214227","0.725909570231517","0.01103440963138","0.439026422546941","-0.25980492212704","0.103716821588268","0.255488783340285","-0.403889254381097","0.822979201445342","-0.352020132725851","-0.305473085433247","0.0710706399403984","0.285216198226192","-0.0826136636668734","0.0470594951226553","-0.779807558764233","0.354535665615372","-0.0304911068128984","-0.0649033643812171","0.103622898631439","-0.189610390695655","-0.373895804171497"
"TG 49:1","0.0453855089173267","0.678361049027515","-0.0567301379464381","-0.116775924851812","-0.779706066135095","-0.0883882447065326","-0.381433295496939","-0.0975940145704962","-0.0408961680449094","0.205854510626667","-0.104905182001907","0.257998760411676","-0.355269828041595","0.657710738020924","0.401275254322122","-0.266250299814109","-0.346850029769642","-0.429333646598188","-0.363039453229322","-0.397878018164275","-0.0523540759705925","0.0235941935923229","0.324166425194209","0.37959234933925","0.0556976353126215","0.241584474171756","-0.00889680593575364","0.301413854390592","0.302773849806425","-0.268940072569419","0.598769216044412","-0.612179876188381","0.0627524614233585","0.392649493076394","-0.0634683507481789","0.591370385996501","-0.631298685634172","-0.108574399475105","0.0769100482819449","0.767931294517537","-0.0461023813275339","-0.0636824052545888","-0.209467177113122","0.131910125477729","0.160374712933412","-0.123563363795992","0.0181709728685747","-0.227815765306472","-0.434853645062692"
"TG 49:2","0.185330405683219","0.586295508088355","-0.251525227928091","0.0251889473037102","-0.797502202652292","0.142579693524114","-0.108425701492698","-0.0636963265965409","-0.273466734863148","0.148155449183878","0.21004684638563","0.518251936312357","-0.201236441772167","0.578250326790385","0.152274748347231","-0.00495184608092107","-0.225216131352582","-0.415170522031995","-0.622387087205466","-0.416543476842168","0.100989195497687","-0.0914633800456319","0.479709522991638","0.036833894883278","0.0272875715097037","0.273654610924107","-0.157258524794487","0.335116061250266","-0.239938788799451","-0.258044334463321","0.872608564267575","-0.281131179305203","0.156258741450249","0.454128736895274","0.155615482385558","0.581814598531134","-0.529608322708102","-0.0652250748898165","0.0434114887290366","0.612060801387984","-0.0574973623184331","-0.410817649384607","-0.225996125039457","-0.252444840251314","0.0931567525891461","0.0119934781815217","-0.0733850523351423","-0.194936901391014","-0.563144128548985"
"TG 49:3","-0.0314675543111103","0.735642061399489","0.0100967606328265","0.0227469800979566","0.0095933531073657","0.0644311355189755","-0.172614170956143","0.156423405025532","-0.479087921841959","0.420119016244527","0.0622903527192402","0.290962143112569","-0.161047425770194","0.0935797718517183","0.14692058995707","0.273927993709374","0.283386507993993","-0.612798089814699","-0.616947175914858","-0.395332748598121","-0.0955947849561096","-0.203878398421602","0.311250068386859","-0.326801868480497","-0.149926318405708","-0.0493961922831195","0.0847566497393053","-0.138535092374296","0.142476276981192","-0.263169277657048","0.943667806929894","-0.14806000401412","-0.102311155964343","0.48339982795655","0.502535130100305","0.570812405308556","-0.718771891060481","-0.169980139420697","0.0425953651841444","0.469938595674769","-0.245362341344229","-0.526976355225692","-0.165990541009718","-0.0849706721823912","0.0907979893023578","-0.350779271010078","0.0218432524526207","-0.0121430953356216","-0.012250953034353"
"TG 50:0","-0.50226371765977","0.344131706078094","0.681622906365789","0.278532833081935","-0.548593357007408","-0.185053946331176","-0.427245519207974","-0.195491982156219","0.212944850397072","0.265706826781038","-0.51866434234358","-0.370143081892293","-0.859623246912426","1.4216018487273","-0.0251245164535082","-0.324786120900894","-0.45744919026241","-0.536675408949642","-0.133936028215492","0.163954560275687","-0.495592847311667","0.224181830883715","0.126588942771534","0.794265160940309","-0.476268221164986","-0.0156408722067898","0.361259016209599","0.0380764176388222","1.19541977774914","0.502071508139644","-0.509872580556397","0.392275618502274","0.474668150876501","0.123866650402891","-0.0741666607619599","0.61846468034627","0.247846557182602","-0.462440690558831","-0.126251987197617","0.615142385625545","-0.343275721141807","-0.201100162436744","-0.426242497815343","0.667591527066883","0.0494492924384697","-0.169697014903596","0.0623247670078754","-0.602695177022904","-0.87369292411756"
"TG 50:1","-0.88806705181072","-0.0165643763965636","0.181269611925714","0.360879494071351","-0.742736696753367","-0.650917491540077","-0.406852532598651","-0.138057639324917","-0.0642868225892541","0.624065024451033","-0.496839671937594","0.512253621596681","-1.08154164170546","0.519391698443733","0.374761115837441","-0.537040589330184","-0.229725496963705","-0.136553817565626","-0.342419524850769","0.00445627959798704","0.0420943299373035","0.21148630161516","0.894500841096813","0.795092870661191","-0.240184189184235","-0.181902805750584","0.144345860925148","0.341928173077968","0.553517620656495","0.11701974499654","-0.866021557942194","0.0759571911816045","0.496169802294461","-0.0190705423776467","0.593022318740433","0.000989987826817959","0.0821781348579329","-0.389569646693714","-0.0841861478453755","1.14652167579382","-0.295215915551921","-0.120014294762999","-0.292728037145379","0.283527240915099","0.326936588775431","0.018240188067973","0.231969916166185","-0.0347872086130458","-0.677291934276327"
"TG 50:2","-0.630965797706166","-0.161103361112888","-0.130994625777741","0.244406180146988","-0.75813861281248","-0.579528133264111","-0.438076083331992","0.0031948742794746","-0.384665344673169","0.672402951771023","-0.185095960435223","0.576616138144853","-0.894885685003712","0.447043328372095","0.329969502178439","-0.453360940463102","-0.119892747053591","-0.14977992979015","-0.416854985285478","-0.15586653594062","0.165329905465962","0.296722839706448","0.863389056377838","0.743837384367919","-0.146408071379749","0.0777119596346305","0.0908097901102401","0.268944206873988","0.342874708510336","-0.127335420488972","-0.47719712652917","-0.125791279528212","0.507868696302714","-0.0496901355215289","0.855143211866846","-0.15531212513883","0.096545548584423","-0.392323645903136","-0.128398737401256","1.21238057944175","-0.384658969218426","-0.358759547089065","-0.248738104610147","0.0256681636410845","0.287401827837819","0.035009587902686","0.206880663180944","0.277657730796637","-0.573986930036219"
"TG 50:3 Isomer A","-0.487699445491637","-0.0341990296712467","-0.04936548148504","0.329494946833117","-0.903795373630346","-0.330022693937649","-0.474753144016646","0.0550641792926092","-0.420213460695135","0.511303681629254","-0.00598977458526292","0.684676096830381","-0.931762010337274","0.731182982054565","0.0371850794845336","-0.198377840987292","0.183848043292191","-0.162202154157312","-0.527038250059017","-0.131096439102924","0.332051340005688","0.4171184680972","0.918636541480641","0.618106739196481","-0.016500026027416","0.287151049287302","0.171480235370819","0.189114226535338","0.311828579628588","-0.103405885059681","-0.323299345537226","-0.253799501570984","0.464721171840957","-0.218193697960448","0.846146022036537","-0.293725415312079","0.130288414225724","-0.316869007307719","-0.190792173225099","0.695681690300909","-0.354757263114172","-0.812658771353891","-0.044684867751624","0.00216954325495426","-0.0526815289560647","0.0671994174504979","0.233095474128428","0.179984902702031","-0.759646243625566"
"TG 50:4","-0.511280485223057","0.117977957699756","0.275625713751096","0.420246501780344","-0.730675907972891","0.125535442761887","-0.519322744074613","0.142156838008155","-0.249023249434819","0.201300189673446","0.260159285374231","0.509967642641598","-1.32951431825612","0.859454170099698","-0.146078207126874","-0.26529894759834","0.108606085439312","-0.0584524464972338","-0.240279848885309","-0.245219744777507","0.396249450258544","0.373336377669667","1.10567421979034","0.539965759723371","-0.138489175888198","0.453128643420839","0.304573298111794","-0.0130744917474231","0.356303608412115","-0.011629469258587","0.0621206380775436","-0.481151764615539","0.151345424058457","-0.0686970122160707","0.557151737134174","-0.193357376008178","-0.0636206957568231","-0.382324752913055","-0.0979885340902976","0.0184818790130178","-0.229051626195007","-0.99220245677871","0.145149654804673","-0.107936905203558","-0.105508029044351","0.0350445677670619","0.313865976559803","0.0130124677693427","-0.666255340237711"
"TG 51:0","0.193644574710597","0.398356076414797","0.369968441660106","-0.246759523291614","-0.407379740478932","-0.0180461666359316","-0.398394250903943","-0.15831493627657","-0.111296109752477","-0.176675528017013","-0.109903198377822","-0.230854354366453","-0.0755304595752767","1.09545812133359","-0.0291904940053918","0.11332297211523","-0.48720439806577","-0.446856903221909","-0.153341237429793","-0.0759395881330137","-0.439484980848506","-0.0112439314437934","-0.0716286987521339","0.164832025061076","-0.192195735776373","0.157918184569427","0.221264394779037","0.212359511406549","0.959318874294764","0.251811360182248","0.343558607852479","0.0396514993658701","-0.0450527041761671","0.164557938871426","-0.606960949112824","0.672572139427211","-0.334233168313441","-0.168119205165731","0.026908331620087","0.112585191631225","-0.121511547805172","0.291309802617772","-0.504356994460038","0.416268213941071","-0.0153987141099624","-0.0726132198876991","-0.104181988036009","-0.163200879718104","-0.229796655716702"
"TG 51:1 Isomer B","-0.100397869460277","0.409257002120589","0.23514579225172","-0.0149376496833123","-0.751534296679087","-0.225444882518013","-0.491504957647186","-0.169476815870272","0.0435524960965471","0.338517771678679","-0.574884916163329","0.236493232551545","-0.598991541751367","0.927056610118201","0.378433880502835","-0.193534812412804","-0.48569833004016","-0.444521579065242","-0.34932936778339","-0.21721082591223","-0.102891429126091","0.278247828028512","0.410610950026803","0.769430240874356","-0.0824247424420013","-0.0126715715889006","0.24810441235444","0.302604395158276","0.464948933237955","0.00706830403133073","-0.113570533022887","-0.464690899241073","0.295007447535358","0.258867124796186","0.213316968364101","0.334007431427629","-0.201782823132582","-0.285189883095654","0.0597917052316579","0.840768951918826","-0.189758589494303","-0.164522299850314","-0.291942551343154","0.402575168894336","0.235530667507002","-0.0733680532869466","-0.0612340564025413","-0.4117281805981","-0.616093857095664"
"TG 51:2 Isomer A","-0.128533553669139","0.200006952094553","-0.114560486138426","0.0981212757708059","-0.809335437828508","-0.380192615575427","-0.471045047044917","-0.101353485088408","-0.168126942160325","0.64324596384832","-0.334494000523797","0.661083927761533","-0.610092044820615","0.554775896238248","0.342954177547143","-0.488979523047431","-0.393150406213487","-0.381003411234051","-0.399267454779914","-0.359645624196272","0.0412858191587554","0.41552991447196","0.557246521974661","0.517137717792463","0.114908710770514","-0.0666456171130003","0.0758576848435201","0.276216311838305","0.291743878451308","-0.208162278747104","-0.112609923794097","-0.400599000660131","0.4686692215214","0.18657634834766","0.503576074905876","0.170882076418218","-0.299047770810515","-0.199737542770467","-0.112834015366889","1.07180194171087","-0.17002467351968","-0.19241905162671","-0.223276501739347","0.187120513572901","0.136487980499958","-0.103761726190475","-0.030676583398739","0.141771553975453","-0.397425745456555"
"TG 51:3","-0.0738733588572799","0.117783545725313","-0.178094125925988","0.300876079132621","-0.66882461682709","-0.128424750686611","-0.491922380658906","-0.0727809649811388","-0.282898394483954","0.314798674202403","0.0207286112315002","0.956433533962924","-0.686252303490434","0.662180346372156","0.137667809193352","-0.281167608710735","-0.0990932122782063","-0.313954428514168","-0.374131594279159","-0.563882647869806","0.301886270678359","0.373263582980423","0.901392544694479","0.342964159841825","0.194513322402503","0.084413673257877","0.0885446360851166","0.19747966388897","0.106163693707473","-0.169811903951203","0.197753115478436","-0.11430250801077","0.253213892092563","0.107317096025178","0.564391745370681","0.0257549299659183","-0.516982762085794","-0.173719342637917","-0.0834527975039276","0.479013025245683","-0.160652350209992","-0.491627761783061","-0.10525706895646","0.184580030348431","-0.169287198860894","-0.102126114290598","-0.0331928385342726","0.125119463705201","-0.702520411201017"
"TG 51:4","0.00224135317816653","0.0251807492493056","0.280383145291163","0.204617593652519","-0.706803266766196","0.0629709598935489","-0.605200708276407","0.0466227754391673","-0.520672679673593","0.232305626198328","0.264309464495569","0.770185970233649","-0.420261623720158","0.444254025918182","-0.379765661684373","-0.278415432995101","0.143345149803097","-0.202476652033263","-0.126309097769304","-0.197260686906379","0.406481465751202","0.344170614795638","0.8660223560075","0.0143856561248914","0.0348383968894684","0.271813701218325","0.112516361853278","0.0472916194842034","-0.143557275115963","-0.20795525157617","0.505880220002928","-0.19685798689554","0.118414877254255","0.0298901017122802","0.334696639658905","0.187051326999983","-0.66624868037989","-0.056361698938221","-0.0385412082105265","-0.0724647680108527","-0.0386863593363514","-0.922666554725059","0.12461879454986","0.109049382475834","-0.0226604883800831","-0.204529365699707","0.203852262722171","0.20996811451059","-0.38966325827087"
"TG 52:0","0.249459310048155","0.771670349256052","0.564011864418461","-0.0701041481057213","-0.283350117149186","-0.102937991901183","-0.509131381007013","0.066709565480199","0.0430572641640307","-0.0578220919487877","-0.412826570728928","-0.572425983286155","-0.14848497957369","1.20403324272146","-0.400624078316723","-0.278892823777934","-0.733733372248396","-0.608541413215462","-0.0916701866454941","-0.0945669958919673","-0.646853396025093","-0.0392004785630833","-0.224733884311235","0.239132128761961","-0.331212219567021","-0.168478214739538","0.453326588487173","-0.163097284301887","1.02988248426789","0.395220147155557","0.516193256766357","1.07526661093025","0.51467567786294","0.0850069017137704","-0.661292392479914","0.815227364213379","0.356878868468555","-0.205800274932705","-0.229446450237555","0.0675447945335161","-0.358967452994653","-0.192149633584999","-0.341668921919208","0.306676401972306","0.047198803863238","-0.0730124417162924","0.084402883911081","-0.329214020200921","-0.555335309625582"
"TG 52:1","-0.90018313760865","0.0852228738709141","0.433831612276799","0.235307870204052","-0.7461608310795","-0.440422246044358","-0.438432309637911","-0.125186903010239","0.0836575059123009","0.677493897710507","-0.568716783205909","0.0437982757259892","-0.929612248633457","1.01300574469901","0.0818121305580247","-0.429555637061693","-0.447248398862859","-0.428114250340768","-0.315882864151134","0.000854318152983478","-0.358261283402228","0.205239511392153","0.446192442390486","0.768128536548034","-0.318718817999031","-0.177185756851963","0.30831761852354","0.0815346114205205","0.636275034032375","0.651962719467169","-0.83252230730384","0.975580309085365","0.687530020975473","-0.0996652504196786","0.122531388147554","0.0609258685117015","0.863261862593556","-0.517808201025448","-0.0655717592475901","0.868636143130831","-0.295656720057599","0.0307083932522849","-0.224357657308675","0.275012929103912","0.162486792882046","0.0277274429073474","0.00358327567036889","-0.360176075335235","-0.811179690557533"
"TG 52:2","-0.518112062204252","-0.480674059404854","-0.15424216891131","0.355909359682011","-0.714091492984787","-0.669838278519177","-0.117438620710845","0.095285968650652","-0.123698127300295","0.932225812515525","-0.484908613845282","0.709009202817723","-0.953278409934141","0.188671247600038","0.100291960972339","-0.430759034818543","-0.20753981829715","-0.0281698053622115","-0.332878622181671","-0.148394930852774","0.0196399738850411","0.485409333759853","1.0114003284635","0.500640669125288","-0.143753573941244","-0.203081767521766","0.0363585201661207","0.225365064919886","0.0737223736135513","0.0889581385647749","-0.911602559667997","0.119675358908459","0.409568409651714","-0.384388963874954","0.713926755639462","-0.461032638180617","0.361611588596983","-0.372500604313453","-0.0537162937303039","1.20664917160694","0.0612221805030656","-0.0267834035135621","-0.186891765273924","0.0964488954549827","0.068350603841077","0.191693182689406","0.00312680609964835","0.352953662940708","-0.300338955323649"
"TG 52:3","-0.335965112614832","-0.564193875516497","-0.142063222513738","0.621312224050735","-0.6593639971772","-0.487786925027964","-0.178621211391138","0.0166744117694842","-0.185615979749728","0.675640046088397","-0.0412795799675973","0.98881828602347","-0.764872297656392","0.32261191913055","-0.190613422044261","-0.3954086024334","-0.0443222134906624","0.0704380645047475","-0.28451735032413","-0.452684751914634","0.237281172702671","0.292847506975847","1.29782674269334","0.323458091896112","0.207229222337392","0.0969068246173785","0.118752272145654","0.306677912243905","-0.0924384728520388","0.122087199776038","-0.284633214131965","0.216942406586419","0.317514132439898","-0.652749967475595","0.661568894253973","-0.331850270250486","0.253710633219614","-0.307045724725046","-0.16070293869805","0.611548446847965","-0.182198787601472","-0.489586120974715","-0.220306909224289","-0.217991894963327","-0.140753397051256","0.224955860651749","0.0730845868803634","0.295424003910111","-0.545744621975409"
"TG 52:4","-0.270661805462811","-0.49309020421588","-0.0693941382071653","0.723030996154184","-0.580977004660977","-0.195062066597327","-0.314424129626207","-0.0473788544419176","-0.238904238464133","0.452658194215885","0.192181938197329","1.07783718027859","-0.788861412320581","0.381429371420505","-0.358239668472038","-0.317832856480071","0.227393561232532","0.140196630951206","-0.276734002946823","-0.461640284563351","0.430516301947354","0.258124006830729","1.4602397108665","0.325707235754796","0.309119698301411","0.239830919068677","0.238303548497739","0.24592207864949","-0.101564727479414","0.0876113949139737","-0.000988663789376606","0.16682038046562","0.155349686022976","-0.649596902203328","0.531158956997565","-0.349315491766366","0.0739080293957195","-0.304958170570291","-0.186566109800943","0.239781693794858","-0.156111692612103","-0.855923533196156","-0.132324352143159","-0.246309794000987","-0.328857112570036","0.202348792366676","0.0993989621576325","0.174490131287751","-0.707642183178259"
"TG 52:4;O2|TG 16:0_18:1_18:3;O2","-0.495088831505489","-0.890055298432356","0.130501886665896","0.146006463038792","-0.0714376657162045","-0.566203074291331","-0.650326616984363","-0.173344763599426","-0.528531228667118","0.665851302767717","-0.17950534018706","0.957188162406066","-0.38306599336518","-0.304526131094893","-0.19695590239668","-0.192514134368108","-0.00728135622879092","0.28386026186554","0.00561599023062885","-0.484539068695038","0.415222887115692","0.270619888066291","1.45839370478927","0.451425613967988","-0.539455657188013","-0.180158900936047","-0.299223349581424","0.0191431550299883","-0.133253408698117","0.067398116124643","-0.384847604621742","-0.445078309475634","-0.204217721491684","-0.240767681917032","0.652310547036455","-0.0749945725251273","-0.0805834937461959","-0.148497282665385","-0.260098317053146","1.74839031708452","-0.00293245471935194","0.117507251698168","-0.38577940434027","-0.249280222991212","0.0707297937069883","0.36575145866785","0.369649834772049","0.497605282907646","0.0593718695402258"
"TG 52:5","-0.0750859940802382","-0.588889759396243","-0.000934673323073168","0.572603152247729","-0.667765278862709","0.0606104515797556","-0.358233584771415","0.0274022800388744","-0.234270325764456","0.204225478664422","0.128540546958064","0.649487270003557","-0.460523546658174","0.2667440628922","-0.354321913569384","-0.254692501493035","0.110626282511041","0.31518792688755","-0.275327605230813","-0.42516325051647","0.547794384559145","0.437662680344249","1.11946509988043","0.318232690322838","0.126785555543967","0.489786875468668","0.322912697444583","0.271864085455436","-0.226245141237212","0.234269205929687","0.162114734328968","0.161480537617036","-0.0572484834972332","-0.655679901078222","0.263359632704861","-0.232792689711425","-0.260570923615741","-0.32459286181363","-0.255961050276242","-0.020907556545402","0.0129675222014838","-0.690006270485748","0.0730868099929294","-0.372890747632509","-0.361560792897469","0.270783991517581","0.150409016348883","0.266207250254413","-0.410945369241508"
"TG 53:2","-0.222501966417413","0.114346610501523","-0.163498959309496","0.1858609452496","-0.667762857230311","-0.485605761988326","-0.397209211544522","0.0281664499225762","0.0618310531609314","0.702394517725994","-0.554044772965703","0.55304189373887","-0.805692910083373","0.67804880713653","0.20426219568905","-0.275885689137463","-0.61160099923861","-0.360443703498015","-0.407344141458617","-0.323430462284269","0.0731748302188003","0.624946021868916","0.705202678031753","0.64244303649492","0.00440939674703157","-0.248766841060715","0.251321179689776","0.165599421492606","0.0659727765858976","0.236202727067546","-0.500506067186348","-0.236696124856441","0.17922921548846","-0.019989352373699","0.421350541612224","-0.211364117038641","0.0145939607797571","-0.266187630973335","0.0344605000419269","0.934565498940276","-0.052793786624514","-0.111948565389737","-0.231421499781221","0.289833708138008","0.0180388013216741","0.143369784305926","-0.147632966348672","0.159921555908654","-0.190259721069779"
"TG 53:3","-0.147201599036137","0.090654070807043","0.03382708303732","0.398232468570292","-0.766044477897861","-0.357696969786545","-0.504708820827088","0.067831364295092","-0.0077082391803815","0.471656352143231","-0.296748687534221","0.759828190377769","-0.716976138751807","0.557581570408683","-0.0394549714423836","-0.495449720748779","-0.240662199399822","-0.289955814674346","-0.267033028664827","-0.362714544950353","0.131405092296994","0.507818030184561","0.800354393369421","0.308638550872443","0.222817154074748","-0.259489072760088","0.340842457155928","0.258825713754209","-0.0432106586561777","0.262981183376887","-0.198901011538988","-0.114477736367119","0.188195922509687","-0.0234775470156183","0.326012179948169","0.143641466274937","0.137008105684082","-0.28141291099435","-0.167346783018999","0.63621582625164","-0.214996656703198","-0.496389963472512","-0.0109587301989914","0.00400277686452456","-0.00017958925448134","0.118573089470077","-0.164128353327716","0.11631201860918","-0.415930834134122"
"TG 53:4","-0.107833355688714","-0.0750838465756159","-0.00475862312274902","0.462127409440276","-0.62066025996718","-0.174255051659791","-0.432316589061583","-0.103112485255082","-0.202829519629761","0.268535174004427","0.0555939359428578","0.793450128068668","-0.561436730819443","0.516744409299593","-0.326399418465648","-0.400569571192295","-0.159246787860643","-0.127332970349791","-0.264428861121296","-0.469903481662548","0.436644929607981","0.583401701899573","0.970239002502619","0.31288953898137","0.218783239782395","-0.0971818529937575","0.442929029608799","0.198732675753682","-0.849665145805487","0.416277329654363","0.12673668144914","-0.00543354563407609","0.0534872647746601","0.0159431121630684","0.432583732911595","-0.0782386542970051","0.0155965552597409","-0.28977765431954","-0.0801088967921573","0.353504127226571","-0.220489074086313","-0.808713950152248","0.0166193605311225","-0.0437441798477838","-0.334181236593383","0.155136173484448","-0.0229154742965182","0.393025239546763","-0.378363534643304"
"TG 54:0","0.777126306662183","1.19041984687998","0.114563591955013","-0.244748235986339","-0.545481103944056","0.0109805090234683","-0.19086963317138","0.128600689899421","0.210635832055676","-0.48186962984902","-0.0287635840124631","-0.367472961853614","0.332896910181537","0.259874808030984","-0.489157360122598","-0.392972454472428","-0.733023191298048","-0.44125624405523","-0.364071764241177","-0.0790582618536825","-0.367872946758403","-0.255162151941177","-0.434231751880365","-0.180933728157737","0.0123857721627229","0.0999216194283213","0.651780882451728","0.1705605215986","0.086696092705428","0.122094848962966","1.25766726425343","0.825799092402709","-0.197089337701043","0.233508260958831","-0.766208141541341","0.665290236414741","-0.357423799744548","0.42220217144276","-0.00275602556050592","0.209785839427876","-0.0145441707445394","-0.174760267187264","-0.190085458522456","-0.213678295073198","0.190225897689555","0.00609244989982143","0.225725856272227","-0.498385657705056","-0.192959143382303"
"TG 54:1","-0.16503474094374","0.211781053517397","0.526553265332883","0.137530616509306","-0.439919145204286","-0.285972285366192","-0.304406646338204","-0.0615393493258754","0.1870278867423","0.321201134177626","-0.730339123794877","-0.513893005799249","-0.698164001774948","0.826692303582309","-0.311508636808469","-0.269485476047808","-0.636855521074855","-0.539589504992939","-0.119733648116457","-0.0732458017599068","-0.570363472010802","0.132289951588919","0.0308669204292437","0.39758547306705","-0.255289866957635","-0.398532554675299","0.357607723337287","-0.0220324727917282","0.577983345914414","0.693392034883929","-0.2286062613701","1.94086232337426","0.63949105868708","0.189860990471786","-0.457441962258636","0.215895446572739","0.361728405626251","-0.465503103624632","0.00818136777433612","0.444700447314525","-0.194356495767631","0.258241590654566","0.0022979668819943","0.171685370644066","-0.117727467843985","0.105058816025943","0.116211301452199","-0.30777454761079","-0.687411702303365"
"TG 54:2","-0.736745239305406","-0.193002281860902","0.225398572087521","0.275826927785189","-0.766374404077663","-0.490879738071123","-0.0993689388200665","0.122463409022459","0.212209233605709","0.653971896545833","-0.668410090353059","0.335533034908697","-1.10755014847349","0.687466437487817","-0.0323682420235736","-0.434520075416284","-0.647523681088486","-0.151503501755003","-0.301158272849551","-0.0417798443130449","-0.371322693896529","0.367863564212124","0.549201236345418","0.58192825201241","0.0183374769036047","-0.445978276306102","0.233983233431792","0.199489940983244","0.0547118319627949","0.651895547660079","-0.80512628543824","0.684155388242203","0.508473512601615","-0.254541100011293","0.129990823454378","-0.378775164928396","0.784490210592572","-0.638698309137262","0.0623163459033155","1.03843367585145","0.103151111717241","0.117806431723865","0.26584338506324","0.119877199406892","0.0432914436203546","0.356699596073945","-0.325100935390614","0.0586376947455111","-0.552720190435186"
"TG 54:3","-0.479878413270911","-0.352097939753333","0.0185263533513824","0.369396544772623","-0.753737931452798","-0.472059666704922","0.146538704827889","0.611269342827511","0.192997638495301","0.450264093441627","-0.481924875264102","0.658284809270343","-1.23769998063856","0.316732620935904","0.0196640595240304","-0.363562919009977","-0.569586614370698","0.0074613317618183","-0.547893463105503","0.0635303787024576","-0.271895772793647","0.364713753595195","0.660931579010022","0.357864742748127","0.318121019829808","-0.545532804468021","0.128973029888431","0.117343208313462","-0.279552106290316","0.431880176579945","-0.467161922514276","0.265185522687679","0.344899835262959","-0.470921525729189","0.180925919811232","-0.45104738560327","0.797343299264398","-0.726236306359523","-0.0104310139803089","0.90539133254444","0.209059970519397","-0.294557503093649","0.425973143197639","0.0264327287295065","0.1299758548764","0.55693649850248","-0.452785003472864","0.477129873668892","-0.325184219065024"
"TG 54:4","-0.303201272127961","-0.577837406306845","0.163670363271078","0.629797344498392","-0.628194393123534","-0.232812646918067","0.113993335621016","0.300779334239294","0.129764616763174","0.282169041021519","-0.206773078358049","0.792329094829219","-1.04060690516799","0.395268104325282","-0.309131330940632","-0.289506397982243","-0.362141400372298","0.302113727843294","-0.384776402617184","-0.434638063929299","0.0253822039503304","0.282747075666604","0.976553710588472","0.210059006149496","0.299649581750624","-0.272359721907689","0.377334570059869","0.164844701491606","-0.432046846092012","0.590157393350539","-0.115049640018387","0.2778141195441","0.126760830749817","-0.488863174642275","0.0915241228777439","-0.43303003132416","0.736286924768716","-0.605157531547059","-0.216705791856541","0.407910452887959","0.00288924221206903","-0.589094078894797","0.49596878873401","-0.302130856759062","-0.134822229307587","0.483383409737143","-0.333840399528593","0.520193640246403","-0.486625137455511"
"TG 54:5 Isomer A","-0.137688368892886","-0.578772687709535","0.124986355371201","0.654385369127253","-0.529263502718193","0.00810260818415653","-0.0144205095864269","0.0647115052659777","-0.0230174969857412","0.187577036098811","-0.150529572066658","0.686667884036794","-0.830718349716681","0.367736641375728","-0.512924549120869","-0.187779958662346","-0.0639737634843817","0.442168967949122","-0.307884769276059","-0.458470504493514","0.284192795706806","0.279976653550182","1.12546938289408","0.232131585295185","0.178287894172037","-0.0448716652829904","0.640886672566194","0.151447569745788","-0.436855594628663","0.568142558375148","0.0115654497684023","0.162985395755422","-0.170316829596483","-0.437050827665623","0.082935924236354","-0.567655882083825","0.328735101026613","-0.579205272630087","-0.229665118926881","0.235747851682809","0.0234406948230789","-0.673488540185153","0.592141295400431","-0.264032708193786","-0.327385943575991","0.473415671472489","-0.239299164067215","0.402219319363477","-0.544786603693552"
"TG 54:6 Isomer A","0.0591000174411427","-0.660288530812564","0.282222903462988","0.568408172687133","-0.39874908474933","-0.0189155016562121","-0.305092020112409","0.0619446502032692","-0.178891058327595","-0.0311075042795413","0.0517864468155641","0.389997266032529","-0.661859192620747","0.0730381901405374","-0.427332922707507","0.0909164561900646","-0.139022995640814","0.517534000717959","-0.168255577604117","-0.474327360399011","0.425748856752137","0.179590229330265","1.16286264132911","0.0628602979115595","-0.0240382643173284","0.311013309456678","0.338467547504593","0.138292944366247","-0.257045657636765","0.517099681796195","0.431840447862434","0.144461769645842","-0.35336318111452","-0.438736523964442","-0.131207425176045","-0.252285509933753","-0.025078414217827","-0.428944757447253","-0.234054335352744","0.0699809086539847","0.0313605885216062","-0.479486280386254","0.505205529028019","-0.404916779910641","-0.182528772350193","0.406872406410187","-0.167825938480722","0.365532060797508","-0.34278373385922"
"TG 54:6 Isomer B","-0.343934562182634","0.0260151608401076","-0.276857040135182","0.210646942079043","-0.144269428440721","-0.207497766689015","-0.620918609865374","-0.349369744353639","-0.0297701655982081","0.243215835992246","0.312592439555727","0.721917258175025","-0.613092173845882","0.613735383568021","-0.354157824534029","-0.227884001827618","0.942415068457839","-0.367240952286908","-0.314183278972026","-0.280325873714938","0.378670964347377","0.0455062776006729","0.703045014708366","0.493392715535051","0.537575755262872","0.622563221201644","0.370511877296774","0.00866684867527055","0.18383181944675","0.0617010528895241","-0.0133706537476204","-0.0544678136527798","0.334599436846796","-0.416739189673256","0.150414297291832","-0.565687312138316","-0.202112532497854","-0.252161394109045","-0.195134890155289","-0.454074271118686","-0.117322935196828","-0.483778913407828","-0.136086775531097","-0.129851546722483","0.0347569887723082","0.401683854901231","0.179379504897769","-0.0754518539224575","-0.351096214022533"
"TG 54:7 Isomer A","0.225528979723875","-0.43769592410561","0.0854517425220304","0.285956584443794","-0.115151485380609","0.0993453344571815","-0.246364234755561","0.113041004488006","-0.288138990093007","0.085307487998204","0.035639196408021","0.255373318580439","-0.120763896614283","-0.0601679635221387","-0.0720843804584169","0.380289077749268","-0.281681836190003","0.591680274157557","-0.134266677681501","-0.295140290401068","0.448102401207091","-0.0565421439023211","1.00167066074293","0.100314604995522","-0.180771007641163","0.626230720201868","0.140052223209484","0.0529335553038873","-0.211648815701012","0.170282853644202","0.301655130622653","-0.115962424320166","-0.538119400934159","-0.487607942094886","-0.0149616775553711","-0.105373448615912","-0.162847360086766","-0.469112255247177","-0.370900972676284","-0.149424919614459","-0.0699177779939953","-0.0663676344157981","0.6053935013823","-0.639806251306842","-0.367070931354434","0.225510403284603","-0.170577156263923","0.504398584132321","-0.105689840328375"
"TG 55:3","0.188922580418032","0.158424038237294","-0.0672908230845161","-0.130579740927433","-0.294139671950101","0.00438907921094961","-0.425504540130888","-0.0394537727234904","0.154558707715653","0.341037828778039","-0.420222652719755","0.302999279368387","-0.393989290649193","0.381034277348831","0.0818791872904841","-0.333007501437545","-0.910546592383767","-0.503695750635414","-0.138189581134373","-0.295331279807824","-0.2061947592731","0.068342666380186","0.737769337342591","0.219922215997701","0.131180654659135","-0.408035564005313","0.511141158484938","0.160797179208728","-0.358922490337813","0.336838594628806","0.595547320878755","-0.167867313055477","0.0669939287435926","0.370099913040681","0.0240513772180619","0.157556224119552","0.364863979067848","-0.0949125896834404","0.0328443893371318","0.696231854659333","-0.135512162724624","-0.445885174350016","0.0489687256119607","0.126342901692265","-0.138229460952883","-0.0286201489549507","-0.329119284102338","0.27575557712416","-0.273242831538837"
"TG 55:4","-0.221684792065284","-0.0251815480424255","0.327041451859389","0.138934051399202","-0.504379963361738","0.166523703690613","-0.227960102350446","-0.395764371327736","0.200875951136293","-0.0663368674255436","0.133478366115499","0.335738881439894","-0.389871421367008","0.00726119364537212","-0.247441123234983","-0.381425953714656","-0.142691596366316","-0.0593387887572764","0.19939783310418","-0.42418820752599","0.132235315874789","0.119979768196993","0.680363622259711","-0.298531585148811","-0.181668159062521","-0.0740074949665741","1.0845285466595","0.0658412992575115","-0.29449692518962","0.431565480846299","0.474725582918665","-0.4513112668086","-0.118828490055372","0.489637365445352","0.0557516924043047","0.169613411350474","0.262391952103396","-0.215344582658207","-0.0197286658546689","0.413931197269031","-0.172977154088515","-0.589897576175302","0.150801382598283","-0.546123762342211","-0.0542076286077322","0.0910137466928798","-0.182362094065834","0.189125928852677","-0.0350076045569314"
"TG 56:1","0.0948475930772262","0.318119150117306","0.426144316857826","0.0165638400634113","-0.57026113706111","0.110112957839117","0.0562516715011277","-0.146652029200984","0.19368311712003","-0.131469236712483","-0.128000271947124","-0.245898699480997","-0.140611840174396","-0.113619150382882","-0.297948566444248","-0.0901702474422082","-0.662899751553961","-0.435238977908019","-0.354256447785783","-0.205730159647768","-0.263246934725162","-0.162969834569429","0.0749880886113996","0.29911636303446","-0.0383280886794853","0.232876090786258","0.108014227863491","0.199741227324442","-0.393957281101421","0.422438372512937","0.707288889894831","1.01587821606526","-0.121141159516303","0.256532661639613","-0.485096134207791","0.531783357854401","-0.230092038248657","-0.154619622110752","0.280146933889718","0.775105537883761","0.126857933127184","0.561199759944573","0.0838585359975223","-0.29723288003907","-0.218892900249461","0.0625525868168627","-0.335511518585145","-0.447310135645778","-0.282946386402343"
"TG 56:2 Isomer B","-0.0057545299779547","0.115386332961915","0.27163431491953","0.148846359598213","-0.50796732120983","-0.33864144772653","-0.0326541370382297","0.0419694346489031","0.388911022800024","0.0163022390345743","-0.623766599375866","-0.0994671414503547","-0.430749530770009","-0.00232637308350283","-0.333552393273606","-0.477766493620389","-0.543350451443165","-0.273341551998525","-0.446831801205687","-0.237982769570985","-0.556016669022221","0.066573185472746","0.711368344023946","0.681582400748593","0.00678230234855591","-0.0680198609999804","0.128948426565452","-0.0768113343323427","-0.296640945526075","0.483567509121779","0.0184821212184585","0.258320056653843","0.248504322467335","0.37786131713356","-0.169583007385982","0.265060023497548","0.188931077529683","-0.394268801498835","-0.236520262601421","1.16023875932438","0.0123717826851937","0.406639411722433","0.541044894505334","-0.188343913915312","-0.280924860209992","0.497223149204439","-0.459247655393991","0.285489218989355","-0.241508154545014"
"TG 56:3","-0.394668960942113","-0.265252926943836","-0.148270456808492","0.139993630032934","-0.655423995895692","-0.494409197553789","0.152549463324316","0.169533913400679","0.194423668438186","0.340439083084434","-0.39844625105429","0.627246717074658","-0.737293413525236","0.427340819133522","-0.0916962786603109","-0.574552878392634","-0.719308853029487","-0.115489961341663","-0.328030627340174","-0.420175956841455","-0.259163093833821","0.272719039487263","0.787411840625951","0.699414438086228","0.111972480798107","-0.423215067088619","0.275509028109798","0.0171417544709909","-0.294565178620072","0.5497999753321","-0.311283552644968","0.0512863596222564","0.0950017007766538","-0.0933428364025142","0.0919797842195142","-0.38241192924377","0.79581430622811","-0.646139342634563","-0.243769472831736","1.17986880731246","0.126363641637476","-0.0184023176933159","0.548323515400701","-0.0564550294181701","-0.0949356680334116","0.480833400131093","-0.549858982893321","0.634619308318937","-0.0530244453789202"
"TG 56:4","-0.263575705284958","-0.327686559770686","0.0451407624056636","0.452467135670527","-0.517843894754716","-0.23813435475613","-0.0190058719208631","0.274297517592589","0.14852883198797","0.199999918189013","-0.339574886442775","0.837929443471039","-0.879535308252008","0.381686615021815","-0.217944826612696","-0.327686559770686","-0.252010387613718","-0.100497868872712","-0.281299250420236","-0.626885057501619","-0.0363832644307187","0.415174516618952","1.00758736885157","0.280613419069348","0.100901367693014","-0.485493081372536","0.339298665401667","-0.0203623493806991","-0.264714478691561","0.46933334776147","-0.0178935144241325","0.0043113466246084","0.0621247935112402","-0.179943077697848","0.272294325037801","-0.096775117489124","0.897722035509899","-0.285770144062832","-0.0681302780229495","0.295617095740161","-0.0652840276665397","-0.470399678786787","0.393700976703906","-0.205898886050221","-0.217433669861905","0.311097886417865","-0.294475085683029","0.436108512012219","-0.525298695697655"
"TG 56:6","-0.187789128702492","-0.0597581250301139","-0.480982566954063","0.276978593181634","-0.392063825382519","-0.320363249696366","-0.0224801904432278","-0.104594068399137","0.136591612968951","0.631184068291914","0.00519211332786422","0.874540084029856","-0.608548014610505","0.797872298869251","-0.273623609382362","-0.707767329809976","0.594225494655459","-0.363101091531587","-0.478693572079636","0.0128474423745068","0.131046819472383","0.0280488054896549","0.820218210418336","0.338464244246223","0.59726474459126","0.26200820164395","0.323242295058007","-0.0399779444671133","0.11770819527544","-0.0124493005590484","-0.418910749426568","0.381434470895425","0.474556525467464","-0.349359829745836","-0.01664538649823","-0.690172652603384","0.256858183665621","-0.192959866644665","-0.0812714954819644","-0.744485146859139","-0.0258150193751162","-0.534114749413972","0.0763365702062642","-0.0470124039968278","0.257151668497194","0.278729828960042","-0.114015444727579","-0.0734116862673438","-0.332134023497927"
"TG 56:7 Isomer A","-0.317699450862819","-0.0585987926951694","-0.328016133810683","0.347221378941987","-0.342324015420082","-0.306788764892628","-0.333025151653824","0.0294699256957034","0.305731091076609","0.281919650651885","0.246664663222249","0.859539065059432","-0.55869963088988","0.832949027921435","-0.465087704637554","-0.363950365068102","0.708879204702575","0.102680515717881","-0.610647310694227","-0.00108600152645744","0.4304975356282","-0.0741302177260096","0.700863812742003","0.234703414039041","0.69638650064315","0.44865861217418","0.442091072353356","-0.27479891808334","0.108062637031602","0.365958250177128","-0.17814906133322","0.279413532042785","0.245369528543754","-0.763693483398563","-0.0760427832205457","-0.688227765502676","0.149508283065027","-0.182507498051117","-0.280026203276136","-0.449201654576323","0.00219010102949697","-0.78324616199284","-0.0109201470203713","-0.116160524488776","-0.15724778330756","0.247538285995957","0.160797843267345","0.0723787245146022","-0.579197132108482"
"TG 56:7 Isomer B","0.0314547732893712","0.471045003084002","-0.586735797700236","0.332948475936472","-0.554975293896917","-0.307944144738541","-0.887770171300283","0.545089152297861","0.0378112042208597","0.767396781337543","0.063129878808971","0.589967564177174","-0.229023009066339","0.423001158640133","0.223820452194057","-0.603439996244023","0.40424031725667","-0.588994895792614","-0.199305422050157","0.358630781076485","0.0645255982526084","0.28450140196322","0.386460086001185","0.199019111669325","0.140611108132373","0.801717315034659","0.636218882026143","0.184161389167024","0.286709617925923","-0.378724970838407","-0.461294921170446","0.770504459947731","0.270448956122602","-0.650740410658072","0.0306918957871713","-0.945689161944681","0.364769316308951","-0.555448764464848","-0.301652660970234","-0.555009870969245","0.353397610830268","-0.646470909115392","-0.284742575151071","-0.543520448770242","0.0164831598508974","0.360087110113158","0.105041108597447","0.0896942928746169","-0.312094538083157"
"TG 56:8 Isomer A","0.0594811273761092","0.340540426798256","-0.180447558546133","0.490126253238271","0.139581081144671","-0.211515001590121","-0.822783710342924","0.429999000584412","0.242392077414705","0.498490704672669","0.170041084430913","0.551446360895602","-0.197331592501813","0.16010301268947","0.153726114179195","-0.339036713928079","0.672942915151413","0.0856046638423362","-0.306803268197027","-0.0287881195160376","0.242768484146961","0.376879309704926","0.408733338791979","-0.00932545799825786","0.125865616743899","0.99150616483377","0.593467205323105","0.176961690398723","-0.0929020448510909","-0.471294116323795","0.15954969204516","0.587225645402725","0.00920589339151178","-1.04391901889539","-0.253531708503216","-0.681206970372868","0.198468675682695","-0.576469812391017","-0.476690063398369","-0.826746156072656","0.321375694844314","-0.988583203050719","-0.257074235890288","-0.69900116956663","-0.0125402952156892","0.508845735905713","-0.01996449127453","0.0745704890229279","-0.273943750229788"
"TG 58:2","0.017475329788521","0.21862012807155","0.00424325758434891","0.112286423142045","-0.651852898499626","-0.0668459271258301","0.0938735028234525","-0.151375407059438","0.724932433400793","-0.265372145044828","-0.168969213976532","-0.116025766245924","-0.482167965082456","-0.22069668674724","-0.13939554456021","-0.205517682719506","-0.403642991198399","-0.28325406558782","-0.538066047384996","-0.342863495058377","-0.394046779758748","-0.0552151102972092","0.411851500586869","0.536084671533567","0.0023203940749186","0.0130118771582853","0.0527566744081056","0.181569252348988","-0.424159137960803","0.36642316245084","0.675779128463475","-0.305447094243282","-0.194637930786635","0.210018333233084","-0.270828672166652","0.482398299568438","-0.223451542645608","-0.305975410184919","0.0943580838521498","1.14769249767719","0.0647082956664815","0.534012407542206","0.328137697761529","-0.313591705171565","-0.0835076838143922","0.373505194356949","-0.490232853113525","0.183247924177364","0.267833286763366"
"TG 58:3","0.246389620440957","0.101238227792326","0.585742749631845","-0.0507196468538483","-0.573299959937235","-0.232226747839619","-0.142620496812263","-0.213757680796869","0.860761263616333","-0.136951943717029","0.0596704268324475","-0.137645260613359","-0.00673217489021389","-0.209492296113437","-0.357967608033266","-0.00907987023578986","-0.702456240917202","-0.126268894268831","-0.0290540687424468","-0.206341254399478","-0.252498882538579","0.0722585329707864","0.945086317958053","1.03723449710196","-0.0658958690652079","-0.0249415327903354","-0.0986309724308762","-0.250917825363839","-0.183494219149071","0.147910018124058","0.398931745845045","-0.112580628304686","-0.25256846460558","0.159421193712391","-0.323109435340751","0.615980277242899","-0.160318363954916","-0.0923933325390508","-0.301698931848546","0.594054762825637","-0.237593181841342","0.122085830800476","0.170129879393906","-0.333891839615226","-0.379065901294797","0.495329421666969","-0.368004788643052","0.0524876175382611","-0.0924940699976065"
"TG 58:4","0.0806617252773001","-0.312853340432841","-0.0243487232017383","-0.0796059265865546","0.0700261617480882","-0.127365588068352","-0.359897350678576","0.00259044716109658","0.100357276188133","-0.332077422253718","0.0592957140932215","-0.0973597576002349","-0.31581050672728","-0.0706549792153558","0.106127992157523","0.000206804412259072","-0.38000186764021","-0.105489328025183","0.0614251070438743","-0.0346314102024643","-0.0178737753508533","0.0446258167022742","1.45633089802281","0.618680554058608","-0.236181073459178","0.260515268101521","-0.0975584919196812","0.190146679151342","0.0404377013208427","0.155556451087035","0.55976287210518","-0.434613890850687","-0.665906340873864","0.284909661679428","0.213536918122788","0.213322108675339","-0.441615626368947","-0.191761146723002","0.000854262862213897","0.184445974947538","-0.150795510869929","-0.401414906053615","0.025261958798787","-0.0357433514207252","0.12214631021592","0.0747797413878528","-0.179026569104854","-0.0179016992567802","0.18448417756365"
"TG 58:8","-0.00968921411636986","0.52418351193931","0.00682715448266126","0.523184710637613","-0.408566263889354","-0.138206834118215","-0.444774920447148","0.842298693977933","0.198362842940078","0.635429008952318","0.0224819466585756","0.56668931805139","-0.350841970492592","0.462004814759661","0.0848620899937834","-0.639468669330841","0.204503592178111","-0.44165913712461","-0.530856263122286","-0.00590855666934684","0.0941538262395521","0.333804975696761","0.475176996460553","0.303570021691536","0.200300387726807","0.630574798410937","0.474811773148171","-0.0204934876825269","-0.115865319880237","-0.0794456522009654","-0.424279277613177","0.667087609504381","0.27190412366061","-0.625650536874052","-0.263079253606419","-1.04716551445458","0.491369116414198","-0.732278514072089","-0.0881214941655084","-1.10559315768904","0.339458612103196","-0.698265542002861","-0.00227093179239405","-0.218442408383484","-0.449693136101262","0.407443942196896","-0.282879341345973","0.458601304680116","-0.095589775329816"
"TG 58:9","0.0134017546121464","0.15058878010219","-0.327790303470308","0.590463067089687","-0.167365738665356","-0.53387141734369","-0.710508044056913","0.704331174636656","0.458005402979536","0.0996396368038837","0.104856061062969","0.46274464595272","-0.753247515015708","0.614645848303913","0.0072412986105438","-0.642091200369585","0.664763654969609","-0.28765464943681","-0.253540526021286","0.181747956398304","0.270335219161483","0.439693567351831","-0.0349455422931904","0.119468056536189","0.245248221596737","0.434645176157801","0.449653170105217","-0.0888889522257275","-0.165092203762531","0.170617898339456","-0.568490309862247","0.583979377740672","0.0478590047902847","-0.55571337304956","-0.538810255630982","-0.437713538728166","0.109238626231279","-0.393816536707377","-0.179098327283341","-0.023175482733816","0.271525402822668","-0.959436619503266","0.388968748606805","-0.139774160456793","-0.245765447454845","0.630127055473343","0.163503392975558","0.0963985570413757","-0.466900612381364"
"TG 60:1","0.0617928053432531","0.428824709119346","0.195978983083829","-0.144242395352743","-0.392801508812222","0.0931622883820731","0.0400108285273501","0.156959196512093","0.541683819379492","-0.438012710968481","0.122996525027784","0.0839042951837454","0.0173094305620401","-0.554978956262689","-0.283379247601043","-0.0761014761309167","-0.105411058984621","-0.741139322388214","-0.120377622008074","-0.0716666397798106","-0.197801533658507","-0.609212503364953","0.241140177773903","-0.288098338880155","-0.034047375300752","0.0769748385607891","-0.246928672442198","0.22343254834169","-0.468431203460578","0.253163740178895","0.598473347258976","0.266544703960319","-0.173914944179004","0.332098565661242","-0.0592985788413734","0.752742782864466","-0.538565055622461","0.031720552196925","0.181381102307483","0.385556759636764","0.00281533180420041","0.865867604881355","-0.08105832947438","-0.326144178878178","-0.11462030165337","0.101523496198409","-0.281695457526919","-0.00974084434953118","0.301609823174751"
"TG 60:2","0.229672732307963","0.34519361707205","-0.137996545683293","0.141599400811295","-0.60751143094844","0.154849859884193","0.0197376628048337","0.0123824543067642","0.524137123037159","-0.311778521752253","-0.303648607635255","-0.27906337834055","0.0718687171477613","-0.344163107469661","-0.25337939818509","-0.0105887612420288","-0.47642912323355","-0.298564521480544","-0.195382609874909","-0.308730605717028","-0.204598196243272","-0.133936933421978","-0.0869460725177909","0.18002734526739","0.031942040775415","0.231402410554217","-0.00610842858940999","-0.0769976822460386","-0.156488279775808","0.314921210643313","0.731045894085183","-0.358057606340867","-0.470663321510326","0.202545560296246","-0.255468108271623","0.500404328076134","-0.354735281640278","-0.175013989600734","-0.058844689067345","0.771771455556444","0.0739879431678866","0.469633531630951","0.170196843405515","-0.276184447807028","-0.00801816875394125","0.54701241763004","-0.280399592607305","0.126814520002481","0.578550341493113"
"TG 60:3","0.326966362261189","0.155527218729062","0.280094576057613","-0.0800242413374679","-0.0884774957568439","0.202360244839287","-0.156625080846234","-0.115298822226495","0.473750766716134","-0.461441674981174","-0.175931011171739","-0.394526649028835","-0.134553646203917","-0.123942755418402","0.0529422761303772","-0.399616252041268","-0.470396178305798","-0.259974399718702","-0.224637825943826","-0.231964296170424","-0.320305167431116","-0.226461727795265","0.300014504283106","0.0758051637581353","-0.162713276577883","0.398460110388902","-0.0441540292568964","0.0715494493758368","-0.152358360916247","0.0957836772339363","0.680321448774452","-0.100792826875768","-0.320118276232668","0.31221307152267","-0.43764896696865","0.263006979215404","-0.364960689770724","-0.0380904625035761","0.155196933417102","0.74205968186451","0.0699830967114817","0.27006788935308","0.328772069379977","-0.245798437303739","0.214494136987873","0.289104322962928","-0.345983586464067","0.172715448639733","0.145606708644936"
"TG 64:2","-0.038829294522675","0.374251911284511","-0.109627843911168","-0.0781495738195125","-0.426937613178772","-0.0128402498837145","0.0913915021776994","-0.00748868647559187","1.01480405777524","-0.316934462697158","-0.0460448290735613","-0.170185771511111","-0.0429510212506863","-0.271201529632818","-0.321017490227924","-0.275739334490913","-0.529189650508508","-0.183718888787428","-0.567728590275952","-0.421149062240022","-0.207852612215168","0.0722626508247036","0.316563898041192","0.452967193971855","0.0411482530023508","0.0532612338552069","-0.0611497901409985","-0.0307199430167839","-0.405309237182695","0.133832374284503","0.900847607822545","-0.673754465798877","-0.258850378137577","0.0590634321598395","-0.17642221484924","0.603843049456019","-0.434373729393732","-0.132109379286135","0.114159677240927","0.874769805419612","0.0973244588775206","0.317038518160439","0.220999986059935","-0.292250028661223","-0.0144526905205228","0.252217012718849","-0.284707192650096","0.354671267934055","0.446267663273565"
"TG 64:3","0.372741572806684","0.0520383577177504","0.251121499823704","-0.0421688919368803","-0.32766035171535","0.24533598607596","-0.0826846756329334","-0.440555910295953","-0.269320299198445","0.0576759882548433","0.160500459333345","-0.186120161883504","0.367993911646998","-0.898629908582291","-0.444162525632316","-0.135069308814666","-0.0545179658643219","0.14744167678486","0.198562823031857","0.113480045655238","0.294053027982892","0.165347075215734","0.589827036358038","-0.0832373199907259","-0.109306149196922","-0.190669932925955","-0.108906327336689","0.205890350561545","-0.621356191719508","-0.290564793133535","0.921263067670905","-0.670876072780457","-0.251974524361674","0.477585716508439","0.257467546632387","0.827199913236772","-0.231275209906326","-0.145034176757135","-0.428413912023653","0.228764560463132","0.0696491736371942","-0.0130414017583259","-0.194254095484592","-0.435765133919434","0.556569582963662","0.129053143742678","-0.167571450944918","0.111060438654195","0.0225137370377013"
"trihydroxyoctadec-15-enoic acid","-0.199689091825029","-0.6163334421845","0.461618580386562","-0.320247527853108","0.369173388641201","-0.229144076614843","-0.827548246940135","-0.0168335705103274","-0.20949292982131","0.459197930992233","0.0470294992983984","0.241520511565419","-0.316937173561261","-0.888784261197747","-0.310622519776424","-0.143194790328776","-0.314253852357184","0.178199470370063","0.329486012208738","-0.279406661480203","-0.00784120072584145","0.228670137112764","0.452919678413818","0.0964795289722362","-1.04705773858284","0.356910907875674","-0.591042769043657","0.490471376055694","-0.03899757179699","0.177852253517507","-0.19924735446809","-0.433272433679945","-0.823185507595118","-0.0563157715272924","0.150960360632312","-0.0884620761797439","0.335880223708122","0.456994624783989","-0.128827410442624","0.852058920755628","0.171265737133876","0.380773439318213","0.359977726521093","0.0970889781504561","-0.00621468369376779","0.16424291832726","0.19747136152078","0.56241691428377","0.474292181640945"
