"Label","323","332","330","340","321","177","114","218","263","273","261","258","92","270","269","277","267","283","122","151","297","155","304","300","129","185","315","311","336","179","233","250","286","266","287","292","117","295","104","120","147","162","149","139","196","138","197","190","326"
"#CLASS",NA,NA,NA,NA,NA,NA,NA,NA,NA,NA,NA,NA,NA,NA,NA,NA,NA,NA,NA,NA,NA,NA,NA,NA,NA,NA,NA,NA,NA,NA,NA,NA,NA,NA,NA,NA,NA,NA,NA,NA,NA,NA,NA,NA,NA,NA,NA,NA,NA
"1,2-Dioleoyl-sn-glycero-3-phospho-(1'-myo-inositol)","0.561445913974004","0.0298904927804401","0.292540879090872","-0.291055527886681","0.119026904128635","-0.154157056119833","0.214123582127863","-0.0399763607318911","-0.36712632374362","-0.334323396605532","-0.200000568155027","-0.425629781286265","-0.140935772144212","0.433639899560613","-0.259224274510626","-0.266811747788582","-0.0223112433249456","0.208041867290016","0.0431941998898815","0.50694767021396","-0.432487224018855","-0.354699879765712","0.0653644663828856","-0.362855173154541","0.0364727408069259","0.0869092875127428","0.090490244289368","-0.430947181157005","0.542639279155359","0.294158269038214","0.0698480993028269","0.254577911504043","0.168610161709648","-0.0207489292426415","-0.132841750219031","-0.157361393430737","0.0187677267735082","0.183868593768837","-0.146684323013379","0.19544742735428","-0.0780991509112083","0.0674435874831737","0.264252885511911","0.591598262453635","-0.0356146030834065","0.0630796150925873","-0.74490375726045","0.308099986298976","-0.311684535941023"
"13-HODE","-0.272741476242849","0.0909817860226117","0.120375755470982","0.524301490966002","0.215814584386054","-0.350409983268106","-0.139879016028556","-0.0113344923227212","-0.585188243031991","0.893770820180243","0.0887006543468367","1.28597006991077","-0.520511483171077","-0.748878926289965","-0.371179012194007","-0.0961929059150219","-0.348114452504207","-0.414825424016223","-0.219434216322048","0.0761469271593762","1.00603626512934","0.200784894890583","-0.709431502534719","0.848223584518087","0.482202378265824","0.297365344756052","-0.349145172388442","0.777523501625586","-0.652870514822147","-0.152447669856296","-0.296081900889529","0.0375225635830832","-0.881194045036337","-0.49657703705898","-0.727236224273581","0.345159164303714","-0.0738955417910783","-0.130678788281056","0.499347343238459","0.553689131251127","0.122804624450596","-0.0108426823800368","-0.442819826188752","-0.787673192277756","-0.205133119708521","0.171548119474578","0.203778762161643","-0.222043295995834","1.37471237869828"
"16,16-dimethylprostaglandin A1","-0.116347594432303","1.48216797853021","0.726232594114244","0.158189263266436","-0.80440942283257","-0.425749368974412","-0.106673077185669","-0.117658138173173","-0.380107304842932","-0.489351803398447","-0.0104435029992727","0.0509197912791584","0.489103244803541","0.145380059458113","0.984228697980735","0.101065436283706","-0.335330386916003","0.4043462593643","1.08969189345938","-0.264458985236799","-0.168033078343376","-0.585308719468715","-0.284070862150031","-0.4413525930577","-0.205566339414373","1.29184766594163","-0.167470187501545","-0.277097719998347","0.855004856917845","-0.298062030954123","-0.0790224021703685","-1.01652393454346","0.22838343942708","-0.48188272884153","-0.74523989344526","-0.24418464667076","-0.0396462040214648","-0.34536754115701","0.133599692332028","0.023025163680025","-0.116410312631766","1.34469358192731","-0.394408796608226","-0.333744702295816","-0.0844359073742147","-0.427642535342747","0.252812387636912","-0.276518632763285","0.301827347343048"
"4-HDoHE","-0.322291767320135","-0.605585738410728","-0.117835761377363","0.333175621343632","0.0170150534366853","-0.160340204439269","0.0596107207974474","0.0451401681163671","-0.320904805630509","1.67021942135188","0.18864011890839","1.64764094201286","-0.672344178208878","-0.416351347049262","-0.378006837076877","0.11265969561529","-0.859752950549786","-0.377106062081605","-0.23537136421103","-0.0686441925940159","0.833002437402368","-0.185924669925941","-0.168968880114431","0.249355358266069","0.495994675773039","-0.0411543583371453","-0.528225855071199","0.928786002193911","-0.120861457504646","-0.555730488853539","-0.592828996755751","0.195142964429027","-0.933048382849279","-0.314100731446787","-0.626974397935192","0.175302882102903","0.0568680385663329","-0.269186527619038","0.118753999342432","0.891227953075534","0.229303522535243","0.102053229375466","-0.0171819448356928","-0.161970128263555","-0.193810424657858","0.0317168301585327","0.154876953871978","0.0582764913235776","0.649739373120544"
"4-methyl-2-oxopentanoic acid","0.717740404224122","2.010834785749","0.477014707436861","0.0254075783304768","0.484243520502624","0.398467103385571","0.218165987114563","0.00784679532386337","0.312311521018565","0.240101907953035","0.842089975509615","0.147033746656987","0.117662334430197","0.0640878927293896","0.145489858129982","-0.203620025733616","-0.512814571244946","-0.512474346427142","-0.258833038389786","-0.0202724812515994","-0.0115055037034611","-0.312084069784479","-0.300151385224919","0.129146999862365","0.335597110170235","-0.551006781560872","-0.301251563982749","-0.413430429167064","0.284951745947384","-0.0386135090930325","-0.206150707755858","-0.429639580898251","-0.258853887918172","0.154298457930873","-0.39237277688853","0.0292956472967259","-0.194386844423762","-0.45686943444589","0.322635200233509","0.00163971251399287","-0.28282427269307","-0.499807275395749","-0.148003925572316","-0.488634330723702","-0.428746067983606","-0.0470371835418443","-0.193508197764011","0.115868279749066","-0.119039080630578"
"5-HETE","-0.326215921292456","-0.794499782699936","0.458038461897524","-0.178407316585433","-0.276040218578762","0.155730294048512","-0.222098749246073","0.251238112348678","-0.268954923109098","1.35224574435208","-0.459993826420848","1.47540168502986","-0.421237308659597","-1.24962951059855","-0.334382023075781","0.37182860772823","-0.724743711612764","-0.70247401068115","-0.137653996752126","-0.345297634767663","0.949860161451561","0.280849488252796","-0.472033588198503","0.861247862761938","0.656570778487746","0.614018908823595","-0.0601370068566315","0.861680417575045","-0.390890682183428","-0.83647473442459","-0.365730241493158","0.437386404381818","-1.14885388993332","-0.189107875657175","-0.765376639373404","0.507803194355711","-0.177036189336027","-0.567914660807818","0.572213545091967","0.655060612599335","0.291322740599044","0.484180981176826","-0.104065725855228","-0.643344263344692","-0.0897868771710964","-0.582560337906562","0.313587066341664","0.5845709122834","0.700105667034542"
"8,15-DiHETE","-0.506388163311818","-0.633392225587337","0.292250743370811","-0.104613848959108","-0.327517629565761","0.321623799024028","-0.0386626986337818","0.187766422633365","-0.526317863752051","1.25006104371035","-0.280347341619191","1.22400953580991","-0.262657551559094","-0.624081270280658","-0.22995027876952","0.262526464175366","-0.396694144640281","-0.342361106739809","-0.0917440993771384","-0.282058830749909","0.822445252658928","0.10435862413662","-0.43161770635624","0.83193732149808","0.066738142973539","0.197413114786502","-0.255245942705794","0.858858076470498","-0.702219436983976","-0.384026587128681","-0.104591520824874","0.381033131695335","-0.480060903872624","-0.451257596032821","-0.681511126861182","0.450622142088347","-0.1684356479683","-0.398775623648124","0.545264533899054","0.323479013831789","0.171469169611593","0.17642261641012","-0.301925889569423","-0.349468488867129","-0.058504929428327","-0.269861179560546","0.418194138034367","0.259246399894033","0.538569946640865"
"acylcarnitine 08:0","0.271978858648366","-0.0955906920844688","-0.211503698441671","-0.288033560589338","0.0781441249506129","0.218688002120539","-0.15617237562214","0.18487588635092","0.0994870805559381","-0.101013329205552","0.0691787099350645","-1.04197800045706","-0.351878211651144","0.00187570311837155","0.119011856544179","-0.3306963563158","0.342920657089172","0.233973091672977","-0.155862310885021","1.11044941251494","-0.0837692864812623","-0.0739350264255826","-0.0278251674916375","-0.0356472916828397","-0.807628658911727","-0.0365994703047676","-0.823997597309434","-0.539753800033897","-0.730356717329006","0.679295723315421","0.4217402372005","0.237369862383763","0.33391360450196","0.151473801556517","-0.208326210178666","0.185909214245768","-0.499639951201722","0.823534618120149","0.175181167954207","-0.574173854131673","0.0970360000451839","-0.0436459970548207","-0.0465806567643714","-0.398832118441417","0.335613767454447","0.722885415862543","0.0940033993620874","0.715549380653579","-0.0406492371621885"
"acylcarnitine 08:1","0.828108350061728","0.0456345583706905","-0.239080552919876","0.0644985848237546","0.261906965813997","-0.411390852273386","-0.404985896091375","0.121711802538919","0.388143941153353","0.00500475764689537","-0.479209072641813","-0.13574924330044","0.0743922131538801","-0.137552653734975","-0.0634438675009686","-0.415162127422176","0.0714814099592322","-0.0655579150719038","-0.344938288298809","0.52289747723861","0.6205815037375","-0.0543598196601002","0.014869314748818","0.257737840648325","-0.377593062039004","-0.319751010190334","-0.274779375476703","-0.553347357562916","-0.059086138862865","0.17512093278901","-0.420034815736628","-0.618128553387232","0.0399004457925353","-0.14274447728498","-0.886537205784927","0.389032201672124","0.377133635112114","0.490610359579142","0.470514945320589","-0.404735817893814","0.320247886024293","-0.0953108716359321","0.436191763069427","-0.436136218831743","-0.00221094252455326","0.970289624314797","-0.41449253334857","0.364773836077943","0.445534319828345"
"acylcarnitine 10:0","0.194152043045278","-0.559588502365203","0.412053826676967","-0.330745542790181","0.110620375794394","0.318673304405975","-0.901481886024354","0.530278904464416","-0.131654836748412","-0.356090238107305","0.398732657718192","0.522379008808198","-0.419675778008018","-0.140040019639518","0.12690509412446","-0.218522989800358","0.186925236674318","0.398732657718192","-0.38216908760657","1.28738495097252","0.0280092342366351","-0.368779312999908","-0.0224725749203992","-0.139923611344383","-1.0119736986916","-0.624817690810355","-0.193376840515812","-0.771002080846316","0.000140709916150628","0.546908827554137","0.464511774768577","0.287646045368133","-0.327462738867657","0.371494101578194","0.522280489980521","0.336252743287081","-0.346012598880452","1.15213670773009","-0.139125817937581","-0.596748902001366","-0.164149403709474","-0.594231431806901","0.230396005582543","-0.966254377979803","0.398732657718192","0.53031496023338","-0.237910892809823","0.642404882710054","-0.0538563458548395"
"acylcarnitine 10:1","0.497587805456529","-0.128544627534025","-0.00732437520700149","-0.329552879280296","0.472690826884521","0.231802021964347","-0.224892090144879","0.490973254842698","0.015819500442091","0.205263903140243","-0.343630002552867","0.657093582218548","-0.293686151059014","-0.0124065168481945","-0.245001074295513","-0.884014535115135","0.102201024849745","0.317234708618705","-0.520752078514691","1.1628373413229","-0.0980546587735231","-0.325144638862447","-0.267966648647298","0.0445506426291449","-0.991257234554229","-0.252610985577771","-0.33111932414654","-0.698754810764367","0.038010669123592","0.547305057016571","0.31040491288919","0.246340904286778","-0.13459932542063","0.216210830532399","0.159244140046054","0.179526517265732","-0.299861925832772","0.636224149115812","0.211947766327852","-0.429889199412617","0.248427353212867","-0.0933839110373392","0.0391332409661505","-0.842935433350789","0.199253631378939","0.467104346435946","-0.14637697458586","0.199043543077407","0.00552772747303459"
"acylcarnitine 12:1","0.0459971002164463","0.324856184978965","-0.160551316293471","-0.0291807048248502","-2.10390646091312","-0.0512576368433806","0.305900541215797","0.262729710130027","0.255280415450061","0.380905237805352","-0.572262585128087","-0.883861902695318","0.225890465968806","0.181997224412872","0.251195525568315","0.448560667096105","0.158026776289213","-0.669439700024786","-0.0932364410211621","-0.134352779534662","0.263824202442293","0.208000049920875","0.329070734680666","-0.453366999420234","-0.462529588202311","0.350483179087443","-0.132361888720811","0.253179140343335","0.585523829141995","0.303969032847336","0.0311300298792934","0.728157864281297","0.220192083884649","0.273641204500923","0.624763355634459","0.0621114965122517","-0.20660563320485","-0.415919833478464","0.0355381225334474","-0.292080700801097","0.120594848643087","-0.00107602635649681","-0.0761295973663849","-0.320522111645591","0.272063538667313","-0.169015574991735","0.120956408014418","-0.14679265067085","-0.250088838009377"
"acylcarnitine 14:1","0.217967859410075","-0.363579773064332","-0.0607488909687248","-0.0429771345488448","0.475087222996632","0.0255501958097634","-0.775453250691966","0.0402458725419643","-0.235831481421323","-0.0836473639331151","0.300140049027725","0.956305557879006","-0.663967606640047","-0.406857090010812","-0.341314738350677","-0.398980904256456","0.0222213614860743","0.0981669137602453","-0.203162579256845","0.795792948800219","-0.144672395150101","0.0587168311665679","-0.346133476599949","0.321538315438498","-0.327989219347804","-0.507670559161738","-0.143698496342274","-0.450619551906933","0.0674380678113097","0.389216849711074","0.350428556619288","0.401577432382825","-0.086629548459736","0.407761448954162","0.102730215423904","0.435294697733123","-0.298884379463207","0.723006705471035","0.00733717949293182","-0.31677668082939","-0.250107365334845","-0.246898262645086","0.0517003385340912","-0.783229431941563","0.176610567643707","0.536353180968528","-0.214235246671702","0.87859913481264","-0.14572207687792"
"acylcarnitine 16:0","0.436935288493676","0.118325313035009","-0.760657066229312","0.0288933128039434","-0.0772355742061388","0.0152052803446397","-0.60620121376566","-0.168424251404913","-0.541919567202661","-0.311690599340671","0.645365746479307","0.0327739986184295","-0.0923800147506191","0.184154751115854","-0.208891445451267","0.25700938281043","0.184157813306983","0.200955019758102","0.21376684799676","-0.0360718408909292","0.894467739168794","-0.222189259484527","0.0426973168804924","-0.168519677204394","-0.404270057154897","0.10275464047985","-0.477785668034716","-0.0904072515433238","-0.630682333560963","0.38993656701792","0.00320853578449412","0.0295851527489994","0.0241220252879348","-0.037614342476124","-0.109915819452218","0.519936119481271","0.0405274170371431","0.546393561555034","-0.00328314664038655","-0.43190314536753","-0.374765206784339","0.205508726120576","0.136248268916975","-0.463871197196789","-0.560097323067848","0.0902863319071326","0.757539556899713","0.384306000411907","0.293715286748851"
"acylcarnitine 18:0 Isomer A","0.310002380414727","0.636242450388135","-0.528405357563755","-0.289695638162191","-0.378658328470777","0.377675260257588","-0.692558872057306","0.260956213276708","-0.246809241983741","-0.0301007677342638","0.423684164967307","-0.181876514562843","-0.101691139238902","-0.00193119247487165","0.00632208482113212","0.250341315037005","-0.110023904050821","0.136793648922081","0.440637512590319","-0.365050380442985","1.08213038172436","-0.283330507857704","0.228677670027307","-0.156413771138901","-0.529845146330124","0.243067876011164","-0.492777046822257","-0.298756889611382","-0.477264744240496","0.285659461067321","-0.0777581468665889","0.198602625098551","0.0722896134950735","0.059302647102805","-0.181358252896027","0.228470040425742","0.553203546692458","0.372313747176802","-0.114611827670057","-0.513354554699891","-0.379387410860903","-0.0150681359984922","0.499089780402783","-0.870541439092202","-0.667154708447791","0.141463009387678","0.485200300101697","0.267815478290249","0.424482711596284"
"acylcarnitine 18:1","0.229399489983025","0.32772156954694","-0.114435939831858","-0.0767539128148992","-0.0126900468970048","-0.00660521413445048","-0.910025136324434","-0.193276386134138","-0.328174027509636","-0.172781783866289","0.622650821263255","0.0206881056286458","-0.232522764982345","-0.217809525250554","-0.0975978264456922","-0.350128115040517","0.0101996441137959","0.590732922823598","0.179157054864866","0.116318570417817","0.589456143602056","-0.0368894588135076","0.11037301324755","0.059718778826377","-0.084060804359487","-0.232284251983663","-0.354350345986397","-0.407612633606338","-0.777973904639588","0.337262295212017","-0.256335044339384","-0.310732373651554","-0.0915389071856231","0.0492992752316966","0.179885167185732","0.445761480808242","0.122351820190243","1.02480182352286","0.0337155194133776","-0.353246389570259","-0.0747821888975131","-0.300648632453898","0.137835641049594","-0.545956816037992","-0.619710214126135","0.427250101273163","0.594824440270519","0.67572961264446","0.273789353763328"
"acylcarnitine 18:2 Isomer A","0.860723453953806","0.453058054451563","0.181989836819214","0.224786419845962","0.224835478569922","-0.571353107330671","-1.08089217179296","-0.185894558477009","-0.358168894497336","-0.225682723394691","0.60549003330956","0.265498613379947","-0.204450250455217","-0.233502154679736","-0.078142305251731","-0.312875156447314","0.0821430546438249","0.546521559710579","0.139181400215214","0.13351795618339","0.443766271951395","0.105903048439539","-0.463379464293872","0.29284894010691","0.123582508965652","0.145397889927238","0.114093096127927","-0.411120382614444","-0.167285490157711","-0.212194725277204","-0.118723246521819","-0.276485627029405","-0.79331090519008","0.116946533185191","-0.198399993972447","0.18309158647676","-0.00615948726080787","0.477156816733564","0.178669698914039","-0.510917473449289","-0.103409852430233","-0.277657447707689","0.0940720845439891","-0.690160777635005","-0.420937127816913","0.426194917879139","0.245374514937545","0.874045165817125","0.362214388594589"
"acylcarnitine 20:1","-0.142895249184289","0.562159933301812","-0.389780271700953","-0.245634865342393","-0.144922554716739","-0.0815605609955183","-0.697093919564212","0.0994034815004986","-0.225406206400972","-0.257707950594","0.309359154270656","0.0181261591788774","-0.0250344901114712","-0.0554306303901235","-0.034783795639116","-0.525603919929566","-0.0734754274366041","0.3667281512131","0.211095615975738","-0.0752939428577529","0.705796929633618","-0.0260536926254455","0.034649465592622","0.0163542593900955","-0.336479017765726","-0.0894257569729547","-0.0849505104997478","-0.388895921517564","-0.733202296671924","0.289415127313898","-0.350001953965751","-0.0564452599834491","0.0614215884750984","0.134493806466004","-0.393967149131448","0.164675029397171","0.148989226523144","0.795484822478219","0.492543754807065","-0.114845838843598","-0.141960060525989","-0.139414104661951","0.441276976614409","-0.4175132878215","-0.568601925651575","0.343022874601325","0.466319112890412","0.570098295880412","0.584966795998156"
"C16 Lactosyl Ceramide (d18:1/16:0)","0.113564588429851","-0.307003186881832","0.248042741994719","-0.0868887991839082","-0.275443323871214","-0.0140929470346969","0.0445293680278004","0.213673504446779","-0.904887469418884","-0.223776445053731","-0.329619053938264","-0.216723789118091","-0.352850542369665","-0.193761699662255","0.164415194584132","-0.00974936522808262","0.0867472453670932","0.216186131816749","-0.362928155547695","0.478070097344121","-0.167159724034671","0.0890304958154253","0.00186155054585928","0.450881335284247","-0.480235086723452","0.0373254637813097","-0.0355159456499753","-0.191803586166612","-0.581023340732578","-0.083339912173001","-0.0140594082603511","-0.0155446605558666","0.0414368244290371","0.0479666006227561","-0.465293552507103","0.579120612244972","0.165175834431083","0.309269680589005","0.348442857520357","0.253651008389934","0.0630983574746074","0.0763674780427323","-0.187195143829562","0.624419224234761","-0.172982011933989","0.320757471925473","0.123312221068725","0.530615674790594","0.0439155866733623"
"CE 18:1","-0.0272330358927852","0.301995190707835","-0.491048281228882","-0.527062055296387","0.276117490914935","0.145202898935348","0.2392433738235","0.320368720163228","-0.661502684553609","-0.842442580860421","0.0931792304980402","-0.800706693717294","-0.090473279156079","0.319925409499121","-0.16301466193868","0.0213837053489674","0.238483934601851","-0.0329689551213252","-0.0694432761754076","0.54859427514937","-0.542613778166473","0.131442391280385","0.32995064891792","-0.0314988608324271","-0.170564840496051","-0.498452467992029","0.393179493226148","-0.62243189379656","0.051671078436914","0.47945276267878","-0.221767557384893","-0.666768599715225","0.0990464074772249","0.0670050655012952","0.317393721998674","-0.125272516630414","-0.0435035592369521","0.602785809781383","-0.384071743921072","-0.0415044354068117","0.382376031375545","0.435373207484146","0.441220263661749","0.636153856078447","0.0740644163614227","0.337785583231312","-0.0678192262257306","-0.378764850203962","0.217534866815928"
"CE 18:2","0.493148021862559","0.590317733684958","-0.182122489994276","-0.1111199623858","0.506531118094019","-0.10462514941243","0.174038370125836","0.263110975606863","-0.597918925502963","-0.704881177163071","0.165468427957978","-0.470606783700651","-0.0395990853675162","0.503122566442298","-0.209665380517593","-0.224461311052344","0.138763080047702","-0.00332486221358886","0.112424705771587","0.372427147927704","-0.528392238160364","-0.374511987236104","0.476141197652233","-0.00510884644928174","-0.652518081467846","-0.8132511927013","0.715229367567131","-0.476471999949187","0.260139687126729","0.370100471657975","-0.289387522307937","-0.662173032152053","0.3878619085401","0.207907434349879","0.447602590046461","-0.540689438259955","-0.178598271523014","0.30675766909121","-0.177683633324589","-0.0518369354453533","0.635075003336068","0.176038122229833","0.880529401805647","0.504585591920399","-0.2014086942836","0.296825608695131","-0.648878037794738","-0.399698745674925","-0.33521241749982"
"CE_13-HODE","0.435207326427457","0.455396477140993","-0.0283884119097859","-0.0650814124671431","0.297418794987824","-0.312110648282653","0.255721786631537","0.159706194315585","-0.467769536875942","-1.03394591767858","0.331837509760125","-0.831910032721924","-0.303062077268193","0.332689345586679","-0.0496961815657769","0.0367359650830014","0.289227256600173","0.355192433223013","-0.167975201965608","0.485010417753152","-0.217634744644003","-0.332642258587877","0.0421020611281812","-0.118517920527569","-0.0887835239836742","-0.276404291732455","0.251367964286017","-0.451194626807048","0.273632177379042","0.204874027848775","0.0147505844329682","-0.30933392668561","-0.0473202982584143","0.156990915287147","0.031426843592765","-0.31401530949409","-0.512279310761649","-0.167972844730479","0.127379914261667","0.113893516814759","0.413391795201761","-0.0429974811200485","0.737868692779885","0.172361155232573","0.411880566194855","0.133464274478978","-0.317519010651263","-0.136209283720413","0.0732362560112879"
"Cer 18:0;2O/24:0","0.0513076634471489","-0.0544614911575846","-0.106373420963181","0.0593659372242437","-0.11340357634413","-0.154061306144552","0.116397021807269","-0.241344982974193","0.632023804798638","-0.236986912097837","-0.239082051666684","-0.0832057114322554","-0.323130210081666","-0.0593998810632522","0.298630023449759","-0.309567972300538","-0.352311281526551","0.10040315079881","0.154736995858689","0.062805531475731","0.305246472532332","-0.236026622172892","-0.160667602895628","0.297370488083867","-0.0856796969761681","0.592553167851387","-0.600234820068671","0.533010022936781","-0.330287879616029","0.0778969452052932","-0.385074995035322","0.522143687330537","0.0226993258013769","-0.363200689294707","-0.444556727972202","0.337068576363696","0.24914332411895","-0.181755860617627","0.220422852909948","0.1909829448794","0.327861042013784","-0.236505539934851","0.0944852680309479","0.415706924315939","-0.367195346149067","-0.369557037998162","0.223559532518323","-0.241579254345943","0.389830167076845"
"Cer 18:0;2O/24:1","0.0143901398910091","0.0493132972906427","0.409873229925169","0.181550120415355","-0.0998084249136626","-0.491844333791311","-0.0185309120453175","0.0702703404880254","0.211988622231394","0.0220384842769487","-0.771052738707324","-0.90052088988618","-0.210861655066277","0.00706336475477922","-0.137980403279295","-0.068485977234349","-0.0582880183328889","-0.00563615462465535","-0.20343139760845","0.294492958011228","0.221780743554935","0.084796423886317","-0.0899656126252621","0.346852616086699","-0.245534536323413","0.0640444770790574","0.0355967389317392","-0.0190900509004656","-0.295889593872339","0.222565541308748","-0.0337683176235626","-0.784465895715481","0.0711325914873467","-0.590628111672242","-0.367293696576771","0.610181468356662","0.178818417944546","0.290790844274502","0.315778299636901","0.403412091437252","0.475364055887652","0.326307578669634","0.151847293270576","-0.152677876302734","-0.350776742367195","0.239429736252899","-0.0788236854008346","0.0710213742148213","0.604654175305163"
"Cer 18:0;3O/16:0;(2OH)","-0.353026363320468","-0.0933131620655485","0.55333106448817","-0.662057363138335","-0.319071934840992","0.26726158703128","-0.372052689224092","0.304622332330909","-0.21056572541057","-0.0455995503550388","0.274042889424376","0.477057454609903","-0.0160077529341491","-0.201509429462731","-0.182371087002299","-0.0290277437299525","-0.298925200021983","-0.344422194252061","0.21563414455528","0.0597134887001589","0.00702022677216683","0.381430327475987","0.0264882687644997","0.389887029380451","0.358044449709317","0.248522448456353","-0.63393753431583","-0.15432263999539","0.0909948959079095","-0.218465841421189","-0.25482687800418","0.157761822722236","0.30793251035088","-0.514867585991933","-0.583268959266076","0.58086829345448","-0.183018543368565","-0.226982165869527","0.0450621119271435","0.538121320463423","0.454090976623119","-0.237765864362928","0.238716533812027","-0.37043440402011","-0.082392117441829","-0.126192062654173","-0.0343008953941872","0.368683349353474","0.403438161550592"
"Cer 18:0;3O/24:0;(2OH)","0.616650607450709","-0.428092668945342","0.0950091921040913","-0.417437443189605","-0.382353093789968","-0.0180604580448674","0.210150686671006","0.0233467806768665","-0.0299947864230123","-0.151455183040208","0.448194429198954","0.317184951121057","0.0735571324750826","0.298118405361296","-0.204963884599921","0.108945232098127","-0.382923624644254","-0.144176355970202","0.176820371051445","0.00791390530023555","-0.157065181373759","-0.00039355691810307","-0.306287446748532","0.299884667461093","-0.225678652014679","-0.147216976127145","-0.0688195358855757","0.409522916004307","0.383157331365896","-0.43442128380279","0.00134481777338337","0.415393268393679","0.26255870232071","0.665209346774317","-0.459650439858287","0.200018121057904","0.206867569615201","-0.481954402123166","-0.245714121212954","0.176964016124085","-0.320552024525965","-0.300938352203864","0.125978033833247","-0.696490611698689","0.499720825150128","-0.330398967280412","0.124037236626524","0.0909170224871892","0.0975734819247704"
"Cer 18:1;2O_26:0;(2OH)","0.533760430866454","0.883507594505131","-0.433296172904339","0.265228663668904","0.460979833828008","-0.0192047218129561","0.576929768613899","-0.532075534018744","-0.236949136871791","-0.334940094547825","-0.35584495669513","-0.535464058715189","-0.272540862098788","-0.101154805292269","-0.166755053864683","-0.274295082630947","-0.0437095303052983","0.238741903262037","0.0583989842937862","0.290244416343541","0.00491874047609179","-0.141482847995053","0.721505126473795","0.281539406558843","-0.524636304566357","0.512628349992964","-0.0274510174006923","-0.0929464438050771","-0.655523380142568","0.375119479476522","0.336853797478584","-0.330949272344587","-0.531952120338979","-0.54452742072266","-0.158589167088012","0.362836798881424","0.200216518417844","0.467079684380036","-0.380555906452185","-0.102746827768848","-0.180903905301779","-0.00643214321714766","-0.217027195056948","0.515986534537856","0.308491412504315","0.0080512759484133","0.6345545263447","-0.667309530162808","-0.168309754731486"
"Cer 18:1;2O/24:2","-0.0637840479102318","-0.276820350195488","0.184365145711034","-0.209065081587563","-0.678165639275737","-0.043100135991053","-0.135986880753724","-0.214900639142955","-0.214555514710267","0.999346213554116","-1.05822219966441","0.0316311292127126","-0.252282131857611","0.183462614439009","0.0302326639922737","-0.289328364914378","0.110010031857234","0.0361259321905263","-0.557127147238931","0.631123274944222","-0.0630743309194105","0.0997161316591325","-0.229278911248436","0.443202535933269","-0.537159075070004","0.30105069541432","-0.0278431562028352","0.21173431056305","-0.340105762586758","0.231140821067301","0.0415869154772725","-0.0515198438154285","0.0123516374147536","-0.414434536422012","-0.346070079608248","0.711206112314568","-0.18025587956058","0.428442443379954","0.535169229286239","0.334684050261991","-0.0532541544637453","0.303375918667973","0.00505902888955044","-0.493696767486877","-0.213550713247686","-0.122017987482164","0.393020938054292","0.307258209727616","0.500303347344126"
"Cer 18:1;2O/26:0","-0.00957806574400171","-0.378573229639654","-0.0631456796822322","-0.233011955434831","-0.323872633721823","-0.105429834912129","-0.160465636787362","-0.169085942175683","0.272229450329659","0.602014366811623","-0.0760298425209791","0.104716736301517","-0.005950314254448","-0.228066989588274","0.175949636121467","0.00702626504923706","-0.170507723045432","-0.245960855583808","-0.361497487811576","0.730125868098899","0.364893331289049","0.091037728333017","-0.163394782345786","0.436910049614401","0.0617346601414758","0.0030636906055683","-0.241250566306416","0.0912222455970622","-0.292010188352563","-0.039734423655422","-0.0206201011572768","0.427249185525531","-0.165098891880294","-0.288633029805266","-0.111260983285151","0.412186986873852","0.345950580923867","0.0772636496113636","0.217702086824276","0.30472631437524","0.100081046936701","-0.386258473084865","-0.119827821798286","-0.582261524181466","-0.189078464599004","0.0160258091248921","-0.170477346608718","0.102612012099405","0.356361087374645"
"Cer 18:2;2O/22:0","-0.50380170768196","-0.407101075019418","-0.25798992285406","-0.235788459226167","-0.593134698333188","0.140424628816784","-0.104093198535326","-0.156185086383656","0.0111002179817582","1.12361521604774","-0.738152101409966","0.322163999445647","-0.0895747829929297","-0.129844132492996","0.030055997500171","0.257319228604927","0.0796261010611525","-0.0808708186270635","-0.213270549492696","0.154129960985974","0.206063750715754","0.147876009535066","-0.153188338731833","0.411947761646184","-0.719360211820455","0.248174726522155","-0.105058362060718","0.361336456533594","-0.611799531064423","0.231644249142871","0.144149411246027","-0.0510050535037892","0.343262070588321","-0.100099520115749","-0.273887142350493","0.348048408419484","0.0691209814543975","-0.029837757279502","0.556848629989731","0.306930006127817","-0.413721258236242","0.541961506881736","-0.101369860406724","-0.321609019426243","-0.437480182341457","-0.0166838420774131","0.346414911841214","0.290727889901121","0.171964491474841"
"Cer 18:2;2O/23:0","-0.338303088513894","-0.524771943958387","0.0565279435193678","-0.180598944709969","-0.639291818689094","-0.0594515346627891","0.061336907205486","-0.201095852177759","0.107050870041706","0.839108682557661","-0.589544290826921","-0.117223840101618","-0.373636564695035","-0.196398728752205","-0.254989224904305","0.334131646273777","0.0571357569205017","-0.0028303750513218","-0.294972111728729","0.191867859988611","0.129545979823512","0.180284772902009","0.157514571645841","0.400197726278623","-0.823158518381871","0.0992335825155636","-0.065714610319612","-0.220972518080977","-0.12704519222783","-0.0328815593620317","0.136186888541261","0.0831821331368702","0.300220090713525","0.0738659341148493","-0.246003188466785","0.452085053190907","-0.141473975407455","0.10493297400597","0.384122571345261","0.21022563731426","-0.157918533522009","0.461904991601403","-0.0536279967490855","-0.392264371187607","0.0800898743353015","0.171370009294985","0.501272941269315","0.186285777398599","0.274487606542126"
"Cer 18:2;2O/24:1","0.188122712333863","-0.165133200534161","0.0864355535023596","-0.0165478431947639","-0.715967712251172","0.10138886861633","-0.111504202757284","0.0618813840817762","-0.0343881711775959","0.21276766351256","-0.72214504885822","-0.152354822607021","-0.247327806385646","0.138798823301795","0.222007461056395","-0.134054569676134","-0.0460911092170195","0.178728782809013","-0.448318149021519","0.561651305305158","-0.121126848607012","0.288931451651846","-0.359506332696247","0.48300532236557","-0.545839621290904","0.0906879329513904","-0.136837161136468","-0.0272389084561993","-0.0317717403811495","0.132652534827307","-0.0811360531092643","-0.0481456728616162","0.221741426471051","-0.253423388697578","-0.2933045010979","0.0999078627771334","0.00908025422438603","0.572862679822689","0.111598735608409","0.327014270734153","0.109127777580949","0.226481002574098","0.0434920427827729","-0.585012648689713","-0.148832170366193","0.00456736996995301","0.298671259096808","-0.0139518328169303","0.668355037929945"
"Cer 20:0;2O/24:0","0.196422927571596","0.0779297917241904","0.213155966028912","-0.078804944664698","0.252521419107526","-0.121402523419019","0.0962473559043469","0.00933430376526012","0.544441612646668","0.0286668373314875","-0.204559148369364","0.159805396295147","-0.098178581932685","-0.302792875312472","0.023256366515943","-0.458823487206911","-0.144432729615653","0.0625406790139989","0.352351947039053","-0.461083839196644","0.385180294388133","-0.122430015909842","-0.434168123941233","0.104866593184535","0.303850691635383","0.275515003006901","-0.925781613836796","0.0319340347929134","0.131046525728866","-0.458440292545138","-0.106567196160659","0.69843684564083","-0.251488324814554","0.476995004419001","-0.221935998811681","0.353134354225056","0.145544594273116","-0.55303808111677","-0.0131320787312279","0.105750208486164","0.208163437790739","-0.307288071893163","-0.34184197721501","0.128754434261489","0.213069568326248","-0.233935073275758","-0.144043152600079","0.138317627050293","0.266934310415559"
"Cer 20:0;2O/25:0","0.0402217985733924","-0.247171736812335","0.49282070174313","-0.558148662436826","-0.0986583708960132","0.050908987828039","-0.00180714939380715","0.37841708579475","0.0498960857428251","0.183061447763232","-0.239972692287912","0.0126478550601354","-0.140938177414372","0.0809981053275738","0.074718136468462","-0.351769303385315","-0.562524668412148","0.0696449695193503","-0.0634862407563943","-0.196136548925736","0.172244622073888","0.269855589111854","-0.439718340711665","-0.134551759155285","0.350758927139895","0.0125837735585541","-0.387937091672906","0.378178372760585","0.522689899837488","0.282443312189524","-0.0562509482792433","0.531408926913865","-0.13354855903597","0.676926558673113","-0.2873033677716","0.497571635176988","-0.443014048044241","-0.68138461480665","0.00865643728478569","-0.284459270383755","0.339604519244028","-0.225764096936762","-0.449661332607296","-0.293303307157639","0.626183352987112","-0.528326787716933","-0.017521548085958","0.387159874977406","0.333757647336789"
"Cer 20:0;2O/26:0","-0.100948009653909","-0.320558816835023","0.456785880302218","-0.0640216662845058","-0.451289342723319","0.413182246726412","-0.183034285889252","0.160464058542943","0.205951340243762","0.0518257174065622","-0.274793140879518","0.536651741900059","0.235555632701818","-0.0116782960616868","0.21698133098394","-0.204987354240677","-0.277893559127703","-0.379513552978671","-0.283848826780608","-0.304947232804008","0.210503364780711","0.463407210088035","-0.1565090929329","-0.0431364474630466","0.343254567154658","-0.0258476004158636","-0.421224240440997","-0.0573160677361964","0.542816940701386","-0.194978631767829","0.0766297815955278","0.467977588206078","-0.289331559330528","0.604566790040109","0.00463883232708734","0.241154619572969","-0.202003046377604","-0.448350659918515","-0.583012973836021","0.165085739026467","0.360731296435066","-0.86413832810592","0.0408836989271711","-0.056975861857766","0.264024152968792","-0.113680080224038","0.111376181785063","0.00347377296001626","0.136096189289255"
"Cer 20:0;3O/24:0;(2OH)","-0.128548049536989","-0.00884400089184601","0.162261796785779","-0.463901748062451","-0.543939708428129","0.0990348416055463","-0.16400315435871","0.0423506881104221","-0.123113528673892","0.0160918629482929","0.146275725591837","0.105740668289726","0.396069749567811","0.442131753464536","-0.0419167342505022","0.116211243494772","-0.232521360242293","0.0497566267827679","-0.162411653457353","-0.164348871721573","0.603989999856897","0.168010737591231","-0.310318798358673","-0.370975466985513","0.429757366669777","-0.703409623696505","-0.544351109209118","0.0617640442696456","0.353926428973813","-0.422628469713482","0.000755866528118925","0.45682856974325","0.065315244716606","0.589456334601355","0.211605689281681","0.384101456099993","-0.153510649746921","-0.550749149705818","-0.466130851891474","0.495196005218822","0.0493974745942025","-0.250365817221024","-0.318373537239997","-0.13041549986377","0.532931986703448","0.00597973479657611","-0.227638758330909","0.362721506407615","0.134753138892422"
"Cer 22:0;2O/26:0","0.624967008286181","-0.183821018790763","0.385357360503325","0.0545045359628689","0.227779592401496","0.0263902524281359","0.051219018092812","-0.165944502750541","-0.416737165443639","0.468316877634918","0.245997668707121","0.387510162717439","0.101870442530859","0.0819644637648682","0.143258604299328","0.32090802202835","-0.0342040230566908","0.0130886431768981","-0.393949178162698","-0.334450742845119","0.127758484366227","0.0450722927929745","-0.401547480004137","-0.156219201225508","0.472225100620639","-0.237870859602707","-0.329540513906428","0.0553214305793032","0.286108501238522","-0.0722376354584173","0.0554825835435811","0.489042108105913","0.264085234707784","0.415930145516826","0.0188913274024871","0.235147217432704","-0.685269689188081","-0.262766636510418","-0.699042894461189","-0.309916656882369","0.198757450845294","-0.580826655545975","-0.553842734978469","-0.167312092223181","-0.016521501491594","-0.053062789755394","-0.0924869587251886","0.119187846667227","0.231428554654417"
"Cer 58:11;2O","-0.238294746990542","0.29222908778251","-0.912984310979715","0.740369795701323","0.576825042348962","-0.271549023874425","0.470832324293373","-0.585399591756473","0.409859616103672","-0.682907500382003","0.419852144231825","-0.837249020716047","0.212858548963023","0.23139695016706","0.290460893368972","0.0286505514762529","0.628243226898724","-0.047738375589515","0.505300636491418","0.086415822688738","-0.564694922768997","-0.248862044021964","-0.0124329550282692","-0.535965916197525","-0.358622754602314","-0.024940244773979","-0.085045889191042","-0.495632391595509","-0.204920181001641","0.398651999723512","0.0715158024632709","0.0222903732048799","0.59790977936584","0.440173356927327","-0.12377665896787","-0.284996496333393","0.517672385740497","0.189192301603002","-0.49956180255534","-0.586824595578757","-0.242866510809754","0.332583780325218","-0.558484656265381","0.85584696037753","0.487666141132078","-0.314307624351628","0.512988277620381","-0.504949960059148","-0.0967776246081575"
"Cer d32:1","-0.623339009823366","-0.64702273545785","-0.198975248136436","-0.228735579574896","-0.19435878080237","0.0578023196627541","-0.265419622307434","0.220075985641274","-0.129146845044348","1.07384684996652","-0.216065463490922","0.800510075923574","-0.214022406240372","-0.405886969519249","-0.38051890468839","1.01843614720369","-0.462696883614921","-0.271193353523146","-0.00761385841015771","-0.341320692444122","0.489464450894932","0.186286780772185","-0.066618391260623","0.255273374354069","0.234970074358545","0.347356539781589","-0.225997723464555","0.662385470821599","-0.497607996534886","-0.111684477089984","-0.378559431900524","0.311065717969641","-0.408081744709315","-0.139327114004074","-0.328356813483943","0.126726346354127","0.161335442874925","-0.561527149220683","0.254440477278288","0.410322927558311","0.108731051870895","0.554055206324038","-0.398452933457867","-0.237405702318044","0.0134846002174234","-0.202994629913662","0.195320562865907","0.166867329183131","0.494172728558711"
"Cer d33:1","-0.374762430547345","-0.306615045263785","-0.044885517386733","0.044776264193042","-0.42166246958518","-0.0715420396497672","-0.275244057709237","0.173243578442702","-0.354824422855323","1.01918786691612","-0.210601945803849","0.522379337037888","-0.0752429959586704","-0.247925469233913","-0.116234128519693","1.08030210186583","-0.067812776052689","-0.180036224491656","0.231346064667587","-0.405208401104304","0.2319294121319","-0.0853627812506852","-0.0965892085852138","0.354037125036754","-0.00581505796742993","0.239819335977895","-0.0843067932526761","0.467407276034252","-0.201042814015233","-0.422338008278891","-0.20882911236535","0.58617908657556","-0.362060063565513","-0.0808636610456792","-0.113085460701505","0.4119172414858","-0.22802780254794","-0.40301894140857","0.179219233059791","-0.0789629250967723","-0.338726041957481","0.378215012438486","-0.41213533145427","-0.137796254088767","-0.0307084919122646","-0.370254045085518","0.108610971848016","0.248093330019103","0.53585748101118"
"Cer d34:0","-0.090558335231528","0.0437619980063851","0.223409320804142","-0.366446176833697","-0.366991982092993","0.160768044239906","-0.195362599898731","-0.015349876481087","0.145927817359199","0.716521130810846","0.022644121311374","-0.0229747733700901","-0.468992049944498","-0.249383475081423","-0.350952951889815","0.0119323474459967","-0.202364930470236","-0.46151168171972","-0.42074097637466","-0.157005483361871","0.245474615941565","-0.0845537666825184","0.0557445007942683","-0.0391764979127302","-0.145435476795354","-0.128017864476499","-0.171602892978061","0.721604451956142","0.144181337190511","-0.0576850503806088","-0.164023369625123","0.260825944541526","-0.106685607151214","-0.020942769055466","-0.0914360888217098","0.431094077268764","0.14267838785515","-0.0536995098990735","0.0925111951686457","-0.00554981708838416","0.0966153668902067","-0.0519655397808918","0.236219668593892","-0.277482828123046","0.11839419471636","-0.305056099098584","0.146696322096145","0.512561794370607","0.542381833257982"
"Cer d34:1","-0.361278734867198","-0.192743737850265","-0.0308194871243736","-0.423764940309075","-0.508605757509841","0.21233197349045","-0.185938854056999","0.0312021815305108","-0.316947401718649","1.02895752862419","-0.381700125172171","0.427853112320794","-0.338646682349936","-0.189678956864966","-0.287179328117212","0.827355128033554","-0.246777326900812","-0.296245524731812","-0.143032311182118","0.0130642085597763","0.532370741722015","-0.00868747462905677","-0.028215370994226","0.335935187831157","0.190734649896367","0.30471838229007","-0.0161542016409398","0.49419595702188","-0.693941089632286","-0.18769122907826","-0.152365093880255","-0.118566505212194","-0.19436806255027","-0.770390653309605","-0.48923629264479","0.428080010596507","0.0019703148324342","0.06515781168149","0.405796962549857","0.344597099982592","-0.0964567569252008","0.421892052751794","-0.036917383894078","-0.23176239568606","-0.486916358211046","-0.0453072249782265","0.141163417998391","0.379956915180006","0.87300162512809"
"Cer d34:2","-0.580293479050333","-0.388985600283798","-0.0306529215510682","-0.327818409606626","-0.487939447902092","0.0927281770853289","-0.254466619498777","0.118764026917515","-0.133877586402448","1.41797666379646","-0.819028060817866","0.824888253915273","-0.236972330871835","-0.311353642666086","-0.457505710827192","0.657891225422169","-0.301954198496629","-0.256128717761536","-0.110780741116423","-0.243411679068866","0.68295242979436","0.26328249138906","-0.31538888814092","0.434444508515606","0.0623553531942173","0.269172397733578","-0.103681566382771","0.931048291776244","-0.595678349630882","-0.246511830459823","-0.260886738865785","-0.130176169268954","-0.345360471122552","-0.421604474238059","-0.45827273350114","0.438765602089181","0.0530189615592637","-0.239609874408887","0.511189789493813","0.481755529358619","0.0242998474835039","0.364541644078607","-0.159187217466892","-0.329296221143677","-0.337484629575706","-0.0506896293229652","0.34627177105628","0.315764657143811","0.6438863176477"
"Cer d34:2 Isomer A","-0.29989127802493","0.0309625029140586","0.365472097135526","-0.664816079707697","-0.170942847379716","0.0783900877624293","0.246524985375757","0.57528914403348","-0.335555359471352","0.179617652859151","-0.547577587030907","0.525373013211015","-0.0661948769926791","0.0698496890757023","-0.748590224217481","0.358018209732081","-0.277544619944275","-0.313671349446942","-0.131197001566342","0.105368054562644","0.213214806995145","0.219130458313522","-0.266995656327071","0.189166447560298","0.379173504313407","0.407112344463332","-0.565664744108653","0.103287630266105","0.335816963141109","-0.383807634145686","-0.13219403997514","0.0430992948457401","-0.221253916157237","0.114325899443716","-0.00256200265148673","0.545416735474951","-0.100439512548751","0.00647672542691134","0.208657041655297","0.221959963075866","0.0742181161090237","-0.0132090067946863","0.0371901522948917","-0.549804041737801","-0.389613842097939","-0.00918105899783078","-0.00646501511078369","0.481825918626816","0.0822342557674128"
"Cer d34:2 Isomer B","-0.616466377763741","-0.523529327497065","-0.0237974303847651","-0.00624872360598278","-0.408181431305197","0.160051418003174","-0.194454516090282","0.0311382573845551","-0.109817868374847","1.62688075773518","-0.752061467657375","1.01212510135301","-0.14253930719637","-0.332617032528872","-0.139195286237655","0.437581565890195","-0.698284354338222","-0.152934108128752","-0.206341145602545","-0.0892747779811476","0.63609535522548","0.250495218201777","-0.481703041863871","0.292347727012199","0.15938556281354","0.320555209203369","-0.57494520085868","0.946924979332729","-0.349584275553648","-0.572128881555367","-0.188568992572109","0.11967278445161","-0.294021607326","-0.361760376097675","-0.615314572014496","0.490244804214778","0.086872600110518","-0.314063742562941","0.576426888843523","0.472523603723203","-0.145784630323536","0.421415526546898","-0.20128177550474","-0.369541741949587","-0.172573292375893","-0.129583064608757","0.215658581140079","0.217098185694258","0.693104222980038"
"Cer d36:1","-0.00113552905040868","0.124117388929361","-0.103140963137003","-0.509223789526663","-0.610699638831275","0.387998362382057","0.0654472383375802","-0.0315678878634697","-0.0500994090415155","0.232035072156131","-0.338591518754518","-0.152028569019974","-0.584940086167513","0.175305915270716","-0.121728266794888","0.507119991481159","-0.0302106132174105","-0.160976914615678","-0.418617386210609","0.403205095748824","0.453576297144985","0.261057850658853","0.237715860536566","0.322461181006219","-0.541396136840489","0.251427174832823","-0.115997949389914","0.201811488098366","-0.266255298398856","0.156104491969759","-0.309563793447081","-0.197376227669328","-0.0916230918548912","-0.390831910820684","-0.298968444789188","0.316591657581808","-0.0246141693088054","0.263006610856952","0.522000485913264","-0.0202144980946826","-0.265131247413499","0.302054306024897","-0.0494171804319345","-0.153213469828474","-0.420941003719864","-0.142743444434576","0.408147404740032","0.206369581290461","0.603694983712382"
"Cer d36:2","0.0377208455300466","-0.0848305388441841","0.170030215486588","-0.734138409180209","-0.437401407173173","0.360043928084808","-0.0284707629740821","-0.410839505663824","-0.288528489571776","0.92409482528569","-0.73431740578706","0.192600460984924","0.0417032236848761","-0.0323656229504814","-0.0759306465989426","0.602933055305206","-0.339986400585558","-0.273500075592991","-0.456368884921582","0.3545820157923","0.517126533181477","0.037439613645903","-0.0837797329650655","0.857243443128173","-0.487525420394435","0.154864781840534","0.137087650442327","0.802237597755003","-0.770391850232103","-0.189400756342991","-0.0133796481010687","-0.244923637556058","0.0741528281466585","-0.581406843460955","-0.128967803408562","0.223598513308018","-0.28993673424003","-0.070478469095204","0.584333313303722","-0.103607281941194","-0.178986154928485","0.427627658458889","0.0379596290978218","-0.806021110929441","0.0642074604457018","-0.627925218586342","0.76828077384062","0.3938735981103","0.709666847166217"
"Cer d38:1","-0.272499769152952","0.0457036045593902","0.216558829711715","-0.24736460546916","-0.503276804459747","0.166134062819366","0.207681731877202","-0.117414253344578","0.014412247356617","0.134528209740618","-0.396422463931773","-0.22470509407345","-0.54440151873796","-0.0719291151862711","0.137966528185143","0.413280109552999","0.0299064600011487","0.0067188336832474","-0.117014627424826","0.29718293064216","0.519523283033678","0.0115005850136158","0.0852029171649963","0.646501066576626","-0.368795453094459","0.225623741629258","0.00267663362244277","-0.000723536084869978","-0.321425781163464","0.0903829719976354","-0.472921939179305","-0.165459993496724","0.0130758556734572","-0.413037663083488","-0.235086576819764","0.0894180608324808","0.203945762170361","0.285794638447782","0.226706858790182","0.222036315994332","-0.0951776127658589","0.63228430590056","-0.0885401349442905","-0.231916405465989","-0.467376618948397","-0.176277882657063","0.284253853086375","-0.155451943490726","0.478219394911731"
"Cer d39:1","-0.109015367981616","-0.214764451206009","-0.30948435681456","-0.231547336598798","-0.571862543453698","-0.0250993124852915","-0.10756642182048","-0.158597912897295","-0.00511860286021775","0.316340525168037","-0.128619568649265","-0.0695299658270383","-0.424841448786711","-0.187175910574114","0.0419122939612857","0.43372560082194","0.37541022638949","-0.119745032579495","-0.0636063286268554","0.138889563103586","0.183271901013792","0.32908243856651","-0.222774145324539","0.290928390013328","-0.269900311547186","0.217124673626943","-0.274079026807976","0.308134938994818","-0.185301810269748","0.0710430244789024","-0.160767237712814","0.644605830651485","0.0492505151295133","-0.42121869250945","-0.387732882036424","0.0473946002249403","0.179447031989313","-0.0897950016976802","0.668277009754936","0.125070524020066","-0.0962985480592504","0.611531633243289","-0.202354023196584","-0.596768575705733","0.0371292084143763","-0.0205722814268463","0.162636449997344","0.104989931217238","0.31794078667454"
"Cer d40:0","-0.256494021057289","0.35312977437206","0.0932859257621244","0.0820747135512312","-0.265840256323058","-0.317141882006108","0.220931845749556","-0.338179677223688","0.463613414680046","-0.593187921234991","-0.263081039479018","-0.524925290391605","-0.432402151368582","0.00931426812641395","0.27245334455819","-0.290353497392082","-0.139119977676969","0.12504834244594","0.285123013914249","0.191917289893442","0.366800701128246","-0.148864382433202","-0.0145537828230214","0.364671542079075","-0.26076826896074","0.419048054773948","-0.510539785312254","0.297955743153781","-0.415225649055431","0.161363145227438","-0.305982693059623","0.0251021832594355","-0.1175526365209","-0.332143925487693","-0.301007258797005","0.0734366952847592","0.589179577841981","0.329191979798975","0.326599609526986","0.072694049112728","0.505959298892246","-0.0379084684032142","0.0764106270077785","0.511715862982198","-0.419445707636227","-0.381919039106491","0.345973595603239","-0.464618816650117","0.568261529673245"
"Cer d40:1","-0.166256382350442","-0.0995545767190869","-0.120326592242185","-0.17600190682168","-0.628616862253295","-0.039869386225849","-0.082081164729695","-0.136368576247423","0.173101348979988","0.121954255529673","-0.169617391250793","-0.306607451638806","-0.465219302322822","0.0590173661262275","0.0778794656507992","0.313516989821153","-0.0349327548828136","-0.0439933692023984","-0.0532304508339552","0.415035059241949","0.365741489516853","0.11650830474575","0.204745831224734","0.617598212676179","-0.407300319939003","0.242046746117666","-0.162400600625023","0.223083030091423","-0.483409637699441","-0.00988335715434953","-0.277736234746505","-0.119508752183411","-0.0916345302272866","-0.504858084740306","-0.295274389995897","0.21686783179582","0.128984440217958","0.266806876232049","0.372905819035088","0.222627160993497","0.0879081842070516","0.699374000035813","-0.0052296203003263","-0.157432090627242","-0.572713589971813","-0.048168280738952","0.207382867010023","-0.016155135989647","0.54129551341074"
"Cer d40:2","-0.489246104231811","-0.0262838788631619","0.0578879581799178","-0.0302376044582366","-0.629877929405735","0.126136069499807","-0.397457358025426","-0.0311001881639867","0.0809170817200892","0.520862921301382","-0.520683493732373","-0.0983727597172872","-0.234363848534712","-0.071792059109689","-0.279024279119004","0.201497279823694","0.0890818284669004","0.108391773129832","-0.172762057807306","0.205963056933145","0.243345889705785","0.271914589103814","-0.287213682997739","0.721838211598696","-0.477456238568135","0.132893471606528","-0.121303462672723","0.0156445020225677","-0.255825789558967","-0.0583350974062727","-0.180712339857028","-0.0139858908916348","0.197784526899219","-0.418389420914907","-0.0879358728292873","0.165209622281943","0.217316093394646","0.321074092285151","0.331121159409945","0.188485139779605","-0.291068877777909","0.603669590803377","0.038940975241227","-0.484872352948651","-0.378497089148376","-0.0336499658856811","0.442590957473562","0.322505497435008","0.4653753545302"
"Cer d41:1","-0.14258226367266","0.207804345750831","-0.299123168731653","0.125562113188235","-0.0633034487478402","-0.519594734827524","0.109149020108581","0.0455036888996222","-0.171468591117494","-0.413321491354341","0.0501838359872016","-0.635894431995383","-0.349410789531811","0.269896029653184","-0.256457887891705","0.445784152362187","0.281026867238926","-0.0876745907760486","0.0419598909674256","0.665785417533139","0.0829334591220387","0.158585396114442","0.325142893533288","0.71872941847434","-0.721937604227846","0.164139648297526","0.254343823999656","-0.100750230874052","-0.380890251372776","-0.0198581107690543","-0.530496560411805","-0.0380236682782736","0.089777223351293","-0.189592483921406","-0.0173616854190225","-0.37336502902475","0.22013544824563","0.163889971137746","0.0425308066700551","0.0323896214093292","0.282983630245889","0.490690694267093","-0.00515334434632245","-0.116204708851323","-0.197088467758601","0.249784400321436","0.151564874046946","-0.500143553152188","0.459420426127847"
"Cer d41:2","-0.330792805475347","-0.0349081875111111","0.334380856745427","0.284188600428474","-0.0459397946885076","-0.290295907884822","-0.202086569329139","0.131240455076266","-0.103796797470074","0.386749645182828","0.0516302249165268","0.153853116211917","-0.72281165421224","-0.0431485108812567","-0.442925956727268","0.158737792459466","-0.183567379663206","0.165222047484162","-0.322029027628868","0.353364144294637","-0.23583455032906","0.175292627358594","-0.21398082616587","0.66227808839878","-0.565208508574711","0.198551875205484","0.0535574625181313","0.230738359269715","-0.119897847427037","-0.264280909165869","-0.0136055180594514","-0.310147176539376","0.110378856927817","0.436360969141421","-0.16917163750721","0.399094915788764","-0.219352026401878","-0.0376653524805211","0.354222949456489","-0.239111890976058","-0.0996720828352478","0.368498372254965","-0.289772443115768","-0.153015343017806","-0.0360789361964161","0.270079481872089","0.24911362671162","-0.368282482583055","0.529845655143602"
"Cer d42:0","-0.064157508603279","0.430415008119858","-0.193842625644563","0.449977988863509","0.0955246836792446","-0.361357536530376","0.106229851348683","-0.253971250621205","0.513363175760937","-0.458521043567383","-0.419032182580697","-0.681136014809693","-0.384141553666254","-0.0807065543236633","0.124940920922688","-0.29274156651423","-0.0757215089278513","0.258772719359553","0.260853862304284","0.202865195015163","0.244389518773082","-0.00991625946859036","-0.158071785029878","0.310176736408284","-0.0209354670884374","0.551678998964681","-0.391113670100314","0.298465772090589","-0.460066558262438","0.102466378134435","-0.53311419980259","0.0138518821587916","-0.00826428176952947","-0.453662158880444","-0.26367543100519","0.371449084012301","0.510353408128715","0.181207323479374","0.0836086731342178","0.0541482966542422","0.344760346589442","-0.21496744122089","-0.0127959677548922","0.44270421053599","-0.242368891045098","-0.397619903803657","0.288924086470287","-0.323079832845977","0.513853072958764"
"Cer d42:1","-0.059114477815623","0.139875757245761","-0.0957274686197655","0.00370059738616158","-0.36082596123975","-0.233302572884517","-0.190727518959848","-0.0477884268697937","0.105974652141083","0.131054444547003","-0.255680136635827","-0.558729109666756","-0.31220314719535","0.0366592238962338","-0.101003089305223","0.269759848672813","0.0804445773199141","-0.0410235065513433","-0.0406960006299241","0.619177267804798","0.27992501351419","0.192841338691373","0.148764396171665","0.749655686337674","-0.241551204830739","0.326563012884839","-0.0896944345288523","0.0265277520522411","-0.607815411482718","0.161646006941828","-0.399906296710078","-0.0769426426698387","-0.200764516889688","-0.534774313369074","-0.20395954074277","0.183069565583519","0.283298375731366","0.311161175512667","0.126996002080709","0.313211157768652","0.116623682129088","0.248111192219768","-0.0197010375595458","-0.0891912837021761","-0.698459407430689","-0.007274717328185","0.228618384333125","-0.292176115916655","0.675373228568259"
"Cer d42:2 Isomer A","-0.166879452436213","-0.169283846731654","0.372305376572236","-0.0315581951818928","-0.523403589076233","-0.104777657636166","-0.291456251233084","-0.0279268187797545","-0.0573626867809364","0.34167961190866","-0.833098307930874","-0.428516573725306","-0.295873331559359","0.176465187397153","-0.198730528747573","-0.266247676934094","0.00123700926394913","0.248642871313598","-0.505517765378453","0.692880916484036","0.100009210561403","0.104789946367094","0.0683796496284683","0.58665975609811","-0.29807877767435","0.286985278605726","-0.0963306599356842","0.0789952574344033","-0.571387971454925","0.126682498959221","-0.0883268507483756","-0.509688119530919","0.0700634424494137","-0.663428633096514","-0.177669190700861","0.629800219033037","-0.0302633627573849","0.654642953196084","0.411951087646183","0.372447557175371","0.212315684757797","0.258572216481671","0.0252491736887195","-0.191302636514184","-0.354079788873947","-0.111900532918327","0.40511913096953","0.0161750613707388","0.751040108974468"
"Cer d42:3","0.081132309482402","0.201674890179199","0.355203235179548","0.125774564254714","-0.48541643657823","-0.0123785310259228","-0.365108218492203","0.0390104955730708","-0.329869426657263","0.333106568808842","-0.997272332533571","-0.334506345659919","-0.259768803161671","0.190218283051734","-0.116917033091129","-0.406335052286897","0.151558374132643","0.10941206974982","-0.46367466043582","0.747834726789062","-0.0958244629953044","0.103362266107819","-0.305544348549433","0.800797559329472","-0.353020444360552","0.322548987740405","0.0430043199642926","0.127857411392145","-0.360105717290644","0.111637162620231","-0.254764005866796","-0.164915643378564","-0.00126140137759074","-0.505201840109859","-0.144875584662498","0.519808734653352","-0.181922174927306","0.763106747836407","0.228649582055188","0.218026096059145","0.082686949541271","0.145552684399091","-0.0605946294644011","-0.469787624312363","-0.445191651771556","-0.0997804095521595","0.440583919147004","0.201604844680766","0.769883995814031"
"Cer d43:1","-0.210521135211532","0.161667226984806","-0.0783309825962463","0.193997102358531","0.0388417878801018","-0.333558423383963","-0.0212078025613053","0.138546650888508","-0.292160150178968","0.0198792553553907","-0.0112912703297776","-0.20105995242848","-0.250234035780053","0.0113369770091424","-0.294653142656614","0.150720908790623","-0.0851756189626943","0.0448777998124276","-0.30109033719512","0.385530712030833","-0.00286900392329046","0.275850793946749","-0.113321385071592","0.41887922805702","-0.450405733565875","0.264667465923276","-0.0210980125237639","-0.239628016958003","0.0848120768991207","0.0742761660276311","-0.104579253308285","0.267721563648806","0.194900458270835","0.189791603130791","-0.176132593765444","0.211989831879538","0.278252209311099","-0.136026477252776","-0.228765663213192","0.278252209311099","0.433363923389815","0.181977956134623","-0.00964505000308465","-0.396771565717293","-0.402182551476197","0.104427169287685","-0.0900429688091164","-0.377860372673742","0.424050423217956"
"Cer d43:2","-0.0267765737818028","-0.160618134525716","0.283953596645591","-0.157297198561543","-0.292695808836856","0.548107357796188","0.0262926029226313","0.238729544098159","0.0837876969594725","0.525673045881512","-0.00205373977352742","-0.127690973753834","-0.146460159965099","-0.836208573115057","-0.068417647110176","-0.529539001120314","-0.807438929036364","-0.691231724025008","0.273165110526034","0.228837183461423","-0.0264004177323905","0.239062969399079","-0.369109907061386","0.168941727492453","0.249970881649883","-0.0075640350423856","-0.509398022255548","0.205053698634371","0.287847299280796","0.195381850867052","0.30386962998361","0.484546369486585","0.0452967662379807","0.490958753025705","-0.0978732678788308","0.290150372738366","0.0466464004484669","-0.277807003499255","0.238830229164721","-0.63477602352055","0.341861086358495","0.120017006676385","0.053390129081446","0.0638095072168564","-0.0693967812086147","0.270302526878797","-0.360456728952181","-0.0958358992051814","-0.00943679295044351"
"Cer d44:1","0.06337938953883","0.108651496916469","0.127381857355574","0.022585265965838","0.0921268046048259","-0.199506650826135","-0.282892461652754","-0.0880572905886455","-0.12315593325878","0.0203534660217406","-0.0319176739695873","-0.242078128868222","-0.073820269770629","0.435479808295652","-0.2399594312444","-0.0420976140233236","-0.0751298563868728","0.0292726163901195","-0.248058690506927","0.651383800423319","0.147819884573349","0.323713365389733","0.259110084459288","0.523521513514498","-0.150618908677035","0.0782705712225575","0.0340392785265664","-0.248238789289808","-0.114229582220884","-0.095112924702651","-0.447787118303457","0.162996359258981","-0.419781299542824","-0.295341492911449","-0.122869284729786","0.32817096972734","-0.0404687413281364","0.324169904908512","-0.0907594688273768","0.324054971367501","-0.0652088706347962","-0.0378871949665629","-0.16180719304033","-0.161477158575463","-0.562555581454726","0.168458470149948","-0.135308662433705","-0.03628306301202","0.607469457136643"
"Cer d44:2","-0.113544064123447","-0.402235920074208","0.0476648971562526","-0.655209290652269","-0.319805918179068","0.578321699005022","0.328868714585421","0.193241383682486","0.42092090604957","0.181664799452454","0.0139693816727695","0.268288203995645","-0.175168800012124","-0.0982450261862749","-0.275678694214475","-0.0891015016792482","-0.286614346354268","-0.194327766880891","-0.389377124849071","0.238701009975774","0.164711202627925","-0.11742713053591","-0.574515704353795","-0.128917151034674","0.308534200238966","-0.164638194541651","-0.32299531491683","0.130104594682027","0.446635340590198","0.150038067132023","0.142999364901118","0.426249580742185","0.361635025772221","0.0626446872335387","-0.0510164205007213","0.30542621814369","0.356207384075171","-0.0597599617182755","-0.045753093606896","0.268579288078954","0.0912221780266166","-1.29610410568174","-0.136603416809116","-0.0843346923152899","0.355084731416622","-0.218618331739222","0.103017826938946","0.391551607913003","-0.136290323129141"
"Cer d46:1","0.417770765810239","0.0359649009271294","0.237862825105481","-0.286931936543576","-0.757564194940953","-0.0873211198504408","-0.117299788739467","0.0596046787977537","-0.260808780946527","0.232668805343878","-0.238696183158083","0.360883717704832","-0.0759058914589998","-0.334081202787255","0.00773828048074396","0.138085244376839","-0.278256940316774","0.158912989681892","-0.835888251699438","0.186835262057624","0.250018913716197","0.187315395163031","-0.369732520584218","-0.282457541882351","0.355036827300599","-0.346376527893583","-0.294708589958882","0.0608095541400982","0.427041524841027","-0.301828326941814","0.308217738161716","0.561767764364833","-0.0228550691246522","0.401003804991015","-0.041515261322197","0.273069488176988","-0.0277502802160428","-0.397679445766991","0.355601143107684","0.391423465319087","0.187156442167108","-0.524059282152653","0.573443988720128","-0.437322157171958","0.0285057730474888","-0.175370507447957","-0.0147705847273514","-0.0370327666453035","0.349473858774046"
"Cer d46:2","-0.336469802749395","-0.134636843307052","0.226314532010745","-0.0636166850585738","-0.794976549333858","0.229485202248784","-0.267381307047028","0.167112943967743","-0.329982975577162","0.910224469654397","-0.401965605491387","0.187122163247397","-0.0391830017354787","0.321537855907442","-0.179740596747151","0.0439223481089727","-0.157223308795424","-0.166878630084562","-0.208538891575925","0.567607626030512","0.105323363559786","0.159263586861864","0.140768740906606","0.0881421481397018","0.483304083430569","0.0541278458976838","-0.452688138294624","0.390764678575216","0.414929417434178","-0.204702871408843","0.23842177072586","0.0101235109260423","-0.533999657495908","0.308017170901133","0.0148464376361336","0.228892192411779","-0.498051111407317","-0.700265296497702","-0.116191235483519","0.393217012283482","0.474242062356383","-0.938687293195845","-0.266518503347474","0.644347217008812","0.553448444756683","-0.35705183578244","-0.215160768256894","-0.0975920776304645","0.105996161316117"
"Cer-NDS d39:0","-0.177288867922011","-0.0304881189567874","0.28473703235917","-0.566335477244004","-0.345063702392402","-0.118090040483003","0.0194117085569608","0.019971455136905","0.290764439682062","-0.485677114839655","0.288487572071024","0.589565760197609","0.196050025578613","0.0841324241542527","0.0625699793657","-0.105975351519141","0.380019619808797","-0.274136016982509","-0.345947346944704","-0.0430020931248977","0.0962967228070663","0.340905520884048","-0.434813181865414","0.174143005081069","0.155177777768585","0.150024761622314","-0.484761497679089","0.0366150565784656","0.385947788821927","0.0672453202974957","-0.198796062610459","0.350807577292402","0.302519341431397","0.0757117222866809","-0.256870011424196","-0.0266349515851418","0.244319200638906","-0.0228883022993561","0.1775484447015","-1.05015636515888","0.321913229184033","0.415721994453988","-0.44497319979792","-0.121910572345588","-0.200785535365212","-0.0591808706181545","-0.115179752202855","0.161818977069905","0.236527975530499"
"Cer-NDS d40:0","-0.216291457448562","0.0612091547637058","-0.0281783950757258","0.0525277081101152","-0.247000354566366","-0.0313875227331965","0.317550916844035","-0.512723372730517","0.822550841682846","-0.220406615181656","-0.210841465879717","-0.257475635638355","-0.142960062401864","0.0331128291876039","0.151182554001969","-0.403151389502461","-0.246856264477518","-0.00951658335818934","0.216678819428755","-0.108097436072936","0.338649454886972","-0.189142244188597","-0.019301695089532","0.29992772513224","0.024060709789114","0.428259771972638","-0.430522496798795","0.349772745261219","-0.313187040182686","0.0804693034470641","-0.196557078782153","0.292676190837002","0.011057742617905","-0.363239220940919","-0.420984253067471","0.173504019033746","0.498775022642252","-0.0176401359670824","0.21037262504039","0.0440053260038955","0.370612087813535","-0.0756907160624977","-0.0632666890348242","0.403887823406677","-0.257472261625663","-0.63276939561518","0.376148221138633","-0.358881857892377","0.416550047272527"
"Cer-NDS d41:0","0.0123777807413714","-0.11965241762487","0.169644576932682","0.0358133588298314","-0.411754493261073","-0.153013155325195","-0.138359715579495","0.389761108668952","0.331869253379676","-0.0241143442126674","-0.227201114095616","0.18750264509837","-0.0872274953646327","-0.0723729453182003","-0.422034095571755","-0.118644992369369","-0.505366000551266","-0.0363074501101381","0.0400713110482552","-0.29118562891536","0.525908750843778","0.301714159550879","-0.272871664685419","0.17089907731666","-0.273936429644122","0.0996507359596837","-0.796242167620125","0.301241722322478","-0.0106776819643238","-0.172600687256377","0.127710702380287","0.747958604830254","-0.00593309352210267","0.0624072335508035","-0.308190837794824","0.446415174475931","0.37563082542252","-0.205629344649211","0.172904604909521","0.366209095306681","0.206479548636299","-0.292698222302552","0.0545866399306832","-0.189199866430595","0.017105110519684","-0.24964206367931","0.0332748248088573","-0.226782006031131","0.434501068415592"
"Cer-NDS d43:0","0.43477715514382","-0.467840242370347","0.545207297043245","-0.0299998955903159","-0.303206687506701","0.285045851722644","0.0106999302512799","0.188905141578905","0.175945329458153","0.511659096795048","-0.129337119312985","0.111826438729599","-0.267293685396325","-0.188789771730733","-0.12312044965313","-0.375627985266097","0.0165813732357923","0.118153424699829","-0.431815108757311","0.215302201375865","0.31270114681846","-0.0878008937756531","-0.351997646165692","0.0958395385473166","0.216206597733706","0.366244426965911","-0.378022018443011","0.194788221747854","0.215302874780389","0.0186545026746008","-0.434872817525132","0.598964339542733","0.0108169096565671","0.417564749432251","-0.334133201674809","0.291295993105525","-0.0852039968009276","-0.656293452288695","0.21994648996436","-0.353675688296505","0.131529901511087","-0.248017884545733","-0.127538396503501","-0.305349299167015","0.230896024337753","-0.485116010181415","0.207444944243454","-0.0898045457538574","0.112556895609741"
"Cer-NP t42:0","-0.142788251314879","0.478481916321187","-0.0636171554342652","-0.10972914548133","0.0315047876840904","-0.403509934396431","-0.375686823250437","-0.128952882382519","0.0684113395071666","-0.831216899742366","0.247038858879946","-0.83352628782774","-0.00467286578297011","0.201942093602297","-0.0138374724292855","-0.199772713188482","0.082389719296402","0.00463494414813513","0.0437945468868676","0.704184822886853","-0.0962078278241682","0.486490974285821","0.135828046726483","0.37290554765123","0.151662925171302","-0.188719730478631","-0.0603124475831163","-0.25530015460979","0.0155199368641934","0.072460117594411","-0.29243607398565","0.198929095455494","0.219043315132479","-0.459822128323323","0.0929649316478463","-0.843709488876433","0.0405189584839402","0.432914026212214","0.182440690087824","-0.0480081534347081","0.309068185950716","0.0860743492264926","0.323755928707658","0.375063664332193","-0.209806526173179","-0.0132263860449222","0.0931071780924881","-0.211716043445598","0.335444491174494"
"Cholesterol","-0.255810539757824","-0.283579238672369","0.118220632996508","-0.517672734443912","-0.135370302223178","-0.11772287144124","0.373530478213116","0.223462256798672","0.132597954185711","-0.0335718967891325","-0.0261974254019167","0.204908215416533","-0.233091726242287","-0.155345601236302","-0.0848265786439391","0.177468792663845","0.180292193693553","0.0467072604957418","-0.112885974632557","0.0568621789285601","-0.0142488321697884","0.199552892858379","-0.281584080497805","-0.437743440945787","-0.193492559685281","-0.193221255615459","-0.797905587802343","-0.308672267024272","0.0439612586046018","-0.051326458277094","0.00784843897542543","0.560787720372046","-0.0479565126292609","0.0395503797562769","-0.180539300789046","0.176160344863826","0.0542751149801515","-0.0309840358838644","0.26021541603581","0.489604231498323","0.487543159256083","0.0455377237164499","0.232853671973263","-0.07982533664268","0.244108678788604","0.182830504689267","-0.10670451040423","0.188024565691078","-0.0466249976002556"
"cholesterol 3-sulfate","-0.0476202653723695","-0.326449660612659","0.0807751998824156","-0.470772723612919","0.0517491701153153","0.100087357328054","-0.0581598398910986","0.419446647105232","-0.176524903852252","-0.673435198808327","0.191704902927389","0.226786966304627","0.535977727749199","0.194154378255408","0.0780232640736366","0.0545698178155053","-0.124122329854625","0.0545754403079616","-0.177269787546451","-0.371997883922119","0.00610742955529397","-0.374609653641542","-0.0594399075630595","0.444242816319153","0.432369398668235","-0.0777700882404671","0.0909284233851956","0.037036653756272","0.466554353511391","-0.0700607100352478","-0.614674705618372","-0.038245674289864","-0.0837899271915174","0.373418272713655","-0.0286298076146661","-0.0882626907182787","-0.221416106586268","-0.239436643439779","0.24875959679196","0.101825286071493","0.0158817843482421","-0.323701587442229","0.460215177573979","0.137090584950137","-0.407295520643899","-0.0363551922092081","0.454963064432032","-0.132439947966536","-0.0347629572680258"
"cis-13-docosenoic acid","0.554011189939819","0.205311583828766","0.407879909297122","-0.0383060680191835","0.205029541374827","0.203962918076138","0.431895557855934","-0.159444483404508","0.00380628354110249","-0.0936691958903818","0.165950738769782","0.568685099555054","-0.0864232541594948","-0.173262402543942","0.064417935634868","-0.0508423762404574","-0.404101771306964","-0.0367693263819915","-0.170728150807862","-0.569816620500204","-0.127466364702162","0.193890086980577","-0.430579700414858","0.383791182863086","-0.443447164974298","-0.0584691713031057","-0.400699949405957","-0.293637944916427","0.473405776387692","0.295827238866519","0.61737337574596","-0.663249679948491","-0.566214083638267","0.225973939174245","0.0613820873696106","0.201935471712911","-0.0449790141888777","0.0878784683005857","-0.163350395099894","-0.186180506286921","0.190146141738305","-0.46685034198156","-0.599245645693526","-0.825623854483038","0.657410539174724","0.279387601683416","0.11579551668878","0.104932193516715","0.353277088215832"
"DG 18:1_18:2","0.0805119499704577","1.09705268378089","-0.797716959288535","0.733642773341452","1.27167960697902","-0.0193456648125527","-0.0127807488555086","-0.592138446694122","0.266378165040316","-0.372147336498667","0.377266084067799","-0.709202337153339","0.436844687205075","-0.21402650475867","0.371362504710783","-0.239972872123967","0.439136336332494","0.67919447587344","0.302012348795722","-0.206633713631936","-0.377690486266155","0.305684305711902","-0.101863588918995","-0.306729222966256","0.101167147824077","0.206014613191746","-0.210479675582478","-0.271803954033005","0.140149629702355","-0.165996486633454","-0.0430781341827823","-0.0510322702399312","0.360476260830216","0.513791219679256","-0.126546070228077","0.0875535654975615","0.175821922225661","-0.0737923942272172","-0.589386434849543","0.139043054850377","-0.276249542264874","-0.0499533945415153","-0.607870419053912","-0.195119929035741","-0.414877162951842","-0.193624155349258","0.0631635200505176","-0.760064329622198","-0.167824620896597"
"DG 34:1","-0.683846470885502","0.248644753425365","-0.715513317659056","0.570653925201497","0.239217415337091","0.358621025166143","0.381493681893546","-0.484275219732336","0.468744492468037","0.442801985526305","0.38774233542238","-0.401656774809054","0.389486882623854","-0.0776406127780476","0.555248595261272","0.511380837370729","0.411816712412069","0.184560388609948","0.639268825052621","0.0976296316699648","-1.16298852941682","-0.226545326650617","-0.173750654463107","-0.409546943482489","-0.169239060200047","0.231244783785701","-0.14317978855723","0.0336831718324011","-0.870336337046847","-0.0258883718085544","0.086662993230442","0.39710232441888","0.102825337513137","0.214193460533967","-0.213431224049785","-0.175425614537241","0.317069937485694","-0.111078542368212","-0.854499486477199","-0.306209883575726","-0.177339506292249","0.0389749017152262","-0.159556782746423","-0.110018067788842","-0.0448373238185348","0.0246711833380851","0.0832200490943822","0.313929204326002","-0.0340849955708168"
"docosanamide","0.629715565563445","-0.113069178248056","0.167889921590944","-0.12891789141691","0.247959384174902","0.0568231445521599","0.621770666046675","0.128632120538009","0.194923027379309","-0.533138687821924","0.25777330250566","0.468582115952694","-0.605449633970337","0.686234786536675","-0.230726565775375","-0.033248251858958","0.11208762893939","0.534411648500645","0.406189915936321","-0.0168214400950163","-0.334655598748965","-0.161655733438668","0.468770402405017","-0.100892757853424","0.0625266934508804","-0.210329427869595","-0.216790772525698","-0.109564508719377","-1.04858260939767","0.358347796281337","-0.838625959599713","-1.0329131519543","0.00260383785337066","0.552117451096513","0.0892068291425926","0.338865844382764","0.254050247499741","-0.270538240562556","-1.04170872153049","0.551029840429562","0.297809127636113","-0.0223038398446652","-0.733599039098479","-0.375809693956619","-0.0864866823364711","0.215716797923624","-0.113902710836933","0.411583155815737","0.244109845326125"
"FA 14:0 (myristic acid)","-0.116846684051492","-0.204604332394687","0.0952410912282101","0.734558519376612","0.0339458944544049","-0.24044390697489","0.494304490840566","-0.298762022387751","0.319414989718991","-0.112191280923891","0.603855096826173","0.113040805629915","0.0424343922252126","0.186707670841647","0.0254093849547615","0.0685374835359364","-0.430607700046659","-0.571617271077651","0.094657315705801","-0.00096057590571022","-0.0852804700160842","-0.180057281116699","-0.272998576092808","0.337703914366582","0.0654052655102284","-0.0576879742000877","-0.733990893529389","-0.180749485074128","0.308654995222877","-0.0882515946108951","-0.102673038587273","0.444841756469918","-0.332297944864259","0.224473530825079","-0.0623553798328725","0.218991240024268","-0.0132746978488673","0.245096027259764","0.124737463398319","-0.150985140738713","-0.240144221690889","-0.39679788116164","-0.241724859390674","-0.378803974845199","0.404729024305449","-0.502381376669717","0.0140554589976951","0.0132485817309223","0.782444170583585"
"FA 14:1 (physeteric acid)","0.365043551531141","0.510282395607737","0.361260317287874","1.026772213469","0.422473292065555","0.205450077602726","0.285031601524627","0.292077722878476","0.631798822321213","-0.49176396439023","0.915415211787966","0.128653731010246","0.36202050060703","0.128495663312002","0.30908752885626","-0.395319073101025","-0.676601465145328","-0.777566208887085","-0.383028912647661","0.0801718985974369","-0.460969417639279","-0.448088337895207","-0.672344330564211","0.958346896926607","-0.286037065979074","0.0311621801682539","-0.137780370791741","-0.0874747129517728","0.316481562866435","0.0819051193821271","0.0128282916237984","-0.279895184574564","-0.821242771007989","0.356580122323939","0.164308753564424","-0.421996552477131","-0.095423053035466","0.801062873583104","-0.0425240521817169","-1.08153723756209","-0.446340852595366","-0.630293236594674","0.173165608224512","-0.436948740149741","0.59206173899822","-0.310849652611473","0.15779607046389","-0.229901995321624","-0.0558065584801591"
"FA 15:0 (pentadecylic acid)","0.127478311265128","-0.0326294152654538","0.288779424273989","0.586575509379572","-0.0333454885897511","0.203601866098567","0.188514575639159","0.144389154611207","-0.0939640455682083","0.0181805399648313","0.335413926631047","0.329366564699952","-0.268741201050707","0.152417251981201","-0.261459867182926","0.104578453535228","-0.39367458634372","-0.248381525805081","-0.488321817889215","0.093117752218803","0.09725212125666","-0.300736832114989","-0.342778776474293","0.46937221758372","0.349361919058081","0.175561026459951","-0.372977198148335","-0.129654847472763","0.260799894220572","-0.304567919491096","0.209303091888715","0.441857016718837","-0.130594944807195","0.143266418690124","0.13449366695336","0.177773315042813","-0.263189681404116","0.024933283495349","-0.104256072392567","-0.217468097907275","-0.0457409635062963","-0.623790247696393","-0.0757589225601534","-0.700346409973962","0.180641633991056","-0.20449456669917","-0.0156824394550882","0.0645256464386827","0.351001285702145"
"FA 15:1","0.349548404223801","0.532497269605177","0.485738490595355","1.11344307838118","0.245797581342588","0.643585364936779","0.316205692020556","0.437038678904411","0.631621596623529","-0.512555588644891","0.823806522892506","0.333446981944099","0.394845995674209","0.178866246361403","-0.400247663928349","-0.434854496485243","-0.745682282735437","-0.712651897517122","-0.499564611854909","-0.207701937555778","-0.158244384977225","-0.0840764313679055","-0.537042355882644","0.583611688942459","0.24425900619421","-0.292207467974004","-0.0639536574221536","0.0418118814578595","0.528456714535156","-0.49003581960165","-0.013099888913535","-0.152918458984549","-0.400079257523499","0.402985213334243","0.154652926502072","-0.283210740753163","-0.248441847227584","0.37564325385354","0.0416763476953839","-0.300641995551936","-0.421705336345113","-1.10302892605129","0.0569295637885886","-0.571929046487987","0.523125160431465","-0.206337493222372","-0.22256043513286","-0.242803338559074","-0.134018299540294"
"FA 16:1 (palmitoleic acid)","0.359542731721207","0.807520791749179","0.314197267796394","1.29255545935058","0.201598754499703","-0.207229740017083","0.124866223399687","0.116585695229238","0.194032968897425","-0.186372463107471","0.641582627209916","0.161143611101014","-0.156138556355774","-0.134492628326244","-0.271121776238422","-0.660960274026824","-0.538669076125605","-0.487557930922757","-0.426289580264795","-0.0271642999860899","-0.365392335169369","-0.396452127961521","-0.494753787021485","0.949162154324767","0.0724311141448687","0.0380840155308491","-0.228392590606427","-0.142590541346946","0.235398334095103","-0.052113657862103","0.0884324787281732","0.0362850349015722","-0.497923527301687","0.439228511955282","0.196244608681394","0.119978969333522","-0.481945502054713","0.764664656579678","-0.201803497121564","-0.29338070817756","-0.114638103423961","-0.126840675040191","-0.21248065285996","-0.448907467291627","0.416590302261159","-0.166313823773281","0.288187408510526","-0.28850437146487","-0.249884026152905"
"FA 17:0 (margaric acid)","-0.121234457703938","-0.0930040576274124","0.150835499537995","-0.13536596226402","-0.541347643395912","0.424494461677895","0.175614575534016","0.0715967668712305","-0.0715174964131236","0.471232008901071","0.234761603393993","0.196395051505435","-0.149186872677194","-0.140399109218453","-0.13859091173327","0.127375127224882","-0.0654874906812974","-0.366327616086763","-0.171662323576594","0.234610424184213","0.105499043538357","-0.0316043518066453","-0.0323941957836792","0.325144256486325","-0.21341466156735","0.116216022966733","-0.535005904183246","0.103398848116293","-0.0632740588725173","0.0362257290232815","0.17406771899335","0.31077458513907","-0.18312436415736","0.21307316558702","0.0656255631052628","0.528626868282371","0.0497428635513154","-0.141858514280522","0.0124838132318962","-0.34792577127812","0.133165210562063","-0.232500971745159","-0.178935027716046","-0.675896409107006","-0.141332420095312","-0.0238936285808237","0.0440397057558095","0.238268247376584","0.252017060005312"
"FA 18:1 (oleic acid)","-0.408367675935666","-0.181404880991738","0.146155394654786","1.23169249361292","-0.210489935388953","-0.397154147798916","-0.0310833558259879","-0.171538114177044","-0.256066436493333","0.0552539105080007","0.214780873663354","0.135227906533181","-0.195975028242155","-0.502018221928644","0.283363453129745","-0.298652321440204","0.119910611169057","-0.184762389870913","-0.0125228839154411","0.565769167960376","-0.122949114489957","0.123356765676345","-0.302723556745617","0.272522953491452","0.032648668937105","0.800760935724893","-0.232348319919535","-0.170330848713178","-0.404046721149648","0.376455130120971","-0.106016291469697","0.0357116294878625","-0.644826042388365","-0.0646302193547831","-0.344813151897946","0.0974120645723954","-0.2047694512496","0.500638854722819","-0.00207250525897414","0.0861596467823874","-0.0885339163750824","-0.411737578101645","-0.152504783343618","-0.679555145069527","0.10286824464978","0.34072546318198","0.597286015909653","0.0116116803827626","0.651581172664344"
"FA 18:2 (linoleic acid)","0.284810787017715","0.0456452779174425","0.482457892122613","0.470413230946227","0.520057960240761","-0.652754829723114","-0.209578713801187","-0.0187154099557269","-0.805564265578998","0.791500691383386","-0.0562274161031417","0.867812680030817","-0.563472975812626","-0.549064411094071","-0.0869433559131806","-0.308089135472552","-0.411160149579676","-0.420195817007943","-0.312730185494069","0.345913789448673","0.359289732949912","0.37623418992858","-0.572386167817622","0.618466471753163","0.209644756573577","0.401226142922748","0.229389999851745","0.546355691509854","0.0150059467154266","-0.0774228928746604","-0.17526505532059","-0.0248110560076939","-1.13174841198223","-0.0322622120634353","-0.753393680854923","0.0191158049145601","-0.31820788460231","0.0481539683242847","0.418874250707701","0.394245345651419","0.0016896252695517","-0.114581709051834","-0.176806224312216","-0.930528430423423","-0.0288979454690174","-0.00813301761298076","0.302730086182189","0.117215872211109","0.872691159355751"
"FA 18:3 (linolenic acid)","0.0705855495166057","0.235396999528174","0.32466961664799","0.66324033901245","1.11311910573235","-1.03240585415131","-0.181191014452331","-0.618448197739802","-0.450793825329534","0.223427177611114","-0.375515573967007","0.511510473892002","-0.181100644949351","-0.449695954012151","-0.11134689134189","-0.0769375718056143","-0.605157663389331","-0.0390679903982185","0.0744862718296704","0.365001025330855","0.0115378776406652","0.281678670459415","-0.679957758297105","0.777972466774727","0.0858160125364348","0.0568691282284977","0.475007160064947","0.117437115112017","0.378015105587234","-0.165534568971491","-0.0311034145845742","-0.098333231400824","-0.979244511130272","0.222660056859164","-0.636045383089682","-0.113609903590468","-0.10381932455522","0.0197377358690082","0.179161842953605","0.312246532999012","-0.123082673231633","-0.114929498221331","-0.227782326490131","-0.892699576817854","0.252604572209792","0.0739842547019761","0.544857986258005","0.104511030736873","0.812269243824538"
"FA 19:1","-0.00602480622764629","0.412569745339081","0.323714236770969","0.604486373505672","-0.210454736486519","-0.508781780291084","0.03413102984399","0.155598383232451","0.0255847107847273","0.175985598704369","0.399628375624825","0.22946665793962","-0.172012556555099","-0.345868427422325","0.0889766232844785","-0.110171106191807","-0.2658361225534","-0.426247552340398","-0.320858809844692","0.0879438712538364","-0.00790734045900126","-0.277684488644988","-0.444712970459988","0.477723419697848","0.0911469996336428","0.298215599988063","-0.375171066119869","-0.0948695312302943","-0.00813160840095776","-0.226930439284411","0.0497912367643302","0.236268996237702","-0.497931123558202","0.417844499856464","0.144254056615673","0.0810424117161135","-0.352077659521713","0.196949688962155","-0.0222742781763638","-0.127621191821713","-0.0149349693527205","-0.0698185581766836","-0.242555442218726","-0.661953206424841","0.386444678988412","0.271805226883308","0.305462525820902","0.0145881415600377","0.281206682754769"
"FA 20:2 (eicosadienoic acid)","0.224767846721523","0.704571263385369","0.46468763131327","-0.0902282216477984","-0.318536675098392","-0.361721283458916","-0.202010343574739","0.0467984484225923","-0.482085943657044","1.02216043966275","0.125050577829483","-0.024048307013817","-0.185272862163422","-0.632897072936715","-0.449017583746124","-0.0199681241596202","0.0222845057215831","-0.331266892898216","-0.547020171598871","0.368688246833937","0.197291897765521","0.0512579215792885","-0.210044627587276","0.400638822167517","0.196017365747433","0.27241212463442","0.00184561014300969","0.460172699986646","0.251586937127773","0.0798352920691358","0.0468703280244375","0.266845794300581","-0.617221434339538","0.450372241594249","0.056441671629239","0.299536508550075","-0.163245969087071","-0.351443734083954","0.40611149423482","-0.726480791791012","-0.208886370962397","-0.82055646158941","-0.0409640909995919","-0.520130855355061","0.19222005937977","-0.0797563805695869","0.228360298633224","0.140230852040199","0.405747318820726"
"FA 20:3 (homo-gamma-linolenic acid)","0.0779182557150439","-0.594222913204734","0.308429986684764","-0.162505972216027","-0.335983587704666","-0.0554604102116421","-0.059338391291402","0.329179596451904","-0.673959834972969","1.50667064191581","-0.354058818090432","1.20824840906402","-0.589358534998325","-0.759803929363029","-0.330064061306808","0.0473718874832184","-0.597136421392142","-0.502330016303966","-0.175916079757145","-0.27468496288265","0.575529728797691","0.253503275542422","-0.459972586179234","0.626464136131674","0.409360770812173","0.380256620820119","0.405035909082496","0.89487519222896","-0.408338466911306","-0.167187483044376","-0.069572335232144","0.37213257736419","-0.970659210342475","-0.248868243028204","-0.509855246123642","0.36367094028408","-0.21425332208851","-0.59962109147438","0.397390337552992","0.270108029742316","0.167730748529377","0.797578330416842","-0.365017258132092","-0.422119199969041","-0.107535579049846","-0.462401132072534","0.62123135632878","-0.0367215853124149","0.494259941707266"
"FA 20:4 (arachidonic acid)","0.00694883036986396","-0.781826622165252","0.53379334378582","-0.316046132797184","-0.330038436170063","-0.209924723508771","-0.114653217504544","0.155820620339639","-0.74761328647045","1.53955040589209","-0.314324581104699","1.4955747484682","-0.56189207726001","-0.725884906378346","-0.186019940586701","0.29310201072109","-0.797412712395629","-0.736294452492257","-0.0989974395923966","-0.495966860560272","0.678606750816448","0.224958609520575","-0.292495252560784","0.639056671177644","0.602082541111092","0.588758445394366","0.0532031465681374","0.983694694179964","-0.337748139165661","-0.697205025522791","-0.153167838872752","0.301307011825292","-1.40229741029935","-0.149203566900926","-0.452210525611472","0.224417503018248","-0.343033311612628","-0.458975482581204","0.64092375861934","0.51036585165841","0.24832434338323","0.501327851619384","-0.192610884994681","-0.544361396144585","0.0616810066267928","-0.499773901129904","0.594842703564498","0.552326783331838","0.509310492391351"
"FA 20:5 (eicosapentaenoic acid)","-0.110105294169406","-1.060637147624","0.0813109844372228","0.451832210283531","0.638159981819243","-0.590086860110537","-0.000657258560095743","-0.198921732672434","-0.456465036059446","1.12197319036789","0.410074746832486","0.879456092900628","-0.0851985704398183","0.0640935005412101","-0.480835234149615","0.264502210535189","-1.47074026894764","-0.164527072745639","0.151213757909825","-0.616974065798533","0.256643204113431","0.0855984457762361","0.292705966906056","-0.0461566329138491","0.36139919917977","0.144044330504251","-0.154700970500451","0.406677222215425","-0.13501333945312","-0.306032237873666","-0.402086636602209","0.189111914361774","-1.40255607237325","0.223985987665733","-0.225474005048973","0.112186031461448","0.481333145573289","-0.291648652571979","0.263374835707372","1.03378596901429","0.601154444480213","0.527380802365309","0.130258827399861","-1.04883913025336","0.142085244520648","-0.185412003578738","0.509332692899155","-0.192166145619699","-0.198440571705042"
"FA 22:0 (behenic acid)","0.134927741414762","-0.0466139371270705","0.403444369870374","-0.123328907480556","0.0781009731968557","-0.0211847882422633","-0.0777816883052523","0.100023393874829","0.0422903163722705","-0.116243028274097","0.261936793695784","0.293959793521179","-0.0556216552709304","-0.415912279542747","0.121575870808383","-0.155673920807696","-0.504607800685478","-0.190251138112019","-0.330401651231774","-0.100747318223504","0.109711014988156","0.218144348126525","-0.360640435549379","0.471259195275666","0.194913829831209","0.466815805887384","-0.519412475523503","0.0353318089449538","0.494615953358744","-0.316097962644286","0.0201655325033007","0.325620570862852","-0.256707132424855","0.260451492493884","0.139160677286713","0.217493307536286","-0.0778443238414617","-0.243927950891124","-0.265135478683985","0.101124580205083","-0.0182157179524305","-0.466986151732386","-0.37453513999808","-0.407230365636082","0.417309630498544","0.0201004189719475","-0.0398859188781021","0.161760124365144","0.394749623168227"
"FA 22:1 (erucic acid)","-0.230155475925561","-0.108767616712304","0.0026470799011716","1.15656239003495","-0.234850368886512","-0.0891036134437144","0.341248891901712","-0.134501024289371","0.173519264499521","-0.049306027693343","0.60531444599467","0.0260961363702271","0.123024171657277","0.127134640268094","0.0398716102118477","-0.164348925587543","0.358959859858118","-0.189781946160596","-0.331974581058057","0.0654426417543212","-0.252390986192252","0.0469892222376472","-0.40375572349175","0.220958705099988","-0.209012040712226","0.120665959606976","-0.215234736333217","-0.124020425433029","-0.311938071284074","-0.512003353172329","-0.174040071202638","0.00939421675464071","-0.372846373281953","-0.115566236206531","-0.127943876039845","0.330720018951071","-0.0195157502360196","0.0581288306616804","-0.135096725619286","1.1561518888989","0.102919763525545","-0.084915012718326","-0.288211780692007","0.212581878069434","0.0777841035887893","0.0315794879023357","-0.17436446327209","-0.221058858549193","-0.112991143555153"
"FA 22:2 (docosadienoic acid)","0.102322499099005","0.570954015442248","0.263929651816687","-0.504269683536969","0.228919370207987","-0.0854215463885747","0.792944733985745","0.370772529143618","-0.0518744842259719","0.129956289651627","-0.273715386258932","0.407312798331922","-0.525551877812688","-0.206337834254529","-0.547708724934817","0.0196097311860444","-0.538568908953673","-0.453045705404711","-0.216249550120983","-0.0692705902414175","0.263089995373574","0.0291475004052272","-0.549378855918485","0.285441239732235","0.153907373956869","0.0331086456479278","-0.000729801195145398","-0.436050162449247","0.313217305500794","-0.612085593719563","0.209295684262636","0.261901626662795","-0.225476539995","0.551072375517162","0.210532917728971","0.222919596632617","-0.431251261491922","-0.131138658319673","0.178262437409731","0.118650406412349","-0.152476540515879","0.169653194666509","0.398000307878917","-0.224510327612587","0.346016291967177","-0.245687246868555","-0.409060815958688","0.35843486675353","-0.0995132891958976"
"FA 22:4","0.0400160207531412","-0.547059558078536","0.55057835781746","-0.13183801254227","-0.448424798914647","-0.234583695143763","-0.195566559495014","0.00425223003937362","-0.436781162348822","1.55281208068914","-0.387225919393458","1.35989302146756","-0.847486566844122","-0.475974395093258","-0.274617557005554","0.21267976371094","-0.575914171724071","-0.539840022671947","-0.14071166412484","-0.407548380548458","0.475845834295041","0.0916017413032974","-0.444043250176395","0.646560547153844","0.483795975953779","0.505459356184507","0.100257059212845","0.870082426036007","-0.290291722220567","-0.425118962059873","0.0192371552311501","0.280410564035255","-1.07763024941779","0.0280267286708702","-0.540396800921938","0.380598379544188","-0.328000147508154","-0.264187122834363","0.436650098571244","0.0361792407562256","0.0698839146777357","0.362013664352015","-0.293968238998741","-0.58839145612476","0.154440907824232","-0.424397475643929","0.643178672793229","0.458467043841007","0.557077104921187"
"FA 22:6 (docosahexaenoic acid)","-0.055997479748861","-0.96103423762863","0.209124492181283","0.3123663304278","0.10057459674762","-0.35327735813755","0.0173286996391549","-0.102436822737584","-0.45999948506369","1.7874686136329","0.317922668622854","1.56100219880159","-0.228497767317131","-0.393793953058792","-0.480044891102586","0.155367377094061","-0.88236918825185","-0.248308011429307","-0.179782576956349","-0.112919533230365","0.437815883357676","0.102184680970295","0.00760006094195514","0.0823619472585116","0.473670304633509","-0.106803663451856","-0.158810542230039","0.81749621614965","-0.0378017617274489","-0.905268510643396","-0.333447930490024","0.0430625328128099","-1.81491487870505","-0.335275905505958","-0.00570382338146764","0.137837573075759","-0.215621472652564","-0.399785073402348","0.36521615478409","0.848348995263952","0.335951830311819","0.147675541168598","0.0241490437461881","-0.491822517014518","0.14431317042246","-0.335167512499907","0.59764646867194","0.155517458299599","0.416882057351192"
"FA 23:0","0.0199970022188054","-0.144291975272075","0.437057532475824","-0.28392528221958","0.126742588061172","0.164610050163938","0.0305020180277234","0.135435811391777","-0.384230525794289","-0.172499154160212","0.145387015213859","0.268341198592825","0.024141320106385","-0.10778295625291","-0.193380369702882","-0.298955222373117","-0.402033877908045","-0.394648680691424","-0.190400690998078","-0.135242668521687","0.122569629156335","0.0266372083740849","-0.235250790708767","0.365474209427911","0.499315604460991","-0.11673619606226","-0.379221512512858","0.05303544356365","0.359226448578508","-0.214664705224373","0.0106328335786079","0.501208617193734","-0.0838142696047299","0.1970804153079","0.141934884602634","0.31302416073974","-0.0461725900554605","-0.141871302026092","-0.194048693296252","0.261647819648236","0.219846472857295","-0.645585506170268","-0.0762571088069989","-0.347742884132627","0.215763013040994","-0.136672059371839","-0.0284844025797313","0.270115308365692","0.444186819297937"
"FA 24:1 (nervonic acid)","-0.265372994657471","-0.545803440470949","-0.0051975856536298","0.128758705352472","-0.101010102657184","-0.287632053929936","-0.0919290496610529","0.186961825449344","-0.194274328613092","-0.317243797729594","-0.384013798623756","0.510682281795401","-0.0236862262922023","-0.289907234207295","-0.14716429336312","-0.153983263754935","0.144523387309037","0.38873296114861","-0.139277060761676","0.238236279853379","-0.0437087752190477","-0.0452038335262896","-0.425113775709621","0.277132305431832","0.149947513599914","-0.169389786335049","-0.462690297128677","0.0422345957934195","-0.0433603725337386","-0.212999468402153","0.101803359645815","0.0454769703854312","-0.203236647405516","0.0578537640778602","-0.327976369472345","0.283011232798317","0.102275653834579","0.185898527207758","0.138355497279872","0.620693739308996","0.34859869550474","0.127350304347319","-0.0383611062779927","-0.50692832741206","0.280466498782556","0.354040892029951","0.00274671630632676","0.461328921274338","0.248353361281114"
"FA 28:0 (montanic acid)","0.240229034619195","0.141167635286801","0.660285831924296","-0.253464890975036","0.266062048651898","-0.00830582198640318","-0.136130009682026","0.01219730821473","-0.41053891604812","-0.0607827149253473","0.00919518747550177","0.277999413963857","-0.0354346758043887","-0.216737725919455","-0.041945704635223","-0.102708481384713","-0.3636957243675","-0.0744533169587476","-0.199503331485116","-0.0337327611109505","-0.240600282191239","0.0167094192661921","-0.409465018978227","0.554853727419604","0.242553647696453","-0.310198770468232","-0.375611248472644","0.214702007394747","0.608765307343015","-0.308540284970481","0.103011962217594","0.329726711748075","-0.296987851842152","0.436824377777409","0.259877378564069","0.0237199801022306","-0.270524231890998","0.0349138573579048","-0.382286981158108","-0.0560889986935717","0.0408653502863491","-0.399889456982027","-0.270389050458207","-0.327323252623964","0.60036489840307","-0.0079166960705157","0.19246204843676","0.0849190108579692","0.241850055075674"
"FA 30:0","0.0932870510452377","0.28571329281366","0.686405800550344","-0.097317770162169","0.435044140829214","0.110626608291464","-0.0236320960935887","0.134091121368266","-0.349326101287529","-0.488076071744681","0.180481305623238","-0.0787926115939608","-0.0536645839630904","-0.35854202995619","-0.230031076914718","0.0362111930913516","-0.202649716698999","-0.180935035958891","-0.317231083813463","0.149996043283603","0.0108215858246628","0.102737577404592","-0.557730518380805","0.628571201389009","0.0936565914239658","-0.429563516408099","-0.408538063547891","0.159466093650725","0.771322784925538","-0.248487366215882","-0.163328171399798","-0.0273555060781101","-0.223425074174262","0.276645026874772","0.28159312578429","0.0110302387600545","-0.243618316316595","-0.0783335793846806","-0.310078449735196","0.0291557439490021","-0.0286333920527806","-0.161536730540916","-0.565525127381122","-0.177104093444057","0.68276444418068","0.160766750676343","0.133223739767765","0.121704441892364","0.428140179847331"
"FA 32:0","0.41138618348824","0.563320631684669","0.288103693887198","0.0539679516296165","0.543002942650401","-0.00550988113709418","0.082100729847568","-0.208587036188548","-0.193410596441993","-0.439482141943888","-0.173128350349537","-0.535823874077315","0.0269318255860024","-0.266880030230877","-0.322111490029106","-0.093056861478422","0.0838061935045686","-0.260645601218423","-0.150115055908624","0.342512046271735","-0.299405545048797","-0.208993373260468","-0.134395713399423","0.697547663434516","-0.2787958709389","-0.379640025051922","-0.0529872904875746","0.026561591688162","0.682192094137074","-0.511991819259591","0.105521114004058","-0.0650212259892572","-0.280393148951225","0.0361969105060585","0.336599409585054","0.0203042641321431","-0.333128972420855","0.16179315157709","-0.247125072718374","-0.149298936744791","0.154691718888092","-0.226947839203313","-0.110245289044747","0.0930136179957595","0.615916153382151","0.301751595739273","0.038878613108444","-0.0682452287028435","0.329266173498037"
"FAHFA 18:0/20:2","0.100916206386745","-0.532100617887928","0.470332695601187","-0.259147201838557","-0.235780176353391","0.125561494847116","0.0433725174825396","0.366189223625628","-0.19909766394094","0.476258983611682","0.15853180519394","0.55218195860684","0.288307027236586","-0.419562108077609","0.0501481179242936","-0.554265236518391","0.0589159280170157","-0.515439203563584","0.194520847230473","0.131015299332723","0.261683229129546","0.45647359984488","-0.0549613534371594","-0.178122586011351","0.328561688174818","-0.19862993829419","-0.30928517971521","0.100796336992504","0.105313609308812","-0.191536791400482","-0.220803794328715","0.573433913063827","-0.089847287334828","-0.391003943687863","-0.146860963930035","0.514211843231335","0.26990715732545","-0.355503961973634","0.18148576861458","0.215326076541719","0.394376166938169","-1.08434429267575","0.0528345163324784","-0.30691157123797","-0.259046663328646","-0.725376988946419","-0.053705884477914","0.507103596456845","0.30357380190883"
"FAHFA 38:4","-0.4288076918164","-0.115556475191656","0.057238588827045","1.55978842102815","-0.0679697816503478","-0.396241117619044","-0.172724455890532","-0.416362090712971","-0.613549563750863","0.349035087681444","0.138631338756518","0.250704382029564","-0.134700068226145","-0.344327600355498","0.406640773234337","-0.313395878885296","0.329209197863451","-0.21556039889709","0.0384993740009996","0.708669908320331","0.113941224304726","0.347303400160918","-0.316938341255605","0.679125589936776","0.22517732601088","0.703421272622052","0.2537307658306","-0.0125085036351854","-1.60146018864584","0.678346231503407","-0.0725620145527324","-0.188254881443114","-0.853432929021794","0.113417303534471","-0.394490007884351","-0.149134725740833","-0.0913213742887507","0.664214077105171","0.306177222225617","-0.0229371898584615","-0.31271316176985","-0.925053940492087","-0.347519584833093","-1.33977308337655","-0.14647248729829","0.413095528353083","0.784051447761971","-0.0600937949930209","0.933442870993889"
"GlcCer d34:1","0.127522746285243","-0.326283902599614","0.471371515254665","-0.0991372139291137","-0.251799928993189","0.172760910141714","0.341319562922047","0.50897214723984","-0.573267536983044","0.0134764688108261","-0.323905278458646","-0.178602479392334","-0.298425395038933","-0.168117044026261","0.117369646298665","-0.0936430070516985","0.120088728205723","0.223971190346742","-0.345949352037087","-0.0522356249443749","-0.00890669789862797","0.161812548559054","-0.185846369415966","0.204546578382406","-0.475391997207794","-0.101829653559431","-0.43403432057103","-0.224599089824602","-0.174168435311658","-0.332543060625043","-0.00587092955497248","0.387276841891247","-0.237141010244806","0.253581305676023","-0.599738785794409","0.5895772843964","0.17964290354366","-0.151492639158086","0.363521165356725","0.160916782034494","0.0982648964267266","0.0718144567078812","-0.196573262454142","0.531185626721972","0.122338642262305","0.0687771497221159","-0.0151484932945942","0.471538185456207","0.093004225726773"
"GlcCer d40:1","-0.327479091256095","0.0977835026914034","-0.112190891220671","-0.204944357247611","-0.0803211873842247","0.0824757612225647","-0.0771231634686339","0.408170385593252","-0.520409271580804","-0.411703593606716","0.00503193055842426","0.115243735656622","-0.643459963898977","-0.105917008124121","0.0661910177961803","0.204468996680846","-0.0132665206589961","-0.118191761744132","0.0130991252983818","0.227653302903382","-0.0256678933553394","0.0167366955539243","0.222343930894944","-0.21982723411827","-0.222348440005753","0.143907053682904","0.271143275950142","-0.60573637415868","0.230300014869449","-0.302420850561626","-0.0105144925236174","-0.322925474424321","-0.216887790497211","0.0711918808749749","0.032172719621058","0.0257490058664906","-0.00217633180197624","-0.0512913243608282","0.174147930670721","0.336172468695234","0.0743621877178451","0.169701875730949","0.611688229163419","0.50460814973511","0.092216113488754","0.602613660838135","-0.21625730744519","0.167084248705043","-0.155196877016364"
"GlcCer d41:1","-0.393474020908632","-0.45782007650795","0.157515096676014","-0.177807432901042","-0.0792066946859327","0.074914164928187","0.152014177825143","0.349031433154226","-0.771129364655555","0.101413528342437","0.124212914885542","0.536874406791484","-0.489171805165688","0.0384678961424283","-0.282579502242104","0.264627980721473","0.21874241701702","-0.177456393038811","-0.507504435389461","0.1623738895797","-0.232682138650701","0.0186337447355754","0.0275699629269504","0.0606937771365294","-0.50398192819042","-0.216495652639732","0.344903967609073","-0.199149947524125","0.0964782575382249","-0.105267111552453","0.410609091243131","0.0033717764853008","0.38285775560701","-0.294628526361671","-0.00287765914203726","0.0922072193336188","-0.378508405748624","-0.166154843476391","0.0226867947137829","0.16663038922327","-0.299443881854097","0.413046938725762","0.668383036446705","0.408691551412353","0.134092556273727","0.803442302236907","-0.613692405526338","-0.298903268682313","0.413448467132499"
"GlcCer d42:1","-0.0452178898167903","-0.251862928039808","-0.348163025572325","-0.593814062311255","0.291147480081678","-0.155477304590573","0.0357029386129461","0.439164072855815","-0.18560030552383","-0.251479685891928","-0.0120669804051368","0.0485444713819989","-0.549171193124761","-0.0067013841489096","-0.227043344245915","0.0866580457876934","-0.0299880806085955","-0.070635852879703","0.022512473520356","0.0871296553407823","0.0426394555394121","0.443298938594806","0.109954428313267","-0.335099352076257","-0.394341998197331","-0.292742582023955","0.439505847812922","0.0981523552707551","-0.613921913372606","-0.199374217626705","-0.0959072268805072","0.228205175545259","-0.282573906834901","0.00123642321857602","0.00861089168388841","-0.309437721279033","-0.0349502796069027","0.138669424389606","0.115485800330947","0.516732179866566","0.0154981244104653","0.183835854577852","0.763660790951842","0.764301594521198","-0.182960208339507","0.585708753222831","-0.16574705061778","0.0916236497490022","0.0762996684345553"
"GlcCer d42:2","-0.292214304386978","-0.346459911224289","0.068964255972279","-0.117769823420018","0.25607012633729","0.11048191813381","-0.0632127752450049","0.314515127375843","-0.472183377563533","-0.526074956255323","-0.237424511001565","-0.0051483756820278","-0.0995066091557434","-0.163410892854091","-0.401231465445369","0.147254449340707","-0.0833076877926266","0.189511490846776","-0.349847957836752","0.526347539020652","-0.253301507722478","-0.0292531926008704","-0.013785321228546","-0.170882763804865","-0.0515645113513732","-0.030842346091209","0.286576961271404","-0.0284068923193651","0.423876263648055","-0.453288916938432","0.0573837376661017","-0.114014646014484","0.120709368143118","-0.204963980372173","0.0728180939267282","-0.068187600965711","-0.536565916914041","0.746038093908675","0.29332059083619","0.388946515163708","-0.199654253863803","-0.145501041173635","0.106315038729206","0.149569866176425","0.177623956771892","0.30952858517444","0.0219926470844181","0.52524965188737","0.164911261809211"
"GlcCerd14:14E/20:02OH","-0.0639651561982573","-0.0924644287628886","0.169450037473412","-0.413791380378458","-0.594703791700108","0.472367346030059","-0.0502906322316603","0.264840450085485","-0.25038136136319","-0.305576744867441","-0.230029522997619","0.120933524681246","-0.363080153523817","0.00635337844224414","-0.00400067415139931","0.0535848000147758","-0.248328017835932","-0.0913365317386419","-0.434512603431192","0.565571255211644","-0.151506996885616","0.392888740209957","-0.094325293537396","0.0480061912791514","-0.285730178321946","-0.0650604750936817","-0.0803681353448331","-0.222849047023644","-0.545164903787614","-0.15007452713129","-0.108556226195188","-0.0248717280680451","0.0720539025503194","-0.251114465882043","-0.10078091726359","0.172769387244541","-0.194257868087481","0.573580255664632","-0.0952221723944885","0.307820323828677","0.316360649728244","0.243085395995125","0.140547849664741","0.0796260952306275","0.119670304008646","0.261728604583549","0.293553171364432","0.716953590001825","0.120598680904126"
"Hex3Cer 18:1;2O/16:0","-0.316128526414218","0.00661059813471939","0.0280790548072179","-0.661435540116386","-0.460256170878696","0.369802127220467","-0.368367792798044","0.290289321883735","-0.323698588180832","-0.0115342138732008","0.0447056549395164","0.257738377069483","-0.269904936039795","0.138690070607853","-0.0443128919928725","0.207504700212024","0.00594432204472364","-0.108874694054275","-0.119158258087147","0.374735849920555","0.103592241464776","0.0768077471194301","-0.0948891340954706","-0.237569330340516","0.307890362907833","-0.069291895230233","-0.203491300152694","-0.255284876253522","-0.100785104782453","-0.476583803047155","-0.116028568331224","-0.379000303469773","0.262311324128225","-0.457917096832673","0.0418559422060027","0.641184485547113","-0.1989335535224","0.440899049632794","0.133262817541287","0.406822077166249","0.124848550332117","0.0955245380596906","0.51359111750276","-0.377005210493667","-0.305936069389615","0.575045292853481","-0.137676875138995","0.632681952127742","0.0136471580860622"
"HexCer 18:1;2O/24:0","-0.132075567998012","-0.292922572809035","-0.353503204234789","-0.276262306306497","-0.0349762681161425","0.266352953043024","-0.0130570041472036","0.136512954794259","-0.176893940437539","-0.521507844787172","0.184360223561319","0.00938073845081812","-0.347717836020143","-0.23389456906588","-0.251838491302539","-0.0367839773656482","0.411455702830096","0.200513963460052","0.751464240593964","0.312034034486384","-0.440042465628588","0.17451055452079","0.533110312765117","-0.139944410992654","-0.0886120548093283","0.0707910432735868","0.0311286992458271","-0.230211389064113","-0.313225113603304","-0.260989942447541","-0.165601530417923","-0.240269613833228","0.23819543678209","-0.0362591622894057","0.270402059738272","-0.0844789741193876","-0.0727310305477856","0.039708899289111","-0.365030223789385","0.183508857112504","0.0882054444513746","0.113721582266797","0.621833379324284","0.430830465402614","-0.143758213206419","0.290654997535283","-0.166398613739355","-0.274342168285908","0.334651946437359"
"lactosylceramide d18:1/24:1 15Z","-0.225770485480951","-0.173696392814982","0.580078551222158","0.0157240539170834","-0.293733068797057","-0.0747953943651732","0.0537434479996037","-0.0969228800734648","-1.04063898297803","-0.1844209003468","-0.358296660243896","-0.150067952308956","-0.228794588343322","-0.178002485873444","0.234443037499019","-0.016755853744363","0.104852157096881","0.447463590573293","-0.548513382969595","0.317078123612432","-0.071793384309271","0.278722158311651","-0.0601782989677356","0.467158935178948","-0.593575895944741","0.236261711002135","-0.175345007055553","0.203262041464783","-0.609895925645431","-0.00494042615231733","0.00426241395666525","-0.212901401384646","0.0944853560003193","0.0953276889285113","-0.752436844268375","0.400996024807989","0.176668314729135","0.149168577656939","0.445898557141078","0.0294608420584728","0.314183470857155","0.452497596241005","-0.510103701273844","0.666939569380806","-0.144838082462042","0.253271312918524","0.189132944522844","0.482364310585741","0.0129732081408183"
"LNAPE 18:2_N-19:0","0.0261494778859999","-0.274627930058123","0.706479997952158","-0.755718470839296","0.000185788674986128","0.26205191461663","-0.00379252851360615","-0.315163941726888","-0.113390727521807","-0.316165271462818","-0.28851972203643","-0.152396006168891","0.57932157850413","0.195137169383977","-0.0780125966088021","0.142200857820583","0.239130434833975","0.473657891535028","-0.538653900461557","0.480045043389651","-0.458654878683462","0.216517423780329","-0.245668860690605","0.229326671889102","-0.497584705318919","-0.193586000121616","-0.163842420166465","0.0516710231697367","-0.251014963218602","0.0102594095291546","-0.12495239650907","0.35719159424626","0.136650377312271","-0.412124908022017","-0.336393356158784","0.226902832055349","0.601262789966111","0.219296221936434","0.0491260853929713","0.289586370009742","0.185574860779152","0.0546271131118034","0.066337226903565","0.141580751419951","-0.420538342197705","-0.0934649494359818","0.0953720403511734","-0.130363122278219","0.128987051749441"
"LNAPE 18:2/N-20:0","0.0201644337494508","0.299932929191973","0.364911815316456","0.102235160153856","0.127685948086688","0.277983889922218","-0.151868798412379","0.261041202004374","-0.256820750048902","-0.434554234828069","0.063069476266524","-0.367099312957114","-0.19620913953053","-0.163304985918934","0.339972699654919","0.0502078978247969","-0.12009326298496","-0.223784173266553","0.137337197987255","0.242340777786714","-0.146919512240711","0.316499581092232","-0.147809931811239","-0.786415446203609","-0.375736528682314","-0.0175011803433519","-0.184324024885515","-0.163717838773295","0.0362344222767335","-0.018642385596436","0.358261857553953","-0.0460919919345673","0.0841462728026378","-0.260667406055877","-0.0319600633229138","-0.237678888362494","-0.113141246217238","-0.34989818825929","0.405893037101685","0.58452835301539","0.504893438370799","0.114938755712551","0.21707192760798","-0.457633955973875","0.119264589471549","0.307208182980828","-0.0293677575017358","0.217945201686519","-0.272528043506186"
"LPC 14:0","0.605833133904203","-0.39008270287105","-0.54129300470637","0.361007785722447","-0.0626123802609222","-0.407119588041003","-0.017634614985856","-0.126487001343462","-0.406551465715105","-1.29639601008104","0.494169341748384","-0.0662764327371604","-0.00457657435557862","0.223098234712309","-1.06591273374852","0.310463104180326","0.00247402609574269","0.101065647710846","0.647216526336027","-0.229287076335604","-0.163516787886129","0.124790351638451","0.284314734250579","0.172419788461973","0.367962184360463","0.0694730460493096","-0.435249207651604","-0.418993068580205","-0.184437693919085","0.365235929786566","0.0225156470844299","0.0282343233387937","0.311208171974227","0.0646254731441956","-0.108274316624008","0.359777157348255","0.290673645925716","-0.389394990909432","0.142773561422091","0.0205075361989514","0.367192920827028","0.645277053556042","-0.288264153469308","-0.143366796468696","0.553304885555964","0.159220392451826","0.0796420642354111","-0.332008935335333","-0.0967411319950828"
"LPC 15:0","0.489270594958034","0.0599688509635591","-0.114563928748219","0.0998074487151641","-0.46050012270401","-0.0368755240144939","-0.0096766632955003","0.0165366464500993","-0.443036482912243","-0.650594820638589","0.570943960933522","0.0755348636822286","-0.297199470780675","-0.0681545402845626","-0.511715213681506","0.362270397353289","-0.0645863560185611","0.203406366070651","0.446770472410894","0.226783045816756","-0.358656809466782","0.0531329241662694","-0.00848615638604232","-0.141528654864802","0.384652902888484","0.00840020593746199","-0.294062895848176","-0.591966896694188","-0.230132630839071","-0.173087872422785","-0.245362701105978","-0.109579943148541","-0.0621498193272712","0.133995742415313","-0.32759496936768","0.264361537173855","0.0598640052830694","-0.0523394882166141","0.257086758340814","0.120068439843167","0.453714368909945","0.518980741916095","-0.264202185508771","-0.284546664607752","0.482114516143148","0.245099768916735","0.0595218824277097","-0.062797962052772","0.27111233121932"
"LPC 16:0","0.177861475443218","0.0566228915170445","-0.60646504738886","0.632178749255454","-0.193144374778235","-0.301807379714508","-0.0849562094060816","-0.00494912451432085","-0.798724398547693","-0.612732002733397","0.468164956226053","-0.16024297955415","-0.381943718749306","0.535663061467293","-0.606891080181782","0.0979018403432963","-0.468946003603909","0.261708747100335","0.245122596788367","0.589820309596592","-0.0864266205952872","0.131402704448066","0.118210356937473","-0.0652728114266436","0.619507393035525","-0.0406458557463023","-0.460840146930765","-0.479098319313031","-0.402312125715854","-0.307802752010317","-0.364180069870311","-0.625889439761972","0.149070333840013","-0.324905299712212","-0.267611592165845","0.145827994788354","-0.015051830213834","0.584598733465489","0.380700394614221","0.148663831388403","0.314845588102299","0.4579727222324","0.229538974628432","-0.233237138730129","-0.0522608785071081","0.654627730274759","0.307521577780904","0.440407684128588","0.198396552469271"
"LPC 16:1","0.203847727457827","-0.0950668948210242","-0.118828459852487","0.231051386137716","0.327374659122404","0.234581826102461","-0.2484998280476","0.189990276645386","-0.457982038293784","-1.39642176957138","0.0207226719608289","-0.0953665669708403","-0.251112393941828","0.219923593281328","-0.648782519783315","-0.109930253389409","-0.443688508567406","0.185419987911336","0.283881569292947","0.346489396668056","-0.234210307649931","0.360255184687801","0.01830392411291","-0.111081406474114","0.356342184700435","-0.159473578075585","-0.0699265317696755","-0.496537942210108","0.0425706272488066","-0.0414611133786906","0.1802364511978","-0.705249549023017","0.627424099956863","-0.0318105866609411","-0.549783881087417","0.509967863728568","0.00176856045873958","0.320104135314661","0.129657586491286","-0.18943172624661","0.281909217051193","0.592348419494152","-0.0469522379042625","-0.306483297241431","0.65741621933237","0.271447167176234","0.226274850374672","0.149672910286971","-0.160901105232898"
"LPC 17:0","0.191856973087001","-0.184281855847454","-0.119728426738896","0.476806445437042","-0.302590859706897","-0.302828339490985","-0.0737841068010881","-0.0420187905721749","-0.549147357356279","-0.113503111253277","0.439117720246859","-0.150752298602837","-0.426296378038929","0.103157767278355","-0.450384420010324","0.215426355803919","-0.361194051384511","0.0388832042315327","0.206334539861518","0.424227673459648","-0.275133138782788","0.175556213729839","0.12176684555346","-0.104288516255429","0.405864131637635","0.125910927024252","-0.712688120105877","-0.260385004942004","-0.236767941534483","-0.30634481153758","-0.531168517403575","-0.0279487697840915","0.00396795572238003","-0.230712151502439","-0.281487003212937","-0.0620623021383343","-0.0440469926285444","0.357415273986343","0.335348094304874","0.225308250884068","0.597696387298496","0.317950259923019","0.32308680681886","-0.68713221314499","0.391272444074179","0.429094410363561","0.0502336228896615","0.425345692742158","0.455047482418064"
"LPC 18:0","0.00657149985789752","0.131548788781782","-0.414067737308984","0.747321493785471","-0.302273237696162","-0.428293725436884","-0.386118234266192","-0.0517103061827661","-0.609938208641032","-0.00292395659954328","0.332350835960199","-0.0713777984219164","-0.371662419792024","0.550845537711128","-0.428047312086261","0.1289030290783","-0.731186285483374","0.0657624140108469","0.420998845357848","0.422363097316854","0.109557116237781","0.229542380188705","0.0402310258835007","0.0564115239514757","0.417504187584458","0.23127916567078","-0.341503062436024","-0.256748074451386","-0.298429788364668","-0.17348292489491","-0.33523914399295","-0.426476704761911","0.175790842496077","-0.400778500263522","-0.37657057006151","-0.135321826585496","0.370218163345759","0.553265765990159","0.176947781678134","0.015805930949172","0.599949420798679","0.437372138804751","0.17981976174477","-0.858899684483492","-0.0656131613112722","0.3626640233545","0.247971742079865","0.236509681855127","0.219156469048251"
"LPC 18:1","-0.10306921263871","0.284272091358852","-0.11940314982949","0.297312877827132","-0.26906533497806","0.197021924664059","-0.225872263276393","0.0204891024554464","-0.708553776037175","-1.02397930911317","0.511727692068071","0.0575994688196745","-0.269863054532753","0.449860471720993","-0.156027522561859","-0.127974528921018","-0.881369085196982","0.368300981365592","0.394336739652191","0.279264505297031","-0.083071127971365","0.115382414834722","-0.0543930778901902","0.0765198993379997","0.71824572220599","-0.130437884546148","-0.176382694732206","-0.732645635127731","-0.158958872353453","0.00877323470888467","-0.26041380333967","-0.562595218022248","0.353880988392796","0.18653817646617","-0.41192690970657","-0.0116474693597942","-0.0301805378193253","0.278660991756784","0.277756186412535","0.0639016215905329","0.241280120822266","0.264796322058788","0.168836787166268","-0.515791480115802","-0.000596066965544871","0.629778502066014","0.0912259308957264","0.532820259906639","0.145635001184505"
"LPC 18:2","0.337005217946214","0.712786216392838","0.444579420976216","0.210291849656492","0.326985054905148","0.085716881798764","-0.290950161875441","0.225576443651674","-0.278580132691947","-1.32674965407504","0.814289808922277","-0.0403585104147621","-0.334849281611318","0.302504373625949","0.156679274512952","-0.0366497832222134","-0.768549285944685","0.172196413968643","0.341073940094878","0.264862011740388","-0.0849451535914583","-0.13021966342095","-0.173001317672919","0.418567683366342","0.304574910855894","-0.228135214791554","-0.0490104850401736","-0.523778302338505","0.287842559783935","-0.51822991529957","-0.370766048400483","-0.259360029070426","-0.175083427565593","0.514372363834332","-0.490624558427597","0.0477955416907481","-0.154447114413927","-0.457484129430456","0.357283846840489","0.194412016475797","-0.146556389846082","-0.0702792154410745","0.304252600122227","-1.11909174277138","0.232250748649972","0.332559901844638","-0.123266464131","0.522595417932572","0.239911481899191"
"LPC 20:0","-0.331204545226443","-0.0755918082688644","0.00661789997078628","0.133239126552819","-0.808996331695705","-0.264741291979987","-0.215832936791805","0.135709250747585","-0.587705297245993","0.0695604100270677","-0.539174547306172","-0.088231001967883","-0.279787189162121","0.0992350408367086","0.0795548502436981","0.29628333342037","-0.560632806193279","-0.0885060971557987","0.329019778183665","0.0630668718700644","0.394942899847042","0.137355676110418","-0.234296310706751","0.187173237222184","0.655978953696272","0.510798644514047","-0.339623489764219","0.303953660592329","-0.184354169358775","-0.140239116064104","-0.354700556609046","0.422537562180027","0.192205756755982","-0.398358014498655","-0.473034714543176","0.316101575461581","-0.00603281552627819","0.219625971649924","0.27101648853847","0.497909453074007","0.605360790310768","-0.0679597216812904","0.0929019943975061","-0.720203996000376","-0.196663636749009","0.136559489019251","-0.0687137260493332","0.558480192050172","0.309395213272321"
"LPC 20:1","-0.299775119305475","-0.416010672304284","0.121148852004078","0.0783826002685205","-0.346818430232021","0.40509829338768","0.109238413615423","0.503236419827623","-0.66486085007033","-0.310567645772186","-0.221602049197939","-0.236444554606613","-0.337440856171151","0.157743517828212","-0.321271283786019","-0.184667640714402","0.110091693394129","0.104069650167988","-0.156206523383699","0.436004568229573","0.360083424238449","-0.00547706028220867","0.117483437150072","-0.14888662799466","0.689665267963933","0.203217114364602","-0.163605673330686","-0.510751918592042","-0.332915504193167","-0.376912974541505","0.097187770939417","-0.487666390400979","0.111597514686103","-0.0367344893991223","-0.504996730753809","0.238691544609592","0.00621750498852197","0.446012629567105","0.32783509451394","0.363236488460352","0.329335039878427","0.0175379173553631","0.355453130526251","-0.0795562780942731","-0.349593225395309","0.220401082246014","-0.0822053530029343","0.387595374913724","0.278403506399718"
"LPC 20:2","0.274522678694733","-0.000331959295361306","0.095712680740326","0.194652003298343","-0.0402392261486812","-0.378861488923764","-0.193437000232201","0.0340180521395124","-0.522714295041992","-0.219748521953561","0.439959336425696","-0.0158938092526281","-0.348303977224737","-0.23417364582663","-0.308208970035606","-0.431342605411652","-0.135512708949993","-0.288388339311219","-0.0289388233273189","0.109005469773395","-0.0300459794193595","-0.0364686326593233","-0.179173271934003","0.0331077900772999","0.896309477515718","0.114245289105526","-0.29855437575678","-0.132213502768988","0.253455509695343","-0.426273126958923","-0.12380842473976","0.209358264805351","-0.178295703526095","-0.311032838287545","-0.296640990103686","0.553049050525828","-0.203318697404799","-0.27531667856358","0.020774115980953","0.56357508473589","0.178468565265388","0.548388509398305","0.102225293959446","-0.24495783435484","0.101488307895431","0.180783435904423","0.143677881579091","0.574332808340083","0.261085821556951"
"LPC 20:3","0.774555989332219","0.285426525064709","0.21023743090501","0.250536952048733","0.164663287849824","-0.205768944900247","-0.0944790915626214","0.0666504159408337","-0.340742487440985","-0.310685123658329","0.439674484260984","0.0251817449727162","-0.242024724702534","-0.238963963371333","-0.26161197622499","-0.0810468378440857","-0.632979573843104","0.0422246814040282","0.224012853496582","-0.0951586778049679","-0.223354076303122","0.0985349262629783","-0.37227946840037","0.025853852234631","0.734056735293816","0.0675360666851611","0.539697162191094","-0.666070651724246","-0.00244543344737267","-0.0965783559311149","0.111050543497891","-0.14787130953693","-0.852405096983151","0.785101579912719","-0.338851858082687","-0.0607393613244735","-0.206251390111227","-0.730698599034493","0.0486752499108414","-0.343773689090329","-0.202741598871231","0.752769403985977","-0.0635910511625658","-0.414489420633074","0.599351736656763","0.236371076128623","0.397692187613398","0.246620795354675","0.0991270809853753"
"LPC 20:4","0.967528739316095","0.435328123460111","0.586159792652233","0.24504112653882","0.769538086779441","-0.291275108818858","-0.225959681427299","-0.324080863048875","-0.206371956749043","-0.393765564681964","0.712729329692241","0.592471318341426","-0.300234090333527","-0.476525346435913","0.235240863426785","0.140554304784509","-0.537289792672607","0.0130085063040344","-0.0897577074232453","-0.0518512920737586","-0.0605323214852736","-0.236807972936242","-0.594799510748457","-0.268957058908625","0.804247740826155","0.102612595965186","0.244956573514192","-0.435613614392515","0.419707326986627","-0.627012390847719","0.00235927812362943","-0.142828381124741","-1.10179649125309","0.858071464919524","-0.147781023356149","-0.312034358292659","-0.725300619722084","-0.471479298882653","0.287251639775048","-0.208255855363017","-0.178549962716764","-0.00253481281344625","0.00144808914818464","-0.733313481897208","0.49554148253687","0.140174933538981","-0.0719573562217959","1.08552930282672","0.0771652951707172"
"LPC 20:5","0.215198084455867","-0.297347519197091","-0.00214955615258371","0.756476153350014","0.819950519086507","-0.388706729828947","-0.282296100559761","-0.517195737484128","-0.235330081041598","-0.598350885159316","0.924164301284474","0.349667528001063","0.60911329872405","0.454810667034255","-0.13184789725171","0.429449583391646","-0.911765614647898","0.167226482039551","-0.132572367943288","0.00827918710519684","-0.215395356300549","-0.0590727732187742","0.112006649756702","-0.496648756346771","0.537612852843096","-0.0108819084393054","0.394868873982324","-0.566582701286593","0.0697049987213337","-0.529409126722473","0.0414876581793063","-0.0269058103440888","-0.705999393109346","1.00735435488382","-0.0818211164504839","-0.188489855654398","-0.121460395827758","-0.48012974873333","0.302897594570915","0.0608453398721828","0.0108026853386516","0.518218672821584","0.105810660732905","-0.996587992229361","0.41044732896019","0.00323602704625684","0.344294935895656","-0.0311020554333356","-0.645874958714663"
"LPC 22:6","0.856862858750129","-0.244894522692494","0.230020703701897","0.79062179749561","0.761638107673777","-0.0797577581778038","-0.0356700960335319","-0.355843311646196","-0.0158177979761394","-0.136598350566881","1.01873032004864","0.256010223527346","0.409951607074135","-0.300160337815182","-0.150840891718292","-0.00199594067288118","-0.812161346244305","0.088115701240368","-0.374796323759676","0.3760462185858","-0.0120229938756296","-0.112854881745963","0.213286026644189","-0.456930580891356","0.444742809457582","-0.533895531760627","0.103609472238224","-0.364784126176313","0.905480727652843","-0.954591595977812","-0.156774724871746","-0.282871733172457","-1.25344156685857","0.182799015269096","0.146618753661727","-0.228944760653082","-0.0590490228343446","-0.141301210275959","-0.217475527572244","0.0579419283774689","-0.107401138012123","-0.153058129410972","0.4595703093653","-0.498060218310829","0.343464216446373","0.292463464197109","0.00567222087908656","0.339642744999265","-0.241294807582563"
"LPC 32:0","0.286865130211748","-0.0188869544279794","0.000718574398660757","-0.406673316305421","-0.105208351641356","0.130697685545249","-0.248833612954175","0.192936149334814","-0.139009389186605","-0.0776503100473599","-0.262314194432647","-0.407299001863778","-0.236246090880318","-0.345574386333574","-0.0837996073496009","0.013666430616414","0.311793838304192","0.235901400532676","-0.366769770793301","0.238373785940235","0.344718407593992","-0.0314742906916461","-0.0905993552709166","0.130297633575774","-0.203716897360727","-0.0776503100473599","-0.190524310425693","-0.397636897991471","-0.218797870205852","0.0910267674650454","0.17939948503583","0.0398341391798264","0.218249044232579","0.101927214973991","-0.265276177860289","0.859525199086134","-0.167251004375392","0.073906668339112","0.159216197563665","0.0875608858935556","-0.0577047215326367","-0.0651943449692536","0.140023916275121","0.328548183477934","-0.183695367895116","0.359422333634861","-0.152741528704999","0.442985471470237","-0.167066479134177"
"LPC O-16:0","-0.107290771648956","-0.943317259400293","-0.0963880187844036","0.490263786782058","-0.361314183872309","-0.302227222296619","0.0721833447342005","0.260864281829358","-0.615242000404679","0.520412112598043","0.619750301480337","0.197031305922562","-0.243920666872873","-0.092403999243316","-0.415196735301665","0.453908848328765","-0.613081665554754","-0.543158027823209","-0.0199525126610342","0.0594650118035482","0.229159701854477","0.306274825029436","-0.0802619389507105","0.130117454377348","0.410302113438747","0.176116482742334","-0.474327495913191","0.254006681157094","-0.459727505257961","-0.287943381316718","-0.0328590912227436","-0.0475042061503394","-0.194425652337519","-0.5794666942463","-0.570400903652821","0.317531305472131","-0.153776767414445","0.136893144624388","0.643577569835231","0.0988407240754594","-0.00858143312662718","0.253488132240475","0.517432803579822","-0.190618484420501","-0.242697791355183","0.336302836819446","-0.062452369097361","0.825102099222236","0.429511910379034"
"LPC O-20:1","0.55753869130928","-0.495847170664606","0.496961457066316","-0.672195955855565","0.61607964240037","0.404544171835114","0.0828421445060931","0.454355614499915","-0.198173001914448","0.465721846019603","-0.558050799156478","0.295077130999324","0.274500732896004","-0.331237732784759","0.0643666493438453","-0.0627004704887042","-0.406607275919217","0.21510848207115","-0.679088432287458","-0.271003201093859","-0.138364582501254","-1.03413927839689","-0.540195961751231","0.0924807468685482","-0.249821695619678","-0.170441052017021","-0.377032406617901","0.185375934963863","-0.334581452393147","-0.746209451033578","0.222955464279798","0.564285331507481","0.426746761125265","-0.964234281888411","-0.401242745167034","0.510628597328838","0.331793315413209","-0.110596015766615","0.377458624400362","0.572380791155703","0.187859288619438","-0.597335248895622","0.100125356165153","0.131312543374984","0.150959672882071","0.525742082860119","0.21723024415179","0.31256262041601","0.502104273753823"
"LPC O-22:0","-0.282293027983407","-0.0647289111770258","-0.374272204872137","0.217586967109849","-0.192692331208459","0.457733389364771","-0.1250754403115","0.234786808649214","-0.591521682069118","-0.24816389043724","0.0272553466359919","-0.072154335012665","-0.00160105690948531","-0.00061297659060123","0.102167024842919","0.627475655656415","-0.254678787257576","0.132137473633872","0.180243050168589","0.581649107686238","0.159780793525676","0.55521622836931","0.0680182238423647","0.133384239944228","0.105779581007802","-0.0495884310500674","-0.458230316896446","-0.421266696155621","-0.646672284805431","-0.482794771302967","-0.0354808237948327","-0.735694786992208","-0.0462773330239667","-0.329614100421892","0.0668411173064729","0.419860360239759","0.0486470312761106","0.296943602014017","-0.234296992531911","0.465232506305417","0.0102583862062679","0.690825514674615","0.0634389280238107","0.209974835532013","-0.432451106688692","0.199076789273635","-0.21708454773387","0.504318475022301","-0.261384601084539"
"LPC O-24:0","0.0312318043065","-0.0665868328391569","-0.342031117709133","0.174551809039166","-0.228524285335508","0.0476698659909952","-0.108997870996714","0.00599454940679577","-0.61432251265939","-0.854502527081534","-0.0787397337566951","-0.591208869381371","-0.538672737129244","0.0434890239465591","0.350678176148112","0.186295472428757","-0.0544085485434896","0.677173399818892","0.0471197564855935","0.377432319898645","-0.267177192921074","0.339344378677179","0.0986931352821285","0.0999966532658295","-0.501057431147774","0.0332157632634573","-0.0760914704317948","-0.2341285527684","0.0619394928095764","0.344769036123669","-0.0976709922812134","-0.772290889855492","0.198943779920132","-0.0174253182291203","0.175853038192817","0.7988903068854","0.273006451597634","0.264453853880482","0.315126051316016","0.300148792405783","0.0683347926787121","0.273116387349466","0.0872467656195633","0.0393359406229263","-0.529749797970042","0.0961193791433405","0.0254220669532858","0.28245895277985","-0.144464515200121"
"LPC O-24:1","-0.452514516868172","-0.357580231934788","-0.353860574679402","0.515912538992528","-0.479588677237975","-0.346362263021634","0.0656043317965234","0.316143960764769","0.211687179247916","-0.309743380569684","0.26471550139248","-0.101490199219115","-0.0701400816141248","0.117908622840892","-0.146613306638102","0.0341657341932281","-0.143105437706965","0.284572006752675","-0.00336686688476352","0.516315271214012","-0.381206807253434","0.339595992008436","-0.0391661216810006","0.0347363329150833","0.387712256145336","-0.337567679099771","-0.458701060232142","-0.427903671112171","-0.149397673472437","-0.239601194090227","-0.275089416384797","0.0482860937543974","-0.0379496430055088","-0.492910346228339","0.0960236586171881","0.0850026100315095","-0.117862826845776","0.456933715453334","0.445671763910738","0.141920809795285","0.31269517069389","0.531684959045707","-0.392724162964657","0.237861124207107","0.0525444064387032","0.317174064398814","0.0781753473225318","0.346626509719749","-0.12522382290785"
"LPC P-16:0 or LPC O-16:1","-0.351083733228655","-0.525559711405986","0.142188436128335","0.156629222423971","-0.622250552186477","0.326630262558867","-0.24245149112708","0.083662748076581","-0.897805096295203","-0.354181861454446","-0.263238267770308","0.390642897317567","-0.160006581787033","0.13771424866058","0.00818792639701264","0.412155034475032","-0.582800479424852","0.0686842383512074","-0.036388087790942","0.336344580606716","0.531020010349408","0.176520327136035","-0.13972286001745","0.292927921006333","-0.317673340722839","0.145642316947242","-0.160588590608361","0.161562637729082","-0.537123438411656","-0.152136698492372","-0.165459688829575","-0.409539781339447","-0.242487626635398","-0.599571581294779","-0.146732992483367","0.288011778169388","0.0222214603189386","-0.101031149704242","0.652056332740955","0.286167876400971","0.254000804269007","0.0916154399124397","0.284960624336848","-0.39005404618246","0.162083551654277","0.386171679596647","0.124198041139732","1.07253301350148","0.40335424698827"
"LPC p-18:0","-0.122275818102023","-0.851692571362384","-0.0827396579274395","0.526248170373473","-0.575905072710012","-0.232545972735691","0.0982204526820047","0.167553118338581","-0.48152671770158","0.642530113313986","0.228034167727457","0.104450561997418","-0.855184296132859","-0.532673166944631","-0.41184920283565","0.49754047642463","-0.415693707011002","-0.208980180662684","0.311975263415186","-0.00644738691688784","0.173835462212313","0.273555488264252","-0.0336889168951283","0.500593923743017","0.142431141459698","0.397593634014475","-0.451199016054433","0.373876368509983","-0.265447992220008","-0.210760718859507","-0.209913516273228","0.27774293015257","-0.218760342253439","-0.173061821333779","-0.554112506309373","0.458593159707084","-0.00651884925049255","0.0437602204528933","0.540994523607697","0.204910768585728","-0.0488005168005283","0.463246586098016","-0.00109963257100816","-0.238817408626306","-0.301167624762066","0.130559527072489","-0.100641465624251","0.621512986485004","0.411745034238433"
"LPC P-18:0 or LPC O-18:1","-0.159421969270947","-0.355736752202871","-0.0698458311086678","0.601871802975706","-0.276920672702329","0.029246153991862","-0.181857411278268","0.133288363483429","-0.720034435943707","0.316981587635939","0.523143325649859","0.206644362024081","-0.320861967737418","-0.308725778880166","-0.497897773637914","0.158746141847184","-0.467511395879298","-0.0185483910170143","0.0693123161164327","0.118458534173008","0.111838930345821","0.298133690026069","0.0629359100838917","0.401501647027174","0.816381597573401","-0.0169084724402256","-0.654671811423082","-0.071968097270628","-0.5800563584151","-0.344395351137866","-0.16307781239648","-0.183706175244784","-0.283750336305112","-0.557097175745268","-0.447896253333086","0.206081439476637","-0.333147237177852","0.275644434500869","0.392112314080912","0.403422252791039","0.400190546669741","0.0597404790384025","0.4056086739641","-0.437151536508729","-0.344579743378546","0.478699671309162","0.294407159752259","0.662855679752538","0.368521726145843"
"LPE 16:0","-0.201952696990153","-0.997251439979187","-0.0192118038680661","-0.456608056891307","-0.839061184109894","-0.044209138912304","0.192412731991629","0.298499407057761","-0.0851432489857693","0.863121658400525","0.083426868665597","0.779448532134158","-0.752843531889833","0.0903277931835703","0.000268472496325741","0.0916666110491468","-0.465765365972202","-0.135399798478418","-0.368144110297202","-0.371332321147189","0.101086684561723","0.22912849607599","0.00966029852814298","0.576354436998767","0.355533713462943","0.0440285392197335","-0.298306736589059","0.512010643843401","-0.57225267197228","-0.172606205019359","0.089401404136631","0.101529267771814","-0.174021105176233","-0.490858224029368","-0.100165536827908","0.490305814673182","0.136299253535403","-0.117509923883217","0.356889422726434","0.5318136749978","0.366327277283864","-0.0205604580066678","-0.111791380594506","0.270230951018821","0.272063591890412","-0.437090969424754","0.306795501672269","0.272942814979969","-0.189487953311139"
"LPE 18:0","-0.311709677067268","-0.458854633777117","0.000883372430607663","-0.387335969910436","-0.857600394266533","0.00838195361420551","-0.132362005087695","0.160894005434712","-0.325391455222784","1.2987220537192","-0.362313652817032","0.661417640640454","-0.1813747198184","-0.00773077130681869","0.230104105276458","-0.126723480885587","-0.310955278493134","-0.277124578168649","-0.159573120414644","-0.448659764416186","0.466491106361824","0.157590706859596","-0.105548172179106","0.646919535520199","-0.299019963529701","0.235426021748353","-0.2348056356748","0.625440647448523","-0.2501822059676","-0.286249741797585","0.0317220945287693","0.0896016614963161","0.208289438490439","-0.296698851698649","-0.336215310940641","0.596128313478625","0.196335082827879","0.0557604605645963","0.175737649742511","0.461554440653049","0.0839170324244115","-0.0560957207321765","0.0152166445807424","-0.136922860705455","-0.18753691627364","0.0155454802633917","-0.0281926746107322","0.337725004674259","-0.194626897016755"
"LPE 18:1","0.576067571334484","-0.721133743439062","0.47184126053413","-0.718845904443344","-0.753079033618797","0.130676105142556","-0.466278602829173","0.132127003713387","0.00268258375182347","0.450662773678807","0.440510937468123","1.11878642404314","-0.335129669119851","0.209126540818273","0.0563939981588234","-0.286223962753936","-0.338669633575915","0.0232957636022108","-0.226008839092512","-0.494226025662382","0.188638232502278","0.0498258147813318","-0.160414372639134","0.40905139864342","0.399904149388241","0.208208963006001","0.416955787087037","0.0485922457333759","-0.096176419274417","0.145927789380111","-0.0696698960154983","0.0266141680635726","-0.0212699566588278","0.2644300174667","-0.475938975099724","0.485496000001539","0.122169254249472","-0.529706376531293","0.0127115478292429","0.320266745910863","0.00299273652639844","0.180213254174378","0.2092044342204","-0.308846846955093","-0.286869229284179","-0.277573118710984","-0.265644900159758","0.112261222573356","-0.383929217919603"
"LPE 18:2","0.744069953952031","-0.165449035690974","0.496494624872684","-0.30465657302264","-0.369424721305083","0.293129256601458","-1.03248986412685","0.077174652573049","-0.074380091063415","0.442727432713176","0.546841257539038","0.979189418718582","-0.0101489174851185","0.240995599336112","0.000994298509106874","-0.259136605308416","-0.0507478778001461","-0.0744730865351392","-0.282645236188423","-0.13886388020213","-0.629963267205858","0.178532749901611","-0.238457497473739","0.332645350894525","0.219896843970253","0.208391433605984","0.546458262611864","0.191244034151897","0.417514860018327","-0.0586655098400301","-0.176295903099924","0.102123031354272","0.0658357227473834","0.567204162272987","-0.49415940153202","-0.779446473657764","-0.10477250400308","-0.521503942693919","0.36455230866326","0.222114541650849","-0.795304077451766","-0.0387871193309121","-0.169087639155472","-0.411377519260909","0.0763075585206504","0.0449030277758827","-0.314093444355434","0.15187107170054","-0.0168812668663565"
"LPE 20:4","1.32628632551154","-0.539940864194121","0.888261130994772","-0.591198912727605","0.138279470652518","0.558014965119349","-0.327345107723085","-0.109931145284954","-0.40497766499786","0.761455459438081","0.807201288534258","1.14936004545152","-0.359760590586087","-0.122246243148851","0.0474241705871788","-0.117357368927463","-0.553143061968449","-0.275141777199702","-0.551059836570175","-0.6893292466888","0.158028357952406","-0.197346185503911","-0.195392103984898","0.164345874969548","0.383910877107851","0.0510465219940326","0.948559964284083","0.175853332247762","0.796698889929902","-0.34135244307148","0.052476493757875","0.0682744233007862","-0.855994070886454","0.901833308152292","-0.324991429400414","0.103861843071532","-0.625652096017639","-0.380260117614679","0.0125453137464275","-0.267771061759008","-0.248490138052999","-0.379678775382387","0.112821543404021","-0.398656452887918","-0.242193194601753","-0.646670239551128","-0.215055195679406","0.372313130577989","-0.0179174063744992"
"LPE 22:6","0.873612681457035","-0.703194661016181","0.738012621230886","-0.237638586223262","0.388330760417132","0.284604542390095","-0.15160063843842","-0.241546711019683","-0.647597775552166","0.429263767653046","1.08373836064026","0.95306831679415","-0.00440652896661864","0.215427098818701","-0.0620193701608738","-0.196801398464211","-0.463350254699957","-0.0628059538060316","-0.468219983513307","-0.720457514535842","-0.0496779539000536","-0.0552546433694981","0.075898502375056","-0.306797733061728","0.459903015063044","-0.624496554679617","0.775894593911313","0.0474854443262096","0.992207601582896","-0.704142036674268","-0.0451348733662965","-0.20600090286812","-1.133159452301","0.729915532116533","0.257044969795682","0.395170000227049","-0.0799085586451761","-0.443496356887366","-0.201991097369149","0.105422160103073","-0.0353975020917888","-0.484416105306884","0.334621048427184","-0.584869756359061","0.185935963758197","-0.50078620938104","0.104779261632974","0.340530838853371","-0.355697968916299"
"LPE O-16:1","-0.0143607061435091","-0.66181784742289","-0.00697921529322204","-0.520114241517457","-1.02776661080491","0.237847503073724","-0.459776621286268","0.191687955391812","-0.304399117525761","-0.000602413507200245","-0.365442624796042","0.771432076985211","0.173493586725453","-0.179189390777097","-0.0206116963624651","0.365560379735385","-0.418977150078958","-0.538016973353918","-0.206252524377288","-0.0853144569181717","0.473221077660543","0.257331934267793","-0.00106525450154018","0.467305670375393","-0.212294087907245","0.169263864184297","0.303646347026393","0.770002589560423","-0.285190429216818","-0.0196770944362519","0.474810212871639","-0.293012679423143","-0.196332286118943","-0.524715998342543","-0.390556207471929","0.528258216488778","0.0224812303242408","-0.51847008075636","0.339406204394493","0.256185635280785","0.00167102583727547","0.683070596741913","0.0764804139238659","0.278866159749307","0.00557734142307049","-0.204227320163384","0.147335825435241","0.54973173767899","-0.0895045566327046"
"LPE O-18:1","-0.106258540835127","-0.27811229638883","0.273345493429166","-0.970604238505322","-0.975988252192495","0.135329916145086","0.102148550112741","0.165223074310416","-0.277615937822096","0.891643807412133","-0.425997417384481","1.08806526762573","-0.134499481228801","-0.0841803854963518","0.00151616929365979","0.261506375122116","-0.756773962826354","-0.168396013818557","-0.111905543173996","-0.432685924612318","0.450977485303703","-0.12258323779615","-0.134872440928065","0.729203005596232","-0.481416641863034","0.307243672845797","-0.138153103273367","0.773897096498579","-0.270598685748003","-0.00330831099231042","0.270576352993213","-0.149531518581791","-0.267884305459705","-0.457162401209369","-0.143420937752474","0.518713046078065","0.14636041083399","-0.125817406691559","0.264831900578586","0.451035269165767","0.16108566116827","0.284115090855897","-0.036374119184878","-0.0413057786066341","-0.14819020891046","-0.0621856964356392","0.0717659444352499","0.270072676358331","-0.312833478444563"
"LPI 18:0","0.485216634975206","-0.975356135005704","0.56427563833329","0.63385458084675","0.075257465392445","-0.277146866045736","-0.220003828347189","-0.391431167870702","-0.562712966339359","0.543487646471155","0.517283550040607","0.320420978432372","-0.406296693984753","-0.495511202702923","-0.426149482207844","-0.077993023827223","-0.300635150957143","0.0734928267164697","-0.0333495599581217","-0.103142515724366","0.060237913628564","0.338086054832798","0.0654894958285206","-0.1125850696309","0.984159895365941","0.17023414743982","-0.71302719391462","-0.110577401868597","-0.205596374715099","-0.298246468177677","-0.161906309729034","0.207275418508102","-0.63842762468702","-0.361227592627762","-0.202347358101068","0.321130807031864","0.11614670285424","0.224860047961596","-0.0661735989181338","-0.294746885289212","0.259236399644985","0.00564138567222751","0.0356499700497717","0.166245535745663","0.0865172894065045","0.280896264073413","0.166414640756653","0.435851264858124","0.297227915763107"
"LPS 18:0","-0.211076521266296","-0.752300358948016","0.22356818799983","0.254065573459191","-0.778246959415499","-0.156604730602102","-0.0879305074881729","0.0876712786684842","-0.265437926144908","0.233321487407503","0.855533064625929","1.07845762658758","-0.408864623182235","-0.273160207110142","-0.39278534680111","0.290685305802227","-0.400672969117229","0.151698548533491","-0.380941776008591","0.199732753194786","0.176864882304791","0.431434091658531","-0.0205193138177443","0.283714018476894","0.642956165594241","0.213874868018918","-0.73974860282495","0.0309686244196704","-0.558066156697182","-0.142122014572892","-0.0440773412872977","-0.118696071336647","-0.522222601052184","-0.320857193229961","-0.525882909615874","0.490912105723214","-0.215735800276429","-0.308074902033792","0.292230323533024","0.178539118110001","0.297569243226915","-0.193044387023042","0.150305592631586","-0.165783466438502","-0.0351911734324027","-0.0229244068711717","0.546610858092419","0.500721671484804","0.429532877040344"
"MG 20:4","0.698598291132614","-0.472768059208753","0.472677282823929","-1.33556761403001","-0.434905058824911","0.287884888729573","0.213594575202747","0.163131308662947","0.0621305430464596","0.927907250125283","-0.92334482227582","0.704522502160282","0.444455633995167","0.442188364435328","0.435688049065209","-0.659044373058572","-0.239019439282537","0.132535341582885","-0.300781135520524","-0.628865867516437","0.368167630485362","-0.375764497514645","-0.0228069799432511","0.358079976820996","-0.84241638666563","0.0615111566561391","0.988088172710956","0.67035450759453","0.20886711660875","0.538136417283211","0.470597883379859","-0.434185293183586","-0.579587682235534","0.175080560140002","0.327407284099064","-0.191502997260293","-0.162274339694996","0.294680511637188","-0.7822468580751","0.120423557139342","-0.733595280877585","-0.106574038806192","0.403892831132829","-0.119411691799549","0.30283650617551","-0.0324263200768915","-0.502056395256902","0.0730933355757295","-0.467386347294179"
"MGDG 16:0_20:5","-0.33767349271891","0.0224548907611538","0.275601355804377","-0.302069020495208","-0.203225774812774","0.363674150386847","0.496765805806103","0.504439446715756","-0.0196073289544803","0.202850801123998","0.0589570094128112","0.314079036739725","-0.442217221442597","0.128799734124814","0.0657920962825678","0.224769628778531","-0.229854616304867","-0.540073462666092","-0.217328725639447","0.12594645967182","0.310844481063223","0.430994250902438","-0.0557886842386053","-0.320884281243964","-0.081721156796798","-0.427375861097078","-0.161325024002445","-0.0296550255479314","0.135041273245989","-0.454011421661259","-0.0872332527775387","-0.0868086301214456","-0.123070501689969","0.212101507800735","-0.20251570593219","0.0869812286301205","0.0235844274586412","-0.425089353207399","0.416423164461001","-0.0349005578438009","-0.1336412153931","-0.216867661415484","0.166828158870053","-0.284692060443728","0.12407886061059","0.386215836205728","0.0408834101016028","0.63694462375228","-0.337421602263789"
"N-docosanoyl-4-sphingenyl-1-O-phosphorylcholine","0.252452877417734","-0.0478374122925723","0.232066432885576","-0.1753975211775","-0.23946316420837","0.151738883640422","-0.205649607973268","0.365366716828806","-0.386892863054863","-0.324698713037978","-0.997241959557214","-0.26336608612953","-0.0462071743351532","-0.0395638193923668","-0.070512264565624","-0.182248168970815","0.196335271548737","0.128303222205781","-0.397099133846316","0.499485039386378","-0.0571685559609653","0.175539163208403","-0.159885344148461","0.162920776663923","-0.185117677934811","-0.147027410403657","0.554570926700847","-0.133991919236523","0.0731655514290406","-0.209612945130665","0.131022711370734","-0.476318694687957","-0.212858500223847","-0.483256176775467","0.346230052350785","0.518266734254042","-0.226895276227171","0.577820153397843","-0.0285110790214186","0.198622963020689","0.242299549165994","-0.0679702679501664","0.403312272632618","-0.186789053755797","0.10532904192977","0.220676494489113","0.0168933553692066","0.561993729375457","-0.162831129273419"
"OxPC 36:3+1O","-0.278881140693714","0.0139939746261052","0.286804687334248","-0.205880911123073","-0.155307602902867","0.0332679585283388","-0.0116165140240018","0.158990498212675","-0.119573000445386","-1.32674534974358","0.250328737928738","-0.321253218804169","-0.181083109854996","0.165383745584431","-0.140116735888868","0.121681203746783","0.409198467567819","0.207386517574413","0.0025064228453754","0.308011395022268","-0.354268696419305","-0.112169793803682","0.217991845504489","0.041720585567299","-0.268662385274731","0.277784979192531","-0.449611703094786","-0.444970385085357","-0.557111231963699","0.249470913932134","0.082157943310983","-0.240721536368821","0.511183261345447","-0.67286332641721","-0.0679722466808185","0.0275833746265047","0.336278583144938","-0.158227550586195","-0.0984055805925508","0.378415120693172","0.238042512790024","0.300634995111683","0.275660665448089","0.227189105976251","0.417035846859321","0.621851373188291","0.227522969895042","-0.0891554270250813","-0.13348023876451"
"PA 18:1_18:1","-0.29572196387309","-0.175106119066753","-0.0925709529698705","-0.360754370585097","-0.437646862954609","0.111414154055326","-0.0607709367358737","-0.138220671915079","-0.0727981048197915","-0.751961475326912","0.23967261312854","0.347956091640397","-0.268031816538903","-0.433820105913278","0.0141819581010524","0.209415569003157","-0.111992285520237","0.308908455255823","-0.262679749528996","-0.220224392494112","-0.00743556508623415","0.246880096271567","0.273790006018361","-0.0159903954411704","0.0559876003115842","0.211518559816419","-0.171546392772624","-1.19996376638548","-0.135065709237781","0.260128588113135","0.059252420427791","0.230478557774852","0.218687916870296","0.0911742921007418","-0.314126634432578","0.489393069557392","0.326304784915429","-0.0202586516430467","0.0660280094520594","0.47388630728369","-0.00735146919163867","0.297912332092739","0.204478573131811","-0.0712714226532384","0.116390290675243","0.345536442570008","0.0292101361997709","0.47591248096294","-0.0791894906437327"
"palmitoyl ethanolamide","-0.63739567019584","-0.76404899445267","0.624915170835722","-0.371794620406088","-0.367484924976797","-0.00422469408983276","-0.113076003554801","0.613249370656157","0.0614600824903804","1.06016225560394","-0.307298217087097","0.724968905273259","-0.472374322492898","-0.417714400836356","-0.586365998274526","0.460391460686682","-0.428713759686599","0.0924799246674216","0.42247522723308","-0.56529513027773","0.96186251900967","0.45191917426617","-0.306128779394325","0.542651540291076","0.223039751717442","0.363609681446621","-0.661345631878161","0.675199255173723","0.118255434464924","-0.3913412879537","0.110496881326623","0.119957204447346","-0.177135697234986","-0.471289592484207","-1.29415727001393","0.27060602600164","0.018323014198916","-0.963957990530857","0.483111530343657","0.400262823393535","0.0252318806713183","0.752193814320516","-0.111583255587539","-0.863004265220737","-0.451683644673234","0.0453492788733938","0.27054345904048","0.31430087502509","0.520397609844133"
"PC 14:0_16:1","-0.0797690861931448","-0.500322164288652","-0.259297868355809","0.176724176753274","-0.405542849137865","-0.22511000652975","-0.0593984660282154","-0.0862626674875162","0.0636791276357502","-0.734072411949367","-0.350446633306624","-0.328209826562612","0.219219958877572","0.20759278416194","-0.619618571998445","-0.00682668008152679","0.296591821514302","-0.224717745829427","0.737059276975636","-0.262380623815908","-0.452899115024272","-0.126363802942493","0.490739650494941","-0.166781169296296","-0.249711223154746","-0.099197305150661","-0.237191629743335","-0.279934883330524","-0.367534129261081","0.874066094182112","0.41388062630288","0.267617740518993","0.721155790519865","-0.00295050034388624","-0.304123771692596","0.661165987635457","0.04852971771013","-0.0270853442348775","-0.0962565684458294","-0.419990456494619","0.00273812736986975","0.542535973447322","-0.153020782964388","0.955608096892456","0.617074870214529","0.0045964575516258","0.454592718745502","-0.253523605631713","-0.37662910822798"
"PC 16:0_14:0","0.153180269516525","-0.646944658936384","-0.603622693993969","0.0542945172602054","-0.362400125367021","-0.0447062940337961","0.247433928057586","-0.394629642510908","0.0523975474633022","-0.86340104579636","-0.00378569180923215","-0.616914571525141","-0.0593154728467061","0.331766894940721","-0.488234777430861","0.373936627478841","0.353344655054166","-0.030277626361763","0.197498428481981","-0.299273782087688","-0.131847984043628","-0.0314246105008679","0.377059451995538","-0.0866499243101394","-0.0838633990735862","-0.117026068339015","-0.295172854277951","-0.229702542843589","-0.608348849804594","0.383692260062396","-0.010909325708676","0.379754383642524","0.722815592793793","0.105790647498584","0.13305082037193","0.966004379037048","0.207214498259397","-0.309065400184814","0.151784404714242","-0.000129898962505171","0.0822731168882447","0.339566351003261","-0.273623665732258","0.839617190976533","0.314481406011693","0.391976603424819","0.32300287531779","-0.358480289473998","-0.532185654295684"
"PC 16:0_18:2","0.120236397599647","0.00590947961481668","0.173872469453352","-0.0216250367286721","-0.0465202616357003","0.142093394497264","0.0923732071146077","0.111805459447877","0.105575442516893","-1.14111830653788","0.165488963111086","-0.595372693136676","-0.15516028509344","0.13550698315412","0.193690279353571","-0.189366330260284","0.152901236854879","0.17069001116396","-0.0970287713587091","0.180628590552895","-0.180729875656194","-0.16692615093214","0.0601143330975941","-0.059234361022087","-0.307275589025936","-0.0893035788126093","-0.0568334462623942","-0.569077917458511","0.190269323073277","0.00127808968089913","0.00727239815802293","0.0550042705232102","-0.0943884030841654","0.195613318841208","-0.263686530988284","0.38410770572216","0.0405682952355845","-0.121018029229678","0.312590690655167","0.382678652925278","0.115140749570667","0.0140922248243146","0.378955679395337","0.00972921047907817","0.0170608768984006","0.33368592710364","-0.143544445730141","0.271460133299923","-0.222183780965233"
"PC 16:0_22:6","-0.367573383191391","-0.446409953250879","0.17027610655375","0.0115006660848744","0.264023966690815","0.146336506540643","0.361777459800795","-0.0938065609130508","0.0322674440025976","0.219597412210639","0.273923905795795","-0.0885177128835493","0.278999976450836","0.0924203370156489","0.0198138909605086","0.0250268727199285","0.0429844234497371","0.450754816963632","-0.379506457479321","0.400912795735501","0.20123662560852","-0.0608712248414105","0.0545678768675065","-0.964634931639242","-0.545557370797204","-0.633571527191803","0.0974737512676683","-0.33982622123456","0.685472189942532","-0.484901471640013","-0.159462856024685","0.0080905610985543","-1.24136398312284","0.0676239299344655","0.678229623543941","0.177732522949365","-0.0672356487878753","0.0431140874627997","-0.254876216708865","0.322725031240749","0.254920433380831","-0.361103522431115","0.3732654814959","0.177113399732307","0.508454071102225","0.207676394614474","0.154681265458997","0.171614402783167","-0.485389187321905"
"PC 16:0_5-oxovaleryl","1.09520804529844","-0.178456201843669","0.0494926200156263","-0.203344150117074","0.730509441274256","-0.079847722445024","0.248910947770593","-0.235833880920946","0.098804137365516","-0.803006306502992","0.329415503063942","0.125404236026449","0.284725726278087","0.195168069460515","0.0600585290901462","-0.0434708510224895","0.390061729415864","-0.247588084442508","-0.0856010238500122","0.237313026335143","-0.180387172512248","-0.298456134398494","-0.0840912266692927","-0.566847505525622","0.38947239932651","-0.89775785404662","-0.401674408715878","-0.762188465988681","0.35387858088126","-0.166537638876778","0.0561362590688084","-1.21641252877143","0.4448699694503","0.546551178949586","0.770608714749898","-0.186181658376457","0.14370298069229","0.677827120063826","-0.271490960056259","-0.42705459313768","0.252528536505441","-0.31619016097619","0.0187582024726506","0.652981232003564","-0.0560938065163451","0.544738903089908","-0.498241589327674","0.124417340381828","-0.614789503990094"
"PC 16:0_azealic acid (PCPAz-PC)","0.760066546396896","0.00769075724367183","-0.24639071611673","0.30162640983306","0.0705628131370609","-0.118084505803707","-0.16819570559083","0.244947334206698","-0.0268542983401386","-1.24801577339121","1.57193321432877","-0.305184046723127","-0.106670716495159","0.193205842591","-0.420886770620264","-0.0515566083189951","0.111467651176203","-0.05591554316512","-0.148352730753485","0.452252555483144","-0.129049771089069","-0.0267298879697911","0.285535657912117","-0.408415224785212","0.554232637174453","-0.461186686354963","-0.592130518766503","-1.03730763990899","0.397018662918415","-0.182162630008603","0.24801273660645","-0.0932581266104329","0.543938404147075","0.145973143746997","-0.166106894253323","0.320491395297579","0.0680232448411618","-0.0815461980631098","-0.180000377908483","-0.158973978770924","0.203262414670536","-0.0748849621911745","0.156085903897815","0.131754452450076","-0.190479725858725","0.466401031391299","-0.313827591493681","-0.106807264925927","-0.135507915172813"
"PC 16:0_glutaric acid","0.735843878764511","-0.0856038641378891","-0.232808295505047","-0.226570167277872","0.505241532286545","-0.430721578328658","0.277735984660508","-0.327329729739299","-0.0731005245392113","-1.19949667995662","0.29168393866034","-0.417547528119318","0.14846905682243","0.459484520874647","-0.210688121138367","0.0974004976529024","0.450286415060975","-0.0623226762631934","-0.0905508148369385","0.345049026908559","-0.194435815526739","-0.0815031939344128","0.182239364161273","-0.72957889119402","0.277460925441985","-0.46052664753114","-0.65314282816686","-1.09781587715195","0.109452699631525","-0.456044042684576","-0.0934140124099806","-0.53191074079682","0.763563756004121","0.322042174084782","0.372838010713409","0.082740345805493","0.134972578625916","0.886981174676192","0.0455092357870601","-0.143105259954262","0.324541287558715","-0.0830286097291986","0.154483829343822","0.600950312327128","0.0289131688497184","0.536870372745495","-0.251248788578257","0.258515835964647","-0.260775235912072"
"PC 16:0/9:0 CHO","1.11824113601999","-0.0953127173526806","0.0542935875207698","0.655919497238161","0.478150381746292","0.173282313497697","-0.30686129463287","-0.145604248244583","-0.236341117709607","-1.03624576910178","1.29798427331068","0.166889706891383","-0.127866387492515","0.190533232701113","-0.198615979623945","-0.12669024260229","-0.0723592223645483","-0.244608164577816","-0.102860278828682","0.399854001580267","-0.283002293025861","-0.286545103272943","0.0834323558371662","-0.383005895492198","0.944269320061005","-0.735460457294125","-0.147168528731319","-0.862108919686566","0.544443273884912","-0.183671503861257","0.152228897318517","-0.75408951352509","0.18684161742256","0.509411408008468","0.0211859346395848","-0.102195235380611","0.0489378579436491","-0.00918052392296812","-0.302175445126124","-0.481516904398561","0.141480194454375","-0.135646916433641","-0.116008596119173","0.266705262215226","-0.229751143791588","0.62481100375423","-0.266756102169046","0.196461088433321","-0.283707839716984"
"PC 18:0_18:1","-0.267443557207529","-0.00344558118992359","0.0608439109439003","-0.113376167660884","-0.235558219965847","0.266671111199422","-0.115945461105931","-0.0211069481597556","-0.13033370671392","-1.21152785340841","-0.155830479135446","-0.975916261510788","-0.0508882362648627","0.339993620240965","-0.134709462355939","-0.0117509074754574","-0.165169084440493","0.0699812457843256","0.0990873851379392","0.303200647269739","-0.0209420775235836","0.280432472417446","0.271873320059001","0.0869302078784267","-0.324909514175199","-0.136883907524731","0.251169383740911","-0.763338409402314","-0.0212682004578059","0.556884758152469","0.084336928355608","-0.0586075710380505","0.226637768140766","0.131338973248752","-0.286657452314838","0.182425511603483","0.151083451498137","0.240309483238174","-0.127488516405455","-0.104722396265605","0.300778088402862","0.123335943573332","0.349053980574637","0.0132413818232745","0.00364887533555259","0.304841188151586","0.347049710794162","0.259294114162689","0.13337650997521"
"PC 19:1","-1.7299224168218","0.394040459744333","-0.4757308225243","-0.514396054341058","-0.267843926524041","0.64175140224546","0.23197141081214","0.470292658839708","0.271846521828828","-0.0999425726315747","-1.6111803837225","-1.2902988416131","0.074862100929141","0.388240381968256","0.162831925882568","0.358770374337307","0.255677663141076","-0.440367190637208","0.0148977405018812","0.353826763053732","0.157393425560377","0.251201545236099","0.230920447589617","-0.01466847556698","-1.30892970738876","0.514086587932284","-0.407459652170601","-0.0449212941275704","-0.397524331642913","0.376882516729881","0.29085440411883","0.171498988616173","0.378735576959552","-0.407563961884481","0.337139667094619","0.35601106699745","0.127160401137681","0.417851783634105","0.110074859799695","-0.0765324184463856","0.0585505239255536","0.329419682219761","0.5365646726092","0.0186885679336361","0.197919218309937","0.732466535778876","0.130941416879375","-0.040880929159667","-0.215208313144202"
"PC 19:2","-1.67148652648389","0.402795205708854","0.225503146013202","-0.24869000825567","-0.415233860797155","0.900977578660916","0.00231009726102753","0.622474065568112","0.067232834114348","0.0779338248651914","-1.22190872754832","-1.53642664084257","0.0113463649828683","0.329111576178292","0.12909380237716","0.596145395696753","0.21312061511702","-0.40915729635777","-0.0235218269674883","0.122201238286526","0.392639921042389","0.0671655926897487","0.328640212483946","0.207490977466958","-1.60004647979955","0.477616766724154","-0.176074430562898","0.226066764854477","-0.234602789445924","0.143825656965084","0.13136404713432","0.177983266034006","0.294305932595709","-0.313011739912479","0.430095017219755","0.410484736210574","-0.203361787548065","0.068967187883607","0.243219351145202","0.0791050828875897","0.0284254899130397","0.0513717916142769","0.733651314874657","-0.197919850546428","-0.173534057428322","0.561644695588582","-0.227117611921996","0.0343997847812196","-0.136615700521044"
"PC 21:4","-1.23887245790782","0.829044811621719","0.569561349526318","0.0325527190708581","0.17894559505523","0.958524306276135","-0.0752230279061538","0.455434965869664","0.287654239413721","0.516542105774613","-1.92943050643667","-1.11965969256524","0.00354181572247673","0.239121770886628","0.0221202793913483","0.491039019543084","-0.388630420936797","-0.535744934119611","-0.227055499713431","-0.482734312869242","0.435227603790731","-0.0218317409004419","0.158970252603159","-0.265259177449508","-1.31575160343179","0.433633058085891","-0.0405553563236092","0.351345642967478","0.308798907018903","0.0353620221378127","0.108264334498072","0.571984870283502","-0.349606490453806","0.0415580947070233","0.333191521115784","0.477016461549341","-0.399255023295131","-0.17455270625954","-0.0637640697898961","-0.277302165077555","-0.356455680802972","-0.0138703937540806","0.591757308513395","-0.236855088542104","0.519403880601068","0.108218303416266","-0.0397313774653617","0.495592812727241","-0.00226632616670529"
"PC 24:0","0.0575152018430294","-0.169093188721502","-0.819570994333048","-0.185276592770249","-0.288377341877193","-0.206078905390322","0.107087902923394","0.383509497836356","0.0572225293372458","-1.477753161827","0.460613978744379","-0.703874912262983","0.0148201878615114","0.48859534803246","0.0357510922322824","0.0936969983855844","0.327038925067367","0.168949627261748","0.223596940651466","0.788654851121022","-0.100051922130306","-0.094769895388336","0.442382047664806","-0.0864858900224257","-0.245980259976271","-0.396448068268792","-0.732793883007467","-0.696126725172068","-0.18031120034854","-0.103520906736909","0.325956108754102","-0.226437411418416","0.592858282425126","-0.414016107192377","0.0117913948380662","0.381372032470189","0.203669389803461","0.194317694517486","0.0700999779155316","-0.0210662530621052","0.486168959326596","0.0802639048562535","0.202073120760454","0.467002220566802","-0.0717089797155363","0.868779509854258","-0.018534308426521","-0.279322184281414","-0.0161886327211985"
"PC 28:0","0.234308271850695","-0.791983660669818","-0.709129189412879","-0.113795950514098","-0.502054684872027","-0.259344912231673","0.00629409496254141","-0.38038137074061","-0.0435944556305179","-0.545334731087361","0.0232052596375268","-0.555347890207752","-0.0588301842104472","0.354804659325584","-0.60061706066838","0.329035105163099","0.597644119714746","-0.213133349488683","0.900091847745564","-0.590007252513007","0.0295891583592723","-0.0830230310219002","0.949515384695087","0.0495536981049509","-0.0776967823461612","-0.286971241022307","-0.355855935207848","-0.332794332914091","-0.325237005333897","0.697934765320097","0.111008468526929","0.508388982686038","0.90531485390829","-0.0293663637576425","0.232174054556992","0.705278066249886","0.256810506367709","-0.520642207183993","-0.190742387127155","0.0302237250287435","-0.0478894765183541","0.762033409796446","-0.395906006160377","0.717366957353115","0.377328467258886","0.214123682474194","0.127695324384968","-0.759143706586919","-0.350899696043462"
"PC 29:0","0.18494933366441","-0.661920361403358","-0.498112902449018","0.0252654013939418","-0.657204282677861","-0.14974409310273","0.088184699880774","0.263607014200982","-0.0772470597267017","-0.768464335719719","0.09674018796046","-0.0984457146921354","0.0704998541997654","0.168911985066442","-0.256497468905031","0.579264332049485","0.488340756344259","-0.262947585145579","0.303997159493776","-0.462648053209891","-0.195470620447081","-0.137003799507523","0.404230686481516","0.312052341735056","-0.366881479931837","-0.0624409215817484","-0.22262583577479","-0.265047257945214","-0.617018501257545","0.3870336166989","-0.014555023413235","0.541923658920067","0.411829517509166","-0.0790199324834684","-0.0610204309133769","0.613768156395188","0.119941953084756","-0.381487386095887","-0.0897690295084591","-0.148810995057932","0.0576138512444811","0.527568592677898","0.0416480275309743","0.529088033594146","0.559242610050464","0.377775975838296","0.222597288169238","-0.54770462491993","-0.29398733831439"
"PC 30:0","0.127355555534407","-0.0876172895218779","-0.0955068242822179","-0.684851956403105","-0.507007043896596","0.29277510164274","0.0733565601408561","0.333909019814592","0.208876803418072","-0.116184240839644","-0.134203218188548","0.119972386023737","-0.271664926587259","0.443464586371477","-0.338255468570449","0.0267151876472755","-0.09633492881006","-0.202161634685313","-0.207747971010284","-0.00293367290830449","-0.1273463454942","-0.0383663570656513","0.298517943019117","-0.200383039795702","-0.219143363677469","-0.110589474935857","-0.358211500740974","-0.350495784780729","-0.0366878842858592","-0.143576782416888","-0.20936345338399","0.177617858566038","0.248951208706419","0.124915371589125","-0.107945298250035","0.532721437087905","-0.0295023046826832","0.239017674600173","0.131419899642934","0.288997564499847","0.324502674232571","-0.200491711956808","0.0669149008402605","0.118671981148744","-0.0873802821223607","0.153197743304072","0.359129362360663","0.431690351745117","-0.15873841264328"
"PC 30:6","0.917396366649777","-0.296372500522079","0.274003477449471","0.737699525565167","0.521105767016488","0.29392878161684","-0.649484786877673","0.241342030956871","-0.431405663107826","-0.407184502301129","1.15365150653428","0.500199747677698","0.0160069357932935","-0.264249354289032","-0.187486498815001","0.0526379157855561","-0.240111803527091","-0.438884156958051","0.114189731431089","0.534280751349302","-0.0893030225570732","-0.209933312557245","-0.298667874437136","-0.327549390859626","0.817866789462274","-0.5557398801932","-0.00689433021101431","-0.539063179771168","0.45329525021855","0.0919023585003985","0.183778782644197","-0.313162725796448","-0.300711800625159","0.695826595319377","-0.124800793408288","-0.246472892656925","0.0595893753166172","-0.545445135142729","-0.03518667387706","-0.408033934611764","0.0358279424442409","-0.471064861538481","-0.160693036861999","-0.371405071656849","-0.114127404030448","0.371826759678269","-0.176705162361554","0.285623456205992","-0.141840098063695"
"PC 31:0","0.304412987748904","-0.301434417789086","0.143484037328187","-0.475876388397374","-0.459631273096974","0.523195015584424","0.0445913000849513","0.0246321963689103","0.118864341346532","-0.235059104958276","-0.134527640133953","-0.414603025565832","-0.203836459820155","0.235292379401164","-0.0965951339559732","0.248849046397977","0.225038398532107","0.155267532986626","-0.315597605998541","-0.313181688455615","-0.683931494769357","-0.203673976569644","0.28912944948699","0.216661352129605","-0.436553844268134","-0.0416152007592116","0.975254867112473","-0.379259263923558","-0.147804433657527","0.265317593893241","0.193914093406406","-0.0244502258289528","0.269831744331538","0.198272936381813","-0.064461987762525","0.39878850188753","0.0388563193802082","-0.114332054670464","0.0280351611310858","0.0572590204130391","-0.119844742818516","0.0823357989868603","0.0032115188760996","0.29521773613313","0.0932765942054378","0.0616177110598728","0.0757987513200457","0.0907812904462056","-0.490917713161693"
"PC 31:1","-0.203174476531655","-0.459599062047107","-0.228613962259596","-0.110793473809627","-0.183871373981653","0.239818447736214","-0.0863711296776709","-0.0864903676769705","0.136435675733853","-0.784195323505745","-0.551175848288134","-0.571190114328135","0.00558931296012895","0.0781187383346386","-0.642617227511202","0.0917698323568318","0.282213876554144","-0.196580093082043","0.290835290601973","0.0689164381485984","-0.135686005529207","0.264702952975453","0.316846239744776","-0.0894191472888786","-0.282165664427548","0.0131797553403729","-0.0452918914262338","-0.147384146401129","-0.512341008997516","0.420600558762573","0.466130784315112","-0.0322337739781423","0.552112650686681","0.0130720462705564","-0.0324946608163411","0.710777396506695","0.0656751563660796","0.111400119675518","-0.136032506378452","-0.259272421411367","0.115427828623756","0.603175268808764","-0.302935683779463","0.675294676690178","0.573057820490577","0.057627620658096","0.720112097666446","-0.202552321418923","-0.59040890145528"
"PC 32:0","0.149401300159725","0.198805680665224","-0.359563282819302","-0.0809023977968207","-0.322757109431138","0.144129055298046","0.0390202038305746","0.141739392179593","-0.283044331606728","-0.792905408237047","-0.0273715389313005","-0.776920288817032","-0.350927460187142","0.205137061660583","-0.120648387446181","0.0304302827887144","0.199594819667172","0.364492810102541","-0.137677371643145","0.20705809644157","0.10060310161412","0.147840825677152","0.0822404147571663","0.217536960608034","0.047411390106729","0.100678876094053","-0.0282267560074677","-0.723980022539839","-0.29667644811912","0.031440069649245","0.221715586116171","-0.517572522297832","0.414826055446221","-0.483317793621315","-0.109637680613077","0.684696429761657","0.0891142579716944","0.33625428287346","-0.0210978641910818","0.311052616022164","0.166501601719121","-0.0989252095357844","0.220149478165004","0.0538160611645091","-0.201653327364077","0.420144790162481","0.139568599283029","0.284217049831498","-0.0158119486118294"
"PC 32:1","0.0356900651211195","-0.148703232150419","-0.410782157236133","-0.120620449557713","0.049468087011913","0.229837647227257","0.138772798985804","-0.131055207563581","-0.103169154961085","-1.14945224998058","-0.51862449698985","-0.868646383907103","0.0392159464598663","0.281002988881282","-0.566944210161962","-0.239636700767454","0.104466747169401","-0.0675662303002902","0.119573244015887","0.198334582753097","-0.300015457373845","0.200241936430291","0.360608509715078","-0.0623284130677312","-0.429212847572019","-0.206280311788843","0.163912653481839","-0.373353391571517","-0.439448107952255","0.630847373384387","0.526976729634061","-0.441813797454223","0.823127847446361","-0.0798900936094047","-0.0847372726593719","1.08378434987863","0.124693479848009","0.478127103417617","-0.0732276571275127","-0.521586636119903","0.0541177412911095","0.511562256308478","-0.116206032866224","0.885752781659952","0.441778630814594","0.281150413143021","0.704749637930152","-0.237423528911411","-0.777069530358775"
"PC 32:2","0.497343257295932","-0.0941843643395338","-0.126073345839569","0.106621373294388","0.0596220663793803","-0.106853162811227","-0.102150277162316","-0.204780832281534","-0.117624239520155","-1.20829505092918","-0.302628146033273","-0.815768331080068","0.360306023126334","0.29822437703229","-0.607530894804982","-0.208241217656095","0.766060513133113","-0.0909800205579978","0.198492603862233","-0.0601811285426077","-0.290273954937905","-0.220870412049021","0.668136732379827","0.387032996764736","-0.287525724190712","0.0676933157995179","0.600034623104313","-0.295152743376144","-0.346527690899989","0.682085503780944","0.154652306966271","-0.236469533078808","0.175897493606967","0.0345099164695327","0.0165681793954339","0.408097010407469","0.0249646944317074","0.0744129103202457","0.111367542670077","-0.1809436233475","0.313202678916577","0.368815299398755","-0.22755575089502","0.457897452907004","0.520096426170939","0.0629274803483134","0.0769792389486429","-0.939031828195211","-0.422399744382095"
"PC 33:0","-0.0514447226597426","0.000158991327451531","-0.234475413871827","-0.311113660956734","-0.586647857819663","0.233877282224717","-0.0555991389328084","0.110571241501622","0.0723440829460693","-0.679063371628534","0.0518532395884154","-0.745228295442713","-0.122897428911626","0.0822445327360903","-0.098378208812591","0.351958031681574","0.24279662549985","0.123053226391952","-0.155246124833222","0.0244833625533874","-0.252504389158657","0.000949149490217288","0.384930239265755","0.492610691948336","-0.243198995765214","0.218602768082666","0.0528778330492916","-0.667001615209742","-0.382635086012258","0.137630686716537","0.112339827800973","-0.215007764846018","0.464278117854037","-0.0994404392607612","-0.111031545533231","0.435345605772288","0.182461540055266","0.237200931236867","0.13943938631114","0.121055727745335","0.0884385894027507","-0.00522695092440809","0.225233279746256","-0.197646299474086","-0.0807207308077954","0.320093181169917","0.101447084782839","0.297441897557555","-0.0112091135775329"
"PC 33:1","0.0507637533668328","-0.104879158063797","-0.109884127681767","-0.185378588266427","-0.390498441169769","0.365320989792549","0.125057723371852","-0.130223665536146","0.0889783568360348","-1.14137241175918","-0.273646177819351","-0.893688121671644","-0.0227948703967802","0.113285827201209","-0.365589515517703","-0.069077642830587","0.237878623065886","-0.0193891743489881","0.0530954189326904","0.154116120175588","-0.479201338370169","0.182966930532014","0.429256190038276","-0.0373828779020767","-0.445003243768614","-0.157499427451018","0.106883105101698","-0.592104620114399","-0.269326751573246","0.452152386084229","0.369327529792773","-0.232312692819235","0.481787354344399","0.2353192977442","0.113161066959199","0.4724231843291","0.0642389572220081","0.275385480710162","0.0858711594628886","-0.289739130765154","0.0519141023339772","0.438020916416134","0.0748344644320968","0.59797557398369","0.441178971354371","0.305481823987988","0.420648389283364","-0.0454151301263815","-0.532916588902785"
"PC 33:2","0.536927112354944","0.341897247399749","0.285146906249736","-0.15378594836075","-0.245799568908759","0.148856798231161","-0.250361646652098","0.199792097797334","0.157669721823776","-1.03788445423237","-0.0463850841121829","-0.853434674029817","0.0160994677140213","-0.102905255684596","-0.0949051037923582","0.092447271711095","0.619642715262502","0.000635372294299415","-0.0426013945663498","0.196863744643361","-0.362528308605202","-0.318692695940246","0.50024977179823","0.4286380828827","-0.590321651515709","-0.0207448622536089","0.589795569830242","-0.476820562454408","-0.286745716987453","0.198389475343236","0.089865374603058","-0.0489447800776207","-0.342511176722038","0.211799480532954","0.298049425507199","-0.0462065642782615","0.0264352517751884","0.0160304231928761","0.173404163781234","0.150919245583579","0.114949283065358","0.0702467391173101","0.208893965846767","0.0388350656648236","0.261989089467433","-0.0185320986285784","-0.208198611326054","-0.15456769529131","-0.271591009054396"
"PC 33:3","-0.128600919451214","-0.372905003700719","0.0315812798355917","-0.267924896393259","-0.254070079096631","-0.107091772132249","-0.136559682726452","0.208286231272357","-0.336020388634829","1.66538148342329","-0.21396932553373","0.785433333302943","-0.200647858926953","-0.191758081045935","-0.202890132076334","0.118399366832034","-0.220075276642831","-0.169261434649266","-0.130321364201035","0.0957962845462877","0.198756159069897","0.126848508292487","-0.326465368815835","-0.261234504526908","0.167356651840817","-0.0931893651844963","-0.114619043121962","1.57828670672778","0.00026399192883556","-0.46177134164382","0.0710483208504536","-0.0606090423322187","-0.0162893213931581","-0.166214545783264","-0.30085296819296","0.129214213091044","-0.11506966318362","-0.368196667712905","-0.00450744180970598","0.110444708795528","0.190794277623179","0.0675175182000854","0.0745146136500077","-0.262361281935083","-0.113739730714663","0.0727403764516598","-0.155120198257726","-0.0414915312413205","0.1011642053268"
"PC 34:0","-0.24127735782983","0.234383653522963","-0.310474232211878","-0.147323261498314","-0.513977483225267","0.378365019992069","-0.0560532083088696","0.0523861106802968","-0.324555304934432","-0.877274102675272","-0.0331718579484027","-0.908862125673883","-0.0275386482787856","0.261861017648256","-0.0583260975683123","0.422349002027332","0.195049187964567","0.0811296054539643","0.0386845364041704","0.163440324086047","0.0630030646922854","0.0884645177528272","0.304893330037902","0.353748948691683","-0.0442951275976421","0.218546492516437","0.230100208093677","-0.702584962909117","-0.510222108095529","0.206442352674027","0.214928102325572","-0.464298019394161","0.45783313404591","-0.39230176611976","-0.0913313972450403","0.350891205918149","0.287924633246992","0.461867515694646","-0.12674267254861","-0.0516131689966308","0.0824746166121067","0.120007818505004","0.424305127579146","-0.214486363766163","-0.487992359968293","0.358118295998039","0.180464461110414","0.365080258355442","-0.0120409148357236"
"PC 34:1","-0.224415733722254","0.101048195588144","0.299856847047176","-0.361552951479679","-0.380670985253056","0.289440314589285","0.287719961011263","0.271496192696081","-0.141990031544484","-1.18046472212655","-0.0969200676336374","-0.835225048568491","-0.170873843088135","0.18638476004139","-0.203180376354071","-0.0856668638722317","-0.0203210742091403","0.242007919958166","-0.0549357128748676","0.28765695893377","0.00487577220247337","0.259112065534003","0.19736727111741","-0.127069721646889","-0.192029699786836","-0.265103697505548","0.0166714077154092","-0.650492197426034","-0.264449246645358","0.217391490654135","0.0859950215822235","-0.247288328236383","0.312115416402257","-0.0270775088182137","0.0176870302423848","0.544912903816218","-0.0461725105422603","0.416539622672304","-0.0179485414873208","-0.0632084695109434","0.110781152131256","0.246826728579494","0.24326965404922","0.344029749630857","0.0478536618210701","0.362358617733334","0.369470206941833","0.157303369358877","-0.263114959717657"
"PC 34:2","0.0906418806558659","0.290787843604248","0.35819826622333","-0.145741857212682","-0.0903341690199947","0.14429378667005","-0.0225516357733842","0.2724644460602","0.148601354082381","-1.20516088591607","0.099937347708142","-0.688271951644779","-0.187299465472811","0.0598865413393182","0.125031692585622","-0.1306047010662","0.149632684278428","0.165809230795144","-0.0867630631089585","0.236433392922056","0.0763775372536356","0.00066498430506689","0.0434951307335642","-0.0490147658645491","-0.382552950527417","-0.154144160495957","0.143589192713288","-0.676803195055499","0.0731529298970649","0.0426929690557575","-0.00247660454446301","0.0529897866792011","-0.122828935145381","0.230623567188501","0.0373217805921394","0.33516238626492","-0.0527445226783893","-0.110500973208817","0.208331589972467","0.295254684138436","0.120601540543177","-0.0937493803477469","0.375935788658075","-0.00542079902784658","-0.0693799205801618","0.208227587429902","-0.172853756736139","0.269479337043021","-0.206421565965748"
"PC 34:3 Isomer B","0.281726858883513","0.308284987555198","0.103767311451467","-0.0440806279668248","0.165464606173232","0.00858876357522277","-0.436004188280495","-0.0901442478275007","0.172302281020257","-1.22954781125441","-0.753422001171646","-0.554490215690174","0.126272700210464","0.28271240781525","-0.311675935719056","-0.459851909502307","0.0550247231148","0.183815422756049","-0.128949608381238","0.16060803487449","-0.0105051385056372","-0.00282495985903098","0.252424943939173","0.519190787230922","-0.378440895268808","-0.186842578405183","0.718350648048158","-0.324427405733534","-0.223223517603463","0.310224924933615","0.268562700373827","-0.47429693774295","-0.154418723534676","-0.0913648516092846","0.000252920630922566","0.712397430987201","0.0191191784806865","0.270723946736351","0.0475833267045019","-0.148684494819923","0.348823751313083","0.190890677696243","0.139901147784056","0.183496468100198","0.325002033915524","0.158236728789472","0.266041168590216","-0.202534211363013","-0.374060621444943"
"PC 34:4","0.483613446467152","-0.185109024756719","0.31310661948702","-0.218130132676214","0.0664975808039381","-0.545181201816219","0.1630861701272","-0.704724592752343","-0.055745799395114","-0.635862584335673","-0.659322540913547","-0.316365400349121","0.342893804527866","-0.242779969531543","-0.188704447711342","0.044850074461251","0.562740674081168","-0.175995625125115","0.439629595364852","-0.67137651570291","-0.169720170375639","-0.10540404397353","0.289290507748131","0.0145996958220206","-0.437053952940844","0.307981135971784","0.372523704739125","-0.20886502388159","-0.271926726945595","0.287360362454346","0.1975386954728","-0.186430923762071","-0.243644181188971","0.266617920976746","0.543528531862383","0.26978685934733","-0.192691376941998","-0.00595180277447298","0.129242288683671","-0.039230253288772","0.269876223080743","0.401241547454878","-0.29287595594033","0.470744233642564","0.904237465431802","0.186476761264239","0.280849182265334","-0.307419544881442","-0.547801289577232"
"PC 35:1","-0.225189179817373","0.00398441922170821","0.119695933199","-0.232191833865074","-0.440248316151306","0.313944539770969","0.0231695668506068","0.0650543583725177","-0.00747991947013592","-1.08562663628633","-0.153563866954361","-1.18907369059336","0.0767642276138786","0.145167455839037","-0.186404143693467","0.050066669780779","0.127597226005746","0.121035483875591","-0.0431231513813067","0.224298024587139","-0.245243174169739","0.303157718628363","0.409993661069353","0.145949315819016","-0.467038166037546","-0.0347582545098516","0.168700149404826","-0.764769773686877","-0.30312517011235","0.38989865268329","0.160766920532569","-0.292187199561938","0.414182876571268","0.042010202023665","0.0619995642194323","0.295035877789743","-0.0293919701014404","0.552887046654076","0.0515821773317277","-0.22443118562619","0.122375433967209","0.135553194610789","0.365533547327681","0.19302202036382","0.108610398054926","0.347628773856512","0.266040414637259","0.242077189902864","-0.123937408546727"
"PC 35:2","-0.0685154771930769","0.389403082210632","0.434362946649474","-0.0868707693735362","0.14188639780017","-0.067377281622506","0.0968775800397327","0.0488449288666882","0.118891679167747","-0.635621776909672","0.174722767376638","-0.446166038936764","-0.0127063061205733","-0.379780086117739","0.589636553172992","-0.123252957568846","-0.0406855900207075","0.249959250298322","-0.0192365848797089","-0.230271647584249","-0.170664368314246","-0.0543855534144286","0.052647546775729","-0.0786101909456442","-0.138896284423982","0.184460297537831","-0.511206452535883","-0.81164157595987","0.342210953439772","-0.0617359178167889","-0.426466966759783","-0.0032643909074911","-0.12435574289457","0.713760952010072","0.205197660844099","0.0656294618862434","-0.555442867589513","-0.236310520474664","0.381704482138256","0.492014690596921","-0.030719322634637","0.0490286537897084","0.240328332639673","-0.277580657643158","0.271190082732188","0.150474186731285","0.144152667650009","0.121669431921419","-0.0672892576335688"
"PC 35:2 Isomer B","0.203946336276028","0.0835779268417326","0.477436746860972","0.0717280467682906","-0.187278244770318","0.301724321225429","-0.253826096806927","0.175244793586083","0.126704352287533","-1.00982248369661","-0.0209868077994352","-0.835271324616248","0.117919400345372","-0.0897998681548032","0.00656284646261991","0.0585524053997598","0.242407546773553","0.0114445090405407","-0.1525269564497","0.256558809065816","-0.396912046075574","-0.269527541861924","0.360181921823825","0.142950790147684","-0.399122079024072","0.0953712503883062","0.718113803363802","-0.50690473356777","-0.0607006472410463","0.0648751844931644","-0.0209720839887372","-0.157711118132444","-0.0982414784412006","0.397454479118093","0.133029340212952","-0.101900585279135","-0.176687266661891","0.13824223111929","0.298067880353143","-0.0109506349651447","0.0985331320840984","-0.0524192712903072","0.486018998095547","-0.160419978245775","0.106467088556408","0.120666671088276","-0.211331173576493","0.165586249461604","-0.286054640594362"
"PC 35:3","0.309499583743145","0.278452006411545","0.309411603423441","0.0650086641953689","0.0661621187738971","0.104818658067583","-0.00260290442758975","0.156808128879599","0.118428254898885","-0.471853996214693","-0.537358236126211","-0.304417142586593","0.105615171362505","-0.508742099740245","-0.152406569651162","-0.235403594872379","0.139304893828436","-0.0215515741811694","-0.0155068788967011","-0.0961302799927859","-0.364747080098819","-0.219907898556067","0.120513496506919","-0.137486705087307","-0.4460507514348","-0.126667524885075","0.885866266834541","-0.330676018544683","-0.041288609777641","0.118004288123083","0.211912082060938","-0.256072395642735","-0.297150320399299","0.508191786510852","0.161951728467829","0.152316600241519","-0.27336876267832","-0.278237045046379","0.27751299615282","-0.229649004627314","0.09952388335639","0.679725739842935","0.204151436255902","0.238285865462029","0.434440988525671","-0.00995494429971409","0.180005712173635","-0.218179951574946","-0.350501664756841"
"PC 35:4","-0.00455671355392875","0.591067363732902","0.778599437590583","-0.444943754630224","0.117964721183641","-0.415090865102678","0.337416871286185","0.02087941625572","0.144527384953365","0.133377136461933","-0.443388892296365","-0.541788879770849","0.124778357866495","-0.047221250223116","0.460152548546994","-0.20629504215349","0.337766716912236","0.444457349682265","-0.0194483862517489","0.100435474197248","0.187945143347268","-0.458717474682299","-0.219114359544282","-0.306201831300713","-0.511687202600349","-0.352288301545859","-0.177207333496257","-0.355028892444137","0.547713333818271","-0.483620634092006","0.22791084284697","-0.191981691879779","-0.468510897141854","0.114089571098403","0.656699282174426","0.0103919761502804","-0.252494921306097","0.206329912261966","0.134435945947607","-0.182132964669999","-0.349928786293941","0.0336491846939404","-0.000192494798531489","0.142019277236269","0.502089168263051","0.0667538012240908","-0.0719185247132738","0.768341693995928","-0.686031817236266"
"PC 36:0","-0.159529188317993","-0.0413884549513107","-0.00459233729791566","-0.104518621912334","-0.879155598673079","0.197676436625957","-0.0780868814444702","-0.0193673624849294","-0.270891547584275","-0.683928737927422","-0.115877231258773","-0.75627278802772","-0.266079711484672","0.262754356569654","-0.0402590297998119","0.203195713126157","-0.00970527966103994","-0.0891803835831464","0.130245461452687","0.141497802015243","0.0527497222531569","0.0705712613674862","0.532902763729442","0.45635577989941","-0.0171241643525652","0.414315538558046","0.275279108573026","-0.624895238231401","-0.1952971309506","0.0508399519394567","0.262242131591818","-0.0548352237280165","0.414357037322527","-0.462576178765026","-0.343188036389169","0.401944566789196","0.363017502126966","0.574670498079689","-0.0126796783860844","0.0286310098855629","0.31043087836761","0.0523096001901076","0.483153567621536","-0.214435397314734","-0.568304100250803","0.192724306303934","0.0598956115610824","0.122543735090522","-0.0421360382629835"
"PC 36:1","-0.292917008919905","0.0972906028762597","0.357737924259554","-0.20113695307151","-0.478743708957973","0.319109312243226","-0.187703161997871","0.109560623272207","0.0816134230101925","-0.908583502472343","-0.231866920023953","-0.823979945402575","-0.162070893062274","0.252753733309353","-0.290360035545604","-0.0227843714509399","-0.183935632350296","0.146923438179927","0.0497546772794885","0.301536121219468","-0.0937288903762846","0.427489175218068","0.123172399443722","0.0915116448459667","-0.337249188575127","-0.177675590830571","0.138505943723884","-0.646988320306448","-0.0221128202537988","0.333611836078784","-0.0459027645244086","-0.172841667018306","0.290151187511762","0.16503523947708","-0.0272360500755795","0.249652072390402","0.0542468938826758","0.313249508499636","0.0699779357686988","0.0368875094595417","0.420914380415003","0.327894984466046","0.253164306481399","-0.204361911303397","-0.136750212515791","0.204161767724892","0.141807886547113","0.413054207632524","-0.121839186181921"
"PC 36:2","0.0301764967382222","0.448961386868238","0.157664935829379","0.268117895111286","-0.00306825199344065","0.13273032866293","-0.65162696534145","0.178885214967441","-0.0675581452312375","-1.23219081546304","-0.0580251800968837","-0.95242246263441","0.178359609323617","0.286992129794638","0.0191394802226849","-0.0499763589969985","0.0751108602424316","0.0987053814389805","0.266246224707243","0.234118607806775","0.0710632349417013","-0.0778603803113172","0.232628738374988","0.232544261713384","-0.417166926242203","-0.0959395607767508","0.599133584821405","-0.541024280026019","-0.19214739866169","0.340642421392903","0.0569874670578931","-0.509266760057241","0.126477070975825","0.0597097455008111","0.0712094380023685","-0.0557333731178481","0.306737237298984","0.33103495554322","0.134994426194303","-0.116861820350726","0.353100100467074","-0.0246656001705396","0.570730054314126","-0.232632237499444","-0.330182363589024","0.149796220772367","-0.179156464238015","0.0375896782102721","-0.262081842497213"
"PC 36:3 Isomer B","0.167353725413498","0.207528507727258","0.674037370258858","-0.330954806477211","0.0231879616171083","0.249031200703745","0.465898175271193","0.21397189002477","-0.114018875935272","-0.738875312715846","-0.075971981208365","-0.533707090236514","0.0474150001994142","-0.377574698857859","-0.135333215411059","-0.0638674509013955","0.106254192430677","0.270277650981776","-0.117574106416924","-0.231848770461588","-0.316751934876235","-0.144415185074252","-0.162825148222329","-0.215326528590856","-0.101446139783997","-0.288816590942884","0.503613070813456","-0.895781750467578","-0.0665059461468873","0.130770285799989","0.169382895058354","-0.124863345439595","-0.168148972284597","0.432123293927401","0.11975856156354","0.199142712433631","-0.209905184314009","-0.387715471144591","0.0723202159998177","0.222662302685762","0.298600031185899","0.430024843954503","-0.0594624278175298","0.221774375404637","0.31482823308553","0.136729330854577","0.120328852890764","0.16458921189062","-0.0999129584494012"
"PC 36:4 Isomer A","-0.0456040706176331","0.865303879875607","0.402571785626268","0.375433225493881","-0.29797646380193","0.269412733759275","-1.02835574428907","0.285111767885686","-0.339938755578523","-0.688212836607534","-0.145788731822935","-0.0646153915050484","0.208988250770105","0.109170294368374","0.182845978263359","-0.0447154876016493","-0.375573521613193","0.281426141281426","0.310896484418255","-0.251052999319391","0.496807775463019","-0.224151350499216","0.151389470415303","0.542325433512108","-0.195402860155993","0.0809429265426099","1.006686927242","-0.029819918843003","0.0106301997867611","0.0652806709238907","0.10674747919972","-0.584574414979258","-0.662500251900947","0.171277199667734","-0.369161483889337","0.114170631334566","0.257609341053693","-0.560392757233897","0.10027894992645","-0.00901010418267149","0.223573528444142","-0.276362398663845","0.313976304075687","-0.418886283917028","-0.115377484616428","0.331090437215621","-0.478233376444841","-0.00439410838928426","-0.0538470200728774"
"PC 36:4 Isomer B","0.24999355090268","0.599775383241584","0.62541485151383","-0.618884112946606","0.32017977720592","-0.270639805398808","0.386032975638162","-0.130545119524702","0.309505666680132","-0.440366962081396","-0.535437039185931","-0.382286318081461","0.0830446716569943","-0.479270402144755","0.3499945406292","-0.110412725657642","0.358770738342999","0.0615201736276677","-0.0840305081042146","-0.178912852000289","0.096418284358447","0.0148665404279486","-0.345437839458907","-0.508715874117438","-0.123698507441272","-0.0400958105818356","0.156523327765838","-0.440139014536311","0.0867121396906686","-0.325210935742641","0.0793141442674849","-0.250284262903135","-0.773485062994593","0.533369568847193","0.749620940971271","-0.0366356181954233","-0.426861530977424","0.175525198591089","0.168336531138905","0.0176949701974017","0.215432524448945","-0.153495739691554","0.159249582812049","0.276902977522307","0.592805608055402","0.0521192157285621","-0.158090412709533","0.552965070878825","-0.459152500665636"
"PC 36:4 Isomer C","0.486747398685139","0.638735186050875","0.513208111704927","-0.680212859385143","0.393939744211036","-0.166208601544899","0.240689074613627","-0.330596701438864","0.173021730092327","-0.47218905211087","-0.631308763945866","-0.49912336598552","0.152713663879759","-0.394470230580467","0.336268885207803","-0.144181555847137","0.453750964506346","0.0136531814484064","-0.0951993299009858","-0.0687466632226956","-0.0408433353564136","-0.177666899149393","-0.099042402102541","-0.374371324708313","-0.243737730558016","-0.094506861483155","0.561191531123362","-0.440653985660416","-0.0339290410277762","-0.292811206846454","0.243080457582944","-0.527182263248527","-0.71607941528076","0.516178675643034","0.94571140686129","0.0465709114323965","-0.469529774143423","0.541994731418806","0.0479458495730965","-0.152423484143452","0.00966106115809337","-0.184238209277303","0.270518829912506","0.292134873643143","0.42927619249616","0.175332753440482","-0.210153046589179","0.685693713987125","-0.6286128251351"
"PC 36:5 Isomer D","-0.178814478160343","-0.268742520387031","-0.311515158867995","0.342866343858396","0.82943160831198","-0.350645910140985","0.172431336344495","-0.852899611019098","-0.11097342590684","-0.328632016302025","0.281081004322485","-0.29006871948641","0.792033779930651","0.764427382982996","-0.252927820072517","0.252155289791226","-0.594137402071912","0.0616267927639515","-0.105426050699717","-0.203577451437196","-0.214441710696782","-0.0867979605078243","0.359170080273174","-0.300086037458397","-0.283564372963416","-0.160522967190288","0.436592097187859","-0.374179367445434","-0.371403962445468","-0.177579387207729","0.00370785359609017","-0.31621815294385","-0.890550071778137","0.743275849971538","0.591014209530288","0.0610544591861783","0.401403497097059","0.301035725807085","0.161348439533409","0.220044664697567","0.406295182235274","0.480194227188802","0.39179554842872","-0.416998195460654","0.532665816722761","0.172187404487114","0.405962386725394","-0.525840148492912","-1.19725808183154"
"PC 37:3","0.480210092908143","-0.121926486148155","0.381118630731642","-0.0882426011128493","0.0297954155862371","-0.0462882928690502","0.163027479302437","0.0415273582269213","0.311297427378002","-0.278053601462885","-0.449873824269896","-0.842620810711698","0.115396218139746","-0.819553920363468","0.0564016221075907","0.21020470624094","0.33855968771735","0.065658843148444","0.0647322236967206","-0.362226026182989","-0.317993075602449","0.0580784403259825","0.101566508510752","0.0222821973511973","-0.328304784199385","0.131331060749916","0.769991806494772","-0.475094539523356","0.00790913378378346","0.107559849209791","0.280944478359308","0.0593596176058055","-0.420230954809909","0.483628393584696","0.52322240159912","0.139913697181359","-0.104280857526225","-0.361158120410326","0.0376653814668492","-0.142176991064557","0.124594380872679","0.465436973956659","-0.194459974785477","0.0955693685709263","0.237701732377488","0.0322387919252541","0.302924803686023","-0.31914402538702","-0.568219836366842"
"PC 37:4","0.43706724913371","0.278728639953432","0.766392063829941","-0.600920988434935","0.295771015200902","-0.235169110032563","0.0971858104426317","-0.212510181984661","0.319910914662738","-0.314305300114321","-0.403898464529212","-0.494303329928474","0.151699354171458","-0.725829519398448","0.407642982866432","0.0792701695677742","0.34941656516613","-0.0124932536545032","-0.138189743427747","-0.07713583311902","-0.153580349842172","-0.154727535944707","0.00355125889349842","-0.174306565010327","-0.314611798516216","-0.0503571622986474","0.384261279688331","-0.164274685631273","0.115335360746387","-0.408356423873029","0.104814705907894","-0.263645137639612","-0.700525341043013","0.647416747731016","0.80744989034191","-0.116318497310047","-0.467301069074184","0.343588637893124","0.036198223321957","-0.099956951290574","0.286219252549638","-0.134228929571109","0.308012082277905","-0.0131226639655401","0.545280799569263","-0.0711597550602606","-0.314361063292158","0.555998789691645","-0.505622139620967"
"PC 38:1","-0.461907364538331","0.00406432241632656","0.0720150909645111","-0.115122555648219","-0.293457157067141","0.179429959981412","0.0935668629193785","0.00995496840014372","-0.393063887229084","-0.932348927138638","-0.334481630216289","-0.935861480103261","-0.121932229328094","0.284347116798439","-0.0558371040432268","0.0229355270852476","0.101300467600055","0.228284481171688","0.141932043211371","0.202187536441115","0.0450046538972305","0.11472129155593","0.651443359421682","0.138392184857995","-0.148561278382487","-0.0222009908185769","0.333959010418335","-0.604912408909741","-0.42741502838891","0.342961884294129","0.0324414663488556","-0.513372887448572","0.445636683154507","-0.485415154536935","-0.0097648996742007","0.206692755954186","0.238777782405146","0.704754475244528","-0.0331297472142683","0.0436777320979789","0.377620968905439","-0.0123383250576902","0.451395200417223","0.249247809261377","-0.252395687675706","0.211540125444366","0.0701335655496514","0.304214639058818","-0.149115221857697"
"PC 38:2","0.0662086773849442","0.305823985943953","0.530204289523409","-0.24805823280521","0.0209060170122814","-0.160278456495903","0.198586467921232","-0.288964752465701","-0.207841660333952","-0.625860883463311","-0.36483195027659","-0.375405614370819","0.268604821413062","0.01826497811163","0.0258500614106182","-0.0661929595501035","0.249036994244746","0.253153707628788","-0.341607949418215","0.269908767794717","0.237864408634973","-0.278617023967839","0.399902763107037","-0.426592968793801","-0.505171746806988","0.105624687430655","-0.0453582143241867","0.0560149738725415","0.137833618548286","0.237933536471706","-0.0431576213547821","-0.0579876679772991","0.149352974183348","0.220083987333122","-0.11333173440858","0.718036349005445","0.282080966528945","0.129030576367803","-0.100306486339417","0.127397661099374","-0.264689350789304","-0.0934623569605221","0.263382178321162","-0.338328776767934","0.0651541063434199","-0.0981820580070767","-0.353841258564269","-0.0967919991819765","0.158620167786574"
"PC 38:3","0.305695899624177","0.00754920649700197","0.370001748793541","0.0934221926848851","-0.104231190750696","-0.0535474975143724","0.358634604690646","-0.06188794679422","-0.175894544098936","-0.0108312549702331","-0.698504708843543","-0.318382325856723","0.284034089655503","0.0213245725194836","0.156049398275951","0.227274121115429","0.0891221844693846","-0.186651466059999","-0.0636023871003443","-0.477064457491936","0.099207839292363","0.0604840049636336","-0.313783004187002","0.105886079325933","0.0274259179664264","-0.242530020400864","0.583511657746848","0.0351772378991339","0.0652125448035219","0.381941267445152","0.584869470656695","-0.112661089840914","-0.261397498959396","0.442711167603538","0.0815533776241308","0.360277980349738","0.199182760617844","-0.630741003609879","-0.496607195702861","-0.570205792225508","-0.0158499306461531","0.529288628344265","-0.276690390543032","-0.06198926983438","0.0657754433578169","-0.158564586024409","0.0735500054296931","-0.320215073055166","0.00266923275784195"
"PC 38:4 Isomer B","0.165598329937953","0.473091433292692","0.857811967650503","-0.583078974906138","0.553763051680437","-0.253771163807855","0.10186324930475","0.0178731724709023","0.0114449072195026","-0.0323587388442801","-0.364175646898582","0.00323581279634139","-0.0791415743010561","-0.191130541894239","0.431633024865245","0.255626638208867","0.465209259536939","-0.268116981529854","-0.117011712628891","-0.140439389307656","-0.00307589434810163","0.0639176882353337","-0.364863198641146","-0.264546818505503","-0.431630805802318","-0.059095734362473","0.485574199055131","-0.646482404582092","-0.100838553274906","-0.447619481663261","0.209419903640032","0.00633107209901629","-0.259734043245892","0.410101792812073","0.653080608220739","-0.284878895706957","-0.0599959380168582","0.23938875725216","0.0711449656829623","-0.246011642525454","0.118284308563959","-0.0395471902333146","-0.101036578321909","-0.366850497725481","0.30877021265648","-0.0868941368131915","-0.25392080263977","0.329916874857313","-0.186833889512155"
"PC 38:4 Isomer C","0.413242035615831","0.563156670140573","0.595529071254982","-0.409793832050246","0.582312650214643","-0.312876901925965","0.00224104185612937","-0.202950202868962","0.23407592650916","-0.263046584739681","-0.585939811069928","-0.252720856068239","0.161479724070337","-0.365402166951201","0.439614404862664","-0.0824478154157257","0.135694233276681","-0.113589526121723","0.0415941468427006","-0.138780140686954","0.160380517571609","-0.116829140912713","-0.367830996155269","-0.221734243071186","-0.257004101991223","-0.0313553504387869","0.540101752594362","-0.385052971545951","0.190584565924093","-0.222329275504543","0.260156741457866","-0.282932310673509","-0.736005029891686","0.494431098614057","0.786443619559552","-0.32537750463612","-0.18675731630244","0.364428834452429","-0.0718614208760909","-0.197100605990374","0.325096329859522","-0.0412974008799814","0.292633597617663","-0.33963120165156","0.405242380908245","-0.0605983755928284","-0.266007143130906","0.459346888554587","-0.610534004613902"
"PC 38:5 Isomer A","0.136977438140547","0.676130587555494","0.57793859274581","-0.572656064356646","0.276554769878724","-0.0483759440541203","0.013718846749188","-0.325932717163828","-0.0124374153690557","-0.0810240964593302","-0.416658065843971","-0.197558066244143","0.217505849703768","-0.243951210582087","0.271403523937997","-0.129406531010489","0.00953143749413833","0.160179985756414","-0.195605795527591","-0.0528227923354151","-0.105336222764163","-0.0624394934374204","-0.0320196041757407","-0.249721741555671","0.124115556184252","-0.126768929919391","0.791228878298209","-0.296948090119731","0.24893456100206","-0.209228242413942","0.149281625553086","-0.639639949331863","-1.09928889148012","0.591850961883086","0.678426454598543","-0.149218019817848","-0.393972086185196","0.397371080089377","-0.15317602464253","-0.252752211451199","0.236008774367028","0.10075864845443","0.380304965691892","-0.0724767934092116","0.406349097055259","0.139887846756838","-0.14396903406196","0.515622042223435","-0.836697490406923"
"PC 38:5 Isomer B","-0.0785857364621036","0.0448292205853107","0.233723025998047","0.156655981762181","0.541269343625118","-0.282139805192785","0.137064638318095","-0.563980451099015","-0.0544641787924642","-0.42874900887022","-0.140590276737401","-0.587896934856312","0.650744646940679","0.247775587135088","-0.057591901178925","0.104570327719928","-0.0589586414542065","-0.0247480136667809","0.0194930292907117","-0.408604876731611","-0.108151998149824","0.00377371691283447","0.242278399289409","-0.407739472393745","-0.411635422233822","-0.123619005523445","0.525163396209733","-0.304859102564907","0.0294360888297674","-0.0964843434833203","0.200489534852831","-0.335978812743466","-0.914728166195544","0.658316159289852","0.716042915693122","-0.308135518917841","0.375798783963573","0.286091538689769","-0.196251899309004","-0.00798402739872704","0.534496846918342","0.285113125928911","0.270844688061284","0.147425261997351","0.27292624410788","0.0171310058789978","0.069778956958069","0.245449804879741","-1.11480467588116"
"PC 38:6 Isomer A","-0.0106929683774928","0.440623524695287","0.403919519742985","-0.151814947453436","0.286457468841014","-0.190719604219739","-0.38913342724736","-0.191714768132163","-0.191194014170634","0.3148856902383","-0.369754281191131","0.0953829468899324","0.524928649163681","-0.171190276215528","0.275883437800796","0.175637624338903","-0.304823000617717","0.216726384855463","0.173449858562253","-0.39026965099321","0.303693396039391","-0.307339470137058","0.0490303809116367","-0.017463915481512","-0.109118662208484","0.217382318722135","0.913763857988969","0.113268804895663","-0.164850546632282","-0.387549068759989","-0.0625281794984695","-0.42760745600335","-1.1864300130402","0.446802902461157","0.322824157587474","-0.132680629948048","-0.0456236776111839","-0.157294697364107","-0.0690308034012782","-0.0750206106184207","0.331629669461328","0.0481255952645719","0.187397690458692","-0.485212099157074","0.471762895308763","0.224296866952665","-0.256554949058076","0.317474601507445","-0.609736525150563"
"PC 40:1","-0.369091853242591","0.20494023303464","0.208800727933693","-0.170177737097412","-0.142961832431857","-0.0413038877644237","0.38190457281979","-0.242901555138849","-0.00401668254327746","-0.977929033154632","-0.132062182992245","-1.03288504316473","-0.128540941948886","0.628205942512735","-0.400952549229022","0.126939711673536","-0.0795768585307261","0.0617920897264736","0.205061425071709","0.17525679123706","-0.0940588868863515","0.396847942140657","0.446269809870527","0.108201110221714","-0.196020004908507","-0.0137970758237923","0.0186222178357863","-0.752634575583959","-0.357193289191557","-0.0199868375042117","-0.20442214675357","0.0107069198893935","0.238874855593325","0.00690527762751771","-0.157481004160603","0.360552923349308","0.172654848690042","0.431307179686756","-0.181235567413412","0.56500667283421","0.424536367753412","-0.168955364294213","0.255010476558791","0.226617457461528","-0.185294458211505","0.298669841418735","-0.132954653145004","0.305659422545671","-0.0729107963716766"
"PC 40:4","0.272698312379081","0.330037877476397","0.204991028389648","-0.548763471240823","0.0372178609435335","-0.14881683725503","0.341623275528974","0.0981873180639486","-0.0889587550461848","-0.164901942086755","-0.904337747821549","-0.648479039978873","-0.293146834836851","-0.369394421806974","0.271161204514915","-0.0482602667653351","0.100601023558343","0.0603106729810602","-0.0715267106556965","-0.149944428222188","0.078743218739701","0.0436780137120132","-0.192892144400629","0.172437762053053","-0.353969387811425","-0.0989263870346685","0.876263877143577","0.0657359309220013","-0.0358421717159207","0.138513000070322","0.497494265118108","-0.0683757741253575","-0.548526850713123","0.484515259779138","0.359828917043248","-0.11519916235578","-0.219893817701083","0.609673978972557","0.0284697036613845","-0.595816176240537","-0.0536155382188038","0.423545232272866","0.277544985333105","0.214429091101836","0.160858736862196","-0.327692363776549","0.092130908402483","0.570118486742968","-0.763529711956322"
"PC 40:5 Isomer A","0.0214951709547613","0.374803579091587","0.341349622455471","-0.0415252068766254","0.255541834825204","-0.0469894928951216","-0.275319217497922","-0.389038970000438","-0.0935146656449631","-0.147855203133765","-0.231952414434578","-0.286157769778347","0.253609604722413","0.0856217371565978","0.28204996936705","-0.303265031991991","-0.279511642027076","-0.238476834551879","-0.126276741041374","-0.0834962486179692","-0.180848109586404","0.0157304265811446","-0.00778761253700105","0.189032976965915","0.0486140862613806","-0.0075487680714645","0.668455087467351","-0.0468025308147097","0.294540165394047","0.165986426009245","0.356572764984034","-0.417870231804392","-0.931877199555632","0.493489392108742","0.417339900440321","-0.238675369281248","0.00793014402695362","0.170331557458251","-0.0945482023241354","-0.318539316794535","0.336430363868039","0.6076762935118","0.326358553637706","-0.35092521721388","0.343529196618145","0.00204255252525144","-0.0181504970657197","0.198645647749907","-1.10022456064014"
"PC 40:5 Isomer B","0.129354576389705","0.22407616945794","0.494692592516546","-0.693916861357468","-0.160773404043664","-0.128027116242233","0.404520553393853","-0.0117688470200961","0.182153596461334","-0.393271404457017","-0.762916866664043","-0.480852384380791","0.22206065128981","-0.494064572980977","0.134106031094096","-0.257981832231527","0.292611394794192","-0.332533326767843","0.190098150958992","-0.458958699259435","0.0215555565257125","-0.155773396736626","-0.23766769324909","-0.222849750917395","-0.501656620133614","-0.168296379135899","0.766769136281066","-0.00835976263792756","0.102360167166398","0.296353996120279","0.611456114791973","-0.375962453008803","-0.237037047242633","0.128991042156696","0.895624181242664","-0.0327560063603825","-0.199270898284584","0.526582900528483","-0.165431378123828","-0.178366419426566","0.135253877022765","0.0238210473631294","-0.0562110950748563","0.553733744928851","0.116565483211723","-0.00191081161319607","0.00272471687023956","0.626785725207288","-0.36563637842324"
"PC 40:6 Isomer B","0.00885457239607724","-0.270248563858911","-0.0647777715458914","0.351381011774847","0.455774138700509","-0.0282261810689904","0.117211348823489","-0.353099269406023","-0.105478059152052","0.387410770282072","0.138867382715913","-0.171017102008247","0.524439767281134","0.276041292234052","-0.108952388573558","-0.00115580112734501","-0.239087065966754","-0.0239048523853789","0.0286195941595357","0.2703434331342","-0.185348457734057","-0.230039745899547","0.387462197104426","-0.417818050973244","-0.573039849424159","-0.599589816444216","0.599362679375813","-0.0644965046354936","0.717462757406772","-0.290975925868759","-0.0274286891339279","-0.513668348399335","-1.2113706279214","-0.177080416461202","1.17668196434096","-0.339745382951941","0.121640682932023","0.721388695109864","-0.670067702107222","-0.0510370329531049","0.324538440561223","-0.184024905565977","0.661894588836384","0.253627436358791","0.269423262884314","-0.121452871619512","0.044752515223394","-0.112642471953575","-0.701404676495974"
"PC 40:7 Isomer B","-0.206188555669688","-0.183760258664469","0.213743007215089","0.0771288780631031","0.187160106734231","0.222044541996225","0.489015463601155","-0.23248416690662","-0.0924990743241072","0.84471842423383","0.0211611102502556","0.078102297998935","0.580727896959464","-0.173170908933883","-0.123986556576915","0.0688793165968504","-0.0859506998699914","0.31263412844695","-0.104786285423822","0.365995504366678","-0.243757954851451","-0.206624621645853","0.302166682849596","-0.656865804246526","0.0342866437313791","-0.55930812867786","0.476399241127813","-0.225609573717385","0.720583240328298","-0.635395160217955","-0.358872956298854","-0.503753229275778","-1.09503055564906","-0.13409913808819","0.748343719767779","-0.450351327098356","-0.313715051613502","0.123893554374328","-0.369012289271187","0.253321003107238","0.371808668013948","-0.386318263052819","0.459863587426345","0.562626354915618","0.401907565605226","0.1613442107393","-0.173538455122329","0.0162964323538254","-0.57907256560686"
"PC 42:2","-0.457369119018275","-0.230071668512853","0.429172699633285","-0.47982744814989","0.447784078963638","-0.153144259984926","0.585907936572958","-0.509358839740997","0.348701415274999","-0.661303625762096","-0.548046270498979","0.0832177004873722","-0.446388556737072","0.47962716838197","0.257042921296168","-0.238767504804005","-0.225944855384946","0.552592897791552","-0.0276571671847836","0.446904391638076","-0.179147996225108","-0.104556894564555","0.0778643326577578","-0.0841852241745374","-0.149791941602997","-0.516645132311214","-0.171605931071746","-0.590887957612027","0.409867679380195","0.039785112242743","-0.32657638970932","-0.202838377987476","0.374744873698928","-0.288166017538546","0.903727924353604","0.0918068161297864","-0.130126061748843","0.671411864558917","-0.178657204724251","0.22291832852286","-0.0315278989029942","-0.676646188713376","0.11148200273045","0.771701055182231","-0.392888259759257","0.56789412590148","-0.163530706055783","0.377699854006284","-0.0861976809244016"
"PC O-18:0_16:0","0.355692663681777","-0.0894659024409129","-0.158860663958304","-0.44750771711576","-0.276039939164306","-0.0534167465174737","0.153996467233265","0.414892729278075","0.0894098729906952","-0.306636549675104","0.0817245009321393","-0.860360308775765","-0.146491688899117","0.325581576559391","0.326156423649752","-0.132696872895122","0.277305078800505","-0.0466730382992343","0.137234698127728","0.0561330658239905","0.49505532687179","0.21463724296799","0.0511956140561824","0.0249872228528392","-0.139885310975705","0.142021905434569","-0.551343383870068","-0.265837868976809","-0.172195354555676","0.288983637756509","-0.0417462407784035","-0.120819778357014","0.311678202429057","-0.0596816752781362","-0.176357466680863","0.616467470535671","-0.14644641648706","-0.0491836261703918","-0.0381754879087799","0.0759030536957687","-0.0693431387090738","0.0286294640690428","-0.112236026451038","0.0459465516922543","-0.283883423417916","0.191506404095988","0.134314202974866","0.163800544769471","-0.25796929492129"
"PC O-30:0","0.496738282535034","-0.567627493664953","-0.193659338143039","-0.0973926316807202","-0.0347064560548782","0.257423869676278","0.117384222123331","0.186493997966605","0.0641738226901851","-0.812709092279783","0.143554331707313","-0.477746950198737","-0.304276036168094","-0.156300811894664","0.0248391805867849","0.653684372998442","0.18576827751164","-0.204837551432244","-0.28795078493992","0.00981677383451368","-0.302525545750902","0.0363020354704738","0.23418150058178","0.315582700491474","-0.409817683356305","-0.234786339771346","-0.0254408835818569","-0.668065958578435","-0.23866890494827","0.340407257605007","0.0522280917850773","0.118920524017982","0.551279682829381","0.177534900828443","-0.0414054716272196","0.665798599568808","-0.0483273713406675","-0.275224134173587","0.0179083662934318","0.398687277186276","-0.0771914625877649","0.216218868557199","0.0460818345580272","0.477089483410606","-0.204539639546037","0.131619678915692","-0.0828694498328321","0.156189169878979","-0.329837112056512"
"PC O-30:1","-0.110486494859155","-0.236717238551891","0.108294035805462","-0.754436746276952","-0.417394893538534","0.142971431245278","-0.255231562540012","0.0338464412219729","0.163010509485935","-0.0228244128759994","-0.416280887303018","0.584264053111007","-0.205838821111223","-0.1636688896954","0.211153224264808","0.618019861767891","-0.514146984767366","0.133116215566871","-0.409554255834466","-0.0361053304718779","0.386003502859579","-0.0290598663709086","0.0241014065136191","0.107665328423266","-0.209589420699713","-0.421877803474428","-0.150609589216077","0.206679837451272","-0.493373319190417","0.0509050490172436","0.0831035169808754","-0.0112447516955851","0.387297509118045","0.0208937614607244","0.307037810082624","0.27252876600526","0.227255957367179","-0.785090592230865","0.386113411175916","0.336680219547132","0.158279648607295","-0.0725314585963718","0.338027362515194","0.0300875450260461","0.215260386543738","0.294090000568112","-0.0685926315924967","0.269925077176598","-0.311955918016188"
"PC O-31:7","-1.25848403893174","-0.191600316884217","-1.14000712999732","-0.849622738167691","-0.908500039632952","-0.129140119340386","0.440408350867662","0.486622424764498","0.464699533504669","-0.312689713467906","-1.24933638204907","-1.51580608715749","0.234131154024118","0.320672289780556","0.135686527661752","0.570818085696457","0.448257178489416","0.604434053802277","0.451351828297277","0.00258171138854445","0.376577460177149","0.868367369147391","0.475164756538856","0.10542177171661","-1.4596783166952","0.422148579601026","-1.4076514453008","-0.503713874205184","-1.16132158466339","0.35903432387314","0.356885478074164","0.686016852565382","0.551412869533769","-1.29545028460054","-0.173399866301344","0.834132652751967","0.458598926868906","0.0262931385487987","0.636936280129628","0.682563177005058","0.642336614298232","0.431600820514409","0.713685359853325","0.341694624948666","0.13660882552937","0.598797471123703","0.454495361470526","-0.637447549547885","-0.12458636560417"
"PC O-32:0","0.354074867765432","-0.143482040457482","-0.00929178147734287","-0.198172381384214","-0.172558660074286","0.176331383294509","-0.118089046829467","0.361252539385159","-0.333155477725348","-0.853581883894346","-0.416792498927927","-0.703691599090257","-0.299202376783862","0.11347866969349","0.0724678382186302","-0.00699730136147014","0.51308647860347","0.0292825559451667","-0.274235383965919","0.365983990805669","0.0224328955708035","0.139307813329711","0.0006086131983042","0.394539420262754","-0.169556332505178","-0.253051532398342","0.128298384693845","-0.644313097170768","-0.276608189923692","0.1523126515529","0.221593055614281","-0.208494329971837","0.150065839399687","-0.242522549366596","-0.151228650274517","0.752801971139382","-0.0140870070280326","0.337728813094858","-0.0478251235955246","0.0934906883257771","-0.122668132087816","0.00770182437705119","0.263519001959828","0.426473562088705","-0.346802353367023","0.396331671657575","0.048700191818837","0.507549520056583","-0.0230065121911554"
"PC O-32:1","-0.0614637208612331","-0.301153920284211","-0.0875949992691532","-0.562057913114865","-0.518146325791573","0.158577401809561","-0.138911355137088","0.279477655833719","-0.172153054581382","-0.448671686179011","-0.906580840991969","-0.0469379410397073","-0.0413389543528317","0.180338183101764","0.325689775992784","0.113217188132096","0.063858034674933","-0.0398246501176594","0.0209997526808302","0.202239461803734","0.102447968868991","0.112028804173339","0.17135211236631","0.254748600733668","-0.590640704524255","-0.434908255722674","0.42790602243344","-0.250039586707613","-0.665184206372225","0.172370209593808","0.0161330854371251","-0.506431203175917","0.406282420590762","-0.531037851245146","0.4734050721236","0.577317256420358","0.409330312391103","0.318586510398089","0.0325139263682265","0.130605951407447","0.180448076730898","-0.227932572483615","0.859044548971993","0.227742264536804","-0.277989970297053","0.413047880367087","-0.114844744179566","0.503793431608622","-0.209657453122343"
"PC O-33:0","0.20320522614475","-0.2026368811895","0.266606306099448","-0.244678722068745","-0.159520457186805","-0.0943995448866884","0.113912783913722","0.289570732288998","-0.075028809798992","-0.753422249352241","-0.0360677868870324","-0.556025241617276","-0.624195241607507","-0.0336868367727703","-0.0151367287818365","0.220084191096981","0.340822689711139","0.0555658365020629","-0.238961016232873","0.110126411734009","-0.109085944070079","0.174504872131713","0.387882818254775","0.508398992253065","-0.11203663390966","0.0367921885194097","-0.303474188965702","-0.594239243443742","-0.183251857929318","0.211594197527077","0.202452476335394","0.2458630738612","0.233923118780044","0.046149282274487","-0.284955966503918","0.586938894684836","-0.0525813161093977","-0.166093434305441","0.171047573588311","-0.190743674107728","-0.101217263367778","-0.0120436828439559","0.181601405750188","0.120695180475958","0.284599859861844","0.141445706109907","-0.160447948400223","0.289355632732104","-0.119208780292215"
"PC O-34:0","-0.0416221013155601","0.233898555834844","-0.190967261093866","-0.453551154801585","-0.2766715939062","0.00936247100695027","0.0897075283333342","0.0851632301216775","-0.290957492045784","-0.666922665641423","0.0126921077456436","-0.836509802426372","-0.147052994250746","0.0551364764892741","0.048149311568276","0.0793372435648136","0.385118684989624","-0.134787679182385","-0.0819825228907702","0.122346015103139","0.19644170752381","0.135049071503566","0.491865427941136","0.638863940615244","-0.266279567941877","0.173788910860431","-0.133762630443833","-0.596811815336007","-0.282938848612754","0.543375733226048","0.0811080345322712","-0.0350370187691131","0.212764923855181","-0.329863455780579","-0.232968141786137","0.563459981583261","0.12651871856664","0.446782646767184","0.0722572036133638","-0.158356582534255","-0.0981520077836424","0.00714931928046237","0.0900707286509154","0.166819242643863","-0.389601043985654","0.176353256376239","-0.007536300084399","0.421121401238632","-0.0123691929228805"
"PC O-36:1","-0.0298893089299256","-0.0113595774650302","0.304715462147755","-0.430416783241723","-0.244054717986533","0.181576267567068","0.403838083581624","-0.0267540481121415","-0.10192896711002","-1.02710374525437","-0.277899624097692","-1.49825622058611","-0.244263935020531","0.0574428261225034","0.240068039542515","0.0419502722192434","0.306374521885332","0.146528528313786","-0.148632091513333","0.274856584330857","-0.113742890860238","0.272846627507093","0.395020313091952","0.557367054907355","-0.772302609729973","-0.12788821276404","0.135417437834354","-0.676317522641002","0.102076108927459","0.378985531472758","0.139707720744926","-0.186352206953223","0.0364692250309641","0.0813932734729393","-0.116864976857379","0.36570121807536","0.211158888071647","0.641505230866967","0.0277615435943408","-0.255946075620463","-0.0937949861170151","0.0297535154396527","0.193969911669726","0.533276848029039","-0.473352641315937","0.276107682034916","0.0174460455372471","0.481295448478197","0.0225109316791033"
"PC O-37:0","-0.00555989581091489","0.116457054376819","-0.466508162778144","-0.0437832542344391","-0.663580527795311","0.277370092210244","-0.0402814278268436","-0.0688203427477596","-0.203738763064935","-0.390509721460652","-0.123881963335096","-0.463268930870656","-0.0835355275824322","0.183623166972995","-0.0641382110946637","0.344840688672697","0.133603405154539","-0.184934257680528","-0.157504922506722","0.257155198269783","0.25505149111165","0.234060113192294","0.267144088374276","0.405988763603972","-0.313309630685365","0.0249144537296857","0.0993653512353072","-0.130662629458023","-0.708718834896781","0.0587087291023143","0.310343409781909","-0.236260299602862","0.304911260434529","-0.473408932394572","-0.0824914570028409","0.383097193013281","0.250599031773705","0.282956046820865","-0.0234195702721241","-0.0251654985215308","0.0630344025262417","0.4627308322969","0.231162185652625","0.144363312926025","-0.365724909861745","0.249975586198178","0.195289117262967","0.163777032692229","-0.381314335901094"
"PC O-40:2 or PC 40:2e","0.0925914042886185","0.428741182458638","0.490877181324153","0.334440943706419","-0.0446683959519679","-0.954163124812826","0.137433736650875","0.330098098249686","-0.735680573007809","-0.407013922127054","-0.370521396988004","-0.379227560315719","-0.143474021689768","-0.222900829202084","0.426466238355841","0.0771870897168448","0.388314436956911","0.273471112748566","-0.952208398398337","-0.00266781006391352","-0.142608586769471","0.444888526979726","0.449497250920751","0.242757243996158","-0.57751819129963","0.0849021743992654","0.22169320056199","-0.379004921343841","0.363548518566478","0.356264333287941","-0.215555534832729","-0.163098006361916","-0.0100473391770136","0.217152998659627","0.160937440540671","-0.430706705805063","-0.776498916557924","0.26176856580055","0.254614273071595","-0.462898027187527","0.445389390886316","0.283112706484449","-1.12945199518901","0.532040208485522","0.0209184431672359","0.135100062954618","0.228154345055407","0.500983724133593","0.316569424673162"
"PC O-42:2 or PC 42:2e","0.155583796449767","0.105750944608775","0.207542995302227","0.412505167921414","0.158567387070816","0.0124248203646909","0.290802232245497","-0.382518009570678","-0.154650743167221","-0.523222165420922","0.244451979582521","-0.17635278478737","0.0138994282709252","0.190745201496486","-0.804660747800332","-0.139261747339858","0.635052138494555","0.68181677156999","-0.568176703248797","0.273941770906079","-0.945853833362229","-0.669419732777595","0.143960800766559","0.272703110887531","-0.59381219581263","-0.106374668016463","0.00250201609571282","-0.596216527511205","0.491083015548723","0.368706953281785","-0.289025213745542","-0.152431071376054","0.295378016121069","0.39875495762207","0.138575512497693","0.443207399974345","-0.175449780780996","0.555335640471518","-0.186306485656251","-0.0919765650640626","0.280039727443618","-0.353789977856216","0.058023214929318","0.55887113437813","-0.678145442764791","-0.385283110693393","0.152734684694967","0.273820776465741","0.156145911290086"
"PC P-34:0 or PC O-34:1","-0.153531259554095","0.116480900456405","0.491177715938025","-0.245964142375776","-0.197559202684747","0.207382717999984","-0.0165536618954051","0.633054634996366","0.075124292615122","-0.698334309075998","-0.156237355668187","-0.69683756102027","-0.253818950486783","0.368730848792961","0.280993945687429","-0.414880966340288","-0.0869041280295908","0.294464109682471","-0.303666407414088","0.0670512452578906","0.283050400508888","0.323250649713705","0.117078477334444","-0.218330725270285","0.0352126965661533","-0.237126124643541","-0.259656536720728","-0.663212017053248","-0.0504309491779851","-0.106342150565125","0.0783388779961082","-0.39568791869247","-0.0334687519762068","-0.0159276235018353","-0.189489686080647","0.869077836447131","-0.218665246530542","0.287182251936327","0.378808960212968","0.113041493578164","0.154419915572809","-0.126218914172282","0.147064205653379","0.310710661072946","-0.238354396768273","0.338834962900655","-0.10181338170446","0.524657969507818","-0.416177403025286"
"PC P-34:1 or PC O-34:2","0.187867915925545","-0.418948711540526","0.395579275023992","-0.173817878346343","-0.200422030306647","0.206269975571044","-0.0861814195985031","0.38084318207038","-0.399236920571189","-0.615838822951789","0.528863202622947","-0.681335612871356","0.512324696795056","0.0390386567290517","0.219614653166539","0.253942551757647","0.0143150594809843","-0.286381158435977","-0.113585396340699","-0.126336374796703","0.176998808768116","0.096314031282803","0.624046294465241","0.378448769317521","-0.781838833404153","-0.265277879851902","0.697965878592921","-0.278291585180261","0.101147550622266","0.00697381856812885","0.220890017668133","-0.410084398099952","-0.141357902994197","-0.143989594427556","0.152920520880004","0.520702326648352","-0.198608346823254","0.0420966407141983","0.342639853729041","-0.385929299944188","-0.366124335763878","-0.436589269598208","1.06305945994591","-0.0930738622904543","-0.614348857068308","0.31166862882789","-0.738379857722825","0.615626263643131","-0.134179683887961"
"PC P-34:1 or PC O-34:2 Isomer A","-0.361217853450398","-0.432816730355067","0.99345374012585","0.136869449928254","0.343955228877913","0.104417342649889","0.264325340393842","0.213974076066691","0.136593249652848","-0.0892834012090021","0.479082647053827","-0.0784085927713166","0.422037062373704","-0.364433434134974","0.00119688729503989","0.176825309362389","-0.143791728130847","-0.265369584268576","-0.404595766820688","0.0698032497364914","0.214412984303954","-0.262175884320263","0.386256319665347","-0.128107433448121","-0.307054168385993","-0.0841713948373383","0.336802978718665","-0.177931510257473","0.0875917260832288","-0.142411244598589","0.309700123550232","-0.753701662165872","-0.38782998539231","-0.0628803788723738","-0.0972377528620992","0.365324367728704","-0.100297040895766","-0.444039338505176","0.616709663152961","-0.187279062496905","-0.22725393743205","-0.391408325863436","0.676672166319999","-0.179421612297813","-0.0558609423362872","0.173958413631294","-0.925258248714324","0.37478373537769","0.169490952774238"
"PC P-34:2 or PC O-34:3","0.030818214791159","-0.433790515071409","0.472446320358089","-0.332627519641569","-0.740243369404842","0.294825749041309","-0.458959270100275","0.449457720686159","-0.332738526048626","-0.174220922080992","-0.493343779071063","-0.210439353700321","0.1707083769519","0.0909178326850802","0.437394118185235","0.284355842716193","-0.0366667492699691","-0.078433309694721","0.204071083997863","0.12797979441573","0.460021370438296","-0.0537236305089427","0.359362146749909","0.21944684040147","-0.529407258774787","-0.31221322491382","0.817501019960255","0.0493602122498817","-0.252471785990819","-0.147928698018741","-0.087603437685441","-0.465188104106235","-0.185257343845665","-0.231390818061","0.419751973009193","0.323889036912221","-0.121072855210119","0.0408958894907708","0.375530453385236","-0.236118076766938","-0.0199119602875907","-0.46635121039576","0.818879054247348","-0.123555200580739","-0.341661541591062","0.639122652467412","-0.585165737855638","0.6867360652687","-0.322987569732328"
"PC P-36:1 or PC O-36:2 A","0.180922439068814","0.113366295876681","0.460796598404784","-0.296890233524219","-0.146830921144139","0.282929426761534","-0.0968433611248326","0.242199061222333","-0.334726457629207","-0.697065541139344","-0.286065244848347","-1.10335375257248","-0.0714956279680045","0.0685728241117391","0.231791870347577","0.019130801088132","0.238650103886384","0.325688616167887","-0.143326379760311","0.24903525629706","-0.33974458491938","0.123192505137191","0.275486953238823","0.444341805333554","-0.459786168220141","-0.261216574869543","0.693527356391386","-0.556363877060011","-0.0258737203099093","0.24172270494162","0.0000119052757949215","-0.296027543248711","-0.00601743814078387","-0.0256151759006271","0.100814319263753","0.256973132220512","-0.0829413094280139","0.555840383748709","0.00788745881311321","-0.310773217311736","-0.0658481686088101","-0.245205849655725","0.373829302956384","0.37990164628722","-0.508210800132616","0.297050688024816","-0.270569749575721","0.666145414312374","-0.19901717208557"
"PC P-36:1 or PC O-36:2 B","-0.393151139640943","-0.0177995765348196","0.328689471419171","-0.588027840905187","-0.646004634869799","0.28786363816197","-0.144670756873744","0.168936995878204","0.103702227485397","-0.30873057839093","-0.40259643807499","-0.475146151928293","-0.109845699260138","0.208499386324378","0.251674674438152","-0.0626289411677406","-0.0753039827180759","0.145422906215877","-0.0961247142278549","0.410698040768524","-0.170917071579622","0.119038560844204","0.323512908727302","0.610151487212202","-0.71750054388178","0.0876473289547403","0.541889545691983","-0.46024557674275","-0.0610004240192588","-0.115290072552956","-0.0989129361636673","-0.396846653873858","0.05279050523347","0.107236916809179","-0.0844771998073389","0.00414708516657737","0.353797101327045","0.579219408521056","0.151930298428674","-0.27793868479583","0.0523110196794309","-0.234647396635607","0.301610739467192","0.236189465920171","-0.422001179190007","0.493467180309811","-0.100035552669133","0.574614948351444","-0.0351980948318348"
"PC P-36:2 or PC O-36:3","-0.192053927432705","-0.14336660322832","0.568646590390726","-0.60492324720474","-0.431612421573195","0.289581562886882","-0.111252063999029","0.532613036042141","-0.595233754039544","-0.0303798245489674","-0.375426979305192","-0.264482615857237","0.10500591404948","-0.0661447271696216","0.40108473973708","0.133644136371995","-0.107137804494182","0.0482476071518352","0.24355849365548","0.241103442405985","0.14453146600351","0.139114233062521","0.394401285812078","0.253799811696314","-0.57745305951053","-0.0955260821795568","0.586355016024262","-0.0369019806314133","-0.201441450288382","-0.0736816363002961","-0.378235218102164","-0.435508912985947","-0.0417345771102994","0.021117478343618","0.316057565077379","0.137376967565769","-0.0738470920666256","0.126109860277163","0.261420417581398","-0.331701273965396","-0.00429636711829313","-0.439403588013541","0.675773650612476","-0.0763160753205133","-0.0500066101600535","0.571439432108753","-0.639103840284197","0.63765144386822","-0.45146241783512"
"PC P-36:3 or PC O-36:4","0.428591227729839","-0.0596360161904183","0.677706102235216","-0.586566514264278","0.151099324204422","0.103706907569319","0.0212370255873632","0.232053592468315","0.000464514117793082","-0.309563431022696","0.0169732512624202","-0.376918968768491","0.428856872648793","-0.396566929059083","0.296352084038188","0.205581454290606","-0.0132182540582951","-0.0702008199767133","-0.260713902642696","-0.280618526859568","0.0893998662151481","-0.191031871019722","0.165700619656814","-0.115920238846487","-0.490841021024074","-0.238133729535225","0.77667136681751","-0.306752554620441","0.286514194168793","-0.0655224523664035","0.432249652981914","-0.382320117498162","-0.538366312228094","0.210066261986942","0.484093015304138","0.256290061031148","-0.576560418461771","0.301158714287863","0.152431682999935","-0.351309281862808","-0.461243415074969","-0.324925058649677","0.912630092677768","-0.072835345528596","0.0823081045278446","0.0923331977513825","-0.744142202792879","0.767998528121504","-0.358560332329418"
"PC P-36:4 or PC O-36:5","0.0584937557364372","-0.139966782696441","0.587580438648356","-0.752563170964568","-0.285184174366565","-0.0758980831747551","-0.0253013774619387","0.184408845093969","-0.167808428463349","0.0183872068455712","-0.617619808909366","0.0278536195758178","0.391953957882651","-0.425573138321207","0.661960739493176","0.222289087946737","-0.0115386872185228","-0.0291948348287489","-0.0107386181886692","-0.089903670588862","0.436719520141615","-0.0829620027224794","0.140021545802664","0.0393661583616484","-0.71336496531565","-0.320268800339414","0.765425239528801","0.142529041630727","-0.109929919931107","-0.25415842529196","0.282762767709878","-0.553410346554934","-0.741089777701438","-0.231174599059301","0.767858698832094","0.10397743941734","-0.34721224393677","0.0915487517834728","0.319415113210868","-0.278975839980891","-0.151159848957441","-0.274371523383244","0.775926941270322","-0.0546304754912204","0.209880883561531","0.413714330270045","-0.387855615184005","0.911888292723953","-0.422107216434825"
"PC P-38:3 or PC O-38:4 Isomer B","0.404705585106513","0.0549300217227624","0.711001504217996","-0.71432846115702","0.103143221606893","0.20203316051534","0.0841712235796891","0.15905886349309","0.076447100185578","-0.277864973886987","-0.443028978444529","-0.606881118289641","0.0589016133223608","-0.386338937861293","0.448548252892699","0.244488810146171","0.234054412921351","-0.0562230320877661","-0.0807041783568919","-0.29836354200473","0.00950832243731937","-0.0547385682387754","0.160868954645322","0.0480441565496557","-0.758537592411177","-0.163736944907714","0.895801721704385","-0.260437234835079","0.327102543174269","0.165382506428857","0.333919217998317","-0.128360491602035","-0.728753238545659","0.434597736346237","0.433981086425409","0.064921743011544","-0.362016581447692","0.207749913687421","-0.0992755039892259","-0.545386556951266","-0.457680183325752","-0.113702975188743","0.538357652856881","0.101285084456526","-0.0647236198392973","0.191380780796223","-0.507594750988045","0.869092696588298","-0.454800422457797"
"PC P-38:4 or PC O-38:5 Isomer A","0.273082858138014","0.37192990599462","0.585475949471877","-0.43629951183156","0.468732988966484","0.169286905473677","-0.0778693981647298","0.162196300849056","-0.210728413804986","-0.19154170075539","0.0115105245757131","-0.15597528643524","0.379905998232032","-0.409694383656026","0.389643938186455","-0.0442516213722054","-0.0953325991938453","0.349676489110401","-0.147308086692312","-0.152241791623891","-0.0868705013191901","-0.0675873949808351","0.162272355807843","-0.0767769586433382","-0.0690392867725402","-0.472810047061424","0.755748105105892","-0.514753670067097","0.428465498822587","-0.213518500942686","0.341910016594327","-0.621214642964689","-1.0474180216955","0.244891853265859","0.552575803491739","0.0218869836202547","-0.60026280559415","0.323033136024846","-0.262566117577151","-0.170104635642091","-0.201331043439272","-0.317840481531832","0.701736563794272","-0.0632658731955109","0.0956217677931388","0.149947298257744","-0.626410783521091","0.925715478466658","-0.532233161564909"
"PC P-40:4 or PC O-40:5","0.220726068604556","0.349140927965299","0.357533834220405","-0.354405719862794","0.163188523323984","-0.032597259290556","-0.0246231560487804","0.409110792178987","0.0908559141149512","0.0966340122871096","-0.144914340216389","-0.511208213673228","-0.127873181640378","-0.415697816557871","0.461672478497319","-0.00744776853578089","0.150999634503836","0.220907447603571","-0.22916984040425","-0.0422561837130101","-0.093833473477504","0.00962702611604432","0.146811654901075","0.177965190601587","-0.440112593027689","-0.518462467877884","0.566331527694083","-0.29242409910212","0.221583352239377","-0.198759289338006","0.0527241845194968","-0.117524983764642","-0.837862235024027","0.486836490726849","0.66371756275833","0.104128958663732","-0.287844744214103","0.31854046346064","-0.212109635231164","-0.188768750663914","-0.235353138993024","0.0355506894763009","0.272227175401971","0.113522940259396","-0.0364304734096982","0.391128429575633","-0.747088099064203","0.733484183882987","-0.718182000446502"
"PC P-40:5 or PC O-40:6","-0.129230005524428","-0.131275379996681","0.265376164172163","-0.668084756107242","0.176256215796679","0.282559940994145","0.357864011638242","0.189088924225829","0.407033112514461","0.0882695655914497","0.154449487422715","-0.361575087015228","0.685849782396155","0.282094938699745","0.180041278395371","0.336490801942431","-0.202356953756804","0.133966747299324","-0.082548616465749","0.0228274118645083","0.032627590410903","-0.254630437085845","0.17236918416774","-0.273211836755748","-0.745272867853744","-0.551005546558525","0.389597367665823","-0.0962619846767348","0.265653601467424","-0.000652149297512918","0.00555876766331472","-0.487243572466405","-0.771836296305501","-0.13815953804554","0.717458695246156","-0.025202117906792","-0.421504671308806","-0.118881667383141","-0.187006553876387","-0.290267582393139","-0.217601070172525","-0.191027679642978","0.658071561503795","0.0859145081032258","0.182203657304171","0.337901311865601","-0.394457347986116","0.394401950639072","-0.0646328604088686"
"PC P-42:2 or PC O-42:3","0.442887889677941","0.463357147162311","0.516861344301777","0.0946401279016809","-0.358542980182997","-0.259314475196783","0.433507632946171","-0.251186795620068","-0.414464533789532","-0.420500735079613","0.0484725649499664","-0.333735423331275","-0.0883923871896517","-0.238268666734092","0.152258194085028","-0.221154167643175","0.144447308607482","0.226080974561875","-0.194296391656792","0.495280900794819","-0.157217256711663","0.196143972935551","0.290258197654738","0.0992408377498175","-0.645498644659114","-0.395583261252588","0.609940287173562","-0.801050365807516","0.256197016707928","0.382626943920636","-0.169336514092455","0.0661029698428665","-0.0159011561256163","0.0229156276520041","-0.349352608628482","0.216684664552941","-0.330367496507393","0.29454614968833","-0.0185319367609096","-0.0485870097870027","0.478702839384535","-0.202960951496798","-0.0283348356693928","0.455569739515476","-0.0748399117548157","-0.232749982624799","-0.044934073495387","0.223321897133616","-0.314942667103142"
"PC P-42:4 or PC O-42:5","0.162484901981112","0.301649654584875","0.324178361243283","-0.191309880837389","0.188269538046271","-0.245268527375847","0.217866189400719","0.264408461572181","-0.283756474791471","-0.67311207365581","-0.0184258901808653","0.104727103799857","0.023022006690251","-0.217839158441778","0.148852872485961","0.28558880571959","0.0768893893787515","0.619995014056201","-0.119382718060109","0.139716569383447","-0.544525761210829","0.0657415019239742","0.30933756441353","-0.178352057594868","-0.47494422344798","-0.76306207310978","0.427145576497796","-0.363834392616642","-0.070245324034778","-0.207834641469112","-0.220972769079902","-0.295774713990103","-0.582510330456795","0.237029594861257","0.822288175714022","0.120556873692299","-0.304710061127072","0.440474240211649","-0.253227271393427","-0.0862847039677742","0.0338517680987852","0.198126802188824","-0.0219704616072122","-0.101914874967794","0.178979995949157","0.28091805870096","-0.106586349643697","0.798594080773834","-0.444848368307548"
"PC P-42:5 or PC O-42:6 Isomer A","0.107385671442212","0.177482056692264","-0.16282821322548","-0.373569372471863","-0.182241823929038","-0.474964418962068","0.230446985354717","0.301327664794123","-0.37433278543034","-0.0789393306067343","-0.655931814346239","0.00268390050327272","0.0687486749771743","0.098890669994835","0.256326054927307","-0.0848958390481718","0.392924334901848","0.468159181823103","-0.0102800529337327","0.493412485091555","-0.189552665364683","0.193887530650257","-0.0785911226680375","0.048725521591165","-0.772464330917941","-0.263466445284693","0.474316958250836","-0.34458913751212","0.207459168680056","0.144798050810343","-0.170316111677842","-0.315168142266564","-0.301111884630101","-0.226786959607201","0.18542419615984","0.305276533103638","0.0138176729977323","0.37002223229997","-0.113224458657013","-0.0985956613762064","0.198214789571838","0.101690400970904","0.321362302392117","0.048636207458682","0.391168365672606","0.0847458136552536","-0.527081622965934","0.571955885394359","-0.460357116280004"
"PC P-44:4 or PC O-44:5","-0.0689259906757383","0.480129721390587","0.127574670061475","-0.334574619175006","0.198490207701896","0.0888293823320674","0.0157977579216719","0.215843199466229","0.178563900706747","-0.43297997901816","-0.184971465027009","-0.258286180331749","-0.0731162969899746","-0.0815533408348784","0.209085253078088","-0.0909500615942938","-0.0680876756379735","0.712537289120879","-0.107399335625951","0.0895974623436361","-0.660118536926004","0.155790887085481","0.348748434181291","-0.0389758080147027","-0.503784628288866","-0.65923530129461","0.262491534056348","-0.66868380008492","0.589221092746671","-0.185461290159533","-0.0129007662630711","-0.0929148170898086","-0.410035755096601","0.487345820495586","0.424327296141344","0.230682144166868","-0.155667903463636","0.251077728747325","-0.322510820824953","-0.533284943108232","-0.0857139269901808","0.316047615670571","0.148256210026539","0.324155544324257","-0.163511637098581","0.127708661241608","0.051033624786609","0.559795092521149","-0.399485650700492"
"PE 16:1_18:1","0.316670339231543","-0.414483228304003","0.668752892761406","-1.48129891518511","-0.774952672146259","0.418782733097659","0.11635824697072","0.545958014442935","-0.0276772157959639","0.624164487478989","-0.239772061650464","-0.104376274641891","-0.0349215816699519","0.356617177661212","0.436175964628786","-0.351411103249956","-0.117587225801112","0.298729929531716","-0.523008387367713","-0.303438151436747","-0.144364689728439","-0.120949129572529","0.229308264852167","0.21866527185142","-0.399953549118448","-0.0386567608595545","1.05750102712461","0.164415643002241","0.0867496691138691","0.564823181671954","0.0803663060779021","-0.181654172557459","-0.0681313751826615","0.169795368458982","0.0926575879736816","0.311979938544229","0.107959341265232","0.296666941476639","-0.104266124260863","0.137330132731401","-0.217013007740985","-0.255135209219957","0.29145239765688","-0.0578888467892301","0.0180115390136508","-0.286322997346335","-0.347600357524164","-0.0169427861986282","-0.998086573271399"
"PE 34:1","0.199752662420683","-0.472787458213232","0.590323036365207","-1.32985232468586","-0.810787559226392","0.591924930300166","0.0576886415644229","0.471035743034282","0.108481353337221","0.465489078413398","-0.639791255145694","-0.0878542989270609","0.23109526314162","0.519986229804312","0.25685087321311","-0.37915133700171","0.0323672499386774","0.153451561997013","-0.557828112108247","-0.257264359855435","-0.131598856768111","-0.16841377500416","0.389354948011891","0.0933626813259298","-0.477236813062451","-0.0447009779900589","0.963136044540992","0.13431835786507","-0.12568373877324","0.632476640196684","0.180447106019535","-0.398392287797342","0.415401362627664","-0.20515979321128","0.240154382923782","0.536473985901322","0.0942763557925841","0.536368488853785","-0.303544794374897","0.226615362687541","-0.140394471655791","-0.238998022231574","0.181175657808121","0.180800766249441","-0.0573186746322564","-0.386389097114813","-0.409346099293764","-0.182740630867342","-0.67757402639374"
"PE 34:2","0.277172458520649","-0.40837744070728","0.552618187134915","-1.23337038315348","-0.808836344328576","0.488082903542155","-0.108144067502589","0.374854905547768","-0.0350359166532725","0.656282141206924","-0.551735159478246","0.155704152312804","0.0654104264865536","0.179160707138016","0.378574406674541","-0.611513701531362","-0.0912664965235057","0.14601383472925","-0.588577392144967","-0.390793847457559","-0.158656771583114","-0.148634320125638","0.456399483695926","0.302568028493635","-0.434418409149476","-0.000562057913820722","1.25143816130586","0.427267515484159","0.0173628426951483","0.619438131937724","0.173875030727649","-0.235739774709699","0.0228842732117009","0.253947025037523","0.174658309065128","0.332530509800104","-0.0658697391294683","0.329051596255772","-0.104523937720482","0.0118195402380874","-0.26967254544371","0.0843884946087909","0.13245657095002","0.133406539560935","0.0417335704841188","-0.484565558935924","-0.541506653438261","-0.0897040662767047","-0.677595162938727"
"PE 36:1","0.244366753926715","-0.198478709593053","0.349405505898139","-1.3272289944188","-0.7858754294033","0.677698816664329","0.107534943521668","0.180010216784875","0.177671865839112","0.416678229568687","-0.5256076744368","-0.206932675914721","0.221698530999895","0.625015901836854","0.204237593984182","-0.393756336583381","0.0579108042811552","-0.036671622195819","-0.378461258992459","-0.153036053817575","-0.104088908162535","-0.206896906410216","0.201147363199612","0.246056965265868","-0.592719717216884","-0.00661041211176167","1.04693476697382","-0.00821103260566658","-0.0445864953756603","0.723234157769466","0.343457648828835","-0.284492758206997","0.632519522441493","0.115370365237594","-0.0890419863555923","0.191286809196883","0.214254833158431","0.48482137766766","-0.228899637001777","-0.130399969663492","-0.20898822037628","-0.109050747588113","0.31004169639925","0.341685249026848","-0.138293050443145","-0.34673693462736","-0.497071006251502","-0.183990809753597","-0.926912570964889"
"PE 36:2","0.248594833985939","-0.201584599375691","0.490161654195847","-1.38952090582632","-0.699363440018809","0.766593354255246","0.195307315937556","0.298116658587725","0.158528680755236","0.548743946360028","-0.350227181884219","-0.153248665315397","0.147068037067284","0.483554778718968","0.310464915016873","-0.310697748779866","-0.0460943129702114","0.177630544487367","-0.420395911545966","-0.348359465507221","-0.173069806759914","-0.267111171054514","0.260361984339857","0.136244982863035","-0.281062487700303","-0.150904298079667","1.23461589939015","-0.0349169316438741","-0.046546977685351","0.696110388129656","0.312283404889883","-0.238437657429988","0.370163826641543","0.249316684104258","0.00258081152645785","0.189018071167805","0.0316349861862812","0.283093639617511","-0.254749362340977","-0.160476054864358","-0.178044894357406","-0.115498169547504","0.168268283364507","0.153929491430969","-0.0761221375794577","-0.500282521946938","-0.624782765077096","-0.0826959380608378","-0.8081937676681"
"PE 36:3","0.375788400353855","-0.342175324640345","0.589734941460435","-1.67499835566678","-0.814900581578605","0.748239223492193","-0.170163199580808","0.467376715353663","0.247722494696159","0.331143133151369","-0.490582028813469","0.149367602324142","-0.0990567530646206","0.0326433375558183","0.143769945316205","-0.424356810579675","-0.0657191133144585","0.381361882980602","-0.0333350306992231","-0.450386024679756","-0.0372905143893436","-0.0897288259569119","0.153394461383467","-0.0582861711186462","0.153069024913976","0.0142905812685822","1.26930703476281","0.0175007749852497","0.251782213499","0.112775551379489","0.21646255058659","0.321222996631094","-0.0135802943523334","0.244276828855865","0.0192751595347627","0.272137826611147","-0.115396462317212","-0.244138835829305","0.0951732697930257","-0.210156976225474","-0.125468757231542","-0.17309926650844","0.167162970085331","-0.272007345864534","0.273784959409533","-0.17210391913946","-0.247654914183819","0.0111061135913057","-0.735284488240903"
"PE 36:4","0.68401398311038","-0.326129103672654","0.665248098996315","-1.54445213155967","-0.410809949887555","0.608077978219981","0.0718790987199822","0.233260577337744","0.0704432385173335","0.793220132189387","-0.587867025377675","0.134957594397193","0.551998488656214","0.218396704304622","0.463133263392073","-0.438995125933202","-0.0973683341142329","-0.259251404900776","-0.579112177525081","-0.737041261650117","-0.0557427758490786","-0.066033692548427","0.1750176655436","-0.0902806445545021","-0.371306397273121","-0.228347730514019","1.31353063507936","0.316630988687634","0.211899779332944","0.399106187206219","0.492736690808295","-0.259258421376651","-0.268296016914193","0.471788209359037","0.254732329038034","0.109857997247071","-0.295692142682434","0.26226591855549","-0.331100364247508","-0.0537572225661868","-0.519182249813223","-0.376282409362008","0.119889038674272","0.114711107350372","0.261585755023607","-0.221497234356793","-0.288257163482556","-0.0175833192141508","-0.574737160371341"
"PE 38:4","0.5862288636987","-0.279799300727231","0.682347723575045","-1.05795705356868","-0.594038279063744","0.528203253971207","0.224029576700766","0.0734517108635682","0.236502792936214","0.865028949805464","-0.761091333815507","0.0749534441305136","0.188471819077844","-0.0628633692939598","0.582488335244643","-0.335837775247449","-0.217088572786422","-0.0533370894975981","-0.342723546913387","-0.421098164673636","0.00794151604911334","-0.217094504203515","0.48697816514255","-0.047226592239366","-0.606387467993833","-0.207059079570546","1.18458002082319","0.0224124518436528","0.552303703079053","0.1003611195975","0.292291362624236","0.000372620504949024","-0.226351064196701","0.30889505146978","0.120676422734583","-0.022043918214329","-0.121639545571477","-0.0152719069627251","-0.00672476874914387","-0.148089854583081","0.156568081744694","-0.423853299316225","0.256641216121951","-0.284714045052134","0.336326755230009","-0.40848480857244","-0.18475138883785","-0.286332274526803","-0.536195952791446"
"PE 38:5","0.60263622495093","-0.17972956318828","0.571855142942284","-1.05789371319743","-0.254694265375677","0.753711558804598","0.103217616195229","0.0958658984347142","0.191016806951132","0.662048219882379","-0.552634007952062","-0.000945607987123273","0.403695123519527","0.102740882042032","0.24142934166186","-0.379434191722754","0.119756944635569","0.224878499449214","-0.234077686452027","-0.340968248295519","-0.105252730417271","-0.0657482747061051","0.206862194865049","-0.20567789019322","-0.12633209494686","-0.0357025806811851","1.1336750382921","-0.206791870350474","0.478492961524892","0.123440606533873","0.472444015274488","-0.18915357395933","-0.704804742857828","0.321528168070373","0.185339651319035","0.283686014750975","-0.0327395357136206","-0.0182394960112078","-0.218513665664185","-0.14694415994277","-0.480777975378993","-0.675129302951515","0.36096174984296","-0.15759530587702","0.217584305337416","-0.355505718173993","-0.304471120497431","0.147682574512072","-0.974792217298832"
"PE 38:6","0.386770557902928","-0.598761454767707","0.558331440238914","-1.30077822850921","-0.616142233353731","0.955990237910561","0.374788655161985","0.0032925394630257","0.0969392281208225","1.04018013501597","-0.320936219446419","0.320425846175175","0.46957672015706","0.359142618471692","0.278320017776224","-0.423028461458774","-0.252155875763757","-0.0666464309346776","-0.314788866753856","-0.356777467336354","-0.208162269565336","-0.263344671808295","0.432729442521196","-0.421592834770024","-0.370309289129201","-0.222079051098915","1.00568192172033","0.389216122326868","0.367358457924143","0.251426302773661","0.152941046101224","-0.097102427762962","-0.441822862194042","0.0264602086665988","0.640076975347251","0.0886823757418106","-0.0670103287772432","0.221458790190063","-0.31285728565829","0.0523920731795496","-0.320740796672107","-0.619389677368227","0.343385384461755","0.451345378889152","0.35297028360353","-0.297638829711866","-0.378917562301508","-0.438732138695523","-0.910167496003459"
"PE 38:6 Isomer B","0.0905794729931676","-0.392272804887635","0.783275356007965","-0.933135781832629","-1.05375890200461","0.260323199173808","-0.059805555327064","-0.185728464961987","0.244752227070917","0.696040208188379","0.13763950599695","-0.048165482752751","0.344527625658753","0.0491529655357184","0.185691374197179","-0.1848895931579","0.0552293646868629","-0.578708268795239","-0.340044976465762","-0.676593662833691","-0.208259421584077","-0.226215050395906","0.0653144097492417","-0.260698439146078","0.136594383021388","-0.2756049084124","0.549616030529474","-0.0430761150885425","0.537916570820012","-0.107840358963729","-0.0353288796969879","-0.119436740804966","-0.232169383613425","0.121142782602346","0.186503435528434","0.04909281297778","0.230220007151449","0.188210277087424","-0.223043893056498","0.458446067294632","0.0847995958480154","0.290551727328861","0.0711819954772367","0.044186430010294","0.262029276148155","-0.149912950268559","0.204760457068729","0.103474578811098","-0.0965625029138426"
"PE O-16:1_18:1","0.171939663931286","-0.355214313699535","0.403442670181315","-1.03880279581128","-0.456984575307382","0.323962823364605","-0.137526065713198","0.132909645623925","0.0469511016571214","0.688781852560968","-0.625324525308913","0.63136107688467","0.284025289342088","0.374512375969664","0.304987532207982","-0.566565994614634","-0.043642969753551","0.0674441319241094","-0.398298770488338","-0.278254037279165","-0.0815846198228122","-0.131041647318623","0.0861416566999063","0.13970771226994","-0.459363333076395","-0.136243089969397","1.17433202689832","0.394714704913009","-0.0658118649328976","0.501207472730989","0.543699531343137","-0.225221203733405","0.162892150195114","-0.123446023134769","0.172967692817267","0.220763911915924","0.182995751396278","0.246449771687535","-0.258290404919411","-0.468203092125416","-0.197288042791818","-0.20298044492452","0.165226817172311","0.281360971730159","-0.10640743430783","-0.198951666732459","-0.384144646302645","-0.210416130049372","-0.552770643299856"
"PE O-16:1_18:2","0.324013812334798","-0.488051248836203","0.701501311564656","-0.307864095688438","-0.648627185342339","0.404161038205584","-0.105559915384842","0.338280716224157","-0.225766484050553","0.763283437203202","-0.613052157935546","0.597534094373305","0.081952607082003","-0.0643246473417954","0.315021600582561","0.047609628108604","-0.160837262299768","-0.448916027444154","-0.2700139597239","-0.411286728805839","0.446051502298383","0.0281668316378892","-0.116808442157078","0.160697565612337","-0.248128065377904","-0.0766663548403354","1.08057967613708","0.357127396956758","0.43301485578636","0.175698123000708","0.0443619567304877","-0.115481971158744","-0.0387430446443872","0.245534009295214","0.294705334706224","-0.302962052194732","0.159943363197334","-0.213651253438207","0.00829507786501022","0.0242979546891075","-0.309525481970529","-0.618250069228846","0.223413396645318","-0.60818576705945","0.255163165692517","-0.219996634542007","-0.754427329161278","-0.207622587494163","0.0643403101914392"
"PE O-16:1_22:6","0.187807204031014","-1.15115985675438","0.172769836847742","-1.02276568675552","-0.307031898560024","0.176344011936206","0.243923215603283","-0.112292971431267","-0.141680859675073","0.896223480959432","-0.131671154175478","0.693914650220228","0.76726365182838","0.262095786282762","0.189968951637335","-0.152637364308966","-0.373933457615998","0.0732357780389369","-0.144886304489889","-0.471960176147711","-0.198110013781016","-0.107330920886835","0.135662578102302","-0.172169243116419","-0.502132645947337","-0.332600144944937","1.09185344584452","0.479301442952819","0.687092339771136","0.0395639097347305","0.386881217106361","-0.124788328645735","-0.455566769435048","-0.159716944553725","0.400314259184395","-0.14783149952701","-0.215926945976117","0.00777947756530641","-0.201749754925912","0.218085463044669","-0.116277038552969","-0.320624437853084","0.223636841364895","0.384028979533811","0.271472430743837","-0.228531644031685","-0.299558326309957","0.0561954230637877","-0.452479986995785"
"PE O-18:1_16:0","0.0610392455998287","-0.226344792053864","0.134862099526267","-0.372658730450095","-0.215578076924698","0.0987731800065022","-0.0586845007664604","0.432165162874363","0.27887077904602","0.507662093309415","0.0308440695598501","0.334652087981458","0.0358131656512366","-0.486229882470226","-0.136342674553509","0.493206364576262","-3.65901713940568","-0.0207076022702326","-0.548012319421306","0.0480283494385328","-0.0283266935987777","0.368403815198741","-0.364544062303327","-0.0483831181522408","0.585087349873405","0.125002263389286","-0.299985614406488","0.573783023424282","0.582592811213075","-0.418989548148332","0.368352443052555","0.00248204792493101","0.262928334741878","0.171173932979878","-0.480881689061379","-0.065043878344631","-0.0998203084407137","0.00839812734881847","0.120878201451383","0.331796564169224","0.331526980862797","0.468659930328923","-0.415613202397092","-0.0432743313248136","0.425519682472297","0.0319458841053764","0.0707861511365186","0.406669888427993","0.296534134822764"
"PE O-18:1_22:6","-0.153198254711191","-0.335399297326092","0.540908077490162","-0.96414581556885","-0.483748254163706","0.132464964700944","0.155932375856884","-0.210889784366721","0.14352911943131","0.810080586450552","0.118463879522595","0.384005919140098","0.408104886806061","0.000839321649255319","-0.110282163522259","-0.198021199736392","-0.117954514868049","-0.0546162551057883","0.164395865324257","0.060961622511864","-0.0794092991307367","-0.265488592971803","0.476291580662639","-0.292197962432262","-0.791489564035935","-0.350363417732562","0.929262331411576","0.386216787223811","0.274433304013377","-0.232731792236595","0.196433104876917","0.131550061477591","-0.696965927360846","-0.437827667191611","0.47981732436046","0.126474117754716","0.159420876335381","0.203258151736936","0.0433693912102851","0.213265956908413","0.171046426110352","-0.783341080475911","-0.0773619025362764","-0.0138678817188585","0.1757364200409","-0.0882346364891497","0.117382660022488","-0.0457777642577181","-0.22033208509051"
"PE O-38:6 Isomer A","0.219998924325372","-0.106720872840569","0.700475760944216","-1.0622145751154","-0.354328205408934","0.0978656431264685","-0.318900497948014","0.374594036194347","0.0556579203725083","0.905597813675402","-0.0817640340731264","0.757759560801582","0.305643737572502","0.318779266951252","0.47092112197603","-0.617000502735474","-0.239339444878044","0.0324096868118634","-0.510748809951408","-0.0788497758910706","-0.120374624876911","-0.0945185548102387","-0.0397612163051068","-0.142573841276638","-0.893531820501866","-0.165959608589515","0.919943030456294","0.387486618270009","0.457853534421924","0.166050745319584","0.289566405423479","-0.745422321638069","-0.766564982559352","0.158764090746726","0.241354964307838","0.354993936809317","-0.390009163324648","-0.0219122831491354","0.239471523089047","0.0796399465328888","-0.0668251070111287","0.0605219443986807","-0.0129213676744083","-0.371431239931104","0.294877779042289","0.0672185327319016","-0.31634756449138","-0.193689330618966","-0.24573677870101"
"PE O-40:4","0.458022282777063","-0.0848279218829328","0.72013304560836","-0.885905785934039","-0.535022254661636","0.276093898729031","0.283399395665402","-0.0152214975651024","-0.361872903110507","0.688631636170495","-0.602028156105332","0.334924573195433","-0.00472567965018545","-0.113218252522945","0.421945410706038","-0.307569065853822","0.0449623165551619","-0.26307475875369","-0.472246973300694","-0.00695566003406014","-0.132057707810707","0.0642512116808265","0.197858783695537","0.0331794092652402","-0.611423326637861","-0.311087038497632","1.02526630125426","0.331332247096892","0.361494097227889","0.200539094231615","0.367451583104805","0.230914843242816","-0.504737983761834","0.603605116931838","0.154759177234403","0.304144366898443","-0.671525224312793","-0.0618869877829143","-0.509256027149687","-0.321494369572651","0.0461923668207706","0.0335021252234379","-0.103709714438059","-0.0134306294817187","0.189838908679526","-0.258336911167055","-0.587614268210556","0.530736459043486","-0.163949552840352"
"PE O-40:5 Isomer B","0.537842278225717","-0.240078119508971","0.644524234194291","-1.23666331475338","-0.474833601629508","0.27114549090398","0.264790257772412","0.493459325960008","0.119983731705578","0.322016244599866","-0.75877477998315","0.523418997214802","-0.0353794742829138","0.00249341463065475","0.569976083081453","-0.320207505197837","-0.027569433042274","-0.519622418634909","-0.0205027912113141","-0.570617194072479","0.27063738916711","-0.105028948336069","-0.0626908563207747","0.16120836052296","-0.754295441789138","0.165491665122115","1.3338212877325","0.509586016817133","0.26294995033264","0.151263227748276","0.337272738337553","0.0911019258150848","-0.0336234505109364","0.40071604061158","-0.171724241503777","0.268241226763792","-0.11432697452037","0.0769385916501579","-0.340978339259853","-0.507701118305938","-0.399774075310164","-0.0852904652904777","-0.158379463419012","0.333710275981492","-0.0832116983867368","-0.452931264237835","-0.18278829094572","0.394068479089899","-0.84966397352752"
"PE O-40:6 Isomer B","0.558231086351943","-0.32044559441621","0.444550301218637","-2.11999680554491","-0.500736798847035","0.611756812706408","0.263154619572018","0.0456456828883995","0.128574902259607","0.96042980607523","-0.471865026391091","0.490133811554632","0.0538492365512177","0.0912780536571425","0.394842265562008","-0.0208769412772609","-0.52905049147419","-0.129127050514133","0.0665587844699485","-0.366412047116013","-0.156097085228902","0.19598658143103","0.242414542235517","0.319165988451237","-0.627266748565224","-0.114488212744304","1.01652963552395","0.253012228976303","0.26136681740257","0.0843223909895148","0.292427686578689","-0.0365597684853958","-0.24542838658182","0.28883029902204","0.199678799779464","0.188915721917555","0.047777535601008","-0.321567139353438","-0.364757302767089","-0.130932422738315","-0.215467845084262","0.0567795081679009","0.119125756366505","-0.0377467733556396","0.170186067179951","0.0212370839676326","-0.535765490194872","-0.175578863769017","-0.446595212008939"
"PE P-34:1 or PE O-34:2","0.140211832431104","-0.15855855427686","0.38935069771494","-1.43552297201112","-0.739050359443259","0.141987331725846","0.355366248028783","0.471589330665046","0.362097354841996","0.574987760055357","-0.65634049854736","0.261114287005131","-0.0123421787135734","0.497638104226806","0.150423166085132","-0.448222012858885","-0.243415944836273","0.116236635250692","-0.19038112076464","-0.318069985608569","0.159113891227705","0.305107203785411","-0.207221753675595","0.00733086527675802","-0.512708384390548","-0.135103942916812","0.90054620066474","0.0897837899275063","0.00468225577058393","0.285604425313515","0.451402826168658","-0.417832757367923","0.372895403856684","-0.187675981366813","-0.106629883008092","0.35113507898283","0.0338582154528667","0.118770921113678","0.288592094766706","-0.0899698064333413","-0.215965716931975","-0.354707040863473","-0.0374251482480154","0.197663640951699","0.158180448751786","-0.219262607502849","-0.303777200404956","0.154983759972129","-0.350469919843153"
"PE P-36:1 or PE O-36:2","0.217744579177631","-0.183275354363932","0.288733445073696","-0.879060329595028","-0.597700998648703","0.323213869256953","0.0103582953515205","0.160324499046877","0.0912693592961134","0.755822520973836","-0.324177717599778","0.44358257996087","0.374655040172722","0.54577982063218","0.407197447893926","-0.337928944495644","0.00766988881938302","-0.130379899887312","-0.411420069793442","-0.27493632878114","-0.00708919546480908","-0.288240035289401","0.0802237190045119","0.274585725120725","-0.628650809105102","-0.111272420745205","1.12693837450492","0.483594562499935","0.0511534982009335","0.642859379251574","0.408156200666409","-0.51808492660254","0.222408365882466","-0.192334675385083","0.210956169421509","-0.103239446479462","0.0145919242841217","0.265875393552504","-0.136440965175042","-0.526843982447067","-0.37543299196265","-0.18713018451266","0.168647070667364","0.351389189659442","-0.278523527406465","-0.218707512995058","-0.424840134658741","-0.345871403458661","-0.446149063519194"
"PE P-36:2 or PE O-36:3","0.432635658404672","-0.394335043262673","0.607262997032948","-1.15585792015344","-0.510893421429109","0.170614137744819","-0.255849351408953","0.616787846229144","-0.0392708344837758","0.746254109097486","-0.195668612850432","0.432675919021296","0.267775990183882","0.518426138911358","0.378736928279798","-0.537558202323822","-0.274264974026501","-0.249145356354981","-0.347359004407522","-0.312830575612897","-0.0893601535128883","-0.350166627027839","-0.02285979116324","0.244082697934402","-0.664105489147283","-0.0324686515994189","1.17095890101106","0.3750946881344","0.109318672546939","0.411085527499512","0.212063467121193","-0.155653610702271","0.249044599552861","-0.0758772219671839","0.0352739069228471","-0.196935774547506","0.11228353094329","0.0728241986895341","0.0234827084133758","-0.290504258714729","0.0274711125547501","0.0414297264491182","0.0876353640358511","0.0746779092500355","-0.0251409006623043","-0.165250545997041","-0.327376210172636","-0.205905411946853","-0.543258792489267"
"PE P-36:4 or PE O-36:5","0.640347073560959","-0.516254800920577","0.628209244346452","-1.43599934524883","-0.772256479624081","0.339848011516359","0.123013029088013","0.175354229796377","-0.120866194403115","0.969053171777096","-0.602325332428213","0.774221531221924","0.427462056571758","0.315354116114798","0.377186116556678","-0.371199712984607","-0.14135779812534","-0.225205131355802","-0.336226813171633","-0.453462736785332","0.0278175006740351","-0.336422567027631","0.181063884452606","0.271569526712009","-0.730639917253392","-0.0689026696892951","1.30750363467256","0.797732890132981","0.374575667317421","0.302236757653446","0.584201344352083","-0.173743184832692","-0.288222045228787","0.0254898675501071","0.352092891396425","-0.248559691705105","-0.157024911824423","0.307915901116516","-0.0135960785990331","-0.357123673987756","-0.526611053928549","-0.240786566646941","0.369690742421626","-0.0237357772671173","-0.0159037958196806","-0.298291286281153","-0.555763128419686","-0.00254633760373004","-0.658912157839733"
"PE P-38:4 or PE O-38:5","0.436211455492013","-0.427077048289574","0.61186848460917","-1.18507942990827","-0.547627830042381","0.166908769733193","0.0570231347254978","0.367391642128732","0.0523532009269468","0.75831206698359","-0.528119651716345","0.499948597357698","0.160049567979581","0.283702988162558","0.385358657962943","-0.168453397576327","-0.252358352276239","-0.193071434072233","-0.221224378531735","-0.237019513155523","0.254545222094799","-0.258266072382729","0.11894506051614","-0.0188991568227073","-0.980908641784546","-0.0471635713515704","1.26278874479319","0.647117044805734","0.394787876091295","0.133165384569015","0.294355893923088","-0.159047891226881","-0.407997837139016","0.29978893971943","0.347959182654969","-0.0043656305552138","-0.0270412990193172","0.121807809209515","-0.0407013901474072","-0.136691798590563","-0.1330269842233","-0.157391978984462","0.185263229322134","-0.312771266394658","-0.0569988240510947","-0.165565944108444","-0.576200010337482","-0.00997334022521746","-0.586610280848003"
"PE P-38:5 or PE O-38:6","0.598135133069999","-0.433751912386769","0.71837793288253","-1.06385050964164","-0.819310539958262","0.446281844299771","-0.210006239334313","0.190615100381756","-0.0526979795047155","1.10632820644282","-0.21292694167911","0.854687354806169","0.461970812148929","0.215863635258429","0.451195171718774","-0.176450625412446","-0.332392320913375","-0.148434833948159","-0.149972559707978","-0.503260720331975","-0.125971873166115","-0.155546302524764","0.0470501320671469","0.133122829320281","-0.637219365404932","-0.0963344655679938","1.34236312637485","0.69742330851373","0.290563141696852","0.198596190883087","0.359533317477522","-0.00564444077429596","-0.568108113488396","0.0742975093773344","0.320505893276176","-0.171677643810786","-0.180724680866969","0.118348954406987","-0.146518284627618","-0.322182119741906","-0.425052096474829","-0.118820213060369","0.12151455550386","-0.263928049165373","-0.0523466209886204","-0.390532877245091","-0.318427301000122","-0.189212664708694","-0.475471854471382"
"PE P-40:4 or PE O-40:5 Isomer A","0.61319915510887","-0.250094356068478","0.545760304352146","-1.0963433252901","-0.679090452395783","0.258107066778338","0.176238611597644","0.125275898300914","0.0989389051747059","1.0554549933064","-0.812194364880875","0.343129139432459","0.0871086962247336","0.14775879331623","0.632353841608652","-0.43488033396323","0.0403832660740116","-0.562982753982947","-0.344852275560837","-0.40880880337739","0.00700096100715286","-0.389213418408266","0.13297860384491","0.275079977691113","-0.709592178572193","0.047570830879992","1.49003395264409","0.610481052093235","0.196960122333004","0.250062777402264","0.393159520646351","-0.188435920768198","-0.172820123292648","0.197551563260897","0.285603716915998","0.100250895790523","-0.171733275102671","0.282604645770696","-0.0769990699083944","-0.2915578125252","-0.479010885722817","-0.18247505539579","-0.0865873093838928","-0.0204370307026267","0.355508185124873","-0.193327021703227","-0.32013346143369","0.000776665655347607","-0.877762913896297"
"PE-O 18:1_22:6","0.125110733254315","-0.850630087341422","0.138605400465116","-0.865623941641027","-0.247270016996012","0.553585601929798","0.282185424370373","-0.195024026565307","-0.291268621920807","1.22118646725609","0.0039093003137229","0.588808006779068","0.553493328331109","0.469853287830343","0.435182417250131","-0.0898137842754469","-0.262036899001288","-0.314660997397748","-0.155658994963306","-0.384852171239544","0.00672964558537672","-0.445125646794492","0.292344515688907","-0.17093023610927","-0.915597523003564","-0.330778467237018","1.19451026969538","0.635681746677346","0.596121058197934","0.174395374257472","0.219651303949862","-0.245949539013394","-0.187867477259145","-0.188613610372964","0.333714780759838","-0.184395561156004","-0.0514978810253088","0.0246315850679806","-0.194586912772555","0.157343711262051","-0.198877029072858","-0.285977468930138","0.254551562309964","0.0357966458823834","0.0497359374476541","-0.331603858283109","-0.287767283273786","-0.00849647068883781","-0.662223598227868"
"PEtOH 16:0_16:0","-0.0951961270577777","-0.553804530146584","0.571473168526666","-0.00520304161302932","-0.241238529808942","-0.241339749588565","-0.504370472671716","-0.141704700379935","-0.472526456694133","2.07394389724398","0.0486733153387421","1.33745485368501","-0.368703973304101","-0.147878014513361","-0.377609799561111","-0.0976909373100681","-0.517090794800677","-0.0446582946930817","-0.423535205273729","-0.00276041478237902","0.447686974395345","-0.0103884256626831","-0.4175799407127","0.170964375539744","0.704942425917343","0.151941505440918","-0.121838387073402","1.99987980111937","0.0477044689063705","-0.346455924888381","-0.573118242420009","0.0423701580396552","-0.313680384921486","-0.334243435764721","-0.452494458665465","0.238014377852338","0.0670248287777121","-0.381421565474975","0.0159822936172966","0.743149821881862","-0.715417575398858","-0.00842515479302792","-0.141758791729451","-0.662547087656578","-0.213922161240612","-0.48887386997164","0.633902851396418","0.207992253860345","-0.085624922965934"
"PEtOH 16:0_16:1","-0.213128744728512","-0.129816128257397","-0.0287414141246325","-0.682549715031377","-0.353991051214185","-0.329935965973726","-0.555225805465975","0.0597212724039586","-0.0976768082213997","1.42025019227862","-0.589329057049661","0.840066719995882","-0.105914729641066","-0.0148754744033683","-0.227142553930458","0.237587030589083","-0.531009324300788","-0.170658702237581","-0.50572969537567","-0.216162075508338","0.413819807830234","0.0274086105418854","-0.510941872683631","0.369312723914116","0.409778673516045","0.505000078062925","-0.0707383129873805","1.94019688244531","-0.126190923134089","-0.254401680110045","-0.0799947693079387","0.0951247341476821","-0.163569965739192","-0.127995651978223","-0.323016152496673","0.359482873648963","0.134422573940096","-0.865287622941644","0.447027961339309","0.306532749686111","-0.500661584327725","0.0895327890210213","-0.448809936750386","-0.35850089200927","-0.19295525312206","0.0733434476885974","0.79265444413673","0.374418460130927","-0.120730162265106"
"PEtOH 16:0_18:1","-0.779640761666808","-0.957188539365336","0.869860379650612","0.525504923432863","-1.11519981784041","0.304851755951425","-0.579583688069164","0.570476130996389","-0.632898078332325","2.20210299702449","-0.444149973903129","1.65069187380766","-0.379232022866176","0.0103625794744571","-1.31116955952182","-0.456317296654347","-0.428228141176766","-0.267171300738708","-0.276316930798221","-0.576975609037204","0.941589575482576","0.136309786851279","-0.938797444576105","0.244175855775339","1.14711056693073","-0.0109070599468414","0.657468605568493","2.43477598512074","-1.22791384685129","-1.10748277462219","-0.325577550234479","0.509785449484884","-0.0473136739445567","-0.447322176020172","-0.36671136528746","0.486603197172882","0.0188813249929112","-0.970771298469007","0.11410084767949","1.14064239424532","-0.00916056284794255","-0.473552209078938","-0.526469618953267","-0.482568414536214","-0.327290229538616","0.0448101403019406","1.26032490291075","-0.142746669360301","0.338227341382572"
"PEtOH 16:0_20:4","-0.454979321761496","-0.60892722963342","0.55482461192107","-0.224666622382218","-0.283594239033051","0.066369112215682","-0.22110614658613","-0.163109327422454","-0.0172074415130625","2.22976760973356","-0.610504478009527","1.55077712331398","-0.553381937209567","-0.429938231484099","-0.479259944726235","-0.468595396139729","-0.0688017159409651","0.151679106205776","-0.00876299229136519","-0.50107040741091","0.52879078881263","-0.355590649113597","-0.090390303534079","-0.199863477308708","0.683833267555977","-0.435939882851569","-0.0389550732104966","2.25568739490095","-0.112730188955675","0.0151712029461369","-0.264847349974172","0.397994268064075","-0.147330975681788","-0.0794559424207413","-0.447783719738103","0.0644771135318702","0.0925809255716047","-0.37947925406611","-0.392440796840989","0.470453512780937","-0.108789105657247","-0.164168890598542","-0.378953193118656","-0.122719624109858","-0.357704090752579","-0.392724994136748","0.520281849493565","0.126470777332419","-0.145385720766346"
"PEtOH 16:1_16:1","-0.177489049067476","-0.908696907030387","0.257020426109627","-0.336278292263738","-0.324734164502348","0.143642883307859","-0.372324217771087","0.154514061478118","-0.760932623340304","-0.741287291459543","-0.587430413732985","1.04651773725562","-0.455709412748822","-0.291863976657423","-0.400896217961191","0.324658866841267","-0.0647408106881547","0.0528929482201126","-0.629929764744664","-0.115074877318746","0.254451195557017","0.0203703095128124","-0.155357765753851","0.99127831189275","-0.204010406993763","1.03040461224073","0.188459731856179","0.600333645494831","-0.71828420570991","-0.173181382056745","-0.21253737146118","0.321647356990543","0.0144446563481178","0.0896099357090965","-0.348644276431374","0.668038468535636","0.10125694701415","-0.280477637553645","0.708165769068293","0.854819315046703","-0.502816913842652","0.483921975177032","-0.15403705786828","-0.21218585054893","-0.296366139926802","0.0407464904217126","0.233453529526461","0.38650464732847","0.458133206500865"
"PEtOH 16:1_18:1","-0.654332407938873","-0.428382225840302","0.970445512903939","0.399858724658987","-0.35346546326797","0.12133370247379","-0.694479061240936","0.45522879244769","-0.862462791451147","2.4047684199362","-0.0458262897899354","1.69122882644179","-0.490024688086731","-0.27299069403278","-0.747380347953039","-0.62076719788208","-0.421949528859185","-0.535630608497882","-0.58051957888958","-0.672432373209245","0.886924196448949","-0.14500380501674","-1.1210845613296","0.164535344529455","1.10552410196579","-0.0778120423776675","0.777454499407654","2.62238099417694","-0.462207226092775","-0.741797412496124","-0.436969636553942","0.648180399818802","-0.08230959643661","-0.200381183600471","-0.469847808576261","0.40021269121875","-0.0515827516918609","-0.769169145066355","0.0605896981766495","1.08905545548418","-0.0376193534316352","-0.657899145515449","-0.725624449729276","-0.818151857418946","-0.524445596630759","-0.371948837966884","1.14526896409996","-0.0335157038742493","0.165023046555777"
"PEtOH 18:1_18:1","-0.387760648651982","-0.820048843770749","0.868771731395715","0.482534589372381","-0.409220009338698","0.0244416319983712","-0.401228789644829","0.388901612143613","-0.226932980276853","2.1963786572884","-0.319231809884189","1.46338084951512","-0.416071342247754","-0.00156659560042968","-0.168549693642015","-0.325052304411258","-0.484683376146881","-0.200568090689896","-0.691202755833913","-0.468907733974104","0.68423417386791","-0.327679390739477","-0.634160514307249","-0.0162152058710996","1.00292871216553","-0.313014498597404","0.67141565820384","2.46052860597117","-0.319674248115359","-0.332339095214073","-0.455057906969645","0.401612601331287","-0.131986056546267","-0.306958783510771","-0.572374528636478","0.16018841140064","-0.23492189692295","-0.317143668656584","-0.0584326078687137","0.789576382748045","-0.155898620671027","-0.392327398495493","-0.697097698087195","-0.687991518970581","-0.30001404092654","-0.284939742406529","0.864946678046589","-0.441767961773318","-0.158819938048311"
"PEtOH 18:1_20:4","-0.428602763499839","-0.666818513399159","0.82459634847021","-0.000617017275212216","-0.297941202380718","-0.255763484828622","-0.518457798504505","0.212614161280271","-0.370697128050943","2.05943199151207","-0.550686537819453","1.4738438416416","-0.171577664879064","-0.951742221468618","-0.214491914894987","-0.161986880106807","-0.376315290981646","-0.789166265625895","-0.656495957419881","-0.421544495822686","1.01684751865531","-0.147705795970635","-0.56288667148402","0.177954844796835","0.874255277667924","-0.133564802008436","0.344609409555299","1.99302936624537","-0.279160284103718","-0.0974124270544259","-0.53826247876962","0.179967085674028","-0.0753878345152719","-0.6745698656725","-0.368634511692302","-0.162887345091788","0.0182161823729118","-0.109241516885136","0.236655952950657","0.890637541674565","-0.056369425606732","-0.338896865835023","-0.466544848751851","-0.114674137281478","-0.15929854732328","-0.0163308897961457","0.741140685626918","0.0506169797774873","0.0403161968989535"
"PEtOH 36:1","-0.858360248644235","-1.06040654332096","0.766233608183713","0.436959015737182","-0.410491999920159","0.170101423558194","-0.164749401444458","0.272798613634484","-0.191790942345508","1.95638961407598","-1.07409762740837","1.35750321491706","-0.448953140996595","0.21739848224607","-0.283746329032893","-0.34073564890639","-0.724671010439833","-0.419333085724884","-0.58689971173097","-0.202856474022277","0.730610275009207","0.0271353152913411","-0.560318588787171","-0.226308476093402","0.799741899196256","-0.0315848368637611","0.793031359672238","2.14222723106478","-0.958556266069443","-0.177105206949129","-0.514191366668163","0.303094758869871","-0.381936896878542","-0.478114038714982","-0.271110396746776","0.537188953458722","0.124262898118752","-0.10843767321831","0.117286475201196","0.779665953131841","0.0699662840220253","-0.0853623328242569","-0.670166985280605","-0.538280599414199","-0.309660891276924","-0.260417149179411","0.899098296905319","-0.229470650438559","0.0674208470469314"
"PFAP-FT_diPAP","1.16986485973959","-1.45850494011399","1.07459441099623","0.894717300880471","0.879697205701552","0.447660453536407","0.579683849083927","-1.45850494011399","-1.45850494011399","-1.45850494011399","1.22972836888334","1.28237154849596","0.671206999135169","0.589715342815897","-1.45850494011399","0.30535533161447","0.41752231283448","0.564895467286565","0.217568538738932","0.560009544980953","-1.45850494011399","0.375899059934871","-1.45850494011399","0.343590804260059","1.1433242068036","-1.45850494011399","0.59177231350297","0.290505960557377","0.769312353970761","0.251576886923444","0.334944295225887","0.479572223409318","0.124935536535658","0.834870398033213","0.674070105657488","0.778068210830804","-1.45850494011399","0.573550705135755","-1.45850494011399","-1.45850494011399","0.22639309844918","0.173713437367785","0.254331043363369","-1.45850494011399","-1.45850494011399","0.159626157927715","0.25662330653775","-1.45850494011399","0.897797522444893"
"PGE2","-0.570029080914481","-0.752527314835403","-0.0652787212124533","-0.207447748304783","-0.547439687361505","0.0164587989020093","0.057506479146624","0.416416617775324","-0.210602677985418","1.04961978424548","-0.133859083776188","0.343973460333645","-0.339149677421817","-0.117412375331011","-0.26771958701289","0.141430359532338","-0.415616215929622","-0.341358747328772","0.119854471845982","-0.192972710539619","0.633525832211966","0.470414855101965","-0.226211053470019","0.405269845355149","-0.0411246360836762","0.155009288112455","-0.552130595882592","0.618497142439104","-0.823522083003955","-0.0898329418782053","-0.259159532750414","0.190856901358989","-0.0929545968162371","-0.794892598535385","-0.386032260485728","0.687662506906583","0.28191749711675","-0.189910679912877","0.601802114836519","0.297477842818165","0.248465435731627","0.325256866368072","-0.135530220816884","-0.160313937080405","-0.0561668712922038","0.19879454939551","0.370417214712364","0.00796966923163347","0.330598102484283"
"Phosphatidylethanolamine alkenyl 16:0-20:4","0.320888781994792","-0.105964152947794","0.589986524340439","-1.36246224976797","-0.623440736495185","0.157738399821043","0.190461745855133","0.136137733271202","-0.180655768196314","0.764752340621408","-0.327911734314637","0.387327047205918","-0.0122798140428745","0.435702428414689","0.535695328337056","-0.326498439346356","-0.370730045149621","-0.120446297405844","-0.511638387637246","-0.424272843862993","0.303953508483566","-0.163425399940454","0.0424419097883306","0.120413083343403","-0.914538750784977","-0.21272151894485","1.11561470843507","0.593122467668865","0.348552127640007","-0.015903129576005","0.287339243526431","-0.0429949790378777","-0.34701745642406","0.344511055665147","0.0649611531535021","0.160055061066708","0.151507572718899","0.0740265000102389","-0.0910146844167836","0.12138775479351","-0.140200990711003","-0.0354646059609231","0.183140969016974","-0.211337802131939","0.259349922856983","-0.171036017377985","-0.34701745642406","0.135645955481179","-0.765740062612737"
"Phosphatidylethanolamine alkenyl 18:0-18:2","0.324920850349691","-0.0884665241074142","0.487147014203765","-0.962771748013633","-0.814484188030843","0.421308156919026","0.148089030543673","0.263413759612639","-0.156185521091925","0.677296487505346","-0.394663761332456","0.135735806286491","-0.0550370276728672","-0.0217268063587516","0.407048951627651","-0.304571083005526","-0.260844700087759","0.110417793072502","-0.0162855694727756","0.0394805718653833","-0.122973050275297","-0.0471849800711089","-0.112504669797161","0.303909363523134","-1.27227719112601","-0.0424127096430953","0.754949225444894","0.346123639087582","-0.244473176658223","0.223540167580673","0.0460728039909684","0.35635066696832","-0.139800042599254","0.171182781174759","0.0800791787910804","0.24175052736976","0.290896012312013","-0.161687498314851","-0.0139755840407495","0.0445595962340603","-0.0367848041141597","-0.230980402594681","0.106209118430404","0.322461211246412","-0.218762432259455","0.0458742915552803","-0.390150780756343","0.379498610572991","-0.619311364844157"
"PI 16:0_16:0","-1.3176879126718","-0.531213685954055","-0.000714821314111606","0.201575338070163","-0.452858895145762","0.160623440976267","0.235846570833261","0.326141033569474","0.531742920345662","-0.0857519172977516","-0.706183180917083","-0.716214090501074","-0.0748779415288303","-0.233514648620122","0.140391795963306","0.303906969918391","0.464639857953383","0.231868856861726","0.0914720318622023","0.245444612933362","-0.400443192748043","-0.0874956366481221","0.613878040779429","-0.0942440492357744","-0.488259860820146","0.480337797744162","0.444430925401639","0.267777855022233","-0.148996457654778","0.246889354921688","0.551211365949302","-0.912836762428448","0.254337791907746","0.3005716745909","0.321412689472788","0.345326309491702","0.346105964804485","-0.173485262098607","-0.187493741274728","0.0464278255793294","-0.243046640580383","-0.1194056098241","-0.00394975535065474","0.956332651970566","-0.360577015081198","0.51953292876617","0.140990322691388","-0.0589853527147431","-1.3709804979704"
"PI 18:0_20:4","0.598948634267767","0.408917300882771","0.565310833097831","-0.405113382523269","0.0921086534729127","-0.112651018910319","0.14799325149001","-0.0886478292573197","0.264550616145583","-0.285543951335342","0.184458678429549","-0.337926681129954","0.00678057234486813","-0.244383452167249","0.266255306395261","-0.0288127181101908","0.0593242306014317","0.331676307099916","-0.447753277620187","-0.0443072416787856","-0.60196266403927","-0.108380257407879","0.00759509911838776","-0.804924644077346","-0.0450817479808199","0.078223231537125","0.181348905810803","-0.382681709248542","0.595279836674561","0.115715369665531","-0.00205246482457136","-0.201140798139309","-0.782181366045829","0.614700857536898","0.496160937945272","-0.172403757456514","-0.43785855853736","0.837656621965697","-0.625201597276189","-0.442696165449481","-0.0821300577063701","-0.155516717495075","0.337470355760348","0.0991953653606447","0.219184549836542","0.219883427545184","0.0280197771563312","0.699280972718965","-0.616687634443018"
"PI 32:1","-0.0642970923678845","-0.0270323711117045","0.0375705340096738","0.0670859175111303","-0.225161469848181","-0.259509412578955","0.132096676003793","-0.111964401409617","-0.00396853959995364","-1.34974321448888","0.190211894331597","-0.451597862931028","-0.236352074533972","0.486237140868449","0.0577369362805062","-0.012668752565942","0.542806341969121","0.646974187246226","-0.0991727495266503","0.235138879135856","-0.123163606305994","0.103685933903585","0.290873631132047","0.20536359620228","-0.319288848066722","0.0150606021801693","-0.545395479060595","-0.522438319992363","-0.594705732753039","0.220602273217815","-0.251466454808749","-0.12379726985653","0.19054408704779","0.13848226240465","-0.0558552795175606","0.279075548059342","0.0150759711711922","-0.217375544904295","-0.0655343764781962","0.430778170817783","0.14271434752835","0.176804845341192","0.460504001979553","0.341659260663016","0.00732802118175028","0.375585679373586","-0.222464413297184","-0.0987304987621033","0.191687025205642"
"PI 34:1 Isomer A","0.144465042554921","-0.671001054908772","0.345619518228024","-0.508950485788942","-0.372346216394754","0.676394360009839","-0.0212720295212311","-0.306909518312354","-0.0727125211100438","0.502658695951166","0.487944820898449","0.291472825813018","0.0862795075726996","0.0750559594086583","-0.239008734659339","-0.126512471835308","-0.14086436499508","-0.128415481325601","-0.32350251286163","-0.109173789864198","-0.271026936853977","-0.182156934115515","0.634134275861663","0.00036598448656517","-0.449179740215428","-0.175533966877468","0.802219963386326","0.040299296053613","0.679879586992545","0.0227753043352091","0.167311932386393","-0.471037481306163","-0.066074712270221","0.0841638477675659","0.185640818311524","0.0977833317938737","-0.231172055739449","0.391311478546264","-0.232711529907438","0.113034408428541","-0.572758628634587","0.188329346241374","0.266697566592984","0.510062169861617","-0.277702937739303","-0.160665596353092","-0.319150504760109","-0.106562058761968","-0.257497776370863"
"PI 34:2","0.404712571975101","-0.565887770727333","-0.305037798459626","0.0414358399369245","-0.0794703530764097","0.298512580303377","-0.0499545980402593","-0.298222090553894","0.0617100087108482","-0.388118432442842","0.0114919867251964","-0.593373112608982","0.124878788217843","0.318951883303783","0.0361693675164582","0.123859648617798","0.283674656733078","0.528438766951651","-0.0319634484374629","0.558473147770348","-0.426016091394871","0.111498513764436","0.0777598369242889","-0.491754224581002","-0.137451214597746","0.132493359704859","-0.0375448832052014","-0.593938975342154","0.0474909880177336","0.593528780059143","0.349033636314595","-0.10367305266576","0.0337546052987053","-0.0414521771783154","-0.151985167977236","0.428189342636924","0.074333617074861","0.369894144146764","-0.144385152062856","-0.146481959621193","0.214229785595795","-0.14426383854541","0.32444173233725","0.140692040498136","-0.136689628900986","0.0329331629897369","-0.541834663180738","-0.0265402920697573","-0.286543866455603"
"PI 34:2 Isomer B","0.459759840147608","0.112899858483279","0.518035702842913","-0.298482073176646","-0.00792250978372888","0.170288841426771","0.269706045390287","-0.155669989229074","-0.00373504371400162","-0.426148941330502","0.0850433382327603","-0.490749142536612","-0.14268188606198","0.0915019980023482","-0.00112661694209046","-0.161853543294711","0.121664407042003","0.156229112322703","-0.0182465946041104","0.74504627088686","-0.608275032703215","0.0113161410594082","0.0922027455359824","-0.795884565338727","0.125123491846145","-0.0321408751647259","-0.0723925016461475","-0.676092432330298","-0.0548415234518912","0.165599180176266","0.21642560357264","-0.114926596611593","0.235820727262175","-0.112532411668452","0.0419425993242714","0.319011188186571","0.312646659515805","-0.0600445885676798","0.0636401821401336","0.0647689225046482","0.145023354954848","-0.0560855243951325","0.131063605945978","0.560477493133097","-0.339277817917011","0.08548280994777","-0.481617078325331","0.116018004351767","-0.306010835441372"
"PI 36:1 Isomer A","-0.202136371231479","0.109577373939918","-0.00600790300267906","0.119930522058281","-0.207935619493509","-0.0310666139115465","0.484807407022993","-0.357098304841307","-0.275898119103763","-0.958831388568793","0.689832019837068","-0.396140075726304","-0.10425966774777","0.284659528151708","0.0286958484195606","-0.219140462400953","-0.00446339473042304","0.269583770538118","0.5040291479679","0.0274099818961595","-0.122407281979455","-0.572361035645925","0.525115775348122","-0.14197745976716","-0.13881802719733","-0.0847636824291218","-0.459050148500624","-0.466518741386297","-0.14681106720545","0.331469604830851","-0.018217073209898","-0.575210387025232","0.315045646521149","0.0504571147881386","0.236562584801725","0.0680131628628442","0.11119050188408","-0.0462347137374964","0.117687719447674","0.00860038754229634","-0.0579625011121805","0.0321652881740866","0.20475341499767","0.541378708671143","-0.0582660885224142","0.414375041805868","-0.303478137925745","0.501493814098511","-0.021780099203004"
"PI 36:4","0.519426405063151","-0.137209983511344","0.276244890755878","-0.795307256479645","0.0213082458698762","0.126529633486609","0.284060391713884","-0.383425788465635","0.300032808262488","-0.00751467418835229","0.162731606011301","-0.468618276400079","-0.536987356799412","0.0504788154756032","0.202705047284142","-0.129163169522554","-0.137050704078876","0.334994201148736","-0.130771076003287","0.0537445700661408","-0.610950037503562","0.317437867807683","-0.0933346072291738","-0.648949970696947","-0.168196037123493","0.225612332385733","0.457274788393864","-0.106426017233449","0.392125584382976","-0.0834512440919987","0.182577639440196","-0.295966838624009","-0.419003391897479","0.650369838107695","0.200750037189117","0.176037553154631","0.0311379730944781","0.298430397346279","-0.711617107675731","0.0833496034450592","0.0958365834394756","0.126847132182941","-0.203382380228195","0.124256069198072","-0.0795863399006321","0.093730033018358","0.104395854481471","0.760623567684632","-0.506137212236616"
"PI 38:3","0.317589869760048","-0.0221099361296416","0.741406045423004","-0.394330790947073","0.14557981744877","0.25505548248812","0.324213751268473","0.251980175306671","-0.527225956381941","-0.210769081737746","-0.158870526834831","-0.571925287227808","0.0878824711856739","0.266366621992484","-0.0109756695018142","-0.107888357485802","0.186847341663146","0.832213312341078","-0.324793033906786","0.155803629721551","-0.590997466198854","0.013690536526744","0.0906832290047841","-0.634991091105107","0.373063391185814","-0.177393410615233","0.586923645682307","-0.343346270045175","0.137602517819641","0.454925045501482","0.0163249127626293","-0.208086634366411","-0.492103808513373","0.203306374411639","-0.124125007056007","-0.0153173748875237","-0.170276999467198","0.0957958285757634","-0.340457604063314","-0.428082760809161","-0.458776622777412","-0.0697914112965815","0.134085576162874","0.622291482505574","0.249565254684654","0.329062599006902","-0.176732987409308","0.15447867462131","-0.467369498287032"
"PI 38:4","0.608602502523025","0.34215813997263","0.570447010259302","-0.627204401801976","0.510688217944026","-0.0608828944948274","0.205610436755266","-0.283613298995098","0.0242842058532387","-0.463090370387267","0.151641073504075","-0.516851301571246","-0.160309698238257","0.0597166699856599","0.355804560966547","-0.0484807163307223","0.0849539186982231","0.283102610592557","-0.333150269392857","0.147471627970662","-0.559377114619839","-0.158162976896759","0.125802598356307","-0.419437484638836","-0.0806129861523171","0.241365713010352","0.601924837965206","-0.285598298298815","0.472776228782254","0.247348468079866","-0.0353171757567524","-0.291677774922302","-0.789411918842111","0.599049158108063","0.429391095034812","-0.193976852575391","-0.721858320449686","0.631150900803403","-0.507554824738223","-0.221244258200324","-0.283948751306338","-0.251138581261405","0.226529256701683","-0.00886217516294142","0.114439453754659","0.21367078685714","-0.127317723700063","0.81632917096226","-0.635178474706864"
"PMeOH 16:0_18:1","-0.6206827462542","0.0391419958953727","-0.636422692860902","-1.57967616508828","-0.594967955239892","-0.374023320581369","-0.0514972477952954","-0.840971184921616","0.0799654627690804","1.23453575689605","-0.964632917243402","0.341402036488295","0.706361611630125","0.140913332103595","0.494366720065823","0.102623224176906","0.409008814458172","0.0940392235066714","0.590884605164307","-0.00377748887429673","0.0748862714677067","0.308927177631854","-0.127571943614999","0.0853109585334213","-0.660121238302039","0.190654354438113","-0.325474300471875","0.815472867913397","-0.455436357234895","0.758279433679568","-0.440950114514749","-0.282341528012444","0.848194691320222","-0.137682777625598","-0.109208248054256","-0.372214493081408","0.616238356426737","0.698253062087029","-0.286784959182888","0.566921338615444","0.273445603566694","-0.325206601586934","0.188207394090828","0.173517489918835","-0.333508167940918","0.73788267535377","0.0257519485794206","-0.826010577413868","-0.24602338088132"
"PS 16:0_22:4","0.780429299006245","-0.138326931436487","0.80496162356406","-0.9983973339148","0.0237424416102011","0.585397257869215","-0.0951117404355648","-0.0920747878347771","-0.0504356614687957","0.590197672350519","-0.239137233741639","0.668790943340959","0.00468067708104779","-0.120547062768998","0.435469928880104","-0.15504113360565","0.0206134190240254","0.0311302161838759","-0.55981211781997","-0.299183127417931","-0.138597172598726","-0.411344501824863","-0.0606976801109378","0.178213157536024","-0.382395792487292","-0.0911956157627469","1.09713278925274","0.423256254995217","0.677023841860821","0.284882326630287","0.183154327521507","-0.148949916898027","-0.816448530513369","0.710351169574616","-0.0905631416309193","-0.00355949706739274","-0.418331438612746","0.198840296813065","-0.318698104174846","-0.194586177346411","-0.475791062544633","-0.223862735091834","-0.0641161237353955","-0.232215623200998","-0.099964963882182","-0.457814833602579","-0.303342347653852","0.388236287951118","-0.405961541861288"
"PS 18:0_22:6","0.480646232325682","-0.551751582147131","0.341233299576194","-1.01878690344253","-0.0607584082563638","0.642691470179735","-0.0437410304002571","-0.282561276247822","-0.424386047822933","0.717765616859291","0.305522020065583","0.776203234442495","0.379327041435473","0.16838219853849","-0.0234005214392456","-0.053372813881625","-0.199516969500435","0.296034508553591","-0.321537155918549","-0.0849394407368708","0.0613786929774828","0.082675715607163","0.432702638006325","-0.343596401713554","-0.379505121753475","-0.615403658662864","1.06486590819426","0.361794601957707","0.494769952833943","-0.287827305969541","-0.0308822566601688","-0.739296721063209","-0.663423373373214","0.283197898053354","0.338493518106885","0.314082470122382","-0.373786080482749","0.149245431713938","-0.0673828620641149","-0.0350960364623314","-0.113320142491484","-0.720556295597978","0.432367920579159","-0.0896633448607107","0.238792184907673","-0.0584344151619399","0.123340976545029","-0.394822357908632","-0.507765007562099"
"PS 36:1","0.690977086323287","-0.229022052853073","0.434788613324039","-0.892848537007789","-0.356321305454817","0.503695422726637","0.376608483365831","-0.403847356786035","-0.121407766031667","-0.172325053906388","0.0137377178416068","0.303238518670383","-0.204108083294436","0.241074997410864","0.0545047098338135","-0.0584913935468902","0.0375272979870967","0.0433886395780199","-0.593051794150028","0.0466065496009602","0.00862967143023819","0.158635140143317","0.299912335652513","0.44336663196374","-0.800420863900835","-0.293971293077076","0.782090239936032","-0.179311275727289","0.238596437754777","0.153399154297951","0.0796481294093928","-0.0751430615963956","0.227790743134699","0.17260504464289","-0.17561762114636","0.436443326065207","-0.0631751546948689","0.442648860409554","-0.127202741604577","-0.149997237019187","-0.276839535856594","-0.258043144306099","-0.0657550636421194","0.221781423629982","-0.0498939534814236","-0.0000728790804034275","-0.230039286657566","-0.00998725334685418","-0.624801466964058"
"PS 36:2","0.515135306536973","-0.466122612178594","0.260746405415479","-0.672791113120576","-0.337355718431247","0.283470675008008","0.00891771082639647","-0.138537332715377","-0.210314412797841","0.892271103301743","-0.0440565442317632","0.225522608316583","0.433747084904854","0.0228200296804","0.656931851488037","-0.310703957166655","-0.154081923533047","0.848266560876166","-0.64165209892021","-0.163112003013717","-0.601564181824899","-0.340002349638666","-0.123007848502513","-0.000407334434143779","0.0851294830851961","0.598381995197966","0.954730773279167","0.694337781243086","0.0814638376078507","-0.242229237817798","-0.327048902362721","-0.0478390432922371","-0.00619475339994465","0.149666059398297","0.762386444296908","0.623695781923279","-0.359121212674134","0.00138860825598005","-0.3747723665828","0.109162454149238","-0.0675638045084434","-0.547769093990237","-0.0658234157501008","-0.276655789156919","-0.265213555912759","-0.147460798333871","-0.57554784470292","-0.248186847980882","-0.45303645781659"
"PS 38:3","0.637502014527155","-0.156796782302959","0.658688286186787","-0.762106627619196","-0.302091090389942","0.692209106860553","-0.280015050162981","0.674830640193209","-0.0865544734814764","0.801725428749043","0.0190264693094499","0.409640450769013","0.356677065476301","-0.164046311775961","0.0435305805785722","-0.474961051446534","-0.199374694812803","0.496462841062425","-0.21017542051081","-0.40908992366371","-0.395941702590058","0.033071420902289","0.143484510652187","0.0459741592107211","0.120107978359732","-0.0108922133361506","1.27209267335994","0.227314520705","0.336849303679251","0.443094562486918","0.21931573811556","-0.42355220118772","-0.197333618921699","0.552424509354054","0.279547092536113","0.273247976058322","-0.495123827541329","-0.369358407449683","-0.357166588961258","-0.212842457885962","-0.651519835293627","-0.411748502818471","-0.0181802842328028","-0.297733953771032","-0.353689792306501","-0.450562049713872","-0.654226595138019","0.000760287538079579","-0.392494159356116"
"PS 40:4","0.757427255831727","0.0544077004174983","0.592138951199258","-0.917176682425035","0.109810909414602","0.411154259594183","0.110511152069213","-0.218841218693133","-0.0855792892174593","0.877953105496422","-0.687840052600621","0.593052608054532","-0.425621191188503","-0.0477858122723905","0.405923130343615","-0.00653846622482228","-0.132864977067288","-0.10618950636563","-0.0115628871200931","-0.464389017326846","-0.468821575161797","-0.474322585232025","-0.184145878424276","-0.0228737416089032","-0.0488220751899992","-0.129256086661515","1.08804897083463","0.186168642463931","0.0975275959052575","-0.104674298233043","0.588477953568417","0.0671886391092466","-0.696269417722757","0.520947274082576","0.146421194042003","0.0425014935684638","-0.213125174490022","0.0342680386418729","-0.0331103686698106","-0.328884661588395","-0.188342173954375","-0.252572434973349","-0.297927794434086","-0.192184391792938","0.343383703803052","-0.33022767390765","0.0520826802486162","0.348112575141476","-0.35755840128383"
"SHexCer 34:1;3O","-0.577749003481132","-0.132019498764259","0.325693333854527","-0.22944479388422","0.0245836334754012","0.284312922844663","-0.346192382689017","0.306189759658855","0.0755156584377183","-0.440748422354413","-0.0977590096144944","0.314859522100584","-0.0336871666399013","0.0454513662919904","0.204119257076158","0.144206378945606","0.22774538835956","-0.188722811804595","-0.434832182612681","0.0253066571171353","0.180584521191607","0.297184772932882","0.0675897944190705","-0.00151215656530879","-0.00590805490534231","-0.0742158541632581","-0.0089579145218099","-0.203505866815904","0.0604354266808131","-0.707063884709992","-0.485774613213328","0.126594362788455","-0.043217318566365","-0.0322122144267635","-0.2009846926917","0.45653227239467","0.377416529298334","-0.559780188795189","0.205160094610101","0.709532111041942","0.0238157642563083","-0.0486693705765514","-0.215755430490857","0.225373456044124","-0.167894184134617","0.43698427359822","0.112045025806214","0.300819585274402","-0.321444852077646"
"SHexCer d34:1","-0.378989209503495","-0.136754659241798","0.057025284225084","-0.435221251351624","-0.496114351800556","0.521486813709465","0.186612304481634","0.329330146359846","0.464541931393542","-0.0739363548385247","0.0171230410126603","0.376641049123722","0.0323511347722457","-0.240635801538012","0.157874252312384","0.154189639776873","-0.302611513276955","-0.15732097211759","-0.358045295668623","0.26784875293308","-0.118666899983741","0.306353445395239","-0.178535348308039","-0.3690046651041","0.16288996901715","-0.121305572847355","0.0669904187595935","0.102097517208491","0.396464625261577","-0.343394341175791","-0.238869610040434","-0.233402246778712","0.288087763892382","0.0343683545305791","-0.369426524211514","-0.0801433350314053","0.387000972144878","-0.226100195440921","0.219960820314915","0.521396426666741","0.470547307788236","-0.765269639487401","-0.448419327435759","-0.0627028464049957","-0.378914338750734","0.510672016078605","-0.0253442546239811","0.411674391075996","0.0956001767271515"
"SM 12:1;2O/32:8","0.331490440033838","0.784589442249649","0.280816914772043","0.0653270429757624","0.519644218364484","-0.414291775370468","0.198046399389829","-0.379807907749317","0.0684468968483429","-0.768117667190565","-0.507465388013253","-0.813690437821135","0.129815895403615","-0.21103166947921","0.232832995138711","-0.00423136515910813","0.414043382789727","0.0448409683746994","0.0342038413288262","0.348005563056345","-0.115322937101069","-0.019612551695773","-0.234342205573194","0.029081478110645","-0.282760562046759","0.0364585624467077","0.0659705318809803","-0.577554443566109","-0.491756534579879","-0.155878105880411","-0.0186880487976423","-0.495268894269518","-0.0128300025697334","0.0343704794697004","0.542798044663904","-0.173138644627435","0.0814062000219626","0.608962943169572","0.21298541396346","-0.126648337210055","0.409984604284554","-0.132125080722699","0.085453366901991","-0.0641068221759986","0.37078686300905","-0.0851955490124916","-0.0134916881304081","0.385319004783683","-0.21832487468985"
"SM 16:1;2O/16:0","0.500285175747401","-0.65895232510944","-0.378208739914807","-0.592474584889281","0.174224591534662","0.101657355504585","-0.128000392293637","0.00705286538582774","-0.29317390954275","-0.429765166940987","0.170412572972166","0.36204025662477","-0.0555366534510031","-0.0646205880858237","0.377392135621135","0.277921091565362","0.146041114404619","0.0945649315404374","-0.32439383117272","0.0357001462436143","0.160375705778808","0.274770257530135","0.270578830576638","0.161501474693353","-0.339141217934034","-0.187628853379207","-0.320099948406685","-0.163993939099631","-0.53974406262518","0.196436086176289","-0.46128124069101","0.4424455334544","0.221036077364568","0.0748137529148207","0.151577010453584","0.400483199116019","0.260669427844589","-0.448477793507049","0.569339027421979","-0.0703064346463686","0.0856517468603616","-0.104240613900213","-0.329301659025371","-0.232429688791805","0.13121942293745","-0.0276252568003806","-0.0942904061118361","0.406077091644618","0.189420424407031"
"SM 18:0;2O/21:0","-0.0697810579267149","-0.21413110841494","-0.453036476773064","-0.012029357115677","-0.0347318861487566","-0.0081507441576258","-0.41219794845202","0.127782524940446","-0.285583962653219","-0.562493932413732","0.38588287849357","-0.317392927502284","-0.042337528669807","-0.159212207132419","-0.260921563112796","0.503605196308785","0.396052627537831","-0.161334615559248","-0.105555165104857","0.128676193770528","0.351795438527753","0.0912234506197176","0.1828234364939","0.201992005235322","-0.622968123646923","-0.161319908223797","0.252452038432036","-0.472310123894215","-0.4573305355944","0.0553211215439627","0.192019687773077","0.0665463323948975","0.320791776066804","0.251128744212753","0.203668393126613","-0.337118372590397","0.337642143898545","-0.0689893715485734","-0.100854742016509","-0.134216583471456","0.0440632678000579","0.46156484704281","0.196566882874808","0.1709259867523","0.183915288900822","0.600269129492892","-0.142520186292005","0.372591823167843","-0.482782786992635"
"SM 20:0;2O/22:3","0.115767965288939","-0.0660629666548617","0.313200676688148","-0.283673783475788","-0.106862840764259","0.58313697080857","0.170172259641176","0.442026422775016","-0.271866700925153","0.128085558870268","-1.16440461851107","-0.5461918564109","-0.110668135549554","-0.0449444645431667","-0.167629364447265","-0.121891263524949","-0.296985916692041","0.152116628213826","0.212406017131188","-0.0403779660829007","0.322069285910301","0.152798812030847","-0.287850007029131","0.275190771727213","-0.403267347852538","-0.371292242578917","-0.149892559991835","0.0652722630377863","-0.204246267536711","-0.213431834071184","-0.356324356516628","0.0280757008208552","-0.269034937266635","-0.537766706816921","0.186998495555426","0.669873358375414","0.153093008951803","0.296337577117587","0.289715349941872","0.279019750016718","0.3436609624748","-0.00752174378746137","-0.137602901639655","0.0180095408502052","0.22693116642794","0.400318109623095","0.145751670173119","0.334391293488802","-0.144628833271394"
"SM 20:3;2O/24:0","0.111588320880486","0.182106056283691","0.0538385715094726","0.077783854691459","-0.58228030456766","0.0295995087070447","-0.265366490032517","-0.075708786330152","-0.351774331428755","0.0098054828278439","-0.869528821373731","-0.437942206883529","0.137588738911865","0.272690754765624","-0.136918945561067","-0.212348365418547","0.115406845976998","0.176449196280866","-0.365027495553395","0.532134905682247","0.086771057496837","0.226093686379522","0.148911411917238","0.196613362805018","-0.0615256603830295","0.109723239947881","0.0560822952443153","-0.181750858806259","-0.746157735339113","0.132061666850219","0.160845876230331","-0.665117686690223","0.177515313183187","-0.71727288407017","0.0298017752109591","0.804011571945639","-0.0331946761217626","0.839539202685603","0.0128738481083504","0.251797203692049","0.512061887037421","-0.480887606321105","0.0714791689911213","-0.111159457330032","0.00535056064556913","0.203065902069975","0.352966813404164","0.270741727781506","-0.0533374959334606"
"SM 22:1;2O/12:0","0.0352353217508998","-0.13870909592972","0.591251691847351","-0.407655737029655","-0.393907621479061","0.553931123621175","-0.0995850193260278","0.504378325334483","-0.0732731718076914","-0.567280719606077","0.100339761246794","0.0480322956378213","-0.322153940376614","-0.0536881926579595","-0.2309130132012","0.066342950756823","-0.0847534042875059","0.049567479789571","-0.214577896237858","0.24221791599978","0.117372177132722","0.169193505845011","0.15347253125683","-0.256312047755656","-0.261274186293438","-0.0735876902523987","-0.238685481033685","-0.252268543315448","0.0669467965576188","-0.362950007466866","-0.155152316356276","0.259941198062027","-0.122206322952538","-0.421606360275415","0.0694454324426087","0.429203940719802","-0.206481086351529","0.0712458022089404","0.169150092814153","0.462735284471241","0.0738674483049995","-0.167825154397449","0.161269124863648","-0.0221689732159296","-0.252468295963261","0.355757244052412","0.10086471012168","0.4268888279054","0.100833294825468"
"SM 24:1","-0.246869452616905","-0.0388215483616267","-0.0352338589448179","-0.061356593699022","-0.359309449028417","0.241074357606251","-0.182229731105539","-0.0752321067027068","-0.336691360985601","-0.256475959582512","-0.673192359287972","-0.535521571584473","0.0319799117453746","0.305432672564302","-0.284466458528375","-0.140383661980653","0.180109208299719","0.284274422546045","-0.400422831747257","0.433007477984856","0.100153913646387","0.20739885783984","0.166646847667333","0.139817117399391","-0.0894987958948332","0.0179376675003355","0.131906783005049","-0.236534401801339","-0.971644068913107","0.13087490856107","0.401066204347716","-0.67450348223888","0.302548617798783","-0.727483624374069","0.0186234417641919","0.636483159724769","0.000497091936258305","0.610372061963907","0.119475921200656","-0.016558531168959","0.321433075272423","0.13893605133618","0.189573324554744","0.335416004554911","-0.135427114740349","0.248034654427335","0.440491918122533","0.30236260132112","0.0419286885959606"
"SM 25:2;2O/15:1","0.199256595544346","-0.149282623837684","0.0151950151755787","-0.118811021617202","0.105104865853258","0.159083207114884","-0.234378283313785","0.485223027171119","-0.171754708516562","-0.281460216812212","-0.714890210857777","-0.377867779123773","0.00193051505640746","-0.0571705752575147","-0.225097203324533","0.061125061588821","0.293908041646723","0.0888990331308339","-0.490632156169798","0.426648212365653","0.173456172087943","0.304016139865989","-0.110254949763034","0.0645189462411525","-0.548787998031416","-0.26720517601339","0.367527807092464","-0.382185264271738","0.0687490523766427","-0.347409639233576","0.210309267827669","-0.326789950085865","0.120702562495768","-0.260338050506164","0.342727694157777","0.56283955052703","0.0605579029782825","0.40060872616356","-0.169535588024318","0.120610749017524","0.131431732727207","0.100684041823609","0.297803073307696","-0.24677501007551","0.108136938573844","0.269369585261237","0.049478958648102","0.340708413460514","-0.449984484445777"
"SM 26:0;2O/18:1","0.119954409220289","-0.114590252847797","0.64397931963329","-0.561371844488164","-0.259551299188566","0.175372688822939","0.0384557596275618","0.277618569602933","0.0972265737987625","-0.487514478897323","-0.028304868304692","-0.146316158991335","-0.16398291700152","-0.139662266973584","0.108574279534682","0.163123289082948","-0.0227322395417309","-0.307247085231199","0.315288057014253","0.0392804997789026","0.203105211810392","0.396736469592929","-0.159782693229298","-0.0995940007419817","-0.151069693443265","-0.00993422863795934","-0.259551299188566","-0.2435040283684","-0.349505270308163","-0.236935894317007","0.355815624295231","-0.0695988113922274","0.269033041236497","-0.525458143943811","-0.092830721597379","0.596091158802273","0.153706494066548","-0.17936273499641","-0.28675075042185","0.266732587794494","0.193377365818968","-0.0711729502554406","0.32870171607957","0.149724973859486","-0.324267960959031","0.360392798966715","-0.191823007227784","0.576367679673185","-0.346242967618363"
"SM 30:2;2O (FA 14:0)","0.275750978872723","-0.0665313758330557","0.410635355724636","0.0645021058718776","-0.313411735855565","-0.1784546115116","0.0757458520219944","0.25482858784033","-0.325925032235548","-0.985522831446683","-0.0991542376918274","-0.933110430342494","0.167383856809827","-0.028381661475947","0.515062450044842","-0.327970989863128","0.358014092632824","0.60269692477908","0.131448865808774","0.522119656764936","-0.172462282443455","0.0874972953973344","-0.0633907252447511","-0.098841858131797","-0.267900357108433","-0.562444270781766","0.265468269704799","-0.488807123264891","-0.0239621035584255","0.270147324413515","0.137823206676473","-0.0448912978447021","-0.296706297638219","0.136002585246463","-0.330586657707145","0.370220408870436","-0.0336015473467274","0.336165607378409","-0.185038673001604","-0.13070392613056","0.347075573120002","-0.527388779926094","-0.118885597024943","0.324153121248958","0.0492351963266613","0.322375145658231","0.413505051010311","0.135139074568265","0.0310778166176642"
"SM 32:0;3O","0.197120465665058","-0.529430984620506","-0.229953984398912","0.0615322263026185","-0.528540227370822","0.436711495524033","-0.032407481196692","0.178510895376226","-0.0567201340543178","-0.740809483913924","-0.0447974303313983","-0.0482219965143592","0.00711957214904517","-0.0726222918255415","-0.171400970090049","0.444166976095984","0.0514852376346867","0.287607977814111","-0.451329054358643","-0.0150137360361379","0.167558092254533","0.11542942097621","0.20905948884078","0.301170730028348","-0.402098968548975","-0.43306782240581","-0.298703376930614","0.114771271698206","-0.225957187576267","-0.00267311437435527","-0.195371960399507","0.0448291244625215","0.246109341319033","0.0238695520957285","-0.04587022607408","0.494339180467617","0.294052530017113","-0.309421302123654","-0.0192266472827229","0.59847398725026","0.102903804862348","0.0424816446623883","0.0584864098750635","0.528949473446321","-0.226164203102344","0.144666476080999","-0.206116689268765","0.123025463938419","0.0114884339607438"
"SM 34:0;3O","-0.35750901027226","-0.236536673174845","0.0513589029220564","-0.526828225858192","-0.642804980612379","0.373620166469432","-0.668872887566535","0.252039620120869","-0.181875810346514","-0.150002128374337","-0.0799149404988191","0.536729728007945","0.0895522557556475","0.152885178849742","0.117446064438154","-0.0150078851345381","-0.404571301788449","0.0159856389566273","0.0326787620068262","0.0979047024146481","0.0563408389873288","0.272154386339827","-0.0963808751283528","0.199143536762662","0.45038255036926","0.0461148970603988","-0.0470343109804395","-0.21443020244624","-0.691287552669715","-0.00286852323325108","-0.00775055693071113","-0.256303449606348","0.600343518783588","-0.399744064125345","-0.283718316581586","0.377831445998416","0.176630904119394","0.260029054795503","0.135129929959887","0.407302494369028","0.313778370908283","-0.316991221658748","0.843090525158098","-0.216926750819743","-0.733418854116606","0.0622190354052204","-0.395711268070358","0.420556839049634","0.585240441985837"
"SM 34:2;3O","-0.272943598082949","-0.470155712593715","-0.447907759523176","-0.0090467356150417","-0.195884385202425","0.365324120620062","0.0569000349063385","0.384195413383894","-0.202548150774923","-0.906743040948601","-0.156773172238126","-0.448249700861422","0.0316652745595977","0.303617451263195","-0.235870827723412","0.138851448772303","0.12469974052264","0.213363723181095","0.0387045015230318","0.822690113286223","-0.149512344077337","0.476067469787373","0.490668166333157","-0.111402397521148","-0.293673475709982","-0.211017968441333","-0.442789275586937","-0.468910182822693","-0.530483690701721","-0.625057450326923","0.109049629378282","-0.259000469696883","0.458733901370909","-0.501849282098597","-0.0547073985386568","0.610035523584405","-0.0425227391481112","0.162706858393704","0.310832066162953","0.23146701690861","0.386481855484388","0.0700894797598592","0.394107659699447","0.324004117364106","-0.312805866047031","0.419114828098766","0.282738506477805","0.0653368591717996","0.0784098642871993"
"SM 35:1;2O","-0.0335089256963575","-0.18808303640108","-0.0751642744524684","-0.675310599497797","-0.255462581761564","0.300749358875413","0.164470381434803","0.288684623270901","-0.0308854723555695","-0.255630304572242","0.144336749547062","0.172130276766552","-0.0232514697420485","-0.0712389011940901","-0.0918217027523886","0.600896297967609","-0.0914163386842737","-0.208361954078037","0.102863063478288","0.271821557439553","0.257085600041326","0.415132397424932","0.161054421154346","0.0775312033918507","-0.0972510928561404","-0.0316838622915805","-0.109241695706277","-0.485506775188223","-0.0636408828412173","-0.302862816191976","0.103289341244864","0.240197343073445","0.176336936562121","-0.0532704965255753","0.0288554740303527","0.269032990468855","-0.216198449953876","0.372661792783322","0.425428920498198","-0.271937966753216","-0.13130130813418","-0.594357833686615","0.282705834321696","-0.168988348129647","0.409982102483964","0.141772002603101","0.13712527288347","0.463330800165489","-1.48109765246507"
"SM 38:4;3O","0.32534840522856","-0.0887673556345325","0.673972557136774","-0.591230888046398","0.109103440329715","0.077320271999644","0.0531666378380705","0.24937729438266","-0.0167097338759559","-0.313456165647721","-0.0321579181941693","-0.35532379519583","0.475100548847994","-0.343684926917001","0.31679384581462","0.200413829075733","-0.00964745445906714","-0.0484338182624448","-0.247019939635506","-0.274694716600646","-0.00796343714638365","-0.235512726317783","0.185681494578679","0.0138212868443622","-0.451593053001708","-0.2899137022187","0.798261554110902","-0.267634803527181","0.242415001651067","-0.0647308472026979","0.463378792081268","-0.367626875766301","-0.607059387794456","0.223966826310533","0.432154989504301","0.205402005081548","-0.539510995823708","0.399779449038925","0.116149075333123","-0.339400160610243","-0.460192044340964","-0.371254926923712","0.95383368762851","-0.0906318163116974","0.0541650983061662","0.129575629922344","-0.685574401521844","0.768766133112615","-0.368221963181465"
"SM 42:0;3O","-0.379575030807299","0.00326020872542108","-0.0909668417942282","0.314704425591368","-0.184772864749322","0.0928412422880226","-0.0947495520647185","-0.134077930752865","0.360138016125865","-0.0620298676311405","0.149065764850872","-0.367430344860494","-0.100137547481544","0.197483748498809","-0.101199547734649","-0.0757274594676813","0.0937976410750769","-0.178430658207465","-0.0264278350791889","0.0938470246283793","0.289200560469062","-0.118250022958929","-0.00848935504650083","-0.177198826529912","0.0546114005540395","0.0541133954980836","-0.000168929292596646","-0.173056081500619","-0.651595973605916","0.406095979057675","0.15285188396553","0.025755155486775","0.204058081289983","-0.160000138506488","-0.417818559134333","0.603555839272878","0.413225110265121","0.137227515795847","-0.465777224407045","0.60070438795924","0.196775344533623","-0.241513141554172","0.0269626780705789","0.174468662268525","-0.457891499500177","0.0672453297325188","-0.265424386484159","0.326476558892058","-0.105756335743907"
"SM 42:1;3O","-0.372710529519146","-0.0364263000631951","-0.0704544474631513","0.0640866796666577","-0.388275674762936","0.153259378737518","-0.270150877122331","0.225231586472079","-0.121278743879312","-0.641409344961887","-0.31721517449877","-0.415752937087857","-0.0332518940778779","0.292548873312767","-0.243041247944557","-0.197914524227665","0.425053322789483","0.279989771026434","0.0302855742006164","0.630156899814298","0.148958720961518","0.105613787469996","0.200909457244078","0.184141526555997","-0.0841253093105669","-0.00427408986980865","-0.144193832823205","-0.412432290686504","-0.686340653801979","-0.239967231152898","0.0878215797518334","-0.403643367190894","0.318342917236655","-0.621224321835189","-0.0655519428911095","0.292772373634247","0.0319520855487982","0.42794111942434","-0.0238956351316814","0.150796150266483","0.50010856882974","-0.0947008644687364","0.421132753021172","0.0765344497312903","-0.122075037682882","0.342549518866265","0.231619967417338","0.153938487143526","0.234560723331007"
"SM 42:2;3O","-0.207457815101357","-0.0464831319384212","-0.138556507744573","-0.0729030778826858","0.190694189793276","-0.000520331218452028","-0.271730995624396","0.104394177311601","0.0893792391682476","-1.00665190538119","-0.262331815165913","-0.267805084741137","0.306262224642938","0.114971990775916","-0.521174345601188","-0.050247726421864","-0.059733766033011","-0.0133322938573584","-0.0105740214935869","0.437633266108625","0.126297517659557","0.452226546189299","0.438895488665966","-0.0689362676983286","-0.118031114692307","-0.398891547009609","-0.303284617605197","-0.710014507087872","-0.398130971875298","0.0602598797773238","0.219636846545592","-0.211668882366081","0.375072939968144","-0.348780222464915","-0.413863833134631","0.362245373001778","0.200092834961614","0.468974992489568","0.320724544782611","0.237014159893573","0.316349293104589","0.0212135695941636","0.312031192565381","0.349775038696343","-0.327935133814279","0.403396129510233","0.280185567752434","0.0547100524738024","-0.0133971394789238"
"SM 42:5;3O","0.203076304660066","0.12462577816005","0.407729449166411","-0.540258109334965","0.200981351786913","0.282106673520281","0.193396663872482","0.369431263849368","0.00867229221097084","-0.17695478425207","-0.106578650277839","-0.468215253140977","-0.00487308607235261","-0.235684445698909","0.215403759350324","-0.124895575419077","0.198889206175852","0.254103075943979","-0.385070978530044","-0.0882486527529978","-0.408914424878099","-0.137147557621514","0.202219239593883","-0.626721707329235","-0.193105859863628","-0.639036198774322","0.577845992382889","-0.331885461519145","0.503593380285043","-0.326143133104424","0.242446301062887","-0.394482044561641","-0.403506653888385","0.268429866611063","0.523084627637967","0.138795544732675","0.0583398595666812","0.179726951254523","-0.0375845511814178","-0.174853582548621","-0.0153203045866947","0.0305099121563643","0.143943475697835","0.297574774215036","-0.097472939175465","0.161036964506809","-0.187845660368961","0.713023405804478","-0.394186499324044"
"SM 42:7;3O","-0.829453386503867","0.0215566715646131","-0.531463378645245","0.194571273078095","-0.458646907780243","0.12064100714137","0.0670625207539786","-0.274058565448076","-0.243368650418105","-0.92857205015016","-0.3742713971182","-0.818989978056323","0.36789840749613","1.06603198353162","-0.584550357770438","0.156742819716246","0.747207105651894","-0.400847396172213","0.151805292518692","0.585424089583602","0.152128623389485","-0.49562921778542","0.0757831342448127","0.142173889379934","-0.967604172676785","0.517764653269739","0.191350820320936","-0.695699795584024","-0.25354568011268","1.44711113359017","-0.601123606651137","-0.627341162894263","1.42955813681313","-0.640006555309223","-0.0271084125892302","-0.621100157577751","1.0824500909397","1.55319432339815","0.19255366711651","-0.420601420536532","-0.0408291779085543","-0.155671991957246","0.244550702627999","0.412514632916223","0.0476567531066364","1.12469430340759","-0.631628176506577","-0.137253415924928","-0.333061023480033"
"SM 44:1;2O","-0.221091466919292","0.171433912021921","-0.0953419009183303","-0.016887147525395","-0.331815922460552","0.296681691443872","-0.18915475860927","0.0940741660826495","0.158211930173165","0.00523554157673121","0.0462249376168145","0.0563729817282317","0.00328398228720039","-0.110103599758881","-0.158189492717177","-0.0213180049694742","-0.154209167783841","-0.123201913364676","-0.092710201588113","0.20991037064064","0.318329429166598","0.234735068279797","0.563850034593212","0.0631743626226461","-0.132354715442778","0.0546315422030412","-0.0900124378123265","-0.218436807295702","-0.717768068247196","-0.101496711430573","-0.0873092603871167","0.0134179779860121","0.516446252619043","-0.490239208065261","-0.237045602615613","0.550896914618838","0.293055933004266","0.291234789864782","0.193860493132365","0.120589835827514","-0.0130199162137604","-0.655170311578978","-0.0986420448914792","0.224359734693999","-0.241900264011985","-0.0215796684276542","-0.0607457290912084","0.225039091499207","-0.0253066515559139"
"SM 46:5;3O","0.129342690847263","0.401767319740306","0.258717794790957","-0.103481466394929","0.217441304289856","0.215503299979723","-0.0481844120906024","0.044576713530823","0.00687159868996776","-0.554005418404082","-0.0757701367144258","-0.261432771805407","0.0642969015896048","-0.509179613070688","0.698927986256047","-0.193642741497848","0.392189108532479","0.328836655993835","-0.139290200671489","0.152209552654725","-0.373530276875257","0.232008677226702","0.153188935116188","-0.430372608140679","-0.503287120412137","-0.176457785446944","0.289988740807014","-0.604654217921747","0.212967258679562","-0.269911414346709","0.272258711606703","-0.052091555565891","-0.328362696215014","0.564419671764384","0.208575644079909","0.279526254551098","-0.410096485562747","0.217155919865676","-0.55275413306536","-0.455184036297435","0.364992932548724","-0.134407695008535","0.0341079482515806","0.220558382450874","0.29611471166956","-0.212472520049332","-0.224056179140271","0.645166599956688","-0.289085830772723"
"SM d30:1","-0.249217628617027","-0.533222140435754","-0.303313558241706","0.043672043001744","-0.014587875798093","0.0191513254558331","-0.510184861794286","0.138305215929662","-0.0242905789489333","-0.699718222511912","0.206580374997342","-0.0196311911239495","0.288705597954192","-0.185699898705878","-0.511276293218309","0.397596285372604","0.142885662172483","-0.062683929724846","-0.0167130488029859","-0.307246898280259","0.439352792542038","0.471034102861795","0.184911700972739","-0.00495363792632601","0.265768311793135","-0.0631286494411365","-0.0332938765086254","-0.653471795736488","-0.574824446135774","0.444021659840028","-0.0973587343246761","-0.139941095253216","0.79332928153941","-0.200801184549381","0.224507000706512","0.190802726491841","0.337351187318596","-0.418441718535747","0.105469489376894","0.3964152684202","0.27952378689894","0.522921065535635","-0.175806760834562","0.184093449508375","-0.0793227178125852","0.348684720389642","0.00852024605336206","-0.254583092567415","-0.299889459303134"
"SM d31:1","-0.174823398646939","-0.311797028806427","-0.341493620196355","-0.273817230977747","0.00523696061846781","-0.0937234115193605","-0.150638919729915","0.278826064557296","0.336243951381686","-0.638344924120217","-0.0266665216435592","0.0448254824083285","0.0302724249103428","0.181190419532481","-0.336169073735693","0.557412183676544","0.148281738397743","-0.0695121559422634","-0.201218009460374","-0.188563512144982","0.0291335687392088","0.599398364114866","0.270709981169341","0.0919076705698628","0.0448686986968571","-0.167345776915519","-0.31330180231738","-0.3714412654083","-0.465051907171817","0.252558053917716","-0.229640639401518","0.0605812610611751","0.69746034581985","0.20286098170302","0.49400373652719","-0.111750113640167","0.0714034759516195","-0.254434652194691","0.211403594422699","0.0469010035863805","0.241157046616186","0.332032936156815","-0.370289183125437","0.114114657305525","0.327526035277425","0.32709915941966","-0.0778296551438744","-0.367370908183238","-0.462186086112514"
"SM d32:1","-0.19510872159307","-0.550886157097261","-0.0389976346812008","-0.13168554788392","0.269745914944449","-0.0844848654079013","-0.228405935853853","0.384530360118602","0.180124002390571","-0.659643674450672","0.340077520854888","0.0450990644233679","0.00629863915575522","-0.290100413814424","-0.0827180927465705","0.429426927979837","-0.036630931755112","0.151753410939402","0.0605233456301338","-0.161970890324883","0.180373089480842","0.559860398931053","0.18650847556939","0.188907454735505","-0.128038910138805","0.0729804388443592","0.0585263877324422","-0.641383677867929","-0.508679740821483","0.0614016096980436","-0.0209225757365255","0.191083041877647","0.312965651112033","-0.0373570238583373","0.249640424962399","0.450098013677541","0.146595304579494","-0.349217113306562","-0.0609005806881592","0.38760264728089","-0.0547508492983495","0.220747710459188","0.103618289063138","-0.055150828901037","-0.155352434565662","-0.0184343282302689","0.0178120998465641","-0.207254149305355","-0.558225145960195"
"SM d32:2","0.101335580621465","-0.314782815635654","-0.175044314514346","-0.00645136464847219","0.207869306036599","0.134504124855216","-0.62216590876933","0.129444121977931","-0.161754575554615","-0.627061949652918","-0.662859005794303","-0.298122955609768","0.269923532598623","-0.190563871665988","-0.347668656847483","-0.17960241727257","0.0928665470891993","0.292781519221507","-0.0702348749323673","-0.00503773204426654","0.0522248058812672","0.540493001760022","0.117058287590393","0.314913543836372","-0.100901105913464","0.0289304751551305","0.148952708576009","-0.520391226030033","-0.490749713537726","0.504344923340355","0.106158858744793","-0.433343181035337","0.556074973740663","-0.0433394079822552","0.111723469522987","0.250878248454981","0.307998682642348","0.22480100175092","0.191594527565656","0.177260921448872","0.319776082659044","0.348613268071784","-0.182988850015071","0.258299992282619","0.124857687762582","0.227666504744025","-0.0448669946840072","0.0247541374837891","-0.688169913275178"
"SM d33:1","-0.205186368206285","-0.265981599257516","-0.0773488089036321","-0.416810843120124","-0.202497861352216","0.248806197993565","-0.363915615980015","0.225589408234591","0.0120176513648092","-0.518957348542224","0.280197573838489","-0.0270959639584271","-0.052695255361427","-0.149353445484447","-0.183538548396288","0.593629020156033","0.158604550311454","-0.160467714740548","-0.119719840613611","0.154756024828719","0.183275004741343","0.1583763862122","0.245164687820341","0.287509588247534","-0.543010623307697","0.21545336860989","0.396257641582549","-0.48712567452206","-0.54811305864608","-0.156197398344291","0.182978276988594","-0.119543701332198","0.375461716017374","-0.337017151616618","-0.0681016905016724","0.469711295878491","0.0224730934280046","-0.0118417137257702","0.271028376247959","0.118178311592831","-0.140239948603116","0.197563492063971","0.252474356229535","-0.141552425055872","-0.275929437922219","0.267331783887588","-0.0776340997750399","0.462535115053764","-0.129496784060249"
"SM d34:0","0.0255928963994393","-0.424278336267722","-0.132920135688075","-0.0755384790554943","-0.29972107185466","0.137575339947653","-0.471172951934784","0.326800125512567","0.128262045950088","0.0321060905203485","-0.0978415054012687","-0.029831976554057","-0.101129720844062","0.135199211957632","-0.210819562149518","-0.0561268372333263","-0.133768884952988","-0.00541644746257","-0.330117737917843","0.195637355712031","0.153691173213153","0.318732603646382","0.0358844155750343","-0.0806587621542285","0.0482557084354462","-0.00560294578207494","0.0209643526597526","0.343584480235291","-0.321638805598636","-0.358917755033951","-0.131437093973843","-0.115428053673338","0.280956767546993","-0.625015433320867","-0.185922347378158","0.813340504704621","0.647419846706354","0.28547067962771","-0.10256107575856","0.131087634304052","0.235640956719817","-0.208582775470437","0.42260537456969","-0.189858222204059","-0.621647173352338","0.13328988902672","-0.0815883815602959","0.338787548783751","0.206657470822625"
"SM d34:1","-0.0553788511889118","-0.095152641533603","0.363224009793443","-0.642849358381318","-0.335286944142258","0.283549855964548","-0.088052849596884","0.443752649531029","-0.116349335688261","-0.281840163080265","0.134352417077032","-0.0463851201483071","-0.392990474211792","0.119663147740586","-0.0288727182004726","0.187675393609424","-0.0778319250965236","0.107902383322738","-0.148808182364297","0.444814377841473","0.135504077010753","0.0887556156896234","0.164444482431981","-0.139898686493116","-0.112045978398105","-0.14806457520593","-0.130603204180059","-0.355088313494941","-0.182690561571986","-0.360836939633803","-0.266767463733471","-0.0504910833470576","0.110666231039514","-0.36209137206811","0.0622361070413962","0.385802436746253","-0.13397747448542","0.244899707077889","0.128730324288359","0.193942307098926","0.120605495423611","-0.0882049257011156","0.39470174151201","-0.181298713339555","-0.327599834213169","0.419221545078156","-0.0125077537884015","0.582383040751654","0.0451380972167307"
"SM d34:2","-0.12214143480933","-0.0477849659726454","0.0836260344200195","-0.436046388609985","-0.0346529687156386","0.221923973363536","-0.298707768287031","0.268819487384825","-0.0446110792999576","-0.815448900528269","-0.492215332322149","-0.268844628372124","0.056134800615391","-0.0451766049665934","-0.0989154414592448","-0.0610151749511229","0.0662135741608155","0.0779616333808256","-0.0664572766922301","0.292967291439143","0.12257428848616","0.282806619657405","0.109159599094432","0.267013190192619","-0.289544479386688","-0.0361307504676633","0.318484122326888","-0.306885387672265","-0.503854788642702","0.0862042389198716","0.162398482949148","-0.592030237366244","0.243239157443629","-0.433459294178558","0.143182663193463","0.397005221559879","-0.0654771886314128","0.687708859429017","0.172060479851336","0.0295482143038231","-0.0417269385447677","-0.0155713486591972","0.498185873162205","0.0910480770941726","-0.442751996346566","0.475791872039207","0.035674492869273","0.671053541838607","-0.301335414293294"
"SM d35:1","0.0415288205683863","-0.28638410667808","-0.0430676010857777","-0.626774937687188","-0.297513004383125","0.262013922174359","-0.226080283826676","0.108978384812635","0.041769742045499","-0.354842137726821","0.114419070806327","-0.283690401440551","0.10316612557834","0.107726373561459","-0.180126509655446","0.665963541590426","0.0979656141546377","-0.174948442490424","-0.378886171397716","0.422134917345501","0.0579478638173641","0.270613120952928","0.358873997121075","0.247095588132987","-0.585221427825582","0.0142879211143777","0.193536805406961","-0.536999210199419","-0.0430725453120257","-0.322249168833901","0.0904892867828988","-0.428363032081463","0.247343113745983","-0.0858686799727765","0.0579731147541422","0.304727744550387","0.0491525319964743","0.388466980172152","0.110514414924476","-0.127000813289186","-0.196524369742978","-0.0868669075672296","0.345523463621782","-0.173902888787457","-0.0996164610996822","0.310156769498577","0.167291887554114","0.500567311622615","-0.142229327323353"
"SM d35:2","-0.171086105906903","-0.327069910831674","0.0723716659411698","-0.55168758701008","-0.0818575919154299","0.273104788976236","-0.165840556457352","0.113562177028827","0.0815151824692707","-0.619079567860516","-0.3503660905736","-0.0987555117655849","0.128680071241206","-0.169742297041466","-0.0807518394926476","0.346933028597685","0.0803022102012936","0.0387881948374152","-0.268499010329689","0.420992504551036","0.0237038484398674","0.231257163660233","0.111506782142747","0.394053730474028","-0.63947832230244","0.0359412908130959","0.0371125496436573","-0.430741960391423","-0.2543872760883","-0.157482189306023","0.232419170865395","-0.40561629394064","0.00177595877362578","-0.209437974401248","0.0920917673101628","0.322589176489339","-0.0857602159601976","0.33742886064879","0.518124665262364","0.00689028306174008","0.0266724602751583","-0.0785039072710187","0.279079207065119","-0.232054588002892","0.108352342962653","0.255044758580699","0.163773657974184","0.710309790599842","-0.0661784920377173"
"SM d36:0 Isomer A","0.046777418486519","-0.385341449619924","-0.308379345509415","-0.425133148962966","-0.294843315715774","0.383985658092179","0.109471851096376","0.0569382380468855","-0.0364551422133035","-0.274297170516723","0.140793652417256","-0.12832241503255","-0.128164936842753","0.257502906130463","-0.381194035911052","0.451527863923891","0.0152566429312982","-0.159111539287395","-0.56597581592283","0.508495639430355","0.300653589335274","0.255291794602891","0.135331068947907","0.107159283651391","-0.548687434748541","-0.00254086202609167","0.0663118534568005","-0.407289663101671","0.0215661178472884","-0.312524345702618","0.232188044618456","-0.526362091441784","0.278793000485834","-0.322662604572282","0.0641688711223262","0.337801442597826","0.130231849777699","0.584936134963677","0.0492098337584648","-0.216870096314598","-0.0219187644890955","-0.11211265724381","0.332438942993066","-0.232785219832657","-0.0544023507055098","0.371959430149718","0.324687396057186","0.576949278822917","-0.295053398030599"
"SM d36:0 Isomer B","0.357980691166029","-0.382793040017986","-0.229241192442731","-0.226502236693106","-0.003637716954935","0.125299722196192","-0.000205779304682566","0.108992806610432","0.165472308257076","0.054783261301771","0.0879968598551371","-0.100022892199951","-0.349499191057299","0.220230526761943","-0.526694375706518","0.0807858335317681","0.0399563655210491","-0.342284880228639","-0.959347187775694","0.781095812355861","0.297273900985031","0.0773152880788587","0.185902389639835","-0.0449898782894237","-0.194551142284744","-0.0448617791327122","0.0774115366228511","0.473033087058893","0.229366164605171","-0.192246906745381","0.24324571054154","-0.211430738103767","0.101242064478916","-0.246731804163688","-0.416189524135427","0.429125065815053","0.495804092455813","0.816552384464105","-0.274470757217847","-0.388573643081891","-0.248685100235777","-0.0380466005454216","0.486973611460141","-0.367532736884558","-0.0320605218018002","-0.291543380945559","0.273667057370933","0.174929719312452","-0.272293254497315"
"SM d36:1","0.00438188522218151","-0.329882950017189","-0.304384130273182","-0.506504346936069","-0.329906242637648","0.371712066423413","0.120521658183702","0.0777240549742955","-0.0196706309764203","-0.307777707343232","0.0842094091398905","-0.229373140844609","-0.149765585612466","0.214610151147457","-0.29904993956118","0.470885540496451","0.0198828705183662","-0.169156152840611","-0.459686685664145","0.520637741691522","0.299192468165399","0.267852628567327","0.152230224694587","0.086763688639629","-0.603886181799799","0.0307458582527127","0.10430518086914","-0.404032399441439","-0.0759781731628608","-0.359026340441098","0.178493809530825","-0.564554708496137","0.266664977383324","-0.262760937419036","0.0735913102675661","0.362306658605408","0.12675994549934","0.633963954974002","0.0370988658520418","-0.114856197081861","-0.03207193452779","-0.0747086716338795","0.328088622445546","-0.230985192787714","-0.019511768560087","0.40612731630725","0.302763400318934","0.497003462222426","-0.190987732334295"
"SM d36:2","-0.0720947568715296","-0.187809897549732","-0.0376562731371759","-0.761540086896741","-0.172272616858206","0.379610569486179","-0.0564310176242773","0.0521460441910191","-0.0351111396423185","-0.597839817819654","-0.400054744147488","-0.314433186689477","0.117297317556563","0.0967515814809635","-0.236555535767263","0.287054111609076","-0.00546804229720502","-0.0822985600604556","-0.462226425751554","0.665419925572595","0.127050480109142","0.255675209984823","0.0904850357540846","0.145425362068717","-0.690035772800395","0.0798443925600404","0.209621973659499","-0.292517420908993","0.0923190692792352","-0.174087102799242","0.209327368003149","-0.652849010994351","0.125772986883552","-0.30729330563441","0.272468784910372","0.291685955816917","-0.0897350920774354","0.876321558153126","0.250989123521251","-0.184615873915439","-0.140165145465852","-0.234020260268413","0.449841450880231","-0.163810857435022","0.000378809786694231","0.484940512196351","0.240412369614365","0.72827146926014","-0.178189518925465"
"SM d37:1 Isomer B","-0.224791781953541","-0.25559563559215","-0.0720002000068531","-0.277427902151084","-0.17029425664772","0.102711430209563","-0.0506851737130281","-0.00446466908933649","0.061440439794439","-0.395502153021415","-0.0486417083956276","-0.119832594869858","0.00246781736173557","-0.14209459100829","-0.459615160323371","0.472338736342119","0.193585688951964","-0.0383883887341508","-0.405564671370983","0.428793233034914","0.242744826461524","0.343470838209218","0.326027936852751","0.0910094080988354","-0.676012225628036","-0.148947359174036","0.299592952566831","-0.532609761752351","-0.0654659525259912","-0.301411551569661","0.146019208030813","-0.636796974385914","0.251838396735678","0.196814089844271","0.434526581747202","-0.0206851820225414","0.18289884272728","0.27874503163287","0.0559099640634071","0.0470029393292925","0.210986220511753","0.150919208049144","0.222159338639257","-0.00333666091231691","0.0147218716457041","0.381499704068906","0.117376910668356","0.160130348909678","-0.365567409639242"
"SM d38:0 Isomer A","-0.297437862431214","0.00968181540071965","-0.455423333879254","-0.100522138590527","-0.111342914024147","0.229692424777099","0.0927414228889945","-0.185653789808912","-0.27024647586165","-0.639869840841429","-0.0328342615481318","-0.261349057425896","-0.0362542588172241","0.175414747314102","-0.207937982827402","0.392422062006255","0.277722327977854","-0.124623287711619","-0.166221902529551","0.331086313055397","0.246837019373378","0.226146544191152","0.250471433985579","0.252244154398009","-0.350107258421552","-0.10767127784658","0.315648951500732","-0.441588544505607","-0.712225434010764","0.0936171055154766","0.103567365629556","-0.563547957900021","0.342656785377039","-0.18296701669508","0.307504395777049","-0.00988951473822709","0.191934226665413","0.38876080121344","-0.106583024342013","0.00323049732980717","0.113768712788526","0.514787946962097","0.16307535703824","0.162151390250681","-0.180323895551564","0.418203579888013","0.270902301413746","0.191039785480396","-0.520688437890385"
"SM d38:0 Isomer B","0.111515513735139","-0.172885570424912","-0.112230724022962","-0.0478887623097321","0.0778756880280212","0.109394932732826","0.306664431929241","0.100836550368645","-0.230693009324136","-0.290523816401836","-0.0363140920866693","-0.574650627321884","-0.177488667224029","0.0573627486017056","-0.412078468656057","0.0663637412857968","0.119144261442251","-0.26186621924319","-0.863249270146841","0.530094188765429","0.245336231582863","0.0355596309444177","0.0826503110539437","0.448161841200527","-0.331028161358997","-0.0926303672891396","-0.186379200870386","0.637732562434778","-0.0860751356627985","-0.109903400179788","0.264778039399945","0.239407230406056","0.082762346042752","0.11606631212813","-0.339306362475409","0.241993447632818","0.460418370687644","0.353676577734696","-0.0761753290067471","-0.196215237445673","0.164321832118443","0.196721748106766","0.222986239652652","-0.17323181016001","0.0722897215943898","-0.0458854066676652","0.127838394344214","-0.192993923438762","-0.462259332236465"
"SM d38:1","-0.269771791861317","0.0555565930542446","-0.489259149060538","-0.0607942908800082","-0.133108214730016","0.225093002676563","0.125753210744827","-0.0846296073270161","-0.27298493587013","-0.686724861957443","-0.123130896201498","-0.387047407624828","0.0305953703327123","0.139390006748137","-0.202323047744666","0.422265639232552","0.262010832599377","-0.0079061846674397","-0.0814554874812744","0.399789928253574","0.258950128969243","0.214856009378509","0.217274397343903","0.312034268602149","-0.402185024087479","-0.136514302367069","0.322812460970913","-0.459253585187758","-0.742440769060531","0.0603710378112706","0.0995120946470834","-0.573531581082479","0.334999696433143","-0.153895073292496","0.302049788346074","-0.0285940251044216","0.254541578156359","0.413384188866961","-0.0862362631048071","0.04956318686874","0.114977891976615","0.492496814733066","0.187674986043395","0.189951423913801","-0.272909492487432","0.42336446114364","0.0829673017235731","0.151130284478372","-0.488670592868152"
"SM d38:2","-0.219495899152035","-0.206650596611262","0.125404048515686","-0.512921979616061","-0.198713134930237","0.345352245344136","0.0744977339847433","-0.0307704581380403","-0.0258506100584344","-0.660848840015578","-0.521106356877215","-0.219985765778407","0.100963129713564","0.061483960840384","-0.307865409184056","0.0955932747652832","0.0926449077072741","0.00434030983516085","-0.299071793533767","0.422239366467412","0.251530818562379","0.279074302410942","-0.0885753005295333","0.103814221795855","-0.331049724174761","0.0235342328787529","0.247879250769265","-0.507672884440814","-0.172815282013686","-0.229159786426943","0.150095912562285","-0.791482784180948","0.0913156193466987","-0.0958770917796531","0.32802163125166","0.0973699436622649","0.0950581188546994","0.423075837031226","0.244716261269212","0.16491964571208","0.28042757668183","0.0560864030697579","0.254254275967822","-0.0102075072475491","-0.00557506192423605","0.620832165054859","0.0697114223876517","0.537939625075914","-0.206479974905584"
"SM d38:3","0.277681768141486","-0.194441777191438","0.196217379946978","-0.255693626063919","0.154456504376105","0.465734090666801","0.302231955632473","0.0957929310074078","0.193242614950779","-0.256126848179027","-1.00217541412542","0.074129996809185","0.149297530519","-0.211544992286244","-0.40303391193827","0.128783909354069","0.311952228194536","0.104266854443328","-0.517916359965156","0.672754594447024","0.0202773192320645","0.15056084931997","-0.212269240727614","-0.0452956054587909","-0.70477177689462","-0.299514460776848","0.327868520403388","-0.182270268859417","0.561202511351566","-0.284567393082201","0.258091744252209","-0.545878446783502","0.0417822832586554","-0.217070432712817","0.163506468752511","0.363547287173645","-0.0257450281309169","0.226040346133815","0.456504733243702","-0.205386299890694","0.0574392249203446","-0.385088478247118","0.10623031535022","-0.157612807465058","0.205928076186977","0.0274636459383139","-0.114197196221489","0.471250572327077","-0.343635891333075"
"SM d39:1","-0.287766548197071","-0.112148313567252","-0.425446213875903","0.0599392442033778","0.124127480479813","-0.0325303503936134","-0.0659452687039054","-0.00296654188606857","-0.145548795743383","-0.649509157979593","0.237540754630759","-0.242529665557562","0.0560902487207091","-0.118458197220887","-0.250757434509004","0.624696646527222","0.329495612620835","-0.151085847297835","-0.0991793140322087","0.174205427306023","0.160328817683119","0.252099927735429","0.21586558556408","0.223688215429132","-0.579901632456998","-0.210243603166572","0.383408244521871","-0.507780454521316","-0.511512016031596","0.0710097032498121","0.0638479145402937","-0.135205424725586","0.307302952841472","0.193839529236654","0.26034963738584","-0.479520107862744","0.242719083827469","-0.106625618488177","-0.102227627147339","0.0996264763911943","0.256158302369287","0.519428697128589","0.184219651906932","0.117406736596449","0.050722123456075","0.483491569942278","0.0131810226868433","-0.0480777156993357","-0.439823757917609"
"SM d39:2 Isomer B","-0.278342298220697","0.0254916807631019","0.251293941060792","-0.456015101247505","0.00335567693245774","0.0892562474463683","-0.131491692354273","0.104082205773153","-0.0595173303677884","-0.515840368363708","-0.483423639932714","-0.274765206335068","0.229128458929294","-0.175212543729308","-0.324892396960012","0.228375979252383","-0.0494091201989085","-0.112669758486899","-0.298039748145574","0.439111370659483","0.0706487382360956","0.391768668906641","-0.15090531507179","-0.0351668379466192","-0.579594434244899","-0.0947878736086676","0.214525555409885","-0.485419158630334","0.0848855878285399","-0.234236896606002","0.30505316143828","-0.435158311659794","0.199551351383152","0.206558412574933","0.421190323019002","-0.126320934625632","-0.135648431782858","0.362453139512701","0.285075789559263","0.198075313477295","0.147684901077724","0.231835059007391","0.252848763346083","0.159346536663082","0.0901977483784494","0.408165896021345","0.219778329615951","0.330869734574376","-0.51375117232817"
"SM d40:0 Isomer A","-0.0492977060045192","0.0720265857057985","-0.390757184455931","-0.193015042774438","-0.497349220032757","0.251284476173883","-0.149423854389717","-0.0523428758489347","-0.140486960275816","-0.367682532644271","-0.170750679815967","-0.443531348722705","-0.190006502989892","0.0886977075707041","-0.089192394933168","0.318113863390748","0.0931862433650904","-0.112588058341297","-0.159523412286509","0.362182562746868","0.341039455874282","0.295264833814534","0.354090868788471","0.416226138103511","-0.372478735296491","-0.0358249802471689","0.173418354491372","-0.168006142224714","-0.793685743641533","0.0294042657048319","0.280507726419871","-0.3921606405785","0.333061296680285","-0.466432424084552","-0.0808296580427916","0.352264758635146","0.297322745354514","0.355182238582724","0.0439874673183375","0.0099047894113125","0.0777439350780062","0.441497859165237","0.398018833392741","0.243720913794755","-0.430434101714165","0.116914875924241","0.169655054157773","0.163953315402849","-0.332870965702041"
"SM d40:0 Isomer B","0.197416533752294","0.00855982302512791","-0.311506603470177","0.079845765820539","-0.175654846182542","-0.0225516810355265","0.021493690002007","0.0134877878541844","-0.169740953321238","-0.336073665872118","-0.100858950034283","-0.420219739907639","-0.0995078108368863","0.115485667023621","-0.284558519969917","-0.128048811237887","0.192650669019443","-0.0824469524298507","-0.530220143484623","0.270007770591656","0.299266138665374","0.0851189603745515","0.352570154283763","0.363563680134623","-0.476590941634472","0.126195337524346","-0.332086219344569","0.692394451556492","-0.361273093986936","0.181045121614686","0.196411736609137","-0.0980748499648049","0.251688678921548","-0.449360545743353","-0.406789580529604","0.342708827696113","0.364591252748584","0.466257377304919","-0.0272910966730478","0.0396807007057474","0.18465808564173","0.100197873980132","0.268445913602582","0.165476423862817","-0.203392723818296","-0.334057455867724","0.284653556508371","-0.136072505296595","-0.177494288182305"
"SM d40:1","-0.0471526417226096","0.0752799714385944","-0.451335175984155","-0.155336378576396","-0.518429788664394","0.237166931705019","-0.136537527546628","-0.0810084697367245","-0.18594121369641","-0.40345220774415","-0.14099379898275","-0.436673730428091","-0.183445197664013","0.161843805038777","-0.0932710007504175","0.306273250826475","0.151535685577546","-0.129718492221891","-0.13820515081073","0.315402390125506","0.306490370045449","0.269027233031648","0.336888734258896","0.44792679416038","-0.352548405857815","-0.00400073263337548","0.154075106190071","-0.141205183366569","-0.795900266291745","0.0740818707135315","0.349658593939504","-0.370775643703888","0.345293234823417","-0.472313983176321","-0.0671596858545678","0.304094785711359","0.231922358978066","0.342506238783087","0.00795149489900714","-0.00311256371127265","0.0928566878333364","0.432860039874331","0.368629144116","0.21696993364353","-0.43986256985099","0.182501022108395","0.23326605300347","0.197075420044564","-0.393197341894088"
"SM d40:1 Isomer B","-0.0361972795599363","0.0513825683847641","0.236790967722361","-0.361117247715755","-0.407223697223652","0.227218370016004","0.128022542001631","0.281521190749596","0.102631538224334","-0.424555840940744","0.0625567725166813","-0.318752753662457","-0.414478482876596","0.0550153319020002","0.056624215639734","0.256743501870939","-0.0165490539591271","-0.146240188637501","-0.110774223783937","0.231704789552334","0.50665079684836","0.215485516487138","0.175162397740894","0.228353871124579","-0.586288274732938","-0.169021803136772","-0.093410358520612","-0.0729994859158872","-0.309988684033935","-0.233178632900794","-0.00805507434604342","-0.041956324064368","-0.0205657836185553","-0.190475533760899","-0.0352918808845897","0.341064826277222","0.312895197233078","0.0367456587147758","0.0551234462678557","0.118070358339914","-0.0100436381766338","0.259209302299051","0.243787799010053","-0.0840508982026144","-0.216701668982975","0.199039412177426","0.128747494102119","0.170352781280458","-0.37298383684598"
"SM d40:2 Isomer B","-0.333960418520873","0.129575504534811","-0.244709700115706","-0.254326452100666","-0.14061846387437","0.326302578781039","-0.218561067941966","0.136667651678057","-0.148704417177822","-0.799421721053111","-0.543386710640883","-0.540019073291213","-0.0154409562404724","0.0412394317052941","-0.139687419833883","0.147476671911594","0.231174445336102","0.219272142533355","0.0671365308630878","0.218642807198526","0.143530575340251","0.314700483121911","0.121066839049666","0.297640079865089","-0.343249586280626","-0.193887697304839","0.329697165379277","-0.399429601041933","-0.664694601362774","0.0737614474273946","0.197461908951934","-0.619868478314664","0.298046182526752","-0.303258570518624","0.348574658525505","0.156650940735929","0.160025521020957","0.634713180459206","0.0113650326014414","0.0332941940772519","0.102305753301456","0.34910806191738","0.409304857756666","0.165688386423026","-0.337308665037621","0.451629026438753","0.149852702308986","0.329105554735596","-0.354476715854237"
"SM d40:4","-0.189305233007085","-0.0541188476601487","-0.251722067573901","-0.170489832902468","-0.0602952812290636","0.187439037230787","0.31296239623013","-0.0327784870073622","-0.0823592887486245","-0.455072831523228","0.105527018534928","-0.0309753498945637","-0.109008659333971","0.0400397966044079","-0.294492616389854","0.439960596754077","0.18483140195875","0.124217756927264","-0.184355460624265","0.190214301414592","0.382271643479601","0.110950551865424","0.0856499996943298","-0.073479043170546","-0.336617859540171","-0.23171798541204","0.0223308894363371","-0.384807314099278","-0.472848453830218","-0.0769740187489971","-0.0901857764287685","-0.246360405262145","0.295947660633648","-0.0286389787493209","0.103906737212813","0.0417279813208099","0.230026967260098","-0.172675217183419","-0.122418272917673","0.290295113337954","0.08346985530765","0.475695107911881","-0.0193012421782682","0.178327053294368","0.0378257538083022","0.353383810945829","0.0465025008250848","0.190898726988887","-0.34340413556256"
"SM d41:0","-0.0465646845125616","0.0356686453583592","-0.237640924284054","0.0933653283482924","-0.142084787728187","0.0974540099986047","-0.0489932205154574","-0.020291049735087","-0.186691001108126","-0.525500020801238","0.120805768176572","-0.289781007094177","-0.0774386264141179","0.033735768631874","-0.398054706537118","0.418804142090381","0.188021649661378","-0.0886568074462652","-0.180613655355597","0.301468983847746","0.190529813996558","0.223372620248358","0.227113101973192","0.191880600582859","-0.490891306203842","-0.0735842657470129","0.354544042376492","-0.454407147231384","-0.689280778803556","0.0109321141058223","0.123463056760135","-0.0361583055016503","0.217978769649867","-0.0130780578833723","0.0814694657776837","-0.239674444397919","0.43493881750383","0.0573410652586253","-0.141286690102813","0.169004561325911","0.194966132833992","0.196361320203289","0.223708811566139","0.171011786139486","-0.329315246826075","0.395036684499838","-0.0619253207659344","0.116491684011709","-0.097556689931462"
"SM d41:1","-0.0198013264918546","-0.0752137594898049","-0.25409047083958","0.163004181768967","-0.227299345130759","0.0825849384083302","-0.107827211402449","-0.0869175517235032","-0.313298835332383","-0.439746069495041","0.0927729138055321","-0.238986564451481","-0.0567876487949137","0.0580971221526335","-0.348012058239714","0.45468720110171","0.235085979971566","-0.127669021598428","-0.213659278801497","0.303784534462845","0.0931326264229393","0.179832684473183","0.195610368334784","0.210318316429813","-0.41478287768909","0.0677874883894781","0.345018306031325","-0.483006856544129","-0.711572038987423","0.128082036386367","0.154826655725339","-0.119334095679227","0.250679867827392","-0.0558690095410566","0.0938966854840408","-0.293417735931213","0.394639526802128","0.0481964814098366","-0.0417638034922165","0.153373327164442","0.268720638462772","0.154411510213624","0.208926589703722","0.115588294145913","-0.278510290584461","0.452345871236606","-0.0410239745020814","0.166452809429158","-0.123267131002139"
"SM d41:2 Isomer A","0.0784992543319177","-0.396103395292162","0.333469887579491","-0.0672352987931689","0.173350613607102","0.0417127089817267","-0.00202955784433301","0.402134759317253","0.106403215005876","-0.567261178642402","-0.105918764767678","-0.157182418282121","0.107438254801927","-0.310795558732051","-0.249683813675533","-0.0440623405397921","-0.0699413891646097","0.0800029395252566","-0.0288523126007496","0.0780802536347273","-0.0626709641406283","0.0904777984949973","-0.257177109597434","-0.156504128847231","-0.771535787052191","-0.245038209997697","-0.120210594278071","-0.229594986041081","0.172121963828673","-0.0540342796067957","-0.0170055994795912","0.196645709351118","0.251906985285873","0.105080360766926","0.263895413375961","0.216902186055087","-0.156626354759987","-0.339230341372269","0.343490739856033","0.413316438677192","0.537285825763293","0.0148368056339898","-0.304633218031611","0.0449154001373712","0.174814147657896","0.363520129814093","0.00446048891885126","0.344330110167565","-0.225764789031012"
"SM d41:2 Isomer B","-0.23360051040634","-0.237465389969814","0.00420566385020634","-0.273884318165374","-0.0987039263488233","0.14251163105377","-0.19980931279787","0.123134413006772","-0.250136438840541","-0.493383365896781","-0.320408934817508","-0.336248829862917","0.0660408098719563","0.074419727515821","-0.396968478159259","0.266325952789816","0.402140051642533","0.0644921816776169","-0.268305543271826","0.304355934935552","0.0597827282703936","0.308740032848","0.164400457998746","0.212212848398868","-0.533063849943005","-0.195430494042869","0.278772672742581","-0.607772920423237","-0.573350572757347","0.0299726738864159","0.21302594413375","-0.575406565404167","0.35558251582797","-0.0675597031186936","0.419407237600617","0.0413991530218881","0.0645293891605448","0.438115001381228","0.113796218140797","0.0472110126294699","0.234547425582022","0.214856007215368","0.24267090194683","0.0780665654260311","-0.0718634488099334","0.569719926838161","0.160455611207116","0.279947655123084","-0.241475742687606"
"SM d42:0","-0.0481856775974652","0.212158651024514","-0.331805655760475","-0.0378926191925815","-0.64091598990815","0.22465346783425","-0.298554723818265","0.00939960074281043","0.000402027841849374","-0.33247983968023","-0.18300016323132","-0.488529170930799","0.132833638605401","0.239031174413598","-0.0720512756828275","0.104767141491903","0.110745189949118","-0.157184980673034","-0.127579909268494","0.361638569852586","0.500934106052555","0.362919501473188","0.491427509493093","0.332466898370554","-0.181199275194377","0.166981974402089","0.103697901776054","-0.138822151339321","-0.927606728856621","0.262583083012448","0.208111447503055","-0.311034759275909","0.249205782935533","-0.594819704583958","-0.218868939209732","0.360736959362995","0.366355366039223","0.528942036613264","-0.0904041871976116","0.204914966048406","0.202139847544133","-0.430696725551452","0.298163240440167","0.0211536562019909","-0.628336342511868","0.118034029889645","0.00636989441930005","0.180253285002448","-0.121052128871688"
"SM d42:1","-0.136381009089269","0.061150168814466","0.28233610819671","-0.316238530726104","-0.524639475180248","0.257646122866471","-0.0405710269336751","0.399126250167411","0.13484663020709","-0.272287379418074","-0.0221718162722564","-0.313584519955263","-0.0823473321496261","0.0609408913346812","-0.0463360610761938","0.000878675270953328","-0.178727167296878","-0.111855384192532","-0.178380502035048","0.215734340022762","0.478486900714888","0.216645865938694","0.370935024749004","0.0748746087864233","-0.157426722706907","0.0294413713573034","-0.266560743012891","-0.124560842732351","-0.727257162004574","0.0298705088925556","0.0920947686349977","-0.0870742902402108","0.0627044218996589","-0.436650725320797","-0.00991546144592494","0.419255861807709","0.275220559281418","0.330256480992658","-0.0747419800438734","0.365522667338987","0.213638668855761","-0.460658505020579","0.208311634632686","0.0782604226732149","-0.295935010583421","0.0952591033801318","-0.0288699746099277","0.157804445582414","-0.0180708803524154"
"SM d42:2 Isomer B","-0.213789778329719","-0.0665793577489899","0.452145284731139","-0.236702861219949","-0.358767547830665","0.167837155341561","0.0926548748693485","0.387901893859156","-0.0504767833790937","-0.261617720327141","-0.559501679524498","-0.363540777729527","-0.175113146114591","0.0888441328780251","-0.240252436342736","-0.177212396897634","-0.0163514673290113","0.386526080014165","-0.36023655155227","0.266406753201447","0.22435500514527","0.376072882892352","0.115020061080921","-0.0786192420001757","-0.0885321052226487","-0.100592643682801","-0.15209016381724","-0.272676458667846","-0.448992308769881","-0.14316300756088","0.019529089128846","-0.314799834854869","-0.0402091134234678","-0.505684217225174","0.0627327386235963","0.727650132123383","-0.00932286029941514","0.458028772717015","-0.000317110093180699","0.177133284657692","0.312891044527696","-0.100942986188856","0.178006798982384","-0.00869360509940011","0.0953202701429004","0.0949733105276452","0.254932821147616","0.336765110945372","0.0690506636941246"
"SM d42:3","-0.0336091562387687","0.110923489947498","0.0338547132110144","-0.129206778253022","-0.276654495695619","0.221769699778121","-0.282003205874623","0.173847738526396","-0.440601374344303","-0.399448048441654","-0.92410149225561","-0.425771932783014","-0.0255785470985582","0.24588871405401","-0.294953807025108","-0.188272308892276","0.256686601865776","0.286906860531975","-0.298304626083593","0.504950153952","0.00581850221097765","0.211999374800161","0.0156528098529957","0.233439448261562","-0.185305177457286","-0.100043661414191","0.27367623178014","-0.267124960874932","-0.566909585447128","0.0410590318881649","0.171956500417447","-0.785133152754689","0.123661912302597","-0.567250003030435","0.28855771227194","0.576162835558562","-0.0702357966773587","0.982506580101691","0.0131620958858256","0.0795900774636698","0.275390887149767","0.0337641509155891","0.294942696014075","-0.0213689059545211","-0.13305985250933","0.334325849317526","0.237205274224265","0.433961090028756","-0.0467241632064847"
"SM d43:1","-0.883942307421978","-0.139752137250611","0.497940042727574","0.333969609151718","-0.277259415851551","0.432285589763665","0.0587818421116263","-0.0339299078281357","0.247358867056928","-0.0162545895919583","-0.314087376280816","-0.522747891584987","-0.0199836901789507","0.355066025787311","-0.52133938862025","0.276734439611298","0.057162454238575","-0.663814605003695","-0.686020601634794","-0.0946687170072811","0.637573751627279","0.309154633705601","0.169133984566131","-0.0199907657486865","-0.525672639932586","0.268138499625948","0.18832513200125","-0.181198711767326","-0.379245327587985","-0.161724880930876","0.0980006960626821","0.230228667904407","0.269028152019529","0.100871021370121","-0.506520783633558","0.020266553113645","0.393884532668795","-0.0702020750167291","-0.00483362638770341","0.353624644531358","0.0556575038920559","0.208728684640538","0.373868667268041","-0.0785148282277826","-0.0402831573659993","0.0980793842954025","0.214360262320454","-0.0431851905716286","-0.063051026636075"
"SM d43:1 Isomer B","-0.155588927576641","-0.165532605887624","-0.160154256811175","0.027928261284714","-0.313581427182806","0.119960858173666","-0.159127032639446","0.00581509919404947","0.132291482357743","-0.127637089101288","0.0700474914852073","-0.381369836642478","0.0623649720017189","0.205766909832017","-0.33277505923559","0.322541315265215","0.0257928118139637","0.0534540166283009","-0.277757725802834","0.195664822851299","0.0948045214262178","0.245774730636852","0.307311631773515","0.325273436519614","-0.244529739115821","0.140296401819759","0.0152173919320024","-0.508269976033578","-0.842679068033443","0.254368122977233","0.116352423962481","-0.0437668946335366","0.317985440070425","-0.160500379061026","-0.37179730654397","0.158937375209663","0.454677874084272","0.193009109164908","-0.0599937842348808","0.138042194147573","0.373014845387382","-0.143043888064183","0.118451308771594","0.0912313573364709","-0.443224259250644","0.284185232943047","0.0477850271543271","0.120051196012901","-0.127068406367159"
"SM d44:1","-0.227887861391946","0.255080304445084","-0.0718943630828427","0.152349019562344","-0.29739898285733","0.0172988814337451","-0.1087196402734","0.0998810705127005","0.142505029677082","-0.234426321365347","-0.0878060970760264","-0.442404358653288","0.105136181418864","0.147328386070039","-0.180099479923289","0.0786398015874392","0.0181946307934284","-0.118551536467628","-0.145789663166433","0.519839709854448","0.301012371388312","0.261525212848753","0.473936796519196","0.194093075130012","-0.214072884788556","0.0791994927299256","-0.104339211562985","-0.256855532891633","-0.713714996375825","0.136708614832853","0.0354860695970131","-0.0964524661615987","0.340942148194206","-0.651878996107513","-0.17099865269451","0.534175566331623","0.30240660668592","0.50897806615749","-0.140338384235521","0.140926827163519","0.245322064452352","-0.711783466809299","-0.0512708477301761","0.0874418340975451","-0.509414224118025","0.212294208601316","0.0706591823434026","0.0698542403832316","0.00488257492132044"
"SM d44:2","0.231229533650922","-0.266809344856891","0.1616813462967","-0.466609518342909","-0.222951486279684","0.272757587160874","-0.103481219996136","0.244957159277877","-0.238525130214108","0.0311294247319085","-0.275328617081966","-0.159160810762231","0.356954393125547","0.64137802145022","-0.0111234108683187","-0.0575757176189209","-0.253982027684662","-0.00201961736955699","-0.169170408402719","-0.0652569839171483","0.244097454783327","0.329470717828531","-0.0582194441178088","-0.174069384147465","-0.0855744798635133","-0.0340772057223015","0.100320803104277","-0.212776251495624","-0.24106471581907","-0.194606248965636","-0.282979199087599","-0.179958321771124","0.0178578391343235","-0.109075723177378","0.0394557938595367","0.74962090802104","0.297397594256883","0.0544504377533649","0.0818678119382742","0.54378633848256","0.289151822297057","-0.484979269342697","0.28511170551578","-0.404465098787658","0.19215595654798","-0.135650547783216","-0.283713406771267","0.0298021274062237","-0.0214311863755926"
"SM d44:2 isomer A","-0.22939583264938","0.113796812696946","-0.0518467696691502","0.137903044832928","-0.522671931168264","0.0636995730011264","-0.299972542914483","-0.0807646390479228","-0.0548810706296243","-0.219520605604395","-0.385583978877315","-0.454288993196278","0.167011644497771","0.285918334619434","-0.316014998483885","-0.107936895422874","0.10720118724585","0.107126718123911","-0.328307161095199","0.444422158047754","0.229531354826515","0.296043579644877","0.464081546422473","0.205506084606176","-0.180605810832869","0.0248599820714808","-0.0586995739159185","-0.317807318998413","-0.903066828217533","0.154801142201785","0.164187992069363","-0.470304202395023","0.43439497964085","-0.709269797322872","-0.15302748406048","0.666565355049762","0.294453834017781","0.817721729933829","-0.0298721636525621","0.219405992379686","0.350003403421494","-0.46825649618335","0.0313945445696361","0.128543930551764","-0.138978793415731","0.16984971614841","0.24857791317718","0.177510605499774","-0.023439271545038"
"SM d44:3","0.549844172015236","-0.0306224606749442","0.388028546578282","-0.3134415563754","-0.139046187611031","-0.0700566795096701","-0.0618223213778012","0.371019650114189","-0.327252492606425","0.280986004834189","-1.07712908414966","-0.1778809659524","-0.12576364777283","0.215457043031287","-0.141915706219168","-0.272648844435948","-0.294202563497846","0.33865726228958","-0.33071115238295","0.728355767559223","0.217720969037499","-0.0979286216950467","-0.17262788087024","0.0183751027674762","0.157608164500862","-0.665270600340525","-0.0178772626038067","-0.0873750055072741","-0.68866462169351","0.319287531781164","0.582159154877936","-0.0366812700932468","0.092711945903578","-0.130817007231892","0.20632149801956","0.26215262860677","-0.224732014116273","0.451872055803709","-0.102250780958499","0.0891917908166976","0.215531878835241","-0.110754019059463","-0.306474580662944","-0.0944064094544549","0.547607502941393","-0.382824037564672","0.209453910706026","0.180965307703933","0.0578698856940832"
"SPB 25:0;2O","-0.195417988588861","-0.0565313106375172","0.491045202577835","0.0476028458457898","-0.375839575793836","0.415165919262984","0.148303601655175","-1.11786559817219","-0.0318394979796074","0.596341959649553","-0.0420135004369201","0.406148301279208","0.527023156943033","-0.127132783311373","0.249152059542414","-0.436098233492902","-0.246545300070055","-0.0410465082453027","0.0742074932229214","0.00663788478827033","-0.51787895988428","-0.000596985706008798","-0.762506371519481","0.193787654455075","0.480090179951127","-0.342071946712353","-0.575143197497097","0.351549165663479","0.623955341899916","-0.697313050818885","0.0495206725332969","0.489777987462032","0.33523083324585","0.340433220594661","0.0982264116344124","0.167361204822528","-0.240710653400351","0.0679647490994661","-0.110559896149483","0.1189139768408","0.277995838024635","-0.325690222707847","0.281607555895932","0.500324852211475","-1.10409615338481","-0.937042559546218","0.110629202199204","0.447839182858963","0.387103839895331"
"SPB 26:0;2O","-0.246942091873353","-0.0836168805433345","0.0252530992671941","-0.690634350831549","-0.424097243103685","0.29431220790059","0.217008246692196","0.167380559001903","0.22971902687596","-0.0756535412023921","-0.464510149110181","0.230532524378262","0.476160183028047","-0.525972604226568","0.484178330944821","0.128490497563508","0.0321453566218258","0.623180743948252","0.160387563805684","0.00683444220977038","-0.194687248682277","0.0921272854511836","-0.55115186288503","0.11149674201869","0.0996614557478933","-0.40699707575934","-0.13818375526664","0.247288577073012","0.416921789439594","-0.192358083964323","-0.0513713700758588","0.49874019646605","-0.115251706201759","-0.040686679543114","-0.135121044279857","0.0421754899838858","-0.0812611356026925","-0.15707914539877","0.0597014358543149","-0.0592087685798483","-0.0397557366525091","-0.777930477293339","-0.00287638297905301","0.84720621528102","0.341097119784844","-0.617136690245326","-0.0499339039897767","0.180204377066459","0.110214461885623"
"TG 10:0_12:0_18:2","0.132117572028049","0.386682931002263","-0.339755540830003","-0.124161062233053","-0.069069563474708","-0.593278162164308","0.368743278522718","0.308148955097265","-0.296848748987377","-0.9363365599935","0.0331043683726797","-0.653310911398567","-0.259197836909362","0.251251004202432","-0.24579782428501","0.222034944829963","0.368250195143457","0.0967331673344368","-0.107825787452312","0.531807165672133","-0.0374851888860886","-0.0644738213219655","-0.0400244916621182","0.343252223945232","-0.152924590936181","-0.140391503799865","0.09483830747315","-0.404597776992434","-0.0155944511810799","0.153036064391492","-0.121807802732933","-0.30537968344734","0.0275965765804697","-0.132983344051698","0.00441696612433139","-0.152089450136435","-0.170394376149483","0.194987833298411","-0.0099045728466944","0.29026333995945","0.63257092205329","0.101877984465045","0.598305433502167","0.0829309378969","0.12318385085342","0.338686072752594","-0.330023588767969","-0.299678196764967","0.3185147419041"
"TG 14:0_16:0_17:1","0.064350477868764","0.541962949593651","0.204050947793884","-0.209200090969423","-0.0301962329534111","0.304100842669017","0.403285914496737","-0.0658000558367698","0.154684234837049","0.150512736025486","-0.0873457924679704","0.216094996246162","0.102363594158845","-0.144793360876485","-0.373404068192579","0.110084102509099","-0.200916730661113","-0.463957051290159","-0.037576101260609","-0.0162266654880568","-0.0984780224895784","-0.526317526163825","-0.467873773251146","-0.313044422382768","0.780968428148409","0.0938651617260887","0.129318129602428","0.0995944004533439","0.544372126915857","0.00657757403182089","0.391657063050343","0.697177549807953","-0.059426038722302","0.345106537837176","0.318147437194568","-0.535775491634946","-0.446889107497499","-0.380872038669074","-0.564780198988035","-0.532514402146322","0.38904677642865","-0.204676637826942","-0.129614063671436","-0.253068955323074","0.0736395632823073","-0.209260169431915","0.142801663755973","0.0210080582538777","0.0672357315079523"
"TG 16:0_18:1_20:0","-0.541993528800564","1.78651919100836","-0.941584998185922","1.32190373331473","0.708387106562943","-0.191319518615982","0.0382477088066036","-0.613672748814879","0.584459601246455","-0.793059700261303","0.511536322918774","-1.0238735684375","0.279191867704445","-0.269922014696841","0.998679222388265","0.0751753554187835","0.1250138773418","0.143396135071926","0.88717361775919","-0.328565188479197","-0.318903945243115","-0.0292100273562301","-0.0696155149974197","-0.20751472927688","-0.369771219748417","0.654992474379259","-0.130154433748071","-0.794462475693726","0.110026497250435","0.204968300793365","-0.237229434697538","-0.0681140344224966","0.320430234168347","0.21690743324268","-0.294398791482423","-0.710805670729728","0.653754852092771","0.137235744658486","-0.412990314665853","-0.26738143395385","-0.322153629772605","-0.110154810280817","-0.258387955917731","0.206111890903502","-0.345982881361342","-0.0192777174521463","0.0156340459018986","-0.615857742940616","0.306612817100173"
"TG 22:0","0.1020948512642","0.491814393709415","0.53845819027388","-0.0926280129626491","0.67206820119123","0.24755402106035","-0.309555110239565","-0.0964296938090911","0.578239637731391","-0.108631492501326","0.0493834382112112","0.458509511743397","-0.223077506016358","-0.345602270485259","-0.295468419078843","0.0815776090357551","-0.585796703576395","-0.358959628130207","-0.311757472006606","-0.303908460204188","0.0478900024257978","-0.0794873593824355","-0.373782519424268","-0.572228494569738","1.14409826763563","0.839230194699054","-0.116531719545891","-0.304133947547842","0.0995814313197797","-0.218322332891205","0.395801764278319","0.996496897390778","0.00346918399679043","0.199927955950031","-0.146610843239651","0.0731264593427077","-0.181549842168367","-0.793866046709035","-0.156541633525852","-0.204682491001262","0.120085887491999","-0.28882384797065","-0.205428369841467","-0.00740804013311154","0.00112170279033599","-0.0927603793490802","-0.223323677771466","0.042238992434336","-0.185472279894578"
"TG 28:0","0.50065853494255","-0.239947855822901","0.319504199377458","-0.405620465515054","0.000987908262065135","0.502250800996074","0.0301567750556509","-0.180569356373596","-0.0566629668824213","0.319335406346788","0.272731853818359","0.710429027586649","0.0957920642251965","-0.280448563289476","-0.367603227860396","0.200932326280373","0.648398922553969","0.0200059747993358","-0.502718217225976","0.0070748837591827","-0.271618004362428","-0.11835479772454","-0.131857346722123","-0.457501647135693","-0.439985600566929","-0.0897455862105312","-0.571062716848262","0.201843634533039","0.248230426798118","-0.194728224234235","0.421784463186569","0.74080888616712","0.0444658975021676","0.336336191790957","-0.000964748029308728","-0.0674602579532344","0.400153840903606","-0.932661271672754","-0.189179326445169","-0.11259512009394","0.307477126394863","0.302080977226217","-0.740662787943694","-0.261920352696596","0.0852027636057644","0.0067211520468115","-0.29767131715818","0.302238524283628","-0.114062803675082"
"TG 34:0","0.407848399506603","0.112196334943724","0.439438702565069","0.0741030093437372","0.788726663277509","0.463893335079039","-0.155518599491307","0.0123619744055136","0.264709640161693","-0.024861886260153","0.551162229913021","0.576518252951754","-0.268915851606887","-0.513983034724956","-0.42603283511958","0.058646777223844","-0.688988309306777","-0.703293225505661","-0.299629062946289","-0.455475137613559","0.110671007891582","-0.180510015360449","-0.353893936552068","-0.459603840361709","1.21107680225151","0.842511276506213","-0.115610032389248","-0.314825173921944","0.412525762149265","-0.0409905699661401","0.363386011442552","0.834212221557388","-0.603495769157647","0.262283561080167","-0.348035862269905","-0.0557142649631554","-0.199011755164251","-0.760299564190808","-0.0691792044905722","-0.205983821339853","0.05521623321648","-0.127666389267238","-0.308184473277683","-0.0116835214496028","0.118149017941033","-0.442372758344934","-0.145532671699131","0.163398742378122","0.156255610955688"
"TG 36:0","-0.250976340218149","0.462273305868848","0.69087582199095","-0.139275105359556","0.965205159431434","0.694694139163044","-0.110125905185363","-0.218255362633297","0.412832758817912","0.00420584166608871","-0.0249146000720656","0.528750722411544","0.149279989604535","-0.27224322009175","-0.386957559235212","0.0607632906639513","-0.364070151766376","-0.653273154342224","-0.300769837850685","-0.240280231164953","0.0345215729671873","-0.1481325784831","-0.535920158542934","-0.641473049733643","1.39962246419824","1.12711365476014","-0.314695993196727","-0.176383494772857","-0.0278752122195585","0.298306678895145","0.64014622316498","0.97737824979268","-0.48248770597731","-0.171501406195429","-0.192782405369789","-0.445446149742807","-0.162102762228249","-0.7561885207143","-0.134725444051873","-0.404782765970952","0.00934554259752881","-0.238154828535066","-0.299934872086422","0.224125479540148","-0.300299405790858","-0.125579528404855","-0.224953500917232","0.0686659876713933","-0.00354563235215565"
"TG 38:0","-0.408751615176442","0.463525822272762","0.644823349304191","0.00678357618263503","0.869201569950056","0.482498521947927","0.0613116368281186","-0.00442820821185366","0.652822689252997","-0.157546314189181","0.185519379856347","0.251655799711712","0.106671421178795","-0.0681035576721235","-0.168615322664917","0.244515390930315","-0.397053700806376","-0.46441330353134","-0.237366835499755","-0.174284682564484","-0.19931385990181","-0.408942430382094","-0.268316907183776","-0.383621026563465","1.34517893058069","0.94152063234492","-0.450498836965182","-0.325608086794078","0.011442721721581","0.0791711891396098","0.426591398288332","0.761762789683469","-0.398139729089328","-0.3161339963443","-0.102885608008649","-0.20160124081213","0.0328926951737098","-0.514514924204906","-0.499803704022586","-0.135496974947324","0.149650258761579","-0.414401437745995","-0.503075051507866","0.0779187951367884","-0.129576778601367","-0.34243964041948","-0.386945187423913","-0.0749351748034202","0.341355567791611"
"TG 40:0","-0.44352056200496","0.297040494139228","0.163834983779981","-0.0545723169536582","0.37284688154195","0.0520203404847601","0.475803693568433","0.0729156008833064","0.947972496125747","-0.0513512203903371","0.738846309046633","0.0396142549802649","0.0930849257578563","0.082572298319717","-0.13593277134585","0.85499800706077","-0.488208918106558","-0.631563202612637","0.161695402581342","-0.436060270002625","-0.153540713712161","-0.27321029270664","-0.212821534461658","-0.623786736964801","0.908988473207851","0.798520875754594","-0.423219846513652","-0.499410701271892","0.113607153320285","-0.154624626457057","0.11008935259576","0.668449960034227","-0.365880434224693","0.155695372082184","0.128260094460383","-0.206639313177233","0.249118331333626","-0.858393380246954","-0.367568199006542","-0.496426886410216","-0.16766878332432","-0.205700300111392","-0.445222259110381","0.116094738808282","-0.232708206307013","-0.143295311360642","-0.399183578604213","-0.196987756872467","1.06542808239337"
"TG 40:1","-0.623169118764884","-0.437197277685694","-0.704668990089435","-0.0146885722682529","-0.245663796068029","-0.0563291679276929","0.562986160797971","0.0399224191941841","-0.0393179783897893","-0.600657049398902","0.144037935698315","-0.12818438140628","-0.206668802690809","0.0944772446928975","-0.628109994508913","0.107349191749747","-0.0218619245669239","-0.11602450728205","0.071203469077984","0.174188806529771","0.332273003378606","0.335863018349879","-0.104225581878656","0.156005130056562","-0.141224469778578","-0.172519990193593","-0.166440956767754","-0.0998074531175229","-0.337122572422194","-0.0852902667703354","0.130524684357075","-0.0835360262328688","0.252635496372232","-0.284487193983216","-0.069607075429528","-0.210314564196351","0.119491608061874","0.116519748670649","0.214064654491695","-0.109346312729859","0.522010199628203","0.435906092936259","-0.0859117933916815","0.00221018762209897","0.170563279154966","0.318207216110547","0.324807255812057","0.252481726984509","0.894647288211713"
"TG 42:0","-0.93944769188299","-0.539795803210515","-0.537738089299846","-0.200873195461237","-0.422724561024872","-0.351054702307128","0.579923553110564","-0.184929831247683","0.812709966369894","-0.194060742955739","0.474474651476181","-0.302009903907278","0.356461908879442","-0.000684537633249706","0.39102583774767","0.654198849217785","-0.105932438682687","-0.485914714457781","0.632293350799245","0.204541541369757","-0.184329525885279","0.253457221550962","-0.120272194944379","0.0238788447345499","0.00844770943830417","-0.0074080184203601","-0.772704917509071","-0.466253876895007","-0.333526749008282","-0.29614003114798","0.210022362571629","0.0615057690115694","-0.00303363115576989","-0.042376802630604","0.26833711209814","-0.241938774772371","0.581328933402858","-0.0420031309380931","0.165927824320896","-0.225829278035326","0.423099139536091","-0.040689422993308","-0.0766260676711357","0.0599929602387375","0.157269386606873","0.266072817148596","0.167892834599355","-0.269687109593684","0.635123169442557"
"TG 42:1","-0.304567892149332","0.327293524629366","0.106776154949929","0.229171368902853","0.51008136597261","-0.0335511146092516","0.402749546441517","-0.392785415128561","1.01872919901956","0.077588770713176","0.815100215262663","0.0336988026707601","0.11439212945344","0.21351510099975","-0.166921562578747","0.92496195454538","-0.392657811804915","-0.317698746537066","0.638410019182967","-0.431984528257075","-0.345784419480655","-0.334290759292796","-0.0369692518478814","-0.281553747794665","0.741985349345183","0.253487836081993","-0.53994152271047","-0.348304860523622","-0.0964824846687556","0.0933119950425697","0.0203277765775056","0.348121039548861","-0.549647672906193","0.208314959145431","0.0496315919080237","-0.401858277570241","0.361555588242063","-0.821419833170708","-0.606122254926185","-0.568160118760815","-0.212919098127476","-0.317770450933622","-0.475856549883213","0.189017561801435","-0.15410737662366","-0.0115642715152864","-0.515335301813215","0.107113309263238","0.872920163914133"
"TG 42:2","-2.08038567140097","0.0618200665414043","-0.0591473021190997","0.298023712120446","0.195709457452986","-0.365584906292389","0.57281944591766","0.0218702657463841","0.612895298539039","0.101762152452882","0.816544226433287","-0.0212192706113781","-0.149317529591147","0.195046209073244","-0.961260595664194","0.0656941504469223","-0.0534014119742607","-0.111975939247013","0.2492890887611","0.150079675114869","-0.3315121148874","0.0298368277247128","0.0767829806486093","-0.209577813139283","0.246642356826865","0.195029463780432","-0.115998830851748","-0.241246450003138","0.194942245442895","0.0427606508208597","0.23475509527018","0.21847561998778","-0.0649018930941108","0.340897785830457","0.111777996184737","-0.522992357816495","0.65715341281813","-0.0430949040489438","-0.538901047172468","0.0476207697453044","0.134024854069703","0.0875060555636661","-0.294433694002705","0.00870649883736461","0.186980379751677","-0.782298142491414","-0.169456119895118","0.359721092792202","0.60153815960748"
"TG 43:0","-0.195495212321285","-0.114283868117996","-0.116911876098404","-0.270429177637538","0.0194604517928763","0.0443467269466197","0.46844951413904","-0.0643487153081193","0.265466389170951","0.603610657006687","0.267477037383396","0.67096099078122","-0.00672416653816375","0.0345074147442716","-0.354543226984491","-0.107239772427813","-0.149520403817595","-0.425095495346471","-0.105982828480121","-0.078192427274217","0.0225135535919871","-0.153827814698606","-0.352489454121835","-0.305245856661012","0.760628420281907","0.0164453351458665","-0.2234314837096","-0.0544674415410834","0.556191645139968","-0.0716823493644272","0.126053221606895","0.365479067743525","-0.142239844281008","0.13493796569642","0.18575134999333","-0.190605574503364","-0.0625929742622838","-0.609505301282287","-0.327475186729911","-0.0772184474796919","0.434778584550002","-0.18359966543507","-0.0990320464165015","-0.591058805537459","0.0955798188584404","0.312765552564491","-0.362345456928938","0.170754087615469","0.239427088551928"
"TG 44:0","-0.477827790504376","-0.0324722627553757","-0.397619571828879","0.32309817763819","-0.00159061077497933","-0.4101291269635","0.675075048994383","-0.357972022824452","0.909575922706023","-0.100027953686679","0.890716451322834","-0.413332999711942","0.175145224419116","0.318320318305054","0.240619580121713","0.705726390338897","-0.00417637995873128","-0.794058683917374","0.720962234628465","0.294731320422061","-0.445485338894394","-0.164581507319401","0.0128638828609047","-0.623153124562603","0.350619451198939","-0.0351127451465953","-0.726136721257121","-0.395614897471782","-0.203165550515939","-0.291926317195134","0.0518192992626369","-0.172795174407552","-0.0750530067190641","0.634472076846345","0.160208396565464","-0.479989549102164","0.214415022212567","-0.147137610346913","-0.026182222921248","-0.389628043908915","0.103497624333359","0.00490819143925644","-0.534766736406133","0.287888619973254","-0.00424029764414381","0.43919137641655","-0.162639962428192","-0.550884380882661","0.90384598005023"
"TG 44:1","-1.05205623042113","-0.276515720066166","-0.74234791057029","-0.155416147230152","-0.423348829758751","-0.438454141469582","0.284481692759632","0.0241793074086472","0.65169110675474","-0.304611897369505","0.0247112034583699","-0.695417424217596","0.53054882617869","-0.0323436604026125","0.199816256329597","0.462456991945757","0.0539524097928295","-0.216353104678606","0.889287785974478","0.266019198829979","0.0799503096416636","0.576573774813647","-0.0154420435850557","0.117787414765418","-0.337691359258087","-0.248461396200243","-0.957386388696552","-0.316669668948995","-0.678820957639888","-0.273557126610895","0.351542686038752","-0.0708393470072563","0.0337894578220232","-0.404528593533001","0.355803662909412","-0.123279312872464","0.817072666445993","0.233542366213659","0.135995461272306","0.110934355291224","0.704033382442627","0.220799886811594","-0.037814195411844","0.111966545988936","0.176284871734868","0.468388722043946","0.294045607554582","-0.505966435706468","0.131665940431769"
"TG 44:2","-0.788121383347544","0.0202446302516567","0.405648142528719","0.54512715404933","0.0567975800074563","-0.252648083087563","0.284817303305258","-0.18705831893489","0.516150735527257","-0.686834988768536","0.425347365703874","0.364285844633687","0.0790828389706504","0.0281828944040467","-0.454768457502205","0.0728521377045602","-0.475733623452148","-0.192247058200541","0.118056019774578","-0.381164575126624","-0.49807133719744","-0.166854468946535","-0.022168277580312","-0.0966538995219314","0.396245791152882","0.162112574850341","-0.0655087396472598","0.325044709453218","0.404561255146926","-0.500745528990729","0.541830529425113","0.282800508871062","0.335240532834277","0.316520898814821","0.0911126400582334","-0.383795254990047","0.488194789077611","-0.250579156090104","-0.539444707628071","-0.0410184472531314","0.216460873490925","-0.0427089645555177","-0.914499119745914","-0.288021825968453","-0.262238660658807","0.492519987285535","-0.217051236874316","0.215036022351554","0.523662354395049"
"TG 45:0","0.0420635066807557","0.0675842015672275","-0.0115798788537825","-0.163236369324622","0.056719723358849","0.246194320055942","0.320642906726243","-0.219750768840686","0.300369901187356","0.291344323562247","0.326280204613162","0.290724928388858","0.0661677781506405","0.168540639626005","-0.401646270441432","0.110613557252626","-0.203344740126322","-0.570945390528205","-0.117437975220391","-0.10868131183279","-0.0901546536003777","0.0320103812904223","-0.272259001739708","-0.313874623260723","0.257008526935392","0.0987066478897192","-0.423044341249148","0.280722748493096","0.50861031736799","-0.179993039305222","0.500524095716083","0.348067164926721","0.0187854718343648","0.352482112177474","0.332167605866524","-0.482707330431847","-0.101476457099029","-0.269308718875442","-0.513335961021307","-0.196578656056516","0.268946131382592","-0.34324372038693","-0.251010205885924","-0.328885965649002","0.0960087589275175","0.233100936972812","-0.189565888495962","0.142569652536361","-0.00489527526160658"
"TG 45:1","-0.356162629753933","0.166446245137535","-0.0940464252715197","-0.655805443356863","-0.311432739742355","-0.0961472850722141","0.486327137173366","-0.178610298883118","-0.0755360001586975","-0.103922703571032","-0.44331923791544","0.0477438613773899","0.574918411175938","-0.0854298584133183","-0.235512009301536","0.336902112823234","0.114070464983526","-0.0886868634007889","0.441725939239879","0.69609166976207","0.371307442827173","-0.411183500893781","-0.432835414311665","-0.100822276509836","0.454825286290246","-0.112816673261208","-0.664149152013048","-0.159575305713959","-0.0863294654985101","-0.122892607972422","0.423022635867944","0.314974687515759","-0.421848245253147","-0.193573911498458","0.440963833870522","-0.354922323069003","0.550402921047487","-0.5230355065617","0.104414158137693","0.160139322062534","0.834009153299174","0.252770673235603","-0.264082227025962","-0.22525518148722","0.160383887327953","-0.0148986663033142","0.432321217465814","-0.442978497847174","-0.107950610559619"
"TG 46:0","-0.240686360002654","-0.120783406527818","-0.225602080219479","0.462934363184085","-0.283710458826864","-0.3792979511623","0.70909107247245","-0.530342008648072","0.819978049173926","-0.117413207413382","1.08005575937609","-0.13580755704346","0.0252020114505597","0.347120235990617","0.551792205371871","0.410090751388263","0.0582836432732635","-0.732460452223518","0.750400001035796","-0.401561501133641","-0.267059690126353","-0.361473301496479","0.0121460093498948","-0.460755605906803","0.222707566273505","0.0199648161057166","-0.652626113531102","-0.0998013024658029","0.163907709036667","-0.0904868270353152","0.0237912579121433","0.112638819293252","-0.0588459130729608","0.666174174341999","0.0122300525271179","-0.38352528988815","0.392457513344258","-0.708886859625863","-0.398239310466079","-0.567739635219322","-0.179271354563021","0.0194886540331757","-0.379326131317458","0.596452802137825","0.00276429689946895","-0.504691120535523","0.203282007424473","-0.233238474695724","0.850678141750732"
"TG 46:1","-0.398095638219184","0.441624429286002","-0.496851102015371","0.753311974423347","0.211251896335496","-0.318251987019503","0.379833647724415","-0.603326954566929","1.01803966717771","-0.252145033194557","0.662174289760802","-0.33782229505768","0.259263233647251","0.149776461644896","0.210637958016642","0.755321420012374","0.276856753192126","-0.640268220074535","1.0651143502257","-0.59775636308631","-0.553578100074688","-0.465444484459614","0.238460222357801","-0.383329607216431","0.294562251092027","0.14214755417978","-0.376084469969856","-0.109044045271476","-0.146690198467898","0.250795273014913","0.0548323846061302","0.0569350722274997","0.233600819380296","0.453423051884105","0.199337136927872","-0.823123707608526","0.482284053402725","-0.636955878185788","-0.667385969355963","-0.703588454579874","-0.217127709417572","0.326417764343369","-0.524750242846335","0.665247831448207","0.140000878575233","-0.679895032022845","0.044283458643931","-0.527243142571254","0.693224801751542"
"TG 46:2","-0.306786878308235","0.469273249179694","0.091175985629736","0.81211715139528","0.0421142199785182","-0.0914862663781676","0.105174397814108","0.00234378197810813","0.546998852040993","0.0385177131551089","-0.0376477658072028","0.0693133155281744","0.156756929767656","-0.150324297650569","-0.430923132827797","0.142308121392043","-0.236945899185727","-0.268773030028053","0.873783796473771","-0.407913608630267","-0.0533420489011259","-0.349447087388354","-0.262218320559285","-0.478364469085902","0.394248751663112","-0.0300571972445856","-0.494307474370898","-0.177117337848857","0.229116816884062","-0.165703379897014","0.113924014707573","0.669326171738801","-0.177583560961337","0.0603369472455834","0.0305995568869228","0.149866077181667","0.503091256844655","-0.546214519097783","-0.223800914652832","-0.181924021839971","-0.0288920836729106","-0.269598142879993","-0.219373440268392","-0.199929315375162","0.0821277029881007","-0.248214005722299","-0.12147523556962","0.074402252494688","0.501446371183983"
"TG 47:0|TG 14:0_16:0_17:0","0.0959660345583567","0.0715441699537357","0.0536999167281598","-0.0685740924858073","0.0867945559702998","0.186037915046374","0.271770257591293","-0.155940771840434","0.310074071830042","0.258254748197414","0.431275929499855","0.480447210740835","-0.114172215170635","-0.0294193884808831","0.188449218253402","-0.303211595648192","-0.0769598287831698","-0.81489735473993","0.00896363965594239","0.163673044923804","-0.112837039672317","-0.329417069803806","-0.252528893308438","-0.470433546208865","0.688260609552627","0.160302964183252","-0.481220503938723","0.0675862441900329","0.505406249547448","-0.257835834177357","0.321777910721491","0.452857881403538","-0.0830191905076574","0.341528850164762","0.158275847785847","-0.439632428615024","0.013181735092323","-0.596308298864075","-0.362644985825205","-0.491008339252282","0.207856001873359","-0.343917112977898","-0.151799812273171","0.0751653583336484","0.0891771911699304","-0.168933287593224","0.00624291692730145","0.152145266132243","0.25799585013978"
"TG 47:2","0.146848702892222","0.458962075512414","0.250613352311885","-0.307987008037627","0.0462523577304265","0.20402274436078","0.466815744743137","-0.28637787893354","-0.243731522686334","0.0812430283806676","-0.335761657041073","0.44542697890694","-0.551672243338062","0.0424611852295845","-0.837040119955689","-0.00234652252106988","0.109779613104516","-0.0631509574989157","-0.249824634505178","0.362270227288881","0.0879024042286175","-0.0935187496180731","-0.5206828434027","-0.281511481349678","1.06229839150191","0.191167605939434","-0.231122297857868","0.0942309030438044","0.248719621439857","0.0475812024243166","0.14892102692764","0.734316453550002","-0.0417775293573816","0.13308675967315","0.198559476141621","-0.680470955732362","-0.415675233741899","-0.36826343113687","-0.260567451064897","-0.323882371396974","0.313378731257014","-0.0360875951528144","-0.136348837072408","-0.213195360040848","0.370220654659797","0.0399992429288923","0.024462014434223","-0.0105526435380037","0.182008826368533"
"TG 47:3 Isomer B","0.218043628101687","0.369476710464355","0.172289757159572","-0.194261982378428","0.051313377705605","0.163669011322953","0.0454432521958532","0.303387635697048","-0.158896212002545","0.308295448819252","-0.191640984368832","0.40924184015709","0.128101782432366","0.121752854842899","-0.943079891799079","-0.314299310960492","-0.0366745640668959","0.0349783764063583","-0.684175837142104","0.158829447120153","0.132054242051264","0.102792022499722","-0.456206927403961","-0.0929188814909493","0.701922303832148","-0.19013823629171","0.11149321153639","-0.013597101013395","0.527347372186572","-0.372794598956995","0.0786362699426434","0.600196424779629","-0.110480362906854","0.269817675881117","-0.223666736696498","-0.432446147496733","0.105128661222011","-0.139859921070564","-0.491388692133713","-0.287065893552136","-0.0290947719842578","-0.0851082732312872","0.206726583406706","-0.386831951244798","0.178041710334422","0.127503400089114","-0.201242808504177","0.800761840988622","-0.391374754479144"
"TG 48:0","-0.244585472452763","0.139436347283209","-0.612057921287683","0.470520735398681","-0.0746494276654474","-0.51079180345359","0.691047203730645","-0.559195844823085","0.695862306509458","-0.334302220415557","1.14607048577713","-0.508700356723791","0.216866064611913","0.411185546902115","0.836224212015678","0.272545841127662","0.177004838631594","-0.61200594917695","0.87250475403228","-0.346877091757139","-0.280491755806911","-0.258070119380679","0.114022907155354","-0.468272857709978","-0.106606799492084","-0.0746250321232934","-0.489712118609468","-0.353350117609548","-0.00125107748734276","-0.0925262423608004","0.0276982164373721","-0.21754230944516","0.187196469446911","1.18067535399224","-0.0614638518754251","-0.384091946766762","0.604562795055874","-0.390025893021017","-0.680406788557305","-0.61190058352872","-0.356302207436171","0.0991455343388519","-0.424391968388769","0.856805398589235","-0.0747708939732707","-0.593505853993734","0.380786706738573","-0.481474684997078","0.82378747254474"
"TG 48:1","-0.442964031394836","0.205045434541786","-0.77203159054895","0.920200197989575","0.120983167221639","-0.508992144156233","0.520871767735191","-0.780473302482296","0.774700614644067","-0.49385646328068","0.806962365756329","-0.622449651593916","0.26950305634341","0.256763975601635","0.461048805919535","0.339520366869273","0.598808672246847","-0.448078479726931","0.957280925365157","-0.597390266176172","-0.557652676018294","-0.303627533497195","0.181269028725361","-0.344245874375513","-0.0052365849490898","0.102214813349963","-0.476476149367322","-0.207547171274933","-0.243130358626998","0.392909026292856","0.107090265668467","0.0218421464200714","0.420113960974372","0.396662052855283","-0.091739212697679","-0.368606095316875","0.693398125209897","-0.21926814132576","-0.676380156531369","-0.656122567871299","-0.344648897358368","0.425365313937174","-0.514922838116055","0.987999758285631","0.246029838573372","-0.766971106695211","0.557879077680952","-0.686164303533856","0.364512838707988"
"TG 48:2","-0.228260789534057","0.625569240522368","-0.432779257017908","1.03647181527052","0.534960331009309","-0.46122680198543","0.0660188705001132","-0.377133834773459","0.65450565187797","-0.47226124234361","0.401047168226213","-0.37572375199511","0.260732520068523","0.124404654003894","-0.0255908637924752","0.248350312909484","0.522558431013033","-0.265606087422163","1.00768310634748","-0.652784670249788","-0.404431593894968","-0.275410846818025","0.157161010861508","-0.498894228521921","0.132067783420769","-0.0626543840298707","-0.287787906352327","-0.276550811166758","0.00512366289344403","0.195868540018654","-0.179669737374092","-0.164616443700528","0.34625228999276","0.191909990648694","0.0133817345071084","-0.383280436994233","0.781233476886551","-0.099821546810716","-0.825618145513691","-0.568050855520054","-0.196817027109228","0.217539739669734","-0.515331803284346","0.842553146251867","0.260212871687743","-0.695744694749311","0.132593344682299","-0.355169186500435","0.323017254184462"
"TG 48:3","-0.169033662533657","0.769165264917539","-0.334499630112113","1.01330938546237","0.532650109483787","-0.558452554844829","0.00744754050036229","-0.443805578089306","0.656386961980271","-0.525854446918101","0.315476143291683","-0.437227626674186","0.410779197197878","0.116349781128074","-0.125983542977259","0.495051121269684","0.424239342878889","-0.235902862385429","1.0869945010169","-0.327774129761293","-0.552682073560007","-0.0254310826706406","0.127517352164508","-0.537727763515493","0.239453714379185","0.0687106141554402","-0.136857715942761","-0.231500470113002","0.252673961130245","0.0965479298421778","-0.114547547449347","-0.312970566053987","0.31491454740195","0.232384442578091","-0.0534065650845477","-0.485311514765299","0.73676621047522","-0.412476412267633","-0.552488289905553","-0.421696622273389","-0.162046846608884","0.169846972640979","-0.387538554675344","0.387839980276301","0.413952712049854","-0.735134405116023","-0.198825340720704","-0.961136664579442","0.571854683376841"
"TG 49:0","-0.184260153789677","0.243216336480893","-0.052375732199483","0.274588506974974","0.0434747503295775","-0.0314817236972198","0.513712285228796","-0.313657047017028","0.258905703628578","0.0358930753627258","0.819782155716389","0.13399205879593","-0.0199153436274432","0.0527366841524038","0.953844980322055","-0.278921003473022","-0.0376791373661914","-0.445014299542093","0.554347308220856","-0.0417042171496037","-0.248683580109908","-0.445935150585603","-0.382845763537983","-0.338317702461569","0.441714098407249","0.154770141201058","-0.315217239881628","0.137671555512912","0.375620966995146","-0.343440655290325","0.372632416410777","0.253477926739654","-0.247383945335146","0.430029064185605","0.0858357329208103","-0.220395819014175","0.0768978885273059","-0.655184994310844","-0.612714837052614","-0.716173840052451","-0.0461015750883579","-0.156920924353265","-0.364600458047177","0.0873529888737778","0.0445974010571716","-0.29667850166459","0.0846011071214282","-0.0992583600319471","0.465166871513273"
"TG 49:1","-0.282258280116043","0.33609798550523","-0.260400551445516","0.467367629723485","0.204436377097208","-0.126079615569174","0.399007345278879","-0.402602691731563","0.526723150879616","-0.26030569942787","0.433804465954357","-0.0466542118450137","0.137246468611938","-0.121162115840169","0.4797440385255","-0.114982812796524","0.348555367492478","-0.489223666671392","0.577942485066631","-0.25769886515662","-0.229195981805126","-0.495379328147652","-0.200607281501534","-0.294461076546703","0.647539031452606","0.286705636968351","-0.414666738717096","0.0464583425072296","0.0736934688075495","0.0797472323426935","0.303808850835359","0.408327252877635","0.040561090547034","0.385025116457902","0.115319963882764","-0.560960825519395","0.14820474564004","-0.282157697353507","-0.730750283469076","-0.871734948481418","0.105034394472278","0.104617516668904","-0.338487451277012","0.396631462887756","0.0441481676471107","-0.33145815613452","0.288816988007151","-0.409352724699552","0.135016428114789"
"TG 49:2","0.0571598406978908","0.615474955217747","0.0169989267077979","0.374324664228887","0.405257757360702","0.176968175785444","0.396921097705191","-0.158919685924327","0.0403485221176371","-0.218833341404119","0.105659224298754","0.139167222968474","0.110865021360024","-0.0205909774690113","-0.0668196856233298","-0.321043336910045","0.261346623317773","-0.348627893777975","0.152546064224029","-0.227387340301943","-0.262516071345767","-0.510399429281947","-0.25817159509583","-0.306217696010586","0.756155859068258","0.19557573234336","-0.0680044819665629","0.0916012021315532","0.225426207716039","-0.0650915792518925","0.203050282548429","0.379469985890061","0.262517495666545","0.394666794254202","0.1988205923579","-0.779033059582866","0.178161861018182","-0.260549954224399","-0.772252376776484","-0.798787300313885","0.289030520449651","0.0142658737110922","-0.177562988709571","0.0908501047780399","0.417236481503593","-0.719243014515983","0.215124884198514","-0.440838653907835","0.0158984887685823"
"TG 49:3","-0.130934898605052","0.843194259695268","0.184728064551364","0.429957938427831","-0.533833666095606","0.456084817773076","-0.0182053703232589","-0.0049594055199939","-0.111254513989046","0.232881358472042","-0.00289042656459964","0.446958897957621","-0.350520809978241","0.080676926337847","-0.427174857529123","-0.337293100189368","0.0649249306135753","-0.219138084539364","0.13472627373582","-0.480199683892088","-0.737623028711144","-0.260623088554857","-0.458673363242733","-0.172104937460526","0.882396977123197","0.0589177611370003","-0.00215679787147659","-0.0900503471973592","0.343047145930723","-0.0819312964815661","-0.11259002981428","0.332484667952824","-0.0110723731338611","0.455358497719327","0.316651198313785","-0.193514388866733","-0.254639826996213","-0.442431195596901","-0.350968643761311","-0.32261932828614","-0.00193607489333238","0.0399676071798622","-0.237662597053472","0.265639148304819","0.484288839055031","-0.446571667061882","0.212894773175716","0.436630232953343","0.0911634857994602"
"TG 50:0","-0.444897871028186","0.601986384246743","-0.903414455102384","0.696839325212683","0.0561349022482828","-0.284849572924457","0.688953138839425","-0.62303430101457","0.628293039642854","-0.259978510224175","1.24949919156633","-0.638289272146192","0.425770944413029","0.363645009897644","1.16351416696791","0.244062105412214","0.161867466409747","-0.654572751551836","0.88561150671999","-0.617103129535314","-0.259083344799767","-0.179143711401644","0.0855308589996789","-0.628299070422711","-0.2096741302277","0.115959937602115","-0.276049566338454","-0.467685258352629","0.221649603906246","-0.0555314324780584","0.0490796254610068","-0.142645862396382","0.27992384139229","0.831084588395811","-0.296902684516715","-0.482572269086617","0.757582907248182","-0.366335149474234","-0.680126773457277","-0.739346363795242","-0.562493090921988","0.0702270741464947","-0.444986128386774","0.475791861002247","-0.0186249901555412","-0.622656463023618","0.322114843281724","-0.406974683348666","0.890148513098479"
"TG 50:1","-0.33070689975068","0.662989226915897","-1.31124507011059","0.826577073733877","0.625148416758116","-0.356146154333327","0.433882083643922","-0.778002278627824","0.531767755841688","-0.861093560535814","0.75718064697344","-1.16647554225683","0.403660885608746","0.241077338434654","0.704664516193839","0.180497369755633","0.671244992677905","-0.260956666909968","0.816851324817766","-0.0721329849250999","-0.529488461027419","-0.14198931650122","0.0943764612834124","-0.206661398689883","-0.619658150120994","-0.0729305754733993","-0.276269213107426","-0.655445641996658","-0.306792785119966","0.413958577698464","0.0587005937190801","-0.187535943671578","0.535192927022749","0.816440367874973","-0.0970555173165461","-0.447978326681397","0.613910670406244","0.312908963318188","-0.686129713781164","-0.539216015767484","-0.420053446913262","0.321297722984441","-0.331249414766787","1.04437351487271","-0.0296352980841334","-0.3797002524916","0.558539054549811","-0.795320358238149","0.234628502113637"
"TG 50:2","-0.124791616335431","0.782390284404899","-1.14267501395937","0.964848950120986","0.763620439317585","-0.377437846495732","0.314225131098894","-0.5603978446272","0.427255006839326","-0.820150659584519","0.459237132997098","-1.06927407141102","0.310739685790516","0.179393641977882","0.293773381888596","-0.0746308006637267","0.681814714250347","0.0572934410821774","0.652173378626885","0.0142319304397849","-0.628854932281955","-0.1235592301848","0.0704088952180395","-0.355597520922126","-0.570196894457093","-0.0726565846327275","-0.0503555178919523","-0.652015428052188","-0.0843509162928421","0.413461735678628","0.017544975902348","-0.163106194963787","0.623847884584494","0.454391542225031","-0.164936343837982","-0.25417310205107","0.627321995710814","0.370878768008516","-0.658385790839832","-0.577333010515601","-0.274173790945426","0.374320007460783","-0.421938324072502","0.906189091719836","0.354745773629213","-0.524795424916887","0.568071684307711","-0.902487992849549","-0.0339046204950688"
"TG 50:3 Isomer A","0.151131248152343","0.86318662846827","-0.987044012562894","1.20555651459454","1.1065974198276","-0.293818588513341","0.113494763871672","-0.482459198792994","0.349687936000917","-0.694997076326344","0.331276026680493","-0.885408913900601","0.460067621848251","0.250783367330023","0.0243024651212287","-0.172450264437799","0.777387997992749","0.292786429298177","0.595070085210885","0.139479267171741","-0.808637659645604","-0.113617631387","0.0133815763040902","-0.437587778442127","-0.295036286124844","0.00702798015571392","0.316937431675174","-0.682818191852815","-0.0111396768326917","0.233281201200571","-0.175086519208406","-0.418615726445063","0.605101556333785","0.207274156620589","-0.0662409935919296","-0.571709880703038","0.561550080838505","0.315917224153988","-0.505922686533076","-0.663427661410647","-0.157381086870734","0.224754605457988","-0.413934247707294","0.839361448286955","0.45401086321265","-0.591695223065107","0.211158763334528","-1.081401729195","-0.140133625594072"
"TG 50:4","0.443768850506342","0.902535297758868","-0.778462778560114","1.24834502207676","1.21928800645196","-0.475739047737047","-0.0188959960543576","-0.384646282795756","0.339327519159245","-0.527780729081937","0.199431311036437","-0.935151431611052","0.430394146089192","0.361633051637289","-0.0788958399571425","-0.230827351848501","0.638228193125916","0.339094449436026","0.604074734215024","-0.100787397898039","-0.550794824257013","-0.00335153268143781","-0.13720145194635","-0.423126302000597","-0.448536885664548","-0.147308570664152","0.361227528563941","-0.653639131675028","0.193096759969024","-0.0759043632593487","-0.24754441468781","-0.390845705739501","0.490909953175964","0.109494340972501","-0.121010680348342","-0.510630106524496","0.721031685608574","-0.0879644906029414","-0.155959220976478","-0.217548724356107","0.0147451508643345","0.249993211371313","-0.229196175227058","0.551023768439524","0.354648954281171","-0.743107160251423","-0.202999835530136","-0.866640715821287","-0.0277947869814062"
"TG 51:0","-0.228313537271412","0.0975010763211565","-0.198182567815939","0.277353715039813","-0.109359026761862","0.00712107691708333","0.325470133185673","-0.0454495817689419","0.392173817984203","-0.181570508910524","0.755293187613325","0.183749033779157","-0.0968501852729664","-0.0599301031525579","1.34752888854793","0.0406785544102022","0.17432870598926","-0.905798008581793","0.647357730836273","-0.03598608820104","-0.063583529624585","-0.347466411491505","0.00991626294782751","-0.455259188752792","0.324821118159735","0.19704144831441","-0.227781705022867","-0.132254251517333","0.415462940202435","-0.516659793362816","0.21891235650056","0.327657062927998","-0.0374569211155276","0.223044127789081","-0.167509699746211","-0.408029133018919","0.265532791077904","-0.452636740433696","-0.590430140490207","-0.389357361073573","0.0179794751589134","-0.0163405546139532","-0.388419629615612","-0.391948574066127","0.0896791743934474","-0.326811785828654","0.137726822903753","0.178788012445526","0.118267514065749"
"TG 51:1 Isomer B","-0.337896862165845","0.579844583117886","-0.643929928003798","0.941798585685289","0.247098766060181","-0.290409113772309","0.492250277316968","-0.624066487856789","0.588277570752585","-0.121921023859358","0.782182994040932","-0.258684898878854","0.202433632359123","-0.0351948250482065","0.997227981020741","0.0124555417500596","0.46967051111822","-0.534066613890583","0.868643977507143","-0.314182377302981","-0.456413396020043","-0.489824199914557","-0.262155519544362","-0.324855350985528","0.300749243967554","0.232949323394465","-0.38410544777206","-0.0129651849400998","-0.272265137724144","0.199867613705262","0.193907961868271","0.280095081764253","0.287968295893824","0.296103358547789","-0.0155245723771802","-0.845472664928712","0.357083591507496","-0.226797087440734","-0.65535289043843","-0.849329550400488","-0.200572991227323","0.251472842910614","-0.474324033009352","0.400844017943011","0.131366250927686","-0.59217500117756","0.383364106700279","-0.371202279768121","0.0960313285877871"
"TG 51:2 Isomer A","-0.31307264802241","0.756486096177137","-0.790673467137221","1.06141308449385","0.505536431543459","-0.306896505839292","0.293733560776972","-0.462444159386448","0.55468646281553","-0.470640041022365","0.433192436622528","-0.573200362119878","0.240261039396578","-0.302029341144647","0.522959478959333","-0.057784507590495","0.605234820576655","-0.0916406500919618","0.630730109557752","-0.00770118926620996","-0.568899211167188","-0.371347043752488","-0.106850641560972","-0.427558924937495","0.265154144281891","0.209307925342595","-0.17288198899325","-0.26428040379946","-0.0676682186322939","0.220476184106121","-0.00404884466235082","0.236428385285753","0.317574809632924","0.225299953679392","-0.0290664037798828","-0.609364139072005","0.338927491440823","0.0997860198544282","-0.572965361635217","-0.740664626876037","-0.210102979515666","0.224335745693614","-0.353834045740264","0.576271750352402","0.389438252974972","-0.480149698784511","0.447477846674586","-0.742564980344336","-0.0563816453649467"
"TG 51:3","0.156145024267728","0.994586176006519","-0.65804737341585","1.16974084799039","0.74828199129356","-0.18914659197347","0.129492027256492","-0.561309639512745","0.285467188591468","-0.544873625958844","0.316816645630203","-0.533053533482476","0.222105551040056","-0.0369898105644933","0.203964472083928","-0.290646353956725","0.698877358646854","0.112124242586544","0.400437975012025","0.0180945399086124","-0.615477343436235","-0.294824310596298","-0.126416510170854","-0.540329538638886","0.408838607840977","0.102178780130298","0.226710580619853","-0.191772311767554","0.0814365209138447","-0.0714703166666002","-0.187692461051249","-0.0425884047205694","0.32093956680763","0.29928165673489","0.0760626604987881","-0.733959529848245","0.418948755910072","0.0190735488529342","-0.4321062257837","-0.568366723739795","-0.0344878773251491","0.100969848088155","-0.349686364499756","0.498464426820339","0.347589459901445","-0.497945943514408","0.0826474101628841","-0.720933270780247","-0.217151802192339"
"TG 51:4","0.354950482274552","0.910441247262299","-0.366444072802771","0.856626969425507","0.910441247262299","-0.306861416545399","0.484707114385152","-0.647836491571791","0.136194247944391","-0.383374895602316","0.0527411979678724","-0.414560813592971","0.242346804394679","0.137349814053945","0.000884385553930841","-0.187591920761103","0.515670877513367","0.417629562924534","0.100869989546937","-0.0929076936195814","-0.363065499254774","0.0155342131825386","-0.397579623047641","-0.552041898534777","0.437172339606716","-0.0202277092793446","0.00607943644769256","-0.0492185707060966","0.353944257512775","-0.0450447475480379","-0.39374787513832","-0.305975591895142","0.206578186133347","-0.148343314595209","0.389384328385723","-1.15789395332523","0.549037869159843","-0.0649996867807744","-0.352513689364002","-0.157398518034815","-0.102980710702655","0.0782066279112662","-0.075464021579105","0.120502344255098","0.0863180534667215","0.0523836167714111","-0.0503982828881668","-0.604916905070556","-0.174607311102025"
"TG 52:0","-0.407926899007622","0.75058058409946","-0.260154086212768","0.426163465910155","0.374741523471906","0.00912695771984353","0.442002781361153","-0.582422275263263","0.42724911152602","-0.232102088511273","1.09887228237681","-0.0988981213552449","0.551928291585122","0.0206380781177708","1.41254874075329","0.0424291180848586","-0.178091516417686","-0.623525744791616","0.682239485945688","-0.448684124763228","-0.11620697640886","-0.229549710447646","-0.0857920082568562","-0.738318949481701","0.403868310743995","0.317354492180079","-0.370941917267705","-0.411116775596618","0.941079746952646","-0.236577743419201","0.0222523475556923","0.241698889694413","0.0631381360137818","0.379148088931327","-0.360245008430955","-0.568963977335459","0.824392439471273","-0.608550407088038","-0.493980756068274","-0.684402649084845","-0.422232969692294","-0.312686887960436","-0.542272728880827","-0.320860442346976","0.00573711364356875","-0.52481928161234","0.00186087523024774","-0.393457469971714","0.813730654304352"
"TG 52:1","-0.435479417530895","1.34716193453711","-1.24941749082766","1.04972006111637","0.682137266384864","-0.231444116790432","0.306572478469969","-0.690861610269151","0.630250282812199","-0.685481713851174","0.857868277613671","-1.12899123771009","0.626608209938086","0.127271445441464","1.0957916417089","0.208065061751858","0.204936596911966","-0.299594410012309","0.975770845214986","-0.490910974047148","-0.352312142110715","-0.0846849118045521","0.112615797063019","-0.394524881150264","-0.578386724958662","0.251617073617261","-0.263566088286633","-0.702663495626271","-0.00410579853121299","0.183491656940853","0.0091981160319078","-0.149988010676399","0.438145434654614","0.527748081872644","-0.401557983894808","-0.648355461810071","0.806676527704638","0.130130856836378","-0.617464143161319","-0.614353811102824","-0.573568649837911","0.121215556437753","-0.235375180677312","0.435414665478625","-0.0651058751651526","-0.4601623324483","0.368696728968855","-0.633663534507554","0.494915399280817"
"TG 52:2","-0.459722661269997","1.03097654161319","-1.27192985797959","1.0543601906981","0.885887806287652","-0.223905019280542","0.262394632832897","-0.561908634462056","0.319872364158547","-0.967260127840442","0.449550691421865","-1.31858829189639","0.478195049231792","-0.106668786431021","0.385180441319981","-0.0352797014955466","0.635510614920543","0.343724218793542","0.496314369388497","0.238846017482008","-0.550458377499964","-0.187892688915709","-0.0450082207682586","-0.235688305626401","-0.598934562196042","0.110181604431319","0.0505661635569457","-0.878158635204902","-0.259025369064806","0.453684653921292","-0.0666657681891435","-0.0995630912536901","0.511540710936934","0.407561075986488","-0.00858837609308359","-0.503156206943049","0.524330962416238","0.597962338530284","-0.545491934445163","-0.41813897596857","-0.163480262559144","0.1966066389157","-0.247913814186802","0.72042790959456","0.102390125757509","0.00239582201926763","0.409358169010336","-0.764547762588123","-0.149843681067054"
"TG 52:3","0.176316462303487","1.4036559515055","-0.956734355150533","1.11670677210343","1.13442509551359","-0.205277668545285","0.0291076150727719","-0.493720798352969","0.224372121733869","-0.938276833869303","0.265746446169945","-1.09577022837496","0.281001916889208","0.105865659200155","0.244643684005002","-0.282439552313751","0.614084580010687","0.491390088467607","0.318739796747805","0.371353864151728","-0.514943945489885","-0.0310885611687495","-0.129306598568693","-0.330346109382777","-0.623566128093984","-0.143207558480036","0.258740387990415","-1.00537383928544","0.122940259804297","0.116290289842655","-0.278161323835066","-0.375923757243778","0.464421536281991","0.400092894210031","0.0912298746407423","-0.510470556794603","0.523743092204944","0.51133090749632","-0.465902128159442","-0.254868642134771","-0.0617828391497458","-0.0344821987380615","-0.157865133780287","0.558583049743439","0.0610626442257343","-0.232738622951447","0.0685069576109797","-0.725928129525606","-0.106176438537165"
"TG 52:4","0.615435315187057","1.46138622186049","-0.769859694554996","1.02098050031502","1.56055085925302","-0.299672401664874","-0.170156210712444","-0.420928879777663","0.119068606980748","-0.827985916579831","-0.00626807348534116","-0.84283251327049","0.279014585390764","0.283415663791725","0.146172220078623","-0.366262607748699","0.662732517889217","0.480901949866459","0.250126532299195","0.400962234213131","-0.487803193661747","0.0779750073924013","-0.208795395500265","-0.306080657483653","-0.551706417571256","-0.313237608470039","0.37891434064152","-0.92647269646574","0.383934639088927","-0.105591820698807","-0.35158224278499","-0.537802838461172","0.445748701350373","0.234072606641508","0.144527884456748","-0.656725393924125","0.512015797145998","0.288886036532398","-0.364975775725338","-0.266587695484262","0.0473616340031229","-0.150733444839897","-0.145425150451626","0.485534676970709","0.0302947621725412","-0.31536048667836","-0.138485475520477","-0.652138440249978","-0.126542261755617"
"TG 52:4;O2|TG 16:0_18:1_18:3;O2","-0.554804407209492","1.09537809232809","-1.094175162826","1.24994580248716","0.531394738611729","-0.615956123746189","0.0751125826248276","-0.074530526448258","0.18190641683848","-0.930246464076566","-0.23780287600334","-0.924705254384241","0.330950884037703","-0.0800623380558398","-0.00172616054537635","-0.0622874792890042","0.745200845711005","0.416866349214207","0.347155658416531","0.577991964738744","-0.14737529986986","0.358356219968847","-0.585686574953995","0.333315296970537","-0.547501463779949","0.0866763795315806","-0.272075194169306","-0.702922642177308","-0.565243233792073","0.0327433750866882","-0.16554173598564","-0.121699268283101","0.414700565484006","-0.39543938346544","-0.181546728035088","-0.308520782479256","0.893332657455645","0.555479872075529","-0.299877118625226","-0.0743032310615804","0.158236906907389","0.244309590210724","-0.590242101740334","0.330282371528611","0.0423279801568705","0.111599445094742","0.531588883291555","-0.600692360058274","0.490111032289525"
"TG 52:5","0.453401123005527","1.21867199800841","-0.48354066931998","0.874070718036393","1.66898222072306","-0.286098562890569","-0.260866442149859","-0.374601722685378","-0.127226745738661","-0.498812895739469","-0.27783693228449","-0.367864512621326","0.259506128662949","0.37063952647905","-0.0557346380868508","-0.470205450630746","0.426471766527412","0.39206249544096","0.204629860442773","0.199557478159299","-0.503171695031427","0.0187495609379314","-0.270634211876924","-0.338598450775582","-0.0258979142677619","-0.110183628133332","0.356270170243041","-0.614545974060991","0.534888114679778","-0.256825513486778","-0.251203123503845","-0.223441344583967","0.4983155397284","0.148563975308284","0.056942967330514","-0.325591663608523","0.427301670519609","-0.0499311617941981","-0.409776884909995","-0.204813255987765","0.168980380862139","-0.220038091222702","-0.290727932950074","0.299898945310215","0.210029633306571","-0.380561733641617","-0.271760536655235","-0.465253217126834","-0.372189367947438"
"TG 53:2","-0.517722473306623","0.910283214314987","-0.884351656307443","1.44857390964745","0.35660779320626","-0.173925251082822","0.259810141644319","-0.439043778859696","0.472046080564204","-0.519726188896021","0.601817403473111","-0.701807827284841","0.353702590714628","-0.258971016169386","0.846940127963159","-0.0561629328176606","0.596214863978077","-0.0697165899226943","0.780234425591961","-0.142956395907933","-0.469477863708475","-0.355993296117952","-0.153215774140542","-0.457674466340492","-0.0164915358901542","0.108070882537734","-0.111250298168162","-0.454784505268973","-0.118379641324357","0.294434829029243","-0.0589264033598735","0.224854419608255","0.468851038777727","0.217310731304822","-0.195825293014376","-0.721605123558301","0.367111706492305","0.129119088296194","-0.489960458077489","-0.744308100492812","-0.219406219926623","0.0330746259137727","-0.210560059820784","0.378591753813537","0.142313093110805","-0.120263745959627","0.348656289002198","-0.605808783541977","-0.0703033297186615"
"TG 53:3","-0.0330621480002887","1.12094418417109","-0.839209081558598","1.46216687980612","0.855472109057219","-0.0703860920231643","0.0604457297667367","-0.43038909678057","0.383400994518238","-0.77530988589824","0.374789281617388","-0.648130148390972","0.182207235724356","-0.297750541508706","0.56884958210843","-0.210549111950422","0.433033952802733","0.266096019502369","0.579487631620625","0.0149394146037004","-0.499521958257632","-0.180812621870586","-0.248202575005491","-0.604898579471707","-0.0393655284471576","0.20275216133812","0.0628234877007687","-0.501201574312417","-0.0636421211605992","0.0419873405591744","-0.151297985523441","0.00612721596430689","0.288193616554669","0.170177702899612","-0.104959562269803","-0.540906986125439","0.258214448574287","0.0767754853151782","-0.231436392285379","-0.527466517986855","-0.0364958058030357","0.00397747875032512","-0.213883648436838","0.376705638437385","0.232826823156068","-0.247735735421523","0.180170845622797","-0.532291355830534","-0.173660205852291"
"TG 53:4","0.21176722365103","1.23338234592052","-0.595177460456822","1.41409860253425","1.20035802693846","-0.19447857983166","0.0457012738566619","-0.578827646806572","0.1219996361374","-0.288422888090363","0.195505184543","-0.669195315771118","0.171767290574367","-0.177520822387131","0.222564082877167","-0.101977347124979","0.518382821771139","0.283028021234787","0.479751772052993","0.118916184764489","-0.403675846358318","-0.0464484751894831","-0.340567800000024","-0.683599528557103","0.117769419302703","-0.0853300071624225","0.36528812001056","-0.368156775904966","0.18092910407197","-0.396379638520626","-0.319019531742334","-0.0896436004148044","0.292613487703744","0.0898241193840997","-0.00808329783004959","-0.678330228095832","0.210537735210735","-0.147368693958131","-0.285163732857066","-0.28174745507449","-0.0862840962108349","-0.0409811965199489","-0.425054081314598","0.254685469672272","0.209069521129385","-0.198965354910944","0.0680247799324697","-0.456956092183254","-0.0586087300003287"
"TG 54:0","-0.398486160161925","0.689349693087529","0.170938346407562","0.15721259123048","0.646308982813305","0.424481684826523","0.206338009079927","-0.417148618480473","0.218055797517355","0.0470955128038559","0.362555976326692","0.192480612221775","0.192071370347672","-0.25810850575403","0.86235349223887","-0.0148270167016682","-0.291527463658226","-0.279423136151045","0.0852227118709226","-0.276508148108029","-0.186844234383041","-0.244584517734209","-0.509156417779206","-0.699809696028335","0.972450973323388","0.576468427327407","-0.389171032252538","-0.0975994141842491","1.0135538202004","-0.00475148626367247","0.38006639407247","0.774155270425904","-0.0905461774360976","0.329679944088593","-0.229763592035679","-0.354867639984883","0.430614508292102","-0.81074605079244","-0.543423233584963","-0.490701742518398","-0.0927826180832336","-0.592832857247041","-0.487201448050511","-0.448137791303131","-0.223518264895643","-0.422286834138931","-0.04646739065297","0.0100192235262826","0.159748146335551"
"TG 54:1","-0.549701126645845","1.59304566463558","-0.82261188429295","0.92816020479837","0.484574433283717","0.123439700480805","0.155498984749869","-0.740880531455481","0.616953452101351","-0.533467746104792","0.722304091206033","-0.453003578464228","0.387941376984129","-0.097522480718889","1.6132248478195","0.178098486614254","-0.181697506926154","-0.301513776685949","0.924562039876325","-0.619169701630967","-0.216847046865379","-0.163197580144905","-0.102473043956487","-0.575059746668834","0.0658445794248429","0.617866213342173","-0.32874483122812","-0.462468751584609","0.556143031362313","-0.14368324353553","-0.0840730065943786","0.0299767488488126","0.244238731649198","0.434134509015289","-0.423305041509461","-0.709374449990705","0.854370442851699","-0.463681590915536","-0.393982939317125","-0.504351254835911","-0.501740450840615","-0.196259757363003","-0.43495857265844","-0.0194390775876321","-0.253317817177638","-0.337363149918667","0.0167884108377366","-0.50960987533894","0.576333611075176"
"TG 54:2","-0.572750734518907","1.8147734967186","-1.09428399556156","1.34604924512933","0.807702172650424","-0.1726849832831","0.020966381191115","-0.6398103100426","0.600580741519796","-0.783682159670506","0.511246378857762","-1.10891645214623","0.313445647004246","-0.345789968151156","1.04655342438129","0.0468534202989939","0.134045695183182","0.180728809681987","0.872691018258975","-0.30523291054405","-0.319169469958011","-0.0235508195403785","-0.0498287477267482","-0.327725134458734","-0.352929375718185","0.761276253166182","-0.126332779045789","-0.890559230210852","0.0962543900774908","0.205142042270952","-0.183533086811222","-0.120163258810436","0.404028748302156","0.16104617442336","-0.274160438350528","-0.717791045243386","0.70341407284281","0.194015143286446","-0.448863803049141","-0.254317037605938","-0.285871469293481","-0.141447119888208","-0.157698003273945","0.0937174948380668","-0.369165235243249","0.0093516835232639","0.053827197363825","-0.601992749069529","0.290540686245618"
"TG 54:3","-0.220209918845354","1.70330919335803","-0.864767079140627","1.29850204410028","1.05812931626692","-0.275455567099795","-0.152185954056638","-0.487726599905549","0.522467527133666","-1.02176481102789","0.232444144225614","-1.26731148695366","0.313869242656112","-0.567035898940362","0.375112925109852","-0.137248320288016","0.155658178915681","0.858649997815266","0.611483838375257","-0.140389500289146","-0.388283106892775","0.205052541957438","-0.122824525622058","-0.0300267981991378","-0.167729178764128","0.390053975290651","-0.0706409839734418","-1.07955197838598","-0.0489360191982961","0.192777950041155","-0.375528713180927","-0.34210270943173","0.309411089858289","0.0640514869881106","-0.00381255655373024","-0.513422065983307","0.511487681019908","0.339418426377915","-0.437058781996951","0.13725930106548","0.137453474112622","-0.279845117633268","0.0639854359745684","0.115067684565573","-0.414259895631046","0.328654359580306","-0.0178364648786119","-0.603420004684463","0.105074222768201"
"TG 54:4","0.224069489399554","1.97183807557488","-0.636753737289143","1.22731966861548","1.3543799404869","-0.121999653280297","-0.292870206493175","-0.548627813658855","0.277433131390969","-0.85126162859346","0.0979302132573922","-0.992168841498747","0.217259265575785","-0.374962308721595","0.147956378159956","-0.220785267931299","0.136215905839625","0.914364595636806","0.427101755772354","0.0846899010690993","-0.360578389787489","0.446820628282204","-0.28878164538311","-0.181953872369028","-0.0808257958789266","0.0122748969883479","0.21161841437027","-1.04291885036982","0.240639451917496","-0.238168435655478","-0.460341526169549","-0.502096882382612","0.418641245431324","0.0886781753618652","-0.066524976030713","-0.518752653622873","0.453136347965269","0.046224792167464","-0.250118371650107","0.18218100177473","0.058919690481759","-0.395972153950262","0.0116829002144799","0.0673128092274867","-0.318462051882479","0.1469424841626","-0.328425090555067","-0.475488153605238","0.0832071476352303"
"TG 54:5 Isomer A","0.574942823550784","2.00346493040208","-0.484363402466752","0.997448820105061","1.72705834261178","-0.231212190208323","-0.288684527913699","-0.425832373368701","-0.00773547108094862","-0.574633796137549","-0.150045964392707","-0.580444876110334","0.262524648016343","-0.189082968488281","0.0556364747219146","-0.285022629571658","0.144165564643691","0.688103277115404","0.256433978396324","0.124698946029202","-0.411370836018331","0.528664832997497","-0.417307333909075","-0.259871073622075","-0.191977075927674","-0.278022415306416","0.305250643784586","-0.726928512975905","0.372502941918304","-0.366194397641871","-0.374824044225798","-0.40640057336264","0.575838916447098","-0.0263072493811768","-0.0884893505665638","-0.576257635779936","0.401343155396603","-0.189758874037623","-0.196321146425708","-0.0880925017706526","-0.00322886014557258","-0.311477456272996","-0.101737757822235","0.138928993209212","-0.195824690293543","-0.0211147339100614","-0.38761034803246","-0.318162805389432","-0.0026694167891869"
"TG 54:6 Isomer A","0.799300552976019","1.77855576746761","-0.323117537100708","0.643005690455436","1.90424114503455","-0.329334204128486","-0.19896233459281","-0.211835226648624","-0.157822306691391","-0.377098719493388","-0.199074355486216","-0.274989951260091","0.204021936337589","-0.00808977305527139","-0.199660628591587","-0.408804834952599","-0.0151532354870399","0.492758384956333","0.162821306100863","-0.0240536364778106","-0.321463697973882","0.424078052945655","-0.313254090086673","-0.262764327570901","-0.225603758568224","-0.300969728009831","0.186353245052668","-0.541523326433868","0.651111399245392","-0.420379664512078","-0.437619209587929","-0.189045318612757","0.483299735120062","-0.222107938414624","-0.184090162569698","-0.213885274410235","0.405213078057206","-0.348111141396813","-0.17387368154876","-0.0494911166605029","0.0293620639477407","-0.367696540249656","-0.0991385153330145","-0.114523995449446","0.123321752085928","-0.186537464438108","-0.362005415324795","-0.105089850464319","-0.120273148200921"
"TG 54:6 Isomer B","0.379019086443304","0.870458466187634","-0.273268598010183","0.360261433618833","1.35174023166621","-0.149750173262878","0.0182284140580303","-0.880225510614855","-0.0327952103212609","-0.365883973977034","-0.172239476157462","-0.082617658759786","0.166608464831779","0.487687870335917","-0.0247237156976875","-0.24912512439964","0.297292001793964","0.281001273854077","0.302586274618931","0.117725617815933","-0.443616201334311","-0.327931105296608","-0.110838151179937","-0.882185381190605","0.173595655214229","-0.225327803100327","-0.0167436409827359","-0.333120490644891","0.397165445807663","-0.472492478990768","-0.0265158919221913","-0.323183522154988","0.0955496349109547","0.394825497400422","0.473538896281239","-0.369905836350753","0.441308761647273","-0.0527948065774735","-0.0546954278171087","-0.0497391474212288","-0.199464677827423","0.0291775180574522","-0.132003636009481","0.743836308810994","0.104633597803759","-0.2108723786962","-0.413154281852507","-0.198489357596672","-0.412536793011605"
"TG 54:7 Isomer A","0.517667189333751","1.55167713577464","-0.2966292020861","0.35261522870006","2.08418603666181","-0.264203184814451","-0.309564207385926","-0.126353961831947","-0.141526574072777","-0.0368763982152524","-0.0240409050172457","-0.201183742966305","0.096191017145588","0.168859765356421","-0.124269998223721","-0.235772774445385","-0.161701939380058","0.172294765320324","-0.0840315185841429","0.0170474691424409","0.0232096366767872","0.0341620626781031","-0.402027739811821","-0.216425345474166","-0.269125845726734","-0.0589789730103646","0.0391470378902381","-0.392062645423945","0.663935476958045","-0.253868430130274","-0.269605378486053","-0.184278361211849","0.289482320086734","-0.233540654742447","-0.34298822630653","-0.508541383349392","0.24135455369404","-0.263619082924362","-0.0717387359046822","-0.183909345865311","-0.124868555813763","-0.315603918881551","-0.22036388983921","0.00519059678386637","0.188274897442193","-0.209171078556015","-0.226919256397983","0.150142840788239","0.158353224446486"
"TG 55:3","-0.143937163145707","1.01894680177517","-0.395795970329653","1.68034720003726","0.383050208823964","-0.206827537802156","-0.146898240726492","0.168370243246471","0.443222978169906","-0.648970426973715","0.198593318485872","-0.405509861379854","-0.0242794841653488","-0.638870216012194","0.212971365658873","-0.0518486881303677","0.08329877078877","-0.0165101989895874","0.559299408665724","-0.396394695367561","-0.40634196580607","0.184451076234168","-0.505051934379206","0.0522553110240824","0.27014990399758","0.197033829779346","0.0127364040494887","-0.268557234026405","-0.0168072636804767","0.132913657403672","-0.134965739717859","0.0289126197044968","0.167083184943345","0.256515777473852","-0.0707112828094417","-0.315105160133819","0.030756356469102","-0.195043104222585","-0.137978832674587","-0.276874677285867","-0.0518041185881822","-0.0754301447741667","-0.199234607923526","-0.204417003108613","-0.0240867552228902","-0.0274438246970297","0.196149352300909","-0.28208871336202","-0.00927292359667031"
"TG 55:4","0.171647594038119","0.966752702686321","-0.530006905040433","1.02497012444611","0.649128505069921","-0.321262674151484","0.127589848736931","-0.201879902596198","0.141301885978559","0.0900574538502948","0.074130266429071","0.156980850047171","0.0763026289905682","-0.21532928951581","0.17038942337211","-0.429757296682454","-0.17859465813858","0.424740545814124","0.258942025617352","-0.268288635493058","-0.0862588956728832","0.21598327156487","-0.396967513280435","-0.699865339887566","0.206715357988075","0.0165524581428546","0.0828836174731457","0.112320424183601","-0.353705958809072","-0.0203760418758497","-0.0828243137173189","0.256346871454594","0.294532650759934","0.175553737603736","0.0152601826262761","-0.349607104722606","-0.0539225189586737","-0.589878076592851","-0.166228578791908","-0.0534289672010983","-0.158685106511515","-0.687467127997046","0.182030197652914","-0.147745258654743","0.0452664854350817","0.0544972164855744","0.0837534426614765","-0.187036300645255","0.104486695828049"
"TG 56:1","-0.51122359760261","1.3434766078424","-0.293137635231418","0.822433484197314","0.395552329522888","0.00404603562418381","0.0267904479255516","-0.481685883652694","0.680376574204474","-0.0463808637403321","0.15351379771613","-0.0919465990260343","0.180058832774881","-0.31177221370932","0.836337836069932","0.184315169907624","-0.162651930808342","0.277065329085307","0.380602089227498","-0.39732140312294","-0.249140983192425","-0.0924524418588313","-0.538685473402542","-0.2663701532553","0.415743263796102","0.701844042722136","-0.263674964222602","0.00579074669722074","0.190024440065569","-0.10481560806688","-0.119637474716594","0.389601852935565","0.0800511656167563","0.315894536132934","-0.0543092968587605","-0.634107362067336","0.380326629445726","-0.687373843005718","-0.646521178833047","-0.188688730223108","0.0790844214398455","-0.389154081601867","-0.506542108328642","-0.197584007135025","-0.457539499827906","-0.138208920409922","-0.123871018248992","-0.110523822729278","0.22239146192842"
"TG 56:2 Isomer B","-0.46532478219992","1.544369191487","-0.167474504667077","1.41672370518046","0.771379409880524","-0.298589918332474","-0.212522873038464","-0.494848534490119","0.483279284199624","-0.48705254247477","0.281468956556474","-0.274093173453756","0.101257318520552","-0.383108794826397","0.770782788673421","0.0787437904841948","-0.279909910139312","0.681131722142825","0.570063256537313","-0.629202613945612","-0.392112192030437","-0.0201926705964571","-0.364151895018277","-0.346785103065235","0.321141551443822","0.920927035033748","-0.397203985368577","-0.18550992762014","-0.0465783074859804","-0.239514149975173","-0.346618077951051","0.0911234845749353","0.189212029988778","0.254589972196853","-0.425003520198427","-0.41723797313946","0.48068755848873","-0.44105505757859","-0.285975783352649","0.485206751009322","-0.165851254459946","-0.421163789851467","-0.328149113916293","-0.0651607278781133","-0.40938921979126","-0.099573576084403","-0.0744837049331755","-0.429332935396647","0.151082806861086"
"TG 56:3","-0.245290333328544","1.64268368735468","-0.583189184562554","1.61892481710857","0.995588318300476","-0.287282152653951","-0.362981296650845","-0.384622581873037","0.557789527280524","-0.696978491412346","0.12918810433978","-0.798582854802719","0.146427809308933","-0.588346768037559","0.439256552380163","-0.0644414367632756","0.166459598134097","0.880571067256834","0.492196086067802","-0.345860190077254","-0.440178081597928","0.138895844151784","-0.257358949943099","-0.199066728704404","-0.0607069183837669","0.676659699335509","-0.0803014015446939","-0.752778437971968","-0.112761634597627","-0.0944806230924985","-0.278402383267436","-0.12684802438573","0.309924509101947","-0.0451146668866054","-0.227360261297615","-0.572254147779165","0.468338563437207","-0.087470374755158","-0.286192147928821","0.869708389324778","-0.0631755614982951","-0.441424030007409","0.0978578624056559","0.059713107531417","-0.333709025319891","-0.291464572545799","-0.202251010913091","-0.403266993780463","0.0239577235433899"
"TG 56:4","0.26539386408212","1.4682273816103","-0.686903547528969","1.3832859918061","1.26285714017904","-0.32530113688054","-0.255807298843526","-0.324849001542305","0.44686377250245","-0.384403821156027","0.0575211921886267","-0.75803038531338","0.283348853191659","-0.32394818555649","0.160806052115189","-0.269669145341748","0.358276322016586","0.857464884375202","0.365718349933175","-0.186395413356826","-0.456985632692697","0.153876755312582","-0.271458388208794","-0.103295944644033","-0.0614377175701132","-0.0734386371208727","0.238660118093135","-0.605046430258607","0.0121940899481484","-0.248796390841949","-0.182841419523513","-0.306767811874016","0.340562747262497","0.120175139092936","-0.0699436745497416","-0.617055527702362","0.283686625719159","-0.293974085284061","-0.405715354610391","0.542688487517882","0.121514133107744","-0.253441053640181","0.0430615802938907","0.172898149549706","-0.162246171043278","-0.212402391979043","-0.422838740584629","-0.633512703683845","-0.0425756185661954"
"TG 56:6","0.265195980504876","1.19027615975977","-0.730653202846055","0.53654727090608","1.09555029467318","-0.250744224032059","0.314267762436538","-0.522874613737691","0.369033737590179","-0.302934137854538","0.32237271299586","-0.340365982859095","0.393279048414847","0.43568954378783","0.396725472165571","-0.383404374587603","0.406721451069739","0.58783093422155","0.485417573750823","-0.0950294244237688","-0.570226993867447","-0.213694389122089","-0.0688516901642163","-0.715018658426042","-0.223092843309488","-0.393025153656199","0.324466479101347","-0.915267937915187","0.189575507832833","-0.0973628739074663","-0.400752282639976","-0.462673353302283","0.295765801844534","0.707879221028833","0.559077327558205","-0.698780924966928","0.43030276656113","0.00564940551652307","-0.262057750614556","-0.428023758912873","-0.0424590066713681","-0.13610784373162","0.0980001781545334","0.526908569465588","-0.079684044108095","-0.0466526190639716","-0.324167126472122","-0.445339035678982","-0.787288952468649"
"TG 56:7 Isomer A","0.321145418712856","1.21097868294796","-0.567520976245452","0.525081066400351","1.45008721584867","-0.345489351462181","-0.00582710585922098","-0.45796787797588","0.182080331501297","-0.324308659755891","0.203751827600634","-0.568014385548613","0.355051528882533","0.445303225463082","0.154810361493315","-0.32809011125995","0.271907029400656","0.479693870740801","0.357512487191532","0.297064215246027","-0.510477096083743","-0.164363071976741","-0.172560159447173","-0.687502446011237","-0.157098981640821","-0.61798858990199","0.32856999512915","-0.990378722211553","0.386408617268762","-0.180238282378141","-0.291211200604863","-0.517826288976917","0.291829186712502","0.449311872890245","0.469757324023986","-0.6840198739844","0.535950988083412","-0.071207908859163","-0.0261461304248336","-0.22345022912098","0.001818585910027","-0.214375541975048","0.131002829239803","0.454465734697513","-0.100018284944929","0.192196395934655","-0.50624185456136","-0.410515761167552","-0.372939898941139"
"TG 56:7 Isomer B","0.136494120782672","0.273780455816532","-0.942283667761474","0.69543854840482","1.35653352499796","0.059209791379358","0.423087696109919","-0.894298023372452","0.300029606716413","-0.216004146843781","0.837872076354327","-0.410209648772932","0.612236297639692","0.73967410898847","-0.038069415834847","0.0174780068775358","0.272440806051036","0.705669031971271","0.256727405583568","-0.0301903598619043","-0.72480014872639","-0.286415816883662","0.406213336992514","-1.0868713120081","-0.802865259895245","-0.417123967581777","0.0717549845970207","-0.565660757551813","0.37019222441408","-0.358086822293313","-0.56096054621504","-0.148823763702184","-0.0277556177336218","0.577459550640948","0.700565189601074","-0.578478652797656","0.390459687881785","-0.0128278499100084","-0.397507387194085","0.134051772378319","0.00766270184137325","-0.0985787661241733","0.128931791100336","0.659941045716016","0.174577018066506","-0.0724964168846308","-0.216084831211981","-0.836984979260582","-0.585102622481892"
"TG 56:8 Isomer A","0.270205056871002","0.0897620747897115","-0.891258697693073","0.769636077192645","1.50598993450635","0.0410012109540549","0.300524127841074","-0.601326549568534","0.238348237147274","0.168049577764219","0.494501165906568","-0.262458741197728","0.371585744197916","0.766960078314854","-0.0607786898101823","-0.383761694212663","0.273589077782123","0.617213092248325","0.0122166066735559","0.2941358166562","-0.651337226567435","-0.266639923899719","0.294364668743781","-1.29059433453824","-0.25987540742561","-0.334857522890433","-0.0422039950977181","-0.512546486960518","0.533519956365628","-0.69070958047996","-0.0170279536626325","-0.572052791141321","-0.223317065937738","0.305189707003541","0.78275421715363","-0.91784923887099","0.376968898725828","-0.0358858565044335","-0.0574412539611593","0.0767571870243558","0.0736730477957124","-0.153476578511817","-0.107588873436255","0.634162373139821","0.247580503687187","-0.0268925105875133","-0.154514010998884","-0.376943694120877","-0.647349760409925"
"TG 58:2","-0.236551165270227","1.49873275189172","-0.27648841887124","1.28197214267983","0.565740557782028","-0.216552621637629","0.0647458542769248","-0.238301878826396","0.570341178830167","-0.23715827874782","-0.137105141572498","-0.231963123947189","0.036782230720133","-0.262862906106033","0.555735819728332","-0.0705894239587651","-0.363838549687488","1.18875973932377","0.243092957011144","-0.459111920419658","-0.217063284079252","0.043008468109158","-0.35952201083128","-0.270189065855847","0.132349050506744","1.00123179705473","-0.491886553970201","-0.214230236162596","0.0694957364411788","-0.0850632264324733","-0.202072417263442","0.104512628480071","-0.0531690135784329","0.0398651732846693","-0.25781986955656","-0.224996203893066","0.312884105596905","-0.710189194150994","-0.444666760382015","0.283446156421555","0.0547473378642758","-0.517308896458056","-0.181251393532239","-0.252378303773296","-0.414125138051844","-0.112421924283495","-0.155593570815466","-0.111041596951111","-0.0419315969367211"
"TG 58:3","-0.0971873137769716","1.46955973561318","-0.0178351662051799","1.83268609230398","0.796871212734355","-0.315057264238361","-0.46146909461719","-0.368576108469942","0.241081111354292","-0.487070022356911","-0.122038664992262","0.041518565232145","-0.0222562117432606","-0.206383147488058","0.463902618659936","-0.257366120358043","-0.239815698592008","0.95095232045092","0.00791294716267664","-0.35503661275768","-0.378826021814953","0.0763569726994124","-0.358425011653342","-0.367578089674606","0.0765726288839437","0.323515548094664","-0.331148874001493","-0.178791346266473","0.104304827971509","-0.507239937077932","-0.435242143270114","0.2493228634039","0.0991484911794805","-0.133987602488052","-0.151141454789559","-0.166466758023146","0.221117003981698","-0.690100285540084","-0.271037111082022","0.951631611762016","-0.074431888614406","-0.0627147231032456","-0.146293989661273","0.0463831480786444","-0.0142777463788407","-0.146075529327076","-0.155158065535551","-0.357405365144679","-0.0764043305240466"
"TG 58:4","-0.212289778375851","1.11335334365101","0.0883564389697615","2.04020212258202","0.901375064302755","0.200099689961788","0.174115658347245","0.252175701305749","-0.134534116303514","-0.1666703556355","-0.225127024619743","0.0729686945850007","-0.422513944650006","-0.0591246100142015","-0.0245829421605915","-0.43416794820767","-0.383429968346807","0.21498860689379","-0.0751612652761077","-0.381581341409049","0.187454750262477","-0.0240146788861254","-0.245812833950896","-0.395140693716326","0.0868459022630925","-0.0929539354254266","-0.19740081261478","-0.241807598463773","-0.0724895516893025","-0.220391598139684","-0.468738913264407","0.27357551096761","-0.0863791380578518","-0.138999074604038","-0.148882833336741","0.00719426598114976","0.081501616430619","-0.48850902952779","-0.154333556320303","0.782168086719225","0.354384026254831","-0.0587908443786365","-0.129477968477169","-0.153115467294885","-0.325900302787644","-0.351076643790324","-0.0616155835345048","-0.297718572614289","0.0419734463958157"
"TG 58:8","0.274601565271478","0.490323891126151","-0.817946267798028","0.927540671910605","1.21863039336308","-0.0190470313122608","0.26741300470528","-0.754507194161847","0.164316050724815","-0.231038467308603","0.671081285475028","-0.650050142844448","0.89877040066333","0.347995749700848","-0.0839685503421617","-0.00497833047489555","0.29267406877871","0.892393031734302","0.345516686044863","0.159807064227333","-0.745038633423099","-0.119210478923246","0.386500486821427","-0.667847274287399","-0.446611296014823","-0.635541796415682","0.0385078171912258","-0.677837398010039","0.467540931604668","-0.308821123662549","-0.843181661315129","-0.291691856991545","-0.156537785082571","0.429845325093548","0.60812702401395","-0.54164365828105","0.359687539367761","-0.0392081391133612","0.226531196070356","0.233253281292878","-0.223183960766795","-0.554081143343309","0.163650606725523","0.654065988762928","-0.251072679874993","0.149185940116407","-0.0565851311146029","-0.563967533027512","-0.984362466896543"
"TG 58:9","0.372998731384631","0.201502888330217","-0.354652414924115","0.912474188818994","1.46389002957831","-0.225289307894289","0.0898869996386094","-0.660127697245396","0.400868228034306","-0.0554633706136659","0.403627331521188","-0.601420540168471","0.459886944914368","0.424885030545186","0.379302879276945","-0.354879847197222","0.196715242523454","0.693632474916458","0.216618045637981","-0.106647387880772","-0.703478373582927","-0.577532857776638","-0.109049255719922","-0.657845054344162","-0.387699878251195","-0.668712037059501","0.26821141533724","-0.365701671049162","0.212813612768005","-0.596461650532566","-0.127996989533548","-0.265377953593284","0.163669853609784","0.374398726695108","0.484963056089396","-0.888868335302732","0.308240403391403","-0.072032975081735","-0.177761904267577","0.516439313291353","0.0806124704543643","-0.518838429318675","0.326832068041307","0.576865765439243","0.209805403045309","-0.0941252514742157","-0.299421843345941","-0.349114921712357","-0.520641155413083"
"TG 60:1","-0.329204913656337","0.998193299922856","-0.0611195408327479","0.394418258347752","0.18496373515634","0.188416951253549","0.334551886991235","-0.25338019139338","0.63095445205229","-0.0979985245305404","0.304812051826072","-0.0211965601806038","-0.0257975136779165","-0.0677036758963078","0.965157027692316","-0.294859079775665","-0.181714773137039","0.355916295022198","-0.063837078710881","-0.224254130490195","-0.0953690729233727","-0.12263714899256","-0.687969464754039","0.0834173425452626","0.460833237751134","0.826764017167409","-0.474937659138064","-0.0446223124663136","0.374192873977423","-0.444039519742904","-0.125451786773628","0.205773511459977","-0.716588794592911","0.174035745728682","-0.0386696094764844","-0.394990299369367","-0.0633360732399007","-0.472026886148344","-0.190657223375166","0.00456420232353143","-0.261288095411593","-0.234369895423421","-0.115767548305499","-0.339762939313964","-0.236732398702372","-0.0585947546068355","0.0160163443050048","0.191974943372359","0.0439212881429635"
"TG 60:2","-0.425811716020699","1.38062607750887","0.120768699261145","0.77493870957189","0.39966132120499","-0.0778527045031954","0.0779770375540473","-0.325728035965974","0.512824897891722","-0.132140835215349","0.0191057771222004","-0.0596170032253839","-0.00441963335428328","-0.214814058807525","0.421205818012149","-0.151877475305158","-0.499693645030942","1.02238485287555","0.182255514504972","-0.366927803797511","-0.115048995434375","-0.105399556703594","-0.478308167109522","-0.33825905417491","0.386071557346154","1.09444447318148","-0.375717397354672","-0.119782879529793","0.197151763751015","-0.115072462567657","-0.123262124949564","0.0566475368849162","-0.137307751041153","0.144153535613222","-0.212352064567815","-0.0301752692708373","0.152769508727682","-0.602132570938971","-0.385037649418027","0.239419979641893","0.208238449859485","-0.378357175615115","-0.185276801519965","-0.496100951224745","-0.348115842316518","-0.178772251551169","-0.0835223299456609","-0.0921853698136801","-0.231575934239621"
"TG 60:3","-0.105932941453455","1.38211652862952","-0.011888924269658","1.13339657343946","0.511739884535579","-0.165693987923751","0.0511650021847475","-0.288595175395039","0.260845325131729","-0.0715014642625842","-0.214319725049386","-0.175272172476082","-0.239897881805657","-0.235430362686822","0.222698256654171","-0.0196985849615538","-0.524127856459394","0.811975920084528","0.0364318891295849","-0.149126317206277","-0.278188027836571","-0.0142587490880791","-0.497588012480601","-0.271078972448655","0.328415444684826","0.531704083636895","-0.488594425418356","0.204125401540563","0.300149831479","-0.453452390681975","-0.144230747452388","0.313015763777114","-0.0822338838484877","0.0841954438965097","-0.151127857341646","-0.0603769415179687","0.144500143721821","-0.617913694109059","-0.210320004161726","0.355982819092721","-0.165346677838386","-0.00965802462657561","-0.273273437799775","-0.358282654387374","0.0700266543716854","0.0118344153121719","-0.276877326494471","0.100363183671361","-0.300395343492224"
"TG 64:2","-0.247875957776874","1.31865607280999","-0.183951126607654","1.14514795366873","0.416870330769417","-0.1493384254092","-0.0871078650942371","-0.0265140992341513","0.676617388936843","-0.409796408597787","-0.283364494277621","-0.10050002716263","-0.0349947927491537","-0.414851534814902","0.426398318049829","0.0959706684534103","-0.464709787219489","1.23328419547069","0.0963730491784732","-0.566588401334912","-0.0408750231058471","-0.0569717385359452","-0.415214497383906","-0.290767045775837","0.276567544570724","0.871302333279525","-0.432300531728348","-0.0273536510499539","0.0885531953543207","-0.00310570550556811","-0.164221982418448","0.180911202852721","0.0368485347971737","0.0684560771037386","-0.294302311865269","-0.368612930066509","0.189986269770674","-0.590381002972797","-0.589879162554135","0.407438494366368","0.08789810784436","-0.626694469908894","-0.182774639433966","-0.3760443756594","-0.412704439284038","0.0922006737278568","0.0848782558783178","0.172904062062597","-0.125466301418292"
"TG 64:3","0.143917393133919","-0.350872927307476","0.326370913487167","-0.328705338996148","0.0881764399142253","-0.0982281860077839","0.273254656840356","0.253985872465397","-0.106686495948254","0.367005437853207","-0.169557301410766","0.136333456983061","-0.244055105370442","-0.32755027668567","-0.0220564214510088","0.0309581492644143","-0.433402263429675","0.0881515664660617","-0.53033746630613","0.274188910649246","0.267167474389637","0.375544205622344","0.0487425547811385","0.000253552818245128","0.694269803418201","-0.374231161072642","-0.46312934714909","-0.296118776785444","0.166294260968345","-0.635713573223608","0.132533335635817","0.506359525009218","-0.234637012168345","-0.0610496128218262","-0.255246092623082","0.630607785127398","-0.256152019230101","-0.636393224778783","-0.121719403025904","0.451436774538607","0.025502361654499","-0.308059958651757","0.0953550468051679","-0.125584386560506","-0.347544253811122","0.706023360581507","-0.0135354412707991","0.300422563440017","0.357710644239163"
"trihydroxyoctadec-15-enoic acid","-0.940944984803548","-0.140979662623428","-0.251953094109837","-0.00893499061604002","-0.577166523066284","-0.490603568204211","0.378178584706431","0.145437248702381","0.223094799048343","1.60522715391428","-1.00332146208601","0.0473877690780181","-0.0466703162029775","-0.131516461317652","-0.0384945377545329","-0.0735756142521566","0.374294976641708","-0.0503093480525077","-0.0215328023454088","0.751875552229687","0.209008772631787","0.24131110642378","-0.147646096191022","0.414997187385613","-0.357886920293114","0.212809985991274","-0.77595709613723","0.217419013095996","-1.13529128350384","-0.191856383598024","-0.085080325833588","0.123182940722573","0.0550086990191102","-0.743386912291444","-0.309529991896798","0.46666449494433","0.0598611030656045","0.0995342977919482","0.250533004818645","0.352783122161053","0.164973927721364","0.126726032764463","0.120784293625142","-0.0982782001577455","0.330138883723058","0.561454955813553","0.196756511650916","-0.483539931117255","0.375012088783598"
