black	darkred	green	skyblue	purple	yellow	darkgreen	pink	midnightblue	royalblue	grey60	violet	magenta	darkturquoise	blue	lightcyan	darkmagenta	darkolivegreen	steelblue	paleturquoise	cyan	lightyellow	greenyellow	turquoise	salmon	darkorange	tan	lightgreen	red	darkgrey	orange	saddlebrown	brown	white	grey	Probe	Module
-0.37316782639423	-0.5144174479097	-0.605734709104349	-0.134028756197139	-0.41247279035068	-0.192327890820319	0.134515260385738	0.178067260392189	0.138469879600425	0.15111216081182	0.192054197176833	-0.223067773182839	0.239988477047667	0.701111761315269	0.409086613159471	0.255327314464645	0.422817454550206	0.462245028507127	-0.164206221595868	0.218746184227426	-0.091142215726655	-0.11159955191965	0.298232699546558	0.518054174603852	0.0131983205824515	-0.299771299319614	-0.582674838571278	-0.143192052453066	-0.104485118753601	0.051090415163228	-0.212276262447846	-0.0758230824616277	-0.466336709958238	-0.368808817037323	-0.266435415854199	1,2-Dioleoyl-sn-glycero-3-phospho-(1'-myo-inositol)	grey
0.876912132170241	0.480779808574501	0.565745150540135	0.500307682164466	0.150034993394424	0.111558651447328	0.0538926047771731	-0.246443514820139	-0.200899306690259	0.0720747515701426	-0.220885002521178	0.00283492972628148	-0.395752163673512	-0.567154763537878	-0.308081693733952	-0.249774267715354	-0.404122768182332	-0.306318229018292	0.257069395901769	0.216177270849157	0.335390671583686	0.444620607036133	-0.167977737842661	-0.36408821022711	-0.0853531030640812	0.349696095226289	0.345820442073076	-0.0938953669346724	-0.24029530316468	-0.185631535351361	-0.0130667276201791	-0.267960210049891	0.17568855175138	-0.0962078927295342	0.15594521226784	13-HODE	black
-0.025902031657396	0.224806660938732	0.215197867751945	-0.0369372353639941	-0.114013001458527	-0.0888198532980784	-0.0232189224804976	-0.0101470628694725	0.0256329351704463	-0.0135248863248367	0.147780887802612	0.247093488434306	0.0808572355727901	0.0692942182661716	-0.0306217593020116	0.0147977828810463	-0.0707544044028809	-0.0310595309961725	-0.0840318195079926	0.102598036125083	0.166127552417933	0.278343738410117	-0.269900456861173	-0.123216597434966	-0.0828103507618457	-0.0398920046446805	-0.0524517370201278	-0.0574523120796731	0.0959550992615927	-0.198062734967176	-0.00130836297030746	-0.0248224781043986	0.271952412948941	0.212221119949761	0.00806056216146823	16,16-dimethylprostaglandin A1	grey
0.880325223111652	0.514477313439363	0.616247308043503	0.738783874555828	0.181585430802248	0.382192842377238	0.077074529145261	-0.118925373158737	-0.115391511292944	0.0937076084801321	-0.253131948885125	0.0465824602959402	-0.400280964543392	-0.29342486413753	-0.391699591063557	-0.396484937769585	-0.508181519985389	-0.359119001805234	-0.0398403205185494	0.444932583404576	0.140621888911741	0.361234789795636	-0.0802305894387262	-0.171499854180234	-0.314044863523033	0.11321060288702	0.0223973819649933	-0.18161419234382	-0.437084302024329	-0.211400698331151	-0.210973876340529	-0.456745035062909	-0.0386352465747465	-0.336936002690566	0.325622033247075	4-HDoHE	black
-0.0782456688465536	-0.133321878524415	-0.238102356281503	-0.068960411273462	-0.334542802459894	-0.231184617647079	0.699204300781619	0.318710754543953	0.255346443235116	0.2310074220222	-0.0400850193981774	-0.206831267033043	0.164625828268146	0.159390201821996	0.118086922175786	-0.0582788560464097	0.139061529124681	0.433066108062344	0.0255625878311756	0.221074223806201	0.17322349085472	0.166567256185737	-0.0503635627910063	0.0704320416216489	-0.158357322737865	-0.220420288369839	-0.21966710151538	-0.197341125914998	-0.257083246941973	-0.165193544729594	-0.15772740034783	-0.256623030102667	-0.26994054692572	-0.351377617761867	0.0517425343713567	4-methyl-2-oxopentanoic acid	darkgreen
0.911454212961354	0.43025135340329	0.66724610006106	0.641368716344892	0.187693755412472	0.273190850043433	0.000960086516368472	-0.198431861972258	-0.226868003421064	0.0337761297371179	-0.328532791336649	0.031699240758546	-0.536910852010431	-0.53888918692744	-0.555774802580932	-0.52363432590013	-0.5768886560181	-0.383454487043402	0.219560004146234	0.456871402898299	0.28694185718208	0.435510356140811	0.0209016343814944	-0.116178437269966	-0.159722577011706	0.264593460147873	0.300456575987388	0.0393947791700905	-0.221543034297488	0.00512767655231947	-0.0511551863274379	-0.240863850481658	0.12989101175033	-0.149134305081913	0.346304112066574	5-HETE	black
0.705779072307295	0.515811774244245	0.739998776002276	0.422099572562591	0.135252418605345	0.260594010915018	0.0576834032222848	-0.116089293307658	-0.121630483664916	-0.0995334232988218	-0.0967238977263316	0.131224232097337	-0.284065839714409	-0.459662678229777	-0.418787686736428	-0.354218971623838	-0.540731013275204	-0.443942434445038	-0.0586329728748159	0.287542839044529	0.201213948213539	0.379420362850826	-0.200390260844066	-0.152654725542366	-0.211231861575071	0.218929500072871	0.245163258330365	0.077420050840079	-0.159910314687571	-0.0911411008999549	-0.0448228427091747	-0.217311422697486	0.214732957473876	-0.0326485530335636	0.400608300506125	8,15-DiHETE	black
-0.245891382423572	0.147718071957797	0.185459182651821	-0.173593288739347	0.159718034270822	0.110868298807268	-0.201909970249693	-0.0352371814537981	0.0115826362767657	-0.179591832995049	-0.0124523884746913	0.466400339493637	0.0833775353704579	0.06713478128168	0.187905453780655	0.10131823347468	-0.05798580295653	-0.0102985293353589	0.00174651706377996	-0.291328116222507	-0.255272635242204	-0.190303582140795	-0.252727977673025	-0.213033437612004	-0.0357105441620135	0.193162485979868	0.207696792568472	-0.0163987831175124	0.0861113500727175	-0.033690772331672	0.0961364823298317	0.0628130554735542	0.243921215146776	0.13463450322962	0.0235129775586297	acylcarnitine 08:0	grey
-0.092567722586837	0.0780644310573608	0.150859508391855	-0.0899893353960244	0.0371177027240353	-0.0161482471334232	-0.00494334292350973	-0.13365499622026	-0.189242696281051	-0.379277580678948	0.0249741570012867	0.246962418654684	0.106253836333442	0.0614961784265084	0.117035413094446	0.0806997537126483	-0.171963600821177	0.105097675113834	0.14448043423678	0.0980037505010597	0.0261839837134757	0.0185832121492608	-0.0333703148868944	0.0927051227346812	0.113601784467846	0.0809632309757941	0.0858331442423954	0.121060351749925	0.242832465175323	0.135495778783033	0.159754128702576	0.156985424488911	0.266407036751326	0.157775639001322	-0.0041857734515755	acylcarnitine 08:1	grey
-0.282402243731438	-0.220043079409926	-0.16862814033543	-0.171737964503116	-0.282022687651736	-0.263054924698088	0.202066092438409	0.156490430015883	0.00513170315083448	-0.0976303551671282	-0.159584992801454	0.273920597540526	0.113765755822826	0.254723733224893	0.125105417196456	0.0519228985461131	0.172595858346665	0.450150951934831	0.278201740110465	0.11516655217005	0.169807733346931	0.165841175500508	0.0273740268091015	0.126965549064696	0.0987733605854337	0.143935078585806	0.0311512544646925	0.129726316197747	0.110914857652232	0.110676158093524	0.121395853629318	0.163515676053888	0.0957831173002374	0.0332915037209507	-0.127846012075771	acylcarnitine 10:0	grey
-0.263585711541027	-0.162412492115119	-0.168698566990934	-0.236280493566162	-0.23516075893753	-0.172107074775634	0.214606550430507	0.23115684586001	0.24041832153273	-0.186427175415257	0.0017061137870616	0.0410324575664855	0.123975735872804	0.245733894074728	0.299612563890369	0.177206035002178	0.144745412583979	0.156532880230963	0.0412814554739595	-0.022648353198983	-0.0436201681030577	-0.00325931310808887	0.0482909582383164	-0.01602685300805	-0.141552909970608	0.108801713960043	0.0218791716682345	0.0393512226987372	-0.0114619062212352	-0.111637087226341	0.108866211206928	-0.0851795651811656	-0.0492918055231457	-0.191159395059816	0.0152897735519239	acylcarnitine 10:1	grey
-0.0380458488349951	0.196312803112211	0.192771809350738	-0.0699341449218795	0.160776819051369	0.291365386954103	0.0288837502465051	0.280446764648309	0.397891246638619	0.0459353050184584	0.128908725819273	-0.120672133091467	0.184345077643433	-0.0806603012567092	0.0327476163008152	-0.083908443911893	-0.0298097759028046	-0.309772269890506	-0.488219648144803	-0.308723506525164	-0.377333564343766	-0.328219422275519	-0.198782095961586	-0.073859426091964	-0.320838354296855	-0.198399395544027	-0.0543965661044178	0.210685175848101	-0.15582210724325	-0.302916489039673	-0.298741372090363	-0.311751607782841	-0.222234268042949	-0.224525760470169	0.419659838280473	acylcarnitine 12:1	grey
-0.0506909704004986	-0.21313675975857	-0.102668993675369	-0.0149709802497591	-0.271797284133052	-0.321235761758993	0.321993006297378	0.187335977536739	0.134104301523305	0.0229927975269651	-0.330960687421381	0.1872275745561	-0.148117655929503	0.0483261566237046	0.0322859251133344	-0.0978164085051576	0.0952126095017155	0.475456124960008	0.420397371123481	0.233050207569454	0.384229740694584	0.378417227171546	0.0286399270273544	0.00754638356138748	0.00730201815419843	0.247208628718196	0.140425601159251	-0.141055688733763	-0.0631182667894476	-0.0597361871889314	0.0131879236531187	-0.147557977096819	-0.00607468533358814	-0.209058062680266	-0.0139766155950416	acylcarnitine 14:1	grey
-0.0689323987106644	-0.0564539580452798	0.107915397762293	0.0447297707955876	0.0502994197367337	-0.175183327152929	0.0974689297926855	-0.073682975844271	-0.167128672635979	-0.101686909876694	-0.266607767190614	0.358947245477368	0.13053677298096	-0.162219923688482	-0.0687684041635394	-0.0225338889671344	-0.156302781219622	0.276838171311148	0.799015338480985	0.0254822794936031	0.193658946767925	0.190717710866822	-0.0995809211683761	-0.130489223661245	0.342275199750321	0.313437861812197	0.331333472311489	0.1224710826206	0.355595123841154	0.200836787080106	0.371813603261554	0.329714299622035	0.340448962491562	0.261918924152992	-0.0804901918569054	acylcarnitine 16:0	steelblue
0.066254981648093	0.131677880468516	0.298802925544897	0.0278852290906914	0.119148166992412	-0.171838230371221	-0.0827332262867507	-0.140514325038229	-0.282911310867682	-0.13503743562676	-0.256604318173319	0.411680847468189	-0.0870583378115626	-0.421256433162668	-0.189063984372105	-0.00820423750236526	-0.23711643506038	0.0717684703656903	0.842832592303776	-0.0760970632805598	0.282334472299748	0.270971217309462	-0.146611224095058	-0.290965161653695	0.209337664593985	0.331704785227035	0.583305194841624	0.227450753401189	0.484821583982489	0.206259847724795	0.419325757510582	0.405336020106763	0.549438289962127	0.519230540786018	-0.0464962679883507	acylcarnitine 18:0 Isomer A	steelblue
0.0713032907904648	-0.0476234715234134	0.0515034044468124	0.0659082919842422	0.0529679231260662	-0.260147866295987	-0.153253357819068	-0.144268513531851	-0.310227463957208	-0.22717311393293	-0.150805988673314	0.331232990820547	-0.270495081285181	-0.157904761548181	-0.0302617888254006	0.199470407474874	-0.0482616598488626	0.163709651604734	0.917353506388496	0.0300447377546024	0.35052326793166	0.329859648781929	0.0203334066697855	-0.213480411482022	0.0920923954633728	0.488386197014078	0.407937125269976	0.0441104037913222	0.303907928907131	0.238286329684435	0.342851341171259	0.286495231856227	0.489277594598733	0.344754386630556	-0.243903840604995	acylcarnitine 18:1	steelblue
0.369516661179332	-0.028362286360345	0.124767885825018	0.374172759598549	0.0583318730144946	-0.0422743305735766	-0.129257721127765	-0.319067983577686	-0.189407257222582	-0.0506434498606791	-0.412990902980416	0.0814371014664954	-0.480675841775501	-0.153265561049664	-0.307429144391852	-0.252168700500512	-0.23066353792544	-0.0518011605487594	0.681059325095153	0.408478514811974	0.343325994929523	0.374828973927404	0.281153433168154	0.0142288825698114	-0.0166185891508169	0.420789635288788	0.262295544732837	-0.107231657639032	-0.0767838724397676	0.288881634384797	0.0786896417156031	0.0450165288165439	0.193154159112025	-0.0414102881557205	-0.108895597083969	acylcarnitine 18:2 Isomer A	steelblue
-0.0079247412093553	0.16133984329625	0.228059261126925	0.0628912760081933	0.0632956164114433	-0.0675240002670281	-0.140627091536277	-0.0711939304849778	-0.217955373282777	-0.229280186998686	-0.0676908141968248	0.60089991111988	-0.228709559430187	-0.179056171571496	-0.0689188723103435	0.127538900092168	-0.178902259199579	-0.0211646475265432	0.666122055716526	-0.0214741404369864	0.172373200693924	0.27857978615281	-0.0756628267046439	-0.183075626619797	-0.172891811160154	0.472871870418141	0.365037725721516	0.0160427082609074	0.240120196280768	0.204817764091385	0.222187265761749	0.213161639342829	0.484071724754064	0.409696351592548	-0.0318112449801625	acylcarnitine 20:1	steelblue
0.240503778062479	0.340262122280286	0.331165862744357	0.140546994495284	0.269409473947406	0.121068744256835	-0.44069900376698	-0.219797776834114	-0.370347749088971	-0.073190124638965	0.031249813243924	0.0624136419013799	-0.0698692836957733	-0.189877734959442	0.0125857837448884	0.150236966156538	-0.216280818619835	-0.138312735620081	0.151660680312406	-0.219106442042666	-0.0777989080247939	-0.0922396099928175	-0.169605439744389	-0.354106596759235	0.183916590658206	0.286070388486571	0.18245738637852	0.0116086527413778	-0.0246217694588538	0.0831269972667252	0.494260302767125	0.371640075130428	0.227177204068422	0.240188850774461	-0.344983169771091	C16 Lactosyl Ceramide (d18:1/16:0)	grey
-0.63209227399488	-0.453445478731401	-0.689476952181769	-0.592680236103835	-0.319682186479326	-0.418031559383817	-0.00553608804144547	0.0790816062447952	0.145798750163536	-0.0294619107291922	0.318380825787004	-0.220298527572453	0.32830895298962	0.508206633356102	0.466954662306792	0.457119175095905	0.908686290670159	0.409817566019286	-0.226979846567153	-0.280628715340823	0.0610028912663492	-0.139507911250865	0.108137159647204	0.23867816518983	0.267806810982449	-0.23409880025175	-0.329828265991643	-0.0383409961807348	0.269683511506416	0.138962411848883	0.0761996154139562	0.283523887061374	-0.187638813724901	0.256439016700408	-0.527812507189112	CE 18:1	darkmagenta
-0.59093205786886	-0.485147688025641	-0.756320263386832	-0.544071403968255	-0.35876846660943	-0.474083416985008	0.0256856920884587	-0.0152215976787871	0.133490162562082	-0.0158478535708384	0.088593244914471	-0.241832969877925	0.278247398606034	0.50870560242227	0.548715207668288	0.456952330506652	0.864704069696539	0.529103722199161	0.0208867127464244	-0.23426000973601	0.0404222487027504	-0.173799058190152	0.294097578992563	0.367841273974504	0.323260644379463	-0.0898643175006693	-0.216568977667082	0.0238199263013682	0.364870132306348	0.197862513658884	0.0825710571851762	0.233591009260663	-0.248204050690277	0.0907407263380333	-0.522727994839591	CE 18:2	darkmagenta
-0.308812524402003	-0.252850238683822	-0.497944027925614	-0.305394070227032	-0.310820967120698	-0.190542825626642	-0.0612241740765278	0.264099562416741	0.140096879688387	0.122649955422506	0.133385116056928	-0.17343665103419	0.00404735744049255	0.437424131614543	0.252120439191703	0.0924783425733137	0.747788199682568	0.372214639748999	-0.283482829565567	0.036868484987223	0.0311396019947754	-0.0759109301494546	0.268865239429484	0.320045268302534	-0.0545673584444936	-0.331411915979951	-0.426690588499004	-0.0352156899705306	0.00363348622409689	0.100931670942709	0.0227410303961853	0.0472754938549178	-0.27765315114591	-0.0634457003104881	-0.192615674010519	CE_13-HODE	darkmagenta
0.0177268019872905	0.278317248591417	0.387483158462336	0.119298862480025	0.093356953354	0.143798406129585	-0.239975200949129	-0.139048465470537	-0.279193580586496	-0.178945009041423	-0.0598238321976293	0.945872109471187	-0.270751703871278	-0.135516993591571	-0.212114550854768	-0.192806527590772	-0.29525707721579	-0.126619024521617	0.249359690026191	0.0773319089602035	0.0230307923966924	0.158514326027798	-0.18707295689518	-0.116238567469905	-0.160507925840718	0.360387200941543	0.35208981761011	-0.0833040851255858	0.102508412375316	0.0734647115973245	0.0680270710737977	0.0402256794946734	0.4689790389654	0.239448565038681	0.287698043741449	Cer 18:0;2O/24:0	violet
0.251178409461622	0.351719985957292	0.383474528728575	0.0382636847221305	0.219743683950384	-0.0560174510892122	-0.229146433610611	-0.256362499147615	-0.251419623446368	-0.337620492380719	-0.155899461356977	0.395824680610704	-0.389767850067024	-0.495678358745808	-0.118265714777528	0.0260715072808965	-0.203848469559161	-0.332140813123662	0.51003551992182	-0.249310347241086	0.116648268206179	0.133591540132186	-0.094208303276523	-0.408223188858948	-0.0284884402204792	0.883777039755568	0.818212770826862	0.221189516579162	0.141343695666609	0.164747156892265	0.29938050559969	0.134586523817117	0.585543708736985	0.219804094413341	0.0226625066793472	Cer 18:0;2O/24:1	darkorange
-0.0430731097092442	0.0779088136633712	0.132330921372153	-0.0015297988304823	0.0805522911485103	0.0677217380377213	0.283451014015285	0.31119670190077	0.312356909171765	-0.0184308397810427	0.0816986809137845	0.0772681411215367	0.125391563065005	-0.0613406320594411	-0.164637526223865	-0.154005087692433	-0.11767326024017	-0.103731498105492	-0.198562351522303	0.126990823812873	-0.0020086303034976	0.0214902298241927	-0.12728751525003	0.0802361119078491	-0.127379685581023	-0.296176902643966	-0.0996631831386723	-0.034741963566576	-0.132829766889522	-0.271472664284679	-0.307702301376231	-0.29611819203231	0.0450701584123054	-0.0702116034483274	0.524955110489414	Cer 18:0;3O/16:0;(2OH)	grey
-0.0922087822983867	-0.170933514503373	-0.133901539696599	-0.0121636417736796	-0.0828332543064883	0.0057363010937355	0.572869658969592	0.634698562602276	0.434470574361595	0.312289567103947	0.0854071351227052	-0.219731844948259	0.225384833202108	0.061458670330157	0.0987424421498391	-0.121784968953301	0.106062962670769	0.133884527468154	-0.193936249684901	0.0322697784934833	-0.128801199015263	-0.116403293496651	-0.0946218331808086	0.0500408974077197	-0.236901462221742	-0.310085028074982	-0.236664338598713	-0.0565234011566707	-0.349572073188875	-0.308646840629114	-0.305135188198169	-0.398885193646752	-0.344580531248289	-0.434282079852476	0.505070391027916	Cer 18:0;3O/24:0;(2OH)	grey
0.036466418463502	0.104271153230204	0.00294941964182984	-0.208837712508066	-0.0754286767783328	-0.233302078222595	-0.1366166567437	-0.0378372131711284	-0.191254209497675	-0.173541100657617	0.0308555713184355	0.132966773761999	0.0944848849942336	0.00282795141564351	0.383550976224504	0.312057288953468	0.160357743656789	0.123459790897339	0.0594244064040363	-0.354538409068072	-0.0397828078155331	-0.14690324656235	-0.249304997053346	-0.31750185265016	0.324856537138733	0.391992288326972	0.179801709172955	-0.0317379547416864	0.00117167919590783	-0.182161806850476	0.310145235433633	0.156061529639653	0.134504431962535	0.0814004185381194	-0.331108907777512	Cer 18:1;2O_26:0;(2OH)	blue
0.387527715411443	0.4208511367386	0.53843890283047	0.291684993358506	0.346593661614116	0.21546163759511	-0.33304476706734	-0.3168123800034	-0.251765493945113	-0.240148104595279	-0.387077083817378	0.389041113173157	-0.404700738428866	-0.496560683030689	-0.264470294716615	-0.195723318299963	-0.42915330938794	-0.475854471890871	0.326340637683099	-0.103890318438348	-0.0675175196060166	0.0555432580360617	-0.0161604551045812	-0.25420497718236	-0.0960586744250295	0.834295936751273	0.677679951304656	0.322783450285477	0.0413609407035757	0.168433463076246	0.182083374813603	0.0530422837707403	0.514679846084094	0.0852077562305961	0.157362132069367	Cer 18:1;2O/24:2	darkorange
0.357539412032127	0.452837116191073	0.625699517549918	0.366285493301608	0.234414175865671	0.238935931881595	-0.194245626345697	-0.102572996086793	-0.23921078907384	-0.0708719215358726	-0.145692434767896	0.51533027236304	-0.309265042861746	-0.215174294320233	-0.251171607861302	-0.178433087604056	-0.45438476954437	-0.433233680011746	0.19912317891085	0.119767524055399	-0.0957047934894688	0.140408023432442	-0.171929074086724	-0.24729492001118	-0.370856189854216	0.486405010161882	0.431894516498339	0.0748618103748492	-0.128413890139019	0.00828638791781106	0.0898137475257621	-0.0773807163173127	0.391263438474106	0.0149034608428077	0.345378128261961	Cer 18:1;2O/26:0	green
0.37173303667684	0.376861782769249	0.604987819050567	0.115682854919768	0.291153479956865	0.1173057672488	-0.242694547738197	-0.253804735909828	-0.259824622958874	-0.210740602636045	-0.244098092260892	0.366611270880494	-0.421576314187088	-0.662530651536629	-0.410826261462832	-0.255121593897095	-0.452780962812424	-0.545382924551107	0.376644623904727	-0.109975143133358	0.0685238435889826	0.132295684274896	-0.132107029353961	-0.370212321143672	-0.0692447289097602	0.694139704925633	0.865977435232819	0.408868644368823	0.258134640740053	0.163377231817395	0.162466764272611	0.0709456361071201	0.586417931227306	0.239171447434637	0.271632117386835	Cer 18:2;2O/22:0	tan
0.245439540371999	0.420643471589513	0.510078051987507	0.070359049822107	0.245899783623856	0.107527050658027	-0.142033268422767	-0.101977755129748	-0.108033119962158	-0.319289986371367	-0.297015738448334	0.383055039881194	-0.39454868063346	-0.62788377173783	-0.335074410966106	-0.2335794125617	-0.336081834956218	-0.394941381043053	0.356481413256917	-0.244858193325141	0.0181624143265787	0.0413843040439392	-0.112859563490387	-0.392622282180832	-0.123728587730677	0.623645621403866	0.86752313644253	0.313657362887347	0.197897340301723	0.00671872599467925	0.166658336630154	-0.0330824985748322	0.484777370578006	0.0899417623839189	0.30868594175429	Cer 18:2;2O/23:0	tan
0.146105994093682	0.213269054293368	0.222410798042438	0.0435933273270847	-0.0326127830780429	-0.138890184195247	-0.0633228170736956	-0.0875232076147115	-0.122591320519394	-0.258685998271224	-0.310990588130521	0.29524741366339	-0.239932869667822	-0.273674869858618	-0.121025220818422	-0.0986694548513693	-0.123838309157654	-0.109620256423453	0.26113075605711	0.00594722301046945	0.179284234310053	0.176015859597047	0.0287264927566346	-0.139126988697098	0.127699956414143	0.694391444586602	0.509508493024452	0.118872616550078	-0.0178477302344371	0.0945557256302704	0.15018731870435	0.0469944458656894	0.380711696607188	-0.0133690830433237	-0.00804125358419461	Cer 18:2;2O/24:1	darkorange
-0.0926945021102056	0.00958822400662787	0.0382407948327248	-0.0573278682777577	0.0561739290029624	0.196302278188364	0.310609326779212	0.596589618959641	0.310928443400036	-0.00277057182218014	0.18975881070213	0.29417844909782	0.0314310878968373	-0.0619955273683838	-0.0051633619855391	-0.14032079005074	-0.109523575924883	-0.0898153258785984	-0.196475759634	-0.144796014857947	-0.302229931234012	-0.291136759440569	-0.149616092572532	-0.0483997034540706	-0.368058966328162	-0.183319244273444	-0.0142226615494699	-0.0389544820093203	-0.332744849073422	-0.465093942148466	-0.292892642114955	-0.406829520769571	-0.123368819591295	-0.309988115189437	0.688064068574617	Cer 20:0;2O/24:0	grey
-0.090102428296294	-0.145416895640478	-0.242434761181721	0.042684002849712	-0.0955437390855595	0.11892128151873	0.32396227201862	0.601614451605737	0.270622154176436	0.182973174181029	0.108544628338141	-0.184502562134663	-0.11437828743185	0.16939643486685	-0.0306652417124271	-0.273634587900842	-0.0360557205154232	0.131032893051943	-0.294650847496751	0.245961831524666	-0.172749260733094	-0.163737139645009	0.20916512387866	0.183027907847486	-0.238538698340045	-0.523575318581327	-0.485266162224361	-0.282284934374472	-0.405054944991868	-0.237074343871072	-0.263400343863605	-0.321382423811552	-0.446375517970366	-0.447179996920201	0.348266088814727	Cer 20:0;2O/25:0	pink
-0.237462336312272	-0.075498686556487	-0.134773539973195	-0.0930724869587903	0.0358497659742833	0.00539924937015091	0.486235505641951	0.808823772389474	0.349179186614637	0.150798778778511	-0.062719443048562	-0.0427256498221551	0.0760833904224598	-0.138894990201379	-0.0999044874690909	-0.179683824426713	0.0458894154022247	0.161029896227284	-0.0450977354985272	-0.0999080839992414	-0.0686138986953143	-0.103811082565718	-0.0631144358419674	-0.112829033320137	-0.0827087863341826	-0.25539375765124	-0.123919926952783	-0.156472026323209	-0.165803476975632	-0.284231783378514	-0.0163397272929247	-0.221835382108434	-0.0972178100423024	-0.161424555363691	0.465401990470551	Cer 20:0;2O/26:0	pink
-0.224018781493712	-0.0875057378393155	-0.174364588462972	-0.135936859979064	-0.0532568925254378	-0.00649390679610999	0.586705598244347	0.810481442341621	0.453134577800717	0.147153581996136	0.207738208415398	-0.180430757842097	0.21230319187456	0.0756604085638907	0.145100847678488	0.0515013019695778	0.0732787332240455	0.208107542397984	-0.0962187980301929	-0.148655362250166	-0.177481688228279	-0.188556480836748	-0.10543277068846	-0.0403216223040548	-0.357602058811348	-0.370359679222871	-0.22815050505415	-0.10840758379789	-0.25743109044335	-0.383766040060916	-0.179982310821394	-0.392869219379392	-0.282270513399069	-0.312770043184167	0.483580564370376	Cer 20:0;3O/24:0;(2OH)	pink
0.166819060735491	-0.0910119390058203	-0.0439370373190628	0.176872598668947	0.0229983785412101	0.0813169550493649	0.332333230483855	0.634309271995443	0.339290408668333	0.166440951241641	0.182895898157917	-0.120229892813837	0.00114400523016043	0.0830524329380137	0.044138186495058	-0.0116966215054981	-0.041657737300735	-0.0260992327786083	-0.0218038161094037	0.0395227482628341	-0.105481060262004	-0.0262030081348293	-0.132466620828152	-0.0969355223465455	-0.268958321731762	-0.255980421107824	-0.259585814589558	-0.244562029299889	-0.421252241625537	-0.45035662132709	-0.296445176332976	-0.445190626569545	-0.212699243622363	-0.317699884593465	0.463242279437186	Cer 22:0;2O/26:0	pink
-0.439938882283792	-0.19120932457247	-0.377529808497028	-0.520247843664957	-0.134954705485222	-0.293305023651014	0.133711583351774	0.225330595659155	0.411757022175652	0.159275410765915	0.340048168404192	-0.106309264132581	0.666058999477265	0.38881168450508	0.832563223640415	0.64385875054925	0.419656569963885	0.314114536392487	-0.167115062208135	-0.570811691997233	-0.317184208275237	-0.455388817153204	-0.248087305046299	-0.0932961995146326	0.249447807842295	-0.117698527078012	-0.124642774359848	-0.106686391281593	-0.0991800480553193	-0.433831400407179	-0.0332372786763471	-0.0866556693316166	-0.231629785940905	-0.128145537389479	-0.107559613696856	Cer 58:11;2O	blue
0.558063219140128	0.568365001411847	0.867341545769851	0.408119198258376	0.291100994108619	0.315789663850934	-0.14903352856413	-0.183430868014793	-0.2743020070275	-0.081408868795324	-0.198485593690063	0.35957063287188	-0.296336158083811	-0.673643874110542	-0.495581357613376	-0.310004131075834	-0.652821841540351	-0.55882979459751	0.182030847428918	0.0292557996212156	0.0057803633089359	0.196312676878228	-0.334721838541242	-0.45149139688973	-0.213302272372245	0.362116451554805	0.522214784932442	0.164030049338021	0.0978788955861502	-0.085008587775088	0.0755477382777916	-0.172296903148275	0.316815219400958	0.0351518390203341	0.422656957859906	Cer d32:1	green
0.454590610848638	0.567222237752696	0.741380341477965	0.425100232960019	0.25613950797932	0.384218997902289	0.101899604476526	0.0855254376912929	-0.0683188987475047	0.112579025313832	-0.0485669314510137	0.222037831550536	-0.114334490802939	-0.535780827381216	-0.380934506569316	-0.340282777369329	-0.611623539071136	-0.435878176553577	-0.0591046230483642	0.0476255115357383	-0.134104793418745	0.0930649562967426	-0.391289514131587	-0.448850968765674	-0.398977927125757	0.161389180050052	0.327690770448832	0.201860855779969	-0.113081096862895	-0.250678521159861	0.0106398604406765	-0.243521094966082	0.217135458347497	-0.139406497167638	0.557098155088006	Cer d33:1	green
0.206142605379926	0.307635824462843	0.463560371038558	0.323920237548823	0.441722362458801	0.326746520280979	0.2462374699899	0.275813348558626	0.132256585675319	-0.0321204107228955	-0.120279164800081	0.395246301606948	-0.0550047938199127	-0.294165038896415	-0.153751415087977	-0.150383135589369	-0.407019749421848	-0.121556857118571	0.16321487363829	-0.0875797778204007	-0.0664368792673787	-0.0347573787554949	-0.294136536090897	-0.205330307202472	-0.184211285786695	0.110886936768196	0.199435099829212	-0.0221860861942924	-0.28351542428599	-0.260887917871756	-0.0834477259736332	-0.21753565210426	0.273158964363444	-0.0319625163307555	0.595034436850915	Cer d34:0	grey
0.584304718690676	0.464629756259698	0.718500566824236	0.287739392582367	0.347980396633402	0.0657885424752678	-0.256001747331113	-0.326756610745538	-0.383666670823356	-0.122244662248355	-0.299482158230565	0.199406984317479	-0.40612576287871	-0.76178134636775	-0.417313844259243	-0.204909438415847	-0.524507318747636	-0.488456543474919	0.480432969073137	-0.0757423435915249	0.207639169666176	0.275615639388448	-0.237962629698948	-0.570998085453699	0.020610538584416	0.658370213114236	0.796791046550982	0.282353407773569	0.130358455264358	0.0646101421204218	0.289947067919209	0.136593519351154	0.5598803779201	0.216905635879992	0.0952048484567713	Cer d34:1	green
0.571804989699776	0.578232602486452	0.822976530555017	0.290146338330402	0.364914988384679	0.183215825004655	-0.22904299265485	-0.276961628188472	-0.308391042349944	-0.0992993216225457	-0.265908967097817	0.293383876744063	-0.34916858133295	-0.812895914459096	-0.457807655252593	-0.270908465831731	-0.569997808550801	-0.570184889506516	0.29242786799257	-0.131183279426101	0.0538036107789259	0.175276142683175	-0.319253349756383	-0.494334027931461	-0.0856703889542274	0.580467625380004	0.735788947814797	0.334545058458874	0.180157655959882	0.00245385503840861	0.148697988195316	-0.00987117334346312	0.51670282292677	0.18696258623281	0.260833570414906	Cer d34:2	green
0.231755266677965	0.365322271757111	0.489333512727133	0.121073528640891	0.272972613505231	0.290113257396806	0.104897825992971	0.37155542938225	0.24238877760823	-0.0217405599693215	0.0826216867708975	0.102253682429864	-0.0438187141871578	-0.331740685565805	-0.126694412480511	-0.16733109584731	-0.319700470457959	-0.392941539832017	-0.23221327294499	-0.164005602810343	-0.271561484093068	-0.16982507932458	-0.340389441273348	-0.372359561806236	-0.46200911040222	-0.0299483334019128	0.159026432551649	0.0279743212798257	-0.247673479241071	-0.425190060758966	-0.151786435795558	-0.398804989416891	0.12281989927672	-0.209126372073344	0.644263550084879	Cer d34:2 Isomer A	grey
0.618491650094377	0.65436538827107	0.901421480583544	0.391911380348836	0.379978296488379	0.382499897259937	-0.17958290626721	-0.103602135286839	-0.167949112335451	-0.128074841891788	-0.148854465593069	0.307923526878663	-0.384247501547087	-0.711446751252593	-0.481588215239971	-0.340447723447654	-0.653731292680498	-0.652114666882489	0.0414078661424544	-0.0433427713281703	-0.0513332435292708	0.133370062287782	-0.369049879075198	-0.508026647042893	-0.346156093336413	0.372675586356316	0.53931330043785	0.191894449293793	-0.0552714187810436	-0.189130029600458	-0.0184273298510906	-0.22735328459497	0.41725506932266	0.0268454543708243	0.465794177362228	Cer d34:2 Isomer B	green
0.334604013980983	0.3368927425354	0.512354021426061	0.0945668782287821	0.256373617314178	-0.0175144950564225	-0.221826471622676	-0.240906037795966	-0.28902312601491	-0.0869554786420626	-0.293746386032304	0.342791391752006	-0.231262218693957	-0.61225056090917	-0.179845990780715	-0.067997599946095	-0.387168581245156	-0.314685684158566	0.530791818629173	-0.255070551653755	0.0663244215600568	0.0847119613113527	-0.220180907983528	-0.472464581800233	0.0143645061661619	0.710195500093593	0.905638807231402	0.482196267894006	0.203600491980379	0.0763591584916401	0.305077075813092	0.236587968633278	0.572748952718852	0.25409247152744	0.100770889763731	Cer d36:1	tan
0.356290494279684	0.480068506852897	0.656604058014087	0.146488892449643	0.292161651830309	0.109645608539615	-0.292357670076185	-0.248272490242264	-0.275058571582638	-0.13107057862624	-0.168835138337371	0.312616000557157	-0.207727190586392	-0.611764645086547	-0.370518444875522	-0.223978843639826	-0.498216545935173	-0.533752164473977	0.169769192970517	-0.154938816586403	0.0261685678822084	0.105825141646342	-0.290673457235888	-0.420858595186872	-0.0242669396530702	0.512567066480257	0.642913569530796	0.373470902377959	0.121988646082802	0.123784419430719	0.246403314625219	0.194318746361624	0.523443225180468	0.272265179432993	0.166082419778399	Cer d36:2	green
0.287292763560658	0.337789683839102	0.584484852106158	0.0818879319527127	0.216677804765465	-0.0355752607333775	-0.293785197484392	-0.256253670708617	-0.382497475859583	-0.162895918069626	-0.197110090639557	0.456009502551447	-0.273620664289439	-0.5663215826104	-0.250958568089359	-0.0533329698494893	-0.412026685475165	-0.321272219704414	0.555352297613145	-0.159245585334435	0.164282752881659	0.205507201515712	-0.258052328210744	-0.490698731040021	-0.0072195576743257	0.680781451949131	0.902735863725048	0.45297292916687	0.300050256301224	0.158956304211886	0.420819088722317	0.343587060351515	0.66223206691111	0.400058187765358	0.0973643284328384	Cer d38:1	tan
0.152367968033654	0.393059867850389	0.634639029582716	0.0364251972131662	0.17326105907183	0.1133874461826	-0.105376059773777	-0.0978392031766254	-0.0582435594628349	0.0408952768324362	-0.149538829693618	0.44821092099203	-0.0357021249486779	-0.47673402146944	-0.213783693606155	-0.181027125619672	-0.424043093815936	-0.301553663419062	0.138556426668591	-0.188913656330845	-0.0783782641539737	0.0425902220107813	-0.374203433788964	-0.362071752817992	-0.189193756108669	0.345993249416503	0.651183611353614	0.371887725337662	0.243792013917409	-0.0703831376073506	0.104227841741375	-0.0283338597225716	0.340412358877125	0.106569303034362	0.407573202478944	Cer d39:1	tan
-0.0616629737045654	0.331329044475874	0.267368697115544	-0.0781137196496345	-0.0773474487966569	-0.177075961540719	-0.325448140568781	-0.245718147332562	-0.3268685288794	-0.192189300315224	0.03995399105545	0.921636128454848	-0.0893678292294285	-0.174270870762972	-0.00869970688303717	0.0898958466020234	-0.133455284878883	0.0157179664570133	0.472756056648536	-0.13029966552978	0.137519466856958	0.201284685312042	-0.279751253571272	-0.242143554912823	0.0444514998270475	0.482767331164924	0.500166056782996	0.00644625194330627	0.311507840942687	0.0723212196935532	0.240185756510371	0.265916937958627	0.547622167764728	0.424975545483007	-0.0244541534894843	Cer d40:0	violet
0.274042024552064	0.47537150240659	0.582934048946152	0.129956185730945	0.154944626744795	0.0046408779977497	-0.204149999198257	-0.303539092886102	-0.310163138908369	-0.188447452165832	-0.258063060404682	0.546405255672611	-0.233067145365013	-0.568796669917121	-0.281070670468811	-0.0985226914039941	-0.480974816578425	-0.368138473010184	0.524643017852962	-0.132021144834488	0.102660921920768	0.209192282283432	-0.275735179449696	-0.428804579868524	-0.0990949078491953	0.722238213687058	0.872868880495178	0.308504926356222	0.237647551832312	0.0901730220283455	0.237404727520586	0.16962791798215	0.669350284312318	0.276602324010511	0.147444561524216	Cer d40:1	tan
0.0871593138634523	0.261164483226402	0.427188502269721	-0.130092541443279	0.0469341982117264	-0.225878004731744	-0.126418084508086	-0.273571937067072	-0.252952182074364	-0.202536045037769	-0.121057518270047	0.412654509232082	-0.160807120943638	-0.489437117065926	-0.147053111338028	0.0417255866131382	-0.206068179823166	-0.234434919379421	0.454538937996263	-0.235020341011187	0.247609767522484	0.250860038143474	-0.344283892799499	-0.438742544713164	0.0900756903661716	0.751390001059273	0.86641517181833	0.393516609162548	0.470353259021148	0.123859366395736	0.265002802061837	0.238490958643028	0.701244848376717	0.382311994594318	-0.00567561531557283	Cer d40:2	tan
-0.189397824370232	0.0252262068337913	-0.0272393719663855	-0.549516869025871	-0.287902712096499	-0.573626705966263	-0.0993472977605932	-0.14083604775581	-0.156348975221791	-0.113612748544006	-0.0130845339490932	0.210488691270585	0.00596771463161576	-0.247264305010367	0.256488677043191	0.306606302435914	0.346313179189701	0.149371499203061	0.351144911450478	-0.412137201927941	0.292598117391867	0.102411700791672	-0.182316457736876	-0.268462531404907	0.202578379308254	0.593970107023985	0.689912298017231	0.352375861720336	0.475490212129531	0.0775392169245181	0.327546510135059	0.266592428914752	0.405218975515944	0.288086041189456	-0.221265488454931	Cer d41:1	tan
0.240755348866443	0.281853679789485	0.387295976951436	0.0999983691887945	-0.0829321961708927	-0.0864305671854895	-0.137342409458633	-0.134719803038309	-0.303423627794172	-0.119267189453941	-0.222671339351994	0.299253385569538	-0.25626752093181	-0.325996544465596	-0.123595979108137	-0.0604622396678633	-0.115523646948442	-0.00330757508282582	0.237569881755374	-0.0358639837045842	0.27443418393706	0.302546034006442	-0.188168736518937	-0.319749635529162	0.00603968660293125	0.624505916861594	0.561189063835477	0.282545358832722	0.186511468253841	0.173907418169037	0.331037190099753	0.272674008415046	0.461482915808664	0.22600867495486	-0.109274658557143	Cer d41:2	tan
-0.115194816822377	0.265352118671632	0.253684746768666	-0.133090311174382	-0.0915970085468135	-0.176856236380026	-0.254087866385743	-0.177517700290601	-0.258412272219972	-0.263871525522075	0.00988967358365788	0.932116387002166	-0.0736950588625166	-0.140510284037501	0.0556429801982821	0.133606725979865	-0.0882056089980749	0.0612640745609569	0.421558416094043	-0.191768704817007	0.0925957033340246	0.152628457491541	-0.311748270262627	-0.294103256722336	0.0758009841731041	0.54202339506174	0.491375930608227	-0.112361182806364	0.235851152397434	-0.00535111890133178	0.228561116093424	0.163426708153232	0.532443486963903	0.325360070361586	-0.00984705628051747	Cer d42:0	violet
0.112685589027681	0.396264952991191	0.474229061631374	-0.148151849475997	0.0297034950388856	-0.226419817930695	-0.258526005568763	-0.299342322907265	-0.364594116442642	-0.286376350483528	-0.0968625202038045	0.574056352218135	-0.154261088016774	-0.400403685576341	-0.00494946923152491	0.157571151793011	-0.17130955582386	-0.21188041117923	0.42955174949546	-0.300320253145294	0.157240768287899	0.180736092843165	-0.366380291426399	-0.469963053320057	0.0385439058081169	0.842521854447295	0.823684326492912	0.237917849448826	0.296709406690353	0.066268307125264	0.317603136835014	0.193556051881536	0.748900965575608	0.362439412048826	-0.0520117962841711	Cer d42:1	tan
0.298809173000065	0.393875532633392	0.530424164024675	0.137523597182232	0.259321999799927	0.0395141718614258	-0.322294354232667	-0.312347634088794	-0.321733553023221	-0.295275708732617	-0.345894755941378	0.455426501003743	-0.354106189155149	-0.507631626672133	-0.179209167398794	-0.0323893735103184	-0.326819694977175	-0.366919882851884	0.434212469997635	-0.223610685408414	0.0529542362681862	0.114927513350912	-0.209009718171626	-0.428489585607316	0.00259142692228151	0.952486602892449	0.784400532832358	0.264932055562394	0.14271221415308	0.142935048139729	0.269998920794599	0.149902391043239	0.669304772099369	0.246503607132288	-0.00889812651558681	Cer d42:2 Isomer A	darkorange
0.281553631113498	0.164291864357026	0.270291647188595	0.0603772092312851	0.106245478077171	-0.123096301187325	-0.203880701949872	-0.320939894159408	-0.311923299054722	-0.21537530335169	-0.376547011925799	0.174116075913272	-0.36397667588193	-0.401336804470366	-0.123263032118774	-0.0355780521899219	-0.119053315301412	-0.214749058113235	0.419686149679082	-0.092299809077804	0.228221831573321	0.171461298006353	0.0668763595764672	-0.183858638108868	0.181019433155121	0.887224134913023	0.710377675368338	0.280786177700613	0.139832976350986	0.279574809018249	0.264364193211098	0.200519426328889	0.495436345873588	0.165013056449961	-0.11843036391549	Cer d42:3	darkorange
-0.21158755726335	0.133085697567958	0.222135788845829	-0.447648423375589	-0.14541561169472	-0.306937927425223	0.0000748958535644361	0.104951741003271	-0.102655624114133	-0.169054129487481	0.102697192129104	0.399314122579274	0.141147735536226	-0.305208165280588	0.115838375837727	0.202919543919098	0.120406339796741	0.0366189486460411	0.29956184740514	-0.439113701282363	0.0694026675121525	-0.00638823354901915	-0.415571510075272	-0.386967650456536	0.0343993944148836	0.490423861517645	0.673244872469712	0.385580012685686	0.435093353943322	-0.0659709349014289	0.28106524849968	0.183657377411505	0.569549768842785	0.276213287154018	0.0946116905588249	Cer d43:1	tan
0.0895504214149788	0.0927434285156579	0.199101018336261	0.193856040197882	0.255504818192722	0.293788107046882	0.0133928652043993	0.429642133317215	0.324787577965681	0.188599197190204	0.107439084749975	0.0294011558264089	-0.0880425940941838	-0.196065065472362	-0.268347088061997	-0.265730311413734	-0.326423741570247	-0.297506849759193	-0.11859275622077	-0.0186852449716945	-0.12618536875535	-0.082106050991822	-0.0538125244824136	-0.149625913081242	-0.223650012776604	-0.217106518018242	0.0209433489355069	-0.000713992652437832	-0.230924940234273	-0.261398703931926	-0.101894392970547	-0.212287077526345	-0.0660049673413787	-0.140772895109357	0.516426001720056	Cer d43:2	grey
0.0538219209914931	0.0558712815933715	0.0872375009470883	-0.17330127268626	-0.136598705052043	-0.423366390435835	-0.0551126282640218	-0.270487461578875	-0.26945424723968	-0.184173093461947	-0.133541064498537	0.276618892583339	-0.159723193928972	-0.104286175654076	0.204035641239026	0.304854263086978	0.106453802210293	0.113613380574524	0.527274547392641	-0.131107599909865	0.282822988523413	0.176880060650619	-0.142659427525992	-0.181718286591663	0.118180925684107	0.734117668223469	0.579631999827271	0.146701827045932	0.226825550361883	0.0803322620247252	0.142969042334512	0.0890671630144398	0.453646711778383	0.138448371068697	-0.190211112044198	Cer d44:1	darkorange
0.0292615846889017	-0.0385299042269541	0.0935661437767686	0.187357073667129	0.347643444990011	0.440287343301287	0.127537378478677	0.480941273241302	0.181452505963363	0.0303691372824085	0.0745329651194954	-0.0772535414297345	-0.10838993223105	-0.137840105075235	-0.248380691329887	-0.176255156502511	-0.25487622190582	-0.301814695884359	-0.141719917291348	-0.0613885313980119	-0.331330075692203	-0.278642398894801	0.0269472545053724	0.0031189112038341	-0.379458459818731	-0.287042012940481	-0.197200985647075	-0.163954223383261	-0.34985702647589	-0.265739611820485	-0.198918419146605	-0.309924173605414	-0.210038695785753	-0.227886765364663	0.504039124505802	Cer d44:2	pink
-0.018404797414799	0.00505184933635485	0.00259083389596851	0.0344859827086233	0.150818844556913	0.142051456694588	0.451147318163265	0.54440739371629	0.381851321150897	0.203221222551352	0.000543006626947557	-0.173467382991044	0.000530459865439503	-0.139584209290304	-0.0726257157905294	-0.147553457120871	0.113727249123798	-0.0231990924057771	-0.319864550753515	-0.0635775496160873	-0.107204216120022	-0.0767792260917304	-0.0902974428810812	-0.165560307861875	-0.439220972345401	-0.214152700162737	-0.156766626184656	-0.0539472391029407	-0.407576403028831	-0.340717364073435	-0.217667956770602	-0.413962201911519	-0.197937927710729	-0.348556817917375	0.443847766848558	Cer d46:1	pink
0.301909294481231	0.120770076513594	0.288037997976293	0.25444889044956	0.105998911897401	0.296567872758153	0.191229281974413	0.316435516854507	0.0425852827349177	0.123340988634448	-0.0406503087784651	0.0145006469063519	-0.109683297355922	-0.03634370923182	-0.0832030728388576	-0.296191286900482	-0.280058090447536	-0.151100468342039	-0.0452625715100977	0.159075261889658	-0.196890636608807	-0.0891941220328627	-0.0613133295428	-0.0665510282057462	-0.264685008937732	-0.147697415775745	-0.102416035461136	-0.158961783774227	-0.354480520721138	-0.28217004576998	0.0279105679911562	-0.232662124142555	-0.186546465957835	-0.301595275858153	0.482388437043683	Cer d46:2	grey
0.0194004496616207	-0.0585571982649212	0.117537717987923	0.0563714236693763	-0.00986672705169575	0.0871687410705551	0.3496457524066	0.341109958579981	0.12512659254064	0.0855561201230802	-0.0218811328227675	0.100484135711398	0.143086005735585	0.00416296708987518	-0.0609105027771843	-0.189741616510427	0.0205355901019917	0.21150055973273	-0.0485269141032296	0.147447025705465	-0.0335828068009846	0.00262081627435374	-0.00999842673232796	0.196951132825858	-0.0279049017690675	-0.15292193955388	-0.0862685406672236	0.204846052053776	-0.0154881145754094	-0.0828603553356915	-0.0938484489827411	-0.104752496065744	-0.0636531346545163	-0.192614215376852	0.409427253324629	Cer-NDS d39:0	grey
0.103335163546705	0.388300195056984	0.485899540749227	0.165470263040281	0.122927833135782	0.113005333028409	-0.242789035361193	-0.102108309008158	-0.200062987567492	-0.132641248990273	-0.0674422931577341	0.950772800433142	-0.216718458821088	-0.28406942265596	-0.258876409112461	-0.1897938833338	-0.407927297414747	-0.178531717959334	0.343561706497199	0.0103445906286306	0.0507812504856933	0.211039997626609	-0.267660531528056	-0.252689406368684	-0.142351554615543	0.401662138810523	0.452943348503026	-0.0317906030469477	0.0915083778065193	-0.0640996590356049	0.103172492188861	0.0379128162882877	0.502557147395901	0.238427826513936	0.309139655885078	Cer-NDS d40:0	violet
-0.130492587819637	0.0753788965504088	0.132796904219327	-0.0254572562441386	0.0415615241784201	0.0670828509548122	-0.0768510424226252	0.0807060483244944	0.150561333235384	0.0011703719823363	-0.0544871857247403	0.511445158667824	-0.00408937254327576	-0.000341693625346621	0.0043152372796925	-0.133965735678861	0.00560319710728148	-0.0102291666602994	0.0525242539356948	-0.113231885229584	-0.148135342744642	-0.14591959742688	-0.144317456560393	0.0588710872166319	-0.0841850523329815	0.115744763266736	0.130106314234545	0.0913219337611943	-0.0365768846253811	-0.173611041735185	-0.118279603978965	-0.101465615931915	0.178523586850657	0.0145893029348377	0.315746768725197	Cer-NDS d41:0	violet
0.0609207696288931	0.144622044060504	0.155035863056128	0.21045566350464	0.0874104954244979	0.213014154793643	0.26552215870005	0.446035670077784	0.237056504683419	0.195040569676858	-0.0889629078196322	0.165792731425452	-0.235506634208999	-0.181542715647364	-0.283740519019401	-0.414318569492956	-0.185507490178377	0.00327258200101221	-0.0492514947152901	0.223803704992172	-0.0374719402878208	0.0685061281044708	-0.0394738984094918	-0.0781428348744791	-0.494872133103857	-0.283693721421305	-0.0749986930646607	-0.090719001928832	-0.259211825372489	-0.246495615154894	-0.255682311138116	-0.37605745817653	-0.127110866601561	-0.318839402987255	0.584712692753212	Cer-NDS d43:0	pink
-0.423740430071927	-0.227901659668551	-0.360737860879149	-0.480569468196682	-0.368680060458513	-0.311986078386908	0.289176856199712	0.377556363174411	0.249599178414024	0.0930796059480998	0.338858927421744	0.00975392774605587	0.423513107901431	0.357797472183719	0.561868460557816	0.481118395048439	0.545754303855624	0.428120926986912	-0.127991448645234	-0.328845663370334	-0.0621273111110861	-0.182061637487203	-0.236313034228898	-0.0499929274545767	0.0306201089151747	-0.12486728820503	-0.196417775484336	-0.279942828334681	-0.0888923021193841	-0.313131730362618	-0.0163299258024329	-0.0904639460591409	-0.124847724950117	-0.0634093269451922	-0.0324408296850415	Cer-NP t42:0	darkmagenta
-0.182435091321807	0.125121577626593	0.0194059388031181	-0.230509331691418	-0.0166353387734961	0.0983869591300247	0.121098487237492	0.574680686834128	0.429905063188479	-0.028119793409056	0.329958618936568	0.0587506262464811	0.0737576644922735	-0.114661559273976	0.0721425447175646	0.00842049344533233	0.137467552194293	0.00703911190878859	-0.268149429163058	-0.387033660114929	-0.201170650522821	-0.197418115446427	-0.227655909389042	-0.149459102686435	-0.345173420237742	-0.292905031322105	-0.0507346409296705	0.0227335962362462	-0.10256705994368	-0.492562286202802	-0.0952738206429466	-0.249597097148595	-0.0778450608072116	-0.121189345183174	0.388851871306452	Cholesterol	grey
-0.267521348180484	-0.247826751880112	0.00472500343777018	-0.121736275416693	-0.125885123885702	-0.00281082372500901	0.060370545348162	0.276929357577667	0.00382150125831949	0.045617275473821	0.118629711523981	0.225453167033649	0.00756740139978961	0.264349873487306	0.0443377452080325	0.0416866773139558	0.222226319660026	0.286637642868676	-0.0248895765773685	0.0529130831340855	-0.0423663822544375	-0.00258366712253126	-0.0964863540262507	0.0499478824018384	-0.202545949507304	-0.245569810188034	-0.185589771217903	-0.0306845860412656	0.0992579330601631	-0.0249539807372933	-0.0738511522230569	-0.0704320681781418	-0.108807032100906	-0.0308237978594684	0.13616343908492	cholesterol 3-sulfate	grey
-0.26555403434176	-0.000822867686148025	-0.264402253368619	-0.0713433897025458	-0.108844043898793	-0.0723981589734745	0.0967292324535066	0.438397424113563	0.200768049104137	-0.00367222498111025	0.148434489206084	-0.169407877617825	0.176171797561289	0.213627030460119	0.129870559983304	0.090802110339852	0.120676890769691	0.173524482702107	-0.154895079522359	0.0161505638981138	-0.0281904729135587	-0.0530002897785624	0.0885127733782583	0.096060909807096	0.169496978216429	-0.281477877864583	-0.327024251050474	-0.0731254618506933	-0.00885240680004291	-0.0703153600296964	0.131706063610401	0.1420532709476	-0.0369153471894801	0.0862547089257753	-0.109085379847293	cis-13-docosenoic acid	pink
-0.07917383931173	0.00508129289299126	-0.188867015973689	-0.195111663184591	0.0879822846456518	0.113150997041952	-0.0563231936733494	0.180067525326058	0.0725088461843081	-0.0984636972664402	0.463738112263291	-0.191579794405056	0.201769748512382	0.287382387123247	0.62570577667691	0.572909285753451	0.210908205584122	-0.0502719134501104	-0.294097188490587	-0.404222736252094	-0.451474877278652	-0.508073414280557	-0.174214758641976	-0.107237724070566	-0.292206721592991	-0.0872873283092239	-0.175763658176352	0.049343741883703	-0.232133260294952	-0.265876020347389	-0.150662911800454	-0.0943448645166797	-0.128145989262489	-0.0778804682261365	0.00825171232440327	DG 18:1_18:2	lightcyan
-0.542193994198547	-0.189815175844435	-0.346189835066481	-0.648179378655083	-0.319359483434457	-0.315883079707347	0.118500283488904	0.354604169970181	0.34550531439003	0.133361535599095	0.492605154298926	-0.0843914819839747	0.644999294723828	0.279231254881514	0.623353346656266	0.496577995094365	0.359588234723228	0.289899228041117	-0.198693165443629	-0.544225071144685	-0.333638781004117	-0.439146576303681	-0.291599689877745	-0.0827599215878131	0.0402876472622879	-0.2554271543638	-0.128901433423932	0.101065284056162	0.0145201227848818	-0.402859564731236	-0.0288914661741569	-0.0222241787664785	-0.189639541118059	-0.0766846637718014	0.0287960333129208	DG 34:1	blue
0.131603319906537	0.0558713267686878	0.190014701431905	0.1641025080311	0.046714269195159	0.22574490215285	0.172322434381359	0.326125624349882	0.226845567832518	0.114058853725432	-0.0459478088770574	0.0887309839776227	-0.00713966129014626	-0.125010410756213	-0.235168941960154	-0.319452315431184	-0.238780342047908	-0.106372376490848	-0.301726083149434	0.123582723239441	-0.0201878538862548	0.072878223882284	-0.0215987581509038	0.092798913851625	-0.109894588701328	-0.181479563576428	-0.181664045938204	-0.0920061416257455	-0.300937204676939	-0.257392269861892	-0.143367091964438	-0.402398455777412	-0.243915307203069	-0.31161672217835	0.444746325582734	docosanamide	grey
0.222435763041998	0.165452716896535	0.0786977660856754	0.113856204113374	-0.161853796790783	-0.067949811263424	0.635600770384999	0.250532565916804	0.259251008323476	0.501829962015972	0.0402520907790807	-0.159746691888333	0.396229206712094	-0.187590862933695	-0.0255332204990562	-0.171457656750743	-0.245786205945537	0.0608399030636174	-0.107930828934767	0.087446910012948	0.0210188965238811	0.0833597627122707	-0.45053928837289	-0.300449531306843	0.0501604071887637	-0.259582280380652	-0.054205707056053	-0.176782224223729	-0.362505022363372	-0.512738142949882	-0.207125180871395	-0.339338482702725	-0.228926950727861	-0.312569022209391	0.263734257411684	FA 14:0 (myristic acid)	darkgreen
-0.00215519362933972	0.0218924271483272	-0.0878421949093728	0.131011583453864	-0.0656602179756022	-0.0293682812872497	0.855724722224157	0.370078723906282	0.182775558844371	0.204041440026605	-0.0406745819948558	-0.262948119908606	0.266353497049482	0.0896907075083409	0.00373897245487314	-0.119144963079173	-0.0243317112592013	0.274371179434903	-0.260650792148722	0.313466869494354	0.122033807661952	0.123027271827442	-0.159424003948284	0.0655646979756222	0.084068102826317	-0.236203674804837	-0.302502558450297	-0.144536598250556	-0.165533862420998	-0.0859869031982105	-0.181330840208848	-0.21283174070742	-0.174589531250672	-0.202808989607077	0.194236363388617	FA 14:1 (physeteric acid)	darkgreen
-0.106733999305433	-0.0396717080374153	-0.128586230728627	-0.0559047746886387	-0.206180069288291	-0.14560140295649	0.794697553483958	0.743484895063334	0.424457381528408	0.320254251292194	0.0884346450886005	-0.194846013619553	0.18002003731138	0.0175514831595829	0.0839059434411697	-0.0639996876832671	0.066957207776153	0.34507907239292	-0.045808669315879	0.00253013187457199	0.0765666335301376	0.0572657174908452	-0.185617412014139	-0.101764088748316	-0.222450517742826	-0.232649817606909	-0.126401576368913	-0.0861813040038266	-0.266854632891443	-0.340235677751126	-0.175025414277568	-0.33277862498546	-0.252930339166967	-0.362651148218536	0.395470458251823	FA 15:0 (pentadecylic acid)	darkgreen
-0.305636471723239	-0.0623943403117513	-0.288313211702204	-0.100164600273446	-0.100232531483115	-0.0200510756343176	0.634117804144793	0.497204657735993	0.31253651102883	-0.00603994988086838	0.101209977112335	-0.189295256914901	0.163808325922834	0.2289411390162	0.149290495449031	0.0225977493575804	0.27722511769431	0.265154572773294	-0.28995684376498	0.0581658675865917	-0.0442958083346289	-0.0586854886637727	0.0733447875656189	0.248177438620094	-0.052252513518887	-0.232902859037185	-0.315629801882879	-0.0971255978197172	0.0436299880615312	0.0604535330352104	-0.0892796143027588	-0.0717381529490057	-0.204944371152019	-0.0820740612011619	0.165111364587997	FA 15:1	darkgreen
0.0961723710989095	-0.0661662239972246	0.0192174403341276	0.154733867894807	0.088839314130782	0.0974889886047324	0.790347832156252	0.380587922957592	0.362519439428663	0.0524047881113277	-0.113716933147923	-0.21152944321321	0.218229226948426	-0.0064811391023642	0.0111069476822412	-0.106592662907276	-0.0996483646877171	0.090018967789331	-0.157492747910387	0.143983067319369	0.0134997777247202	0.0496838232541768	-0.259336615100801	-0.117838582782885	-0.0945141915603857	-0.0962601751726379	-0.172573728179065	-0.181060393974433	-0.325626653025793	-0.354040253061135	-0.344893514665651	-0.466694269473674	-0.14991333602568	-0.314552241401627	0.39040575915415	FA 16:1 (palmitoleic acid)	darkgreen
-0.0299770946639971	0.16428277161379	0.218127416517446	-0.0327268437149833	0.0823572453999932	0.071415157262177	0.491361370471448	0.522444908501295	0.240873054790569	0.157749636879738	0.0558507841437874	0.0923233703112144	0.280446894649352	-0.249428004841458	-0.0121858109893038	-0.0462144794195606	-0.112075926733473	0.11209168916708	0.0462905487541111	-0.304243390873746	-0.0885953437183519	-0.0728693402042604	-0.38390685971525	-0.220230023936136	-0.111983612646201	0.010922326029644	0.234791409852816	0.219100226173696	-0.0985066115375057	-0.307010399816191	-0.0549949622197297	-0.195404635529163	0.0599401828287447	-0.123953274617728	0.452267189355652	FA 17:0 (margaric acid)	grey
0.526724780002119	0.337947510519489	0.496541614986296	0.223725159306796	0.0639431734437389	0.0391595649337457	0.0840478840684432	-0.186915416217706	-0.305197404118507	-0.00304968206089082	0.137839975016981	0.126654253760546	0.0715736082833375	-0.299042015125524	0.000398298960582531	0.181189614866508	-0.352193150212626	-0.243016184026855	0.0725405553230014	-0.0673342257428472	0.0359799037372584	0.167782593645349	-0.613536746321064	-0.550986918380241	-0.0127499902050112	0.364110390027794	0.286130643499524	-0.016391063540198	-0.151257775082828	-0.333329224501832	-0.11378785059864	-0.169430688875535	0.285630491253159	0.0224174095495986	0.011749714084235	FA 18:1 (oleic acid)	black
0.925994758082759	0.41504277851645	0.55933341573486	0.632833543140295	0.186690750742098	0.230841695100788	-0.00342427675421558	-0.402035254325123	-0.336177906005674	0.00724934892043531	-0.291704565662659	-0.0592366543918526	-0.493435758649107	-0.465731952503481	-0.412984031672471	-0.366207179289978	-0.537663491976466	-0.459375955854316	0.225728824891548	0.407268468798079	0.217662530659773	0.377192574518178	-0.0678973162042854	-0.27314698642065	-0.144621822798907	0.384611180263709	0.31858256514297	-0.0722139328620894	-0.262081986450934	-0.032513805716442	-0.0798437305962957	-0.223829394411766	0.169683419044278	-0.161394664185162	0.126038788092148	FA 18:2 (linoleic acid)	black
0.726333856694673	0.127044113849499	0.236583218493012	0.513852369937869	0.103568786222586	0.236138504457272	-0.0289910106139672	-0.335630530555911	-0.203010111513953	-0.0344230143149225	-0.193166464768509	-0.237029137526926	-0.327520432691084	-0.110865600846267	-0.118628681000637	-0.201448871912298	-0.359176325390241	-0.267676858903014	0.0668759349865987	0.356883373646014	0.0666078336381805	0.14238704426382	0.123842294470085	-0.0227129696256795	-0.13427543633012	0.0885712138651758	0.0199925527427266	-0.127342521020525	-0.403075703555333	-0.101083816375333	-0.23992711906109	-0.334120929303561	-0.122087583225522	-0.344441521062293	0.0485885731130154	FA 18:3 (linolenic acid)	black
0.245271289643411	0.00465042149535168	0.0625935782702021	0.160358830627109	-0.0655583124012886	0.0113267466085199	0.682394645847189	0.118535772061878	0.288678873903071	0.139874014916091	-0.0495180899579941	-0.0519223206481358	0.193951255570613	-0.0573185715899295	-0.0243894777410488	-0.0913922901056366	-0.189211958903801	0.0634231144217891	-0.0495542310863855	0.224782908531296	0.110277050774898	0.162545026222149	-0.161376855379138	0.00957999778481749	-0.0661075067973892	-0.0986091059935214	-0.0564109098582833	-0.0683555177967066	-0.231317395510215	-0.328033210322179	-0.361118188314448	-0.430315414000066	-0.0853139243807636	-0.362452720319278	0.394961825340456	FA 19:1	darkgreen
0.711371884204177	0.335124965934403	0.570986469336031	0.591445476534017	0.277739627100765	0.52887780768491	0.124346171107011	-0.0241543796023972	0.0968910192272638	0.0912335996640199	-0.188529208345492	-0.07526507421509	-0.18588301966807	-0.238076795471239	-0.275186014870681	-0.387378504022621	-0.526812093218669	-0.460515832347695	-0.230800761039973	0.222164646995672	-0.218980781944064	0.00276730970505583	-0.214764917320718	-0.194057647151692	-0.398456755919573	0.0533538605576911	-0.0689306287562438	-0.110338806051752	-0.547642759263933	-0.304068873314886	-0.311632334226618	-0.498563668771963	-0.107030810543486	-0.409847244227414	0.396609006900009	FA 20:2 (eicosadienoic acid)	black
0.948117563605117	0.440673069600645	0.647507682481744	0.698930652588377	0.285376870893724	0.321396632876849	0.0557665340729337	-0.200997820199801	-0.204982742841387	0.0989678451716662	-0.354446488607082	-0.0774937810681272	-0.48100058287781	-0.580286323190661	-0.549046065900769	-0.494119389008544	-0.613783706734139	-0.507477921036698	0.175231480425255	0.417404886988116	0.161915208473959	0.322284579413665	-0.0831897851019662	-0.270544129220485	-0.171651886864892	0.233473944392543	0.294168389179295	-0.00647216480891367	-0.245393192657761	-0.134359911880059	-0.145561713267283	-0.330195009446333	0.107823158198	-0.227251964606283	0.332741355390034	FA 20:3 (homo-gamma-linolenic acid)	black
0.89642181995038	0.357258609724439	0.602779630341208	0.644467944607689	0.236859763870924	0.304777178038798	-0.0551653971485575	-0.246319855285085	-0.274472542168348	0.0103936053778124	-0.336916683900672	0.00443038153335259	-0.609029596281129	-0.541945285715298	-0.619385656383312	-0.556708657164636	-0.571024231837729	-0.474329163144967	0.240254412827386	0.456148351223182	0.242152796495636	0.364425808780558	0.0973993086313752	-0.0877680150889044	-0.136712849585333	0.242061879764934	0.349215211070802	0.0409701431002892	-0.186713342957701	0.0232289688307796	-0.116793680892086	-0.236834029868972	0.134513429916304	-0.16093128989499	0.346178437113676	FA 20:4 (arachidonic acid)	black
0.69077205624409	0.44501348973721	0.467232545726266	0.691221305085595	0.106288554047576	0.290086013900278	0.0226015101428414	-0.246846201513414	-0.203196254804455	0.153750017652857	-0.348951292257387	0.080061684663273	-0.383022063512092	-0.247751028770038	-0.475020725192219	-0.428515023594888	-0.492131971125371	-0.324742460792992	0.00704349108236452	0.589831646377389	0.220934914913863	0.37618032430511	0.0746463549893968	0.0654951341942769	-0.145318558324872	0.0259243845920856	-0.0591365466916152	-0.220141097081962	-0.213118470927856	0.0288708460034454	-0.177975365179968	-0.285854968344588	-0.0571341544510414	-0.13883452594092	0.248033227554458	FA 20:5 (eicosapentaenoic acid)	black
-0.0759231701007125	0.177554486160736	-0.130297777864617	-0.141386313081109	-0.214719980788538	-0.108368770912225	0.201767651266991	0.564573262914716	0.123199347035543	0.115558183641729	0.51418807278027	-0.0972735567138137	0.11688342389978	0.0345380860571478	0.149465230503606	0.13632128435439	0.0545357146326657	0.134983505617854	-0.18780642402201	-0.105287927863726	-0.0319435341289064	-0.0394873573885757	-0.223086094173527	-0.245856056535124	-0.0737753745846094	-0.375909294067772	-0.177795871403095	-0.179472940607395	-0.0974719686412544	-0.403669831191881	-0.0252955145994454	-0.111770061047412	-0.133242466592724	-0.0822694098856965	0.0927889081072416	FA 22:0 (behenic acid)	pink
0.0878594264584366	0.129420355513379	0.1158457653632	-0.106549781834871	-0.135601275826008	-0.0901907177111179	0.0450405519050505	0.291131731613321	-0.0511978235300585	-0.0031315068110485	0.290586571706021	0.199184119038796	0.00228967709368544	-0.162448438353128	0.0989957009130123	0.0725315402507316	-0.0656646205904206	0.0227854347785793	-0.0638968442997729	-0.143812328991794	0.0575592189632677	0.107604880183322	-0.298432560169379	-0.363240614883959	-0.0914278341522093	-0.107109254190491	0.0560252317641069	-0.0955592779111335	-0.033882294517195	-0.503248401492499	0.151501171092808	-0.100768225354483	0.141416372496177	0.0487759363396677	0.188093003944843	FA 22:1 (erucic acid)	grey
0.280975315657555	0.190811170921741	0.213806836855035	0.242695076288866	0.31235464710848	0.296675478301734	0.202546283070411	0.244494051327926	0.174125666585613	-0.00528957265450501	0.0381053006024703	-0.215115420150988	-0.180332771963101	-0.128307088029857	-0.0731036224123033	-0.112675733317493	-0.180198544882036	-0.232023329352336	-0.172992971295748	-0.00697186554866645	-0.0934375494721888	-0.0718941529326325	-0.0380556418153525	-0.0408057620415699	-0.505720812879923	-0.0328882151546903	-0.0379870572728875	0.180771975462842	-0.289836406852832	-0.154112708858295	-0.138888809054338	-0.242356430420703	-0.022954650091876	-0.248103510644813	0.424870942709734	FA 22:2 (docosadienoic acid)	grey
0.947445613452001	0.487656495085312	0.711760816498113	0.728675495036475	0.27093468505653	0.435676167315387	0.0420279076872203	-0.212406193226953	-0.256187546277426	0.0193972873296765	-0.345668485865338	0.0375410399320303	-0.482706555983288	-0.548221062077178	-0.60371388966176	-0.574713057130457	-0.702372130921264	-0.496695410203568	0.106146668162127	0.446389609405623	0.13716244945248	0.330860334432151	-0.067150324614181	-0.174683056228441	-0.234754694794336	0.241231058925092	0.265954963323838	0.0370613062418734	-0.280642300727052	-0.0844219162138295	-0.137005049719581	-0.294895038058268	0.141081920604729	-0.206947753931338	0.391502221112581	FA 22:4	black
0.896667409164845	0.332765607541403	0.459450199770052	0.742357863599425	0.233444627488981	0.346132445784235	0.0685152340226446	-0.11557079348361	-0.136436750712952	0.1706080858028	-0.261629828761459	-0.147751263662939	-0.507049650759718	-0.333523982759487	-0.502710380082402	-0.482137614782061	-0.499122216463449	-0.421638548833318	0.0583907354965917	0.523366193986735	0.174384310897243	0.317956851626689	0.0687420170894743	-0.0887211541462049	-0.216524090122556	-0.0122001997990578	0.0415102550625369	-0.1783071017057	-0.429585199934323	-0.156119932682685	-0.263400084939448	-0.412540100071776	-0.103026572530773	-0.332625774838226	0.327534405217904	FA 22:6 (docosahexaenoic acid)	black
-0.131847250740653	0.00418215435372992	-0.0619402791894174	-0.184628819322052	-0.213944307916214	-0.127562999657088	0.486196486730052	0.792425975076401	0.493173326902924	0.236156851201457	0.257858345920699	-0.114615518010476	0.156576036011338	0.0401036421458975	0.179765026249236	0.0669878243844116	0.0188222121030683	0.170359455734581	-0.14359370622285	-0.169537436368768	0.0352621595576315	-0.000971739406192486	-0.1977232587378	-0.177075338950023	-0.217114387647059	-0.259177133041097	-0.10513066012274	-0.124318093915905	-0.281814044037506	-0.508103499685561	-0.136869591854863	-0.34427853891764	-0.183212463474918	-0.313564576927394	0.42317927185828	FA 23:0	pink
0.287736239830887	0.344474661101882	0.430144017928431	0.0651003787619229	0.0859422447798225	0.0748717618656606	0.0832023517825859	0.281019592264964	-0.000719178118318687	-0.02820044496483	0.248348979045303	0.241284616317274	-0.10233466678558	-0.384274484602984	-0.0446499539989672	0.0447387219985835	-0.417787043372598	-0.300026860344729	0.11652820432805	-0.164078690173369	-0.071389557791089	0.0290967872913273	-0.481320304539848	-0.557783826737938	-0.386330084019359	0.0958796275204941	0.269246930973597	-0.173880698386728	-0.281743557356815	-0.578779158343705	-0.193082527442342	-0.42036915019119	0.237681949489366	-0.168390658464456	0.455480567907903	FA 24:1 (nervonic acid)	grey
-0.328829437806081	-0.0905258845344427	-0.343700067750508	-0.28241713338448	-0.285317411328092	-0.195866996852105	0.510064848866323	0.822880225006544	0.542640998850931	0.358608689024275	0.297197182778796	-0.288800067816323	0.363546704527859	0.236140031554094	0.334131229732259	0.165589242075883	0.323722941801127	0.369628708145238	-0.304497346829083	-0.218351996904122	-0.0500765369326454	-0.154862717085104	-0.0347737725080742	0.106075790738783	-0.0593319319145986	-0.342839356619987	-0.256660625368858	-0.0191128608586934	-0.177487912888351	-0.315757260705528	-0.0605760442661813	-0.186514563400178	-0.407093421870672	-0.274132231407924	0.198692759810756	FA 28:0 (montanic acid)	pink
-0.426562207154888	-0.128717888142753	-0.457669050792536	-0.514479314043258	-0.329247400775847	-0.342469647551571	0.42762229900846	0.600639570387662	0.271715586701162	0.00293710818486218	0.360158815426302	-0.290834500431599	0.300706219535722	0.160567682675521	0.342401198132988	0.241106647223263	0.420089267367533	0.360989981124451	-0.272001135757095	-0.274180366263196	0.0174411969324139	-0.133505224316863	-0.149283982214864	-0.0996420261265175	0.0773942235581483	-0.204715285538597	-0.122524778861302	-0.0143593856645546	0.0313853022775169	-0.224261688313985	0.0892930579020733	0.0424268402834317	-0.0724967037204436	0.021513749224778	-0.104672036466307	FA 30:0	pink
-0.500206395416064	-0.0780909384723133	-0.512297561827552	-0.504610468739925	-0.314346975015062	-0.383792840520199	0.313072761151768	0.487276989451687	0.33837644795179	-0.0190670308168515	0.283159823938998	-0.175117825971805	0.405398253481814	0.274188105262935	0.495164510977848	0.408184342042975	0.534758694190262	0.461302780089477	-0.163688541696856	-0.385654419381073	-0.00925814453271577	-0.15676069145372	-0.117682525610656	-0.0154875458417322	0.192095064739221	-0.11546243907186	-0.202716974781784	-0.05776922408766	0.108906532365917	-0.212993067410348	0.101257061369219	0.0690466424140606	-0.0784785717302603	0.0134478147990721	-0.244454289496112	FA 32:0	pink
-0.132538443973889	-0.0946571821115229	-0.1647997659198	-0.197573972189129	-0.134112656267784	-0.028026414969392	0.266400193970433	0.533513800685283	0.338235876688717	0.14714237437792	0.116857500648302	-0.192178487268791	0.314935247783618	0.077689813856377	0.245608399688219	0.161887749351168	0.12470892258547	0.225507104400271	-0.135665289572582	-0.341723495163918	-0.171993451912822	-0.280386415673114	-0.189681296034767	-0.137512799066574	0.0106566072861567	-0.162311782418665	-0.135726666098547	-0.0505434213572619	-0.329115947604361	-0.348317385781375	-0.0860796695744548	-0.166560246187778	-0.227624272850134	-0.237691239585052	0.211885511930423	FAHFA 18:0/20:2	pink
0.461505081542286	0.198273293983432	0.27628278632872	0.112276302167337	-0.0174290320588475	-0.163210108033357	-0.0371331518888945	-0.364496826334786	-0.452256645115108	-0.0263635915215951	0.0908364575540548	0.00247200957122435	-0.0509704189374013	-0.238896338496538	0.0736495050576997	0.280675985254439	-0.152315147674925	-0.131433863264197	0.204634444044614	-0.0367466850124322	0.214245645636849	0.25112735070894	-0.367158162647496	-0.444733957555486	0.179190680528119	0.467218599774149	0.352496174683044	-0.00112181812948291	-0.0119885516824562	-0.0907052572545651	0.089799520863164	0.0666003315744338	0.288344841060638	0.148560070202303	-0.277687780269204	FAHFA 38:4	black
0.346418944149079	0.437579127711888	0.354426042656029	0.252886579314354	0.248801253613001	0.192026208660328	-0.376975248461424	-0.0766588526085987	-0.0881482401156002	0.0126872842697668	-0.0011074222456983	0.03306706919538	-0.0862087670486286	-0.212060450318429	0.00986581075832711	0.0688512553021408	-0.288433640109139	-0.144863671212866	0.0967935215028846	-0.227154496810379	-0.134119914522863	-0.10911984854003	-0.0822445070938266	-0.272836739848885	0.028871014864143	0.157691828728733	0.110066782501773	-0.0494558197427522	-0.200500863818673	-0.13931725271838	0.35531923028849	0.128320036253533	-0.0198522363241724	-0.0431582377660122	-0.166202338165473	GlcCer d34:1	grey
-0.315179753011781	-0.066035371444483	-0.281636534459298	-0.398150524846143	-0.197292248192303	-0.273756917190631	0.122880328936527	0.138114537515629	0.281702227918166	0.0244429937229025	0.274254698006912	-0.299855286781898	0.178770834770736	0.0453136999918404	0.205688614398387	0.279654172819992	0.486621644348954	0.302685462436836	-0.168686744974093	-0.289454166206205	0.184103861654111	0.0580222199004621	0.0717956025317164	-0.0375360175853531	0.121992604350457	-0.264932347372232	-0.164574108194553	-0.176264458760486	0.130281957023314	-0.0504433856898643	0.171784974528723	0.0496323176798626	-0.269865102312271	-0.00815979965852528	-0.295197587235447	GlcCer d40:1	grey
-0.158520342146062	-0.0635507482007065	-0.093355369021892	-0.119779488137907	-0.189802677806717	-0.101029266677468	0.0989028129909573	0.119989249233627	0.132275673256505	0.0281389366056331	0.182659564552841	-0.241364074258122	0.182695187526306	0.179303348074571	0.171873698612305	0.195861683102806	0.329224266193758	0.174071346464166	-0.237467586992786	-0.0104331976207621	0.126428227831979	0.0906928219019405	0.0525532378510807	0.099532362289453	0.0639870938606323	-0.301603662037767	-0.290353289053536	0.0390860931579833	0.169806684788597	0.0675201403759586	0.0955754096532693	0.0960549978224924	-0.228125502366462	0.0648243633121986	-0.233682077512771	GlcCer d41:1	grey
-0.338915427766078	-0.0743334938173589	-0.201526667561004	-0.344567305307284	-0.217506313361373	-0.263619692709321	0.0362167958985037	0.0773950465225121	0.2267677804817	-0.0222021177086633	0.291406572444071	-0.138389286096214	0.130008642817407	0.0890492150587928	0.0866812248345535	0.137907947796987	0.433526090190506	0.209866369743831	-0.157097455202545	-0.138525783002078	0.172084458978971	0.104418491018847	0.00102193528587243	-0.0235327642909219	0.109901289909353	-0.269973096044825	-0.198394315068698	-0.240997677770706	0.180687337852644	-0.0329974870520357	0.0265985759203318	-0.0277225705615671	-0.220741976132743	-0.00875493236971331	-0.312027640707322	GlcCer d42:1	grey
-0.282779463798043	-0.0818391537236703	-0.216230713268713	-0.366992375716112	-0.171006532947805	-0.225985069639951	-0.292321810671047	-0.0298823794529575	0.208388670760085	-0.0549254516789484	0.138720120950843	-0.198277063923998	0.103392664838833	0.10066096167036	0.220999792123464	0.23187362146996	0.421474458889465	0.108188097402971	-0.192854280284799	-0.379006827386474	-0.00492519794283582	-0.118746061269942	0.1110684603422	-0.0970565674326233	0.11683132244983	0.065218234813454	0.0204974701438404	0.167052228677204	0.126232026283207	-0.0692763497437162	0.197028666568002	0.106727189743866	-0.221669043352658	-0.092107423029548	-0.418647483869027	GlcCer d42:2	grey
-0.0564094429935604	0.204920994274215	0.260171931653142	-0.0778646240485354	0.287053202925329	0.130268341246433	-0.235431167834697	-0.166430594637317	-0.108859188698899	-0.523179482559031	0.11158711023501	0.227682932697493	-0.18140483743342	-0.278560345205898	-0.0632254369789193	0.0286320996054029	-0.112660663189562	-0.235313022469124	0.124624305678917	-0.285058204450776	-0.138615958596478	-0.14470508894999	0.0517297086874654	-0.097816812415615	-0.16110075748118	0.297067241966225	0.422435024069261	0.473155161722165	0.426961534663073	0.334706840185649	0.249847243391336	0.259340541568325	0.400575308019999	0.370220778070171	0.00366449268506619	GlcCerd14:14E/20:02OH	grey
0.0345509351903119	-0.09792608484291	0.111025558925394	-0.057543367575591	-0.202157600379003	-0.348848448594643	0.115843223643653	-0.0993699229117835	-0.176103468950747	-0.110542263636398	-0.202163211965799	0.036127817216417	-0.147316590631121	-0.154877214569005	-0.162083512163746	-0.133256162156529	-0.0479570684841741	0.245157073748345	0.407756220953998	0.313648219148443	0.580499265741714	0.583393969502653	0.1621431762618	0.092068254142543	0.187415083318872	0.235212422783521	0.207521634758414	0.229736365234547	0.311386681755092	0.371514353240184	0.297610144443925	0.324376175301205	0.243301739932544	0.198530795590079	-0.188476631492825	Hex3Cer 18:1;2O/16:0	grey
-0.349526397865278	-0.223435177788321	-0.308492886665645	-0.432752598797847	-0.314979156263111	-0.328818718760842	0.0594082093360346	0.208187677003966	0.191170515321793	0.0256280407006755	0.364377284959618	-0.130930685754206	0.130587843174018	0.213807716000062	0.296597614156771	0.374200754817902	0.600576302924337	0.268497741012932	-0.17304763607224	-0.179058992220474	0.148885290010968	0.0824544823030822	0.151391727447509	0.167796372023207	-0.00757076095476812	-0.216994096175968	-0.228110637392459	-0.0231847350407543	0.301714738944694	0.00654961728088558	0.0207942037439182	-0.0594528905712876	-0.293990293042987	-0.0257567843169381	-0.213724233864655	HexCer 18:1;2O/24:0	grey
0.215639818326906	0.435664606602406	0.304512552367982	0.117186178297958	0.234225005215788	0.0395613100555145	-0.469620180050987	-0.248839576840081	-0.363713932342302	-0.116667235893558	0.00121775691262105	0.167875099416133	-0.189502313568644	-0.249496701658864	0.00254643362736466	0.174069764572792	-0.115381114891285	-0.116970937399552	0.228773135258442	-0.226141447218364	0.0152486649909745	0.0135845544674579	-0.12480356247186	-0.383890394406083	0.178529690645396	0.376880409790283	0.254392845697422	-0.0141027819911739	0.137948915110014	0.113702541801025	0.549218016301083	0.405352974742969	0.254654435243362	0.295024414778412	-0.426618006120497	lactosylceramide d18:1/24:1 15Z	grey
-0.0334215173535465	0.0533281702716201	0.16174823894474	-0.181733582119217	-0.0238102800781852	-0.127065727588834	0.151394717309482	0.237378033144992	0.184618283451652	-0.0193545216315844	-0.0716642047382388	0.169201774733653	-0.204010083876497	-0.265686153881157	-0.110022511339344	-0.177416333654828	-0.0702754864887288	-0.0641305723935017	0.192972199417102	-0.157063050909675	0.104867070555402	0.117817667708005	-0.166215031138641	-0.259894167252001	-0.278326211658387	0.20503354626337	0.308928129297661	0.114557986703768	0.0139535105255291	-0.125607593264381	0.124152475972618	-0.085379049709641	0.261822701753876	0.00105223723289984	0.260404201166623	LNAPE 18:2_N-19:0	grey
-0.33235975722131	-0.171010090808495	-0.360474994268581	-0.231830072956681	-0.0374287717954363	-0.156691165699148	0.1631405933293	0.1595451902381	0.228297979426777	0.0216153838831767	0.0788469902346082	-0.275842654185293	0.214952159844802	0.128526232928826	0.189748030868391	0.204816316618924	0.334636645939849	0.20889603035314	-0.0798893920042579	-0.18723046256437	-0.0435006317089568	-0.157797799103882	0.0219206914384409	0.067102701936839	0.086371837039997	-0.258236782384733	-0.188165965596162	-0.0950845428041303	0.0476396109563033	-0.111973619369617	-0.101109524859448	-0.0777786628188169	-0.188714093953364	-0.0675804003702649	-0.19178644282272	LNAPE 18:2/N-20:0	grey
0.182225127143109	-0.0639730886096829	-0.005019273274556	0.00339893903413642	-0.427972627832736	-0.484835874959973	0.299119405185948	-0.100395642240698	-0.129237142690906	0.112282967090718	-0.235261493963294	0.00931070076285692	-0.0152178045321245	-0.139904653724289	-0.250320183681096	-0.274107215762704	-0.0379080315983818	0.33252409464861	0.22454053708375	0.516764932182497	0.773660389540399	0.688144989330366	-0.0824061248681095	-0.00920096459728958	0.523278238882817	-0.0497808091585794	-0.00932328127755081	-0.301867739266808	0.120430455892853	-0.107364840015396	0.0377335168638899	-0.00616675238263277	0.0577964750964718	0.0609466723218208	-0.146246842565782	LPC 14:0	cyan
0.169027180344903	0.0207005623112028	0.0730174763977591	-0.049897042102387	-0.619192766796418	-0.530399722609654	0.286839420287584	0.0183975150319036	-0.026671800476574	0.301181860282763	-0.148367760994369	-0.0112815806955861	-0.080071542219743	-0.0910463276675826	-0.157478204798178	-0.231468033654865	0.0392812540725563	0.364944486093272	0.0593844612844547	0.489568157962831	0.813639597551945	0.786133408957618	-0.00272085483999713	0.0306085717651959	0.287414262054731	-0.0755163077442588	0.0171377931961467	-0.0510500831475805	0.20311592222914	-0.0193134102555191	0.199356220683086	0.0774973387845416	-0.0544650554535397	0.046515715180398	-0.0618171025263069	LPC 15:0	cyan
0.217257452848997	0.0635673523457117	0.0564494406137981	0.0426136011613946	-0.493247713563683	-0.589836310060723	0.167886523619539	-0.161852896583444	-0.189818297379362	0.193637203364591	-0.218032943318764	0.118399356035141	-0.205019893039434	-0.129016562231836	-0.160669873874886	-0.13851607263218	0.0541029101592126	0.405533396218017	0.320646200259144	0.511582255642284	0.920538957784549	0.91812624390117	0.0356910383877966	-0.0427820820629613	0.344273709041667	0.180016979258849	0.111207182694376	-0.103421953213189	0.260218286884871	0.0991577933227075	0.278056210361333	0.184327969863994	0.136997827582433	0.142832900213516	-0.256561314637451	LPC 16:0	cyan
0.0568314342274764	-0.0298038979265381	-0.0119512049700133	-0.074520159218708	-0.454396943029452	-0.551369308078893	0.174462436822143	-0.0720382205209901	-0.161193801250903	-0.0207861731510475	-0.139404178864553	0.0572026914482903	-0.0894522376208518	-0.103007203812707	-0.153705554720853	-0.0697861673397788	0.00918348188208532	0.415842959068326	0.277188782416012	0.446750732795708	0.871723348469452	0.764053673469595	0.115392709154636	0.0588678183576445	0.463939887341085	0.142151498994653	0.107919792097958	-0.0515784294002103	0.304505529472787	0.11201769762117	0.291673516816161	0.205932179459884	0.182995688553559	0.16030567114992	-0.172772363838032	LPC 16:1	cyan
0.230596926298382	-0.000282413753925146	0.0732096160128009	-0.0176463171956203	-0.482722554307308	-0.550888444687337	0.150205945102523	-0.0987060142604877	-0.166614999330273	0.206501791564941	-0.176338456908288	0.00628593619033388	-0.340265622382931	-0.280507399221715	-0.268672726316571	-0.212501671842794	0.0465084421056738	0.324863731841345	0.313941273379697	0.443383827751059	0.928027900660264	0.883934334621837	0.112575821476436	-0.0195453535531941	0.179450424634782	0.138808802915086	0.230594461459765	0.0659394219106729	0.257314116339916	0.140866082455767	0.276079538232078	0.168161213335986	0.158520239577632	0.125180900246156	-0.109537771021145	LPC 17:0	cyan
0.229169380439588	0.0483896885339432	0.117528009783742	0.0653067501496987	-0.408636043167509	-0.510715218473284	0.124771856071116	-0.235941624307449	-0.196050484563336	0.158196512162185	-0.274575911568951	0.124057321074209	-0.247305941468012	-0.228343658665437	-0.296285803778198	-0.214445380277848	0.0114533832032441	0.277458812714334	0.361923912435417	0.50637422446004	0.925911213530131	0.914468859304051	0.0521917402376051	-0.00776836241653285	0.265825936855884	0.194094484386423	0.176258391169999	-0.0236775589816619	0.299950564628851	0.16701390116839	0.23506372310256	0.177150659291685	0.213398242767242	0.227745605610677	-0.185018650441186	LPC 18:0	cyan
0.186278962228639	0.0193862342994711	0.020004834324265	0.107030004491786	-0.38260499539598	-0.506227159542372	0.0900010003892018	-0.244870241804478	-0.307679179878925	0.0399124325607901	-0.18846973392381	0.113604638563136	-0.313844755531907	-0.128075948844642	-0.253363678046426	-0.14015748044539	0.00535909646889537	0.338697406165493	0.392022608845001	0.607330765285387	0.900307486870898	0.898483273989122	0.131321182560589	0.0253294684699871	0.260114709014442	0.15042337812173	0.084698813063099	-0.103441048273095	0.319300204999311	0.272176492994054	0.251153065183891	0.237580597422806	0.210211237751445	0.237249558944575	-0.305108206104201	LPC 18:1	cyan
0.18447770628686	-0.171707756877089	-0.225317125532472	0.140764686139883	-0.306526892929971	-0.333362049307625	0.119901305808507	-0.177163058362282	-0.212418587753159	0.0540857987269675	-0.114985973081094	-0.232584429822442	-0.345413834787543	0.0805926662503545	-0.21166481917903	-0.169384476231391	0.00759543203816119	0.176824204366286	0.226537676047005	0.697879821763178	0.549772620384462	0.52646686208091	0.33806470168538	0.205584462721023	0.0735730600645578	-0.105353950596994	-0.127342705681777	-0.191315358090735	0.0229487270545951	0.172363749381269	-0.0228894713332353	0.0608143419204452	-0.102282642438094	-0.0979254355798961	-0.232143143357161	LPC 18:2	paleturquoise
0.307557707029974	0.197384640249785	0.333548977460089	0.0967784107845389	-0.206660150996588	-0.330218751646691	0.0994306853811622	-0.086093594381622	-0.170456171592122	0.14055715395379	-0.236637644055886	0.277348671022782	-0.403329490307324	-0.364851167164003	-0.33730120499567	-0.239193615529137	-0.154651312021377	-0.0175798011943169	0.348632786972822	0.376405082753647	0.697103515575662	0.773305036318189	-0.120092024900781	-0.236244378614329	0.00478173423015094	0.299052912435086	0.348782382331792	-0.182093454728531	0.0831172474674527	0.108603307503334	0.08520741712732	-0.0116947956164596	0.357177607989263	0.279494998266136	0.133373438640833	LPC 20:0	lightyellow
0.222655930558558	0.114272048984213	0.143144988469881	0.0829877937360632	-0.233988932896853	-0.399143038797351	0.0449926465165959	-0.0450649184842191	-0.163690304423681	0.0334059992372112	-0.113793011605874	0.165623110553559	-0.472504888433111	-0.295903285232347	-0.348233917259453	-0.169623548866448	-0.0375798701404601	0.180156386650047	0.412111108737572	0.424962059260034	0.821145973656363	0.805332789071774	0.0961444497899688	-0.140968614226043	0.000827970717107468	0.157412185050118	0.226610648981029	-0.0787845709363709	0.172000783392744	0.119843378659256	0.18596813440574	0.171102274993192	0.301064029799213	0.25467748354185	-0.0332273187419374	LPC 20:1	cyan
0.423560676944504	0.0500816844914559	0.190696008975295	0.328380467372946	-0.175154115640876	-0.126107614680772	0.290417652557789	-0.00297597155858381	0.0944711345869127	0.208338574459736	-0.197613168068961	-0.170231098730925	-0.276401880876827	-0.160003507312713	-0.34906027500874	-0.406602540412473	-0.282607667541317	0.0520626640578036	0.0817076995075136	0.650999909185385	0.593954749155154	0.706132571295616	0.173595037927302	0.100727499508376	-0.0197559225543349	-0.0719716959437114	-0.131466879706421	-0.144244853756439	-0.172310319905512	0.061224159816852	0.0360164703589508	-0.109935948440448	-0.00947468045959866	-0.107508807917705	0.121662659170488	LPC 20:2	lightyellow
0.418547473522026	0.0059410411625334	0.197793319532657	0.46394051841876	-0.185808447408874	-0.0205522489611579	0.244802871355513	-0.138188207418243	-0.155633488760166	0.191473554501147	-0.280649743975009	-0.0377504610549495	-0.222075190808868	-0.055492897804991	-0.450395380502209	-0.488792567224486	-0.310988976331484	0.0628902433399992	0.0938785030344091	0.876593093444183	0.488792744629227	0.628173926425108	0.131150305209912	0.135554836076323	-0.0158044798282064	-0.176889951479372	-0.18393381271416	-0.14838013351138	-0.0447301359059376	0.0949411724391076	-0.0771196727575897	-0.0834844499065046	-0.0806189811652701	-0.13723119499964	0.0868899705015545	LPC 20:3	paleturquoise
0.449610588715095	-0.0509174520563272	0.0142493977636133	0.486259897124462	-0.175174790889125	0.0445611889736651	0.196843968346606	-0.188655942738843	-0.228931667212353	0.174460511584547	-0.279834097425821	-0.0254435767393937	-0.46880523049685	-0.0226094555652716	-0.540446414795287	-0.563772619511761	-0.198581730254972	-0.00384143115051178	0.131230440547345	0.912593576067446	0.460826420484824	0.565085531761881	0.414410266076592	0.367290316449749	-0.10588402975658	-0.14044971787156	-0.197599992485361	-0.257195740630833	-0.178734518091841	0.242752521119794	-0.202434346443841	-0.145448869580797	-0.149953679454854	-0.198785162671465	0.121359645128998	LPC 20:4	paleturquoise
0.270807608934093	0.0150124423912014	0.0507819161085374	0.358830719727164	-0.219370398298767	-0.0539273002618542	0.136597964749784	-0.220205693672668	-0.274450973770847	0.172980834048271	-0.256196846931775	0.0842626052626308	-0.247780184336571	0.176343490433318	-0.245096807985253	-0.31128659485483	-0.14630276118761	0.0745404289942305	0.111487658868202	0.831895158126178	0.391835671889097	0.495734104937131	0.299819899333676	0.322154672722138	0.0919705117219695	-0.138327616675195	-0.202378221475369	-0.301491086648716	0.00796659717623564	0.274138711133607	-0.017094682514395	-0.0449649872772355	-0.111255821658902	-0.0333604374621157	0.0488220685839579	LPC 20:5	paleturquoise
0.508965688150025	0.141382725290074	0.163767942388225	0.668016699049033	-0.0411909108464559	0.232299258640428	0.158377709482208	-0.0483678914001172	-0.0569270957240905	0.193799021984695	-0.230810155914441	-0.139470630535993	-0.355583460649649	0.136510536877261	-0.412318342213614	-0.501551725182402	-0.326387921014262	-0.122084420619014	-0.125738714499904	0.857451930780888	0.235653392482947	0.400998727361252	0.288875997738262	0.293771967602716	-0.184844828680872	-0.276627622978034	-0.410546819793387	-0.309546654099599	-0.377721762752834	0.0709772275258947	-0.258204399751724	-0.292572429947466	-0.320550209242158	-0.323395956535515	0.160778499661368	LPC 22:6	paleturquoise
-0.0304520043343119	0.156105096595704	0.193395206348523	0.00874398179665061	0.0152645210592761	-0.0237473169351137	-0.0507636649226004	0.136113931782715	-0.0406332113365417	0.0275989611922474	0.0436419458283467	0.031015733973141	0.106226737139227	-0.0385617027858791	0.0968522531476176	0.117042806593899	-0.114571639717056	0.239439411559589	0.162350501207875	-0.125254082329612	0.103934159235564	0.141802157916606	0.0303892871237116	-0.14589209257719	0.00359876284245743	0.037586598192174	-0.00115589652162928	0.130616338672703	0.0657885802101212	0.0277599978161509	0.688213631619831	0.342439608427616	0.069251408888394	0.0715359893616592	-0.10693240616125	LPC 32:0	orange
0.324834095569993	0.0315288377590632	0.203930426381544	0.0768272796132978	-0.391451873099375	-0.444293815134338	0.121997268102483	-0.154296451262771	-0.261520436772674	0.0948328731299068	-0.169479802118601	0.0795429953033939	-0.387028568824675	-0.273621265112487	-0.364029858435764	-0.270120661499965	-0.0996829014428025	0.199081044821942	0.334254874641732	0.551347624736333	0.888150508740964	0.920504119250627	0.134935737787492	-0.0718734793241395	0.15781750775606	0.159566489991988	0.241831873101866	-0.0580602435104029	0.211395970217316	0.155141466569467	0.26445895392573	0.0854674182469563	0.186481253673923	0.0990296523675483	-0.0297793127841077	LPC O-16:0	lightyellow
-0.0985226560668163	-0.0464614914045641	-0.190011657645339	-0.0792640541994161	-0.149257103544728	-0.0317800899059606	0.240134314865026	0.230311710966999	0.269196808726129	0.189195688807666	0.153563271094689	-0.163661248150626	0.241529876828272	0.226263439684867	0.158187893397149	0.0432341239153249	0.0347624131473209	0.00754305498123461	-0.273932001628066	0.165078186975406	0.0175736597431691	-0.0463217734594562	0.00752816574031007	0.142494091331407	-0.0318287360746988	-0.259174422596304	-0.254929454897065	-0.0634125953340722	-0.253133700361346	-0.232600188653073	-0.000785931729672636	-0.00678383828953953	-0.143169930438374	-0.0879877299584915	0.214600657090878	LPC O-20:1	grey
-0.0557441671698026	0.214265450786015	0.109185105179444	-0.103225415894715	-0.219098526539833	-0.275814093939862	-0.0232991873856434	-0.0374738566775812	-0.293903629431827	0.0554193145679189	0.136017323401255	0.186918566860642	-0.00584164722616932	-0.0741847863820884	-0.0352932255624351	0.0859263216335759	0.044767610269446	0.235407012395289	0.0270073766970134	0.180739457460437	0.427893926395251	0.409952425971139	-0.166017455325777	-0.199934219509196	0.0717800193779099	-0.0550612143549005	0.00490144805489953	0.084475239797212	0.309177043023353	0.12075881532039	0.376810164662893	0.417428643830259	0.251165383896414	0.380959417533931	-0.242206099478146	LPC O-22:0	cyan
-0.174448772499666	0.0275018763059609	-0.0792235515362006	-0.224742965979024	-0.20698556735884	-0.264809099229579	-0.00860348537805558	-0.0408124801655576	-0.380480847156812	-0.202660926590826	-0.00778547030981275	0.208341116539951	0.0405535919155104	0.0197816682563724	0.128497234057643	0.13812039753897	0.0857681241819642	0.208008165755103	0.200490361874494	0.0605906942582203	0.224723817538682	0.137703756588351	-0.0798068525415965	-0.150835072449713	0.291926815097899	0.0627144003428497	0.0109899313644472	-0.138373142035295	0.210266064948044	0.0982598857239716	0.462152939757864	0.424392411674628	0.270187641273278	0.489762851998433	-0.284443748433462	LPC O-24:0	grey
0.0647907028830585	0.258469830952937	0.149360923878183	-0.0560277499171685	-0.369853742273034	-0.315903932186119	-0.133439265872377	0.0334301119806973	-0.0817985686187145	0.00596922874550225	-0.0618383860798518	0.210761890309173	-0.262671035106103	-0.100173752541075	-0.115009881664846	-0.0797828437048354	0.118869183485452	0.177166662756508	0.0365804926725714	0.179790368706452	0.50632701422499	0.528968331657871	-0.0157492310573025	-0.195506275069615	0.0802658489410039	0.194605338267033	0.019804226859562	-0.195433853363112	0.0493012920711918	-0.0120371077700213	0.42173469073365	0.224161143722766	0.151598303123539	0.159111639120848	-0.263455087378584	LPC O-24:1	cyan
0.313925036442584	0.168172384159545	0.226128407687441	0.243391610054843	-0.289791118996382	-0.204873206835285	0.0701174079616069	-0.273762024481642	-0.273977279554058	0.0264636228055899	-0.17166214249085	0.224552658448825	-0.40284104700586	-0.280859890425696	-0.461279716437942	-0.386564760392155	-0.160418252122812	0.0357144326301437	0.187681449094373	0.614233454213161	0.689848071328714	0.833656425752473	0.0791648085903148	0.00913140826835485	0.0429176138283455	0.197912044711683	0.115591858288618	-0.0692974889380532	0.253147166312088	0.280642804516279	0.101988055928752	0.0585709077344072	0.215107525723699	0.123529772803003	-0.0631820594265693	LPC P-16:0 or LPC O-16:1	lightyellow
0.358885162225989	0.232390744356764	0.396017595511284	0.111837301737234	-0.342415983385375	-0.387373837304917	0.111914755104251	-0.107020917389689	-0.187075052169174	0.234150261856679	-0.207197847026483	0.222631918716496	-0.251010906284824	-0.374872160208971	-0.353045392434716	-0.258057784881011	-0.179169822638843	0.115936464770746	0.266237131723962	0.418998462329239	0.82683981358794	0.88798407209536	-0.151019945419369	-0.259586924116	0.145339772043195	0.168962876354703	0.308296181848384	-0.0488732666120509	0.158099844593982	-0.0209127131459752	0.272350818502377	0.110338166103193	0.284456533602903	0.192726265904115	0.0406785363258514	LPC p-18:0	lightyellow
0.355103744264924	0.082854553224493	0.131178789790448	0.159656058179671	-0.371959780131171	-0.445761763269469	0.0212777303068654	-0.187062072324577	-0.271884520638395	0.0839244598820251	-0.125509969456113	0.0689896788490502	-0.452521231160808	-0.259031253918767	-0.324008094486198	-0.22847744086395	-0.0549185906955568	0.184225913640276	0.338140988081994	0.547080839722022	0.866554243796999	0.925298433702787	0.117927615764177	-0.119026940258608	0.139678520882182	0.164724484461099	0.13543243453234	-0.131503231749171	0.202392449388822	0.158050714385152	0.239481835484504	0.146276670565156	0.15313253984311	0.140749728385304	-0.230669842607114	LPC P-18:0 or LPC O-18:1	lightyellow
0.600726859931743	0.530822009999107	0.764404003587568	0.564613240822267	0.362817241831398	0.369091668327394	-0.0629643169307056	-0.108494792508013	-0.0963795471876231	0.0778017625709072	-0.148687422644278	0.217375414779917	-0.184911269921753	-0.395511175515034	-0.381948388963511	-0.30002330372642	-0.554248029254434	-0.29770614401899	0.0375152975626722	0.120115180633871	0.121990053130782	0.324180383542808	-0.361058767232314	-0.396860835343293	-0.13979312208569	0.105955491231468	0.157953020129356	-0.0510412082685845	-0.19215967073214	-0.216346053345346	0.0546600410051075	-0.116920614065161	0.250851205893822	0.0133925490226523	0.265122877167606	LPE 16:0	green
0.436599046097213	0.458918554739688	0.759556364988675	0.53411541962572	0.459231754136507	0.389870456933057	-0.0121997224762008	0.00324990190729148	0.038664615797237	0.126421877794765	-0.236324222865052	0.304666817478553	-0.0657130329157222	-0.512900884908226	-0.447775500428305	-0.326890582196926	-0.63190064787032	-0.276968867303057	0.107026500533411	0.0681889775254045	0.0457237329839822	0.256525885407955	-0.370516074688966	-0.388175981018687	-0.106691858510227	0.0624578722197638	0.153500050424932	-0.0740852603649593	-0.151785369563467	-0.204467845341387	-0.031174526780979	-0.169078866800048	0.182967185323932	0.0282666464776288	0.382191931112041	LPE 18:0	green
0.636952950940964	0.509410812183483	0.640953571483482	0.825232117982483	0.533751125174918	0.483117035154876	0.0285712805003319	-0.155721910665957	-0.224062297747903	0.0063661098471574	-0.336246259594134	0.18768500672614	-0.375980010753475	-0.379392073284822	-0.549057843257872	-0.39925283851449	-0.561431107582442	-0.298589717094122	0.242126776662008	0.381761155699295	0.133323046275417	0.327722320767034	-0.183231546470635	-0.245218969383335	-0.149827936300756	0.22076451280815	0.111022608258467	-0.111542200981713	-0.149961645721741	0.124205771324583	-0.00542676604086665	-0.0351523966241279	0.294758078145364	0.087771023013892	0.179187771920482	LPE 18:1	skyblue
0.537639898813644	0.293028140811777	0.589478917797784	0.769560217857118	0.410890138570399	0.410065646527338	0.066584861846791	-0.176717848729869	-0.153330952742825	0.0485933876155756	-0.279849440565155	0.110237567298573	-0.212183911916512	-0.298834908749004	-0.465508817408749	-0.309824578067174	-0.618399447619359	-0.20938528487085	0.293177695532154	0.440103311181653	0.101934556254888	0.313706670750206	-0.0814930983671907	-0.0904878115691561	-0.15287525877023	0.168754412305307	0.0324138210647793	-0.118738552560709	-0.175948868128981	0.186116965796449	-0.05925193696567	-0.126063198295709	0.0763560632920297	-0.142963924319198	0.153429026355144	LPE 18:2	skyblue
0.718677695559613	0.25102727273496	0.434281730169606	0.917128080053544	0.456375797459547	0.64152419590677	0.115983428114832	-0.148433351783382	-0.135210100121081	0.116506794108783	-0.458185607494815	-0.0235740616488969	-0.391953194001925	-0.207566554888151	-0.556967625287782	-0.565657230312684	-0.503501218436806	-0.299787449255927	0.0691944758965891	0.54833378323365	-0.0502253946445015	0.161343999040383	0.118329122975734	0.118752725344407	-0.275172146316119	-0.014614523301978	-0.11584510533733	-0.115658048769067	-0.366454055053843	0.101266765025558	-0.291825711118503	-0.316841123521893	-0.0910609499408123	-0.26022206093533	0.308901669407514	LPE 20:4	skyblue
0.66092871784344	0.33255296982089	0.373735682223202	0.854546403277793	0.307257939401916	0.421509088307837	0.187390388961804	-0.0699401653867424	0.0167263747628975	0.237114835317039	-0.4158654618979	-0.0787804071750821	-0.358097530908712	-0.121388925892812	-0.38249171280807	-0.417123949838889	-0.406026168097575	-0.181043259820233	0.0339025703898919	0.50017818154229	0.11242741677659	0.293612131892051	0.0681573775097663	-0.0395985063941574	-0.222897273561133	0.0541440092333079	-0.111376616003188	-0.282419281775391	-0.484355783262998	0.00173685029145412	-0.209305676971991	-0.335274044160485	-0.228009361391173	-0.319090901754652	0.150785617406974	LPE 22:6	skyblue
0.706789941756294	0.502004277419067	0.731789775802437	0.7132553616754	0.473255764265868	0.455191403807537	-0.0371119734708121	-0.250851237738756	-0.233185120377681	-0.103447729873605	-0.239803102557576	0.210260935491996	-0.386111765561313	-0.524727105816673	-0.619524126160616	-0.451727384314752	-0.758302369910877	-0.475110931276019	0.243803319041533	0.389814439909888	0.0886711194817209	0.310693306043224	-0.0940122352895587	-0.179706014494889	-0.17723536811739	0.206468183095914	0.298799460568751	0.019085250311785	-0.102850948756287	0.0719325488987168	-0.0790416787911712	-0.176193986630027	0.268373441033428	-0.0621373798815435	0.338699921891218	LPE O-16:1	green
0.670127566106269	0.470983051887636	0.796800937124881	0.63174465177385	0.444496114389731	0.396667605697488	-0.112333059297451	-0.257285186461463	-0.144938205917982	-0.0617818187218769	-0.237094200300163	0.287581661317554	-0.345225883717751	-0.52345756665676	-0.56584887769577	-0.363158153334826	-0.742280812836297	-0.502807530026662	0.321929337320457	0.268981923399136	0.0979342030966417	0.298791174621704	-0.166507666376641	-0.232900268910395	-0.200765489492346	0.335418991112272	0.435034708274991	0.0602617851979019	-0.0968547761509625	0.0260806234546148	-0.118393891959087	-0.19021222640092	0.343157083583869	-0.00538129860617479	0.397168887402549	LPE O-18:1	green
0.070612943531546	-0.10334555368619	-0.0972592815778447	0.0783979761547485	-0.39557353179866	-0.405046429758613	0.203506218000017	0.064650158597039	-0.116377253971728	0.273938677952049	0.0768053520266982	0.0200784364319678	-0.151183423083563	0.159742731327128	-0.0192832162754191	-0.0764810482457611	0.131876498991645	0.450553865484466	0.185835726414044	0.463390360870995	0.617922968241885	0.647194840751672	-0.0434286800974243	-0.0582497242002067	0.023487445023827	-0.181432601030338	-0.186241858493319	-0.220174197833103	0.00497367529879337	-0.0342892133693376	0.0837446250506047	0.0399991544029641	-0.0598064017829676	-0.0649770405326849	-0.184198753966893	LPI 18:0	lightyellow
0.475041507785448	0.237867008458183	0.365665016985644	0.379747422433398	-0.184610811144876	-0.252674478987326	0.199895103809856	-0.0849147851692014	-0.206882361326305	0.176946241156454	-0.265115607290672	0.18519749090401	-0.243055032414939	-0.182718373930683	-0.325862861522514	-0.299797679876702	-0.306482581449772	0.162299092338454	0.341563035601366	0.619232390688552	0.676289277905908	0.781449247749588	-0.0607788783287499	-0.147500053364172	0.203315515388004	0.0806365549451518	0.163263074373155	-0.187257851031729	-0.0156310924811875	-0.00433804424647988	0.168672093894971	-0.0201089312807068	0.187420437212381	-0.00655358311204286	0.0201450138393106	LPS 18:0	lightyellow
0.247482971943896	0.116673810409762	0.286396260255583	0.577609652577984	0.611376423405959	0.792717309517314	-0.0396123866493972	-0.118610362473466	-0.110980888585769	-0.180214966004144	-0.263179453996194	-0.0187227769639918	-0.169254890863156	-0.0906084054657092	-0.474341744231047	-0.377137507795826	-0.327171241867924	-0.290320227462915	-0.219067784094509	0.152511492692213	-0.296894499158828	-0.209043282545481	0.107620348927536	0.26053340878205	-0.164411147518907	-0.0751285272161135	-0.209077808564166	0.0523270344283365	-0.202134400779868	0.207702669412155	-0.254828404474841	-0.100739996577548	-0.00748632513398008	0.0208606397501349	0.194485761599731	MG 20:4	yellow
-0.0111435108850086	0.000948530626901982	0.0192447445879707	-0.11752551247509	-0.141074798747777	-0.138809162493988	0.142521335005505	0.247235169236907	0.461520199441196	0.0674869575663793	0.00438601769588547	-0.0165334578583967	0.080256482263212	-0.0674231181258568	0.182002398380202	0.0217788000464301	0.162760295067668	0.219279812432979	-0.0136330482337758	-0.269713242193749	0.0800730751908497	0.02609817982078	-0.0822242439640897	-0.0176526709790485	-0.0076937809283336	-0.0418058890745339	0.103737534071331	0.153313450956668	-0.00676481779243816	-0.340015446586217	-0.0761259800664537	-0.265360867824564	-0.110738701384198	-0.248224320862089	0.125916328706127	MGDG 16:0_20:5	grey
0.250326792313279	-0.130892945412432	0.0109267281913447	0.145433547107625	0.117738911550921	0.0155201701570108	-0.262074388581424	-0.377598991234043	-0.157020437856597	-0.246790432718092	-0.285207544705083	-0.303334977685221	-0.28978214703837	-0.090531364387938	-0.130854951200916	-0.106785523805503	0.0609773144630521	-0.15711740085653	0.145765327652024	0.147148213399791	0.172591487823623	0.0811873090052648	0.525284467959994	0.320170923516183	0.184568273344322	0.301935295083169	0.149427157229792	0.437873383321624	0.208970056374967	0.415846133854272	0.163944700651634	0.203722169917748	0.0734282705776586	0.0861523932859578	-0.232832760540348	N-docosanoyl-4-sphingenyl-1-O-phosphorylcholine	greenyellow
-0.325310979683815	-0.0618771485635958	-0.266939041008026	-0.45061268408422	-0.39768336779044	-0.454260898736298	0.145292501909036	0.343416817580484	0.212968866294826	0.159693383690365	0.177514709723953	-0.0292406582281711	0.231222649468125	-0.0441851781036024	0.224644142642832	0.111619294392991	0.328907026519844	0.401021419519594	-0.0170715273229378	-0.20003225376504	0.285320108732239	0.149565601803981	-0.152312868827616	-0.0761166770397464	0.196559584954359	-0.197402984431786	-0.0132277684925528	0.172071634166711	0.257565082417477	-0.228578556014014	0.213182616895518	0.204515022416585	0.0794335870141783	0.17926714603335	-0.149740993384573	OxPC 36:3+1O	grey
-0.131284412483965	0.0960974971029925	-0.0820548315415789	-0.152579300123	0.113575880363783	-0.102415728661615	0.18786483601999	0.336383133103828	0.382621665361019	-0.12903266282723	0.119425424580181	-0.0181994210213513	-0.00763067204806128	0.00695351813741059	0.136768055666228	0.133634831367755	0.174975223943058	0.00424527642049714	-0.016513155814755	-0.202317472727258	0.014881131956929	-0.0691023483013422	-0.0783278033143591	-0.128253031191733	-0.140166444264964	-0.099492896201192	-0.022027278035548	-0.0169575820236151	-0.067540628589865	-0.343977628032033	-0.200817128506065	-0.231905139573717	0.00697107902097903	-0.0226129693214522	0.202135106988508	PA 18:1_18:1	grey
0.443116857537675	0.47121491642486	0.621653409789059	0.336819193586102	0.185979876360029	0.312314480999422	0.242856013371013	0.100519815808924	0.10649715806445	-0.0215488545367613	-0.0147381220229161	0.246955730971238	-0.0879547936274187	-0.514436453381324	-0.362905003047024	-0.304187344709004	-0.613371275264223	-0.432924834948467	-0.0474222539190939	0.139868320095081	-0.0554700528061297	0.11893757550508	-0.382924652363469	-0.295019586268733	-0.404207085827674	0.035570899849121	0.167410605121674	-0.0889354869247552	-0.206754829195965	-0.4163747821906	-0.297418350247377	-0.471669502577839	0.155560459349788	-0.226723195777191	0.64790471562513	palmitoyl ethanolamide	green
-0.259718991082156	-0.0400169882244989	-0.18549163837815	-0.0609935499725368	-0.141152735079598	-0.117699702085685	0.170094909221291	0.0274216360634105	0.155076724744935	0.0715819537937914	-0.0565083255220798	-0.0500946303938442	0.546635521669929	0.140554158738299	0.0019833051584748	-0.0279525927817774	0.0058399690235093	0.275975404837804	-0.137838566347529	0.0248746016437854	0.0238838738731129	-0.0244965361483367	-0.168287745900157	0.0453013351677209	0.613200789622448	-0.237674735614833	-0.301513952516163	-0.268414961019907	0.0812288769189767	-0.160979365859302	0.0339541973420066	0.0797956723632304	-0.0738097415556278	0.0110085280934694	-0.228028482209069	PC 14:0_16:1	salmon
-0.165321149885979	0.00498903152684768	-0.0340194772619352	-0.107482753935247	-0.14860931684036	-0.268663918025749	-0.0727236226031258	-0.213670925736572	-0.0845122562878482	0.0341843236494333	-0.186499210822661	0.144492351337383	0.372651575274583	0.0763419428604059	0.0231545902088401	-0.0190890044285621	0.0307559728669429	0.365505201788411	0.118273934720719	0.0604767119554794	0.240257922227086	0.14123687970147	-0.0476292246568736	0.10039643214929	0.884759618451731	-0.0488908821738976	-0.0620120408180982	-0.114395461113285	0.323548257693095	0.0401607395847599	0.323982716934812	0.370011787836428	0.0347118653783865	0.244878939876128	-0.329964290809706	PC 16:0_14:0	salmon
-0.379368023762786	-0.207951826957223	-0.319499441840348	-0.336418930454414	-0.250657969679134	-0.156898301766563	0.16820224675228	0.392535295466621	0.395987992013553	-0.028993967926012	0.268433392156543	-0.0643188460117866	0.218191698534964	0.517485830503485	0.546477279689802	0.307319333203731	0.397436485499851	0.284450331786588	-0.175223928843601	-0.117342144419187	-0.151214951512493	-0.232709359536745	0.129256641639315	0.228367232903598	-0.110546665664829	-0.172966508924368	-0.258367122167265	0.0102947208990737	-0.071488068853951	-0.110769073853113	-0.020575734395748	-0.018622098004199	-0.174650161055106	-0.121901361743184	0.0485232803393031	PC 16:0_18:2	grey
0.0310117923386312	-0.135694069163942	-0.197639238096484	0.26595995820571	0.0480048274888571	0.420678970427543	0.0572890337237797	0.166101548717857	0.326827427865754	0.0994773138832509	0.152166370746082	-0.297006133555797	0.0154217044561005	0.471634108139478	0.00526849161903092	-0.0785333225460468	0.0301629989335886	-0.17298887050695	-0.511171330407162	0.244274675280066	-0.302656537418939	-0.257884583122488	0.332120485969359	0.466434724261368	-0.332966350689596	-0.572147026634874	-0.607015809552882	-0.219178420824968	-0.4474712548083	-0.187275329509112	-0.413472169815744	-0.348986083614854	-0.61083094876461	-0.367093284338384	0.219778845232427	PC 16:0_22:6	turquoise
-0.549806186791466	-0.4955729409999	-0.589570017127767	-0.44942672019184	-0.42432203569178	-0.505278822867394	0.222166199922127	0.202092885225389	0.142730608964615	0.0623653296997185	0.0710434827133507	-0.111266696111478	0.341131922068616	0.43989192915013	0.419432921789215	0.293639138250825	0.539291408568018	0.908633667387033	0.112933604197851	-0.0788507897800075	0.32160914444565	0.0954867780273065	0.199136214644671	0.351033699913957	0.512248679753164	-0.239310225368873	-0.265918652401329	-0.047440159378062	0.207780105329963	0.0853173165132996	0.212408254140963	0.327079205423825	-0.232530181593248	0.0452566126785274	-0.403199004137279	PC 16:0_5-oxovaleryl	darkolivegreen
-0.455828779016897	-0.277315751339097	-0.433132359030869	-0.399817737051238	-0.460769437889734	-0.536084590219932	0.276293246671176	0.401397472835986	0.186003859613492	0.208253470632175	0.072470562914091	-0.0439732729051949	0.336825589881946	0.313368701813168	0.437945858037064	0.249592133082478	0.426258630785322	0.919133358635613	0.0590831286346854	-0.0885915188422076	0.332796328457492	0.168776249740447	-0.0725753706921092	-0.00549388429043422	0.399299795461045	-0.24714794002941	-0.249451091990979	-0.13593937526429	0.104256254724173	-0.139566836683476	0.310827761556293	0.227829967514572	-0.1846422347546	-0.0324163833858938	-0.309340312356461	PC 16:0_azealic acid (PCPAz-PC)	darkolivegreen
-0.512692822793234	-0.361695198805375	-0.474589306229587	-0.426816022124197	-0.571587721723062	-0.580375940499951	0.145100783463732	0.125152941439558	0.115473121220166	0.0925333155462964	0.0316684415742858	0.0720793562918573	0.317220572074704	0.410885385579358	0.344200847461983	0.217238824963127	0.473605843832706	0.901773408711804	0.153259099313317	0.0129290520524746	0.414354014139271	0.259317803374868	0.137735539182827	0.300796919860902	0.539404040826871	-0.13397215199279	-0.202901386774796	-0.0666821174949167	0.303209962461272	0.0824052299635227	0.278230876944391	0.347607991672319	-0.155781235373711	0.0642655128527913	-0.427612936232797	PC 16:0_glutaric acid	darkolivegreen
-0.383254680796061	-0.388175633642981	-0.566728974606984	-0.311361059327291	-0.465926905889392	-0.530969137925825	0.390904603018816	0.309892052744006	0.13101283399826	0.221492851286465	0.00421850520389015	-0.179460402015754	0.260046577958554	0.393801624588999	0.43296046485726	0.233039788072738	0.518801707294332	0.950010880613737	0.0730332104902265	0.0989590303213759	0.399899189608201	0.226843107446955	0.100172690592844	0.195627004976513	0.349891067043805	-0.298745256461251	-0.349080447871992	-0.159430462871871	0.0799669801391921	-0.0389265205065453	0.175663709648623	0.183498742888834	-0.267152455048405	-0.0719755798093645	-0.339225655287226	PC 16:0/9:0 CHO	darkolivegreen
-0.384471504853218	-0.100867880208446	-0.207453641929332	-0.362956295803777	-0.138247985999064	-0.376573258400598	-0.174003188130582	-0.0539469133681182	-0.127591938094656	-0.130179789181863	0.176834413683831	0.132754957351101	0.0833442980315791	0.128653781738798	0.0951167913388659	0.254567598809385	0.345607669583563	0.16176481346647	0.00986013900054354	-0.122140880621388	0.247771582442352	0.132186663224853	-0.0647009878859469	0.00985135561472505	0.221726423543303	-0.108764539854597	0.070320957921235	0.162382896316253	0.426841334422781	0.236462058477076	0.130797127549764	0.37164118982341	0.275260269942807	0.617745589967394	-0.312506457203388	PC 18:0_18:1	white
-0.461604576949177	-0.0554692505766787	0.0581385719387444	-0.154820630177155	0.0738896315759928	0.0611980541581898	-0.193353741150781	-0.0300224103518237	-0.106042657085087	-0.129618426895176	-0.0773436840257566	0.371872672227423	0.115635736379379	0.051169840140417	-0.0616834378557424	0.0256306532044111	-0.0654408375898995	0.0478685164951245	0.121268391438106	-0.224663661070168	-0.194881383746353	-0.168366210121774	-0.0470925809680204	0.0295911167673612	0.0559615787567237	0.12610096199701	0.178519506434175	0.19731811704533	0.417176899727717	0.296994101732355	0.191019895504195	0.300697304680382	0.130243633094452	0.265968722086972	-0.101889102392532	PC 19:1	grey
-0.300915454885157	-0.0521348445867663	0.0963845208547395	-0.0927119366552282	0.203822876780363	0.0957250031695552	-0.0743176158813081	0.00328322637422823	-0.0692189477816669	-0.161244661604866	-0.044594192291613	0.137843855095222	-0.0214985220751102	-0.0294548397164947	-0.0768371040348366	0.00525411709561406	-0.0786408156085543	-0.152143849968616	0.087518617312326	-0.190468104566404	-0.170466079767518	-0.162366137524809	0.13593680404204	0.0525811777183242	-0.0580335906261672	0.224625066635327	0.285070075967488	0.347783243818646	0.252158681388558	0.366254196130487	0.151893577388597	0.225150388074165	0.111196790078577	0.153200749655637	0.0641178665709903	PC 19:2	grey
-0.138401956008177	-0.10342731733381	0.0139718982404314	-0.132652057605107	0.121987588462986	0.184707800251529	-0.018430921606902	0.0628432797765272	0.227736550457413	-0.0424613610887278	-0.0477753564411695	-0.0393467003010375	-0.0832856150659448	-0.0365429479904986	-0.149592874268813	-0.156934432652021	-0.0754314292138418	-0.389425060490979	-0.134335734647709	-0.147350884172891	-0.297389383958622	-0.305189310715936	0.314044258942949	0.293851122077095	-0.196895843858759	0.0719455850165456	0.241703498013149	0.328089824485665	0.00976352795078971	0.145347727617144	-0.208382261413851	-0.116497791525515	-0.105585086854803	-0.129813384568946	0.332674260576587	PC 21:4	grey
-0.581338502242015	-0.280021880706158	-0.408952056246027	-0.678723069655565	-0.456059007605741	-0.594650629941937	0.0851459796576366	0.325368167189782	-0.00935378127841919	0.026202477634515	0.242880533111892	0.0617789935516476	0.314637286449678	0.169797639771456	0.451543115047725	0.335132825929766	0.420972807567834	0.713788426719929	0.0839880397671966	-0.318313642975206	0.22890321563831	0.0429774842562585	-0.144775760334653	-0.127800986631007	0.418635238385136	-0.0676699668102212	0.0159703840652589	0.109344451401963	0.375303554875892	-0.0806712555748544	0.441099530722168	0.408964803470489	0.0962216096112579	0.21328990061354	-0.318055125176269	PC 24:0	grey
-0.0944841093350119	-0.10791545329874	-0.151853957023312	-0.0913326077284006	-0.089034912807198	-0.138966988507754	0.0833627214405176	-0.112380924054399	-0.0150696791018339	0.0111694903414814	-0.0878070994278149	-0.0504979791980453	0.257630045092994	-0.0483475760364553	-0.151233626646767	-0.112775824019951	-0.00457031555231255	0.130445745511929	0.0831831129210429	0.0954665185506147	0.197589489745702	0.0862996694613092	0.0177878962642169	0.101026229141323	0.668068650548815	-0.227627126438682	-0.10433051400053	-0.269157551500148	0.205005319641559	-0.0557447549395526	0.0520621679028756	0.126378667288945	0.00245394318787803	0.194908287607841	-0.129539262151926	PC 28:0	salmon
0.0213823842692072	0.136099689195317	0.202266672915962	-0.177511438160795	-0.204808343285171	-0.332439269438502	-0.143783466093801	-0.182745036009136	-0.125472223075798	0.082715017737084	-0.177953510015833	0.145211804132604	0.0495027417835275	-0.416542314456364	-0.296583888130131	-0.164628047099736	0.0269957614108538	0.107891795961662	0.0794280630924567	-0.0723789451860254	0.439680455045419	0.355398160110577	-0.158256042953261	-0.162656298786876	0.641648838247446	0.143448801303316	0.281995620605457	0.0942334960848525	0.411163241866742	0.0256856878582944	0.332104227125891	0.281127880777316	0.214429070846065	0.269131353320118	-0.22331068512533	PC 29:0	salmon
-0.156503071096245	-0.27884963863556	-0.10662415706383	-0.267997923240736	-0.0739295277518541	-0.244443867328949	0.323709510413607	0.331573714949207	0.198831362488969	0.283869099096277	0.0249384704300311	-0.209063865130716	0.157223917620698	-0.100337958873428	-0.00164649263967772	-0.00895752262973057	0.07765262586707	0.14286999810398	-0.0203813138415344	-0.02619985413645	0.185097927355975	0.0723114329953203	-0.0276052568779454	-0.0406675216945982	0.0370036455630663	-0.352725926771049	-0.0333422577865582	0.218624601015004	0.0106291350656309	-0.225637293436508	0.00156966319646146	-0.0388803072706985	-0.139197760629385	-0.0665381322749107	0.267225894559087	PC 30:0	grey
-0.285471379540588	-0.321634519724207	-0.435957336286016	-0.156012941303692	-0.420222211027888	-0.295838632500556	0.490478484804084	0.324119855633422	0.142592017090425	0.276674337183428	-0.0430935923613338	-0.0919979824976525	0.250799621713684	0.376793901676183	0.3380702382788	0.088668219838746	0.349974573550755	0.80963521251139	-0.0208680331849171	0.187434644577048	0.267742678445083	0.171503769962643	0.0659349304332401	0.242592339041306	0.0852929940952624	-0.33338868893378	-0.381249781711875	-0.163838094437068	-0.0499042968453828	-0.0392442190124804	0.0478722730699429	0.0132012565245564	-0.321789340007476	-0.15213791789528	-0.076547077330126	PC 30:6	darkolivegreen
0.0557572777265606	0.103920309727793	0.177457707733396	0.142309590200743	0.147541564423275	0.13626723453656	-0.24724171862964	-0.349340270448327	-0.293993251781662	-0.0973726544340091	-0.295812437790057	0.00769189126285452	-0.00652445310058556	-0.116109095139156	-0.289137868375746	-0.304470732079675	-0.18417898338503	0.0263038918331539	0.0606651673722482	0.151315392166437	0.150208784505495	0.0705136182921589	0.197960611447892	0.221993733124904	0.486677783221325	0.0445315631725568	0.126910614264618	0.368473213329455	0.327550713028357	0.421708539758704	0.473497972508198	0.638154115607071	0.196939653106689	0.38474484155818	-0.190013930133435	PC 31:0	saddlebrown
-0.206541764778992	-0.0622375816840389	-0.0106076947620031	-0.25623620420509	-0.24585718893994	-0.367797092001706	-0.0138144885869359	-0.107720748944224	0.0122968479150835	-0.000742980320573295	-0.174161469056153	0.0636451637733604	0.475099200192501	0.0196546714066927	0.0860809772688596	0.0567267029435944	0.0547106402499474	0.346825248735912	0.0339103341426328	-0.0961214006440976	0.247439012359554	0.107600123638665	-0.149610420161223	0.0411264507523375	0.86924734553572	0.0931055151450303	0.0558375303440807	0.0687737706261021	0.313710857663868	-0.0199067937568508	0.306444580595225	0.30845339778844	0.0972208349339518	0.155339798394045	-0.276316830364912	PC 31:1	salmon
-0.0462160492678227	0.199397109692175	0.0755213169578122	-0.100845448170661	0.0066069775680194	-0.177663554534123	-0.14176962598049	-0.0566649772616533	-0.358639304247698	-0.243125606507233	-0.109837066734026	0.232299133498372	-0.123567554585748	-0.208161971941911	0.0578043561517865	0.0514976439958249	-0.0557681974071839	0.247663398831132	0.290034647855149	-0.0763217356818434	0.286246841106804	0.192231151974396	0.00791725069769477	-0.191554203962709	0.234343967987538	0.351895946456161	0.273805814589916	0.268122017447894	0.302175695874758	0.19988774787176	0.691015595070506	0.608780878173613	0.43356183822789	0.46525520771285	-0.205433138874901	PC 32:0	orange
-0.264396784236015	-0.143073792377735	-0.210803838314023	-0.286139075211944	-0.164117741558251	-0.417811301594158	-0.0536574931755325	-0.116695171480932	-0.0044077014964197	-0.0662837599097225	-0.0807815077880885	-0.0328806179705992	0.477384172233407	0.206713214451155	0.322636720135714	0.292920397718239	0.235151249225001	0.461659823543004	0.128913327732194	-0.19428891850125	0.184162636953055	0.0128684758090394	-0.107920816255767	0.00150751821860722	0.89255299500842	0.0948473366746952	-0.0338102834960589	-0.0314185852905632	0.281819864344067	0.000681342407091479	0.328352619872907	0.377573228530171	0.0345834393761536	0.226459088961518	-0.535845305475497	PC 32:1	salmon
-0.0311141353618369	-0.189027555463279	-0.304347818545993	-0.18422673711802	-0.324880558157718	-0.428748896038765	0.0369582330102013	-0.215701363477374	-0.158469533826783	0.0130492379557127	-0.152619014947334	-0.0819527796665448	0.199415918249668	0.140360225430185	0.218411044171007	0.060548524378126	0.231600037239897	0.363991829735194	0.185953393043477	0.131895196425724	0.277937936979355	0.108401153859021	0.0690382336957495	0.0717157099132417	0.759411949253356	0.0342999795955003	-0.0269487351571012	-0.1934560680676	0.189117472157293	-0.0257375624107827	0.167628872900278	0.218388135897083	0.0273558491910747	0.0759604073590985	-0.408069036557255	PC 32:2	salmon
-0.0414756878997262	0.164127980940485	0.202017966348255	-0.103626178236422	-0.0292766835580781	-0.226038102445057	-0.302214306258615	-0.284143635490675	-0.427472880420528	-0.103921712630907	-0.192267409007343	0.18346019011157	-0.143235363673049	-0.302723394631759	-0.169507773889416	-0.0866726668712563	-0.106084329329155	0.1139339945668	0.382407708518756	0.0113801206900109	0.38323333468255	0.319654498686152	0.0985743797098903	-0.0491124329481875	0.294197534911903	0.329304322032825	0.459142815713459	0.544203165579032	0.608695168259065	0.537588248046856	0.730357247082563	0.835672162651929	0.503140103741767	0.660521503148189	-0.284614465074565	PC 33:0	saddlebrown
-0.40994329347377	-0.242616738601915	-0.285788043241685	-0.491541388424018	-0.281709078333683	-0.500209230706013	-0.122024581063497	-0.0683183990162443	-0.0861763614152605	-0.0393114637963265	0.103233466073277	-0.0350523995707084	0.424338972546686	0.229324577772824	0.342092045087988	0.368264547310196	0.405384452097262	0.537550727183876	0.0992129883935505	-0.235048475185392	0.273021065987382	0.0840837119161679	-0.0587210988118332	0.11593927933891	0.74079656534496	-0.0453562918795968	-0.0504643330389584	0.24579021708862	0.533448579589047	0.218630614278132	0.395279313860253	0.599227811343792	0.132038825749637	0.466146477583729	-0.552295565287205	PC 33:1	salmon
-0.047759126052186	-0.140411827842371	-0.18460960098842	-0.178385529930753	-0.347458703527928	-0.331880808859887	-0.199184590237041	-0.230635102314969	-0.318340793792051	0.0424584406580592	-0.15649736849716	-0.0675638208433378	-0.0833576543355587	0.0951809455826037	0.148993738769212	0.080129946568838	0.285306824238011	0.288774335535248	0.144675698172944	0.119654739512161	0.309085948017962	0.189744432702841	0.349722069581045	0.270803533633086	0.415411178461905	0.209138791431993	0.0894535148828109	0.37068947158838	0.441097331339724	0.475036030659012	0.458204215892737	0.57887848524384	0.0792538951886623	0.283906224611538	-0.413988237371992	PC 33:2	turquoise
0.203438201700189	0.353336732900927	0.379190307006212	0.164141644678219	0.278837244473363	0.0985407517218382	0.00662997956408537	0.121436361502253	0.108112771234246	-0.0383409120143457	-0.0693867355645312	0.144173481163863	-0.329628910727421	-0.415118954370725	-0.22935748867451	-0.27340823771332	-0.236418464071437	-0.0843622395626289	0.12793206426794	-0.110236736409967	0.117815336933055	0.171067543953758	-0.0437814843932104	-0.30273033053828	-0.18376376868662	0.190625809437372	0.325120109966423	0.0464170341781154	-0.135430397649339	-0.0385409556455555	0.166283175695268	-0.0954470671011889	0.199139274595443	0.00661672812779028	0.222059591108588	PC 33:3	green
0.0282541622755169	0.202938727403447	0.232706021772302	-0.000898566581353018	0.190984082288776	-0.0615521846142299	-0.288781238097733	-0.380729535939131	-0.597559743680497	-0.207901795892556	-0.136084231715242	0.310503979341485	-0.212485051330629	-0.332929854613672	-0.287599168001791	-0.0972682325572713	-0.169914041786355	-0.101586707594826	0.382472553079616	0.0698528438999291	0.28753044003205	0.272033401796548	-0.00307367344751985	-0.113097458241575	0.237394641866171	0.295987551516106	0.401755604999651	0.395662155046257	0.572637571450751	0.571772971782027	0.585763265380786	0.790153321873382	0.688579238236898	0.843676058438284	-0.240825038239701	PC 34:0	white
-0.471116808559625	-0.205629460192975	-0.467984782416409	-0.510478415666322	-0.329397316858866	-0.540696285964162	0.0857065465026153	0.2608824484217	0.274715714522153	-0.00569796618398051	0.259729697881595	-0.0942444435625653	0.414866777254899	0.336557305836485	0.559219429609067	0.521792298896355	0.486445446124992	0.560283670907111	0.00675542220614789	-0.338537232544809	0.178877760970049	0.0152050763103417	-0.0580055526195439	0.0071323793223007	0.365012522766418	-0.194877378974574	-0.178350135686169	0.0150110755003223	0.228724263145507	-0.180357466799596	0.226262473607651	0.272771547061891	-0.0607560639164636	0.187302298189726	-0.422604389392551	PC 34:1	grey
-0.350697601499353	-0.212972995628633	-0.406730982372515	-0.330697649173051	-0.323348538692545	-0.170372890462255	0.190080249888327	0.325912153029225	0.291679648262001	0.0500913829195307	0.226315441488063	-0.181333985013207	0.346659306114688	0.518922763893832	0.632404532310992	0.343056829397174	0.387373633124747	0.424513804002972	-0.243434375767861	-0.131167937908014	-0.226780117367751	-0.304267306767701	0.134802605312751	0.268806896752597	-0.0334979795208436	-0.223581135347292	-0.356322134541632	0.120627236858753	-0.00529437880070313	-0.125045284926004	0.0251485828571618	0.0473539045308642	-0.311502440235203	-0.209677845318329	-0.105247773837124	PC 34:2	grey
0.162363350027903	-0.0599431629345026	-0.124356490133834	0.0796056998529708	-0.166430882139169	-0.185911723994674	-0.0135312083903859	-0.252674103949139	-0.115310766672243	-0.0914900379837535	-0.194308269479622	-0.219632474441355	0.0944233583678512	0.22987672238738	0.245137433501848	0.123498090456705	0.0979094514649643	0.204559035932748	0.0741215372294671	0.130963031579111	0.192233248155804	0.0724918599747109	0.209185932558764	0.180838609128818	0.596381182688836	0.229694033408101	-0.0879526593274362	-0.0586566439705554	0.0419250029639674	0.139261276430234	0.260444535938457	0.207727690974683	-0.077381458001663	0.0113263751095416	-0.440167937059135	PC 34:3 Isomer B	salmon
0.0726228591865322	-0.229902337422519	-0.153600868593921	0.066908692644964	-0.129942025171202	0.056725716845879	0.0887359757402586	-0.02221123885944	0.0454480889992576	-0.108670636684295	-0.192651536322358	-0.11984533348809	-0.0696515293887651	0.0235566354540081	-0.355258494928348	-0.38803079433161	0.0265073064420295	0.0174154963881912	-0.0490245517534442	0.364675102300622	0.157035925372572	0.0706794133756372	0.403869682518384	0.486723387481544	0.33254894859461	-0.207572562987918	-0.162273673872426	-0.196953055789242	-0.0584253159578902	0.0276267608815284	-0.194779262397251	-0.11505922956079	-0.154712889154638	-0.130181582215763	0.112685495043359	PC 34:4	turquoise
-0.424904964229847	-0.167381191465166	-0.227512947747917	-0.425503158180699	-0.160583880767715	-0.417508295388449	-0.318966597936799	-0.223218125395148	-0.310527785650739	-0.134887527537421	0.134565998076862	0.105174728974024	0.176387389848736	0.122575053090108	0.242649529718191	0.387003175916709	0.368002916930242	0.364971075496624	0.273609887192838	-0.257890863838686	0.241696018000241	0.0962663808420147	0.0291007214673373	0.0939733186766663	0.441622020773247	0.146667407283551	0.18750255620134	0.477935844073291	0.72926028962353	0.503530299311032	0.545609752352823	0.854267228311232	0.368962987496783	0.731873509678881	-0.606839834508765	PC 35:1	saddlebrown
-0.186365352188026	-0.147858023097275	-0.0659944316312801	-0.21540783637011	-0.182752352829944	0.00928049577376671	0.138991001370539	0.242233826482445	0.139379815584988	-0.0271599395557959	0.174163628100282	-0.12477870409406	0.0585393434601181	0.0851877968951591	0.0765405083572348	0.0124748250330561	0.0868260688659598	0.1731321932573	-0.100176279763597	0.00721982326328163	-0.00184056300667729	0.00946042907906288	0.0681986237295869	0.186326327746823	-0.286464837155066	-0.298925047309454	-0.18881062927991	0.263374010293328	0.121498444995281	0.0773280707328261	0.0994095151497124	0.124850226488926	-0.02845533292963	0.0589720134374769	0.155193654066706	PC 35:2	grey
-0.172456747661746	-0.247261483683442	-0.268951345709948	-0.127705000885122	-0.182716199423798	-0.241427818085989	-0.163474221417813	-0.210934493068741	-0.296957633402561	-0.0211371687264461	-0.161148893577289	-0.035493178941301	-0.201791513571859	0.156045037181625	0.0491343280579272	0.0777363539052727	0.367932816561979	0.257467468823568	0.2486618603779	0.183509105173771	0.301646099691195	0.220591693077667	0.463554084757948	0.429694169531996	0.17036357258682	0.227380956310946	0.10939616601687	0.45050023849386	0.542449792540384	0.744973315379247	0.334601496288591	0.597481024150309	0.18781078187659	0.426695456244339	-0.405966506382307	PC 35:2 Isomer B	turquoise
-0.0118798784036396	-0.291347115924848	-0.299083267683352	-0.168316057373915	-0.227584497263429	-0.25122192081351	-0.0774398905932932	-0.0389875235007799	-0.0991225625585902	0.0298037491292249	-0.0639037289388418	-0.369729389959371	-0.000457851465721207	0.208340393132059	0.267335532881932	0.153391774687762	0.297528069468635	0.281021029461371	0.089110988433323	0.0463046705751378	0.161584198453742	-0.0352822816921864	0.408977630795052	0.377808924190504	0.399132402529899	-0.0238990805570789	-0.0422889308116956	0.329973243501872	0.33240599542064	0.308095285743582	0.27866689998782	0.331405338432402	-0.14109374400316	0.0762788722681118	-0.329465403357544	PC 35:3	turquoise
-0.223195766237629	-0.338347074074226	-0.368580271575705	-0.145958655823	-0.185797483511142	0.157819670068656	0.113391905974201	0.182040635297671	0.247650900705915	-0.107296954694682	0.142338723509859	-0.0796665744777419	0.160314038554874	0.462698943878708	0.149353412788754	-0.0482168996345854	0.180278606736301	0.0890951786791444	-0.255955789875167	0.0737419499717466	-0.304071185274994	-0.313920913359096	0.420263804060336	0.617624583695987	-0.0746902886970384	-0.358513918833103	-0.388074092357191	0.0226559227949152	-0.119047001549885	-0.0113051194255718	-0.249045312820666	-0.176347503074724	-0.322459611249481	-0.271785396917727	0.150961533236188	PC 35:4	turquoise
0.0458875526383254	0.29648930367492	0.297538925758835	0.0604125542094927	0.362377460813133	0.105938308435617	-0.260173649791916	-0.295366803889588	-0.414933143041569	-0.258590769651337	-0.191724221571851	0.305918250813272	-0.191090600174459	-0.387801924852105	-0.330191893821847	-0.137493378906832	-0.211967606007988	-0.208143869449615	0.329711936343751	-0.132701677511421	0.106917463295051	0.10829703396623	-0.154891451737228	-0.211684509204248	0.162718885895194	0.326376050437225	0.386293563819	0.161455251283365	0.372147851582968	0.457335181548662	0.39496599120076	0.521033913521187	0.666755964161199	0.799641173651535	-0.142438284472082	PC 36:0	white
-0.438490443324754	-0.150941271072675	-0.208832012204269	-0.421295191549068	-0.0314176117590944	-0.257433296771808	-0.170592843302124	-0.0557912696640582	0.01789671468202	-0.244290070242491	0.161837916583883	0.0559495530713496	0.133991657998082	0.116303727766103	0.262638929438027	0.406701192258927	0.423406967535851	0.189938948783123	0.146703062798357	-0.306636056113237	0.170543328419867	-0.00295937888532637	0.12230180964149	0.208457271573769	0.185170663134358	0.0498658958074692	0.0631827247702138	0.365219067137996	0.582943228891335	0.346081112809023	0.282659526280979	0.485841591424992	0.291598662969272	0.670337973815434	-0.320343215289872	PC 36:1	white
-0.294029287909827	-0.399340250824357	-0.33236840084956	-0.226165015245272	-0.150930329475322	-0.30310209251693	-0.190627662928341	-0.329477650287998	-0.226329407936473	-0.0696927841767869	-0.13846127820326	-0.0872879307623762	0.0250825833034227	0.350529561292188	0.219600897846113	0.264021412166718	0.400638399825935	0.227348741926878	0.230427159874601	0.126098503283453	0.256906663474431	0.110969269957955	0.403778623222893	0.425680837196669	0.344469945740913	0.191922726384877	0.00503808532078668	0.287643416897018	0.505552872704133	0.653951390893938	0.280275668391527	0.531548413448021	0.14709409059507	0.456970770982501	-0.515451871361902	PC 36:2	darkgrey
-0.224626076092284	-0.26110629599395	-0.461617959011422	-0.200020390042862	-0.162882820133143	0.0389755762769706	0.216631648586133	0.320315089514488	0.273139819461383	0.0484748991647661	0.223334428129254	-0.383847728503471	0.20223674460155	0.441444680391442	0.283687713996749	0.110259871566132	0.225831100424813	0.103129634338747	-0.382473856617249	0.0354959597863944	-0.252599576669287	-0.354518967911534	0.300859474852712	0.381981376871127	-0.0777819512500548	-0.51240871106168	-0.419079318794276	0.00751185178208892	-0.119442488984724	-0.160138512702962	-0.144425547130551	-0.10022863913147	-0.44461508891976	-0.249020419302562	0.0525295187758705	PC 36:3 Isomer B	grey
0.131302464482834	-0.0809785407427035	-0.116927901458079	0.205217357516853	0.041063309455697	0.0331923634089581	-0.175626419124482	-0.402037029788822	-0.413608689387066	-0.324358281615169	-0.256142743989328	-0.0357591613491958	-0.360007843349678	0.123938655603105	-0.0898621983049008	-0.0593705775724734	0.0859358115366694	-0.0269397581612561	0.154359973185078	0.359246741454067	0.202480821305945	0.141432667852959	0.461587249034158	0.363326951103245	0.108376752676254	0.193902681699635	0.017916360758537	0.168165338051223	0.318056689460342	0.597375008103606	0.141750825508636	0.316921618179178	0.110175973915426	0.264311608947015	-0.292087732187261	PC 36:4 Isomer A	darkgrey
-0.0799449070250864	-0.400119695901512	-0.439226469790506	-0.0698267956875486	-0.214427405125201	0.116644785873895	0.0399867091535162	0.147989835500921	0.202941026587925	0.00219571521382485	0.152109766229057	-0.247544239829593	-0.0507323615298533	0.382687282623352	0.0399549282514874	-0.0819907271634224	0.218502271637963	0.0776885856785161	-0.185865816247082	0.201342004295539	-0.127330185152823	-0.202129256580749	0.660520064461786	0.771886999739159	-0.059462369118791	-0.38460727777425	-0.387145985106059	0.0250500565867496	-0.156292014072453	0.092581159436219	-0.237171757687648	-0.0902667954193196	-0.492162944149841	-0.293209293695775	0.148816526571312	PC 36:4 Isomer B	turquoise
-0.101025687971193	-0.349160816712665	-0.391119506747872	0.0468804734064699	-0.163555360747604	0.112383081807546	-0.129561766720955	-0.121957905381297	0.0209928478114734	-0.0606765770339182	-0.0935454013240876	-0.157080362362623	-0.0028652124232523	0.434075352479048	0.0204009357919363	-0.0448831985281499	0.200090787254265	0.175651316596663	-0.030719660489322	0.256227876882221	-0.0697313765598858	-0.129216506211339	0.745453925509582	0.842531662196113	0.211480364431502	-0.168873969315616	-0.333644808685622	0.150421197956343	0.110370337215495	0.383733344459967	-0.0345276644285255	0.199748853577346	-0.373665528009136	-0.110995745193995	-0.163348342742925	PC 36:4 Isomer C	turquoise
0.146331709190477	-0.0870396531028587	-0.139171775051972	0.225356155672396	0.0290403682825373	0.0359051701637499	-0.183039403865368	-0.290399118109478	-0.233363906354025	-0.00990010735637965	-0.295582779482789	-0.10612448920844	-0.2455165618111	0.188394152390504	-0.174888650084114	-0.148374617105277	0.0237712974827088	-0.121873640559756	0.139264860349862	0.445733435339311	0.177479638206941	0.0978039665210904	0.476264519683204	0.428409780719366	0.307648694372783	-0.00330509114823699	-0.132710894449652	-0.141004959581894	0.0718018893812057	0.376887804889536	0.0596129849510263	0.138568682060054	-0.0727357953702863	0.16403770137465	-0.126465010028291	PC 36:5 Isomer D	turquoise
0.0066011361038639	-0.340268969464331	-0.378096893857468	-0.0655697600947089	-0.152262937046476	-0.0596576497482415	0.0182644199797485	-0.032496846141803	-0.0345205080408269	0.0707750682008364	-0.0544521372962274	-0.554667689806485	-0.0869703100159321	0.143381956418695	0.0577396001641084	0.00692024172227284	0.33581465027015	0.199419124842674	-0.042675321412911	0.112483522494777	0.053458358143954	-0.0968874464393322	0.511390916681185	0.544508403299525	0.0230705969961808	-0.230625907149605	-0.164670408140235	0.375350378543888	0.224425113411791	0.338589272869534	-0.0882485866059034	0.149423267335344	-0.310507292400876	-0.0542657878717858	-0.216788558701412	PC 37:3	turquoise
-0.0685738252300276	-0.311017423560627	-0.341599115892727	0.0189139632799246	-0.131258266449175	0.138380249763565	-0.075659522201002	-0.0497574944579569	0.075127843783293	-0.00915448277287122	-0.0573384190559221	-0.271233758479956	-0.109875465880332	0.228266613396292	-0.10239101581326	-0.136444355950184	0.176498919361671	0.11975282133782	-0.0367847580515466	0.190767891098181	-0.0120821322664601	-0.100809612798608	0.766819545926051	0.821719649792056	0.0385035108136598	-0.21652748714547	-0.213303222520945	0.290375657032215	0.125553027734944	0.418073366063059	-0.0547389410141258	0.154938780435191	-0.35458324431545	-0.127369059196743	-0.00717084974528248	PC 37:4	turquoise
-0.231113332393331	-0.0345655351683468	-0.0803864586509174	-0.202851677678377	0.138379347803885	-0.113981237967704	-0.475690155675061	-0.339380480260818	-0.493422340199049	-0.31450348593084	0.146271784850012	0.203119241734187	-0.0930224782159717	-0.00758529266540718	0.0139124205520013	0.270625931055477	0.201835183987823	-0.0278017941305215	0.357680183174184	-0.199449150747587	0.0661734168792563	0.00690120518055538	-0.0114480494363372	-0.0862252677989142	0.196035287345382	0.225895948766186	0.165090077350518	0.213339035963854	0.58024679458808	0.503005723322259	0.475427923299735	0.717366265899035	0.562441946326897	0.88441622246743	-0.501516803070285	PC 38:1	white
0.173168147651187	0.120589170602987	0.151888487969445	0.154369555742169	0.221179222323407	0.342715710632335	0.0233531900044697	-0.103263955575646	0.0571507268069104	-0.115090149509901	0.16453099720827	-0.103988120093819	0.142555475022652	0.0309279988806832	0.0759141810784684	0.131717062454116	0.0829131639486291	-0.24473741818095	-0.245724012870396	-0.244768606821475	-0.273201155698235	-0.228287449335172	-0.160197340332955	-0.0222076280773629	-0.203879013048787	0.0255756198279844	0.00305288192665535	0.290707001130351	-0.0304921974789591	-0.103651657679986	-0.0882885843872122	-0.0477200789795603	0.0633057081517627	0.0325208264087566	0.0252254000401355	PC 38:2	grey
-0.103854492432427	-0.200854211511966	-0.13752379479913	-0.00524702950759976	0.0605306132051534	0.190124677439151	0.100006879155135	0.0691706258656199	0.183505462959216	0.142893600512966	0.0901962685371441	-0.377970675495883	0.343680840215571	0.267708603698799	0.0987376821584788	0.0672837130748679	-0.0104589529979134	-0.0537037954362925	-0.298735526831393	0.086949014081718	-0.28282417367174	-0.307983206777245	0.118223527478077	0.292734734327294	-0.0272733179068187	-0.377316783611394	-0.396358143281571	-0.00541756316250842	-0.144044578292823	0.0000172537294089826	-0.188529364140599	-0.0862575405600914	-0.362728557274083	-0.133938713895287	0.0384515004981351	PC 38:3	grey
-0.141672715497932	-0.375486641517267	-0.38690022959093	-0.046368365782306	-0.161902327961615	0.118509013924316	0.0197186825159991	0.100394351219566	0.205163062032439	-0.0549301601991487	0.0837870127851905	-0.153401154036118	-0.0658159882725566	0.364263232381105	-0.00930243898009667	-0.120568035690505	0.152215735564482	0.0263789342340783	-0.107103695603737	0.233514883402843	-0.0946488130580406	-0.148533932367508	0.590750551756473	0.736024547080385	-0.183637572993526	-0.306507235672237	-0.252542136121092	0.145951322234985	-0.0841185861192547	0.121935881166677	-0.287148700470947	-0.138674466600135	-0.368303337605897	-0.207330595839788	0.243225260671933	PC 38:4 Isomer B	turquoise
-0.117124266403571	-0.375155427220841	-0.354580247661413	0.0989249512261729	-0.0780295787374526	0.217936206568139	-0.0260690178752618	-0.0529649681520017	0.133934307156652	0.00499013047250813	-0.102717125551804	-0.174711461111688	-0.0605762936296747	0.398069466522965	-0.103333525882455	-0.158752611456557	0.138094944541156	0.076183652600555	-0.0947760267324394	0.346155375007551	-0.0635801885923598	-0.112154559781139	0.765379473568187	0.926166887881448	-0.0226284433911319	-0.29580927969923	-0.394053947852466	0.10681418965864	0.00536689857194234	0.369958122775923	-0.197567317131514	0.0148119465549487	-0.410842216825067	-0.148827450357392	0.0724178224882073	PC 38:4 Isomer C	turquoise
-0.0857179467818808	-0.361335258819191	-0.50602195871508	0.0672730113846423	-0.171779195369346	-0.0257633936378694	0.0418871331525278	-0.127671538287384	0.0645779014683082	-0.0682767710416377	-0.162705831115995	-0.225088294873645	-0.184003772461233	0.41499576039068	-0.0214940016946045	-0.117348048284601	0.26047113341606	0.237036999314642	-0.0586234808181064	0.448506320781492	0.229873895627117	0.0881068515214736	0.769299508117687	0.862870708529875	0.193441664300602	-0.241810674935677	-0.377636859265615	-0.0823542826106483	0.0388280820807561	0.395174928353945	-0.200799519221439	0.0407338880470399	-0.30574420081387	-0.0596980727775962	-0.108218245854272	PC 38:5 Isomer A	turquoise
-0.0373544633667472	-0.315060905953024	-0.325082010092658	0.138719298518082	0.044120421564806	0.241709594328547	-0.158982573736741	-0.248428196439424	-0.0355183797462514	0.00773777019588876	-0.0741572398886456	-0.211289204225728	-0.0605564353392919	0.382668929429863	-0.0821914541210216	-0.0852242466297367	0.157594341123348	-0.0671041145458283	-0.0676431565093074	0.296002430291304	-0.134804226260253	-0.155122668364632	0.624715382172964	0.838185755391286	0.0436154734088842	-0.287906379080098	-0.34069962503134	0.065559823649498	0.106654865476969	0.462336071576698	-0.225163883436734	0.0853762727957362	-0.347348263135513	0.0419007765492408	-0.093506231224823	PC 38:5 Isomer B	turquoise
0.29186227968542	-0.106276912487974	-0.0275770981455047	0.46027996466848	0.0875771353782362	0.330952115939637	-0.0925339885484984	-0.299440486877407	-0.342447933778986	-0.184476207399323	-0.371471555548383	-0.0555103245675401	-0.516559508768269	0.121528407726594	-0.421819325935355	-0.383613780452225	-0.116324121287051	-0.107285550458533	0.111826556003463	0.643544105251096	0.158985181418223	0.18689139910285	0.678455403344369	0.66005455655955	-0.0534709136129664	-0.00835518976003871	-0.164765061131236	-0.000728372721153314	0.0832949102522689	0.558226448706073	-0.0719870252712018	0.0416516439206723	-0.0970576589935046	0.00510342428640467	0.00351347386490896	PC 38:6 Isomer A	turquoise
-0.226991221014106	0.168253449791796	0.00958884217632315	-0.267561298936785	0.0752759183754993	-0.174041385639112	-0.362289788803375	-0.0531180192202209	-0.143984486752465	-0.33414462514252	0.139572390307628	0.236628861012088	-0.194780538486947	-0.172492343883992	-0.00375873180398419	0.206204850962631	0.121525598814269	-0.118209379554329	0.284539272101429	-0.218752023382886	0.175298565373542	0.0966912208111115	0.140870754962326	-0.117016727449547	0.0534511417611262	0.129305984627438	0.233680914713093	0.0599147822397858	0.42280256285402	0.287040817092864	0.413486948483672	0.461427035651773	0.405753170467578	0.719002683616993	-0.157927349808123	PC 40:1	white
-0.122493772328419	-0.45657545548349	-0.377822057709593	0.00523425291120532	0.0604905133261216	0.147516125510109	-0.118522931966504	-0.266332515790151	0.0758262359687827	-0.10774193915455	-0.111037968472518	-0.244720419797659	0.193262157007558	0.396334231132537	0.108883026689094	0.104957106583468	0.18858038828039	0.0514671595316221	-0.0113711402293001	0.069502723505638	-0.203989997518834	-0.272728043695593	0.520268786537444	0.679742245493948	0.176756389513795	-0.152980163265995	-0.305388932478676	0.105463808048068	0.0178180058870911	0.322656352943774	-0.15158579635134	0.103790680636956	-0.369474893163983	-0.0594612100178413	-0.192678283279948	PC 40:4	turquoise
0.0270476421663528	-0.426102280172521	-0.437534001810316	0.162868975143855	-0.0468832888653918	0.129897347296414	0.0441452910827722	-0.135057799176907	0.123668887665233	0.0956953602895896	-0.0818736910196925	-0.37638064640176	-0.07269275008229	0.432619344756238	0.012821367291877	-0.1142944338623	0.165904816037752	0.0379656329583733	-0.116785667939838	0.435036566604962	0.00626721896593976	-0.0841046944021283	0.637015847517219	0.770785742649602	0.0249346165569826	-0.373811407275288	-0.438639671010227	-0.0868061861703649	-0.156404714024668	0.263044190036288	-0.322109473827959	-0.125138811703823	-0.459024646943648	-0.16799662370809	0.0146541999689236	PC 40:5 Isomer A	turquoise
-0.144003956150683	-0.355173639984121	-0.403290396389265	-0.0962544837648681	0.108329095430893	0.126957125716682	-0.185889782073469	-0.221832164658617	0.129181980438912	-0.012461013892994	0.146251532155611	-0.447357887558719	0.093622039798172	0.298765096251869	0.132260603543634	0.157747000414528	0.324734189571952	-0.0345777615500394	-0.160899343682376	-0.0710238946202017	-0.195851606961499	-0.294158144012841	0.485658574880581	0.613018782475945	0.00732923065300432	-0.346582028564197	-0.342159998698833	0.105010962335094	0.0940060128945954	0.283986414953236	-0.232234899757099	0.072540048598693	-0.386671558928598	0.0546232691116045	-0.258998601325822	PC 40:5 Isomer B	turquoise
0.0921843833934376	-0.267702383919803	-0.342891263603605	0.328903250986544	0.161521106541645	0.275025274427535	-0.0776628408536214	-0.075410096015688	0.178291235987299	0.115793540189681	-0.103360573831782	-0.452053050932574	-0.105936011151106	0.399230046527396	-0.0956729646248094	-0.126856444007004	0.117505960935063	-0.116892617558512	-0.179144007404585	0.317671268861206	-0.0784396666874693	-0.154663934599808	0.598956351002761	0.640643616809096	0.0713489205448597	-0.42318573750129	-0.511688959449365	-0.177892764478461	-0.261796718711823	0.168639467119049	-0.303360832112903	-0.114482816520143	-0.523599932532437	-0.175460845871136	-0.0579349698831725	PC 40:6 Isomer B	turquoise
0.207727853066448	-0.15457360300942	-0.313693067699226	0.33887887496466	0.0894591757765724	0.234565458483716	0.058253272834893	0.108178286246207	0.0749771486976638	0.0563470426049818	0.0244334607990888	-0.416070147716591	-0.331627537285121	0.305767370244896	-0.0488667824742448	-0.103754883415967	0.0982532553300693	-0.065690597286053	-0.252203493676374	0.396373799478283	0.00562961460903334	-0.0301972177088565	0.508603251996872	0.450256367971784	-0.197002796982839	-0.392586670984977	-0.455438147118593	-0.213757267890776	-0.389914017854314	0.0799656017054809	-0.303071120429564	-0.214964731486795	-0.428460518659993	-0.256122507140438	0.0498531618957951	PC 40:7 Isomer B	turquoise
-0.274026467614801	-0.128590434633052	-0.204505614643524	-0.122899825295073	-0.122035034858967	0.0129756374739185	-0.202273523231786	-0.0596202567205023	-0.0448592584910961	-0.286678264236233	-0.0510851373854728	0.0738203291440717	-0.0495378667432139	0.190026771896742	0.0591017212317638	-0.0824200485438779	0.143212271830546	0.233323321099084	-0.0862357264046281	0.110272965947499	0.00403631999463536	-0.024660134948796	0.398706451076268	0.485262845148783	0.13304463570843	-0.0839979634276256	-0.226939402728691	0.132678284622834	0.205654602961145	0.324900902738549	0.138888782846479	0.313101235457556	-0.0257281878521528	0.181353259287169	-0.158589866569272	PC 42:2	grey
-0.22458547630576	0.10167266051802	0.176769267801629	-0.178847913308433	0.141418787666092	-0.0101148729356181	-0.0771768388715829	0.141017326898669	-0.0704272317771354	-0.0366864574275616	0.172572790684558	0.150203275698404	0.0953389411155876	-0.102497162908796	0.0775999177083132	0.131944123142318	0.0463612571392338	0.227368909429794	0.135011654068283	-0.318396280396145	0.0382397230672355	0.0182278036020938	-0.0835584106411928	-0.10904509754352	0.0403759643251296	0.0655530010632978	0.247374855087904	0.277740094295854	0.227705749818447	0.16898638630154	0.479588557530595	0.400667201519698	0.153787717525133	0.266477399092862	-0.0142590135288522	PC O-18:0_16:0	grey
-0.048816317986422	0.033322560260914	0.0270733340852967	-0.109246465679202	-0.184404021484602	-0.230687084107587	-0.115234292668339	-0.112123952398482	-0.29687421639785	-0.10770372589334	-0.154846098279235	0.0559389654028126	-0.0756296700010924	-0.125268524437595	-0.156127763700138	-0.0904085009630261	-0.0344848925651068	0.213376750420614	0.384960285979657	0.159231209354295	0.384236877590441	0.330276487727984	0.324683346870893	0.0165669131796855	0.419157090564709	0.125045926167109	0.157307677784679	0.0877332507987576	0.397532744524501	0.399734050603463	0.824695143117827	0.588156007886056	0.196607317948616	0.409597444968249	-0.301894812762368	PC O-30:0	orange
-0.0652377641183434	0.0268629779042077	0.226609619310385	0.013821352540464	0.188643784598887	0.221041680244933	-0.146990541437347	-0.207236170394813	-0.0190416300078371	-0.412895465795726	-0.324986746127509	0.132842020050838	-0.0450050286650446	-0.133186258866123	-0.276544287384232	-0.256008319406051	-0.144850435997398	-0.0623593511151544	0.0693370052903297	-0.00816993203507742	-0.0392847419419512	-0.0537455786117914	0.268703149899503	0.251817170060863	0.244576097501426	-0.0344614937074001	0.0820335962402269	0.131129704005149	0.326902321372679	0.259462666080818	0.178138092492946	0.115153146273458	0.00626224710949345	0.1852894636581	0.091572172003368	PC O-30:1	grey
-0.289126734524938	0.0660728073556516	0.209111306768512	-0.363690537348001	0.0707912316430388	-0.0518732547140714	-0.31573792375301	0.158808067029291	-0.0430676333917036	-0.129884134600644	0.34889074913723	0.309355336962375	0.124244088044984	-0.247698472093999	-0.0603259185441756	0.0906968948294195	-0.196648435234721	-0.251205186245001	0.0549123600088773	-0.443654327516637	-0.134760425848757	-0.146194647139945	-0.325942066316993	-0.352787352002605	0.10152975968707	0.0403638904220107	0.36014206653312	0.200056160668051	0.317888941056792	-0.132447491255402	0.188995864467724	0.173071746545907	0.386883026056135	0.343676288947681	0.218288539399	PC O-31:7	grey
-0.169850927352705	0.0517843112174376	-0.0376716082239288	-0.188448440756532	-0.0204830726466983	-0.201038932850347	-0.180907990872343	-0.0323853303504686	-0.363134712924473	-0.21070438406375	0.0624674873326713	-0.0117757931032601	0.0106864866532911	-0.033192433944259	0.128723480110222	0.17564798932694	0.11545560359443	0.301830633093701	0.278974675359553	-0.157685982724148	0.202523807963018	0.114168476265131	0.100631656597341	-0.14542857184753	0.322646343720962	0.23196996123801	0.117630424754131	0.197573184304898	0.365583724776777	0.332399216763582	0.882060460133499	0.7233917654405	0.329920968019982	0.44676569623954	-0.441591891669743	PC O-32:0	orange
-0.269400517110525	0.104057053948894	0.0430410552982316	-0.214321214002304	0.146652635947896	-0.0449436737331167	-0.234470716474413	-0.229800840307678	-0.281911986868845	-0.485619908283973	-0.102308420991854	0.140083364903307	-0.11693595539239	-0.199460477825126	-0.108718808217315	0.000723688055007212	0.109009617196599	0.094235795374952	0.277539419037314	-0.226220044032103	0.106736111478147	0.047807010772864	0.215523241516298	0.056602300262966	0.250345674056799	0.325599114117108	0.275487652103817	0.338266521691176	0.615587392859706	0.661235798077299	0.577124824364321	0.663320089851752	0.448908448782178	0.626520132351631	-0.369863462789657	PC O-32:1	darkgrey
-0.220792837978135	0.208814103298422	0.063380748896783	-0.32331651245446	-0.107283232194635	-0.228736929613074	-0.302696383023842	-0.103731128869725	-0.258280564470836	0.0129541048953352	0.202711072538867	0.119388056009336	0.188659368221544	-0.0908767039299913	0.235398242296949	0.293663857696361	0.152948319350986	0.15639257064994	0.21876756077634	-0.425987586921754	0.0341906933384442	-0.0247331352194789	-0.126398879802317	-0.266937888828883	0.198306888409358	0.241487984594465	0.340672352844607	0.388736990837332	0.452448257068677	0.21219062262572	0.792557676292762	0.658797458991261	0.297523369669756	0.397841419796095	-0.354202623588657	PC O-33:0	orange
-0.148821904533656	0.134638824426627	0.150660373678023	-0.243883467128202	0.0784345499144245	-0.18469371237113	-0.297888531209296	-0.20251755539133	-0.479811769329178	-0.263722448070986	0.0184870452425292	0.36839092576075	-0.118162585652106	-0.243759074583924	0.00459958548655071	0.138700354159046	0.0892312997507489	0.0817278233616342	0.373573539785416	-0.255229150683078	0.203986161060917	0.180649798711847	-0.0972103309063181	-0.297879384397574	0.146035693881478	0.431622887328659	0.510172397158325	0.355435839332504	0.476115441223345	0.419062844925691	0.736808377817121	0.751389423670765	0.629336840074	0.662444169490772	-0.308736299907203	PC O-34:0	orange
-0.58754561093547	-0.114610708798153	-0.34146042648557	-0.488545988321924	-0.0675472608598948	-0.3010077744234	-0.269131753321068	-0.047514408134496	-0.157138815307568	-0.104441350631872	0.277810226540451	0.153521593439537	0.284012800608603	0.215071343786168	0.303290076621041	0.415956208778347	0.371087623956784	0.328602308596242	0.162241716237454	-0.404010117072632	-0.00514353299566249	-0.13063123378382	-0.0387868843362494	-0.0882031908172528	0.279903835061434	0.00086880119654293	0.0554596023039549	0.099612747361779	0.336257826607298	0.287722419595534	0.559773356265376	0.745397285893517	0.282674513182795	0.567908386946061	-0.537901542470244	PC O-36:1	saddlebrown
-0.0800573987594489	0.210597114065989	0.22743614546971	-0.20219285459927	0.0879284407864931	-0.207687022363713	-0.244767765226959	-0.355913264254295	-0.418203738512435	-0.252273609609137	-0.0245421253385494	0.417760847613547	-0.0641336497349831	-0.364664717106975	-0.154548914658537	0.0635798262935708	-0.119806865484915	-0.0978935134445919	0.453087677192167	-0.127045100945914	0.24231617471825	0.221410971048083	-0.276935618915256	-0.287128711716365	0.154138769648841	0.432084719055109	0.596750655233875	0.385091511346064	0.63318037725292	0.30763879880741	0.398133251289366	0.540327260868319	0.85315602916383	0.719189767371951	-0.166373772112642	PC O-37:0	brown
-0.39148359959719	-0.0749785304973086	-0.356590623166672	-0.272270024121109	-0.0891230940929597	-0.203429426070945	-0.309660287193599	0.0625372364632906	0.0241524514261667	-0.116360211884812	0.0160349542636506	0.0885009463074627	-0.0037454221373364	0.297448723439593	0.26367051712099	0.263392145214247	0.361578980191649	0.200216357413079	0.019728778051905	-0.190303536965397	-0.0876092345811762	-0.149069456005812	0.118755257480175	-0.147902319042449	0.0950802211387021	-0.0200520776063703	-0.154745122678545	-0.265443492880667	-0.0440771552115656	0.0447367110045802	0.319676332816913	0.258687926977491	-0.0905733889830718	0.113974700045192	-0.425744594105438	PC O-40:2 or PC 40:2e	grey
-0.458210921648807	-0.220549487234521	-0.346819402548758	-0.334575239263873	-0.113838973153399	-0.278844586381335	-0.270199910435039	0.0363829952546815	-0.0782009206140425	-0.115654605776605	0.0227963442547234	0.0145872939972376	0.212609399483422	0.355577100321529	0.301930262717394	0.349282524388359	0.398909311452523	0.370326629649407	0.0367157447498139	-0.16727286846024	-0.0112321823540789	-0.13007129517017	0.0752138977286453	0.0275815198432043	0.302067767181346	-0.0384889757866417	-0.192894953431137	0.0286753772387406	0.151803248820042	0.18219525373667	0.306642209815564	0.483279582355204	0.00709175031591617	0.270453756502024	-0.583329526282045	PC O-42:2 or PC 42:2e	grey
-0.174721641844945	-0.125297145559843	-0.174084464139493	-0.293873866926128	-0.156737705202639	-0.261966110505642	-0.119365441503664	0.0868942669103982	-0.153304388407483	-0.00752260237032433	0.0283471556314441	0.0423467273677594	-0.283276724344205	-0.0543070362876362	0.0113790057857019	0.033744684229194	0.307325220179213	0.237404427688037	0.196300539570684	-0.0515875120904052	0.35665011981543	0.207049331485542	0.335609719199411	0.0737087954653883	-0.0762243874313537	0.0497623474790319	0.211115544679695	0.323555875385821	0.279228826589133	0.209705294204964	0.4665406677663	0.409832184127674	0.170801288202289	0.27551469602647	-0.0866079806667005	PC P-34:0 or PC O-34:1	grey
-0.086655878398568	-0.175823657962504	-0.0626776616965611	0.0724064870771791	0.138439037262123	-0.0664837882001209	-0.230851376871877	-0.288992506395913	-0.424742782333319	-0.080133821905966	-0.271841977852793	-0.0684129321798706	-0.317862126560711	-0.0300782709128254	-0.237247938970593	-0.0894717764610776	0.153902506090849	0.0273229664632244	0.304293200564278	0.206416292683162	0.254124760297117	0.259494881409103	0.465697009894576	0.230286415128598	0.111919073628663	0.242674785692376	0.160136492463533	0.35517980132951	0.475069386011866	0.86823077238158	0.397167165174004	0.548112580944581	0.225516372180826	0.439665610737593	-0.331056169761217	PC P-34:1 or PC O-34:2	darkgrey
-0.0439437095631101	0.0286206064357887	0.00860313859117166	-0.0901429018340593	0.0419632732790584	-0.0745358117914736	-0.0654991368629088	-0.0774055419481678	-0.134466215015835	-0.00728722589139358	-0.0378980920040104	0.0245883300462878	-0.173883343024204	-0.0937623192282006	-0.024618217667898	-0.029318544654533	0.149186777263049	-0.104681736681571	0.148836769483314	-0.0235658130808895	0.084035811031079	0.0664201087272066	0.276925611913921	0.155819110990586	-0.0642280611738703	0.216303600653526	0.23898145501258	0.260585619652018	0.18590018418588	0.385804315748277	0.167788250329327	0.121476235636411	0.109893211624076	0.1782989825611	0.0786649618373462	PC P-34:1 or PC O-34:2 Isomer A	grey
0.130175371717445	-0.0328276021380951	0.0372235156357495	0.344148877202092	0.167880958215542	0.155963818245212	-0.161952651241408	-0.365226210839048	-0.395566224828882	-0.192214237058283	-0.257855855493358	-0.0591004494827679	-0.473931029635938	-0.0207881241681459	-0.424633185172405	-0.283635014730517	-0.082489595184869	-0.0426296555733019	0.222361566320478	0.474932163344376	0.253573590680129	0.326791359451362	0.526959540907876	0.38732787526442	-0.0378789596925686	0.163172536177911	0.024608349014032	0.228161464564115	0.270185114571008	0.864800086946824	0.153558976606458	0.368257426947007	0.125530171125792	0.23854796728069	-0.194322683116679	PC P-34:2 or PC O-34:3	darkgrey
-0.357855456599147	-0.179829042428746	-0.343578813296594	-0.200348339977955	-0.00400896429076375	-0.196263096791589	-0.45298667741709	-0.250348761596691	-0.374912185325722	-0.187895999046571	0.0309065883161005	0.00938466862281037	-0.122341196434344	0.238574712836054	0.117937467336566	0.262820950929481	0.357868087680502	0.178597633679285	0.296247290736796	-0.0173571936822914	0.118174838124274	0.0315073248271373	0.435903996929702	0.149108368821662	0.205099188665586	0.117970257918302	-0.00560182239452962	0.179543501560423	0.434343769108922	0.675422976693886	0.615315930788375	0.782841080604454	0.183558403654395	0.552492916455485	-0.668750630408424	PC P-36:1 or PC O-36:2 A	saddlebrown
-0.130357604857137	-0.0591646527974441	-0.111657625947611	-0.0283825087288357	0.320288198047451	0.11808347848925	-0.318651423300511	-0.363579384537473	-0.261069436312366	-0.364890227371753	-0.21995364941466	0.025109372614399	-0.290768282567336	-0.140318140260586	-0.0940158151029487	0.0853619882620611	0.12036849682648	-0.10765956129261	0.31041614102174	-0.168026621314174	-0.0761931306624644	-0.154000382234571	0.376956615789773	0.206999743323856	0.0467804167953183	0.314901528148849	0.280135162937576	0.267039275887748	0.391451536928996	0.696229312880471	0.200574337100162	0.427776846444518	0.251266518640564	0.451904276440912	-0.323400934724676	PC P-36:1 or PC O-36:2 B	darkgrey
-0.100953187676927	-0.0463628010014018	-0.0757765175181473	0.201578429430503	0.220227902431398	0.173859680154568	-0.21719129952931	-0.361752332580664	-0.375825884970042	-0.173221813454674	-0.102057915428287	0.0845631083492256	-0.381084976000565	-0.0243291211760725	-0.408616574315493	-0.21296249881379	0.0330156191213746	-0.075249132271595	0.251441095784123	0.306698777904797	0.124173409285544	0.185019570310203	0.434373674631405	0.346250509283381	-0.0805044129816367	0.0118368220599056	0.0300913961796893	0.0854763693325556	0.365313409519239	0.8146235459574	0.14507062173655	0.440355576162426	0.143858963134258	0.410952355482364	-0.252499232773463	PC P-36:2 or PC O-36:3	darkgrey
-0.084812190086928	-0.269058703822364	-0.157326135719615	0.190955879422306	-0.0239188228177679	0.235251572824437	-0.0964386533531198	-0.125834439272656	-0.0642122865157864	-0.123961829206216	-0.265104739047892	-0.113802894063372	-0.180635746655559	0.283458142375609	-0.266123940712779	-0.269362988291534	0.0229814820929874	0.0155996594023777	-0.0699932387203592	0.462420058265889	0.0301348809602823	0.0656987753961663	0.761580968654739	0.755585746594168	-0.00210563126040126	-0.132819981129664	-0.306113892902896	0.169089645188848	0.143366175229912	0.611706250676405	0.0473466506759645	0.195231904721143	-0.242087067592405	0.0225919331749357	-0.0381978428114619	PC P-36:3 or PC O-36:4	greenyellow
0.0481442938024891	-0.192034857438429	-0.172546531019891	0.195639963473382	0.073036695326976	0.247844039814924	-0.147534457753864	-0.152082006961284	-0.0937344183292295	-0.218594686978667	-0.252172137151008	-0.18439392535848	-0.46292607109598	0.00319872575833696	-0.420717050924803	-0.379573726322614	0.00182786123821654	-0.0534181357645189	0.0466446974086544	0.352698187487621	0.0774243065271664	0.0493916303029489	0.831924786082059	0.676470044854211	0.014207621658557	-0.118175320330387	-0.0978070602273259	0.172403752724502	0.203853326835882	0.591978632569438	-0.0373279005919505	0.11404039595632	-0.216996265897215	-0.0600082303940833	-0.00674876860646096	PC P-36:4 or PC O-36:5	greenyellow
-0.155002823036759	-0.368697731043821	-0.299376223784451	0.109742292114538	0.0893896393432324	0.250882299398659	-0.189188553945046	-0.199708480173951	-0.0831555478250605	-0.0647473735757802	-0.193038216640793	-0.209223514179091	-0.110640687610071	0.297354213771395	-0.150976601472305	-0.103411368139434	0.137443869668438	0.0432968039632328	0.0779846906250944	0.242602789627869	-0.093020333076582	-0.120833406480607	0.795279898856095	0.756781050617775	0.0679483100480432	-0.20796196209993	-0.226713146635809	0.207228504955801	0.23070327443139	0.652770642350393	0.0907785527066701	0.318354812054037	-0.274072661219728	0.0888940995936949	-0.168783961562302	PC P-38:3 or PC O-38:4 Isomer B	greenyellow
0.0465015070569656	-0.224323476630084	-0.320055428811003	0.213004988998976	-0.104541347169234	0.125031241973177	-0.0747155287801193	-0.0829060078179781	-0.0813732112271768	-0.120793296477218	-0.255247471583677	-0.20774113471874	-0.47377618054487	0.187824976871667	-0.32193305819661	-0.330211522435054	0.102959108000996	0.0244450472837685	-0.0655117189303278	0.557777242008199	0.211051682947925	0.200046960221201	0.86990927836653	0.68178433758688	-0.103766154157651	-0.201134806950448	-0.348095375769683	-0.0274155067959983	0.0247913420904843	0.45247787409859	-0.0611735782500694	0.0410483162692297	-0.276099015381122	-0.108108045533238	-0.0634515514294602	PC P-38:4 or PC O-38:5 Isomer A	greenyellow
-0.0625307549701778	-0.313100104509243	-0.400677170241779	0.0795328863639829	-0.128920969092377	0.0598925019861934	-0.0465077671798396	0.0305641270365395	0.0524931977302139	0.0443522167674779	-0.0536470173342394	-0.309026124843407	-0.314891430035332	0.316551258131853	-0.0826550201349459	-0.100168248592998	0.127068600743382	0.0436005009516112	-0.0247907433331734	0.406717070186918	0.0554913202011732	0.00179952841289145	0.874990219453752	0.655216564969302	-0.129157621913777	-0.33706532467255	-0.32943183145153	-0.0595464018050374	-0.0294168868952027	0.334247517360607	-0.025305419475839	0.00256159547379273	-0.513769238419434	-0.207982727188067	-0.00438284767698228	PC P-40:4 or PC O-40:5	greenyellow
-0.199866485505263	-0.308055442089957	-0.43118026083824	0.0614231870768144	0.0900129052255483	0.266311682988543	-0.147888636341025	-0.0789876752777975	0.106524925390565	-0.0638649620313602	0.0712724811811863	-0.421881965581094	0.00287004786390585	0.422158866498514	0.0300441530886794	0.0327877665976878	0.244959829653955	-0.0664152016575785	-0.265267332997826	0.138095639504249	-0.275876777719043	-0.305996729368144	0.6416526002374	0.62416943569634	-0.119489726225737	-0.535379752370336	-0.598824242155143	-0.00886547684370851	-0.0662715153975553	0.281714641601143	-0.0441162491725501	0.111438683893731	-0.509587449244414	-0.039019563072505	-0.193707620829222	PC P-40:5 or PC O-40:6	greenyellow
-0.215016590355783	-0.199819680016714	-0.44757710102784	-0.108982945051346	-0.147533904909603	-0.186573080040712	-0.249636465629794	0.0150866411567152	-0.0137941084389093	0.0467088455968386	-0.0122196497122323	-0.170262178115713	0.0277484147849937	0.412484794131347	0.337132038440662	0.254147497390113	0.485538581840393	0.25087018673884	0.0306179234430484	-0.0355877549311903	-0.061573813561527	-0.144197665124247	0.40537320662276	0.169102164084741	0.214624458614777	-0.0388946845990174	-0.277338491078707	-0.118063805561587	-0.0615206046878085	0.181883522637141	0.346637422121092	0.35340451312095	-0.285228963514027	-0.021095749726862	-0.522904563258524	PC P-42:2 or PC O-42:3	grey
-0.207028570795939	-0.316789387982281	-0.479285062674182	-0.148635648724976	-0.123827288846836	-0.000422328660601542	-0.134548293945219	0.117116659502504	0.0621610400246538	-0.315816042547533	0.126481662799131	-0.342551126097288	-0.317146953545484	0.291649675525199	0.0487429200111542	0.0883954310733272	0.310350402866639	0.122273843188689	-0.0661324237270543	0.0882058815895548	0.112264497199171	-0.0254748229986834	0.780908792458971	0.463883359280472	-0.0539705350064994	-0.266752286855306	-0.327310777709856	-0.159129967245019	-0.00125086010068182	0.266514223340492	0.153309203240158	0.104716011331858	-0.329646515252666	-0.0121659533010005	-0.18348150086191	PC P-42:4 or PC O-42:5	greenyellow
-0.120085677971659	0.151890752474602	-0.0447951422592748	-0.0195690331821521	0.105894613036387	0.298478904625405	-0.419560025644179	0.0689408083763366	-0.0732267343647362	-0.312979479428709	0.317786246544437	-0.0346969754956482	-0.328653758702548	0.0759641232299312	-0.0618068198067461	0.0604513069827737	0.0400538549761163	-0.319405450018659	-0.357616532340991	-0.123062587258872	-0.289538998464217	-0.239490162383079	0.288000545790928	0.0556254534506159	-0.49343964726774	-0.204119574416658	-0.198630968433143	-0.0822780552235862	-0.115554733409645	0.0990234455746373	-0.00539237000760715	0.000416873414529631	-0.115491641694175	0.0571730761932069	-0.00478180773166395	PC P-42:5 or PC O-42:6 Isomer A	grey
-0.170446982866677	-0.314971204385687	-0.538704080361356	-0.0685030852718912	-0.236734385621139	-0.0208469944886174	-0.153571881701456	0.113459748394478	0.0205875176956243	-0.162656426870118	0.0253030868723423	-0.210559584750048	-0.243275498052754	0.4494220764009	0.135768863366096	0.0565248044473378	0.347325773613305	0.206646904050026	-0.0773457642616144	0.198641114464297	-0.0231189341667392	-0.100069403112874	0.715945134710384	0.48453687350918	0.00384058759174221	-0.305318254769822	-0.461563688371195	-0.342153072638288	-0.191270726627684	0.166858247546682	0.0985073567389676	0.0564249599080412	-0.430451000401215	-0.180466712105683	-0.235268089303025	PC P-44:4 or PC O-44:5	greenyellow
0.218208419174278	0.238994418972552	0.33722343789348	0.36400962730424	0.848866775361767	0.649384385729235	-0.113718219422369	0.0119597905967498	0.0728698230854773	-0.200623196102248	-0.130469187401066	-0.0469313878083222	-0.203864067519727	-0.308388679358558	-0.182164762261643	-0.0884585234278424	-0.318242327640238	-0.493068229481403	0.00337713461941736	-0.319314910039211	-0.459921662076676	-0.421748432469612	-0.056888263261454	-0.195338132146436	-0.340715255407553	0.123005133080395	0.182083675369836	0.138813336320856	-0.226530157760677	-0.0296410763351319	-0.184688270207679	-0.178741947141785	0.202476479965753	-0.0144672561581103	0.353294947883691	PE 16:1_18:1	purple
0.111081850621219	0.247536476431199	0.446107973096117	0.253889975871443	0.840149967673888	0.53166111251784	-0.16514259813124	-0.0422278477876306	-0.0147785679346479	-0.21081536460083	-0.12444886824158	0.117634346711267	-0.102990450242684	-0.414632418298724	-0.257683067377378	-0.0949588412210318	-0.365513832171545	-0.447419017256671	0.0622663714277184	-0.422241062089477	-0.318245394357394	-0.278903526702371	-0.280516392204215	-0.382195804541397	-0.173533820703356	0.165692983339984	0.320297128761384	0.182246104778915	-0.0902902621326903	0.0142442895773738	-0.0220336983398598	0.0426805553782364	0.390586733344125	0.285881457577469	0.26363742285676	PE 34:1	purple
0.249920888743199	0.214014666607702	0.447241952335154	0.522764333074213	0.925372690984946	0.739551402658816	-0.192652058684327	-0.166003402008164	-0.0407033449778452	-0.27152432704038	-0.20025531023855	-0.000750822322675372	-0.177263103248039	-0.23906053145759	-0.24616840898122	-0.112862625653718	-0.43855705893635	-0.541018152472971	0.0125772220087353	-0.22670152407178	-0.506889971710573	-0.387878801157601	-0.0182743158942552	-0.137637389173951	-0.247976545550581	0.203412310217444	0.153753865541736	0.170467979754913	-0.172700567588774	0.182526964679251	-0.095531532924181	-0.0815174563650106	0.172316013102557	0.0407111994964938	0.222660921116968	PE 34:2	purple
-0.0281349461521313	0.147574888587523	0.320065114458974	0.246648763349217	0.85398215435545	0.537559544122131	-0.331850267613115	-0.203480360863226	-0.0939346648376933	-0.256286319110576	-0.174792388316352	0.2123229810087	-0.0244803805640754	-0.289291011273374	-0.23105138448021	-0.0484391527443023	-0.280680955014904	-0.369618035003676	0.177760631912051	-0.398711939574653	-0.375119182961614	-0.340055770081528	-0.158457350782398	-0.229810326398778	0.0226959214290853	0.155003938241105	0.206637031045443	0.123058894085275	0.0774050984982748	0.214935519528896	0.0946321662499349	0.22118267692663	0.378603154765485	0.428780825331261	0.0215311714447501	PE 36:1	purple
0.123069141530781	0.151063744028964	0.315688191294304	0.447960730947313	0.936600561635967	0.681212809746806	-0.256206040369502	-0.178629985415122	-0.0972681913948196	-0.287843495108299	-0.283917284155114	0.102104303718312	-0.212669131124909	-0.259689968451913	-0.290054178886304	-0.114984217787991	-0.294609888193502	-0.454474021869682	0.121087803981935	-0.261505528854057	-0.441651495189566	-0.365120093025521	-0.0139290696411074	-0.132788194602904	-0.16441491461463	0.187954703847259	0.143826973099872	0.0710758689613484	-0.0896852591016443	0.268731635512199	-0.0496017668734627	0.0762904249926281	0.264671474696301	0.243708404849864	0.0840707310897481	PE 36:2	purple
0.318244757582033	0.139762974557154	0.385311818907061	0.61831039370482	0.745056129217343	0.769693332951203	0.0887023300195906	0.000608438474608423	-0.0108611461270157	-0.204381851348591	-0.249878268470037	-0.0591227800358551	-0.115093385065951	-0.200790244054125	-0.326199379792891	-0.32150986409829	-0.448421034342953	-0.402462018114207	-0.0814072028858452	0.0453295987952847	-0.468961004299331	-0.335971882053471	-0.0278537523062929	0.0811751180315671	-0.310840583240338	0.0429545805770121	-0.0630445533451787	0.228436202528039	-0.246538065826304	0.131408500806333	-0.250437560627021	-0.121268692749617	0.0750614399087792	-0.0570675447810491	0.332124553574104	PE 36:3	purple
0.260552074985099	0.086777074310667	0.275551519762386	0.537386379701827	0.818162234827769	0.850909942590539	-0.21172831684704	-0.100213700830027	-0.00771247423073024	-0.193268733200826	-0.218152941749123	-0.0423337798351987	-0.293536568397734	-0.165640941232614	-0.371413473041775	-0.284844003787882	-0.384785958466286	-0.520174769161214	-0.016590576508518	-0.0777331701209027	-0.522019364469814	-0.430363852715648	0.282168770929205	0.162890364618235	-0.352152096637385	-0.0335404404880364	0.00189802344564121	0.0970945166315777	-0.272064633986779	0.212202951655696	-0.209754114289677	-0.13603104496925	-0.0424069131224116	-0.0832116080195811	0.358924515324426	PE 36:4	yellow
0.199563587443261	0.12805912583724	0.230987937512967	0.498905137005564	0.691360681391385	0.866637916427803	-0.132074434483133	0.0906445301008003	0.0944455107216362	-0.114291075865151	-0.0821403014094066	0.00257326393777547	-0.0480719420252362	-0.032196634818798	-0.211401635196113	-0.242676657707656	-0.363789434001446	-0.425227050312831	-0.146429832396228	-0.164991473379361	-0.667310085323963	-0.514718081835284	0.038547215236346	0.0924359296102171	-0.333502061943041	-0.142505179898489	-0.176215550524357	0.0040907012915275	-0.35981630356943	0.0597976349372691	-0.218389692600143	-0.142232929551652	-0.0287983569898818	-0.0637388697393838	0.337859875006499	PE 38:4	yellow
0.262937821482496	0.24749666009099	0.362462527102249	0.551219454088278	0.630904797065494	0.842792358299234	-0.111967718645086	0.0697135035531081	0.00907904652841775	-0.288536030180962	-0.118402988448629	0.0679484483237461	-0.353321107361555	-0.188296545153118	-0.401661365800555	-0.365419159343739	-0.403302612031196	-0.374213100283113	-0.100570499220445	-0.0365349921969039	-0.424463610988335	-0.26540206462742	0.0862647489494779	0.0561222887755876	-0.536788840130592	-0.073688073354915	0.00526302514251749	0.039675308429324	-0.224537306563384	0.108475474717424	-0.205901678070776	-0.179536446707475	0.00448572246853561	-0.0725790457946946	0.374276500143935	PE 38:5	yellow
0.224869591891622	0.0840374992463805	0.263151499796543	0.596890154802101	0.713609270860336	0.854642129383087	-0.0891393273163149	0.0451202516216131	0.160553408948168	0.0711424021554567	-0.159819553573615	-0.0526917918107638	-0.0942863904872057	-0.00560316765554265	-0.2931818744289	-0.27521244917032	-0.415340297723646	-0.446143580428132	-0.275631319525886	-0.001926870410299	-0.550901290111596	-0.386027366061875	0.0446224247290866	0.0825033282386077	-0.414196895118792	-0.278001021599945	-0.31329772309906	-0.0640098129639288	-0.444357159647188	-0.0333517743151507	-0.35615119957478	-0.274345494242323	-0.227050176502339	-0.191923399965431	0.369036504788502	PE 38:6	yellow
0.0429986372457817	0.079366289561511	0.18896155075336	0.337882633557743	0.365602455837534	0.602390659658857	0.0974710252676828	0.294621908177559	0.353242426246754	0.0440848003093038	-0.0550677842081206	-0.0254379112087646	0.0730199208084357	0.0875166776458109	-0.0966725563261928	-0.256116623921944	-0.233095970686476	-0.145927699859319	-0.339866131573396	-0.0965643104354658	-0.456359134608248	-0.315709562677803	-0.174866301198967	-0.0459495552701307	-0.426565817428755	-0.352815683966936	-0.292074785091162	-0.0406805625211372	-0.397387217099786	-0.277202510217026	-0.326711191097711	-0.350199043791264	-0.217186831412358	-0.31680457100592	0.3688244833582	PE 38:6 Isomer B	yellow
0.0958006864507304	0.150600519505328	0.30731323434972	0.47751468717333	0.899264360268325	0.765222232205255	-0.109666211287251	-0.0596698099987438	0.020649216491404	-0.198594831525584	-0.249254650075842	0.0691046149963681	-0.0995928972442024	-0.176883632203642	-0.272924698695054	-0.192727132451503	-0.330439616764378	-0.448636265695128	-0.0379089912502352	-0.156968141483916	-0.498824267346807	-0.407060486986764	-0.0723696678822462	-0.0660242271705647	-0.2426258426489	0.0759050850489559	-0.0361881620505026	0.0395426009751211	-0.167943800777241	0.181223747810803	-0.15175484480334	-0.0521167558067723	0.158086847396324	0.0849927383907916	0.207022243672203	PE O-16:1_18:1	purple
0.317057060855002	0.273478487038879	0.407970384128327	0.347492469801911	0.515512784624353	0.636583518919427	-0.165803145622546	0.0869900305100268	-0.0115473504853311	-0.106705462921675	0.017736808391372	0.0258203129148203	-0.193129819222406	-0.211589511912365	-0.221034538870357	-0.161293609466551	-0.251553153451041	-0.569179988454014	-0.120866955576975	-0.125910894268131	-0.447934777841981	-0.299564697595082	-0.176876272234844	-0.145391479164172	-0.568994691409412	-0.00670248570113287	0.00799579612920506	0.0495658478318632	-0.214848564717638	-0.065090376906306	-0.251669188179748	-0.277755395622911	0.113481649834297	-0.0267878033768241	0.417451738019783	PE O-16:1_18:2	purple
0.35368102086576	0.177336481441377	0.275804611021544	0.502664881550608	0.602699276371467	0.796688570978855	0.00196405375675883	0.0421442379811026	0.160410438012565	-0.0236699078252948	-0.107122528434748	-0.254346386173248	-0.222517869515359	-0.0677534876919098	-0.273230214064304	-0.305230529387738	-0.36380877672572	-0.526234226204271	-0.42239853526869	0.0754031354461085	-0.4777517063074	-0.346985630085275	0.114857036982586	0.117389839019789	-0.489855240592113	-0.193654493119637	-0.211923510612328	-0.0615302795482344	-0.472160248610196	-0.00435154773985417	-0.334669024623912	-0.354045044762155	-0.179904817446227	-0.307584763067251	0.431952493161852	PE O-16:1_22:6	yellow
0.257057458833831	0.456477483320518	0.59034081891165	0.184290189339205	0.0619809895613421	0.128176024314526	0.0519655330235562	0.0145068521516144	0.20369920338132	0.01892778932512	-0.260138274633583	0.320974942942323	-0.0377559659951012	-0.409271375944213	-0.274436552605821	-0.315605984434897	-0.412970013653649	-0.15722987241293	0.0851106302762839	0.0204874035030983	0.0919285256333253	0.237282244492551	-0.332278060684159	-0.36742595844498	-0.133952005820247	0.2178993603434	0.258727313002828	-0.160575756514493	-0.149990514993874	-0.342405551975856	-0.00865268154554133	-0.317355539815844	0.133323213744579	-0.201733928714802	0.365291038199379	PE O-18:1_16:0	green
0.137057526684258	0.22833100681326	0.147544965872709	0.242299020744309	0.306795597339927	0.501497870399369	0.0685086015721256	0.0171057996721336	0.265959506262989	-0.0038589040664129	0.0773115374432753	-0.175455866200709	0.0486662948095804	-0.0822376952804617	-0.073117084654257	-0.111129625039168	-0.121312823678929	-0.345762067105067	-0.481152091753285	-0.212738378969681	-0.467243242176187	-0.385932570434226	-0.223297463207397	-0.132352227865194	-0.455652348689249	-0.275197731058522	-0.231476976161462	-0.13134557889417	-0.407619414670651	-0.34456127670084	-0.452054675282952	-0.457780483877388	-0.28711232297436	-0.332332863459611	0.202198955094755	PE O-18:1_22:6	yellow
0.369496096951808	0.287930000405549	0.420870264654071	0.509288200970415	0.52606343511034	0.712477018449042	0.0419068580889081	-0.166107331713264	-0.137115530311187	-0.333646120375703	-0.144939508925517	0.0470469610053782	-0.289241784248935	-0.338099129628856	-0.419040846661712	-0.359602924585805	-0.374761302472167	-0.373751733577486	-0.0887162689609668	0.0518048599762773	-0.294665021879025	-0.114215506344917	-0.015245622158559	-0.0503984586574618	-0.49956371340871	0.0829831658093147	-0.047592915644745	0.138456796760905	-0.100765919582687	0.108485362664546	-0.185235034684192	-0.206866387002033	0.123500009913049	-0.0694044514393208	0.268984835564587	PE O-38:6 Isomer A	yellow
0.0352646427787292	0.10402744665143	0.0535688554676	0.0702049549401317	0.20271839998956	0.384165380046941	0.164484850596971	0.467724419834692	0.246469919844029	-0.123516617634687	0.131277471309258	-0.084188434281094	-0.119046818892017	-0.218482671021166	-0.16684958083387	-0.100230737917709	-0.135519383246116	-0.151917571647356	-0.156587765829126	-0.20303725320424	-0.291681031280855	-0.303085142742462	0.0304823308583422	0.001694350184436	-0.375597119742143	-0.0750285541735483	0.0274670666810454	-0.0306393246947566	-0.305508713846928	-0.180643923982956	-0.199048853030244	-0.268993695590448	-0.168873931114393	-0.252513130223021	0.38220918972821	PE O-40:4	yellow
0.214317107072713	0.0943475353212588	0.306342190413843	0.350577010215295	0.535041237508689	0.807412782095547	-0.0288235507413048	0.0294611709758288	0.0389369475051441	-0.241254985573077	0.0321281922836862	-0.06766728113305	-0.0680299245206135	-0.185891463598753	-0.258586868767557	-0.206024635048059	-0.403819325247181	-0.428951255673479	-0.180975853599816	-0.15073057682747	-0.530873536769134	-0.453279132319151	0.126420060618162	0.198531023360569	-0.409794323728212	-0.0920636681856574	-0.0646562685562252	0.196796148191119	-0.181343350103141	0.026857614659335	-0.185570989172121	-0.23179651512581	-0.0954587872636663	-0.173767092873549	0.478337730061073	PE O-40:5 Isomer B	yellow
0.241768559997783	0.159291018971555	0.389584151481349	0.468066032592308	0.6370968622659	0.818047891255339	-0.300211430480238	-0.140319149574856	-0.0888622208980759	-0.197993332186492	0.015977620787979	-0.0272659449070812	-0.20020119286595	-0.136315373734329	-0.414913641896416	-0.260002898271623	-0.473067824491498	-0.602057295590795	-0.216784715697799	-0.0421059516779864	-0.514623719868449	-0.359906494032395	0.0251580389613248	0.0253162697945376	-0.435555189534708	-0.153668357443636	-0.054480335088313	0.0800383825951527	-0.209600747716077	0.0694758504689513	-0.27606478378185	-0.175906829093858	0.0378570692336397	-0.0533848746672363	0.282983578728752	PE O-40:6 Isomer B	yellow
0.208078326242013	0.182161209954063	0.342721396080748	0.454245367611043	0.841439790728067	0.698664009271759	-0.144689676940193	-0.0168670330318934	0.0241031716402742	-0.348372779376934	-0.185054758029653	0.0012081052129171	-0.299991660849793	-0.316103158216622	-0.318558625141431	-0.178271561925277	-0.341445819397098	-0.448634681345817	0.0231901571793684	-0.189920102897835	-0.329942122520963	-0.284382094845605	0.126152233747554	-0.0312826712397559	-0.357114207817404	0.109388342634925	0.0919120102785363	0.202748730286645	-0.126948189953323	0.209092017523537	-0.149896330472154	-0.0999421272387628	0.148152446066232	0.0178135014906552	0.285525344373841	PE P-34:1 or PE O-34:2	purple
0.0923707942570199	0.155629791690026	0.313457777307842	0.480166081034498	0.918444973329241	0.749949550134513	-0.0789063305785512	-0.0963581507507738	-0.0258638093915203	-0.24107693278658	-0.228194255088995	0.0119342016436114	-0.112929033704987	-0.22953751901984	-0.328002507776818	-0.140793809464849	-0.316237489166729	-0.400228682637131	0.035893845327114	-0.180819683814617	-0.461636925871328	-0.377699670873957	-0.0595484663000792	-0.105026182059793	-0.220102911775416	0.071282328208908	-0.0071552673583516	0.0462213105907476	-0.0821000085985252	0.268922019861528	-0.0988751872762013	-0.0191710085803272	0.136433482006206	0.147228025872069	0.128022948294273	PE P-36:1 or PE O-36:2	purple
0.281685016795695	0.26072981921729	0.401335118319814	0.572237232929675	0.773853080110583	0.847526811418518	-0.0396427317947407	-0.0531522350882827	-0.00192569475933522	-0.142175089764304	-0.148354451070131	0.0350337301217727	-0.0597685246406817	-0.123352197879946	-0.346757909496655	-0.239225106533587	-0.374813084380068	-0.521733905565935	-0.229710414366338	-0.0695704411032461	-0.549604307655406	-0.406511716627056	-0.0865234821847566	0.0217326384431181	-0.274307031235797	-0.0314704693271971	-0.133844557355675	-0.0503843346334791	-0.272820889358905	0.0631972582317521	-0.284274630176732	-0.209403937813391	0.0240700398381752	-0.0177397944362037	0.336155335978832	PE P-36:2 or PE O-36:3	yellow
0.380594958250589	0.217979360531304	0.377334034413451	0.648364470762432	0.820971519454846	0.894655824785959	-0.20293992217662	-0.187471047391069	-0.135329390540424	-0.19494431309318	-0.226755946921862	-0.021107940726128	-0.301553166563207	-0.263080911078732	-0.461319609007335	-0.317357735612296	-0.448765360620323	-0.534471257042374	-0.0194295186566187	0.041176280049478	-0.444602381401038	-0.336746844677709	0.187128176758157	0.131452363255011	-0.363680658179029	-0.0305451508484976	-0.015892025159644	0.117000015696533	-0.167170180115189	0.237832438827377	-0.199348015203941	-0.113459921277632	0.0441908815907191	-0.0118711582512238	0.304584912810087	PE P-36:4 or PE O-36:5	yellow
0.0598478772780549	0.0135214485281418	0.171530116310898	0.120007787427961	0.595036948443076	0.593935821673702	-0.161529537467902	0.11291158534489	-0.00557942564198058	-0.271939357417449	0.0666710652830517	-0.122594561110474	-0.151510339182723	-0.198987399967573	-0.200187078282489	-0.109440648827961	-0.0011606499439797	-0.327446529062927	-0.157864197590242	-0.31924438145529	-0.451844040288493	-0.474419390005682	0.0549248297620921	-0.00802886279115106	-0.244126918833765	-0.114369816375809	0.063119465980461	0.0999606400880536	-0.0968354687362633	0.072939237562095	-0.141718134952029	-0.121513522221617	-0.0369082134585221	-0.0371432998858471	0.27072316847505	PE P-38:4 or PE O-38:5	yellow
0.386012834631401	0.267938027227272	0.37855297667925	0.675342557700006	0.651039365279811	0.894001319663817	-0.0575645073824998	-0.0524250135397474	-0.0995454033831523	-0.239111050750354	-0.15089694582158	0.0368197313671601	-0.310693764906463	-0.182824300765766	-0.453072397702749	-0.407863347409673	-0.507932800998405	-0.507092251848981	-0.214032390611554	0.136517591066294	-0.464862880676331	-0.306767832321041	0.0645936970111661	0.0540526027249714	-0.458695955036441	-0.0121709487928849	-0.0983524783673834	-0.0167555873906087	-0.359824464515838	0.0628318860525794	-0.303581609821246	-0.27878256435913	-0.0204052291069478	-0.196738743020292	0.380114123019129	PE P-38:5 or PE O-38:6	yellow
0.199326035439065	0.252182639994344	0.348663244517897	0.400134453088397	0.691738986226017	0.821049586189812	-0.264243940959427	-0.153928505304712	-0.214828740262045	-0.388523798681495	-0.0506152988860844	0.137678856665991	-0.233210753364352	-0.2481263543688	-0.291912960041452	-0.152031441800766	-0.375119108210048	-0.487403587268789	-0.0681810606462272	-0.218877901187793	-0.574531563564522	-0.452615108357412	0.141641922740475	0.0852301183068548	-0.320272039875483	0.133564601811485	0.0506384829811511	0.177243551211398	-0.0133228000395365	0.226176353592799	-0.0350370866675113	-0.0309400757009059	0.0955663293562113	0.0862786812949266	0.210411475675061	PE P-40:4 or PE O-40:5 Isomer A	yellow
0.230742746959927	0.212895385973726	0.326293307714667	0.585204891300638	0.712452259666672	0.870746224180125	-0.118787799109145	-0.0488125422887689	0.125638848735695	-0.106450008887282	-0.238030188830494	-0.0234779597648091	-0.079852519967544	-0.110259641601427	-0.38637400922142	-0.353639616603689	-0.409033173776974	-0.565032758227068	-0.299386293625413	-0.0366660516447449	-0.597640531887765	-0.436311438097892	0.0283796876831438	0.0711366887261604	-0.337863151490048	-0.197063183536361	-0.217079079074462	-0.0282450826458132	-0.342772967085767	-0.0005319889125728	-0.349948084514733	-0.262745180106787	-0.195528038116209	-0.157691679472478	0.334333145968588	PE-O 18:1_22:6	yellow
0.501210125470594	0.87121812342288	0.640763432724874	0.452891610728102	0.33449293884874	0.394380869317632	-0.0355245138007236	-0.16175479634671	0.000066597899659576	-0.121642618748112	-0.0319976040645544	0.152776429652252	-0.154705460190065	-0.382477136185043	-0.276073024866999	-0.206967701810828	-0.5250238284639	-0.494550636050534	-0.0992654539899404	0.0249225762579361	-0.0929733279569719	0.0753124038745281	-0.207573797360357	-0.303532687305598	-0.207524822792976	0.259670412497607	0.222522122879357	-0.0609671669270105	-0.185294215235919	-0.10029553217966	0.114879180429128	-0.0613266420417734	0.299992219892058	0.0973459447887119	0.189203871569375	PEtOH 16:0_16:0	darkred
0.556644577641456	0.714749886206817	0.729846288959101	0.403571466772572	0.221702664816566	0.182996330156086	-0.104941965298807	-0.24076919209199	-0.165989375256646	-0.245697915787893	-0.173905682967903	0.213717109108533	-0.367834438328617	-0.517949530254336	-0.38230927977959	-0.240536094723498	-0.473841935460679	-0.419694749516783	0.0869863925517898	0.0997740681923764	0.167667270073763	0.376396252487013	-0.294614843796393	-0.49429062617223	-0.123740016246195	0.442222858295685	0.36750478479465	-0.145179310792056	-0.0479736694855572	-0.0334415415446154	0.0965308825445239	-0.135531200895248	0.424728536575485	0.105191531981007	0.047592021133675	PEtOH 16:0_16:1	green
0.599788739244424	0.834127267346732	0.656459812341205	0.466356402761296	0.253653572048294	0.20764650645843	-0.0850925206285395	-0.123442709081078	-0.100737604770404	-0.0997633925056572	-0.23234088263174	0.139763607623287	-0.383664834293552	-0.562010533214985	-0.399248057168626	-0.316089570881943	-0.515467602071513	-0.372502447784181	0.0859909199154664	0.0863470682157243	0.122500656716776	0.218840889163514	-0.139580142695167	-0.340055630765598	-0.0421578638111234	0.306169901406429	0.358696263538187	-0.0563932971869765	-0.0541961816569674	-0.0551590424119978	0.128015776176408	-0.0425230684884058	0.235951382692143	0.0659825912644038	0.161104049678231	PEtOH 16:0_18:1	darkred
0.380285408372429	0.658297814878269	0.430170021114206	0.264217302456697	0.221525864260231	0.401005102918874	0.0707648610318753	0.114485516282897	0.179772548374679	0.0361925683948327	0.16936092067558	0.0618834896566305	-0.0564924104645512	-0.279901846031917	-0.132582828431083	-0.133150412589317	-0.453591382820355	-0.478704229969335	-0.237288749382836	-0.0945490062129015	-0.309914298913186	-0.175770315225579	-0.24655664019516	-0.258207095102609	-0.452977490169584	-0.0528086926648557	0.0754854847594379	-0.167645307609018	-0.365685342377606	-0.401417793659959	-0.145751928203024	-0.361208521031195	0.0491252124596029	-0.185575849069302	0.395451337945893	PEtOH 16:0_20:4	darkred
0.580600051236352	0.494746432409089	0.818485717132413	0.536972120208367	0.366880014183444	0.324720233413996	-0.206470115153396	-0.378759386767748	-0.305844871946786	-0.110839855970133	-0.368787841916918	0.278166269716313	-0.398979350925906	-0.507538723969325	-0.520013676892712	-0.351561685887344	-0.657992771222829	-0.53021868413662	0.244381915331294	0.210766705868894	0.113326249329286	0.34660852873025	-0.170669370688063	-0.337410447891484	-0.126277099099785	0.548432489284289	0.485049092069792	0.0730253156417247	-0.0228199924515337	0.125800134252799	0.143002313082341	-0.016641695114602	0.473613874568937	0.0989012170822447	0.157846088399898	PEtOH 16:1_16:1	green
0.565080139326762	0.873488576188572	0.696500486420329	0.459898010014246	0.254006088034909	0.276863201235705	-0.0362329917945919	-0.0634166454856387	-0.0838792352151965	-0.101131082064753	-0.162543459399515	0.169083131018275	-0.309662471602936	-0.470579283133575	-0.346255767797134	-0.244969153001159	-0.464541746103012	-0.406110367499459	-0.0299049639430232	0.0662175373329494	0.0303776820937426	0.15291301259228	-0.255743861691155	-0.393218593135133	-0.161626677580338	0.257547348304177	0.302764658671458	-0.0562524251786799	-0.0524745765445583	-0.0966324821358883	0.0929740038328662	-0.112927753818281	0.230538786461009	0.0684166364204937	0.226638613894191	PEtOH 16:1_18:1	darkred
0.566639134203722	0.846977744756204	0.6551417608178	0.435390420917203	0.259608156434769	0.22857832014886	-0.0184486419579227	-0.0608542156903518	-0.116229986608649	-0.12905201321415	-0.136087229271996	0.100940090490631	-0.324117077900337	-0.56946417775378	-0.38436299372287	-0.294695968375495	-0.501197905394175	-0.360467856123044	0.0370898237072191	0.065407550944443	0.0737749396747963	0.187385059459384	-0.279250335932823	-0.494018764002754	-0.153587289145192	0.226957717908495	0.339934146167142	-0.0859046835413755	-0.0719192742290774	-0.12853877480411	0.131353336465266	-0.115074479536582	0.250285768732171	0.0375635963933889	0.194976168224467	PEtOH 18:1_18:1	darkred
0.501097428767022	0.789015578497946	0.724863132243176	0.304407039821919	0.238401719262099	0.229640830279545	-0.127417289997722	-0.154211182361783	-0.232610136134642	-0.142202684821531	-0.0875920144283756	0.192263026140196	-0.186765057557772	-0.603413214030493	-0.313533525543514	-0.177481368590511	-0.48423818906184	-0.33592630410393	0.0632122173715256	-0.0959647719777698	0.0779179250118558	0.162580359694747	-0.366388082586077	-0.522775097705152	-0.0448366806695491	0.312783281763455	0.414492069632169	0.0365156865441788	0.0802206284070524	-0.0891816596702049	0.26070749514337	0.060313435893016	0.362698015017727	0.239125653667714	0.128524768613244	PEtOH 18:1_20:4	darkred
0.467592162884576	0.83547420558989	0.59989338910118	0.427381993003651	0.315523050824125	0.247177979348682	-0.128327117523875	-0.0967856435	-0.139529754858103	-0.197856202509881	-0.127526224238916	0.147868169852759	-0.340607351154721	-0.435731827787308	-0.275013310054533	-0.162484880786659	-0.412462386271316	-0.314445042999694	0.0605549293945742	-0.0192819683677483	-0.0131324907192499	0.102065824556393	-0.193069838311901	-0.436746408424527	-0.0819478007423081	0.307539729043096	0.308480085607999	-0.113669871917736	0.00641487285527526	-0.00530534471301127	0.199019372697484	0.00877044560453098	0.21558325261275	0.10289784455957	0.0117189643098622	PEtOH 36:1	darkred
0.253087613537082	-0.0269791022841085	0.0254102020865099	0.357816756098276	-0.00173345465406547	0.202499427885244	0.222101941460956	0.0643413474854583	0.0223910863766107	0.161734878361365	-0.0337960446047338	-0.202632116360907	-0.107903973420443	0.169962488766886	-0.0571089501126817	-0.154681900056143	-0.160553222819608	0.0503120353113655	-0.118196849413351	0.410381678415765	-0.019468871230159	0.0578756297834558	0.14374989884475	0.160133420467459	-0.258726247309609	-0.134761314963909	-0.318838710448908	-0.299993242001166	-0.439751515172249	0.0368010152222101	-0.266571983986708	-0.334546427476463	-0.25029535242534	-0.361782231237409	0.0625901096442141	PFAP-FT_diPAP	grey
0.333930214459252	0.545697234818138	0.690007542761921	0.0654823897217509	0.0043694101984619	-0.0725308847081401	-0.0706750364870338	-0.0777503944372165	-0.0952701480701555	-0.070848537804609	0.083961859210342	0.374731368260817	-0.0508113476187296	-0.409455546185445	-0.0845246604041486	0.0239555657205062	-0.329049303306542	-0.187683353458473	0.103831472977686	-0.0856740162861762	0.261743849685856	0.386203126987746	-0.466739065894704	-0.434130884978283	-0.0317871867312846	0.31942303637184	0.366982205420876	0.0772510897459103	0.13709282400339	-0.184000228571655	0.290660942130939	0.0615470139481452	0.395910273500556	0.280727205655658	0.1470147809499	PGE2	green
0.368396460835022	0.0655390351562087	0.350229805764113	0.613464014547656	0.662617045737574	0.811518637379388	-0.137753318525146	-0.130661792475574	0.0891954801066282	-0.0740388195235792	-0.195462547987054	-0.0843884282109575	-0.25900273155213	-0.0882307684069733	-0.410115628914132	-0.419369738099512	-0.45104056126764	-0.524110692147319	-0.169730590051363	0.128764256269773	-0.411135710445106	-0.308807100954491	0.223135295355103	0.218696075583283	-0.285940842633998	-0.0959707196753494	-0.0724014832469493	0.0227331371518569	-0.361692282461499	0.0734972866499155	-0.326916004112832	-0.289965963615846	-0.149557772254334	-0.301943550404263	0.425435300119837	Phosphatidylethanolamine alkenyl 16:0-20:4	yellow
0.140051245439658	0.18240588928363	0.355492974888047	0.399791527244965	0.852392538359107	0.762656467087806	-0.118779684744551	-0.00792373857474355	-0.028074278500599	-0.294061141117751	-0.0776231514458597	0.00437425559338909	-0.102551653573232	-0.198947564219086	-0.304100244388069	-0.118628229971978	-0.247948762374464	-0.387919841723455	-0.0536545465143743	-0.224977375782492	-0.435732634719874	-0.381694733747856	-0.0460361613017815	-0.00199489408684094	-0.312951758746156	-0.0106946924871427	-0.00823298711410364	0.222561486667844	-0.0593031150402311	0.167494659281465	-0.189150502705615	-0.0665366339845343	0.172755636683043	0.109441311268174	0.285586815046148	Phosphatidylethanolamine alkenyl 18:0-18:2	purple
-0.370299455955528	-0.305866271156754	-0.323641397266387	-0.130608538742806	-0.128203294455161	-0.272635640885056	-0.0859373412391592	0.00672415702827419	0.146155060917912	0.0842221169415558	-0.0942329780812978	-0.0937616983457546	0.373912607974153	0.35091870985697	0.203252107814405	0.200260492581263	0.256316836823022	0.3942108042388	0.0944770593763384	-0.0609334440082165	0.10103826641531	0.00746853088535786	0.105073320028514	0.214585806216645	0.70076318211773	-0.0657064753476224	-0.21223797488791	-0.141703720300296	0.13781188822568	0.105139161992524	0.142749958577671	0.267800636951604	-0.161089245109855	0.0388332275942527	-0.455682851044724	PI 16:0_16:0	salmon
-0.248333389874081	-0.472057926649093	-0.555628563530871	-0.0347515508861536	-0.110467051633053	0.107017629909762	0.0634994247751859	0.255351108219184	0.258913331038683	0.0636838453555664	0.173953032243701	-0.329108608377034	0.0686139230194167	0.460844652159939	0.0974229710040951	-0.0133440181745318	0.293992190620245	0.19053909109103	-0.160128187830972	0.113698960321296	-0.177852325828239	-0.268671557008847	0.526730168925049	0.618430103880271	-0.116120501300163	-0.456492534134973	-0.446545666549075	0.0248327360014949	-0.190834924946381	-0.0018364219511318	-0.265757530448108	-0.136472836819321	-0.537406311782123	-0.369511752584327	0.0414358889712123	PI 18:0_20:4	turquoise
-0.326427502651645	-0.212044928822524	-0.329296820878312	-0.502412101429912	-0.259084421824883	-0.534689374140925	-0.0518712100222399	0.111752383805022	-0.0168203563535482	-0.0198831934624137	0.265196144179615	-0.0351242009216501	0.180935744588064	0.195680796596059	0.582931343847838	0.507320166040884	0.35878842909103	0.393455965403733	0.185097239984103	-0.298943554346074	0.11955814707635	-0.0330893944405828	-0.00276209183726482	-0.0786312895517385	0.202855426822779	0.182859888360018	0.0954714134082712	0.240982767351286	0.183009101914355	-0.0392489535689391	0.324396358829252	0.241993141975582	0.163417684356142	0.10300546942016	-0.263841495604802	PI 32:1	grey
-0.293549155222446	-0.316392260136576	-0.422801204886283	-0.0941900157459583	-0.0724073097993632	-0.193757326733129	-0.0519156644951956	-0.203269175563194	-0.0789170135013633	0.0615111193932394	-0.0463393808223916	-0.171639789655313	0.270780779657563	0.361613179611503	0.174319734286214	0.168056457073761	0.340164363855588	0.321336007492657	0.00262402244471664	0.0273062521229059	0.0570246552274066	0.00157841125352133	0.0136141105842347	0.114584171203311	0.39687342046515	-0.17040232466016	-0.241061394474945	-0.142709211822791	0.0201773321600618	0.144174086289404	0.0928766833904326	0.308249360845916	-0.129930483627387	0.181599451121939	-0.65351806055966	PI 34:1 Isomer A	grey
-0.0812929762042507	-0.393758765494941	-0.406911807835726	-0.0333450658848436	-0.147573090107337	-0.145572276527365	-0.0378855576058612	0.0373626928562034	0.256502004782087	0.158753332504527	-0.0743203691535772	-0.303261727252845	0.124913086367252	0.366201563941895	0.161517473124069	-0.0659846693431986	0.242061090161872	0.148429522979848	-0.0455730321314885	0.195940908811294	-0.0578243545244229	-0.118225961306228	0.216779384876424	0.327751917607771	0.157169726671632	-0.336596173618161	-0.324211617478608	-0.198923359703273	-0.303834906115145	-0.129139579609638	-0.264181843965906	-0.197413729861681	-0.406960206553256	-0.365410686008636	-0.126743686011141	PI 34:2	grey
-0.212069566801048	-0.344918121654043	-0.53910104901714	-0.0861547222615132	-0.155967762564758	-0.0706834619597955	-0.0112969620396918	0.0996441793241908	0.268401541769921	0.0521384618736161	0.0404286882843312	-0.384299182580503	0.113232809306437	0.550113998308666	0.337314481835374	0.09720484947292	0.33374718653985	0.225279636333222	-0.130649878513952	0.11389430635093	-0.172030128180194	-0.228597930529631	0.328485545921035	0.35592700672807	-0.00020650496118986	-0.397484242842693	-0.475512593970932	-0.349651974478698	-0.379282689419438	-0.0914781162964188	-0.210619562760961	-0.1378015682315	-0.487553950877002	-0.368682339928308	-0.198517138886903	PI 34:2 Isomer B	grey
-0.26261721048958	-0.203867060449079	-0.433813594776372	-0.313040890390249	-0.3045610863564	-0.34236757845744	0.215021467231154	0.225578604867556	0.185405029558966	0.0109458144322878	0.27508383444263	-0.113780458457178	0.121648462493179	0.179444247149933	0.24642311464254	0.281214375600513	0.476213114326299	0.303848883165326	-0.0364354978245622	-0.167137185916026	0.141938290530418	0.0344108621902167	-0.0470929372849588	0.00729934551113381	0.0966903770519141	-0.233920092369061	-0.10851023660514	-0.322357736641982	-0.0433194855103736	-0.188523111228793	-0.119418419128254	-0.16361974474805	-0.246556645649042	-0.0988215097170775	-0.228487950377063	PI 36:1 Isomer A	grey
-0.221040596783135	-0.411717662060815	-0.354560901682335	0.0445378649978013	0.0129939602721864	0.095889439585982	-0.133874283516237	-0.0359727393969068	0.109660062018218	-0.178964640604673	-0.026814537816548	-0.0844736069300296	-0.156625709362329	0.353733488797605	-0.119415011803353	-0.0917707763425061	0.2011384019086	0.0812054580794402	0.0628216672995924	0.200483275271677	0.0115412601946872	-0.0703660476819145	0.556148168221058	0.627600222568487	0.011778977463957	-0.242144775490828	-0.267916799477285	-0.0267170777831929	-0.0152852815560872	0.269658110869607	-0.21837089431648	-0.0522990364302127	-0.346514507133923	-0.168149254124933	-0.0305413403285667	PI 36:4	turquoise
-0.357511599649221	-0.486745530400662	-0.557893596782219	-0.193602629687642	-0.163253071037191	-0.256989486041069	0.0749985444430677	0.0848321480838613	0.0462524253168115	-0.073595723030654	0.0794315667897178	-0.197431977657336	0.160845565383702	0.473727420179599	0.34311758342332	0.295581065715995	0.390821105026119	0.454608179975561	0.0643556702055045	0.0932828715693091	0.0405265267709866	-0.081452925012361	0.189048923055105	0.26657782146486	0.137418575985692	-0.174667821509366	-0.397670661446774	-0.0774423457811786	0.0319163388811253	0.0847678424604509	-0.165451885464314	-0.00886073351956565	-0.205928199923288	-0.114757311517629	-0.32832768394084	PI 38:3	grey
-0.307579174417192	-0.615866586521477	-0.578111268039207	-0.0543940800805023	-0.205540378728111	-0.0294127075022972	0.0236226982582072	-0.032409569038306	0.0119394859383668	-0.0943423069291677	-0.0107290910436426	-0.202051226267662	-0.0740825469820601	0.547094888602405	-0.0067388225601122	-0.0128250781674343	0.319640067517074	0.23897115214759	0.0243517356889049	0.358994745419196	0.0374387194503199	-0.0460733522339643	0.672999404477024	0.761664305825603	0.0273228195133745	-0.215508234776019	-0.342709176296991	-0.0254464583228492	0.0126142550531466	0.401998450468444	-0.166047764643378	0.050954325892011	-0.349434385788701	-0.193861383427057	-0.163147820711293	PI 38:4	turquoise
-0.324285597268125	0.209349509640547	0.188831282126729	-0.3521200221736	0.0546574782505416	-0.121462623378332	-0.164677467000575	-0.0299958624771848	-0.134202819095527	-0.310820723868294	0.271611677944032	0.314997665795744	0.347284801930136	-0.190479563395386	0.286430725422359	0.506617843006299	0.0396640435874336	0.0319256174271507	0.140818073464604	-0.620295783353285	-0.152775193487761	-0.165561796063405	-0.435341913165395	-0.421722027698977	0.170609534827581	0.343321798172818	0.323953036460806	0.181164658182893	0.444836329125109	-0.0229930339923169	0.35233912936735	0.274915451064781	0.392645108127301	0.392364841113903	-0.189254081467671	PMeOH 16:0_18:1	grey
0.474184680339083	0.101177095073223	0.342170964048819	0.677567903522362	0.514879643706858	0.625400566161688	0.178205737562451	-0.145214977482912	-0.0314155402756417	-0.137263354468819	-0.332836686209961	-0.0938135148899563	-0.167918129168307	-0.0657416091665036	-0.332377641357248	-0.301318947982796	-0.484102417457229	-0.26715489178833	0.100177851317851	0.260045744338139	-0.197671923326854	-0.0597318779432038	0.138682079983205	0.217750654101112	-0.17931997686618	0.0381720409724223	-0.0362786235158878	-0.00972131227628304	-0.270992972096501	0.130326304723078	-0.317407108372785	-0.279565749491952	-0.0413900817932599	-0.267105038336439	0.291489753274321	PS 16:0_22:4	skyblue
0.312763441445762	0.13638365335997	0.18923536112333	0.676599500063557	0.357731843400086	0.550965581098226	-0.0537435123204861	-0.12212970521516	0.016891294265617	0.0190882080997942	-0.27090247763542	-0.080191860312346	-0.162753520763196	0.24235670193959	-0.302173765355805	-0.347943759512254	-0.355950383405808	-0.257888336356125	-0.187210939248676	0.427446241513352	-0.177032837831451	-0.0377718411500646	0.175943295423269	0.278017408492278	-0.126727015604393	-0.236743295021937	-0.333918455710604	-0.243845143189871	-0.404449324495204	0.098859822606638	-0.327312485401497	-0.187442241663851	-0.29072002365631	-0.182765781070239	0.0651430027283982	PS 18:0_22:6	skyblue
0.243770314101701	0.0987422938803603	0.286683175418172	0.39299607233058	0.519884123339504	0.246904644499668	-0.18035127858163	-0.324212612479633	-0.245118980682984	-0.234796709377651	-0.179297257008982	0.112200500020824	-0.200378024342621	-0.10907017332859	-0.215967978787293	-0.0630728367371135	-0.290440574287618	-0.0523502741151178	0.380391145180421	0.0481266879411933	-0.0190163136074996	0.0316424189992138	-0.0901124226374854	-0.123993852125207	0.0890274646933207	0.216530309112248	0.125500314107487	-0.0683418221214152	-0.0728268599340179	0.265716085523938	0.0569002072414574	0.154834954328586	0.22957216890064	0.146705962903298	-0.209001251851637	PS 36:1	purple
0.333464391589483	0.167295129663818	0.21508831615008	0.445672946052734	0.204893908862149	0.159916115585644	0.100230121785743	-0.116755245499306	-0.275827604841593	-0.188067850999784	-0.193183631203376	0.0129962226490792	-0.246252735564106	0.0407606169701513	-0.106452801434402	-0.0942884290868258	-0.166091578228363	-0.0294917997043335	0.0576927386125301	0.337815626074824	0.198571124002179	0.280821421873156	0.0323578810629903	0.034222365385936	0.0715046609440425	0.260494766788595	-0.0130361002352926	-0.035432319614529	-0.0837811221774368	0.205233184254058	0.0461973807619521	0.080207708989449	0.205232520933791	0.0607513019391862	-0.0892165244272655	PS 36:2	grey
0.320458803160979	-0.0699875404491437	0.156082306496723	0.388331761651876	0.462962601612263	0.259340774057431	0.173320410826467	-0.0351803272758519	-0.073070016268607	-0.142705231442385	-0.269932841605284	-0.3495333951248	-0.12101580404455	-0.0608032243096087	-0.059045872357004	-0.0786056705155314	-0.215989271626187	-0.0860696292802765	0.139990123163377	0.179661809610306	-0.0525239693876893	-0.0479349841227435	0.0422563750407492	-0.0955542932664804	0.0237494768435873	0.0629102915795158	0.0223216420242238	0.0941246103582505	-0.0998032122534607	0.102303741197991	-0.0893340891921953	-0.1220511743182	-0.0130355788439696	-0.0998591544814448	0.00924500433949838	PS 38:3	purple
0.230837825781654	0.0582170103851356	0.235113503897976	0.44903432860039	0.339661124912319	0.680089403876021	-0.0164567608709411	-0.164685501806505	-0.070980032635272	-0.200961199770322	-0.0972198690134366	-0.00136671054387733	-0.0498079444065372	0.0920738119839332	-0.248520544971359	-0.294201946217159	-0.457748720754891	-0.310867528160279	-0.17108415491973	0.297915517222818	-0.398087212826397	-0.218745598771564	0.242326997860714	0.305578760413122	-0.28854790018282	-0.142767562230121	-0.223909785633247	-0.0697801613318088	-0.319650935911806	0.0945834173400722	-0.216219104383917	-0.17935146766323	-0.179765051383605	-0.241360281307752	0.317700198757698	PS 40:4	yellow
0.186722930289326	0.251431596945768	0.135764146839717	0.246172474721399	-0.0639990395431682	0.00171539473167739	0.140713898449443	0.0279764223833487	-0.051269948579427	-0.160285639923177	-0.102206435872756	0.150906056479636	-0.324485808257558	-0.0542255628713325	-0.327265622204327	-0.212551028079128	0.0143858843354346	-0.0146591178408168	0.0209367747489286	0.368932973737076	0.299962093220085	0.386200162704797	0.0635034892108412	0.064971538359833	-0.0976170876974544	0.070898046123379	-0.0990017078081001	-0.215785996794894	-0.0527438132527559	0.123236623322468	-0.0352369784347109	-0.111316607795056	0.122404428956636	0.0904722798577723	0.00585390452276364	SHexCer 34:1;3O	grey
0.0280611562063309	0.0409415147085806	0.0854725927286253	0.100335259878321	-0.0222767131682467	0.0230458534296612	-0.138629227485235	0.0496962670154288	0.158824211986299	-0.178106197325672	-0.127357856341028	-0.15562147648641	-0.258285822018044	0.0240646896423243	-0.292301914276807	-0.283646985937697	-0.149554363739312	-0.0618171995256136	-0.0287485195923376	0.255497300521928	0.183344779857007	0.205732609238742	0.353579759768758	0.158212775839575	0.110451638860768	-0.256287750451698	-0.12598617514553	-0.115297411042143	0.0796669524487077	0.0304936737856472	0.174772561585989	0.0216534706926796	-0.104121520019709	-0.00301811698456305	-0.0282609674777984	SHexCer d34:1	grey
-0.14256781495449	-0.220688930262384	-0.30837220212828	-0.23664612357936	-0.181438841417779	-0.27156698149838	-0.309499717666667	-0.356870535760328	-0.114336677788332	-0.057774564259947	-0.0227632371544725	0.136692544329985	-0.0186320159801039	0.196404724416502	0.176961559950093	0.216956178151036	0.275440256530931	0.113936972611906	0.31233401250753	-0.0299415548613891	0.158740671412568	0.0534081864898453	0.387420387200392	0.403641154750097	0.370603366192267	0.250418429564411	0.117645763173761	0.0453920613158763	0.277758186401835	0.381448533188841	0.23760712850905	0.386712995125549	0.149227977803976	0.337470052365368	-0.378257514368465	SM 12:1;2O/32:8	turquoise
0.170007325251851	0.174975482850773	0.319312470523669	0.134430338820332	0.0234601066806028	0.247587396367199	-0.0821252811455209	-0.0338603750301245	-0.152467223119444	-0.287889094786331	-0.0148422830947593	0.278695356391401	-0.348543654575296	-0.279718235551413	-0.35784412183123	-0.313339936388447	-0.190166933010982	-0.0876999906258233	-0.0216818899556691	0.167504419939805	0.0951134757145299	0.190176051300055	0.10653204910552	0.0644270057364991	-0.215823871590416	-0.0812621913604897	0.0379492049479534	0.0840468861089448	0.199051583900513	0.117292086012463	0.0722769723841012	-0.00433018282237128	0.051675344943856	0.167971406580487	0.244146333600356	SM 16:1;2O/16:0	grey
-0.352488391580826	-0.0945651182674498	-0.0691327821798839	-0.448552980558521	-0.289143255277289	-0.33615059610515	-0.23598053227844	-0.19120154976558	-0.163451786761513	-0.17843713178052	0.128281329895704	0.221192045762491	-0.00268935123495223	-0.0423967524533135	-0.011301960657151	0.158236108412272	0.314384225471534	0.165492769308738	0.177776980084363	-0.137311824874357	0.282932612314602	0.203446870781532	0.0278713280032171	0.0426489842965432	0.135678538871367	0.0906412976434092	0.28016385261642	0.307886443410333	0.74836296702619	0.297326496491899	0.323611738973998	0.371762974029949	0.335948547740103	0.434488681585724	-0.170676502769042	SM 18:0;2O/21:0	red
0.0953365505736731	0.350613241365902	0.146863782036926	0.0131558320464979	-0.0402225989457474	-0.0435055824593652	0.164938065673307	0.273675820416713	0.165961256729819	-0.0618862642523505	0.0362729324653528	0.0494947047288103	-0.134189142358434	-0.137337263809426	0.0884490283654369	-0.0287469825306411	0.000500212022841211	-0.0477934009559159	-0.0608058702218589	-0.0544409199689807	0.000569819907598708	0.0638341588770978	0.018066310701528	-0.0852976200388282	-0.302066827352958	0.12296523774997	0.130048253653433	0.137732563224322	-0.0835195135990237	-0.00142106821379567	0.136709849777112	-0.0292618217435207	0.0284982230803011	0.0150612957387695	0.17036305267262	SM 20:0;2O/22:3	grey
0.303472282360752	0.174938730060552	0.407322558087468	0.17350736721749	0.307082980777941	0.0630921350026439	-0.316233143356764	-0.308052167008735	-0.358424288409882	-0.283532656426701	-0.206027617109389	0.216761021972245	-0.292228401325731	-0.241281834506707	-0.117095465546631	-0.00445240237328351	-0.256119401850081	-0.323504915031435	0.283997015337956	-0.0121908019959561	0.145238459358474	0.146599753051463	-0.0493479693554893	-0.180175052578207	0.100701326002671	0.689644013912887	0.432890922200889	0.257654420332545	0.0350117426875843	0.245410391477878	0.279897587731597	0.282364541394387	0.623731176115071	0.355806951065985	-0.0485032732563555	SM 20:3;2O/24:0	brown
-0.0178470253881179	-0.0622395763105994	0.111236607548117	-0.128345564847016	-0.156184138342402	-0.147602144294311	0.207565770699781	0.350910548842119	0.204604315861805	-0.070068262817551	0.0290323402901833	0.109633715658848	-0.210654661939001	-0.233683648911592	-0.128309736422198	-0.16065121013771	-0.00320272392041964	0.21088869132506	0.183974604115041	0.0329325485891085	0.28622033525726	0.265749980422182	0.118134871730043	0.0185099620433849	-0.251915486406883	-0.00456803146869687	0.244025158362268	0.351473989296402	0.120187801297334	-0.0964221890429977	0.0954952409733641	-0.0526870207823479	0.0449780310521384	-0.0920600772298287	0.306898395436051	SM 22:1;2O/12:0	grey
0.103169983337062	0.18216424428933	0.265407084790138	-0.0294382809592931	0.261279968838336	0.00139045324588908	-0.37178055631334	-0.235400558261669	-0.435021886762425	-0.345775402283446	-0.0220782175346996	0.303565508021937	-0.345017028220323	-0.371223441759769	-0.174783932725972	0.0151742015259112	-0.137468953075475	-0.333874809443114	0.29777999580935	-0.137935434177983	0.114882141093365	0.120961047159351	-0.158222099182324	-0.364047549364319	0.0197656194239443	0.603625261090074	0.478368290968046	0.248579031732118	0.259076187139106	0.297687782068185	0.358937835909683	0.423122349871658	0.742589120241148	0.557588924412943	-0.135953376759548	SM 24:1	brown
0.0594810659153955	-0.159146583057605	-0.0311787306411128	-0.0275675784895417	-0.00516497154362439	0.038607779325097	-0.205068658323401	-0.0868853743676509	-0.0104665930727048	-0.14282588407762	-0.0762745754522463	-0.30637981791154	-0.0319922097120498	0.0277353863287405	0.121751503620938	0.0779327272937339	0.0441950243993043	-0.0561933112373755	-0.0244869967781335	-0.0391995309067866	-0.0460420238476818	-0.128061222368525	0.402975967490766	0.256689438630139	0.0969678373827482	0.167283918918454	0.0277477564429015	0.490076517351208	0.219460126594029	0.2228055487557	0.307007608100978	0.200363157840195	-0.0880230899292482	0.000571990982666087	-0.130903585140035	SM 25:2;2O/15:1	greenyellow
0.122919340594132	0.400554513073449	0.378573773489666	0.0688580506723542	0.144969083300842	-0.0424588753658131	-0.161951478508595	-0.12079912823903	0.0357610060615439	0.00307989966525206	-0.11873058782319	0.22728379275399	-0.0625684705832439	-0.319683712820381	-0.0547592082993619	-0.0222639116911986	-0.192648875930317	-0.141228445811048	0.269772078736331	-0.144178662862716	0.0515086988039674	0.127256785427185	-0.103057402621833	-0.189393207115286	-0.186712087144884	0.275144195907118	0.416449653074565	0.358621594187919	0.128327086653978	0.0281688340171975	0.239451582170704	0.155242425456746	0.324559919908947	0.225741218964765	0.0603001551561107	SM 26:0;2O/18:1	grey
-0.228864302634655	-0.159120464374587	-0.290210073033836	-0.22601987096281	-0.0113262997414203	-0.160604619236449	-0.35048995721981	-0.0637765579132299	-0.0292412805271538	-0.0396777834509035	0.0488763093475076	-0.0717807344828278	0.0209008020006719	0.213141878340941	0.403898749483541	0.363955143575753	0.276079096338595	0.152312172590158	0.113382056556491	-0.339179953723003	-0.154863043904076	-0.306711863261577	0.218256622499929	-0.0255819681984114	0.0776235700201637	0.0567671970621797	-0.0359276161226146	-0.0152406153410032	-0.0811744542442002	0.0339526076724604	0.298917642872191	0.248077397062965	-0.179280405273502	0.000375574795218414	-0.348413815485962	SM 30:2;2O (FA 14:0)	grey
-0.0572622062077005	0.0973358080960721	-0.0331528925122987	-0.214721240090365	-0.236952241961628	-0.351396788093816	-0.172523401317651	0.107843819989562	-0.070333718838871	-0.00592355608076873	-0.106523879098558	-0.0412591146402736	-0.176630501573843	-0.147889866785258	-0.0232777437968114	-0.0591939508059339	0.156109436823665	0.0752481668484126	0.193297410547389	-0.0316134288474602	0.299406457659362	0.217773919845628	0.194845873770409	-0.142927285746306	0.340880061636829	0.0849465367256268	0.216417099482542	-0.0223190380352652	0.257356927627732	0.0292627399452009	0.672381181267671	0.339527967438496	0.0826311434348494	0.248415833906216	-0.198181949772444	SM 32:0;3O	orange
0.302492667624943	0.23095124298798	0.454155711943582	0.243687512082154	0.11886504274576	-0.0685076459209199	-0.177692709067616	-0.245262707438708	-0.31852427773039	-0.164496409875534	-0.365126472979574	0.235517143968491	-0.517490837470553	-0.491973563279821	-0.557119703088483	-0.344504817888772	-0.221550087438849	-0.222353704547077	0.360308519253178	0.314535113163424	0.444387458794058	0.565919812947001	-0.0326263574637625	-0.221715302705612	-0.00599651989922775	0.382135775608929	0.381245132806039	0.0676421056890239	0.280813249727686	0.380682034231599	0.13879598738739	0.13739584049324	0.57681982859058	0.365845444081561	-0.0227308953263614	SM 34:0;3O	brown
-0.246636631773533	-0.0479216925815151	-0.0670621130158915	-0.389939215436228	-0.328688823950476	-0.52910837813008	-0.237847255234061	-0.00474602557543502	-0.372944286644578	-0.161829392694409	0.113590094716523	0.241390004997221	-0.193620174289024	-0.0798589335282239	0.07052903933859	0.158374190865661	0.0884942731101312	0.227217847770843	0.360709503318182	-0.0324106466525172	0.354437335242989	0.319541526612465	-0.0238421773251727	-0.239792901938213	0.184346463538543	0.32826039702676	0.390980008541516	0.259553532465271	0.506801367783576	0.251790895941601	0.555749748913717	0.53430219390796	0.48179269607515	0.396926386214747	-0.302029085331768	SM 34:2;3O	grey
-0.00846910085053344	-0.00337167460926188	0.0638600638004346	0.155183605770094	0.156557334651052	0.242463500160415	0.00952411518413912	-0.0170869959254512	-0.0205196106565348	-0.0898233103472016	-0.197208488245504	-0.06694753694095	-0.09774866402309	-0.0441617059432495	-0.191483246952217	-0.186588107629321	-0.270594941684052	-0.00881969123714498	0.145166134807582	0.0687342152129948	-0.191749996044833	-0.170743181447676	0.343249405759697	0.289241042910431	-0.0359113804839358	-0.0658962196680272	0.143949978760716	0.343370339289522	0.151315799726894	0.275138349011251	-0.0258960808014801	0.0541720442263082	-0.143915273208528	-0.129896757436944	0.217231661223022	SM 35:1;2O	grey
-0.0326611888979115	-0.321152263853333	-0.23482660791073	0.174407960488376	0.00101214737436357	0.162994994861192	-0.104149344976553	-0.170616129669762	-0.0686227207065034	-0.143055811814694	-0.308224139453355	-0.188995967045043	-0.295250700250924	0.213987720934397	-0.306958747954946	-0.319507272835264	0.0795890270707359	0.0194193265138662	0.025922384541016	0.475977152014423	0.124345199078366	0.102716564041933	0.881944590818932	0.76044530889148	0.0784515573523255	-0.130048540908723	-0.213919536402367	0.156385867315935	0.139243054845206	0.621822723484664	0.0595259125669349	0.181981162530531	-0.249231571578004	-0.00591644840343833	-0.0478341121389233	SM 38:4;3O	greenyellow
-0.117364856434611	0.229568603867363	0.362748086439136	-0.226607775035772	0.0504759017040005	-0.170277300982148	-0.126350991292521	-0.151010630777715	-0.304819662614541	-0.212896814856201	0.155230327134466	0.518821760060486	-0.00735461805100936	-0.28025069403791	0.00706942507097912	0.192818955415612	-0.25383808811224	-0.0820724133496719	0.256153113420334	-0.220944766869767	0.140768892994344	0.231818544483099	-0.425564574856223	-0.537283434464935	-0.0373087986144586	0.33024366536765	0.38116492939763	0.0350603028081643	0.285383298122021	0.0509132524828324	0.395143042587901	0.292907101596817	0.684511626869836	0.554477011415472	-0.0242150892165029	SM 42:0;3O	brown
-0.167760593696584	0.175035547794753	0.136393686958977	-0.260916829680076	0.0206776033836573	-0.364893332488105	-0.291070806333466	-0.200474553655035	-0.316512384322129	-0.344558397976279	0.0343886223442035	0.412422330192021	-0.154266863137537	-0.256579926401125	0.103498319296917	0.284472685463661	0.0843364985964548	0.0587425894478543	0.492599928503439	-0.26503871610277	0.293515648956555	0.217491190153531	-0.234966709797235	-0.41027723275503	0.0847960296220303	0.559964632764541	0.521227204498914	0.223198569262409	0.484226920191781	0.247712617179439	0.412465841386116	0.45020260880471	0.72828984450919	0.652185117923407	-0.286636058583186	SM 42:1;3O	brown
-0.0544756852589948	0.226833061184383	0.30642283742937	-0.0907235740563236	0.2365986446636	-0.0263384064159701	-0.484529163282783	-0.190532023168889	-0.40216877460705	-0.326932554955046	0.0144250194295452	0.422266625561093	-0.146929046722426	-0.283099149326424	-0.071786542882456	0.155873285396723	-0.125381674858455	-0.128512945707879	0.355395171039804	-0.325233309765259	0.0401107196408556	0.087287954589141	-0.182365620414191	-0.361855212537967	0.138145256775229	0.441638693552692	0.398475285393878	0.336325417365354	0.538258498588938	0.237852415810548	0.556369044708103	0.551608567916307	0.649242673128402	0.599744328004035	-0.25385570145352	SM 42:2;3O	brown
-0.102698396355632	-0.330711944066484	-0.38714223918342	-0.00464616933753571	-0.116963765491597	-0.002379503683287	-0.195636100888374	-0.0598964230907294	-0.0555843324302201	-0.00627817951121468	-0.0926320428499466	-0.153221684707755	-0.286311495130798	0.29786326609383	0.0223004234171134	-0.0485743594477707	0.191152788411545	0.110017934710589	0.114672508799549	0.223469803439797	0.117387195075206	0.029790361743213	0.829109602376471	0.592598311226131	-0.00841257714642509	-0.11064252259791	-0.157876940941863	0.0751821486503688	0.0732867982081857	0.406632361631482	0.183400859848742	0.150424602592033	-0.278512295807289	-0.0288823532004178	-0.078798682253354	SM 42:5;3O	greenyellow
-0.395314616723964	-0.0582660627398002	-0.0769138706935027	-0.4028881537069	0.00519621146823388	-0.323541447964967	-0.0799040698616118	-0.0720479062403142	-0.0137520635876763	-0.192074774648928	0.105537157600189	0.0785523627260263	0.338386548731092	-0.105520584751504	0.296569336896013	0.389032782987428	0.196250336702958	0.241564447876289	0.323686098543647	-0.474828254954385	0.114678273405066	-0.00694359515849649	-0.185112218986452	-0.191375461425045	0.395888027888163	0.287883329213811	0.296266265870877	0.152054789223567	0.466485063336554	0.065786629858265	0.392465588404082	0.369425926413934	0.296154998375416	0.408664748742566	-0.328231116664471	SM 42:7;3O	grey
0.0349587216444425	0.437238954296072	0.515919463427611	-0.166875158941072	0.0918177921289368	-0.140030432939016	-0.22217385047624	-0.141785461510944	-0.126218496450494	-0.114836536485177	0.177185622266541	0.466172330640883	0.105321811979425	-0.372643397895739	0.108264835130195	0.250037082873696	-0.256235396477615	-0.159708707035006	0.20076854376141	-0.393791590482596	0.0204305331668525	0.0870747355500513	-0.503200082571245	-0.498029375614879	-0.0310987613094982	0.547337861113825	0.567266129194849	0.290488274633241	0.197923425655559	-0.0800324327504221	0.293688393284955	0.220975980403684	0.641940464542739	0.361074316170734	0.0151793343084564	SM 44:1;2O	brown
-0.136859414089819	-0.174266669837153	-0.359599669574655	0.0393675353348036	-0.153476855128675	0.0279414725124079	-0.316968252554228	0.0889592586191116	-0.0168168973976676	-0.0629928156006525	-0.0199220213172257	-0.0715726374528006	-0.311590674762799	0.364810425979307	0.0451323824433767	0.039860310459307	0.307872053018072	0.1221580584476	0.0217209186878542	0.156044797838589	0.0279766913168455	-0.0291965635606539	0.717313667798559	0.476978040658681	-0.0640621340668629	-0.00664830981294271	-0.259041358194058	-0.089606868388573	-0.0567176459918155	0.327106707191409	0.167903915733748	0.151280208438111	-0.258031196776507	-0.0818012011276857	-0.281763499691292	SM 46:5;3O	greenyellow
-0.109407310231762	0.0080855424202081	0.0547384127598509	-0.278307946093253	-0.0849154217547394	-0.25855080256161	-0.142584453470464	0.00584795219455072	-0.285812551810089	-0.159181610003075	0.0121308938829528	0.159982968325437	-0.111798745704399	-0.241387668962089	-0.0790866131794234	0.0970855178759249	0.0684369456063765	0.035800215799929	0.336328027263617	-0.0582886911623929	0.229823763028811	0.155315070082343	0.0209985797072763	-0.144451789894504	0.300684819928659	0.0431504319363284	0.273220855955729	0.0480585186002067	0.629011526201632	0.167739392327345	0.337032224860885	0.269632441260287	0.264624452089855	0.451280822013575	-0.0538991058523154	SM d30:1	red
-0.310816488409556	-0.0974473591265338	-0.0761588085959944	-0.305824923812089	-0.138825631127242	-0.315095221696081	-0.12776603960015	-0.0935163987960007	-0.0477320250023362	-0.298263206282105	-0.00685871056210886	0.0822122656155429	-0.0551914286153613	-0.0827735160803808	-0.0966662663598878	0.0526463512176394	0.131850115562218	0.253721806450551	0.241624812993179	0.0304171741990083	0.335945966034806	0.217181844735202	0.193047814661315	0.107022249677937	0.350431867652427	-0.0633055546467622	0.105865387894186	0.0986723050502415	0.690419587979194	0.255318531035603	0.245799658035537	0.312140962356647	0.141469229287634	0.341138475016831	-0.221812769141297	SM d31:1	red
-0.107395018986953	-0.0286266402951853	0.14038765731	-0.176509427620957	-0.0865138905870943	-0.131035890769735	-0.187667062791539	-0.133177537960585	-0.262078756783206	-0.232458858697981	-0.00565722255880931	0.218822670773481	-0.120020159088348	-0.17131194185138	-0.195179559818502	0.0430680684205555	0.0276463173900537	-0.0673819791571346	0.34826017262454	0.0208075152043243	0.19299504727548	0.168283427105089	0.134663486186428	-0.0155829167328937	0.203088236345164	0.0883233762151059	0.23986834127918	0.165564617738954	0.678006851434491	0.31278535943034	0.316232305887593	0.283197505084061	0.23253120733639	0.45077151143401	-0.0655980887085619	SM d32:1	red
-0.234663791074113	-0.0660648221395021	-0.0938166301851064	-0.351874296322447	-0.179802143872531	-0.391847518618547	-0.260168871499835	-0.189787607617104	-0.291992107921698	-0.255695618165102	0.000626788423870841	0.197523690456143	0.0469255206475254	-0.113207729486063	0.0365675847100543	0.221527574168303	0.218019792167625	0.149773353028326	0.391639874683395	-0.147396431166107	0.280529211909303	0.177443065597435	0.0372524083009241	-0.00540216148749448	0.496794516920066	0.245173395877309	0.232933121162705	0.165705742516445	0.731312789156684	0.282965725566254	0.311754674066313	0.39491352217187	0.365396221871261	0.596108841913484	-0.383598246392577	SM d32:2	red
0.14940597655167	0.170310218911444	0.354909861822532	0.0237906864274627	0.122376380669832	0.0732019726700473	-0.156685679531271	-0.30012751304921	-0.417745528836969	-0.163764610277337	-0.132356596311176	0.151864112691316	-0.30245996039902	-0.51666531010419	-0.442721901516339	-0.250505207548008	-0.222123841191133	-0.259646589011391	0.30776455473339	0.0139825874997729	0.165426861884623	0.176289966237692	0.0494363256911004	-0.10436601763286	-0.0886449188614395	0.389417822212761	0.59104108263784	0.675230386288662	0.578377576335377	0.496909448214424	0.36790384962683	0.462368945471957	0.480356306042563	0.42608267639095	0.024802370297589	SM d33:1	lightgreen
0.155987095327762	0.350818433421184	0.48016848639026	0.120049645158373	0.162426627086995	0.0353566998336325	-0.132761494829772	-0.104737941489198	-0.213154392640697	-0.351740148637162	-0.3159124999562	0.650252010104494	-0.36274497165587	-0.483864044907556	-0.360633161537673	-0.301866302347535	-0.269164964866424	-0.118707460259636	0.436397821528691	0.00106759575216658	0.215867658522079	0.295289857478374	-0.201842830127849	-0.294263145829823	0.0334264651650379	0.545838435143423	0.53265026263428	0.0731407262276951	0.244796025498053	0.130532461683445	0.253102609090486	0.119686064774616	0.664298804081169	0.326780271883743	0.195194772363865	SM d34:0	brown
0.0897196741803771	0.0460909243092148	0.250961159721208	-0.115007530084695	-0.04735273849264	-0.120159602579794	-0.0913825892341056	0.0675351135548706	-0.0910593126279785	-0.236159104072278	-0.0495162921313646	0.131975941565532	-0.312709003771776	-0.415048794956994	-0.249410245690222	-0.178101101794756	-0.0235979856323892	-0.0387032646931617	0.292046664629724	-0.0160869020012788	0.248712362414658	0.269740947617183	0.114546962386945	-0.0642294561777741	-0.195226341176368	0.230483096919511	0.378514687040568	0.53215012890469	0.33244519875062	0.185868497576308	0.266114694390688	0.181551430854899	0.32215552565755	0.246341793970453	0.0735697829196169	SM d34:1	grey
-0.286696192879589	-0.178085085881737	-0.075599954294769	-0.332300681946561	-0.090232232845828	-0.31721077134127	-0.193509153091924	-0.207625597055997	-0.379264364046902	-0.297390616272395	0.0416268806792037	0.165145779478077	-0.0200278292211381	-0.129122220808697	-0.00321402696140771	0.204947550620329	0.254950548998444	0.204712812815713	0.355408095043601	-0.132404011099842	0.310867429368607	0.218399100557737	0.124148003145896	0.0344667850033211	0.340356858937391	0.38578500863383	0.299143396104807	0.452005157274933	0.719965876425918	0.557997887877741	0.432411428380614	0.58787909571602	0.452942555892099	0.587525176283352	-0.403231165540065	SM d34:2	red
0.0308408740253421	0.054548188780766	0.20813803153884	0.00515324206522079	0.118636902770976	0.089472569777866	-0.212850729033655	-0.135316877134974	-0.287596047507408	-0.0488998849751637	-0.11925474823375	-0.00877945115245234	-0.135259018885781	-0.358664284980331	-0.370736451042279	-0.216263203611685	-0.18718729590198	-0.205643563305043	0.221216785849904	-0.0258736423701292	0.039659743830057	0.0391686197461709	0.130354559755957	0.0504807870978152	-0.0703849610098821	0.162716252271403	0.437072432920612	0.82229925272734	0.4816039327197	0.434640536883382	0.268998295166115	0.491016409584797	0.350960822514203	0.320343870199081	0.0565661659601267	SM d35:1	lightgreen
-0.028861378839385	0.0289815481921619	0.232768039172566	-0.139648955210803	0.0659054614940844	0.000516507911903886	-0.272796472268339	-0.254744383050042	-0.311617386665793	-0.154039671929989	-0.0494147611712148	0.0881883135747503	-0.139137226156561	-0.351975886823129	-0.227674981840565	-0.0312823757186596	-0.00926668485466792	-0.183787986437969	0.191449031286808	-0.200874104017038	0.0660668254606607	0.0388629886951218	0.0687765952727048	-0.0159903441143472	-0.0276859022108915	0.39341404991648	0.539255984754831	0.823521883259474	0.623333835540992	0.465509337863063	0.277219628287133	0.450313009546497	0.417862947186002	0.387461613795514	-0.0657136170620097	SM d35:2	lightgreen
-0.0683692890259873	-0.0623281353708907	0.110312990224704	-0.0955872800865155	0.171281496845254	0.100634454096691	-0.0402752687372098	0.000897044438958766	0.00464344034657255	0.000260462555048704	-0.2452295734332	-0.0246573828133176	0.168269921016546	-0.176220572811557	-0.025584175935692	-0.0809566517671425	-0.136256148373793	-0.0847537941466611	0.0912704898254463	-0.232683472943314	-0.184758187520582	-0.243909157078951	0.0239023946426501	0.0604745781512998	-0.0222750415081086	0.138834483649166	0.343195552536258	0.846189468196875	0.234698704350056	0.0618099644420678	0.190526670552634	0.287106681775609	0.154607029338548	0.0844137918926104	0.191138520143322	SM d36:0 Isomer A	lightgreen
-0.101296478610326	-0.0360370006994453	0.0264931129523636	-0.0959768772925626	-0.0444019927887217	-0.0819291179451973	0.114774691466144	0.0691975662059771	0.282410647056342	0.0231349450412846	-0.4229575730333	0.283675214149824	0.203546541862446	-0.0229142623006445	0.0688057215738385	-0.153590624888076	-0.0363391898776687	0.169312549389826	0.126415525787767	-0.13475534495934	-0.0671997130905157	-0.0901094022755499	-0.0772972401370203	-0.00843997706493207	0.21232708598456	0.193402948619991	0.244554878266294	0.185579024953713	-0.015061510231845	-0.21246353310794	0.0543711515301431	-0.0450896803831555	0.10930508141449	-0.172236261341108	0.191409959779993	SM d36:0 Isomer B	grey
-0.121508083184777	-0.057155579276201	0.0950221342149272	-0.152711745239305	0.163528933296905	0.0672550137281566	-0.112988556565651	-0.0273911487370856	-0.000154524775449789	-0.0315474226217403	-0.227987686471711	0.00566631272146655	0.149151725785913	-0.163871438256557	-0.0459200898352739	-0.079540713836972	-0.109524163107592	-0.109220978964856	0.097915241650047	-0.248562647930264	-0.168225749839469	-0.245310617489815	0.0168843788792542	0.0483288816800082	-0.00848851664328356	0.151637554082579	0.367347039154366	0.811955420859443	0.248356039477635	0.0612818428316376	0.193517935536025	0.317591389704201	0.210373318184634	0.128774623406385	0.140991778957947	SM d36:1	lightgreen
-0.24796561107512	-0.256409103893261	-0.0617250153048191	-0.28965729063285	0.0871927827602817	-0.0613782202225013	-0.225578101858038	-0.132391718466194	-0.0732193707938333	-0.122740225200338	-0.067075687079682	-0.0559229041128181	0.193540197888002	-0.0243551003184914	0.0640539710332031	0.130154092091194	0.113902664939235	-0.0616419630800327	0.0432666346663876	-0.328665987370218	-0.0908949953746673	-0.231968952556338	0.084783987136475	0.165922445289187	0.182058552053717	0.233406287629431	0.266446168628042	0.855546882201704	0.405163214818057	0.284661838310754	0.132015399698832	0.44350120299361	0.265772465990365	0.297373865767614	-0.0976188833655585	SM d36:2	lightgreen
-0.227644262430962	-0.0600591857782954	-0.0291098333126734	-0.226452057093298	0.00065628890430868	-0.04077531586461	-0.183818698946197	-0.0533091962265404	-0.128528662533877	-0.207525984103973	-0.0606263064320279	0.0562863375193561	-0.0573750144150078	-0.0676162661894378	-0.0590298000319265	-0.0337975685495943	0.149484743238576	0.0418201301633091	0.1103873520939	-0.17093375436549	0.0507547231574298	-0.0367757256387259	0.210691829539503	0.23521185799443	0.0750116459834225	0.112910380927083	0.297006546885616	0.757752937861342	0.719035022293123	0.404061029176352	0.313728141166116	0.514773532172598	0.232539448618842	0.375836543576626	-0.0576911885927232	SM d37:1 Isomer B	red
-0.241963689636765	-0.0861601216325886	-0.111057787621807	-0.3580987110617	-0.136753758633842	-0.350376366138509	-0.338126676385893	-0.391195711142676	-0.475560042166831	-0.229807560101289	0.0521123679501359	0.14654948308174	-0.00557447977228429	-0.0290165613662884	0.0393460425489453	0.208125614556149	0.274945914560283	0.084121714931926	0.279658331550131	-0.0629436576543589	0.255114057735681	0.147191587192957	0.0729987428964846	0.085936042851658	0.402161549439213	0.265868929984353	0.342277630115746	0.499687666871384	0.88132248487526	0.546866241105981	0.45308606201358	0.720666305916501	0.47744789222403	0.683732414096212	-0.473275523096681	SM d38:0 Isomer A	red
-0.084785448482393	0.129431128884373	0.0632541709221441	-0.205911449474777	-0.0914813086470984	-0.376057343575371	-0.0457765473240763	-0.0866161824878222	-0.0200199260900317	-0.175357529715428	-0.187534883434529	0.382149231539035	0.0123902952732454	-0.133356705396298	0.0695558376851296	0.0599896587616961	0.0223329820360226	0.20047969083771	0.40666834200848	-0.153493900808236	0.252957466881126	0.156568786041546	-0.179812393186964	-0.247239404700865	0.416176802005912	0.414128682114332	0.531952969719765	0.0683784099299786	0.30589669269866	-0.0383160961137591	0.264568206928503	0.196458212720514	0.464832293028806	0.213515735265974	-0.120724805801425	SM d38:0 Isomer B	brown
-0.254882804232091	-0.0498059597640397	-0.0989573406180771	-0.341182835208668	-0.131796787021984	-0.347403187053375	-0.262088458536498	-0.34945059417831	-0.468838669082251	-0.197472753237113	0.0417430182314799	0.111126850019255	0.0552700134842891	-0.0306094614284623	0.0157228159013149	0.191108693675002	0.276075161524283	0.130106383761645	0.262954244987572	-0.0623423463265293	0.290149570942028	0.174328850987995	0.034155209848263	0.0690770623213863	0.434954787981301	0.224760760849736	0.303297003725113	0.508064965230441	0.889761431683877	0.523339319673565	0.503240884206351	0.752357292010866	0.479411288215858	0.71743531094939	-0.48250509645992	SM d38:1	red
-0.15629968800907	-0.0949696273195201	0.039106994631665	-0.221827566828821	0.165906433338584	0.00762246760975268	-0.242858739922844	-0.0940615414985223	-0.174825386217211	-0.191021811428785	0.0355406351082235	-0.0507786503752718	-0.0296492469780974	-0.115432348113274	0.0387830685270446	0.122074553560125	0.20303493724563	-0.0865566742730219	-0.056267433413782	-0.276850044779918	-0.019688855081642	-0.113938142805451	0.0981838156059157	0.174034089209391	-0.0150315331196346	0.220191593848346	0.267039922930803	0.834397123147851	0.524997506221948	0.417587068091153	0.150914516018949	0.395922964972849	0.283714659036989	0.392979826276844	-0.0701726930478826	SM d38:2	lightgreen
0.00592676391736673	-0.123151367909316	-0.0397864523679013	-0.20323103979544	0.0168613453876921	-0.0601243864423895	0.0341212230392025	0.0272468336952035	0.0767332670057425	-0.0710057114882527	0.0491333331138229	-0.262587288066304	0.0528062707939216	-0.0891423669711576	0.26141636091182	0.201105545313823	0.174480869360617	0.032984087707296	-0.111680589585975	-0.341274141361952	-0.058957646644887	-0.13268111451158	0.0488158193531834	0.00556333961362329	-0.099231600963779	0.128681167463275	0.202737432087439	0.683439918754874	0.216106123897887	0.0185125370358466	0.0850750582972692	0.0772431254759858	0.0520723128806777	0.0372520518867094	0.0307163535646414	SM d38:3	lightgreen
-0.371645465615124	-0.134848110287998	-0.0929740260591604	-0.407573818885317	-0.244247945664348	-0.334258250505521	-0.132558902480367	-0.178269920637987	-0.272061776699211	-0.191343324211156	0.0967662956288147	0.149111008568879	0.047524166140974	-0.00745944762744049	0.000493516846655959	0.181577225576357	0.306289219346619	0.244926156238252	0.241558918943121	-0.0654648536567244	0.308566707346139	0.207871675416429	0.0992703578392997	0.112538622897417	0.272755963138213	0.0361303542906328	0.26696542602913	0.404322744690899	0.916151054899147	0.439686445058572	0.411229227558709	0.537022570640276	0.276812339924965	0.547782628650567	-0.297553822865307	SM d39:1	red
-0.294966633680986	-0.228957105334735	-0.161803868895699	-0.329150793766355	-0.0260342780580161	-0.19932805574623	-0.253330161239913	-0.143023822637552	-0.0919547376190102	-0.172110122483341	0.0936452901399172	-0.214591860467139	-0.0352723627687771	-0.0733125888028687	-0.0444017091367833	0.0711787477694058	0.216707621690069	0.103037040709969	0.0696534516471567	-0.199492252151721	0.178756417752696	0.0177862140539446	0.315954179637466	0.249392461894746	0.296770037314808	-0.0203662762471666	0.176773907895924	0.565466627393047	0.733145794259028	0.421356168247662	0.242354357943989	0.465710939266203	0.124372107334835	0.359547484410974	-0.295977256239329	SM d39:2 Isomer B	red
-0.0533767340119712	0.238506957806911	0.250184685294956	-0.167885210899473	0.0947851362751762	-0.195391474540442	-0.230103914227119	-0.361000908423099	-0.478974927185786	-0.219165119074987	-0.0249169257911856	0.374547904322746	-0.011429900996408	-0.334274507056843	-0.121016369782129	0.114847641067919	-0.120291789593547	-0.0885916416810246	0.496313601308965	-0.118746447159231	0.210721495269284	0.209091959168626	-0.272974848271727	-0.295146337111989	0.175986951410016	0.446591955946612	0.596141841426728	0.386466382972653	0.645904265074846	0.341406797672834	0.462322893957859	0.566525132581714	0.833239922231324	0.706160243841947	-0.186980188857409	SM d40:0 Isomer A	brown
-0.0662881180695794	0.253044049734696	0.266618530421537	-0.128176455826772	0.0385328683704028	-0.227338395693536	-0.237217529975149	-0.266087254669592	-0.164139689309861	-0.210864736557353	-0.152480352014992	0.690711182079375	0.0398641015123057	-0.163636218601732	0.0806717042853831	0.146978604116557	-0.0659819359887177	0.102827761030427	0.476921077810313	-0.245059733560319	0.130842984461907	0.147243986737977	-0.336255309814345	-0.315362358067988	0.348113491823636	0.510776646733503	0.550840694769839	0.0325383548614077	0.393484320241062	0.0392007193937871	0.296625926889915	0.273003854649977	0.641943003994258	0.403565622560863	-0.157866523858659	SM d40:0 Isomer B	brown
-0.0605587629215765	0.200431351015935	0.225543859782717	-0.150991278168321	0.0885189292663259	-0.194492252567238	-0.233495340634597	-0.374279847014547	-0.481021370028029	-0.206730791938987	-0.0336725673916992	0.386167079024049	-0.0347926713470491	-0.321127504093047	-0.146236981468974	0.0908027317303127	-0.130588295838616	-0.096662689371492	0.515276576336176	-0.0847333744181999	0.22144704224906	0.221236017288014	-0.249876328598675	-0.272886190926857	0.166124804408651	0.447142963881956	0.592847820179887	0.375952378826141	0.633280371913404	0.369658898532988	0.437681092651796	0.570259944417806	0.824999601062174	0.708249103284328	-0.195550392756175	SM d40:1	brown
-0.00951258209663151	0.290276270695981	0.267437025187043	-0.0825415577414275	-0.00984627294491811	-0.131353633419649	-0.143278981711073	-0.163104744706647	-0.237213313759743	-0.0504415227841937	-0.0883559609019124	0.409477711219666	-0.054978488615443	-0.240803528988519	0.00336548451639853	0.0636058391905997	-0.0853576732551691	0.099707226587957	0.465848811486351	-0.165587343295487	0.0793438729815138	0.134043018491055	-0.17377355779047	-0.18340608191738	-0.0806983433862855	0.287861646765667	0.511857476363432	0.382008767496828	0.509898992693552	0.176634285797516	0.362552740101545	0.293955549862985	0.416772027379697	0.340936537019198	-0.0733832933744764	SM d40:1 Isomer B	brown
-0.245391968685022	-0.0800129611392607	-0.0749466815126513	-0.308651021068003	-0.0656218799905192	-0.269024730364064	-0.306418311360814	-0.387984011564727	-0.472512930792818	-0.260138402513059	0.119819382575602	0.0690878541131406	-0.00284586554255947	-0.094819988685435	-0.0233445380862021	0.240972049941519	0.247559515437324	0.041156441291531	0.300247176591347	-0.130213323096541	0.252921656943749	0.171312971447579	0.0769743446983389	0.0471034651571295	0.299880260022785	0.274030102563497	0.307141029990554	0.511197804934023	0.894835287616193	0.600097177510323	0.443811251074346	0.695648514582631	0.501451742360885	0.737373081298008	-0.502573870936262	SM d40:2 Isomer B	red
-0.222728845649655	-0.0303073452009074	-0.0626447901643087	-0.274994116002792	-0.103902367335907	-0.138397786884499	-0.0369627184434057	0.154266857845123	0.0500976480198686	-0.100482668153937	0.205128866347053	0.018504795995024	0.0388265174566064	0.00223685278793361	0.101178087748937	0.0668155874995712	0.262379002243784	0.256514380564896	0.0469141791695787	-0.189558598562123	0.0792799346907237	-0.0210844248250248	0.0472280673635295	0.146544028216847	0.111851338335194	-0.205873823211534	0.0607406785727452	0.379806376889738	0.583922251504576	0.122469228434454	0.148697629466117	0.225957696824639	-0.00457125583602109	0.209409914973574	-0.032455984127465	SM d40:4	red
-0.22069446880666	0.0638840167681029	0.137724198185962	-0.30456547168608	-0.0628192295348945	-0.27928189774878	-0.212275228823729	-0.243434788440649	-0.365324506252209	-0.230280247692293	-0.077394134952465	0.321051479643518	0.00204588365824854	-0.241505937200381	-0.0781399469129489	0.0645610149887761	0.156275800145221	0.096338626444748	0.394896255092778	-0.196895142535076	0.232760108941161	0.17939748873692	-0.197661800051216	-0.236823913343891	0.221837540295553	0.303631503456367	0.515605248896617	0.408182250749251	0.748519650341596	0.29709125877553	0.506967007386999	0.532486816767077	0.630709025802024	0.603814678549132	-0.257810615887814	SM d41:0	red
-0.215501818549442	0.0218376508795631	0.0824148344117546	-0.264096141242351	-0.0626377750737154	-0.268148213103291	-0.199355565638642	-0.260004244739825	-0.402235540121994	-0.217225913608532	-0.0264486649152424	0.300957092126661	0.0289611299358905	-0.163460636388078	-0.0541929366895038	0.0839741126950252	0.15022796498283	0.131651644952948	0.418993132543727	-0.102036626098071	0.231464115818268	0.186653661164326	-0.154702308514459	-0.14987233341527	0.242909781591906	0.240743668735219	0.439028500742375	0.37456345250092	0.751800082878614	0.339118094551289	0.497646974813546	0.564310125640265	0.634318339491122	0.607281883199059	-0.271754199721979	SM d41:1	red
-0.198350950158651	0.0473441963098908	0.0368712232149658	-0.263356890015361	-0.120561289260196	-0.215512764083883	0.143041298591821	0.216364410430641	0.0854894795789419	-0.192139706100692	0.363153540045891	0.0598457811980836	-0.0580370345337018	-0.14380015113216	0.00743530361413042	0.0862150471865293	0.109429375074449	0.0789709485266217	0.097120809508274	-0.116189358678266	0.0863537159300865	0.142984834653397	-0.118503008193136	-0.174916639183255	-0.237034218048609	-0.0830587814848773	0.174432054289671	0.259241674821715	0.388847838188529	0.0408364346308787	0.0936291793281194	0.0717149415703801	0.204705033154825	0.160668892994815	0.035699805937622	SM d41:2 Isomer A	grey
-0.2834962801714	-0.052252589574461	-0.0230179660706351	-0.362117646953975	-0.0859078634132191	-0.295428143243637	-0.351702030222263	-0.304547666865063	-0.327949878168567	-0.29481941061726	0.0406888118095786	0.0662256935598331	-0.0594954802989067	-0.159297440227996	0.0100251558970671	0.223019435184758	0.2737626622115	0.0733923748948228	0.261775028298925	-0.260073819818879	0.248005403008309	0.156309856652724	0.110101876682117	-0.0293078965023218	0.253915658947069	0.354497623581977	0.419823580165409	0.60737815798849	0.902371686375494	0.55196069493346	0.523841409079958	0.657401968724885	0.446962377400295	0.628861709276981	-0.471184431110382	SM d41:2 Isomer B	red
0.136654759559639	0.247881552863677	0.426004653327206	0.0470848691484683	0.317108751290567	0.0213671681919172	-0.267285439406748	-0.33907008388197	-0.528547069003072	-0.308817056985931	-0.0758470437541155	0.450250003185067	-0.1777805453052	-0.443122865695776	-0.308247684245471	-0.0203345981089695	-0.361258169534272	-0.349727177007778	0.488017848991002	-0.0601951862597771	0.127309499604576	0.176443195336664	-0.256647209463922	-0.342777508457618	0.0594693278683991	0.494796600898936	0.592000805923682	0.297504563270037	0.350598703131555	0.299756004595487	0.303870707073555	0.4385635553944	0.904773386450291	0.67883912949537	0.0260108488128084	SM d42:0	brown
0.276666171954556	0.438512993073444	0.61154453750536	0.055727488302175	0.287027039412774	0.0785992660148488	-0.244479615266693	-0.263486752546917	-0.405374713710145	-0.284002980335165	0.014724992447261	0.447932442181274	-0.17245317804058	-0.494193692583747	-0.224083157511855	-0.000944771560495963	-0.374932163178702	-0.369819289630172	0.404807036566167	-0.183893489436546	0.070135298778723	0.13347646245633	-0.417657302764479	-0.464666887759371	-0.0886203434041859	0.495462928821126	0.641019681888434	0.272653554017088	0.272738919696055	0.0925955202572069	0.275559034202594	0.239812194361299	0.813734253756345	0.588170115927809	0.116578562901754	SM d42:1	brown
0.14160689485161	0.28787286831622	0.294040966441215	-0.00624065842585671	0.241764343765788	0.0225303381819099	-0.276716795457627	-0.0357602738069643	-0.254001671999612	-0.384118628685278	0.00220653103376991	0.334370649089596	-0.328484115032755	-0.369720712710482	0.00338105086719744	0.146595970257776	-0.106989925306027	-0.178218188820857	0.377503767463404	-0.34122950259672	0.028544589501651	0.0495575753564086	-0.1806255486013	-0.449117067596789	-0.173754805177682	0.614159909336029	0.50472829804773	0.251777746811779	0.154678747099533	0.0130982240806571	0.385625170722746	0.261684970200865	0.616234751377124	0.353799742902338	-0.127016465668855	SM d42:2 Isomer B	brown
0.0974940252963679	0.0363881663776195	0.117893024134563	-0.00172567311105847	0.168737633527355	-0.0570441515115888	-0.332894012320713	-0.378343810791583	-0.392077277007262	-0.317925071238102	-0.127798909677287	0.00170451487579588	-0.217023520717885	-0.205679069398121	-0.094594472531567	0.0434598583648588	0.0513176946741344	-0.21072324001383	0.251549309256544	-0.0366057153190764	0.189454673152467	0.142436660127311	0.131879044753404	-0.0205143272586085	0.19346031087226	0.555774791491443	0.318312329363012	0.447604609334614	0.412084566333374	0.485749209084012	0.395206033866552	0.529167252220684	0.558916700059303	0.516471826518713	-0.329913030879024	SM d42:3	brown
0.288913368719423	0.351627307730287	0.566293848449176	0.0818477936600473	0.191507709576923	0.00431766608083008	-0.124839907975578	-0.174205905267963	-0.306592355695131	-0.154598015658026	-0.151898378235098	0.387130088970531	-0.230423978089776	-0.468166254783325	-0.154590270304421	-0.0542508594012392	-0.325544525465867	-0.291825705018134	0.273983773989014	-0.109716226822165	0.132558920836371	0.15228122315953	-0.354678407986115	-0.36099280731169	-0.030763996791735	0.531466344955199	0.622357926196474	0.197624292910594	0.164385366406311	-0.0777127206734928	0.106044083380317	0.0316529898092805	0.684339901766356	0.26498534386238	0.282648167305982	SM d43:1	brown
0.127778834377941	0.28744492552148	0.509207635557577	-0.031607100673758	0.166947048011474	-0.0736412485158934	-0.379235054665803	-0.397286662719951	-0.43164209957364	-0.243933230319134	-0.122876160296119	0.515053460073423	-0.210240292299633	-0.466406548643762	-0.245422516701864	-0.0364861994991705	-0.288182330006394	-0.268774284415413	0.487713313569194	-0.10919893168802	0.199804772564971	0.267491209008643	-0.259492809660286	-0.367200114121995	0.040901329905353	0.561223685714106	0.716349499376809	0.365515524360639	0.501053412727996	0.248670537738701	0.383809553782333	0.374718533388634	0.839037963255237	0.585216508616743	-0.0102831126430797	SM d43:1 Isomer B	brown
0.0842250158333043	0.327825839432747	0.41571258262434	-0.138137689216239	0.156605424809037	-0.183030770466474	-0.222475703699505	-0.249340870197158	-0.457070833353295	-0.326137636388324	0.0718396252269194	0.416832503279203	-0.151044724056588	-0.391612976927751	-0.0477509759973967	0.169297690905538	-0.166987354414483	-0.21921520086214	0.350692317821199	-0.230685620240839	0.187321880605526	0.205777340698903	-0.354562036418424	-0.453661403506508	0.0521150936291124	0.577688490458518	0.612851480885416	0.302163986812007	0.369595896499555	0.145417352219042	0.380939062596337	0.393734131729129	0.888382791577603	0.619020629457117	-0.0699397378320624	SM d44:1	brown
0.0715520868189032	0.211603912457638	0.208152634722066	-0.022931242371967	0.0707046258097645	-0.00391448829165027	-0.106873730314096	0.263684786895313	0.186259676042467	-0.0111859457631839	0.110211329747981	0.111983947841634	-0.0766063485497007	-0.0949810572047083	0.125199490837747	0.0908769137145569	-0.156957213416164	-0.161795616431751	-0.113240446452489	-0.286127937799106	-0.0601537490029052	-0.0138787568256226	-0.165970350702542	-0.252586460236141	-0.202668966395739	0.034397416643642	0.0796334274726418	0.041720767154941	-0.236275764974808	-0.34157835822808	0.0720176060689175	-0.0889774162949799	0.191870458847463	0.0574619156445149	0.239050511090099	SM d44:2	grey
0.27999085332126	0.358528574905568	0.477684574291302	0.153929569578178	0.318605784868235	-0.0118548519460194	-0.438274636757238	-0.380501610688792	-0.532581094272736	-0.34587366704357	-0.134563481202851	0.449032446489803	-0.344785598254626	-0.420337811742996	-0.195501947353495	0.0698133369898104	-0.304059521509822	-0.347783937296342	0.52009682992691	-0.115976084047067	0.158894159201803	0.222609193501954	-0.181394038735143	-0.425589428791802	0.117646152235712	0.738046054382175	0.60659769280446	0.232867028019033	0.294895463531359	0.263137810428488	0.427183877238904	0.431179593212609	0.825766880914271	0.593560892227059	-0.172141872715728	SM d44:2 isomer A	brown
0.29938952413884	0.310555383214377	0.354994175764933	0.193886082910799	0.0959210798933865	0.0855404468272744	0.0547717184540211	0.0517428252403861	0.00427717669613066	-0.055688979493875	0.00889099212417405	0.108953283273291	-0.286192093896256	-0.112903948641158	-0.057357961824685	-0.113677650928616	-0.222476071254235	-0.195835492923493	-0.0369136800077067	0.0843580875523306	0.0628008482230651	0.110406150815585	-0.0419704310378609	-0.111560773478954	-0.274580089561007	0.210558633875819	0.126948274273573	0.0220439032598697	-0.316221780674256	-0.141884820633554	-0.0495693688130805	-0.108728774831607	0.19841250844239	-0.0314405053605104	0.239084766688979	SM d44:3	grey
-0.159738816967742	0.00898723972469534	-0.0119216099457629	-0.143741178191088	0.111518040775879	0.0258315099617554	0.120212349450066	0.465576477915844	0.0714778235969708	0.116030530839373	0.326287866255509	-0.0673597167617339	0.0973062501720345	-0.061588210159395	0.0728613857992307	0.18066439192685	0.00201303273833612	-0.0103056831048205	-0.0374868582012214	-0.281532843333852	-0.164246465147388	-0.166492880753092	-0.224551740816763	-0.237794373063246	-0.27248465702701	-0.159162484782453	-0.0605132540833764	0.069432104062551	-0.112486845405628	-0.228142134278309	0.0391555569001361	-0.0322743119705604	-0.0146738390353801	-0.00613933184495849	0.241482732856246	SPB 25:0;2O	grey
-0.105238432189883	0.00392249537523926	-0.0615329112397823	-0.015275689512539	0.00304843433970686	0.173678164866851	0.157363441737448	0.488663126775256	0.290432290494123	0.0572143757388668	0.0400096814225268	-0.00628632816061289	-0.111711813601128	-0.148704348755272	-0.214233152268745	-0.228093958977361	-0.0590362432650377	-0.0842956759644411	-0.0670444211273165	-0.0583740704814608	-0.0866327943318819	-0.130416291241704	0.0905502658059597	0.0482413174572096	-0.293771193326387	-0.304845864008377	-0.156325150043422	-0.140854921640616	-0.145350988689014	-0.274313584562301	-0.0037610515607618	-0.18922929034919	-0.202769286237964	-0.136156099873094	0.450231111295569	SPB 26:0;2O	grey
-0.316786934244874	-0.0169158912606668	-0.341844192735273	-0.490618287585039	-0.416413026830194	-0.424456708553183	0.0290841669605984	0.382033424380551	0.237123648855524	0.125174703992854	0.209012046819114	-0.0643903273876491	0.133190075836707	0.0879852513853881	0.3620445782901	0.290371958607034	0.724611355523409	0.375389114936604	-0.135110442597287	-0.362123996257878	0.0711742313888924	-0.0339089924374524	-0.0662992878795537	-0.0478296968212522	-0.0116006854508952	-0.0436156817493105	-0.0357215336769458	0.0941192973376451	0.199707662584676	-0.152121031393716	0.137323980325834	0.0182820918340681	-0.123316588762245	-0.0180014688044671	-0.19202801497212	TG 10:0_12:0_18:2	darkmagenta
-0.185993182007442	-0.133185605291007	-0.2417128805743	-0.145513408369296	-0.0661382297430617	0.000135600898849727	0.459553958839191	0.470128330998176	0.842092966002204	0.287504572980186	0.101554525134636	-0.309048644288909	0.461968827854425	0.195969603856552	0.279385826483756	0.0125534490905809	0.124628718005066	0.0945438848485373	-0.376656438806512	-0.250601055732359	-0.29616394837667	-0.338428115117342	-0.163397959363126	0.0544687635581429	-0.00771703391540032	-0.359651463774036	-0.3136296094996	-0.122129956165102	-0.361515599966846	-0.535614387811643	-0.402667157232824	-0.46955601613539	-0.513372381445501	-0.487978262078976	0.291865941075715	TG 14:0_16:0_17:1	midnightblue
-0.433351227820077	-0.171048793868657	-0.347909991541783	-0.517018706746139	-0.148837085020414	-0.40167340856427	-0.127406536128901	-0.0445785665296276	-0.018246421196976	-0.0660075610721549	0.429848099657851	-0.0261156335985861	0.529464674211167	0.332459645023651	0.759144717531416	0.933850151772919	0.400592958480524	0.287753439428221	0.121144784440083	-0.568606179556328	-0.171905308035623	-0.314764153719268	-0.172695615828945	-0.101095694899794	0.243016972425282	0.0939116454716975	0.0296218581740237	0.1127497775009	0.268830119319566	-0.102008062552933	0.173726673213193	0.245919159143282	0.0513390180295196	0.195884833594028	-0.388697324709844	TG 16:0_18:1_20:0	lightcyan
0.203806752628857	-0.0294603134419856	-0.00332910690017613	0.167654119697559	-0.324119141617779	-0.144405981912852	0.408039320364223	0.293909562557355	0.23198463054729	0.64316255242326	-0.160955385958174	-0.146902344566548	-0.0787224655542326	0.160774651574077	0.00784285392685667	-0.250704265486115	-0.00498313591243575	0.242834976176586	-0.120909725544985	0.450327656831161	0.28507218268091	0.341457851140145	0.0558432685551415	0.184103712552276	-0.205320907185975	-0.261713349570232	-0.230008108663429	-0.106781256848051	-0.293540532700245	-0.159691306682128	-0.193966494520127	-0.255834266814854	-0.340617817163391	-0.368738340328906	0.264802604802448	TG 22:0	royalblue
-0.0424886437273317	-0.0561258954678	-0.0880506847506834	-0.0952183245231975	-0.2096939272134	-0.037570464298348	0.405221910106529	0.525995300635445	0.274112665947719	0.141459811946037	0.286924718887533	-0.220689114985413	0.0809573513220923	-0.0497255238249117	-0.0661177498148405	-0.118728517620092	0.00765415823129899	0.0342310015159684	-0.228646671868939	0.0895491615136489	0.0309707531356708	0.0774017201154462	0.0866887201242493	0.168725390175992	-0.19114082154923	-0.264724842504697	-0.124071049594842	0.168725478033109	-0.0320085863855947	-0.127081555035992	-0.227785632587869	-0.296700767176216	-0.26056743910442	-0.274488395126659	0.462519239834218	TG 28:0	grey
0.172361438820108	-0.066160058367125	-0.0855104393132132	0.280244078615564	-0.138197488518735	0.100696844289182	0.418761951627959	0.317108648997792	0.346407901706	0.709852355320656	-0.0672927913936818	-0.229610169469714	0.103144957633184	0.312953558466089	0.0758748454820255	-0.181030224064554	-0.0363109412595802	0.101968537465641	-0.281254104714233	0.410410140651304	-0.0378561268779422	0.0822483361982494	0.0794527262289232	0.258447442192853	-0.345554958958472	-0.363776718839279	-0.401504932921439	-0.186263067408404	-0.563388740250727	-0.204819234627267	-0.364495918000289	-0.375245335301113	-0.477748014237379	-0.519999552421547	0.337737366635738	TG 34:0	royalblue
0.243668919656751	0.114459663589391	0.133343750456281	0.215098826910374	-0.11451504617888	-0.111100477398532	0.215121185605277	0.133182156845327	0.10108314229859	0.837983471668147	-0.18351429238828	-0.0726272200263502	0.057290444831711	-0.0730769192012545	-0.0622435816604931	-0.153399538107104	-0.0656842191893047	0.0535140491883258	-0.0934834635544435	0.237407369232071	0.148472923403271	0.212527639300944	-0.19260815420704	-0.146676709755335	-0.0735143155288829	-0.0958717001404636	-0.0344637481202017	-0.0154289784343013	-0.28410047939143	-0.256692898675564	-0.0756548211755865	-0.131719816428418	-0.199954253146966	-0.323626789690275	0.153140422844644	TG 36:0	royalblue
0.145425332079687	0.0691693743064721	-0.0160448764753723	0.172327754048985	-0.255339688477239	-0.0970929757658637	0.22548163283194	0.148473443616687	0.181875667105331	0.859722680973459	-0.136025460264203	-0.0758872591119389	0.188360522849871	0.0581476483122603	0.012046126856858	-0.172371113728843	-0.02017185659239	0.0560080041938932	-0.223531327981077	0.240976046630397	0.0360179259257868	0.149927065769957	-0.230024847793124	-0.0775314564453105	-0.0906981582101335	-0.160986379849852	-0.211746857090848	-0.135578008649788	-0.30914376150083	-0.27443742885068	-0.158753730673755	-0.171543498223059	-0.255877889727748	-0.318345466511637	0.0542505446152292	TG 38:0	royalblue
-0.12768234727941	-0.0252589566144137	-0.0810595010120836	0.0107831995383315	-0.197083113982244	-0.12386144314437	0.186504910343932	0.0753850633664856	0.383085261307286	0.790927880728031	-0.0724858742341318	-0.112315525982162	0.464526872677718	0.10652143833697	0.0205042613015449	-0.119930294768254	0.0493694572217226	0.186931590124532	-0.180846370229847	0.0527420560685532	0.078759593313568	0.108494968590953	-0.250802760887413	-0.0458675117135415	0.189229694981558	-0.273246430504102	-0.210389366717218	-0.182202465201984	-0.127120066856484	-0.206863125077747	-0.0256381482591091	-0.0116463097961966	-0.283995374900189	-0.144183626221794	-0.0723328537233905	TG 40:0	royalblue
0.0106728386396038	0.238877643746409	0.0391339547069001	-0.217724713021678	-0.0828551753563565	-0.155085559434027	0.00917489894970272	0.37837242414306	0.113197088321308	0.064094724036732	0.299835915680644	-0.093204666033292	0.0036200514390734	-0.325277141052905	0.000297286810936725	0.101889288345638	0.204505506350917	-0.0717772539616126	-0.109291185530599	-0.310476417269379	0.0332183181165988	0.0435533159127655	-0.35832232574482	-0.472345992576663	-0.147685177900597	-0.150154448400218	0.114235013501114	0.0366102286555633	0.126446536380161	-0.354002359209381	0.155028925684467	0.0261194788215207	0.12741243779504	0.153173414751847	0.0532511968818947	TG 40:1	grey
-0.425735813287233	0.0486447786580251	-0.0943123888574969	-0.374642905025324	-0.239688953179591	-0.204097857457845	0.141964961793435	0.199099152158547	0.239122303782157	0.288120710328164	0.400956326669041	0.123924361460307	0.648261432570904	0.0297853303171356	0.264096966258694	0.21409341272202	0.00769039590460023	0.144991623813511	-0.203789957270026	-0.32746712289082	-0.143913150471692	-0.134370677464439	-0.475577714723235	-0.260311030294651	0.166748094590744	-0.23977072239793	-0.0433704589485426	-0.0206688469861421	0.159818435034663	-0.328906023927709	0.164081842269267	0.0924142044961321	-0.00924105705857502	0.0910205381062124	-0.00124945099338081	TG 42:0	grey
-0.186109423006521	0.035094430542534	-0.0460605380604284	-0.0730198043967112	-0.143556890507741	-0.10252280730665	0.104411031100706	-0.0426850946153951	0.206992695607877	0.561499548548427	0.194185432148684	-0.0151016609736087	0.530535398769266	0.0952011491664197	0.0855254691247531	0.0603654271444574	0.00789607023817817	0.080384184376732	-0.226286082616224	-0.0759865898012399	-0.0313739837217466	0.0222025178198916	-0.342354777042011	-0.126690500561236	0.243708008462605	-0.188248988322227	-0.174667812505222	-0.189044445739589	0.0169831688113707	-0.143748832804966	-0.0171900003433606	0.0299861396062968	-0.1436059899397	0.0199589274773319	-0.165189247505983	TG 42:1	royalblue
-0.133960254416214	0.127656447175427	-0.107287442370522	-0.0572277327576899	-0.237202277734913	-0.119410070237967	0.0351590442673581	0.175382083402687	0.170638835154499	0.462549088676847	0.314419327340905	0.0279299897536774	0.246620789860819	0.0677657157552075	0.0995765663826062	0.0741919232331486	0.0531038029786487	0.0658774421666431	-0.293172714162036	-0.0396132302182376	0.0565657343191311	0.121940247013507	-0.226307689496003	-0.15769694092719	-0.00991646006903993	-0.237739707369396	-0.24861218635624	-0.38668582810781	-0.216398177045025	-0.205791468460264	0.100952280184575	0.0423012424215792	-0.186611323423035	0.00440412976530115	-0.11818762393314	TG 42:2	royalblue
0.00326062311619887	0.0292943738474317	-0.0278942083845397	0.0774806101362373	-0.00616382476324026	0.192912358541018	0.402733268621279	0.484417869982425	0.776668670746075	0.388420639821032	-0.00470479884627491	-0.148513471718302	0.244989796138784	-0.0579685839615912	-0.0663929547797017	-0.275557652972306	-0.0742200636768548	-0.0815119259588421	-0.339239950653207	-0.061077981242498	-0.196996629443796	-0.175527308938198	-0.132828571777331	0.0219146636124045	-0.168373324951615	-0.345577068861312	-0.150607994593507	-0.126537156881782	-0.441809699502892	-0.501314162468012	-0.447128975231629	-0.524548956516889	-0.370207223002178	-0.493655497242447	0.506281488327001	TG 43:0	midnightblue
-0.426903181712614	-0.12299244426051	-0.299576695465954	-0.218406135419939	-0.179532301820886	-0.129262869043654	0.195964445116732	0.0367053647685178	0.339757641867756	0.297786982400434	0.250372553419563	-0.071794786740744	0.804674766346281	0.331742879588942	0.307906530310048	0.252938989329516	0.103883731849881	0.230523990245286	-0.25151535219896	-0.154921892812691	-0.149938035246394	-0.183392671931526	-0.272995732697283	0.038115540804003	0.391883110567599	-0.405370803732874	-0.346683683526312	-0.167052690204855	0.0619167059003379	-0.261105726880794	-0.0518626587346636	0.088407459272475	-0.211566308887878	0.0112150115112551	-0.176598857327034	TG 44:0	magenta
-0.465076535235159	-0.0105186177344508	-0.181882470875444	-0.564981467064888	-0.195753501660293	-0.224102838081544	-0.00248003796808422	0.224192632705276	0.0846451749252551	0.0262231369944371	0.512017360616736	0.106351925802321	0.50109568464912	-0.0124480789573062	0.371830237481219	0.403175370578059	0.151211768513749	0.0881109879400359	-0.130958429786969	-0.573855632966059	-0.228463512671141	-0.303320783704784	-0.397825949672422	-0.318217608057044	0.170130064813655	-0.142691488718147	0.0800632304851501	0.0216145399858931	0.254451346791741	-0.33087965763848	0.23645987820212	0.171679778698247	0.131182156655322	0.240030069485576	-0.0359971302711845	TG 44:1	grey
-0.376995834677073	0.132913110751086	-0.0698543067842105	-0.201631963627425	-0.0435368299656807	-0.103881193738305	-0.0211448825632654	0.254565905698197	0.5153759229306	0.208264165626003	0.228221377262353	-0.0357562458465536	0.299623126349967	0.0488199936947879	0.0686132176030898	0.0671748215643183	0.0919750511584233	-0.118109607388018	-0.145602287097892	-0.180886433961575	-0.0867996134674651	-0.0989676606242164	-0.0327604147887642	0.0176547450015556	-0.0655317782570981	-0.236439462751794	-0.0395963969058576	0.0616722501676796	0.0922272792685107	-0.104950400171833	-0.0122382120386515	0.00417797063067991	-0.0451113177672	0.0523287820004262	0.137782022602719	TG 44:2	midnightblue
-0.274032321548303	-0.198520149096483	-0.433798134191056	-0.223433117014322	-0.30960317421122	-0.168110407206558	0.560511134570781	0.509947672118266	0.747357154262126	0.42605445149104	0.231215222263284	-0.353716287201093	0.430825174860624	0.296790924617697	0.373375390037454	0.17207129844078	0.381277129319666	0.313181532908402	-0.322185192500878	-0.162147305385372	-0.119901965119574	-0.152598491272383	-0.0800095968030235	0.0968508323835675	-0.164730754003017	-0.416230858623296	-0.358723328029468	-0.115824956964536	-0.261116698135914	-0.400968105055575	-0.342152233644067	-0.405562456446145	-0.537169516366003	-0.445097154127836	0.144915610337922	TG 45:0	midnightblue
-0.233449726238396	0.0757069735440242	-0.0964485622452798	-0.281836505158356	-0.117951563929282	0.000417277153352456	0.277895148722984	0.4905836331313	0.390802109151223	0.15247467623449	0.42446970974286	-0.0132522834324543	0.301301763615092	-0.00169133729827777	0.344578253065469	0.173291284284879	-0.0377357275325352	0.12345790873158	-0.289582875263103	-0.424033305635445	-0.332628401216702	-0.307173778625457	-0.289089715695704	-0.248778766772157	-0.283541450668672	-0.255577674504474	-0.0449732125307999	-0.0266551853624063	-0.147578439858553	-0.457825177900744	-0.0806367366103887	-0.229793270358469	-0.149294409284048	-0.279387643362428	0.298347294118482	TG 45:1	grey
-0.311319538977189	-0.119497924528118	-0.18627161843742	-0.202541487441472	-0.163205455332464	-0.121602231734051	0.33590567193311	0.161432769851624	0.427811232611985	0.362586999539292	0.18288956332641	-0.197785667885702	0.91737323259553	0.265031087579069	0.338862170880971	0.184290107559796	0.0865682380138484	0.313355664836306	-0.304491121358383	-0.210571080874301	-0.175555654303871	-0.216643810481361	-0.362766334987618	0.0107646030688446	0.458523010444004	-0.412850677366913	-0.354044486840015	-0.104578656506494	-0.108744692161824	-0.38764878691606	-0.0678869941660935	-0.0356007529574238	-0.314419688286898	-0.160648778861379	-0.0898073298690567	TG 46:0	magenta
-0.39073874214226	-0.142681867855946	-0.320963006435655	-0.296881939167423	-0.102781537487721	-0.142261303568262	0.204959596632947	-0.0390588733677022	0.252787038470013	0.228192228798237	0.276992720082122	-0.127511810880298	0.793725238375169	0.291378455588417	0.386585952543595	0.350195722851476	0.19486416248521	0.194968433905189	-0.239403261626061	-0.306147735425523	-0.213436911956407	-0.284248501745754	-0.299491794019679	-0.00559081351682221	0.454205821052717	-0.271245710417236	-0.262891343194989	-0.167582640414673	0.0884357431595766	-0.23413967370256	-0.0846112760853244	0.0618038053759652	-0.162020605838734	0.044441311923375	-0.259251361154452	TG 46:1	magenta
-0.182086742029775	0.0685558827044553	-0.13263851197056	-0.0483574228974193	0.0910983637963821	0.0591931151604048	0.0496414340697677	0.137468563957957	0.503911569522606	0.255806718177689	0.205526552648877	-0.0772180358568524	0.419552869415839	0.116456109831004	0.283976191226549	0.199114599849224	0.0308499111456578	0.0553636041302272	-0.218849407065001	-0.27451803377635	-0.219554067867558	-0.245087734840597	-0.0961051942880544	-0.00659803239283021	0.105004076095643	-0.296372540705441	-0.299413894650365	-0.331562165841024	-0.170115641598208	-0.358681875136235	-0.175273753338982	-0.282804750357099	-0.353103780468417	-0.222309123219195	0.0319448275799944	TG 46:2	midnightblue
-0.253747546956442	-0.100630532367236	-0.269143312405614	-0.185417350193199	-0.14998527293661	-0.105455280952834	0.532941317321043	0.428485874129052	0.715959772979919	0.320714071522768	0.104005767897871	-0.270098943895723	0.682976909162267	0.194526086208463	0.334404384099877	0.124658093099978	0.221767686173197	0.333613303758987	-0.238617458951355	-0.240134005955731	-0.184953082869009	-0.240373661085274	-0.254053868705549	0.0439636323016876	0.0920355563977317	-0.399672525373132	-0.273514417558327	-0.0951528910652801	-0.288867094569599	-0.511747265614335	-0.28194040670102	-0.357543701954773	-0.416908179435663	-0.408959155719722	0.219449215314769	TG 47:0|TG 14:0_16:0_17:0	midnightblue
0.11512128540544	0.0923752771230369	0.106729984836288	0.121174778088167	0.224635920187041	0.337808315657952	0.180685054379401	0.351765763500427	0.609581002021756	0.106597535898215	-0.140785138684444	-0.150396827146109	-0.0473747545013673	-0.0646722091454472	-0.120959311206989	-0.338742151440819	-0.164098891194002	-0.279551090376184	-0.331590573570323	-0.0645327957084644	-0.341697112444185	-0.29925585976142	-0.0184398997073618	0.0558834090716157	-0.360755167383531	-0.253677596888526	-0.218335152358466	-0.164317195386553	-0.526202756454705	-0.40201474220234	-0.473092326036025	-0.556370375116702	-0.278952376931788	-0.452558424007584	0.510317045385806	TG 47:2	midnightblue
0.113144319301549	-0.0416566409478882	-0.0628953716719042	0.264921782804456	0.0700897417053524	0.31640019884524	0.329582679684076	0.573318755237989	0.414362248122545	0.0464736606221634	-0.05213613437049	-0.127980320142096	-0.273686183916197	0.128929155377113	-0.114733948718087	-0.327037062283102	-0.0773870085705714	0.0104063655163636	-0.227411945216878	0.219202211139803	-0.143479840650799	-0.087550017782946	0.196578058566265	0.200858170500285	-0.435463309875384	-0.364670248746576	-0.333606048064831	-0.250325464641595	-0.50856924225227	-0.303340931926669	-0.422706307518782	-0.489168491480811	-0.426678723172316	-0.506732203696615	0.491513665101965	TG 47:3 Isomer B	midnightblue
-0.317833360411737	-0.212608516500572	-0.271981700648611	-0.317581471603313	-0.128974283533008	-0.222032738620685	0.225255575348232	0.142282013515037	0.346350734900859	0.295834338813698	0.165273352518174	-0.295053283321281	0.84930765944972	0.252145567028051	0.487632185286198	0.367340292056441	0.237753184457883	0.363160885794056	-0.141523837278703	-0.390151855524495	-0.184637639524178	-0.302980397113959	-0.20924417864531	0.0694230620228148	0.517983972747639	-0.282406786197538	-0.200089805003848	0.127235840096234	0.0307916248302212	-0.313311151601006	0.0614617459744877	0.0700948319060822	-0.280813425878731	-0.112568633343331	-0.173762457344513	TG 48:0	magenta
-0.368520341652927	-0.17781235640174	-0.356575589036149	-0.408166200680153	-0.169763825118624	-0.31174622602747	0.232572998997147	0.122708863222012	0.284581017554295	0.224277453735405	0.277247767424634	-0.194423856580445	0.818665852865682	0.266719029733462	0.591255549832733	0.477876171496902	0.304693245775667	0.381186945304788	-0.106194429111816	-0.442440585662795	-0.146848464095381	-0.300161664534405	-0.293785896160114	-0.0784852082364929	0.550294502118486	-0.224360254401463	-0.144295743995784	-0.066685605942282	0.0549371647916505	-0.403093663584447	0.0484018745128483	0.0606920590935104	-0.19808754343375	-0.032744432527383	-0.222970550130766	TG 48:1	magenta
-0.409610439284143	-0.107363662419502	-0.359187935437736	-0.339805311049278	-0.189193046258261	-0.211591783859679	0.154839628766269	-0.0248411221167159	0.197425011006155	0.111566459031961	0.294218178244257	-0.0962168527916624	0.807618556790572	0.454420645748487	0.637484285272201	0.546910192666283	0.279802944550223	0.329591068131765	-0.196646700776358	-0.360583670234263	-0.26138861065221	-0.317867402346369	-0.302599112028914	-0.0299207451036265	0.409752230965309	-0.186303654896314	-0.33186683776681	-0.232152771954668	0.0540785006813696	-0.276703813605349	-0.00454249335186652	0.0660669160033598	-0.165415399423286	0.0197006509480672	-0.372108219325549	TG 48:2	magenta
-0.364726171081521	-0.0580070831698072	-0.329380960014232	-0.301401963698547	-0.19334036376418	-0.201460229274993	0.123219110104756	-0.00507993161027554	0.183716906442914	0.111991356077554	0.344294871596936	-0.0760887314762582	0.632446967467473	0.385562640319516	0.544234321904795	0.495305847308879	0.215714841651734	0.249618850947147	-0.161263406108762	-0.296615771544742	-0.195766486516328	-0.240037959320549	-0.267119498781257	-0.0687291807411973	0.305959965210569	-0.167083304800119	-0.300679623619369	-0.347531090189185	0.0364595375814585	-0.226781574543296	-0.00524295473518953	0.0192187078007244	-0.149860943124891	0.0461320832774315	-0.354741859031167	TG 48:3	magenta
-0.394750063822586	-0.196988558234971	-0.268318138517817	-0.310358324788479	-0.188151351600347	-0.179982357185292	0.379857518398223	0.263715321458825	0.484797026763777	0.385814379031575	0.174155771900212	-0.189089389104199	0.907291150398128	0.349357285813261	0.483582463037009	0.309034954330944	0.195879609806108	0.362042684555048	-0.227147378486	-0.282224986252393	-0.28375996078635	-0.355955584654673	-0.319120254111533	0.085156540514175	0.27589365314999	-0.331487119851035	-0.254050221310448	0.0766785201727015	-0.138846028459276	-0.341586998924325	-0.110075259702824	-0.0625963657237533	-0.302526046540247	-0.23441107836183	0.0415713679439138	TG 49:0	magenta
-0.429818311574172	-0.182972915421002	-0.272628056826531	-0.432390766494439	-0.231527758882842	-0.22184553728284	0.299547483833821	0.255613055368448	0.4630790147342	0.273867870710173	0.314091125373562	-0.118675143050102	0.852286936372226	0.423821856608466	0.715304932895947	0.527216094691822	0.30976791589876	0.391930710958277	-0.292972743454489	-0.433365025558952	-0.338956831996259	-0.38393863205807	-0.366481092516443	-0.0169007634207149	0.119209476282471	-0.219754591296694	-0.259875893479947	0.0918364403989427	-0.100731365823186	-0.407130016944257	-0.0672424433187438	-0.0756213319543641	-0.293643655180458	-0.259442250355005	-0.037199935581293	TG 49:1	magenta
-0.396166957534881	-0.218750465841196	-0.374273491750931	-0.40794318805123	-0.264170442676751	-0.161139610735521	0.289791025277925	0.333842605597982	0.506754744456352	0.199037085101845	0.336172456540011	-0.212078589375315	0.66756279647088	0.522192617430231	0.732940181591594	0.468955975165102	0.397757892912742	0.392031098660239	-0.379056570170029	-0.370154464531447	-0.379118386257014	-0.425710939296508	-0.225402206145181	0.100968855273226	-0.0514117671002971	-0.26970986209864	-0.382434887469863	0.0347614020573028	-0.176437643676387	-0.388186958060751	-0.152597523288289	-0.160450669524029	-0.398894581277912	-0.363758847684347	0.00750318221400995	TG 49:2	magenta
-0.203850029285902	-0.206948576274702	-0.304224958492281	-0.138753954772132	-0.0773944413469775	0.0403825107191745	0.227600970693044	0.356813994992616	0.634091409077666	0.128120281934996	0.127538865441444	-0.257121456011431	0.271815472264071	0.453158441407879	0.468432546442904	0.158484170485957	0.243389489287216	0.167919864615565	-0.277532137118426	-0.171703157652974	-0.310953482669051	-0.360883664004516	-0.00520742733555081	0.166948268075317	-0.310960346787494	-0.348111731140598	-0.355920775468112	-0.0918272885920937	-0.39087734419191	-0.406288236953188	-0.32905328470657	-0.373701313726072	-0.332719312056191	-0.436867364335242	0.261712788772685	TG 49:3	midnightblue
-0.41677612417644	-0.209287665904987	-0.225980956592737	-0.394186075639963	-0.0858072383213919	-0.267132909545204	0.0845816845134374	0.00205181733991873	0.235086021683217	0.245916794068269	0.134913164704892	-0.16587936684545	0.84004112569001	0.234881919298213	0.476885459300364	0.445150721294537	0.228666091943903	0.291523631210104	-0.0719389364001006	-0.402430653600563	-0.193909274533948	-0.307449014498719	-0.22018962083583	0.0374451226458582	0.486209289052215	-0.196909887460204	-0.0881553704163481	0.233974007303041	0.179125213503573	-0.158317748917598	0.12645468552127	0.200182926460321	-0.130989981302713	0.0531499296471023	-0.216862621569445	TG 50:0	magenta
-0.402887593808418	-0.191408148270137	-0.315365608108893	-0.447937482164392	-0.0603617979617458	-0.300286049746166	0.1304954180437	0.17395159692389	0.267505074992108	0.144061649844429	0.271417781006579	-0.178848197853438	0.635013406833605	0.300407681865768	0.736026416803443	0.680161013127232	0.415306692535261	0.363754176780346	0.00954523463195902	-0.590403513234094	-0.202513534021405	-0.36334144132344	-0.144222854424756	-0.0205805455437247	0.330663108877712	0.0387866237240665	0.0257692800922087	0.180658613379059	0.143849526198021	-0.198683684713886	0.178498943616492	0.134811268349529	-0.105272777204973	0.0145889097108797	-0.207134306814278	TG 50:1	blue
-0.444062462036787	-0.211729458554185	-0.396652680033194	-0.495967079254778	-0.16011747261809	-0.373367682891592	0.132590535778477	0.183135634072927	0.240424786788345	0.0774634490164651	0.255401626737021	-0.093661589497195	0.611805988837408	0.431073860060694	0.83880221126812	0.730400029834071	0.442780038476576	0.434104838675144	0.00748840247400815	-0.497904947161909	-0.155563649933117	-0.325210223443037	-0.140487986574844	-0.0340181630008089	0.350176389533573	0.0398301729090144	-0.062677504234405	-0.0211603154025276	0.0764147609411395	-0.270795635795651	0.13288635896421	0.0659638958572204	-0.09285812656219	0.00139817159961071	-0.225500112774721	TG 50:2	blue
-0.432550636838903	-0.263615535722848	-0.565438116255871	-0.50052930631428	-0.248951535944491	-0.424460164722084	0.0782003901787883	-0.0036905880800865	0.210652147535425	0.0308649069158288	0.271810085917308	-0.174322141926118	0.541525497160211	0.54846251807102	0.867403934799692	0.709626810775396	0.530178859562789	0.423817409362349	-0.028745503216016	-0.392412398815296	-0.146600911431325	-0.310896468767051	-0.0406825505414568	0.0469201288011793	0.351393380923334	-0.00980511386633034	-0.174671928415849	-0.169758029119334	0.0460589937589029	-0.178978563193186	0.0553257861939936	0.0738831015801392	-0.152781224559169	-0.00870016919374124	-0.405826372502741	TG 50:3 Isomer A	blue
-0.322425011896389	-0.259341532858048	-0.588405227688167	-0.375814678845191	-0.326428023301798	-0.366150591184712	0.077685985040145	-0.00792079630400106	0.194675879367656	0.126426110759454	0.297567376866308	-0.300567875660939	0.492019451935784	0.59421075438669	0.825575570952004	0.564942036751142	0.451759742440134	0.435780500391572	-0.130416638746485	-0.226786512483228	-0.151263187764826	-0.275131957871123	0.0399886447393218	0.135232466922144	0.313542328756946	-0.195479597574108	-0.350008467494004	-0.230440481112872	-0.0817994555984506	-0.172917801017895	0.0231296968638154	0.0561116479013016	-0.319701746291359	-0.133224015141677	-0.413658231137179	TG 50:4	blue
-0.341553545093338	-0.0503136447286649	-0.199033757187783	-0.280913957745376	-0.0676855397661013	-0.125738325118121	0.170609049465702	0.209146168808858	0.428030768169677	0.3318149775585	0.134048807232664	-0.101338300273081	0.736100603417523	0.182524243484447	0.369682508512495	0.255931219527129	0.169925732338281	0.20599352504386	-0.106312089662158	-0.35230228252855	-0.337684981674659	-0.394282316077117	-0.246513453586278	0.00573671379471014	0.16786940512315	-0.291970176284579	-0.0930475848538092	0.136424765673721	-0.0611480833571457	-0.295789149699696	-0.0867098908618982	-0.0360695118567199	-0.188869551848165	-0.16808513214573	0.0994116911422633	TG 51:0	magenta
-0.540665826919737	-0.225350318066577	-0.309326114896378	-0.490190368913334	-0.183533579678044	-0.283639860252159	0.132349778633061	0.117655495077809	0.2374815622286	0.196764591409431	0.316060020122567	-0.00680769445250119	0.877119707673928	0.466988290547206	0.767160658682155	0.671290868655231	0.370972634200525	0.429286601321652	-0.126111506092385	-0.493563337235506	-0.324406188397872	-0.408021984290936	-0.324727409826551	0.0386754419566636	0.303540190443176	-0.116165912751491	-0.154683462406681	0.16391568975142	0.130685844497148	-0.161081603652752	0.0913414486782075	0.182800456962224	-0.111811043299165	0.0259195618592671	-0.199356095586102	TG 51:1 Isomer B	magenta
-0.522730057249167	-0.211546870401757	-0.393859581432257	-0.572720297069227	-0.229405315194439	-0.397011436598827	0.172610834776888	0.267721106313638	0.23767058489726	0.0989581153845304	0.372537304277599	-0.0256565634757048	0.667768395292467	0.464429993662157	0.884800852624264	0.795284837366935	0.487310835703706	0.5164915714968	-0.0253479617450377	-0.550371365731782	-0.18796873605736	-0.35125818780154	-0.265879788555265	-0.0337452149948548	0.211920317271634	-0.0144752996266685	-0.074830393577356	0.1143749868261	0.104345947170166	-0.244001031055729	0.122372420008461	0.143902553464015	-0.0545659200179055	0.0420869901760468	-0.186771439108076	TG 51:2 Isomer A	blue
-0.472378412526451	-0.311597739165074	-0.56853500265055	-0.547404177268283	-0.320754863723802	-0.394113165929175	0.124488684601592	0.174404853395151	0.268631545602749	0.132867255021438	0.346041022429131	-0.176633585273455	0.56313262506403	0.634330575844851	0.959906606428074	0.715643558330711	0.593385086634389	0.528207081528975	-0.156632675150048	-0.427660327601159	-0.239501535065207	-0.397455204721266	-0.0803030652158919	0.114425359784096	0.157703185356879	-0.116791201484502	-0.242107004163231	0.000143268646755332	-0.0298042031658904	-0.198053882834279	0.028526578821142	0.0672171032871202	-0.270743657604591	-0.125926116844665	-0.275509192590628	TG 51:3	blue
-0.436920723679274	-0.257550674045246	-0.448398381885507	-0.362852261582759	-0.373163509606514	-0.256913185263583	0.193577204624692	0.196298916329565	0.393020311552335	0.111748583008552	0.282504294694451	-0.116842542979825	0.539431877620127	0.707028700683133	0.8006498146493	0.461032681827774	0.379690713922031	0.44980843984075	-0.313232633566236	-0.181115567978454	-0.215676891147829	-0.271717714590398	-0.0562865034478432	0.209968226334897	0.0724818205323959	-0.198664761606072	-0.431284149134107	-0.125023788922663	-0.143749544275131	-0.178106206095387	-0.0669570733896918	-0.0727161853058454	-0.380329987892039	-0.269461958209949	-0.163323152459308	TG 51:4	blue
-0.33913574243415	-0.0974572494642338	-0.097668056879026	-0.238819377473637	-0.0527935589642531	-0.152278173526386	0.0538383357554691	-0.0159434029848142	0.221273595307524	0.29264124649781	0.0950672527113546	-0.0955167371624425	0.770351034527489	0.190397464573742	0.354623093710833	0.366397959288032	0.0558142381704273	0.198808314603967	-0.0616862789990165	-0.316929625995966	-0.237537579250167	-0.284018883127167	-0.31202175509441	-0.00708724488098674	0.235365006758883	-0.191602738299696	-0.0911404782216708	0.273596281209376	0.109548695590953	-0.172194095041269	-0.00100394041904619	0.137932201214084	-0.0763599392946278	0.0320977215677737	-0.0926415181291785	TG 52:0	magenta
-0.426122431671284	-0.207775342693783	-0.293909624896228	-0.526453734252466	-0.119042205456152	-0.385204042083799	-0.0601277415703187	-0.0345267208067251	0.0851667220269739	0.115533945956554	0.31862050777386	-0.112520162482302	0.640725092264046	0.221344548832084	0.620514455585401	0.732273124328863	0.348625559307012	0.27788519727186	0.107907704118291	-0.588647914923245	-0.185952933761514	-0.349315260793588	-0.187274066630742	-0.0605071594300828	0.376916390718525	0.00619848957388072	0.100244084873386	0.199207854871566	0.25377399037345	-0.117407456397923	0.177660632351584	0.254757057166248	-0.00628204017362386	0.153283205733557	-0.329887573792171	TG 52:1	lightcyan
-0.445216169509439	-0.184547749053949	-0.389559579056542	-0.545869959508116	-0.162354814294446	-0.403943483851173	0.0327819806233164	0.218818639294819	0.153056887186905	0.0198203264241966	0.38349081370122	-0.0226671431755898	0.407046752695407	0.396599722238581	0.847128194483439	0.867058324224964	0.539711745711607	0.38344600623299	0.020197345458585	-0.566613396917918	-0.146184346027419	-0.293050253874241	-0.175776422464605	-0.124632204194681	0.106865580820676	0.106230970069946	0.00635489140359282	0.0397127605510727	0.124368819406415	-0.183215116361155	0.130845824070685	0.128600274309195	0.013628916926148	0.111398292679923	-0.267720903246457	TG 52:2	blue
-0.396664535908384	-0.263984644143683	-0.556233652027829	-0.545950364880074	-0.301962226540345	-0.453098254890151	0.0251578723514118	0.13829077147027	0.210299087331916	0.0764530684096889	0.359883123483436	-0.168966506354466	0.361257104286467	0.524823544307688	0.915069063872385	0.786638934501235	0.606082106388815	0.429278675952595	-0.0427074931874266	-0.46995551222521	-0.140430754188884	-0.301961848747617	-0.0107038384925833	0.00331529484257506	0.106495949838187	0.0129273850216335	-0.109324267202269	-0.069669991589785	-0.01756167321183	-0.205360269018739	0.069434395062616	0.047138362811548	-0.187829985087937	-0.0606348729735122	-0.330397548049897	TG 52:3	blue
-0.386011838151569	-0.275487011016138	-0.54305222053739	-0.477627050729673	-0.339230074709069	-0.404005453913079	0.034795545616637	0.0533470384208341	0.214628495072564	0.0903172849841551	0.353733541948525	-0.193432148185308	0.423578981635226	0.652950177123944	0.94825393638553	0.727737753319645	0.531755410831414	0.441606345786898	-0.132320847348732	-0.347187641434528	-0.170432073902653	-0.287308968241555	0.0295483698887032	0.10481897387834	0.112201620824228	-0.0520609228143474	-0.240268368476937	-0.110575543008245	-0.0626845662125292	-0.150353404387013	0.0631542482243638	0.0515913839959086	-0.268310404717301	-0.122742339927171	-0.367962588397887	TG 52:4	blue
-0.0856555648756356	0.138695249231981	0.00333207386380025	-0.465018812729933	-0.179826300059765	-0.406005505635828	-0.106573919297937	0.0863563756647113	0.00764830540904506	0.012858478749413	0.31794659432762	0.0880157954309025	0.177306353206962	-0.060195206868305	0.626778185761053	0.594225155599302	0.2330714089035	0.115447248456394	0.0624116889651434	-0.621656200859386	-0.0411688120667535	-0.124761882573035	-0.390702768007225	-0.495000749504745	0.0638296978578903	0.354313933550982	0.373318650480951	0.0833193895947044	0.0779765536980843	-0.354185036579629	0.277691088760154	0.0820763352181335	0.195458001095935	0.0921606890014542	-0.175502214629101	TG 52:4;O2|TG 16:0_18:1_18:3;O2	blue
-0.337457882554693	-0.202039477632594	-0.456031049440763	-0.271772573065323	-0.298721446793318	-0.182850860965778	0.040981005146026	0.0779577672169569	0.239760578927818	0.0681072365014757	0.352260452358061	-0.128992877711846	0.446870037813358	0.75465328008817	0.870679422666304	0.594157339759128	0.386407951482395	0.371746074431329	-0.276495487262007	-0.178383680801833	-0.318390371980563	-0.317947729240134	0.0211756538658573	0.20215057025726	-0.0267037330662892	-0.16547183198413	-0.449459573508267	-0.233970494313112	-0.20613347274475	-0.145124232991264	-0.0623123598737187	-0.0837898860019761	-0.335858593526422	-0.227145078540897	-0.264089099942475	TG 52:5	blue
-0.531038205506355	-0.248939119968504	-0.455126938387825	-0.600389150037908	-0.25220007774508	-0.442302895659372	0.0370510610720555	0.120748798476584	0.0936778295620534	0.0813413510205662	0.433389615817503	0.0241989564938622	0.584696113620191	0.448676134229012	0.857335444728636	0.850191860814887	0.540512819882821	0.466066379359197	0.0250459431450628	-0.521946620709854	-0.181018550494514	-0.331705762633887	-0.214596729409763	-0.0175407956939267	0.222393128042718	-0.00752215197467193	-0.0487208517655192	0.116059521173645	0.215275734711959	-0.0981220470803033	0.133354170045356	0.244839467014206	-0.00310136242607925	0.153062456757885	-0.29323749581606	TG 53:2	blue
-0.448401009236959	-0.19423818973299	-0.43651864322938	-0.508215839803828	-0.290516537124422	-0.380439743695749	-0.00228228907951211	0.114763468818947	0.134773483187605	0.0697198326133244	0.366670484138186	0.0472366617967886	0.512665998335356	0.568930529941117	0.927946406439162	0.830230213425053	0.49773256655051	0.460826686359912	-0.0201867036296962	-0.450872909231673	-0.230618026039722	-0.331732259380051	-0.164379268931359	0.0225214372705024	0.0591630059828955	0.0287002826292916	-0.137645596725186	0.0270563499286602	0.0491258815692958	-0.142285387366259	0.0589551286815602	0.115637676598953	-0.0905481097817222	0.0163881599494547	-0.277048968313451	TG 53:3	blue
-0.395425246705402	-0.181411439650256	-0.493880059136727	-0.3765012500968	-0.365037896199045	-0.322077466370481	0.0604297685839414	0.0755343598836038	0.154540579985294	0.146206704096313	0.343568712952592	-0.0275393861785414	0.459099853192357	0.707200614482359	0.883857000683902	0.684758790343642	0.454590932200054	0.421857874529758	-0.163245222962981	-0.208619482728068	-0.248209873605317	-0.290580725670281	-0.0374478160446659	0.13526080672571	-0.0476992764278045	-0.0914561163651901	-0.308837151451394	-0.0741795514395726	-0.0907171736860041	-0.0749403049175593	0.0293881670420309	0.0694624740419654	-0.209498702453081	-0.102199670952874	-0.288731149494421	TG 53:4	blue
-0.157932969249702	-0.200546383230419	-0.171343592961833	-0.13113652567156	-0.13143978805586	-0.114579589940757	0.116774810765329	0.0817375011933312	0.066208716644161	0.605594979039901	0.0364171132677742	-0.127656158969047	0.496563630777566	0.180104377212078	0.267998327102446	0.179309929098546	0.105655009903842	0.16865355454853	-0.0524263562359563	-0.154456815477456	-0.189970541504775	-0.217338862911469	-0.277581967556522	-0.0240022036981448	-0.0238186764001453	-0.207580082189896	-0.0914322757812998	0.242069886268578	-0.0862187961075255	-0.207538334992203	-0.122221319716049	0.0278848030952695	-0.133908870052576	-0.0944336678476726	0.0651950432381273	TG 54:0	royalblue
-0.399640969140914	-0.059416616732168	-0.123251642786997	-0.411223832811065	-0.0501935818261878	-0.203004161180766	-0.166322020745704	-0.14039500885045	-0.0710842172746951	-0.0648881037194601	0.387691442601687	0.0499242549772184	0.598405150644836	0.180088403421591	0.454081638611529	0.683065123776785	0.126254621859636	0.0835718060550538	0.0484804896006056	-0.466119683405806	-0.286854191092197	-0.368060287222944	-0.293587582633726	-0.0883783277701416	0.183436505095386	-0.00138177274893582	0.0647605810904049	0.211248205995583	0.303365760883449	-0.0505542256717045	0.0795177149226506	0.257905780930258	0.137696321262352	0.256555724982252	-0.232205634571429	TG 54:1	lightcyan
-0.454836820781568	-0.224898243831297	-0.379616050545763	-0.567834862505182	-0.143993912416026	-0.444346821834511	-0.192559253959439	-0.0939593189104884	-0.0635092408808485	-0.0931707770382007	0.440920807485291	-0.0427768766231476	0.472178588894295	0.323637690523529	0.742628983849362	0.927527823692306	0.447317754445253	0.280851980329581	0.139886285002101	-0.571821857314702	-0.108205514816579	-0.288352389564018	-0.128527692477241	-0.100746649023471	0.293145669202242	0.108454989312303	0.0760261480256893	0.123789153887449	0.308932480198745	-0.0413731151265132	0.208004526702952	0.304181561961726	0.0873965282686947	0.260902368868178	-0.439973611853982	TG 54:2	lightcyan
-0.305903346161427	-0.181709740125665	-0.39888069901461	-0.448885998353718	-0.134718094509564	-0.392338788271658	-0.123596446468397	0.032304242529405	0.0195934429246662	-0.110265946357026	0.503988558091707	-0.106545331774449	0.22683178058459	0.311084261253377	0.693368520078302	0.882208741595716	0.423652620705791	0.181154928968704	0.113932782176837	-0.487855414655753	-0.0591367528071999	-0.186495103408407	-0.0660080800793833	-0.14302771224838	0.048769182415182	0.131911393493036	0.0015500737483817	-0.0462494993097264	0.113558517155793	-0.0910447508180016	0.0320943798262795	0.0705593408367007	0.0595637455682632	0.15696592344247	-0.359507120257706	TG 54:3	lightcyan
-0.313962524193442	-0.204672882433967	-0.412890874988056	-0.402899845412335	-0.246831507231129	-0.342330452479074	-0.180708520019421	-0.0774583681424843	-0.0257762742794224	-0.119043405110095	0.512563342535898	-0.108706731292076	0.246583986256368	0.557805978106337	0.77897834049746	0.848853646010642	0.427756820409872	0.186943821902637	-0.0722706253003425	-0.292448529113945	-0.1067281197053	-0.1703086496712	-0.00894188517399102	-0.00974619415157127	-0.00242862617492433	0.0909837729979096	-0.15522972853907	-0.114313183647468	0.0409111338322152	-0.00222793652342135	0.0405731192791073	0.104252039722844	-0.0106170740424923	0.100049086933718	-0.437045132292011	TG 54:4	lightcyan
-0.278283139316849	-0.121859674077605	-0.366540444960822	-0.251258925872594	-0.263281768634869	-0.195947557853666	-0.151101025155236	-0.106348276676108	-0.00148867174156256	-0.0909677117850022	0.478131879805158	-0.0647080361408332	0.300317573700313	0.652475398426287	0.763181213334713	0.713882318918128	0.295348131768495	0.193558222295812	-0.175906155744005	-0.145291248013474	-0.223764482295527	-0.184197878556284	0.0260984284779657	0.103999603194259	-0.0875548812583944	-0.00924505796469407	-0.309589930524873	-0.145406999649341	-0.00793932148885664	0.0104683727535403	0.0260013036931163	0.0723573831677172	-0.118260605509182	-0.0208275222355419	-0.403579065047816	TG 54:5 Isomer A	blue
-0.170989405912803	-0.110189666404737	-0.335311982512536	-0.161229117336709	-0.194572682237144	-0.0624388050671945	-0.0808735095083342	0.00919537030715663	0.127887656284652	-0.0847587795327905	0.470995896760721	-0.1843454912516	0.2317962311947	0.610781253758024	0.695338520794822	0.514136186208971	0.202181670387586	0.137523335706146	-0.289534367027975	-0.0992025589694274	-0.286674684244341	-0.245958260390846	0.0943152957948307	0.174979399957016	-0.199924668819196	-0.148672356611175	-0.357016108155108	-0.162407457846814	-0.196330903067495	-0.100372798472798	-0.10692317123306	-0.127972814309834	-0.234291959714358	-0.225903477858685	-0.191523612967191	TG 54:6 Isomer A	blue
-0.506979395565513	-0.371839213326159	-0.519644741020683	-0.281081731289663	-0.34714678717102	-0.176521947456662	0.0872097623990087	0.107351562458284	0.38330611573843	0.1455532652112	0.26950340822933	-0.145462179021922	0.509835200265912	0.847428671830686	0.608435195247224	0.377427962925168	0.435447955986905	0.448571087335767	-0.291942409008565	-0.0388376088750125	-0.217573489126386	-0.230069871410992	0.18230474886157	0.459913740588512	0.0144783813664761	-0.347131469785418	-0.549792684797045	-0.127298341345473	-0.0959709419691817	-0.0238172993935561	-0.109238331494202	-0.0110960723442354	-0.435904244560303	-0.255022501208476	-0.229179075429373	TG 54:6 Isomer B	darkturquoise
-0.121320806164034	-0.173596039819458	-0.296354236753231	-0.038588117469805	-0.07757634077127	0.0318472851912541	-0.0713256230030416	0.128271209761782	0.26208338800791	0.0501243299224673	0.245761480238239	-0.280221278666682	0.0609459232098783	0.451591425583662	0.461821840757809	0.24387678265521	0.0711904248032585	0.0739116694272891	-0.254301662717379	-0.0302741041573845	-0.228262718304264	-0.21733911064398	0.173435637232899	0.202306584782937	-0.261717043166771	-0.269035390139666	-0.33409105271337	-0.103661593065662	-0.243748525357307	-0.185284500412359	-0.18608162807132	-0.189405511009112	-0.265590640485295	-0.326024417792338	-0.0425190066685473	TG 54:7 Isomer A	blue
-0.427482960031591	-0.188990667323207	-0.347222647452319	-0.508927954568618	-0.248052999780771	-0.374665244481524	0.0852183984838299	0.239228171891615	0.173348716704841	-0.005590698748298	0.411113435462006	0.0318392371114557	0.535428468337157	0.38812577229121	0.801135355747814	0.776960854497962	0.370643292669774	0.400802725538014	0.02961101104399	-0.492073472461803	-0.154442559189058	-0.27805912022184	-0.242308290484384	-0.0995000724906641	0.077025222895783	0.00867811317337685	-0.0568132306789615	0.0500046638303349	0.0449504796105654	-0.2544686006988	0.00270582866719633	0.0155049822025487	-0.0519012401328287	-0.00568419793072807	-0.159561610420432	TG 55:3	blue
-0.300817082352808	-0.253238215680163	-0.409076497991541	-0.364323367043377	-0.375767162690404	-0.301843222728736	0.0612960121130227	0.211732484605342	0.391595872092249	0.193613459611512	0.435599517157958	-0.176706460194761	0.411749995474019	0.593595914896892	0.696430463825376	0.519244968500259	0.302602507968431	0.253817360669122	-0.144578401147512	-0.101847487827263	-0.174918807547104	-0.213353983711055	0.0240666592474669	0.237053828593662	-0.0600462264372929	-0.297457252727706	-0.339244340069779	-0.0591900341322132	-0.0928898013474457	-0.248498417328085	-0.191930007760305	-0.145828003146721	-0.287170649371503	-0.27897998105726	-0.0112603598280293	TG 55:4	blue
-0.307600538745626	-0.0109461430709933	-0.141645809054621	-0.420555234699634	-0.0961825890324618	-0.0855559003259413	-0.19554059559222	0.0664977777065614	-0.192705347493877	-0.191148981439836	0.816074343909691	0.0860380474192303	0.322358087304151	0.197169315653809	0.426131455399522	0.651596979376666	0.19938980526526	0.000614172575487449	-0.154047920361075	-0.428239485352827	-0.286679499867971	-0.346629500635895	-0.234001372665961	-0.0975199862830895	-0.0562356086595581	-0.143665452803304	-0.0453720584734454	0.0823144775624696	0.202774259675625	-0.146196498079604	0.0373452256074941	0.146413615499043	0.108716995607509	0.223733321957963	-0.0474085604696339	TG 56:1	grey60
-0.429696135001971	-0.0433671897126575	-0.234287997082325	-0.477032475537953	-0.215216168847793	-0.222122725559475	-0.126392348869236	0.0520298482012767	-0.0699428064741413	-0.123986048947176	0.782489979740285	0.0817398948589785	0.532271390697196	0.42971612249977	0.696729586158518	0.849463897616748	0.334281667290099	0.16410205588921	-0.207328303263276	-0.452863918889411	-0.269168766499947	-0.317659009619906	-0.279405727881118	-0.0488883249367151	0.0328443192195986	-0.0765041413468396	-0.175060125303907	0.0142825487236288	0.21785773275345	-0.129058583261456	0.0737475828788029	0.166618204414241	0.0125747531031835	0.190514542986236	-0.239447376327406	TG 56:2 Isomer B	grey60
-0.395947516486005	-0.145708901712415	-0.332436069817017	-0.486729339656602	-0.189364049139846	-0.335422801478864	-0.167490255224383	0.0367669811860364	-0.0764837881102317	-0.0678380238018195	0.618154055130714	0.0166873447406386	0.372850289435094	0.421542702956697	0.746051167946314	0.929863207311119	0.415525564782756	0.235507895493577	-0.0449592070395371	-0.458581748030111	-0.151593292128505	-0.213682763254098	-0.185681247731078	-0.148960789415369	0.0285582686095431	0.058300476173971	-0.130144876788032	-0.117438653010171	0.113207152363608	-0.0796329461535877	0.119889336502592	0.141673555752606	0.0207907820715417	0.163046054532916	-0.379769220484474	TG 56:3	lightcyan
-0.360925684555828	-0.261226345689215	-0.407666325782714	-0.376513724390525	-0.224928356786131	-0.23877352555854	-0.0755718848435642	0.0535802587004965	0.00720496210662611	-0.00479011089195157	0.559965836348555	-0.0522912784014063	0.35195139553525	0.648475309820749	0.811060704652919	0.868459694503359	0.437381516573942	0.266746933430896	-0.153600129942798	-0.296222652834753	-0.233886726048411	-0.251382904843426	-0.0922946929403872	0.0299151251303876	-0.123739602732105	-0.0519953720766687	-0.311011363708167	-0.161858787861484	-0.0650621362707027	-0.0753666924068024	-0.0493778966448249	0.0173528661903879	-0.120161370587165	0.013677088960976	-0.332370925547672	TG 56:4	lightcyan
-0.569761947808909	-0.56617012102462	-0.733546776426419	-0.365458093523005	-0.369177539622919	-0.274689004785625	0.0507733368294193	0.0859722746039546	0.231613922733252	0.0992516579480864	0.283723949204264	-0.163482601213391	0.431486436619135	0.948315938220792	0.684114249971359	0.505627837331119	0.634102199146804	0.545453880455755	-0.230172762105928	0.0127354176276338	-0.155675259095266	-0.25184922168077	0.235862920879304	0.502273715456067	0.115916926307893	-0.34161460139115	-0.571620792068574	-0.181676451673116	-0.0682753693062874	0.0506200990353457	-0.160513494387207	0.0437277541016434	-0.429171320362175	-0.180363846846237	-0.350177304385553	TG 56:6	darkturquoise
-0.450942844425521	-0.480284839328877	-0.611217234546386	-0.266904994796816	-0.299591578025774	-0.154589302830971	-0.0525724592207769	-0.109947623821773	0.0785826363112451	-0.0328138490988185	0.243238620213037	-0.140965752038466	0.332811927147805	0.912688181630249	0.628244027564853	0.462504322563228	0.523400207333055	0.411747598001398	-0.171983108627052	-0.00720003111829844	-0.189877093707868	-0.260172030538298	0.288980952408161	0.53530716422535	0.0979829603116007	-0.209486251951503	-0.454114559365756	-0.0572314923387845	0.0396506853181167	0.158338627300321	-0.0966475784947445	0.126508555029698	-0.322258705412639	-0.114321697073749	-0.385148146034706	TG 56:7 Isomer A	darkturquoise
-0.47159190151378	-0.466854536605355	-0.695179543719792	-0.220353195880102	-0.28603357552939	-0.224100640561215	0.123930326024106	0.117195646511314	0.256172279463687	0.219329182329424	0.204398670078656	-0.209313718001921	0.41868180635458	0.927693414493217	0.610906224846512	0.42137298598563	0.530494150290487	0.476229668527173	-0.22441406732105	0.0605839808551389	-0.146157771591607	-0.24715270416453	0.255832535334775	0.511748040796436	0.221366783281356	-0.404951427754717	-0.57496727370649	-0.244272701718079	-0.145407223081395	-0.0149733597266805	-0.143345318849547	0.0397658400995471	-0.467999117232653	-0.179965114784519	-0.298628963424403	TG 56:7 Isomer B	darkturquoise
-0.328618852725801	-0.289523279978289	-0.515623394208775	-0.0862949167895656	-0.227142349476482	-0.0737628697922238	0.042897373214754	0.0542631519037905	0.21780019587695	0.189629170105291	0.225172297048994	-0.161662579668068	0.377464913406602	0.90474581848772	0.552393546046927	0.325422103608287	0.375179428634407	0.300243114422808	-0.352248457480811	0.11719928672327	-0.235425250595778	-0.269779117614546	0.18143543371271	0.464750128266159	0.186778203129066	-0.398115451011364	-0.610845901598467	-0.313464681962065	-0.197004089310976	-0.0300830140757047	-0.180874387639753	-0.0253406879677272	-0.438322615947351	-0.175584674162207	-0.28279936923912	TG 56:8 Isomer A	darkturquoise
-0.226829065361074	0.0271251479306164	-0.15230524616007	-0.330219856078753	-0.184280972971274	-0.147428195401867	-0.0662288552082361	0.0714830888779884	-0.121010326845077	-0.0704678552176422	0.940059206389206	0.0494383213723272	0.30573093781231	0.257142413338237	0.419121408941057	0.57985447741873	0.206897820432805	0.037982080703802	-0.242445139279356	-0.268779149898462	-0.146538455663482	-0.121399962501506	-0.215983430447307	-0.122446496838089	-0.104762813638868	-0.208774754265648	-0.169488490177054	-0.066911596318464	0.135039863401442	-0.0831651507938788	0.0561065216854489	0.108625265515909	0.0126312721881944	0.187296138304752	-0.156406317320906	TG 58:2	grey60
-0.279984608698868	0.027300356061706	-0.260155414512088	-0.34078382335184	-0.361791165714895	-0.263172030638319	0.00858425900669028	0.121272706800932	-0.0621108646745044	0.0129747035946646	0.859002783901603	-0.0182587966122832	0.299865352221346	0.379079117323284	0.498654049422206	0.532498213213722	0.25912190697832	0.164884209939014	-0.234223441394835	-0.15147578377002	-0.143535753061904	-0.0906737667207186	-0.16888111584011	-0.129672368302274	-0.0982355778204731	-0.226695184482622	-0.297891897459264	-0.244665277491692	0.0511019106930478	-0.0807073569270303	0.121038232719006	0.0959590646720848	-0.10305535514	0.0215237047761349	-0.275921458534311	TG 58:3	grey60
-0.0926752625860935	0.0663898179911959	-0.105637886799813	-0.223994001441489	-0.319001199091671	-0.200721536531562	0.124682582123049	0.319846153172184	0.224989272955826	0.0584911703531815	0.657080013912702	-0.048831221712662	0.167238756969427	0.154524744677578	0.290510397026075	0.258672002624346	0.072173315895133	0.0493770518497881	-0.31529166907484	-0.0903647122838688	-0.0221134019639389	0.00204625059688621	-0.171458555554617	-0.171426256033894	-0.161221797821641	-0.34825713820429	-0.240198076912714	-0.294160590700042	-0.156303048455732	-0.42447029385067	-0.101125398055385	-0.243662643283747	-0.245891513358316	-0.221673088393564	0.0973976115603543	TG 58:4	grey60
-0.419488194462246	-0.401999606958634	-0.688524388276399	-0.154129114495353	-0.236451666077366	-0.10211484509811	-0.0597528439525872	0.0587309466139062	0.0959134754999759	0.0742908613541228	0.302728640172472	-0.156591654269867	0.248280896247352	0.897962998269628	0.5331815109909	0.42355315328413	0.505129395003691	0.340284960274056	-0.188221885481792	0.111280632015034	-0.213044861239458	-0.262513176896063	0.374955023873495	0.544895593617749	0.0947179578793389	-0.395769625833524	-0.614437474242206	-0.285897869016425	-0.0479860280932108	0.106550786256198	-0.0785309579929147	0.0998932445021656	-0.415190351654529	-0.0524626591856316	-0.343717618382288	TG 58:8	darkturquoise
-0.387741516796005	-0.316382675693047	-0.536479857464022	-0.0561716468564747	-0.256664510667388	-0.0321048350903683	-0.0146168924776325	0.0655911796706408	0.199686715175493	0.0937241400361772	0.208565993144898	-0.13241334380059	0.301433432498258	0.881717344387305	0.514671324600751	0.360922110343128	0.326820754410333	0.375057106337086	-0.34138922489865	0.163947259522748	-0.203233010519546	-0.193919351897823	0.290122862144358	0.518705956140019	0.039342404318798	-0.486426753217754	-0.731606961372688	-0.387789960075152	-0.174599755225803	0.0186500267474186	-0.205223514338691	-0.0534948323731915	-0.515348589702688	-0.179607588378158	-0.266686084380608	TG 58:9	darkturquoise
-0.298753880829206	-0.0700761826116779	-0.177416144352598	-0.378868690518112	-0.119489021247157	-0.0481005309182768	-0.205352888903775	0.207796656349408	-0.0903132284846864	-0.18751093458823	0.788910004423545	0.0745824166172477	0.066741879210959	0.195324047172924	0.280737716824723	0.379259636217135	0.133438471879885	-0.110831274473136	-0.211622216034746	-0.238823654830595	-0.270530256330575	-0.273994249992606	-0.111508403880355	-0.0895261021898935	-0.306452732729048	-0.201095606162241	-0.046743144465225	0.0481563218842905	0.103262572424873	-0.149303302658794	-0.0613528571520337	0.035338380361281	0.0324314636255836	0.0462785113219549	0.0627290158005336	TG 60:1	grey60
-0.14731363959974	0.0452919668554608	-0.174843618865841	-0.245524144882924	-0.127059568307607	-0.0198588133452915	-0.130987610055455	0.149981336275099	-0.0756846133176717	-0.0154923722808256	0.905990699030343	0.0196082380171899	0.0896439319412025	0.146232227002706	0.224246216696478	0.354218207683041	0.125735212185454	-0.138659279336477	-0.237435454730955	-0.168906759969298	-0.207759109419357	-0.145874123530438	-0.0661333976972705	-0.0756022288742619	-0.278892859430604	-0.318475585711654	-0.230620442617362	-0.124575806612223	0.036398815666306	-0.164940646554882	-0.0514031867104195	-0.06098022489465	-0.0495739102367291	0.0485224330618419	0.031458528990338	TG 60:2	grey60
-0.200275056516905	0.071222042441739	-0.146767207160629	-0.328788339483849	-0.215953436241259	-0.102720924001981	0.0168443480794515	0.297114603703161	0.0174162443607393	-0.130313785531699	0.886875509973257	0.0276044008656497	0.140296582745186	0.102332257750946	0.274402572979721	0.405747218497578	0.171494195676711	-0.00529641244105931	-0.205840791716841	-0.244111923049103	-0.113091492074924	-0.122442063150984	-0.216509836538351	-0.163068206629236	-0.258981871172385	-0.24530151988778	-0.181402335190631	-0.195069100499477	-0.0136748346194364	-0.312921830708408	-0.0872560502037986	-0.118781484041281	0.0113005551045295	0.0398593244618567	0.088308795832745	TG 60:3	grey60
-0.0565810199872785	0.0517818543844714	-0.162304551750353	-0.147242798204877	-0.259419703152431	-0.075390266834763	0.139239497804415	0.191006359802278	-0.0603463355613769	0.0133905746969128	0.870959272597435	-0.0993333723834079	0.179452437220835	0.182048619807407	0.236296403586422	0.308643522430447	0.117425599101937	0.0403902926165661	-0.287344655079318	-0.0463073138330459	-0.0836345039459614	-0.0104832869798461	-0.118937796095767	-0.0439826723717492	-0.183387730183923	-0.357017006141823	-0.310675096141603	-0.192281146673434	-0.00247860715308367	-0.218950553567044	-0.0519177619000902	-0.130476695325714	-0.229933379478702	-0.0978135367601284	-0.0361535062585948	TG 64:2	grey60
0.0895146839391025	0.151383276312854	0.21426933721745	0.0664965791066044	0.0468229264525047	0.159420631424261	0.120707828444072	0.341829937779872	0.24913325428246	0.0340980731961074	0.142410121973054	0.0512669410491864	-0.177403925475418	-0.241430466772527	-0.191655050922723	-0.219696191303537	-0.219836904095277	-0.118305516633474	-0.20373474910615	0.0346933223562085	0.016294994309566	0.063040606599124	-0.186466262344746	-0.183037700674195	-0.400974125056053	-0.236566920442103	-0.0591217790454249	-0.0456550565634086	-0.252909774242963	-0.484073997986394	-0.267124868850563	-0.380693245703618	0.00425785730409915	-0.195117173453174	0.490101065525773	TG 64:3	grey
0.330965293386423	0.469722602758289	0.499126607135686	0.0738033989096025	0.107336740830042	0.198696980035008	-0.0981343674398124	-0.0327094469049849	-0.118205835347259	-0.0155224383050461	0.226019717456947	0.29505932455978	-0.0727508477529246	-0.484148248696004	-0.154479758543297	-0.102264756014863	-0.319201015717917	-0.366349434259372	-0.194606944717178	-0.132934876466211	-0.0889409502336367	0.083252952971306	-0.47457809988542	-0.526664628785733	-0.406168788747867	0.0632683116504984	0.159261361656125	0.0376213726669148	-0.104400182659541	-0.385762739004674	0.0336372767763657	-0.178612053916173	0.24718793192885	0.000299905875697607	0.311492848855102	trihydroxyoctadec-15-enoic acid	grey
