black	darkred	green	skyblue	purple	yellow	darkgreen	pink	midnightblue	royalblue	grey60	violet	magenta	darkturquoise	blue	lightcyan	darkmagenta	darkolivegreen	steelblue	paleturquoise	cyan	lightyellow	greenyellow	turquoise	salmon	darkorange	tan	lightgreen	red	darkgrey	orange	saddlebrown	brown	white	grey	Probe	Module
-0.402062399690763	-0.302648568037935	-0.348390070859617	-0.186181077064152	-0.0155915692446444	0.0102880655987507	-0.0326026313864375	0.00175642610698923	-0.110680265882559	-0.0379552363187051	0.053803387493993	-0.00928161007657795	-0.0871433192265184	0.201632105221239	0.267673099204472	0.237849725558659	0.555879524368224	0.179797413100317	0.127684495892773	-0.00710351709702792	0.0713127671699955	-0.158385178203474	0.209164532804785	0.269890562315432	-0.163100504293943	0.0601964135776758	-0.0155236561262947	0.324940278246618	0.325708116926569	0.312806269444933	0.160684199721374	0.211443732577504	0.208064520944801	0.133944302999241	0.314929513213617	1,2-Dioleoyl-sn-glycero-3-phospho-(1'-myo-inositol)	grey
0.912277624154	0.504609939424404	0.676562155013155	0.411238329119608	-0.0921186657364079	-0.103075306386489	0.204150664639134	0.221319433642048	0.0800944950016909	0.085599022929568	0.0456422327329598	0.211233907027285	-0.139035083143018	-0.505380855764596	-0.278865589503454	-0.362955372534165	-0.367479156552735	-0.0682916500082779	0.0896657941856555	0.429960474606131	0.471221116554931	0.761045875312177	-0.399313895525348	-0.476697521386237	-0.27992913337849	0.201043703179811	0.295150763186746	0.108229819643058	-0.223472050453277	-0.42813956162055	-0.153861468257023	-0.487392169741243	-0.0248424094820859	-0.275340933055385	0.0231367698277453	13-HODE	black
0.134460449003257	0.00271341253874444	-0.0470726418715216	-0.188296182446206	-0.123373875271228	-0.170038022316727	0.0713757168340784	-0.00884735200637424	0.00103729382160911	0.0570422035356545	0.0871891010408636	-0.0367163197392514	0.0629492320494398	0.0282444636745288	0.0170794246989902	-0.00208079769886031	0.103109922552683	0.10455979823593	-0.159204902542476	-0.153243113484269	0.00043067228298555	-0.021142687357978	-0.277973785685945	-0.30820932442374	-0.0312808471149092	0.0317809476672507	0.0192804395950841	0.0972350284064508	0.130399229420971	-0.282929313144363	-0.119293274080703	-0.141476124579459	-0.0476875140029212	-0.201664816958958	0.20805973701702	16,16-dimethylprostaglandin A1	grey
0.877227122458655	0.480570488220081	0.583340703374348	0.604302226698079	-0.166727676981179	0.0247811659145753	0.315401779197773	0.348531959483817	0.17767327517634	0.229521672308435	0.0368086283067907	0.191173309297375	-0.0700809417098949	-0.381923883158813	-0.428559237530465	-0.475407346052468	-0.457940042353111	-0.0542029038843546	0.0492915966071141	0.571884487951047	0.357100023136628	0.681310627533702	-0.197757668949119	-0.278219188439991	-0.372955920777895	-0.000801222191970762	0.112842750710132	0.0521488199264751	-0.373257002205673	-0.508646327730225	-0.419318104808464	-0.605888765317982	-0.21941100235942	-0.37332078054025	-0.156541783974856	4-HDoHE	black
0.0927616884326419	-0.0127603892332343	0.065663630597268	0.294856755954607	-0.113329834024061	0.0903954678143066	0.591478094384897	-0.0387286872486101	0.000890545002423752	0.283891761563787	0.0348041942440272	-0.0725775066669827	0.0297308550361377	-0.0359823404909806	-0.219217244188251	-0.187145369598379	0.0548072740983123	0.222771208632057	-0.0105892424414779	0.146721061676222	-0.095378356714283	-0.00108260478824913	-0.069736491615669	-0.039976153539366	-0.208498874564524	-0.170561657048348	-0.0649389782341215	0.213189476190448	0.0853176461300636	-0.267045230035003	-0.340292001338083	-0.375929637156977	-0.116675039810513	-0.241277938713063	-0.107180289574251	4-methyl-2-oxopentanoic acid	darkgreen
0.923389103215749	0.520887410240038	0.700701493003758	0.665107155866733	-0.106406831027176	0.0575736742356202	0.162955486904809	0.200913815641999	0.0633178139424173	0.111509952404138	-0.0928923453612801	0.179169621596251	-0.152755692519784	-0.467175083498184	-0.505487333454867	-0.50544303451882	-0.513633381431176	-0.132198523551115	0.145296227452832	0.674536274956819	0.392714506953216	0.688833687274315	-0.0529356648742003	-0.123355737980657	-0.282246032908175	0.062389253337655	0.248482724611397	0.138134241861383	-0.24624155898787	-0.257406637106024	-0.257640273288698	-0.442937013108747	-0.104138585753272	-0.4056629268569	-0.249984973529142	5-HETE	black
0.834021421287452	0.697908679748238	0.807123651198185	0.502668662197488	-0.016150603930791	0.0577283058527164	0.183149816591844	0.326445560373788	0.205195255855866	0.114860958425634	0.0102799275476269	0.240711828767635	-0.15320181297851	-0.583316895710689	-0.431860390897332	-0.579501635058593	-0.403134598736542	-0.124550756128653	0.0366149385502377	0.44080192422114	0.464299647759475	0.711335468125657	-0.300108471569228	-0.362553259253988	-0.225852061713538	0.170092794724007	0.309979629858959	0.129712895005209	-0.139017123039839	-0.332590284627327	-0.124017981743878	-0.359710868906837	0.0495365513458373	-0.202648669937217	0.0263293114905682	8,15-DiHETE	black
-0.393945000681928	-0.0736142277275031	-0.130444691435278	-0.623257157207738	0.0611374373688915	-0.212340005395827	-0.186479539621382	0.0233731520107594	-0.0828116416509722	-0.144694453327369	0.237945376073802	0.0281182181484877	-0.131535503319494	0.171859459659586	0.364890001297403	0.33561415782885	0.446721695250293	0.0931347902378203	0.00523615672422081	-0.706602845785459	-0.167880840500072	-0.22811617181506	-0.387762631702221	-0.297830972666553	0.0239797680566526	0.427038590469587	0.209306619802211	0.0831123227581398	0.220792464919446	-0.101010399754216	0.227559904321773	0.0831536153913764	0.396475238244075	0.273535003402689	0.571097917623718	acylcarnitine 08:0	grey
-0.277192831033507	0.00706833201625588	-0.0156595950237973	-0.440765254496617	-0.00688546206499396	-0.322448838068458	-0.284346558079323	-0.108243025949621	-0.126769593763794	-0.169272310048511	0.0742112295466836	0.172152885228137	-0.138126216135213	0.134552331118141	0.322813642252905	0.315771589472504	0.3850108261072	0.00423468106171418	0.0512996725824095	-0.28522601703647	0.0254916208044474	-0.0787115920902754	-0.204423878629986	-0.160014717401603	-0.116021656281732	0.427740652903509	0.327560758643979	0.190726136685482	0.27617021175035	0.157274170428908	0.254131445684441	0.0435550350693428	0.493213389888501	0.308750340217208	0.628913052163358	acylcarnitine 08:1	grey
0.0168670260676971	0.053358297709609	-0.00895509353776624	-0.27005702004493	-0.0586355423929867	-0.164926357610186	-0.00174012766814009	0.27813591651472	0.0997855790551942	-0.0294826028504214	-0.0549745634355506	0.0474912993815367	-0.16728277202792	0.00677388311782251	0.0306526613812717	-0.12503500944467	0.128740837972815	0.28299199618035	0.16320690952802	-0.189389610177836	0.0270351756492602	0.0887950347893719	-0.233414932875422	-0.15112487182091	-0.0310622667918739	0.00201638316323368	0.0206739899925042	0.000120686817362453	-0.00161227311990786	-0.0491346420771407	0.0452026341147844	-0.00427222408053417	0.0277385907447665	0.072772315955673	0.37647884187297	acylcarnitine 10:0	grey
-0.234064412127622	-0.0854326664436034	-0.130069760259185	-0.520822420289166	0.0245009327035547	-0.16808487208506	-0.0597640829415114	0.161579367133718	-0.0154902645559895	-0.17013115159038	0.154869929921418	0.0471778903914506	-0.138611551678979	0.0413111811347929	0.300637451455907	0.135360811255274	0.399767656293012	0.104462807958476	-0.0537665670671326	-0.482144619469815	-0.0880900631825285	-0.147090254714423	-0.376185988300749	-0.269172430129954	0.0237422324065963	0.218376264409873	0.137237350058004	0.0769272794572237	0.139392406219753	-0.037629210246802	0.180961720368958	0.120669315019984	0.170323896963904	0.196332159146546	0.598829270182751	acylcarnitine 10:1	grey
-0.206739557461357	0.0740590406447179	-0.0551559178427725	-0.307762833590435	0.113183944642191	0.121976858163255	-0.320253758463364	0.234456513106157	0.174068696409073	-0.0118388073777666	0.175852150898729	0.0382899471089988	0.0392897350133751	0.137821724609176	0.0435899893274767	0.144636086222588	0.0437255433595855	-0.13451206673396	-0.254058636292211	-0.364112963389391	-0.229097045583523	-0.150618487382542	0.00280218545923068	0.0120003551974596	-0.171038797211353	0.0222735291982799	-0.0923514287385303	-0.220600389415526	-0.0777754904834737	0.0138191377800671	-0.122939940073072	-0.0713524536262149	0.0228492664595334	0.196583003194814	0.266872819604463	acylcarnitine 12:1	grey
0.432242866401094	0.127477827142248	0.343257505538843	0.034747036892044	0.101488784921933	-0.0166240299040301	0.0580875611334028	0.350069302572334	-0.0443164474431468	-0.0519948143496973	0.0383539535551238	-0.00383251207893254	-0.410516187830576	-0.363549745854011	-0.18564841182462	-0.251955800343556	-0.102560437875858	-0.123410232691083	0.223364898897881	-0.0114250379055346	0.110324111187777	0.386839762601914	-0.299780185521292	-0.39609515264543	-0.208982641397519	0.15454111213107	0.199035910611136	0.107467871447305	-0.102839907748737	-0.200094931196857	0.0133968456888588	-0.192701918921844	0.105626564244301	-0.0387279578629959	0.261223744039842	acylcarnitine 14:1	grey
0.0994896857198265	0.191322750472502	0.23146691062625	-0.0116488081133101	-0.230848718019307	-0.201760946733138	-0.0560674172590079	-0.0682596850994569	0.0962803428442368	0.0325035345810284	-0.0620554889053994	0.156387742619833	0.106941563492966	-0.0320965096507477	0.0351416726487716	-0.00624608761158544	-0.158011196766965	0.1492627676505	0.769902654541648	0.109531168768381	0.230800249723338	0.113458953264709	-0.0306305510388968	0.0389287605308477	0.205938739829367	0.057793165708795	0.238212743602919	0.0931377195989599	0.102341308031496	-0.0821458582098826	0.263956077012164	0.00163138210539863	0.0364915209086283	-0.0655029294491859	-0.086855310118781	acylcarnitine 16:0	steelblue
0.0822256934464527	0.0915878705782117	0.09021324640244	0.0880637582490503	-0.113435320216614	-0.116687593679375	-0.17719390157955	-0.230619993918283	0.0448492064740634	0.0753846590010524	-0.0479506838251431	0.326997706970596	0.0995694986301511	0.0884550476198044	-0.0783493218815208	0.111292944464539	-0.227943564920261	-0.0284498549480793	0.806890016477629	0.179132006434838	0.137822890238675	0.0639688129008261	0.18027350905175	0.198795099347451	-0.0362660097155138	-0.185005812003582	0.0854633801999246	-0.0437283227023488	0.0331533766963213	0.19430057806028	0.118241467211781	-0.00865945898680425	0.0956308921737585	0.0802374105424151	-0.198794062711913	acylcarnitine 18:0 Isomer A	steelblue
-0.0518774785600189	-0.0181349346416666	0.00431884286299724	0.0513507339727449	0.0944449248629586	0.054446460217608	-0.197415804091957	-0.132958379576319	-0.147677822948045	-0.107721819081745	-0.153833187382319	0.0823426262060714	-0.175294540929472	0.141658279393178	-0.0134875255596516	0.1912585881344	-0.00865993398917109	0.0254075906566287	0.923070501762603	0.00661453863602103	0.0355110011223829	-0.0589135316963682	0.143254563317575	0.203404514386496	-0.0518008561941737	0.0177190445913653	0.131525973416208	0.0870074162178117	0.117842708373314	0.217821958495946	0.173191338252153	0.140029638015189	0.214422559139508	0.213416341807485	-0.122096260390422	acylcarnitine 18:1	steelblue
0.264799337780953	-0.0369962325156161	0.0537556928419733	0.520303323751107	0.0528694515201509	0.235598241256617	0.00492970717910962	-0.0216100858285792	-0.201840585808424	-0.0928608134915434	-0.092742521502635	-0.0474526489957487	-0.314447561285925	-0.0185009606806513	-0.228668689579312	-0.0937307728627338	-0.171998915213657	-0.0019207080895	0.735622760896765	0.549136020894345	0.146117216333135	0.137361689117532	0.299222860881708	0.334179328528273	-0.320335661916584	-0.0990776317100099	-0.044192074710075	0.317233550105364	-0.000311046879546764	0.249539861802747	-0.0284415200119932	-0.0197357997298594	0.0685662788358482	0.0077284938369429	-0.257577072733067	acylcarnitine 18:2 Isomer A	steelblue
0.0524150275325036	0.0780857957668542	0.133751283228966	0.0964963091128949	0.1486597314315	0.0289387165515637	-0.248914636704173	-0.0181761639913048	-0.110729727280062	-0.133593564975472	-0.0744474478329572	0.144288335648483	-0.250598071049868	-0.0100391669303667	-0.00901747861898729	0.15197584954591	0.0283093429260087	0.00500957333477731	0.855400784992986	0.048731402988407	0.176937796640535	0.159368714333515	-0.0106206771535431	0.0194308939779067	-0.176662847882523	0.11610321802625	0.178427729382184	0.0863810128787318	0.113826603669919	0.183097811107706	0.205207270651418	0.0886709857218923	0.391671389827213	0.332228972094272	0.124670729458724	acylcarnitine 20:1	steelblue
0.0867978849562929	0.23865576459343	0.344206100729995	0.0531908982437048	0.338563421472625	0.0213689644887716	-0.442317665341822	-0.185441364909455	-0.330852764167521	-0.317978012345742	0.105787794060372	0.0578728544765347	-0.150755769874286	-0.43375350152451	-0.0427477189994179	0.0868270763862799	-0.153510014260713	-0.13358702722366	0.0186882161047759	-0.0544127617178836	0.218995141201892	0.227436954540243	-0.14564714934702	-0.290330884180844	-0.0112372033914153	0.530726002839819	0.38057272577407	-0.0196026194969497	-0.122769400375008	0.0717075290716689	0.550750692821817	0.197155507644528	0.329688556230839	0.233193746605754	0.141051275364382	C16 Lactosyl Ceramide (d18:1/16:0)	grey
-0.509761615124757	-0.104476673049831	-0.340383307433695	-0.690793805471091	-0.194566342365794	-0.362962567498343	-0.113434956166769	-0.114966442858597	-0.0129499280361748	-0.237298121622743	-0.169414224674719	-0.0935324924807772	0.208783815104954	0.381064105546176	0.593405042174697	0.414524545382542	0.849879879766657	0.151791094326527	-0.159745759244212	-0.52286967634237	-0.0403632163347145	-0.259519046117278	-0.103048496769424	0.0966685001184193	0.462708963112057	0.201988105175163	0.0554527254039414	0.0132207416976013	0.399785991219659	0.00972878419970446	0.156556451284759	0.252031987196181	0.190401177809048	0.226973472438657	0.237943115532282	CE 18:1	darkmagenta
-0.693600790091118	-0.336086533073669	-0.603529162383026	-0.567948484071977	-0.167539377971719	-0.225762264109946	-0.220392163648354	-0.310145625186678	-0.147149545066446	-0.263921149992129	-0.157392924368026	-0.154095442036904	0.206856387313053	0.616595093901214	0.679346324079142	0.612483488173016	0.862051888828483	0.278779574629589	-0.0614972636210708	-0.477307578612814	-0.193922335857956	-0.530143742470361	0.18824209720114	0.353674496309454	0.302671012675245	0.0858331173749	-0.0718392819689506	0.131031873186948	0.426056026869553	0.278967579861725	0.167293376591986	0.405586246666343	0.140226509454634	0.245848425778775	0.112103578870246	CE 18:2	darkmagenta
-0.37362504214118	-0.229875154340106	-0.368953790275852	-0.262199689960593	-0.154487533725132	-0.14295993127668	0.119733310224681	0.0110119753080609	-0.0779742454036015	-0.0664111104888757	-0.062125999584099	-0.101232056751487	-0.0596951823421164	0.335879656506353	0.386446375464413	0.289618253673543	0.797246803293414	0.207744698627688	-0.0768548370881841	-0.0945606031619843	0.0520510943990644	-0.147228514895892	0.180581102762636	0.281117416150876	0.0598096258484011	0.0123805088966277	-0.0969545963134928	0.250674946259453	0.370051513199773	0.21128345383573	0.0260939960539998	0.142986707915147	0.171670929907393	0.231307608656491	0.316493050091193	CE_13-HODE	darkmagenta
0.305461225810489	0.370115388651813	0.31326106192573	0.069272848432785	-0.157304168453242	-0.172723915270912	0.0791674249461835	0.0412528784622696	0.252872454095101	0.271339398393804	0.121073541103337	0.870130735804454	0.0470810975596026	-0.0987540818760257	-0.245752825539589	-0.227408911024524	-0.294459721419271	-0.13375406754835	0.190558051138765	0.0582435540910362	0.176350512317014	0.30548677484815	-0.244886060590843	-0.300580360802936	-0.109574137307835	0.00713498161072644	0.245715740852468	-0.276639565521089	-0.195928485652306	0.0093427710568143	0.0473957020023433	-0.148126645429056	0.111609027232279	0.00378125369194788	0.0670630818799497	Cer 18:0;2O/24:0	violet
-0.077562220258099	0.17717269602592	0.242195686716808	-0.257866026355893	0.156185044416939	-0.137558862203017	-0.26390155822596	0.051873244838902	-0.180736705287993	-0.327056632305174	0.0900670146109233	0.0518404642651346	-0.203975666833165	-0.095988539298427	0.259630102149944	0.159637362602351	0.258349595207303	-0.0771805099832608	-0.0368747553803417	-0.26211565264815	0.163769810335454	0.113188837948963	-0.369950613607301	-0.258278083234711	0.107615764041033	0.824832168339005	0.582415203122807	0.107956835886254	0.146884104848023	-0.10206555450019	0.367966112468167	0.0739119589251295	0.563917617701976	0.196200766517506	0.409820833435088	Cer 18:0;2O/24:1	darkorange
0.10930407056216	0.212374203525849	0.24437606572409	0.164744162861063	0.128189883102046	0.128524691175901	0.322075473652155	0.433906876933828	0.200791889774995	0.263948312750554	0.343998871784568	0.196850537446112	-0.186244061744361	-0.285929188482048	-0.282437237621021	-0.360048103315348	-0.137813861918239	0.120645870403416	-0.265029544002832	-0.149258237823526	0.073364198400833	0.186454369150399	-0.50126866165702	-0.533971102257202	-0.28699441943897	0.15098169007517	0.148099736936564	-0.0437140600804316	-0.0836951419405837	-0.386348608119564	-0.18489132474096	-0.297033113839436	0.164905169801995	0.0176427671714006	0.335979574009901	Cer 18:0;3O/16:0;(2OH)	grey
0.0578396621586708	0.1217644215001	0.0735675951430576	0.141976325121855	-0.0188981603633083	0.096472781837075	0.152030519380629	0.582895799389099	0.273505689107217	0.130374622116413	0.371874265335958	-0.108163482818641	0.044716865438974	-0.268240798460002	-0.0127079764094952	-0.147235129868318	0.0577832141849925	0.168365813429963	-0.22943672148242	0.0389377004681229	0.228265373298432	0.237830023526461	-0.13810597476939	-0.165923132293854	-0.279889814093788	0.0392906630846898	-0.0729560459436453	0.0424026145274499	-0.221719877485602	-0.292472986486553	-0.144574794492016	-0.11030266526538	-0.124879002146293	0.00861823472176889	0.300831912762138	Cer 18:0;3O/24:0;(2OH)	grey
-0.250855098353284	0.199131976540695	0.0543150995869412	-0.532773999643534	-0.138621516692511	-0.404735302059317	-0.266685671426501	-0.221192204731523	-0.0498856740455055	-0.328549204478902	0.0301931064847619	0.0979524063072146	0.238934915779053	0.157555986774426	0.620108204065337	0.384533430585657	0.419940040671468	0.15646565983066	-0.00971281122313585	-0.479248734391211	0.0789288209938815	-0.125023284381816	-0.459325533261535	-0.310306173326202	0.442311775084189	0.438585750421553	0.369122854868269	-0.0421888145801394	0.234912519644164	-0.244152358810031	0.44077452337618	0.140974491620646	0.327854790533293	0.153688771020182	0.394173926740586	Cer 18:1;2O_26:0;(2OH)	blue
0.297473551458782	0.121585693631722	0.395676940644906	0.147176762803887	0.36169252932343	0.253992580873685	-0.164355866843932	-0.116275959771182	-0.411295772159395	-0.359617268026566	-0.0814374052996214	0.0882265524191355	-0.374686628839998	-0.121125252990524	-0.0960871806151522	-0.192229497817764	-0.0507058573268783	-0.243412821838012	-0.0778816976427844	-0.0483125975294093	0.101262114265207	0.19012779478912	-0.125431057597313	-0.235044720589063	-0.184056886216808	0.771950375005036	0.584156140445462	0.176145551275002	-0.0582490427493106	0.0339875288485029	0.183840206770601	-0.102404141805953	0.339689736296068	-0.115624672523886	0.19208261494974	Cer 18:1;2O/24:2	darkorange
0.207844981547975	0.351243956391929	0.515451432344332	0.14540272982362	0.269738157313983	0.232134791212299	0.155428277703453	0.284707297105698	0.00537740070962624	0.0422391367982942	0.0204442003392319	0.2146576580406	-0.470582294505399	-0.26312938119988	-0.433776898160242	-0.531153815272256	-0.221533481856474	-0.12741059733013	0.004033858470539	-0.0730103176242764	0.0487894996069492	0.261028958610167	-0.139683894387759	-0.252468845010807	-0.257211018549472	0.354786560305725	0.404282036960075	0.13490289130002	0.141713048916646	-0.0620141460101659	0.124178855891556	-0.205099855927251	0.431587695370427	-0.0502253361922472	0.254179059058931	Cer 18:1;2O/26:0	green
0.379767161396939	0.217800781833812	0.625916925267329	0.181699102572889	0.283815819603789	0.199120133674655	-0.0296713193514945	-0.145598080749718	-0.277240474814754	-0.0553286757928592	-0.163638468510404	0.218748483751229	-0.333324776932461	-0.374599884932124	-0.299003780253834	-0.265029576429331	-0.225485037274688	-0.381731821998826	0.102058803154241	0.00103068303066846	0.145953650694799	0.241143059781004	-0.132902018557105	-0.251114164901523	-0.0395766726157089	0.517577467319473	0.769012304522699	0.234789126161477	0.17932294384151	0.0568284241345093	0.291270738739757	0.0284606795957143	0.292521593533656	-0.135386327674031	0.1110984718691	Cer 18:2;2O/22:0	tan
0.315525161602774	0.328967876744165	0.605528821522128	0.00734103253720062	0.223960128850114	0.186090717218943	-0.107501296719211	0.0869952159135107	-0.161372391503285	-0.0411333169300841	-0.0629385574281757	0.162396675237926	-0.321286549766505	-0.294408280603018	-0.208874048850741	-0.281149555241898	-0.195454690239833	-0.128616480079984	0.0484181461839433	-0.133938472570916	0.0244184233066316	0.152828666861281	-0.247631753025841	-0.312763110329586	-0.0715691617700851	0.585047224194947	0.732697727966914	0.330124931347144	0.192535025530808	-0.0742166497858679	0.266738698459914	-0.116173574592544	0.270567160799334	-0.151386120979921	0.36060551301089	Cer 18:2;2O/23:0	tan
0.122898221049721	0.210498673252361	0.295281764211694	0.0857332980999812	0.146437372342226	0.0534771484856928	-0.0354724075804936	0.214472150247481	-0.195790822065254	-0.250599639940578	0.0412197809253996	-0.074775052123098	-0.333735788968785	-0.152185843244339	0.0578683695806243	-0.0729458980677023	0.21595533825298	0.0678105082622674	-0.0278604358146347	-0.0944862014883072	0.124471835601558	0.145434255137766	-0.202414542234074	-0.189389874701379	-0.117779248985984	0.740023668252568	0.55562401922898	0.325051108104825	0.118405938368504	-0.208321281322596	0.21141716639125	-0.0295373272196186	0.385146743594513	-0.042623317985108	0.354685535091744	Cer 18:2;2O/24:1	darkorange
-0.0282187444047734	0.276941406159637	0.0628851133126634	-0.109805432582446	-0.110621394070121	-0.0890549778209993	0.207195840417434	0.603004327488756	0.411966200325548	0.389356607785463	0.385451113295725	0.436571659393583	0.00948143988703705	-0.115466295974154	-0.157460874260897	-0.246199211183195	-0.109095170869827	0.184383608190642	-0.102319531659571	-0.150894401135205	0.0927354570471331	0.182089999293213	-0.253560992347473	-0.281523012676327	-0.248707628516728	-0.0879268140254014	0.0710291318503619	-0.147315359812733	-0.157837229648912	-0.248139036269424	-0.0359756797024387	-0.190812523364396	0.067449323292543	0.0466728287785518	0.379877272826494	Cer 20:0;2O/24:0	grey
0.371835551561827	0.353352115285213	0.256163579030947	0.304829582699612	-0.0598119072234866	0.165601028515441	0.202912140466148	0.807388138951384	0.290720698042407	0.16403490445276	0.309904645861742	-0.0906354009339305	-0.132398183041946	-0.354855478310746	-0.271617926822299	-0.341975021338553	-0.129441055154539	0.0659248137372061	-0.104793992421645	0.220767733804953	0.101624074619613	0.310524339516372	-0.118240969848957	-0.129462454893726	-0.406375115522869	0.0212390013257844	-0.0840693672959662	0.194687025495801	-0.224821802112753	-0.404072978004108	-0.422801008501597	-0.376906436248136	-0.172516019687553	-0.235425939805007	0.0494380936170064	Cer 20:0;2O/25:0	pink
0.412955119958701	0.24686373878316	0.204855311902694	0.264458690638583	-0.0120466943205367	0.1784715963248	0.100990589371662	0.641887697849449	0.228468149893881	0.112389798731337	0.0219891884701209	0.00776174560197638	-0.234414135837584	-0.212519696029832	-0.350989526547518	-0.459085559916157	-0.0269945993690145	-0.000539789544804499	-0.0827456135176109	0.197478311903568	0.162324057128816	0.305161913986499	-0.0925395680295157	-0.0579337358333555	-0.205868371391191	-0.0059597509129005	0.0322755455107351	0.0213800677407535	-0.126343250833672	-0.245689532572222	-0.390667941595902	-0.24707042764018	-0.17638895148692	-0.0805508526706383	0.120800708548748	Cer 20:0;2O/26:0	pink
0.106671628114424	0.224852223656413	0.0588360625409009	0.211287901866725	0.0270274194983439	0.118803826249332	0.101803784452277	0.689359925556468	0.193335589229583	0.1236922825058	0.393163615429624	-0.12808770123242	-0.12771711903601	-0.249594083360646	-0.185485583623087	-0.153440640923828	-0.0789800223070711	0.171868687429658	-0.240926610917021	0.152004213840736	0.0783182466224237	0.191418262666976	-0.132853383523019	-0.0986180021601316	-0.346031977093509	0.153250440347778	-0.0724062826951089	0.0261481464644534	-0.246718543306812	-0.344044044975635	-0.250905471983462	-0.234833329641046	-0.074155728409875	-0.0376908523244915	0.176676978474802	Cer 20:0;3O/24:0;(2OH)	pink
0.228078506512106	0.368669754034874	0.249417298347069	0.159251994868189	-0.218857957209591	-0.0550133054675983	0.207970847733538	0.768921058794912	0.370096646639306	0.263436979008096	0.251405646065877	0.131670957354945	-0.0509254858447802	-0.352747198299991	-0.181337734341596	-0.251328723414453	0.0188938617655072	0.112100278165793	-0.00201285119127331	0.191282663617702	0.259361691655262	0.393073004363233	-0.179792186764964	-0.0972873796786088	-0.138255690208941	0.0196923751600527	0.00799892440092008	0.066439856835834	-0.181194289225446	-0.228181701826	-0.199859629767225	-0.116250673099363	-0.0261405248543913	0.0367764935401353	0.219636049680953	Cer 22:0;2O/26:0	pink
-0.387259068253675	-0.00953631830065274	-0.258842968579344	-0.580778155492354	-0.387342818910248	-0.452291491352098	-0.116164554634429	-0.266177383913152	0.122051136588754	-0.161653879316187	0.0051164475379632	-0.0484211416590676	0.555925953542159	0.432366721552548	0.863336705170264	0.586346429073673	0.564472735502398	0.299484384190377	-0.095842985195439	-0.368844990217843	0.0643469194981928	-0.224333043522616	-0.202088189434556	-0.015358749877329	0.509041780509802	0.0638365708001411	-0.0404376150312249	-0.132521630011235	0.164576478639067	-0.153214914216904	0.213783905744938	0.145603630482889	-0.0664815306796717	0.0937831407908505	0.180998848067828	Cer 58:11;2O	blue
0.485377503183466	0.695582698120205	0.810230741741787	0.0789764494265627	-0.0984000118910887	-0.207135772092839	0.0433356480516154	0.286198383145607	0.09209044845882	0.106753174365637	0.000349416070430177	0.37493108372348	-0.109512198207379	-0.522839762230731	-0.249658078071271	-0.309106529539542	-0.19173258470589	-0.178899796479469	0.0111929338747577	0.0430191537287416	0.325202844306248	0.511646362219443	-0.388510337718257	-0.415221321966944	0.0815310425592681	0.419915531945556	0.584359488265193	0.175312563543347	0.136889864998941	-0.253508507169747	0.185362881615396	-0.243009763176853	0.331594852065409	-0.092418094217652	0.286451220950365	Cer d32:1	green
0.537258229710676	0.62874953719171	0.786790405623231	0.221753637498772	-0.0900159218049682	-0.0515485058880735	0.196863205507033	0.399609132362755	0.196978140655412	0.292065640546128	0.151271593372663	0.252904531978601	-0.152882130687004	-0.593148813370679	-0.450420407751549	-0.469725805206617	-0.289405280622397	-0.172435270732147	-0.0650233061643279	0.260288200398756	0.314770713079299	0.532341325639858	-0.303148271188026	-0.405273816510232	-0.140541221710449	0.165857826956424	0.421064633079841	0.203346943365807	0.0773161118652196	-0.348365660654325	-0.00741855050021258	-0.39903832482407	0.0716480900016332	-0.242312307439725	0.260565282157447	Cer d33:1	green
0.0903310545916934	0.29522378549419	0.371344205243145	-0.050920969304183	0.00916105956799139	-0.0847836344721228	0.00716452145446933	0.236416672128702	0.158136026758046	0.0849552532932724	0.112040504543734	0.447586076987364	-0.0669007388377711	-0.310452416193758	-0.0422278517622874	-0.15071150247883	-0.0721618330129376	-0.0519687316422326	0.0831295045242366	-0.0863752903563087	0.251970459378232	0.292458348792732	-0.354190217695489	-0.301649428818128	-0.124091703864508	0.325704213303661	0.507863697065701	0.187710845864758	0.103870435977421	0.013035245976324	0.344649593216446	0.0604260469959642	0.379337709391532	0.134122854023606	0.424259053273395	Cer d34:0	grey
0.50995872051443	0.628091601293275	0.815713687216908	0.169487163442505	0.0158054507170096	-0.104981574887828	-0.155258445328079	0.194226079944966	-0.0703662239642549	-0.0183541144000965	0.141497945271928	0.258131782826783	-0.241169590061441	-0.600724441262042	-0.230107309868033	-0.199667283514879	-0.174142376790164	-0.253794349036033	0.214549234377167	0.110883734227157	0.406852502682777	0.563820173496727	-0.359975148320601	-0.428600184847242	-0.10114236326334	0.503536344603426	0.667237917829066	0.296466462425409	0.0657870013134441	-0.220846679536392	0.305627889183015	-0.13261885014816	0.368705762613327	-0.0051363109257538	0.30719748866233	Cer d34:1	green
0.548831866269191	0.627027829922527	0.889416790638164	0.213997355529161	0.0236150928989978	-0.0290937656412534	0.0420307116964806	0.115972459167669	-0.017973974728949	0.114789122814626	-0.0289564923897636	0.259345001369121	-0.203467162278218	-0.535473874894785	-0.310947227763749	-0.300170972977043	-0.24385212651305	-0.18289406073996	0.186660693749965	0.15953953052407	0.338930623157261	0.513013968364145	-0.253799537561752	-0.33243555001309	-0.0661155695462105	0.400907895992963	0.636848807277041	0.279435348774839	0.151667939180837	-0.165834610810275	0.171928858871633	-0.276802526745275	0.237175225515136	-0.164681122710524	0.130831831246796	Cer d34:2	green
0.357080324350574	0.427634558765425	0.42285218888889	0.195804410801284	-0.0537019261740569	0.0277552452185052	0.339145536103279	0.595165919148366	0.281680682615186	0.205709455830247	0.396069419129832	0.309608973972416	-0.0863648077983969	-0.449163410286426	-0.215451450403513	-0.37112665754684	-0.0698465815098736	0.10472376751988	-0.243063952964058	0.068993365897745	0.341285733065273	0.514738470497041	-0.411806677357464	-0.494796986113804	-0.275863682157268	0.220829278451768	0.257352578658791	0.172692386046893	-0.0705918226243796	-0.41713106476731	-0.0625369869018506	-0.28960335778383	0.0703281288748853	-0.149686518211518	0.389909286156305	Cer d34:2 Isomer A	grey
0.539713506149226	0.643316790245318	0.866558226847841	0.163577956659291	0.0658184877148844	-0.0577313006919878	0.136278257387065	0.288989606183442	0.0966034521659533	0.166375297137647	0.123135472911696	0.229729639981499	-0.137977544929656	-0.679640875117779	-0.385494393387334	-0.413830056551694	-0.349021213980537	-0.239890891385748	0.0414779369564015	0.0843352864094193	0.348022813785116	0.552284538544691	-0.3876565455144	-0.500347365563672	-0.106208557266297	0.321511587466056	0.570370716805289	0.261799254283067	0.0343182933838572	-0.294475070890836	0.159839014947417	-0.251919640530052	0.200375070378491	-0.117417501125301	0.272550917700104	Cer d34:2 Isomer B	green
0.356507820705177	0.244733960606633	0.499202412924382	0.121182807927699	-0.0234707310367786	-0.0446234346163848	-0.0469609929361626	-0.0613074378076024	-0.170031652548667	-0.129711838479051	-0.0751308064212235	0.285793304067415	-0.264726579193934	-0.240069479214181	-0.157340504957514	-0.228930805622448	-0.0309938794520037	-0.14929122731689	0.15428176536255	0.122074701224172	0.221216264191128	0.285927089763952	-0.117138164479611	-0.12262933117523	-0.0332560848304921	0.564761391450772	0.844736400813331	0.432543553825988	0.2434656431453	-0.0641258921143566	0.276302957052285	-0.0849261649620497	0.337494841051754	-0.20929170089574	0.124705829105989	Cer d36:1	tan
0.424704674878926	0.141230301906837	0.423051551979395	0.215831708437005	-0.0271979211234523	0.107194077313937	0.0632095291732533	0.155863763709731	-0.034830818318312	0.0343805951097135	-0.0382472401141034	0.0891582545861891	-0.252377826024972	-0.315939841930667	-0.296126616339895	-0.281546277658356	-0.115419762159692	-0.139425085620679	0.0772356524666326	0.17657617044252	0.182526368300107	0.319574948626926	-0.0860988852705035	-0.0800100720291679	-0.0672712278350271	0.290331732262501	0.517381869433212	0.43421550063754	0.173832111608903	-0.073927141323233	0.104141016082966	-0.0184848000949753	0.162170111185473	-0.260385188514255	0.00314499370520027	Cer d36:2	green
0.174393329010197	0.361870764341464	0.580969403882162	-0.07809297299987	0.0215834623242508	-0.15675508511792	-0.0581806983067727	-0.081676740328927	-0.139699657482006	-0.109826037843863	-0.0182404835171309	0.369452678128188	-0.233033719544879	-0.239145644876186	-0.011766481077902	-0.059199673416929	0.0798298983008423	0.0177233874964422	0.10880673515896	-0.140752479668823	0.256493673714302	0.260068542932342	-0.339470445002207	-0.356797734259239	0.0373524518966723	0.627881362034191	0.892579816735806	0.280161894889383	0.364238819971783	-0.0457091492646299	0.449356855166032	0.00192974827510627	0.555099525048856	0.038254886354929	0.451715336445309	Cer d38:1	tan
0.0248391187421591	0.0381292935171057	0.274182590256026	-0.208495445692831	0.132700398521844	0.0233354402804543	-0.193675171842727	0.0468049584743871	-0.327522950519621	-0.268063228342873	-0.0836995723630927	0.165735684210643	-0.467354892578057	-0.0162637897649106	-0.0179196398724044	-0.0265740278657133	0.13303135575722	-0.214828966602888	0.284780180996569	-0.1870976566446	0.0762816391953856	0.139743731765708	-0.0845579657759721	-0.173413476936338	0.0155290904104033	0.322548928615495	0.600888446289914	0.304264758216617	0.266079038613663	0.126938299897977	0.3740372960182	0.120789151588995	0.356242657942425	0.170968641968194	0.39837832410231	Cer d39:1	tan
0.126471512125916	0.431375275766918	0.178527827490322	-0.118710650610953	-0.375654848531259	-0.441815722603575	-0.0480582907364507	0.0764752398694927	0.306187498229798	0.247238918197044	0.209301934284658	0.895613263660375	0.265374926437048	-0.0753507384431854	0.0840233016234461	0.128054606891019	-0.0377621092571007	0.0783849354729201	0.101094431448696	-0.0265483608322568	0.290727379330643	0.296354748341342	-0.295905164548058	-0.274992945867087	0.112139756512526	0.101087060922279	0.2147739652914	-0.333724590954253	-0.177353989890915	-0.0386314332806783	0.162106846634237	-0.0400186248788713	0.118085525175337	0.0920224345124154	0.135802286180235	Cer d40:0	violet
0.258405220918178	0.355240966878614	0.481834226429546	0.0642673311992882	0.0744066619111906	-0.088018113354024	-0.20118435688577	0.00672773625051517	-0.168816719072175	-0.1696492236936	0.0393331700400798	0.502933451138179	-0.207010430453219	-0.285202802982213	-0.11362595149806	-0.12333897538774	-0.0570292908279095	-0.065715957154779	0.186667498874825	-0.0348372308301704	0.310626752072012	0.341656647301214	-0.301833843490306	-0.311446054703147	-0.14746901816332	0.620865893725046	0.82391751108761	0.171651348440022	0.131495815558649	0.0103554522860948	0.418194281167546	0.0254298376584824	0.540639057708304	0.0471187782139829	0.333933179214658	Cer d40:1	tan
0.210176180761648	0.221047412706581	0.45908215821898	0.0183781004512552	0.0806776894779257	-0.0427043262599882	-0.0429081026779479	-0.0483210057739805	-0.277301417396404	-0.118579189659839	0.00822062206697995	0.0919676429812244	-0.271698392098939	-0.453591186063897	-0.162421066806581	-0.0994322129056066	0.0474810640697689	-0.167162689403716	0.0336669611456112	-0.0868221326521765	0.314763419017563	0.283368376150832	-0.323220295775251	-0.325791648625658	0.0668053320803925	0.529688577614367	0.759007577441817	0.217742338154324	0.297952998262948	-0.0635510622251261	0.343846833505749	0.17009360678266	0.399422897492266	0.0820110692736001	0.261642171954034	Cer d40:2	tan
-0.245241335191364	0.173390036780318	0.101249493560565	-0.551041331944513	-0.291467082336802	-0.481258634348223	-0.109793546508837	-0.101366983127898	-0.100680584831506	-0.17704295883011	-0.191219931204616	0.150593530712683	-0.0083838884385377	0.13394464377617	0.438967582096552	0.253266329968931	0.630050228447195	0.303296712537057	0.0214362561585684	-0.319769213817741	0.203571145072696	-0.0121698237406526	-0.22020496593739	-0.0433776432618327	0.423448860557563	0.508206831893624	0.643250061404985	0.321832588495978	0.631360825021892	0.0530314813368719	0.449268056605754	0.240457084725267	0.451067610551004	0.129647386561311	0.430018469728959	Cer d41:1	tan
0.143519536308344	0.149928783822969	0.375945439051974	0.0827463464783551	-0.0569572889222007	-0.0148413723932791	0.100748652092092	-0.0176244416492223	-0.218223850084026	-0.0199247422099698	-0.150836278990235	-0.0713268104323017	-0.240782819488843	-0.0914556048432278	-0.0526428142397936	-0.116939184769057	0.0173685611115533	0.149674755226174	0.0960456430971682	0.0806033451397744	0.183853858860883	0.149085129690203	-0.0834832726621222	0.00157262819940492	0.135600694912379	0.555870485864394	0.686151522986016	0.456069962084548	0.316923991216148	-0.182866907005607	0.198244210517784	-0.0675995131651004	0.270058932861344	-0.287723712869203	0.0564940457522709	Cer d41:2	tan
0.083943069432662	0.407250735902818	0.201420244421866	-0.200024389964705	-0.395493494002645	-0.500617645944376	-0.0312213608693791	0.0908660213206571	0.352816069006179	0.242968065611515	0.254679354215258	0.911152183179874	0.239363811655576	0.0122579711999553	0.175126678140257	0.134722790560078	-0.011192247274723	0.116124670052235	0.176851150824133	-0.134469613913633	0.286454100013747	0.270600909523994	-0.392743823703143	-0.332689152718991	0.114678244015008	0.239986861609918	0.361053157851495	-0.265633237621974	-0.15358534992027	-0.132616727169696	0.203106940071677	-0.0579721336240802	0.161865153563739	0.078391443189862	0.19067899428997	Cer d42:0	violet
0.101896733883235	0.424929770048333	0.486629206859697	-0.168086262658177	-0.00244639484609797	-0.203635644599202	-0.172268211787524	0.00364835684459787	-0.0849586171136383	-0.17803507411913	0.0264516508036127	0.435207607645062	-0.210157275450629	-0.11928491327036	0.109372718020199	0.0222911589254685	0.101849457171774	0.0522873465243545	0.17350129031271	-0.267710164411036	0.247190651310424	0.245389156517575	-0.338344042706067	-0.327365726658749	0.0682108364293646	0.760443804726379	0.778826069503528	0.139469236145559	0.219014057078052	-0.0224834133483142	0.478731821407229	0.0076572482271015	0.57120653474414	0.115116793757738	0.328570865037852	Cer d42:1	tan
0.170025362961593	0.218533095424445	0.326433805012233	-0.131072978761252	0.232421605227946	-0.0617083667173009	-0.364362323147905	-0.110514483878673	-0.327471866967743	-0.355618830340055	-0.0283068418488471	0.189205681853819	-0.238330413382093	-0.189773315664789	0.111866643595034	0.07328628552763	0.117869724269042	-0.108071461490066	0.0604349916567142	-0.286780949665074	0.171648339477343	0.164431101631831	-0.334338455081518	-0.358253342963555	0.0457475468275215	0.876248646494622	0.620512059032419	0.042135388496112	-0.000716424624572004	-0.0144814005016292	0.374013782826387	0.111310319110207	0.46290977070315	0.113158166186044	0.251739826161372	Cer d42:2 Isomer A	darkorange
0.124801076872815	0.211272632778854	0.308982164586149	-0.013481067801963	0.148961102930363	-0.00312348122714216	-0.199003234877559	-0.0771737488163766	-0.371404530030086	-0.386148153323574	-0.0873070466444445	0.0646674004440633	-0.320894324372062	-0.105943900880885	0.0809651993248558	0.0506881957061603	0.212658829583354	-0.0027450223718865	-0.000461173606866761	-0.0655110915798205	0.155866859240727	0.154327524585662	-0.0848097528875308	-0.0457465104359966	-0.0599395202922325	0.882958753760099	0.611427604017578	0.308422870232357	0.108537913225153	0.0705291930127197	0.30866500403294	0.0060720806761442	0.445474616971061	0.016101074695873	0.225500634526866	Cer d42:3	darkorange
0.106998965207733	0.442461278418315	0.307346968681225	-0.206164269121461	-0.237453387808681	-0.266658408957294	-0.0182574491543508	0.425579251488104	0.151735535373391	-0.0874296281933344	0.171544541674334	0.212275753079752	-0.142054631071742	-0.0488569213661153	0.131883633091893	-0.0775250887726837	0.196649640973404	0.337957836062215	0.0363294607348603	-0.123127675783089	0.303749425294082	0.243352939721289	-0.351391605474336	-0.252709826237446	-0.00754006891054099	0.519855411700623	0.61136587470888	0.181011789978445	0.23149393545853	-0.32334435227582	0.167461099237588	-0.150185443367266	0.326839681681294	-0.0730119112309829	0.511934713414577	Cer d43:1	tan
0.197441502715891	0.306388638401645	0.218043870562016	0.00429652871160633	-0.0791292157946596	-0.0705558440142205	0.18900962028456	0.397537157818186	0.171969621437352	0.0611944911373795	0.164585452100845	-0.111536835596686	-0.0913226121259782	-0.207709519199517	0.0874412877805342	-0.162741763344981	0.0964030409670205	0.0394746445731526	-0.0991146470968698	0.046176987685684	0.220578414231127	0.255914172826964	-0.288677323170299	-0.252616511080559	0.0254892871305439	0.0353003551141303	0.00452034681345952	0.141768691479653	0.0405167063076021	-0.309953818277329	-0.064730921037767	-0.0655942596487899	-0.0673180577763964	-0.0384856533382374	0.160960717469666	Cer d43:2	grey
0.0586221830818967	0.263713057155281	0.344778069294493	-0.30876933255497	-0.0870562860390989	-0.315317555542499	-0.0514654888471869	0.16878502414374	0.0735484643509498	-0.085043580262788	0.168804389788008	0.286001650126245	-0.121134880818083	-0.0883791445446259	0.182473388153085	0.0463380787730027	0.154624676761973	0.158986494846038	0.0654238131103371	-0.291441000509992	0.0584162045467233	0.122491577278285	-0.44716470427276	-0.403538155409477	-0.0669012423014093	0.742629480670089	0.669630509813627	0.212594714211273	0.1653703463953	-0.167680003017086	0.226233317419918	-0.213294311510644	0.405813477354331	0.0270884621332922	0.506920354992889	Cer d44:1	darkorange
0.412113954973453	0.320422524632699	0.365293714117678	0.310084900051542	0.074407864764389	0.205762102731573	0.218569406228918	0.649589310830089	0.0978309460697667	0.00133839636944842	0.12067313525076	-0.0760986385196851	-0.306765217508149	-0.302440087979597	-0.281243226205414	-0.426268632809932	-0.0911375129866907	-0.086222862195295	-0.0444027357563569	0.0950425427087363	0.120085837174484	0.316072866843095	-0.14648358629725	-0.237160896290821	-0.266621307735413	0.10405398906326	0.0473658786433326	0.135237444496284	-0.182474905277326	-0.285338045730389	-0.252395683578703	-0.285699596565275	-0.0396703514242684	-0.11825120727506	0.118689702113285	Cer d44:2	pink
0.252046116720408	0.304485154344808	0.306302102430875	0.0675239336261661	-0.0813376277570308	-0.0318147451632412	0.218503490374886	0.697307906596658	0.32726639164966	0.29443908849293	0.240469408182293	0.208087866895941	-0.0759354371400494	-0.320522683150912	-0.247160161858789	-0.347113469662365	-0.179800137316139	0.040479117264364	-0.0776653719660638	-0.0486915555976048	0.218071074455342	0.369334581779257	-0.351627190769686	-0.457802897541843	-0.201603821529116	-0.0463504908805382	0.140058382604546	-0.0540488261026198	-0.189279053014391	-0.41945738260546	-0.157533179965089	-0.234404088043088	-0.0290397363624365	-0.0572155785831265	0.384420602726417	Cer d46:1	pink
0.0896253116322911	0.289154544866199	0.203179398497018	0.0210762192157453	-0.0151274674702999	0.060146779608501	0.28268953236893	0.582603774142414	0.282037281476337	0.192761217018525	0.260814616865356	0.0245472284687529	0.00542955160760139	-0.357751965447479	-0.16442827632359	-0.291017480725823	-0.038513890945325	-0.0575316244855938	-0.166796468559931	-0.115983202141598	0.0421554850228687	0.137202789361449	-0.223975933125084	-0.24967801784096	-0.031580373723727	-0.0145149289027357	0.0468597999732404	0.110604708535615	-0.0242603736732596	-0.365288106771588	-0.117176360095552	-0.138342364271847	-0.0665693738950103	-0.111549064921685	0.16668636959922	Cer d46:2	grey
0.202448405098396	0.365678810576734	0.195370954157133	-0.0180042470976868	-0.171223095219533	-0.173665342606873	0.161753008543628	0.493640002899296	0.227524466542572	0.117404430481785	0.320981163974283	0.335601084376612	-0.0762382236431948	-0.107392755394843	-0.0721725727900596	-0.231770224055139	-0.118148644754112	0.0820643808549992	-0.174106506814467	0.0128298498465115	0.211099165768431	0.35400514947102	-0.364655205473804	-0.41578809293848	-0.211111256561671	0.116905637634431	0.101108749218214	0.025338715536176	-0.13905442259835	-0.360106895549247	-0.0938611727815166	-0.275541957545861	0.0393697843806596	-0.140368832165096	0.380396301345301	Cer-NDS d39:0	grey
0.373329174905072	0.464330832104521	0.372999430998522	0.135420024513545	-0.29348917426941	-0.317223430612075	0.060051375962621	0.107734494247148	0.416379272568904	0.279132554459117	0.229294010684613	0.896282349518922	0.237272216632244	-0.195806211455473	-0.100630713716517	-0.145724222320466	-0.241752372658905	-0.0390365510869054	0.123824289505397	0.217930533271906	0.33278385949285	0.45688741380367	-0.312072342016314	-0.294409919448395	-0.104332543305478	0.053288670021636	0.258648990770287	-0.220683635055297	-0.310070837944	-0.0974528784609906	0.0913388674285542	-0.179112953567489	0.058571891773267	0.00163470960524353	0.111948573319769	Cer-NDS d40:0	violet
0.274421205626538	0.445687916185704	0.273185741638587	-0.136128094429249	-0.405652913754365	-0.35536582227466	0.142898486838908	0.256499776130604	0.362481412492381	0.183192199530616	0.31628785454851	0.642727582792151	0.257917577718443	-0.0380185515004942	0.167814748671302	-0.0161629677370165	-0.0380332774167277	0.143648581671183	0.0798403856066471	0.0792913002532504	0.393970481385724	0.424523745773596	-0.434396485847174	-0.38941827528486	-0.0128478265099656	-0.0277105123994884	0.174461564664942	-0.0888258612454436	-0.145779728096223	-0.293089158562984	-0.0167498831994948	-0.288424595981127	-0.0766084930881746	-0.0578267754183632	0.400545828494006	Cer-NDS d41:0	violet
0.33483072242696	0.268193162803273	0.316919574920468	0.215008176755413	-0.0544883165507425	0.0500421460727318	0.293549136431503	0.64832077189665	0.280907661617946	0.229715405227023	0.230510989118384	0.178393897907205	-0.0429836475250541	-0.426006407502109	-0.337565404198427	-0.434061814196018	-0.216010832261502	0.0759197852844321	-0.0351358781828134	0.183916349060826	0.268964633775701	0.427577448602777	-0.286161274354635	-0.357478461786508	-0.252420764105979	-0.00999848453345933	0.0252723660163403	0.0677570154695713	-0.208841917205401	-0.273829412668976	-0.309631899088163	-0.285421004991876	-0.0565461129346523	-0.210573944004785	0.183710890107986	Cer-NDS d43:0	pink
-0.117565447596227	0.161676537531265	-0.0247065480308862	-0.287275641697245	-0.276581936676654	-0.269956814240281	0.0744098042449942	0.210872173072785	-0.0513518090358686	-0.183224748586762	0.122870316356076	0.0535725717666032	-0.000153833308852176	0.0169980825194935	0.36674794030649	0.32249962158702	0.711730515624092	0.30648987542382	-0.0732362569916853	-0.199098712905049	0.157393723125519	0.0576368321412737	-0.241891995613588	-0.127624895603485	-0.00391128066080342	0.339101945159848	0.279515788592296	0.273300616187195	0.324426372249737	-0.0618706587045172	0.00967671915044988	0.011458305023039	0.205296303814732	0.148001016709353	0.455478253009916	Cer-NP t42:0	darkmagenta
0.123316138456626	0.307483038171601	0.342261426541023	-0.216296809978654	0.0264562111651235	0.0123882015823864	0.230338954047238	0.338038285585133	0.0915974117085006	0.0369237052532803	0.211215983107054	0.134017868402208	-0.125109948239399	-0.0711674864688803	0.0667761614120387	-0.0850742950015345	0.284986998252147	0.146551168195031	-0.143320225024518	-0.280689134068766	0.0937219955815079	0.264742967359061	-0.445081426145658	-0.474743944301925	-0.302830985753505	0.235357889305348	0.292757657776872	0.114803711013538	0.142180493747131	-0.377488452782594	-0.0143516406853188	-0.40834061355627	0.262533212625836	0.0428638289598426	0.743270221402347	Cholesterol	grey
0.153342053494452	0.298260868090537	0.179199381168463	0.203888325266097	-0.0565354460920294	-0.0394771567836368	0.295333557836011	0.603862708345965	0.202171663667955	0.195379113839931	0.269848447616525	0.179089612488668	-0.205175436391851	-0.441506943964937	-0.354390693005556	-0.354529988696591	-0.094560600846733	0.150862467459028	-0.148749088494602	0.180561930534721	0.371048978474988	0.434945667239782	-0.194988278217949	-0.286370842317643	-0.178762499812863	0.0223193211304325	0.0415029091433637	0.127779170664751	0.0132299777855493	-0.168643756826488	0.0134691964887293	-0.00973835089526575	0.114972875248937	0.0767487168538477	0.333192472584513	cholesterol 3-sulfate	grey
0.189349209464955	0.116191760933477	0.190532884231074	0.116900383689427	0.0780006078738602	0.112642414876094	0.333514607245798	0.324513803046203	0.104915655201693	0.0482630830889861	-0.0735941393986133	-0.0678277340258497	-0.179107236059767	-0.202274406840369	-0.266111962513343	-0.307999344247952	-0.0255709408433387	0.213482304166566	0.120058743620778	0.0745023022085077	0.121111483010087	0.246129119707218	-0.101353230319832	-0.138876384077841	-0.173773426498496	-0.148141310133533	0.0191689850931248	0.187432950199215	0.323537430003543	-0.132891145194963	-0.0591955105769606	-0.223054030149639	0.103071173292932	-0.139553395192339	0.250284480686159	cis-13-docosenoic acid	pink
-0.375986978203703	-0.250178587317993	-0.398983988626807	-0.33347828323374	0.0629926513380583	-0.0528548885689135	-0.308065194151679	-0.39741461421109	-0.322602028979656	-0.308513449498572	-0.0603161722786266	-0.0579055362452317	0.105343564243147	0.412081189862888	0.499188463920612	0.58723402272504	0.372293258625811	0.166621146860354	0.269062308582711	-0.188096105187165	-0.116177625962798	-0.296969207489849	0.153976433454545	0.168037039796361	-0.0708897801730397	-0.0355788953268599	-0.0967260470228773	0.0670527319969362	0.19036367345481	0.367176463941017	0.270761393546952	0.2051537534379	0.138102537667572	0.22854376345708	0.190334375875761	DG 18:1_18:2	lightcyan
-0.158287796255044	0.338032547062552	0.0930508667726876	-0.461821588294568	-0.0922247466690952	-0.365578986219106	-0.207549146256314	-0.142448505597234	-0.0350547043788317	-0.22751295524783	0.0177796990895237	0.174187743598312	0.24422055192334	0.179717396606347	0.481450589454464	0.531820321451356	0.248620761008321	0.216862500274955	0.199689896288993	-0.404203484809201	0.077061515647311	0.0284015576308182	-0.29299080594335	-0.264890331479233	0.0590880066063101	0.179921631092703	0.179590590573426	-0.214547094880445	0.0889584293665069	-0.0225528222791444	0.205512757109188	-0.0637637097875575	0.269631577378859	0.373415994617328	0.39901103254474	DG 34:1	blue
0.129079030072972	0.144494464282799	0.0934815791665913	-0.0951957944225757	-0.00821493241651606	-0.152853979649731	-0.0536732760499283	0.247070979995673	-0.0646682237904105	-0.159501011131112	0.0746709324822776	0.00780535367450404	-0.195751945401299	0.104324017043141	0.0260792919544285	0.0365452948283207	0.191213168865518	-0.0892564501379717	-0.08239680458907	-0.0334964190332349	0.11630983614273	0.276059423220754	-0.0856463671715426	-0.18013606107902	-0.255788030499984	0.126345697325507	0.0339197462929638	0.0139252306134286	-0.146625697739513	-0.136585530065186	-0.200492503852507	-0.286607497496383	0.101031335651837	0.0505419543657769	0.369217353456666	docosanamide	grey
0.305348360176754	0.0799311027608143	0.123687358552675	0.185604391825291	-0.39794375905994	-0.111234706781659	0.782694698563517	0.392132188436765	0.500820175780202	0.59465408389442	0.19117443764991	0.0768945948098849	0.31371194486372	-0.200713400129382	-0.272252567020965	-0.435584694460971	-0.247648566006913	0.198336175826265	-0.207571342000731	0.261272512707296	0.105998011806033	0.221826967031417	-0.274352535804642	-0.181126312030301	0.0793253260680084	-0.35983221599986	-0.187562352717936	0.00281075453255836	-0.170235357261605	-0.530840597944603	-0.520163896209683	-0.434865517219143	-0.49580725228988	-0.50057446360783	-0.151346104131796	FA 14:0 (myristic acid)	darkgreen
0.203687925219348	0.019431814140048	0.147645477291105	0.238621449382672	-0.103340096994605	-0.0173243018539907	0.765083301963396	0.128360178888194	0.223242440688345	0.297594774714311	-0.048555530348939	0.0158160415176841	0.150424598762862	-0.21114959054287	-0.252938010341185	-0.418078413257299	-0.18606137956573	0.196871915383286	-0.0423000836511971	0.240119340701761	0.11101732701833	0.211647798476692	-0.0834581993666081	-0.0952921521787963	-0.0645680818269759	-0.237387530375191	-0.0870586832699584	0.273764403850448	0.125953743550769	-0.171610736541164	-0.167846017094779	-0.301360681908853	-0.0626325849591017	-0.341513327259861	-0.122217887387917	FA 14:1 (physeteric acid)	darkgreen
-0.046524522858998	0.000748146800523017	-0.055649034738818	0.0925737976533204	-0.221275124233428	0.0710905029919067	0.676940645919395	0.685783143104479	0.341655454301419	0.418849959016959	0.338956731531575	-0.0329648907832667	-0.0470956168858178	-0.113411699518437	-0.256320746220389	-0.368181751005174	0.0184463238643659	0.297141347601917	-0.318147887914216	0.0615699987043158	-0.0316586617475402	0.0702827421066944	-0.0900791729035062	-0.0369344749129965	-0.172281363906858	-0.179210510543282	-0.0741713465727307	0.15802824537094	-0.00256789267546121	-0.334814348577328	-0.336521719579559	-0.245608308110259	-0.162049047874608	-0.23057012851389	0.179237643806445	FA 15:0 (pentadecylic acid)	darkgreen
0.105069193710276	0.101996846595114	0.131957719146939	0.172899879203399	0.00327499411100853	0.0343961594673176	0.785495428831008	0.321527394940131	0.204349525404722	0.164842167648303	0.0529331250204039	0.0166782667558886	-0.029942301885642	-0.239781178937706	-0.211194777539029	-0.412112162670543	0.010831074167107	0.19182689146052	-0.273928121445406	0.0378669147074658	0.0515706179774182	0.168782231895621	-0.188534595654126	-0.206390227135425	-0.126536546149724	-0.101636813540203	-0.0743180382502463	0.226211349362874	0.143879698549109	-0.187749846444537	-0.195634500797424	-0.256658789054464	0.0811403765173065	-0.126429914148963	0.0970944891976441	FA 15:1	darkgreen
0.231259046956588	0.0391129879786907	0.034800543550485	0.117661607069023	-0.266287552669975	-0.150269850711739	0.814001852812078	0.292438240414967	0.259749654554117	0.190601720745874	-0.0792606190502855	-0.0607950753498838	0.0792675554467404	-0.0437137122668541	-0.013029796760048	-0.359258249567953	0.0260302183227792	0.368661667138194	-0.156289833875986	0.136909454939036	0.0637492215490563	0.181715342773943	-0.216924766766733	-0.145709986404384	0.0833483440049038	-0.0916317894028037	-0.0758531432620974	0.166938678114467	0.0539408582412742	-0.452142274114613	-0.224860540749585	-0.336898917146927	-0.141731140288484	-0.373342033774822	-0.0621807925055648	FA 16:1 (palmitoleic acid)	darkgreen
0.0571494315107365	0.357224806759289	0.33703599559457	-0.198964611345763	-0.132553653991824	-0.106330991423456	0.320587592638776	0.587622263160863	0.294538999925691	0.274345096270597	0.350821860004558	0.202518450378174	-0.0284601027791503	-0.342020166460003	-0.127228720947553	-0.273472859991319	0.1172404755898	0.2164108195096	-0.243458037288606	-0.286192441641568	0.0365657722714113	0.196151285151783	-0.486856078603952	-0.44258624431774	-0.230259460139252	0.171065113236714	0.299104326224644	0.186632959664164	0.1370767981093	-0.359568755438156	-0.0464850287259912	-0.29892483678992	0.180898876829049	-0.0200717755942297	0.654775776461052	FA 17:0 (margaric acid)	grey
0.629838186223279	0.153995259922575	0.308540604688397	0.0661794969683805	-0.00908661929213827	-0.128567034033617	-0.0165335037203417	0.139130520065382	-0.0537153677749664	-0.0525552837338458	0.0432330765897627	0.0967952822534549	-0.112594409808544	-0.206579820551179	-0.100746583474769	-0.0590145474794527	-0.238661997926017	-0.161738190642062	0.0997386771212507	0.092028365625234	0.120364773341711	0.394939071574093	-0.299478281453612	-0.385483770292522	-0.121293856338894	0.213928268675695	0.150001270438694	-0.132950683985416	-0.367209791558744	-0.283596529406077	-0.224661027142771	-0.395735981488491	-0.214923145627483	-0.158041940902725	0.0302388237098836	FA 18:1 (oleic acid)	black
0.902937342458248	0.307114410168182	0.54890499477403	0.459502791233808	-0.0146544922011627	-0.000196058933474669	0.132782771339749	0.142539592551531	-0.0796336545910661	-0.0230599816540532	-0.0508484491287605	0.162155332844205	-0.298246066507663	-0.418163595476745	-0.373667563857678	-0.410311441371524	-0.39680613223658	-0.1760152588531	0.142170031899469	0.506869909243044	0.36831126216075	0.64613873277381	-0.215848762249732	-0.303212656821611	-0.248726776595216	0.180216600923606	0.260601250391688	0.157863364954191	-0.216946332234146	-0.209285161840403	-0.179066613349048	-0.409769541907103	-0.0706169446504925	-0.326954522671133	-0.0813983847259833	FA 18:2 (linoleic acid)	black
0.599768103376474	0.099321689371428	0.224134104507356	0.381009044818842	-0.0233507203457846	0.0199752132930908	0.225057902071636	0.0969806803135903	-0.0355488334497124	0.00403969376963066	0.0372646803080148	0.0432718968164673	-0.228349034549439	-0.259346718184043	-0.242210092617644	-0.265031513576524	-0.334757545799215	-0.0339666627808136	0.19864253686779	0.486284285858773	0.25746901022745	0.41945491543186	-0.0799751712865102	-0.110321680419865	-0.268368071983085	-0.0591151400925252	-0.0547853979749223	0.206117326812895	-0.148635478500872	-0.0729886107782784	-0.182230295257506	-0.265491163000111	-0.0875537189108799	-0.208556091495271	-0.0779052091467204	FA 18:3 (linolenic acid)	black
0.384598424348916	0.278829139300605	0.237126812944057	0.11040201769864	-0.418356389335731	-0.29549832568852	0.579229861007073	0.380114960024122	0.479482382974011	0.353893159130019	0.319314186476282	0.285926531833164	0.325022781258161	-0.224280604350603	0.0437752492369186	-0.270693889843543	-0.08801040933063	0.136515355506331	-0.134832715641786	0.128656750128625	0.289899704874539	0.366268705396119	-0.509892242917382	-0.400431254418336	-0.0755683102059271	0.00710470475229111	0.145771242724414	0.0689994481052679	-0.217720516272391	-0.559895272782818	-0.264962283150726	-0.385459758100946	-0.117393869953119	-0.2776110030193	0.162744671610223	FA 19:1	darkgreen
0.744417503923066	0.319362717869493	0.453142031186919	0.327305683461836	-0.0708993323868339	-0.0313723610711767	0.229621895210477	0.085057468421112	0.139521602395168	0.0670978413441009	0.023143425033034	0.268929440374466	-0.0010015353350714	-0.274110999509787	-0.192508320418257	-0.373577544860827	-0.322549004604791	-0.103591598893876	-0.0525962205445883	0.261214219015422	0.197916102317583	0.457580115587832	-0.338308117720799	-0.442630151477302	-0.213260172433177	0.169362471737376	0.199581439571827	-0.142157628735192	-0.35726858599845	-0.368396871750261	-0.224705873358466	-0.45597281229495	-0.0807736229897327	-0.302794605888509	-0.0414396440913335	FA 20:2 (eicosadienoic acid)	black
0.933734465639108	0.438035321138448	0.677465718974841	0.570024578699217	0.00146692447214823	0.0703353593881056	0.107294309064264	0.146593312872046	0.0190104777901584	0.066191912901358	-0.141379500171673	0.20790924016684	-0.195199955182374	-0.47751261360006	-0.452212843647302	-0.531041950997212	-0.482717261937786	-0.239570767742603	0.0853228497485414	0.543444732052852	0.378263567182969	0.654284241355195	-0.218934449231216	-0.28594517960261	-0.0957414216440455	0.185212462694958	0.302480341454643	-0.0161256437161291	-0.306826877718727	-0.303469534945076	-0.191872727095712	-0.365844524217437	-0.11299229790232	-0.375227544549807	-0.240972444839542	FA 20:3 (homo-gamma-linolenic acid)	black
0.931883149010377	0.553600368545697	0.720791853249781	0.648954694736808	-0.120837959126797	0.0722889550979263	0.232294752299894	0.266536174317453	0.0895723725260843	0.148101445656382	0.00435258529025136	0.24164023235702	-0.159012193249001	-0.529987025894454	-0.530118904553044	-0.543231247433073	-0.496665545844076	-0.137579639306054	0.083717194144605	0.646818098737668	0.434074710582631	0.728590343328397	-0.137681418711409	-0.197624969419018	-0.269067340704845	0.0939210873561929	0.278364138335057	0.149347922042324	-0.255737933677134	-0.296545532615319	-0.237488457070397	-0.441525745087045	-0.0819038076808552	-0.385983422334478	-0.20858802692144	FA 20:4 (arachidonic acid)	black
0.713431250665379	0.317627604395041	0.319558362565687	0.649907410787103	-0.153926972504238	0.147625004920612	0.254009666741505	0.308502338981856	0.180835284661596	0.144664480563574	-0.0742556539268449	-0.0104191394914223	-0.0251062761518301	-0.239502756779296	-0.386665431003362	-0.453916918227879	-0.448638753817403	0.0554262728058428	0.13398917183159	0.701573475321335	0.360785829326878	0.492786671613454	0.0688782380129327	0.11276071002863	-0.193312849491876	-0.0879830986292467	-0.0136226730717093	0.159333769790609	-0.24017740003403	-0.293790104145475	-0.358372220168527	-0.372848691764747	-0.203286243008271	-0.324198940478855	-0.376371410961608	FA 20:5 (eicosapentaenoic acid)	black
0.121625892532697	0.232201658480423	0.127546529266791	0.0829993870078903	-0.239103706292173	-0.0213281042106701	0.492428194508796	0.848759193832549	0.486124762806215	0.387172210672815	0.383757209996497	0.05138103135215	-0.0564678603938851	-0.282933114640425	-0.320232786016322	-0.44999940038345	-0.0453855409456607	0.270144484054409	-0.167835041480528	0.0476251197467283	0.102687879881057	0.225863845166907	-0.221016172406376	-0.136328341399749	-0.149008403876467	-0.154730163324635	-0.00201396862761287	0.116020173593504	-0.012099420703697	-0.438275767082014	-0.263587187672083	-0.281675694334433	-0.119988710711838	-0.240955822069443	0.233922974007422	FA 22:0 (behenic acid)	pink
0.272851352646153	0.332177585095139	0.274095289567452	-0.123820215193942	-0.324359296560893	-0.245074346510537	0.31317443254412	0.446453709306614	0.136786509832624	-0.0310535400221272	0.415252912578122	0.0769856819959466	0.0554278649105988	-0.196642268962797	0.203483027857333	-0.0415953649376702	0.1163093863437	0.118697200277857	-0.270130949532766	0.00197892378559935	0.312605641922626	0.400694637095101	-0.442271663040873	-0.458783880658048	-0.10532723755166	0.19632080180859	0.218956983750899	0.232532338677805	0.0146029645246767	-0.491453508490199	-0.0340981330973629	-0.312900952928043	0.0914684325230418	-0.16024618572503	0.459708005542175	FA 22:1 (erucic acid)	grey
0.262597754086983	0.223294645362985	0.099833989916902	0.099496268057711	-0.0785550738371369	-0.0105912184375197	0.270943070108411	0.425909887604591	0.323380554332766	0.160449605446425	0.0849019614381815	0.000583468099499716	0.119807082155934	-0.09440823628884	0.0103876410391463	-0.266734233283881	0.0904187255859703	0.0952525887872587	-0.283256961309945	0.106120789489295	0.178745212112372	0.27792790919234	-0.263213458911394	-0.234910423414975	-0.221490088958112	0.00853272738530044	-0.0669206336784154	0.0212436585507665	-0.143350014713809	-0.424581989122443	-0.276175923050278	-0.320143882950372	-0.1191284871596	-0.159127199731667	0.181423608176577	FA 22:2 (docosadienoic acid)	grey
0.888721855087893	0.537958050235096	0.742192353452259	0.557452454760649	-0.120832065089251	0.0614363371661995	0.218743214434457	0.305017686281079	0.131379649828605	0.208556061729193	0.0358756890525433	0.285055430046296	-0.0831189374271748	-0.58692355662633	-0.503391000086952	-0.526467552957971	-0.474078540134618	-0.151657791426218	0.0781917153239349	0.528893468224947	0.454492361736889	0.726510464919021	-0.213430508264896	-0.286355249468989	-0.194601307776403	0.134452045965234	0.34454381939669	0.11899279414247	-0.250960931973653	-0.345254930194332	-0.16578471823151	-0.406140442986949	-0.112420450872849	-0.409014482993418	-0.154475336287031	FA 22:4	black
0.821895173713827	0.438906250871378	0.512258271184457	0.628717797005511	-0.194623129135338	0.0516223154952184	0.31918690250538	0.419059326744219	0.230873116048548	0.249403922331742	0.0127128134244125	0.186218269066655	-0.0443140385398099	-0.357080873353003	-0.489983673791313	-0.539424814121117	-0.48320651020262	0.0220807208497246	-0.00156233529287845	0.596432324912186	0.370217150440228	0.633744386384302	-0.149893093896041	-0.218385490770473	-0.287284745222044	-0.0548224441403371	0.0794860937206483	0.000528799060149562	-0.39073348502916	-0.45490909675424	-0.46593781316011	-0.536257109435244	-0.246639985565624	-0.378857203892316	-0.189192298374641	FA 22:6 (docosahexaenoic acid)	black
0.136021280991748	0.234948778623955	0.107200029652013	0.06771854753917	-0.24338938441303	0.0165294598216044	0.404963138124124	0.773636991315352	0.487681132195941	0.45624473082701	0.530798852538194	0.203888858680852	0.0200582628134697	-0.258780112215778	-0.190264149172073	-0.3051887086595	0.0148526777478739	0.226736527131897	-0.283526751800077	0.0197767843551686	0.0489341043420402	0.174280870107622	-0.254609648836465	-0.180156597067403	-0.26769770120157	0.0354093923107332	0.0276436214680455	-0.0217701444859755	-0.212998618188387	-0.432195599107232	-0.344053868956023	-0.349316754717949	-0.229769964928368	-0.188333969279623	0.271164150408987	FA 23:0	pink
0.344676801494388	0.419192483978228	0.399416579968391	0.0850492293806744	-0.222524313727792	-0.229308013601473	0.197826194654728	0.510603717817376	0.283154301152343	0.218255327692069	0.515127024572276	0.156492862183364	0.0304495293407872	-0.399507117215921	-0.0847569003462519	-0.190769026359633	-0.100119577105795	0.231695354043176	-0.177689280367749	0.127288445268757	0.453490376646856	0.563159695484189	-0.516155620482049	-0.589677620338866	-0.24570676481471	0.216532439507131	0.296586035200379	0.0770307914865575	-0.142968970584589	-0.642261458159255	0.022742720265664	-0.326811671309891	0.0397988768805462	-0.112020020449494	0.455853471832103	FA 24:1 (nervonic acid)	grey
-0.107136937487284	0.0234294091122263	-0.139778809502292	-0.0265192459961889	-0.223095499842807	0.0838432286385286	0.484326847557301	0.743589652101785	0.392841924098258	0.251488717209334	0.234286659613272	-0.117818226331055	-0.0728048498136745	0.0542150551684224	-0.0476571642161249	-0.257753199870297	0.169065216915784	0.392164813737012	-0.0902498563221963	-0.0295889697763323	-0.0566828610059249	-0.0246053858627439	-0.00819768591689939	0.113958803631291	-0.219545935608543	-0.146755026290784	-0.105332657826793	0.295905243852789	0.0947480784576334	-0.250208424728449	-0.245297277012542	-0.173448519916218	-0.140353069903995	-0.124266398479436	0.215418635069204	FA 28:0 (montanic acid)	pink
0.0116516937872421	0.109454367956471	-0.0244031782291824	-0.0652734398343293	-0.24224955250563	0.0321342598649846	0.487121015989875	0.699166679462301	0.421714897090082	0.208275465592552	0.105994812942072	0.0607193968024996	-0.0532426312586886	0.0668817963356554	-0.0349172307523584	-0.329435873687742	0.159464109222676	0.343634573546631	0.0348985761718329	-0.0486117474107688	0.0105356556247979	0.0418117953260174	-0.102482296316634	0.0297371678525493	-0.148066471813159	-0.153106500877294	0.0281986669796729	0.304467689435745	0.25313649135772	-0.243193759149096	-0.220241296719281	-0.222773168000486	-0.0129465704788463	-0.216503990566342	0.263916138814259	FA 30:0	pink
-0.191554825542194	0.0165421828021382	-0.23469114687069	-0.181138569029303	-0.287644810504985	-0.0873836248852682	0.387344926837631	0.567945975074513	0.425401108101618	0.188147555919803	0.150522720159751	-0.0287311715699115	-0.0248193811678918	0.240692614577732	0.177340389286181	-0.0359653383043792	0.419451116616061	0.494655746955212	0.0130564684434742	-0.146858595048878	-0.0473228525452304	-0.0961591530532984	-0.147381179528701	0.0622313493609776	-0.0213958222098978	-0.160736200356464	-0.162296440713487	0.178025300301663	0.285399625089439	-0.247070780802363	-0.242442237437931	-0.164069538409888	-0.0417380564543405	-0.0171091210933938	0.242647641658799	FA 32:0	pink
-0.0339256866876744	0.0353414498318731	-0.0785729035853253	-0.0675539747979917	-0.0610146752740412	0.0227418385487316	0.0848400138340011	0.57130734888526	0.17904016872922	0.268782855999261	0.093503885232465	-0.106174538318057	-0.0598258064686788	-0.195926866025883	-0.257240859969873	-0.261285688782417	0.0467429454941981	0.0651875057710244	-0.244116933311506	0.0526183957743964	0.0563733948783463	0.0937410778315791	0.00456512593630852	0.120223310883598	-0.0331643146803029	-0.0975895365522841	-0.0858164347392189	-0.084575271618097	-0.128767980832138	-0.129231684936496	-0.290074939137979	-0.00181379619039472	-0.245798103702136	-0.0337474513988715	0.0700826093873908	FAHFA 18:0/20:2	pink
0.528277281484157	0.0227480484853269	0.233945595948877	0.00471340425062848	0.0764609809817564	-0.0967121259863047	-0.141917479920268	-0.0600477453046149	-0.183692359021671	-0.115305680440981	-0.0892169974926244	0.0449629986601485	-0.0884444734671608	-0.165423910966542	-0.105425403321462	0.0121777709368427	-0.275521963637994	-0.276324903520198	0.0922169181118387	0.0709693208407448	0.075258019943148	0.28201899749324	-0.185749918876191	-0.273024153140332	0.0188525980779491	0.199815363130516	0.192979149132259	-0.168630094002171	-0.287809213727329	-0.118580373316092	-0.189401809418197	-0.25732109598209	-0.151134961604601	-0.141526920471362	-0.112191032450395	FAHFA 38:4	black
0.16149398027444	0.301581110159905	0.335361818234658	0.0314713034822476	0.220339836460843	-0.0315272514755978	-0.333965661423457	-0.0453698772191203	-0.189011435677767	-0.274904464710424	0.195377428721291	0.0921150981111658	-0.0683924511336877	-0.389686467965095	-0.0105951967401331	-0.00782057863328725	-0.0623977062252	0.0201355183505229	-0.124296300388097	-0.0898289243991467	0.270476829021587	0.271228386264596	-0.35902377355961	-0.443585804836796	-0.0193044390105558	0.555447997508139	0.361024317358151	-0.0661547076935565	-0.17562405261786	-0.224037745187002	0.381411107865827	0.0332691615881274	0.238065229089293	0.102966387384746	0.278405602721336	GlcCer d34:1	grey
-0.290359890288148	0.177675850206538	0.0620461737087572	-0.260456495683264	-0.000896317780183001	-0.143844548609809	-0.0967939366813867	0.170413761483967	0.00776708217684014	-0.17009007451472	0.169100440493037	0.0438770964737512	0.0245397986773043	-0.00453586807294899	0.223488484485653	0.264776614628252	0.289802015113185	0.0873511510500622	-0.234729676435129	-0.172983975158063	0.171223712515487	0.111546558144576	-0.0255125740604056	-0.159228550855487	-0.0979889115740716	0.0640231136389715	0.0619669305362683	-0.0120098746076528	0.214425327972656	0.0950020477882015	0.19842216304061	0.00825650706788323	0.246438082174968	0.32057492237042	0.541840437047627	GlcCer d40:1	grey
-0.100364542867774	0.292971948582511	0.203270018916406	-0.185311176687196	-0.23617006743142	-0.262083810637695	0.153744663115907	0.355755606071691	0.124166563029537	0.122085577189515	0.0882050655264891	-0.00113470690584228	-0.00225240920233536	-0.109018755443241	0.0834719853601828	0.0869367407619531	0.246521144072656	0.156412181761792	-0.0139413151107756	-0.00338635580771873	0.243487065398984	0.245226652626462	-0.0229392399302734	-0.126773400703358	-0.0288492989183586	-0.119028526010244	0.0748312296186717	0.236038461340518	0.351346735692736	-0.0305843423302736	0.104291634093966	-0.10037688773524	0.198670306310301	0.158115636488088	0.513952779330751	GlcCer d41:1	grey
-0.114103378336578	0.342020115329317	0.202120773395283	-0.202072776874432	-0.1437976547784	-0.206768785830742	0.0000423790576624399	0.24867050949718	0.110754239005027	0.0652477891388587	0.28865950580109	0.268557258603855	0.0214467565553303	-0.0880986442945361	0.124797919436967	0.14189229665335	0.103839211212665	0.324520576927099	-0.0897110657343647	-0.117709901685805	0.287135510827865	0.297978208730464	-0.234823486900482	-0.36395150400667	-0.263420491107334	0.0589066899188285	0.195049190100548	0.0785935583968328	0.171531359692577	-0.0720944569494227	0.284532127895049	-0.0792751844656001	0.283551041202527	0.212419587857562	0.602318896925006	GlcCer d42:1	grey
-0.233926157741658	0.166629472223844	0.145172943343125	-0.239304858525292	0.132799040711766	0.0227283995284811	-0.164430403764818	0.0735923355788381	-0.0560380494543268	-0.126457932449492	0.0282991628772904	-0.0925448915405738	-0.0149506605708165	0.0248650821370396	0.24654268676766	0.30744468940287	0.235339254940292	0.132450690425017	-0.226645976391609	-0.273448336718321	-0.0282231768566184	-0.0228826266270909	-0.0292991811542976	-0.126232854977235	-0.0794192710960113	0.33641325549531	0.194023588507237	0.117148311558581	0.260979253530228	0.064803726767349	0.253725792088814	-0.0207425278477901	0.315548436216445	0.23452113777621	0.44042243561126	GlcCer d42:2	grey
0.0572780212013248	0.274212606112546	0.423210514867728	-0.0912540526577799	0.139968434740043	-0.143741923630215	0.100919158349442	-0.0857018534546017	-0.120729124859116	-0.191374325444938	-0.245432215198404	0.0387266396567468	-0.326958682725819	-0.211903420916339	-0.00598645068061629	-0.148986836133346	0.0924427812734696	0.027642691663961	0.126040681816907	-0.0693201269040175	0.307206565305014	0.299077630001901	-0.178700096844924	-0.171887261851578	0.0815104849375804	0.428196475025964	0.447585454266309	0.333564293376945	0.474170669912342	0.13883550773952	0.403982963272524	0.057089211776928	0.603912586394194	0.209930453276498	0.312894008270993	GlcCerd14:14E/20:02OH	grey
-0.132013582989764	0.302700434631354	0.344851148399745	-0.0837534993029422	0.117238714722682	-0.0731489513255668	-0.0604565381350293	0.0046938445706925	-0.19025328669426	-0.194449708293147	0.0185347430965016	0.0232245201582518	-0.278109749874564	-0.149945530648317	-0.0217407927525007	0.0875414301065238	0.120997163516327	0.101564106420414	0.41986322397517	-0.120702119822784	0.21395558576738	0.16988291293621	-0.0359124783329858	-0.074319770945189	-0.213971922447534	0.378701663833892	0.482424122694339	0.398587480499667	0.396489984471886	0.155182843105444	0.460152251930176	0.0642527323618474	0.658847252855362	0.384367013113461	0.501619294526041	Hex3Cer 18:1;2O/16:0	grey
-0.0554004041071067	0.337197969561357	0.247134328302969	-0.28889734132388	-0.0779644837353931	-0.22281606225099	-0.113460257100862	0.0764796255686027	-0.0270212898514908	-0.130892493553846	-0.0383400089997379	0.243823337960448	0.0578827718763468	-0.0458971842192586	0.164921536208566	0.185545284032661	0.257066212221408	0.12221129822728	-0.0961175034599458	-0.266036728821724	0.15509808388593	0.165286896748121	-0.171692109214009	-0.281571685560817	-0.0291785309546777	0.0931128787231149	0.315194831380008	0.095473144992183	0.348325221814588	-0.0391563344633031	0.282764192072784	-0.0334899554919468	0.256812364153218	0.081960867220402	0.574677696865017	HexCer 18:1;2O/24:0	grey
0.0707989444773581	0.186588228666044	0.262910179943538	-0.000478282687092158	0.350830471717679	-0.0363094705115684	-0.394245460246016	-0.208243338661799	-0.290439164579222	-0.327834366689434	-0.0427220036776782	0.00549738811672566	-0.077231869107739	-0.32545135002258	-0.006918967996264	0.0635120051660109	-0.13547549107567	-0.155423266223324	-0.082237642779047	-0.0602131496644534	0.209031584124347	0.199064260113415	-0.160249045123807	-0.282876830670435	0.13321582448169	0.423162974799736	0.235053333988257	-0.119014499711516	-0.161402265356867	0.111580972955564	0.404031316281762	0.19977165952722	0.236851738062567	0.196148741843108	0.0529427754269142	lactosylceramide d18:1/24:1 15Z	grey
0.0164644033885155	0.230964704921679	0.252314091686766	-0.0490218224260626	0.0529557893029893	-0.0379415359471552	-0.261993589460655	-0.109212463410808	-0.214331292823843	-0.366140104714235	-0.0624124447541216	0.204646804570665	-0.1240751489234	-0.0654426558583883	0.177351504742694	0.111887868260498	0.149219311869413	-0.0689961101552679	0.00113195891959748	-0.0309922308323672	0.117115341426548	0.137811099380326	0.0190925247093737	0.0383881188156366	-0.0384441455054557	0.510525176992367	0.379575596924276	0.0891330744843628	0.0962435233620231	0.172305828098773	0.367945200023083	0.0391346344962658	0.419964744380422	0.146035087168821	0.25419927677103	LNAPE 18:2_N-19:0	grey
-0.0387661812723977	0.120169499807797	0.0471442950269814	0.0165180237589448	0.0840828573339174	0.083894945003284	0.0355981491265715	0.338920266261311	0.0805102105716402	0.0798478872145851	0.199337987142663	-0.0470971980859305	-0.198277218286086	-0.118736945057417	-0.0109839380743051	0.0533577700919489	0.20300352759715	0.160616523854188	-0.0272432866658422	0.0373615672266156	0.28274595547906	0.240263841845326	-0.0522000623911	-0.0483769474441631	-0.301389565135802	-0.00951838969536769	0.0297293023653323	0.0851370137873993	0.0441064310684998	0.037938058245085	0.0277100164882591	0.00383280102770954	0.110092379300556	0.407435266323119	0.512144745209731	LNAPE 18:2/N-20:0	grey
0.175305297608409	0.345695962028193	0.182236431450241	-0.114830150441387	-0.466829367129299	-0.478908335732302	0.241682510453144	0.099069553500706	0.410195884621095	0.223180260873793	-0.0597219350606336	0.106210807230073	0.382099472556244	-0.182153917842144	0.12436661959472	-0.206947159477826	0.018967643756497	0.289183187104171	0.00353545267456363	0.20787655932712	0.614438479840426	0.389604855678864	-0.315632499440721	-0.0946553021872971	0.630203135428504	-0.159644106572585	-0.0105862195881567	-0.175636417206618	0.0966263544314126	-0.29908176433714	0.0788171295459892	0.0873426468942805	-0.123688003881607	-0.1001719482863	-0.0617923542818537	LPC 14:0	cyan
0.305123846276094	0.575586524706855	0.4063366820205	0.069740462272974	-0.409832014239069	-0.445976933694691	0.096476972674817	0.17585447264483	0.261003665776034	0.143404325846154	0.0469288504163553	0.279397466698085	0.117712346876129	-0.362496799678865	-0.108831311957319	-0.257439116013761	-0.0775678108145129	0.313356231078479	0.0730585707767612	0.380576146437607	0.818754272139352	0.628598197516932	-0.292182960444614	-0.188202035769702	0.286885816165688	0.0625841370337944	0.368221372617277	0.0606082098637962	0.212366037481283	-0.246310174715643	0.283886774823962	0.105596025711025	0.129802207024991	-0.0693840124924159	0.199944467254961	LPC 15:0	cyan
0.392432936439579	0.692130885683008	0.491629053029349	0.16314546888323	-0.387074923226014	-0.40155291318023	0.116928435050928	0.13500937167551	0.166923380349549	0.0604949328984177	0.051671708751127	0.292231517481286	0.084337636474784	-0.302873878174688	0.0755125214950305	-0.0413021493615294	0.036691837964329	0.299523541026085	0.240840409413124	0.471592961936999	0.916554043006742	0.749091238730108	-0.246130393164323	-0.129079109926568	0.115259880339709	0.20458424340235	0.295403626696233	0.112128076837409	0.11388616328789	-0.188770584191308	0.213092372753367	-0.0531262251215333	0.21953715246692	0.128443384783653	0.171310786095812	LPC 16:0	cyan
0.168848435340745	0.306932784062379	0.180040073951796	0.10137166331011	-0.197278898280038	-0.276153544826865	-0.0787555776894662	-0.0237686056643929	0.0230719612163593	-0.0711450602461347	-0.00643248317445979	0.0062378278540886	0.0712209338186446	-0.28629223760464	0.128416703522127	0.0185517726907851	0.109345278871659	0.108347990058874	0.146422729680221	0.403994693476835	0.752208752049924	0.453838457482845	-0.180797528599888	0.0431983060263122	0.377889235669562	0.200440796400964	0.221764950916026	0.0984054090327833	0.0759630415089312	-0.0877600353997749	0.341125444160699	0.306229195144825	0.0839904715758825	0.151132370677519	0.0327048438549218	LPC 16:1	cyan
0.318146485794433	0.558762290359741	0.362358252526605	0.0796816780265864	-0.363914292420665	-0.396564895662755	0.0934997892695666	0.190815944241169	0.219132322607425	0.178591461222716	0.0971672976052874	0.338647947686672	0.120312889323557	-0.284015979583383	0.065839307870663	-0.064396085421641	0.0896998978568351	0.372459551234684	0.115055375107818	0.383324965609821	0.884313857043525	0.691045782848608	-0.36886697574187	-0.216817930151267	-0.0105361107670347	0.198504347758054	0.389055923197094	0.181472389802705	0.141025668555095	-0.195686974814197	0.19318162802583	0.0451051755983348	0.238998428990529	0.147108530038195	0.342761510712057	LPC 17:0	cyan
0.356945241095806	0.651134632725848	0.413366386361121	0.193503538256654	-0.291884339689781	-0.330781674746318	0.0899866024841401	0.112747133429005	0.164777325484164	0.105988301238671	0.127977188672209	0.268361705898461	0.0785430805489582	-0.321016738172259	0.0739981431852684	0.0434923574395866	0.0434176797097804	0.289148378221092	0.250455941998553	0.467771677272826	0.882977962641289	0.720387152426431	-0.270318990748571	-0.125971979970951	-0.0877029789247006	0.12595014730154	0.228035395707064	0.133357075446511	0.105567990224605	-0.0817428346728892	0.202337324920951	-0.0197254477275799	0.289679474687318	0.341770005435463	0.22725563885956	LPC 18:0	cyan
0.321644198217518	0.445036749652858	0.308047203339985	0.319155653541175	-0.158743768378529	-0.251319897212499	-0.0026906722551846	-0.0105582816534647	0.0929851287572671	0.0583290227610391	0.0333138533942541	0.143365809789864	0.0555180144819112	-0.370060426012919	-0.0657631103480807	0.02483700024995	-0.105008220333698	0.0398018455728117	0.229533438938583	0.602211052221317	0.845712682016513	0.649611250903751	-0.0525062877618607	0.0330286047038441	0.0711911008773243	0.0321464206384063	0.0827554931491745	0.0178574021808369	-0.0298535703024245	0.0717739648234313	0.209465282083834	0.178130196593646	0.101167951573242	0.306848432643885	-0.0349879083932306	LPC 18:1	cyan
0.360705653639204	0.155923398282288	0.151119255117594	0.550898185679754	-0.0424105029948838	0.0264409241066794	0.034530434257447	-0.0395053066659304	0.0429738609409934	0.147255596158795	0.0414078110872953	0.0801230280473338	-0.0738614078163654	-0.334531432820412	-0.266453496409676	-0.0966140740167585	-0.272171621197239	0.000735414815855354	0.139565899437334	0.760809242382099	0.529190481537267	0.461660805590064	0.17077173227462	0.127969656894893	-0.301020029185762	-0.224360165354212	-0.134893081450662	0.0972032660161722	-0.077002745180088	0.178238188442206	-0.00175518957400723	0.0630966639098512	-0.0972341935102215	0.110021111126157	-0.107267377931769	LPC 18:2	paleturquoise
0.418063289614125	0.536685616704819	0.371626000658452	0.134245682274726	-0.104508399817104	-0.187616227726732	0.0534298168171997	0.350531896996269	0.192999779124334	0.113539520969371	0.369505126387842	0.210490234250102	-0.0663540710881834	-0.385418839249344	-0.189796873545812	-0.0987593934203633	-0.13489494024346	0.0792936016694796	0.0989706125653865	0.315695918741394	0.647152681115791	0.721855250814485	-0.355228608317698	-0.323998743508917	-0.273785031156231	0.0714093388673602	-0.013232278963574	-0.189601879885045	-0.280169853729164	-0.206076286925641	-0.078041777885579	-0.23207968010839	0.0962771860169943	0.28627264118085	0.304642085477054	LPC 20:0	lightyellow
0.381688209459319	0.499824517513522	0.319113914733918	0.145885726072312	-0.139547452544685	-0.196090112819926	0.133870874905467	0.346668919497318	0.212972014645975	0.0897250432622652	0.261806250379241	0.303573130009568	0.102249467546863	-0.405829006604679	-0.101446889924162	-0.10326343065399	0.0491037927073103	0.103634367207428	-0.0661087108340785	0.227199558000584	0.646667654761124	0.656350979301244	-0.337662289602742	-0.389354261002121	-0.251141395215811	0.0944404767214588	0.118486852791824	-0.103933640196517	-0.167962061722867	-0.199227840248957	-0.0478729255145501	-0.179850339532043	0.124411950124553	0.263315236750698	0.36443721651987	LPC 20:1	cyan
0.662241916445695	0.541940643620655	0.511277762043083	0.373380342712592	-0.246626716321454	-0.185505947308992	0.157790161163421	0.328053517940613	0.169698756778234	0.190564907477103	0.234547869141277	0.351046172497923	-0.0487166384171253	-0.508169359808547	-0.273274496083031	-0.311312780414528	-0.296411688122207	0.0377045531368375	0.011587040314699	0.535246451666767	0.714170226394675	0.862500050280931	-0.286391688737417	-0.358810751388114	-0.178886119344264	-0.006762866223186	0.196055260453264	-0.0843103105867859	-0.322741121879107	-0.344576333231537	-0.00349996742744435	-0.234223815103401	-0.0773655868762135	-0.0479568055858244	0.156482088069104	LPC 20:2	lightyellow
0.624980486837663	0.267428044982723	0.378939764507858	0.609309845882477	-0.154042566353239	-0.0310682784449141	0.10293698180568	0.00925166661903696	0.0951800593975865	0.133781754229063	-0.132616368364778	0.1124617513718	-0.0156068620867684	-0.360165232115894	-0.345472613124356	-0.350371602732523	-0.405547651764282	-0.0708377971324562	0.125397471922889	0.849582134077179	0.531491732318291	0.567578828984214	0.0898946470841322	0.174632946736584	0.0371756580262569	0.0560806313838462	0.139166383935549	0.00170384471706446	-0.20940507913487	-0.0848945595755341	-0.0755538627028611	-0.118125050946176	-0.165534935210377	-0.289820938519559	-0.391844495994565	LPC 20:3	paleturquoise
0.605949337249854	0.179053794958793	0.221707298187916	0.788129495009304	-0.200163678226219	0.141748289145773	0.23559885533273	0.056873360411243	0.0315190466608201	0.186566570975979	-0.0330653099136701	0.0219565306674758	-0.102810889757906	-0.203494019050446	-0.457264622091783	-0.351886160634656	-0.417276850433757	-0.00340549723238472	0.226302189563634	0.931338755743081	0.334401337571423	0.443348522412164	0.362401214147213	0.33923889569907	-0.315852501073151	-0.262033856928108	-0.125689719565637	0.144993888423096	-0.225247221760656	-0.0146966848170433	-0.291493168972314	-0.254038781364764	-0.30158600391075	-0.352218061890798	-0.516956485696595	LPC 20:4	paleturquoise
0.394470757872721	0.183786026811272	0.136691714625202	0.64122113432203	-0.239719418599817	0.0736711472711299	0.297449615703982	0.18510061825625	0.130726810733779	0.200706780768332	-0.0335474658922811	-0.143271390865245	-0.068271110713669	-0.235363731886289	-0.344912957440181	-0.352977885867794	-0.320587798486134	0.19311252013497	0.145155153764205	0.856303790774541	0.431974155423948	0.396313993576322	0.197188402727375	0.304952064631366	-0.105823911276202	-0.262801876548941	-0.1505106185921	0.193809909062786	-0.0826274057841725	-0.134482825839543	-0.189534565674482	-0.139491709638769	-0.209761415662135	-0.13776129191692	-0.359837931856798	LPC 20:5	paleturquoise
0.564723344588934	0.130436750224348	0.0944781185330719	0.739615620893836	-0.173548111497287	0.18554948201484	0.127457825821349	0.138904888675245	0.0967181896981431	0.109923580677191	-0.0729905723575222	-0.0327223754068949	-0.0386286508729468	-0.0933707196530506	-0.391835900888024	-0.352147006152852	-0.378348722225679	0.0869907939050763	0.162103373962085	0.902013042619423	0.324893293013994	0.389566380641075	0.35444248008626	0.353381653052879	-0.276029273940351	-0.298178334408347	-0.23838969003626	0.0660434474881074	-0.318949394805638	-0.0528208419704208	-0.387555376113545	-0.264162504408642	-0.398034826785479	-0.269196914084973	-0.474757690964213	LPC 22:6	paleturquoise
-0.209283466835364	0.132196724332496	0.143415733670026	-0.247931916953811	0.0640315058818483	-0.225717816095444	-0.316307465474288	-0.242281435080988	-0.15104901613653	-0.206623068112212	0.0262284376629857	0.202639118872427	-0.0940094046875868	-0.092515374246301	0.277410408429669	0.288271962035368	0.265679928848413	-0.0246332437491553	0.0898716637045396	-0.159348741125578	0.272431051725651	0.168563974385853	-0.0215393854097927	-0.0999258647912425	0.0440381700469433	0.35908063171281	0.344750636459562	0.217127252082604	0.314542411470351	0.23594236715953	0.78327073787853	0.300928367135006	0.467621464705173	0.330711524661186	0.495358734049951	LPC 32:0	orange
0.647030570586433	0.633115003458816	0.667706231238713	0.23979213915535	-0.123404978913572	-0.233880135560939	0.0962311878455821	0.204680772753351	-0.0281186174056932	-0.0725485012000173	-0.0660706437603289	0.321651427071183	-0.131981922115061	-0.492628006962938	-0.232761503253305	-0.255619130508617	-0.170437010912818	-0.0420158595751566	0.0873376148665274	0.408830093815273	0.727880571804009	0.931112039584478	-0.225420667484218	-0.320031304253726	-0.0741159719513693	0.212710548706544	0.353448124631668	0.0586075435925527	-0.0630330556016991	-0.168706227845929	0.149497293578498	-0.231650981908858	0.26379674605645	0.0256134191469627	0.180974768685918	LPC O-16:0	lightyellow
0.182175837647268	0.300685168876269	0.349964491578524	0.125925940963248	-0.122856465124858	-0.14643659019426	0.314471639216647	0.403665229101194	0.343399631944325	0.2989592718006	0.0531931845747916	0.215670040311832	-0.0134856635657414	-0.27385388964429	-0.288538241617455	-0.338735011428178	-0.214125735223123	0.138590310501227	-0.0762755772291769	0.077816445738102	0.212102518418639	0.269397461129836	-0.13368571095092	-0.214077692566261	0.14043137561177	-0.00770792137214279	0.183316768153898	-0.0434554511834867	0.055075422435262	-0.238169930421049	0.0194915838277713	-0.138788582646637	-0.0160166900084414	-0.222907408037036	0.173567589096436	LPC O-20:1	grey
0.226854080250785	0.235354498489205	0.240465455112081	0.0754451053345618	0.00855498732983771	-0.0361112702577217	-0.0119532149360025	0.233764551173589	0.0180670035890638	0.0588280482901586	0.216872492409273	0.345376880507462	0.0815259354629263	-0.371289759331329	-0.0835475962279847	-0.0622867028713422	-0.105995566208386	0.0338283967693973	0.0746194176689014	0.130943720193745	0.603207763547643	0.524609486559932	-0.197224785826462	-0.275756267253039	-0.0519580362351837	0.16948164411749	0.29422290070242	-0.185913588911597	-0.200630832497806	-0.0714938187596295	0.241010749960906	0.0787000974225972	0.12725453214598	0.165727509901057	0.268071299746114	LPC O-22:0	cyan
-0.128182538804599	0.02208476342779	-0.0352125413649453	-0.00894350974846216	0.0464277505750676	-0.0858182943803043	-0.247660003164325	-0.017428459340382	0.0343120342356953	0.0715496181905024	0.23888443447818	0.194260575900288	0.134974997063667	-0.0644166648357778	0.13305075952646	0.239900730519763	-0.225150904649256	0.0692198367812883	0.188783272693594	-0.033042502030078	0.199558419372665	0.0667898621442143	0.00756254966061675	-0.166023217535083	-0.118212467990589	-0.0230268866433296	0.077064705713383	-0.144164664903695	-0.0651620774611892	0.0697829005545578	0.312678481909008	0.159383975236147	0.150102557124268	0.221817433617322	0.198035758132947	LPC O-24:0	grey
0.228056865934182	0.214345831014887	0.275386683186339	-0.0109363084800126	-0.0128387053716493	-0.186387101976116	0.1302787158203	0.0356240281974892	-0.020292798407889	-0.0068222646284271	0.124363927886013	0.161050720540751	-0.0123564205202532	-0.197722201259549	0.134793977544582	0.143754466304231	0.112633720066894	0.135071928876722	0.118218425913069	0.000468214158077928	0.498239070622928	0.50035914170025	-0.319358912834035	-0.453083369914545	-0.0258867641436142	0.212936625284528	0.183344658920532	-0.14461973550874	-0.047215881053308	-0.272449936429713	0.142824944467417	-0.128484421620049	0.112570645229788	0.127480942786422	0.277353280181672	LPC O-24:1	cyan
0.462712509109961	0.669463319366611	0.738321101832971	0.131820705302824	-0.0996561611474152	-0.202381920239494	0.0899767541668457	0.284597551304244	0.0814517126884509	0.0300497478635151	0.0101395612232691	0.277589512526074	-0.168396942554688	-0.531865816546988	-0.201236111722592	-0.217795468905483	-0.0916338306583381	-0.054385323935819	0.118787654258229	0.271984785908509	0.656467731297404	0.748488405274276	-0.231838931335274	-0.233578898113455	0.123763457196718	0.330046918170429	0.482211318875914	0.0342311648555208	0.0956816760803482	-0.156604459702734	0.235686688272292	-0.101699794043491	0.292409019139762	0.026715263053492	0.231613439508835	LPC P-16:0 or LPC O-16:1	lightyellow
0.590143110412116	0.654271760259693	0.682719295346541	0.194488710489086	-0.195682636184179	-0.279924027886187	0.10491351623993	0.303665302591168	0.0961483933201084	-0.00364563619571305	0.0869123993048163	0.344746650093371	-0.111271038887961	-0.41037606747314	-0.221287549769288	-0.235454608027717	-0.219496990540091	-0.0313822533557576	0.0656164178009151	0.383030313121986	0.640718186141151	0.852678190512538	-0.211339872256868	-0.296987618093416	-0.139212609102384	0.197598248426453	0.407549956537863	0.152829500770335	0.0123764268826046	-0.237636190678326	0.139079059199592	-0.330710941115084	0.271612488782478	-0.0533896388424532	0.24999743642481	LPC p-18:0	lightyellow
0.554583510881786	0.546312309216857	0.479213534832397	0.234473360444612	-0.0941360164649637	-0.202165144786884	0.128056725003722	0.223609549264558	0.107253752455484	0.00535861017861821	-0.0217038933522161	0.250156998044849	-0.0442505342004611	-0.452979319820373	-0.225659016889924	-0.212958399532261	-0.121767999594604	0.0260360617335865	0.128578658261099	0.416149437616064	0.751327754427904	0.880036373049336	-0.271284118952565	-0.321239299174	-0.0733454433051026	0.0145408555330188	0.0861557726369228	-0.0729001175127439	-0.153380006824987	-0.167751361267365	0.0868119460324413	-0.11672711304057	0.13532602796072	0.184756456314056	0.157922406374315	LPC P-18:0 or LPC O-18:1	lightyellow
0.588250290720332	0.305568418851685	0.696050856627846	0.484219218172972	0.408976422541432	0.290699102669984	0.173354767449046	0.161649695280945	-0.240371472064587	-0.0933926911193852	-0.136259396121851	0.0899362547607687	-0.461302673263015	-0.501655698486058	-0.614879608362082	-0.579654737130764	-0.504170538354669	-0.341372261032115	0.0480912858590619	0.324630410151109	0.224680637995862	0.601713031401983	-0.197309049651108	-0.413711712110808	-0.300197495219562	0.133434309230295	0.286476337314365	0.0392819214095238	-0.130878413079778	-0.137921584463622	-0.0181808306349733	-0.384893990930539	0.250303242892699	-0.139289523623221	0.136922694549093	LPE 16:0	green
0.627426749998001	0.295247494348106	0.691919984460828	0.282569736812059	0.312540122728641	0.178429655749136	-0.105438933401991	-0.101916488388576	-0.175275120610834	-0.176845978037152	-0.200677892341658	0.0372500691564835	-0.249536825404165	-0.385379908192748	-0.22395650506062	-0.272964238834504	-0.308438878719759	-0.369290214596929	-0.0188416543107083	0.161036420117012	0.211865239525594	0.507135823334839	-0.255996974697771	-0.438066649331865	-0.0940543034790087	0.257973940674961	0.298482009736558	-0.0648151121694594	-0.156266731218967	-0.139825527831672	0.120148942225318	-0.237032657100641	0.158191876514325	-0.0649403107112028	0.124437357119761	LPE 18:0	green
0.618481580142453	0.237663565781081	0.517921865828138	0.768819999050461	0.489769665904554	0.403926078598471	0.0229118648166414	0.0155747457984973	-0.241024866922931	-0.160697782243817	-0.176544813964167	-0.0681471293143746	-0.42022641489363	-0.557080981029826	-0.605826752755831	-0.489363946604428	-0.55002837255424	-0.305616229038943	0.223197015629755	0.483209411907603	0.215558115685988	0.476402170976843	-0.0174149853434879	-0.181015248727966	-0.327182566229748	0.0814778104174784	0.118188927203718	-0.00511974067581217	-0.263398509607888	0.00341065067280404	-0.00143674865016707	-0.103876064377021	0.152253794790998	0.0277333893536472	-0.224653683276396	LPE 18:1	skyblue
0.560680496188138	0.149392258964751	0.334471977651386	0.823594250606473	0.257999083469423	0.285877163762935	0.0645410358285716	-0.0233277657723932	-0.182348009919888	-0.0122787706614543	0.01758730582714	-0.0244743112358225	-0.312305024406111	-0.502141259530639	-0.498050456635238	-0.3801057749502	-0.424050216785286	-0.17889560846262	0.0758910952649954	0.65973369887731	0.351562079969968	0.459161740610728	0.0495806534047815	-0.104718752331582	-0.368135439056518	0.0472586745808571	0.117555765651713	0.0883969624697192	-0.232901805006069	-0.00248516246619425	-0.0279853958947493	-0.0272878556783766	-0.0315559434215342	-0.0923532934256212	-0.292811555577504	LPE 18:2	skyblue
0.632359982746771	0.088183667064887	0.260365640839371	0.942199060129458	0.113119199863558	0.410451096873512	0.26973688043863	0.0903301449344282	-0.0468701973162637	0.141514773147397	-0.0502453608155658	-0.0802082703075023	-0.255105122802058	-0.341577835681217	-0.662819383924516	-0.51271936779495	-0.548585049219127	-0.104903636653828	0.151156075099796	0.806418089109691	0.138217141441219	0.355592117451916	0.290749440278038	0.19114531298337	-0.46749228140233	-0.193099454151837	-0.105249904690592	0.143054893515631	-0.272079738909273	-0.0695993793102683	-0.337227504309049	-0.272664750287799	-0.223214721635478	-0.334714742108893	-0.517906132539159	LPE 20:4	skyblue
0.610963656068257	0.099793043154876	0.23977730539309	0.887524607393795	0.0110874766565108	0.354474712923701	0.329559156904084	0.250759385267952	0.0530006732064656	0.219138282065884	-0.0615890635240128	-0.019288029197716	-0.256210454672859	-0.263705953534791	-0.637373514321358	-0.525809350163178	-0.550542498229873	-0.0629692292272941	0.112074100946718	0.742879300883215	0.160503762850787	0.372629895372712	0.224208704186638	0.124024295554323	-0.345587058150086	-0.252649896337701	-0.140807357519477	0.0680430461853804	-0.306410968427296	-0.185321071721092	-0.395970922516932	-0.315118693875508	-0.319287455700934	-0.33214135968525	-0.466123838754918	LPE 22:6	skyblue
0.466973742350685	0.567790221295947	0.786443002354677	0.180756022315138	0.320390794859869	0.178838327184366	0.0740964310857562	0.0233569166185127	-0.113115993000056	-0.132161142350694	-0.230680681598358	0.0748592493832236	-0.245444711834752	-0.506774089545964	-0.301910142270296	-0.358420559708221	-0.234060209895672	-0.13936839154679	0.0137020599319296	0.0668972709328999	0.325678949470467	0.507451889513826	-0.26685210416397	-0.284465011100283	-0.0286097607619305	0.394691882742901	0.476413558617424	0.139387009219744	0.136240687045978	-0.0731924471379415	0.255044938865348	-0.150559184666045	0.422968004314734	0.0690749587795448	0.222103125909344	LPE O-16:1	green
0.649104871911159	0.451495954785537	0.768151410186242	0.349837500357741	0.325388482682463	0.262039317497143	0.0712268123010206	0.0904475136772655	-0.153145682158172	-0.127737474489348	-0.282761677727427	-0.00262666477417903	-0.34297468909098	-0.462522397652504	-0.480259411596341	-0.468299780650211	-0.322287976550498	-0.250737629111193	-0.0422170627600461	0.292986112223335	0.220102392603658	0.550415814446579	-0.105660265339905	-0.235456440119583	-0.157732931124548	0.23635527266354	0.343872595377176	0.119856257190392	0.00171051668608298	-0.0325080067388318	-0.0332999521290702	-0.31556114932619	0.218775747906916	-0.0864647046003762	0.0669936447660014	LPE O-18:1	green
0.585899628035263	0.469876683925303	0.476868844735355	0.313165254408679	-0.398829689595195	-0.318008624749943	0.433264417279167	0.307729410755162	0.219365809495603	0.25235445070531	0.202694685225874	0.296390273189112	-0.00516392685646637	-0.383545006321749	-0.130916697412523	-0.284828878896833	-0.117515951119017	0.288703891467633	0.106509027447685	0.427593379365261	0.574559934327083	0.720992855582808	-0.445406427052556	-0.404277960675056	-0.106864895885497	0.159807928973216	0.220475941200584	0.0610760664508208	-0.165628392709564	-0.457277446144863	-0.0844915532781755	-0.423535502690437	-0.0197139092061384	-0.171817191992875	0.14057194562075	LPI 18:0	lightyellow
0.783116789644383	0.49211251485356	0.693464614654458	0.60213064798751	-0.0263779924531604	0.0172137108712584	0.299947148833982	0.238575718147356	0.133335300576576	0.173604449716319	0.0823808086801637	0.192244725272774	-0.222013301142653	-0.589603248738689	-0.49046298838025	-0.525187252211398	-0.454966044204959	-0.0921171371964799	0.0736452536576043	0.598491868584037	0.457640990177849	0.76572387534903	-0.277747170886856	-0.389388478704365	-0.358407751735853	0.0526803637320934	0.189451452919338	0.0727625104038926	-0.226909338709543	-0.342652955953398	-0.129581177626712	-0.44483403184267	0.0166594846245614	-0.144064132442351	0.0598262994733799	LPS 18:0	lightyellow
-0.0124402215067304	-0.287141306522421	-0.0525952034336663	0.271712338825304	0.506522933960477	0.697490886400999	-0.189772052336655	-0.329861043667837	-0.361746364286891	-0.278580541823094	-0.289730666501572	-0.332630696460929	-0.332942062080227	0.18918995755579	-0.183291833481827	-0.0600416207404141	-0.133366350169007	-0.238935495979035	0.1266584315226	0.127494349021766	-0.218485877203198	-0.231895257162717	0.487559749522402	0.42559238399226	-0.206656554911905	-0.0407894861061115	-0.065142784148918	0.22137291876982	0.153452937546722	0.4171854047972	0.0434527795096841	0.146510511384484	0.023957082824161	-0.0460952228512064	-0.303033935947746	MG 20:4	yellow
0.105208590399156	0.242739381007973	0.339615037522971	-0.0253183988768151	0.197622339510361	0.101832353279688	0.171801875220765	0.129322320352549	-0.158378250973769	-0.187883906591334	0.0737370476489588	-0.0923663691981144	-0.237710291659494	-0.195024951238287	-0.0421182492245095	-0.151149575403189	0.0552072576892412	0.0665703424293005	0.0662651118441015	-0.0806032067629308	0.191326418112374	0.252843602697902	-0.265929591044173	-0.303125813570239	-0.310941732688301	0.347772516235542	0.308283394026051	0.342372225605649	0.205308450404898	-0.105701403467248	0.16261958066322	-0.159317257745104	0.455341220156136	0.154871568177414	0.509818405593771	MGDG 16:0_20:5	grey
-0.0690687660070858	-0.198917851981578	-0.0115026146477397	0.213122618741937	0.358622357408078	0.424715743577379	-0.210576232982026	-0.200059747736171	-0.544573079540274	-0.397804123846394	-0.375373698316058	-0.354075712242888	-0.49313475562433	0.167086525954297	-0.0956913460536576	0.0230558268592127	0.14625912900968	-0.202495257127978	0.0750157653495824	0.167604003982348	-0.225161480381262	-0.221861232857693	0.593956031827937	0.538740329494015	-0.245019623716481	0.360362002125364	0.144800588348651	0.504548580360782	0.273079104068797	0.526881837088138	0.0323194805334126	0.0376810172849756	0.260771089547632	-0.0136040138248693	-0.0845983559015388	N-docosanoyl-4-sphingenyl-1-O-phosphorylcholine	greenyellow
-0.450752706071439	-0.017777678870149	-0.0937825835765105	-0.602648086806614	0.0435184513887558	-0.308987319317405	-0.0555281240071856	0.0540971254393964	-0.0319903920449065	-0.125616131766478	0.0219265332870213	0.185616644120489	-0.120012631490506	0.0620569755897147	0.290716556222061	0.272903987523171	0.392441535638973	0.164681355429473	-0.00781354864950386	-0.480801587956161	0.0206392886121596	-0.0839655356428813	-0.297712965488338	-0.180065587124906	0.22126757095685	0.219364711047754	0.213719835693496	0.00442311748888712	0.357601797523134	0.187505905355522	0.382036392719306	0.199117982894277	0.483523683738543	0.478450893183054	0.625755475177215	OxPC 36:3+1O	grey
0.179280577136315	0.489900688744829	0.469180951263935	-0.114089910367297	-0.0722199151481179	-0.259365180141455	0.176264064439682	0.2003888573869	0.164370264680458	-0.0339240570349184	0.0781367620004677	0.229464920932478	0.0454738505140871	-0.339571890701362	-0.0214812072780706	-0.127106180432054	0.108118657601775	0.222211698553452	-0.0832079030536986	-0.132988398173076	0.366910987165314	0.435201182000108	-0.446349631928866	-0.456093010265226	0.0289009322122339	0.305725893052984	0.401355145108794	0.0888269486778605	0.215266374487083	-0.245701826628632	0.1932917065285	-0.176069188345478	0.387157161728675	0.0702402096164416	0.495651029917474	PA 18:1_18:1	grey
0.550295168921907	0.48172494202168	0.672904221834413	0.305924258408081	0.0612332518235369	0.119578942883802	0.255499498509409	0.544192445699152	0.154056736264579	0.129454771102473	0.172985077524098	0.0727297703453952	-0.196583905699747	-0.623968755461539	-0.450529832133139	-0.536702892301938	-0.359473886608587	-0.131922529761842	0.0481584187004697	0.229323083827612	0.361946999016648	0.634807863773966	-0.375575724240148	-0.399866004688052	-0.232355961873576	0.122292562537189	0.29495047532969	0.175514968749932	-0.0401311585114008	-0.413738110675769	-0.072722508597201	-0.417433503630231	0.168757898460583	-0.185484501325215	0.209889925602535	palmitoyl ethanolamide	green
-0.263790452431915	0.0578074262243281	-0.117307236613963	-0.400151556831738	-0.207584083695872	-0.30686511560643	0.076925667900792	-0.186664101225544	0.235702568979658	0.0905119890519332	-0.208933863365965	-0.0983839181747885	0.439824466474391	0.0671361374598401	0.382651325233177	0.150223352217522	0.284037435149737	0.0960291387761159	-0.188718369024174	-0.307613370854793	0.083127935009742	-0.167233350982758	-0.25749758505664	-0.0264624028914923	0.841167763415091	-0.146875610038897	-0.199995298873331	-0.291073854823048	0.146861738503361	-0.128148003700882	0.163808760857294	0.334042954861847	-0.185073518614354	0.144991211579108	-0.136537914661287	PC 14:0_16:1	salmon
-0.250726549052932	0.0644579039065882	-0.00459078317436354	-0.381484429570091	-0.254229823114803	-0.38802120649468	0.0309508932705323	-0.23267458413099	0.135819001744843	0.056024894996572	-0.294657836664289	0.0383835390760812	0.318218595752959	0.0461367467910383	0.236164703954613	-0.00460539431642245	0.0871119001098895	0.134800300077648	-0.0944700881929641	-0.180097729637386	0.180252884259197	-0.0850648659216028	-0.158477706562484	0.0198036208664942	0.930729540184028	-0.074997975967662	0.0615399892553193	-0.177354199714869	0.260990191309788	-0.0162371813270484	0.348038853462488	0.386607392484477	-0.0619380556626902	-0.0131815583424125	-0.0861501260355614	PC 16:0_14:0	salmon
-0.132387080015576	0.194806431951416	0.174568169380436	-0.247060541094242	-0.134009196571282	-0.185159268409281	0.05554341031856	0.270564530901758	0.0194452080996582	-0.106552656084469	0.107592168763272	0.190427977304758	-0.0948998304563434	-0.0037049600790772	0.233164778258306	0.111327783493221	0.392519738242835	0.279271114634824	-0.00979908774955367	-0.0663896703629925	0.231373010994858	0.192618922741874	-0.11424478678247	-0.082911684071619	-0.0502173484659816	0.225405742850625	0.276539309220466	0.236513675358684	0.239252507860489	0.03506913333605	0.22814062859291	-0.102961688408432	0.235803022128314	0.130351340204951	0.683629670734746	PC 16:0_18:2	grey
-0.0202645992185023	-0.140738578292106	-0.306259357999836	0.287400875525902	-0.138171080157104	0.277481789255432	0.171262692307844	0.369569266387284	0.0849254888669239	0.0360008871358721	0.0675350673550674	-0.175705046327693	0.00599346297765026	0.322008998463658	-0.096044569403465	-0.0836114048773026	0.0237769111447077	0.28538269960029	-0.0484974401496598	0.263764226495886	-0.156937344586599	-0.114287646953153	0.369062987316939	0.354578898780525	-0.385381668041162	-0.255515561007883	-0.348154184827753	0.0121111897732314	-0.213583982861803	-0.0738211137547528	-0.567190605669615	-0.362855828123923	-0.343017775388125	-0.156384959281296	-0.1446017007942	PC 16:0_22:6	turquoise
-0.346215731230967	-0.119188203956716	-0.4403237651118	-0.192277853730049	-0.424175449395412	-0.191012655655868	0.306321531201309	0.0737620602738702	0.2535805067661	0.214578481352698	0.0909458159257052	-0.0426347886834121	0.322324948011626	0.433742736147961	0.30861056338909	0.165837050652316	0.291896793756233	0.842258978217372	0.0307015159581378	-0.128436826026254	-0.0487594951938093	-0.295953242287148	0.00378846877024756	0.199991242484746	0.0506784450114122	-0.140425513374852	-0.0943908273881762	0.194135131045734	0.244790757765477	-0.173455600102365	-0.0858216014605901	0.0258664094425818	-0.144385619572745	-0.2214596722975	-0.0048188788864208	PC 16:0_5-oxovaleryl	darkolivegreen
-0.166742433760627	0.226181315755931	-0.0853894106327235	-0.324232830213636	-0.428857204404608	-0.457993514750334	0.149605986144412	0.231671594953318	0.245773000609248	0.0432784664404324	0.1600747686814	0.137600370119557	0.242931900473927	0.157971751880111	0.456728092671884	0.212502270399757	0.38247566735989	0.80942412060285	-0.0267873876744986	-0.170611207961305	0.32043263763834	0.106746764335437	-0.472701465504535	-0.289705526796028	0.205838842973624	0.129455292890651	0.0996274653150535	0.0102715261822361	0.164076191458235	-0.287017592397439	0.103676116287578	-0.0170804785872118	0.0829558141410103	0.145212961155742	0.492631002919417	PC 16:0_azealic acid (PCPAz-PC)	darkolivegreen
-0.30491927184588	0.0564539181160026	-0.243160319348662	-0.369240033225916	-0.452917321349743	-0.284262844284452	0.186342022035438	0.0153780509968673	0.163861144482806	0.0902163814083585	0.0428398774364087	0.0759577203409262	0.287823468883289	0.438488759231073	0.416545612450037	0.226412219376348	0.397967522298795	0.822857371073437	0.0348854861836914	-0.202367540456621	0.0989027751517515	-0.171388854081263	-0.103909801196058	0.122784882803303	0.155860930462002	0.0628215812544304	0.117758309988587	0.192517801794014	0.337276913995431	-0.116257473020342	0.0228044839102289	0.00579052743765846	0.0590834338393722	-0.163868622227541	0.179995498381066	PC 16:0_glutaric acid	darkolivegreen
0.0366846008169867	0.246544910829024	-0.0963000825843659	0.0730204880630771	-0.539885430478717	-0.443319467369195	0.329208620159068	0.242512695682838	0.350576859914096	0.21607524241663	0.127875543776195	0.0442597095950227	0.288627979012708	0.0795623317637014	0.259656416189733	0.0402205543920199	0.147906926908956	0.908393653227299	0.0653318619439445	0.254458334225919	0.424912327118595	0.221458817523081	-0.270481735675711	-0.0997493739723778	0.0638055113954598	-0.0209791653337759	-0.0348307021137243	0.149915478798612	0.0903046313603627	-0.370696187096267	-0.0265809421338124	-0.110687121977572	-0.110788382610353	-0.100905615479457	0.111024928967631	PC 16:0/9:0 CHO	darkolivegreen
-0.322150733061687	0.0388028624703325	-0.0753850707929741	-0.300855084102247	0.214142577220929	-0.112727938571884	-0.15447149509359	-0.101527879576034	0.00224957029795818	-0.202572120903473	-0.154381114031403	-0.104054617598441	0.0293478380424196	-0.0256975162218316	0.270471276154752	0.310178968546768	0.266740825707525	-0.0346574816364191	-0.0553407618796332	-0.210966922266765	0.201393738395789	0.0372081545439775	-0.06393715689158	0.0502544063010295	0.23420624831781	0.0355583337084082	-0.0611111396468669	-0.171375947087216	0.100552937507642	0.352717471208222	0.27256296646658	0.379512745985809	0.324088758912754	0.796808070234505	0.28634437490093	PC 18:0_18:1	white
-0.494892643438178	-0.299945492082119	-0.343963428583627	-0.644272490591835	0.288502064523913	0.00432492304168659	-0.41481102587975	-0.107081079648316	-0.176403683722803	-0.217665465274394	-0.0083287579022163	-0.0329210100783077	-0.0310776064626028	0.288670406268363	0.311332766170234	0.309737727271187	0.26402558481283	-0.153262735926483	-0.130619479000303	-0.561789773818855	-0.248055318200655	-0.305283612449753	-0.0260840717574975	-0.0804937646243891	0.0431462631576489	0.0777724530307064	-0.0842084514529967	-0.154406280402607	0.0384449970452982	0.269719049893721	0.208617222450957	0.264533297426716	0.18717775269018	0.321887392210407	0.443970723974513	PC 19:1	grey
-0.481599253967647	-0.370275985767857	-0.407629341720552	-0.495465766911782	0.245517876138617	0.0456266184458118	-0.373267143260462	-0.0980606550719329	-0.175515262882137	-0.161254880212885	-0.0521911029417219	-0.0380835067853189	-0.061513901603625	0.288298825339466	0.274164595377271	0.309874003892486	0.238911438527817	-0.169082975143917	-0.149457333962375	-0.417538457015546	-0.29131059243604	-0.338348579656553	0.127150204404667	0.0880252259815994	0.0205776282256621	-0.00701786319371617	-0.174779111475611	-0.121188709849124	0.00120160339488825	0.383120868369138	0.135591386260607	0.318687824042491	0.123738960800187	0.322407042661142	0.308149899280675	PC 19:2	grey
-0.107680900693972	-0.221863973758581	-0.30177896495939	-0.110646083148411	0.0385119681415979	0.0716036331473375	-0.219622497473034	0.00958981186696723	-0.0387415685102536	0.0385579788449453	0.00727815510716564	0.0170373087719254	-0.10885548361322	0.102481078401985	-0.0127262243352226	0.103893270303898	0.108501537796309	-0.190717591483483	-0.140018597462468	-0.0405516328485199	-0.188552855823533	-0.111944823827579	0.214103818363937	0.173966400731015	-0.123831291051941	-0.162034666826728	-0.297906276594104	-0.0858080426324849	-0.121164868548118	0.205676162979235	-0.104681584594461	0.163157410174716	-0.145976363420489	0.099896837976522	0.0168215529218761	PC 21:4	grey
-0.543833775978899	0.0130394501444893	-0.187629970430382	-0.736018938730289	-0.176004734716043	-0.365816404410295	-0.0721928194433508	-0.0191990188222637	-0.014742718931743	-0.172213333175645	0.00549453037373706	0.0340081625288682	0.106460091028209	0.342159500820198	0.591842257339232	0.393833387943326	0.600957629273055	0.464057670084279	-0.0936811732201284	-0.599511867815452	0.0344458245017946	-0.207968464453796	-0.35740066698981	-0.212283080182313	0.398619718660271	0.198161931333308	0.17131321452521	0.0539039806038219	0.427849429907751	-0.003015605491103	0.342706772577357	0.226513743606155	0.340624949716831	0.309450800853354	0.659438571105463	PC 24:0	grey
-0.140711298919816	-0.0282765515891823	-0.0994278220872722	-0.280945043353165	-0.151253773911705	-0.27224745150055	0.0974854770447141	-0.24958744114931	0.197624792550466	0.1469000802388	-0.289394695105154	-0.00387966416563097	0.356527670098413	-0.0266896300040093	0.0727856430244991	-0.0687229608636105	0.0482067388300084	-0.0739344448613534	-0.169749731942529	-0.154679448452955	0.0467896335186143	-0.0989048882520569	-0.116946807895983	-0.0171917644144785	0.780109801111494	-0.3035153399989	-0.282541637275383	-0.418505949808178	0.0394734166096456	-0.0106298365316987	0.0840679587339238	0.275347011111133	-0.213122126719014	0.0935203228622197	-0.253416294469231	PC 28:0	salmon
-0.125087500082632	0.109658001695586	0.0487699068743062	-0.359663464850805	-0.320764930703262	-0.443231103522096	0.0542682676626429	-0.0499870852201833	0.212241867063768	0.0637478218734292	-0.282979721535316	0.144352722633791	0.238582865902209	-0.0496353931538729	0.139500074360156	-0.111731178827062	0.136578906145212	0.082007034852657	-0.140948835998006	-0.173562408426731	0.261490983325351	0.0561858808341678	-0.210493451644744	-0.0726570045250114	0.86347083483372	-0.059220955777181	0.198624690919661	-0.148816788267097	0.286437162136448	-0.10022391681641	0.335317791713336	0.409005831899057	-0.00707165788697192	-0.0499050152477352	0.0169714681494515	PC 29:0	salmon
0.241629635894677	0.356540185420307	0.253635597795029	-0.062674400674302	-0.367197069593464	-0.261737332857726	0.331132009216453	0.424191564767318	0.263049638398958	0.109413139246561	0.208820414000568	0.0461954468785137	0.129086606944605	-0.264626133301754	0.0052735368994768	-0.235716292302046	-0.0490316641012063	0.307983066660894	-0.0992647888764965	0.140111887403406	0.445639188625607	0.419025438760088	-0.38357089222909	-0.293464718375632	0.117764902686662	0.137786634073003	0.25527264072344	0.197596810337658	0.0533226437878723	-0.404385124771469	0.0908990537847568	-0.158551137273909	-0.0688414637869625	-0.087479945504838	0.309986189849113	PC 30:0	grey
0.14204914934671	0.229238812991193	0.00431290412328971	0.271321439301775	-0.348440558265233	-0.204452272434123	0.264403203288599	0.263415988968789	0.279248379521958	0.261136932794972	0.121281613058291	-0.0518387103344528	0.171782046001044	0.00284795317523276	-0.0496217617798175	-0.101047094511966	-0.0994819858398696	0.661214662653825	-0.0815704851546967	0.454215055160841	0.389599580529208	0.346480771340016	-0.0502039184210404	0.0151995125838248	-0.198640643587506	-0.0839127507075739	-0.124703425950033	0.00910343108049787	-0.0936414628257658	-0.266425846543466	-0.198947530972895	-0.292348311041253	-0.215230806399005	-0.120757282332536	0.0155730396389736	PC 30:6	darkolivegreen
-0.0221810954648906	0.092864636203239	0.210489355473858	0.0456009689074205	0.0843452669942148	-0.00225353235977832	-0.210042786915528	-0.283768273282481	-0.021588336612465	-0.00601270704091326	-0.408509459494405	0.0129112104753758	-0.0637438607409168	-0.157819672142594	-0.0902842073879469	-0.191654746376239	-0.204090548666011	-0.131888802433347	0.0739082907608833	0.112391766776231	0.200191701863382	-0.0325263549241076	0.100253478248335	0.167332445844397	0.593732123011347	0.0313439035185624	0.281941562119564	0.058069157746793	0.326256583920136	0.294780400303722	0.477572821776122	0.573362943449283	0.069239433212159	0.0385015285724608	-0.169201925707117	PC 31:0	saddlebrown
-0.125130936428906	0.0898702304540187	0.113226127171074	-0.308790674502544	-0.177145290498487	-0.33041601355581	-0.0565051508487389	-0.162497528698177	0.100128893615906	-0.0431154032569426	-0.231340258870264	-0.0344575727543389	0.216834977889981	-0.129250529871613	0.24727142083326	0.0310045745085734	0.101864411733637	-0.058639118189821	-0.135215070285103	-0.224325807395695	0.0932696843266906	-0.11393962487615	-0.234090798765694	-0.0335350901301063	0.881101532385025	0.151669600269432	0.227813939001712	-0.0611549299685248	0.222866876461268	-0.0842047002175234	0.342692485350642	0.431942140756346	-0.0231020337579779	-0.0351292918866492	-0.102608185177251	PC 31:1	salmon
-0.224256360511643	0.376468422711308	0.219851972390177	-0.374253733914772	0.0568508960631064	-0.282795517800973	-0.265038377802243	-0.13225336501333	-0.123557277438809	-0.237226433393212	0.0142115726280452	0.174499751564906	-0.0304547920332994	-0.00659923473050753	0.364702312358562	0.307921676993979	0.24658862948869	0.153310405895925	0.271067833776461	-0.243836627180639	0.370209620465949	0.16943072478183	-0.197054856245561	-0.169410620902264	0.186149212550062	0.393838179150777	0.346114153635388	0.114468076085775	0.224504726276774	0.148517471953817	0.675337607011972	0.287156786094178	0.485343347843818	0.494809653696941	0.54499601194905	PC 32:0	orange
-0.297775229983806	-0.0565612527805218	-0.157140455140497	-0.425793362717265	-0.172371213595124	-0.378025662620165	-0.161060904710063	-0.21932922838518	0.0085309803959278	-0.184140690847036	-0.296987059384457	-0.144406367280196	0.286527665779731	0.124193770715297	0.452064249587815	0.254393234132391	0.276234827646872	0.0415064086061386	0.00061479156016195	-0.255019863069921	0.0776095727789392	-0.209540051265161	-0.118251077415298	0.140117683722796	0.914179174222855	0.0984395782813512	0.0413285250543308	-0.124243839688604	0.159619901295173	0.045683028474418	0.303541701673887	0.458554775002141	-0.0316498151807429	0.114680790991752	-0.145743123217048	PC 32:1	salmon
-0.291840503561924	-0.161693332320752	-0.254732962136587	-0.4311130293739	-0.177662485247195	-0.328428437875853	0.0193205303448294	-0.205181604893154	0.0433538460555143	-0.129382946803126	-0.46045412293363	-0.0472826187045355	0.149436712968426	0.278257165227165	0.338364916175332	0.0423173880148106	0.344724680663932	0.105132680566794	-0.0723503964162321	-0.225541703104415	0.00857908607138145	-0.233938317984632	-0.0150732393761742	0.199255977291986	0.844088954044376	-0.112143464304796	-0.122794598432736	-0.213445128070329	0.242789818014154	0.210947496325797	0.128728173979558	0.380527863526192	-0.0258512904871442	0.0604221587340365	-0.111562928586151	PC 32:2	salmon
-0.291108434639461	0.0716840947556491	0.00450663119046625	-0.22326980497746	0.11790557798785	-0.119118465080719	-0.366780418397714	-0.289262959103902	-0.156868732669907	-0.163127000449135	-0.239051808383924	-0.0414996056930782	-0.0839615981876746	-0.063058848561934	0.105199459250598	0.113012442976768	0.0886390749791888	0.0101395737715796	0.165993110562412	-0.096865919599767	0.235351972512403	-0.0625506760924797	0.0363238666578968	0.117351705880987	0.401572293106504	0.069485459847998	0.280408811551546	0.102884380796404	0.366821816740716	0.395682819428518	0.63524754636516	0.757742540860823	0.300810255646271	0.42388368406429	0.158320460653636	PC 33:0	saddlebrown
-0.346190464447207	-0.0827152050321763	-0.200888766966917	-0.409154670048246	-0.182815056541993	-0.381576257771564	-0.172219458331229	-0.167910087221744	0.0646740542260201	-0.132895080828971	-0.335454380126399	-0.0759189632253352	0.218238838830769	0.0890072707370599	0.368689831407881	0.174671475049669	0.317907715334961	0.0716780681071398	-0.0661321917526421	-0.225314361652224	0.12626249847047	-0.205883538288258	-0.096515537221739	0.168353757286047	0.887329706833518	0.0654499462605058	0.144342721537608	-0.0568377942487818	0.30755415909782	0.119991060005042	0.372866995084631	0.642600559990658	0.0412460276178077	0.144285430292781	-0.0397294381803357	PC 33:1	salmon
-0.242713522583492	-0.229276735695176	-0.25427553019948	-0.154463336437547	-0.117141834697588	-0.162045440721658	-0.257556589855017	-0.283396134722809	-0.0712207301594183	-0.175677267365828	-0.537262438946353	0.0121722749401498	-0.0971248927149439	0.316275590310661	0.155388761772402	0.0268892801188196	0.261217505506514	0.0630901124111612	0.0509303956734087	0.0570673689425184	-0.0238644139777964	-0.292492926450239	0.362826096242292	0.505550561529049	0.54486329760051	-0.00101640748843109	0.128029864109785	0.107334316517812	0.407004598142429	0.510062688658647	0.244613792655316	0.561386027916054	0.0354579981105964	0.00547123128050508	-0.160874993320663	PC 33:2	turquoise
0.231681731885716	0.291638935875165	0.509007391193892	0.22128039395808	0.280145265493164	0.239989695015403	0.138786613627816	0.233025714263952	0.00142165186755451	0.0474260874170561	0.085644571422148	0.102738865194703	-0.237550590697226	-0.219029961549508	-0.233431428501456	-0.186627706709248	-0.207434118927289	-0.0692223812937509	0.240944529385417	0.0223969129891593	-0.0209014496736836	0.240124560294094	-0.146287693413015	-0.204659636211961	-0.442842983420612	0.28436364606811	0.261839560300007	0.169823835420593	-0.0336949793473199	-0.148524653317671	-0.034365521358099	-0.443336892480898	0.361310402108389	0.00222885763255337	0.300610768245353	PC 33:3	green
-0.171019015215945	0.215154689869933	0.0874387991405649	0.0348516588320346	0.220702646127253	0.00840496071459299	-0.254265040707626	-0.331142140843026	-0.263207167735307	-0.153570348809895	-0.0102498628883338	0.140281206723565	-0.224061128011562	-0.118595451568534	0.000346208955997818	0.246251365781949	0.0691899250187563	-0.0283817315018164	0.390789776178712	0.095611127460286	0.306279027201241	0.126451459823588	0.135049452631301	0.0985333731063385	-0.0910999246953436	0.0168598297997309	0.141711628704483	0.01369910983366	0.238989717425205	0.507909438658434	0.563799633157685	0.45568287923452	0.500481277933793	0.735489547813776	0.20835667200747	PC 34:0	white
-0.280999250186357	0.0871925503448538	-0.0376883549140976	-0.524655687914638	-0.0227239345810026	-0.341451713610055	-0.205754501396176	-0.00215075050764419	-0.0503326436273066	-0.24487013921801	-0.174820743364364	-0.0811002947540796	0.0967179016707214	0.112547191016468	0.383724222532521	0.293661755021427	0.417487144279872	0.0686828504823653	0.0917915018766998	-0.383946121170153	0.173830420797618	-0.00437304952778591	-0.27293611107183	-0.0810107951839885	0.607996665049814	0.182584527457331	0.143350316886173	-0.159237563661332	0.154247374819277	-0.0084049943334929	0.262530667641261	0.254166224612008	0.181223136794189	0.371844333252749	0.338633400387578	PC 34:1	grey
-0.175674181986393	0.0109426948089336	0.000569700991288442	-0.250564492027073	-0.131072472522501	-0.136213098267039	-0.0167278083755482	0.158383269778915	-0.0076833681663262	-0.137264117955384	-0.0718220508285715	0.0642158371035401	-0.0721555009397061	0.121649761238077	0.261455565153539	0.0966308687443173	0.41852785508152	0.28662220696498	-0.00723573190272179	0.0221494478583464	0.170265813702442	0.0398000961663763	0.0563835367116435	0.166024937904264	0.124534804155352	0.170917815737788	0.169012207011711	0.246476122608276	0.28564571484796	0.158141791058945	0.145289093507635	0.000244493400493373	0.110683002622251	0.0652779507732972	0.474965606141267	PC 34:2	grey
-0.253229998132751	-0.180473179800466	-0.241990558229506	-0.142422350776318	-0.0576870734569448	-0.133377041831557	-0.259948285832026	-0.374761707923929	-0.122349590919003	-0.223023293210369	-0.558821112949764	-0.131123249833924	0.0220842988953666	0.272167592605957	0.249606218523924	0.107606131614875	0.191771944879951	-0.0444185264449105	0.0960188365960308	0.0976613699544503	-0.0108505318040873	-0.293185604040897	0.341814287497978	0.544844460650113	0.686728497075566	-0.115180351633897	-0.100661492499994	-0.0440572507779292	0.271464608539865	0.477651757626904	0.223438355663259	0.51420500879493	-0.0872533698260089	0.0702856317239179	-0.322794981587297	PC 34:3 Isomer B	salmon
-0.105757803393136	-0.127980793672115	-0.262867835955649	-0.142314906563891	-0.216576296839174	-0.0137935490543894	0.0668566270801258	-0.168754836239605	0.0677571867700288	0.00112992076382585	-0.363476405554763	-0.0247401677796867	0.20606459739442	0.373994663002454	0.103531217755364	-0.0621470173770999	0.159106620780611	0.146470219001063	-0.0406122906560142	-0.0484485206727428	-0.181509044050474	-0.306182937008467	0.224986726973433	0.401445446786695	0.534152991379429	-0.327361545840544	-0.25918100112746	-0.232220839067511	0.0785854608575748	0.124608653899329	-0.186498557246961	0.144275408459577	-0.30677355556783	-0.264433894509483	-0.421357900809659	PC 34:4	turquoise
-0.554163255428713	-0.184022574224223	-0.405386190616905	-0.327764468234536	0.0301348264294385	-0.180539878338927	-0.331475004516048	-0.218841774437604	-0.0764419893503227	-0.208323901352707	-0.227143888141027	-0.201842333230609	0.0362273678523431	0.104461137792287	0.340877211794787	0.341464092499173	0.452553659679815	0.00661312898658927	0.049017411494809	-0.260581112197537	0.0331652975915433	-0.374407635026673	0.108149784410326	0.339214937821727	0.551911414267164	0.022437472761418	-0.0353788766433208	0.0497626984726254	0.334256981675947	0.425469813154532	0.401247545899685	0.876256379410835	0.160333752495921	0.507937348878688	-0.0225339155562618	PC 35:1	saddlebrown
-0.0494245318570707	0.0947332822400999	0.0540957025139782	0.123222193672441	-0.0160388963448615	0.00048616629179795	0.045615236521169	0.0727392563469068	0.0618114113316521	0.113029868732806	0.0674797917837873	0.0371358157862769	-0.100529354132568	-0.218284882598782	-0.100179584039535	-0.0581566922848731	0.0872394434714248	0.136436674305281	-0.0291664549437135	0.201379646222899	0.256515021156165	0.184512034253249	0.0182179763124565	0.0480789537643858	-0.0612673620055759	-0.143473993693344	0.0952046839183774	0.266686870796382	0.238959141138481	0.113629207631516	0.265182491347095	0.294263726608653	0.163615194667338	0.168510870387358	0.210779661514504	PC 35:2	grey
-0.275084108946074	-0.263870351885429	-0.301110939716039	0.0286651318202412	0.0876243127882178	0.067106199182299	-0.427103624003401	-0.333361023557448	-0.237881895946731	-0.222239551582339	-0.426098584074034	-0.135538064487505	-0.282626951414384	0.265691607676726	0.0951337285784727	0.190960733616236	0.218950785564769	-0.065874197653038	0.190330154608055	0.161973281295281	-0.0855629024465214	-0.331948635722236	0.561426171301647	0.664199407596202	0.206985961555459	0.0130919197216473	-0.00768783307399872	0.177472217236696	0.309003486310138	0.69877983416557	0.227408438056521	0.593042682108627	0.109299932686157	0.27418567081514	-0.211307395477488	PC 35:2 Isomer B	turquoise
-0.115113620884817	-0.174442162329663	-0.172240868133434	0.0175969480357764	-0.0117919090761714	-0.0446073567454452	-0.273518290397961	-0.309079383701995	-0.0748476040046034	-0.183306648142101	-0.534333924784229	-0.15173192905587	-0.0588068900480573	0.206237325174058	0.138428188930268	0.0230434906643559	0.130435435171134	-0.0522424765293345	0.0710175024061718	0.214095568539777	0.0152099040965379	-0.21053023916337	0.335458062088811	0.541805621636567	0.542541092607592	-0.00236957422286561	0.0194970354167961	-0.00984468449168792	0.16632077473811	0.387470990398264	0.178193999883543	0.50902434418761	-0.14933662433048	-0.00433727497663837	-0.324594570347427	PC 35:3	turquoise
0.0525790074199913	-0.135141541353638	-0.277505418820665	0.215473816416152	-0.0933653412616569	0.269590711228029	0.0985472235590093	0.150593844759927	-0.0409799533785848	-0.0350788290983281	0.136610469760735	-0.0216790975950743	0.0607164446926782	0.260132480213535	-0.0839771130439281	-0.0299476962228162	-0.0994722414698381	-0.0094922145231822	0.0676630829563303	0.240114945706274	-0.201263601084348	-0.130180825832634	0.3702901658699	0.418459214471415	-0.26917310138874	-0.199155108962267	-0.354276416813434	-0.0729991113673466	-0.402986598419117	0.00227396664330745	-0.406604932091523	-0.261204799445768	-0.323568674347441	-0.244758554354012	-0.296810438976566	PC 35:4	turquoise
0.00198616265693823	0.216591375211238	0.174472628033435	0.102838361650855	0.36074193945687	0.0218166529071458	-0.390315515222422	-0.2022668225612	-0.178023474547991	-0.224309594018191	-0.0119923754636067	0.183202001815959	-0.174551315864996	-0.228251844418327	-0.0952957067724234	0.133244589618693	-0.140453549421707	-0.355677829834195	0.125525675768236	0.0401151045681941	0.118288856248949	0.17380129039359	0.0417117004078775	-0.057352491122796	-0.0665804132992323	0.0945084966047611	-0.00392198685141378	-0.282852532045755	-0.182252445333876	0.456844197984988	0.335187706794555	0.315292696130244	0.383570811019527	0.694766291102647	0.0768443988472592	PC 36:0	white
-0.425884415890477	-0.018362577087795	-0.153603270249663	-0.306967876872136	0.242057923034066	-0.0521247669994455	-0.278829209700064	-0.0742147407878807	-0.0998510768951842	-0.240088527976034	-0.0959890938141611	-0.181596147528317	-0.0303467771688983	-0.0110343758753186	0.249809023814011	0.345434006469095	0.344441149579365	-0.0918539625188776	-0.0118011908592123	-0.237441351534406	0.0920004389550523	-0.120730669729832	0.00391756090106876	0.141196283599964	0.172404871862501	0.0857746099050543	-0.0279530790460785	-0.0368141418379909	0.144165969528649	0.419025735617525	0.292777614030778	0.426131811959461	0.337219392764118	0.808709764610423	0.335875866813141	PC 36:1	white
-0.407154422728906	-0.296035339535797	-0.365497054055364	-0.131303163872233	0.20748626516058	0.0553560505159726	-0.465318225404607	-0.426134429901192	-0.319146816792758	-0.324945756606262	-0.400663912329663	-0.155040283259216	-0.134512840570811	0.311426108259697	0.282190766688183	0.448668442764455	0.309602456159899	-0.131855172107818	0.233331289183524	0.0317147268304051	-0.095337349264393	-0.348319313104613	0.523202956555891	0.614875348359105	0.190105583016954	-0.0829677980411358	-0.187731100337487	0.0366173010161027	0.221842695817362	0.846123089251528	0.251116513546596	0.534283811868323	0.159062340883625	0.543966150050429	-0.105810674378206	PC 36:2	darkgrey
0.104178807742869	-0.0613321009443101	-0.0377548035443857	0.121916366213616	0.124812312928403	0.130819785084735	-0.197772783999828	-0.1192133972946	-0.0866415642224501	-0.260658257839296	-0.307817038882568	-0.126336036144985	-0.0408571615380087	0.120983230785678	0.17823735339093	0.0557481160970023	0.0603862249181004	-0.139701420524091	0.0205550638068769	0.264497117806952	0.0178835945874153	-0.0494338183727738	0.210379734983828	0.364473651601638	0.200417138794288	0.0776553307075523	-0.0445663647832132	-0.129704568758976	-0.151035650306606	0.230831518357574	-0.0738454827532363	0.117240035074295	-0.17779596102352	0.0380383148738208	-0.169243114108394	PC 36:3 Isomer B	grey
-0.00311100128304544	-0.130589530868327	-0.0955395396412114	0.20930269198221	0.175622258583724	0.140583673927485	-0.211328293948697	-0.295650775604956	-0.202869982113176	-0.200504683818823	-0.318541140393279	-0.073244916209856	-0.153499251648359	0.106224051595782	0.00437663501966067	0.0629404945067388	-0.10119634173993	-0.238008415543616	0.21518781692383	0.404492069213889	0.152030616142096	-0.0228423744524948	0.464244365975382	0.468063150297811	0.0877708216437101	-0.141896748128081	-0.223810669237939	0.0318981493878355	0.011346680549183	0.681427915176485	0.103707643342112	0.336391807571909	-0.0154788407178175	0.257186581060768	-0.223124921663652	PC 36:4 Isomer A	darkgrey
-0.0807152114330425	-0.23680533353032	-0.266338412455553	0.151105701245992	-0.0829811937445206	0.304867150370761	0.0529953720945731	-0.0691683306830545	-0.0727500280845889	0.0643829283444283	-0.164451901371829	-0.190556747477673	0.0303507440050332	0.353985141625704	-0.0755345487123129	0.0316576631589101	0.0644353604992393	0.0318012103269038	0.130202497573312	0.188422520707755	-0.344291770782746	-0.337248255720497	0.596385947626415	0.664902471230413	-0.0990126758613548	-0.369234361008841	-0.309288087816069	0.0750494365197236	0.00383575114541054	0.200784269150142	-0.281171321091147	-0.0622698380174207	-0.375964581867828	-0.311320348955665	-0.383815844668138	PC 36:4 Isomer B	turquoise
-0.164450758021725	-0.356602865149418	-0.36887662891894	0.107033873817505	-0.015224208115236	0.277202508281833	-0.121387384085603	-0.330341581113413	-0.195528223558589	-0.088841057409406	-0.355694966895488	-0.23529501658818	-0.00445776218264859	0.471778373169742	0.0150065356998743	0.150848830045594	0.0629293838734136	-0.0711611502279037	0.177118088724414	0.203129054059841	-0.371760181718721	-0.438897883618686	0.795479630356801	0.846728446910349	0.0277235174511693	-0.295185929170019	-0.321152097656412	0.138272215212741	0.101043720343116	0.471881205867133	-0.154589271218829	0.114612376712964	-0.274106814005983	-0.231520647694901	-0.575658185079476	PC 36:4 Isomer C	turquoise
-0.0121122236025872	-0.236749566521832	-0.229365743414281	0.262013923560738	0.0128094377475807	0.27045678640459	-0.117488377911109	-0.202028213688564	-0.144035808175946	-0.04911671055869	-0.473123097345981	-0.237754059488466	-0.130312220779544	0.346764408428763	-0.18570341073483	-0.114985818066683	-0.170898509322582	-0.00294374738481917	0.283020511910888	0.41618414223732	-0.128232979049882	-0.21212971345774	0.652402574624733	0.745103841611709	0.1153285446024	-0.302821869490881	-0.238158660809902	0.0711166888829892	0.0630611121938425	0.366814644802445	-0.181063846279524	0.0938543573885049	-0.218925285076684	-0.0765468208206711	-0.558613293830361	PC 36:5 Isomer D	turquoise
-0.0915759420242795	-0.297496015846436	-0.248016163434219	0.0547304556427312	0.0937392025540175	0.0838684644655592	-0.274143024777287	-0.308424382031942	-0.178841412149145	-0.170225899851131	-0.418846216108045	-0.204461826992628	-0.12901618918738	0.214154176323911	0.0984836974759496	0.106195113980364	0.194904793835877	-0.148819184546845	0.0670885039512853	0.134749014398425	-0.176110334677154	-0.298932124029364	0.356057788546319	0.521852666759167	0.298699492707698	0.0738462538002226	0.0327419634773128	-0.00937106548715779	0.110198208290195	0.320565634798054	0.0258993763825211	0.364824848927976	-0.102077016778368	-0.0372121205858184	-0.354937102771289	PC 37:3	turquoise
-0.153024342315118	-0.34752388516337	-0.352635746970592	0.233766051457317	0.0668367019454527	0.37468161453233	-0.103649958019198	-0.216594740887488	-0.167075981067441	0.0250443628428376	-0.380524153130975	-0.265780224145271	-0.151973835287583	0.34155165107792	-0.167862214184136	0.0294302508745587	0.00444677265736713	-0.0593212735290823	0.188453317314627	0.249974306287271	-0.348520932284022	-0.415351207054754	0.805362289411121	0.855782868134731	-0.0832938120108646	-0.318415161625698	-0.271850090830816	0.195555448039557	0.158994264936631	0.490398979135635	-0.143559099784548	0.227674236285754	-0.221292751285565	-0.127744681796336	-0.540138181672651	PC 37:4	turquoise
-0.487088759574077	-0.0709941434356893	-0.26316057576092	-0.311184830972247	0.336445496202378	-0.0380977521945862	-0.487287140466565	-0.269444106280182	-0.260257135320637	-0.362288308606217	0.0165374894950296	0.060048543942348	-0.0924963515571863	0.0854117203712736	0.26960662226692	0.527870144118976	0.344567537908331	-0.209318368881646	0.215615479638728	-0.351566571721822	0.00146000691336723	-0.164346755611485	0.0741269843816615	0.0336883367919413	0.0544996416520468	0.0658404851094483	-0.0891697336164033	-0.245783216028723	0.0468344199527812	0.519446078500329	0.395790361942361	0.520642439835713	0.440736738099791	0.884278784975424	0.241921728385478	PC 38:1	white
-0.112198865751352	-0.134286502374241	-0.116610183725834	-0.0990020586930871	0.110042288176174	0.0168178525714557	0.136867653051969	0.164204744363396	-0.0422696755604638	-0.121690715539375	0.0560109224560646	-0.236298487365769	0.0087984557512901	-0.0946397699574971	0.0467667969556584	-0.0246134711433987	0.138196742570954	0.0895438500915667	-0.391333427393971	-0.135755872122303	-0.0186188943317996	0.0327469233157702	-0.0235016188141061	-0.175713224131153	-0.179956383548525	0.0874695410851478	-0.0632745796910883	0.0320657870043735	-0.0346505844937219	-0.0193714808542126	-0.0123294769540282	-0.045662745538877	0.0512787680123548	0.114789632414461	0.3330787625472	PC 38:2	grey
0.165945588290263	0.126215617740953	0.104965122787868	0.114675429244096	0.0317286457661717	-0.0125039501943031	-0.0822810809294075	0.0517542594750936	0.0287471136343499	-0.0179765156606797	-0.0861099079486951	-0.0286248422842967	-0.110714565271172	-0.0433285061587289	0.124899816814323	0.0053225075886921	0.154210067080615	0.063722080193226	0.105990391333921	0.202023547261972	0.20291853141486	0.127697873736287	-0.0876763140025874	0.119826281646783	0.0557580463133618	0.342070719089588	0.271175098690295	0.127857076247345	0.0596350292025794	0.0135135188830605	0.0830777911328294	0.0402167449568489	0.0482700803649701	0.0520221511006109	0.00256771232328627	PC 38:3	grey
0.0786568050980713	-0.257291680248477	-0.174478464188732	0.418294156322685	0.0302364067961249	0.397468190729708	0.0428217187119301	0.0435241157601329	-0.155957316677103	0.0450567677299429	0.0571154269962916	-0.153014994636876	-0.232857532295165	0.142973455378941	-0.269829234939287	-0.0790035843148186	-0.0206193973710586	0.00370657158887808	0.244523517639079	0.42707114517066	-0.154866280715009	-0.0640615573466285	0.555331252951955	0.551052555262323	-0.552387621118225	-0.184540300382733	-0.161062957087723	0.282114872950724	-0.0579207470614134	0.289826709481086	-0.256332937768475	-0.165345097552382	-0.125875293713987	-0.116367707181031	-0.257322435977116	PC 38:4 Isomer B	turquoise
-0.187276483189356	-0.335314784451664	-0.36644050338359	0.197337801281978	0.0473250820382301	0.374911941268156	-0.0446930479138302	-0.170222068314625	-0.171593362594034	-0.0124862363129492	-0.217570522396848	-0.276991984600742	-0.0816951766280415	0.398963666233249	-0.0466055649790632	0.164021823151645	0.0671553351784165	-0.0104039619990964	0.16365267081368	0.243208955324172	-0.364528194259451	-0.389063404610736	0.784421779755305	0.850202940625828	-0.227961689463044	-0.279774283940288	-0.355660007255643	0.239640047459522	0.101751103784481	0.477097023579965	-0.227932412649639	0.0146337389233758	-0.189547956088699	-0.123246309640983	-0.458790928582754	PC 38:4 Isomer C	turquoise
-0.256818025431827	-0.254782077452932	-0.399585231792079	0.14113644802051	-0.00250677060894326	0.234703730533585	-0.233354572282759	-0.137712631008645	-0.0871240129923621	-0.117020027059933	-0.346894317221609	-0.340982795973858	-0.00764297672881556	0.329287166870445	0.0385457114003142	0.159977841085227	0.0751563543870575	-0.0255822801059201	0.246873717990243	0.312013449691008	-0.0707790722768597	-0.320914048293645	0.767323580557312	0.929393052456849	0.192044382929034	-0.294571208560479	-0.350050777944789	0.156657232062848	0.156745035888542	0.558978113208715	-0.044754678318776	0.3659679630468	-0.188013828027586	0.0994260737245532	-0.520174887736889	PC 38:5 Isomer A	turquoise
-0.198501004212733	-0.197011345271339	-0.232814921598949	0.19537286453619	0.0501801955073776	0.309465449321686	-0.156837527541145	-0.135266937395245	-0.0972569615587362	-0.00351581773919492	-0.387846033804396	-0.200425661116523	-0.142911173782621	0.269621630150317	-0.159435853037103	0.010635712550793	-0.00781189013771504	-0.10635790077089	0.269800504992077	0.322993050776775	-0.0879195745571556	-0.26437227920267	0.715930507842004	0.864588201737065	0.191060850572207	-0.275799018070633	-0.167184458268759	0.0874772632068165	0.216583240712143	0.566649383847357	-0.0578776932895476	0.314214336936738	-0.118121530213145	0.12450940300824	-0.51362718991771	PC 38:5 Isomer B	turquoise
0.0101181581804765	-0.165660000263761	-0.151498600721637	0.348554901619152	0.0745183791610545	0.32983386184054	-0.139778695592404	-0.171437817057721	-0.162748418114866	-0.0662262466232187	-0.425584356355061	-0.237250244116466	-0.187587052080934	0.206796796595018	-0.235795531614099	-0.0951829734973814	-0.192901712213703	-0.0887727061816816	0.300177293980134	0.498108627049526	-0.00933567733403345	-0.136024408433131	0.773937645159493	0.846739578658598	0.0420709459522416	-0.314346887560174	-0.247932387923562	0.141542986871258	0.0852800741800128	0.587880389361675	-0.100499062351781	0.220970155939356	-0.14458695375332	0.00741208171879452	-0.541559410189643	PC 38:6 Isomer A	turquoise
-0.382061148626905	0.186465813795851	-0.00840667306098911	-0.370152732442217	0.223073628793099	-0.0786249464170965	-0.32718266313484	0.0232005208726079	-0.138495181993489	-0.142462448009179	-0.0381093587594816	0.0746714426581115	-0.215544017232153	0.0429845172105202	0.162846534757566	0.32089637486774	0.24627687836162	-0.0407969467263024	0.163932373551318	-0.423145068692699	0.0613470898631086	-0.042375036766284	-0.0760683400170981	-0.0515124193093786	0.037877580734637	0.128477647564067	0.0327129512652289	-0.199997316925629	0.122529390812103	0.304911221966822	0.278506672495381	0.274236545841928	0.46199465614211	0.782209920966303	0.427155652723971	PC 40:1	white
-0.191304111390607	-0.307672680422901	-0.286988381478858	0.025036819826591	0.135045627085747	0.255839103727077	-0.292874489248244	-0.445080024407622	-0.340294712277644	-0.239498825319384	-0.30009294118512	-0.268928571236982	0.0159305917134328	0.306847062848371	0.1175141475526	0.303736385697444	0.0733814263594996	-0.360413947144156	0.131075799092894	0.0791413142467258	-0.28822736203234	-0.383794067831831	0.617140556078212	0.661382498322217	0.2178209311456	-0.155404169953899	-0.262318666080179	0.0021154605442155	0.049645334690852	0.539898558919594	0.0152894436520179	0.291265649923713	-0.190999124181532	0.00155040192604643	-0.560692005060676	PC 40:4	turquoise
-0.120924113491081	-0.23047447141294	-0.321400065785469	0.270665187564918	0.140597345032105	0.373586389027508	-0.226642713230479	-0.106606019098579	-0.157541920782016	-0.191157982507703	-0.269620868353589	-0.396682992311306	-0.123554891073542	0.284734349228905	-0.073427731114398	0.00444615279489828	-0.0826805108022077	-0.0904141572703938	0.198512884994863	0.415833153293759	-0.072230427163879	-0.215419652803726	0.616726854676502	0.729137555179797	0.0149097963892818	-0.265505866331156	-0.403232890191985	0.0416483029291623	-0.0300202447747094	0.438413413044538	-0.145555058643239	0.174072189105682	-0.181388153375409	0.148866514868017	-0.45342271129797	PC 40:5 Isomer A	turquoise
-0.157940601010862	-0.168839947491266	-0.107594860417763	0.0190874657662716	0.173700049097944	0.222593429463051	-0.207786605240288	-0.163753729776735	-0.27544078705919	-0.262116062791394	-0.231568796841615	-0.303798818640895	-0.177023983282812	0.14601987254997	0.0933292587052838	0.257043200909454	0.183416412490959	-0.314511375784856	0.0271969256604003	-0.00269784848991978	-0.221710561226412	-0.237314602174983	0.465149651894468	0.500540904947622	0.144494454241033	-0.0340055315101696	-0.0211708131536954	0.154169396117302	0.23810950647365	0.391237279269195	0.0334379702259853	0.195640316770677	-0.0519957428308269	0.0234740166340116	-0.256394187237932	PC 40:5 Isomer B	turquoise
-0.142794671143384	-0.316141167075335	-0.419131069966898	0.309802445101309	0.0509206128558565	0.411696339316319	-0.0976095723796272	0.00807539996140885	-0.0733081138854616	-0.0949022758193622	-0.282898507873864	-0.344215421259886	-0.0652626269094697	0.410095843121245	-0.0504733030060596	0.0475892599242493	0.00194741470272504	0.0552867398626044	0.0678373959340663	0.316545039416667	-0.278555910393025	-0.356518363657884	0.69038295248998	0.736702381542128	-0.130205565950477	-0.260904363666449	-0.419930260334912	0.120281990009106	-0.00287006415192148	0.321472487430614	-0.338422547885718	0.0138953380578545	-0.284400438133705	-0.0348511206480019	-0.478286160485767	PC 40:6 Isomer B	turquoise
-0.141946548856378	-0.222433808864273	-0.338443244688978	0.240788579897921	0.0502797196057479	0.258068623212595	-0.15839224824335	0.204232321146918	0.0242467306709754	-0.0979551863880582	-0.240529757324587	-0.250631353904719	-0.121823595045573	0.291818590854871	-0.0344198272247539	0.0420474464674099	0.0645885412520011	0.0246244638077515	0.0302095102511666	0.306484603104276	-0.0452447339132154	-0.163454666065793	0.613276764572245	0.646000895427691	-0.0788037809475395	-0.141193559342985	-0.2961712819031	0.0694628470053832	-0.0666961421932911	0.406688049116924	-0.233018213352221	0.165102427517615	-0.18711137706999	0.148435437170611	-0.234761373364552	PC 40:7 Isomer B	turquoise
-0.450158895160533	-0.165318674582889	-0.322735702614029	-0.510810271374714	0.00845636983829784	-0.11495378913242	-0.406057581269482	-0.134204883971157	-0.285075247560096	-0.183580561730332	-0.103256571771316	-0.103069343043658	-0.0143248754943046	0.387406626869671	0.289991146488264	0.43429584780661	0.37306037594999	0.030215621992988	0.00489302706191171	-0.407059702674206	-0.290081197158834	-0.359393739504268	0.142193303724566	0.235258682762376	0.0910450503812086	0.197541864850779	-0.0254098951677423	-0.0434766743654167	0.0222330347612609	0.254982202571639	0.0279760713099882	0.20118514828289	0.0788854239185858	0.252142055691084	0.139092232382918	PC 42:2	grey
0.0831530915786831	0.462025433558494	0.402581588911053	-0.110696651862816	-0.164107103458081	-0.319914039424945	0.225240145134635	0.202835458437257	0.157235905873678	0.11863424314707	0.386165475283553	0.392618277931619	-0.00476286816102728	-0.268400354237866	0.0851375825867339	0.0444616880715628	0.0662866845017407	0.208301856721778	0.0294028310447665	-0.127691859218039	0.347393997956934	0.376143811610462	-0.479817633005573	-0.494933662790535	-0.0748369949080766	0.355608279547353	0.503784726835464	0.0273986259379612	0.139439068475488	-0.313783123532944	0.374378437823085	-0.150665204005231	0.425270167531433	0.188922655374872	0.517324786908568	PC O-18:0_16:0	grey
-0.361196281054622	-0.124315192877046	-0.0180602753525747	-0.136157386812384	0.0488518829214194	-0.0916239098193362	-0.15304517060504	-0.362431609498145	-0.155306949286418	-0.0413609167299547	-0.191218369677769	0.00940623138627013	-0.018709242550961	-0.16187160373806	-0.0259581353039216	0.0802711128098588	-0.0604023068488137	-0.0514170127036303	0.076030724618168	-0.0457965745149366	0.0714485750481248	-0.106142461009596	0.234095424648417	0.15946278599771	0.442784278376683	-0.0389470012588032	0.211961435045369	0.109955146092814	0.447081779360274	0.354151954238226	0.718263757959842	0.598489317443784	0.240803160863844	0.202974704753348	-0.0265742861478007	PC O-30:0	orange
-0.269296043958139	-0.0429696138656314	0.0186062689770016	-0.011772134847491	0.122740313382504	0.0538063421245126	0.050472363457848	-0.210592089536238	-0.0400810046658071	0.090894399340051	-0.304678984343645	0.112304437902241	-0.0776817951202116	-0.0134305925495796	-0.186683645669012	-0.0604884692367975	-0.0517598862154845	0.0560879565375339	0.10238861350633	-0.0669770227372982	-0.0667288653563473	-0.132460283949383	0.376103715892228	0.239302883471479	0.176661448540487	-0.189309362031848	0.0817772251068756	0.134294633353485	0.383813836742322	0.496030950461101	0.396012098149326	0.31497813059454	0.201992468759984	0.211281240797162	0.0148041556926653	PC O-30:1	grey
-0.329257507728172	-0.131857484775064	0.0247377436503006	-0.604267576736033	0.390749651746795	0.0695114701887495	-0.266814159958352	-0.115708108787665	-0.257708240722281	-0.331602492108307	0.00388345802485584	0.00446373423106599	-0.107900349219025	-0.00521763097332653	0.150511839138	0.159830752196003	0.249554457947218	-0.303258033577119	-0.206269347073835	-0.645437282098039	-0.167981542706057	-0.129567604985579	-0.250228084455394	-0.311260000961157	0.153103750946275	0.162584376201929	0.166733793167383	-0.226916925552234	0.0863024672606349	0.13082951675451	0.286274979918225	0.149815426777665	0.355387673109114	0.351526683680591	0.576169919747494	PC O-31:7	grey
-0.270086611603329	0.137054137560345	0.123813110167918	-0.132807733717951	0.194776659300669	-0.0548390845143393	-0.396363908452956	-0.366033208964568	-0.219115276474955	-0.266122502520169	-0.0993539374677367	0.131744371877736	-0.13651171019654	-0.0847211017242047	0.199990091030669	0.231889023244954	0.0344052820954931	-0.0620009154476313	0.22441714201274	-0.12551648425413	0.16811550764695	-0.0482186865154142	0.12278008149472	0.0722505024000638	0.234850668412231	0.379249797678357	0.316631613163195	0.1533092776736	0.293361675956248	0.418052929995156	0.880634358741974	0.560638499340107	0.432185279233138	0.365343099511304	0.156219812009996	PC O-32:0	orange
-0.396022052237927	-0.212157822931209	-0.135626394924713	-0.172412032115241	0.39611054232514	0.202488306832157	-0.397120507413982	-0.416806845954048	-0.427963118426569	-0.32760749311476	-0.384371079280883	-0.0586173753356611	-0.247456152161143	0.153083321804729	0.110152063377327	0.278323883871929	0.157568699363429	-0.178194042640533	0.165599662650906	-0.253975395990565	-0.153070805790115	-0.289335053976851	0.46945563526039	0.319508359734736	0.0875165771316707	0.090564247283262	0.126540875466334	0.14689259080171	0.353759501277942	0.800911527022334	0.54538666732581	0.548173095166882	0.361767145482729	0.444264090451266	0.0734389252358046	PC O-32:1	darkgrey
-0.319184983304879	0.0561254921271366	0.0887918720922503	-0.348253969766258	0.0666093262554231	-0.243334043566083	-0.30951447528345	-0.214266320494811	-0.0771929182266919	-0.158268347885978	-0.0932972206698262	-0.028269060715146	0.00309121069678826	-0.248786190926937	0.212556523845016	0.138576201724143	0.192905417891431	-0.0360676956152928	-0.10607288113215	-0.251928566557444	0.169780791851681	-0.0673371635979822	-0.0848247880363655	-0.0608626188264184	0.518634292224617	0.327738189994239	0.401806424972074	0.104956148317788	0.376233055360249	0.252392377524672	0.807153346731106	0.694472131684677	0.321352566851103	0.299736646100221	0.261859675652047	PC O-33:0	orange
-0.218208690089034	0.201787034758657	0.180119066507555	-0.162032547113264	0.155308655966072	-0.088650807400046	-0.222001713124977	-0.186027107615529	-0.264246907888236	-0.31308838200622	0.0314732746631611	0.243544861188261	-0.14660102742524	-0.219519511103873	0.122093308645767	0.213621798109814	0.181763230248941	-0.0208758229659044	0.125644033807553	-0.227738743690491	0.141541023467456	0.0614466733190863	-0.0322259159969015	-0.148608613918716	0.0764178653796729	0.304538739450233	0.42353528563494	0.0290196824622453	0.237759112090079	0.281612576205486	0.754723472411446	0.400475387303147	0.454168896830699	0.439263698562524	0.353203972890576	PC O-34:0	orange
-0.54729787504411	-0.33572421016811	-0.37348537016763	-0.240847681788849	0.203576977851468	0.0133160550387624	-0.358756490558791	-0.318826199252832	-0.208098429838773	-0.25327773062181	-0.0534783666607816	-0.0934035911471222	0.0326970074534553	0.00432977044569815	0.251584304342727	0.400476622134527	0.284738611149485	-0.205370183921041	-0.108193667358513	-0.327795168906048	-0.205590410600249	-0.419981701078721	0.284092559601542	0.255746647255837	0.315324958768447	0.0500178342999712	-0.0262495823361764	-0.138481367120975	0.10204689449886	0.493879631302234	0.515410087476908	0.719292437318403	0.136997525342182	0.479743857390987	-0.0941731310224385	PC O-36:1	saddlebrown
-0.158088049051835	0.142482998318674	0.148813431540443	-0.0016663208809276	0.189150248843961	-0.0203284582805577	-0.118796969440336	-0.248754304844962	-0.314966753491182	-0.345389789958469	-0.258734845520612	0.153176426515943	-0.289178763759164	-0.061918490818465	0.0447879722622174	0.062582397067186	0.290846144848652	-0.0195676317832073	0.189946160668437	-0.0546094963673145	0.211072399818509	0.100061870284019	0.0289724250886686	0.0677503895854296	0.0564732139235366	0.336161340063421	0.467866721461003	0.313447033793978	0.577290579605374	0.3384123145701	0.555784839024165	0.357843079414358	0.798624484220711	0.346578221101465	0.257881789656794	PC O-37:0	brown
-0.2901243649088	-0.194917916592934	-0.28674577213727	-0.224833265034082	0.0719549405018828	-0.0757870734900646	-0.111183953681635	-0.0503871905995228	-0.0066708890602686	-0.0615519193048508	0.201061668388624	0.0341221102505435	0.169718163885018	0.0414859799768849	0.24375959646838	0.271396061876438	0.0447789262405316	0.0199894670806727	-0.107946953015412	-0.302711058763747	-0.086615102376359	-0.128723401396015	-0.0817690570730082	-0.16904601913748	0.0973681726779302	0.0603745269642698	-0.137711996092794	-0.346311746163956	-0.291261236668758	-0.126143275551573	0.210502329438516	0.178284244462389	-0.0571545896200997	0.218771253009936	0.0684945887428899	PC O-40:2 or PC 40:2e	grey
-0.469751948459953	-0.263354787295327	-0.492185702590628	-0.440849110859914	-0.0864654236985733	-0.351700216362131	-0.28933237232757	-0.328868564424382	-0.0626077467033733	-0.236536702639973	0.00274645853981123	-0.0949730186914169	0.304104491862713	0.276537229635981	0.576646395026599	0.588143383144339	0.39194875936082	0.151050080374889	0.0781211543780544	-0.386099322990937	-0.0438688986877609	-0.335411961859105	0.0212033355750883	0.0911438188115793	0.315799129467852	0.0674965263156895	-0.0666446997118626	-0.146944878489518	0.0177811439847087	0.144865808744542	0.336588410574177	0.443611102628355	0.046242595989143	0.386555614009008	0.0208377987707296	PC O-42:2 or PC 42:2e	grey
-0.280805965345177	0.0632954850160852	-0.00621308218311777	-0.173330314216692	0.128683262216743	-0.0636415153705777	-0.128458154960012	0.00575548979270105	-0.0160102100133836	-0.226727170526857	0.0140640176887101	0.0608315634192316	-0.0990729999302437	-0.0365662159094961	0.0437958159291657	0.0648982843216711	0.234622735222429	-0.00320053370157428	0.183075191678968	-0.0978360075380552	0.350084472024253	0.188687126728464	0.0458806124834203	-0.014964997147366	0.086838028157059	0.0906853225673044	0.14943167736506	0.0794873721201395	0.228228947083012	0.202623439515841	0.504817155988596	0.323205629644173	0.327159358607982	0.455887587807407	0.403458341573637	PC P-34:0 or PC O-34:1	grey
-0.297212217254685	-0.323753744059262	-0.269300529454245	-0.0385088572226128	0.347683465879048	0.23505471682756	-0.372842187359501	-0.317287621661899	-0.40197668350054	-0.316042311807144	-0.459407970325719	-0.0924264581914368	-0.31916558185815	0.173270045326809	-0.0836191691813368	0.143908297255653	0.125213130562855	-0.319789513160714	0.174798339255781	-0.0101042578884278	-0.22596249616369	-0.247943503567728	0.696410111057417	0.558289569690166	-0.00460592842984887	-0.0470043653521889	-0.0984029760626799	0.114538020625549	0.204183561563431	0.89722027179289	0.281647314574339	0.493184015378614	0.214574810690977	0.383980146319227	-0.161674002746117	PC P-34:1 or PC O-34:2	darkgrey
-0.133398177305375	0.0250174132269584	-0.0372993296599182	-0.109941432824814	0.200185988046439	0.0499075716140786	-0.11610890430094	-0.16143549577158	-0.199833974791663	-0.131930863678059	-0.185997644320494	0.0992378012312069	-0.113784539023638	0.0986646305349794	0.0968120864516547	0.17380343624765	0.140341885906698	0.0228084192696795	0.0793927701310924	-0.139515341772006	-0.0614792596208728	-0.0500476885271872	0.159852201812526	0.0376983415852858	-0.131628905759814	0.130030951476775	0.00821296848714691	0.0821690143463532	0.0914075801106359	0.444595732500921	0.238654440560627	0.159742437243425	0.245175859916781	0.428979361731191	0.245620473564537	PC P-34:1 or PC O-34:2 Isomer A	grey
-0.262424760182518	-0.320182772064252	-0.15626788697443	0.0744829709974929	0.406501476887863	0.378607041290767	-0.335218508954034	-0.280485186379867	-0.436226105688605	-0.310918205359859	-0.489395622906265	-0.141719811192985	-0.422770364676563	0.195079038206932	-0.1473923576312	0.0310460113534256	0.00225030084624441	-0.227248419021451	0.185525987733974	0.049672073093201	-0.252903013158232	-0.295804331876963	0.689525503741252	0.546676896015266	-0.0346261859030832	-0.0556489683796645	-0.0297732767872194	0.16692310080807	0.258430296869205	0.926626015948739	0.240065453094731	0.438696192891884	0.233501197752545	0.284158095530244	-0.120112752092132	PC P-34:2 or PC O-34:3	darkgrey
-0.546146681509046	-0.415625719406034	-0.460108204254125	-0.196085000046777	0.339358281965515	0.0834784242821299	-0.424763732665762	-0.312767406431379	-0.278889118708444	-0.264984304720633	-0.22617908204797	-0.153410704209211	-0.102353819258194	0.129882348369194	0.13337783910994	0.355285378347873	0.223592967736628	-0.2149684461556	0.10926227428267	-0.195531934041112	-0.161810576427814	-0.354093123637607	0.480821588923856	0.379602188744128	0.172641709419952	-0.0494052908818539	-0.244566270891252	-0.0592453611442408	0.0935025618556316	0.727447976849795	0.425801974581888	0.693682355415825	0.153474286352249	0.53085707561342	-0.1201736424106	PC P-36:1 or PC O-36:2 A	saddlebrown
-0.317888733948116	-0.15458295774617	-0.0579035642760125	-0.10596022163894	0.38705384812698	0.178035616827395	-0.279521944333664	-0.340704566809443	-0.291309776625163	-0.269499833843242	-0.290093293663684	0.125580005324198	-0.164973356975169	-0.0147228282331748	0.0282184231315161	0.184643994012802	0.116836970297299	-0.340533670754435	0.0977877010361133	-0.153428956166134	-0.107353379463389	-0.200102796895206	0.36557387057944	0.269011652257399	0.0260837373680194	0.0580198995118283	0.111993674248788	-0.0416289659877719	0.198625913525952	0.801753336566428	0.400600597492373	0.470669174953873	0.38539253813802	0.576547698598142	0.028241223909832	PC P-36:1 or PC O-36:2 B	darkgrey
-0.411319740310163	-0.402880483697369	-0.338105799293498	-0.061945754796209	0.426332435240344	0.328272001512036	-0.454803463709187	-0.369991581168351	-0.443205536988852	-0.39226887341732	-0.331278262792109	-0.11984843778476	-0.304276185940245	0.274915911993441	-0.0162140635900411	0.2529805774417	0.119971341956317	-0.273530748681918	0.162475740473562	-0.0581486825513218	-0.215587574043747	-0.342806901001734	0.621808711743276	0.501002620106688	-0.0104955293274249	-0.141660404463714	-0.15617565997711	0.00724944186441562	0.183693160026348	0.915752345161206	0.215876019356799	0.510259547252194	0.251092123442365	0.451920805964388	-0.085221552548966	PC P-36:2 or PC O-36:3	darkgrey
-0.134835311524614	-0.363825090272767	-0.297293836518051	0.252442026628811	0.211538819134427	0.440868552299924	-0.202443201495358	-0.215216631646034	-0.270287773458609	-0.107112418449783	-0.370161581895984	-0.267821457049243	-0.229185009694674	0.260236768532978	-0.242768333972558	0.024539491159247	-0.121968880023581	-0.299839634771934	0.175185601944455	0.275963790084679	-0.356358940043183	-0.311494157053822	0.920984247505125	0.83761913444881	-0.109832424324172	-0.326938494132367	-0.346710027020555	0.0659515686647032	0.0154185131902766	0.642450176705223	-0.0791135345180804	0.199241849611913	-0.180330847390019	-0.0073662040974398	-0.531450110940724	PC P-36:3 or PC O-36:4	greenyellow
-0.268755582043135	-0.322665445608574	-0.175156217064816	0.107625266076005	0.259442023712184	0.453471751105017	-0.100623428488856	-0.210734609968971	-0.364085912169479	-0.122892377642201	-0.363041771984456	-0.285437928385412	-0.284003262559918	0.206413202572676	-0.158065822689313	0.120349531547668	0.0170556957844201	-0.22918165345644	0.0983366854206908	0.0732502580783744	-0.352012147559407	-0.34939582224326	0.787285383098791	0.714935459262699	-0.0250470854338858	-0.216797356070057	-0.144516340228902	0.214232459387707	0.242162318719315	0.685414311854672	0.0689343839446706	0.265455100371107	0.000467629998428937	0.0768197749810532	-0.308779789513413	PC P-36:4 or PC O-36:5	greenyellow
-0.201623802388388	-0.418872266837035	-0.291809024225423	0.251573944372035	0.175755394075587	0.371363083625618	-0.173524222683051	-0.320821286060324	-0.24181518464452	-0.0660074572936867	-0.29411060500491	-0.288136932754909	-0.138881503359921	0.179220392321847	-0.201642863761543	0.0734771097280437	-0.144297024935028	-0.363862931668093	0.09753116882747	0.259962732489044	-0.345814128379657	-0.370505714786316	0.890040262707701	0.795903860299311	0.00638150560746043	-0.375718989320962	-0.302512921387027	0.0869900230686494	0.0876751429845903	0.627446557446714	0.0184872793801602	0.314651247232461	-0.210321243323653	-0.00852869459013876	-0.581444629750834	PC P-38:3 or PC O-38:4 Isomer B	greenyellow
-0.200137905927511	-0.3234518142486	-0.362035526159491	0.253729489851606	0.098552154896078	0.351894199674082	-0.116496487503783	-0.030216992622085	-0.0900986953110922	0.00964879426947308	-0.259299484745688	-0.261716625437363	-0.129818357351048	0.246293537209605	-0.16571514289844	0.0872925211900588	-0.00273496681959725	-0.197287435628232	0.172625256443139	0.30682321906996	-0.189793818417185	-0.247814622296997	0.878929178539804	0.821463920130902	-0.0907242569177003	-0.377704555309826	-0.44794403485213	0.152270151235785	0.0429039404281227	0.567200355151522	-0.133574269068055	0.228194988918022	-0.199135435764113	0.0748120400452277	-0.487219801167019	PC P-38:4 or PC O-38:5 Isomer A	greenyellow
-0.116307863729731	-0.37069631002777	-0.346680129726001	0.322590964047222	0.050574266788279	0.337619520727247	-0.167477254075285	-0.245763801665809	-0.1720815440202	-0.138670407479952	-0.284096759028999	-0.293589629138142	-0.120265207229883	0.29606786543266	-0.117399451548541	0.0623421403400979	-0.0107210205050969	-0.123546625159773	0.0711332723489849	0.348559001570781	-0.220764298674668	-0.296099469467248	0.843702270577845	0.684448600708568	-0.0163172386966429	-0.41572887083764	-0.413660914859916	0.101387718976069	0.0754964151438432	0.470192973494629	-0.079592603982614	0.21500300180838	-0.384951686800951	-0.089086280031018	-0.551504123001013	PC P-40:4 or PC O-40:5	greenyellow
-0.196540497990212	-0.246971098034496	-0.3267750897238	0.265700775442269	0.120962494210148	0.319916070622462	-0.121728451145448	0.0942671694771666	-0.115885940185617	-0.106224747656466	-0.180661969573041	-0.227885703851272	-0.220415977654924	0.258890872257257	-0.189990201848011	0.0357177056508315	0.0385717891622411	-0.0784178685191384	0.0431563771333225	0.261546899057868	-0.265610615247551	-0.279440847622872	0.717472204070322	0.620565229478942	-0.297186530842461	-0.237833762823838	-0.27319148188845	0.151806349971451	0.0778863682343717	0.438923891684303	-0.218986343550146	0.0272130181134605	-0.120115308115139	0.0816057655212028	-0.180964090019109	PC P-40:5 or PC O-40:6	greenyellow
-0.462079559629708	-0.388657182533141	-0.539366158982922	-0.239005564326579	0.158963352623477	-0.0784056688996923	-0.170043733902093	-0.207448386434449	-0.145121651376617	-0.281994819287253	-0.049657169899636	-0.00483785629086266	0.00895707818303535	0.238657074212105	0.325678249497275	0.331194624497171	0.360000059592531	0.19589670985366	-0.108563711014889	-0.28100284481996	-0.0680013835517153	-0.244455747697666	0.015049731708557	-0.018891904477502	0.063236937577478	0.0869565820514019	-0.167047364700508	-0.164348377412788	-0.0110781680224041	0.237652397062429	0.254605297607606	0.362561126950356	0.131365366255141	0.387754298289851	0.165555642438498	PC P-42:2 or PC O-42:3	grey
-0.206452744297203	-0.348725460501463	-0.329552337290417	0.246056049918027	0.0412571953892841	0.302657927260796	-0.266551619346726	-0.176429635074295	-0.149179183884675	-0.134930604342626	-0.15402008113583	-0.235307806589814	-0.0769571091579413	0.286328131523803	-0.0207108140377088	0.167158760497706	0.0462940558247033	-0.0218242646751688	0.14709450372135	0.233073152710676	-0.202298752313851	-0.298651251453258	0.817814792862814	0.643525131403426	-0.183842557801294	-0.2205130598155	-0.251523273160632	0.144217907722666	0.0556839475500878	0.417721115928986	0.0420179658713982	0.199291985309196	-0.212823457047346	-0.0522490995457575	-0.331004526431703	PC P-42:4 or PC O-42:5	greenyellow
-0.368081498333354	-0.375819399748555	-0.387399717857709	-0.101071329013225	0.0774406007468071	0.238588076362358	-0.355749177399773	-0.0210359886632519	-0.174936597751079	-0.152332180308199	0.275650730433714	-0.0788721869747211	-0.067690998750493	0.157523448212574	0.198147238756693	0.402632652828302	0.2150658628886	-0.0684384459746832	-0.104596745949587	-0.10334493991722	-0.131166429422914	-0.231600836712044	0.417774738967475	0.35323120476195	-0.188108452062625	0.0432817552573834	-0.124000638396406	0.0921393893661417	-0.0283976938615405	0.324468703711459	0.204370309870533	0.249378196965518	-0.0510772697969926	0.182865178158221	0.0680403283685327	PC P-42:5 or PC O-42:6 Isomer A	grey
-0.0713245380397141	-0.275337776427185	-0.306672412567271	0.284129257302028	0.123432749071713	0.30376174287566	-0.294488927524673	-0.114905921202465	-0.185557578159826	-0.128401555271993	-0.151004902245169	-0.287497100862321	-0.152974405406509	0.20076134033651	-0.168103480995877	0.0311797918866373	-0.188371100479617	-0.0254028010054728	0.142423962331865	0.246860618790025	-0.147621655217439	-0.175620655163348	0.701292653908301	0.511870839630103	-0.124088970177544	-0.30588895322362	-0.408205090216316	-0.178607041038905	-0.159660840978541	0.304434217828392	-0.0733063680174791	0.172754242665612	-0.255823908810487	-0.0371065896230593	-0.456792272921564	PC P-44:4 or PC O-44:5	greenyellow
-0.106895391487214	-0.247689750020503	-0.015107410189244	0.223074456532174	0.817388010815651	0.713896656945688	-0.156513732667944	-0.0388702404896821	-0.410625452677803	-0.289100952516766	-0.168963038849681	-0.212752339939278	-0.453124477677728	-0.104568280606817	-0.358693424365427	-0.266703492993566	-0.156187735266669	-0.339223533547661	-0.1641073618502	-0.13005710217906	-0.336637450753332	-0.22908461654858	0.159877798827667	0.0191751087008679	-0.260173319866234	0.170317154787525	-0.089775987106242	-0.104718918175353	-0.176969766166536	0.342121549395041	-0.0406022550731129	0.0922910215306243	0.0883294327398758	0.13056710341956	-0.00510561543547131	PE 16:1_18:1	purple
-0.107019587583888	-0.29963321256871	0.0459322363011386	0.12500608688263	0.929006371228511	0.666139236209389	-0.211049142456722	-0.135570698188646	-0.443131690413277	-0.332393604110334	-0.247231426217621	-0.368858080409143	-0.497190735575905	-0.163291551642251	-0.367745942607255	-0.236520269219703	-0.174845142618547	-0.473901687499542	0.00180825526823379	-0.263329396100745	-0.288070580533935	-0.183999473302553	0.0854316188546477	-0.0954027692374782	-0.154468736326845	0.123367825604169	-0.0345959284923962	-0.123159485958298	-0.0272435626432116	0.295367104478783	0.0693691578982193	0.196022453443939	0.265871150428084	0.248577882814472	0.0366028303414299	PE 34:1	purple
-0.0957916688176443	-0.254661192779173	0.117707678294063	0.186752532756213	0.914363888996875	0.722797138084064	-0.299870958820792	-0.186930188647658	-0.534252003030195	-0.405040711132488	-0.309450744567313	-0.374778163238603	-0.546201545469845	-0.142282428220465	-0.326532515954182	-0.185549718942722	-0.179578195125046	-0.523857446972124	-0.0820535715755449	-0.143399192721465	-0.290660376979906	-0.194211825824039	0.266221201024431	0.0815673322928717	-0.145029554292003	0.23793951030035	0.0654713703600945	0.00790766096261801	0.0200470685709189	0.414879155255199	0.141727516850142	0.211564441739362	0.228582006740632	0.158993523222594	-0.0444203337582131	PE 34:2	purple
-0.187883619196474	-0.345844564968752	-0.0100270001713174	0.0926518773341503	0.913055792962062	0.64393105723494	-0.359444686060677	-0.374970585426992	-0.574939900813098	-0.408754558991609	-0.275634872326674	-0.350269732710104	-0.535938126358832	-0.0873311991525052	-0.266710355531034	-0.0221088790708356	-0.176242116558712	-0.610301269234342	0.0410313922311819	-0.236746539735483	-0.40209638859721	-0.322759547731521	0.300637639983438	0.0807068551267127	-0.109562236798132	0.12287946026545	-0.0750260000781582	-0.118879878275079	-0.00635199092673598	0.51892221022882	0.22011433213624	0.299596855276906	0.263877238316334	0.358512687480618	-0.101277703794505	PE 36:1	purple
-0.130897992976566	-0.304450357538048	0.0475033882806411	0.201561978406018	0.924270552959024	0.694624651296228	-0.305218435247352	-0.271589586177195	-0.44585339246183	-0.320611845399491	-0.27933614985367	-0.338729603070181	-0.516826787562664	-0.118670086539133	-0.321902278285563	-0.0993617297333132	-0.230020698292027	-0.607685026027274	0.0470472895067257	-0.126105815899712	-0.276234915303178	-0.212456582847735	0.307525084427994	0.103073780583341	-0.159113605717192	0.0590425179521083	-0.0948004636885046	-0.0776164914153828	-0.0222968083592106	0.530212093526895	0.153345485164887	0.290168278660016	0.254990240507475	0.375913522189942	-0.0764166421813114	PE 36:2	purple
-0.012775727210132	-0.156111336607421	0.0968954150790696	0.254085823446772	0.863265230304768	0.656170467945541	-0.205549811951889	-0.0344699707688859	-0.362114451519883	-0.201143322126101	-0.143982017306413	-0.286795111908189	-0.463222270820837	-0.311491227045057	-0.392471940048329	-0.197811450044238	-0.175813065314724	-0.545622332825444	-0.0945725844051594	-0.0971653992738245	-0.188356342624878	-0.102147334765509	0.0797019304356544	-0.0471046311097602	-0.203174124002109	0.0610873978392538	-0.0618252914176275	-0.0868411505697664	-0.117906341211747	0.322063993096443	0.00852169765942236	0.204742078368319	0.152218534120667	0.376239495493851	0.0257392012351952	PE 36:3	purple
0.00386173858674487	-0.257052053523925	0.0577937035136166	0.468225296826825	0.655938950881218	0.892646602564271	-0.0390031169194232	0.0289197078762282	-0.338002380694107	-0.115748995308615	-0.0861087416455007	-0.42883044865605	-0.432756075984578	-0.154981419807182	-0.440803569790019	-0.245614104444291	-0.262041670593413	-0.413091193797869	-0.0230947629729331	0.089016612939184	-0.270521871017874	-0.19542400023346	0.428252767773568	0.326914347128641	-0.296386171789558	-0.011642236029514	-0.10179326030957	0.185483288946162	-0.0428900326195291	0.250301422365545	-0.112156020725891	0.0833937223286105	-0.0497523988981547	-0.0456147123907271	-0.339801042973886	PE 36:4	yellow
0.000205647730484496	-0.248402418153305	-0.0389576400014582	0.378628339935617	0.644173314417587	0.848799722169744	0.0831405615536639	0.179329865591723	-0.236227474754952	-0.108475983565035	-0.104440657869682	-0.354785706612584	-0.477268437712214	0.0346475362911843	-0.456039206983237	-0.265885663416981	-0.186778275849818	-0.309442962016771	0.0693768051032721	0.0396005694943964	-0.394171125757115	-0.205840964430723	0.399621253573052	0.309189347713571	-0.409096087805768	-0.145292521402611	-0.26645844924839	0.0125580752844702	-0.116805634521969	0.233223395263489	-0.33927370382593	-0.143338631408597	-0.0303135467174259	0.0301444528303812	-0.160963078937551	PE 38:4	yellow
0.0679944597345518	-0.240762839399282	-0.00312807226042959	0.48900345993168	0.570865357230509	0.746797667318741	0.0366053883313199	0.110648008021005	-0.21743620748407	-0.0953366567144892	-0.0865198634521773	-0.297222908174612	-0.437739485007449	-0.201979570502909	-0.52268774091108	-0.449235238252583	-0.298524840225018	-0.344526396152116	-0.0564693547887984	0.129236513010742	-0.244844391552172	-0.158901232300627	0.269214959426179	0.231030165801254	-0.171062884310833	-0.0214813971324893	-0.0578677612790956	0.0985934265098853	-0.112035981616021	0.0787525007363839	-0.0803836051198578	0.138509429321977	-0.0275599359527401	-0.139819666998487	-0.315761861214409	PE 38:5	yellow
0.0236995005006918	-0.349024644480383	-0.130095638163995	0.412502802016967	0.446560698964198	0.774444640722805	-0.0241653498603066	0.0335277502628487	-0.196011049730072	-0.0501558374033763	-0.155755894034259	-0.318532633404212	-0.26444883847326	0.10817989134883	-0.427760869109299	-0.280681892380887	-0.287715768883131	-0.254106362021047	-0.0226334520480793	0.0551068981754281	-0.423170630000309	-0.330470795053235	0.406479499238708	0.2345422330662	-0.245199599832506	-0.253139355269119	-0.306331039599665	-0.130654839767665	-0.170894925743117	0.0817061813115929	-0.439099290831703	-0.112265388492635	-0.292243463679176	-0.223743129018773	-0.410641105792322	PE 38:6	yellow
-0.0724348565104291	0.0712138822047349	0.0912466519934048	0.115704173195837	0.176832281511747	0.38437745517011	0.14744841928545	0.419433980086346	0.129849073192613	0.20209812871101	0.0905200232079622	-0.00618270301777242	-0.104281721460681	-0.0559343473336109	-0.221556492612929	-0.242281562693524	0.0286279115368813	0.192001087225642	0.00478573513938903	-0.210722473199986	-0.0134924198718249	-0.0622064773153016	-0.191493577644494	-0.157032919824446	-0.122260256848566	0.0997311684202307	0.173139119472367	0.0939604497793826	0.112893531412429	-0.317314934231122	-0.144415123299996	-0.103455401500191	0.017295272500539	-0.135490223177593	0.17968474371874	PE 38:6 Isomer B	yellow
-0.130161331976482	-0.310430079841899	0.0218404150596372	0.17589692654969	0.905881063282834	0.769726630923046	-0.266419592297209	-0.229692277983408	-0.554845583685135	-0.379233259640906	-0.293673293007112	-0.322596391053079	-0.544508531226154	-0.0934046029331121	-0.263673425681321	-0.070969347809512	-0.0554138122325864	-0.426667322225859	0.0790944135825656	-0.156695104895759	-0.290993170096333	-0.245306856419179	0.249460305570024	0.0760595565189892	-0.234794826314663	0.187313321838863	0.0355644934347137	0.0875125219065735	0.11240333479447	0.440725595876047	0.173656415967188	0.210989415032799	0.251797473432648	0.253865315316062	-0.00430982199812823	PE O-16:1_18:1	purple
0.037874547677101	-0.074515586090256	0.258552054712072	0.0714888495837457	0.547100232258897	0.495295616251023	-0.0802836577409768	0.0204614188998198	-0.38180948470278	-0.192278653711722	0.0316049069195436	-0.153721369851501	-0.478237518860218	-0.236403493612545	-0.254305742889415	-0.0363524050454277	0.00421132639468724	-0.220052143084716	0.0207254797179428	-0.114921248623933	-0.0468703954121671	0.0770379405384237	-0.00802622520724005	-0.153355352844051	-0.345108248521928	0.203400538918976	0.224761482794487	0.13671457453311	0.0876813857261522	0.215712158431343	0.0957491082246095	-0.0488538336010708	0.318101746867425	0.21139737390153	0.274730020686236	PE O-16:1_18:2	purple
0.0665605275838854	-0.258853666439369	0.0798129718783717	0.485056328854978	0.523093858649891	0.771762850237343	0.165685171987208	0.186477021658295	-0.160394145826645	-0.0089452618803134	-0.158013642480373	-0.345928468444186	-0.369736739470802	-0.0902351477106129	-0.468900668227508	-0.362911937975395	-0.25416851502399	-0.20176400198483	0.0583014523904326	0.19619284509003	-0.180920945280928	-0.068369940429237	0.328503231541094	0.177099323522091	-0.353224420055596	-0.0984241024618563	-0.0827220041433244	0.253573835737821	0.00264627480926672	0.0957810877576671	-0.194408886953032	-0.097219857401158	-0.0423513787215213	-0.099143726837006	-0.129079740272128	PE O-16:1_22:6	yellow
0.390398956818364	0.334681227010204	0.496605914814241	0.275800787186383	0.0637257244486459	0.117817238799538	0.181503246689432	0.194395470815679	0.0453597875531024	-0.00164892728659439	0.247722049896718	0.184848508941302	-0.194606587256027	-0.45739037294597	-0.29505406870972	-0.242877728761599	-0.203449674028444	-0.0839433760467605	0.132705087270925	0.0797430059272346	0.210023188711633	0.429850024138914	-0.269863719572114	-0.39095446243364	-0.431862401631601	0.0979307570898588	0.403020405469627	0.256664407219383	0.08237238103462	-0.276005894795252	0.158073746580843	-0.211359681260906	0.26829825712189	0.0014728153641457	0.299567401621976	PE O-18:1_16:0	green
-0.08581279554601	-0.131230906926859	-0.0468518898318289	0.0608137640556458	0.286088407996028	0.442341933446102	0.239037869862227	0.246812549843468	0.0706083413094329	0.144852363940848	0.10033790075445	-0.191051566485989	-0.0631883790428417	-0.0589010047723062	-0.121503387010907	-0.198193331361043	-0.0823262647021374	-0.0850252188202125	-0.29877789891296	-0.140692516657823	-0.17561926251807	-0.111235721395861	-0.0697284586029245	-0.0623259032999669	-0.245980852360694	-0.0232080257830656	-0.109288779201358	0.0275187417641852	0.00219326826076151	-0.270665780179404	-0.13596950553121	-0.157924155456535	-0.0297682246638361	-0.116889941176598	0.119914174033831	PE O-18:1_22:6	yellow
-0.144114401822731	-0.347221241718709	-0.0960098011183599	0.186703817103942	0.48231202513797	0.630539590594364	0.0717089412104434	0.0610507845603717	-0.174955355072543	-0.0250192495264137	-0.0905501614168894	-0.397207776615215	-0.19068275459144	-0.105787775280616	-0.247029309637039	-0.140764509437075	-0.183265968320456	-0.0833643092832563	-0.0201578273572162	-0.0269818593434901	-0.133700367075477	-0.148423695032362	0.195525499286837	0.16137892076119	-0.145416531615393	-0.0584895447455578	-0.0817989777936595	0.0960641289381879	0.0261954586781176	0.130489201780709	-0.0320862190600539	0.0735492360378729	-0.0155880202554473	0.0474793626490822	-0.133070698289646	PE O-38:6 Isomer A	yellow
-0.0561041777679418	-0.174023016797214	0.149066368310065	0.24124801660852	0.580136157968751	0.658746403478406	0.168106412467896	0.131369265230488	-0.272353667683423	-0.159329331203235	-0.0426830351596814	-0.32203925969911	-0.453335316254375	-0.173916649939304	-0.206735300698486	-0.210908305714593	0.0445409009953144	-0.261492931201166	-0.103651198318389	-0.0822482644074288	-0.177973803815877	-0.0783873842337223	0.168220009721152	0.0433848222615134	-0.319550887130619	0.198468177559116	0.187313736189619	0.388362253778971	0.23254703884274	0.181176735568193	0.0836852025876681	0.0232798455597079	0.290650033946301	0.0691353692427959	0.138460272263157	PE O-40:4	yellow
0.13523791412736	-0.19681049114038	0.119926781923492	0.373562406266799	0.516319622416345	0.71660360198342	-0.0655046658182307	-0.0268067482291396	-0.373634449350099	-0.108995426280889	-0.0252761906860749	-0.196022239062754	-0.309004355409848	-0.216065118420569	-0.458352160890683	-0.215589507883397	-0.27339853338764	-0.459142953222342	-0.0383102509604785	0.0712574709953777	-0.399449115417018	-0.169493898007455	0.319810947820683	0.115731784555899	-0.404355834161228	-0.0368053552330307	-0.0341741414764638	0.171284711506631	-0.0970968782025432	0.207224638625959	-0.129131598866921	-0.067999849895891	-0.0329992606569278	-0.134987162666928	-0.214774499050497	PE O-40:5 Isomer B	yellow
0.0521258727991087	-0.207277401057417	-0.0186996018133013	0.339946501877283	0.463292359962556	0.724826337123574	-0.187021977129034	0.0635741720711881	-0.315732505782197	-0.237990489835161	-0.0509315939973562	-0.27777437292358	-0.36982998026502	-0.0560895265837338	-0.366318215170337	-0.303111295736773	-0.236392019066283	-0.202835554692082	-0.0560513439241669	0.148620357794133	-0.15754635878307	-0.110795121944671	0.217228671715836	0.13820386339971	-0.311863403966915	-0.00590007131118579	0.034049972405509	0.147493805697748	-0.0678674873764407	0.102535721251988	-0.0822267083934588	0.0241089512024218	-0.0578571937193916	-0.0393351102977335	-0.102686165631351	PE O-40:6 Isomer B	yellow
0.0259698330257759	-0.304864050339659	0.096542737435469	0.164973998308222	0.79530943923881	0.651783810751156	-0.148942415443321	-0.0991482567979283	-0.458303005010832	-0.34358119275439	-0.295086550529043	-0.249021078612487	-0.487555183627157	-0.127674126789975	-0.323305753434352	-0.256219205267234	-0.201610085451305	-0.422147012063463	0.126343619548266	-0.189009222923615	-0.378298968581812	-0.188572132948291	0.0580869551997885	-0.107046548363804	-0.20369988767856	0.130311640516762	0.059884694563665	-0.0328581859355181	-0.0272581001742062	0.147526953526607	0.0541966680809982	0.00347931363466103	0.210395024496244	0.06950759818794	0.0263152882437043	PE P-34:1 or PE O-34:2	purple
-0.16170697341177	-0.246567365957222	0.0843743730484128	0.077195104600046	0.90263077712198	0.656996276826042	-0.30039848854066	-0.295719473182541	-0.589927485716704	-0.416502337260067	-0.39929054120253	-0.36569103552245	-0.553810150324856	-0.0832662939009054	-0.306157973070603	-0.117029007943372	-0.162771236804413	-0.470555106962575	0.042539289398227	-0.256030925484527	-0.386634338960726	-0.290167123580011	0.266070956241322	0.0541735780296008	-0.0868786541338798	0.130059031447264	0.0360535658840337	-0.04314401412973	0.162324382138339	0.451260395488897	0.215998745831352	0.207289632840761	0.341530651349017	0.254231282471162	-0.0494093834159124	PE P-36:1 or PE O-36:2	purple
-0.0787167802754933	-0.327196283308717	-0.0163911395649824	0.238470141759425	0.873948525700932	0.803964326998205	-0.213565500157689	-0.227166336768085	-0.485405913920435	-0.314967785793841	-0.292308307606593	-0.476583629529207	-0.460632325026672	-0.0511855877416077	-0.303748006396562	-0.122588290424509	-0.235358729187616	-0.423458553098157	-0.039685166990813	-0.0830497618063963	-0.329405190129156	-0.253258512358798	0.355619148333727	0.165134592386421	-0.234651002186745	0.0180146974320297	-0.145222427045298	0.009549312532191	-0.00839720735770166	0.42749278589698	0.0167102904283885	0.147391770784057	0.11725886545144	0.209924772039588	-0.147281769763177	PE P-36:2 or PE O-36:3	yellow
0.00580432973728507	-0.356422372348939	0.00551380830500453	0.462745177223421	0.683976470978296	0.922997344649337	-0.0802127716176659	-0.043722485703959	-0.312501630762431	-0.124316406087543	-0.179543486764225	-0.403059034093596	-0.44504944088496	-0.094262134017134	-0.474953753329899	-0.28826541983883	-0.326807165506967	-0.359304054310959	0.00624007565597359	0.0932271357011004	-0.379655003290494	-0.286990565800545	0.465898518751811	0.343486828213377	-0.286037050997797	-0.0200375939496444	-0.0926033550296422	0.108113308140247	-0.0454155357417101	0.317350314708952	-0.107521710495699	0.0929215614585765	-0.0634915516951651	-0.0734145457821097	-0.352499518886695	PE P-36:4 or PE O-36:5	yellow
-0.0597556319523091	-0.250766605860584	0.0731407828987332	0.224251737406541	0.556864138420485	0.755406570311215	-0.0309104727465914	0.0433045417984829	-0.346464189619595	-0.126494225512407	-0.285946035923169	-0.298735148170843	-0.412614465817164	-0.0640222584363595	-0.378442648385984	-0.208936360708494	-0.126104486048225	-0.319504459675593	-0.0451132846217471	-0.00908496973700388	-0.337793694860525	-0.255654330437277	0.375446909509423	0.320854911171494	-0.177774463357662	0.0259861991461702	0.0627661309938266	0.19298995898354	0.160315656205467	0.344681196513598	-0.0858236150575045	0.0358569061051133	0.0722541906903611	0.0122157047193684	-0.124341345159025	PE P-38:4 or PE O-38:5	yellow
0.119968321059032	-0.311705022046925	0.0506162354010936	0.469766144661825	0.705009068135309	0.906200190844232	-0.0111456094047222	0.0806949746350392	-0.276080541691902	-0.0986565823072554	-0.0937096909620891	-0.367385850836625	-0.509276164199246	-0.128445410595776	-0.466163012183041	-0.329336822945897	-0.301505675893074	-0.26619748549504	0.0650577107376031	0.11597925013699	-0.284695167825705	-0.138620014814428	0.285552977728043	0.159301225309234	-0.389255447253357	0.0131182354390815	-0.0749974983566865	0.0884765270620574	-0.0810706307427815	0.19465203496407	-0.141522466090845	0.0011424969624515	-0.0417377573103471	-0.0441863488465074	-0.179525217608259	PE P-38:5 or PE O-38:6	yellow
-0.0817671584194974	-0.303293306979428	0.0104604158074568	0.167392008032958	0.749233615122783	0.805707708085925	-0.263565323011275	-0.287453823839076	-0.579346343263125	-0.396224472251902	-0.244384208172874	-0.373024029168431	-0.443528762510568	0.0286460976226133	-0.232619994480155	-0.0476636076906441	-0.137671937077372	-0.412494859051272	-0.0273576825020577	-0.170514089448585	-0.4122310129317	-0.344892144647258	0.36923287542866	0.184653412700787	-0.215850714366548	0.149697273440352	0.0521219957581263	0.117951943372605	0.105337214766172	0.453630049791969	0.0650714909423021	0.136003297265476	0.163097501198446	0.0627251647136946	-0.190447200474064	PE P-40:4 or PE O-40:5 Isomer A	yellow
-0.00128260028326723	-0.291369479047262	-0.0190342987148956	0.4103261997735	0.636321908385094	0.816574325442496	-0.100294070451242	0.0486138604509885	-0.351569836900159	-0.203078072646296	-0.154657558610236	-0.359210145911788	-0.430738327293842	0.0129889153083579	-0.489286425961073	-0.2684400911165	-0.293565793221468	-0.279822433476478	0.0561761210198389	0.121672914471444	-0.265305578158264	-0.157574926520349	0.424188940391625	0.21974037252177	-0.389856092245047	-0.0853494839807484	-0.0981106823483745	0.0868401666420498	-0.000894785135822269	0.187663921354289	-0.187941439532513	-0.0838796975417127	0.0466085333393358	-0.0620724503933279	-0.17760629292839	PE-O 18:1_22:6	yellow
0.585614400894413	0.690598698688207	0.679498292133855	0.413305219928097	-0.22672863735262	-0.109924075258414	0.27253274405892	0.322127925009774	0.0933179927491173	0.125800535891162	0.21525284832159	0.306367911808415	-0.105544027601743	-0.430467314461227	-0.22202085495542	-0.257710492693132	-0.226504915730743	0.153026349860954	0.141620585589558	0.412987697062547	0.528518093276124	0.67221831069298	-0.35410837625761	-0.297435170242241	-0.187657713160233	0.273968255698913	0.405429743589536	0.208216571879146	-0.0817453434061913	-0.419633199187021	-0.0111207131509435	-0.369583545100326	0.210432051901187	-0.130959955209001	0.160218012309919	PEtOH 16:0_16:0	darkred
0.453641934110517	0.553189394959846	0.730613669905046	0.156466773512056	-0.0936312858882741	-0.137232801849584	0.125948080082671	0.0649514200433459	-0.0167753749452924	0.0268909141267089	-0.0711210152846901	0.189863084784671	-0.101724510038218	-0.392113506868949	-0.133621877845902	-0.239324221073432	-0.173673283155108	0.0781607011121491	0.111388965347029	0.159854986816097	0.388496845536507	0.532515834439038	-0.38540975550463	-0.391853813972684	0.0163005107099058	0.32137896790424	0.514597238367617	0.206479808754857	0.207835131566794	-0.274260971268022	0.226102093951343	-0.230421660581816	0.415776943396002	-0.141705883394965	0.233291639285005	PEtOH 16:0_16:1	green
0.541457768302757	0.866308226154693	0.734299308881212	0.13972361922167	-0.0937569693648517	-0.174129216537589	0.0037965233444416	0.195311789013118	0.158055272339174	0.0659603720638148	-0.0266289969383031	0.421936061677112	0.0218650919188182	-0.390276935663271	-0.160185876958961	-0.166882064268238	-0.227088768825003	0.00601256969601848	0.214897297882942	0.211350944791559	0.476862574321287	0.609168870699664	-0.304766819521198	-0.288239632513441	-0.118941040096903	0.237361607971006	0.354404064273352	0.0582732338141777	-0.00181052716381506	-0.111059463321027	0.0800395721386206	-0.264457160379334	0.292261484944998	0.098955211985773	0.190184451134067	PEtOH 16:0_18:1	darkred
0.217051430915706	0.421904717455234	0.365950091760546	0.0847191489759036	-0.107686674824627	-0.0906869053795058	-0.00749618663101321	0.229927244894177	0.222363722135881	0.197757415888563	0.461986607294615	0.330119000957198	0.201648363756564	-0.404184495938256	-0.0514205401461691	-0.0530780578036053	-0.101579365896417	0.0951144433699907	0.108081171285404	0.0194108007198156	0.469796817512022	0.411396422910878	-0.505536008382943	-0.476485754456886	-0.115515247868547	0.236238636576761	0.310376743557795	-0.166800335221737	-0.199697202400347	-0.46898030955368	0.110175426139618	-0.139588308934854	0.0984823609875383	0.0759360300351831	0.351559461147266	PEtOH 16:0_20:4	darkred
0.619089347124608	0.621387813831305	0.838116322897897	0.41565418166911	0.0458384858623201	-0.0691676283528354	0.0283397234935399	-0.0134650134572562	-0.0169445201500474	0.0637543365594254	-0.0677427248862106	0.222330292417521	-0.185733276823042	-0.546088937443623	-0.362256885217731	-0.381842910611713	-0.425549600863387	-0.204198535682508	0.199809818086865	0.386807397970151	0.415264855055084	0.558813303353367	-0.221913775310486	-0.243741938170238	-0.0857541586749423	0.39070533041378	0.539513160710477	0.184858122801112	-0.00602591300972422	-0.148244671522746	0.180836488033757	-0.18940833642099	0.321532657789396	-0.124697832632026	-0.0118080794264198	PEtOH 16:1_16:1	green
0.610563226075917	0.867563098456098	0.72795961412427	0.2622009124792	-0.175177007601868	-0.193014051138581	0.196156173182968	0.219156272651019	0.23095002187107	0.111946830818392	0.029135053201058	0.394992947030488	0.0899416066989985	-0.467372466488469	-0.250467964571687	-0.364565566942624	-0.293495402893683	0.0201436528038948	0.10148525345641	0.329272097001982	0.521486832698125	0.642124319039263	-0.379896408493624	-0.324803409824302	-0.0150729883941687	0.101112809093461	0.262659224851649	-0.0415366068038598	-0.0769736471430759	-0.304341052931707	-0.0158129943880346	-0.285796294545605	0.145532315406657	-0.0861916401954182	0.109347458009521	PEtOH 16:1_18:1	darkred
0.449514546386286	0.680410813856874	0.531207328356989	0.14818632932052	-0.0865969833082336	-0.159849411310648	0.185327591567918	0.223606911343476	0.252701216035984	0.0853655333176882	0.09588678529994	0.190457700152363	0.151543361052633	-0.408460224013819	-0.110001967633279	-0.202930590115308	-0.157603860314022	0.0463153989478723	-0.106759075278876	0.265722844103771	0.467112708256267	0.576415277378564	-0.441559313107935	-0.424814388506401	-0.149886231716412	-0.000506605262694028	0.0615725200492536	0.012750596275368	-0.0235640859764711	-0.29702284865669	-0.0747805793486711	-0.31365790349171	0.198549246650548	0.143975158357478	0.29935680119784	PEtOH 18:1_18:1	darkred
0.38376650396924	0.772720877854449	0.562406042543698	0.118765718565209	-0.334361793483873	-0.25826066544119	0.301066803046894	0.363114610332124	0.304595173093908	0.183570315006092	0.132303128846013	0.424379351990595	0.0691154505116862	-0.300350132470313	-0.131542991423202	-0.190684023204988	-0.0622018309807539	0.19660125088337	0.218656369128376	0.117211443011906	0.292310981441594	0.428065912108645	-0.342675932542241	-0.265433770418194	-0.127136506956632	0.0703733233268912	0.253434318628423	0.229532871604934	0.0838957571065455	-0.339042431782293	0.0213433769376648	-0.314432722954808	0.154857397700666	-0.0712899056620075	0.225944116156348	PEtOH 18:1_20:4	darkred
0.358030307658129	0.679811097362989	0.485911902737036	-0.0328672064702047	-0.333415609996279	-0.3174237346788	0.0894129152367745	0.285949396580421	0.24687382507848	0.128283747078486	0.0588018152775234	0.329899927539494	0.236501847015528	-0.211641878334301	-0.0223254026723191	-0.125535329162894	-0.155593165181303	0.13152956861783	0.0905097015273722	-0.0155004319228868	0.222235848985407	0.321782766218975	-0.370000957558725	-0.341204188239705	-0.0803887489521292	0.115273342158873	0.285812255184437	0.13856799336956	0.0504046424058424	-0.337769297127603	-0.04299479383836	-0.312722806434958	0.154991706563652	-0.130434248616013	0.221198030444006	PEtOH 36:1	darkred
0.337062725612812	-0.125063385996013	-0.0333754073468102	0.509519737997973	0.00799806650285101	0.126249979801594	0.23219790794552	0.02794084296453	0.0152317536057264	0.0938580859552999	-0.205312714886417	-0.168303332900722	-0.00201483247120897	-0.0911766814257846	-0.249785789244808	-0.271799947755043	-0.205872680297199	0.0775403477206624	0.148382482945018	0.556795982522671	0.111692394114172	0.152842164263523	0.0857081676518132	0.18862378814986	-0.0732326138173694	-0.197991723449201	-0.230038664712575	0.0188039131243214	-0.179589200324685	-0.112684953630403	-0.352253030114458	-0.161471816441974	-0.232341054506022	-0.285577038678115	-0.416837926304813	PFAP-FT_diPAP	grey
0.583914385642594	0.631426700037964	0.650228533572851	0.0322120419799732	-0.160616235910519	-0.213480664273398	0.144472916349322	0.326279988197203	0.227147648809937	0.085908731074962	0.146001460352888	0.324410773973249	-0.00997374073038409	-0.402449873592279	-0.0561381576583787	-0.292685380138713	-0.118522345719781	0.0434944943083043	-0.0567153463816622	-0.00196259112252071	0.408592904778824	0.604287577063442	-0.57713614320668	-0.618197221645902	-0.157790991097978	0.284640709233691	0.416748860546452	0.0130700153669458	-0.06327830903516	-0.50111291593437	-0.0690858670116221	-0.414904787661711	0.140936243512798	-0.129820626598858	0.339334576059495	PGE2	green
0.0908135128286782	-0.205282196423411	0.133929476336833	0.423963766953372	0.502241122435556	0.80370826744126	0.172984985672623	0.119755224058599	-0.238483602553304	-0.0213856877365741	-0.0115410734783343	-0.321082132815208	-0.333727650986895	-0.18667547502534	-0.390809818558313	-0.282164589516152	-0.276369401598223	-0.29410046477221	-0.0300778878659802	0.105439148672605	-0.305668769653578	-0.144233029802469	0.312554915308663	0.161257804153308	-0.400853925454422	-0.0210357305114568	0.0243808549253166	0.354221078891606	0.0274747408898507	0.116663393068431	-0.0714930260497802	-0.0846461699380675	-0.0142058854087037	-0.174661170472348	-0.135314029561639	Phosphatidylethanolamine alkenyl 16:0-20:4	yellow
0.0211780778349262	-0.0917187705630113	0.166805878152491	0.109728655256414	0.847541010196119	0.54742465639357	-0.255928072264313	-0.0138862606866564	-0.332703998391698	-0.323676060265308	-0.349000204401862	-0.292069304166501	-0.463487746869943	-0.196372247103273	-0.312791824653477	-0.179969432010744	-0.182192076023448	-0.469181351170683	0.0271007038398853	-0.203473457997494	-0.240663052603185	-0.0202726356696296	0.0572204399673778	-0.128520864022949	-0.174043677538975	0.0907089857734395	-0.0834383877047834	-0.158324930375842	-0.123154197496833	0.303091106779627	0.0883431368960639	0.109622834939948	0.193670166354255	0.396800926740723	0.104867744205022	Phosphatidylethanolamine alkenyl 18:0-18:2	purple
-0.263258292268527	-0.0141878363606834	-0.0265884831820835	-0.382773781688498	-0.138802325629807	-0.288947069829092	0.150450008122113	0.0127899091812822	-0.0565444750667465	0.0263258921067965	-0.231708565510566	-0.0985379681921614	-0.0292277636609061	-0.0430806390213472	0.107239384526512	-0.0199943017903465	0.405541304639642	0.253182516954455	-0.0312792362254073	-0.252598206332944	0.164563658673547	-0.0517226443938832	-0.303887508458631	-0.117568259319661	0.565005223305841	0.169556060039197	0.344723307258479	0.13413813681539	0.517262806673201	-0.103708452359282	0.234663016164676	0.337201970121899	0.23168740911997	0.0465345461155256	0.189801608830872	PI 16:0_16:0	salmon
-0.36855877467344	-0.632343237132491	-0.678997806578129	0.168873529090952	0.081881711781322	0.329684985848499	-0.149973032565709	-0.206902245701628	-0.0851878538508464	-0.00783838353701561	-0.153483270112474	-0.374151057311104	-0.0093299387365296	0.453787777185545	-0.010131965765519	0.141646315718634	0.0844257260601267	0.0765276997300488	0.152551088117393	0.20118240533926	-0.31406376792391	-0.521903884726932	0.683321038794189	0.718033040248823	-0.125062763921634	-0.337798043455551	-0.509660817673031	0.0174872891126682	0.00602416181105039	0.402595668715042	-0.253813911053455	0.236811533294147	-0.297443835086009	-0.0520921619394936	-0.461299393884207	PI 18:0_20:4	turquoise
-0.235426417237776	0.13257863222336	0.0236426068351337	-0.52509024052756	-0.249749577529045	-0.413408975724744	0.109623034059225	0.0547823812871123	0.104711698793603	-0.00022105416187573	0.0983237339338914	0.307283474356477	0.0953179517195358	-0.000933805977322432	0.370696830820558	0.223001456696253	0.519043450169018	0.256653959122392	-0.131540629960703	-0.335270852032866	0.235906145017651	0.0803231093134234	-0.430427820828703	-0.319128581566286	0.183780994999361	0.185971063233567	0.286923747114113	0.103098633394782	0.35031078893493	0.0311630234588442	0.252918873274186	0.133062318760601	0.30640340313788	0.3050940196141	0.682196617962675	PI 32:1	grey
-0.0333419598435911	-0.213855433382609	0.114540902988196	0.15727192245639	0.0541718885456922	0.06852146454723	0.221009151279126	-0.0884147291783452	-0.0260726608023282	-0.0243852594578681	-0.278479345316927	-0.280498709370623	-0.170310438253965	-0.0795352185084615	-0.116614067488958	-0.0982512013440282	0.0590465719979935	-0.079390281371519	0.160556205369705	0.152105501363606	-0.072058210926696	-0.0292785942214145	0.176067665769312	0.247603761101932	0.0919873526695783	0.065201620938927	0.208635327452569	0.394480573395367	0.377729222427909	0.0753233976196758	0.0336623804360558	0.0149825801302151	0.219892359830613	-0.0595549087623278	-0.122743137278097	PI 34:1 Isomer A	grey
-0.312063879299519	-0.245193177444335	-0.305258063328505	-0.187465598829332	-0.0764048917437646	-0.12598554335085	0.149462021907755	0.0605637542462076	-0.0268722009885587	-0.149139497408614	-0.00732082152774832	-0.181125250530586	0.0551376078807271	0.132459420665157	0.28056955790737	0.125967564097984	0.369836973335743	0.187646893455259	0.0574585878947384	-0.0296668992337322	0.0577048096725013	-0.129137063295093	0.0126889613534754	0.158074471167028	0.0212169242119419	0.0221133030918642	0.0118547748296326	0.307244025580226	0.257633413583491	0.113335496909448	0.0718321120818057	0.15464783241604	0.229851660154187	0.0832053190423259	0.290268921730061	PI 34:2	grey
-0.191914703504125	0.0174241432761634	0.0702603606271698	-0.132757752148055	0.0035775249366808	0.00188384423660756	0.22648866137002	0.0373160432173467	0.00257563343035114	-0.0217976530320062	0.0887514052694808	-0.00130711055869718	-0.106488198860036	0.0196383401468942	0.258804230379418	0.00549298557971591	0.407402043883229	0.224588612127943	0.100732476007487	-0.0759147127495564	0.137903744675032	-0.00141487761702992	-0.195394012886573	-0.0318562456201173	0.0308955907575954	0.321961971485948	0.281548595461346	0.373535609034891	0.348790970423606	-0.0603709457668951	0.285618423263693	0.0406746382300996	0.300513471171121	0.0659885188355843	0.479789478502731	PI 34:2 Isomer B	grey
-0.468976968730505	-0.0340194471784351	-0.205526416072271	-0.512604337913799	0.0242486473566087	-0.29933474648539	-0.247143344416585	0.0111901253009441	-0.00841775192843034	-0.163621181295342	0.0533162614936765	0.0837621413969	0.00461128994146814	0.0801380762921711	0.227723725978443	0.289164659988212	0.458628338008865	0.0102069232707229	-0.0675759722867361	-0.461576861616274	-0.0474472312533999	-0.120903768605789	-0.130214120047303	-0.0583122189912663	0.161329526295587	0.253992846460841	0.115661226630504	-0.0473502054102362	0.0897164384980657	0.12833547729717	0.274650964243675	0.310728853445822	0.357316626842532	0.487884566888663	0.437491297951326	PI 36:1 Isomer A	grey
-0.215695551720254	-0.438758135160886	-0.367519843300093	0.247156696126688	-0.0512693223051411	0.153842499695847	0.0396410050024153	-0.120312780424167	0.063223126324333	0.0631654868172662	-0.089974568373611	-0.259159843094584	0.0811250831674879	0.147332328899757	-0.0936528152874251	-0.0940686627558947	-0.118919869054741	-0.0503179628484283	0.0878105104198191	0.373652930891654	-0.123069241742849	-0.263738661244218	0.46366189910921	0.581393080164079	0.168779085771257	-0.302162638733941	-0.269222922169142	0.0795158420446832	-0.0661562007950662	0.196162962987344	0.00143832649425931	0.284743980828108	-0.371824468758825	-0.193410182491256	-0.410035891212516	PI 36:4	turquoise
-0.21282589598828	-0.206397922420953	-0.249462667079748	-0.0479992277451043	-0.00382444887320867	-0.0996874806529538	-0.244679322769471	-0.18194044712802	-0.0112014173616922	0.009487788939821	-0.209086544616868	-0.140037524231401	-0.0431320103070202	0.163174622213856	0.168770430570679	0.0911397514144126	0.17487984124598	0.145683015392641	0.146102816073707	0.176854466550841	0.184412446307629	-0.0491554793419318	0.0851981797717582	0.179418574307403	0.198250942350967	-0.0749662043977525	-0.119747915104687	-0.121935377602178	0.0618371290211921	0.0989836096387138	0.141913998936997	0.293745757077008	-0.121267469481942	0.146903090184066	0.0189662002799123	PI 38:3	grey
-0.373993014756746	-0.531012492204235	-0.559919313281583	0.170107815435661	0.040656236593316	0.302151421502062	-0.154959242888253	-0.272083943440497	-0.169151669760944	-0.064852900672155	-0.185443832515069	-0.362554284283356	-0.0696893130859062	0.451334465743234	-0.019202097924086	0.12149649767358	0.056807024386543	0.0183726629755536	0.220866837670623	0.208227690258656	-0.371490177566023	-0.520882369914304	0.702945294418245	0.769742058804932	-0.0606407495480351	-0.272424398739876	-0.42086327003429	0.141792118111836	0.0606528356036336	0.427490470072646	-0.109897061152105	0.245578376376933	-0.228381385053447	-0.0724823743852988	-0.470308450427016	PI 38:4	turquoise
-0.234534453513452	0.0731870892197522	0.0732793571702224	-0.656907792584533	0.220960413266701	-0.152766070136577	-0.110086853194847	0.00721651559229124	-0.179987067513422	-0.249466005902794	0.07288623707019	-0.03425317922042	-0.0134483304090206	-0.0431579491715254	0.313546394491596	0.252078598153256	0.373512085621585	-0.0784971142078342	-0.16476354557811	-0.752942799444702	-0.130482326770277	-0.0959296910636862	-0.476455233554623	-0.513274769635793	0.0950811100610799	0.361835483895876	0.220688960564144	0.00363036069107162	0.221497248544727	-0.168280722300463	0.214037980279328	-0.00223829077392605	0.413124384781974	0.198975390240541	0.609082516984025	PMeOH 16:0_18:1	grey
0.104509140825053	-0.25363849690556	-0.118755752481864	0.676811283513638	0.201662372699716	0.552024878569482	0.120316655089286	-0.0905544593733957	-0.104083671136051	0.0601276240755138	-0.00952734122665329	-0.195546496886511	-0.145790500865918	0.0265937742900589	-0.288726437865126	-0.155151933006786	-0.350593459595596	-0.114042047520378	0.105330156387773	0.469520799670602	-0.129347815277812	-0.170309569378503	0.468572052222828	0.493009178094631	-0.3372974669969	-0.0883319930060621	-0.114589259149365	0.233252132078479	-0.168169219598721	0.199530027949439	-0.184543239311537	0.0183495691329791	-0.202610525699814	-0.199971703576228	-0.587229044718148	PS 16:0_22:4	skyblue
0.0769837404768254	-0.256541762407107	-0.111288438550912	0.520211367810105	0.0614085022727559	0.364261171751657	0.239245012122315	0.210956285862973	0.0737932386159078	0.13047112102582	-0.0301494911279647	-0.28845144516671	-0.11713674538726	0.107305089255969	-0.271252635434245	-0.230590146964869	-0.209960297417548	0.154305253036143	0.159731696643532	0.339783932982063	-0.0874187480294821	-0.0873427215402773	0.288405627361159	0.279284871843844	-0.33293549073033	-0.124486782866799	-0.168852772224231	0.304393055889265	-0.0108861869417047	-0.067094344222657	-0.416469864484004	-0.227357495629292	-0.140502332952282	-0.256360314781503	-0.274511607214939	PS 18:0_22:6	skyblue
0.200807276648306	0.0505610005582019	0.296414648209817	0.41131475322612	0.466348506847955	0.335138408600489	-0.171283669024886	-0.290830606100991	-0.285691337442027	-0.27277216327777	-0.061111595587629	-0.13155281106396	-0.420882678432721	-0.236716644438183	-0.292513269738394	-0.223095888421686	-0.349548322320667	-0.28266920845159	0.046655050306473	0.160332530374998	-0.114673704521192	0.0506055502216557	0.0676088916909856	-0.117374450251166	-0.313998867996363	0.29946961037154	0.224206060532466	0.121271506022674	-0.0100501909669049	0.120265384850173	0.320152941223917	0.0599265094377819	0.308164347740502	0.0721888490959791	-0.0590249683798055	PS 36:1	purple
0.0290537889715788	0.191049493645462	0.177683784884009	0.198819112112843	0.326221873469476	0.222370859315223	0.000124331309447452	0.101495992101766	-0.044204375720591	0.0395749347321972	0.117913234700283	0.135990172774813	-0.233307351162613	-0.168603176986686	-0.247454881639034	-0.194567422575449	-0.20320973011142	0.0100951361245931	-0.0743070353327844	-0.0984168979101345	-0.142798926074523	-0.0391740482956409	-0.124790269236305	-0.282062559857839	-0.415705501418303	0.0961690447427026	0.0748605893353933	-0.0556981030933353	-0.101010777300037	0.00415286516096671	-0.0406361835834602	-0.0777487733988256	0.211567764114089	0.158937711051978	0.255450233663915	PS 36:2	grey
0.249425865693858	-0.0123402838480316	0.277621473983668	0.339870744299089	0.545630751683466	0.372315991596408	-0.245247811297526	0.0361447657437829	-0.310019022005155	-0.243181702632465	-0.09594154315819	-0.367485859028636	-0.485778396156582	-0.317624608997493	-0.306068333568301	-0.252263347815504	-0.312709607719158	-0.255639611849058	0.0501757194840551	0.230934703228529	-0.0117523748006164	0.109020721735301	0.118624136424644	-0.0227107117613997	-0.320702544970412	0.25654940159097	0.132523129424845	0.137572146763631	-0.0619246743539196	0.0763652695813562	0.0089878335810967	-0.105051405600561	0.15499023320449	0.0266084702637458	0.0614259503086165	PS 38:3	purple
0.29746799601654	-0.0714058669178803	0.121953874243068	0.479150330184606	0.242910333114268	0.482747406304189	0.090516595971626	0.00578213953910327	-0.227726042272456	-0.0446339896059166	0.0712178746013817	-0.0529881867165867	-0.233621013409048	-0.0882151067951546	-0.37132714533766	-0.307600262902416	-0.374054269086716	-0.134956126886126	-0.0397144796176192	0.303131944964165	-0.153683384432934	0.0360998314490021	0.200817509580515	0.105532907785607	-0.505329555287685	0.106356909143294	0.0910820766269041	0.199767198239726	-0.165026689225721	-0.0300407843512364	-0.232499183461352	-0.298370714434022	0.0186675310869941	-0.410807119153957	-0.144917837522632	PS 40:4	yellow
-0.0322361049579345	-0.0536131331445121	-0.0532436249099931	0.0292635484362587	-0.00228917024535987	0.0776101828964073	0.258586831686475	0.370806560639555	0.238804678957384	0.203730469859924	0.191356890968361	0.054077516466358	-0.176331131409812	-0.0848426008987642	-0.27448785610939	-0.194605470095681	-0.114815599317676	0.119880653754202	-0.0656019002823464	-0.0000894292004027852	0.0412603654928441	0.106644819747783	0.0184984109475807	-0.0689743527184721	-0.314701103811449	-0.18998961895548	0.00818770579575086	0.136141657422609	0.216588998056274	0.00764463595397892	-0.0207724171854439	-0.0364978009650921	0.133134069433825	0.0874802503570676	0.287162487139505	SHexCer 34:1;3O	grey
-0.0931569953995187	0.0137153141645058	-0.0275760497769068	-0.0605915938107371	0.0776978298434228	0.0402366549597846	0.137667589549301	0.168329364186321	0.133382617702055	0.335422523794177	0.18918151523505	-0.121747454247555	-0.0663133386529096	-0.138727224428559	-0.141282910208183	-0.0235308003112046	-0.143735659305742	0.0874709750149702	-0.18157161913761	-0.000510023961042709	0.09772549519961	0.0948340778534034	0.103794923090645	-0.0197927541269311	-0.101644746027064	-0.23306937965469	-0.202768636626682	0.0807027501164363	0.0650642884919986	0.0696731938244524	0.0145732598714603	0.0331980887707198	-0.0811280404198172	0.130077113574206	0.120365607732953	SHexCer d34:1	grey
-0.400242238622872	-0.153070743760223	-0.327492714210762	-0.142750642585334	-0.0350876057811588	0.0722866708049025	-0.165942424325319	-0.254401403161399	-0.226839045863753	-0.150343869665448	-0.26647056153947	-0.144293874023067	-0.0680473352655348	0.424136114504886	0.21885504780963	0.38242973382716	0.359244681933609	0.0807962322480767	0.224842765348217	0.000677731601903449	-0.195613439096036	-0.346863326181789	0.611429341203392	0.770668399331575	0.0658421489672076	-0.0717737675224427	-0.0949397237063482	0.290559556167949	0.36246459488254	0.53239311260852	0.18080017356808	0.270605130739485	0.146862171170621	0.160439798314151	-0.175826955485934	SM 12:1;2O/32:8	turquoise
0.0803683047081928	0.192109755008787	0.454400262736999	-0.0247960527650797	0.159289248667016	0.0179617661905234	0.0707711200826257	-0.0198685774330631	-0.105246318805501	0.122467056538061	-0.0223995382590313	-0.0599165257450771	-0.223881935235467	-0.330485894281429	-0.248897361220527	-0.147451552919831	-0.147484077137777	-0.0957785581989226	0.155772472884566	-0.105197343987102	0.0462424537692762	0.195068431303903	-0.0899767255189594	-0.216662714330945	-0.0502058480322426	0.120291266443581	0.263917845728455	0.218824506585238	0.280610657077281	-0.105773173035449	0.253857057628485	-0.156948300161273	0.441590520447372	0.0486583055216311	0.285633003274029	SM 16:1;2O/16:0	grey
-0.244563129556524	0.043929200655042	0.119263741643528	-0.404323285209135	-0.0886547729999185	-0.232359597774888	0.0231570317984732	-0.243707437211796	-0.144555935905935	-0.210554497199987	-0.265446273435686	-0.00935042317532794	-0.0670301425245553	0.0940560784230243	0.271966605123616	0.150754211651262	0.371716026996626	0.152315190310299	0.0499686476608257	-0.282949029110929	0.0471593603945392	-0.100052698929831	-0.0777039983115478	-0.0400620796442197	0.264857458887226	0.206579433002948	0.493448338158665	0.475676684228497	0.809980310592491	0.156302744388841	0.470151618202446	0.22140379119704	0.508821912154377	0.0960816039751888	0.418006253168303	SM 18:0;2O/21:0	red
-0.00447324107740332	0.310647730158468	0.331513322406581	-0.185220099386526	0.0270333059270201	-0.075578237939044	0.0589867707331597	0.238240630183594	0.0448189207792128	0.0331126783541544	0.0430361724338401	0.183262506694504	-0.117758912641191	-0.162878171863087	0.031183774899591	-0.123658370737271	0.363470399054551	0.0221389030652445	-0.257382935450467	-0.24803657314745	0.154135655912549	0.172895246516752	-0.326349277242642	-0.308188568079425	-0.0668138026600458	0.405618261963331	0.403652865183541	0.351786493194758	0.354401686895631	-0.174226145197524	0.20570640840914	-0.0727366708298382	0.364878288115931	0.0362050565378888	0.659644148726705	SM 20:0;2O/22:3	grey
-0.143734919632578	0.133292889937592	0.149059931682295	-0.0545516150670239	0.357742282859977	0.136468095869898	-0.309661220097932	-0.25673496982788	-0.427986496478943	-0.428164196194921	-0.128794666394704	-0.0468968504944042	-0.443482503031317	0.102932350694691	0.0766775340530072	0.156337968890622	0.180003778751279	-0.111379471587904	0.205032742604663	-0.157433750864554	0.0267275240690642	-0.0141726033695649	0.0827035691628884	0.0488787443333166	-0.145637614896511	0.601050327568863	0.274117751494238	0.189880101714146	0.229872912790903	0.306515610732687	0.356382619243205	0.0996152263081092	0.670995699105061	0.363863466262337	0.248890212317106	SM 20:3;2O/24:0	brown
0.059533628145854	0.303287783000013	0.285129054713887	-0.0867250313964552	-0.0151699029210974	-0.104224370494924	0.123334405787724	0.120600267009406	0.0626430111059653	0.0748295758310086	0.272657025730742	0.178499725845637	-0.102212710308058	-0.264965298777178	-0.00503959325827049	0.0608396425445421	0.110387524128462	0.0483284325686353	0.163399571259209	-0.0570057924180558	0.271413365250101	0.309331388957412	-0.324788259791473	-0.302844531801107	-0.269127320735187	0.173485663388511	0.253973548072711	0.243767770244359	0.158013517836752	-0.0556740666368837	0.254185178033988	-0.0296630302354395	0.385064624178295	0.393459093542144	0.610787842493485	SM 22:1;2O/12:0	grey
-0.183457287024946	0.116045279803532	0.117275880651198	-0.127440565966204	0.334760877364233	-0.00505045026080073	-0.375835075753435	-0.320759945505544	-0.475580844977724	-0.481353669838383	-0.199341096828443	-0.0491880332363698	-0.366712146347231	-0.00659024659672621	0.178819225048804	0.293869812181545	0.323818584730832	-0.169135725854819	0.246016723671216	-0.233214654453239	0.11375853583063	-0.00839818830550658	-0.0345178893975842	-0.0497084145658708	0.0470722884765655	0.565307440219428	0.332719863859748	0.169504232462921	0.354496691103609	0.274487204925684	0.464384113857651	0.313384307025992	0.732340227017053	0.468062928012286	0.23638925848678	SM 24:1	brown
-0.134120054871894	-0.215936981128945	0.0120844928204337	-0.0544308811780224	0.139536591662723	0.15319075746701	-0.0653408543007214	-0.181323741980082	-0.473344447603768	-0.2995466027252	-0.340617789705471	-0.391745462297453	-0.386341100929443	0.148534984162785	0.0138289666593366	0.0483176849712894	0.31986547984449	-0.0221315773325434	-0.0151236020149039	-0.0182023410030071	-0.203521777100199	-0.21630296332536	0.339572012294614	0.350943554496385	-0.0264527570344382	0.36938777926285	0.381735382328258	0.657473139484426	0.557061951914313	0.238183513140034	0.132379276015124	-0.00698720430948405	0.317364511551995	-0.137571857597319	0.133967162080507	SM 25:2;2O/15:1	greenyellow
0.129932471465651	0.498552868882334	0.504618963171376	-0.189193033271032	-0.10464369841714	-0.242854355434456	-0.0400711551653307	0.197532893080284	-0.0610010496118853	-0.246777921100364	0.117947918877621	0.189618117356523	-0.0930040549631601	-0.147416734647826	0.0870109841460905	-0.058462912964253	0.0213118337970469	0.0747856872755786	0.0850384761571365	-0.158745920811308	0.183614771455915	0.320210548336164	-0.421282097299651	-0.353338522739581	-0.00724371464283354	0.429501358081744	0.501294419731061	0.175461151496407	0.164406880089489	-0.216866627943407	0.251556671742537	-0.269992951685484	0.57004131021499	0.0857075354713634	0.578938818806472	SM 26:0;2O/18:1	grey
-0.453316944768701	-0.426393382987773	-0.514393643739119	-0.247898423705033	0.207033804805848	0.054637154204548	-0.143860714373071	-0.00710356100954641	-0.131809038251799	-0.2636237379953	-0.00368760895237803	-0.0806017879498598	-0.11063680464184	0.264997350742941	0.317711912018279	0.257781636489584	0.344632249931765	0.040742952581153	-0.204209308049628	-0.377178263214377	-0.195319849035305	-0.32345151557862	0.0736444202393638	-0.0206689739602614	0.0248280306795471	0.0517830858947245	-0.18110876763282	-0.18536400244719	-0.0310463313696756	0.188940136649212	0.104857033259845	0.281867707205858	0.0618293344659203	0.36156568167911	0.258469083277985	SM 30:2;2O (FA 14:0)	grey
-0.132962401716249	0.187790778486429	0.339318607320389	-0.187676631898371	0.148828953763435	-0.00263107032345635	-0.182672307480795	-0.0574605299028574	-0.0014162200751899	-0.0251686328526472	-0.122747030442795	0.139919084333856	-0.191135368539711	-0.237904661734333	-0.0241943202246334	-0.0929109804302078	-0.0107031769096197	-0.192850591332176	0.0443650271592772	-0.292999766089205	0.0610856877388215	0.0568957600034999	-0.127406317562741	-0.12170898420433	0.36119605839684	0.247383194298394	0.456932569423504	0.119048088928631	0.410814633056249	0.066849971304442	0.675916503102668	0.386863353923077	0.443865795926621	0.191956251229685	0.228420293493842	SM 32:0;3O	orange
0.136538469253741	0.335083539646402	0.428464784916114	0.18089777080823	0.346281634396571	0.089256755675434	-0.0473597422424787	0.137952319118254	-0.179876766138682	-0.0551905192085537	-0.0353597656026669	0.0823488340953197	-0.53602772074987	-0.355210588777909	-0.343566598595058	-0.145498807760911	-0.132535907140295	-0.26680096400562	0.278914869022187	0.000424879916690762	0.204599921668163	0.328302502076129	-0.0556632073522902	-0.14740522176588	-0.292258570582188	0.169674364668785	0.221845921506315	0.180384324176857	0.154230737789838	0.269485329370681	0.180281386399007	0.0650824222784772	0.62339948439743	0.476689771242115	0.288662499213863	SM 34:0;3O	brown
-0.327460779730107	0.182861219544579	0.230755942859837	-0.485054152130488	0.0292371548817071	-0.193945915332437	-0.16664218390604	-0.0673362603467009	-0.223680382493954	-0.235038910033835	0.0618417246614693	0.153201386115993	-0.196280286076589	0.0396710709978338	0.261878129478153	0.182377322374698	0.36540801757686	0.171335949559271	0.00704116933632483	-0.481870891060652	0.127692596548035	-0.0160393045651075	-0.295884660060151	-0.273738596074906	0.104772378663599	0.517645355901996	0.667041260767641	0.315764343029725	0.50345190734966	0.113953122153591	0.542835731688572	0.190308169081142	0.694726352998956	0.297558954792043	0.712238927924772	SM 34:2;3O	grey
0.158675592775768	0.0631410792818622	0.25003849551301	0.135849411206865	0.0761049944876834	0.174834181822094	0.180898021626422	-0.0787268725003659	-0.169119438424448	-0.0271456551784944	-0.16850341777216	-0.0624253162111025	-0.298901149587246	0.0472287505459969	-0.297333932712117	-0.266775227001764	-0.0733736910884245	-0.0827170322053463	0.127942116927037	0.129675512002361	-0.0531769234726829	0.0472118077190594	0.10729887886268	0.125377745239498	-0.221971406405206	0.100513844024198	0.317902685845903	0.43759716705311	0.345350905759501	0.0586246322865435	-0.0336460160707894	-0.188446428253009	0.242749580144074	-0.09790308756181	0.107718632700169	SM 35:1;2O	grey
-0.172512285461808	-0.360358616244988	-0.293746054300922	0.236789973604593	0.175393000268552	0.417817680559824	-0.117083725291169	-0.167856610761117	-0.236911094300756	-0.0596511127739276	-0.345976746078518	-0.247679816351435	-0.238286574246744	0.252576974220007	-0.228667766169397	0.0217826085751363	-0.072774269299347	-0.29170393216193	0.16970914952721	0.276058263995395	-0.309038046496302	-0.283231298965922	0.912317244385346	0.838204734782034	-0.104187242551462	-0.341947404364717	-0.339661075130635	0.130426757034451	0.0765114005379085	0.653965275483027	-0.0696932311249659	0.215208694860125	-0.133398901844354	0.0159998426273784	-0.495439476456808	SM 38:4;3O	greenyellow
-0.0753396176092137	0.249269638962842	0.331149779169302	-0.152755074784471	0.133596178624978	-0.0742880864755747	-0.0507999763388967	0.186033679709683	0.0164413434763504	-0.0385115873638046	0.352857393790991	0.298127623131225	-0.237899225007202	-0.284131817404439	-0.00601655403790135	0.0216397938652546	-0.0400653353741659	-0.146928546329884	0.0917884118697574	-0.189114718541742	0.304997878861128	0.313974469393276	-0.22864575582331	-0.372385348372398	-0.0458873863426414	0.332930813009601	0.383949842122756	-0.044555679664782	0.121280452071522	-0.00763052101870367	0.490326693539714	0.081614772928923	0.496718313111563	0.360936212494514	0.493461013073721	SM 42:0;3O	brown
-0.248610846601477	0.201589878258779	0.188650044266825	-0.284463575203009	0.296131653416711	-0.121685613742018	-0.276029538710969	-0.0995426457788878	-0.312990560969975	-0.353573101422354	-0.0330223623050309	0.0951977749104369	-0.314569461872556	-0.0981866390768908	0.227161514333163	0.289310769746763	0.372086938812689	-0.12398796826632	0.103711382956332	-0.317602029915645	0.187640089690097	0.106493759649139	-0.0705503437216744	-0.125960990302264	-0.0295315595368009	0.473929578160113	0.326519976478262	0.167763099446127	0.333398085788435	0.374493153313148	0.553367546167783	0.265779807541705	0.800867930748817	0.619542120586373	0.594080304933942	SM 42:1;3O	brown
-0.30860667700858	0.119009048428447	0.161515422831281	-0.541934853003045	-0.14881361882356	-0.300985602358962	0.00368242522148298	-0.194506094678964	-0.108253301733802	-0.0641256607130398	-0.0103592115604727	0.12617921099596	0.0528868765172885	0.193710513776904	0.406450805913309	0.311808181068966	0.353041574663807	0.238334824788595	0.0673048947019181	-0.50422425023753	-0.054392540835606	-0.118263222069951	-0.339370542607741	-0.231123918016907	0.261669737002563	0.328200046486664	0.475778361222158	0.18981995882298	0.447558232055425	-0.065511355339994	0.377371981752487	-0.00867470353558332	0.537812030063917	0.178319002420572	0.482842592353958	SM 42:2;3O	brown
-0.128934356458878	-0.479525520235954	-0.307820992874406	0.249810034989351	0.191203812824294	0.358270250540605	-0.25956882240455	-0.304482306320758	-0.302644128627237	-0.247432143090865	-0.235234606224121	-0.315673183461849	-0.224542103160339	0.289421682030987	-0.124180708081045	0.0664150030451884	-0.131758016185183	-0.23973961485292	0.114494509059105	0.300092119317235	-0.212262852268717	-0.233904491341891	0.812408640108184	0.626265342300223	-0.0608125288495788	-0.263754283924287	-0.254038016218515	0.103847931169622	0.0156821152579872	0.493391597071535	0.0591084992248367	0.221797847967793	-0.0846943703877522	0.0213064819221196	-0.424542321253554	SM 42:5;3O	greenyellow
-0.578043321358724	-0.0125195617566745	-0.177772566129933	-0.671866073359872	0.115109154459198	-0.193124460665868	-0.121622480780647	-0.170414232885594	-0.179056590300001	-0.290913943316415	0.00989905556542887	-0.0909087751934153	0.0541286220186077	0.20240118872856	0.507416038813784	0.445478161819857	0.474011487741053	0.274682490354716	0.0317045032887767	-0.687010572292356	0.00249103342800141	-0.269930017414597	-0.255884138285296	-0.231572523409464	0.248681910211108	0.221518048496895	0.115188760788182	-0.0129020109292851	0.382795918883477	0.129987766220441	0.415058364892104	0.355858998231874	0.372368598480835	0.448028755738976	0.513393293883561	SM 42:7;3O	grey
0.0185628313077293	0.414945961953672	0.484614385630679	-0.185530870032055	0.118825885302116	-0.0405561740707292	0.121848666848577	0.149142959255642	-0.0819422165519627	-0.133748392087913	0.125638990869504	0.0749020536120539	-0.296833085130227	-0.261236932928102	-0.0317929403657131	-0.129564435360853	0.0907231518831921	-0.0243839764963655	0.234322435086935	-0.197356493989103	0.24476796549094	0.304008758433036	-0.33250642452797	-0.307702166936218	-0.0706687605461621	0.30058190497204	0.43349921714911	0.222519193504092	0.382722186787884	-0.112198891232875	0.302007852028652	-0.142328071491621	0.655804691802078	0.25684876163755	0.476422122256644	SM 44:1;2O	brown
-0.236648898339461	-0.393755350483674	-0.370896364487302	-0.00291438755385582	0.118414864416807	0.204239683417396	-0.251362461493744	-0.258810962278649	-0.25473570238039	-0.114265155116674	-0.131391226097459	-0.254349448706939	0.0408861904893455	0.293336044881679	0.127073073877156	0.291407827545308	0.00446713768929568	0.00998436910054626	0.0528538625330327	0.026315913658314	-0.14221235291758	-0.236232370484932	0.606952973256622	0.36360855744723	-0.128072894270068	-0.227306118077048	-0.265665059746435	-0.0255143954817221	-0.0176033701454921	0.335709775094352	0.115631370877613	0.205283097693245	-0.18059540038801	0.0108944470220587	-0.156494910799635	SM 46:5;3O	greenyellow
-0.334653996602746	-0.124545285216707	-0.0597243497816789	-0.420903545374394	-0.0615572210069374	-0.225031747472743	-0.0686853260712904	-0.243287543103981	-0.117442493637255	-0.0480224596932081	-0.329900272598954	-0.108577494953669	-0.0632444754352064	0.02229996611235	0.093102187588816	0.126509332447194	0.214631653560207	0.0884537625526213	0.24833798592426	-0.240053499775195	0.0623520294176449	-0.110225329413257	0.0351036991826207	0.0964712873617832	0.544029438909521	-0.0465127199566236	0.122587695246309	0.112538027564648	0.565563145189253	0.236330854578538	0.401291298538009	0.354200703069469	0.227996426877379	0.215567488014179	0.0910402719219811	SM d30:1	red
-0.298085361910831	-0.013189644251712	0.0356648764961393	-0.399955817194092	-0.066014061666324	-0.198002972000355	0.0584038476342661	-0.0857207925284375	0.0265584482717817	0.0878711822563646	-0.195761498278355	-0.117098743225904	-0.0706916752297555	-0.0387877372398521	0.0617041467635987	-0.0526936945718008	0.24337379221048	0.168849810338949	-0.0740050727654708	-0.28741864978177	0.000565700464571481	-0.164171005923443	-0.116957401099055	0.00341970368309125	0.432652294853943	0.0201104079459031	0.290608146685238	0.258460022894164	0.73216747153408	0.0808856010189466	0.343564915545464	0.249321032121911	0.328483077746629	0.0515166383884376	0.271107298679737	SM d31:1	red
-0.119040854002831	0.0263921330410586	0.186177101435264	-0.209039046522951	-0.155007369574047	-0.19889776411727	0.159094649157642	-0.16074705008335	-0.100615817597849	0.145646728982107	-0.214947977634627	-0.0224708242461275	-0.019177228400426	-0.114939648550996	-0.11072608171035	-0.0426914929188451	0.0168555342729329	0.0506100776896725	0.129787495737302	-0.0779625429231176	0.0250227792917852	-0.0291397054107328	0.000744115149670153	0.0436866327503197	0.32123408178716	0.0327311443973796	0.400349812184798	0.358449457802762	0.625915818800075	-0.0175963485966621	0.289628406540975	0.0425326027434968	0.244794269542889	-0.125375311105984	0.107323886898711	SM d32:1	red
-0.37828868774716	-0.135732707572957	-0.0932273002322394	-0.462010080143298	0.0969920422432101	-0.0995468737176989	-0.134233943457275	-0.295251453085086	-0.278192350409218	-0.131048491650773	-0.361801687785099	-0.256353464410665	-0.0235679764864436	0.0720221343761336	0.190753065990872	0.230580080442669	0.384042016574571	-0.0589688160316296	-0.0102285243515345	-0.346649543330191	-0.0853880114313055	-0.249916855318868	0.0877243564063599	0.176236980641072	0.514025909858276	0.11444771154492	0.113977983573693	0.183025617304724	0.538956591802543	0.300692400795067	0.30935392713554	0.349731267501927	0.225308951273874	0.062443106422888	0.0151789465891059	SM d32:2	red
0.0188907512730062	-0.0387280041634071	0.20666033507595	0.0545719804613116	0.0884342943903285	0.0848182995420728	0.0262140258177739	-0.165876312546499	-0.242692580055721	-0.148385201667781	-0.318747078720496	-0.213212890460737	-0.28208981489113	-0.160647168983041	-0.168472736834963	-0.179857199996538	0.0447601030638068	-0.0425551433832702	0.128651957058132	0.00186273892218165	-0.0685976366356054	-0.0742682718281438	0.192676794969981	0.109666489255367	0.030524577790098	0.113758050503319	0.415722922996487	0.652357537217709	0.691923972910987	0.130824210498925	0.374118538368393	0.185786499979841	0.306623202294686	-0.169774905557245	0.0471028928007769	SM d33:1	lightgreen
0.0912830886846784	0.465496331814779	0.516190609178283	-0.0215072956859989	0.183698228234325	-0.0586307560849044	-0.0384168985233667	0.0342880803249138	-0.210875517827611	-0.151509062594635	-0.124757781918438	0.238169018509066	-0.320749632412052	-0.245263121502125	-0.0531582335898091	-0.0327013877092227	0.0741476839786793	-0.0815192746507386	0.113298332205807	-0.135523354698683	0.229695979470716	0.32570615678369	-0.205407167523177	-0.271011171425656	-0.141821661125161	0.428231508500025	0.455132474697793	0.283046083121675	0.258832586489825	0.180780142167999	0.37180862296426	-0.00615731701258407	0.746271249498925	0.406451969740908	0.505734834146386	SM d34:0	brown
0.0275524733308718	0.342280960849403	0.447735636038674	-0.0585826671297297	0.150873000355499	-0.0663792280381053	-0.017897860613651	0.115562035411606	-0.175776007165337	-0.131018822475181	0.0408602741515847	0.13087576458658	-0.375366990852908	-0.292606388946195	-0.112510612898766	-0.00817929603317107	0.114446508388937	0.0729050428455798	0.273498060633061	-0.024496976664207	0.288778953426256	0.350207938028472	-0.15197120703794	-0.218702006623448	-0.284080108044564	0.390658099097409	0.540116837264484	0.402695662762847	0.393562521820318	0.0836352885999241	0.4422142066394	-0.0558081986874655	0.672266218746644	0.386816832012525	0.68787360294812	SM d34:1	grey
-0.264686553558378	-0.0282726513176289	0.00670468081451562	-0.153912048846854	0.19639948715195	0.0673080198736932	-0.183121985966693	-0.225669277188158	-0.385382862746627	-0.275371832414054	-0.231248496368563	-0.174163489488404	-0.279778325320592	-0.0197793166979936	0.11404356213591	0.240793472866431	0.407248117012762	-0.0623294746583613	0.159105187177425	-0.154560712849725	-0.0622504314183279	-0.198495291327256	0.226950329515164	0.242520437489024	0.0194236089187812	0.268463035966802	0.237724239728252	0.498912259361271	0.602461719265838	0.432848104792834	0.339690427711797	0.282957223112932	0.499636048088734	0.204530583016035	0.115332482272965	SM d34:2	red
0.0908526470980187	-0.0793643731873762	0.201167442418247	0.264024754023595	0.184558714136901	0.302876836776214	0.0828780929710565	-0.0387265132063858	-0.296241678628469	-0.138044078410723	-0.326507505594187	-0.32062377483392	-0.479292038985511	-0.119000024422821	-0.320231246282257	-0.331323944267498	0.00756139176048266	-0.0439216082537395	0.124222903651558	0.188608117018644	-0.0484946207061148	-0.00864885099962997	0.283570784119574	0.210963851000869	-0.180349678088424	0.100559631213379	0.35095572819347	0.776930833465219	0.60826957228868	0.217978838172431	0.205701184088275	0.133188499609681	0.332005816675184	-0.119808810791083	0.0782620881890376	SM d35:1	lightgreen
-0.010622496845296	-0.0969177792923529	0.0828611314702202	0.0642728940605715	-0.00565017046824285	0.189511978035329	0.109248219140084	0.1058962108298	-0.055660333220063	0.0259742888168369	-0.194078111791292	-0.246245141188755	-0.251324372007403	-0.111129854420612	-0.168411544327822	-0.21130228553386	0.123137668565205	-0.0339567858899018	0.0329015935292996	0.0180091443974675	-0.163113225470679	-0.19586401880211	0.236475368155866	0.272442036449738	-0.0110860704589651	0.136025759004493	0.336079466097905	0.80567919894692	0.636182163047561	0.128313777225628	0.133098967098501	0.200080532080542	0.153003583294806	-0.293990784316076	-0.051899583780887	SM d35:2	lightgreen
0.0320975942526113	0.112086820085491	0.279320377261726	0.0393254158858769	-0.0299675110109814	-0.0034413135743961	0.134582867961147	-0.0434024292603346	-0.241412840963197	-0.117528078761505	-0.08783519392909	-0.142984832687537	-0.262240241722251	-0.0239880145364245	0.0254830885032998	-0.0282186882518958	0.141913886059184	0.117808262719045	0.105570085525099	0.0669904916069692	0.0420515522295536	0.0524922627300025	0.0706292442588583	0.090940111046482	-0.205137402437176	0.371425064671708	0.499582904801152	0.836962935782083	0.547964162286047	0.0598329868395479	0.237833663682201	-0.137331648458483	0.458118633869544	-0.0984263253345379	0.257513866486518	SM d36:0 Isomer A	lightgreen
0.181559954113311	0.14935148922353	0.236163728682346	0.112121902928676	-0.160887935551451	-0.0755670350825398	0.160223075054695	-0.0067514296647835	-0.148789519385301	-0.105650945696803	-0.211448542521202	-0.0277671461855681	-0.128495135413969	0.103074642821531	0.172589775037857	-0.0201056948809226	0.166744090722682	0.20063904674775	-0.0000231068212635226	0.0761159247259429	0.0372090205852698	0.0870226080112478	-0.0863186135862851	0.00695713344775214	-0.0277841621461729	0.331598033221246	0.355218169670231	0.395626579988827	0.243620775818358	-0.125826988405713	0.0221639758442771	-0.28173401532538	0.282619946685807	-0.143655897072187	0.102803723993522	SM d36:0 Isomer B	grey
0.0367389164510591	0.121073336711548	0.286434832274486	0.0937943735012129	-0.0112587792728342	0.0232601602495529	0.138125606454558	0.00712224779151684	-0.249272671587368	-0.127866739562891	-0.0585123207067512	-0.111540470320087	-0.313600597706854	-0.050750751167374	0.000389771519950947	-0.0387003504155915	0.15269724979369	0.0942276432177063	0.16849120630231	0.0899010358473695	0.0622488563551153	0.0803798955067032	0.0738797954633663	0.0813902411490468	-0.247830190097623	0.370766454520468	0.507846606964996	0.856811730080782	0.535626084786871	0.0588683055701189	0.246613588546491	-0.125795390954555	0.468169193601179	-0.0650954217012786	0.275477810564743	SM d36:1	lightgreen
-0.00233903206329118	-0.163322877997433	-0.0170204010686042	0.158443839590415	0.0198751288893779	0.198568421440308	0.145808094774391	-0.00453722280532649	-0.287497777932618	-0.168513105994604	-0.137220625795593	-0.330899329541335	-0.258303061300677	0.0143819975184309	-0.0419277535488266	-0.0355520567593234	0.186685021068684	0.0572078330816552	0.0723294695006373	0.161778626044576	-0.147141746669276	-0.159788192097746	0.346848475638231	0.360802124418587	-0.240930228403965	0.193178466829485	0.219626007985361	0.849553922621016	0.434243952699331	0.217446858857482	-0.00791331723655981	-0.0259940976463532	0.155090724220338	-0.241676396738079	-0.0908266777633982	SM d36:2	lightgreen
-0.229031310670784	-0.166733535265322	-0.0750230434287784	-0.114614162751574	0.0785515419373839	0.127875136266514	-0.000689529882056992	-0.123171267891573	-0.165468622029519	-0.154141225485918	-0.43477608026365	-0.352178057819513	-0.243618426311961	0.224399448996729	0.0811488052275105	-0.0135599029843712	0.287655870286753	0.108282964854532	0.0772964510109196	-0.0574690549486177	-0.139469398532129	-0.273767401816158	0.32195618803038	0.39826670814007	0.137944005972503	0.0761541792354578	0.233200002538478	0.706189689005734	0.749270853339771	0.312478269716592	0.205291149733285	0.246547450735731	0.207587167213964	-0.0752608751622039	0.0652015808634157	SM d37:1 Isomer B	red
-0.28931832383414	0.0466672085897508	-0.0280591113132185	-0.177360163688121	-0.0749986109605925	-0.116528454274166	0.0662328451202283	-0.254036520051043	-0.186974510275657	-0.158734251455786	-0.338959499490266	-0.0191797938370992	-0.175329816149038	0.226411394742687	0.262301714626928	0.210729539133675	0.545583745988327	0.232742558441251	0.141293607217892	-0.0996755118381485	0.0927424442682758	-0.158514857139983	0.138411142329315	0.255534901305739	0.103851591823628	0.203392524637466	0.375679256842576	0.591947103841874	0.86161754425986	0.366214918316837	0.341969388549844	0.283112003661821	0.55153208490893	0.252161716650972	0.245470081908506	SM d38:0 Isomer A	red
0.0327221813223774	0.203748605558178	0.20079334172928	-0.202830728014332	-0.144264895887561	-0.239093877440446	0.0706150116585873	-0.0898859841443283	-0.0564911725261413	-0.183628003465263	-0.254868726023412	0.185640268958818	-0.0767267957663035	0.212622526128837	0.299648425637252	0.0688484345976054	0.274973256703209	0.165493045131905	-0.0764133658398014	-0.195979636403642	0.0504522840365381	0.0546845264783217	-0.229568707601874	-0.119241905642058	0.180846571810554	0.3241525920277	0.406313363782105	0.248733249228713	0.356046122862168	-0.0679744889612789	0.13195887671013	-0.156527476370268	0.444702036162002	-0.00965725175979295	0.255494280646454	SM d38:0 Isomer B	brown
-0.348909867036567	-0.0407069219281489	-0.082259280016568	-0.173934952251069	-0.00342096868241635	-0.102888844288829	-0.057342509414414	-0.341916178352652	-0.26810630480857	-0.2156968159017	-0.436449653852242	-0.0711845790418401	-0.21870582170158	0.261457190059752	0.236797847663442	0.242958924532564	0.522099475876233	0.161444870940589	0.130416975406366	-0.133732233506516	0.0237190146306381	-0.223457700253796	0.274216429310096	0.327569213647894	0.177455792530231	0.184725423477161	0.331675514476118	0.506677210650569	0.8459838881862	0.462352794253674	0.395531919482254	0.3671152526631	0.528159384161996	0.24928794315821	0.141965862448098	SM d38:1	red
-0.14012483781654	0.053225311920451	0.0932058790424513	-0.0591050967229574	0.103874227064585	0.0313960180586792	0.0939836680311549	0.0172013228069484	-0.120261509825926	-0.112421726273029	-0.162480769082359	-0.11956693811077	-0.284831882749638	0.0415452244903628	0.0671830045857725	0.0351028678802216	0.341655151847119	0.0457802108614215	0.0470028714330552	-0.102726346179961	-0.133261501303617	-0.149526175257958	0.168130056135829	0.214635673208632	-0.214419622761474	0.342970388281875	0.280238917974251	0.665458101148198	0.485681808925217	0.32648309169754	0.096864009838211	0.0149736956801354	0.371597278814554	0.100334112662806	0.25290615518225	SM d38:2	lightgreen
-0.139259670888852	-0.119048619727819	0.0580118861159595	-0.183882622444426	0.0129572360371908	0.00856033305740976	0.00577907770576108	-0.0165478428858895	-0.134478294440698	-0.0950265054031349	-0.262993207122211	-0.203974815472919	-0.199616867170273	0.111849985548192	0.167949262389298	0.0350323003931177	0.314073488464289	0.0748241964394145	-0.0530443086655286	-0.187596550684368	-0.0799860876124685	-0.178793455247314	0.052196934711061	0.139588378460742	0.151978213564623	0.345380609316082	0.429410139307966	0.548327137810577	0.465744907786433	0.0462520840346632	0.176861097197987	0.140759064093566	0.124620448780735	-0.194504730682258	0.198675968669703	SM d38:3	lightgreen
-0.325890876946552	-0.0451709258152334	0.0103902947871099	-0.341346337935893	-0.0527320802930125	-0.14246671160031	0.00490991920809358	-0.12961174602037	-0.0630644025850173	-0.0750254090086853	-0.423383610231636	-0.050095611318665	-0.113038382376666	0.0975910174408906	0.0824469202988228	0.0083279256960381	0.364058291943361	0.150966248731808	0.0668921553112385	-0.212745409096928	-0.0253162160489263	-0.200419830145032	0.130750780765037	0.211355173669502	0.391575315914799	0.0344582683670749	0.38672969239363	0.392868107935665	0.858398660117334	0.266021924795553	0.402691511148503	0.334847045120893	0.346947212538599	0.049844186117403	0.212962731454951	SM d39:1	red
-0.29966929047044	-0.184491860389114	-0.193260592168823	-0.099330398784746	-0.0510657564469973	0.038527243781208	0.0283091052459437	-0.133370135584923	-0.0734797820439528	-0.0655097128491391	-0.267767906661931	-0.299231955423128	-0.0843644178055746	0.184201114778064	0.158855938391743	0.0807244962479336	0.381950824076927	0.172412960836687	0.102814846888016	-0.0433749965023426	-0.133723223928325	-0.349832748328096	0.291816435182879	0.455505485934316	0.12786808778513	0.0607233565759097	0.14022127022377	0.677103239088264	0.669909118621322	0.303804150842169	0.134720285673582	0.279662819317729	0.132431108324613	-0.0804757691595888	-0.0714186640447681	SM d39:2 Isomer B	red
-0.173002791496901	0.0551834508043785	0.128815011760213	0.0476848861872776	0.2959850785322	0.0839102829228276	-0.185030243690792	-0.313950593596436	-0.414242328577855	-0.37119516492893	-0.292264920460473	0.0988060624029506	-0.422697603743156	-0.0506521742258637	-0.0323831501032158	0.0347435250667184	0.235800298529918	-0.138644554781932	0.2225782384695	-0.0592338699211938	0.116775426003661	0.00336294313245743	0.107526520839305	0.0901476251174115	0.00934310796869511	0.329704637771681	0.429022578876861	0.277885856450268	0.577073569241548	0.43069534851304	0.533860034371854	0.38507964984389	0.814168823496477	0.362338097258001	0.186635032984337	SM d40:0 Isomer A	brown
0.0648858530737585	0.383493207258618	0.360861762226859	-0.140158734098231	-0.0797815358562773	-0.262943348991745	0.0568810229187185	-0.001676972048348	-0.0819008332401832	-0.194367267678264	-0.177207752489532	0.316334122548559	-0.18029418481056	0.00382144470258566	0.116413457440482	0.0104619568104482	0.181037605214947	0.0408721353677762	0.17593080196131	-0.173787707465734	0.183133959711985	0.20984854063937	-0.314229884877352	-0.203886837322646	0.201499853611236	0.398408259757848	0.489268697323088	0.14065812290209	0.328003024157712	-0.0528650416361869	0.258986276093472	-0.0870162907416237	0.668186835255676	0.16481642620899	0.298752158494162	SM d40:0 Isomer B	brown
-0.173150872143857	0.0309326500373737	0.0967642310240086	0.0336732504311618	0.260376464310722	0.0636856758801084	-0.173039773093794	-0.337694871790729	-0.416859994033414	-0.389682982204205	-0.321016515419104	0.0927530123082486	-0.392114708971668	0.00839185598288671	-0.00172146507261282	0.061202622017973	0.242629452889612	-0.136614912366929	0.203517038292677	-0.0530119564026332	0.0922885255744455	-0.0169857780779006	0.152493613318703	0.137244692303843	0.0211349857802158	0.3106594300652	0.417541981246575	0.307788665154662	0.590578648542899	0.463851230440976	0.505009607118347	0.369628769209159	0.800885170610233	0.341532106097109	0.15834717667499	SM d40:1	brown
-0.00685892082398787	0.374093649090626	0.434119876799634	-0.0638810759313993	0.102941174020725	-0.0881176814871568	0.00722078816250702	0.0999024975296372	-0.126319217060753	-0.147507624020355	-0.0379474953522387	0.226536146220693	-0.350276198360839	-0.193818330323016	-0.100134472484393	-0.077713976858479	0.153374759359988	-0.0320871385697033	0.0295999061104276	-0.136064462553907	0.179048671133075	0.247380765255277	-0.2124586886782	-0.177055956217422	-0.0531631478512749	0.426775505384857	0.6330915499289	0.226766481562358	0.391006678894079	0.0197835735218422	0.355144466023252	0.0113653729988311	0.698228709997846	0.297732883428511	0.554497105179266	SM d40:1 Isomer B	brown
-0.389443327126127	-0.251190546030953	-0.241843888531091	-0.0812809236995691	0.229364481168352	0.156608302201315	-0.186940657688907	-0.303692049740486	-0.332418443287244	-0.222157556611094	-0.407813071503067	-0.151906225661904	-0.249698209435129	0.170264773574229	0.0405470638464034	0.219116397182572	0.421772735395921	-0.112532250180956	0.19176211020031	-0.127025311668934	-0.140937857605144	-0.367857358395184	0.432259505045937	0.468992611437751	0.0582606905801864	0.0812418884084498	0.129835266419676	0.387815577970423	0.65293519235939	0.643055618557683	0.257828893390904	0.486189642018792	0.429546551973345	0.297981167700058	-0.0374903889690703	SM d40:2 Isomer B	red
-0.114180080131982	0.248445008584294	0.232362315473027	-0.127956167020045	-0.0343231490208988	-0.163753920736603	0.211844320032549	-0.0493945194273226	-0.144746344212081	-0.099266847155748	-0.234312200870018	0.0716452459766874	-0.228342288072249	0.0700035501043275	0.0416874555308931	0.0319766168002672	0.340432267333982	0.224348861624976	0.145875613857928	-0.099235877081419	0.151158264321779	0.0888886468838388	-0.0182818567793279	0.0204403057489641	-0.0746045854924098	0.233069515693381	0.460994279264655	0.539892519603412	0.697111109605506	0.125562911921292	0.249298960646691	-0.0630448771968623	0.631798494643062	0.166751131801404	0.433818231121229	SM d40:4	red
-0.226684002704229	0.124826115284303	0.268215504021542	-0.281530610559135	0.0423696584329575	-0.126418258776209	0.0046455679909363	-0.0245634628281022	-0.186969176400806	-0.15078016986425	-0.215057511914481	-0.0598855932422178	-0.372142666907343	-0.0927682585029427	0.0560118744105063	0.0140157957355656	0.335948918838135	0.0451721476165111	0.138471769216305	-0.244339329996029	0.067917170413825	0.0153103772881209	-0.0381527119166268	-0.0260042169193207	0.124866851749843	0.318264078279514	0.567655493351037	0.545275361490081	0.810471949849857	0.16519173401072	0.51000403994563	0.228528129377184	0.709073471481765	0.204309349401014	0.465974680902318	SM d41:0	red
-0.25309138986845	0.0993359658005468	0.219820588307567	-0.289533754804017	0.0595039759142209	-0.159382906262068	-0.035802713714234	-0.101864592883452	-0.186833956873226	-0.176096416341831	-0.309448899552169	0.00475019755771429	-0.352491610369083	-0.03480857415305	0.100314739841747	0.0265310424200511	0.342768317942341	0.020907017623869	0.189694695401212	-0.235452121936059	0.0658777832945547	-0.0284031384545459	0.00253909286119745	0.0577711102201625	0.229552237842445	0.287716340820651	0.551484721126186	0.496407244841322	0.818276279128291	0.287492100133159	0.559036239962365	0.321453427840339	0.73554607452669	0.262699465449395	0.410493838371072	SM d41:1	red
-0.103275618646141	0.159032004207912	0.236801565716149	-0.0952245689219957	0.0815812643690068	0.0835429665891685	0.14764093922738	0.270236995261627	0.010221603828778	0.140773408778997	0.0782330635953115	-0.0732038418609275	-0.126582875229985	-0.266688709250409	-0.200900364527057	-0.187555735842586	0.179134436175206	0.0687669845658323	-0.203554769917489	-0.195293088248232	-0.023065701628847	0.0519116592941961	-0.0967003099016325	-0.117041717551898	-0.17772304710869	0.156866615519703	0.362430848810217	0.357246281936809	0.325485484738236	-0.125143696025229	0.0954789102011169	-0.019603585810132	0.240011261131005	-0.0649366052574116	0.346861106695863	SM d41:2 Isomer A	grey
-0.351214865901223	-0.124947900404415	-0.0178368152588357	-0.264465275017392	0.152870607276236	0.0506430354715787	-0.106287921802037	-0.109047773608364	-0.234646415597477	-0.238460311732556	-0.422113142947681	-0.323552466854317	-0.260785782073192	0.0403853922063406	0.122865408414211	0.0942984620029395	0.48898973962563	0.0174319349618511	0.13868563005962	-0.254094027750452	-0.0997927276845743	-0.301571065674864	0.18887847154404	0.285636055488158	0.254238878204803	0.254823618898708	0.360749774431781	0.625721984662482	0.869578176173594	0.31684922821106	0.378712611951614	0.424840172355966	0.45791214093827	0.0965041564361582	0.167219089541358	SM d41:2 Isomer B	red
-0.14853522848162	0.111661479444107	0.197978918330688	-0.0394955221915414	0.384023090332418	0.073737567892212	-0.284643860057007	-0.267050670640006	-0.383562626962212	-0.367447899001591	-0.184871163197602	0.15349339020855	-0.468827859372428	-0.0547583849132303	-0.100574168437201	0.01421457537994	-0.00747021486463033	-0.237153118858505	0.352086765402946	-0.174217787040513	-0.0337197565042424	0.0102347556279655	0.0400820037526113	-0.0139805253306855	-0.0815460568815762	0.349972575171532	0.363886201575642	0.0876975802725123	0.348470455381979	0.406715429042281	0.516135894754274	0.243447658119915	0.818633316512247	0.412224694898419	0.163462453268365	SM d42:0	brown
-0.025403378930269	0.382852383967478	0.483069437822376	-0.0699154031886511	0.269123286802813	0.00605423980111218	-0.0437419931021322	-0.0033945594118572	-0.161598296438331	-0.153303184554949	0.0465020823230567	0.174536317295469	-0.349897440209875	-0.272949299199245	-0.146763381016811	-0.0660519315355547	-0.090529390389112	-0.0631967837828353	0.206822419688587	-0.173606680781437	0.080086931211814	0.183033892301846	-0.250646149350973	-0.250829312584033	-0.154744068724025	0.380860256060002	0.498114635540467	0.157835854854233	0.35415333676982	0.0935389216425664	0.431979566400159	-0.0492261360952014	0.803680324387233	0.379673432504704	0.474866283199011	SM d42:1	brown
-0.109325050119434	0.233035470816562	0.264446855468776	-0.28381772730719	0.269262789655935	-0.0950027134293984	-0.219789951667678	0.0102412574701586	-0.262708516548455	-0.349362431725339	-0.0771305712838996	-0.0490918245616918	-0.258195152404959	-0.0641070168179622	0.138606658029013	0.166457747314647	0.300959584178308	-0.0258021494168491	0.0332041177244933	-0.313728399630337	0.124187101913603	0.151107621373631	-0.285479706185241	-0.247668937877207	-0.0274946465677302	0.614350204171251	0.421544366327107	0.080209720969819	0.203620929611606	-0.0635717136778254	0.298637188125398	-0.0477284827830635	0.675614476178599	0.379600861515553	0.621876266207761	SM d42:2 Isomer B	brown
-0.250654889693974	-0.0937717686085374	-0.0805472845056295	-0.0304604390642071	0.361889557768925	0.202536836378736	-0.359500148152924	-0.303810146247592	-0.55758796350697	-0.484265817566916	-0.307557739688561	-0.210025235796917	-0.45215901874136	0.185137097288838	0.099496093215925	0.265144925954354	0.3880331546406	-0.134621346984096	0.198221137478374	-0.0749025830465883	-0.063502154339878	-0.200968411009075	0.359432806266721	0.365804196767061	-0.147552195874097	0.5010542047031	0.238056954365795	0.383947842560866	0.380546947398599	0.557373214419268	0.282503727186007	0.285540423297234	0.571806584204921	0.356716490037475	0.135797597964866	SM d42:3	brown
-0.156229683074125	0.0404894180241573	0.173254924494776	-0.212277321619903	0.188542739450827	-0.0144484426874832	-0.00289151594705116	-0.074943991967664	-0.0911084862539437	-0.125789599055328	-0.0898517098250518	-0.0630692894178803	-0.171999731991439	-0.145666273077491	0.0542817607175683	0.0176353137527491	0.15450239311096	-0.186699995534189	-0.0228058305368969	-0.220555250125455	0.057561178249727	-0.0548495662609357	-0.0716701519806653	-0.0453322936809011	0.076036758575932	0.274417096519115	0.349499906247712	0.376192567032288	0.544611374361054	0.187397859276127	0.316296999198206	0.243656892899186	0.499901809813992	0.1792574733061	0.317119936674527	SM d43:1	brown
-0.160655891049381	0.153624057215082	0.348373547666363	-0.234503253551066	0.313530515881602	-0.0194617312692735	-0.108453166606885	-0.0686806062292539	-0.251597044256278	-0.260309185570306	-0.151196609869434	-0.00171084927090675	-0.458871928365722	-0.207584220116636	-0.0431378941804832	-0.0701595505141225	0.161769960456863	-0.12769478693747	0.213639362992354	-0.209019948840417	0.146438964607743	0.134429860841427	-0.127145630284857	-0.154658851789689	-0.0194453482614303	0.414760330824659	0.542995956312594	0.372296392882947	0.582040400104377	0.285863030445217	0.562482274263416	0.243699581954078	0.854071303761466	0.40393465702895	0.547563559279457	SM d43:1 Isomer B	brown
-0.21723156804423	0.30413231694321	0.317087372345291	-0.29349231808729	0.244053719862588	-0.0504242285244556	-0.145873009112311	-0.150838318788188	-0.255516921391953	-0.374708318072733	0.0240560303272504	0.120807420359171	-0.290204128941141	-0.0717782091770763	0.13633319151831	0.104823767443932	0.180035476632565	-0.00278701908216709	0.283094331441199	-0.346807148949933	0.149917087593047	0.0919925365198323	-0.232286937144311	-0.203333241867559	0.0044845030986211	0.481090301522732	0.515461905553652	0.180886909878703	0.454093786375211	0.152184669044946	0.56607569987015	0.126239523796575	0.865409130055835	0.430467277463131	0.498618102461281	SM d44:1	brown
0.0378423783294144	0.359760194556836	0.301747780220556	-0.0283411638307948	0.0112289408018146	-0.182147950987536	0.0966314505432715	0.109224569134655	0.0102736149689893	0.023517101802976	0.39930451072742	0.164652545103074	-0.075899510589399	-0.232566829483151	-0.0182377341624471	-0.0199905616359841	0.0278021179758433	0.140017549667804	0.125551299353128	-0.0866809207920673	0.326399182705801	0.337771698677712	-0.460012126893629	-0.456143313752401	-0.160539064993749	0.248800786184087	0.202702218793602	-0.0590946998947035	-0.0748543280086295	-0.306701717682944	0.150250676193221	-0.244970029341244	0.32002248487608	0.253954406501049	0.502211918891023	SM d44:2	grey
-0.230104418936879	0.0962850262169832	0.109651434086347	-0.271036295186349	0.336602040075336	-0.0616104989851894	-0.36838241673555	-0.214966729284777	-0.315060078061354	-0.426333135696872	-0.0824238026267764	0.00094699599981221	-0.288906806100855	-0.00694361712235849	0.117167793034299	0.183504729745818	0.148164628363716	-0.176420495623687	0.31615091764827	-0.36311057122228	0.00838811992152998	-0.0158070327343081	-0.131477394720428	-0.126687776205933	0.0495536237591435	0.495651400847954	0.265042515756839	0.00166891730283936	0.234764923866245	0.229606810907679	0.43389850318792	0.208065201621168	0.779123022931116	0.478394326735138	0.279849901139333	SM d44:2 isomer A	brown
-0.129249100547488	0.184905969014464	0.234709465245892	-0.139243036117285	0.127319395278344	-0.0264046314278827	0.00982094276452692	0.0260459190333005	-0.0839276920593034	-0.112363321439532	0.19164683432064	0.0500136263691042	-0.0278927122910681	-0.0801759320296018	0.181177952342828	0.0929530046525097	0.197352640458444	0.100673561705982	-0.188784212884429	-0.140322318030249	0.232403383501198	0.169888907194191	-0.332973092247196	-0.316484548987967	-0.163213961967578	0.446837654816384	0.325247595765729	0.178880241193996	0.151927124069651	-0.115346561468358	0.142354323697539	-0.14907652071757	0.494022435488389	0.231934447399756	0.550568864848761	SM d44:3	grey
-0.00292869850678055	0.042103954124953	-0.11937974456149	-0.0352705724225771	0.060391797341357	0.139448031643613	-0.0944380731226399	0.398885147342776	0.163118429830279	0.0740250622410682	0.366229651220656	0.0473464923053395	0.0817034940372533	-0.244464709019491	-0.10103656636211	-0.0389103067874796	-0.0607778929586086	-0.153692916556364	-0.172591164120495	-0.100567054361909	0.0418525796589979	0.0478922599379743	-0.0231453628471102	-0.189953943967369	-0.203598857072924	-0.103413788118288	-0.192196980919821	-0.189929624770705	-0.270447773343846	-0.0521900504317402	-0.0777139654898585	0.177125804425057	-0.223726912522228	0.090825091504147	0.109385464221928	SPB 25:0;2O	grey
0.234291170528511	0.133429644654962	0.102848073018015	0.290475201870493	0.133454352600551	0.231720944663441	0.0335094742445303	0.396361277443678	-0.0364565190944176	-0.0600926028448557	0.354285277155939	-0.00874345565039147	-0.142414560101879	-0.278461538322946	-0.365374425545	-0.258345775418341	-0.228795908652592	-0.177724397016924	-0.253501715799757	0.189064383519267	0.0671197896626337	0.296006335982594	0.0518123822460308	-0.190879852980145	-0.528291695787908	-0.115199773774837	-0.150330356171942	-0.103253410199234	-0.398301426624348	-0.0625777443321517	-0.203049614677886	-0.185392508950559	-0.0630809246985162	-0.0241509958229667	0.181965505676143	SPB 26:0;2O	grey
-0.412474413020903	-0.0342445508438074	-0.199408825555216	-0.553948221174177	-0.0895524630286096	-0.299961679415499	-0.0295475829563482	0.0454447040727702	-0.128697423460802	-0.280573024636616	-0.106000656061897	-0.0973589435698138	-0.0276204744675617	0.167012592091012	0.498675915511192	0.342359638708469	0.918555376395011	0.246509300025631	-0.132072589281386	-0.468582298831511	0.0340068373229756	-0.136277843968273	-0.183136991367401	-0.0725205582124563	0.181171737132228	0.26692723598897	0.175189692319386	0.288254149769898	0.523098063377871	0.0736333391010806	0.225249662804835	0.222714633895933	0.402153231852321	0.334830402791741	0.576839756384257	TG 10:0_12:0_18:2	darkmagenta
0.000197477847091606	0.167466553209854	-0.0836362988997316	-0.0160722805248467	-0.477292008500736	-0.258085524526099	0.361149509744859	0.49468878220033	0.836139067257422	0.59888012123	0.338812682282771	0.237348060026904	0.48821076877741	-0.115207838140569	-0.0143936198092357	-0.26961174570416	-0.0142555241163299	0.286500845777546	-0.126069043172541	0.0115156890997165	0.0882668779231047	0.0103117823400329	-0.168150087910874	-0.0210326083084873	0.121839073577741	-0.247136301143422	-0.180999276126449	0.00937349514588484	-0.0696175882383018	-0.32851922259929	-0.151798379277221	0.0274702204465167	-0.348834332509735	-0.240199795008302	-0.0909211864622966	TG 14:0_16:0_17:1	midnightblue
-0.482280574945535	-0.148643414947893	-0.392643342212859	-0.488843013664629	-0.194505473138933	-0.343062284392273	-0.440895530395517	-0.417978114150288	-0.168649743842708	-0.199885638129004	0.174377458641898	0.0279342680428649	0.440517143063607	0.415147627578153	0.681628504911775	0.94715128631121	0.413435183667426	0.0831658553799702	0.0476408394277875	-0.329782068479337	-0.0629473798430172	-0.269046829960356	0.110935160289953	0.160006630545835	0.117056687689841	0.0434374129599501	-0.0907566512190534	-0.190906169214894	0.0142475403780495	0.194434096532422	0.170064520204356	0.179540001600426	0.0813605593164327	0.360398218077537	0.0651051081423174	TG 16:0_18:1_20:0	lightcyan
0.182990577940352	0.232197986349001	0.160525485543708	0.0923582849702867	-0.296021889887141	-0.180018415980826	0.413351020697371	0.592446106368025	0.602045233925903	0.813819123992725	0.435418661940815	0.28599190929664	0.121679714352292	-0.260857348196359	-0.169422289809629	-0.221805023188621	-0.126489475731577	0.194722565863073	-0.0434113398800276	0.0746450483500311	0.14441319093855	0.224442560966355	-0.397901545943533	-0.290801151019222	-0.165348920856868	-0.130781493964669	-0.00240315978754407	-0.0474612442869063	-0.170932278711811	-0.501614979788433	-0.279963650673763	-0.31373218128175	-0.229692718417925	-0.15019368645239	0.107212466398974	TG 22:0	royalblue
0.159099429275861	0.0936106907473572	0.10924267228666	0.172868844758916	0.0221264366009632	0.0660112834203606	0.275665718668138	0.30158767924283	0.168223957303103	0.299852187853602	0.263234990686836	-0.0131199652340638	0.0803439340228751	-0.224528584735236	-0.135059929048123	-0.0821257266110873	-0.124818239912887	0.0370301213049571	-0.146834502540132	-0.0283904238930785	-0.0108926884648609	0.113585490039836	-0.226567490955713	-0.312309266205158	-0.322829756969415	-0.0784698331284252	-0.00641746355120904	-0.050784595853837	-0.229839669088932	-0.455938436895666	-0.209217885179196	-0.261390335607668	-0.231653964082005	-0.215061323820037	0.133698291658267	TG 28:0	grey
0.354336554209714	0.168023131347137	0.155628453058729	0.451105705225336	-0.25167593194813	-0.0296713190522	0.540095393573406	0.48895281540158	0.564355433751558	0.802959720891917	0.293450580457976	0.124049233852988	0.110586159883338	-0.360406549224754	-0.447708094434966	-0.452647832468521	-0.329090088461045	0.143544951270444	-0.0621697618163154	0.377514411436106	0.124650572142964	0.247303142681277	-0.16902678949228	-0.114166709658687	-0.219243577999766	-0.29726143731777	-0.142433856288613	0.0176815701921622	-0.189873014091699	-0.467977622172057	-0.390147321257779	-0.309649570857413	-0.334555900344102	-0.334903896122781	-0.203207611684354	TG 34:0	royalblue
0.161625776122909	0.142278614856532	0.123535153265496	0.157252285266756	-0.249248532651437	-0.0355651824353738	0.500831441027599	0.46012077788869	0.535855100082813	0.868798852733528	0.348363162601319	0.134775783865309	0.1246622466054	-0.265737563870955	-0.301732374996755	-0.312234685292842	-0.226167479108874	0.156982255523427	-0.118184958395705	0.0535180474547863	-0.00961862911103761	0.0489814375046178	-0.193467838733114	-0.153542375335114	-0.0770016725023501	-0.2513095168873	-0.0773125849081668	0.0596636426162695	-0.0077754433598364	-0.412976919533211	-0.294019137846296	-0.230019292648782	-0.283910853380968	-0.341205345383449	-0.13430908367539	TG 36:0	royalblue
0.128461239039755	0.131814097082617	0.013040005982964	0.0907364242990087	-0.458480840698966	-0.194004639829658	0.465086511803936	0.357236810549468	0.672436587300076	0.933338265756698	0.343767458093744	0.302268175057512	0.361066490200448	-0.141879752747942	-0.15679627333488	-0.23468289135684	-0.179023371175259	0.296651833370797	-0.121178944269648	0.125502214065991	0.106502046263354	0.049359249427865	-0.241105919816059	-0.0961677279182326	0.0570646285338565	-0.301613518509549	-0.101689626309429	-0.104437866684446	-0.112046293350452	-0.397221020886783	-0.305960227599367	-0.155209198409362	-0.419101339917518	-0.31910734990735	-0.205678375460436	TG 38:0	royalblue
0.000447912845793785	0.0449879151840147	-0.104832218141273	0.0691292822260869	-0.418182471109607	-0.143982079433409	0.436758478350512	0.178795882514526	0.701750138198358	0.894238095919649	0.326640351262485	0.260555360932493	0.577771092189993	-0.0697427868450956	-0.109817045018623	-0.160334212528275	-0.237944517815857	0.255000677880992	-0.142384167875431	0.139818705876679	0.0157123060601805	-0.0642806703325898	-0.130303058728881	-0.0421305557961531	-0.00247839328327694	-0.523795128597173	-0.335459892787818	-0.18842222065404	-0.15413539154736	-0.336084231914743	-0.315864925539976	-0.152668689428676	-0.50880132137188	-0.301020710308561	-0.208878134945167	TG 40:0	royalblue
0.216447352962356	0.534941263105992	0.375328533599177	-0.284424873167936	-0.288034328228841	-0.48424537901669	-0.0464874190829649	0.102803443176107	0.262139075006234	0.00671925867174505	-0.00303880925148284	0.310423056016476	0.278294653047449	-0.190636916549077	0.204546650898819	0.0454003074502141	0.14887833469396	-0.0266411585349723	-0.0667946111757105	-0.121232094501223	0.348408562606465	0.37389966414221	-0.530816729388208	-0.410667582207218	0.299574807762922	0.138634854590939	0.30425334857721	-0.0646025531290248	0.0756210844744719	-0.28667745053426	0.176019209876257	-0.0324780346546256	0.164883938809572	0.0785683152605854	0.289111514530216	TG 40:1	grey
-0.289182618751721	0.0213702176728509	-0.201113295655802	-0.448952235659951	-0.400640212545745	-0.359667153442123	0.202688557495794	-0.0665842539656599	0.538955956832105	0.475813546322893	0.267657749288419	0.33042084437085	0.718307104345479	0.225127098047836	0.360706638125784	0.21581454903311	0.00965901921176093	0.36284844556443	-0.151172700814556	-0.315603441572234	-0.100589845108566	-0.237608374475943	-0.360604747119677	-0.264447285127595	0.198402923843816	-0.321705017953534	-0.217336915944716	-0.321396798750988	-0.0240884727726409	-0.305319465792109	-0.0465594070962312	-0.127198496185033	-0.244559535811541	-0.144246350813654	0.118432144564954	TG 42:0	grey
0.0146550456274019	0.0221371413584027	-0.116394687060324	0.0137533057385571	-0.446532822318991	-0.209717006710547	0.359186416281896	0.0805569556610716	0.67766360511718	0.862396552225468	0.382541202919974	0.213873610032869	0.645604432866817	-0.0903531080066644	-0.031713800546943	-0.0508377648242903	-0.201714952282532	0.194554203530942	-0.0740791527362206	0.158785249939202	0.0401182627624771	-0.0582527779310201	-0.15589574973866	-0.0442460885920928	0.0339189772650707	-0.495752397474326	-0.354022052732072	-0.219795057737316	-0.192973577988946	-0.336642513336126	-0.272373480155643	-0.146992578166566	-0.553909255106118	-0.27903804838074	-0.228872617085838	TG 42:1	royalblue
-0.138413578918802	-0.0777921078807273	-0.140118436509054	-0.0654321522662393	-0.301048011439923	-0.218113780007232	0.200113022486477	-0.0814593423745857	0.4955924272769	0.638334805534995	0.220814050780312	0.120112621779068	0.490658013490842	0.0395725477686667	0.0788295836597413	0.0302628390883417	-0.105932082843773	0.164067932355409	0.0291841970300279	0.0752009023667331	0.0673535687728278	-0.0987859387185719	-0.118926419239512	-0.0411173831923303	-0.0200136058271323	-0.392871114578625	-0.190339499284189	-0.0196061929739117	0.038026541459655	-0.206027981928235	0.0015660363071426	0.0131196162271452	-0.228285940037793	-0.152332976660244	-0.0207675292924241	TG 42:2	royalblue
0.116997089926303	0.188218265304098	0.00941462808396364	0.124904878169521	-0.405080226111025	-0.181542723802932	0.351957315026663	0.419487148648187	0.864526341774495	0.730172581150726	0.305524923750916	0.314693385475886	0.504287427441074	-0.175273832014392	-0.0627738586899138	-0.226442307796623	-0.21645343964211	0.188408879535536	-0.207283926643418	0.193616700568791	0.113500508955495	0.106497639295993	-0.200358727987437	-0.0713480635298119	0.0304137434054162	-0.366432225067266	-0.304648333263978	-0.161712587825603	-0.205721981610903	-0.328500433333822	-0.240835380467969	-0.108326974680711	-0.389667763672871	-0.170443354274719	-0.076385197607503	TG 43:0	midnightblue
-0.335315465271046	-0.0024916069312951	-0.307202564937621	-0.326098991351991	-0.404163042653636	-0.329473882323983	0.150190231272457	-0.0895942643430116	0.527891547033717	0.41390656396402	0.298962263248909	0.188841194911249	0.817369631374068	0.220061944661884	0.411117772103518	0.301533335678645	0.0182720561278126	0.338124166935536	-0.198111792300162	-0.196936065812084	-0.0847769808297292	-0.309258041646826	-0.2055469155717	-0.11166143390947	0.192705170425921	-0.390174090346382	-0.400576433866643	-0.297437276691168	-0.151409997314763	-0.205925277317538	-0.141338219838186	-0.0441221232251213	-0.421041798879677	-0.0629384733318514	-0.036344742632259	TG 44:0	magenta
-0.493241806830643	-0.0251805412495131	-0.211999643183402	-0.758053996079236	-0.224993670064614	-0.346856391280048	-0.0271600576218905	-0.0869960135465466	0.308414852349426	0.11353131846814	0.142546654982128	0.184184254058764	0.544311591980548	0.325951492974756	0.520735710784841	0.339895311605445	0.242745183120241	0.227488029931485	-0.163605758247204	-0.617983260946131	-0.188838635372613	-0.337442468551358	-0.367487539616812	-0.256359926845921	0.373601948496992	-0.114677001891377	-0.070329832086769	-0.265849935204051	0.135234705665399	-0.185375954617286	0.173992748448371	0.0223069232941507	-0.00160302196465447	0.0332023003979689	0.37485415589887	TG 44:1	grey
0.124389914314454	0.0917410039075493	-0.10508601763378	0.0128704728825896	-0.412264688665433	-0.203888314032399	0.237628442570491	0.0971442717245084	0.664899632690404	0.670382671500594	0.380891375885616	0.352391173789953	0.63019713372878	0.0449265688797062	0.0167192565409936	-0.0290310886883517	-0.267002240688123	0.284202636617677	-0.0263747758198239	0.137274735151078	0.11082707057706	0.0481707579731984	-0.343903972798006	-0.201265157976984	-0.0640691849852612	-0.467881902371094	-0.316043024290574	-0.427015862383311	-0.325570763636875	-0.410144953728993	-0.399149872649653	-0.290497681087998	-0.441647408496039	-0.178917103955809	-0.168002247649777	TG 44:2	midnightblue
-0.0521956763382509	0.235556386801052	-0.11069237333356	-0.206790819594561	-0.494291544126119	-0.363482655907259	0.139462920465904	0.503815935081762	0.820445519536483	0.45214180504745	0.376786925742597	0.38764371525065	0.508901567012474	-0.00870924294855691	0.196696074210415	-0.058674794316268	0.0985720837428726	0.375907419568061	-0.198230768213283	-0.0626138448879588	0.211613820479022	0.109061373459343	-0.319132911723836	-0.137871256126903	0.121241093550397	-0.148355688209759	-0.120421454479801	-0.184557179384685	-0.0952088159129063	-0.403709122037019	-0.11855647823064	-0.0387218228927927	-0.278611150790341	-0.160662306908188	0.169401537431928	TG 45:0	midnightblue
-0.337921637531596	-0.00656530829520452	-0.151127908015356	-0.493356144497659	-0.229090487432091	-0.267875330237118	0.230430879266258	0.326332080472182	0.517788797705946	0.315222945944698	0.262204159498038	0.116480157936668	0.407693795832824	0.0194619014638411	0.235266204068132	-0.0738889454613699	0.163921958140034	0.274459412597142	-0.300575103756484	-0.538792004022877	-0.179583549398796	-0.231860089028277	-0.3827511448387	-0.351801019940292	0.28483586422873	-0.070368980136924	-0.134202973120583	-0.132365326603817	0.0299575911295846	-0.280263682078664	0.0815910764074703	0.0894247620106547	-0.117255328018036	-0.0762931289108724	0.329118426543135	TG 45:1	grey
-0.0997972873620668	0.100417349391918	-0.145191454117636	-0.196839998288391	-0.515645646218191	-0.416315532327227	0.182939054508352	-0.0786943589973153	0.62250757836769	0.467267411370982	0.267618904193183	0.277328776258125	0.941766700371796	0.0315423871281602	0.312316565987592	0.159035204974147	-0.0923361743496593	0.237988498016634	-0.214173869293411	0.00219027053787634	0.140666281256355	-0.0487275190947196	-0.252006795465167	-0.101432357184174	0.311544058357538	-0.304517248664522	-0.265288800515799	-0.376757862199863	-0.242362621901015	-0.331275415781911	-0.129771915066702	-0.0534593095893334	-0.464035377610955	-0.20910884820477	-0.174944722563864	TG 46:0	magenta
-0.278754245583179	-0.100776750042195	-0.368049591187896	-0.32539838589824	-0.446368604799992	-0.400394838576658	0.144075048445208	-0.227372884321415	0.500409178859109	0.427565151376029	0.189152932272584	0.165493671231921	0.915290659452574	0.189208444986864	0.395657635947694	0.327131998859789	0.0719044764710183	0.215122691491204	-0.070277339678138	-0.140175827174183	0.0144868173410558	-0.237727481881776	-0.111123045614237	0.0170300570130425	0.327784755954999	-0.422859782937464	-0.417393040505593	-0.385780284984866	-0.177840655577819	-0.166157310783042	-0.139049309576161	0.0604495736230857	-0.452156899062853	-0.0703769413808432	-0.246749355938133	TG 46:1	magenta
-0.0333747865668415	0.0208758808144486	-0.158118685244802	-0.115980442815606	-0.400986553532628	-0.283570942079334	0.317049211417685	0.230421478476763	0.62224412437242	0.570623675800737	0.355503203978919	0.186450893382205	0.546320948526142	-0.00962196748191936	0.124311521102705	-0.0310239079001043	0.0513192981200368	0.267824372421983	-0.0930397295940491	0.0116952146824136	0.0238868794059844	-0.0493756621644773	-0.266604744379903	-0.208333972288443	-0.0715217664339137	-0.332710940240042	-0.307605144324272	-0.0659582857599368	-0.154647496430105	-0.363312409375727	-0.298826437369123	-0.195049497496373	-0.439583979501695	-0.195431879131831	0.0126978343535772	TG 46:2	midnightblue
0.152206786955464	0.335234166310783	0.00161963289534808	0.0562885154420373	-0.65656876985916	-0.351168746094816	0.348471740990516	0.481576346476812	0.792159138983017	0.499178419636508	0.391669592596659	0.318206641008285	0.550269357948799	-0.106040025243557	0.060568436598309	-0.163808846229195	-0.0898240106311756	0.386275891957622	-0.264036103191542	0.199735784177148	0.217740110571116	0.184888417586565	-0.233881767046011	-0.0498199461575004	0.124415920223036	-0.22384086512552	-0.159528340161285	-0.122834942874131	-0.163230763099884	-0.491616212221248	-0.242949188950255	-0.185924843077835	-0.439172466438024	-0.332895506529133	-0.073076158620091	TG 47:0|TG 14:0_16:0_17:0	midnightblue
0.193091401655769	0.235752914623636	0.160260120072868	0.158845105367893	-0.191663147373226	-0.163013180427023	0.328957145808234	0.485722470789305	0.698747374045247	0.441587973428147	0.370952431691502	0.243419438566841	0.219616718772313	-0.287985990210483	-0.0627374335973629	-0.306117474009948	-0.214223113317362	0.0236546469450619	0.0509134083608854	0.102465509789281	0.100799863780104	0.194555905503848	-0.386820471736871	-0.2854615601235	-0.129551263080605	-0.123114786797992	-0.135006559353337	-0.0382842356987583	-0.229052103692914	-0.460541227572808	-0.128014032781497	-0.225843683011303	-0.124556820024468	-0.12189993208914	0.0391018017059803	TG 47:2	midnightblue
0.221563467600349	0.28175360350741	0.176634551541559	0.111459429063035	-0.185757056495131	-0.129018697338519	0.44575960237448	0.655262386487211	0.527992772332776	0.351288985333166	0.480402495114726	0.0790642299042563	0.0307363741381417	-0.364786585711646	-0.138425662710737	-0.309032564935941	-0.105547893266201	0.20371126658958	-0.138880889905393	0.165397338149074	0.330989428330493	0.394729914759398	-0.302235129563323	-0.277254343003483	-0.221316724154002	-0.0481434529593954	-0.0452589514924478	0.0441599773293955	-0.12841546545553	-0.372600284762572	-0.111451725615327	-0.203661894013264	-0.0194323018362309	0.00207066521432472	0.25814464318232	TG 47:3 Isomer B	midnightblue
-0.202933979234536	0.0842456271855756	-0.193769419201117	-0.318006508465162	-0.525802352631796	-0.475079015522338	-0.00409063097845397	-0.26966579866047	0.433384623486257	0.264900043587159	0.221001591964951	0.231078676951449	0.931361727540556	0.17637223876015	0.56367167992523	0.473237146620023	0.115489637855244	0.21120469782648	-0.114467050023114	-0.103199381866117	0.07789846495568	-0.153689093867437	-0.184031795766006	-0.00212663652440107	0.346970368940243	-0.162770198324811	-0.197917062613674	-0.291776053593372	-0.17584766089629	-0.214053896491164	-0.0169090063103536	0.00659504251898207	-0.36317294392624	-0.0563631273732583	-0.171238897787225	TG 48:0	magenta
-0.289544594332095	0.0781795763829803	-0.212637965301575	-0.489983578683733	-0.493049297387026	-0.502229323786321	0.049364591431527	-0.230547845359744	0.460333851512558	0.236644994137329	0.147886558972555	0.16805764409369	0.901010003573165	0.228475252310449	0.634141235198772	0.426387041260247	0.232915537334577	0.220825346246647	-0.17282803014264	-0.306592188797274	0.0794800434097452	-0.207121334144082	-0.286624730628522	-0.097740061646987	0.544581088134679	-0.181563271927335	-0.180819482246057	-0.348647865890565	-0.0498261889317059	-0.273943772325771	0.0319313888312712	0.0902103133004755	-0.320218954688937	-0.0188332781507855	-0.0785167240093505	TG 48:1	magenta
-0.342109675772642	-0.125927966175258	-0.407492203258642	-0.505765227086123	-0.465455428313919	-0.486669051227346	0.0394013702441113	-0.277778286363139	0.42175579210339	0.192913506272312	0.0583911152564016	0.0814138766105056	0.872317011048697	0.372957051739441	0.68210605284792	0.464612457264201	0.301276392177078	0.29454617703213	-0.0507248984345474	-0.292066861857872	0.034627107477036	-0.290419690443118	-0.17846615922516	0.0249611198672487	0.481435454850276	-0.220976870627693	-0.274332304482944	-0.296829967469619	-0.0279357931925231	-0.180612866834914	-0.0205568066996601	0.123646811626067	-0.303949178199178	-0.0373673650733893	-0.133165145671493	TG 48:2	magenta
-0.261986614366557	-0.153774196998056	-0.377752475980093	-0.442297996819161	-0.303035846397688	-0.370954896293225	0.0138739737231681	-0.337615270454205	0.369245516310055	0.177044573206778	0.108432565342319	0.123070218775081	0.806086650898333	0.371289473607167	0.578882596762863	0.400633439688803	0.152116461552236	0.197185300268306	-0.0646216328585241	-0.21758801432199	0.0046084937706684	-0.244385523048385	-0.185718569645148	-0.0509042458695949	0.246177789045399	-0.277896299878265	-0.379264546315217	-0.368366944283919	-0.159912084360632	-0.11170328927161	-0.115910218600236	-0.028866739165656	-0.280532145192021	-0.00651128486157403	-0.0683113880880557	TG 48:3	magenta
0.0895982634270671	0.195257484260413	-0.114744029909774	0.00433238653040705	-0.599927094183774	-0.350773736845533	0.15832671329903	0.173603458591652	0.659163865531433	0.446978029406246	0.456766073564952	0.317091823133672	0.814066171241763	-0.0137178719130328	0.198366411354288	0.118161093136471	-0.191998528904466	0.304114519149185	-0.156754137077546	0.160714014456884	0.116999290215392	0.0593518328067182	-0.149473799572675	-0.0401148718860039	-0.00253135393135527	-0.305904347398156	-0.27599927599931	-0.24516199030338	-0.355421270829962	-0.332060405847188	-0.229200977714137	-0.192412353556381	-0.480136486317089	-0.272984507918274	-0.163586962948725	TG 49:0	magenta
-0.0940057319685336	0.202277466855903	-0.174994968027039	-0.275142739882678	-0.701664153156397	-0.499467121758136	0.194543599797102	0.220768899040019	0.733767773593159	0.418935384780603	0.442201076290464	0.273454330955726	0.814742634319678	0.0837208002812855	0.470026456288911	0.184089759841098	0.174972147203896	0.417011731982535	-0.203182737593918	-0.110895305421852	0.162076437418362	-0.0397476768003099	-0.343907987287333	-0.134734849731662	0.288799864231095	-0.195301155006536	-0.137011704324591	-0.145893396052716	-0.0915608633033358	-0.472104469146515	-0.0976041036258627	0.00328166245291592	-0.396569311321045	-0.235823134033858	-0.0133399658219386	TG 49:1	magenta
-0.102772610038349	0.114786217000474	-0.262201037154926	-0.24170710415746	-0.606802392502965	-0.47494876000374	0.149350696594835	0.337676854782587	0.691818778904315	0.304920113658539	0.347038533543184	0.147294151395446	0.606728365495416	0.131892063542356	0.451681839115249	0.11739467487402	0.275741328243058	0.444816398723046	-0.0777241992333147	-0.0341982421244619	0.211504761391301	-0.011310186925276	-0.228774628665973	-0.00341333893579099	0.159499680888962	-0.117778692596878	-0.172989471837363	0.0189652458983737	-0.0347604288476836	-0.345872980542098	-0.103888537642039	0.0336890942440291	-0.287451034059088	-0.157531520688695	0.033148879385968	TG 49:2	magenta
0.0855262725784533	0.219760993605544	0.0124411898080182	0.00294897503979136	-0.391903088416605	-0.411710280596864	0.31674802959915	0.249336959885198	0.565374976391072	0.192031706859202	0.0801169387942606	0.17013578534505	0.452200972213816	-0.00208163603433424	0.26716368943645	-0.0638041619510107	0.0969531430978954	0.258814058106216	0.150854548560177	0.0471003237352612	0.230490046302653	0.12539993639804	-0.331941360377573	-0.179199491371455	0.138938911238848	-0.177002329304565	-0.0733727501050431	0.0567546679259743	-0.0175750197903848	-0.334897031221202	-0.0999170305588149	-0.0800002428883122	-0.0956343537456767	-0.0843174923866276	0.0197691365623485	TG 49:3	midnightblue
-0.185163577221029	0.0711158061883213	-0.180596800836773	-0.194857596105673	-0.395047248110801	-0.337739221608806	-0.138246255829095	-0.397796532831404	0.195674543202196	0.168798326608469	0.17607261762285	0.238903358121815	0.802178028473273	0.209427795903808	0.461641421498072	0.573903333115826	0.030446020616156	0.0598682887161276	-0.067323930532256	0.0124540700979892	0.0974947885605463	-0.0848441096863944	0.0332228482771495	0.122373290023248	0.168344061821857	-0.201935076488042	-0.236516004011547	-0.299024980414537	-0.211428887522688	-0.0181797966006832	-0.000788811815872349	-0.00803295218050802	-0.253804481183784	0.0692381052931143	-0.193874066106413	TG 50:0	magenta
-0.390087702655931	-0.0199275030154055	-0.25596074579882	-0.603881751660918	-0.401744296238898	-0.530275096816555	-0.269539789762478	-0.390274111015051	0.0503389557750626	-0.158819207824576	0.0364772729446561	0.108399205000247	0.65224329244856	0.394514028446878	0.816111362783384	0.746859172639615	0.457544688479955	0.192581795348485	-0.0269437153144378	-0.369204668324021	0.022095380544749	-0.230264817353637	-0.132054468289604	0.0230827500642271	0.454322168998283	0.112655973540223	0.0433950455628875	-0.14916686847847	0.0841159893193499	-0.0353269227477613	0.239790731512327	0.147783073669803	-0.0279987090887232	0.130961727108509	0.0728323841259959	TG 50:1	blue
-0.380918739748596	-0.0170077085709825	-0.287984040207846	-0.604315052768891	-0.411148563257969	-0.493596395204527	-0.206665922864852	-0.285302868549576	0.137470552748111	-0.138228924509887	-0.00479876590445096	0.0225157842041137	0.568822908491251	0.457952962750037	0.888398521422766	0.687581138163069	0.543794249965747	0.277284300733303	-0.0315173882578344	-0.418949241913758	0.0169963706045228	-0.287993264699776	-0.172839279091397	0.0149498461593124	0.527953498459263	0.111836832207175	-0.0273756900711645	-0.151988724018565	0.127090699496609	-0.0870152229307243	0.184173492112748	0.185654709912956	-0.101982426906581	0.138351912225017	0.0787783031492578	TG 50:2	blue
-0.436738571748665	-0.148733976858035	-0.413540150269542	-0.618563347321234	-0.397746163072958	-0.464355533454084	-0.129400800821944	-0.348686055600874	0.133672647096543	-0.177987109216304	-0.0884952646336353	-0.00047211136169267	0.57174264676135	0.608607828025673	0.92493720525404	0.647583247842861	0.56811834444977	0.33664436449623	-0.00122401713426856	-0.374401495424704	0.0160141224355856	-0.338935822751705	-0.0638125435779022	0.128137937932801	0.494012032657234	0.0405161887214841	-0.105173188645237	-0.0835579534887908	0.181629794187562	0.0321761104219229	0.147312648410831	0.187531097029196	-0.065157767027	0.0920851583354565	0.0727106606448884	TG 50:3 Isomer A	blue
-0.330213791893969	-0.178190608186597	-0.390516173103747	-0.51895769367832	-0.339738507100845	-0.372945116349795	-0.05741709045592	-0.39323380227685	0.229835045393903	-0.0874314481426853	-0.0362184839736842	0.152161260489724	0.586938039273302	0.600701987053596	0.814199272957297	0.473298506880785	0.390614990595292	0.284271323542153	-0.056755205445388	-0.27335921089881	0.0323646963380516	-0.295916470984019	-0.146042775972891	0.00799779159929141	0.366801031475253	-0.03491147047795	-0.151677371179307	-0.167361581347624	0.0805288428796173	0.0353641172858533	0.0832773805806656	0.123812878120029	-0.0913736575123867	0.0344750208407126	0.104781147912203	TG 50:4	blue
0.199597274701138	0.334770007542003	0.0607729419653859	0.127978563227086	-0.513176146048107	-0.22427316554416	0.207726489457775	0.282225607335408	0.623602365169452	0.54921954665355	0.520982162146263	0.32439445320142	0.648133801536447	-0.168585028745963	0.00601801396662336	0.023851587998214	-0.27434446168287	0.20100179156751	-0.141310246139581	0.288879428952559	0.204483686568965	0.230519174335723	-0.1367471827553	-0.0989088198498408	-0.218542123266375	-0.390004642271566	-0.277107210249576	-0.204370746690818	-0.344720459978534	-0.354791007667054	-0.260405465705753	-0.278220189137691	-0.421569966729523	-0.157177313108058	-0.0610010203589605	TG 51:0	magenta
-0.230814451252626	0.121228556208729	-0.209804931986588	-0.411471701131862	-0.621244246754125	-0.533365654220796	-0.0058862652002677	-0.147972747378874	0.481042757114718	0.257143301232817	0.30549720750948	0.192175966733893	0.897148156597592	0.19902356580374	0.666032983563354	0.531800223346848	0.238020116297818	0.264947210357709	-0.124939271125465	-0.189292841831765	0.0876559649006788	-0.148906943516648	-0.197482554327123	-0.0196781796528928	0.359228767702137	-0.146959685954506	-0.157638076378271	-0.226293418833861	-0.0849246315793003	-0.254605627363639	0.0281111974053394	0.0688185622044616	-0.328962799365884	-0.0642135371678332	-0.0841313704942004	TG 51:1 Isomer B	magenta
-0.268071102371304	0.10390982279194	-0.254611497884494	-0.505160580727277	-0.610688640459468	-0.593719215930352	-0.0786994335399445	-0.0935992002069154	0.392887520977151	0.104421091713385	0.216065714484901	0.139332970172413	0.710267211127688	0.319999184723579	0.814194108422769	0.570657642936688	0.44120755977099	0.372348877498171	-0.0855469373194942	-0.325275303399034	0.0674464169802852	-0.221174129197826	-0.280328801874541	-0.0729015880640682	0.45173314080955	0.0514777749733077	-0.0147478583021005	-0.136362113466005	0.0304120317415107	-0.267910766754452	0.0756089814764854	0.14813909003249	-0.238018613274222	-0.0138263817747055	0.0293061148614264	TG 51:2 Isomer A	blue
-0.330142634871301	-0.0228786988509456	-0.389914183975446	-0.468176234651701	-0.59355676659045	-0.578504453027663	-0.0447062635782496	-0.109857677550013	0.381783448220496	0.0162392785640679	0.143598992461298	0.107690149616124	0.61638735852733	0.473054529889617	0.861007761149119	0.495149386728765	0.501008244158319	0.481714467147248	-0.0452883659118485	-0.242943403658745	0.0984218160911555	-0.252073591094024	-0.2117970649131	0.0115093473096567	0.382408928151496	0.0331436869277221	-0.0830372567340041	0.00961554730742962	0.136434173068354	-0.145613922016216	0.087362049822231	0.188260107506645	-0.13260470816698	-0.0193156954299448	0.100651170542271	TG 51:3	blue
-0.164329679557581	-0.0370557742938618	-0.253105319029158	-0.424125787239035	-0.427298475262894	-0.412932559751784	0.0868351571468692	-0.0154190105626254	0.341241313684397	0.0409901509119406	0.0340577097151947	0.184545831742671	0.412330199579299	0.454177742930486	0.659739159771163	0.212622926886817	0.445711248736296	0.393995810322196	-0.0737280815722179	-0.165345691805263	0.0816564453501314	-0.15266158420149	-0.26095026068747	-0.0970593413863192	0.182351384585441	0.0182151661865886	-0.0348205634678741	0.0772781192850069	0.154583426861004	-0.102586082601631	-0.0234612707519118	-0.00296033816872226	-0.063668559799768	-0.087580007414003	0.303310046088908	TG 51:4	blue
0.157121761128096	0.124615389363668	-0.125518036285471	0.187010542856828	-0.444395366976367	-0.195820050958256	0.0898455334182233	-0.0826751437367242	0.263835255429358	0.453350630500229	0.307847106864276	0.247250794360207	0.608254797861034	0.0357530303023019	0.0834096822291352	0.274182147025487	-0.235158898710737	0.13558575205145	-0.0608273359326378	0.322023804863539	0.14390199798875	0.0987329611257384	0.0211941726323489	0.061030858033072	-0.189074958287575	-0.39890227489496	-0.361534359242403	-0.334726544074955	-0.441765776910807	-0.187417410846588	-0.372322199394072	-0.237102765220057	-0.445553062905104	-0.0767377508947678	-0.289772646435275	TG 52:0	magenta
-0.34078760440048	-0.0427483169815556	-0.291436100840089	-0.383140782928257	-0.309879043641719	-0.36729703256036	-0.346448846837281	-0.461449281796258	-0.047696468889276	-0.100325116045622	0.0891454832485956	0.142281163008641	0.621019488386553	0.371499816132447	0.618404307689838	0.808276470864229	0.275687560713779	0.0453836149674071	0.040691756883194	-0.179291041293505	0.0349245329776494	-0.164607043634551	0.10308985263473	0.181287579520573	0.210004244385586	-0.0721322374584936	-0.136798157086137	-0.265045219579381	-0.0830478555170459	0.123529914004615	0.122901034830818	0.11713353155905	-0.0493420808864963	0.249564890892177	-0.0761492771441585	TG 52:1	lightcyan
-0.482765650832403	-0.0961484110324987	-0.324860901745324	-0.655815629661711	-0.204800200395777	-0.445783974443652	-0.373405531642724	-0.363330606921293	-0.174310430291742	-0.365007524098629	-0.0196887587896542	-0.0296223914706392	0.32720667408719	0.476611439964964	0.839298966642974	0.83778155208301	0.63167355808058	0.213132955409563	0.0616006471165566	-0.480497857134274	-0.01409908468488	-0.263530494081095	-0.0672723912380792	0.0438307667382842	0.345563021655768	0.267755754016256	0.0901290573704038	-0.109530154492767	0.195017146789882	0.101448073202951	0.289336847541734	0.20712360504826	0.19010579766224	0.320650936981653	0.223422744672177	TG 52:2	blue
-0.466133954653485	-0.173392478421138	-0.429094348109318	-0.566862771385059	-0.23421624371535	-0.348012210664626	-0.305773722190925	-0.300195911656637	-0.12410830686446	-0.351307948493907	-0.0441567657377297	-0.0107896564337647	0.272109082461496	0.620602024183478	0.919352611234321	0.775324807596053	0.67709250711198	0.345723097842962	0.0378850219003719	-0.387183207880094	-0.0138627343807548	-0.31969113771922	0.0215516351237597	0.165317724080938	0.243716187986653	0.264753307934543	0.0229936758807068	-0.000962543964268674	0.207062123134402	0.187107084588722	0.212786979442996	0.19892207578918	0.137693321012123	0.248538242649091	0.21419372771828	TG 52:3	blue
-0.433293335136021	-0.271506379233353	-0.492467198694995	-0.511145377883733	-0.215239087042782	-0.285213141042397	-0.227039710938822	-0.302749126341274	-0.106898622653064	-0.377256917392742	-0.109186049014837	0.00480284564026255	0.240048817829085	0.709996639577185	0.865465546973248	0.618477564887223	0.613875957903106	0.369334377813366	0.0305157987742417	-0.291256668818421	-0.0311139188561597	-0.325967717908191	0.0645811226122336	0.205848490347727	0.178866638254187	0.20072442719144	-0.0271376995130849	0.0801479198467728	0.21917533041392	0.24393420441847	0.156643041837594	0.153670311142118	0.153106571574674	0.144096558750712	0.216436731755921	TG 52:4	blue
-0.0552313626330533	0.184067171464626	0.166516538744122	-0.536019230537523	0.0115382289877537	-0.284165238534087	-0.187285734060385	-0.123066318661868	-0.23214378685989	-0.48422468156023	-0.120411194836792	0.0781665670589908	0.00194439144976282	0.169972437675653	0.584541942396395	0.316227672405994	0.388786183164925	0.0748581275435325	-0.085343794971948	-0.508328907048149	0.00645281636987382	0.0319425958224087	-0.427971019633939	-0.422944614302867	0.162580086857482	0.528782225069759	0.356094145204937	0.0271601967977487	0.166027650075667	-0.0870529121166211	0.295879769147179	-0.0668969824092608	0.387633624534451	0.133719913464553	0.518290238324965	TG 52:4;O2|TG 16:0_18:1_18:3;O2	blue
-0.380724587268495	-0.248742351750446	-0.440002075588954	-0.486469916405976	-0.200880042488435	-0.255570960974069	-0.14923569392591	-0.21018125260556	-0.0362950293813191	-0.284386082662812	0.0154900686528083	0.0201439068204764	0.169298661556153	0.658411366038093	0.773579179634721	0.488854807939146	0.509806374442386	0.389352817593719	-0.0686363932252057	-0.237765906040392	-0.00237207237042096	-0.248472767885533	-0.0426226669798146	0.0749427964421151	0.055247025445611	0.145016410743842	-0.0599948735380441	0.0542516541671326	0.175476458637015	0.15457583226471	0.113669201828914	0.0686301848186265	0.133668648751898	0.122735365709821	0.335865147716248	TG 52:5	blue
-0.441663958902013	-0.0245912344587913	-0.349330518448621	-0.630302339002729	-0.408226674208018	-0.575180767297567	-0.295442103566896	-0.273612416157482	0.139366385269982	-0.0952672795079942	0.189821356920494	0.0759016864045506	0.602125458000903	0.425301373308077	0.843648280444168	0.774937500566641	0.471314352245717	0.227415119821034	-0.0373541625311646	-0.425870892044168	-0.0143625908296873	-0.252452366979341	-0.13666535640836	-0.0100512798394455	0.31090777116571	0.109447114375773	-0.0225152282614466	-0.18166945489709	0.0298575551664514	-0.0287330631771593	0.189984108515915	0.189057074444259	0.0245741352282655	0.1745304916971	0.109955725532936	TG 53:2	blue
-0.422231085830128	-0.140036169764934	-0.452490437840912	-0.56994648726152	-0.451404655482214	-0.521752711149081	-0.235861787243884	-0.261721826183313	0.166030510538111	-0.0290865218377121	0.205148818289007	0.115744811868616	0.602352341649424	0.521363553120466	0.917021903097931	0.802306308219608	0.514836003443361	0.303413376624178	-0.0219565661680147	-0.372893790306318	-0.0686523003622946	-0.339662078918443	-0.0970478313948904	0.0546332799841187	0.227139879831666	0.0666696106809909	-0.0977183483586709	-0.092996255970843	-0.00708808625513848	0.0152565839728915	0.0847463885931769	0.150139387176154	-0.0976654656708592	0.135159215710357	0.0895061264406639	TG 53:3	blue
-0.399649467892368	-0.180767890114978	-0.455240099866212	-0.522643216015642	-0.324369210728377	-0.408560334909727	-0.242857783986157	-0.169746961605772	0.0809213130039932	-0.162957518063166	0.185509368648777	0.0458919948546153	0.335635658610391	0.530515999995981	0.877547547473883	0.656162015607673	0.542348752868165	0.273528362557109	-0.0388121267469446	-0.324039793206709	-0.037468548860945	-0.30121151690142	-0.0636384788182119	0.0384227666224949	0.093430007122429	0.15517947187039	-0.0988133394331944	0.0266854095684614	0.0595386208890352	0.135318226306257	0.129835942255274	0.186720567286935	0.0438824525508374	0.203763716364172	0.210510305090778	TG 53:4	blue
0.132163068884212	0.116582985158584	-0.0693450655297031	0.20364774467577	-0.467580504171892	-0.198525166529256	0.368773659766791	0.384273832005856	0.498626755426003	0.727582608166801	0.418272465895754	0.356064552747017	0.349789444778711	-0.113581938093723	-0.210000456052856	-0.135276994777652	-0.256138964120499	0.191380494989843	-0.096292983722549	0.348927537624778	0.132817964576789	0.177352949932702	-0.0326142064547514	0.061784263548917	-0.223593395564931	-0.36096230874353	-0.23133445973509	-0.142656434127931	-0.324654042843143	-0.221849083705592	-0.385591886764009	-0.245819309377489	-0.345240409847836	-0.194602317927794	-0.164761337622816	TG 54:0	royalblue
-0.102912266543058	0.119939909169317	-0.146013632944501	-0.0943972715878514	-0.338570039990117	-0.281615660275224	-0.182401856158652	-0.323658541724483	0.0830066777885029	0.154946537536694	0.308281627973566	0.21192512501581	0.661024264628773	0.122903112929	0.362180937298321	0.631891318060969	0.000583033793731877	0.0324329717049378	-0.0563384374513297	0.0524488032491114	0.11995320422415	-0.0184947078928287	0.0310444153274561	0.0765530229940474	-0.00601183214500844	-0.194321812971529	-0.215490746689463	-0.322101602029917	-0.268883647138838	-0.0120012705487047	-0.114238509419457	-0.0469754929441394	-0.188453278263253	0.134983371762308	-0.182808170315382	TG 54:1	lightcyan
-0.517173288171385	-0.17675641384176	-0.415105427562096	-0.492453554026142	-0.159656618922142	-0.319463749226969	-0.45445253380231	-0.431492996613535	-0.193018296522098	-0.220523812364606	0.169051947477062	0.0130063603594577	0.402670066014426	0.405681082431928	0.671169775663854	0.952606685570274	0.439631041362417	0.0575493480590336	0.0495302263692569	-0.33840384467631	-0.0644657602281011	-0.28588675633685	0.12890205689265	0.172147361764518	0.124534359062415	0.0585556886396821	-0.0813685556885996	-0.18257346821271	0.0403249101392888	0.228087737971251	0.20963693539349	0.236620427367941	0.113662150302521	0.396914550783595	0.0743674498605939	TG 54:2	lightcyan
-0.58933891814028	-0.330322876205228	-0.541960744196205	-0.554856933388111	-0.0492805747816849	-0.270274210069647	-0.435554607093771	-0.330001137184469	-0.213718577451608	-0.262034363645465	0.160100883528456	-0.127026256730849	0.256615288088654	0.452992252621542	0.672598436064592	0.912527223589929	0.522895952465793	0.137533608924971	0.0640516952224358	-0.44772990877914	-0.181231054199345	-0.405890731858137	0.097512014106174	0.153742837441096	0.0827777002036393	0.0993012484071839	-0.115801282867963	-0.132532516123648	0.0565936540239892	0.233433264517545	0.159247284565053	0.249674282775896	0.117996590339418	0.408907280126398	0.158172165158335	TG 54:3	lightcyan
-0.490742254526746	-0.361383597665637	-0.552092881753632	-0.469750851950234	-0.042897261945499	-0.208398868257247	-0.422813019901857	-0.348611249721553	-0.236954105033235	-0.312314935724347	0.144654934170124	-0.0757989233140875	0.149158861443152	0.539743206002483	0.739687195188149	0.875281600627255	0.51311204895204	0.16601520958698	0.064544590455379	-0.331373499436816	-0.13896361341961	-0.363794875519329	0.122587779973374	0.168288131077427	-0.0374370109514658	0.10431195172819	-0.147553554791553	-0.0615513336436931	0.0630246947789863	0.319801057761343	0.145173888968238	0.205046957137983	0.148204344989485	0.388034065071086	0.192235335540647	TG 54:4	lightcyan
-0.461730984916494	-0.332062118538719	-0.510838762951228	-0.423619057710772	-0.0759462522179683	-0.176846507469301	-0.287653041497346	-0.328181357451554	-0.172889780424958	-0.285282433146817	0.128003816638896	-0.0566786125167796	0.0892482621795407	0.570348808373581	0.741416547279225	0.751016257184187	0.484432576031131	0.19570543502291	0.0333490257646434	-0.261413266407088	-0.107299952755553	-0.337748636554025	0.107278286313878	0.163045327098761	-0.0417457083245559	0.0687684221798483	-0.169569137753872	0.021137326548498	0.145660751623852	0.313590017981345	0.157983184206563	0.176107960229193	0.178450351851606	0.339849274840903	0.214278945428455	TG 54:5 Isomer A	blue
-0.288023839159371	-0.183482443780214	-0.349852676345706	-0.328904134411591	-0.0887193528058534	-0.143826301715091	-0.113212640014549	-0.133794800090534	-0.0544701093714136	-0.190101125365735	0.219248140877773	-0.0185427267642831	0.0459648014652167	0.439790738522445	0.61222665060692	0.508751941580656	0.400764011897167	0.296742993572651	-0.0837425293099333	-0.175595887484884	-0.0241105260635977	-0.163121577796341	-0.0874442946318965	-0.0258141944349022	-0.1890667041647	0.0485024270519287	-0.176701829934346	0.0627019121520718	0.098969338332687	0.100845878187034	0.0737366977552275	-0.0130645597602608	0.165199909185056	0.234987824341197	0.398059997010295	TG 54:6 Isomer A	blue
-0.293555800410899	-0.254018660014103	-0.421040208514627	-0.318961914916149	-0.249210549672322	-0.0335249194019973	-0.0907421342574809	-0.271475189075819	0.030060460139612	-0.199046628006656	-0.143010466972203	0.0328375209027875	0.240446391009547	0.835364996731387	0.611733925167576	0.342442349807734	0.343405884546716	0.25725400644359	0.029875990271483	-0.226048091819474	-0.264341802262095	-0.44732299222558	0.128524312914451	0.290366087435306	0.159385779144506	0.0116296138132374	-0.0997342691303868	0.0185713747192865	0.12936448910083	0.101796162482047	-0.106803424063387	-0.038090081192569	-0.105103252682288	-0.206443701370254	-0.0679841896500439	TG 54:6 Isomer B	darkturquoise
-0.0689505601136501	-0.0153065777500871	-0.106812045778765	-0.147204898238446	0.0155746156714181	-0.035149306499326	-0.0235880370264247	-0.0263877042515458	0.0267617640042587	-0.140164089162872	0.178563701103093	-0.067494102046015	-0.111304395676742	0.208942527366705	0.36787735950861	0.184446467808964	0.14248652691412	0.239464717246153	-0.167640123958877	-0.12349628945966	0.0204543985941807	-0.0217016098462362	-0.144132262334904	-0.211451174371554	-0.223209357675418	0.0225470186035932	-0.128658208949564	-0.00984849898600666	0.0638350313629259	-0.0670241860603382	0.100215408402226	-0.0611560592494104	0.127494648555861	0.165940441869135	0.357042411773942	TG 54:7 Isomer A	blue
-0.204760827111441	-0.0268440692231772	-0.376521075867357	-0.333774226592482	-0.435549855393109	-0.429102347237901	-0.178357975421466	0.0392941073147882	0.262247970368356	0.190014511171014	0.466471512082518	0.0911855818464025	0.51982812941831	0.164357563613239	0.56350572261228	0.590791985984408	0.290674855493237	0.163963432282064	-0.0307698826052345	-0.177221474211833	0.0614894235403595	-0.0986857714567046	-0.132784197381606	-0.0761810810199818	-0.0333819520006904	-0.19291587993729	-0.234308761289968	-0.146032548260162	-0.166293247442049	-0.126641109953318	-0.0804458907435635	0.0726164240404232	-0.210360012830901	0.146305719777706	0.0545166732532639	TG 55:3	blue
-0.146895264650403	-0.0192557483844938	-0.178822557640829	-0.237093092950135	-0.142505516751667	-0.161250311775154	-0.0784823554264528	0.057527103720572	0.230066440882785	0.0743174008846829	0.40802729780579	0.225673227455486	0.274349143993065	0.0787293855003561	0.504951657372809	0.380052251961831	0.281895949426626	0.0366469579310432	-0.0167341546898208	-0.20096268036276	0.0388536909832634	-0.0826536807947307	-0.256077190600385	-0.181927071495789	-0.0924720995389434	0.02795291150999	-0.0932607416969288	-0.0147500715620499	-0.140720825300434	-0.0217845318327873	0.0716141244084337	0.0637457330006961	-0.0346414849514741	0.244293711637616	0.251076049630823	TG 55:4	blue
-0.0161540298965758	0.198845162013388	-0.0455773028115535	0.105733903924013	-0.364723085553614	-0.130561875980766	0.116435197386222	0.295546645643491	0.372635351120261	0.379724915824446	0.81294112716985	0.263823058393842	0.347752067008082	-0.186539137315435	0.0314906089556054	0.21878027414777	-0.0392908832040655	0.114698835934266	-0.082755879086666	0.155116384170303	0.195018714937357	0.16577157949675	-0.0516360028110395	-0.0699388059114594	-0.393124626518713	-0.115170575334124	-0.161182052665919	-0.0355313887639598	-0.259099116294419	-0.242592378820788	-0.0972255060902072	-0.13027115439634	-0.137023583301334	0.0665457664046433	0.0807158114704538	TG 56:1	grey60
-0.22253715799808	-0.0051620503840695	-0.245332992011935	-0.237091808188406	-0.278947186853856	-0.290503688310938	-0.203603238264089	-0.051173146049524	0.0299951525144127	0.0665945500364944	0.741231708565771	0.109578380801614	0.383525339140107	0.107788856402429	0.413621405130876	0.69221721835788	0.0865666679559043	0.114402163923695	0.0113451917213628	-0.174304452403749	0.0401279641713154	-0.07154682518801	-0.142096462585512	-0.155687391778557	-0.192358795347838	0.0349257602543553	-0.10665069490036	-0.183869828385476	-0.266194839506192	-0.216367974543295	-0.0334625714891989	-0.11633159715269	-0.0621010527201628	0.142006232474998	0.0828598145187495	TG 56:2 Isomer B	grey60
-0.474753234963116	-0.177152255117394	-0.426875369914758	-0.490995351475872	-0.128947039168643	-0.288581892595966	-0.453187862987731	-0.265619347555941	-0.103296083037901	-0.164543920372079	0.364962578827726	0.0118169524710032	0.248533115314093	0.357033176819775	0.69111759280159	0.911012357138761	0.411466260670417	0.0939892229720862	0.069104997255514	-0.439147089888963	-0.0990987831915858	-0.303784821628424	-0.0236266816084215	0.00845529329172122	0.0647033927131106	0.140717829726418	-0.0648891301971082	-0.214681871301292	-0.0153351095209283	0.0969954499157615	0.222702337412915	0.237890620394443	0.10788784616419	0.402184780191848	0.136740783875166	TG 56:3	lightcyan
-0.428122837688943	-0.275364299746602	-0.49177791330032	-0.461343734384764	-0.16219016919885	-0.324255954311166	-0.378178642904579	-0.376829852338037	-0.128382373376486	-0.189799916859942	0.215619222135831	0.0140566113807926	0.273644805485585	0.469806889639746	0.783205633654043	0.885999164039181	0.493793614561149	0.161692880490361	0.129661778813921	-0.373481564684014	-0.104630024314006	-0.345176541455532	0.0155665526600584	0.0506195873852393	0.0225671570997849	0.07382536280573	-0.154625396659526	-0.115081989976141	0.0250692500070317	0.237683057412597	0.140385704822568	0.205951770783561	0.0718203302798424	0.354018684846602	0.13894281832963	TG 56:4	lightcyan
-0.381691125547651	-0.356761909824763	-0.531939570501489	-0.327476965334292	-0.19728142655434	-0.0373832188905888	-0.313170163963427	-0.377813491461191	-0.132847961974723	-0.200178843138806	-0.200228708257109	-0.0488569124688273	0.147418573809898	0.89245349019759	0.546988531085365	0.542061150342718	0.389053089475703	0.148518775679464	0.205857451476455	-0.19014506748291	-0.312568146719308	-0.509209039471651	0.348316023930729	0.499546737884639	0.179234022961048	-0.0519586047282046	-0.156474081539245	-0.0644879901253553	0.113322216362372	0.269504982404407	-0.10101817374105	0.073602399302042	-0.116644168817478	-0.0383232309068159	-0.205724481280338	TG 56:6	darkturquoise
-0.415485374507629	-0.376033142605057	-0.560827763791056	-0.350142779310852	-0.15503836881497	-0.024607720303887	-0.214591888975683	-0.408997590235589	-0.156195752278879	-0.226189242792541	-0.199324852773204	0.0129439118958132	0.127726622151176	0.905294954708708	0.570812704002633	0.484119306267644	0.348858325738334	0.259524815521962	0.105685356420688	-0.232191118164778	-0.315949970720278	-0.530767410982804	0.311658338656606	0.432828235289803	0.103562853213521	-0.0740487797531921	-0.164680730092757	0.0275091218422922	0.164528633107736	0.338863233193796	-0.0285004906533068	0.0901596024557155	-0.0379671948512051	-0.0477258594671103	-0.111897513978829	TG 56:7 Isomer A	darkturquoise
-0.442098932973634	-0.36616550956245	-0.602847016222872	-0.372840249723798	-0.238132979901693	-0.149038371997414	-0.0881315525349248	-0.246321686953766	0.00496977683304971	-0.105431841245336	-0.271156479118427	-0.0422997299678496	0.243767031151468	0.906188157904784	0.455896371066224	0.380394157624477	0.332254064915673	0.322534778218235	0.0239167719857994	-0.225070296739001	-0.324088435121592	-0.451924875566051	0.29374523262199	0.362255758225777	0.167975383994932	-0.236954493025382	-0.305044736766163	-0.227776702467775	0.0331846227774893	0.104526723557841	-0.226492634178851	-0.0639172831588821	-0.18372353863448	-0.0372152786070656	-0.0999672138012663	TG 56:7 Isomer B	darkturquoise
-0.33958709566895	-0.47436631262933	-0.597694213436277	-0.210765365783524	-0.100736773568624	0.0648645595269886	0.05406854317278	-0.154908452064249	-0.0790948715593687	-0.184659827057553	-0.239748534128887	-0.14368262974282	0.0474605381294323	0.87604714962341	0.348856847047632	0.211082510321273	0.28553570141217	0.321957161795081	-0.0837767151485966	-0.183043529904248	-0.438325043408262	-0.473705590913223	0.255522246368726	0.274469738607121	-0.0809731450349652	-0.201829171584261	-0.32968929832455	-0.0476217833536412	0.057776124344352	0.0572027320817119	-0.339045368587733	-0.203037484075433	-0.123917916144721	-0.16411327162118	-0.0486826736119631	TG 56:8 Isomer A	darkturquoise
-0.133306715660277	0.0618073785249501	-0.160709132997639	-0.0861514171227491	-0.227679803806617	-0.145576483777219	0.00930668159402121	0.257291571278517	0.301269456895111	0.218137600335454	0.947657809451356	0.183458564164127	0.309278956319169	-0.132502928091417	0.188832753309616	0.314278894725552	0.0287331001674156	0.0777282414594884	-0.137706256339502	-0.151048131041603	0.0200515627557169	-0.00935414461731726	-0.288592922203054	-0.266201469430789	-0.298783069991868	0.0378252860504641	-0.0803974811468176	-0.139288649730919	-0.335464920424333	-0.355460920968793	-0.0338152523191439	-0.11422144962666	-0.106987572014489	0.0663911648968845	0.170000411079058	TG 58:2	grey60
0.0291366926710745	0.260484213193957	0.0534425997473082	0.0345777865487839	-0.218892188978908	-0.0809035178145333	0.0813727637170345	0.274851794835716	0.253048292810215	0.332845577051674	0.803005777439722	0.22728378752923	0.221795982587564	-0.232555992869783	0.0909680198341067	0.182854908576865	-0.131954726890711	0.252015007979331	-0.0333250585887833	0.0199367118679045	0.172960000557196	0.142445433125719	-0.263272187430268	-0.307509581517546	-0.406734051277459	0.00530088539313135	-0.0794771503107268	-0.0512915150545961	-0.315579967766648	-0.302849611242013	-0.028013265882245	-0.185254358013027	-0.0529355977315097	0.0792203437230807	0.220107113875859	TG 58:3	grey60
-0.0586760814496227	0.079176506166595	0.0165291412220646	-0.201504099534272	-0.0306475900138896	-0.12505696541099	0.117602551042385	0.220454904502932	0.352194750689231	0.254148449606137	0.434815223223078	0.00944265639414021	0.363531340120877	-0.194073156703567	0.18285449466734	-0.0509218009985357	-0.0699365640671993	0.0595419801250733	-0.273411877413853	-0.219283605227983	0.0817031526703122	0.080566979338901	-0.538676651325752	-0.474382648654118	-0.0113392468563143	0.0760978123476558	-0.112177737253312	-0.163865411844133	-0.23864582845172	-0.446159119082415	0.0437679999719412	-0.115931017699911	-0.115355130233784	-0.0663429335022569	0.302204218534649	TG 58:4	grey60
-0.392465211272559	-0.412327437967002	-0.60520323498611	-0.272061013467382	-0.131317912531397	-0.0398264161678909	-0.217993066771877	-0.318592873669408	-0.0865671912586087	-0.185377826003134	-0.109248729577091	-0.0558872896396916	0.120630559058898	0.892242043104256	0.439496893279517	0.479152630472861	0.248888796059796	0.181477668702438	0.102597100473231	-0.205335755949149	-0.376467630978933	-0.50217476855223	0.367158763853333	0.330024383590178	-0.0674262589530988	-0.18578151245406	-0.312809786336336	-0.209292358109428	-0.0392949268774353	0.208398421036237	-0.218830184431743	-0.030171647378815	-0.14331180915536	0.0596638644115279	-0.0850357004788703	TG 58:8	darkturquoise
-0.622877016235993	-0.466567805239592	-0.640141445101025	-0.393971849056261	-0.11628128059167	-0.077735503374772	-0.114283634758213	-0.280426526073155	-0.0880733289495974	-0.0730036867285939	-0.120863282560255	-0.0938121638285351	0.175002765637839	0.857502725316018	0.455871817471805	0.461474733835108	0.31605286349604	0.267172798012471	-0.10848776422111	-0.382375397097788	-0.46989291511074	-0.629557042337628	0.300906062988191	0.364720674917752	0.0761111494408292	-0.130201014366311	-0.290774671220536	-0.0527169416276821	0.113787188554971	0.246711490694467	-0.155538487043469	0.023352512113396	-0.0300646826612118	0.00646010365309468	-0.0240603684943075	TG 58:9	darkturquoise
0.0848000433208868	0.189055259783667	0.114463576852904	0.133327192359571	-0.131632192583527	-0.06221862315923	0.132542350556796	0.529372414898257	0.355883137815193	0.342098645690022	0.741216327451836	0.384573217621694	0.0485011975164811	-0.324755676312198	-0.235556790572777	-0.13865984371252	-0.147305323390655	0.0338464619715219	0.0853573760472374	0.023748571326955	0.104637321953552	0.200421221305824	-0.240433768000007	-0.307807452993007	-0.476078119151114	0.0518105237211484	0.131743350735517	0.0620278780126606	-0.286779690216703	-0.330574130133305	-0.0281122030589697	-0.209210831961602	-0.0386021263905708	-0.056645612262385	0.285304781261933	TG 60:1	grey60
0.042169777775847	0.17584580343143	0.0260411100904899	0.133532642360865	-0.177392830794671	-0.0757359145008221	0.247550262309782	0.461062770105803	0.399237403998889	0.383975959276429	0.873155983459449	0.228371382224909	0.169862218457102	-0.320809159598813	-0.0984906384526068	-0.037978082751535	-0.229985968530752	0.132391007459747	-0.174966697790263	0.015933087145876	0.110332858354322	0.197320318056758	-0.33999921846049	-0.340298588206403	-0.367564637154768	-0.0106103008673806	-0.0663922856466253	-0.167583518046846	-0.464813409255259	-0.461024486700293	-0.121932337787461	-0.214063899507228	-0.146389721211271	-0.048221066462718	0.138917176660128	TG 60:2	grey60
0.0382762391938764	0.169276094655739	0.062827114939715	0.0272868129935034	-0.276695343165354	-0.0980477730516285	0.233262073867069	0.456560438086407	0.469432198596977	0.487964074252307	0.875513387473215	0.188080203991833	0.239332547984756	-0.286632923046678	-0.0848332307129575	0.00360357245055556	-0.166660448966823	0.0376924403854459	-0.204361451608144	-0.024741898119094	0.0591208627174146	0.134163074014601	-0.389483660772094	-0.351507230202337	-0.315187164114922	-0.113221184060472	-0.0673650661463904	-0.0978259958623095	-0.26515832282885	-0.548035764045051	-0.22993979999791	-0.316202391507855	-0.188351625258112	-0.0919815658940957	0.204866496774791	TG 60:3	grey60
-0.028551468587013	0.108455096222832	-0.0265066271118268	-0.0623087707663072	-0.185994120054068	-0.126354585923526	0.158975105508263	0.343789677225144	0.360202855876179	0.313092405044834	0.894937096578611	0.197283112161434	0.222798043141863	-0.228565338405541	0.0840291177182633	0.0877870630080824	-0.0508633647197071	0.121152716454311	-0.196475268158307	-0.165991675261805	0.0596948247861413	0.0547466953978451	-0.425391122236861	-0.406680035962782	-0.267654702945739	0.130703129457889	0.0688448898096125	-0.0856745433163195	-0.293932615303725	-0.45169502663781	-0.0350891235703511	-0.135564758500219	-0.08233535267303	-0.0568235705302206	0.209385035470053	TG 64:2	grey60
0.270376900724926	0.216674454526419	0.244887166317121	-0.0442183364500132	-0.0958505987815933	-0.0732592488295911	0.26007704223449	0.411304867948381	0.261432859367034	0.14738249518841	0.328155317842962	0.065431783843465	0.00210292354958739	-0.351736819998125	0.00587924422985003	-0.254518899975505	0.0010419781637569	0.116018599328259	-0.0848132375018451	0.0596420238192204	0.155352956590261	0.281701346834448	-0.477547457945313	-0.388981661048268	-0.138209528545402	0.172853208585144	0.105264191955273	0.142915865515056	-0.149441639717225	-0.45394410354498	-0.0647750612945238	-0.27660049660532	-0.0445280324887544	-0.105269844960366	0.269818396972423	TG 64:3	grey
0.0667195448894642	0.315182089256413	0.36509073701686	-0.429574767993313	0.10610559492771	-0.159590078976961	0.0659020029843928	0.207515054938966	-0.0893412101023292	-0.159991446055676	0.168829578050005	0.157001333991313	-0.132501655045186	-0.197280667451681	0.194917587025241	0.101908110000382	0.282608667932114	-0.108905727742758	-0.208352221813492	-0.476296741091413	0.165797497390352	0.313259839586174	-0.515705798747068	-0.624049070232694	-0.0542331055441097	0.374435282322952	0.352927331582387	0.0697857872481754	0.165929192971516	-0.26823936443816	0.176026377809402	-0.224711443374952	0.42659751092444	0.195119992666467	0.72830409833956	trihydroxyoctadec-15-enoic acid	grey
