black	darkred	green	skyblue	purple	yellow	darkgreen	pink	midnightblue	royalblue	grey60	violet	magenta	darkturquoise	blue	lightcyan	darkmagenta	darkolivegreen	steelblue	paleturquoise	cyan	lightyellow	greenyellow	turquoise	salmon	darkorange	tan	lightgreen	red	darkgrey	orange	saddlebrown	brown	white	grey	Probe	Module
-0.476078425444501	-0.278165386294719	-0.457529966215073	-0.0108928222733735	0.166586922148534	0.0800809741338853	-0.156038058679615	-0.125140202679812	0.00301876632070989	-0.0602517148066106	-0.0835703771886333	-0.145809437622679	-0.106098347691573	0.328739543214921	0.162651949184661	0.0279396431109848	0.51432337885452	0.39270536141959	-0.153108181283619	0.0685602453153471	0.114285381777559	-0.243859284672448	0.308066375372256	0.313960281432424	0.185711116997713	-0.0414035710602881	-0.294736529594558	0.0711137318374664	0.0793727993668437	0.161967841282277	0.308481671376714	0.337056423026389	0.0514766313515103	0.273634992785999	0.370673119542391	1,2-Dioleoyl-sn-glycero-3-phospho-(1'-myo-inositol)	grey
0.913015281814618	0.522636678936184	0.618199496556231	0.0941393900307819	-0.296433653834187	-0.226331192500004	0.282325100241008	0.337433950297476	0.0878695615558559	0.113821103398752	0.0789883623730979	0.269467989327964	-0.231089512144253	-0.54101190882166	-0.407120179443654	-0.338765339812763	-0.374288907413588	-0.353604797164342	0.199957942318814	0.142121926912721	0.146501028925866	0.671779998995181	-0.475263121286232	-0.452111166697422	-0.4545758349041	0.366563664949093	0.425233084034692	-0.241668294100831	-0.288623043858271	-0.302955884435979	-0.236416264081945	-0.487901807224384	-0.0838186301764425	-0.291354809001199	-0.251264002599554	13-HODE	black
-0.00598975317537131	0.0275144075719753	0.048179537930693	-0.0193029214638124	-0.102277706797256	-0.0446443467030007	0.01695587952542	-0.0657613847031387	-0.0308873616364754	0.0781536998113237	0.241115853646999	0.104883336179843	0.277951394086047	0.063645569202404	0.174894775959436	0.261664824662133	-0.0965549111723927	-0.0665559271838769	0.0424015244524645	0.285215706864374	0.151148744020272	-0.0318756026665342	-0.141492168246565	-0.0075378743083129	-0.100480546915405	0.0354325692407381	0.0121128523336799	-0.200066586478227	-0.261709431046063	-0.0485996987438027	-0.219981568101224	-0.120692624191029	-0.195664256373684	-0.0285593374085149	-0.086149482059447	16,16-dimethylprostaglandin A1	grey
0.799811272106377	0.509621916814761	0.587254769211199	0.0962990533830504	-0.372465041142576	-0.266505620014464	0.17519623570369	0.364795539946014	0.100575466459072	0.115856348157276	0.183445947133496	0.343485049507968	-0.128587205900584	-0.459276710997278	-0.45779276550492	-0.314987538928271	-0.283404269464728	-0.218955646440346	0.0319255960902172	0.15214429475504	0.277759719426904	0.768254116257214	-0.440481843284367	-0.496841614006666	-0.375649805608588	0.191274832125668	0.314739218856342	-0.19253713604532	-0.229633713564287	-0.27810245768797	-0.145463153163626	-0.450429925280956	-0.050521423873992	-0.207681351701087	-0.116145775179499	4-HDoHE	black
0.134897778834886	0.0496197427324953	-0.0977330719717637	0.459255844206061	0.0850217481635651	0.124678927431519	0.553312015345928	0.367165541693891	0.242147703002639	0.334267739274361	0.159114856129246	-0.160301983426854	0.0330643507059497	0.0648667732152281	-0.140743180697254	-0.119817729758119	-0.125999391706386	0.309987748677605	0.0170248119095061	0.432279140888939	-0.0362658795926784	0.100142692706828	0.0547973873839547	-0.0637355968418535	-0.458234710196703	-0.127036928164305	-0.27170566065133	-0.108832986824392	-0.372459179980689	-0.0689944631225507	-0.14043651894002	-0.20583403200469	-0.278054676419766	-0.290774153232259	-0.142505122072863	4-methyl-2-oxopentanoic acid	darkgreen
0.91006945354076	0.627215387817333	0.864609573709814	0.349412469353498	-0.104572438501883	0.0701986504450683	0.0841282658863486	0.442912383866474	0.15379118925448	0.179697576385538	0.0957203537162299	0.181002603156552	-0.333362264162186	-0.718965440452715	-0.66562540642136	-0.474977441313144	-0.59927805510638	-0.501010977856002	0.00453134147652301	0.14432217817735	-0.0211303839691933	0.647422342693488	-0.278278701527951	-0.2859368385271	-0.419739273374919	0.259105201753519	0.405500670047924	-0.0963925619675421	-0.285370360771724	-0.180369766088387	-0.200338756692528	-0.385876751026326	-0.117194940263018	-0.286209875380656	-0.172641344401701	5-HETE	black
0.872675592882152	0.645083727094949	0.902654263398317	0.246028661439457	-0.0612561193638072	0.0452840790891924	0.0347740900029507	0.405346588676609	0.0698537162289596	0.0871238497844359	0.00322550149184978	0.231523409823664	-0.342158486106939	-0.766231547158725	-0.660883714455834	-0.498565812188967	-0.60226643260681	-0.553135798746028	0.0725375896885318	-0.0179750551811096	-0.00412909881076834	0.636183921024431	-0.359452781341038	-0.40782176931233	-0.279662437423931	0.318903061771474	0.495991278137354	-0.0532759171676821	-0.201643398158108	-0.142933656648067	-0.0911007988630504	-0.289563309352541	0.000146641996961716	-0.194501979602461	-0.0726153347488039	8,15-DiHETE	black
-0.258856383153559	-0.215444114401577	-0.136362676573633	-0.250629119392858	0.00332287875631684	-0.130170906609023	0.00481212064050808	-0.0917239590301327	-0.181127552248918	-0.228525751817092	-0.281453177153443	-0.0328612428451194	-0.211201773709452	-0.113946226792238	0.0361818817317833	-0.0244485084635287	0.194202417448343	0.151609745076123	0.44331378113712	-0.119821330142111	0.220621045660504	-0.0155978938791247	0.199678853528216	0.142055138502244	0.301098772289331	0.305370541935811	0.19598144220261	0.407481785368761	0.270371635997581	0.209445381480236	0.530778994267875	0.438025252208157	0.371642699003973	0.349582110162987	0.542131868372379	acylcarnitine 08:0	grey
0.0165356605721569	-0.0729684056125461	-0.0195033042910546	-0.144856190695381	-0.0267293030059008	-0.128054628213099	0.0532811170516286	-0.0699372051477905	-0.297702625952027	-0.308857081423584	-0.236132962786578	0.125287053862855	-0.311056612642538	-0.0444366550324564	-0.0289599195203303	-0.0400955937473571	0.230822860166994	0.255711760541495	0.448695212936384	0.0864495220784231	0.271483909509332	0.157807672285688	0.153310992803436	0.0532833832621864	-0.00649056296137525	0.430034996373449	0.243856220015557	0.353834615767742	0.186601563485391	0.337293043513653	0.34464469494431	0.215714596647997	0.375675495960301	0.251148818626648	0.319948779565565	acylcarnitine 08:1	grey
-0.124997539250689	-0.0652365738137465	-0.131732282004427	0.200376086701413	0.204390768874797	0.210167330991667	0.207040531515694	0.186148527350474	-0.0537078723880586	-0.130064900920269	-0.31158828267546	-0.352509758970921	-0.384481144858502	-0.126313161242627	-0.230647549435874	-0.243673149698961	0.111175912318817	0.270661793502043	0.397958848277403	0.136436615359474	0.0622924706995838	-0.00717851197516346	0.472569924948303	0.234187300347434	-0.0435658017568795	0.116414411118079	-0.0546460919542968	0.422535775989654	0.152926102108762	0.35834555302576	0.2781029140343	0.318581975907019	0.154360042217146	0.155560041987301	0.415784486548135	acylcarnitine 10:0	grey
-0.0321786376061916	-0.110437071683482	-0.104111472284974	0.080663651464346	0.227174095001879	0.194531101123175	0.217268405648848	0.18292468321145	0.0404927682909783	-0.141329395559663	-0.296489276856895	-0.216121952686396	-0.460402453726416	-0.100791893215415	-0.188626617271244	-0.320296211833173	0.166485840603401	0.167959280134937	0.279298968760728	0.0334088988895875	0.0415448326595256	-0.0447854280151713	0.287075917455125	0.156876407316752	-0.0471981667399779	0.276235305951373	0.0427169736929466	0.289572331036696	0.0590168752665702	0.122497830637153	0.183462376281784	0.186227454290992	0.0832394251833436	0.0568374041261729	0.315342977123615	acylcarnitine 10:1	grey
-0.184411441524936	-0.206259526075747	-0.0851297096614488	-0.14005597993524	0.0957893384544575	0.203211425296803	-0.03898920024818	0.0759446439043922	0.211213651106818	0.146915482238327	0.0146330230918446	-0.0244973275690656	0.173305724326761	0.011657621869241	0.0563370040725463	-0.0418479714108113	-0.0923850407226422	-0.23219984360196	-0.28021748673963	-0.256725772707678	-0.419302895260527	-0.360944707180486	0.0535802232589165	0.150279023503614	0.116338128500377	-0.149626721018711	0.017678361712692	-0.0631889874790113	-0.0900653179922545	-0.100441504286709	-0.137924992470281	-0.145445815382373	-0.160774963019394	-0.166922485863828	-0.141040015374574	acylcarnitine 12:1	grey
0.130196325939089	0.0513051007350999	0.0032502267468515	0.195292291977055	0.0233154965184251	0.0174344627832457	0.26262074026688	0.245764562333903	0.0348186799001293	-0.0951686899916089	-0.243263262172497	-0.330856208981726	-0.436428410657697	-0.198218942408045	-0.229964036536359	-0.268479465141031	0.00464651173452335	0.267046195537873	0.405274575262048	0.240175239311238	0.170678126705032	0.206642564723876	0.240064773235579	0.045565485818932	-0.0892193030702231	0.143096894248565	0.00578348741757817	0.301016237673359	0.097146267042446	0.121659071738833	0.231388271215983	0.160672438767912	0.0669756397999823	0.0491547044368146	0.24816147257255	acylcarnitine 14:1	grey
0.023284408855716	-0.0602356683585733	0.0538738537318027	-0.119460936804916	-0.196632213612413	-0.284782218525748	-0.0302334892847962	-0.19550703138931	-0.269622452392641	-0.190627098491658	-0.242436752665087	0.0775762555215448	-0.0172703121836312	-0.123930028011673	0.0301040070650669	0.0268336740295833	0.0105635831904554	0.0680182685255666	0.864505820263663	0.0138390328364747	0.361973828294536	0.265406646207757	-0.0977394830603507	-0.2068370393978	0.158223279370086	0.206563331120863	0.289412399514422	0.240846252227118	0.219649819642026	0.108873349578079	0.306802282230129	0.189429038044657	0.322172866534364	0.28704053984695	0.131067946155954	acylcarnitine 16:0	steelblue
-0.0261705625503735	-0.0265613179477392	0.125173939439745	-0.0772610323945791	-0.0737940203898386	-0.156207590685746	-0.0359962678225507	-0.145607023336334	-0.160776642617833	-0.0387449038991423	-0.0815957095360578	0.156323112807086	0.00727532777401983	-0.173521935310078	-0.026721928573499	0.0893204965822006	-0.0681026638652526	-0.10883282942675	0.847281021756737	-0.0737692784086492	0.177974647807293	0.144382367638042	-0.0565202839866757	-0.201377449346008	-0.000954263985816587	0.143990000014056	0.305919221392821	0.193993223070693	0.137093396378803	0.248382584357198	0.239773122876669	0.173256857472005	0.324545023958037	0.313810348761593	0.119813732356545	acylcarnitine 18:0 Isomer A	steelblue
0.0506829270501933	0.0501006327568249	-0.0101775720969913	-0.0470492446896099	-0.172807923903624	-0.282085554081958	0.0449710274965064	-0.0714891975676969	-0.263245502219257	-0.230265274194829	-0.155410767889639	0.0688824988632314	-0.216406525461853	-0.0753328668470946	-0.0331468333886429	0.018360770115544	0.0619733497555125	0.179360280538616	0.923326978240256	0.112837731109482	0.360829114418779	0.275972854335581	0.0862361168470407	-0.0326384883379818	-0.0452818790504969	0.289477063298564	0.197127465497028	0.261903361205186	0.205429058000025	0.289160148338867	0.29340944499268	0.239295283172914	0.381192635151091	0.341967498118755	0.260241876711541	acylcarnitine 18:1	steelblue
0.260493934107782	0.0511270592077581	-0.09149141989595	0.144864418490818	-0.217776620246047	-0.234293588386124	0.305638788621342	0.0973897195321142	-0.109323085128119	-0.0931659188961716	-0.0422732111805446	-0.0320752042252004	-0.170773167158415	-0.0428749703608683	-0.00741363947064839	-0.0342487025840875	0.0702177077020608	0.174433147335448	0.692815581129953	0.459032044800061	0.354244022576403	0.38971701627804	0.17649809337374	0.0902504276078923	-0.328833397329656	0.222856840765478	0.0253127971926683	0.130775242358998	-0.0206352237609819	0.183569165921251	0.060061326383668	0.0428778907238764	0.0557450889498435	0.0687849563413	0.00323746258781214	acylcarnitine 18:2 Isomer A	steelblue
0.0678534194794406	0.138957152988159	0.140801349500507	-0.135631850257577	-0.176977851824048	-0.300240732697491	-0.0783863031470579	-0.216555431965828	-0.356897789611335	-0.258941565904295	-0.133106047922173	0.210494724269471	-0.236724977826452	-0.147070161997249	-0.0354833928215236	0.0810137095186051	0.0837004266754676	-0.0772996721544243	0.902887368834362	0.0215761744032883	0.31265457129734	0.236193696506862	-0.0269654608753116	-0.143188468620695	-0.0523721177467139	0.355498004535892	0.338124203134975	0.250999052226015	0.199461267370658	0.336651814696352	0.286674544688018	0.251712491938711	0.429703713996169	0.406260922306149	0.307931835097785	acylcarnitine 20:1	steelblue
0.120801254085346	0.217890515444517	0.284757365920108	-0.13536298817313	0.11555278468593	-0.0747005502357008	-0.232603222392618	-0.0760716529623253	-0.542490842006218	-0.46007224583611	-0.30598553213123	0.187387472380491	-0.465688038663486	-0.311367984409644	-0.234818268264771	-0.212974854021175	0.129630693620759	-0.0564588455811963	0.18186147532807	-0.175904020740349	0.297167924018256	0.320633060377489	0.176399884028329	0.00980094275735234	0.265357482613263	0.582994044220586	0.466945277246307	0.467209315452105	0.394295213591008	0.413007441005635	0.718846234751462	0.603311469293615	0.577764425497064	0.474569128953414	0.697916491864652	C16 Lactosyl Ceramide (d18:1/16:0)	grey
-0.540263788932328	-0.407029934487316	-0.470570402956638	-0.30848577652274	-0.048961582473441	-0.180127901131008	-0.235283580166101	-0.39671272720729	-0.308599991578786	-0.351698484493366	-0.391001277329661	-0.210565529613862	-0.00850944849464329	0.345793231218984	0.341317968384869	0.18597230840103	0.875597790043109	0.364793418906481	0.0289596935452218	-0.105914701262109	0.283295287145925	-0.308235670611796	0.329815104577105	0.28175709490571	0.406735011967382	0.0403944919858159	-0.057882081556564	0.311508826811265	0.526979692606465	0.31423650813032	0.400699346916582	0.520227875896195	0.321719642119848	0.516384174741003	0.421111279793893	CE 18:1	darkmagenta
-0.598025273931948	-0.463766394719094	-0.599591652109679	-0.149513717331057	0.0973319380623754	0.00752377856654008	-0.14880254000123	-0.443089474555834	-0.227117020206125	-0.332120375381074	-0.351346289525049	-0.272565711578773	-0.057999029159468	0.548303493826587	0.355683316764048	0.151130853538113	0.859826558838435	0.462657545288544	-0.0116917567344317	0.0400003379393396	0.113978676428187	-0.442733563722323	0.399472092090815	0.384796819513536	0.253100379828921	-0.112923428786467	-0.26619401659793	0.155504508962704	0.382482118466916	0.383853268479721	0.248645150234475	0.39258248466805	0.144452810087851	0.344533219846943	0.286375558720968	CE 18:2	darkmagenta
-0.407227040070511	-0.370874957703364	-0.549265927929389	-0.107865948711868	-0.143556139028463	-0.184184363750519	0.0170987619376365	-0.181550893727588	-0.116512108851369	-0.190395637783462	-0.201308631699735	-0.198080623229975	-0.027508763280502	0.426588153097955	0.301047872259512	0.10323416007386	0.844403739690893	0.393381595482032	-0.0290610903716931	0.301128734985928	0.240131818077514	-0.219956624593166	0.356351237326758	0.385283817184812	0.117066917260386	-0.0765875457391686	-0.262397640043254	0.102361720076916	0.182695164577163	0.200480541686197	0.286154152926456	0.259111872213579	0.00983445585991786	0.196516996523015	0.343740600406284	CE_13-HODE	darkmagenta
0.258035070630303	0.21253998479269	0.312254245534534	-0.241587168574372	-0.143452275586254	-0.21408326252927	0.00541689035228223	0.0645951873870863	-0.109482453446668	0.102195494840198	0.381209223800047	0.945217140626837	0.127712179791106	-0.204417553812399	-0.00309628929856707	0.147927958778494	-0.236323984993487	-0.373432226247783	0.0951441312798973	-0.290530862475985	-0.0820916702341582	0.167542295579713	-0.497666408180535	-0.371206065469221	-0.0140314000918064	0.268420260161769	0.319176279734392	-0.277118118392468	-0.308634773553148	-0.1882416121291	0.0346641627085743	-0.17383431874024	0.120459652099449	-0.0571409170914877	-0.0186911097678975	Cer 18:0;2O/24:0	violet
0.245096249735916	0.24113282202644	0.286262118652466	-0.271167527635282	-0.00168902972967922	-0.187336192790335	-0.101832996237737	-0.151956981137008	-0.41937496771918	-0.341311767318607	-0.189226131001839	0.419141227241885	-0.370135457864064	-0.314412512731767	-0.199196804337017	-0.12742147727543	0.182513549655966	-0.145994817613054	0.201396780905746	-0.143681797973538	0.284303660771837	0.312783039571514	-0.0139512496221809	-0.017616180405395	0.0898884867236687	0.811193836393794	0.630012953505248	0.283518720913473	0.252595851287938	0.306363828837717	0.381498539814878	0.295606368821435	0.55445720718514	0.457880602212584	0.39912567196272	Cer 18:0;2O/24:1	darkorange
0.424223280551834	0.407284044191395	0.54475111441499	0.23978439257265	-0.114877647152031	-0.116431108251772	0.0782358114138447	0.540635601096777	0.141393281698017	0.173930567137282	0.142880629674382	0.135675979205645	-0.284255313792332	-0.589481220193738	-0.545550772618259	-0.260469761168561	-0.22792150614881	-0.101791103139175	0.135268775324804	0.0754371330068014	0.265493126016559	0.549625080329868	-0.215047512259351	-0.37452092871724	-0.235751183171907	0.21884731289948	0.212777999828053	0.115947750893747	-0.114129038543074	0.0737867482419789	0.134616743825312	-0.0190435459700533	0.187509354687082	0.176201764703783	0.279262474084259	Cer 18:0;3O/16:0;(2OH)	grey
0.212496156303897	0.147554615905042	0.251554858182069	0.41850882964556	0.116268516407768	0.229487919676232	0.267346487825209	0.530036744505524	0.242288123284536	0.0517951726780998	0.102275016208771	0.00272876885687283	-0.00884588313299754	-0.227566898972401	-0.250276497516577	-0.18392993699106	-0.237776153770175	-0.12626408420577	-0.0880875803339124	0.192777152338563	0.0118943616993453	0.163904458570517	-0.169817327589482	-0.287302221029777	-0.119832013838772	-0.0842428181508819	-0.0360341641789857	0.00678009876278898	-0.289211153281661	-0.126924592331519	-0.0893252707867005	-0.139270308323436	-0.18580181126706	-0.168283613405645	-0.0832069939945035	Cer 18:0;3O/24:0;(2OH)	grey
-0.146735290769065	-0.247341066886068	-0.22938233121471	-0.34666679133448	-0.0668615750705317	-0.114813641199198	0.0151151426286598	-0.367926247764516	-0.299378127058379	-0.148638727792119	-0.168916525412805	0.299474618918807	0.0932025673392374	0.231918880851146	0.416697910086693	0.218543480917617	0.218108862414224	-0.0597353677043545	0.183844904366947	-0.0869034109553862	0.00740629634299648	-0.270478731990048	0.00761524672778676	0.241554058952668	0.428812897332996	0.142259946610978	0.0975841372213776	0.0204506486295765	0.123609074979799	-0.0563693408039195	0.215122333648534	0.216003434322379	0.252231715234851	0.187362171256377	0.0540570101495648	Cer 18:1;2O_26:0;(2OH)	blue
0.435800936806216	0.301726649158552	0.54396615795758	0.101278925984859	0.242463571610889	0.157656112732141	-0.087405840584651	0.0578303084006076	-0.307490717218789	-0.41422774469394	-0.335075893946207	0.224630105238204	-0.528633945613707	-0.559330894108758	-0.472029177884049	-0.409344998435204	-0.166635237414291	-0.471249756509349	0.230796512967071	-0.257596062220283	0.0716618202498907	0.354700456519619	-0.10682365692354	-0.165755377402636	-0.0301793173795015	0.895629374403002	0.762294050723281	0.304403716209082	0.0280565377394317	0.130341801540839	0.245903011605424	0.242949003310144	0.390505685624576	0.266910948045026	0.278719512109961	Cer 18:1;2O/24:2	darkorange
0.520225915791445	0.364503058707736	0.565376027810854	0.132170571290976	0.0305608932502049	0.0474193368592595	0.115568427272023	0.390993586811977	-0.0170259428051792	0.00346397337345973	0.0711685419412503	0.338761880251556	-0.294931299331166	-0.523837752697992	-0.506747482854146	-0.251634333946912	-0.39994974352676	-0.296132629643529	0.160413608518069	-0.197316298489339	-0.0475687910510083	0.43862229719844	-0.239189055537849	-0.346782361462037	-0.318777909628943	0.478424388879595	0.494516851838969	0.13316052227048	-0.114509888334017	0.0251041166016213	0.079867523824975	-0.126811104045642	0.235377600246089	-0.0419880658032807	0.0586092973791791	Cer 18:1;2O/26:0	green
0.393328168738731	0.258488662105476	0.690347671575383	-0.0380567245163508	0.188550965803897	0.0959387162774144	-0.326180302781691	-0.12297905243207	-0.305385200868438	-0.309942743865705	-0.203772932927338	0.179405033261318	-0.351757788688915	-0.568142543919593	-0.442815047706922	-0.284352512046331	-0.397316763293918	-0.577038748490506	0.163650890731633	-0.419950627294978	-0.0474671722802655	0.308790864631325	-0.250807180919673	-0.367099962289827	0.067104764202378	0.585912537584381	0.787862664387392	0.299624402089231	0.219510491140431	0.0869255976741703	0.207912726893506	0.159361248420414	0.34175535618503	0.183962779723369	0.120063918728329	Cer 18:2;2O/22:0	tan
0.339914995656517	0.226221652506427	0.500817467663362	-0.0825188123490431	0.0858559148867955	-0.00298133696830252	-0.185432779391822	0.00660065892296654	-0.271572765051073	-0.349716558658723	-0.304979056120275	0.0888296837776505	-0.361406756463776	-0.524990087166235	-0.416982350705964	-0.311908222196382	-0.18097993654094	-0.442738804879779	0.0604289675112951	-0.269472225348531	0.14081772113658	0.382534269516539	-0.0930956117818378	-0.20217150376596	0.201607272276518	0.632566862478371	0.77492858471	0.440937017251781	0.287535976845217	0.0775390363937855	0.321562538107009	0.302008825270465	0.360657975893384	0.32809874826237	0.279622314902594	Cer 18:2;2O/23:0	tan
0.239128054046402	0.225481485739785	0.342537128280896	-0.0253863853911418	0.183629331519316	0.0313207432270988	-0.00462166255023272	0.0787225966724648	-0.331121291022911	-0.443284906882431	-0.157560336359982	0.260600158519389	-0.426974755178735	-0.385533395634972	-0.238605469061476	-0.124300464942818	0.0428572089867636	-0.317386741282497	0.210046210390515	-0.211821133079966	0.195965846327109	0.232382297222587	-0.114335868804981	-0.191439917993842	-0.0542124474808335	0.868832734040285	0.704673587353563	0.297079478907419	0.0982797885554441	0.12863272014698	0.312355606129369	0.277863341165412	0.404628591228349	0.332787052129818	0.347028274433103	Cer 18:2;2O/24:1	darkorange
0.337468247384883	0.26452435409894	0.181961862144617	0.0518645959136377	-0.167309748099451	-0.0656962828867071	0.252968232007359	0.55570618965658	0.361138492332811	0.462674424320447	0.555343603249921	0.479151792764924	0.174058056913304	-0.148573455951328	-0.0628655613715181	0.00393207082687467	-0.437275724963906	-0.191998787596889	-0.122182882319425	0.0860333918610155	-0.177153358484764	0.154326988566034	-0.22352562056878	-0.118243802112868	-0.267919872407896	-0.148954187604555	-0.183196620124691	-0.426680719465846	-0.545363643135894	-0.358298637784514	-0.246719516496536	-0.465217693565178	-0.344587797651421	-0.440109805316306	-0.228207528942039	Cer 20:0;2O/24:0	grey
0.347536164664443	0.291962108673403	0.319554942191885	0.347768230503861	0.14084563359087	0.220211260839265	0.193805235082042	0.772890306058827	0.381479700925578	0.302217456582789	0.212351827082895	0.137434903025062	-0.115012658847029	-0.484116426130417	-0.405640795197098	-0.38786896768287	-0.361465781524025	-0.254898315752581	-0.186609625321187	0.0705611768215759	-0.118021120773119	0.199303622814068	-0.0862381381417976	-0.139758340581029	-0.225003711621749	0.034184144477738	-0.0857253158029453	-0.249416817403529	-0.532629578960388	-0.219752177443852	-0.184729338399487	-0.288197710718766	-0.293634165368747	-0.282314518046543	-0.0572111941298051	Cer 20:0;2O/25:0	pink
0.264384703618986	0.369341719057545	0.275481514399906	0.364821209322003	0.167536127170179	0.325233651020675	0.254400952587548	0.779810128229803	0.441940420332698	0.361139735665433	0.27433819985155	0.0447856234400439	-0.0703331208031029	-0.364452163920603	-0.42546643070039	-0.257095990850765	-0.436990842524537	-0.0939228058589466	-0.272609171999249	0.0344826128923904	-0.232895473673245	0.159241869456789	-0.0408321449415247	-0.125643632726291	-0.261262096222197	-0.10717169983142	-0.222366854227653	-0.118473803691064	-0.366379411408275	-0.11212293461487	-0.188759136922608	-0.263459826626904	-0.112382320893554	-0.221186672485954	-0.0573177186989986	Cer 20:0;2O/26:0	pink
0.0741884659741277	0.236126692424265	0.200070198481148	0.254629422426592	-0.0182374666359924	0.114094328453298	0.0668724899520572	0.682618623261221	0.385687750925652	0.201782262936269	0.18578630214158	-0.155298806578873	-0.0584539340178684	-0.15972576971494	-0.343300787202886	-0.279681854785427	-0.248166412142934	0.0605438517017827	-0.143402658988668	0.0997030794917454	0.0301210187586712	0.159096613708464	-0.013982019110591	-0.147963541516544	-0.201073097564452	-0.176627767236161	-0.21851461174793	-0.057476766319944	-0.176882178949171	-0.115850727771249	-0.0888023137436078	-0.272877764980341	-0.0966076295251382	-0.165518877425506	0.0707533088204286	Cer 20:0;3O/24:0;(2OH)	pink
0.208951780982259	0.108462110453139	0.00417338124461251	0.364881306366303	0.056817764084529	0.122755166663719	0.292030266260001	0.674360544707964	0.474669834075723	0.358565651483445	0.180863492318054	-0.242774717200513	0.0700444876559858	-0.143311085089094	-0.183227804153862	-0.213420021401304	-0.269761420625568	0.196693268244401	-0.107488300829672	0.143364809565474	-0.136160033267789	0.15675917381792	-0.0875752410721433	-0.195544458315503	-0.339495813255776	-0.204563444125545	-0.307608797761088	-0.29525420839125	-0.426221877569257	-0.35145072114902	-0.200438494754499	-0.349509365398082	-0.387629834881922	-0.408689634989983	-0.275646205844696	Cer 22:0;2O/26:0	pink
-0.561991165808517	-0.397666573875267	-0.566290441836207	-0.60253147992165	-0.308092002336539	-0.39333093777046	-0.0654592726183967	-0.499089129726327	-0.0730849792750267	0.0869497996850117	0.117167281243272	0.145763335726097	0.732868057720927	0.599712823791225	0.889504747977464	0.689947553583528	0.237594448427239	0.234017039991449	-0.0554435027829214	-0.130241556022341	0.00707087643359054	-0.506948731871213	-0.192048997105188	0.0720140951808781	0.504525821685561	-0.317364045758481	-0.205416303971855	-0.188692522208601	0.12104220170377	-0.304436849564156	-0.00218583208376864	0.0509666376368953	-0.0636781094201557	0.0314231110021906	-0.127064869491873	Cer 58:11;2O	blue
0.761838053325664	0.533725685615392	0.882361478079155	0.13896196688511	-0.18999333901	-0.0680291726875957	-0.158840318899845	0.244154325082703	0.100497353879813	0.182838209667821	0.120827807732186	0.181346748203855	-0.192656678290973	-0.641868372028947	-0.551380682091979	-0.337341507264428	-0.570959781470766	-0.532887692486049	0.00142735547928094	-0.0492149046114973	0.0279082964016728	0.560907668867919	-0.469258586992074	-0.469254207682576	-0.208566182400645	0.162459691473477	0.487468828255848	-0.132179169705772	-0.1157075750993	-0.256953474361404	-0.17800792521522	-0.379343124103676	-0.0836530282703148	-0.228158802201073	-0.180656911173809	Cer d32:1	green
0.678815528232597	0.453143676649086	0.767454896659876	0.192031736177823	-0.101945109712286	0.0450849308395262	-0.0277449332521741	0.258250412979487	0.104157831654285	0.142280264273944	-0.0158076608168392	0.0826074141159315	-0.0925118813056194	-0.593691471119191	-0.48511661455974	-0.371295883928359	-0.618100911086636	-0.557120803389752	0.0521931502584673	-0.0215868663963875	-0.100558926339586	0.46893222391319	-0.302856905506693	-0.37698557989592	-0.207585406011487	0.136012692609654	0.422851766810745	-0.184008354167995	-0.279667771489474	-0.190615426843947	-0.186833524038308	-0.325044245434874	-0.215497437769204	-0.31813908949176	-0.267211925291095	Cer d33:1	green
0.475336297521612	0.32192998001173	0.543225751589658	0.335865058567162	0.0940194744312569	0.195360785243956	0.143057996119275	0.475971089429093	0.242165296481123	0.126541418033223	-0.154996551459244	0.207996515549912	-0.257997064006681	-0.57349994929498	-0.58273723673314	-0.533774998993474	-0.341907151953058	-0.346630884345499	0.138274725866249	-0.108459902625745	-0.13974052460235	0.369288372003774	-0.072888604742059	-0.168141836461693	-0.263667584601466	0.297332919785891	0.386781977886675	0.0882801452340357	-0.234078910938788	-0.0340708476590539	-0.0226917982454248	-0.0978644379631172	0.0913325416922031	-0.0443055684098068	0.0358139069265158	Cer d34:0	grey
0.698550988823926	0.466291863018267	0.874341992813593	0.150385896966844	-0.0301406592694877	-0.0199768473694823	-0.186436598562616	0.097407489647305	-0.10064035027791	-0.0593209343145906	-0.175926959508106	0.181897191928815	-0.390721618631542	-0.733337515602214	-0.665234373195919	-0.479547802656399	-0.389873275864145	-0.480688279445055	0.233494219024701	-0.149087351475295	0.136544577213385	0.627226194381524	-0.280517728418483	-0.402438679187742	-0.219617790693833	0.507395428607482	0.70853712095022	0.182384275570639	0.0299005872503016	0.0536265059837607	0.0954232296045999	-0.0366034493150426	0.263159796437374	0.109951791966528	0.0485309253697887	Cer d34:1	green
0.727762106911689	0.618871194673341	0.937954960575192	0.081858077688152	-0.115285709827758	-0.0616948159697742	-0.183443131934985	0.18054412815609	-0.0759443608690893	-0.0285414125606894	-0.0208082942096645	0.272236288372341	-0.411633960907982	-0.739324267746371	-0.630153314446993	-0.408823904934678	-0.488935022887605	-0.526734019689589	0.160250014635889	-0.0750446019750566	0.11762139182634	0.583787486829973	-0.304266606000926	-0.347965354495223	-0.137977751120471	0.448005762675186	0.653273739777273	0.177394718303615	0.0565057219011134	0.0272219082950516	0.0626012611973864	-0.0882636236130571	0.238924311986373	0.0600485835003553	0.0759046867377055	Cer d34:2	green
0.512936641666503	0.3640459442209	0.585493806191465	0.202424096528662	-0.0144156151246642	0.0521879724666476	0.144367215538665	0.495590241454148	0.251213789660496	0.140963381310708	0.00837660750132627	-0.00065913330469596	-0.42569835288777	-0.5902788786691	-0.681809273698822	-0.573018654098104	-0.264324165994759	-0.163373204464303	-0.00571765605056427	0.0384340615248902	0.17425329856368	0.532151975411904	-0.0218133971498892	-0.188968079130411	-0.348964911291724	0.288388774152171	0.303139847361123	0.248388002723228	-0.0834164637660183	0.0554584375329826	0.0175645380529833	-0.0796472228041045	0.11934101861484	0.0693292612315049	0.178466794366322	Cer d34:2 Isomer A	grey
0.771901126306675	0.586794428311286	0.923709793014603	0.0996370974449115	-0.149044100118749	-0.0533869387580377	-0.0381188818076188	0.314180335878264	0.0342960863453765	0.0871583521367719	0.144595478005238	0.314246320849181	-0.304765437102536	-0.669815880038397	-0.589277815347919	-0.364102389679672	-0.634631660824582	-0.4902772388612	0.0582559259696878	0.000158913293965718	0.0902317875080883	0.609786613710739	-0.404918644212474	-0.45322040485819	-0.287239948464296	0.376280959343216	0.563416430246583	0.0114272058585573	-0.172967167747108	-0.162530003210302	-0.099737153570366	-0.320079743699459	0.0670362681356363	-0.157806285806006	-0.0317944062699761	Cer d34:2 Isomer B	green
0.300106028696965	0.173538565771351	0.567950708887434	0.00166079438030707	0.0821477724473225	0.00533969502657866	-0.152547467971466	-0.0852740427681278	-0.312853595024738	-0.263839126745557	-0.386168819241555	0.283047332627621	-0.361073550630908	-0.522917410532099	-0.41254810496897	-0.33100013327323	-0.0789511535354555	-0.427749334756142	0.350517843636493	-0.286536329753325	0.0869740963397466	0.272237720549711	-0.0989743922348573	-0.211858897886735	0.0143458689505671	0.675493524557367	0.855577880230272	0.437696358775113	0.194854976238442	0.213407375248121	0.381826163341161	0.323666521464102	0.478527245871789	0.351653880510693	0.308251984152052	Cer d36:1	tan
0.533337498122871	0.258952388035765	0.683029357742125	0.220501143104501	0.157878786193716	0.213109131393764	-0.0382232123056177	0.161424046585308	-0.120884844034316	-0.208739061486722	-0.339842450737969	0.109644870834851	-0.381776759847292	-0.599075392959065	-0.520266962149396	-0.501602513888531	-0.305156007690755	-0.555856238236988	0.157689019499532	-0.0996989605927831	-0.0679344567514274	0.299368923669208	-0.0869692024812004	-0.125790161175781	-0.137700305525609	0.552264235630855	0.666767847198082	0.31198331242714	0.0356249530329911	0.103693745079368	0.025078418082406	0.04800192461149	0.198977261868967	0.0644751988929684	-0.0124874140302915	Cer d36:2	green
0.307738155219733	0.251403923711417	0.481953746128061	-0.170426384886768	0.026492283475515	-0.10360946363028	-0.174956625849049	-0.186242947963028	-0.406693217065164	-0.28803711399725	-0.172360942318335	0.427687944412847	-0.205489035777123	-0.446174997851486	-0.250516489906715	-0.110734322012233	-0.0249417591795252	-0.522627902898216	0.210204639385235	-0.326538272639908	0.0945694438394723	0.228936572352112	-0.174018713436715	-0.19854436902421	0.00506630386800122	0.68750873459521	0.88555239349909	0.272563447365742	0.23388757639266	0.187780793404947	0.283041164047475	0.272700555273872	0.409894404407613	0.382798487095507	0.221012844800273	Cer d38:1	tan
0.455781243693382	0.248884998418917	0.634475888527179	-0.094448314717794	-0.187164206102057	-0.177227031331894	-0.199486215058861	0.0466720253767443	-0.119456212063441	-0.157803542229397	-0.0507972167341592	0.27307317629357	-0.154191528894103	-0.543888025643942	-0.294104632178295	-0.146353793190407	-0.315549389447204	-0.541733408808409	0.188868755719927	-0.233597211110157	0.0849128403109816	0.384510286546636	-0.410476048418166	-0.389828283248642	-0.00460180552904083	0.454741009175266	0.78170158323868	0.106448065468883	0.0554758315675721	-0.145212731468206	0.164838260690509	-0.0430314508104419	0.117996378328655	0.0136720560952228	0.0711219604157944	Cer d39:1	tan
0.0483064031828721	0.0103915270025071	0.0573890288019295	-0.492963520410316	-0.194225212692078	-0.329661235022259	-0.0204092426751003	-0.209881488813431	-0.293011885193015	-0.0816062908505972	0.16087193923131	0.923348326864244	0.228931144052637	-0.0443822673614999	0.210065539862287	0.254559939717565	0.119489014389595	-0.287549629594428	0.161083528867336	-0.365973479507335	0.0820192992900103	0.0543071077529224	-0.332463442194962	-0.161165576862584	0.12591783678778	0.380386357936492	0.400212455488209	-0.10642300256975	-0.0240395614357016	0.0110812402758531	0.108661851875952	0.0717200426001549	0.322801253787119	0.252885062834331	0.0976972175489858	Cer d40:0	violet
0.334039103145391	0.190721147989744	0.566517262437549	-0.201118633288555	-0.0997577729617271	-0.18923836599199	-0.245703437678997	-0.249828424500545	-0.461177984275651	-0.341019282996111	-0.182417458018924	0.524369608679623	-0.240585030557424	-0.448058192191305	-0.296365764853327	-0.098311598395392	-0.0598605604132224	-0.455904312143584	0.331213472852352	-0.328630455450267	0.201372027368371	0.362406934569589	-0.257180392467382	-0.274106190499067	0.0571404558362527	0.733032407838513	0.919311929244674	0.3035915412349	0.232280798159688	0.192665982172263	0.330625137540642	0.22700695640871	0.52343489184307	0.384874246726251	0.280654996710772	Cer d40:1	tan
0.37566470966524	0.360171434303025	0.582612824608165	-0.121459605760142	0.00806897167805463	-0.122586221583194	-0.141672729716813	-0.0759774213526413	-0.277816937350874	-0.317646938580327	-0.202467617752762	0.235299542343158	-0.375421422027395	-0.496144131893883	-0.339271688212023	-0.207467345997669	-0.229499166805609	-0.494358487892936	0.343057969824114	-0.273960296967342	0.144202302378825	0.366519273955081	-0.176513519435684	-0.277505546896067	-0.0415299713994084	0.751684312421536	0.88146780248177	0.370371720831	0.267513342443618	0.159582967783893	0.22810540396236	0.212069329865436	0.434100202643682	0.332018078667341	0.197042179243481	Cer d40:2	tan
-0.0314109209329299	-0.0871062345082834	-0.0422098121886559	-0.529834642972882	-0.349125228053354	-0.482013422791429	-0.150948969365618	-0.466192949894719	-0.369035996046965	-0.356493121204275	-0.258883304315955	0.238778643116967	0.0563940431740934	0.0499829740078927	0.246758207929005	0.189939363304468	0.556981015357886	-0.113370501734961	0.168618616377338	-0.14726420844856	0.359052934317461	0.0607895584065677	-0.180891800565088	-0.122709576693237	0.261090606595045	0.387182754604142	0.56865918529874	0.228812047484319	0.499249030041184	0.178981185861946	0.273430654584044	0.279485334381928	0.368706131760127	0.444673744945067	0.183352972351069	Cer d41:1	tan
0.455142095357939	0.237626856757223	0.404543038532512	-0.0438141623208023	-0.0815184301803832	-0.170369618970228	0.142679218794349	-0.00655110004051055	-0.145889440019568	-0.154525581485568	-0.255990602718592	0.0987384881086308	-0.271681268413382	-0.353816055716994	-0.226925544237827	-0.264984093480049	-0.0682689393350476	-0.251263967801371	0.0805803537384945	0.0234929383469141	0.180043846480934	0.347195415921675	-0.212972123210381	-0.285548860710484	-0.0270418068660029	0.547514888321132	0.612729915111391	0.1287502278381	0.0306169894230602	-0.0622025504427494	0.0226465946236783	0.0266848637154391	0.0962479996591365	0.0197094110690567	0.0482767342973859	Cer d41:2	tan
0.0690139125199814	0.0853566482996593	0.023006617116615	-0.547377160435842	-0.299964532485078	-0.465796449210139	0.00628645351194797	-0.186887648966022	-0.259666680688302	-0.0317039374153249	0.279512056526904	0.911291700889606	0.230987198539338	0.0494725736828908	0.358341430487089	0.361914585674812	0.0435916197988833	-0.223878277038566	0.184083245973524	-0.273298245650603	0.0895674487469358	0.034212875040333	-0.376561307433247	-0.170580197161422	0.127396665031312	0.35372121752621	0.326398103881001	-0.188503516552343	-0.0977742835817374	-0.107479505984903	0.0984477547603626	-0.0340469855037974	0.277176409325491	0.139881860413824	0.0169117409205333	Cer d42:0	violet
0.276500775213805	0.184373324326884	0.361824411443543	-0.350323734624287	-0.177059923972511	-0.333634813935096	-0.172244981009979	-0.287342930158359	-0.463154650490421	-0.309095364433255	-0.166359210547537	0.553097715263367	-0.170608781766016	-0.304943916611544	-0.0877508290415455	0.033035483630685	0.126546417653466	-0.384865253502156	0.342290954155012	-0.331249124643941	0.218606159461164	0.283419884811194	-0.288229816377469	-0.255286702624226	0.0925447340452169	0.757263819834834	0.852135761923544	0.189231948456751	0.258185714394083	0.157512296091935	0.321435717687684	0.207516791789526	0.53726354263315	0.404062557636889	0.201728225962862	Cer d42:1	tan
0.311442080907813	0.317858195277443	0.432621414785422	-0.112969038110797	0.138714040856065	-0.0505194279280254	-0.138734514500188	-0.0951963519656389	-0.459961028148864	-0.466610281994222	-0.335793669515919	0.383315420286015	-0.499040917751205	-0.438327900324808	-0.338772413049202	-0.26315963971643	0.0275314785488205	-0.33255266668712	0.261688432294021	-0.303835306261336	0.221326353519846	0.324093255651576	-0.0992383634826082	-0.13064238157313	0.0912091216395221	0.95700575940633	0.777920741558625	0.350692524913507	0.197871777459962	0.245107081140053	0.348743072563418	0.333876272970524	0.604947239869284	0.449203379678482	0.377567740655162	Cer d42:2 Isomer A	darkorange
0.342729427797765	0.287198208757432	0.289018380372076	-0.0408365080031297	0.139945825383858	-0.0412343783076869	0.0827574095036443	0.0359613060704459	-0.327620295984334	-0.42842970056073	-0.331590470439739	0.278729292053414	-0.454531700057245	-0.406600247881477	-0.260398153366507	-0.298852360279157	0.0712205498650447	-0.334756995367702	0.333633249668166	-0.201449382177734	0.208221392875357	0.327791368614183	-0.048671108034268	-0.120557132070637	-0.0678000678578153	0.943620096394908	0.689705292087755	0.264767745487404	0.0710440322100158	0.216448843424109	0.259495459728393	0.291401900427288	0.458710811921279	0.366546404545188	0.253749322395201	Cer d42:3	darkorange
0.2150123041069	0.19838114032186	0.180107876203169	-0.305967144919381	-0.232222286177	-0.394347850943538	-0.0109231160306244	0.0148310828940555	-0.0949456155955526	-0.0456054657196686	0.0622874882522226	0.26006687508145	-0.143984848456625	-0.165512168942224	0.0120704450821931	0.103469686835804	0.253110727735707	-0.170452100465793	0.1163703812977	-0.103078548160152	0.24176247642165	0.219760037094412	-0.283117562042853	-0.330059902568292	-0.0129587827631894	0.500654209368059	0.556381643964611	0.0752752176456695	0.225498553907547	-0.0051057814731502	0.225918543360048	0.076476149969977	0.311866506877145	0.31399150358338	0.195777859779539	Cer d43:1	tan
0.21410950096783	0.0755640034205132	0.224113914941626	0.0987020409201321	0.141246569378503	0.125781111895211	0.151438313819023	0.410627554652314	0.334549174918566	0.240801761511547	0.00835378476616662	0.13170850356187	-0.0733213481306634	-0.407070554372517	-0.344426559663117	-0.305332699587009	-0.21993282906136	-0.0379157649890929	-0.16046940251665	-0.1349909600395	-0.0257742787605532	0.263006080649554	-0.118179861217698	-0.23511826755017	-0.059693525397646	0.022187761584051	0.0263339068205113	-0.115554931759196	-0.224643841689823	-0.025106982404381	-0.0452967365286507	-0.130017670224023	-0.0742590692722982	-0.0866833137179786	0.00493113977917581	Cer d43:2	grey
0.228958473824099	0.257717621025586	0.153059138296879	0.00411191189761567	-0.127645737666017	-0.196016877205707	0.064996209632842	-0.00217200228527205	-0.299645347872792	-0.146871329491685	-0.11996022946538	0.163633486533641	-0.372897824053203	-0.121201395784629	-0.165278416883502	-0.0601039404780904	0.14328316014083	-0.0824439952048144	0.348223682922606	0.0590090695949687	0.206034730671755	0.240944413304554	0.00192062502492881	-0.0743573612598596	-0.11727207850412	0.597051185695355	0.468860203728584	0.176114520147046	0.115543742329863	0.195681477266214	0.261822026044886	0.166702933960683	0.376469962272176	0.301444026611459	0.249886434845474	Cer d44:1	darkorange
0.138735580447516	0.335944462160386	0.348110687436209	0.246001310246635	0.180936162271869	0.217438354434999	0.142756871585242	0.596609648703293	0.446889470574571	0.261565936514243	0.140505825692353	0.0696289538579049	-0.173021936344099	-0.354373099309903	-0.398552390250991	-0.317828817498023	-0.379943623945691	-0.00378728961390583	-0.205212674148066	-0.150450131855911	-0.128749451894817	0.0926929327698033	-0.154294536973889	-0.211539062418073	-0.112860498077644	-0.0365733868462942	-0.0108429004631614	0.117339492250897	-0.180839762662696	-0.213777601533108	0.0341036306691179	-0.106436409134587	0.0243404299240105	-0.114457346554057	0.1471201794109	Cer d44:2	pink
0.363574073106867	0.300803059994107	0.356998151059695	0.35112813601204	0.0730817531968523	0.167089292024303	0.127092472688746	0.631957110907795	0.251512019891893	0.065819297524847	0.0511054164323674	0.0187438136038409	-0.372070601073027	-0.350028009188701	-0.511581971197844	-0.417431093488273	-0.18749227423358	-0.0881152858305156	-0.017149381777733	0.151464612663621	-0.0300621069351788	0.336625964358752	0.00150008741681802	-0.147632638314501	-0.408808723012549	0.156365472754434	0.0710131140304073	0.0301434111566162	-0.272285513038676	-0.0575926670647975	0.000636350300374941	-0.209011374981318	-0.0241830076552312	-0.1824176643984	0.115147528987796	Cer d46:1	pink
0.297499045321676	0.173888604567574	0.300754190209448	0.24567657706808	0.141015045411324	0.232629632271419	0.0374004668495044	0.512634032231822	0.271363361618269	0.122593905403261	-0.0766317928482472	0.0256792399941738	-0.179710027525102	-0.282960486923219	-0.446432013687691	-0.475207664174894	-0.152946840589896	-0.109707303112292	-0.43871356711926	-0.130084549707303	-0.0786965271928981	0.236168814191639	-0.134355564800489	-0.201539244238912	-0.157902541009389	0.0848643078826767	-0.0231970602993664	-0.134401716683104	-0.284738917301863	-0.114050876327026	-0.128994970221374	-0.251803483811748	-0.0212274043675382	-0.178189968718268	-0.0204656520213453	Cer d46:2	grey
0.0571185458746084	0.0817892041507824	0.185717963367313	-0.00928874744687709	-0.0976877488470803	-0.10534537589973	0.124832835478346	0.325421753961512	0.273473817330592	0.236779647176677	0.107501549402797	0.155903396125477	0.144606532692055	-0.311572665880144	-0.113789012414621	-0.0435036749676851	-0.154247174087303	0.027577445821752	0.00219875762309021	-0.0938467954757713	0.0275608209806363	0.0958745783522194	-0.241486502322214	-0.248225658837639	-0.0882052832402593	0.0242765910442993	0.123195484182971	0.00354956547203433	-0.0670322735066568	-0.158147166794496	-0.0149350920239134	-0.0429094534672278	-0.0549264344080389	-0.0530972986173237	0.00332405342727028	Cer-NDS d39:0	grey
0.159376290372957	0.185412571654447	0.23417870197711	-0.318991369280691	-0.139310674348164	-0.211884600267368	0.0092352046437693	-0.0347431088227226	-0.0644703216716858	0.138290957076618	0.314600691341277	0.949681170075596	0.303832236358919	-0.131394866509827	0.125470345143495	0.232615767941376	-0.233118617616257	-0.39005460294453	0.0306774344767916	-0.361048319268426	-0.0943843805811364	0.0430257264701212	-0.535339204903667	-0.3064901430739	0.107480142943461	0.230844647944513	0.310883562585679	-0.277908255972622	-0.255412806491723	-0.228752556360132	-0.054522352294702	-0.131384583555554	0.160185908522324	0.0393387135708047	-0.111254788262536	Cer-NDS d40:0	violet
0.454774560015131	0.451713322499982	0.545055286768922	-0.00487301759681089	-0.00316071557524889	-0.00431112473728656	0.156506299648563	0.474457594909404	0.1019173001234	0.139011903762594	0.202747586087693	0.572270949974467	-0.1700300632772	-0.476647268495754	-0.380252186416803	-0.206952876207328	-0.414571815392587	-0.397517212235138	0.0570280508488455	-0.172436108402355	-0.0112980686365083	0.357601969024465	-0.387869581867722	-0.444415470962275	-0.10987473735416	0.256929774486104	0.30708181034134	-0.0945267222586295	-0.233837763119865	-0.135675896099303	-0.0258607560985645	-0.26259999139597	0.13984885632835	-0.0910593053498715	0.0314409233389766	Cer-NDS d41:0	violet
0.436938535385495	0.404006457487656	0.328492717951164	0.332707206351289	0.184497291778776	0.160027758711298	0.256228454270758	0.605121119477935	0.26786831700942	0.170583556684301	0.103638012578937	0.283058355490582	-0.182033005331376	-0.442734560977542	-0.366660622690329	-0.364726014713821	-0.416332594090955	-0.264817758676364	-0.0892560190645644	-0.0205372153494024	-0.141684535475653	0.274267956566334	-0.280698936025741	-0.308234531965174	-0.229743494008031	0.216966323968087	0.166677174973086	-0.179782882803955	-0.474623950473346	-0.269066846391751	-0.110699672625218	-0.273892595001091	-0.18713851842784	-0.330695830639305	-0.105546058295556	Cer-NDS d43:0	pink
-0.266323519781656	-0.188295744150902	-0.304066043247052	-0.399128245792254	-0.357602208328731	-0.494766749694059	-0.0237526194352299	-0.247631045642202	-0.219614918083334	-0.190476269951045	-0.111577355144378	0.269211846809966	0.108900327495672	0.234639286514223	0.346871319217539	0.30396272857334	0.610273205042355	0.188962677910741	0.191758402092782	-0.0803444212133038	0.272169107540219	-0.0701358055481429	-0.0943381671844975	-0.0297827076800285	0.0992326307683508	0.199970883987523	0.14177877565736	0.053967127709061	0.254692963739469	0.113369479023075	0.175586939348459	0.195916051086328	0.280005843491499	0.351346270996508	0.180567579482306	Cer-NP t42:0	darkmagenta
0.0932660333880054	0.124350826124306	0.28364129809208	-0.0828731616577671	-0.161951791123512	-0.072090776028189	-0.154366770176636	0.268421403868711	0.122147660300415	0.0585156502532368	0.120501719201272	0.0394260434289249	-0.241299740530862	-0.224494608750411	-0.318317794981624	-0.185030330832827	-0.0270604534120061	-0.016424362785781	-0.0913934145356625	-0.0471621923670407	0.128855141036783	0.238463920643247	0.0377820792462829	0.0229615028259421	-0.00664080474342581	0.0384131557223094	0.13768911474368	0.199749729361507	0.0941877658734237	-0.071799345941477	0.23370044124053	0.0295147065254023	0.0817984443021683	0.0677660415357035	0.556614444985213	Cholesterol	grey
0.0679560543041551	0.267191130039807	0.13315340957465	0.402622842607233	0.0568300422492425	0.11531881595358	0.0704918017054979	0.199488708125134	-0.0525170037139118	0.00607479541048207	0.123525713984484	-0.0322689559952926	-0.165754300160968	-0.0890651024126734	-0.266471309939148	-0.0688068654297881	0.0364893219243482	0.0436984864176007	-0.00716549767214746	0.171965432463199	-0.094283057530249	0.0303806312655201	0.044291157934775	-0.0896965591837192	-0.171656479572256	-0.172719738146107	-0.199853498761648	0.0175360642611503	-0.114668227254055	0.157984962273106	0.000176433102531456	0.0174864545946763	-0.117330548216558	-0.0868652457892348	0.00700822558103308	cholesterol 3-sulfate	grey
0.177969687693749	-0.0623516827203368	0.00577810424647501	0.256961275743996	0.08854315689384	0.241881912170859	0.546891115707875	0.494944859267864	0.278748083664976	0.242481177197333	0.0754875714790668	-0.130032638204804	-0.023242904932561	-0.123801265793249	-0.104501428818649	-0.0921853120443703	-0.15562953353616	0.0641152779439913	0.0841924684129311	0.300937213237289	-0.043296862554236	0.00959156158912896	0.169592151391385	0.200389565873659	-0.189772414119241	-0.00487491753690836	-0.155773833232236	0.0364834293715916	-0.239087079440737	-0.0965172240069258	-0.103419866653609	-0.0423134492801127	-0.21097444253312	-0.164553489772359	-0.0561932264946286	cis-13-docosenoic acid	pink
-0.394635611362491	-0.241607635408786	-0.484458636055894	-0.338511228638008	-0.309100904469591	-0.409137086063635	-0.0239520366056244	-0.258506869150982	-0.0723926803907843	0.123038039029641	0.505245885375346	0.135631431339834	0.517457552500351	0.568631524064581	0.76103445174936	0.815525570707175	0.00625282984861669	0.157509565080292	0.0622495224274651	0.0107423234869597	-0.00744763745451261	-0.376316833298902	-0.199198299354848	-0.0385224631389824	0.116885707247087	-0.214259912287396	-0.211240461065889	-0.300798483932431	-0.0762494079523224	-0.335638855183916	-0.0912029690837291	-0.135079932563168	-0.108211627891713	-0.09414361746624	-0.2334963856581	DG 18:1_18:2	lightcyan
-0.247909519228516	-0.304138962638248	-0.230358847235412	-0.370324269709621	-0.249094925861036	-0.271193447184236	-0.0759227166343245	-0.333403390485185	0.14949404922539	0.278183339206112	0.367610666348327	0.0413122285041635	0.603468862937632	0.325963192724762	0.515218877165114	0.510513455175391	-0.16864232966698	-0.0750424937997257	0.0181355157399574	-0.135065005563464	-0.086996339205638	-0.174474192270247	-0.167153426598995	-0.0717748866497014	0.0485153284279219	-0.255663600015619	-0.0573704125348677	-0.209486906683211	-0.0518401518883373	-0.233711278971902	-0.176231190502122	-0.0933517990555186	-0.129653707090308	-0.0482030992156931	-0.215673693832182	DG 34:1	blue
-0.0854807215614564	-0.0145352065984801	-0.0744580076239057	-0.0312724425256267	-0.0397422155411219	-0.121854942210011	-0.0673723745929045	0.00270950028120238	-0.0165488611047515	-0.0334081821796923	0.132775331945988	0.0232922716986318	0.0233341634143927	0.10541183978566	0.0283261648750969	0.0344441470625559	0.132309907945995	0.209853128641662	0.142665824038846	0.0869221612658489	0.322832956948692	0.0591463429459197	-0.0561303942990211	-0.0737550959778402	0.100329559884305	0.0277148492772709	-0.0539422655809023	-0.0310876857163942	0.0606399619594569	-0.00782899252122667	0.165246778635413	0.133382288054687	0.064890111312373	0.174741550021263	0.215250484931385	docosanamide	grey
0.27891381930911	0.0952818115605697	0.0221582892422048	-0.00461683559560807	-0.257935887173824	-0.12855268101719	0.743950237263264	0.40999087369013	0.312364973350359	0.384395697721794	0.189929153583018	0.250653750958907	0.397754915593396	-0.0624853344635971	0.0363204589992171	0.0491263144362582	-0.256632421724481	0.00455089134119479	-0.033604399588765	0.222722030551937	0.0708529686019054	0.237569807634336	-0.284607535288334	-0.23399665921544	-0.235104024382157	-0.0477160509689165	-0.0496188313460819	-0.223846792547707	-0.493563770855363	-0.369672657467258	-0.301845298453262	-0.340826020611484	-0.311411377625005	-0.2895187493889	-0.281253082978812	FA 14:0 (myristic acid)	darkgreen
-0.0282106173275834	-0.168442661276038	-0.344434705588373	0.11894440783146	0.0733334522494909	0.142294598060156	0.866458221366136	0.162823873671682	0.182922337797769	0.221485470275811	-0.0257226347892492	-0.0110798817983803	0.248879724094907	0.16239962774929	0.215048972926965	0.0508393622222965	0.0548428187751839	0.141622321533597	0.0143954966222382	0.310290189872144	-0.0975830526321913	-0.151071729037118	0.148300933625296	0.17981587821981	-0.238991635941207	-0.125907690570865	-0.300904428009919	-0.0631310232909145	-0.294891151757862	-0.0399788611361042	-0.281876165823292	-0.0958755341336658	-0.247342355734991	-0.235438106580623	-0.288296378856265	FA 14:1 (physeteric acid)	darkgreen
0.399409776671328	0.302199899201009	0.131553189584033	0.245590140496687	-0.061146884285464	-0.00781105456623848	0.802601630619232	0.651248588582157	0.525589264393442	0.422651897502098	0.0554710995850405	-0.00567084080309684	0.0137426495519812	-0.291174442169472	-0.291052547885126	-0.334198535248001	-0.237972098797697	0.0865545515157202	-0.0087320575672904	0.306321787523359	0.101726067916121	0.374602487244441	-0.15869096893363	-0.266472091233615	-0.396362836466187	0.0139354087754568	-0.073639029585338	-0.0675500761944188	-0.401851926601803	-0.246536858585409	-0.165623534588941	-0.271740867826743	-0.193907163728765	-0.250223726269327	-0.195823853420827	FA 15:0 (pentadecylic acid)	darkgreen
0.0561994983075493	0.0989526493960386	-0.180916969149939	0.267992713364222	0.0554671268535594	0.153492937393856	0.847704674944229	0.372518354807261	0.383322592105579	0.326779378029096	0.0366853513277874	-0.114295131175251	0.0666047066800928	0.106344065042371	0.0151668365800328	-0.0847987676053723	-0.101388547850076	0.223415522884904	-0.0936407857553762	0.398165818147469	-0.0801006875143763	-0.0727855628425315	0.080678036029781	0.0679046109630434	-0.341857673764146	-0.227966407013531	-0.38947208406032	-0.0624707609077161	-0.343629446447473	-0.0936613997541105	-0.309148005846081	-0.228782076295672	-0.239307640269397	-0.312063830377631	-0.256633013344994	FA 15:1	darkgreen
0.179830132593138	0.0653116337269256	-0.135761154122627	0.157823877022683	-0.0513772478828777	0.073662662484024	0.849253980403841	0.320264060127881	0.327612198516897	0.2413719423081	-0.0568889486647015	-0.0170448691995803	0.0258518186809116	-0.0181239975484107	0.0403236054712984	-0.153761220979458	-0.0416498676068486	0.11790536418517	0.0534321347865968	0.384358333488782	-0.0276025990449622	-0.0202330773353016	0.0295278140172665	0.188393782012274	-0.190300365880376	-0.00236751878660002	-0.207862648639991	-0.168629645079558	-0.378374147260855	-0.284273376199384	-0.247716456400441	-0.209192941780717	-0.258719276167241	-0.296743746652092	-0.230408866162196	FA 16:1 (palmitoleic acid)	darkgreen
0.427998396717276	0.201863638909975	0.489226264952423	0.20057881752944	0.100660169112551	0.15217087418869	0.323542705760655	0.501706787364709	0.3422871958025	0.247151162170299	-0.155620982489615	0.0975106028685612	-0.136225651977436	-0.604188531636905	-0.553682070616903	-0.475539121489025	-0.399318185161314	-0.226036789628014	0.176156403056659	-0.168512045418642	-0.0615316575559721	0.406021963794887	-0.134609927368008	-0.318226299611583	-0.203837485020417	0.253738165665181	0.383307319455811	0.170024165966827	-0.15359556694708	0.0112416409809641	0.068034143811538	-0.00792180428558761	0.121679206367149	-0.00513687646336158	0.069859914366602	FA 17:0 (margaric acid)	grey
0.492684453426572	0.236554578483757	0.194782716888444	-0.106872264874047	-0.256961189195278	-0.235950312429228	0.320118944049537	0.158700897797579	-0.0733482503745944	-0.0245945323034773	0.0333118056699671	0.200129276475479	-0.0463973545847378	-0.397021326333343	-0.117121669736465	-0.000388220327945042	-0.128233199546485	-0.225128615989736	0.32564008508681	0.0613291787977828	0.20838407079152	0.464536350195705	-0.217463022183179	-0.170237978326044	-0.198383354173816	0.43454529564513	0.333823799791519	-0.00534028752506982	-0.157353476913842	-0.0876214482171147	-0.0243936136024149	-0.047984800601984	0.0693730769180467	0.049831956357947	0.03686437977031	FA 18:1 (oleic acid)	black
0.878247293185334	0.426173147930851	0.44596527015283	0.298536233571297	-0.162478143240249	-0.0322479391372254	0.362338728711264	0.379982662603038	0.0834237062083592	0.0578216660154752	0.0103651641007071	0.0864306513099555	-0.311692096649119	-0.46265262494625	-0.374091420185933	-0.365454195445188	-0.241408272652566	-0.296678903009225	0.143619257416566	0.338904542438035	0.0659016646123565	0.56293965745909	-0.229927576989505	-0.202056814401663	-0.571158803483991	0.401499091873172	0.299407390299067	-0.203133957863069	-0.384809029829434	-0.222579754668226	-0.292300956326342	-0.421613929509577	-0.212064234624162	-0.318893360860521	-0.268241625641823	FA 18:2 (linoleic acid)	black
0.67597906552555	0.316004490622382	0.226037856656643	0.135679025864334	-0.282256396682477	-0.134602993362213	0.365960319584804	0.287361242934696	0.083487763656082	0.0577438139137838	0.131784214058765	0.0542972092006731	-0.148619623010927	-0.186687533778674	-0.0693558733045662	-0.108716709615711	-0.145040037838036	-0.214892558139549	0.0593099158746681	0.483967194902074	0.0992967322337957	0.352335339514794	-0.143560337769495	-0.0350645250093981	-0.433186846969911	0.296400634521727	0.177277771388635	-0.165753085028693	-0.305480087952584	-0.215622511211146	-0.348916235961104	-0.344082251561252	-0.259687485337916	-0.234503691261862	-0.315544287090915	FA 18:3 (linolenic acid)	black
0.506197118977911	0.19673033175354	0.134230192854916	0.00708152840153706	-0.259842993667389	-0.11141241580398	0.781795976528463	0.423232857517514	0.334813772042248	0.235734496751589	0.0175097286538143	0.0577180866692062	0.0656610638900438	-0.301930748207868	-0.161234126984827	-0.25028458118952	-0.19258951852648	-0.10796195668594	0.130285998157717	0.341775468199564	0.116498254435683	0.401130239759996	-0.1178634851828	-0.0453268763694811	-0.372013984696734	0.168708385291658	0.0928399598190299	-0.167532107751338	-0.356742205421063	-0.264365061018167	-0.263359963749299	-0.325783318040165	-0.244603604189482	-0.306493988241008	-0.222256194304157	FA 19:1	darkgreen
0.525772724994571	0.167885182906322	0.231595095954458	0.292302921115572	0.00500937994192627	0.0842362208478686	0.429380108207077	0.488842825457369	0.27788981666233	0.138902923821688	-0.225520193597209	0.00743764798333728	-0.20168928456062	-0.427695776351327	-0.357003389718686	-0.497072029549655	-0.172931183723689	-0.24411530949768	0.143009591807004	0.132604897856384	-0.141015816106982	0.3320469776148	-0.0125456643452897	-0.0745515600985831	-0.376847842449501	0.241518998485003	0.196889732762066	-0.0618783897697206	-0.355977687329345	-0.0614396229471652	-0.157599614554013	-0.203245217377947	-0.14829115037021	-0.262446454595955	-0.228499075680975	FA 20:2 (eicosadienoic acid)	black
0.904500250925145	0.603160042181392	0.798261953432414	0.374318602669218	0.0123907083834533	0.151053293079444	0.0464619955610424	0.379663192619571	0.113790502498615	0.0764796559844606	-0.058396275073366	0.123966336806821	-0.331290640779387	-0.717960889866226	-0.616909664861253	-0.545750574733793	-0.497509272514876	-0.557501303791138	-0.0155156184551252	0.101536538669195	-0.0469892460738223	0.567687683072998	-0.31659575806498	-0.30489986376863	-0.297129978684741	0.287869544732396	0.413244814693712	-0.194599070389892	-0.281115302248386	-0.240502915327059	-0.222051056111846	-0.362547720152609	-0.179327824661176	-0.30552907661607	-0.258838317777868	FA 20:3 (homo-gamma-linolenic acid)	black
0.921293217133336	0.578433722148453	0.830356643932932	0.421842802615531	-0.0748777616683674	0.149271923224928	0.0895197412463473	0.438216078095031	0.148917364545314	0.118952539577539	0.0101375323328878	0.100427362213244	-0.334921608750847	-0.706960699590068	-0.688183199663675	-0.550353783294785	-0.540710928183932	-0.488467888983686	-0.000919759205333306	0.203263072320698	-0.00120459728551782	0.648656975961125	-0.24101587038571	-0.207331824854357	-0.398260891224097	0.23624891142125	0.351025104511314	-0.126449108260082	-0.311151740084515	-0.186815886411324	-0.235120822863896	-0.384726285333868	-0.186288072742661	-0.306802874436465	-0.198243716213709	FA 20:4 (arachidonic acid)	black
0.661104785640566	0.338714821226779	0.395881949228002	0.234081063900593	-0.236652472152727	-0.0738364566321723	0.0320005251303382	0.15520319209412	0.0636815284696599	0.0740560252309201	0.201891013556852	0.0401439094265213	-0.0745158464654608	-0.155829922712149	-0.28573649428694	-0.206683555667947	-0.307745627214127	-0.199072009975541	-0.0532773433707697	0.262182724263629	0.209109813877883	0.537844797170417	-0.4141970319513	-0.290737562930553	-0.23316898724614	-0.0179421287228718	0.0986503972443312	-0.302838781201066	-0.181525454292119	-0.374526098811066	-0.427790892245723	-0.528627674899942	-0.248838135189817	-0.261475386816118	-0.31871728361625	FA 20:5 (eicosapentaenoic acid)	black
0.466020103294692	0.29049763340793	0.265242485780448	0.323339095837041	-0.119545737466407	0.0531143229180632	0.592242064919826	0.846781953633182	0.432469644860184	0.443451940552261	0.381684574599208	0.0816249617191438	-0.0395178322411906	-0.388350695279585	-0.319736476193457	-0.153088062266629	-0.392943938477965	-0.0952142603473845	-0.0690678336078628	0.304170880459825	-0.0756073004062715	0.304030492178253	-0.0667629705392328	-0.112255726756691	-0.462537525964495	-0.0269393523090314	-0.105701289171141	-0.125878817392792	-0.430592688542125	-0.242447490778609	-0.194760069120882	-0.351035171060645	-0.301197681374032	-0.390669702670267	-0.15038917961076	FA 22:0 (behenic acid)	pink
0.0288917869887287	-0.00127178741180704	0.0409333460184816	-0.0704301663615543	-0.0533359955515768	-0.0252856466674401	0.264300443631871	0.0910761918575869	0.019925757037355	0.056830500863884	0.0071939110327465	0.179699579772509	0.136940713444089	0.0340050230382317	0.0509152416842683	0.0355805790142982	-0.0597640730014256	-0.0262619164868442	-0.180309751869736	-0.138354143363187	-0.034551591229044	0.0422891932087784	-0.0791665828943492	-0.00446393113249422	0.052923006983111	0.106124260536261	0.077811919532654	0.0420570873388759	-0.0369631265012692	-0.134909890671472	0.0440026759762755	0.0287225582010993	0.072249428919093	-0.0847688851104628	0.121053130527752	FA 22:1 (erucic acid)	grey
0.294214505857138	0.111750290967709	0.192383249556656	0.215043535771504	0.0230790235754426	0.14178688820495	0.388959200148235	0.441761543734716	0.369609553072297	0.238743926759287	-0.0672580037891174	-0.15233121025765	-0.266525081553314	-0.24986224312931	-0.374028670820719	-0.496195056952244	0.002823831598771	-0.0855196471264968	-0.181525779654001	0.295350715738926	-0.0200222298868055	0.191595114319959	0.253696659307217	0.19735393336616	-0.317077409425845	-0.0463966767363607	-0.050789312142969	0.11682061378515	-0.124196735005503	-0.0534330099825638	-0.0363759081572445	-0.113949503658335	-0.183834275254659	-0.14237888880289	0.0533283419046568	FA 22:2 (docosadienoic acid)	grey
0.921572967778843	0.566755875661275	0.79606392103877	0.409335654004484	-0.014761016706649	0.162148714231392	0.174297756717686	0.452677361084129	0.187185632752892	0.121478829385561	-0.0496830208251801	0.131645858496412	-0.304614161478808	-0.749945102383586	-0.663932946756891	-0.595421873865219	-0.567300115320663	-0.510263073434965	0.0398218829635091	0.169808322437326	-0.00522731771383972	0.643051124614044	-0.267401039692942	-0.242353427205057	-0.359786603932407	0.308164345449993	0.394208910813786	-0.130931295474119	-0.362112862843687	-0.21899751730308	-0.240967498403735	-0.343968323372421	-0.180719040030398	-0.288641778718587	-0.251965574263955	FA 22:4	black
0.834328692738029	0.502287311990988	0.575054669887124	0.319065576391619	-0.270109413493433	-0.0670627383960851	0.173303375092228	0.45001432094431	0.156296093332134	0.0480571330970793	0.0927206014264783	0.0702739661853639	-0.213793142544028	-0.398868260404707	-0.51484595080747	-0.421930862821295	-0.367774509605829	-0.216603605313119	-0.0687344015386396	0.312440629909052	0.204551778965943	0.703490093759957	-0.339149607473972	-0.331542187037224	-0.406001510417069	0.109395589876977	0.176008649255771	-0.173354855020603	-0.263635041427931	-0.334125998753546	-0.357689857757518	-0.536869765180581	-0.222561589876246	-0.346945066387779	-0.240048053489393	FA 22:6 (docosahexaenoic acid)	black
0.437705481441398	0.432334615026517	0.289984533552165	0.3718158761622	-0.0658596761236412	0.0774030224986717	0.471306304149659	0.894801798173158	0.467775873301467	0.340425873064529	0.193552252127807	0.0170646933463465	-0.179197909506628	-0.412737957949072	-0.458821132256913	-0.356457768663746	-0.240744180325655	0.0426435603940402	-0.0522605348792494	0.223161611715083	0.0173156602813138	0.349153582774185	-0.0679090412470491	-0.173448412242003	-0.378056606849705	-0.0298236221890861	-0.185747498134659	-0.0796522087572078	-0.351735074649012	-0.130974452750105	-0.103113772363727	-0.265873953671261	-0.145471223180432	-0.19517484413102	-0.00238863670491738	FA 23:0	pink
0.442765846869691	0.381468318819655	0.418597289648499	-0.0855619018835671	-0.246790248817037	-0.196439267128076	0.0410240593746655	0.320275260583496	-0.0330938333592679	-0.204417514735873	0.0849865571833178	0.0782438015591418	-0.400323725915442	-0.379748667031159	-0.343841097561128	-0.232207969466497	-0.145134958167955	-0.0161930090667225	0.114086421454919	0.16904301982308	0.408158997606592	0.524947995625426	-0.0782416982795535	-0.135443522067727	-0.106647899755672	0.355423412307146	0.220720369760236	0.167547314161837	0.0469459622323808	-0.0247420549806354	0.150143239810158	-0.0493266894698894	0.156952393828328	0.0482829464032503	0.319748371262726	FA 24:1 (nervonic acid)	grey
0.341070962708173	0.152103991801915	0.0833695969247936	0.370725035436353	-0.0572690398583718	0.166071994644758	0.577426303307637	0.810290268765475	0.45228194349833	0.240935723188282	0.115407588495417	-0.161937678182618	-0.134448490479406	-0.229427477877401	-0.250308770451775	-0.324201376234589	-0.144186543825198	0.0511941944695443	-0.104799843244023	0.353679942756563	-0.0940357486940378	0.117710205885776	0.119441502921029	0.101366381153077	-0.385633572743116	-0.0627803193762261	-0.251549977594652	-0.155202059063914	-0.424249623409092	-0.215838498964497	-0.251551959325462	-0.283437125397615	-0.375126531244694	-0.370344148944238	-0.155305464385621	FA 28:0 (montanic acid)	pink
0.245252039108358	0.156085450107807	0.0178894690173554	0.114582817579436	-0.27753173017921	-0.123737277521362	0.535336488980176	0.66170191217689	0.324781365839831	0.198129569289249	0.0583950975012576	-0.131052935299097	-0.0779545851351034	-0.146263791658107	-0.0936688683279559	-0.196032588645358	0.0453756639537386	0.176337240691449	-0.057530074641349	0.366772524271627	0.0642057530956113	0.105764263514722	0.132850913864435	0.101503756545634	-0.270596136481285	-0.0234636050188713	-0.130479764521059	0.000093525373452237	-0.149516394389416	-0.145249295201581	-0.0544934356716532	-0.182903083273198	-0.218720579230116	-0.252824190051163	0.0124878358104787	FA 30:0	pink
-0.0865246542886747	-0.16776734604311	-0.291562629372308	-0.0785507150239074	-0.214853448421256	-0.0437130549804457	0.410522788210985	0.250900395654697	0.183301979913889	0.00732396565455141	-0.175953308069367	-0.0991176384762118	-0.0337904324926977	0.193796112106758	0.183672416755704	-0.0400293086568557	0.336174758590711	0.285495795082959	-0.10419881744641	0.271641878400142	-0.0593654947359485	-0.219630247162187	0.35805452511927	0.457083411475279	0.0192220081735831	0.0250010570500046	-0.170375990721172	0.12139442587522	-0.0384311348641622	0.0315294433604275	0.0591799189244428	0.0633103949799732	-0.0769513417993836	-0.0883748125460098	0.0878890239724466	FA 32:0	pink
0.437122645220906	0.377231841604152	0.345276233285692	0.349877777195904	0.0987107384940636	0.163498439407201	0.0873318053873942	0.628590972859542	0.233430107893086	0.161087076928542	0.122121759820176	0.104024553438571	-0.146984373430706	-0.396715042717927	-0.458845376970962	-0.324881659633275	-0.387585686068651	-0.090546193552827	0.000976434410792703	-0.0549373869635484	-0.0679860720931801	0.413377373415367	-0.123682376986232	-0.29528790023557	-0.379972557635737	0.051397885874992	-0.0315674664096468	-0.108937637045798	-0.335911434627696	-0.0356681537545896	-0.127912615111032	-0.266397147896125	-0.0533844481958811	-0.177573298012827	0.0112707620140147	FAHFA 18:0/20:2	pink
0.517117042434885	0.305978093299293	0.221675091214016	-0.0455756748032899	-0.196729469066738	-0.193549376633708	0.238596253002529	-0.00829004939614324	-0.128447136684039	-0.0655521145317524	-0.0384129208639565	0.13260443621767	-0.0854159430556923	-0.309998145144354	-0.0673330240133847	0.019402731976493	-0.180116792951615	-0.246874328638665	0.391007046856041	0.0735077616574607	0.106393315026645	0.359755922188867	-0.259359611267847	-0.186464293260574	-0.253583436516733	0.427517619462226	0.356594965504478	-0.0350623223698258	-0.130545439814095	-0.0193989487194375	-0.105468771669875	-0.0968398560493423	0.0790290285729334	0.00695447030238072	-0.139981691036388	FAHFA 38:4	black
0.233399198571189	0.310019653571723	0.374624149438233	0.0394384491078157	0.126360214208941	0.0691264211356364	-0.0917731230583892	0.286286588004098	-0.208032319323299	-0.158334088502915	-0.103609193087849	0.183869126814018	-0.355054183592038	-0.345582838784889	-0.334313699503968	-0.316564018031185	-0.117548975041701	-0.173363226620506	-0.016500875228717	-0.0938005049621558	0.0990711451595112	0.314719755231218	0.134627464960604	-0.0183924099469933	0.0906048318888867	0.335100406050269	0.284618641814595	0.195461629717721	0.0548672360535327	0.162125477794401	0.502887584801817	0.281744461563097	0.237689627290918	0.125445571618254	0.575102338444526	GlcCer d34:1	grey
-0.125863591698761	-0.0814030973244559	-0.000830249045653228	-0.0364436451442168	-0.0905856455958605	-0.0581555390525604	-0.276747896508132	-0.234676291841457	-0.226471645093335	-0.1687060625379	-0.199247024690784	-0.267012676506945	-0.258187910523586	0.0574509470361525	-0.135729242706364	-0.0960109927645159	0.425932536045926	0.198236285938394	-0.0179200888678896	0.183048075697333	0.288218435220456	0.117698429574745	0.403686325585046	0.258540844676485	0.080721280472509	-0.0649479242991478	0.00327704595924332	0.428047954910714	0.448344813162974	0.456391984044102	0.365138774001387	0.36656479682181	0.246060935630749	0.360164951501785	0.548207492146155	GlcCer d40:1	grey
-0.000837907414181045	-0.0310784275777357	0.10565611040799	0.0876301344429469	0.173788192771249	0.11500520980302	-0.168663676175342	-0.052355295920447	-0.0728585811880243	-0.16423249493241	-0.408686571237606	-0.400326771114617	-0.276132766275714	-0.175798619536928	-0.301539744236554	-0.295021108645692	0.306761538880104	0.067229383516054	-0.209556094888697	-0.0779891736003326	0.0435500556196074	0.116163374755901	0.163040496995466	-0.127937088507459	0.10462838884045	0.0507027052213132	0.133929443147438	0.268934007201731	0.303365303947898	0.178624374406378	0.278367029703816	0.266882245111817	0.0685319046930545	0.140393345442041	0.307405199610758	GlcCer d41:1	grey
-0.00151998176702434	-0.0277606292902188	0.08602326830882	-0.0923892119082924	-0.11333826216502	-0.0862309900508417	-0.429545537537923	-0.288660940550943	-0.281512141617513	-0.265526253947728	-0.193797895567367	-0.0903169836357768	-0.314848177673195	0.00284951823078181	-0.147496579491457	-0.112237460467678	0.384798551300046	-0.01904967873251	0.0485128840662553	-0.0680409714810623	0.12163341215855	0.10803245327775	0.212298466429045	0.0863027164937639	0.0675175130252794	-0.00840989890674652	0.107820658504561	0.25441131750455	0.427357517603923	0.247338689121412	0.273343249321574	0.197901361755911	0.205821245896094	0.201965761197954	0.396620291876034	GlcCer d42:1	grey
0.0144025858413484	0.149996168534804	0.0514963232155958	0.0393586957826854	-0.105269282598308	-0.0646127555929361	-0.0557119279993122	0.0558855655574854	-0.0987992780745407	-0.198808688424037	-0.195873160957295	-0.345456919313101	-0.477866759335744	-0.0635808098250635	-0.213215717264022	-0.183569844565443	0.226446338658627	0.222903423471938	-0.0780047257140478	0.209492457021205	0.229449001650003	0.128708402970135	0.366630867568735	0.20396887717373	-0.0536114472172393	0.126901377046818	0.000906086707512297	0.494693232306931	0.251492129074169	0.228314734865871	0.242326154937706	0.264904167657461	0.156653384281653	0.173418711453934	0.454007256960828	GlcCer d42:2	grey
0.123719454599936	0.254670056442204	0.395502579238571	-0.0334057671356717	0.0554802426955778	0.00591792934988708	-0.115812441862046	0.121263035430349	-0.185577508765437	-0.300362990626234	-0.330880912837376	-0.00715163010796923	-0.521451046910966	-0.434523159221492	-0.408807184684475	-0.372207687346823	0.137645215157454	-0.0553839833749471	0.186978135659998	-0.0398280659653497	0.37957190876533	0.322049694088481	0.189178335497033	0.0701749800933704	0.123996959144662	0.495035210892616	0.417802932605095	0.580290411878583	0.420734177828067	0.339537043289308	0.51402729906852	0.49367356188359	0.571301694761728	0.528019551678531	0.715655358925596	GlcCerd14:14E/20:02OH	grey
0.0877228678575233	0.174891152435616	0.324296420391135	0.121929091422472	-0.0191091348638572	-0.0743607462357613	-0.157044611008912	0.0977290401705053	-0.0957259149559431	-0.233926011576772	-0.210174478484015	-0.242024416321736	-0.498422280684992	-0.329174095422615	-0.516081091410145	-0.36454563128569	0.081335368446584	0.211384582873936	0.319978035303726	0.0486861660994676	0.468559360537915	0.455219939616992	0.199587862757268	-0.0685634259104658	-0.138274711420149	0.32122180784195	0.261975354645374	0.566042235898738	0.330360003605155	0.407329290174903	0.366560192489	0.301005768046087	0.477526286324601	0.456039628529883	0.578719843442067	Hex3Cer 18:1;2O/16:0	grey
-0.319245150584596	-0.221906368608991	-0.150696549009602	-0.276448867542503	-0.21160169674507	-0.294967681712334	-0.433925007152029	-0.368363860320447	-0.219520375219038	-0.220466771524423	-0.0893384617433522	-0.0566724645016645	0.0107616109005511	0.179584067778963	0.1652718483838	0.29675907120376	0.441253068943018	0.228894969752987	0.0888014527453213	-0.145034959487741	0.281072109079835	-0.0303648011883245	0.0664242209007826	-0.0268065774247227	0.307029113734552	-0.0860746856781657	0.0113461125691279	0.218741067305912	0.408201117265801	0.199544873398297	0.32565327276278	0.321286986418319	0.245395182799864	0.348869677083367	0.377532005142613	HexCer 18:1;2O/24:0	grey
0.207444388904809	0.201396609675101	0.369309789691847	-0.168516385232435	0.0607489607946526	-0.0974301407241123	-0.277460762612176	-0.0958292653607484	-0.453522599248407	-0.359073347780623	-0.201202226938512	0.272691589237736	-0.353293189488764	-0.339719704031861	-0.188687165192189	-0.183930944172683	-0.0181401449222734	-0.190829158790709	0.096463355405419	-0.191970716608279	0.224930511581388	0.296626938468403	0.0110242128191376	-0.0224218693814848	0.224476625852732	0.568898168347335	0.515812369502866	0.293420339198296	0.308191288285476	0.248834413794246	0.484862432616398	0.424425624468413	0.464574292123646	0.363216043174335	0.505631168421266	lactosylceramide d18:1/24:1 15Z	grey
-0.116313478957384	0.0758003369214107	0.0917970420063731	-0.04340248602917	0.156819491666639	0.0107792280178257	-0.233573803931846	0.0284161182726739	-0.308139998359014	-0.218575631680385	-0.0121850001078465	0.230374766643082	-0.266139837875628	-0.0437589552770491	-0.0408325893165008	0.0379239751210065	0.114805221103272	-0.0875000622474123	-0.0109210820108179	-0.272901445979855	-0.00371177088695654	-0.072709739472754	0.0482863176095793	-0.0197410085405792	0.173011139079332	0.424103186520207	0.311251295162893	0.296993646449573	0.256620872603179	0.195233506481315	0.34486569564554	0.396928992864344	0.39688147121043	0.344978575691507	0.429928830118107	LNAPE 18:2_N-19:0	grey
-0.075057040439122	-0.0141593897051454	-0.0672102976136932	-0.0922306401777049	-0.184776041350885	-0.126796624149691	-0.0629012865618205	0.0303404349209345	0.0128383313772161	0.0347571725645672	0.123912095937585	-0.158252971201579	-0.139620618659796	0.0442150374666244	-0.0114070886855027	0.0098418877960199	0.185144565581297	0.154700476779623	-0.00402700648536149	0.316383828780966	0.250319126342865	0.0629277442994604	0.216479074601939	0.262584763357656	-0.0431923245849557	-0.00784891433395144	-0.0616434439542446	0.18566658947683	0.211402404350262	0.224275192759232	0.158671932694806	0.0740112638693585	0.103563814299028	0.185012660392799	0.454125085275419	LNAPE 18:2/N-20:0	grey
-0.0404439494229026	-0.0126337155514966	-0.0315741552972522	-0.268803917931393	-0.376912451271328	-0.445595092447472	-0.0868379622816598	-0.0975572419143753	-0.0831889352707633	-0.0717402456007481	-0.0337913211161428	0.024955082151182	0.185144976658781	0.0831960130073201	0.218843614435896	0.182496901928494	0.150995591553768	0.267224177210342	0.117933926831559	0.21245154982091	0.600454351642161	0.23028366589788	-0.383190768063486	-0.248695615057654	0.557472894147267	-0.155771157878771	-0.0446718938008176	-0.072841489176533	0.228006809864322	-0.206744051924714	0.206899495845624	0.00881134128824732	0.030525618726463	0.139846945453999	0.0395014818519702	LPC 14:0	cyan
0.121718194759474	0.0830894754502478	0.0870644052208315	-0.177759226423738	-0.486217319444843	-0.498051407164623	0.0500887844396854	0.0401903343872866	0.00127451795185069	-0.0360771057588433	-0.0665052915584074	-0.0164444187159325	0.0283501382960946	-0.0376603464660837	0.056292069943796	0.0218974876915594	0.205104901125168	0.260752386425778	0.248518616725443	0.425960449161683	0.796330665723037	0.447388355774633	-0.22424854732486	-0.146514012178215	0.223304599879895	0.0469287400861046	0.0940289791400151	0.064800823034447	0.133804828622553	-0.111942258796005	0.210223428493326	0.0616253411616365	0.0655231957094004	0.20216242918207	0.275150972648524	LPC 15:0	cyan
0.0783251359229823	0.04656193397814	0.00819883252172748	-0.306714371312261	-0.491935088544652	-0.599086413373304	0.028993532045636	-0.213183425336401	-0.197301834055594	-0.294159829254496	-0.16633609950687	0.0115373043984083	-0.105455029075259	0.0701995954233192	0.0580346412436619	0.00724196555419636	0.353455837032419	0.405625061287041	0.445006794464498	0.356144937017744	0.945677563097481	0.557019343346456	-0.182221783263629	-0.196755968355995	0.128110824803992	0.252657379758048	0.175139539348117	0.254123378951076	0.311652858600348	0.0806616457186777	0.270734637645411	0.142922426011297	0.367323991364254	0.438634176044531	0.343427598439388	LPC 16:0	cyan
-0.030383731948669	0.071239666398363	-0.0297224121181951	-0.118317128404155	-0.185476131715854	-0.323898465293259	-0.0141397769695088	-0.0371412513672947	-0.117338397616706	-0.203781477712788	-0.203952987347528	-0.215675970663394	-0.198808627852049	0.00291720428116669	0.0897365683658718	-0.0446238809103101	0.204756999926973	0.42521916401459	0.194183065625764	0.36218822555612	0.733264289737559	0.251369496623539	-0.0366755103972665	-0.0440403245961471	0.344234968486496	0.133615808299583	-0.00824673369896813	0.293485717920172	0.278837573354394	0.0402090900415234	0.243466120998585	0.200916750267523	0.270973927213769	0.380443275991031	0.322674791953392	LPC 16:1	cyan
0.307670490330944	0.119586308167015	0.180913077464318	-0.180796872105821	-0.527306388992283	-0.509372677389869	0.122886874489559	0.0510903186643387	0.0105869624046412	-0.135083559752772	-0.0533038979753622	0.0342961873355821	-0.12544852097732	-0.123504374778205	-0.122099145216219	-0.0841954503708698	0.187465448085621	0.218721466710735	0.314933477510242	0.389004908810428	0.839765927520427	0.694804881347365	-0.254365316218812	-0.209470243063617	-0.0655888347044508	0.27236997520803	0.24191042497372	0.109671519203915	0.0753218934687312	-0.055462122705309	0.108722227021384	-0.0539031917152205	0.152743070481084	0.24641727765054	0.285098844084969	LPC 17:0	cyan
0.248583587225075	0.103509914510045	0.117848010342981	-0.267049927388091	-0.421268122712699	-0.517391007673722	0.0674344145803577	-0.165966084083995	-0.0968032288149451	-0.206771265066846	-0.0678862241286184	0.108066820383599	-0.0365509475077567	-0.0429411445381883	0.0224123356933161	0.00912624367790758	0.201426297528622	0.186626482642034	0.437730262869287	0.271257335558973	0.852960458258805	0.597374228425141	-0.363387798068164	-0.321067719699523	-0.0336650955002422	0.329582861192859	0.301537916991172	0.102651194510807	0.196932778148499	0.0297950619556628	0.0136963425990172	-0.0436592870330058	0.302960316384801	0.395252686970034	0.0923959948793096	LPC 18:0	cyan
0.0190032258143806	0.130568305142384	0.00163183296058392	-0.125423483390144	-0.32640575879545	-0.465719641980961	0.0889661495921946	-0.0695306495210473	-0.0867929718642759	-0.149578707373147	-0.0258888304837492	-0.0800939674906019	-0.121280407847498	-0.00420173421593649	0.00301763894182528	0.0325336944540342	0.274676767490963	0.355000338333751	0.455462182870511	0.447736483894628	0.862130631913021	0.453079401779388	-0.109928220608909	-0.188591944392729	0.00412100729472819	0.156372529672379	0.0461331781390002	0.209172126189363	0.228564526403145	0.214596351850626	0.215041582703589	0.202039803290028	0.287300884701854	0.489870580244742	0.338794352144791	LPC 18:1	cyan
0.142117854367779	0.134401389207899	-0.0476353272855342	0.195249404024356	-0.307281385355501	-0.281442378081892	0.418141250721702	0.230317184999181	0.0488449847576623	0.103248180429137	0.167962244108326	-0.10185213974556	-0.0786365265092486	0.0489852449083529	-0.0323233246518448	-0.0181130305616278	0.180979876856796	0.25223383843613	0.290975584822412	0.758185624970587	0.483585853031795	0.300674142591319	0.117713124403202	0.0138022648301909	-0.327182669846624	-0.0000310996983643167	-0.121736997259379	0.0515038894442858	-0.123537236702158	0.194455983173248	0.0556485889566734	-0.0112096475939049	-0.0891459137922881	0.0780294533866538	0.177575359954339	LPC 18:2	paleturquoise
0.521214418165517	0.440515314334893	0.53287700880741	-0.113154443997292	-0.206257947969089	-0.263898912707629	-0.0550658924308982	0.251394860227011	-0.0138944514800295	-0.0866137324680141	0.156509781834672	0.339336684517589	-0.256681378067433	-0.545063674558437	-0.435261842481047	-0.260905650627399	-0.182303024864236	-0.26646515236751	0.18068938353384	-0.0347896821049552	0.468198810154638	0.712020059586276	-0.330780115372748	-0.391817108412902	-0.212511497578326	0.424650356400728	0.412077102749093	0.0291664834936942	-0.0510290746954373	0.104983207795132	0.0729050079408827	-0.0955573102706154	0.267295011638216	0.271824193996056	0.151548798887017	LPC 20:0	lightyellow
0.136451856672981	0.333123108467301	0.202235693542342	-0.116396210287462	-0.0757451561346425	-0.27209368530156	-0.152706126459149	-0.026767392111287	-0.209766352342446	-0.239194644621143	-0.188021578382414	0.0486440436770525	-0.367876200154741	-0.285233518993232	-0.315931292885064	-0.210458858659236	0.191017483250228	0.211051039195532	0.207113414169417	-0.00356236576527758	0.621562637023168	0.529178109425746	0.0111820541239099	-0.172748197654482	0.0225174463630809	0.407887601459046	0.247434098998677	0.441683801984336	0.326564664716475	0.333704642651062	0.451386817074653	0.323293953605252	0.586436240913815	0.552381658898636	0.564799135010706	LPC 20:1	cyan
0.480816948287113	0.372169298750816	0.255026330418411	0.120770270072465	-0.464891331852527	-0.354697562252686	0.228184515146029	0.39579211379106	0.186640823251846	0.0764415344431253	0.0833300579960403	0.0200424145398316	-0.145973022718132	-0.270409848056208	-0.243045776769535	-0.22609867308155	-0.0291043766081228	0.162518301167656	0.179314182508734	0.532549853019293	0.508681841816357	0.641910823160549	-0.164040190629051	-0.138389007721984	-0.16533652166244	0.159032815859239	0.0398627518345859	-0.097670828564636	-0.170629903915721	-0.212862284089226	0.087474879020482	-0.219085855074895	-0.0624414321015003	-0.0611216912376004	0.14166331905838	LPC 20:2	lightyellow
0.300260059476347	0.193610655780218	0.00813804777145053	0.204059991222407	-0.313817993318566	-0.199479310779167	0.318386740442185	0.164581170457947	0.205115578223052	0.229963801956592	0.044750789133332	-0.257620621343113	0.0416744995945767	-0.054800358753903	0.0497013478167169	-0.0705199586998037	0.0120947996104429	0.0966872756834316	0.160230780954404	0.825757835015092	0.369449183924004	0.281781040337236	0.0656887046715855	0.168391567440682	-0.0850860217100377	-0.140032774325632	-0.189648328788049	-0.127895520161032	-0.140444010042052	-0.128883703382312	-0.122352155398334	-0.131350822727853	-0.3326624293002	-0.135669031032082	-0.140348916638108	LPC 20:3	paleturquoise
0.327591477026193	0.0946838632030386	-0.0391370630989618	0.377032336027993	-0.331379273977116	-0.0829115656662327	0.471783617685653	0.342616277502934	0.354236670421675	0.388937769883385	0.232494387341107	-0.311886299905694	0.00707831928727277	0.03175793729386	-0.0539357251092655	-0.0978276604509584	-0.103928595461646	0.225262832487642	0.106260081521958	0.899989985838377	0.148449501356484	0.245438343615975	0.209127608919173	0.296526810045401	-0.514839678471227	-0.260800675351713	-0.353931298070398	-0.143529791049605	-0.358064179550933	-0.154273345790841	-0.292334325448817	-0.332987003348487	-0.51627836730341	-0.403288367233925	-0.194824467341077	LPC 20:4	paleturquoise
0.129023322597179	0.0809749161399591	-0.124301633244733	0.205154847145765	-0.340077477110816	-0.167998275276339	0.218155987695921	-0.013263057477021	0.0821197177613609	0.18338328610795	0.180636129190884	-0.336731054965858	0.0921925820287547	0.288187460370448	0.118959137354228	0.0815657594116966	-0.0240497111700288	0.265137917580362	-0.00836608287668105	0.801243567283449	0.351935454436362	0.171203064542485	0.00834431998132956	0.143652797947234	-0.0847025117388962	-0.316253383358375	-0.33387340168411	-0.0550530167153696	-0.0172903669891483	-0.164353714818069	-0.316734699010432	-0.265757547988841	-0.295627853609005	-0.165957777680443	-0.199223278640221	LPC 20:5	paleturquoise
0.102628638833797	-0.00387765816581323	-0.221385588742155	0.357190958733236	-0.22594738416133	0.0220586881724268	0.375851732796352	0.233729724253298	0.236507385402031	0.177881983652236	0.138492352261971	-0.408845449367415	-0.0424861376545107	0.325008772784074	0.00728719635197026	-0.00491712675047871	0.000224878170318594	0.487183186141141	-0.00305476595239468	0.78854030381183	0.170193125167439	0.138712054642977	0.285338999540612	0.291120478881138	-0.372366739689252	-0.312246771257684	-0.457479238982035	0.00862104129315617	-0.160143799569304	-0.0782188196720522	-0.277165536912956	-0.287718157120257	-0.303416862882059	-0.288348124729283	-0.113638441630231	LPC 22:6	paleturquoise
-0.132999230808456	0.0823439062008399	0.149796748763914	-0.0586975809727856	0.12981445526509	-0.054920182098881	-0.307952682021037	-0.0306503486204597	-0.361908327120816	-0.300780360757716	-0.290167652687177	0.00274426131419165	-0.552145099641561	-0.249606650663274	-0.236988132368201	-0.176930584935765	0.145139670966315	0.11847577135239	0.331880150149161	-0.171025970407945	0.0782893080548152	0.0812618916794216	0.333733839496466	0.147035622511947	0.243250528461161	0.356535466043987	0.286925819070058	0.523208566726606	0.426500060078547	0.41571040720066	0.8308986114078	0.546642455628936	0.560295496482956	0.380412061017635	0.698634715262242	LPC 32:0	orange
0.635512786063211	0.328360412795169	0.593937233624038	0.104460412340739	-0.25002090618748	-0.216871627188684	0.0912258815999189	0.122693802315337	-0.0183394366151455	-0.030655948575973	-0.162991696292776	0.0153190162321027	-0.239725438662631	-0.514681636985602	-0.534446784251904	-0.378639448095065	-0.227574210916888	-0.0238072953029109	0.249175359213105	0.186549977730915	0.489553107702667	0.889677116578358	-0.272743872919083	-0.433114518669695	-0.219156672150322	0.25773295233598	0.355348256965448	0.12098341724805	-0.0091552549489067	-0.00379429697808374	0.0897610152302286	-0.145594902413849	0.148336722576257	0.0488094782443209	0.104321735091196	LPC O-16:0	lightyellow
0.246478545441152	0.241299123438114	0.271138028310481	0.194943289471032	0.178192733589709	0.175544497090352	0.0557620725284805	0.427135249904715	0.0397318404581058	0.0227337528531271	0.121423220171674	0.0757746640582624	-0.325642065417993	-0.231459578730413	-0.344170192071737	-0.284580612724001	-0.204250785947255	-0.0687801465654498	-0.041718622780969	-0.0546432655690944	-0.102777655043209	0.183701641745263	0.0519752176833498	-0.112186985902383	-0.162189078552531	0.144747537640309	0.00652847816938001	0.100953720749094	-0.126491198032786	0.0137466795901603	0.119832507954861	-0.00889342926874746	0.0140912611939389	-0.134431495655773	0.209419466631179	LPC O-20:1	grey
-0.00632536647438728	0.0266162289954829	0.208974193976412	-0.230198576548038	-0.182441098931445	-0.303513994893693	-0.252154229436917	-0.208695223462275	-0.364905529686643	-0.263203783808802	-0.105018059950411	-0.0977993350825312	-0.207327278658339	-0.0613104133535265	-0.114520642960913	-0.00908601880822448	0.11538314881418	0.202147252414463	0.220868678156481	0.0341929829935858	0.586683880450822	0.395546191780098	0.11526430122844	-0.0839179887690483	0.116075182199378	0.202555761218965	0.253408800581113	0.434366693199	0.551826010969697	0.328669079463894	0.450712242258451	0.293625834301958	0.532510948076112	0.473473683640003	0.474346339632897	LPC O-22:0	cyan
-0.223339216112801	-0.11447862319131	-0.0345894977010055	-0.238918172920188	0.028032793558831	-0.210446301228022	-0.35109121563284	-0.361591106808092	-0.636991231694307	-0.539838121057505	-0.127223330645584	0.089848308178891	-0.259684189166929	0.0826393419606647	0.0772301985163995	0.169157182673764	0.329341294851619	0.0979082190838879	0.303273142181243	-0.112563337166285	0.45886413985102	0.132180611870665	0.19025251356394	0.0330247862273171	0.304686076284749	0.430236969768037	0.369981855179549	0.427734536433251	0.499395225499167	0.443626106072731	0.605504865072436	0.57801937332871	0.525803275953442	0.602881198860102	0.583683635706383	LPC O-24:0	grey
-0.0299891250203396	0.0698904731747169	0.0131239427019692	-0.407138410236783	-0.377879554858292	-0.470549532367588	0.0129137912951226	-0.132007697574685	-0.155489862479874	-0.233627352044694	-0.0658258117960116	0.0330865314958647	-0.015208525739986	0.0513443085678137	0.039233249735995	0.021194510309019	0.167108884723975	0.260842842740926	0.00630158663098189	0.0852024519269167	0.670089145073954	0.397804756276018	-0.108927468869852	-0.146498543992606	0.200849572650902	0.154331202207586	0.139129424043269	0.170165182620927	0.286178634997338	-0.0410528941868521	0.209001680466631	0.125188721189748	0.220827160217977	0.235347022448069	0.351322943323304	LPC O-24:1	cyan
0.475976890553701	0.353456579909128	0.56647036582282	0.0422583250762147	-0.0541327861456909	-0.0662571247856563	-0.0596913893341401	0.153946114864333	-0.250857946165284	-0.280457799669111	-0.18174288213917	0.0936667802848482	-0.45587361856743	-0.498135625885649	-0.551176904764786	-0.421326693499564	-0.0990716495892925	-0.193131825195321	0.272906801542088	0.142229484306665	0.495474308018245	0.674865916666772	-0.00141993253526933	-0.204073771536149	-0.0858612206874937	0.439787479433254	0.453499909722621	0.463754548066313	0.299972146497814	0.422024572343155	0.243307236412665	0.185048187853435	0.400453450757867	0.357064178671619	0.397638585921003	LPC P-16:0 or LPC O-16:1	lightyellow
0.70891547392823	0.382922841260656	0.67963975131328	0.0319096057062659	-0.226330073979743	-0.226066779362078	0.0100207626202741	0.128658547300784	-0.0636278987811712	-0.0550535786846084	-0.0545745096193377	0.199509149738839	-0.226518065205763	-0.600159136640327	-0.507046006074351	-0.320411565060996	-0.348990101393757	-0.284191554989508	0.193821857126107	0.0316324095744666	0.398235444355979	0.859968508100796	-0.35796689717145	-0.48666667782104	-0.160113507025459	0.351170067793812	0.547630976835178	0.00726337024334372	-0.0650260170823934	-0.0777503437823179	0.112513948339572	-0.131625141028013	0.0842440668172331	0.0221132816174336	0.0483830942668135	LPC p-18:0	lightyellow
0.599172276746389	0.349311410006503	0.425579696232647	0.0390929652971657	-0.355847242242873	-0.38700191805963	0.144443833581378	0.167669684886124	-0.0481349571613826	-0.114485697024221	-0.0710687528771666	0.0239060188106204	-0.301752446328589	-0.412009959790348	-0.441066188328133	-0.296984359367655	-0.0832134127988504	0.053566899040564	0.366059285806866	0.260274550628422	0.673489307531755	0.924117838992087	-0.242418425172748	-0.393819502557413	-0.240332454553853	0.319168184548739	0.292966322711265	0.124876428120199	0.0694700363606543	0.0185893162841352	0.123726536738502	-0.0718256512747231	0.243481412817778	0.197093793677499	0.163987385469734	LPC P-18:0 or LPC O-18:1	lightyellow
0.566150651865403	0.401292347282994	0.697762184781203	0.318532802376027	0.197421502402645	0.217785577053923	-0.0284355645770148	0.356523602318706	-0.0062414012608378	-0.0829446074390343	-0.07618586099449	0.199331135989014	-0.301064712797865	-0.576538596745319	-0.645446120215245	-0.547857147125216	-0.397095388083773	-0.383968787048801	-0.150102316806638	-0.20695082394905	0.0563540539497272	0.529614281773542	-0.286287314054078	-0.350660834377317	-0.0720633702967192	0.190988972121048	0.283078155235309	-0.00575908312586454	-0.100191732255318	-0.135180467458543	0.0404792733051986	-0.0972319977784169	0.10093804617445	-0.0745090734924222	0.0472647093656868	LPE 16:0	green
0.5111453849542	0.412573931890882	0.757430226055267	0.265180458695324	0.333452762826283	0.324140230449752	-0.152873766889544	0.272708665968661	-0.167167175597243	-0.24668871118816	-0.0630665927031624	0.22011839368182	-0.45794943226806	-0.660196704397341	-0.685618342069496	-0.465545991821882	-0.479282964779574	-0.466480204547766	0.0645971808075946	-0.33615610628009	-0.0425142232194681	0.458574413861909	-0.185562471321445	-0.357725676016886	-0.119517365512355	0.371935504115289	0.443429926877282	0.17382152120995	0.0149430233389365	0.184475794133514	0.138497020611551	0.0295207025704268	0.299416200738652	0.10578150222136	0.144692743412287	LPE 18:0	green
0.368694748029181	0.37890708351411	0.441792593665892	0.714072461465765	0.476446827261752	0.420227695870296	-0.0426602747651589	0.322256136472021	-0.0209571826552451	-0.0235295814936641	-0.00660653905250566	-0.057988438562285	-0.370246997730986	-0.468331462345884	-0.600207669574714	-0.404919419146547	-0.320869994155621	-0.221766577558111	0.0273141868338976	0.0764817728728825	-0.0217060271542074	0.348272120994155	-0.0940451414297195	-0.263669134680821	-0.181080469308389	0.120436146895697	0.0769902450978903	-0.0389800182393994	-0.149300316359259	0.0937369422420851	0.037044539955725	0.0122065900836795	-0.0273521164077129	-0.0335836295899944	-0.055781621968959	LPE 18:1	skyblue
0.238075929670605	0.187944866981203	0.179560463927181	0.681890555793663	0.296622967602864	0.338041625283962	0.161389828512535	0.276098337159165	0.183288485423634	0.093138959480084	0.0214320281208495	-0.345339553911598	-0.215276804278354	-0.183873289860177	-0.310034486948741	-0.21190446322176	-0.219729158095866	-0.119790443371129	-0.103408130841054	0.291043908131124	-0.113791968318324	0.110096584409811	-0.0915093926522172	-0.200846173109677	-0.389992550456805	-0.00673142440702675	-0.0558812661397888	-0.146233950962598	-0.311610282603776	-0.0518938025970523	-0.207702477655689	-0.126653784762393	-0.367860855246764	-0.303097181959831	-0.246737490027674	LPE 18:2	skyblue
0.461869271892292	0.302550168848442	0.310538131305968	0.910617826666308	0.309685019697374	0.486519556084902	0.281503699996433	0.516072905635596	0.274370193566446	0.298582044231914	0.0169459991513454	-0.279931899736624	-0.276295923346447	-0.357942562620614	-0.550731916572642	-0.420504977053683	-0.37086530663483	-0.120318858924731	-0.0198446310594811	0.367214328949857	-0.289442613799017	0.225569691823156	0.160253835320271	0.0200864729409516	-0.536330073658247	-0.102886566414025	-0.163582217728536	-0.10347620145689	-0.465684620143337	-0.0275407961112609	-0.237432862614291	-0.207111476595147	-0.373681179066756	-0.364637187978716	-0.269928939174673	LPE 20:4	skyblue
0.283427924754555	0.216703268598211	0.0611399464886443	0.853504406266663	0.231405785916523	0.464317393324609	0.251414386072169	0.477327176798391	0.241096016684028	0.146467539711839	0.0219018975285217	-0.443420054611168	-0.212637959815018	0.00273109919104477	-0.363611566248667	-0.334394529492435	-0.225987894183833	0.157676362805291	-0.0709270885282633	0.521178238770862	-0.133318020448398	0.137780891940372	0.267382526014706	0.178475736541847	-0.40207006409449	-0.26243126102646	-0.412590412420946	-0.0770989745161954	-0.342070442972693	-0.0329412312348513	-0.305725537064206	-0.229846634726884	-0.37088745084572	-0.335103458553494	-0.202529609094003	LPE 22:6	skyblue
0.461122008973002	0.339617183018896	0.753927162392757	0.344153367293725	0.27251753252902	0.341664449374473	-0.271710132230839	0.15388057600726	-0.18904361057371	-0.170948268290071	-0.295004188513693	0.00534204616336363	-0.412582370073017	-0.657146532550648	-0.646706809777479	-0.52422278380789	-0.368694482218577	-0.375849342470448	-0.0274327185165867	-0.0632760429655619	-0.0159238439898374	0.379834787219117	-0.0128028056161213	-0.155057603037031	0.0898302782640495	0.224083600443557	0.350183046188254	0.292989689494251	0.189764475145365	0.244394089601985	0.187623941980623	0.116883506838061	0.248175455063033	0.0763144129574445	0.0961954468577969	LPE O-16:1	green
0.508589087696293	0.328341988299742	0.801057280269862	0.348000412190283	0.377256766607687	0.466935288440383	-0.149893246190583	0.209237206878972	-0.0992881293653738	-0.121404682369114	-0.140400322707738	0.148765935995007	-0.488534490518991	-0.648572439122831	-0.736116948377279	-0.565595518406677	-0.448679363683145	-0.53035582403461	0.00562605708228326	-0.206451918450557	-0.139919531541699	0.338246472126915	-0.0355263779519507	-0.097009629006598	-0.0699988872078268	0.323958188247987	0.442074537882645	0.171611771249081	0.0127660397764267	0.180707522518392	0.0974643690766456	0.0492178701287915	0.187671242469019	0.0492004509086466	0.127094894329598	LPE O-18:1	green
0.52791112665609	0.242046530155352	0.196002820916733	0.190567538293763	-0.250427991780187	-0.190996453545532	0.20446556017498	0.339175667799622	0.151934311054268	0.153096222888802	0.0375765988060981	0.0242525384701279	-0.0732834095412154	-0.231617875598239	-0.252119059292655	-0.221461417859511	-0.25369492569936	0.197070506101714	0.203069815148228	0.315055173636113	0.379367637737111	0.712152896975767	-0.179261356835546	-0.184856892956657	-0.201231016974301	0.0632824352893682	-0.0294644494171595	-0.166422594013305	-0.219886905526517	-0.244985097956538	-0.0883750839884319	-0.252093694295196	-0.105739992527717	-0.146327731394941	-0.0742980943273818	LPI 18:0	lightyellow
0.685378207007716	0.460192583045934	0.61920421627028	0.21608445099994	-0.226857091835404	-0.208198449663148	0.163078443611842	0.378263822681254	0.0567787514614255	0.0741635848495956	-0.01120533192505	0.1460696716431	-0.254801133165236	-0.575753170871215	-0.561190878325317	-0.380841219318295	-0.336429277326604	-0.113720679823601	0.233145313165669	0.217219459632428	0.417543281065523	0.851186642758012	-0.324622515623868	-0.440827657614781	-0.227304288527968	0.271090537403473	0.315893668673519	0.0694930636105612	-0.100482696156813	-0.128525604672766	0.0802892383658088	-0.134472672580576	0.148181246230716	0.00195357258057941	0.12354110407319	LPS 18:0	lightyellow
-0.017831479733486	-0.111549827777846	0.0486395472221426	0.556691580885539	0.80953284071703	0.894377946985577	-0.0347279953559912	0.109858713049887	-0.0594668223264192	-0.223784552786778	-0.228899667384116	-0.255466378807689	-0.338348258095662	-0.156899620735389	-0.372058542025994	-0.359434359067658	-0.119208991362907	-0.31693962071417	-0.171050660046122	-0.19355137361715	-0.519142964172512	-0.283395976189181	0.40200939870657	0.281380028223621	-0.126267116076866	0.0529402503049444	-0.120057001028886	0.0542739350397035	-0.121099613222657	0.264450378832793	-0.131353166828518	0.108156849506277	-0.115693679034541	-0.108023741805694	-0.151702987832928	MG 20:4	yellow
0.223658537309168	0.213658433633761	0.35491792985726	0.265299602102602	0.0597945032451814	0.175124674447034	0.0856652456299659	0.314125776011948	0.219677402855408	0.0889888293521958	-0.0891466530021698	-0.243310386245828	-0.266978339064716	-0.288394962102294	-0.506421355734136	-0.499202793593499	-0.206606315081137	0.0293801948611437	-0.0674684743773299	0.185402321795163	0.0605552549216127	0.283863233884082	0.168715745816143	-0.0300255299088644	-0.270392417831152	-0.0622410273677417	0.0899331304355322	0.327790467071017	0.0312237174570396	0.191345359754648	0.0647832469487821	0.0000844680471835628	0.0722926960960374	0.0252356322794344	0.336881719602474	MGDG 16:0_20:5	grey
-0.0447919311514871	0.163018277334117	0.0667456804343037	0.176281007534701	0.255618372074622	0.25389342770812	-0.0714519059943265	0.07574353342538	-0.275983634580393	-0.497182178665122	-0.43116277338245	-0.273224495657082	-0.693611266762516	-0.158626368710182	-0.303533133120838	-0.346481696162577	0.271408518999174	0.133816947617828	0.144180654548439	0.125717667849526	0.149667978971469	0.0261024202817824	0.642608560250892	0.52710849847283	0.0784294001194884	0.450391357816225	0.119847653371365	0.636734992626295	0.373347029927731	0.596738583943908	0.460579323998075	0.51937664035838	0.479910266968458	0.411182149504313	0.593401867840392	N-docosanoyl-4-sphingenyl-1-O-phosphorylcholine	greenyellow
-0.326172240241813	-0.109085218032756	-0.0766150222754534	-0.381055347743131	-0.130689332636554	-0.308204893119227	-0.305703268557642	-0.302551272646828	-0.249835912078591	-0.199571819446934	-0.102653964497597	0.0343025555250155	-0.0231627348625564	0.0594818878313559	0.137209754798122	0.154052918147459	0.377205915342792	0.151077109560173	0.0672860389342806	-0.141941202251792	0.361939149357535	-0.00930855080193152	-0.0479589823514679	0.0177186534989111	0.52712836039632	0.146138168110222	0.188342295052685	0.296901935550113	0.527340838072188	0.184970501222257	0.510606178864574	0.457334947811508	0.434788374168442	0.511059497414355	0.602910720134811	OxPC 36:3+1O	grey
0.0455908924362704	0.214507068561113	0.334729142590202	-0.0142070506017438	-0.107185748693817	-0.191802511478911	-0.264653759324159	0.0371501422940943	-0.18754375079134	-0.0280204110024914	0.108268272179867	0.0334336848597355	-0.238237063132382	-0.330659336890308	-0.256862391812633	0.0294185287407522	-0.113709556066316	-0.0535447764433145	0.261271181875364	0.0679098702243213	0.355448249410547	0.342627380950276	-0.00983960725550608	-0.120284104189484	0.23429614804915	0.0555140277400998	0.214778531100915	0.342951427976932	0.368633825226878	0.150602279877137	0.50525383803509	0.392321188914273	0.357348209752111	0.420936186340877	0.50622225569133	PA 18:1_18:1	grey
0.70675162534766	0.470776875905082	0.767078800986945	0.218188586368894	-0.0571430942677929	-0.0124525727479636	-0.0832902794432689	0.343036884234042	0.105558740878014	0.111272594095268	0.165112051070814	0.171260606325405	-0.258247603416844	-0.693678661881892	-0.627094253107876	-0.382987149279585	-0.523267552990637	-0.469720215481929	0.021479104314824	-0.00392562181852465	0.0895420159543343	0.616861883353959	-0.343640436835885	-0.470914637626333	-0.284439171801047	0.253094603382731	0.466138126707687	-0.0597578440331379	-0.166262660826426	-0.138881127143664	-0.1148488042341	-0.287280082858574	-0.057200024183461	-0.118434171023017	-0.0820186304225644	palmitoyl ethanolamide	green
-0.350076787223074	-0.0569840686443546	-0.0579782342190172	-0.415341347939847	-0.0277031421934322	-0.126585855073954	-0.299163771102297	-0.320270529500702	-0.173582713633463	-0.141708116183469	-0.262471454610517	0.111335191589167	0.18926452249271	0.0188738554411702	0.255155888894545	0.139001945789453	0.0286999253158512	0.0997886784691916	-0.0224513599770269	-0.231444024155393	0.150672053784614	-0.179226410386599	-0.164369480875515	-0.0209298384162956	0.896547992280991	-0.0905553850619792	-0.00668798424719308	0.0775714872469145	0.281009727151396	-0.0277796521392391	0.333358173145982	0.32441997198892	0.252330483190747	0.300436495887733	0.205279133894819	PC 14:0_16:1	salmon
-0.358520978024261	-0.0353979457339183	-0.0593688386993248	-0.415204278415056	-0.115726844666156	-0.26117931667541	-0.374827788952284	-0.297046119033749	-0.263779992269217	-0.21554998936698	-0.152175369096769	0.165597808902735	0.143765051178111	0.119818288350907	0.217406258136287	0.167458069211737	0.0993212205767472	0.148649449993827	-0.0384580043679192	-0.26995165909922	0.236790535886272	-0.0803015047397524	-0.20595309124256	-0.110603569513055	0.878017843143802	-0.113475508290256	0.0606714604236466	0.16110815093302	0.439891107571036	-0.0182049585265338	0.487347057382654	0.347729950159048	0.313677868626076	0.308847098907189	0.303615934984855	PC 16:0_14:0	salmon
-0.252893726179533	-0.0547636552671129	-0.147298601492073	0.116220388448203	0.125222443474791	0.0649828806870498	-0.0666735996532008	-0.0710530652591957	-0.23750394457496	-0.187796397229614	-0.0168983326821115	-0.03723835888973	-0.279225290881407	0.157264167001238	-0.0851649876638079	-0.0155706298861049	0.248868626406306	0.180464428828614	0.0666083474451778	0.154059547064227	0.140279840106466	0.0111982106531771	0.372263568877882	0.262928557724814	0.102240322400448	0.196760375053747	0.0252262852671418	0.279953591138945	0.110591098099537	0.358497769516	0.492702588916136	0.415141415712918	0.241652051129286	0.30306817933773	0.663162734066387	PC 16:0_18:2	grey
-0.221812486785913	-0.0981244576791745	-0.281582067577509	0.156370007596792	0.0578798891253882	0.208610510731289	-0.00517615342517027	0.140255313482996	0.0244747280410341	-0.11384921022162	0.00934582277096337	-0.318866409332795	-0.155707229949243	0.384436876324862	-0.0146762925082414	-0.0383689242412327	0.16233488834105	0.248777579920178	-0.226828315324344	0.131482263053726	-0.0993496403244879	-0.157984059544111	0.459675330290668	0.397961227725352	-0.0647832412022405	-0.184607406060168	-0.286326998388135	0.256950855067102	0.137100408373184	0.110628804206048	-0.0441925179363227	0.0327215516003341	-0.0222962939895541	-0.0160302416705507	0.288332122468639	PC 16:0_22:6	turquoise
-0.590563168540345	-0.433233403362613	-0.59178830893958	-0.0894049461038062	-0.0338838404327505	-0.0181095086654922	0.052202212318246	-0.0892614842971732	0.0930285785367215	0.00148977979917855	-0.0749962368884686	-0.344929475176341	0.160886330780937	0.542884416920887	0.324066806020214	0.19462267333818	0.384896733684229	0.886330823174276	-0.0520284636736563	0.125801951315675	0.102368295191144	-0.336763667536927	0.347622798258279	0.374937750289267	0.141834478658172	-0.400385571291446	-0.576682656433356	0.196308368650324	0.218279792274236	0.0967726816762119	0.147592220803525	0.154044972961832	0.00176651733606828	0.0284762109326788	0.192281961995298	PC 16:0_5-oxovaleryl	darkolivegreen
-0.409127492993779	-0.140922597618298	-0.320027138946324	-0.253991421222727	-0.211805274357734	-0.327147902836114	-0.0429187109227635	-0.0345745852688362	0.08821384133191	0.00432491236194275	-0.087198368444811	-0.138879069773746	0.0140556630722628	0.286117765347647	0.196454031800265	0.107336960819533	0.334692607029194	0.777525304023843	0.0634675699585546	0.155561109041176	0.392203136010172	-0.028772056586393	0.0421089940780638	-0.0404551756023178	0.281642167158696	-0.108353056307692	-0.24296778042019	0.156078934830192	0.184967054732085	0.0307978066950229	0.39624802902532	0.137592167521256	0.273618750817143	0.208804275517986	0.357847582040561	PC 16:0_azealic acid (PCPAz-PC)	darkolivegreen
-0.570581465494428	-0.393643153405645	-0.493099092464299	-0.308818134071263	-0.264238905647774	-0.300098600935079	-0.0963732116478389	-0.217654151165462	-0.0843268963326939	-0.151118133508709	-0.124577047807764	-0.176773780162904	0.110714818416283	0.521481320645636	0.36236777169467	0.2524328545949	0.493175133727836	0.818720780819505	0.0943223509637143	0.102609093184565	0.370928785986795	-0.170231970875753	0.229263894621416	0.295844864611076	0.301954305733858	-0.178164374364534	-0.315319938706027	0.323803017427699	0.352634968224872	0.0942023377027203	0.353362414872255	0.262566321538164	0.230551289344999	0.249368450124003	0.417877200433204	PC 16:0_glutaric acid	darkolivegreen
-0.382321380814277	-0.153549775992421	-0.432197883806615	-0.0406640120115635	-0.131011749732698	-0.151211786724808	0.0973550131058404	-0.0631976824935605	0.180788225229501	0.121463662863915	-0.0931017598694848	-0.389689941629429	0.0961520423157163	0.41214970721763	0.244583734862034	0.0940949784339317	0.285406404113701	0.914113552730147	0.0306818268834224	0.389933956931324	0.304474399639358	-0.121595736792822	0.218018245670627	0.17278323348072	0.108281109788761	-0.29160761477746	-0.475588941714689	0.156759674009423	0.178264840783688	0.127899507136788	0.145224571682741	0.136618591320523	0.0666128694022271	0.128755897494077	0.177790703015456	PC 16:0/9:0 CHO	darkolivegreen
-0.20630617349525	0.0739412869043165	0.0667226155193526	-0.158389615547671	0.113215495428026	-0.049890620718765	-0.3107836461451	-0.227899536918168	-0.269912774933349	-0.299196094236818	-0.347120711814919	-0.00162429939267805	-0.273816101694747	-0.15097241501893	-0.0583632128693547	-0.0196985213110903	0.301406915553049	0.0192688957036134	0.320533892316302	-0.114739106743596	0.314067478748209	0.0222550426250966	0.141681369809979	0.0534875796161931	0.419795280328847	0.414536265829512	0.353189464446699	0.503973213567914	0.486962163180122	0.491349578258462	0.475576826084686	0.641654043737509	0.64784758210384	0.817543232962626	0.563827197505503	PC 18:0_18:1	white
-0.365705306851178	-0.301498034860025	-0.0206713440693713	-0.291840140862407	0.0678234977518618	-0.0394646439421699	-0.0966466797540666	-0.229487617090444	-0.0970669281097908	-0.124346886949903	-0.293818671655504	-0.036623566378864	-0.05393406546448	-0.120470544674225	-0.0489496729946132	-0.0659128991017578	0.212839714031076	0.0824334013305349	0.21654797413753	-0.311852261472068	0.185061219407213	-0.0750851566021603	0.0731042843373288	-0.00139934578024362	0.402416003573286	0.0527848450760125	0.190777467889752	0.473554112973215	0.452786214442732	0.255797093771986	0.437165744954617	0.400169163986979	0.46710285752241	0.423258403641792	0.414722925773696	PC 19:1	grey
-0.123160778184924	0.00947097471292879	0.254876390799363	-0.103325052117699	0.257434019254713	0.17209244465418	-0.167046230819174	-0.0985550193437339	-0.126212235813548	-0.135810659125644	-0.276956750305985	0.00535532647870605	-0.351893542574641	-0.351752205801111	-0.402468076366972	-0.319911687967417	0.027968612795759	-0.203676302109134	0.083932122397847	-0.354490234662695	-0.0766917539989849	-0.00338895926164994	0.217785064316929	0.0426655511242532	0.156517942213168	0.258271778081921	0.367121330484104	0.452068332644898	0.332506477949279	0.528956114418405	0.394503659655225	0.375043462226955	0.473516062159832	0.402670049983861	0.417670890799822	PC 19:2	grey
0.0118023187665313	0.0392308810026553	0.140669501884046	0.0690312470912161	0.175537501368743	0.2614658505623	0.120178121481983	0.130251615375868	0.155801355066431	0.239491682719497	-0.0478997167072247	-0.0341678884582254	-0.104563810832494	-0.210673299431843	-0.239790055098193	-0.266871993984049	-0.202506010070469	-0.357381139554206	-0.0600157412849841	-0.0766649093764661	-0.339379398636923	-0.105281774428685	0.305763316667905	0.230582047804449	-0.0687794154143714	0.0332313453021301	0.117759437445893	0.142374475834061	-0.0681261435186448	0.215094716129498	-0.0422316098764567	0.0461442966219187	0.0370823986052176	0.0462024614943264	0.084551961663632	PC 21:4	grey
-0.518851840552204	-0.352704795878363	-0.238346806053747	-0.443693828931558	-0.141600755259781	-0.297713360580518	-0.285576420904935	-0.35630190734169	-0.312739478876497	-0.351563898893442	-0.257713202325668	0.0342360182898546	0.0784057217648155	0.262852814594284	0.211407446628649	0.213771935598364	0.492218605227095	0.45828158986055	0.172374438920751	-0.250708895837653	0.399717443337892	-0.069171051355744	0.0239085222937541	-0.074964659611312	0.513210216390383	0.0692346150118659	0.0816364418349686	0.342460546260179	0.459072921115182	0.233644910997511	0.540744516478275	0.398117662646596	0.489215671861645	0.450880491366694	0.5631509858312	PC 24:0	grey
-0.334611646997845	-0.0775590890031055	-0.0468839036172501	-0.335451236881525	-0.0849389002595002	-0.174057305223579	-0.415796607293049	-0.267918182245671	-0.195488655170587	-0.174472063796009	-0.164906959880163	0.0896844903051748	0.227513130928467	0.0837805416010981	0.201558960893368	0.190315370218793	0.0784374128638154	0.0921873926934472	-0.0463521414196719	-0.298885725657156	0.12653816933834	-0.150794656351178	-0.265850945276521	-0.167846648663569	0.826810652113206	-0.185519740079272	0.0397887241695959	-0.0186457604831818	0.335393692746016	-0.0858557751350098	0.361605777792173	0.209436625861385	0.157571216701788	0.202719968132719	0.118193636771106	PC 28:0	salmon
-0.23884968694663	-0.0406072342363448	0.0481088972994563	-0.317159243358587	-0.0306122803361039	-0.126172485303669	-0.265892867198383	-0.227426165819618	-0.258868862688063	-0.222139270467606	-0.261145506523369	0.0701402569386614	0.140614294788634	-0.0741974965495215	0.0948743349933671	0.0612806214690535	0.113062973097452	-0.00224505153127632	-0.0177157443605733	-0.241971083743023	0.176191723751669	-0.0224961299180236	-0.166747543558025	-0.167848977827577	0.803564518822643	-0.144675222725811	0.0891699475704104	0.115346497374189	0.391567339249078	0.0564563505804103	0.450633313461358	0.331399252162481	0.210740583989227	0.235786948696254	0.23241512194542	PC 29:0	salmon
-0.126188690426742	0.154064324730037	0.245654583620788	0.00693506350389202	0.109353349547937	0.0687055335867731	-0.111887796146722	0.121665330869307	-0.0142068103808656	-0.140901975096942	-0.216861358198944	0.0834211618595514	-0.346975748788582	-0.201114074573683	-0.357399964072357	-0.309669665999795	0.0250624431955566	0.121031856879301	0.156836532125008	-0.190274777020334	0.230295783289201	0.137674562545826	0.0454593287471971	-0.0554535732577326	0.259894894150911	0.217689324757931	0.207684527412111	0.473769626168168	0.228951728530145	0.190894284618158	0.479611561480185	0.412789078379758	0.49276414222433	0.427574666261106	0.635866009689288	PC 30:0	grey
0.0829341791593395	0.152038426090403	-0.124598980402142	0.266256120615671	-0.181990085625544	-0.0815082030141783	0.290786298237147	0.266386125010326	0.328522367182318	0.329275628812342	0.0407614105877748	-0.429497612879866	-0.00468066172552706	0.081900512916156	-0.0195525212688034	-0.0570139908060794	-0.0321747373047426	0.631692070222555	0.138276415849056	0.629012727525354	0.205925450915534	0.140509808367942	0.0936063591781388	0.0210295336846461	-0.224156824741409	-0.324003300597652	-0.431649180359786	-0.0161479428314615	-0.0936337211057838	0.0418067078780242	-0.0692763960279203	-0.181365095695545	-0.212502423252867	-0.19704501003676	-0.0433495397158764	PC 30:6	darkolivegreen
-0.424534775174278	-0.0453282675308895	-0.088725125605154	0.162412089267028	0.525855964970359	0.322774772568969	-0.294650335569907	-0.206077685946139	-0.339682885999275	-0.289648323418468	-0.3304527048476	-0.16283190400403	-0.222213969210828	-0.0248898916658528	-0.0759465180846602	-0.0863001794773677	0.174475312094699	-0.043521845473894	-0.127121207005345	-0.224769333621417	-0.0617387675986606	-0.26472156461693	0.353785924162726	0.227177440676659	0.615427610427527	0.0946160366778	0.0771491363215013	0.448638565302069	0.43133911394689	0.41169494487353	0.612960557437546	0.782690973002682	0.353368662512215	0.472777076223846	0.43087804549936	PC 31:0	saddlebrown
-0.347964201839776	-0.033225355309369	-0.007257701702892	-0.429107171536006	0.0259824935466955	-0.110456069652463	-0.408978794174091	-0.326422099822855	-0.266334854279684	-0.238663390738192	-0.32116374759657	0.0789822693585236	0.0206397829783417	-0.0483687663519535	0.190617462742112	0.0771730855834482	0.0589208790272379	0.0454118416599998	-0.0719732563944412	-0.346493698177285	0.150361274531214	-0.211290710073881	-0.0424593666869249	0.0872175352641009	0.925049203683645	0.0420025488219621	0.142937452691956	0.347974671823274	0.537737438040572	0.0910467633535448	0.434496771765258	0.453726383165514	0.461311200343007	0.444640317727824	0.334257864368139	PC 31:1	salmon
-0.214034473258748	0.012053759990127	-0.00188848750651816	-0.238284457744243	0.0267953100281558	-0.268625665006	-0.244378098012768	-0.203320842912446	-0.409718640644084	-0.484523533162927	-0.263208222239716	0.057885881368644	-0.367673046451437	-0.0751318678889762	-0.0468419857451002	-0.0103993855352749	0.37870557898225	0.205709567353525	0.421393076323729	-0.175486394191617	0.526738405822966	0.209738310703891	0.127125866070857	-0.0494658511106086	0.34186778992871	0.441446019512509	0.301329262717518	0.588902489485978	0.572384072599271	0.426362586934731	0.76898725608515	0.651593181121544	0.789318131862063	0.738384156170868	0.658817694486152	PC 32:0	orange
-0.487856655485029	-0.182462040099564	-0.230757258153	-0.399024247300284	0.111318468324164	-0.0823673847679394	-0.31363816811222	-0.421386998690191	-0.375004492522546	-0.377708182500065	-0.429838621555216	0.00115565200407047	-0.0409785841985028	0.148414064820826	0.314055155654527	0.10530124427499	0.307504258410598	0.226397382574986	0.0464502318010111	-0.244339770304662	0.217188697590018	-0.307559136288349	0.127609769622775	0.208852411592109	0.893770446991983	0.0875272816785743	0.0385296099992848	0.41694207627977	0.562045264449008	0.210628996584877	0.502875592724443	0.589873861779311	0.51512514483188	0.543459928616779	0.405570871519005	PC 32:1	salmon
-0.410032135598421	-0.177505146665058	-0.340581952913071	-0.2679958161655	0.128703921451891	-0.0167563657943332	-0.235461420785041	-0.432115115312111	-0.397651808283891	-0.360299396114644	-0.42899743822349	0.00855607995903779	0.0147596798316809	0.240041975918433	0.361631453359751	0.150516892135183	0.402841597441709	0.125505906558553	-0.0719840651552311	-0.164346670401021	0.0800474952854412	-0.375237754316358	0.0792012855407059	0.259148444847654	0.830240594280605	0.0496809250854311	-0.0466283618457119	0.146431806462702	0.405462004731263	0.186447664135862	0.349002611430858	0.449280326750787	0.272603633136199	0.332985243124176	0.135885997297599	PC 32:2	salmon
-0.298245816485445	-0.0596662426666943	0.0472247577907665	-0.215278915930637	0.087585133739272	-0.182443468335123	-0.225781175431833	-0.29622780242138	-0.451118120410322	-0.384587471293056	-0.27593705575339	0.032893717274346	-0.237648262793667	-0.167843964998442	-0.0670019370269751	0.0781112333848224	0.286240468995513	0.0176320493287019	0.329780958224464	-0.227706534318839	0.385751352962557	0.0991172489424752	0.177997548061351	0.000486067158244091	0.492399250682154	0.367193930629999	0.403516988529636	0.701009372662148	0.650444772257315	0.543465148371207	0.768128110165634	0.824590029979681	0.727301948180169	0.787531335483352	0.616921595192496	PC 33:0	saddlebrown
-0.557775197158197	-0.253998130958264	-0.268356472535559	-0.341204660403136	0.185022167683902	-0.00931042486506796	-0.312794100448408	-0.390622141830007	-0.359214436211626	-0.395154265920144	-0.474464412298491	-0.0669422042124965	-0.0527867492367414	0.128560681924905	0.223714332266232	0.0561765467381611	0.355243487613197	0.185069354903417	-0.0107840547819817	-0.261940589771304	0.225131091934296	-0.266889500268174	0.248570572447857	0.270747701114418	0.887998573279986	0.0946883183751183	0.0656761975537616	0.503812792095332	0.616080158232583	0.311270475927369	0.575240222831527	0.726987060745363	0.513301696665328	0.612616644145083	0.510026551022432	PC 33:1	salmon
-0.373343506111372	-0.20464916773138	-0.295275852029286	-0.00792291446814015	0.243577570027378	0.180277563983408	-0.0477215592098478	-0.305634950443662	-0.333249059113773	-0.273973575460316	-0.412100803561122	-0.125103117047613	-0.192600785985419	0.163308164973632	0.102203980599136	-0.016339170924733	0.456282448373039	-0.00585386785123036	0.0100570160785735	0.00071689404044266	-0.0704926940920493	-0.349458724154407	0.487083044644311	0.522460612438566	0.374805993605488	0.11405690624837	0.0260781850474046	0.308926188775103	0.381079901574404	0.489715615194391	0.413829622677723	0.56074775342394	0.247576026243745	0.31032550248751	0.324051364254095	PC 33:2	turquoise
0.495521684979906	0.473703554680016	0.616830030426956	0.182993685397038	-0.156619699393506	-0.0630775453711199	-0.158684143694779	0.421292430143305	0.188256718072285	0.0717999466335533	0.031334626469837	-0.0990134766614316	-0.387570881727721	-0.525402260010405	-0.580196011594194	-0.410307912649546	-0.194176269614926	0.0212052641128054	-0.041589751438627	0.235459068856269	0.295309204110684	0.54984870086929	-0.111150701967856	-0.255483798513596	-0.225765606426894	0.131029957774189	0.197951279286213	0.193864681330399	0.0404768637127511	0.0202938651580684	0.0747136525167553	-0.182123730827503	0.0956332004638099	-0.00180282577504205	0.259948688276616	PC 33:3	green
-0.295327472917927	-0.0491321310786787	-0.000844050184451461	-0.276124649610147	0.0449495944162419	-0.229168454659332	-0.282427338369184	-0.408429511816083	-0.40653137771142	-0.36344998720717	-0.31280013964609	-0.0319498940548139	-0.168795287156096	-0.118310281564169	0.0113392924774722	0.0941672640632551	0.336732933369629	0.0894803653777509	0.455008137788473	-0.192487343986033	0.443052405875634	0.102040370575139	0.175824704645137	0.00252541000434033	0.403643542983887	0.342746091365508	0.368072695674421	0.663598090217501	0.698857476110102	0.605107323927422	0.655533251637339	0.757597589884889	0.787648047570679	0.887235213213958	0.510156509662091	PC 34:0	white
-0.423120694998337	-0.00510676419576745	-0.113871627485233	-0.275572367236307	0.12250747649375	-0.0941247868433515	-0.26468781914602	-0.232430741013194	-0.371412510067339	-0.38521165935305	-0.394618815379148	-0.0198093632518084	-0.282255034151673	-0.0371618765613777	-0.0074995676734218	-0.0773922838496024	0.40914747114513	0.19108267196211	0.188745917862541	-0.152284526644387	0.363430777195643	-0.0657381647177973	0.368096370641104	0.271373105726963	0.579958116034798	0.271084468841241	0.171949826281739	0.595286299586101	0.596933461105845	0.485646106647146	0.674189948574385	0.752163323664786	0.673799152699599	0.767854837457544	0.79872852820793	PC 34:1	grey
-0.22592691591415	-0.00439447217380111	-0.134189205976842	0.178699411556595	0.263687564304605	0.180022082005276	-0.0680685619957513	0.00405637847350202	-0.220147609762028	-0.202587805288	-0.151698428527266	-0.0876779767953421	-0.442151190699077	0.0498792230812243	-0.219777293744297	-0.214100850044789	0.29476380325817	0.051914252990108	0.135462180132465	0.0697598653304865	-0.0217097683244719	-0.0579309279960459	0.567322786118972	0.378063200718471	-0.0386307440410194	0.23878572228769	0.0608219173467807	0.354550009291558	0.198588201266506	0.550436487705229	0.459993865881704	0.444739694112614	0.318387818278352	0.33557436913921	0.646812254793698	PC 34:2	grey
-0.286988446397237	-0.0788461633871315	-0.254306295107586	-0.102278053877615	0.263591263631817	0.111887312733817	-0.0863736397662845	-0.270833043967528	-0.452400688191896	-0.437514423827893	-0.441580207970676	0.0425615638940227	-0.310229707992373	0.131259398633535	0.156513379901978	-0.0671813368523196	0.396864792271411	0.05480407817057	0.108262419926152	-0.0173498403699572	0.0829557426866116	-0.295099377042791	0.381328912401959	0.448904422542188	0.573560996979066	0.327925947224201	0.0516798547568565	0.379795606704933	0.425710964570316	0.431295698515485	0.373579483094353	0.554043926381254	0.477297517079266	0.481216757410348	0.292979896663377	PC 34:3 Isomer B	salmon
-0.213326736004807	-0.16077150266968	-0.172868916695641	-0.172162250362162	0.0360903612214731	0.144230257725092	-0.238822644385654	-0.24601812507462	-0.232224230117361	-0.197106863257852	-0.202052105429228	-0.0237260842070076	0.0284728741160792	0.144620983813659	0.207370927470144	0.0855592016414253	0.109200070946642	-0.037509712689356	-0.169696633982763	-0.024413344354581	-0.129795895803596	-0.321825650365042	0.245133194774205	0.57181490876329	0.635431874357248	-0.10668746023839	-0.134177910890641	0.0803300484680896	0.253187159874609	0.0832055526218819	0.127647550045	0.247483128002494	-0.0209107395189076	0.0679914880683761	0.0616539103989404	PC 34:4	turquoise
-0.428968832854289	-0.175321345441203	-0.113226366134191	-0.233055211269771	0.278311621063182	0.041119898851332	-0.28385843888654	-0.351354833800442	-0.422397128589755	-0.467640785863387	-0.545695587395034	-0.134175759138134	-0.300103428391056	-0.0819818729159475	-0.0309114857802168	-0.0719968516664874	0.378824629831341	0.0942492529962827	0.212790976941709	-0.28253663047661	0.281514917040283	-0.0794647799473758	0.364639616048776	0.219884892480154	0.61255468381622	0.322700805117167	0.244212859022871	0.704895478532353	0.68564849736372	0.58504828113579	0.61089256272328	0.865636330862073	0.699986964664638	0.824790541131595	0.644269856650674	PC 35:1	saddlebrown
-0.109470929283405	-0.0613101119389021	-0.175905012468124	-0.0322170043081816	-0.256627496305988	-0.162968938410638	0.189431975710351	0.128173450776776	-0.0886608212481365	0.0561678940024	0.331018120276715	0.0339164448538969	-0.0194141279715738	0.131835502175996	0.0714470864271921	0.202523924482343	0.122034460573657	-0.0144497819401657	0.0492638240743617	0.372505951328634	0.0748675028452405	-0.027460946313358	0.29831591154697	0.37498835360105	-0.104556428524542	-0.0470064371207309	-0.117706289776305	0.011956361825517	-0.0898395296622684	0.0664758278768617	0.0993315581517926	0.0569177282720157	-0.171869861256145	-0.02194710257787	0.316750142793056	PC 35:2	grey
-0.295361682111492	-0.16455910543136	-0.27299996664125	0.161975723303935	0.350089217333651	0.276827090549446	0.045104590620989	-0.253844437496988	-0.262107847341871	-0.261776188157467	-0.405065957688317	-0.32298961878273	-0.349281745222803	0.098504457288246	-0.0856599086625382	-0.134358401425288	0.346105715570228	0.0973399386888426	0.0277299098198552	0.129051867560582	0.00941707186945085	-0.151941081213118	0.594455369989679	0.501656610005724	0.115377795978314	0.174485659883856	-0.00539199059024065	0.455809114404237	0.320772447892982	0.620979633069319	0.304803181648342	0.564258085882432	0.241366700990794	0.348131796474751	0.36361161555556	PC 35:2 Isomer B	turquoise
-0.268091283786719	-0.142623254673134	-0.285191788314583	-0.0669870352317291	0.173474521334487	0.191124247686365	-0.0714638362803662	-0.252760443768916	-0.199676215064081	-0.166914548095289	-0.323553913076289	-0.157981034656028	-0.103743825591945	0.179411322499767	0.193862391703705	-0.0631319751433521	0.283774698202237	-0.00486061625955051	-0.175942847574969	0.194716360940293	-0.11138137383231	-0.367779018991753	0.507998493137536	0.633514873811601	0.45559861531858	-0.0571160067661407	-0.171909384515066	0.152217864422566	0.228621420794918	0.241821580250494	0.15263046408816	0.34109170484459	-0.0138598053118817	0.0902089879346611	0.170154508901655	PC 35:3	turquoise
-0.318147696505903	-0.307340044120523	-0.318745945804306	0.0281688231012105	0.145213994078918	0.295553273624435	0.0712308013764533	0.0239873432212938	-0.00194325094578334	-0.111588352737627	-0.076411977741916	-0.22456540107899	-0.0769566428994315	0.281561758446052	0.070149970605179	-0.114754440635975	0.111303245069889	0.0990465630690805	-0.0865717667545253	0.124573860191666	-0.26105484438059	-0.361513820820907	0.675267351209477	0.728939448081212	-0.0784151599131192	-0.0689127920652529	-0.228621400502516	0.16414405003262	-0.032721025797443	0.206185420049911	0.0225886569963999	0.124042509829198	-0.136359775141953	-0.0905400885534627	0.233837165464635	PC 35:4	turquoise
-0.159604589392821	0.13659261063633	0.118696324334935	-0.192555962314945	0.0580520234780378	-0.174063573615052	-0.248965905095084	-0.318712323473914	-0.379888869498667	-0.283310441440857	-0.225894002809144	0.165406261226557	-0.217742896912741	-0.230376569053788	-0.0947896096958546	0.0829374126228362	0.24576551805244	0.0389502199988558	0.34558551305063	-0.157140690586096	0.411432876178215	0.168449673514926	0.0680719206536197	-0.024010724404697	0.389990512798629	0.407950059962537	0.408152837058002	0.564747596168417	0.532795933752429	0.576945271097409	0.629140428217045	0.69561382770138	0.770243186867229	0.8758207602347	0.529241784186723	PC 36:0	white
-0.297832527959023	0.0578470876921164	-0.0473181929693583	-0.208564000699806	0.116249140381053	-0.113881169208578	-0.213627502109868	-0.162758477936004	-0.313884687906483	-0.346257580901796	-0.274422590209048	0.0241050224218694	-0.341458205652628	-0.126582448474043	-0.0898610477882471	-0.0678823289786833	0.382052229613478	0.0695566716072943	0.212462321548832	-0.0706254450839443	0.450692043582253	0.0618989728377465	0.309664535027055	0.194085069692273	0.40150427887583	0.439609483588666	0.315933853349252	0.61439695343784	0.607970129922337	0.588007861155605	0.54795472892153	0.725276671978172	0.67410220875491	0.86813810544723	0.68875254977445	PC 36:1	white
-0.360893537279944	-0.161105084325543	-0.331143843439098	-0.128317832871351	0.252378636499365	0.032587208715639	-0.120359699568782	-0.502937121206804	-0.400009684607452	-0.359976535000449	-0.337458890546493	-0.104526959681946	-0.203309635413926	0.247971751277067	0.174202340938448	0.0952454273303378	0.475090317958089	0.165782932194835	0.34848059908705	-0.025075975138688	0.181427022628565	-0.190091372996809	0.340328730538332	0.265564416487679	0.170733258516138	0.248176198185415	0.0747703269605575	0.340725957080971	0.471462443120974	0.694841001003878	0.253990220358058	0.499974343100458	0.486062659612199	0.611592245753047	0.25930963577208	PC 36:2	darkgrey
-0.250881181413767	0.0614683058396638	-0.168937056395444	0.00510074225133103	0.0413414051257125	0.0509597657729208	-0.126995524047522	0.0173876374118769	-0.0396595263977326	-0.00683875488431043	-0.0787374421242776	-0.213522239636392	-0.145684598929433	0.092108015369148	0.0660489732982453	-0.0319706164274424	0.28928920886522	0.07635330551353	-0.154967223674728	0.253563803374849	0.0281599811464011	-0.230100018710547	0.499723987330419	0.578206247309897	0.322415905716742	-0.0853939052713139	-0.206298744529461	0.173245852696803	0.245884329356256	0.196561691258296	0.333275053854165	0.395787123733246	0.016088815942205	0.187656954139816	0.441408564042706	PC 36:3 Isomer B	grey
0.0588019590769888	0.1678225015779	0.0356160078241642	0.184106021220774	0.163855666155238	0.12097042827482	0.0482592641263445	-0.0495728184667919	-0.195170893133684	-0.0556982188465417	-0.0162903965016501	0.0126661334600488	-0.213854380287259	-0.0580798205539986	-0.112482794122777	-0.0527087160556099	0.0842452383869993	-0.0986032447486569	0.240327901195525	0.308810370541871	0.0863646060312283	0.0381026841036719	0.25707865459161	0.138640194381173	-0.0996710470248226	0.0719280072312124	-0.0408992557324678	0.081928134240293	0.0871674685800541	0.593074663336831	0.0686944177230414	0.182461573461972	0.191302447532615	0.256348415854794	0.0574710948348579	PC 36:4 Isomer A	darkgrey
-0.255703778239322	-0.244685911070037	-0.332089505532615	-0.00727739098033648	0.0187156447324195	0.187614918679459	0.0456883629122568	0.0670883643339854	0.0293987078949844	0.0183001338555224	0.0207340889651691	-0.145963665007411	-0.079643019470424	0.24115009902269	0.101966102912205	-0.036985649633846	0.200680741184335	0.113998431607722	-0.156806776437633	0.198575579747491	-0.21702032192856	-0.311090225093691	0.69605259796634	0.863893801529051	-0.0402300876814029	-0.165932796941165	-0.353147289292872	0.186655293567588	0.0616233729738386	0.205815551987194	0.0464966498768819	0.146420071693805	-0.111141934154857	-0.0580641013917808	0.242690227939732	PC 36:4 Isomer B	turquoise
-0.347666998430374	-0.297186532022242	-0.356657682415849	0.05410064684064	0.126502340840485	0.280476656603896	-0.0188119355155712	-0.112816758892631	-0.0865226205822141	-0.105052781227093	-0.163891116499518	-0.259307048941735	-0.172769358263781	0.27686390921226	0.114834214836186	-0.0324859065220133	0.244691948244899	0.191087108263347	-0.0275434241845511	0.190507031417826	-0.242188119469935	-0.410380497131268	0.795748077659125	0.943770075554652	0.0596103076311052	-0.102392846915482	-0.320435151271695	0.315848511453409	0.158117430730639	0.358102703231831	0.150152892368055	0.314631397257	0.0170672716575295	0.0603529036992374	0.268366224369441	PC 36:4 Isomer C	turquoise
-0.111251675280173	-0.0822187539644091	-0.15962693109276	-0.0480465969291235	-0.174464672506907	-0.0209386518606496	-0.0142121538718324	-0.35055920184796	-0.191145431418954	-0.115668852582149	-0.0309451450411087	-0.149768728075726	0.00451360897740054	0.423254239441826	0.214620737365318	0.168318691361118	0.149301581413103	0.133243950159326	0.000196457579781101	0.340642738116956	0.174638010561372	-0.131128770305959	0.125173384307304	0.389024540255055	0.258833098558488	-0.135368300819868	-0.139667354591063	0.127441743496527	0.263942324966094	0.0308689725281011	-0.157660565234906	-0.00135527127800192	0.0398286133914526	0.110840574893591	0.00808206514012531	PC 36:5 Isomer D	turquoise
-0.235775143362677	-0.105511135179344	-0.235390470748785	-0.0255864274263346	0.169340569485924	0.219228378426664	-0.132485444283606	-0.141140207632116	-0.154161710255825	-0.0647788174308004	-0.08173682651973	-0.148854529504594	0.0317645691203212	0.11675465565136	0.170437976448077	0.0807003999540281	0.0840692520251279	-0.121271835682549	-0.292761805043386	0.0643993061307491	-0.238123993143753	-0.367695854811437	0.434416646825916	0.593854257750605	0.464728485976968	-0.125771820520812	-0.120157109935551	0.11329684191311	0.234255054255129	0.123791235852327	0.132737516939939	0.299710745651947	-0.118760703937237	0.00805915633005433	0.0451177276002448	PC 37:3	turquoise
-0.227323134894477	-0.279928936453047	-0.263371335449994	0.145460334958366	0.10620318917749	0.321612142181553	0.0347761175694095	0.0121883920052331	-0.0342305789088729	-0.0549519187584399	-0.0776671001097925	-0.23243771953237	-0.176487558631042	0.1777194577187	0.0209843554008437	-0.0494977070838993	0.171461393118682	0.0881448679400214	-0.139767188257967	0.220318569970173	-0.302331468413964	-0.340473741671499	0.775795119256774	0.928088139751834	-0.0612423501167689	-0.111649083929656	-0.280745622013075	0.252534957006782	0.0621727018158433	0.311296587474263	0.0544406298447673	0.207110434317721	-0.0983655379124356	-0.0589603467300736	0.19839069000174	PC 37:4	turquoise
-0.375145412738176	-0.0323329125707484	-0.0960226002380592	-0.300544346831661	0.189352154716174	-0.0869688831356932	-0.459918690644958	-0.47195217527022	-0.502976157512919	-0.486151856607557	-0.365852702008757	0.0359650580493035	-0.277216783432097	0.00937127792647265	0.0166954591723904	0.044295381690147	0.454723897310462	0.129166677139901	0.247438955414799	-0.30270225352131	0.350581225888868	-0.023565255953706	0.268816616097824	0.168272173890234	0.483305650032729	0.33600334215104	0.240209579802488	0.567677144469153	0.680341504922959	0.668544861401571	0.614546549283413	0.789295076335061	0.783547510879815	0.923023669609362	0.642245881986759	PC 38:1	white
-0.27933497697699	-0.151399325440762	-0.200799404035996	-0.0924551446336707	0.193280024109932	0.112317215774082	-0.119331160593611	-0.0489912936569972	-0.269902777244633	-0.166996888036017	-0.0995922627184241	0.130968844535447	-0.140033583262612	0.0708298731058974	0.0627818870960655	0.0396584757985608	0.201159681819479	0.00414789268848321	0.117485977773183	-0.108576116066944	-0.0916407570425875	-0.2597899414992	0.307973009891959	0.258806298213638	0.147127759387576	0.245371808684072	0.0893568849667441	0.235800129663638	0.0903981105895701	0.3032187886169	0.272763325140021	0.312549083590963	0.297608762491281	0.300753412584724	0.349089054995521	PC 38:2	grey
-0.0202081810834168	0.054737886362202	-0.018816542634758	0.0808399414105257	0.29349552554476	0.314293865222104	-0.0273259284708481	0.0888958562259354	0.0549362686952321	0.0654632799463097	-0.114836684581391	-0.103845594275515	0.169158528988694	-0.100480527039678	0.0687656238460523	-0.0855473213270708	-0.0906120879451441	-0.152653805526021	-0.256768908609312	0.001218970419861	-0.292883972765483	-0.265573912772161	0.18023265099273	0.248365149885995	0.269020135678103	-0.0430354439328227	-0.068685679406732	-0.126541118086077	-0.0158786433087854	0.0226924465865205	-0.0278564316512471	0.0616484279709492	-0.131408162138023	-0.0618147258153883	-0.237076119443229	PC 38:3	grey
-0.122305532832958	-0.140007181172919	-0.164629420322749	0.0700730464974829	0.0496798882308403	0.228143147574633	0.0785941553817414	0.0434799716384855	0.118833372242649	0.112780353387896	-0.0605686113585406	-0.343797349176105	-0.0715684810632407	0.119449289706525	0.063901147029884	-0.0648370688237753	0.0917069343020918	0.0363731641307852	-0.0528176344196606	0.203896249526094	-0.296346939643951	-0.343844736994247	0.583036603328608	0.724897728365993	-0.190907221151014	-0.100052223067263	-0.142729661778165	0.22202061070798	0.0964108059733795	0.198681950242094	-0.0493684273866713	0.094935181504607	-0.165391304835372	-0.089931624549812	0.112158389455012	PC 38:4 Isomer B	turquoise
-0.180121166323486	-0.205946246478949	-0.273316117895815	0.121467635038576	0.0776025845299296	0.306985093458682	0.103115417062907	0.00225205809324253	0.0778325631076215	0.0429747000299165	0.0102791231519864	-0.246717343200961	-0.12875044888191	0.217569872431436	0.0994181714177596	-0.00407683748801267	0.132059547846541	0.10398562244381	-0.0353930023390166	0.32529678084909	-0.289335978099146	-0.386981530400687	0.683589988118952	0.908715913993003	-0.158752258607595	-0.135981959892243	-0.317423366880917	0.165564757143755	0.0316599400639687	0.26431853860481	-0.102331327901236	0.0597792201951436	-0.151944398382354	-0.0788089332041957	0.0568459177200195	PC 38:4 Isomer C	turquoise
-0.249327734332254	-0.264376659678459	-0.300668068556643	0.234758268730661	0.157642183453919	0.345356199632109	0.00803414409991518	-0.0289031586348179	0.0485620522448231	-0.0577682154503007	-0.115639647962102	-0.423656047062875	-0.232838980696397	0.233146349767577	0.0164822282807169	-0.109359621868248	0.218789190066573	0.196984854175308	-0.0787346313855126	0.347368208165159	-0.171722438311832	-0.333062549159804	0.76432312050803	0.911045581974078	-0.104699845188476	-0.12454834348258	-0.364763723138405	0.234434430462877	0.0853082469008558	0.308437862442582	-0.0613374365692585	0.194693266686033	-0.0818011441592507	0.0475634766126595	0.130067351850881	PC 38:5 Isomer A	turquoise
-0.353311785759535	-0.265836023464662	-0.417925623293221	-0.0888760123380442	-0.0229080184602223	0.129582413708059	-0.118135087359663	-0.32660734438048	-0.103446666786001	-0.0568266133212594	-0.0337494196340706	-0.215347719430185	0.105846643116868	0.507768252208172	0.320393777402544	0.199015389802031	0.284484544005393	0.205980129981245	-0.135492190167701	0.21676132951568	-0.0351221801724476	-0.343513648006208	0.486811908347406	0.735103452926759	0.234615825765859	-0.233819054198495	-0.348361463936205	0.158374985415484	0.331555517946366	0.234685498695362	-0.0969433485930931	0.173205563156562	0.0349614390426292	0.191799188481352	0.0574893464237107	PC 38:5 Isomer B	turquoise
0.15004075347362	-0.0165929784655572	0.0564358355526218	0.303860068182473	0.115289649708074	0.345047006642375	-0.0350630934938235	-0.0181254254432208	0.00992498077091299	0.00161861818424588	0.051586755667614	-0.291354930672499	-0.236870427549297	0.0709009298536203	-0.143392890861876	-0.171025916771301	-0.115647145023936	-0.160452953825419	0.00821869977672389	0.384893632530242	-0.180131899629236	-0.0789317478850092	0.446753568893837	0.585030981932561	-0.259861374449148	-0.128260673055322	-0.203014125552159	0.00783028313799559	-0.0199605196019972	0.30192700180303	-0.334122522365177	-0.132339500492361	-0.191362578764186	-0.12846086607929	-0.170658525363995	PC 38:6 Isomer A	turquoise
-0.290910155877836	0.0266315682686595	-0.0502348435774562	-0.35835476186291	-0.105046131927529	-0.267859772222465	-0.255394155564432	-0.253316004131285	-0.259094446344801	-0.187889672439675	-0.0744220268456297	0.203719154879333	-0.170281079824931	0.0879817910839513	0.0452956302154089	0.125103111287411	0.374127225672659	0.128962533738341	0.120504796243479	-0.147744921542639	0.372438360881103	0.0430522501056607	0.121383032953944	0.134488202711719	0.369261510260199	0.277554568270643	0.218093058045971	0.427692545822254	0.489414284992684	0.406577717609701	0.527465679637182	0.576989349061338	0.663706993941738	0.786518022032383	0.659763451988254	PC 40:1	white
-0.166886010436782	-0.245393839521688	-0.16628031959259	0.0636186664393056	0.302409490823723	0.350814443232258	-0.0419754295587688	-0.151662829932612	-0.183890076826747	-0.251940577711964	-0.337468250063368	-0.126435737046806	-0.18319818848613	-0.0405885287212088	0.00641757468707198	-0.206440186583508	0.227885088757837	-0.164478057048194	-0.00999426549587361	-0.0234825376611877	-0.239512362547728	-0.274160879089906	0.664298669262534	0.721264825300049	0.122921282203107	0.0452808300857348	-0.0415681192400803	0.25478628271875	0.194339132592021	0.32582065757568	0.195365223702069	0.383320089075109	0.0502633851795387	0.143190139159761	0.140734427567698	PC 40:4	turquoise
-0.111574709825643	-0.188245903375068	-0.24601933078353	0.228046658175755	0.167446692587439	0.329278570946294	0.131023833583933	-0.0906095064553382	0.0229445777380442	-0.0474448485868664	-0.135474209284325	-0.306417499126344	-0.0955227221380953	0.157687174336075	0.0610692137443247	-0.0912241535648164	0.186042151156301	0.0619938385413158	-0.0976274351643804	0.377909659183242	-0.0891880640073783	-0.255301558591005	0.502215448977664	0.704154402063135	-0.000730494700464861	-0.0455220164475886	-0.259456237116161	0.0887547125819424	0.0938597469332314	0.269546112082011	-0.198222535752382	0.109592192829958	-0.085925507142507	0.0895410874574042	-0.111595034795601	PC 40:5 Isomer A	turquoise
-0.350067750554134	-0.221099991131378	-0.246197251316565	-0.0295481781813771	0.325292464005651	0.423260201687541	-0.126295779364977	-0.10472908993883	-0.0401477648043912	-0.122729070893905	-0.240937661412486	-0.137818286371643	-0.0524857816963932	0.0521045209737663	0.0554607382152159	-0.0678652311783088	0.147755970653063	0.00178008540176475	-0.136333452993991	-0.171010873213982	-0.371100394624389	-0.448411924431521	0.647598549059102	0.763488294039217	0.24594777419694	-0.0855386159946134	-0.239150890752851	0.236291374493128	0.195422490777699	0.347413282046381	0.140515328235905	0.375536501782979	0.0645583256167688	0.142664796387328	0.172478986133234	PC 40:5 Isomer B	turquoise
-0.279164139344649	-0.336450349140815	-0.431202856288959	0.163870265929611	0.144194125323136	0.342535613853937	0.0332256664283345	-0.204780063445024	-0.0153850185905098	-0.146913129790272	-0.173831348488776	-0.351741550232504	0.0171177878325759	0.55146579973133	0.199080540817001	0.066730800054812	0.280292031331392	0.297838023913996	-0.188417118627405	0.145182997467254	-0.155964885438223	-0.331228006014801	0.438681341035827	0.521400680346718	-0.0219277567447335	-0.231777767547664	-0.376308655879707	0.0826672182125632	0.0766636187253971	0.132470952034208	-0.278500430763686	-0.0165084990417943	-0.0908247662743062	-0.0230992011072984	-0.0875636567518432	PC 40:6 Isomer B	turquoise
-0.180126260133325	-0.242388743556645	-0.340547668072058	0.22738400234374	0.110665400296256	0.309785746562395	-0.0265081237590749	-0.00620025057901739	0.138630204183556	-0.0423135906730863	-0.0445026919706609	-0.439212052303238	-0.0789838778414167	0.46739538474213	0.0220767475392422	-0.058299312289667	0.221129690305112	0.259443497156767	-0.403980566973737	0.174946928252401	-0.155252231273202	-0.188449396005956	0.452638583612665	0.470742880469568	-0.201911431349704	-0.302635483724783	-0.434956467418169	0.0217527459666806	-0.0195348301032107	0.0612347664679549	-0.302155470680613	-0.0918839458667881	-0.230802949253955	-0.149412047660984	-0.0175262295627176	PC 40:7 Isomer B	turquoise
-0.400764647482956	-0.108960827658728	-0.23918065172416	-0.149184300995142	0.0430124372537854	0.0146845673277066	-0.112174888173148	-0.0711158707743829	-0.0749075131020755	-0.0888477211130967	0.107777775560411	0.0341370638903484	-0.139513480023995	0.281720052873483	0.0576500115299842	0.133194941940987	0.249522710531327	0.350599219940414	-0.0488052707238448	-0.0814984819405287	-0.0472245817913823	-0.285523590885283	0.326963342706753	0.303065224065519	0.054112600717402	0.029593834908434	-0.123528214615302	0.261379645630578	0.155315045420931	0.244390837266697	0.242192390191654	0.332947004148282	0.178849158914747	0.276559735054549	0.454754773331906	PC 42:2	grey
-0.271370427480225	-0.0363632961370232	0.0428879948701542	-0.1664139323919	0.0808799951537266	-0.0842240187137575	-0.243495670709316	-0.0910955860286395	-0.349575456214386	-0.281878553434368	-0.0826182508240993	0.178141598007637	-0.0934006821624266	-0.168824361234192	-0.0498863735848345	0.0637399346136818	0.0922508907592564	0.0939315947423362	0.325750181346505	-0.257181472221301	0.176408635806209	-0.0073974749779783	0.0236362392717986	-0.0700198871859953	0.369221313695172	0.205522237991097	0.207858243528333	0.306750840023967	0.279832655809781	0.251589473731808	0.644775292443907	0.392884932423853	0.452378486221734	0.373311962357517	0.528211276937653	PC O-18:0_16:0	grey
-0.319552903904244	-0.0367610775340712	-0.0329914834014351	-0.119008251837539	0.105635919840189	-0.0989770910588978	-0.256640654135733	-0.168078650796503	-0.399169224924124	-0.220878688801251	-0.189020378485648	-0.0535545574345351	-0.123867928148682	-0.0305017721448299	0.000312054043280613	0.0765127007879633	0.243682388066116	0.195001152865522	-0.0345496989480096	-0.148841267885865	0.146159864698984	-0.0280958230176621	0.182496670172066	0.00514452448795358	0.569387555781041	0.0406196304408107	0.135799466572262	0.416735296018015	0.543743934933953	0.27587289806338	0.80341804565345	0.615124056135911	0.392454466517885	0.39015081053351	0.542460856593171	PC O-30:0	orange
0.12041411001336	0.170646140304299	0.470544874182	0.138164103978426	0.252168867371603	0.230025294051424	-0.288460381341055	0.179656994553039	-0.137638049118755	-0.176540296546623	-0.0690483279086915	0.0108093557047167	-0.429924921514999	-0.343034696468	-0.537397672828299	-0.422198574798735	-0.185213859912543	-0.164801433747102	-0.0406971266206586	-0.122100339176525	-0.0308364426485535	0.180913758592056	0.11165604564849	-0.0700150457280734	0.0616357989480335	0.0528893895848808	0.201376854635682	0.345671699650507	0.322722341716077	0.327261262147264	0.271518834809109	0.175520981948392	0.260303439615645	0.128299527033852	0.33367399973374	PC O-30:1	grey
-0.200132356718832	-0.0904126029435664	0.0833430977898887	-0.461715806178333	-0.0225267585317366	-0.212550838914289	-0.449868322039133	-0.237932470668599	-0.424118447152323	-0.333902490489484	-0.0139131197386329	0.321614053706967	-0.0712613615433487	-0.106292169150743	-0.00955682835968952	0.114139159696646	0.186905794133982	-0.255575603413111	0.010710979816745	-0.455838096283867	0.232712049813091	0.0832383928624878	-0.0788590780425195	-0.154532737519198	0.522920851702652	0.19390292840025	0.339346510964283	0.314858176197222	0.482345984527553	0.20627004285393	0.439584453257811	0.375269667488717	0.485900753965077	0.499436313806024	0.455446286056066	PC O-31:7	grey
-0.268477313261837	0.0629781344679986	-0.0187805949873176	-0.12561397221054	0.190773311100209	-0.0449819274105137	-0.269717255043226	-0.184867979534076	-0.510425939290819	-0.48778131156609	-0.435883105067333	-0.0509144707897328	-0.421669149521135	-0.146851014405519	-0.0938816908452049	-0.102299084438533	0.379287821965349	0.231465433697966	0.298147204912133	-0.161222303038258	0.236018025778834	0.0223365098830273	0.420358351723291	0.189380901688883	0.416779549539924	0.433063760239677	0.25451180356435	0.631956804573685	0.573400877064317	0.599991332600253	0.903020169287695	0.787219437699219	0.701765411037132	0.639381364924432	0.73625668818406	PC O-32:0	orange
-0.305604085338582	-0.0207156185715978	0.0632297415305189	-0.0859469971915486	0.391181141248508	0.20911816960582	-0.423252720488849	-0.24819286868607	-0.521336087370948	-0.57432335328364	-0.392344831442594	-0.0526948181677619	-0.424516836044698	-0.100527031550167	-0.222403927371155	-0.155872613262285	0.296837410860079	0.0848922064208651	0.210288969992624	-0.3277521711514	0.119545731179121	-0.0406492593273035	0.460644402230001	0.201155500045443	0.355314891783877	0.287982343727018	0.198299871648496	0.678718418928314	0.664002896857415	0.817585004685513	0.628144030872019	0.733350886256166	0.695468709639046	0.6838763452234	0.63844058657314	PC O-32:1	darkgrey
-0.186906110321372	0.0134077115190596	0.0522112700642413	-0.113734078793587	0.0548642433233945	-0.129607506752747	-0.0903577198012917	0.0275408352996738	-0.281803777259664	-0.160944422252069	-0.255604403804186	0.0449929031283568	-0.222990529824482	-0.274021347277575	-0.135284502581373	-0.110076363911332	0.20330060923841	0.109072890762611	0.101379364863335	-0.0372804394064936	0.209253500761751	0.09656725517477	0.232696155489035	0.0906167646709723	0.471781605926208	0.176763563808591	0.198422525812436	0.423481990685206	0.340370130051102	0.342563304607545	0.810825940454922	0.620314748834634	0.410807887845478	0.430698075330361	0.652037595061223	PC O-33:0	orange
-0.261106597064021	-0.129682602873358	0.00823025487753174	-0.276981548356961	0.0766690339706035	-0.16905935737891	-0.206248792018041	-0.279756516717238	-0.46894992910031	-0.326505486848582	-0.396255711527532	0.14214197956212	-0.168811906374602	-0.226791437638688	-0.0298247129242615	0.0156796260268393	0.309921044144465	0.0367368628667474	0.467936541389262	-0.342187168698582	0.226030170517009	0.0475743206520512	0.184053788538391	0.013777788910803	0.434362241650102	0.352331401185879	0.387348275257763	0.539493851926008	0.53185000409207	0.512519201615149	0.805668203236266	0.750219111188479	0.704460056620501	0.715251235926063	0.573086924810743	PC O-34:0	orange
-0.354722700190456	-0.161703485302069	-0.0833184438991729	-0.11331664020817	0.28406712051521	0.112170616171299	-0.210427949584107	-0.245318314440773	-0.440304402971622	-0.344834040573537	-0.36367583277645	0.0368944518083635	-0.246193855255119	-0.0878353202211339	-0.0445446743211096	0.00592107571340719	0.33149848872028	0.101114190509871	0.209272388873459	-0.251737033700387	0.0415184402191766	-0.145183807362927	0.476252822659582	0.28709139087885	0.353174096986754	0.338968865150259	0.272554099588857	0.590639901588848	0.468474820785492	0.600956551293147	0.718931696601518	0.856830007651714	0.569603667950583	0.669705876619529	0.651645721312315	PC O-36:1	saddlebrown
-0.229646022104008	-0.0603323038897568	0.118653773151791	-0.309031046797252	0.0877390793509919	-0.135177499553553	-0.347079735572587	-0.443974069540966	-0.49378538002345	-0.483707148486827	-0.469710915891987	0.0705595781438595	-0.209145780337682	-0.144475470619585	-0.0301786847655993	-0.0514545201354885	0.255472283034952	0.0224599624260616	0.303080204367597	-0.294153917114703	0.34182846568709	0.0858840098897378	0.110178451772713	-0.0020844788873822	0.563624704816749	0.35684156801383	0.468064261836896	0.650094409688329	0.774823457224179	0.503838659599914	0.704457399889775	0.681072554635889	0.825007931772242	0.750650636346721	0.486257294821473	PC O-37:0	brown
-0.114990548910372	-0.153555808696159	-0.249801687349235	-0.219002058427416	-0.00142394621080319	-0.0766813667793944	-0.0201926683543992	-0.0843796159821826	-0.240548538958841	-0.244471284902882	-0.264644572145532	-0.0835925978693697	-0.0570829253014518	0.013431586180121	0.140638211712625	-0.0243539672175083	0.40391996108697	0.0179848768324204	-0.0296769654128935	-0.0070405611790283	0.0802231584931445	-0.0560568409641558	0.32914038619273	0.311195595242454	0.0966778373490069	0.22209135891263	0.0921478142314911	0.11171163043461	0.20961936696741	0.204725835009562	0.252613480348281	0.352528277092626	0.0694249479325525	0.198712909892708	0.220644654134152	PC O-40:2 or PC 40:2e	grey
-0.375904923047483	-0.209734926557418	-0.477692274307199	-0.129774027146803	0.0842550232257624	-0.122362430959673	0.108549740742621	-0.129216019056097	-0.161119809066914	-0.173318587231949	-0.188405260313235	0.0538941035511524	-0.0000724472301475903	0.335420076906854	0.289333137374839	0.152082553808832	0.444329819923003	0.323930814236459	0.100836032739429	-0.126932451377737	0.0909917187609699	-0.166286791894012	0.200739959811975	0.126330021695417	0.214996785776317	0.188584089784198	-0.0525119638958604	0.183183093954427	0.154581994331964	0.104305197905248	0.336622551134311	0.460708404789876	0.231458996810734	0.328281996124024	0.252942617918181	PC O-42:2 or PC 42:2e	grey
-0.286070177193243	0.111146371759318	-0.0489673071995419	-0.0327207838290351	0.154950675639181	-0.00740314702761981	-0.115717246492327	-0.0260296212175586	-0.341132387153145	-0.23326631998488	-0.127774519480954	0.0440219392981814	-0.382510296467804	-0.0486454901002114	-0.18074921122929	-0.126518785782144	0.203228167391308	0.266531022559779	0.181181690338164	0.0206391468452166	0.268716016216144	0.0408689404615968	0.444156366778272	0.281994218332831	0.169178460978151	0.25235152236062	0.011142308969604	0.466890998230812	0.299977075180246	0.524840672139115	0.59074887958432	0.527111474442365	0.557259059230427	0.514294499158979	0.771566252871447	PC P-34:0 or PC O-34:1	grey
-0.241100955140331	-0.104567221165024	-0.10251304145516	0.288203214749844	0.34297653101635	0.282172320381867	-0.0373230734132661	-0.11883143858453	-0.389527518156475	-0.259118420835443	-0.382084939409576	-0.308093260373819	-0.2906090451895	-0.0615083543450182	-0.246669944554448	-0.103207556647824	0.222822354135319	0.183112345430859	0.218661359274156	0.079084939431134	-0.0129503878131621	0.00046857229779611	0.63556675581114	0.279699455452899	0.0926543205774716	0.0351512908019585	-0.0459909260946381	0.550080255193308	0.356353216573882	0.801562345762333	0.47108075920588	0.586114712251053	0.345341448615759	0.397239966882966	0.396787132850857	PC P-34:1 or PC O-34:2	darkgrey
0.0597760673655919	0.0377154803716129	0.0696914517133519	0.292219030170452	0.128834031169715	0.202207312258822	0.128580194255889	0.0234068719898434	-0.0534766531877028	0.16800314104755	-0.111868316120738	-0.253823473254188	-0.171262079377852	-0.0692769663017342	-0.289103963728632	-0.130648785616656	-0.0685119368589141	0.163264211454309	-0.036438237080201	0.282805829671974	-0.142246467785625	0.080245913624535	0.428590218301658	0.223897588884036	-0.198581173392083	-0.0878992664510044	-0.113784300064996	0.30033699469239	0.0301164021304948	0.39885506225057	0.0835556955785664	0.117899357009954	0.0299873666807586	-0.023803621451196	0.188162923696671	PC P-34:1 or PC O-34:2 Isomer A	grey
-0.0894412259381943	0.0830466445195583	0.18290370970598	0.259372533132293	0.430058209898074	0.419729673076043	-0.271965312058718	-0.1105876708691	-0.377817982736097	-0.417530990991042	-0.397202167141858	-0.233939539282517	-0.532960394864373	-0.218808228120898	-0.469032684297895	-0.339102115607912	0.0623233281245547	0.00825225822129297	0.197587685046555	-0.0398029139983881	-0.0401409119275615	0.0513437683186322	0.596297348640367	0.307393452277978	0.03412843932801	0.190903632728484	0.119189918697203	0.556584735549899	0.359943921882721	0.906889022604188	0.379650665693656	0.501644609944748	0.40821986731536	0.392895499140599	0.452377938801038	PC P-34:2 or PC O-34:3	darkgrey
-0.452585213631137	-0.142762652314604	-0.267188314653024	0.0282443434368928	0.35676858087958	0.159977699344306	-0.188645460309423	-0.263312742440716	-0.468807114257539	-0.399408721229017	-0.382964725287049	-0.179093285377633	-0.372876515194035	0.061699530794515	-0.00472179186412393	-0.0106839805353058	0.466200100921175	0.203160719681762	0.216993551159683	-0.0704547364628395	0.0497340925474448	-0.213780134036065	0.710053648056719	0.476407181046044	0.257193812709917	0.267185377328863	0.0458593170942912	0.571419347309771	0.469723682935996	0.804153667758572	0.671362515560815	0.864522976849964	0.512779202732645	0.641879661601084	0.622140935090453	PC P-36:1 or PC O-36:2 A	saddlebrown
-0.299342941845436	-0.0273235487421062	0.0363374631148102	-0.040879659308034	0.321358310787122	0.165217535202432	-0.232420567638374	-0.288166785121307	-0.409835515455496	-0.363532874386373	-0.290331457446527	0.0433592712849782	-0.353398889300846	-0.0990661788274465	-0.148390826405301	-0.0140322944178884	0.266172801239545	-0.0220393873118515	0.199330424236261	-0.212265695790476	0.06335190061617	-0.104709692405215	0.467723130106261	0.280823973313037	0.169433472751207	0.419461817945652	0.335544801305465	0.664111501142911	0.474844694748562	0.805295452909559	0.525799998917279	0.789919740970953	0.627951779090753	0.709395199642064	0.608813079213413	PC P-36:1 or PC O-36:2 B	darkgrey
-0.141778738620402	-0.0301798176059079	0.103825855537045	0.206730295008225	0.418410877373398	0.38340061079521	-0.268131925366019	-0.113098586382648	-0.357971801411236	-0.405948147792759	-0.363205177384606	-0.270704276364	-0.528666073772785	-0.166990622023822	-0.381907279086992	-0.292649200553345	0.173797947538359	-0.0243858077798711	0.137157147777093	-0.0639318495373658	-0.0232642992215886	-0.00695740301310865	0.626402298318837	0.365190960265831	0.00953682207651232	0.158384341249296	0.0966537463394024	0.530712030538376	0.3562140718459	0.883262723019589	0.355254205479665	0.537207856748207	0.356769937132475	0.432686542137271	0.512983267992384	PC P-36:2 or PC O-36:3	darkgrey
-0.264889995441158	-0.234405421423823	-0.221329470423353	0.407823046791768	0.408510338204122	0.506613044886695	0.074547748397753	0.0207929414158937	-0.16295108082144	-0.0922988468780276	-0.288575211759602	-0.461592527625546	-0.312883116249816	0.0271018751914884	-0.217468100238168	-0.188210589931823	0.150636699642835	0.150296090015649	0.0375560567755817	0.221002947204537	-0.274987181695918	-0.225148285408636	0.902919939701768	0.701066896638744	-0.0722724519440163	-0.135554172095155	-0.304405316634145	0.43884170850943	0.140536784317355	0.604743343870517	0.22766965100278	0.409587862593287	0.0199134748185662	0.089533520168829	0.258491917637874	PC P-36:3 or PC O-36:4	greenyellow
-0.0336137381519892	-0.115269593898997	0.0977475831252392	0.321876093543022	0.410954456766082	0.580237410451279	-0.137784303638449	0.000436538291838939	-0.231592137240723	-0.30387847539043	-0.344548459375636	-0.347467100260549	-0.44747224896781	-0.150812977118333	-0.412271823230818	-0.381096464439762	0.00133763624384931	-0.0947139470104139	0.0257440658522221	0.0723730989288949	-0.289976155576358	-0.093118247347813	0.786998361368856	0.627618388454513	-0.0949735950114317	0.00899788288493277	-0.0703346532519781	0.448471517836295	0.204343331851784	0.682357907317254	0.132776605871249	0.311463740984991	0.0954153183812094	0.0776942480568679	0.262177028891989	PC P-36:4 or PC O-36:5	greenyellow
-0.347868131593713	-0.301126673650897	-0.294694316339876	0.273378328619103	0.45222629247436	0.499714382629075	-0.0391428792119289	-0.0557212734587578	-0.174703763223605	-0.117273138497561	-0.250970780035151	-0.375305763937232	-0.21993158243378	0.023484832693047	-0.11500752764117	-0.1349138992521	0.191284332711557	0.0508613058836405	-0.0294903763710539	0.0519078160928996	-0.353155905758749	-0.330014541107031	0.898656878508846	0.720377887054849	0.0465536782758055	-0.105130188601478	-0.222614640421811	0.390886446603575	0.201656824225453	0.607374022668185	0.297713682563713	0.516417823116764	0.0318483759476934	0.172123370775354	0.244499655438858	PC P-38:3 or PC O-38:4 Isomer B	greenyellow
-0.269183748830021	-0.241407059943002	-0.313408597290264	0.408260945209899	0.26507270807491	0.404610162804104	0.0977178489195649	0.0480838954372709	-0.0532899256227135	-0.032330083670663	-0.128765226616684	-0.553358457285661	-0.300048268581167	0.208066289063272	-0.0841122923502396	-0.0873577718504162	0.208404457417074	0.275869996910614	0.044575835272006	0.39208189011305	-0.203336762890149	-0.278286665451639	0.888018280215353	0.762757883449171	-0.215293549376079	-0.219725289782775	-0.459701056790068	0.266258569821472	0.0595282011792864	0.47371818589791	0.0909538751315915	0.266231481635664	-0.0748353139136408	0.0246787648632157	0.199659899958478	PC P-38:4 or PC O-38:5 Isomer A	greenyellow
-0.303598868928225	-0.279390850000756	-0.295752890813314	0.230392817870671	0.335657370426616	0.386916817845173	-0.00141169734430005	-0.0734272200947833	-0.191177596001755	-0.2157275907684	-0.227478555740712	-0.426397840624412	-0.322880535179634	0.149422719288561	-0.088325720666949	-0.155489926520048	0.264530015284569	0.110109469710503	-0.00435772673679149	0.11528034356327	-0.255086540186917	-0.279463410549477	0.904167823907051	0.72168762980593	-0.0938260367366966	-0.0421362627490911	-0.187530628380424	0.302916638175494	0.200691511010456	0.535759219163797	0.264189158747199	0.405782312154805	0.0248715390429198	0.0952649217389325	0.297379802452236	PC P-40:4 or PC O-40:5	greenyellow
-0.380100567006132	-0.375127485616888	-0.262210325961272	0.27201535957131	0.306874464530231	0.455098453814264	-0.00608086156472574	-0.0452942017605263	-0.0180945975006908	-0.020497277701298	-0.164992331509581	-0.421852158798193	-0.0957545763721638	0.230828025015413	-0.123300884941495	-0.102767753235307	0.2242200337806	0.113579330234898	-0.120801157120515	0.10666915441939	-0.297575084536925	-0.341887262777376	0.735974633539844	0.550383754968542	-0.0726344929211774	-0.222272023853319	-0.28446730545354	0.32149512752317	0.116731090026442	0.456862465670187	0.00279998545217305	0.247416981706162	-0.076531324315467	0.0405136990234467	0.189058766120455	PC P-40:5 or PC O-40:6	greenyellow
-0.267687650093761	-0.117267613242921	-0.331905584919244	-0.0224773132480477	0.170936555137843	0.0839228646398341	-0.0141286743701697	-0.0862084149298167	-0.269186350230201	-0.277200935961545	-0.312260406300582	-0.0118017703379089	-0.176499018587479	0.167517976380536	0.171387045506295	0.0147811811124576	0.448251721575948	0.14534484961685	0.0439514025630978	0.0683556394675985	0.0374841850485113	-0.186462558693073	0.409282824177958	0.424122889483862	0.202503325044315	0.187785936624661	-0.0236147313716161	0.183359255581125	0.165174437800117	0.320377767678066	0.41278109255167	0.510561946293175	0.251111434431432	0.376732857553382	0.424519781183977	PC P-42:2 or PC O-42:3	grey
-0.278942029890713	-0.261847902178223	-0.310570898274463	0.0436714184571492	0.0553205080787798	0.137437258933233	-0.0148002829955159	-0.114088319891955	-0.204750658222877	-0.278765678991664	-0.237407212913992	-0.477593855537474	-0.255083791736553	0.247248196000238	0.0430802065244413	-0.114034193717514	0.374445069940855	0.243163934154142	0.0813172495914955	0.323711469125224	0.131134284269906	-0.164186538848779	0.77384442595242	0.678185424420108	0.0469333090684445	-0.0771783060957443	-0.215475769507991	0.3432072018508	0.318786003728322	0.398465813148586	0.206368700863435	0.412222049967158	0.0352240912738073	0.201719844809965	0.39456026062201	PC P-42:4 or PC O-42:5	greenyellow
-0.310606577160326	-0.333656399642418	-0.244323994531961	-0.0209468989250268	0.297501139456512	0.270369291580355	-0.221981423444117	-0.155459414034273	-0.330640376839344	-0.529328886324625	-0.358204786432587	-0.290452705419159	-0.35492009871394	0.167960538779424	0.02858468302638	-0.148197098079059	0.479437575447565	0.0705087322935396	0.00747759084498498	-0.0268205572590278	0.0681455616449922	-0.19752064855681	0.656867945591647	0.54463935424231	0.135733632587569	0.17798094988981	-0.0312847828142942	0.384310942158891	0.322364373329244	0.500892568232702	0.316513314803999	0.473164158589519	0.208697874179723	0.331769347178741	0.444973973603443	PC P-42:5 or PC O-42:6 Isomer A	grey
-0.504740988143419	-0.338890917259458	-0.387484072134297	0.0162662583620575	0.134274471105339	0.148705208262548	-0.0598483210301813	-0.157838375335568	-0.148596006815712	-0.136507770840587	-0.129406054242545	-0.293171838882163	-0.114587804918298	0.321539077027392	0.173647519173992	0.062698990941273	0.337230690185775	0.230079535483814	0.0528538212400664	0.171338817583683	-0.0579808565285601	-0.392128395309787	0.757303508061706	0.628931595846619	0.147551499425084	-0.0837971852492939	-0.20011489204209	0.316468430098729	0.236283950528751	0.382618515506307	0.266840446402098	0.507273642519775	0.091534536274946	0.275147419350193	0.386111182034497	PC P-44:4 or PC O-44:5	greenyellow
-0.146873620015037	0.0689037439423572	0.0795287368420176	0.566457992937937	0.906604977279596	0.815214389061766	-0.117213088526087	0.030485302158365	-0.26463823673602	-0.322437356734919	-0.280328402311151	-0.17974196163915	-0.474247430353155	-0.179754838570561	-0.398977837107486	-0.327993046069544	-0.066416268806577	-0.249164102359244	-0.14068240154054	-0.279972800830875	-0.387309691762376	-0.254456973568	0.415787761410664	0.24103456773819	0.0346047518414732	0.207103187475503	0.012474220284233	0.174877365664873	-0.0238510405342798	0.435221901307153	0.191014074368741	0.400901067916073	0.156424230501689	0.15688775175809	0.200409894702761	PE 16:1_18:1	purple
-0.303202853781112	-0.0170790846128862	-0.0321511945102749	0.364300273314744	0.922533839881357	0.735353678357292	-0.242869879303113	-0.0618522209201184	-0.323551938675572	-0.376491889842957	-0.360230277123216	-0.148466194384706	-0.390409999021019	-0.12907269975979	-0.293060645585259	-0.273407349830071	0.0499660654743828	-0.185104657769689	-0.207910123403651	-0.493615590982876	-0.34301319699863	-0.340963718007078	0.380821540815289	0.18542636168909	0.229227742392251	0.232423705041905	0.0160113873103771	0.276045089499687	0.1647718201023	0.459296653683737	0.24268959474142	0.507383121652145	0.31482827560282	0.314043210767059	0.218837788793074	PE 34:1	purple
-0.115188520419017	-0.0121852319637169	0.0971867397286009	0.531534345305453	0.94068907025534	0.845040284739973	-0.181759105971517	0.00919501983387191	-0.27382009267579	-0.342335297894787	-0.37761326045661	-0.176134985904432	-0.443680610846076	-0.243414995157132	-0.409974926938897	-0.395826285109399	-0.0807807839488195	-0.317280395372504	-0.21112644622963	-0.382337121003283	-0.434038520708068	-0.268560654324715	0.375823495901666	0.194450218270183	0.093935303585898	0.202990128799432	0.0243488929380916	0.122196663493235	-0.00839710419556907	0.377161285708208	0.116113679383431	0.363982395611871	0.112176272546894	0.103104159621106	0.0638443873398343	PE 34:2	purple
-0.417586804679593	-0.113078253634642	-0.0646655249248854	0.274778583824043	0.880546624504444	0.690960053522112	-0.229941258439038	-0.200788693184217	-0.262515922814575	-0.301578372409388	-0.378562610071092	-0.0886780875495744	-0.278727845114634	-0.0445379579417952	-0.144019613123283	-0.150219357503831	0.0624364808562504	-0.120583163766694	-0.160147293122943	-0.494896207567323	-0.398342399266637	-0.466525282329284	0.304773481465231	0.190234960743264	0.289437927290614	0.185337881063917	0.0337899492326352	0.259475038474247	0.163595843026948	0.43457709103068	0.286835491115361	0.524622932949845	0.334454302914582	0.326248318469472	0.192388234266182	PE 36:1	purple
-0.375967799836949	-0.0873838872493555	-0.0534325756319595	0.396830870496257	0.909195624604826	0.747403845323563	-0.163001153969609	-0.0811659545146452	-0.168462779839829	-0.204680710067294	-0.302781747753843	-0.172041296142848	-0.271391603200591	-0.066089472724815	-0.217231126703863	-0.211180278978413	-0.0179004412738458	-0.124585778978791	-0.199772716840735	-0.398042980606075	-0.417674355256741	-0.433087328527291	0.35408385793477	0.212817220470319	0.176503984638998	0.0939473515850313	-0.0712204619973102	0.14321080995348	0.0255001740721085	0.370115141212593	0.213510298391502	0.441116800624365	0.188220369058248	0.209019158960845	0.144186950851937	PE 36:2	purple
-0.0289390856259612	0.229144079730055	0.0842386102138413	0.542067318684706	0.698275388223363	0.657903239600813	0.00961491742149533	0.281526061477051	0.0922972076227916	-0.0203934160035383	-0.04768219036182	-0.179865801178356	-0.3395385266991	-0.228022950990469	-0.388004038563349	-0.356921903056416	-0.362248134380845	-0.193157444184166	-0.199996243573679	-0.00663841249257068	-0.299801064646753	-0.11233888762072	0.266844641555241	0.118232431530136	0.00565409132328139	-0.0630475970805271	-0.213479139068298	-0.0466408640214119	-0.273462906224333	0.199371253348803	-0.022701225131929	0.100944135553192	-0.130595982698238	-0.104067512896843	-0.00530177519681903	PE 36:3	purple
-0.147262165652273	-0.0523240642751985	-0.000189681884858789	0.61426023270672	0.86008235933084	0.935778018364395	-0.023653836903033	0.165497064372633	-0.0339379704455528	-0.131645381876343	-0.296238681015603	-0.349147827191995	-0.319990213735355	-0.131541543984058	-0.346773059062795	-0.353318873828124	-0.181416608999239	-0.17955323688004	-0.255735490286546	-0.202682086058708	-0.604127038503131	-0.397432202348885	0.486848838266215	0.375742877371515	-0.0160255648685415	-0.0259640761512041	-0.233928867693528	0.0929525338897821	-0.148597896441116	0.272677149553208	-0.0376125057952076	0.196520078577106	-0.0696512316893278	-0.111162166901321	-0.0536134522402652	PE 36:4	yellow
-0.104290460465072	-0.0648805562601642	0.00119056448825663	0.564455528070134	0.782471391806588	0.887103468290337	-0.019023583493895	0.211733617391619	0.00736876053713277	-0.124263395566251	-0.195707607429663	-0.190321640268533	-0.294120075623881	-0.108983422517755	-0.339099737313671	-0.314042442771781	-0.132462089598781	-0.265832512845737	-0.31044626150753	-0.153457577021795	-0.561075576322042	-0.373634274312157	0.444781891589234	0.387723032572326	-0.0593958827570891	-0.00363497322395664	-0.138631129789043	0.0875735184628375	-0.194509976721334	0.278221093943796	-0.0969234948952521	0.166129853255315	-0.102696425110458	-0.069707734488272	-0.0197807172191184	PE 38:4	yellow
-0.21470590990256	-0.0888462828498719	-0.114456821048877	0.628995077723671	0.746359943939707	0.824719723985633	-0.0106361552964474	0.181362850195554	0.0278943881715198	-0.0227118752127224	-0.12940052803092	-0.351406480585478	-0.298731408900498	0.0171889272225804	-0.258678932557368	-0.235113981167654	-0.18319438161516	-0.0925404303340863	-0.179509574983435	-0.0229333996021358	-0.527813740800646	-0.389675083961154	0.593939027863595	0.489854966915137	-0.0720228197941787	-0.0914870627799485	-0.31480869362744	0.149236346036757	-0.189192456405078	0.305199673631435	-0.0144622702670255	0.218545654874453	-0.0812762467177477	-0.0673887821652943	0.0216547148151301	PE 38:5	yellow
-0.212254822007048	-0.113186194384486	-0.0555963275093472	0.586907909619838	0.790213621877171	0.896225171133862	-0.105585077727778	0.100686781235042	0.0208394493088564	-0.0992465826402068	-0.229026507002167	-0.289090912920718	-0.250612087240074	0.0379805903276723	-0.305241326407674	-0.296533507729946	-0.113266749968207	-0.13534241589545	-0.361330215321209	-0.244441741046418	-0.56742245757792	-0.413671567338205	0.398095189127728	0.324061652081555	0.00399407679490991	-0.15959458010612	-0.287070098559704	0.0404989272563681	-0.161490209863805	0.212025303486555	-0.147432221655723	0.130256982403672	-0.120821178412886	-0.116424920724319	-0.0406991728376601	PE 38:6	yellow
-0.00987575758932115	0.106562536341387	0.00939799239321271	0.53970540066996	0.421123166475354	0.583159081939	-0.00946618646162425	0.212465052819217	0.11152635553113	-0.00828746295202953	-0.0853293604941557	-0.287494419517277	-0.0342628839032537	-0.0332323303239171	-0.253019224434271	-0.194696443884954	-0.146302972397557	-0.0674973828657623	-0.343323410030683	-0.0164061143833217	-0.297299239396125	-0.122853987098054	0.256643680988928	0.294347030428586	-0.0725262954966727	-0.0363914681196474	-0.167311415046694	-0.000700800097355022	-0.124326906280423	0.0160206067657368	-0.217944058431017	0.0258980538571079	-0.164387286224466	-0.0847236940689035	-0.10680906391603	PE 38:6 Isomer B	yellow
-0.190952231376513	-0.0872897892124472	0.0415814364806998	0.456926595999855	0.915699958014204	0.841226421712694	-0.185131665884568	-0.00731916942388488	-0.121566132633689	-0.223682085547862	-0.344304109052099	-0.187088242351686	-0.315657330961638	-0.145062017860555	-0.301118864571483	-0.333281023095668	-0.131431942721313	-0.180417688309801	-0.17037923862362	-0.420969835975433	-0.534872778975976	-0.385195114432391	0.310985664002792	0.152745410755937	0.09687059960024	0.0738129076712646	-0.0895329196318695	0.110458212606186	-0.0135834856076548	0.33337567747378	0.000212017319792784	0.28429442001176	0.0935788104901302	0.0445717826140405	-0.0421607703825959	PE O-16:1_18:1	purple
0.218140961703788	0.206487589970763	0.262478250180742	0.592958466036936	0.668114488178679	0.754952851083547	0.0535350574023736	0.352226191387318	0.109699558138655	-0.0393300330844934	-0.164020852005461	-0.264420697908391	-0.327976816185352	-0.336113787389238	-0.507469672208922	-0.402785167798886	-0.266056972974409	-0.296064048027293	-0.243331505882055	-0.108426431586821	-0.473611578456884	-0.0828417348216755	0.200930599678851	0.0274183713787644	-0.339827360935035	0.0216228432151928	-0.0136062188866028	0.023796522757957	-0.196812173667291	0.272916193892245	-0.208045549311137	-0.0751424920447863	-0.183652278492755	-0.211221515643407	-0.204075751046545	PE O-16:1_18:2	purple
-0.0471376263084585	-0.0738643705617249	0.131577610798134	0.633039848822542	0.595596764292678	0.834383545268893	-0.158102783625547	0.160134832959906	0.0673107909815613	-0.0779020668870022	-0.135981900434271	-0.362392883669874	-0.278816485403121	-0.0089262195098141	-0.373661355035775	-0.266338990780593	-0.190341808780252	-0.135403737395497	-0.336903060243304	-0.0734570546525797	-0.524225519574749	-0.285030840928875	0.351290716162331	0.299195404601477	-0.104526740614424	-0.208174805427409	-0.283857513555912	0.011594877956524	-0.185709132233153	0.122582479387985	-0.211568475560713	-0.0110373587594757	-0.247699931884892	-0.241555441582782	-0.0821969197918161	PE O-16:1_22:6	yellow
0.401824435490461	0.22658165155935	0.512196566696117	0.224284602697341	-0.104944812371294	0.027250424650656	0.00924877511772628	0.473446295609003	0.344342430868671	0.187171470160704	0.110483377128695	-0.132582511409256	-0.17110735969249	-0.470192718876477	-0.403631696751791	-0.287855299576224	-0.36178789466267	-0.0818437148441344	-0.288071219690654	0.057770256996827	0.0372545987465901	0.330414140082536	-0.175185029076573	-0.188109854983331	-0.279246845158472	0.0672276858413617	0.15089754194663	0.0114183102735094	-0.182828262695683	-0.374366717178049	-0.103390335635083	-0.291392693487525	-0.161081716986967	-0.319008945972386	-0.0463223962338788	PE O-18:1_16:0	green
0.0448623337836727	0.00103476492394064	0.0197961860454613	0.415852125066524	0.415271919537131	0.637233275347042	0.0125697359149019	0.173213678046802	0.134246363970656	-0.0635506472585302	-0.170962374895981	-0.175839988728267	-0.135735852869928	0.0287069136171264	-0.316316316921219	-0.316532329932678	-0.222073684049944	-0.145949626995438	-0.274792506519257	-0.127762160108498	-0.361554856177103	-0.130924358434987	0.239361134752054	0.220724347409419	-0.0901391715308309	-0.104354661248481	-0.171931159678064	0.0232499821173193	-0.174791378319815	0.101504598022741	-0.377276993581767	-0.0601500217981981	-0.131078050408682	-0.13030506265661	-0.107995726875956	PE O-18:1_22:6	yellow
0.0873312359652586	-0.0405379909927352	0.126994834782339	0.652012138847223	0.65988875453367	0.803919632432082	0.0484803574296793	0.188762900813256	-0.0715145563999043	-0.190992241174191	-0.293655519161796	-0.354839699942506	-0.442022492283295	-0.162591588875042	-0.458063380148587	-0.459649318335346	-0.0984369355324935	-0.214645255635996	-0.141739884916958	0.0405103964971271	-0.380357441844874	-0.185234139168585	0.43042495935949	0.308379025641188	-0.221126707332991	0.161411288296624	-0.0561712191433417	0.0907130571454147	-0.194645052886968	0.259540492160233	-0.208380082452889	0.036948232945939	-0.159490714058668	-0.182106805964288	-0.00707728863115381	PE O-38:6 Isomer A	yellow
0.0528019301363756	-0.076883446754742	0.0929937665794464	0.55272771310956	0.672393977660478	0.804583752439741	-0.0299564016480888	0.328531343468762	0.122282910695497	-0.0946595828880878	-0.36433508101862	-0.349471726249088	-0.352757974832158	-0.29741484487678	-0.449703790408449	-0.548739437937028	-0.0818928121415165	-0.240842264202204	-0.263254597980226	-0.105121281563642	-0.47926479274554	-0.173747026713785	0.530399347873048	0.380655779605084	-0.124743798440554	0.0926351002614724	-0.0688292528091251	0.0792238568918129	-0.168632043952917	0.250599596723141	0.00396512392135386	0.197422427198112	-0.122717651659422	-0.0719432837806088	0.0346678026202492	PE O-40:4	yellow
-0.0127154410840598	0.0376066948750115	0.18794398800916	0.475196075334424	0.753472935290374	0.811860405147322	-0.0718698229052963	0.155934967394135	0.00371887228648193	-0.0563843912176184	-0.226823644035707	-0.108616380791947	-0.224817894590972	-0.330283320970058	-0.351411787130973	-0.386091799998279	-0.310643631005576	-0.300672988883926	-0.191538296343099	-0.261387437814048	-0.587056524561612	-0.289503513679281	0.359488852298877	0.25621199885044	0.010898045330869	-0.0322188686825421	-0.0674632939005094	0.0882298673161486	-0.148082673331257	0.264629052647379	0.0338274100201435	0.203263826186231	-0.0555060590308508	-0.0864317900806395	-0.0422450276074879	PE O-40:5 Isomer B	yellow
0.0245093380433687	-0.0558662616913465	0.0993613177962009	0.527575162532443	0.756908660920164	0.825768278178524	0.0205278049930864	0.156042857963193	0.0336541023288175	-0.0678231427564648	-0.156027981527611	-0.257926570969691	-0.19054871710183	-0.127325514582254	-0.333966107426395	-0.321097107244476	-0.253131805929237	-0.264322149845968	-0.375375605311715	-0.0682899384058161	-0.427033766201326	-0.182685573619709	0.312267942197386	0.152349029703533	-0.0232373273356824	-0.0723253065622759	-0.111182652031801	-0.0259278491820858	-0.14722804774922	0.236708565801544	-0.138711732178347	0.0946455278529089	-0.18227568526494	-0.119334594469972	-0.179342772812481	PE O-40:6 Isomer B	yellow
-0.113484487867923	0.0578617376069307	0.119581975703069	0.338982109020467	0.825602909292844	0.690783509052727	-0.117321478326627	0.0628280883406625	-0.145244804264606	-0.250467780967365	-0.29457676746221	-0.0870705692191608	-0.348232890982072	-0.198570638796289	-0.322525962534402	-0.359921971229557	-0.131366016688405	-0.257056263463151	-0.218965094366279	-0.340666142555342	-0.329964654115408	-0.222912739850416	0.283727609863193	0.111442539355811	0.0756187476551175	0.187218687341012	0.0257943637975178	0.227428229983567	0.0053970356157126	0.33660190823002	0.0979238336269314	0.315822875921243	0.164585627973868	0.135154162416655	0.132560851133751	PE P-34:1 or PE O-34:2	purple
-0.249602995130687	-0.203658846068622	-0.0309448410559542	0.429125860705105	0.883969451399691	0.814141166810892	-0.131490719771682	-0.124762406596376	-0.141524829348444	-0.235838988795951	-0.401976934505762	-0.209725728241334	-0.205272134176139	-0.0752060048809627	-0.229496442518987	-0.267897790661992	-0.0137786176451772	-0.179368033841606	-0.17237193660324	-0.436409676380794	-0.56224111721806	-0.446426314125347	0.287485588281194	0.132546150513412	0.0460853920492413	0.0513762440824682	-0.050844104041509	0.101381984589725	-0.00447195136587574	0.342243385475127	-0.0282098005126275	0.278181305788987	0.0426395184693469	0.0212699095848086	-0.125590865004856	PE P-36:1 or PE O-36:2	purple
-0.0876366098106617	-0.0188637610590928	0.0922295473723347	0.531462992640503	0.850610599084802	0.824204779771726	-0.0695667074135384	0.0468517766662793	-0.0784888014260309	-0.208080606385165	-0.336722322559692	-0.213927613714036	-0.309453974886536	-0.189864557597238	-0.355270034791723	-0.382282845525668	-0.0598958081485406	-0.192494121202133	-0.195480678745245	-0.267356821618304	-0.440158378235505	-0.293481465024731	0.224151363098715	0.101214546649312	-0.013417936369058	0.079144421272177	-0.0614766915377514	0.0345326686738183	-0.0701746269396959	0.316117168363929	-0.0724139935238382	0.174902509322392	-0.0408943685697696	-0.0385115055404352	-0.0669834133632364	PE P-36:2 or PE O-36:3	yellow
-0.035705910176558	-0.105309151286027	0.110392102591373	0.627017953207275	0.849456842841063	0.952772560534818	-0.0382946308360469	0.0893564853981091	-0.0143924846078166	-0.193964757387554	-0.363726758661489	-0.306636347792343	-0.356259212081864	-0.198229280286708	-0.446573433307898	-0.445146579529656	-0.167476861435663	-0.252501441342371	-0.205634038872588	-0.218028322970144	-0.574061848256321	-0.294088241944918	0.40059605927506	0.266042142546775	-0.119084949345592	0.00473262201822307	-0.104130991756033	0.101210124732251	-0.147806089311157	0.319662523875199	-0.123512121533112	0.150040109579713	-0.119390127265965	-0.128376626368798	-0.134703865882312	PE P-36:4 or PE O-36:5	yellow
0.0306692344825286	-0.043230157965048	0.174284289025307	0.604686946724607	0.804192578868118	0.941866415508476	-0.0102720124980458	0.168470888266277	0.00816475023822795	-0.153920823448724	-0.267077697484907	-0.246434126769804	-0.394363910699414	-0.232715630688105	-0.530239648792538	-0.493254108892258	-0.21945562638956	-0.239976297210779	-0.198859942511212	-0.169649975152072	-0.517982583114887	-0.219190327997158	0.415487872135767	0.272528801692352	-0.200717257030286	0.0492281173301416	-0.0569920521910278	0.109740694683712	-0.170149307127799	0.346518123183861	-0.149772536411726	0.056613936830423	-0.0986723391182218	-0.141999789884111	-0.0613582026586626	PE P-38:4 or PE O-38:5	yellow
0.0333003685958562	-0.0283175815547901	0.217612074151111	0.691063428565122	0.74156236163792	0.914422911981816	0.0279235971131359	0.185717937905007	0.0428211692095683	-0.0608859384458834	-0.239119692872617	-0.278000983081775	-0.303877491834337	-0.247926016646598	-0.46539743854931	-0.38419847941916	-0.308150132838138	-0.303085478060136	-0.115395797498861	-0.10296962881739	-0.557831090813201	-0.260270490713287	0.328753606806025	0.226232785459841	-0.173732953747009	-0.0304663241507387	-0.0867985375941604	0.0079059704007798	-0.256137988618414	0.234366295856561	-0.201472272595399	0.0389021898371905	-0.20471950878363	-0.218668031732222	-0.165969157232442	PE P-38:5 or PE O-38:6	yellow
-0.0411757722589652	-0.123340453779973	0.056227161584697	0.515755977468485	0.846905675601391	0.924509806104563	0.0483166976883702	0.130834046822546	-0.0339616944506256	-0.210162781108268	-0.367867658094222	-0.226054017319827	-0.262469049923512	-0.221535045288699	-0.369541839536956	-0.455230694705852	-0.202673802099147	-0.282053764986352	-0.273410369977437	-0.28891144966787	-0.577850945119144	-0.316350249175241	0.385170542556194	0.305620169452762	-0.00814963165099408	0.0557534542146898	-0.0726649180639728	0.0873985086051309	-0.164699207171819	0.255273290257852	-0.0747240828784967	0.170331243819801	-0.105142024551657	-0.141556782663316	-0.127647624653368	PE P-40:4 or PE O-40:5 Isomer A	yellow
-0.104499208800915	-0.154442642821676	0.0340126886100684	0.628041198911857	0.692192380286325	0.869472279065798	-0.120636623837752	0.0716228980506519	0.0150080087615766	-0.130501007900613	-0.207246651066738	-0.371544414399972	-0.186310615131885	0.0239898594329708	-0.33486879563085	-0.280989269981864	-0.134114557199275	-0.127388686762231	-0.296298056291248	-0.16835070523038	-0.525187475741052	-0.320610900102097	0.313025156478648	0.205530778112349	-0.112404067693649	-0.199536807660873	-0.234295857566262	0.053013133618439	-0.120143962087041	0.207447736719886	-0.219491217960176	0.0336357602617019	-0.186178087362551	-0.149191796910485	-0.138202954257842	PE-O 18:1_22:6	yellow
0.710630435775585	0.708947927072885	0.565415599367263	0.443789293260307	-0.0813135262353103	-0.0357281350423189	0.184416593452845	0.44958782477405	0.03798390874575	0.0628014158174075	0.166230084942374	0.0793142315803827	-0.320185439283946	-0.476510593641787	-0.491177384249869	-0.348720775789351	-0.471164689344898	-0.226605221601124	0.134125959417249	0.352802418902036	0.181236222081255	0.594321058607449	-0.301899836144955	-0.356489656828139	-0.377891554003165	0.254879414664521	0.253478113880825	-0.0535006621209281	-0.227474340090966	-0.185312269440679	-0.125593670728778	-0.29042444744838	-0.0631347768439132	-0.16117982903182	-0.113366790071494	PEtOH 16:0_16:0	darkred
0.598815342466215	0.584242403594175	0.754932934234488	0.274654488547623	-0.02537256712364	0.0382079831742212	-0.0363466011443961	0.336624062548382	0.0795441132802638	0.115073225349574	0.11944881582471	0.0735804959427961	-0.357523550498198	-0.576720621261515	-0.548168941468119	-0.399619722270895	-0.552558917619944	-0.392925036481876	0.101988765517934	0.137698685301367	-0.00551157023471889	0.410146086294826	-0.259354955199779	-0.279097783581135	-0.195074765341846	0.266452239454346	0.39831485762327	0.100361560790947	-0.0714695863437951	-0.0873665772890651	-0.00573532674573077	-0.162308677803773	0.029266697131211	-0.124369288491049	-0.0555778460881592	PEtOH 16:0_16:1	green
0.700068657634626	0.825289262895557	0.660309443528302	0.270319369980658	0.0473174479700986	0.0514189097489911	0.0132515498454736	0.373917948312174	0.169270535216753	0.0289640198651388	0.0294036758243415	0.108340680216137	-0.328652119409651	-0.534851788138562	-0.544682706305173	-0.468472936312165	-0.531639905540402	-0.370769326082447	-0.0242370443215219	-0.00844652770082455	0.0327678409966415	0.524093220953617	-0.413821552578839	-0.470901712708623	-0.224138829968251	0.238124559423386	0.265467865342635	-0.126465706999177	-0.163259672339328	-0.140713762647043	-0.206939987758475	-0.311494049277697	0.0364704723700077	-0.151009734381947	-0.153308288962807	PEtOH 16:0_18:1	darkred
0.340739810555382	0.689017250280316	0.361409728168174	0.16179991294123	0.0395890245030246	0.0116047923692043	-0.190850933391382	0.313309364278084	0.12042326571947	0.116074288246393	0.246744028730895	0.239452222169463	-0.174541359067045	-0.377865788155773	-0.321016199403807	-0.194062327123267	-0.431136236316241	-0.230952843605535	-0.0158136461528855	-0.0690951279308283	-0.0793903253276919	0.21479688279157	-0.218138797160237	-0.202684539518985	-0.0135852717570747	0.0671300100423237	0.0827645753995504	-0.177315073423201	-0.137540321039967	-0.155529832263031	0.0115219075737057	-0.099785060997592	0.0370391151223556	0.0117359424316391	0.0126733193147243	PEtOH 16:0_20:4	darkred
0.558770693687197	0.610985108830298	0.760253417716316	0.155499985768919	0.01008096809071	-0.0211805678627962	-0.183118794701871	0.138005333073725	-0.247389241875191	-0.149934930257072	-0.0891970899815894	0.179357006846074	-0.517036153674303	-0.657925393403451	-0.554877279620075	-0.357691006935854	-0.341518229340986	-0.417414477450221	0.171634738754629	-0.0092834319218407	0.115263973640841	0.45986031319524	-0.17838261561188	-0.29101152549697	0.0201790918077076	0.422543127198766	0.550918416128844	0.270297545306468	0.169134081854926	0.134440881702531	0.312707004843667	0.154815924258376	0.253837287087942	0.109826094424294	0.240443217558613	PEtOH 16:1_16:1	green
0.715056543488105	0.883879310745419	0.584576063712522	0.36136545088562	-0.0129264783839731	0.0205701937446657	0.162814894694878	0.467556989162431	0.238510990484072	0.168285339606776	0.124996225325915	0.0666863500936603	-0.298317053224774	-0.494924298163999	-0.471998909738415	-0.396891276804727	-0.525440279687982	-0.296436642477411	0.0448015591876609	0.140417302411004	-0.0406914632460029	0.447817375751639	-0.372239959669993	-0.39338581028486	-0.36681157076016	0.179066429957705	0.171643251180422	-0.195193039567763	-0.268797722937418	-0.191353822558003	-0.237546795503125	-0.366844973959191	-0.0665637045981994	-0.230179669690863	-0.195070268398642	PEtOH 16:1_18:1	darkred
0.502311352543182	0.925282378924188	0.459746567114421	0.262647835758027	0.0625888679285597	0.0274543464241724	0.170346246531842	0.349514335133178	0.0315311770686758	0.0706885244239285	0.144596538238939	0.126182741994365	-0.285384892267927	-0.418282630079141	-0.359097063004966	-0.237640316976552	-0.432032310098349	-0.23265273655711	-0.0145567184668681	0.164057617979953	0.0161549981364778	0.284745652904493	-0.285592667762337	-0.2994589167664	-0.161985298274344	0.225972056938583	0.17835574361528	-0.0980693964877748	-0.175467899722963	-0.0910115042612278	-0.0542692548445221	-0.177272947940347	0.0348587095846019	-0.0933809779597852	-0.0270238357623649	PEtOH 18:1_18:1	darkred
0.633492771178604	0.827738765111344	0.542996519777225	0.173231743233152	-0.0349162051829573	-0.00857190043433712	0.0689817871952959	0.372902057199256	0.0172426479966323	0.0443083589132597	0.0531192216664918	0.118172398540834	-0.325407481898058	-0.55819268592326	-0.449505502263567	-0.324517285096789	-0.383717594409221	-0.238601061946458	-0.0380372607742035	0.0662023724233904	-0.0172422216058555	0.424611931868025	-0.223676680861621	-0.209607471910882	-0.20771845530395	0.211744589236026	0.207233889504007	-0.0150701909449132	-0.032299979895209	-0.0318053592267095	-0.0391874893758667	-0.166076534304548	0.0468538117981795	-0.101724651824791	-0.0442306434886905	PEtOH 18:1_20:4	darkred
0.647264163448549	0.864214614367559	0.642786232595599	0.190945790916677	0.108442074499049	0.114261091050505	-0.000727631941244628	0.25818326538073	0.0532376132919491	0.045991859845778	0.0474173212532979	0.18194710452149	-0.341550204179252	-0.517404637994766	-0.49570490835213	-0.419150666584361	-0.524725457174915	-0.376619454638839	-0.06606195846575	-0.0170893431172183	-0.00320982498312646	0.387231759592499	-0.334600018921866	-0.303170769963217	-0.169309689415333	0.344370625404107	0.325370106693967	-0.0785374549230417	-0.142933913750129	-0.109009615544713	-0.193897649980399	-0.235787101723441	0.0955862564891462	-0.0620959753703571	-0.0649676154796139	PEtOH 36:1	darkred
0.0368937162964202	-0.000182308783796502	-0.268158550591708	0.208086067620213	-0.0355569408757815	-0.0461383110597172	0.317224040431355	0.250602440572545	0.205795599398649	0.0727276023353606	-0.0410312257264775	-0.259308402851677	0.0558861276101207	0.0787879065801756	0.0503297852674054	-0.0273409316265277	0.130485204119991	0.346836553975864	0.00406928828234754	0.27949394209605	0.162632710704405	0.0920819715418515	0.0126388333440805	-0.0946258894058452	-0.0701454933545385	-0.0847073072319727	-0.264330197751121	-0.0827412034619587	-0.132788924659522	-0.157370605454117	-0.167807717306843	-0.0599708899268397	-0.229988281519577	-0.0836698315953375	-0.208351833631408	PFAP-FT_diPAP	grey
0.690810323601037	0.534690834635455	0.872322557159281	0.0128534966362518	-0.0772549267831026	-0.0651690075384163	-0.14519217819179	0.211431590632718	-0.0863212030103323	-0.0939708670326232	-0.0536984168163828	0.340273581959378	-0.309144948830203	-0.69783585522923	-0.599731752675351	-0.409000345315811	-0.466994209126794	-0.477579266377281	0.134286435444668	-0.239593745787837	0.174423701906372	0.641085579973272	-0.470432948791471	-0.531137576802853	-0.0301798405595534	0.39000347426551	0.616611037646283	0.0394699142237366	0.0000925279518807007	-0.0748714906637374	0.0504362453165476	-0.175744736607902	0.212060472425521	0.0171798013781315	0.112152462399959	PGE2	green
0.106975857485308	0.0611363352305656	0.195940564465694	0.643209234932957	0.786199053507406	0.904643181762087	0.039322293020916	0.231820898723793	-0.0211159051710542	-0.209970357679391	-0.253718985626065	-0.210361108998825	-0.393726528384221	-0.211810119534713	-0.494034905427224	-0.529320387263363	-0.206767755047763	-0.313756120027818	-0.215902260573305	-0.0863650842093392	-0.442872527668546	-0.14836155390026	0.373759000936038	0.252960881201229	-0.197673728653668	0.0896642734025926	-0.0387309010485414	0.0648088680052112	-0.173524771693083	0.29069662761274	-0.115910869018285	0.0717091001028657	-0.0616839107098466	-0.0918422387857375	-0.0328835520432022	Phosphatidylethanolamine alkenyl 16:0-20:4	yellow
0.0174392439080217	0.0979946026213081	0.244303549074492	0.438357289047225	0.740380384072637	0.703626726838862	-0.215154730571703	0.1085414379509	-0.105185282739431	-0.194116831849415	-0.179720169385678	-0.0350249747698717	-0.445365417745588	-0.256932295864031	-0.439917425393771	-0.416509661173713	-0.163940035172784	-0.355247344860231	-0.111866731821783	-0.292226091824909	-0.412531397051405	-0.111626164091106	0.343236980291614	0.165878306455214	-0.0471977223920271	0.159191705586893	0.0764785962926861	0.101730323515604	-0.02189675556142	0.450049891808505	0.17446745303719	0.318159963466441	0.110837879738264	0.0942039036970547	0.201861379651985	Phosphatidylethanolamine alkenyl 18:0-18:2	purple
-0.385876745861539	-0.147760237042986	-0.0967873124122754	-0.276979697215848	0.300871303691916	0.129199420147924	-0.463548655924449	-0.484007099580311	-0.345639323483409	-0.247203395882412	-0.10066631838641	0.0376720490252375	0.00761140492458289	0.064321695615316	0.0877086178101257	0.161387098599082	0.0336396565517521	-0.0457455504091539	-0.244831882000459	-0.470276754372061	-0.173845312260496	-0.261798910329142	0.229025576825546	0.140192310236223	0.502562522748091	0.0621704575127649	0.124335363299487	0.323361351980053	0.417375920368013	0.366135271002063	0.354105752771749	0.498542770115661	0.383762593007346	0.342327386091537	0.267281578981656	PI 16:0_16:0	salmon
-0.42117258940453	-0.411424119282151	-0.531030692070607	0.21068484865053	0.158535438692286	0.277036331759747	0.183384742136677	0.0130192136047516	0.108540793034722	0.0635861806162074	-0.0263351481965552	-0.367396782603626	-0.026424041134001	0.300719645499281	0.147625390814768	0.0440038365961177	0.268257913698322	0.313905804770256	0.0125243629184207	0.283996972307149	-0.139324165841806	-0.324731084088886	0.722998329544768	0.770010004533562	-0.0794147196939814	-0.204340470680729	-0.446369292511158	0.169790178950004	-0.0274834046678369	0.171805748519138	0.0410962296551719	0.278169130765681	-0.139944959268791	0.0288573929915949	0.167858234297643	PI 18:0_20:4	turquoise
-0.301906672940811	-0.169297735755748	-0.122033496390517	-0.358204424657272	-0.105080117478814	-0.327818311530256	-0.308148906102314	-0.327684366323288	-0.431628644688481	-0.340080585668637	-0.0820464659264839	0.220513150939642	-0.0498744072221545	0.168050496795585	0.134329629269347	0.210126293714789	0.452835576069676	0.0854736312444398	0.148219451551776	-0.195230965150728	0.311901026225635	0.0582690070855946	-0.0326654261032853	-0.0746269945370483	0.373129193245574	0.32122564158892	0.283813257613329	0.149754390806438	0.367102563585194	0.204752379943029	0.574365937346847	0.413851493761609	0.424559696685853	0.453410302744327	0.568978524035751	PI 32:1	grey
-0.164210479909586	-0.1420547211518	0.00654602276743979	0.586264530128921	0.580300176707703	0.63377483648205	-0.113646406220686	-0.092854818730926	-0.114916444468656	-0.153057089745479	-0.388016003774401	-0.397606021891319	-0.261854671852407	0.00734177817401917	-0.310075210534773	-0.201744934000157	-0.00534486654542092	0.0637265410125255	-0.156260852891545	-0.112516072982731	-0.299293852954596	-0.188879529371682	0.329153120717709	0.160525513217464	0.0329084108672528	-0.0175402845748836	-0.0591719086987533	0.211293112741203	0.0455225785539777	0.199664299759142	0.0505757332641097	0.277697574672336	0.00466825268743115	0.0439300377008486	0.0328843651249164	PI 34:1 Isomer A	grey
-0.576706053322887	-0.390328593346159	-0.426063805605436	-0.111070522623328	0.197685874532873	0.00186097948886999	-0.268253576563291	-0.301119548549388	-0.293627359135832	-0.189143471464889	-0.10491503173435	-0.0702563512103307	-0.0434031792557523	0.309925555942788	0.254598750718505	0.298022915244911	0.350629684664589	0.39686350855414	0.083954562419526	-0.134341061510116	0.210468798892105	-0.199150301227174	0.264548231123728	0.187160456245021	0.428788186606469	0.0709115928816867	-0.124678629939719	0.346710305322471	0.31144149924771	0.278761296883884	0.468116242678633	0.512014109661702	0.382970768838646	0.453235221372945	0.420840072308487	PI 34:2	grey
-0.476996280793859	-0.228801686077656	-0.321187341240468	-0.0258885272541319	0.234633483409252	0.0171077102118163	-0.200618931467377	-0.099575607692532	-0.127040283233196	-0.066261115791201	-0.0574080311746755	0.080187806550934	-0.0854064451561089	0.221798498524996	0.0907849585889221	0.0420746444605056	0.340865400914635	0.434885701201458	-0.0414031821385185	-0.107364386371318	0.111195088379092	-0.17399512979749	0.271283819951556	0.226949602497753	0.309886987321813	0.0337444416050774	-0.168165228112195	0.225798711836969	0.244411265294343	0.309845797845993	0.536326651553134	0.514395762094161	0.359226411209811	0.405879882666736	0.516134455204549	PI 34:2 Isomer B	grey
-0.496714553654842	-0.34870094607285	-0.34933693209206	-0.312643940170156	-0.117060896962177	-0.231516815579496	-0.158989061561635	-0.387647361157069	-0.173736524738576	-0.122956756935932	-0.0746387905275363	0.0219517423506263	0.211023322332505	0.370605379330496	0.248295268329847	0.254866771937435	0.37679336361292	0.413650154950407	0.220172984895494	0.0031016220446974	0.347697448889814	-0.0508098448233919	0.119093676510963	0.104501779516812	0.335594240505483	-0.129495490794028	-0.160884548525581	0.117215360125346	0.265096770364634	0.281301933134463	0.366520937886505	0.379736045354583	0.225383994736801	0.416062054291966	0.414821811922091	PI 36:1 Isomer A	grey
-0.258002419947828	-0.227770139969598	-0.276766213381944	0.277525111947835	0.235287472025678	0.282143262816111	-0.0883377147432397	0.00693358587281826	-0.00116935296997309	-0.0296517861907016	0.1031782496635	-0.18804323099361	-0.0720904366630953	0.191773901489807	0.0503142043450373	0.0670061857045087	0.0951044910069867	0.137440215726867	-0.116137430894284	0.123343496569879	-0.0282794938690301	-0.167299637412628	0.496033302536976	0.540491323141816	0.0244963200446977	0.021113700696279	-0.169733957178803	0.230250325769538	0.0652542177492018	0.106804941072733	0.114566192650843	0.324776757358335	0.0101551255617035	0.169107748159729	0.221977280804316	PI 36:4	turquoise
-0.424629187889914	-0.179525641304984	-0.423127538933666	0.217519449158603	0.32309356785784	0.256368920779707	-0.148264539372312	-0.0988788729349809	-0.0873254944461622	-0.0680827735301073	-0.183089104020868	-0.426855733688859	-0.16111739709761	0.237492968565876	0.102919684239153	-0.054534256000288	0.340752548243022	0.286678019249803	-0.134810617001789	0.165382302040872	-0.0424594582319271	-0.314962134194119	0.568757007153313	0.495167072692775	0.18187179184142	-0.145174513081935	-0.395232004703353	0.113209990318223	0.0669632557030051	0.261216494497845	0.232381376589547	0.407753685218629	-0.0209807369707071	0.16607741702293	0.299459610760058	PI 38:3	grey
-0.3877200257064	-0.371647002287309	-0.506059597385169	0.272214591345374	0.170801598529258	0.275833750143673	0.115159981788333	-0.067466506072225	0.00419212186855213	0.0164493345343599	-0.0410183585942479	-0.386354787630899	-0.109456067820261	0.293030992366377	0.127598918772538	0.0480682376042387	0.32889917138865	0.266047667725008	0.0130557054600426	0.313081023331511	-0.15634009907494	-0.363281974075413	0.718149259229349	0.771226964815443	-0.079604088321812	-0.133776270651716	-0.383294960674519	0.203792891958661	0.00217133111245195	0.25243461959818	0.0994192747940029	0.334423071141254	-0.11636778522161	0.0871434377002406	0.188586226651376	PI 38:4	turquoise
-0.123519849249356	-0.253812952266287	0.0857196180021413	-0.233778960192873	0.1861073567571	0.126993496559186	-0.462742572454484	-0.28668189444255	-0.24687756171406	-0.349990967214787	0.0260312160315233	0.194668200401529	-0.0338730179016686	0.012772900067764	0.0378041161444776	0.163415384939079	0.0193736419144611	-0.280097875230129	0.00255939065596833	-0.643969788029439	-0.191862490239866	-0.169039280049113	-0.230050654476384	-0.167095000584948	0.110890253613499	0.193536565681341	0.277466129764862	-0.0040037723487798	0.162601249093151	0.0647298831724391	-0.0630186808502554	0.0404998864227694	0.203184572029823	0.170471073163129	-0.0352938759588917	PMeOH 16:0_18:1	grey
0.083134089408694	-0.0594180918770635	0.0903652347805765	0.756639832897574	0.656324412292262	0.811783945122626	0.13805728585482	0.269163430734694	0.0845021097380634	0.0382179056341624	-0.144068887453178	-0.33112908612113	-0.342471300791139	-0.203429290861332	-0.388913793331715	-0.372723339705659	-0.262080287568592	-0.194330752469344	-0.0809421461607145	0.0342322948225121	-0.594949087754021	-0.257848054610356	0.467265719960056	0.35900214331496	-0.336712165714608	0.0065207768098165	-0.14305055946406	0.0136442715943571	-0.340893372105448	0.132437416787068	-0.113162188575061	0.0696221781858795	-0.265391477853846	-0.274738673548142	-0.151660902094361	PS 16:0_22:4	skyblue
0.0178681537759228	-0.0718888961243087	0.00749309648180664	0.730258729040163	0.506837297430194	0.682987223121816	-0.046612319681351	0.174305641837239	-0.076014161128527	-0.220567082624452	-0.294338974913309	-0.453516063087045	-0.404662287116864	0.0535341707311808	-0.35733277826034	-0.334289426181955	-0.0446573424133499	0.0292112493538423	-0.0765950363266622	0.107491306400714	-0.300649248452786	-0.156256267499247	0.42075626126883	0.282757690640096	-0.161404845099348	-0.110750883387591	-0.230620235892224	0.195082043380229	-0.0924855510551726	0.217807120944384	-0.17902774278841	0.0499448835177507	-0.109496306793797	-0.131861226493094	-0.0250043449085641	PS 18:0_22:6	skyblue
-0.247294705912924	-0.0776970950864413	-0.0617647580560761	0.43601713464194	0.655047990384154	0.570441368330101	-0.0345768668608333	0.0503399864106841	-0.2408103320582	-0.302745554455745	-0.4204261771199	-0.212085982161381	-0.387512869359073	-0.0683615451356967	-0.222779602490092	-0.242166537617888	0.098998288218266	0.059262407954611	-0.0509200037249075	-0.14652622711209	-0.218252980586802	-0.269160272245612	0.405936098922002	0.231315289291206	0.218252494291442	0.120462240511553	0.0288662489915378	0.438111135748292	0.207642212988632	0.382735967911291	0.412248211461447	0.594306735323992	0.266488127171787	0.298050728206143	0.312612463673699	PS 36:1	purple
-0.00312921499667398	0.0272865904807013	0.0593594905311559	0.587128432332056	0.577234261661347	0.604292646583671	-0.043775436475665	0.206899617446086	-0.00628960693446112	-0.103158587688477	0.0798020193888451	-0.203323333107684	-0.333252548814352	-0.0345919017739331	-0.296349515612635	-0.158196136762854	-0.208700962963209	-0.163610847800055	-0.193865145279049	-0.100172824603832	-0.392719069119871	-0.167514801084232	0.252726990941771	0.152837620710325	-0.247898166710531	0.0553700591735033	-0.150392979225541	-0.0519592461102974	-0.281783940571937	0.119629493349936	-0.149513638020881	0.0196545787369502	-0.176367506044464	-0.211776837998787	-0.1049526231103	PS 36:2	grey
-0.0430305956922417	0.0162599029550946	0.0184318392921613	0.732114323788354	0.7297560293164	0.705852508446205	-0.00033243974885257	0.233737807061742	0.052957523724043	0.0177430488963387	-0.111366057228004	-0.428246414396717	-0.352466219004123	-0.155846734624869	-0.364517190553	-0.283442486660226	-0.197987826712617	-0.12686929853448	-0.105867084939606	0.00187311478951169	-0.435466097738723	-0.221547799087332	0.393667097746594	0.147941265850673	-0.228406092203371	-0.0726038994738537	-0.26103957428041	-0.0507632157958594	-0.260033111297811	0.223985726836873	-0.0966580430919933	0.0996830396585655	-0.212404611049331	-0.180304636438106	-0.150191919995813	PS 38:3	purple
0.142347792119839	-0.0329062860748608	0.0821502845075706	0.555912556049128	0.461238073700138	0.662654235752491	0.199879667918617	0.326413600883257	0.288325117287737	0.174072152354019	-0.0530690315964912	-0.265164271554655	-0.136407630489646	-0.149551985934085	-0.278730390430052	-0.420548873967701	-0.336749902997898	-0.178868452797559	-0.190101316451229	0.129872335398424	-0.446786872237058	-0.191372053630272	0.360374718566882	0.404480437228927	-0.209514081088903	-0.133413247423994	-0.241156961656329	-0.085870989173205	-0.406863288542047	-0.027759647547254	-0.23518601635859	-0.0265861620677144	-0.390766106146645	-0.315907742339801	-0.204244890334689	PS 40:4	yellow
0.107802659775825	0.433281422555135	0.306710185699363	0.0944530245949529	-0.0571971913552844	-0.0751218849255622	-0.201335435800331	0.184118028322121	-0.145723961868144	0.00873096341427156	0.165552283905456	-0.00372787209559024	-0.258734649113605	-0.167597778588878	-0.289327334747453	-0.139355055913497	-0.186711157486391	0.028799535953756	-0.0931114940539815	0.0475146321351248	0.0629827261054487	0.179592547468179	0.0781092346367944	-0.0860458763424852	-0.00298937526480575	0.0369097779109509	0.12362788660251	0.309513528829963	0.281372997998782	0.25145764135622	0.290594787933186	0.171917458411637	0.273404890499767	0.149731884601909	0.429190159584338	SHexCer 34:1;3O	grey
0.0843308054781136	0.25955295301118	0.28187956485213	0.113314173025127	0.0166668787487287	0.0268690769062448	-0.0771737953532056	0.296500646003288	0.21036507977593	0.153594932678705	0.278011593830109	0.0107822724370349	-0.151837526259988	-0.182659242056907	-0.299108043651343	-0.0585255591301193	-0.196798305697635	0.0821405738808262	-0.176212578846984	-0.0526764352153816	0.0512389856165126	0.160615538185334	-0.0463968654030107	-0.200039218682107	-0.293811817288307	0.0265768313790869	0.065084303157374	0.242253311573901	0.0264775734212446	0.113936886350687	0.0356619669426426	0.0389997615768285	0.161589657523106	0.0816378395850147	0.26619539686069	SHexCer d34:1	grey
-0.31581417249569	-0.292037351056797	-0.426439271900984	-0.388209215139605	-0.161664460782606	-0.170568345065787	0.0733518457608133	-0.243088061503347	-0.200361520433087	-0.190827824346025	-0.086384981268038	0.0364645784428749	0.0191757681127652	0.38024809264359	0.430105099001896	0.2134883424331	0.399686489150715	0.237032109318217	0.0958612565691018	0.136301031735077	0.0923239374647592	-0.284320391429674	0.442935713291034	0.697940085791911	0.136156689445533	0.118018269891866	-0.0941947993121334	0.297805871747751	0.309096734241814	0.270147595191573	0.185910026598419	0.289845829308251	0.19410605715757	0.229024322580094	0.270753646517619	SM 12:1;2O/32:8	turquoise
0.0720171473770144	0.0344321451495358	0.19547931281861	0.0633267100516582	-0.0169374430826828	-0.0768816565971758	-0.155918286423596	0.212327977539223	-0.256612805704205	-0.157240744415268	-0.0499587054809098	0.0176904760908195	-0.168956947748221	-0.181220978271694	-0.178751727488391	-0.0976811630858599	-0.048876399064116	-0.00695003234286551	0.250445540087278	-0.0366062895237815	0.144336514723188	0.185105386715313	-0.0125787381911296	-0.205064692401151	0.112766978957705	0.0317325084739445	0.158398679504375	0.243053400224583	0.229730619019732	0.145098038429377	0.379135792523829	0.18478523669253	0.111939400068715	0.0444705654180225	0.284057525963437	SM 16:1;2O/16:0	grey
-0.308832646187317	-0.111745004834296	-0.0907201094078482	-0.266305626870205	-0.142876429877885	-0.224427938640704	-0.33937733282445	-0.394853414333994	-0.274000823443491	-0.26635984493434	-0.34579272777346	-0.301830876692795	-0.0892049890253639	0.0887897143032619	0.131938596947906	0.103763550107399	0.33488215681651	0.239660831040855	0.223644545366643	-0.00751880289499678	0.23909104068609	-0.0410630569946257	0.210124828282515	0.146130147813469	0.4558250702408	-0.137217123806155	0.0971640801162337	0.495649901388046	0.819614804090245	0.396753012047856	0.52776039160198	0.439145534330369	0.397835069428523	0.401193756304492	0.368712033105491	SM 18:0;2O/21:0	red
0.17113556769162	0.299035076225363	0.310351830955529	0.0208568318643707	0.15649468109782	0.149258268994712	-0.0648584978026601	0.233847057045965	-0.235102683897158	-0.358968924759529	-0.185379546927032	0.123830391396008	-0.543528008002904	-0.252513857235282	-0.370925159167101	-0.386443599152107	-0.0292345884183544	-0.163778605749754	0.132236213012148	-0.109168343069977	0.173632646473106	0.209351207349716	0.278880604738603	0.18764959639002	0.114091177706049	0.374113202223419	0.268481959315327	0.351286357932523	0.21374702202151	0.384991021799841	0.325956859513325	0.262346629055669	0.348362556996507	0.27890631320688	0.528398826554171	SM 20:0;2O/22:3	grey
-0.0640204835293518	0.106686427018914	-0.0322893248296673	-0.0990998184530301	0.123799077917039	-0.0680010196718967	-0.0713929005536568	-0.0115768296562487	-0.331763095549522	-0.490575394354712	-0.367095619640296	0.0346788614475331	-0.459938699097089	-0.0912657497616575	-0.10745443394551	-0.161162117042083	0.281231789373364	0.112105162652756	0.337035743476852	-0.122794054625537	0.374244142338555	0.177937823651855	0.143804012450031	0.101434101421626	0.240214537212802	0.612488852637551	0.271548460422624	0.518033549155735	0.419675047223866	0.414875225710453	0.474644212663995	0.499155042181003	0.744219849268213	0.639659906440487	0.49886752731914	SM 20:3;2O/24:0	brown
0.0609534755404552	0.281527207122545	0.214718578732599	0.160331949715031	0.038973705567919	0.0177627713180016	-0.0112471254713022	0.323687929995227	-0.0754767798415818	-0.0860384053538324	-0.121491116590763	-0.0359017167924662	-0.491257543443125	-0.323381834526388	-0.516415755205867	-0.367668165217492	0.0500119846941726	0.0868350978751311	0.192900128218415	0.0669424653202335	0.278719851350745	0.352515936354148	0.315413703042213	0.0177087038888502	-0.0441271371181009	0.240650589728541	0.177556827172383	0.515179621089659	0.244658523439391	0.392006413843192	0.465744735750904	0.379866011668452	0.396261355983919	0.365755043248501	0.7106497068096	SM 22:1;2O/12:0	grey
-0.185281054879788	0.0917606999224265	0.0749834024869782	-0.274734830908833	0.136334707993345	-0.109917430014976	-0.350560433022796	-0.285349031820255	-0.462757418188271	-0.519059096537572	-0.488608414746897	0.0725466183032107	-0.415021890308692	-0.143725264290426	-0.0873809027611369	-0.14520997753606	0.285791297887337	0.09033689645555	0.272887431112618	-0.279984726887824	0.35742216884214	0.0912304731201656	0.199284967533759	0.124910975792078	0.504659540351985	0.573792883307754	0.373562944122082	0.645699735910069	0.626201920422961	0.477800553170803	0.620662319191274	0.680204361945844	0.839841557297362	0.755151920480563	0.60992466709142	SM 24:1	brown
-0.211650956224212	0.0305609439850021	-0.0986343267648367	-0.0276290751404022	0.232577449853682	0.124266423415604	-0.158266718502251	-0.025317965274402	-0.352197517232678	-0.512867688363359	-0.400654625640661	-0.31959281930837	-0.551417475998195	-0.0161019141682769	-0.119223641232082	-0.219082164799996	0.314832184162102	0.209654970944112	0.0881540549466395	-0.0143395161841397	0.180602322245567	-0.0561251356024775	0.617572618697669	0.420637141112678	0.261671353846985	0.32466530073419	0.127038885612438	0.753869764132309	0.638265598770336	0.552019510754577	0.52753494767924	0.55106018747697	0.555807337817701	0.475084156770168	0.575765891748253	SM 25:2;2O/15:1	greenyellow
-0.128393472847066	0.123450518284913	0.221523342662726	-0.0172475667297502	0.0801901729344628	0.0292661797280316	-0.251286085143182	0.115962211222675	-0.0739949334604205	0.00860619705716758	0.0407393190148648	0.0394728440511558	-0.223974347003911	-0.272652820585491	-0.28884668791276	-0.102673235597044	-0.0523830013247016	0.177626733580169	0.110294796929603	-0.0557361635297075	0.124775631288335	0.142962757501488	0.286456796322581	0.154459173970303	0.187040517418515	0.0399325253487621	0.0448057178200169	0.446622596350934	0.373473477656515	0.45653668598084	0.555699681335803	0.398776602264861	0.481333640648926	0.424647498983232	0.635791101729825	SM 26:0;2O/18:1	grey
-0.317047189269431	-0.00720257707428023	-0.33252835624079	-0.15360852838798	0.0688292616331538	-0.0233184811927273	-0.0800291083141374	-0.0371547999056068	-0.354109267301523	-0.341429969885465	-0.155726512719351	0.0484067470356554	-0.0987213039154677	0.12316795280613	0.216502953455273	0.148118750069342	0.358640735770417	0.22461178392323	0.192404356411233	0.0331281837021625	0.150436643017163	-0.153165948822073	0.413069034319163	0.360683497413463	0.304557054613371	0.206939589004014	-0.10319155630118	0.231287563046199	0.171487328949404	0.409077094729661	0.454119031994436	0.503748160682876	0.34054312592194	0.392457384444403	0.532173706180639	SM 30:2;2O (FA 14:0)	grey
-0.0993383066592481	0.153990532297071	0.266411333773437	-0.0807682133893361	0.117283997896006	-0.0538338141889557	-0.339643621609056	0.0089640257307798	-0.379667995175863	-0.325823116140867	-0.126918704123702	0.166399554603163	-0.297256271685148	-0.13411201194404	-0.227777101395839	-0.0748189082518538	0.0530714263930114	0.0403688597464568	0.0358745450380084	-0.270352756366023	0.182127064590638	0.17319133958463	0.00986298116876716	-0.266536297657675	0.343331276645467	0.154704962238376	0.261471398058924	0.35336541886269	0.469624038321777	0.298689028360147	0.652107977393407	0.399356877954956	0.504745316132403	0.312681152931819	0.504208129770083	SM 32:0;3O	orange
0.148009888183111	0.278738312853805	0.39262302637462	0.106189822002549	0.149005534424065	-0.0511559160642781	-0.183162701933866	0.118149466283525	-0.17853041182611	-0.131600338809192	-0.022327887328791	0.101611406544613	-0.362102357686558	-0.419894642668792	-0.451386693829439	-0.158925620639623	-0.0126693724703681	-0.00952661498893615	0.305007022533211	-0.142756562328388	0.347412646419012	0.444320175657769	-0.0610578806641827	-0.361006104914937	-0.151008938893366	0.348676521614848	0.238584430835575	0.339773917273666	0.217873313137442	0.43764774918281	0.294445273714416	0.283916372917792	0.510194537030182	0.487371250234854	0.361185257866998	SM 34:0;3O	brown
-0.25871008767383	-0.0273111270739399	0.0247969603917702	-0.410593279608577	-0.165243281838163	-0.358244603169538	-0.352156954712599	-0.25512685325014	-0.437796791554671	-0.431094120950571	-0.245413724343118	0.0854059547752809	-0.223030334378098	0.0307367940840494	-0.0158980134221153	0.0450879361405398	0.346150889020584	0.26683198491702	0.158793767561563	-0.17607645094794	0.550122131506414	0.203950590955525	0.0871497835756402	-0.115082087719294	0.464955166491647	0.283363020485245	0.264246764611375	0.615563773668458	0.618922814613135	0.387705318483633	0.621397349016108	0.522839905127421	0.709745529889447	0.638319690765207	0.733129797910339	SM 34:2;3O	grey
0.00345212189891406	0.0706344307932542	0.242252591707782	0.0601832968101004	-0.0407586121368393	0.00740620896964778	0.0970985662383148	0.21885719656726	-0.0239169731483116	-0.0633075478243273	-0.289126233235393	-0.182945380931743	-0.28930655808647	-0.322269117615088	-0.343608647960605	-0.245764135789136	-0.0550609976149647	0.0955045589514346	0.249260384380206	0.0761280400004816	0.213488950583672	0.219498356696654	0.251378879665472	0.0518773479023491	0.0846801694253169	-0.0254506846266818	0.116533689602667	0.655298250991787	0.270187558218673	0.345426056795256	0.379038079702926	0.343111306864355	0.318922860017289	0.289745944238949	0.478748271652972	SM 35:1;2O	grey
-0.263470339117927	-0.231580871428442	-0.21302686816091	0.401006123651836	0.424463341131246	0.522371256850827	0.0872075453573089	0.00813656915603521	-0.177873607295771	-0.119823752828209	-0.298520880460973	-0.460111331340976	-0.321484333789914	0.0135782854483672	-0.228470560557002	-0.19328412119756	0.154067837179967	0.135550220160917	0.0324781298255223	0.198710549218701	-0.276176833032669	-0.22727163173249	0.907252212148762	0.698668660720302	-0.0669241842267496	-0.115852551791014	-0.295005203238048	0.445917687976301	0.142142144529	0.625945381402405	0.231048938018566	0.437737186383937	0.0389257086348731	0.113547294666443	0.261158276409851	SM 38:4;3O	greenyellow
-0.162025965407535	0.184413431244643	-0.0049571592478719	-0.271865173915523	0.0198574291077505	-0.221154188168774	-0.189360204507925	-0.212302460757755	-0.11159543773975	0.0743848227758592	0.0988557754921382	0.307768045250981	0.0682887193613424	-0.0222165546358114	0.0625223971392284	0.177114192411785	-0.0277186022887475	0.113020023601924	0.176026870290455	-0.325945076324874	0.135934940280714	0.101712763660743	-0.171302262182651	-0.203716680681433	0.220242540050654	0.1857728946302	0.130255514825386	0.115395915293004	0.260653492861757	0.160787932218137	0.373847948583339	0.246024043112424	0.58224856091232	0.469926040029488	0.280320881325444	SM 42:0;3O	brown
-0.210497962629107	0.0962017257305279	-0.00460429405212385	-0.432714004360536	-0.104712515084973	-0.344307551528579	-0.266570920504311	-0.253289903759875	-0.403717359057745	-0.480682205194801	-0.298995148529547	0.18526076667574	-0.283371227457989	-0.0628433284507869	-0.00197853234393421	0.0253347601181613	0.39098860198593	0.177288237550454	0.339657929643047	-0.225902645593271	0.507266414919975	0.173861902628074	0.0924613739469583	-0.0201503536704034	0.3755993307655	0.495353929501768	0.330001962239406	0.580179144234327	0.588469792812952	0.49520624375046	0.586355447634737	0.560185623561419	0.823259718559757	0.750876276610052	0.666158387954836	SM 42:1;3O	brown
-0.258783327889608	0.0261158941093201	-0.0321074191176236	-0.447591581701639	-0.20023040082448	-0.39412034069939	-0.291852253540031	-0.299402486323124	-0.432480540115288	-0.292062494636338	-0.230234153372327	0.152768213704459	-0.238990789623276	0.0481194064874265	0.0805382164077014	0.121558494678535	0.327312272368039	0.338673528802692	0.29353957711991	-0.109461422046592	0.452826045813458	0.0812544729503286	0.0555743492491098	-0.0164499532313165	0.480278297428464	0.270830247933038	0.188593983408986	0.537155616652814	0.615555569964166	0.344287665660709	0.569928203585375	0.47997888587005	0.746524878706054	0.65295756989939	0.627764997930682	SM 42:2;3O	brown
-0.460602923068751	-0.252311709320758	-0.381241200677247	0.242463405160488	0.310067281220937	0.365539169343187	-0.118598288491386	-0.0624775449460802	-0.0704125985285155	-0.103077249365897	-0.169047381867048	-0.454072438011773	-0.194272402407746	0.30048025842702	0.0121723360413352	-0.0783665567155861	0.276434542584122	0.336970575307778	-0.114267923893447	0.141788072346149	-0.183997199844833	-0.379162303137908	0.865921980762081	0.731118784931927	0.0208908043945917	-0.167610445572103	-0.363547264032978	0.347836870193298	0.190610663562752	0.428324035014389	0.236426363283673	0.437975066451248	0.0383877291197596	0.132713365538663	0.389029281434446	SM 42:5;3O	greenyellow
-0.514145772101966	-0.233577169629492	-0.296453344912576	-0.500125559008475	0.0484802612527899	-0.171378220982459	-0.231035429844027	-0.571184243898511	-0.291225353374819	-0.295528100930426	-0.30087419535548	0.0402711579568115	0.0475463682122679	0.252687779910287	0.32860156179777	0.272512997191922	0.447195523033444	0.221697671220571	0.141808320480672	-0.358859227024095	0.201173485865831	-0.260838903829344	-0.0073257813233351	0.0315899893280317	0.465048786238217	0.134013700492652	0.165797962948102	0.389536636694752	0.562228388149977	0.404458656205759	0.352055436620442	0.494328901891666	0.481473160453098	0.578288471629052	0.314733122396815	SM 42:7;3O	grey
-0.0102668736301574	0.23886844308482	0.285445189492614	-0.174359129477513	0.0671019593234463	-0.152105291746126	-0.118364764310709	-0.0821002559258322	-0.254224193024285	-0.0764777219191886	-0.169049870934323	0.284078904922039	-0.23291720425489	-0.210088177060168	-0.169170794103429	-0.0385359871720719	-0.164829130958455	-0.003440654869655	0.331949291562195	-0.330395011132461	0.164145810864617	0.193358194644312	-0.123360444913968	-0.299516776558989	0.123202667071346	0.277370627201181	0.353728867128122	0.411346427034017	0.315986359953429	0.316050272023688	0.428472172406371	0.338060488118723	0.689154829049379	0.450739635023127	0.402335254681585	SM 44:1;2O	brown
-0.438815738829143	-0.351358172147285	-0.486889982843403	0.0250954707561261	0.134223498525935	0.166480767349534	0.00523904720769543	0.0407201779978558	-0.0557864952896302	-0.0157915880409483	-0.0530530920306115	-0.269608603357167	0.0059961393084856	0.276122105133871	0.255511500296336	0.118703293735024	0.260592579907563	0.240872333603559	-0.0346633925607378	0.149775729767633	-0.120961359724456	-0.353341718466066	0.746671428641055	0.692621763016163	0.0702462510780284	-0.159410328538042	-0.386548696587411	0.238160803929461	0.125957071759803	0.308052996057008	0.20901770847221	0.378347560260371	0.0516689404816037	0.15056991753685	0.324579293715867	SM 46:5;3O	greenyellow
-0.127390243563629	0.242821643618828	0.128638599905372	-0.292993378627335	-0.217458398232904	-0.388208289757904	-0.430800681819698	-0.221870385083902	-0.272679133005668	-0.0939432765065644	-0.0147815824892758	-0.0564688769586034	-0.0564766902222711	-0.0360616228418556	0.0474292901205884	0.203761658539768	0.0525093401755758	0.187845463820466	0.0836526651915004	-0.0798507101712832	0.33161759407697	0.102849052616983	-0.216135604404559	-0.210657677856051	0.520611620473307	-0.115656394067234	0.0842515524257149	0.214065356891205	0.648918672868352	0.094124310761069	0.373163738964817	0.180273541890499	0.348168369723405	0.298132429343732	0.232954930460743	SM d30:1	red
-0.295963592778161	-0.0443920579083832	-0.00797352775605014	-0.365522523633283	-0.135098460035139	-0.272172366222099	-0.287018886336637	-0.159506527905577	-0.165334290145378	-0.127018140661413	-0.0831992553620386	-0.0896296593472696	-0.00857090429750737	0.0408537774326632	0.0748090644526911	0.0854491382789575	0.178319537992671	0.151385043357681	-0.153713369937041	-0.195731514177954	0.236362730784793	-0.0968119573179548	-0.134636799771441	-0.116139334263154	0.539124244247864	-0.17630206663676	0.0560729744065783	0.243888980825946	0.59223528828463	0.020670573818262	0.304907464308508	0.20341996714219	0.213890664257646	0.20110801729015	0.241772823917891	SM d31:1	red
-0.0712934181164678	0.212809656531466	0.138673039071402	-0.103246713501525	-0.0899542797471813	-0.237726380970391	-0.28430857725909	-0.123966378325972	-0.368181722179209	-0.0516948468842665	0.14579959162202	-0.0257409595900845	-0.131485737363847	-0.0863922171949181	-0.035332887218872	0.202842542406873	-0.0367748719161607	-0.0256062569782994	0.0650164290791953	-0.0153296103915284	0.129276741586929	0.0613952960991661	0.0189363240901622	-0.0964341377053348	0.347009496161861	-0.133437496463463	0.0920685496803608	0.258927766853163	0.52913914564269	0.166301604555852	0.376529198210351	0.225364370205335	0.253692741730992	0.223309030614648	0.280522465865669	SM d32:1	red
-0.264281397337618	0.00331654749780807	-0.113324015618406	-0.291679559022569	0.143243839108913	-0.14838067404243	-0.404169863083103	-0.273315943193039	-0.53825474714615	-0.457085519804125	-0.222975853520541	-0.0374232354682329	-0.319020969837663	0.0427560135978976	0.140488017898183	0.125085049614789	0.277560906597894	0.139329698618565	0.060141538963701	-0.220336595581041	0.320709407465397	-0.0545786430203101	0.126409437686204	0.0907536858956013	0.604209283435755	0.20720941926505	0.0868947035708222	0.405842804995259	0.71093045169296	0.33889985397075	0.508209651098106	0.505516173741411	0.519491369993501	0.504898304006894	0.376035583195994	SM d32:2	red
-0.0628136616185777	0.16580264896091	0.312286767613333	-0.00667105096667886	0.028034669178128	-0.107561845237181	-0.299342829247145	-0.251760926718	-0.407932424163285	-0.224020187384065	-0.309835581353992	-0.156802769600232	-0.376282984362692	-0.30957313014605	-0.279926054406101	-0.067026840272793	0.047510628451478	-0.00799899732118861	0.342355323130978	-0.0262285882503498	0.23030545480415	0.181852746112591	0.242432969941097	0.015030963169662	0.304668106338386	0.213416985284367	0.402662294199375	0.753213294525387	0.697227684196104	0.577102302465182	0.649753120172598	0.619889104407583	0.60092273690153	0.556338561488389	0.561245232906434	SM d33:1	lightgreen
0.164020731196695	0.328240312324648	0.395401611890664	0.0745046494556499	0.129338666464319	-0.03300293627587	-0.225036003410713	0.0580253168759337	-0.190585612972424	-0.269913760557947	-0.0982735139884555	0.178316557333843	-0.437180078486291	-0.337184706064074	-0.398573400694929	-0.199199030548998	-0.097810671440621	0.0398961468049168	0.296775903591468	-0.223349290339668	0.273717857346414	0.402592569925212	-0.0546438018824479	-0.315777510339976	-0.0854221710669628	0.452403897909976	0.365825353266066	0.434083434519697	0.258431753361143	0.351682488501585	0.305395385459895	0.211009629994463	0.632792910729959	0.39217296351318	0.356766981158573	SM d34:0	brown
-0.0229395738330156	0.223425952366889	0.26186368715738	0.0961769052765656	-0.00095426398735902	-0.0677215013851458	-0.139314884880827	0.0787942684051039	-0.202092981150465	-0.229562222328477	-0.209633904092508	-0.085565427347623	-0.527237915843222	-0.277907047693767	-0.472039545880347	-0.29415736837713	0.165471329329821	0.185417316919122	0.379036742097622	0.0739594893048332	0.381623927615362	0.320304488829024	0.325361263870188	0.0585707009507415	-0.0536753757929593	0.338955633673435	0.311293216212253	0.627403625426309	0.367740520499047	0.538014026670121	0.550210345842076	0.475723865276914	0.541268333178973	0.527754052311647	0.795811212853708	SM d34:1	grey
-0.241743276844507	0.0329111996490718	0.0447091787719321	-0.090584799145308	0.27588803561876	0.0553809229024053	-0.333904006538793	-0.297402143730783	-0.54275593409448	-0.514071342629825	-0.426464316079408	-0.131961951151649	-0.594268744611721	-0.172168486164217	-0.222445928940829	-0.156117220604344	0.274401654949829	0.0938290655423717	0.328073721757958	-0.190893993028516	0.18409333147225	0.0146113114224788	0.526869838212472	0.28819534789743	0.324562815567151	0.411275966073425	0.267755258032636	0.795348759181517	0.714631360188864	0.781067423149275	0.66885181754917	0.769175551562771	0.757493081631362	0.71896083966232	0.669725299302526	SM d34:2	red
-0.240188954828572	-0.0954367981771937	0.0484882180204018	0.0468792998034148	0.144358324087165	0.0393073670493751	-0.134133620898241	-0.147037346270048	-0.38939666805053	-0.380364990662624	-0.451722970180351	-0.270105061954719	-0.361071257923504	-0.142079395407348	-0.219982696313918	-0.116498074299624	0.234835806689206	0.18591346713764	0.267835076627469	-0.037313633521271	0.264885099866597	0.0875915381047358	0.453464134177921	0.181866257684461	0.272120288648153	0.277860980310682	0.312664072408921	0.937035744223727	0.683268851386151	0.642397687281062	0.61562410803749	0.722571442109117	0.648486363150293	0.632398163337834	0.579874453828399	SM d35:1	lightgreen
-0.0601403654368178	0.0210786377208276	0.202546841316899	-0.0429506605391008	0.096411714236522	0.0324202571664179	-0.118710162225618	-0.0557840597197232	-0.421021229194762	-0.38121436893753	-0.359104370073612	-0.125357840462256	-0.520083288061748	-0.27971584687455	-0.313383316370571	-0.198290914982039	0.127128488733224	0.0122488247858724	0.229110787999803	-0.00748140089487965	0.238141036058881	0.145107984536215	0.490007857298203	0.298664919178745	0.24351421303058	0.388950114552891	0.347816816420236	0.914295446317164	0.628746316981172	0.636220121291087	0.585467236474641	0.671123383338244	0.611112746214135	0.560143971638867	0.659209345169581	SM d35:2	lightgreen
-0.177707821565346	-0.0597459470848011	0.0814614324536749	0.0190321601483931	0.120720324480862	0.0377601610291407	-0.0694685219871126	-0.0899581614136069	-0.237298647420452	-0.36339382081546	-0.453557638440111	-0.234872083601802	-0.373366684802684	-0.134744174839799	-0.23264850281837	-0.195678487586805	0.189817198868988	0.257781684257313	0.287533876624774	-0.0523872898919404	0.327404460083919	0.139489658673171	0.335131799376985	0.11994638143852	0.251111256032681	0.261521773498565	0.296449948953136	0.928325701799409	0.648818451162791	0.482919268137904	0.558967508575032	0.609162413708068	0.660635262827064	0.594477134779284	0.565323232641694	SM d36:0 Isomer A	lightgreen
0.0249500731811956	-0.0237394917104796	0.0940513367380885	0.197844623050757	0.224015739048918	0.173539888509328	0.0675341640718553	0.0142207087145659	-0.0936989009985388	-0.23366558858449	-0.384253412123761	-0.0231468241008842	-0.24409690663848	-0.189798089926221	-0.187438866227966	-0.272557214135453	0.00334508758848321	0.137978384119865	0.168585783390221	-0.108907435676207	0.0656613401979099	0.0793359866904433	0.093430022993029	-0.048045954863689	0.0735585947489972	0.251463422611008	0.240345234572258	0.49380502109393	0.171328189520622	0.11823008670193	0.223758480271908	0.214157089694574	0.415730628189684	0.225372402086	0.140749330479866	SM d36:0 Isomer B	grey
-0.180088733535413	-0.0511463920638516	0.106526458866007	-0.0333172934512041	0.0958129685598778	0.013014864118961	-0.114806930540844	-0.129056616046974	-0.292516482025643	-0.394276379606889	-0.447228500756352	-0.192808257162031	-0.374233988009567	-0.14824830676445	-0.222106598348078	-0.162505746190053	0.212998152196443	0.203281190899387	0.293728020346901	-0.0812876960659908	0.334817686930463	0.129259783357445	0.34478514353462	0.14264740227456	0.270350975963942	0.306632650878504	0.352406320927166	0.943437410169791	0.67472452528118	0.515764371558008	0.585027736739046	0.633849765318956	0.695740799710177	0.631195271454121	0.60936517931255	SM d36:1	lightgreen
-0.233807919457438	-0.0611868625329828	0.0555475970041404	-0.00189678629261808	0.176183800613275	0.132674367095454	-0.110945956791184	-0.102796796495531	-0.309115511631649	-0.390858074109756	-0.441300256422172	-0.222525955126445	-0.505850844796248	-0.13873229820196	-0.239173911351271	-0.187940130182863	0.224130840698826	0.159132983993334	0.231397504799216	-0.033426283135632	0.159827751322993	-0.0325561629952569	0.550713406296822	0.372182253232758	0.241963891380812	0.334294433518629	0.259096392004217	0.95730366117364	0.61234167096176	0.657163187516193	0.545673644120103	0.684796272290082	0.634325608566118	0.592009126064051	0.625287977121006	SM d36:2	lightgreen
-0.27318108145528	-0.0668307206030845	-0.00559276996469063	-0.171356918556371	0.0150873729843817	-0.0448408998500805	-0.304337147714371	-0.287065377511308	-0.323000344239408	-0.407932215901784	-0.423917330295101	-0.280805747102133	-0.359853133912072	0.0350559572048484	-0.0891789827424481	-0.0506062622393496	0.329238364751426	0.237622701451213	0.0676355387871635	-0.0748764288310982	0.23344402294997	-0.0457334751572628	0.403971494547045	0.313743553093796	0.364885267763032	0.15479860451828	0.25878524482256	0.850941674806522	0.869021622541035	0.511094280688938	0.49377669575525	0.585909760527883	0.612919784136348	0.569979679590834	0.54939187588962	SM d37:1 Isomer B	red
-0.348542385674365	-0.143845187260826	-0.105132993248593	-0.3767727975387	-0.0359111273773067	-0.20729912226475	-0.372105898953417	-0.536302758297596	-0.433253050864486	-0.472001660572088	-0.445829896487246	-0.172733300055344	-0.151895451881482	0.0999680118951688	0.130109158766813	0.0576998710692593	0.437891680317456	0.188961264793481	0.204623965457801	-0.189957667704828	0.350346839029596	-0.0614127712055411	0.218190511588157	0.179630599025046	0.540280195231648	0.164696179766358	0.287196765874663	0.683053734627849	0.926983931024887	0.460386568399863	0.55828797283264	0.645808313010793	0.674285707546675	0.711264721882585	0.455173081034501	SM d38:0 Isomer A	red
0.0234221763199891	-0.0237947943056552	0.0683334126035835	-0.14320949114417	0.0712350881134678	-0.0253862543362405	0.0434857440828067	-0.0172846432640708	-0.184722389172134	-0.314866701881945	-0.349041846637671	0.190195643708478	-0.205495760006506	-0.188876065012044	-0.0739730589809302	-0.235010056743903	0.181593056684192	0.00582382091737504	0.000334433478622991	-0.24193863674787	0.133329058415461	0.0724527918079581	-0.017397712933918	-0.0660541767906894	0.311752203622356	0.255400200176308	0.306756774723353	0.375485331212706	0.337475514807127	0.114095447835254	0.358008834921743	0.249525445738273	0.467046931480071	0.293442407993904	0.250255067613308	SM d38:0 Isomer B	brown
-0.386579852137832	-0.171747477967441	-0.12778645099489	-0.420036428547072	-0.0127400962996078	-0.209578954751053	-0.399269062031702	-0.56788576510241	-0.472769887916209	-0.501767653267604	-0.425120773740629	-0.144038572748455	-0.173492351082181	0.13868476652575	0.151344096964849	0.0940970975581273	0.483030584405149	0.181152234554721	0.186648170161118	-0.225357069379281	0.345405167971383	-0.086895379810925	0.254238866109776	0.183740532758324	0.51411267759225	0.188566902525915	0.298047573867973	0.67461759995727	0.933716426918242	0.519086889593307	0.58290654767508	0.659139652230944	0.691723320752536	0.726598871447966	0.479205894642381	SM d38:1	red
-0.190081259276952	0.0412898775466583	0.0439052293526965	-0.141466316197879	0.107945738669969	0.024482325093518	-0.240401507219594	-0.129233100646883	-0.287578072710652	-0.407382824651191	-0.343435385185729	-0.15677792593255	-0.497176182680588	-0.0901233595787985	-0.225137321230155	-0.184902157159954	0.298027645274765	0.150282325218535	0.0932659399630204	-0.0788935661816312	0.2967868471898	0.0708109392159406	0.473646410530863	0.371334393908372	0.264185180727185	0.342843697766572	0.243689435066145	0.877150513557585	0.75807181281701	0.627240098554915	0.51363425074227	0.640995860577323	0.663390138134478	0.661668750456151	0.671245611487714	SM d38:2	lightgreen
-0.190856563575512	-0.108972175901217	-0.12167002775321	0.13612211254343	0.306399411707189	0.296438522133361	0.0354290851330162	0.127738574175315	-0.0780249282960639	-0.247789887324323	-0.328690040072046	-0.291483453510666	-0.441337806415556	0.0460799019732509	-0.144164521804433	-0.266758549746349	0.137675297708094	0.234493828271393	-0.131058142584766	0.0407229349813596	-0.0553810386109591	-0.170166051939687	0.593054187246859	0.435186241756996	0.0722078668608628	0.141676848813679	-0.0204399445154786	0.687183717964655	0.309583575069936	0.38919668990488	0.286368680433941	0.414182582148796	0.25270783096777	0.184481230636489	0.401628247097015	SM d38:3	lightgreen
-0.319384893866499	-0.158814572719866	-0.180268321806654	-0.39699589279719	-0.206509709519292	-0.309363890420436	-0.366320355373117	-0.500440717769328	-0.319855370531679	-0.298744368787793	-0.264658676996545	-0.253257436390572	-0.0071254928709021	0.217081029147843	0.252028216066534	0.217226765663866	0.475811485578509	0.186432429534832	0.0260946569192402	-0.0527870183592965	0.250700449899464	-0.110482262480327	0.137473657848991	0.141273259369175	0.471916063118418	-0.112123606515258	0.128583900724706	0.44689578519724	0.885002291919724	0.315465554020109	0.399618958850372	0.405436959965067	0.383460869761526	0.444704213736535	0.294613607016714	SM d39:1	red
-0.248999181547784	-0.0699817118908067	-0.0630109518013469	-0.173428785700574	0.0378983586746869	0.0183884229229574	-0.203301053247707	-0.148132540633337	-0.247578885411677	-0.334466121262901	-0.338369636479621	-0.291208947432189	-0.422926528930111	0.0152370566263686	-0.0974320062120182	-0.143610044480318	0.349050165669591	0.174804224699792	-0.0600419018025247	0.0180070588055266	0.178420888681452	-0.0804582644110014	0.531706207323569	0.490195892669794	0.260490702511805	0.185702884811855	0.116670555313847	0.757837492358519	0.719384157350869	0.490904495281185	0.378691847785697	0.513554814857359	0.468041212358273	0.486358255682215	0.562758982282504	SM d39:2 Isomer B	red
-0.217149904618661	-0.0572050902890181	0.13915578690789	-0.271770685037908	0.117339688726569	-0.119296455113274	-0.413719160422347	-0.470792935363281	-0.572994182599151	-0.524993195227398	-0.4878175250981	0.103693134676287	-0.282934900898784	-0.146968268881534	-0.063633105131208	-0.0567229202805204	0.296451113578407	0.00784120912983547	0.312469916082629	-0.314088316160523	0.311849168494083	0.076965724495029	0.162368275711206	0.031301322485155	0.5140209898903	0.395131881470086	0.497192310786591	0.689829644469774	0.799112347911059	0.559942790307956	0.71235633706912	0.700719091273976	0.857566694601986	0.769150771376602	0.525437308925615	SM d40:0 Isomer A	brown
-0.0427299381152027	-0.0405176674726209	0.11123882245555	-0.253765886680287	0.116376617377481	-0.0853414395779993	-0.150009198963414	-0.238490144162375	-0.446328287107989	-0.449566731096296	-0.376989088863929	0.443329551078735	-0.190893699335299	-0.165486538770149	0.0106911292672116	-0.0749999020878617	0.177743983915465	-0.0812480935487292	0.234059732476344	-0.446035194995418	0.137936184626964	0.0562058255707482	-0.162407263202452	-0.172001809546626	0.413779806308989	0.441379612724083	0.423669713825145	0.311213636126592	0.354213739836314	0.14417320298555	0.484319354904761	0.341643638941394	0.684244959832826	0.419808203669813	0.280181598440002	SM d40:0 Isomer B	brown
-0.235702873456212	-0.076246601884975	0.111255023720138	-0.275458043803251	0.102955519162451	-0.123479582633006	-0.403000588124113	-0.473905910089568	-0.537761708007015	-0.524138357937853	-0.490305798372089	0.0689634995575719	-0.261695764227045	-0.138208636391195	-0.0483214042703215	-0.0529640506742669	0.305163301428443	0.032197898507609	0.316991236807142	-0.30567033183662	0.31965809021526	0.0686882734379674	0.148420194604057	0.0320464735485691	0.539156789552704	0.371077384485834	0.469335856649511	0.682963616669183	0.802178914869067	0.540822113183772	0.71074558139376	0.703971432448833	0.844159621849197	0.773759982417379	0.507702138097079	SM d40:1	brown
-0.0561189499760241	0.10983751383992	0.235401132055985	-0.0756670639387594	0.108433905944801	-0.00297596461046785	-0.148232438597598	-0.0892401820514565	-0.378350729457201	-0.326983123697712	-0.268557321567513	0.143715411994655	-0.306992673537042	-0.281414123859997	-0.306509525470705	-0.250962139069614	0.123464090786714	-0.0711008038853462	0.221164547313161	-0.129786060440072	0.228992571716203	0.17610448630378	0.274755810187412	0.0777054456763637	0.237929466447448	0.298809773971345	0.448864684094471	0.627663018314933	0.572877448670326	0.546816388686431	0.606054643171515	0.534061016319533	0.646529686929343	0.568349112367948	0.634007486780641	SM d40:1 Isomer B	brown
-0.380208252073576	-0.138916000573635	-0.131738834678448	-0.339066173238816	0.1235006226761	-0.119282493276557	-0.406221605254688	-0.463773242561776	-0.533022361827202	-0.566388812687291	-0.394981346975513	-0.104978607234526	-0.320652491446029	0.0328742776679445	0.045134573815613	0.0141651034867622	0.44686627434302	0.0940041843968855	0.264229796474602	-0.267599496598629	0.31980075043323	-0.0538091736139209	0.417842645805882	0.252261988900893	0.460021638172319	0.29318040741137	0.259294807121383	0.703247180383514	0.858187395917917	0.656448930080413	0.596313517647644	0.74217845734148	0.724747496114535	0.782490088355123	0.549456811387031	SM d40:2 Isomer B	red
-0.270405060102831	-0.00888450095428305	0.0471481443867908	-0.334873332598625	-0.164096051469575	-0.271582515813112	-0.43214407649318	-0.326828599252581	-0.257774834708974	-0.268725681885412	-0.191363688730977	-0.142268413912297	-0.139504118176244	0.119813621799348	0.0580639721535466	0.0388912093138636	0.279843246685281	0.187176754111455	0.0839607189974431	-0.0671730401233059	0.33371924700545	-0.00912712562971497	0.10797372031662	0.0711456506663057	0.439982272753046	-0.0237302908671773	0.218846278643127	0.532736242852097	0.806280573012355	0.234918122303254	0.538736431849592	0.418025595863106	0.489160149090582	0.468286257201177	0.546199770436552	SM d40:4	red
-0.282850201973325	-0.0514706427261897	-0.0970721938216932	-0.366231098728174	-0.11483504163484	-0.297901451293649	-0.353382121396165	-0.468114494372167	-0.321363154046175	-0.294690978784708	-0.320494465091042	-0.0897215444050457	-0.130300035011771	0.120847009393649	0.133768235667431	0.139254271858382	0.482171159577484	0.187383995707887	0.19691406003308	-0.131231389683664	0.321963452481922	0.0146758448291895	0.130306944104506	0.0441980053816693	0.38652900841447	0.13603145058371	0.290387114910596	0.554315058999769	0.873782032586378	0.458460131624434	0.579044412717339	0.560690951315097	0.64586679808859	0.654002591761989	0.442778794060315	SM d41:0	red
-0.245319868276646	-0.0730249593787883	-0.104739013322722	-0.333543204164719	-0.0712577507237252	-0.266241632121891	-0.343739515276399	-0.454576554010291	-0.320662198387565	-0.327795827471085	-0.338764112422756	-0.132130456978741	-0.136483956912536	0.0856877427603929	0.101040010209212	0.10776241873668	0.473194854745577	0.196231730404334	0.165058210563297	-0.133185673079972	0.371493597211795	0.0875023184931726	0.0954602630296875	0.0167148201775862	0.395698048442996	0.170759000958617	0.282911509416627	0.561205228073465	0.863622516918787	0.464409785193855	0.554476861850774	0.5718699028351	0.619586551673671	0.659721713663937	0.40252466866967	SM d41:1	red
-0.095226676005552	0.196349066333945	0.0240875700826574	-0.103699168684144	-0.0749803152767723	-0.0518728352902442	-0.0954654927128765	0.259620384060089	-0.00996036056784406	-0.0605318260512735	0.0724566233884555	-0.100732095166074	-0.322784436130129	-0.0157660031123835	-0.129392214090117	-0.0956036073425307	0.047984993003723	0.193981446541748	-0.170725772398131	0.123092393227587	0.120123201447355	0.00908469118854036	0.262799633788547	0.228877015463561	0.229319805808443	-0.0155185973373139	-0.0929586139533036	0.29688816119508	0.296303819195009	0.160135477545032	0.306728300590149	0.173881650046845	0.0802831113037869	0.0651827558211298	0.53158455642365	SM d41:2 Isomer A	grey
-0.323511028291533	-0.0688493183791319	-0.0811923336931053	-0.281145080720836	0.0970919721050465	-0.0929351867747426	-0.383205210935371	-0.363034847201338	-0.470096086398249	-0.553175051606922	-0.50865649281495	-0.257300897756123	-0.410261254116458	-0.0110885882331975	-0.0526467896074359	-0.0848554093060432	0.457936224644572	0.197122383807518	0.171656900634809	-0.205661350357384	0.323608517843075	-0.0178559339084774	0.41270442267477	0.280439548576902	0.495904730032578	0.314174214850313	0.271842956637241	0.805848908257552	0.923259522272691	0.618317871969644	0.624273092306378	0.738618271405001	0.70482014617279	0.724099893837679	0.631740433475844	SM d41:2 Isomer B	red
-0.213488623516616	0.00165957646738695	0.0361272783329669	-0.241302949204376	0.169061082545757	-0.0929237409852966	-0.25260010081144	-0.293143885133988	-0.471288431315132	-0.387413011388281	-0.31545805349805	0.223183256209602	-0.258565977602896	-0.137751492808067	-0.0570857219777064	0.0403609041386501	0.232169993405943	0.0267374076316727	0.376531781595237	-0.390421111182601	0.238820164840986	0.0672304130328486	0.0799973955318087	-0.0728461856540731	0.324471016143168	0.43159548462784	0.369030645734654	0.587595340968028	0.594068763928275	0.588441121598879	0.60361819595967	0.598327567134896	0.912646147782248	0.769095436193387	0.440359675549283	SM d42:0	brown
-0.0857842678274062	0.195958260241126	0.221057125668378	-0.112687548598106	0.193934859489339	0.0154718971659192	-0.11261760682869	0.0463279908376658	-0.297439966536621	-0.17045020186636	-0.172072171436584	0.307090541159246	-0.357265021440841	-0.323596757741157	-0.354693739279674	-0.171622657815168	0.0751491163360566	-0.00496338790105146	0.270746420277522	-0.348884291319415	0.170618547261923	0.17401161962241	0.162665083265258	-0.0334810452039202	0.146902594376762	0.385949638679199	0.313826637241206	0.529150226661655	0.410093066582261	0.543345341492202	0.578147333943878	0.489899534804102	0.813831359110752	0.627332436629771	0.65729719434598	SM d42:1	brown
-0.0157007722923574	0.286297109639314	0.212348771240351	-0.138009387816535	0.129740319214671	-0.0158809369889413	-0.163837676010213	0.0833702660335636	-0.305733153733262	-0.368842124781583	-0.282279110664858	0.137475635078814	-0.542093537025744	-0.290016787299956	-0.321670609601873	-0.298080685060705	0.138652889294974	-0.0107736912552309	0.204471014378811	-0.147453217932136	0.320377224220926	0.200317640043684	0.325251137494469	0.217431927358424	0.216398448327781	0.5470531485685	0.327063377181338	0.59779374078985	0.409609751349916	0.445996204264141	0.532107408103874	0.518727393904544	0.71745654342506	0.606243073341641	0.761002028558209	SM d42:2 Isomer B	brown
-0.184895441747174	0.0860933164608821	0.00407618486295946	-0.171920425005799	0.174987095963788	-0.0340528619211195	-0.241168289033699	-0.209135095926616	-0.450276199124757	-0.594388354166262	-0.512251695473553	-0.0838105029071792	-0.564800093708948	-0.112877485390264	-0.135558550905815	-0.222070095597124	0.388995340470245	0.127646878575574	0.345310312694109	-0.142073057092418	0.364745625465855	0.0664190166506219	0.413252387380494	0.285481567640085	0.358169749212147	0.580343109294303	0.304575084384929	0.704309126036691	0.63965968581984	0.625740643579778	0.616221769423036	0.703335316600029	0.78549099712301	0.734522561891333	0.657870501920257	SM d42:3	brown
0.0796883365833415	0.400173683709676	0.289411506361548	-0.164085082279657	0.072392955100404	-0.0454225029488598	-0.146982796168438	-0.138410099400851	-0.111292663654786	-0.00383319683357617	-0.132457667741837	0.190367224322764	-0.149836268479744	-0.249585069151907	-0.173531848637605	-0.0990882282883174	-0.108717219642024	-0.253258470698905	-0.0816249208028926	-0.213406968246219	0.0202159601960848	0.11471349331373	-0.127124007564344	-0.11083546453556	0.242489220638408	0.317597720788674	0.456433358769229	0.372471979956286	0.40983747237014	0.200673104833312	0.261003218132134	0.255221827513209	0.539330996721585	0.442223228369369	0.285516703126802	SM d43:1	brown
-0.205762783720381	0.0521988404680939	0.0533316132280874	-0.298301495747548	0.0650132172741832	-0.24943187741444	-0.286262567083391	-0.310969246353276	-0.391093056111634	-0.248451224639742	-0.184863697924486	0.182366295144393	-0.186092669369986	-0.0998695310732337	-0.0223054277773752	0.127253991855158	0.232613497207869	0.0702720782899124	0.242716793031519	-0.345828744197379	0.350234425189772	0.167218540926287	-0.0674793596810271	-0.204748923207877	0.429956925116495	0.369459061421395	0.407545327018395	0.55006721038957	0.684911307408559	0.424476008133242	0.631841439068134	0.621774406640805	0.820550289535184	0.76897463837161	0.483060986038937	SM d43:1 Isomer B	brown
-0.203065166491602	0.0551808175183225	-0.019829609227525	-0.453113911893983	0.00761668420109227	-0.280820720016061	-0.11296362401216	-0.221212898518159	-0.373802789960542	-0.255852699777089	-0.227880655034363	0.322361434939746	-0.142337516275609	-0.0858703550674374	0.0415438703370514	0.0852081054407107	0.208515359182032	0.108669946214476	0.318174441743086	-0.403674482394489	0.293032884631097	0.0916575460309814	-0.0272238705305656	-0.15838501956436	0.339322216316864	0.451224802704386	0.384368407524342	0.491990218094955	0.521470237140193	0.425393442368684	0.552304541144782	0.513816726595456	0.877630211626097	0.716626568977295	0.477864868064095	SM d44:1	brown
0.0333422269981099	0.297091782817766	0.252719183886481	0.295592635169203	0.342999168334474	0.299338042365633	-0.141899071754026	0.262803065341677	-0.220212466139941	-0.238607105268715	-0.0808845204664936	-0.0169705197084593	-0.493176379655957	-0.139904997038503	-0.374268890479403	-0.223257696428642	-0.0126654929813663	-0.0467925318003487	0.0749777445400721	-0.0384741066745731	0.121493687521052	0.0995762012126828	0.191126392929225	0.0709221533221927	-0.0293707901115077	0.293591914318778	0.0793821147881095	0.373937696897363	0.1469535903566	0.434939759471382	0.21398678220215	0.194455606071976	0.403746116142351	0.30951263547916	0.424271043801867	SM d44:2	grey
-0.196288393400471	0.0987674169709588	0.00820822579579265	-0.341260516529349	0.11921701551433	-0.16556202893912	-0.212300654620133	-0.207858774573485	-0.451401267162032	-0.446180071126318	-0.349933875740035	0.224000710632707	-0.307648435286901	-0.0784438242698649	-0.0130295612798518	-0.00999336932434033	0.218377119514631	0.111588859784721	0.298293855609539	-0.364197237751661	0.347178553436838	0.0969829840467443	0.0389363046723653	-0.0476220789586942	0.429531680538203	0.551118345667262	0.357441593838494	0.572466613515307	0.56181397148309	0.455811457369382	0.570344223399819	0.589762194237144	0.916988362796728	0.763011491460779	0.534575719135872	SM d44:2 isomer A	brown
0.088577208876615	0.214831172008913	0.150928146821863	0.0585009698980098	0.297466638747831	0.231282556456411	0.0140459584885106	0.262717705929746	-0.0633492433075803	-0.265117811920494	-0.38602378669402	-0.0412607746640395	-0.450081730119463	-0.259708643512933	-0.259213155798837	-0.471616174344303	0.0568144920595516	-0.0124606607381092	0.0719123148249582	-0.0755535057909488	0.0626092008848962	-0.00630311955112447	0.166182058062149	0.172061151398197	0.101782527933482	0.407108895515513	0.105195345685981	0.158273373357561	0.037161218170055	0.0854164671043677	0.220260124528726	0.138646526193364	0.268138987164748	0.126608220108843	0.281919873530236	SM d44:3	grey
0.142007743862175	0.0698735718714275	0.0924125347452902	0.216871874330731	0.0907222174868245	0.136598049030193	0.169488591557182	0.424220028789496	0.335204034934368	0.18743712918864	0.23624751298767	0.162742200655276	0.098112015326953	-0.0533811450659583	-0.157930198354318	-0.090434292589488	-0.267665808285891	-0.0133839432069915	-0.203223169301551	-0.116626972002086	-0.175042203419165	0.160717610574165	-0.115377979497536	-0.189837389222678	-0.37028237384782	0.0302937553973759	-0.124647251578316	-0.229950480608214	-0.420869863996635	-0.199976537236249	-0.264483942586623	-0.211264908976802	-0.166703858739588	-0.178571475670198	-0.18309234691999	SPB 25:0;2O	grey
-0.0317525616567871	0.00528404867099997	0.133190557769873	0.125123243813801	0.155960979535767	0.241294011925261	-0.023043585498282	0.40586473078885	0.134017877889269	0.0920537828568535	0.243200454032503	0.126125111912297	0.0268421068082519	-0.109788700302815	-0.0976497261746187	-0.0250718822938264	-0.240988766327857	-0.251424508945436	-0.319804614455347	-0.157709722031235	-0.340442231600771	-0.137980135606186	0.152297849535753	0.0309238751095554	-0.156808841652438	-0.199328465341906	-0.182954438631814	-0.0968773626156249	-0.312939692865348	-0.0316587078262553	-0.0859546449666385	-0.0544040944257731	-0.230940794128665	-0.257516523908522	0.00887319460110714	SPB 26:0;2O	grey
-0.269573717404684	-0.248207905523594	-0.259357988587371	-0.400759877162223	-0.247685202212522	-0.346498646844128	-0.0732465227295417	-0.279360008959281	-0.247673882193342	-0.353056617358723	-0.284729582097536	0.0320333993499173	-0.109645673444041	0.186860377944912	0.202977234395172	0.112728965229585	0.848129869538599	0.223223251084909	0.0751800032172081	0.00545250090672494	0.367998727026222	-0.0559087031016388	0.158138529866588	0.180832624963301	0.216962861184577	0.226378777503123	0.152459854919355	0.259054469838167	0.409219751903381	0.259686469092918	0.4499248768737	0.350155721458846	0.325008047480906	0.416843515756889	0.443472204936256	TG 10:0_12:0_18:2	darkmagenta
0.0419306369292085	-0.0118733516876116	-0.109723537093632	0.141225604393336	-0.0476762158018768	0.149187828432744	0.365624633706711	0.443181027055493	0.869696542060842	0.626054597733367	0.171356921907984	-0.169942167875838	0.265204791353857	-0.0560233917117249	-0.0313247399084057	-0.193415208425873	-0.121334654115426	0.0346704931640425	-0.306384490956639	0.163565996534921	-0.299771186088098	-0.169373841930528	-0.027492473631488	0.1186353961738	-0.278714647246521	-0.393108637263724	-0.378122825306779	-0.287892609931702	-0.402113319189508	-0.366959204152929	-0.468561500436967	-0.363984075968224	-0.465554363877641	-0.35074563832446	-0.422156658449655	TG 14:0_16:0_17:1	midnightblue
-0.428760924075343	-0.322130962549058	-0.471262038397019	-0.525100511581004	-0.389784008232927	-0.473513084129262	-0.0291200620962585	-0.472372710096937	-0.124572275470635	0.231099243414434	0.478169065897184	0.266962411522013	0.696982467733357	0.526889184747028	0.81230284000155	0.943799487787864	0.137513567986374	0.097411977164683	0.105324927606838	-0.0546231367870294	-0.0233725999737621	-0.378623798929642	-0.202215292647706	-0.0251371979309292	0.142068938465706	-0.266422840678071	-0.117445116375756	-0.217883668304566	0.0399249556064283	-0.156963043936281	-0.0782851277048025	-0.01741403785314	-0.0954752968136748	0.0461586815223826	-0.195204707233246	TG 16:0_18:1_20:0	lightcyan
0.133496953571466	0.18772812098287	0.0782144393204915	0.204808855634583	-0.106191695326872	-0.00598350262088028	0.294268538743861	0.415989539425969	0.606423266355551	0.800335558927979	0.387707079902237	-0.0295466996030658	0.087757394796173	-0.0856450953224877	-0.0797795511371267	-0.0741012193097653	-0.372690483838052	0.127529166585583	-0.134563753208269	0.352617461042769	-0.218376235999605	-0.0218991712032528	-0.0424225535381904	0.0636203297750679	-0.251559644879255	-0.368104563320877	-0.334063335593218	-0.175242238406646	-0.297502092712837	-0.29186176172655	-0.222720264450298	-0.320639827175428	-0.283888255245619	-0.338616985808726	-0.173654265677498	TG 22:0	royalblue
0.045570462823429	-0.0610302617048749	0.120495953709763	0.252064867281825	0.06674513747619	0.202559618430279	-0.0386913721268418	0.38387600869876	0.471273516532493	0.325611008519442	0.0845103781833293	-0.251880986465449	0.00385302325815259	-0.0769825466303065	-0.172535646869006	-0.208990926397323	-0.303084246827433	0.0806550759840779	-0.172844054682623	0.00314697150131055	-0.207738754601732	-0.0319513413959475	-0.047083799031843	-0.0563475939146085	-0.0855628679208962	-0.212517865064215	-0.0870414990686113	-0.0676517911286709	-0.104320313395566	-0.307670452737871	-0.0690574719947177	-0.176251090967442	-0.267669674620406	-0.338244578482327	-0.026812837528789	TG 28:0	grey
0.34756243514901	0.247525959158019	0.122580129459126	0.348646422906755	-0.169907515251043	-0.00512160126349798	0.434859227429453	0.503491344149052	0.625503604961444	0.833660887713253	0.346832856361748	-0.0323483652623225	0.17520894772639	-0.182373827779354	-0.135160249429262	-0.110646691946397	-0.389520967985933	0.060285070579533	-0.122188097844694	0.444382516792194	-0.148339426755389	0.166259299530202	-0.150742033476396	-0.0547964568120453	-0.349211906736941	-0.382861020218599	-0.336368346389934	-0.329660374641932	-0.46965591499713	-0.443227301911459	-0.314879601973412	-0.448720548143014	-0.467796619026724	-0.477173070572402	-0.343755560897612	TG 34:0	royalblue
0.0934217385945983	0.0369423530958136	0.0674559600975599	0.10370202174417	-0.0622577174953881	0.0852366233055892	0.236913976800425	0.270358599719728	0.634279490627008	0.821296368548146	0.246570515233151	-0.0183039788614111	0.214362790359393	-0.0776217023132827	-0.0631940668447044	-0.0896455822074105	-0.329336688270743	0.0197693288154018	-0.136266400378809	0.131424193775805	-0.386381064294908	-0.116281394646855	-0.0704205411705664	0.039958804860557	-0.266727188600626	-0.345356198336615	-0.254518970321177	-0.238086419324809	-0.27720669545173	-0.279152550187961	-0.313169900082666	-0.323792161016189	-0.304404675569552	-0.348646582282459	-0.24958026847325	TG 36:0	royalblue
0.0742056957498465	0.12782372939456	0.00866629851026175	0.01870157910021	-0.206462997012858	-0.109507920055053	0.369438840151371	0.342423712930173	0.661780502430465	0.953622460702854	0.508214128844292	0.113236171590567	0.377019922364869	-0.0368587363298789	0.0531808218560281	0.116235328063912	-0.315960428943728	0.061989160356846	-0.217963576962716	0.165031792816213	-0.264442215008721	-0.10005981878415	-0.195424383671222	-0.0532228206045961	-0.292340649330836	-0.35387306506378	-0.310611141111478	-0.364163329724434	-0.416809677830208	-0.394557502719746	-0.316426482028839	-0.37161350456825	-0.327164661472435	-0.332585059132991	-0.267877011054456	TG 38:0	royalblue
0.00394612832512894	0.0134848104927566	-0.00422538064457137	-0.0797225399947961	-0.340609099753407	-0.216108033403145	0.290280415167455	0.194171952619803	0.626491590905136	0.910943069840061	0.492895132676517	0.0838621526138552	0.597023301439353	0.0602533769809366	0.138395246316429	0.243476478952186	-0.268326553651061	0.0828125870962179	-0.167414720928425	0.170008509224754	-0.169964277421234	-0.0565830924809377	-0.246800837226811	-0.143889968081227	-0.23488549309279	-0.479315927198743	-0.25999038768852	-0.372977452846195	-0.377706390405959	-0.391922405923703	-0.348354013256902	-0.400387912368952	-0.41866668250552	-0.343396864439822	-0.325274387107755	TG 40:0	royalblue
0.0748321270601822	0.133127637588753	0.265373155615978	-0.483999397494537	-0.428944752010068	-0.459927226557371	-0.154552655200848	-0.137938284212187	-0.0383560575937781	-0.190745513792014	-0.202854196431339	0.152848549339752	0.0137758826684567	-0.201858233777902	-0.0222632051844876	0.00466655473569611	0.166531565441046	0.0522355591661826	0.153564569226151	-0.0887075218637818	0.51714028772302	0.314518447280307	-0.257713652525227	-0.214943617017636	0.339255506859041	0.149726726577645	0.373239865104928	0.390108029217379	0.510979577325551	0.0187019509406156	0.293459339143214	0.180922614866532	0.392527601266628	0.38765974963603	0.348106469394945	TG 40:1	grey
-0.11095637754614	-0.179035176952067	0.0532783173165611	-0.473293106519985	-0.428973369463466	-0.351250067164701	-0.00955558747580017	-0.0974382365451338	0.0788164083308511	0.166955154550023	0.20675594546606	0.24846084618748	0.513399636071114	0.0542447417152437	0.190731358644993	0.379913990683599	-0.0000160113890378849	0.0463708522238594	-0.0673968555140604	-0.153546725918296	0.180086187794817	0.0790165950792313	-0.252938053846206	-0.155345727773292	0.164596734218687	-0.133496927422688	0.119228437899469	0.0876140616900907	0.148132100628004	-0.087671357179128	-0.0332438583004898	-0.0482318543604397	0.0565876808849067	0.0864080353455014	0.0562759155940294	TG 42:0	grey
-0.0441544840766859	-0.158372141645565	-0.14124217626808	-0.125019868129922	-0.365918155575183	-0.270928266294114	0.276402083163834	0.0872029085833095	0.551639301626507	0.807985074806839	0.483808107468139	0.0873940458584307	0.687613165893445	0.194424525378331	0.256400467666185	0.319166413413621	-0.19023324677672	0.132815718993018	-0.102038274801161	0.178159346917571	-0.090068090556202	-0.0287394780468541	-0.250404766933796	-0.154492954450617	-0.201576123747902	-0.484627737258741	-0.297061104478734	-0.438967753722304	-0.359584880653333	-0.369100330223233	-0.359960741812958	-0.363117530023084	-0.434447288846397	-0.299065514547127	-0.411662119764935	TG 42:1	royalblue
-0.0716714500706961	-0.166846267148311	-0.234958790324879	-0.211013588563843	-0.343571772280243	-0.273815955424515	0.258135423879708	0.0619074529595333	0.518937077954498	0.541048719981808	0.336475426350654	0.0769985923607352	0.608979591084116	0.25918456245193	0.353035595101953	0.317256805273836	0.0227549980684289	0.183068151528447	-0.185426565493033	0.134341829382009	0.0926569287002817	-0.0231350442306479	-0.262015291921548	-0.0880918400112475	-0.148328065007464	-0.270416376510029	-0.210236709504888	-0.339901695007846	-0.250602668938811	-0.477811612733408	-0.291890617394227	-0.307299445916442	-0.314768346214659	-0.186211684620314	-0.27753115074568	TG 42:2	royalblue
0.192555543689972	0.0675576914423156	0.1313428735795	0.193847372293483	-0.172602995335165	0.0670582526052575	0.261743812677576	0.509067872725769	0.846646642669162	0.604191177366202	0.308972525947882	-0.203464805730013	0.14136961032662	-0.114444349010427	-0.25110702120075	-0.165415301488009	-0.239642144806616	0.114378889130715	-0.211876521267932	0.171481918935457	-0.136536631778255	0.10620425364046	-0.179124617508089	-0.126658090910686	-0.399799320529772	-0.320985308267367	-0.242316137412027	-0.224173871648054	-0.356097993670939	-0.381927111391745	-0.409584711550854	-0.487943530394621	-0.416766904682715	-0.37580489769073	-0.240780152950809	TG 43:0	midnightblue
-0.219427999953585	-0.32555923577476	-0.241875991008467	-0.490518351229975	-0.523376671193802	-0.442243582937865	0.124256215547368	-0.213088018848958	0.260267535052907	0.386059892480244	0.231862976880141	0.122829889011837	0.749188388162414	0.330957624443964	0.422760924520251	0.447734269112236	0.0973588634082077	0.299226729222737	-0.146933916650995	0.00378252770459572	0.163069358854785	-0.0500442692082346	-0.312331986054276	-0.154224697549903	0.0671238812635778	-0.299763340386469	-0.104191381812175	-0.207710042040182	-0.0813259181729908	-0.308127022213282	-0.224953564244612	-0.245441149269253	-0.196582619486073	-0.122974494991447	-0.16816039045926	TG 44:0	magenta
-0.205928132502511	-0.203108270483327	0.00986649228272911	-0.634375130895573	-0.357355426212393	-0.350715886291891	-0.209287133890552	-0.265604821206368	-0.194053454541972	-0.155265338656502	0.0641836663582621	0.281665471860513	0.301867012210008	0.107515173924151	0.237234806743264	0.35096893742143	0.136737671888197	0.000999785618155427	-0.00542581901206791	-0.298932119963893	0.24579618357213	-0.00120775000192218	-0.148420685418586	-0.0415386315744484	0.378488598090357	0.0167562647266278	0.21330061541163	0.215366477519972	0.425647960752691	0.072171521351645	0.12315661120382	0.0895404422583027	0.32074632350411	0.279216331676595	0.21745401610042	TG 44:1	grey
0.0356084704975524	0.104467655534687	-0.0416247390792174	-0.165017864160615	-0.304168140692172	-0.235372486182273	0.269278530150857	0.19190943943481	0.568686467625573	0.540704010647072	0.445598050185862	0.0362857535053638	0.426143799847127	0.0331283746712739	0.101441483475169	0.191940992446164	-0.218463073917418	0.179868826663517	-0.236227215788452	0.166660861696544	0.0876933900822619	0.0804765293559171	-0.262602817443975	-0.215170773374597	-0.148603503574187	-0.301744591123045	-0.230747202224995	-0.229095919219507	-0.162714504515106	-0.279163495595711	-0.348746378839247	-0.253576968725103	-0.228841293073035	-0.118345383020315	-0.273527837180949	TG 44:2	midnightblue
0.0153018654423338	-0.172772814240308	-0.087722312520363	0.162446859385516	-0.0821911096028824	0.12965473037858	0.355834830634349	0.485243935050943	0.862942625483968	0.595138940817919	0.261024487297814	-0.234403257095318	0.275884525219353	0.0129263224932056	-0.107406378903058	-0.130314849509098	-0.210730367871931	0.201725933758416	-0.31316569861836	0.0729522859804716	-0.173048338515498	-0.018819292457082	-0.141877796790743	-0.0854303233216369	-0.310827392526197	-0.429829272759188	-0.368425677756398	-0.180246479622057	-0.298663805078709	-0.411545855334724	-0.440749917098599	-0.428209859373204	-0.386717012726796	-0.360969484085203	-0.354359872345906	TG 45:0	midnightblue
0.0786544227078231	0.0793384867231286	0.224413120727081	-0.274512407293552	-0.356474998499372	-0.144648539440462	-0.0917434800271463	0.128772794582137	0.349252182948428	0.21886979419969	0.162782746682775	0.145891356179374	0.136880559907962	-0.0333761426586344	-0.0194634922453874	-0.0333546616731261	-0.0918259116459444	-0.0521162571255069	-0.118363378749171	0.00224966354731719	-0.00797542344110284	-0.0648126415544856	-0.226892155792196	0.0565975369909744	0.0511577731424896	-0.116667439223331	0.0603009535307198	-0.0736400610043111	0.0132987877055357	-0.227662225635981	-0.169818259363652	-0.29371043214926	-0.069232223419879	-0.121550201811191	-0.00611414359387244	TG 45:1	grey
-0.148348487496343	-0.201848303846942	-0.142143018306355	-0.245290573116103	-0.336828916667438	-0.212290664837085	0.140984619944313	-0.0568492920480517	0.357644367444854	0.499378923676776	0.334295527600748	0.253352039869704	0.894730363896422	0.245116062471011	0.403116131778865	0.424661976395313	-0.174387694226379	0.0950230135619286	-0.179322277764643	-0.0194423579324446	-0.127548451408366	-0.134037134505831	-0.395397763156219	-0.208375077069404	0.0402779049093515	-0.431165030158972	-0.194039394615867	-0.458749393297244	-0.355405062887473	-0.444373534407264	-0.316372664653306	-0.343858254768442	-0.383670512834787	-0.307745144885245	-0.392894692668409	TG 46:0	magenta
-0.305327846741384	-0.366454770170155	-0.365292985045315	-0.433765068375507	-0.347589884348729	-0.337671355115969	0.0701913667145224	-0.276327717295463	0.258673893291547	0.452741922022592	0.292875528279939	0.184214180103811	0.942425574359077	0.394476381060668	0.631612356555146	0.550459030010812	0.0188365292214834	0.0792721699915174	-0.203829449574602	-0.093917342833978	-0.0977733871870523	-0.283902868930617	-0.352828250297713	-0.15011246922888	0.180103285394877	-0.486841598469054	-0.241314798471552	-0.46604864288414	-0.15426967709399	-0.415496945541276	-0.324202371741338	-0.26010251239804	-0.353382579909547	-0.212292961541812	-0.499384638407046	TG 46:1	magenta
0.103459081741988	0.133176482227969	-0.0031062325736766	-0.194744859166648	-0.3493137745056	-0.234666447416559	0.351394369146239	0.31742315449249	0.649797646616579	0.730721852729648	0.466310947608751	0.201794140949712	0.533732896920661	0.0733411829741425	0.167270750514498	0.139319620157407	-0.38724089078305	0.0361859042876955	-0.0833734696671001	0.166365940246347	-0.0780327048059491	0.0470602396684109	-0.287496603690833	-0.179387226114874	-0.190681785489426	-0.368068313465588	-0.264489644985365	-0.446542138440855	-0.464514454538367	-0.414945757880183	-0.427657698688312	-0.49876638560211	-0.364192574684375	-0.336425601269811	-0.371585750011124	TG 46:2	midnightblue
0.0548714691390766	-0.133441456730005	-0.155285250431455	0.157793794430473	-0.147912954577245	0.0504502706656129	0.399238231049491	0.487039171431552	0.823638777458696	0.684852038961816	0.362860536970089	-0.0136554065666534	0.508844831558494	0.0667581231619487	0.045259520628572	-0.0220856694268532	-0.231738748802834	0.222142035075664	-0.267270357434513	0.14289656442071	-0.226292807333367	-0.0201680282304988	-0.211190578129007	-0.129282333832927	-0.409221463258614	-0.471377275164366	-0.45952287444956	-0.418410311342758	-0.565808433219288	-0.502072262454681	-0.492236515552498	-0.525617835155158	-0.535927090025965	-0.518873398357	-0.414956673148217	TG 47:0|TG 14:0_16:0_17:0	midnightblue
0.17285644917133	0.0249653962650955	-0.0247515344753567	0.0230370794218495	-0.174862815451367	-0.0567055207687206	0.230628855469729	0.454666580025287	0.740786651530551	0.417515482164886	0.0760496120043242	-0.0959035198084505	0.0359879551999406	-0.127926418623368	-0.104057055311859	-0.331310776421213	0.0289426221214288	0.0392277745536168	-0.229721476084639	0.146423286881379	-0.0305375872798441	0.0459595728967358	-0.167013480091274	-0.0132956546072488	-0.24164251864587	-0.160143589482827	-0.150493513743891	-0.219263702461035	-0.272136929901357	-0.433531120514742	-0.279318882749847	-0.331055825290132	-0.346773264725078	-0.258676805411436	-0.191996165466422	TG 47:2	midnightblue
0.098860202061703	0.113517306457753	-0.042446532480951	0.35072063308758	0.124899945285479	0.207784618005538	0.250909428519754	0.471229364768402	0.578339200010872	0.234766729520041	0.0397554811491245	-0.382149230109868	-0.21652751737408	-0.0620111851527048	-0.208668634411335	-0.389645644719642	-0.0630856769646766	0.150099517557274	-0.113654387417751	0.300504704890906	-0.0539343881220498	0.0542738379484469	0.169948719636502	0.0767618094320144	-0.417902127554058	-0.185387431230946	-0.312988073737296	-0.0279637439418386	-0.188996341684393	-0.0926071633503388	-0.206687182901846	-0.203111711987301	-0.197571845504226	-0.183109572377896	-0.116784644372872	TG 47:3 Isomer B	midnightblue
-0.343699850335203	-0.329926029396636	-0.314581299109837	-0.3975534904883	-0.331010724915	-0.290374355912049	0.049748564137931	-0.273471749901475	0.119530369972818	0.31495932122341	0.258350460329814	0.25461357802773	0.917950947692052	0.415524245648185	0.636378091067474	0.618910498875126	0.0187667587625541	0.142810289689089	-0.0663578600272703	-0.0936018915607095	-0.0899025327035398	-0.308321212463004	-0.313011693290578	-0.128133838191216	0.184718746629493	-0.367257737040331	-0.166398055684772	-0.34801072545596	-0.163947204379232	-0.341937158073577	-0.187146196990513	-0.179812708346616	-0.214655075304712	-0.142485932638832	-0.310104361590511	TG 48:0	magenta
-0.377120015482372	-0.340416342006243	-0.384470317324279	-0.50368723912328	-0.321610609357374	-0.359018313352603	-0.0050036135037953	-0.383699494614829	0.0420451418548006	0.248894558691028	0.223954624137391	0.271077942906775	0.909495416458221	0.42703239345415	0.733946754657538	0.645082787718132	0.0360124811493844	0.0818024984930644	-0.105369477612384	-0.180175259597859	-0.0593908398551064	-0.331130790892718	-0.371751382923022	-0.131709600543233	0.378562304524622	-0.380365066419836	-0.171842184040603	-0.386903056908991	-0.0674975153173497	-0.403434594321078	-0.161177891786225	-0.124708923250091	-0.192925972656397	-0.0982035304393723	-0.355928128216951	TG 48:1	magenta
-0.414027976629601	-0.314313313265799	-0.462374908032998	-0.486820795993565	-0.366344899889073	-0.389554846204807	0.0208173072562553	-0.344686835926989	0.138975385907614	0.339346172109029	0.258450686192091	0.174903555955007	0.854613822361584	0.536336346415079	0.796279688313033	0.6493910913908	0.0741364151405811	0.226353624930771	-0.0692916018115046	-0.0568665949805242	-0.063528946134851	-0.41126693386905	-0.277715239951521	-0.0188356907378657	0.277481157178378	-0.456517775501481	-0.310920257332426	-0.431599106027178	-0.0973862420311949	-0.39094800796689	-0.231025502208162	-0.196600530848468	-0.245681409605123	-0.151556151341847	-0.386482026939363	TG 48:2	magenta
-0.358984701413141	-0.306232838087557	-0.419427317967427	-0.43748423146285	-0.406521235806365	-0.397664831244951	0.0294718952483775	-0.303460640270716	0.170837948192031	0.377885652538323	0.29669226363944	0.141313429803645	0.798604990933501	0.535833210278015	0.768970228904776	0.668658222057023	0.112134461544417	0.203905809662549	-0.172449583191256	0.0566095252030122	-0.0553469048621716	-0.417736060612823	-0.301898793852096	-0.0224911921015024	0.193630675617338	-0.422987469631465	-0.278238989127394	-0.441499852804038	-0.151251369263545	-0.393780820576732	-0.309224576058273	-0.280818817364421	-0.306480142735228	-0.206238860036805	-0.418318201323505	TG 48:3	magenta
-0.0195889433342481	-0.176033818570114	-0.215723720312241	-0.0237949767823785	-0.263991787564378	-0.0730605042371334	0.377760072390788	0.233004624817216	0.618914862575796	0.627415881187734	0.444584138186205	0.114884249452584	0.794271022075322	0.197889878459276	0.329990149081571	0.277142173326869	-0.240730167072272	0.107314326519337	-0.189687253478069	0.162705442097381	-0.226372925203925	-0.137600992939433	-0.252214605165244	-0.106775286477041	-0.273804955825651	-0.485006737575323	-0.413499503795213	-0.564342012066338	-0.604062380304102	-0.480176599399697	-0.527693221507489	-0.511302712338718	-0.573901330419532	-0.493907543831564	-0.510113633738707	TG 49:0	magenta
-0.228935821843413	-0.286874338400709	-0.409445677358001	-0.35980733058152	-0.337665990827006	-0.27156486866475	0.219651825274405	-0.0646366265580768	0.454351500795094	0.529558098947933	0.397658788090765	0.212747522195997	0.908392975857079	0.308357919502342	0.588696012577104	0.468309389771818	-0.0749393815934938	0.13027254919213	-0.210097492318136	-0.0547759689201346	-0.181346451283419	-0.274484311000744	-0.339027315066664	-0.0833178104624526	0.0603818548685582	-0.544811131171383	-0.411954219713768	-0.55906184685999	-0.329543393476454	-0.5224321691101	-0.414911200273028	-0.382078528502441	-0.436246783908683	-0.340273407004422	-0.538407195305963	TG 49:1	magenta
-0.186000096797583	-0.160507866784802	-0.446994888671798	-0.182307504486281	-0.195642891464311	-0.132779583542047	0.325564233978171	0.13711754219844	0.622386903804823	0.515745959822309	0.283178915238655	0.0406908391840579	0.670384357375132	0.337966495820361	0.530040539120423	0.243607977454571	0.0171487061193171	0.182291713239663	-0.32236995785632	0.0785025992289231	-0.182169361563884	-0.352105501460645	-0.267947597954004	0.0165216691367744	-0.0113768911764363	-0.546745466403055	-0.543019298527894	-0.534890628048832	-0.36028094908532	-0.547507752619412	-0.49462729526643	-0.418544855096947	-0.482791616865464	-0.378128799552129	-0.542149236909608	TG 49:2	magenta
0.0604676609434205	0.130836545176906	-0.0730521991647174	0.120909015666454	-0.0261310488161075	0.033482220098431	0.318635063348498	0.329338710542785	0.663334864989245	0.418594690661002	0.074062808421665	-0.132977685843911	0.290136582105987	0.0162355476649898	0.057558703213722	-0.193202663854914	-0.175545145448058	0.000846737450038515	-0.214802089049771	0.162558226074575	-0.0413558642749868	0.0228202557985235	-0.156166617837333	-0.0512527354383025	-0.124792176739326	-0.288466262812331	-0.329001922740905	-0.413968131332272	-0.407210841554368	-0.378052169611257	-0.356110244171098	-0.248947539206942	-0.42008743498139	-0.268013620467033	-0.340182346755992	TG 49:3	midnightblue
-0.342339722337101	-0.314027210330516	-0.326947040848421	-0.360665849214963	-0.320855209052421	-0.278625976606181	0.0806234996148034	-0.284128922597156	0.150299752393922	0.370856981135021	0.307997961741634	0.192545559638751	0.905204809715364	0.430852741062856	0.678048870971424	0.675737822494037	-0.0299696858092254	0.0813153130928952	-0.00990476369687897	-0.0403122854433877	-0.130965695370823	-0.352014676557928	-0.287609387868794	-0.108456838734196	0.103080802551123	-0.388609977229977	-0.176800746811612	-0.352205805522989	-0.198687793039904	-0.325877446415631	-0.238419077012173	-0.195012846535992	-0.241854979904887	-0.143080028822744	-0.357206495944119	TG 50:0	magenta
-0.536967662111388	-0.431537029530743	-0.510614969277219	-0.595987776426212	-0.343500032750998	-0.416196847826061	-0.0464641999036619	-0.546851320453831	-0.156546127374418	0.0778781501996042	0.137964086035618	0.215951109003185	0.749073642041346	0.573835034293568	0.861771865772347	0.768871896723663	0.261284179260861	0.184234549918533	0.0713138827174207	-0.156461197217356	-0.0289605147883759	-0.48419093693169	-0.185959645191193	0.0351179847128259	0.403584558967595	-0.255900176411793	-0.111705021776167	-0.176360092533397	0.131366664892758	-0.209926618161738	0.0312090025746526	0.0663147061666411	-0.000498525489511649	0.0734786722170289	-0.139670453229133	TG 50:1	blue
-0.569105076427097	-0.420347458513811	-0.593773379003634	-0.589074086141551	-0.295770219247949	-0.397225970500891	-0.0369726397136323	-0.528052698293685	-0.153617902117882	0.0315870438646056	0.100023611920629	0.177187431043662	0.686692128735203	0.636102401829834	0.928167147014179	0.738898758003828	0.305164755831501	0.215296245301612	0.0226480562336486	-0.114415421485171	-0.00169916133562481	-0.54583187272876	-0.154602946081248	0.0973754086208032	0.467205533581721	-0.254581256550372	-0.17715148650221	-0.194730568760601	0.119214796626812	-0.255368417568246	0.00801692429136371	0.0673623653010842	-0.022833873140195	0.061256417833472	-0.140345938911429	TG 50:2	blue
-0.593940697288078	-0.450591722484521	-0.711006083346073	-0.512810138881176	-0.243014593213212	-0.366698965697128	-0.0226412437492651	-0.535574790030222	-0.125409789263586	0.0163046616676883	0.0842414158343119	0.0625483043349913	0.628867598664196	0.753829464256688	0.968096859224811	0.718921008581518	0.390817331192831	0.298373768546051	-0.0539831317948211	-0.0279652311156751	0.0214616895782037	-0.579621237555455	-0.0982849697285695	0.152802581597468	0.387826226492904	-0.295815505004879	-0.298487359456636	-0.218104410916772	0.107001869588314	-0.233019708024604	-0.0896422004405166	0.0273173876033149	-0.100565364027223	0.00630530688545148	-0.21837994317165	TG 50:3 Isomer A	blue
-0.524902986880969	-0.35920261054121	-0.608168493985459	-0.417644749940473	-0.258105832824618	-0.33428945202286	-0.0610023820321173	-0.483098189250435	-0.118027415416413	0.0240692534398274	0.150784795872557	0.0884154805041145	0.530451294357414	0.781607225777906	0.905033897016265	0.707768791907673	0.362332627664681	0.269907666329863	-0.0641844162015747	0.076545344707145	-0.00988858188084552	-0.569466086775574	-0.0938220226908736	0.181474262255013	0.278850665217815	-0.260773718757596	-0.274641099475693	-0.266027873289546	0.0397491750131643	-0.214871186748846	-0.106442656458272	-0.0699115314881945	-0.148144230744396	-0.0731900032369999	-0.196595646854028	TG 50:4	blue
-0.024527383483642	-0.0686360056956505	-0.139316863150869	-0.102595074327016	-0.374998144107898	-0.188560750524372	0.28763122039446	0.159277011977467	0.618781108890188	0.593040100911603	0.412129341401617	0.012988406007561	0.746676782327899	0.118777036017085	0.291575351469636	0.283803028216869	-0.27546272233565	0.143036405580929	-0.123790285952969	0.21108941252482	-0.0331817537246858	-0.0418458957800845	-0.284244246533087	-0.144119588965468	-0.188311336759468	-0.513983714478677	-0.300470999739697	-0.338700035682872	-0.364966985056555	-0.421049334530755	-0.409184772646245	-0.418950069482923	-0.409907410583991	-0.310601390057745	-0.393369688862409	TG 51:0	magenta
-0.275200194451981	-0.330554061640134	-0.39225010755582	-0.42710070190685	-0.343958453386367	-0.314733810242046	0.14905844396166	-0.273484963888108	0.273386970368865	0.398531949910072	0.33981371848157	0.200019598483671	0.929655803683395	0.401635717090617	0.715469769760832	0.585404396856459	-0.0642298089119931	0.066850032089262	-0.10166164970866	-0.0725475274880854	-0.159209662668732	-0.328961164527803	-0.375703927126536	-0.0918347508295483	0.107216760945001	-0.464742250848955	-0.280066561112846	-0.530160031123115	-0.251127795140491	-0.493785245071588	-0.356970489660682	-0.322334839551943	-0.37886454680001	-0.292553483005572	-0.511498685622063	TG 51:1 Isomer B	magenta
-0.420254217603892	-0.356363033396846	-0.541827875181953	-0.549219563468306	-0.402150080988131	-0.419659445416627	0.0883340930503887	-0.38987557688059	0.120262776359564	0.274882522420667	0.286181747504854	0.186966842774731	0.822925330076558	0.546939446497827	0.878975770368271	0.705554073728729	0.114543208883602	0.159672504784824	-0.0838090529650727	-0.0375030277883745	-0.0973835772599715	-0.463458511922824	-0.261492029261315	0.0522271684484799	0.253059280716893	-0.430672404263579	-0.299966332452875	-0.427266573199358	-0.126905006578358	-0.442878425223233	-0.241743603303546	-0.200652618470098	-0.279491324188928	-0.198776677934912	-0.373789766009847	TG 51:2 Isomer A	blue
-0.492058269386522	-0.391959605904999	-0.717538644488115	-0.426878495660419	-0.318712706332094	-0.371443484438143	0.0734324268655301	-0.383969365210978	0.112555754292972	0.185618875760537	0.251575358421785	0.0685413771706871	0.721744731281583	0.740115927537468	0.934505878445218	0.66772806380656	0.273421705768616	0.309803143320848	-0.1515527374405	0.0722115112960053	-0.0369690068095615	-0.518563548029442	-0.156617602127498	0.147069498669524	0.194032832730038	-0.453968553961068	-0.453425750797259	-0.413861377879794	-0.0944240422399874	-0.375355903872721	-0.278902603304322	-0.190169621551679	-0.301212191665983	-0.199862298274157	-0.396888139365615	TG 51:3	blue
-0.443948881602517	-0.360029035106603	-0.665156122735352	-0.356945269867916	-0.328481966902777	-0.330787928617686	0.0505417787785887	-0.312009487035983	0.16406581112358	0.126019394210732	0.349994709703871	-0.0133541043843229	0.525194017919964	0.790733148472345	0.817617167642135	0.621909521023772	0.300193512770998	0.370191917196487	-0.144941298215998	0.171026579908745	-0.0220814219229745	-0.483824793586486	-0.0953125058295085	0.210012903976563	0.0176142361765432	-0.380038815361785	-0.421869405409141	-0.37370889641753	-0.081145001888293	-0.360379656607584	-0.304230900769286	-0.262648918093185	-0.334630342433143	-0.237442033493098	-0.332681375027398	TG 51:4	blue
-0.146083311085992	-0.153002463019299	-0.253154690006901	-0.132713582438462	-0.358290354388659	-0.222772655001678	0.286582298534085	0.059969208939554	0.450046435811749	0.658364666004715	0.542327049644249	0.118155750648899	0.82679309814578	0.326778580564138	0.516399539864701	0.579522252333507	-0.226962791836256	0.1133059021603	-0.0531958970553752	0.200552283344899	-0.184003291851407	-0.270059049573397	-0.31142115025122	-0.134949767310742	-0.233041268868568	-0.496089729276507	-0.327764058486481	-0.471925335448838	-0.464588318201781	-0.418280789554278	-0.475216307024868	-0.447109233067037	-0.46277670988911	-0.349584871291803	-0.483159857797799	TG 52:0	magenta
-0.453615946310269	-0.409566141393535	-0.487480061709565	-0.512286412156853	-0.353445240226113	-0.397146598511856	0.0622041633814731	-0.454590662527268	-0.0596723644257892	0.23411384183229	0.301480828365292	0.225889014060314	0.815285811346045	0.551216440322498	0.842117608189407	0.811250399959846	0.143447616011426	0.100469978585517	0.106789451482974	-0.0454410847093576	-0.0540358576471924	-0.429352798421177	-0.197832134848901	-0.00883289507037012	0.1882985837106	-0.313416994554464	-0.157182904740826	-0.258630574230055	-0.0198981522304491	-0.212421095850197	-0.127399297424134	-0.0595659964717192	-0.10589189755557	0.00351548079130752	-0.267273432397865	TG 52:1	lightcyan
-0.588560306327413	-0.420763469341662	-0.632744222840757	-0.659767353599734	-0.345385721409925	-0.471328802950995	-0.0479070055580438	-0.59672431367183	-0.202212926805561	0.00219993008739854	0.144728340220028	0.146072476338972	0.584445352383066	0.661406164437429	0.924036727734985	0.787361394982941	0.381168101238505	0.220672338654966	0.0989969519062786	-0.0978914136813582	0.0419275693973606	-0.516634366365588	-0.0660011093898367	0.157582519285829	0.394706674543189	-0.214313030649818	-0.151299837268061	-0.0988003186169571	0.240127702323318	-0.126789821935214	0.0594509287564146	0.140139335555705	0.0580807056362086	0.154233774450458	-0.0481685037167428	TG 52:2	blue
-0.64638662297094	-0.461606204696782	-0.7646194314533	-0.512643171077391	-0.229267055975677	-0.366999701222015	-0.0307282958251286	-0.529943686531511	-0.224422452840434	-0.0974984543344976	0.111332818144737	0.0717205974639353	0.490810150137986	0.807828690637519	0.948547406574368	0.763188807009459	0.498977945325801	0.353074114822458	0.0588266404611093	-0.0188605222702177	0.0482135883930236	-0.582596834346122	0.0426448158996179	0.229687903488578	0.290511331989517	-0.183256675628955	-0.2503783350535	-0.081151627084135	0.202267848425589	-0.0733067101215595	0.0291480479349632	0.13490258659992	0.019532929298652	0.11661117761267	-0.0441649897895689	TG 52:3	blue
-0.604289261121166	-0.384938308788166	-0.693224223480131	-0.402804156314214	-0.218199202086389	-0.303870974624698	-0.0298618131712776	-0.453481107394928	-0.162531690885691	-0.0922954204759137	0.0877037425419138	0.00922774415360571	0.364328173617486	0.80958089195511	0.87558020492124	0.684959357524643	0.490956664680791	0.411666623480778	0.0511678026559949	0.100590342709778	0.0152539073314738	-0.607655977361301	0.0883094135017424	0.29760347180444	0.203554267620876	-0.161799741444378	-0.271435343963496	-0.0791784844322352	0.148791008957952	-0.0356966473954364	0.0259699080490138	0.0813136747745593	-0.00923016247713783	0.0493976867712908	-0.0307753901652128	TG 52:4	blue
-0.283688506269881	-0.159385125883695	-0.332079390467279	-0.811093632425072	-0.472289581210921	-0.64213036913051	-0.0342907803309979	-0.425625857792817	-0.246270275179261	-0.120421442150947	0.127530277478693	0.34413408166455	0.392080079926996	0.397672650745844	0.760022794374956	0.631876464724984	0.330056967261531	0.0679257974026301	0.17579802158817	-0.161596673038437	0.223406439911583	-0.242586066382575	-0.227002378258663	-0.0326355399566497	0.308801107499557	0.145390167839029	0.177937268708775	-0.0102225447714022	0.31031930288419	-0.1223514524414	0.129874974199778	0.090019649228186	0.242778577700618	0.2189002017789	0.054439425411684	TG 52:4;O2|TG 16:0_18:1_18:3;O2	blue
-0.547134071429092	-0.201786619415204	-0.542529312256305	-0.253758497538067	-0.0863738693483699	-0.147181273076938	-0.107431080958025	-0.267785939418402	0.00387784322373367	-0.0778218650242239	0.111717354332374	-0.0336618285969264	0.283701293925668	0.693391388942439	0.714681283116305	0.541243121274867	0.310269647031978	0.390628268255817	-0.115214195204678	0.0941523327399177	0.0299857385194653	-0.542523561946654	-0.0115601699017269	0.229604119958474	0.245737386149586	-0.192850560372634	-0.350717828960179	-0.152015361600183	0.0310186574169463	-0.0808530282269214	-0.0418649550679527	0.0179159109946766	-0.0483955865055817	0.012590000378487	-0.0609806963608162	TG 52:5	blue
-0.477552289947646	-0.352012439512377	-0.549746844238216	-0.564577115610277	-0.381373766302502	-0.426070661466768	0.0528194982559956	-0.459021495300596	0.0566421043314702	0.22900339540332	0.296159389053096	0.156821885736416	0.787307053099236	0.55869619650104	0.87180913856237	0.767125347936183	0.136777418540005	0.165202374083057	0.0406069199048352	-0.0451060631166181	-0.0733058226291672	-0.457880436725878	-0.215124931359103	0.0359256450795594	0.225132998426521	-0.408480504442458	-0.264598098368041	-0.348653063770663	-0.0519489786849334	-0.285259436028733	-0.168171481863425	-0.106658188260209	-0.189992263911333	-0.080941118506005	-0.275884727790632	TG 53:2	blue
-0.54370425615266	-0.419922282540262	-0.668538620521424	-0.500390833875468	-0.373636793580372	-0.43202115663928	0.000980527928748403	-0.442367090631147	-0.0203352710989321	0.179380142450735	0.341099401908707	0.139950413474231	0.6845400648819	0.692792347505544	0.947915670349774	0.808297798489378	0.257264316887013	0.243344764759941	0.0187322014139351	0.0623335539914864	-0.0221723076905931	-0.528216466966686	-0.0837097168372959	0.195296437096552	0.227494828727328	-0.417386740542321	-0.367083929476635	-0.279796373090788	-0.0121673172558277	-0.26217860233589	-0.139442081500853	-0.0651497945020757	-0.212074775772478	-0.0914668145245531	-0.201024499858638	TG 53:3	blue
-0.445514973507033	-0.330419498357131	-0.650487363120906	-0.384984924098534	-0.413709938933746	-0.41392339940188	-0.030869419819378	-0.345844729491292	0.0822836628284966	0.139917341944359	0.323585827643216	-0.0200609015963586	0.610276945908084	0.775828683610044	0.915642662371584	0.723676267115467	0.262515307502923	0.302793866287382	-0.0975515396809766	0.187696443608065	-0.0245699123580026	-0.499448732769794	-0.078322471066303	0.206309312236954	0.0768226398853145	-0.398870739334602	-0.37634354873744	-0.32906092971018	-0.0688826950836521	-0.32648826798766	-0.255102770418679	-0.210331540669765	-0.326456925409844	-0.218710324277414	-0.299430010462088	TG 53:4	blue
0.0229624007562367	0.00989193053753319	-0.124452965090239	0.0839488314989355	-0.21303256734024	-0.0787528958163584	0.326886334127875	0.342634909819086	0.664359760987285	0.833105010711489	0.68040134686554	0.0551976047678776	0.565457722224069	0.119439233409729	0.251648508480095	0.325190055748839	-0.409839182045406	0.0534362729162972	-0.132672049783373	0.221477199743779	-0.317472050379349	-0.177809311701921	-0.229979533390601	-0.0940292397521571	-0.431206919118763	-0.470413265937178	-0.39342157139726	-0.490520598340921	-0.573933161972494	-0.445695048854473	-0.494941707205971	-0.496669148048464	-0.506496939265207	-0.433996174643395	-0.458039332904728	TG 54:0	royalblue
-0.262960426564451	-0.1985332458783	-0.290380204231527	-0.325232824153329	-0.429727247354148	-0.383571636831818	0.124035082563084	-0.215772810593815	0.24477152705935	0.542453784689504	0.56582326239456	0.215634631923543	0.811055655150465	0.43342127387531	0.66959356488648	0.782074863042775	-0.143613563791527	0.0944341861183028	0.0197887860333966	0.109382722153338	-0.108958265849265	-0.31457862397898	-0.34992716891514	-0.15130402788821	-0.0545992105357338	-0.447803724876721	-0.224826599324761	-0.384264853119104	-0.255243874101498	-0.355849497638668	-0.325289323734337	-0.307957144751755	-0.308954987225743	-0.20308368627283	-0.411673884920266	TG 54:1	lightcyan
-0.438266961791551	-0.317635598969007	-0.468012564489981	-0.520954715932881	-0.391953332853875	-0.473196294096331	-0.0569303001255329	-0.480899338831712	-0.123238643727972	0.220433592957624	0.48070953374239	0.241424963602459	0.66491464231373	0.52365235770878	0.800800937911034	0.953180132378805	0.135006377088926	0.118755744232804	0.132034256656925	-0.0492935084117778	-0.0121614394900111	-0.376795169573813	-0.18461797082747	-0.00497721393484356	0.14134854483374	-0.259607991887408	-0.1192462331741	-0.177361547003356	0.0650706012256105	-0.143729996261378	-0.0692093715937512	-0.00629243575975107	-0.0656859007755425	0.0714511270812773	-0.166669527420104	TG 54:2	lightcyan
-0.438991610917294	-0.297482692057031	-0.559060707426228	-0.56728097826035	-0.41348256470396	-0.555491062289091	-0.0338609766686875	-0.464951844006422	-0.217905320559216	0.0489325224446434	0.442939254389665	0.234969662953162	0.425840942243005	0.612068038214563	0.804370434879379	0.887934838678542	0.327780601879466	0.209879747082851	0.19302910455468	0.0397017043034355	0.131285336750291	-0.324540794840456	-0.04970834350439	0.120603689918036	0.127194926188512	-0.13601721087552	-0.152612235037127	-0.125209446344974	0.179149960616898	-0.0323184631091889	0.0344279640531707	0.0656076255231642	0.060318893778275	0.164386445672708	-0.0392999246221871	TG 54:3	lightcyan
-0.435136259637175	-0.273902098877681	-0.619662198757731	-0.392879024699115	-0.317286426810532	-0.47820520656036	-0.0688651318456048	-0.347919266627217	-0.217301049937713	-0.0452450397223175	0.406853842609373	0.0961665953605429	0.318332519079132	0.696846109304838	0.766602460697744	0.81400648816863	0.378126918079674	0.340360611803599	0.0657471788365514	0.142982424644819	0.187544127653326	-0.291222163890353	0.0196513966170072	0.103975235499488	0.0443489410378875	-0.140697371108855	-0.241769629868262	-0.0688422548088203	0.179298287685307	0.00999482717105209	0.0152956727868239	0.0436422086326343	0.010029454646332	0.113116727049732	-0.0404852703600382	TG 54:4	lightcyan
-0.463005611604916	-0.167033977941933	-0.447713600428715	-0.247058230184225	-0.169210679677463	-0.259893413613628	-0.204815351075992	-0.275619072731474	-0.159772836531584	-0.159553104791239	0.227071476720654	-0.0190523155154884	0.201314527121663	0.614438710642755	0.628368925153131	0.684808942883379	0.302349621702898	0.378329684077247	-0.00897371295848794	0.142858758293546	0.12537325692115	-0.342167471212476	0.0445725281425735	0.138080963421501	0.116950114525801	-0.110567148799036	-0.210437170949216	0.00250958931124547	0.166608642002892	0.0812747558749159	0.0864987974882912	0.0955751696077354	0.0105001421761171	0.0775694662910232	0.0523847753159839	TG 54:5 Isomer A	blue
-0.328330370321862	0.00582446137980728	-0.307206894537567	-0.139375310495034	-0.124543917837585	-0.176003554636872	-0.152734078759942	-0.064716432810608	-0.0473422056867471	-0.15073449714552	0.208963042136293	-0.0423265286319707	0.084115779134631	0.522454121251688	0.470881208432744	0.470952689952727	0.19581272860728	0.296224971358974	-0.059773234022767	0.215442332011138	0.164171244751401	-0.236411536312799	0.0119804624015188	0.0888199598174548	0.0946518520289058	-0.114695682887656	-0.249640649347823	-0.0203623273805086	0.0649294321193293	0.0660182161854712	0.0131295670468791	0.012949355319982	-0.0126559268729215	0.0559033373467621	0.101225023419397	TG 54:6 Isomer A	blue
-0.575136472972133	-0.425946305650182	-0.631237992489304	-0.215472947961956	-0.146285473292189	-0.110136195224678	-0.0665131025796902	-0.3293737889136	0.112522403215916	0.0668536445515351	0.148534215982547	-0.123784324267873	0.396155783589598	0.860889070920759	0.66994208011116	0.419401971586989	0.284413168821769	0.514142084189429	-0.18535211429824	0.188528675518038	-0.00425057548290482	-0.523787685631971	0.095746389960237	0.328581888828992	0.108563075922593	-0.40748816707531	-0.518363430247114	-0.216752065538868	-0.0422183214872312	-0.161550175509688	-0.190314571088105	-0.118572848834265	-0.236687115232829	-0.156201178776341	-0.141634502487885	TG 54:6 Isomer B	darkturquoise
-0.141231587681983	0.0142950254953707	-0.183980682095782	-0.0288615684046025	-0.101607471268485	-0.138053010563089	0.0216790182773632	0.017766101911829	0.0646798519453232	0.0103182809330617	0.144950268575401	-0.0179168381115968	0.151224561338133	0.376467500484469	0.386373120058406	0.351089560802725	0.066400216656132	0.223413292756642	0.080595220661981	0.240563764532789	0.115275148411135	-0.111083115023212	-0.146343347614315	-0.0885172047053665	-0.140458092366168	-0.037445283775039	-0.13454991138657	-0.0827435117537663	-0.0921025415419212	-0.070619639306363	-0.0781406648950284	-0.155512921081594	-0.110289105881908	-0.121730637690552	-0.0905201768899395	TG 54:7 Isomer A	blue
-0.225503902694321	-0.147723876973862	-0.355223244586129	-0.370224428062983	-0.410533675891056	-0.486499581979152	0.122727170370292	-0.125646477908361	0.0780238788400158	0.275789482738176	0.491522967739393	0.143910023451609	0.523561552428484	0.22998504928728	0.613556632840451	0.651765163474639	0.0990462813961295	0.0136539965015015	0.0580302944917564	0.107602091461052	0.0174257002420916	-0.247158296522689	-0.133602119778229	0.0225049975239756	0.0692326119596619	-0.338668953836836	-0.233827474651206	-0.263334278579456	-0.0414160358305252	-0.21049970217361	-0.125741573791995	-0.0992753173950683	-0.260925082337393	-0.102849049971029	-0.260451756301281	TG 55:3	blue
-0.0402784007094763	-0.133084467137186	-0.353400098251123	-0.193514384611931	-0.247436691565038	-0.276172309824945	0.0969127295991506	-0.0200595371194892	0.222128955897263	0.221321667043468	0.499068873527337	0.0995854367883417	0.361442807638102	0.409089470925809	0.489064271531542	0.402281377827001	-0.0372921368359218	-0.0171106585461463	0.0443831859874825	0.169315218817692	-0.0955037338653051	-0.128403248160669	-0.235175282274882	-0.132587847957054	-0.241811219247176	-0.365996430276088	-0.393765433140174	-0.510031941033671	-0.312667586089442	-0.383183188821851	-0.424941576152378	-0.458586821440233	-0.399534233487137	-0.371264865528233	-0.435742244955819	TG 55:4	blue
-0.0569857765594657	-0.0339804237605259	-0.150954995495476	-0.23927518752026	-0.382148790627965	-0.332647915294359	0.127964110156357	0.0136940764973262	0.434236196643108	0.63914326690782	0.81456413265271	0.24952456207204	0.633073826420283	0.2918544987563	0.48258482116332	0.63025004699427	-0.313220016646346	-0.0520802210934921	-0.0790286545159655	0.0960207920725699	-0.22738070566714	-0.197855746438177	-0.347633457650006	-0.148173188470755	-0.331705372292378	-0.375523255560978	-0.22877491595225	-0.545569402549535	-0.391902732079634	-0.414888167520767	-0.44927063879693	-0.465937802354365	-0.412188947549392	-0.353028141495049	-0.482073908730818	TG 56:1	grey60
-0.0683886608448405	0.0592561344433213	-0.0860387553847814	-0.234681057501347	-0.453452160276359	-0.448664216200674	-0.0476617347441938	-0.100523244238576	0.0789245333980061	0.447994296268204	0.862541270472982	0.34793410832121	0.484919467679183	0.311165192091182	0.474248004304997	0.773305250317538	-0.237257090685683	-0.0207961850139198	0.00329705471780543	0.135495083718251	-0.0621460769521464	-0.129116051031802	-0.373077136284781	-0.165600091427308	-0.182763363139118	-0.293437709650357	-0.174593609763773	-0.451530240496702	-0.275970347400815	-0.344093980543834	-0.25436241777913	-0.341438959003253	-0.275981121920101	-0.225096407102583	-0.236371111819018	TG 56:2 Isomer B	grey60
-0.347998203350723	-0.164817049606403	-0.370885015017538	-0.376972382779521	-0.353002070685994	-0.465910422996126	-0.178882383361168	-0.351444236173843	-0.207163535763292	0.144283061292777	0.636463117867429	0.281110633536505	0.39103505952624	0.498319357142011	0.667034411538239	0.909139307341578	0.143247024233407	0.0494638652482556	0.0572831779437231	-0.00373775822637417	-0.00871954623608426	-0.294670100565954	-0.120841279089006	0.0537931876062812	0.0188006171941638	-0.184640702579042	-0.15548847959618	-0.17746885488704	0.0715308994817295	-0.0974161832023207	0.0130766679682447	-0.0191556976019986	-0.0254889711788545	0.0456755848472205	-0.0496220319642279	TG 56:3	lightcyan
-0.45740890174299	-0.270592884996114	-0.543082883065898	-0.324452167998188	-0.249017099228285	-0.35233993676424	-0.168552950587446	-0.358538351189434	-0.153463473772837	-0.00424828337212372	0.439674196580092	0.102301277422257	0.360090422902337	0.699131021558584	0.754556598112175	0.816838990046033	0.331106495146932	0.203298393562359	-0.0870389605592679	0.0566492315769375	-0.0347762917270636	-0.443573470515021	-0.0323745395835558	0.143502236379002	0.0688358091097794	-0.227973928353125	-0.293912378513098	-0.246250332244546	0.0818420005666599	-0.112564981316284	-0.0300962542978889	-0.0608383970153781	-0.100031887345008	-0.0514982423851741	-0.132042789072532	TG 56:4	lightcyan
-0.693578767256045	-0.516205332611793	-0.764747892836237	-0.289391361436405	-0.127166311625503	-0.160426681249263	-0.0586445445683273	-0.506895449003308	-0.0223766400507826	0.0298778323275535	0.197521078077361	-0.133494086717949	0.456139987071285	0.932917796255345	0.821259788582337	0.635784449289623	0.395792569037765	0.439844620104414	-0.0299798444669938	0.123960175729392	-0.0910999776776713	-0.653620745130247	0.16082029542062	0.362586008225575	0.125692341537845	-0.454081004667081	-0.501106691320553	-0.199948925514854	0.0632380976716818	-0.0623641460715087	-0.152549611764741	-0.00893464266871501	-0.205669661676708	-0.0652305202048114	-0.129678577316038	TG 56:6	darkturquoise
-0.661319827395375	-0.482668783958946	-0.769579785634467	-0.308871460218679	-0.194178622009083	-0.242544174585611	-0.0535178617296724	-0.453539919708553	-0.0358697431750406	-0.00459247233639269	0.150313676048151	-0.157484377584052	0.365440177164821	0.934724939674785	0.782751801703111	0.591141755183355	0.512566022730285	0.539757173842932	-0.0209653253508373	0.194533104771374	0.0155501760059292	-0.57644151334432	0.185121159736856	0.336641059473262	0.0759678571400465	-0.346965806559047	-0.454924419749018	-0.126952944780869	0.113729727070991	0.0144452833443134	-0.0963884626646059	0.000418900385702118	-0.141527478731195	-0.0147283085195198	-0.0447324391610125	TG 56:7 Isomer A	darkturquoise
-0.614082237495759	-0.520068296648034	-0.704331343807948	-0.222154217420639	-0.16468517388546	-0.134973297910108	-0.0691626639168044	-0.433029454259209	-0.0483112120189517	0.0162303270034822	0.186312815675004	-0.131664553838669	0.435817741279045	0.938902980790683	0.712403398320251	0.586674641777609	0.376020754528432	0.373299339593128	-0.15276845333196	0.0766975613977836	-0.0519957269442303	-0.537862756797459	0.082961350870453	0.235793009856151	0.170679698429307	-0.454071808494806	-0.439421880139564	-0.165871765115761	0.0841385261616648	-0.167301621386873	-0.192138666437178	-0.0670777490472427	-0.211602466155727	-0.0952926305727216	-0.110230233616044	TG 56:7 Isomer B	darkturquoise
-0.528076897377178	-0.483247443957633	-0.656453376818046	-0.129411351351532	-0.133434636969549	-0.0591638418675817	-0.0215553697083167	-0.357784942423728	0.0618850547890711	0.006394888009619	0.129567632788204	-0.229571242028291	0.346761293159543	0.919547512057259	0.610826483704619	0.443430059970028	0.308576507166145	0.483346865979018	-0.217880933931926	0.156445317559956	-0.0149331734842506	-0.464857262848659	0.101890546245777	0.277925142124416	0.0549355567946455	-0.403905394659128	-0.482846060548114	-0.136804728596933	0.0178517946065701	-0.209071755481948	-0.248926168150879	-0.153404301377359	-0.234191551437881	-0.196460998620178	-0.125735345356643	TG 56:8 Isomer A	darkturquoise
-0.0317477332069913	0.0417590390297274	-0.0396942945322147	-0.157917900482949	-0.316372949649474	-0.265636381730581	-0.0213746256551021	0.14173876616339	0.242845215530879	0.509610197890781	0.929864730450737	0.337645984025034	0.419624317942137	0.205364776744989	0.296417241749846	0.612836728252874	-0.286699597929351	-0.0219549716851601	-0.116467075918814	0.071659908769666	-0.162434865766166	-0.102873383174622	-0.273844964851402	-0.134130955788464	-0.241948481738302	-0.305826318680812	-0.236772292578144	-0.396942648292766	-0.307970393959988	-0.300406122602743	-0.221718766522345	-0.366670739553147	-0.263926960337926	-0.229431526805565	-0.189709595650696	TG 58:2	grey60
-0.0706720605234423	0.0474313995753564	-0.109433474836895	-0.0728447822446872	-0.313492496652627	-0.269380139061192	-0.0928619171923288	0.110524055752736	0.0734597724402204	0.325399671985459	0.807167993125745	0.263101640530614	0.272814343376708	0.335530568025909	0.36243046230355	0.542518786202351	-0.15607331990118	-0.00937070453132714	-0.180213722723523	0.228355054809855	-0.0893585005372279	-0.168070546028753	-0.208036722678775	-0.0292754641665116	-0.166590876863846	-0.269974182130283	-0.271295614157413	-0.41273483983772	-0.259659531869887	-0.341348946605642	-0.249784805306753	-0.356163585346867	-0.349849502900453	-0.318867373644113	-0.135291866586841	TG 58:3	grey60
0.20024288134042	0.419207705392753	0.12717382381588	0.00661495641477281	-0.102463030968847	-0.15025911853826	-0.0193860434718648	0.304954436892522	0.186046666903794	0.301510150459611	0.530288369096632	0.332018357127479	-0.0154720539348908	-0.00520086046832995	-0.0429543115782282	0.0370886630782363	-0.107569510930299	-0.158211322910936	-0.084756569551717	0.058903851388285	0.0136285545611073	0.0735695964457194	-0.229304838223311	-0.209157167125746	-0.28031774205486	-0.061516923057388	-0.0722973569274399	-0.36491303104405	-0.249797064685685	-0.240501887366894	-0.158453376939733	-0.314770728928226	-0.135918628754717	-0.108323591447708	0.0530919942102827	TG 58:4	grey60
-0.564708482359599	-0.444640517883126	-0.688147830665932	-0.206414723138302	-0.198344532456352	-0.199392003464236	-0.0503800589844869	-0.443467608797066	-0.156744870208066	-0.076153211532949	0.170656776209945	-0.1316696957603	0.294799231894892	0.93128309396079	0.667297871076945	0.56398874927999	0.369989489086991	0.419299354582673	-0.0470486697504849	0.149485027096125	0.00125377286013348	-0.449308838426181	0.143248885448806	0.251460621880506	0.111246778253028	-0.379285872500973	-0.408620891737833	-0.0982562719334717	0.105032605537197	-0.0379571621785187	-0.0997266413682552	-0.00772534508288543	-0.140020809824732	-0.06070908721068	-0.0413830371083941	TG 58:8	darkturquoise
-0.538773189472581	-0.375566393396824	-0.667691148276873	-0.12042453973191	-0.0913658665882436	-0.0481240092810886	-0.0196114623196695	-0.345120507977953	-0.0287222984518513	-0.0178901835122107	0.272245861967269	-0.108637464170937	0.338102416454963	0.912417566925314	0.655442948322691	0.553816775727587	0.310475239169644	0.387386863865179	-0.199030518913036	0.165033447364143	-0.145704544759441	-0.528800619179701	0.153416102286332	0.338534834193011	0.00135337334284764	-0.390786294467121	-0.527846926594537	-0.233585391711811	-0.0440885387859456	-0.100242045966784	-0.207778609115269	-0.126398804498293	-0.248225699342774	-0.194217992774287	-0.113874794532273	TG 58:9	darkturquoise
0.13420661267122	0.0622967890915585	-0.0641079282177469	0.0621068067120361	-0.32094934796393	-0.183582981382303	0.451707501798609	0.248708499257331	0.459139623597363	0.558782948998671	0.734430891524954	0.194946547362505	0.36537414910799	0.166943406887772	0.175485504140106	0.320108718133851	-0.336606930075781	-0.0980173876984885	-0.0370011448690575	0.349308781957826	-0.142741281074214	0.0212884948514047	-0.147506611872238	-0.0322619081767016	-0.557950993536502	-0.236144306344186	-0.218384888432971	-0.395627409085255	-0.521723327162354	-0.372960039345397	-0.409165380705295	-0.448470105732133	-0.445310194512922	-0.418127564712393	-0.336708843893113	TG 60:1	grey60
0.0893660008604898	0.170783229488726	-0.0448996747933874	-0.0541067726352817	-0.274776558503556	-0.233432056345921	0.184901307705743	0.163680653528713	0.33228456602769	0.555931937727775	0.888531289885757	0.293847610287997	0.322247734678461	0.200031092414153	0.245044393731084	0.451288554197526	-0.382982411390103	-0.0438457943017028	-0.0752417921658938	0.277946513426775	-0.0875389548672204	-0.0191188025867236	-0.24643627766205	-0.0568935107850031	-0.368562442651154	-0.227710768971166	-0.25044235297886	-0.468325414578634	-0.439028357027773	-0.340476154885028	-0.392912680394998	-0.450128770931098	-0.3107471483737	-0.265853395707539	-0.264233367122147	TG 60:2	grey60
0.157156580990417	0.101248537166917	0.0497472008186546	-0.0304758834384457	-0.311238959475165	-0.215375283956406	0.116007666052405	0.238949651865031	0.324468118915164	0.427373651839321	0.823979188395305	0.185974113294861	0.17499149595569	0.154385138725513	0.149977405613666	0.27762137680777	-0.384052755477044	-0.0691271456595032	-0.249847563943006	0.334173178343548	-0.0142751001343292	0.0673585400140258	-0.195612853461287	-0.0324839331613956	-0.336227442922361	-0.205321866134774	-0.179236170035205	-0.403402550681736	-0.413001804684517	-0.424959122246843	-0.320561566979715	-0.48363208711971	-0.417381734987108	-0.398173094153966	-0.201924823057202	TG 60:3	grey60
0.0222316215709378	0.112701143401088	-0.0751808553184543	-0.226691633225922	-0.311849514161483	-0.324967274831205	0.09749286926148	0.0945601171289815	0.244027556365524	0.458261029683978	0.86158807366251	0.315327028986839	0.297814399087226	0.150884101413367	0.290935925205809	0.488131136679311	-0.278055743206775	-0.0815427749271454	0.0106545221642439	0.165168261227802	-0.0595014074608045	-0.022972257116079	-0.212043711973762	-0.092279607508616	-0.300546998743735	-0.220961569574841	-0.198957858690128	-0.352642731599457	-0.252492579315311	-0.248114444473454	-0.215011336057148	-0.318951217870241	-0.183742034644212	-0.170238349126302	-0.209285115323902	TG 64:2	grey60
0.404276497482972	0.353511963127547	0.355847765896388	0.229940987554679	-0.115601437790501	-0.0528222472129544	0.0612788775300143	0.582996126122986	0.202340544808378	0.157851958409135	0.192752236212592	-0.0459182604729252	-0.346756166366012	-0.371930219584393	-0.533561170061748	-0.35104963048596	-0.193893787515487	0.0700475700336018	-0.049118913891575	0.211512530589231	0.107891330367867	0.486990735999986	0.0572028997449245	-0.187982426391946	-0.32856257492254	0.134547685917894	0.0730197127859537	0.0774901917118066	-0.14528786673197	-0.0488648766715139	0.180667682171088	-0.120369075621175	0.0358970320842506	-0.0796450373003674	0.270199807847687	TG 64:3	grey
0.285098037914522	0.104620810812195	0.359510244907957	-0.442050630314763	-0.195940256060315	-0.233978778703074	-0.0636516574853212	0.0103360995050208	-0.225717043228006	-0.352949306891149	-0.109322678068352	0.427865912636797	-0.155286145910412	-0.337894411322826	-0.160369411791244	-0.107457320496534	0.00817107951095906	-0.339695833740265	-0.0161191146489222	-0.35300894862116	0.18261135929473	0.310117944756887	-0.299890349111173	-0.300211732940296	0.171925042255063	0.503566426166519	0.590655050085304	0.189651161628494	0.140081452485935	-0.049987142136854	0.18920090877937	0.0141298993429536	0.326012139236725	0.135763602382552	0.273074276588159	trihydroxyoctadec-15-enoic acid	grey
